,z
TGFBR1,0.2868118769689973
TGFBR2,-0.6092850669587211
SMAD3,0.07034444494040282
TGFB1,-0.31844854488722607
SMAD2,-0.9770437820560129
TGFB3,-1.7555636998554047
SMAD4,-0.18416819503326798
TGFB2,-0.44830995651794275
ACVR1C,0.10789401864885473
SMAD7,0.5173745555577827
ACVR1,-1.2835369261154657
ACVRL1,-0.9488349037008567
ACVR1B,-1.1066458430233084
BMPR1B,0.413322169113787
BMPR1A,-1.0220979189402208
ACVR2B,0.36976481087299956
SMAD6,-1.0844025261415466
ACVR2A,-1.0386339146271955
STRAP,-1.333527169997609
SMAD1,0.02565327032212693
SMAD5,-0.7248600837127375
BAMBI,-0.8141414400692195
FKBP1A,-0.8931716534549501
BMPR2,-1.0993743875328965
SMURF2,0.37768720900320313
ENG,0.5828515144992181
CD4,-1.4179970128869972
SMURF1,0.6870554461674493
TGFBR3,0.10829760137735026
ZFYVE9,1.8306073741589186
MAP3K7,0.5568207693000077
USP15,-0.11561864538782493
CGN,0.5627306704495113
PMEPA1,-0.1568941128576988
TRAF6,-0.7732671249848045
FBN1,0.05084148242271806
ACTA2,0.7251505795025467
PARD3,-0.12419735433464989
MTMR4,2.87769380810119
CAV1,-0.9922765115283604
SNAI1,-1.2864666099992816
TMEM119,0.5590569427251649
BMP2,-0.9539664970228796
SERPINE1,0.22824974518445632
PDGFA,0.1510005371316378
AMHR2,-0.9623350698166981
SKI,-0.3993679470247286
SNX6,-0.8601182329544094
ARMS2,1.7734641797922548
NRP1,-0.7360058951598677
DAB2,-0.24840280936595857
PARD6A,1.3374459596281194
P2RY12,-1.2534341193567782
INHBA,0.009372127055313767
PRKCZ,-0.7438856339032537
COL3A1,-0.09177767232230982
USP4,12.65443922800593
SLC16A8,1.056883567026402
COL1A1,-0.6741106188640461
ALK,2.3642726604396263
CD44,1.6978086588895307
IGF1R,-0.5960215888871577
SLC2A10,0.2911480754654153
BMP7,-0.5052726197098831
TNFRSF10A,1.1337898201980574
LRG1,0.7656673549162197
MYT1L,0.785812308601083
ID1,0.5959606439210943
FILIP1L,2.846310783141484
ITGA11,0.3181581855695724
TWIST1,-1.2013864408310457
PLK4,-0.20612243720815057
GPR34,-0.7321434589502475
ITGB1,0.1631133492523003
PIK3R1,-0.7226218126297382
ROCK1,-1.2211520723219735
INHBB,-1.1919744846618763
IKBKE,0.6705192495234098
PRKCI,-1.065840922228295
MYLK2,0.8889364208873234
FKBP1B,-0.9297604000178796
SMAD9,-0.21950046821888194
ITGB3,-0.6277894262239192
MELK,-1.4340211528258215
PIM2,-0.4545237039651892
PRKCB,-0.7562145487795223
GSK3B,-0.9873738416211055
CDH1,-1.0222152885499889
PIM1,1.3352971394244915
EIF2AK1,0.5773813908515094
MAST3,-0.5188873852726531
INHA,-1.3766729795761505
MAPKAPK2,1.0925239055760345
PKN3,1.5412504324181933
MAP3K8,0.9981102866817212
MAPKAPK3,0.35281828296083895
TBK1,-1.3737339114508524
HAVCR1,-0.3828972312724028
PROS1,0.9916538637481077
KCNK18,0.10474054532718027
BMP10,-0.6029121070778736
STK38,-0.5568056685961469
LATS1,-0.5670867408189828
CHEK2,-0.1570115848670447
LATS2,-0.23068684682749005
PRKG1,-0.5661436177039022
VEGFA,0.9596966163928858
TNFRSF1A,0.8105422914562138
TSSK6,-0.5117453762002319
GDF5,-1.4444794263768999
PDGFB,-2.0401750273212564
GDF6,-1.2654165086359557
VPS39,-0.1168603311696637
TSSK1B,-0.5779398328657065
MAP3K14,-0.7548941304062545
MARK3,-1.199661013700462
ITGAV,-0.984530093572841
IL20RB,-1.0868025471979017
MSTN,-0.11110406739110651
CSNK1D,1.4521425320830152
MAPK6,-0.7277883635482153
PLK1,-0.46299138506544135
CSF1R,-0.5806198996476425
TRIO,-0.785308587287676
CSNK1G3,0.5383616598813089
FBXO34,-0.7184062133142382
TGFBI,0.7252576705124112
SNX4,-0.5275994773073294
KLRB1,-0.7768329255032439
DYRK2,0.064112555853672
CSNK1E,0.671129182478109
MAPK4,-0.5197122071411022
ICAM2,2.8320121113255134
GML,0.6087462762791052
MYOC,-0.7398149773726866
HSP90AA1,-1.1186285349674492
TGFBRAP1,-0.8908942762466613
ITGB8,-0.1580336530658866
GPC1,-0.3222427905573591
GDF11,-1.1142779176790993
RHOA,-0.6016153655879888
SPTBN1,0.23089064587561994
TAB1,0.6641955260291853
TAB2,-1.322264131689344
UBA52,0.6042164154725437
UBB,0.59399441783697
UBC,0.590420559125181
UCHL5,1.434106321867949
WWP1,-0.19275974395348816
XIAP,-0.3053172324882499
YAP1,-0.41290398000266176
ZFYVE16,-0.8941930476612022
RPS27A,-0.08116852619666214
RPS6KB1,-0.9774846737024965
SHC1,-0.7599569645677114
NEDD4L,1.4004486645695564
PML,2.5132871388285674
PPP2CA,0.6963685734048429
PPP2CB,-0.8596869911842763
PPP2R2A,0.2349486803840386
PPP1CB,-0.5076789744987806
PPP1CC,-1.0536686402381863
PPP1CA,-0.02001507323449338
PPP1R15A,0.6581275652629377
OCLN,-0.46939868653815187
PDPK1,-0.8875312268658967
AXIN1,-0.36652256698702096
CSNK2B,1.9381025533590142
F11R,-0.04730540473011469
DAXX,0.3029959101464528
CTNNB1,-0.7729012090681059
ARHGEF18,0.26005311021256056
AP2B1,0.03669698703299647
PAK1,0.14885925471846034
RASD2,-0.4569103815425969
SQSTM1,-0.45301366389253106
EPHA2,0.011798327231869158
ITGA5,0.3001206355662896
TRAF4,1.562992068095322
DLG5,0.08881305157341965
ITCH,0.2459957950729984
SMARCAD1,-1.1816715273383986
VPS4B,-0.6259642278353394
FNTA,-1.315955746458678
MICALL1,-0.4345451305885778
PPP1R16B,0.8010071041862264
HSP90AB1,-0.7120274490315545
NDUFA13,-0.35287940780888066
STK17B,-0.5675163776773772
SCAMP3,0.1493024418888326
SSR3,-0.36816222414840744
HEXIM1,-0.18736787057861315
ZBTB14,-0.5688756835012082
GOLIM4,-0.8492399545249681
INSR,-0.3829935359044889
CCND1,0.1289473179821395
PSEN1,2.3829780986570643
ADAM10,-1.3093265816032447
ADAM17,-0.7380932806222861
JAK2,-1.107169333897368
SLC2A1,-0.22928586634457185
DLG1,-1.1432224832695308
CTNNA1,-0.6935955263606559
ACTR2,1.4313559164012972
HMMR,-1.0142508362910256
BIRC2,-0.19510588776024948
MAPK3,-0.02193081490017736
RAP2C,-0.891090351351387
IKBKB,0.545831906848035
PARD6B,0.2884740393035762
CDK13,-0.2808792163624606
CDK4,-0.5444340527642275
PIK3C2A,-1.0507900110529995
HSP90B1,-0.21938244296073092
GRB2,0.05855436161681652
PKN2,-0.888554569689519
ERN1,-1.1028896119228173
RAP1B,-1.0268462359256405
FANCD2,-0.8570220052571123
ATP1A1,-0.49385420842646827
KRAS,-0.723569109596328
PARD6G,0.45908423644088564
CCND2,0.23062627166465932
STAM2,0.05211423642975993
FZD5,-0.7148495397078621
CBL,0.4344339385717451
ITGB2,1.3561071198918675
CHUK,-0.21043638489590694
LRP6,0.1706670681508791
SYK,-0.2135764606180452
GAK,0.377706313069153
SNX27,-0.61491559113792
CLIC4,-1.1530499496831903
MAP2K1,-0.8518972374061824
MRPS35,0.8607056484993112
USP14,-0.19320498431125005
MAP4K4,-0.6517308716330754
APP,1.6002754018970007
CLCN4,-0.5789252082345461
SH3PXD2A,-0.4527657309411339
SNX13,-1.1338670105289523
STRN,-1.2078316870226822
CRK,0.4593653729257332
SPPL2A,-0.9836864563588035
RAP2B,-0.9880708156616068
CANX,-0.705537044767853
TLR2,0.19557190193397814
CCND3,-0.5776159518248799
SEL1L,-1.1505917199931543
CDC42,-0.03792079618943163
GNB2,-0.48775046723968923
SDC4,0.8775099645583112
KDM6A,-1.2285754203152695
GNAI3,-1.1447034781063474
BIRC3,0.45747027407346225
MAPK1,0.021859624664191453
PDCD6IP,0.22892951306298429
PSEN2,2.582295965720055
FLT1,-0.5228795544658568
TAF4B,-0.7298625976977092
RAB5A,-0.959841602838153
CDK1,-0.6338640912415906
NRAS,-1.0842919021478659
AGO2,0.12826906707649263
SCYL2,-0.7734859535229696
GNB1,-2.0075295598490888
FRS2,0.9135648966188818
GNB4,-0.006874741707552104
NFKB1,0.5070810007515031
RAP1A,-0.5144496008121208
NCSTN,0.3624633172115914
RLIM,0.8083071751982351
AGPAT2,0.5399202293321304
PPP1R12A,-0.5861550557577113
HSPA5,-0.824925295922612
SDCBP,-0.6641772035103223
MAP3K20,0.14946524787313623
PTPN11,-0.6380897277475192
CLCN7,-0.6957380948057588
CDK6,-0.9772020244070082
ATP7A,-1.24144892370572
PGRMC1,-0.5872655406051148
MAGT1,-0.44600451319858053
EGFR,-1.1930626853133621
MAPK14,-0.26406930000317835
HNRNPLL,-0.4191650536012617
TAOK1,-0.614624705836352
PSMD2,0.264081336385416
APC,-0.7726971129743293
PTPN6,-0.23683631363180233
SCRIB,0.6663440850594056
ATP1B3,-0.16225868313699968
WDR1,-0.9871326692959913
PDIA3,2.9328028924061904
NCK1,0.32389306543155927
RAB11A,-0.19389774310965738
ROCK2,-0.25618928883173553
KIT,-1.063594876213043
CCNT2,-1.3987445900432
VPS35,-0.4280440173101158
IQGAP1,0.25964100375445903
RHOG,-0.9001470585948107
TJP1,-0.2378558688855048
DNAJC3,-0.7281699581320487
STT3B,-0.8844380461446109
ARHGAP5,-0.2589204265522022
AFF4,-1.1800842751348066
RAB8B,-1.0350070801857216
XPO1,-0.7827344999393642
NOTCH1,0.41424122788649104
ACTL6A,-0.2145830758743209
PKN1,1.5949506482623192
RAB23,-0.8832589852815529
EZR,-0.7229970636090698
GOPC,-0.004744761976791565
PTPRJ,-0.023228791368116314
SLC2A3,0.5231370665718938
PLD1,0.42176704251594493
MLEC,0.5329316818932572
B4GALT1,-0.6658462531156389
ADAM9,-0.528577466028626
DUSP12,0.3163657061877776
DDOST,-0.3747324093415836
SRC,-1.0521723491852335
FLOT1,19.031442966754575
TNPO1,0.16686193081646075
VAPA,-0.8047266611535716
CDK5,0.6015839119318469
SUMO1,-0.0498063435764115
SPAG9,-0.5062639284720005
MAGI1,0.00578502734164944
VAV2,-0.17469520780229025
AKT2,-1.067169142230961
FAM76B,-1.2854512854882651
NUMB,-0.268439860887735
CAV3,1.1031764866369274
PTPRC,1.0564076182405537
KIDINS220,-0.6225445245485286
TMEM30A,-0.8174937955741647
MAP2K7,-0.38150786334792824
MYO1D,-0.2853319079833614
TRAF2,2.440847869491316
PICALM,-0.6317838716045964
FEM1B,0.9718152367539515
IMMT,-0.20872903940742524
CDK2,-0.9483975840815624
CDK14,0.6471931575517301
CCNB3,-0.7956598682728468
MOB1B,-0.4920594777204525
CCNA1,-0.7101287850699061
HYOU1,-0.23717390770202837
SDC1,-0.15076818321293806
TLR1,0.4050089325591331
TREM2,-0.0910136976653181
WWP2,-0.5192144081354825
MIB1,-0.32981893149551605
PIK3R3,-0.6475560405457921
TAB3,-0.24712407266975522
RAN,0.0428509656129787
FAS,-0.33876399375219235
NOTCH2,-0.7876639920502515
JAK1,-0.1515353333332283
GNAQ,-1.3960706065176374
ANXA5,-0.3933590573432376
PPP2R1B,0.2866550182421221
WAC,-1.4668883370657317
SETD1A,0.014781237461399139
DGCR8,2.9792096971030735
RAC1,-0.015595586670846179
TFRC,-0.32754384033616524
NEDD4,0.4511192611064052
MAP2K2,-0.2963560507474476
RALA,0.72418644076986
KCTD20,-0.05771883785100964
BRAF,0.46817759807053744
PAK2,-0.6926466054371199
ATP6V1B2,-0.19254226702895394
JUP,-1.0482910216139378
CCNG1,-0.6631299531355664
CRKL,0.173211385659345
AP1B1,-0.1329472591849746
ANK1,-1.1123139487353964
AKT1,-0.5406844475665902
UBE2I,0.3750840216935238
PIK3CA,-0.6800145125525462
ITGA6,-0.5509837358787086
HMGB1,-0.6619450792620646
PHKA2,-0.7330595794298534
EP300,3.3723742714005858
ACTB,0.6028992819096061
PRKCE,-0.3353712375085315
RHEB,0.054898411080199605
SNX25,-0.6139260426400918
MEF2A,-0.5624151686316906
ARL8B,0.5098535255835801
CCNB1,-0.3959698496189214
ATG5,0.1482056961982069
RPN2,0.4183758777016588
MYO1B,0.25997244302435085
TRAF3,0.47011120025731484
CCNG2,-0.823586319467843
STAT6,-0.8027731133561147
VAMP4,-1.0579283511470672
RPN1,-0.6292053304793546
NIPBL,-0.42288673810368616
RBPJ,-0.20230828069098325
CCNL2,-0.9839830718621884
SLC2A4,-0.892236292376899
RAB5C,-0.31415649106224264
SRGAP2,0.8838162564247639
RYK,0.5683423198476089
SFT2D2,-0.46043904297853366
CSNK2A1,0.24724056407307526
FLRT3,-0.5859702944185973
FLOT2,0.31523268296574597
HDAC6,1.2987794841974245
BIRC6,0.2690423974264077
RPTOR,-0.20465379911925444
RAD23B,0.4138321253468508
BRD4,0.495307796675299
LPCAT1,-0.37615128226282163
STK4,-0.0826828009604817
IL10RB,-0.4847203840415867
RAB8A,0.6523275031140983
RAC2,1.1160069590107613
SAMD8,-0.7909395248788116
MYO5A,0.10306036712287234
PPIG,-1.374113690742757
PUM2,-0.2234315673881195
PIP4P1,-0.41496892722770284
ATP2A2,-0.8138346960303242
CASP3,-0.47008837183473984
E2F5,-0.8431779367782831
ICAM1,0.18815718777290114
SPRED1,3.055994123949329
TJP2,-0.1598113075324413
NPC1,-0.8647601289773246
ABCA1,0.11813529492148517
VDAC1,-0.4287739981816377
RBL2,-0.3053698918463762
ERP44,-1.0273725351400749
ADAM15,-0.06669174884981506
RABEP1,-0.5470602705681661
CCNB2,-0.7544533073388686
PIK3R2,0.7651913823316809
P4HB,0.22976290740849137
SNIP1,0.9559394198299558
DLG4,0.1126904321119908
RASAL2,1.6314818508188604
MDM2,0.9399077623927028
PTPRD,1.9124335736136686
RAB11B,0.9973820970113398
NR2C2,1.9514597112122944
OXSR1,-0.08597070833832894
ITGA4,1.6917171642547557
ANKFY1,0.3311968434779334
EXOC5,-1.1173749414060776
PALS1,-0.609123224218908
EIF2AK4,-0.1483003881293611
IFNAR1,-0.49290206450712365
CUL1,-0.1893955102449034
FURIN,-0.9411475007137585
MMGT1,-0.2216143185381536
PSMD14,-0.2307768002943321
FLNA,-0.15391146203471828
EMC1,-0.1773132862575152
YIPF5,-1.1577489496252598
SOX17,-0.5523880989755288
VCL,0.14457839379302162
AGO1,1.1127313325126282
RALGPS2,-0.12268042186934991
ACTG1,1.4524762889418805
PPP3CA,-0.25451678895745145
UBE2N,0.6086042025580688
ITGA3,-0.02557721457336805
SNX2,-0.5238028216064299
RASA2,-0.6168659078411032
ANK2,0.26160746214721986
BCL2L1,0.5210765862559206
AGO4,0.8065667369070263
PIK3CB,-1.539137553596805
ZEB2,-0.39903175392514734
BSG,-0.38285611440491285
PPFIA1,0.6251391451120465
ILK,-0.17392043994950598
USP9X,-0.4165894662077544
ITGAM,-0.10562051851269372
ERBIN,-0.3712333848017924
CSDE1,-0.9245906125803549
VDAC2,0.17628737832967936
E2F4,-0.19065046003496705
RBBP7,2.398240850411959
MET,-1.201739922789465
TLR4,-0.2770782914021982
RAF1,0.8128861402661818
CTSB,0.5181552005601094
NLGN3,1.9674108007092743
UBE2D3,0.8719201924978979
MED12,0.26230158037658774
S100A11,0.41513505375679316
GNA13,-0.003670333065070049
KDM6B,0.27365637137458837
YWHAE,-0.6484590667295068
HERC4,-0.2697324124096249
NCF4,-0.8268659446218761
CISH,-0.787710292489735
ATP6V1A,-0.928800874444569
PTK2,0.7804559205937347
SPIN1,-0.35630541921999825
HDAC4,0.7407011536445507
RHOB,1.755432925597678
ATP2B4,0.034820667168104176
RASA1,-1.0550863086146565
GLA,-0.795405942894707
PXN,-0.46774474990506676
DNAJB11,-0.33536653637204394
MOB1A,-1.1925070752233453
ITSN2,0.07183544830493857
F2R,-1.2117482997233684
RICTOR,-1.7255058049652316
NMD3,-0.6453197549387854
BCAP31,-0.4761118761256845
SKIL,-0.609706610709879
RUNX2,-1.3656936310194696
DACT2,-0.03386783651677895
CXCR4,-0.3781659909627311
SP1,-0.6855211359991837
CDH2,-0.06654098674706513
SOS2,-1.1361508082785627
ABCG2,2.7415833633215234
USP11,0.613279534923832
THBS1,0.457825917687963
PTEN,-0.5072816765893352
EEF1A1,2.5797267308164518
YWHAZ,-0.2457277317656491
KEAP1,3.059941562223059
IL1B,-0.8165410353324354
IL13RA1,-1.2441309794319084
RAP2A,0.10948150773023042
IGF1,-0.544169456615999
HIF1A,-0.06149727457295655
JAG1,-1.265152963768527
RNF111,0.5015236636909701
CDH5,-0.08597040276711333
MAP3K1,-0.8927292308687498
MAPK8,-1.175891647504839
HSPA4,-0.7273595241095369
TPM1,-0.35176876921344935
TSC22D1,0.36680269987931013
HGF,0.31551522704063906
MAX,-0.816039509606782
CHSY1,-0.13588911311921045
MMP14,-0.4809220301927799
RNF11,-0.8817435622166724
SMO,-1.1892277168451215
PTCH1,-1.1288420946593944
CLU,0.008280050297766163
APPL1,-1.3741751965101388
VHL,-0.9605544244523282
OTUB1,1.2616135702288962
PLAU,0.05709546030338504
TOLLIP,-0.5882490702087186
RANBP9,0.252954340565444
STAT1,1.0856382885447986
TIMP3,-0.41089993727780366
STAT5B,-1.6043384389826651
RASSF1,-0.26264822757472656
SH3KBP1,-0.7793093176920046
TGFA,-0.4366226375305748
ADAM19,-0.8764245949664938
PEG10,0.2360368073444329
USP2,0.6641817868645541
EEA1,-0.7908689618322765
RUNX1,-0.18873986061268894
NF1,-0.15960190112656605
CSF1,0.333444654461763
ANGPT1,0.4928813733385035
TP63,-1.4167093034932052
ARHGEF6,1.3507962036372052
PRRX1,-1.198682131159641
ETS1,-1.4657016920737151
KITLG,-1.6875530213132948
FZD1,-1.3308078862593946
FZD7,-1.073732565244404
IFNGR1,0.1705357064839565
MAP3K2,-0.47639819068521416
CSNK1A1,0.05811487421153778
CXCL1,-0.0619635599457132
ALDH18A1,1.097908277210351
RGS19,-0.5431939130066432
HDAC1,1.1201054315175885
CYBB,-0.46577555162202006
MMP12,-1.1475606113301278
ADAMTS5,-0.8111616945044333
SETD2,2.477492591070247
LIFR,-1.3230050669256408
APAF1,-0.6145410827347251
DACT1,1.0015918534004145
SOCS3,-0.004996313431376566
GOLT1B,-0.5880946759703257
FGFR1,-1.4258523186340926
LDLRAD4,-0.5764799868285955
RET,0.27225555954417086
SCARB1,0.07716423528159896
RHOJ,-0.620993765439222
LAMP1,0.22232332434032623
FOSL2,0.17368174845824388
CXCL10,1.1816392273714567
STUB1,0.042351425035288895
EML4,0.7135846448059648
CFLAR,0.8536444346107349
CXCL5,0.47731946606324815
SCARB2,-0.3038040405814361
HIPK3,-0.9024744719602703
NCF1,-1.113894251748815
CCN4,-0.7735552109550015
VEPH1,-0.332470745211074
OSMR,-1.034848349023158
TNFAIP6,0.4493480732102049
ATF2,-0.7537923542170789
PTCH2,-0.9226560489608678
MEOX2,1.5646982958118283
SOCS5,-0.5057692981559195
CD86,0.42702585816794725
SULF2,-1.0152380323453132
TTN,-0.42940334331211233
MAP2K3,0.4998380573340825
MAML2,-0.6974888603333801
WWOX,1.119560800637321
LEPR,-1.45249973823429
STAT2,0.47064639171573475
ARID2,-1.2330948318853932
AKT3,-0.18621368323317303
DSG2,0.45851763606318663
EFNA3,0.03387666314143738
UBE2Z,12.639989568156153
IL6ST,-1.1234465967986518
PHTF2,-1.0685332139932062
FBLN1,-0.23967694682917856
RB1,3.472843052304108
HGS,0.7919563785684919
DAPK2,-0.18436085302489338
EFNA1,0.050594705759902124
CSNK2A2,1.2348629586793054
COL15A1,0.4946304038822774
UHMK1,0.5914626474424617
IRF7,1.6192789766778777
NRP2,0.5382281109490955
CASP2,-0.4468820870159119
NDUFS2,0.42426748429145567
CDH16,-0.269771666553533
FOXN2,-0.8703694809399473
DNAJC10,0.8085017037728901
CALD1,-0.40318825860093666
CRIM1,-0.6952395863511948
NDUFS8,0.07574772050809596
CSF2RB,-1.0042451681875348
CXCL16,0.014514179466115114
MME,-0.7266213960065918
HSPA8,0.27573531826247577
IPO8,3.004065828736451
CSNK1A1L,0.021885230166176974
TNFRSF10B,1.5435754710490877
HSPA13,-1.533721697240547
TRAP1,-0.01624117278315722
DAPK3,-0.7737857123091036
ARL5A,-1.328129831018737
GNB3,-1.2437314809205113
RPS6KA3,0.06800051930818485
CLGN,-1.015162612020574
SOAT1,-0.9450138018339791
TMEM43,0.02050613997617248
LPAR1,-1.535766106066579
UBE2E3,1.728118800225667
UBE2W,0.9855925585849858
PPP2R5A,-0.22697028518750434
NDUFS3,-0.3612795698488746
SOX11,-1.2668810744653154
RAB14,-0.5975509381522911
HTRA1,1.0681937741194487
NDUFB7,0.4814076631395233
CGGBP1,-1.0359980937629956
CDK17,-0.6279055726098606
EFNA4,-0.6839781361065593
OSBPL8,-1.3714405059747978
DUSP6,1.122302135946826
ARL4C,-0.5031488133789894
RRH,-1.0154656999918916
STK35,2.414537755968389
TTPAL,-0.5718966788476966
PLEK,-0.190445348995295
ENC1,2.7882880272998536
FBXO24,-0.6451665038103372
DUSP10,1.4303878956639557
STYXL1,-0.2200054989508702
WDR13,3.467561897108137
CDC42EP4,1.5023670693358453
ILKAP,1.3762059059864877
PLEKHJ1,-0.05978375832407609
RASL12,-0.5701265414940069
NKIRAS1,-0.5531341561868747
PLEKHB1,-0.6028430785523095
NAT8,0.5250066867009583
DUSP13B,-0.6711508842883668
FBXO3,-0.4741229091048004
SNTG1,0.350312321792919
PREB,-0.34375805044260294
KLHL1,3.509021696619315
ARL4D,-0.47997799251726797
CHN2,-0.41068426935958374
RAB25,-0.8466723543951644
RTKN,0.8396973872443627
NUAK2,-0.38848583407171033
RAB34,-0.8423073477182078
ARHGAP31,-0.5662818019362121
ARL13B,1.2759416936392813
ARHGAP15,-0.4449109139757834
DCAF12,-0.290807532198103
TSSK4,0.6788442879874232
PREX2,-0.3478653244237742
CDKL1,0.28612250262120237
RNF138,-0.3370772507318784
SAT2,-0.6727415200157518
RNF130,1.630175957395077
RHPN2,-0.7074600380827845
MYO3A,-0.8224370308326308
NOXO1,-0.767270118771779
RHEBL1,0.07762751392891791
OSR1,-1.055209671064958
SKAP2,0.1838138279785637
CHN1,-0.4850938587637776
RHOD,-0.8185054192367988
SOCS6,1.1851625016374117
PPP6C,-0.42777841465750777
RHOBTB1,0.5268738997279298
TNNT1,-0.05326519502304371
RAB3B,-0.781147076867316
BCR,-0.08179819606851993
UBXN1,-0.4315481626504841
ITK,-0.5784777169237821
CDC20,-0.8067980580673062
ATG16L1,0.5619130692830279
TTC27,1.4044654748474812
USP45,1.2145000085631548
NEK8,2.105102005667939
NUP37,-1.2817952748689017
DCAF6,-1.0075105463700975
GIT2,2.5484195206798623
RHOH,-0.3077188387093513
LIMS1,-0.9986786109047139
PPP3CC,-0.29201769382001763
NAA20,-0.037179169958456805
RAB38,-0.7241411163151866
RAB13,1.3170325751627412
FBXL12,-0.27534235157785747
ASH2L,-0.47615495348874476
ANAPC5,1.2430487292859365
USP21,0.18980192090971262
RPAP3,-1.1254302359011177
MKNK2,0.36999615013114684
NEK6,-0.35905894946027656
RAB6B,-0.5972128654459791
RNF146,-0.49421760862497127
FANCL,-0.5852568326915433
STX8,0.5245953040817773
WSB1,0.48290897236261493
POMK,-0.0939301815691506
FBXO44,-0.16362350964461195
RNF185,-0.8539201572362282
TTC1,-0.3853461112956504
FBXW5,-0.05242491345801908
WDR33,0.633438136805941
POLR2J3,0.15394214220085412
SKIC8,0.5349456863873573
RAB33B,-0.9782086139171746
RNF5,0.643615175703567
KATNB1,1.5943131688841528
BTBD2,-0.10148522561942391
PRPF4,1.5914996545480464
PPP2R2B,-0.7531099588884657
AURKB,11.617095636323903
CUL5,0.014334970879563312
UBD,1.8598968692883482
HLA-C,1.2924652596732342
HPCAL1,-0.5373911786939556
INTS7,-0.9108554030654874
KLHL35,4.370034221630521
CPD,-0.41079287953340377
PVR,-0.15885542956177356
SGPP1,-0.7264398835345058
MYADM,0.9761513891977667
CYBRD1,0.7906378965560968
LNPEP,0.367806229350197
PRKACB,-1.814605044700017
PRKACA,-1.1031173041304443
PRKACG,-1.4471670040078886
ITPR1,0.061755286647936246
MARCHF7,-0.9090959912275413
CALM3,-1.3646463258015096
CALML4,-0.4438147672670141
CALML3,-1.083568922760342
CALML6,-0.35745750648156455
CALML5,1.5706788398253688
ZEB1,0.7329586797604732
TBX22,-0.8593007025938013
CALHM2,0.13844695780368624
NFAT5,-0.9047700112627036
FAT1,0.5288983652520481
NPLOC4,1.6512187508767098
CXorf58,0.7592566855816649
PIGV,-0.22281174289221378
RCE1,-0.22459024074998088
SCUBE3,-0.2973413179523803
PAX9,-1.4524687578344382
KLRG1,-0.07902157509452748
PCSK7,-0.6576718362597641
GDF7,-1.3065226897813043
EIF3I,0.12999900072956916
FGFR2,-1.5037430708114108
MFSD10,-0.935963577693927
KEL,1.2541160426051088
BMP5,-1.3747762099371004
MLH1,-0.01281796372431163
FGFR3,-0.19856989505349174
RPS6KA5,0.1482799853847582
GALNT11,-0.9335586362738945
MYNN,-0.7865178471383961
ZNF510,1.4673862321963487
MSH3,-1.1372934801316947
RAPSN,2.387242286459931
PRKCA,-0.8695647798243956
RCVRN,-0.9120153589510513
SLC44A5,-0.6444715418543542
PLPPR1,-0.2589650993239057
PRKCD,-0.0075141946650691075
SP6,-0.06087383525949755
FMN2,-0.1769232711265902
PRKCG,0.6633867368806186
SNX20,-0.5648507397960258
BMP6,-1.3964459925195163
TRMO,-0.16158127075480297
TMEM200A,-0.11195422383304862
KLK8,-1.065008135810794
DENND6A,-0.920966282066156
SNRNP35,-0.4582719589670618
FADS2,-0.8732295700031796
JUND,0.5498432378490907
FLI1,-0.06963976856183231
FOS,0.2525396008849397
FOXA1,-1.351994256917923
GATA4,-0.6702289122925769
GDF15,0.6217925389397551
SPI1,-0.7290042291858521
SP3,-1.1150369455013824
TCF7L2,0.21406704026902815
UBE2M,0.12038690949207122
NKX2-5,-0.4967619724813166
NEDD8,1.62726324549608
PPP2R1A,0.09237723474954648
CCN2,0.5971391433875034
BMP4,-0.9541966036752665
ERG,0.34822555336928873
EGR1,0.26816387435818045
ETS2,1.1883659792444692
ETV4,-0.9373835956913805
DYNLRB1,0.12298934075138417
BMP3,-1.0465785102273357
SPARC,0.26682212081703083
FSTL1,0.27827858781972853
NEDD9,1.02646522723861
EMILIN1,0.5130946811181065
LYN,-0.24351344311464307
DHRS3,0.2587588656411173
TNFRSF21,-0.41816243479386894
TNFRSF1B,0.6030213957794152
CD83,0.5571019569482766
HMOX1,0.13583726568860005
PRKAR1A,-1.530080196554527
SLC16A3,0.16826634799250853
ITGA1,-0.07960358999084069
IL4R,-0.0004676384335337624
AXL,-0.15261320678163592
ANTXR2,1.3559094843902262
MYOF,0.8979991317031017
IL6R,-1.2631426510988724
HYAL2,0.3546967921346143
CD48,0.7197144424619287
NOD2,-0.5373161835151544
MYH9,0.5662731057409766
EVI2B,1.7768196022865443
BTK,0.40382855403077816
CALR,0.05950929355746028
CAVIN1,0.24300270631271262
STAT5A,-0.395885812288398
ELK3,2.3807678304484217
LCP2,0.980663656477682
SELPLG,1.1570729132322648
CD58,-0.6411026054785902
RIPK1,0.5354688261818692
CD9,-0.37752302354989176
CNN2,0.16324193538987958
CTSD,-0.07588851580477772
ABHD12,-1.3020399332835217
S1PR1,-0.23569095901076922
CD302,-0.7221961590335404
PLAUR,0.2609830559597745
CORO1C,1.0213586227034006
PGK1,-0.07261871869464752
IKZF1,-0.6781580900943296
CSF3R,-0.20909541550022293
LRP10,0.08539599956377196
GLIPR2,0.37967556736992963
LAPTM5,0.0374534992585096
TFPI,0.49387528936716535
HLA-B,8.802545437001152
MSN,-0.7246569557213935
B2M,1.1512299891907394
TLN1,0.34065032867235545
CAVIN2,-0.47990569750358864
ARHGAP1,-0.681255957448183
SH2B3,0.7978433805760713
GNAI2,-0.11320893694921064
CD74,1.445830200459154
HLA-DRA,1.1902263324647975
PLXND1,-0.23331310245735207
PECAM1,-0.13401147633098262
ANXA1,0.18098418220077042
FCGRT,0.4214423424321681
TNFRSF14,3.121219223290837
S100A10,0.8017654491098666
KDR,-0.2443583954434809
TEK,-0.5847335787296835
PDGFC,-1.3661660091056858
TSPAN4,0.8061772438110116
LPAR6,-0.9296728692856161
CD40,1.4730857707141816
RELT,-0.5788993691323951
FN1,0.7808037738075249
DYNLT4,-0.9879680232774203
IL1R1,0.009833503583036363
MYC,-0.8753693472114364
PDGFRA,-0.19069106857912016
LGALS3,0.33860152569218244
STAT3,1.185292991127932
JUN,0.11792917749279128
MYLK,-0.9221255379944492
LOX,-0.8393025563819667
ERBB2,-0.9792148761573475
CRIPTO,-0.053471231880255224
NLRP1,1.2198594701868621
TERT,-1.1027673883229825
CDC6,0.0951648722310477
TM4SF1,1.1256004441759897
SPSB1,1.4498447829692047
AXIN2,-1.154265158580807
LTBP2,-0.1744064749220227
REEP5,-0.49300096574937025
CASP8,-0.6006107348920704
CCL2,0.29566246546248415
EPAS1,0.25457199719949397
TIMP2,-0.043547649310541434
ACE2,-0.7055242964531125
SIN3A,0.583089861307981
PTPRS,1.7467424958617344
COL4A1,-0.0642548561040724
IL1A,-0.513453795360031
BTRC,0.38891709538605695
PLEKHH3,-0.5023152907605355
MFAP3,-0.5915718673660706
IL7R,0.9103691968519281
COL6A1,-0.6314268206353624
CASP1,1.6649813146034604
ELF3,-0.890079314378001
SBF1,-0.5727043585455635
CD59,-0.7431554339168894
MCL1,0.4014636051060724
FAF1,-0.9134101887136973
CTSS,1.534411945095054
PKM,-0.17705923646017957
ENTPD1,0.6858240468994589
SIRPA,0.03318284544387861
MAF,0.8829881902085873
NR3C1,-0.9723026096436855
TGFB1I1,0.16096839102273972
WT1,-1.4740360439258016
SEC63,-1.6150092274733987
IDH1,-0.30408020603495467
FANCC,-0.8142422483940691
NFKB2,0.24463777735666428
PTPRF,1.7552148287041494
IDH2,0.06780004204431428
RRAS,-0.7298794336496403
CCN1,0.5297794644347033
CDH11,0.18617426126849262
UBE2H,3.1147754020290184
DUSP1,0.30564418406317256
C1QA,-0.4241131837985073
PPARA,2.4101881828645633
AHNAK,0.6671297323025394
LAMC1,-0.33395616509012493
TGM2,-1.0453336004951894
KLF6,0.8119977322244236
COL6A2,0.06334544873490389
HLA-E,1.3085891129951168
VCP,0.43630301412209366
LAMA4,0.1360177703330264
UFD1,-0.21946450232065065
NDFIP1,-0.27950989078443
ITGB4,-0.41460323000834026
KLF3,0.6748441914697857
TNFAIP3,1.107758352410158
KHSRP,1.8815380593046478
ZYX,0.7527437525625695
PRDM2,-0.6186558463000219
CYLD,-0.3187198276768107
IGFBP7,0.14913005470769872
ACSL4,-0.21330626914706133
CEBPD,0.7000354163718449
TYK2,-0.31889438145969023
GPX3,0.188672224059889
CAST,0.2832165557885785
CD320,1.2193109026677218
DUSP5,0.7485339208907706
RBMS3,0.9827287920912066
KAT2B,0.4867899174500708
CDC5L,-0.1281141324023976
YY1,0.4574522366865698
TNFRSF12A,1.0980388906332377
HEG1,-0.647091584398431
LRP1,-0.24843634417891747
RPL8,0.8011870478732916
MALT1,-1.0414409757648722
TXNIP,-0.3558305922354317
CASP4,2.0489891043589417
PTPRB,-0.8052122403683525
COL18A1,-0.07088027415471396
EMP1,0.8104583606610458
ATP2A3,-0.344372499848895
CAV2,-0.5429146124729752
CD46,-0.5126078252687474
IGFBP5,-0.39901052082300303
CTDNEP1,0.41256970331828474
CXCR5,-1.0953912078113561
GEM,0.5098347215018666
PKHD1,0.47806545429445224
LSR,0.19986663232153654
RPS6KA2,0.30535764673721455
ASPH,-0.13855463191627165
TFE3,-0.6935165284304727
NCOA3,-0.6509688184638596
SEMA3C,0.4819674861699867
NFYA,-0.534013425186338
LAMB1,-0.2007624399549498
PDK4,0.17550103930058886
WDR44,0.08225938110829487
MTR,-1.0132399874969609
SUV39H1,0.29464146415951253
RPS3A,0.15793677458094318
NELL2,-0.3315054404841241
NID1,0.15883784439497636
TACC1,0.581808100978806
TGOLN2,-0.4653308476834155
RBMS1,0.017809891753420806
PTPN12,-1.3146550240217367
FCER1G,0.9157178117104118
EHD4,-0.1511202770264118
FNDC3A,-1.6042924866212331
ZFP36L2,1.5422055995007606
C1S,0.9362682288603001
IFIT3,1.3633871327877427
PSMC4,-0.5567851277018476
F2RL1,2.5434115637824095
DIP2A,-0.8423079806970719
YTHDF2,-0.23876969767557651
TCOF1,1.156151234260588
MAVS,0.4193735805867232
NCOR2,-0.4895161883119321
ALDOA,-0.2615046927115852
PSMC1,0.7454808052459843
RAB6A,-0.5760951881171428
PLEC,0.2151535429654641
EEF1D,0.05950680992980405
BAG6,1.697122418878188
CYP51A1,-1.6087732403361075
GSN,-0.1325116732003714
SSH1,0.01269190885119543
PSMB8,2.7832000854045496
DDX18,-0.15041692060971054
SGCA,0.7171294500857932
AGER,-0.8379995496544886
FAM171A2,0.7761647743252168
IFIT2,0.7060374047737693
DNASE1L1,-0.5620338510249611
EFCAB14,0.0971543686103316
WWTR1,-0.2658163164668042
TRAM1,-1.514287671845234
SMARCA2,-0.7109025024325195
EXT1,-1.3042304945251848
FHL1,0.3376262368750938
TMED2,-0.7753445544956538
GIMAP6,2.726857518411642
PALLD,0.9405361502461896
ABCC1,0.28584104230810486
FYB1,1.519513696111477
NPHS2,0.3239297275575561
IFI16,2.208227840346309
NSL1,-0.5071106854691958
UBE2J1,0.8005053385169074
PTN,0.09177552895699082
GPM6A,0.844205175569767
SEC23A,-0.6510086842054942
SRGN,0.4187623589355974
COQ8B,0.004061205126320633
ADCK1,-0.9057007786401253
WDR6,11.060713659787497
CCT6A,-0.29571421003159737
DYNLRB2,-0.43849930666774456
ARHGEF7,0.7105559901992092
PFKL,3.2639297382453383
PFKM,1.3462253626574452
PFKP,0.1703019028636832
ALDOC,-0.9474885884362874
ALDOB,-1.371394856053144
HK2,0.21930612642401984
HK1,-0.14451109816116595
HK3,-1.0386198992786975
ENO1,0.46173250187609827
PGAM1,-0.1464764772514682
GCK,-1.3091027313637897
ENO2,3.780345328371867
ENO3,0.2352583773313182
TPI1,-0.26831289609938125
GPI,-0.0019938322214046607
PGK2,-0.012857988895146234
PKLR,-1.2787181108933696
LDHA,-0.9880887927254135
FBP1,-0.1606088907969219
PGAM2,-0.21235650940454437
FBP2,-1.3643131034503762
LDHC,-0.9135768178825561
PFKFB3,0.34159398386468426
GAPDHS,-0.15589330577479965
GAPDH,-0.8311518510703776
PDHA1,0.6499263156973265
PGAM4,0.05373311276809302
PFKFB2,-0.5360421697473999
PFKFB1,-0.8078857785203427
LDHAL6B,0.36495128204420735
LDHB,0.38044868707066415
LDHAL6A,-0.5350024957705483
PGM1,0.4032513431144141
PDHA2,-0.06930331958466669
PGM2,-1.5030887348178437
PFKFB4,-0.5006708276458568
HKDC1,-0.9354935925017508
G6PC3,-0.7015399708447148
PDK1,1.0395971882336925
PDHB,1.4561371496979376
GNPDA1,-0.7312330440567576
ADPGK,-0.1820850427039194
BPGM,-0.3655336678841105
GNPDA2,0.08772125930096937
ENO4,-0.653003572996844
PGM2L1,-0.6513375486260108
GALM,0.3799981433337099
TIGAR,-1.2475720040760396
G6PC2,-1.602868891182595
G6PC1,-0.9863095365413674
G6PD,-0.9978101533831409
KRTAP4-12,-0.26762298792576916
GSK3A,-0.9416514597839657
AKR1B1,0.5212678511451545
AKR1B10,-0.2147793711521217
FASN,-0.21247854185112516
GART,3.832209715507884
ARF1,0.19760880885517826
CRYZL1,0.8337791770284776
CSTB,-0.16911528835253356
PWP2,-0.585853810561517
SH3BGR,-0.3313485535822685
TESK1,1.7467394252577377
ACADM,0.4477122318365709
PDK3,-0.5198942019303298
GYS1,-1.0756300073694882
COPS6,1.18834719697084
ACLY,0.2256853288684517
NDUFV3,0.6375661319821286
CBR1,-0.1995723535195153
TFR2,-0.961053583189623
P4HA1,-0.3631194364152743
PDXK,1.6937471063250715
IDH3G,-0.47583328725252316
CBR3,0.8384658651664606
RFC4,1.3047075682959424
CCT8,-0.08596476265975164
PTTG1IP,0.4520441889464484
AGPAT3,-0.7826505903341728
WRNIP1,-0.7573367863976861
OGDH,0.7916023660242888
MRM3,0.7496832342235622
TKT,-0.7052607533508999
FOXP4,-0.199624528780113
SDHB,-0.16992008822323038
GLUD1,0.7748256969240783
LRRFIP1,-0.40671104047420026
PDK2,0.5253327996493365
NEK4,0.015089622337482584
GNE,-0.22939703025217262
HDAC2,1.5126800532856393
GABPA,0.14853152797984004
TAF13,1.0494009383442697
GYS2,-0.8771528761478804
PCK2,0.42839160555381384
DMWD,-0.11043081474862376
STAU1,0.08406050438794078
DDX60,2.4151539763318968
TKTL2,-0.5490377630272028
GTPBP3,0.7022247554759744
ATG101,-0.6692464618642976
EGLN3,2.5573463507610033
CBS,0.27982289389843473
ANG,-0.48933348631038104
BCL2L14,0.7719588429621574
RELB,1.0489543268985237
ARNT,-0.46181574128658615
FOXK1,-0.04724548990862313
DYNC1H1,0.040193441024866154
PYGL,1.0308018306064373
CAP1,0.39831565010162084
PSMD3,0.8676493757036848
NARS1,1.1286640156210435
PYGB,0.5711634280499687
ATP6V1C1,0.12036568411949788
RPS19,-0.5483371918808118
EEF1G,0.963152483205427
EIF4A1,-0.37550347760322295
ABCE1,-0.4305542783186891
KPNB1,-0.4124743960709181
RPLP2,1.1973542690291887
LTA4H,-0.378364279553186
MIF,0.22490352276388248
VDAC3,0.5801861499300391
DLD,0.14934643274305903
EEF2,-0.2070300794875999
RPSA,0.94488826419692
SUCLG1,0.7306776587796922
UBA1,0.5970652643967416
RPS2,0.0623513942179914
PRKAR2A,0.22014261695118895
ALDH2,0.3630726187224591
PSMD6,0.8643652500232715
IDH3B,0.6376853191365229
RPS3,1.1888748891325913
TAF10,-1.4283936052048893
TUBA1A,0.3654885720334282
PSMD1,0.7423645422903711
PABPC1,0.5022203833186135
TALDO1,-0.9069031283620234
ACAT1,1.15525689229813
SEC13,0.19396344812149893
ATP5F1A,2.6429598781307893
ADH5,-0.7092138593236323
RPS18,0.7771052445571002
SOD1,0.19021033998505696
CCT2,1.0332641209358242
CCT4,-0.26612353384636034
PYGM,-0.881143635531374
SHMT1,-0.44449038193335927
RPLP0,-0.08337940994684052
DPP3,0.3261625079969431
RPS16,0.5794331635309322
AHCY,1.5204898315928579
TUBB,22.379769228194377
MARS1,1.7516528391381945
DARS1,0.9808017021506971
CS,0.9678762250493854
DNAJA1,3.5439783174899286
RPS9,0.519305166822163
EIF2S3,0.09435779757169072
MDH2,0.9671712577755915
CCT7,2.9642783526096235
PRDX4,-0.16060340009941826
PSMD13,-0.2367592925414762
RUVBL1,0.024465963992407688
HUWE1,0.37804781598188475
CFL1,-0.8438547992346473
GDI2,-1.0812509968083186
OLA1,0.26014927906916574
NPEPPS,0.09450443596296701
EEF1B2,0.24324557718745868
PSMC5,0.9230079152106063
PSMA5,1.5890461390423525
TUBB4B,0.2924980669328053
PRDX6,-0.5034143509550528
PRDX1,0.5112402944413282
RPS8,0.2517595162882811
RPS4X,0.5341016884297302
RPL12,1.076436756608954
PSMD7,0.9800778297272584
DNAJA2,3.2054404947967727
ARPC5,0.13360482253164602
GARS1,1.6277456930707623
PSMB1,0.557063676063465
COPB1,-0.8258102224229372
TCP1,-0.73951741826161
SNW1,0.8499203212310653
GALK1,0.10376990757878841
FAF2,-0.22492732180847158
CCT5,1.0550950204667513
RPL23A,0.6227647914097175
RPL32,0.9347790607287522
RPL13,0.3419939352761339
RACK1,-0.49995928355464003
PSMD12,1.0421156492380745
ACO2,0.7428645539646093
ATP5F1B,-0.5726806572759467
DCPS,0.296888726493662
ATP6V0D1,-0.2946969289483298
BLMH,-0.7767779916562307
EFTUD2,0.6911977846538901
HDLBP,1.0309910823367365
COPA,-0.09712869617433731
PPIA,0.8268357764778428
CLTC,3.1800830670851634
EIF6,-0.37480956982705727
RPL5,-0.4687461397366465
IARS1,1.3415958568078137
GOT1,-0.17595482664853707
PGD,0.33658829474841023
PSMD11,0.1660682062165003
CLUH,1.588449213835484
RPS15A,0.39622263524777773
RPS11,-0.4818755422745695
PABPC1L,21.40035917799408
TPT1,1.368721322042716
ME1,-1.0689233646302352
TSNAX,-0.31720270984622945
CTSA,0.45215775707292116
ISYNA1,0.9229052869838865
FARSA,0.7552173394704088
MTHFD1,0.6510268763759097
RPS6,-0.019053416875000184
RPS17,0.5110637256229548
ABCF2-H2BK1,-0.9893010359664922
RPS5,0.18316630038802917
EIF3B,0.8338944930005874
COPG1,-0.6386363287878735
PSMB7,0.45017889288268814
RPL27A,-0.1115500909927335
ATP6V1E1,-0.7389316205344485
ATIC,1.8390574173315792
TARS1,1.3497975017629544
ARPC4,1.2269190668099725
SHMT2,0.30871465563502054
ASL,3.033411929040798
ME3,3.2650656222526497
RPL11,0.9138560482366612
GOT2,-0.1400544517254378
PEPD,0.26530905779160874
ANXA2,0.4177797790191987
PSMA4,-4.3692655633752775e-05
AARS1,1.5794260290251967
TUBA4A,-0.360686456662953
PPA1,0.14510422968118994
CYB5R3,-0.07858199481861965
UQCRFS1,-0.46844124357412065
PIK3R4,-0.2741919960667344
PSMC2,0.5765218373489875
PFAS,3.4647224203033398
ARPC1B,1.1249480683180675
RPL7,-0.028457381344454965
RPL23,-0.2791235023463922
HSPD1,2.4286074130596123
PSMA2,-0.4754952911802415
MPI,-0.37830836565316944
RPS12,0.14406277216861685
PDIA4,-0.1500760100998029
YWHAQ,-1.2485250374717576
SPTAN1,-0.11102726664832345
RPL14,1.284831581165185
RPLP1,0.6182547330224583
RPL3,-0.19305953995530614
SUCLA2,-0.35032738960491056
EIF3E,-0.60337374800393
ATP6V1D,-0.09851629859084751
RPL30,1.6674615488613862
RPL4,0.12986309546335484
ARPC1A,1.1633914339124458
GRPEL1,-0.21297609168717696
MAT2A,0.42532810732450277
DLST,1.0540902100352925
RPL27,-0.20048857244184443
ARPC2,1.1832007470743324
PABPC4,0.3729897931918609
SNU13,0.38453545689031654
SARS1,0.8291968638039797
SKP1,0.2914436365802143
PSMB3,1.0360707756130132
DNAJA4,-0.3113514862031027
RPL31,-0.2118180935304128
TUBA1B,1.326905814754264
PPIE,3.4027542299032247
KARS1,-0.286602421452923
SEC31A,1.5118001565400325
CPSF1,0.22510540939870236
KDM5C,0.7210859364579195
ATP5F1C,0.021894923200174363
ATP6V1B1,0.0991091624644018
TRAPPC1,-0.11556897527885307
ACTR1B,0.22827971956634316
SLC25A1,0.6318718665324855
PABPC3,0.729741047687277
PHB1,0.7137082788500132
VAT1,0.9819710555639951
RAB7A,0.2522445274069827
DSTN,-0.44296280648172026
GDI1,-0.6770941258130784
PSMC3,-0.4475660082000038
PIKFYVE,-0.24097152637886485
ACTR3,0.38233874824247543
PC,0.19257417698062743
IDE,0.8740302997934305
CAPZA2,-0.6282449496684159
COPE,-0.303232398132368
PRDX5,0.19741671030127467
RPL18,0.004080171817507267
PSMD8,0.003987763608332108
ACACB,-0.44303885069765625
NAA15,0.7305268845883435
UBQLN4,2.639257191263525
PSMA7,0.5382846412443129
SLC25A5,-0.31621106243810265
DOHH,-0.5062331740921044
RPS25,1.3117638809314867
IPO5,1.601211648719183
TUBA1C,-0.010108475010930906
CSE1L,-0.45956960213839176
PA2G4,0.7838335536523477
ALDH1B1,1.1101142135255384
AGL,-0.8984024756672883
HSPA9,0.2527257636069456
PSMC6,-0.4868176006386132
VAC14,-0.3990531479886038
TXN,0.4692351864518727
PSMB2,0.26938437647193453
PSMA3,-0.3408128787607909
ALDH1A1,0.1456060652995225
DDX39B,0.6372948753336317
PRKAR2B,-0.7227935685953792
CAT,-0.7995278211505298
ME2,-0.8237554033486661
UGP2,0.13641542792720598
STXBP2,0.28619118455629966
RPL7A,-0.16858538161256473
DDX3X,-0.5261442172904457
CAD,-0.13653948906929542
MMS19,1.2086010164832033
RPL38,0.11867650160923407
PRPF40A,-1.1109832721484125
EIF5A,0.12404967629190429
ALYREF,1.3779612457001775
PLOD1,0.17622835823021366
KDM5B,-0.37099941286216837
RPS10,0.3200185513617083
OAT,0.04070241298885471
EIF3G,0.04951881651833183
ARF3,2.3187235967154542
PGLS,3.1078736883289575
RPL15,0.9188874528410758
CAND1,0.19029924881837898
RUVBL2,0.6826068403300113
RPS20,-0.8887114649974858
AKR1A1,0.8971918030546652
ECPAS,0.626008061421271
POLR1B,0.26752383848385497
ABCF1,-0.030454099005627767
HSPH1,-0.5171558711877201
CTDSP1,0.28329999485524543
GPD1,-1.4402934991524259
SND1,0.009232298049564568
PSMA1,0.12467442481497558
SEC23B,-0.2930121858156714
RNF2,-0.8661942567713948
ATP6V0C,-0.39226230919309374
MYH10,0.1797715009698285
CFL2,-0.3509685622419613
ACTR1A,0.43426991331990983
PRDX2,-0.626638922357121
RRAGA,-0.9181194939748165
COPG2,0.4336878509967104
KDM5A,-0.7242297976669907
CNOT1,1.2797014351800733
NUCB1,-0.2402756299749725
SIN3B,-0.31116228253404515
RPS7,0.762838782180403
APRT,-1.2115951703979644
RPS14,1.3077415175034512
GSTP1,-0.5682757051470216
CCT3,1.658866940327514
DDX23,1.200105889415558
SLC25A4,0.7501710988221093
ADSS2,-0.7540480495352029
IPO4,0.30231231483598625
RPL10A,0.42869800448623846
TAF6,0.7946064178241781
CYFIP2,0.585073838714692
PRMT5,1.3650703441631367
NME1,0.42673565985119927
EIF3A,-1.0447629025067988
GLUL,0.11771225410195416
RFC1,0.18170029013828065
BCAT2,3.5420240602982576
GLUD2,1.1512603091093025
LARS1,0.5840617734336858
NUTF2,0.7212582551706822
ACTA1,0.9811194665347334
RPL24,-0.3553132653461516
RPS28,1.012361687957136
ACACA,3.2992923163174956
ARPC3,0.9982589487865251
TUBB4A,-0.2423531448463328
RPL10,-0.7310795110749322
MORF4L2,-0.721588725503658
FDPS,0.07764441377539298
COPZ1,4.376521497708577
MORF4L1,-0.34192860950403187
OGDHL,-1.0705186568690537
PSMB4,-0.6368838917077552
RPS26,0.9511019643244896
ALDH1A3,1.9041658070640712
ACTG2,0.8690980663401443
LCP1,-0.08302220455372637
ARCN1,0.8980473955524849
RPL22,-0.04692777662961545
PSMB5,0.4287489810143649
TUBG1,-0.2375387519386943
PPP2R5D,1.4864934166007837
CTH,0.44180125462715364
CLTCL1,3.126651617432723
TPR,-0.6447359209527547
ATP6V1E2,0.4146006963478529
RAD21,-1.4939000156714952
GPT,-0.34963539995579035
ACTN4,0.10885934658717687
RPL19,0.7433218205989688
MVP,2.75091339824128
FUS,0.8574206892212038
TBL3,-0.5616712428578173
LAMTOR1,-0.47121636038415854
ACTC1,0.6427237699798195
AK2,-0.29728044652856833
ARPC5L,-0.04832919068624929
CORO1B,1.161709506065004
RPL6,-0.8243283859301599
DBNL,0.33388857550968787
EIF3C,0.9213223362982421
APEH,3.616536269984633
DLAT,0.625633830986555
GET3,0.024089209133420973
TUBB2A,0.7449477450586054
ARHGDIA,0.36627623274048976
PPID,3.0407827459005725
ATP5F1D,-0.18443796080110758
STIP1,3.051487030009979
TXNDC5,-1.3031829585638484
VPS13A,0.12453530639670363
NOP56,0.9160930281184727
RANBP6,1.3248565645788362
PEBP1,0.08201271652473849
EIF2B5,0.5638756361266829
VBP1,-0.3389057518751834
MYO1E,0.456650093355946
RPS21,1.1119243828513388
RPS15,0.3433992289900391
EXOSC10,0.9713518132274129
VPS13C,-1.0424352639407577
ZNF746,4.129123006662424
USP22,1.2308449951169014
TBP,0.6489201272418196
NCKAP1,0.23105158323509367
ACTN1,-0.3678025009092785
ATP5PD,0.2622488376936106
CALU,-0.7249836646369248
PDIA6,0.2908965989891743
PSAT1,0.7452131240015413
CUL7,1.7308559239918415
POLR2A,-0.6137548034089501
TAGLN2,-0.40973639619824
HNRNPL,-0.22095814902663422
POLR1A,0.026171967766028335
IPO7,-0.21704234040392328
ATP6V1C2,-0.4736270111741521
PTBP1,0.5038158728442993
RPL17,-0.62438835929196
SEC24C,0.17077919681718445
GANAB,1.6048453525246442
DNM1L,-1.2306723532983856
FECH,-0.6273864987551915
EIF4E,-0.5801874678637783
POLR2E,0.845791496174645
MLST8,-0.6948371887891663
HEATR1,0.9962901661025148
ARF6,0.18344543414602119
TMED9,-0.13540512956149256
EIF4A2,-0.3969294387255114
POR,0.39570562001910564
SMARCA4,-0.09586825472225648
NUP93,-0.22600718537044884
TAF2,0.2891322346330149
MSH2,-0.24443735640166736
EXOC2,-0.3150180139807904
ATP6V1F,-0.42843519120581397
GPD1L,2.7390821224161277
SEPTIN2,-0.2900887775909194
HSD17B10,0.7723410652773738
PLA2G15,-1.068635987021823
GCN1,0.09205733374820631
SRM,0.234775662521419
RPL9,0.12409568986112773
CAPN1,0.44924357419430466
XRCC5,-0.19957294628228428
GSTO1,0.2459652249458855
CPOX,-1.648732376254485
NAA10,0.6046544301452073
ACTBL2,0.27810795844280467
ILF2,-0.3403708635121046
CRCP,-0.9741793339871598
LYPLA2,-0.029715444467589877
RPL21,1.3190958880092685
H2AJ,0.45579527488654614
DRG1,1.652180248799865
RAB1B,-0.011546964601250513
SLC25A10,0.17116275875768383
RAB1A,-0.9407968448109743
RBBP4,2.2098356832479786
TUBB6,-0.3430265337512101
ESD,0.09514020394115859
COX5A,-0.6573618267891865
HSD17B4,0.8603243863351685
CORO1A,-0.3512025879970048
ATN1,-0.26502252187669284
PDAP1,-1.0940346002088417
FH,1.0468097171308668
ARG1,-0.9718450184832202
TRRAP,0.27136034035787027
XRCC6,-0.25817494379679673
PGM5,-0.7529043832655388
CMPK1,-0.7423112717924375
MTOR,-0.06736478656855234
PCMT1,-1.3011177651445371
MYH14,-0.12181620654227306
ACSS2,0.5185932036354138
FKBP4,0.7725049286207633
AKR7A2,0.5072303380123652
IPO9,-0.014052561142255462
DKC1,1.0001420686192268
UPF1,0.12650914238661148
ACO1,-0.30118766665390256
HMGCS1,0.33971213271267825
RPS29,0.333645594814991
GRHPR,-0.05105052176341507
PPP6R1,-1.2026920941529071
MARCHF6,-1.4158674034148613
ABCF3,-0.07901622624164042
PMM2,1.00086161045159
DERA,-1.5808485488933839
MATR3,-0.2984841171124039
RPS13,0.12146208190500767
MYH11,0.09375169780700701
UBQLN1,0.8049797599578941
GLO1,-0.18719790720589022
CAPZB,2.2467773559353894
DNAJA3,1.5060542677498985
APLP2,0.5725425376652903
AKR1C3,0.11261955678304635
ACADS,-0.10233479025813694
GPD2,-0.9126595386195402
SLC25A6,0.9044164771912352
PRPF31,0.8682583628903405
HNRNPA1,0.3135697132209557
RRM2B,-0.9951483591345152
UQCRC2,0.6268075459379576
RRAGB,-0.5315420417215019
EXOC3,0.8200081858125224
ITPR3,-1.2185810467415563
ETF1,1.991284003388449
CYB5R1,-0.29210183697988645
ALDH4A1,0.40690114456058246
GALK2,3.793089509221545
PHGDH,0.5298791855969084
ALDH3A2,-0.3287485679049495
TUBB3,-0.6401529216984827
CYC1,-0.7912365421144881
SPR,-1.0888193998590256
EHD1,0.8533622027399744
SCPEP1,-0.35710863766379747
PSMA6,1.3267342382648286
NAPRT,-0.3997363169197364
IST1,-0.5629603968403621
PYCR2,1.769340701844245
NSF,0.9003822138877013
DYNC1LI1,-1.6928612845640583
ACTR3B,2.39691082859407
AP2M1,-0.8432599313226884
IDH3A,1.2880987068718632
ASS1,0.953398680553302
HINT1,0.7396478823656705
SAR1A,1.2999756617231528
PPP2R2D,-0.2589800255744298
ANXA11,0.9577300782757179
ACAA1,3.2002991713498363
CYFIP1,0.3358805822589712
RPL34,1.0968961606259147
PCNA,-0.544222871190714
AHCYL1,0.12576224800483962
BTF3L4,0.27415101980151385
UGDH,-0.6985450337819359
AHSA1,-0.012508018456190366
REXO2,-0.5750731295151532
PARK7,-0.7414837015488347
ANXA7,-0.48993534741905215
ATP6V0B,-0.9408449613535108
GTF3C3,1.5570239389362848
UTP20,-0.24548902933852185
RPS23,-0.16456420193821739
NAPA,0.22670428481763738
BCAT1,-0.8870585059768259
PPP2R2C,-0.46198793585248554
KIF5B,-1.2084116447754747
CST3,0.41196655336462534
VARS1,1.897028728560204
ADK,-0.8579054230585907
PTPA,0.40523312778536447
HPRT1,-0.27159602631827334
TAF9B,-0.7468278719658715
TUFM,1.223383157694685
DPP7,0.4264747177593417
MRPL12,0.7957513724262498
PTGES2,1.1907990308923624
PCBP1,1.007749139369462
HMGB2,-0.7723283579662542
RPL37A,1.1235919517730233
CSRP1,0.3684326354198857
NDUFS1,0.9086948409122603
CDC37,-0.2261918708081191
GBE1,-0.31351855506158915
PPP6R3,1.086956437009906
DDX39A,-0.630734030479976
PFN1,-0.34357004175067957
SLC12A9,-1.0641041240447133
MYO5B,0.10132937748422573
DYNC1LI2,-1.345513598047617
DPYSL2,1.1996889772352557
CTPS1,0.6908622282987538
PPIF,1.969410361316296
SLC44A2,-0.05865889677998473
NCL,0.2906893440897891
VPS28,-0.7101889803624621
TUBA8,-0.220101323858146
CAPG,2.6813151016142798
EPB41L2,0.09432342036224539
SURF4,-0.592136523437292
RAD51,-1.6392697130456073
AATF,-0.5772395537267359
QPCT,0.9445919658121902
SUMO3,0.7173274214715465
ANAPC1,-0.510521849019449
FLNB,0.3714531797258224
ARF4,-0.17389373328645988
FARSB,1.0377559463664405
SLC35F6,0.6342194427930848
ANP32A,0.1146579133622122
GUSB,-0.4487144197307414
ECHS1,-0.17029826170268578
RRP12,0.38506027369735235
ECH1,0.6506718694256997
COX6B1,0.9392964245318378
RPL28,-0.8954496411988015
EIF2S2,0.16666100231934453
ALDH7A1,0.00470031885293849
PPME1,1.0407786599819338
GFUS,-0.8177255381981726
PAFAH1B1,-0.38721390674624395
TKFC,-0.6683959690186155
RPL13A,-0.16411190447219637
SIRT2,0.4839523697080577
FIS1,-0.6104674366610185
ARF5,-0.7526934612587535
GLRX3,0.8196901108942961
EEF1A2,1.2625768014541079
RPA1,-1.120067911405474
NDUFV1,0.5285017310384656
EIF3H,-0.40051234981887757
H2AX,-0.6223983775616967
MAN2B1,0.55253419562399
COASY,-0.3640862710294406
SSU72,0.4125064762663538
SRP68,0.3458172653496672
ZC3H15,-0.3027935786355528
KDELR1,-0.18501362153525194
EIF5AL1,1.26811433300376
PACSIN3,0.8326580356936916
RRP9,0.48867615487194216
ALDH6A1,-0.32062709629011316
PFDN5,-1.250585731365791
EIF3M,0.41490484859490095
GFPT1,0.1835646236511402
RAB10,0.0534337565279181
SCAMP2,0.7645562605627182
MPST,0.8675426592199107
SDHA,0.2453380170021906
DDX19A,1.3393647444902614
TUBB2B,-0.06061448589792263
ABHD4,-0.8661650058866969
TWF2,0.13048738205907767
RPL26L1,1.4186757621158559
NAP1L1,-0.2468144802904259
GAA,2.8158286405931103
GPX4,-0.49629481086858684
KDELR2,-0.6286650877198938
PRDX3,-0.11074884869729974
H2BC4,2.169597071747876
HAT1,-0.3090246108945527
PPIB,-0.7055990728679894
AP2S1,0.3542694699780568
NAP1L4,0.5454834647973067
MSRA,-0.9922851558389099
ABHD17A,0.5649268816677804
MDN1,-1.6506213327562786
DEAF1,0.0770966632168371
CUL2,-0.16173848423987044
HSPE1,0.9065487266552875
CIAO1,-1.1008045978784164
C1orf35,-0.5227421647918219
NDUFA8,1.214049841917817
AP2A2,0.8054464077119422
TUBGCP2,-0.6333650490332635
ABCB6,-0.9234228719582415
ELP1,0.08321731068917675
EPRS1,0.36231810464614433
SDHC,0.2429808173142029
TSR1,0.7451384873554178
NDUFAB1,-0.3872112916916525
LAP3,1.6402211921712744
RAB4B,0.07297073757151155
RANGAP1,0.1975356551588047
MAN1B1,0.235537611796961
CHMP6,-0.9149512080558744
PI4KA,0.15713435773450643
BTF3,-0.22419651921665812
POLR1C,0.655692446366331
RNH1,-0.2552718508493107
USP10,0.4028811523447263
PFDN6,1.268243263253198
MYBBP1A,-0.5675374652860403
SUMO2,0.8290037021380858
HMGCL,2.4148235187309823
FAHD1,-0.4033792087104342
MCM7,0.12556369830958578
ELOVL1,-0.4409258135143703
SF3B2,1.023085032385441
PMM1,0.34078623205759184
QSOX1,0.904898136696658
PYCR1,1.6978406650789613
RNPEP,0.6453241572357815
ACSF2,10.529475044541458
DEPDC5,-0.6938423976816045
RRM1,-1.06506819671269
QDPR,1.1895024914641523
TBPL2,-0.3798214159256244
EDF1,-1.1222585724496732
GNPNAT1,-0.8914080928085577
SAR1B,-0.8343405864874606
CHMP1A,-0.4578965087422871
RNF31,1.7095153117999609
MYO1C,0.9240918025415633
STOM,0.12635814625989078
GSTK1,-0.19876920068616982
ESYT2,0.46055072567757976
ACSL5,1.139113414192787
DDX19B,0.16320628120433123
GMPS,0.4961253171263666
COG4,2.0899503834086617
TARS3,1.511263015277812
PIGT,0.3680614422062379
PYCR3,0.328908052143351
PSMD10,0.1315295692327124
POLR2J,0.6436385566024404
PRPF3,0.6354129032511698
INTS5,0.014074848947584652
RARS1,1.3636340858953901
NOL6,0.18554913172612283
CNOT8,-0.02001964866665211
PLD3,0.02527344872927964
ESYT1,1.3684210009113955
PPA2,0.5821868026515787
ACSL3,-0.20490165355224793
AMPD3,0.941884659871885
PLS1,-0.4757376715951932
GRN,0.3417187662949097
NIF3L1,-0.056767366583767735
HGH1,0.5002901384194464
SDF4,-0.6800716902070069
AACS,0.6047277586520152
CCT6B,-0.4616171668182713
LONP1,2.8866450111491977
PNP,-0.30816443406573485
WDR18,-0.052239095305259
CSRP2,-0.010738434903194167
RBX1,0.3146773314161613
H2AC6,0.4213157767565916
DDX5,0.3169644693985606
ABHD14B,-0.6382076483674997
DIAPH1,0.36156862476329654
DCTN2,-0.7585756650439285
AKR1C1,-0.04273032954345858
NDUFS4,-0.12951396844000826
YIF1B,0.4532466474098164
RFC2,0.5684150597284564
POLR2C,1.5330079117845121
TMSB4X,0.5248059707668823
HSPA4L,0.4669031463908317
BANF1,-0.7493627221597545
TBC1D10A,-0.918105212406007
POLR2L,0.3791392882211798
GMPPA,-0.2590320950264622
CRAT,1.1287550786193097
CHEK1,-1.3267524548671872
ARMC8,0.8359357814953615
NUDT5,0.5852994069050884
UBE2G2,2.1786677634074856
MCM4,-0.9365504060905825
ANXA4,1.0831501978842923
EXOC6B,-0.5288854229620563
ACY1,2.4120033193941524
HSPA2,-0.0426635558123245
GPS1,0.6737498812780371
GOLGA7,-0.24844456289593586
SART3,0.4690420771551615
HNRNPD,1.7911762409499008
UGGT1,0.119202019459552
YIF1A,0.8583137627912211
RPF2,-0.16895364193989676
H2BC21,0.16484872012586246
KAT5,-0.22268189677872308
RPL35A,0.38751338950751263
DNAJC8,1.1562321161116564
SLC1A5,0.48736389824935755
PLS3,0.46505425504516523
RPL36,-0.9053608136081868
MOGS,-0.654390241159901
TOMM70,0.009747599526850198
STK24,-0.6254925523813484
MCM2,0.1827853382775087
GIPC1,0.06867655846029797
PFDN1,-1.0814493506060743
SUPT3H,-0.7820931608616213
ANAPC2,0.5084108350429469
OXCT1,0.9400281243454196
CPT2,3.107429405830766
GLRX,0.6624990635751444
TOMM40,2.217542949826623
SEPTIN5,1.1557859032244435
HNRNPA3,1.7300828373774881
HMGCS2,-0.47642897048466887
SUPT5H,3.390418638925457
EIF2B2,1.4960694923770215
GCH1,-0.2280085907690727
H2BC5,1.7834447414967551
XPNPEP1,2.1250617624094086
PLOD3,-0.08372285101251131
DDB1,1.0614579755437712
NSUN2,0.056340997173928785
ACAT2,0.6414689205560847
ATP5PO,-0.11596268163950559
CEBPZ,-0.5037253454249272
HMOX2,-0.7462462413449409
RFC3,-0.12588223477816293
NDUFA12,0.2633174618788761
PSMD4,-0.5081038568599784
MCCC1,0.8043596874628913
GK,-0.8445159175746427
THOP1,0.9120859896431109
TUBG2,2.6078433769225846
VAPB,-0.7356843574031376
RNF123,0.38058939814649295
GTF2F2,0.4860331267685977
H2AC25,0.6222971138984975
TCEA1,0.2860120120931567
CEP131,0.6251078857207986
SSBP1,0.4101471617874381
AMDHD2,-0.6293131682358124
H2BC12,1.6493148391346288
PSMA8,-0.7180232975283208
POLR2B,1.2758740133347566
XPOT,-1.3721232261783693
PLIN3,0.6987423693089625
MELTF,1.0555274736161808
RHOC,0.4194947119412972
ATXN10,1.0765756060286216
BTAF1,-1.993450053538448
RPL35,0.07780413725002684
PHKA1,-0.7667578156131397
UBXN6,-0.17657230687886918
CLPP,0.9240449385753022
CDK16,-0.37632832565055585
PPP4C,-0.3844624342389609
GM2A,0.42600767097458997
CCDC22,0.5288342291438157
CHMP4B,-0.7170002870979123
PPP2R5C,-0.24088703189071342
PFDN4,-1.0713858063438988
ASNS,0.23983158996978615
ATG9A,-0.6316008818810674
YWHAB,15.575244755170004
SUPT16H,1.4010487864151298
TIMM13,0.17889153751104775
NACA2,1.0068486053128236
SRPK1,0.15159853325475323
DHRS11,0.978886163709727
GUK1,1.3111305909254458
KAT2A,1.02104405747022
MARK2,0.654412533558941
GSDMD,3.154039028615859
GNL3L,0.6914704496103959
TPM4,-0.8120283313852187
NDRG1,-0.17727188492863788
PRKX,-0.17315217202661118
DNAJC21,0.22959319167678216
PSME1,3.4855458849542673
GNL3,0.6008492068976585
EIF2B3,1.3546003856255673
RARS2,0.9075606292745576
EIF3F,0.1477887064403135
PRPS1,0.2595858446338956
CDK12,-1.488683671348667
SGPL1,0.6102122129524997
ACADVL,-0.07917258518663002
PRPF19,0.38058240191418347
ANXA6,0.404146791351198
ADSS1,-0.8848239494423202
FAM162A,0.5502549748884574
NDUFA10,0.45532072681283164
GSS,1.1981767804465118
PMPCA,0.8596292643448797
EIF3L,-0.30290539865918054
ETFB,3.4494686794764196
PTMA,0.09295102022715054
NUDC,0.1990328442320544
PEX6,0.8853503047361008
STK11,-0.7421699387900698
RAD23A,0.5065127644051971
DCXR,0.11045595175233804
TEX264,2.6209401431298027
PPP1R12C,0.0788456061411242
LAMB2,9.784140005730844
RAD50,0.7433915113139383
TECR,0.11062603175907194
BCKDHA,0.7032932875244419
CTPS2,-0.327165350258612
H2AC14,0.8776693831895173
H2BC9,1.9713959794049323
ROGDI,0.16835348083000698
SLC16A1,-0.5170198377410113
UBA2,-0.37842434626369614
TRMT61A,0.4661378066119697
NSA2,-0.050823692664333245
SH3GL1,0.8101545271862036
ALDH9A1,-0.3862883505022822
BLVRB,-0.24272590529495527
DNPEP,0.9646354241736875
SH3BGRL3,-0.30287388334956383
GMPPB,-0.148226997525878
THNSL2,1.7984549453254761
GPN1,0.9703067749323914
BYSL,0.1816964815369454
OPLAH,1.3309297898604169
RTCB,1.9771700996477803
UBE2L3,0.7651753687281578
SMARCA5,-0.0025533249821413193
TMEM165,-0.9605522143072841
BRD3,-0.602766776608101
LAMP2,-1.4731623420382831
SLC12A2,-0.1176612369390002
CPSF4,0.057959468575235984
TRMT1,1.4292897088670131
INTS11,0.32074138166443467
SF3B4,0.6788903805937765
DCAF13,-1.0239691515287357
LGALS1,0.39527701259657755
SMPD1,0.6644405048904312
METAP1,-0.43546518776177107
POLG,0.2650622004800786
TUBA3E,-0.13449998916346612
ARSA,0.02971423756250774
RPS24,0.8911561175975783
SRP72,0.7172252370607594
EIF4A3,0.6221037392673772
DMXL2,-0.3090171942241287
PDCD5,0.15528188533890233
H2AC20,0.33289280899299906
EPHB4,0.3298290250309735
AKR1C4,0.0688610773922152
MCM3,0.4939818727715228
NHLRC2,-0.9802142460117012
DNAJC7,0.05740013226531103
NPEPL1,1.5285045594985587
B3GAT3,-1.4251903183693326
CLN3,-0.012355902302923726
PPP4R3A,-0.9827177969315668
PES1,0.4211608189873909
CCDC8,2.884935868883364
FAH,0.4132560332346631
CSK,-0.4891691640309512
AKR1E2,-0.516735378901471
RABAC1,-0.23509601447138184
DDT,2.0582271215735854
PUF60,0.714667115355889
LSM4,1.7764761094688892
MVB12A,0.08500482861617989
CDC7,-1.3808761116200958
PPP2R5E,-1.2778398396540194
HIBADH,-0.4919747677653457
CLPX,0.7558045635102101
PPP5C,-0.6763443478064929
PRMT1,0.3822956785642501
HADH,0.04182761672439795
CRYZ,0.5187200166590138
NME3,2.7191959527678113
RFC5,0.4279442374375992
ADHFE1,0.7498632944232354
DAAM1,-0.5942855860602554
MYO6,-0.4817594751575247
MCM6,-0.8424160380318888
PDCD11,-0.17804067729104206
BIN3,0.34250257058922745
VAMP2,-0.5623461443288149
CPSF2,0.2817366015446678
HSD17B7,-0.7043465969683054
FTL,0.2372809493640729
CDC23,0.865757542298572
AADAT,0.38177775489541144
PPP2R5B,1.0486899264226412
GALT,-0.5027177160116688
CYBA,-0.7467497088238151
ADRM1,0.7680801170297104
GSR,-0.9282243035559526
PGM3,-1.1858043565126184
PTGES3,-0.18973281087984548
BRIX1,1.5173106845768822
PARP1,-0.5775288747963463
EIF2B1,0.29880150015715384
CAPN2,-0.31746377696251493
CDC42BPB,-0.11896674653992398
SHQ1,-1.2007315500739657
MTHFD1L,1.1921834342813313
DYNLL1,-0.5106913558840586
KPNA6,0.8075961100908945
NDUFV2,0.21391147531313312
CHP1,-0.14766910353929025
DGAT1,-1.5197729978580259
SPTLC2,-1.039029533499682
NDUFA5,-0.09809975100538426
AUP1,-0.18827448034007357
MGRN1,-0.5002011570788554
PIGK,-0.13042269304959955
SNRNP200,2.117539695094079
COPS7A,0.13975133133159362
CLIC1,-0.011447435857063551
MINK1,2.9950392714215366
MLF2,0.812906313877365
LRPPRC,-0.09036309206563006
SF1,0.5067534855928276
POLRMT,1.5705894424289204
ANXA3,0.26958844500581064
EIF2S1,1.2898290794068845
ABCD3,-0.12672108660853254
CTDSPL,0.7172445081113518
CPSF3,0.14830733591612175
TRAPPC5,0.31946699752560714
PSMD5,0.39576890788013314
SMARCD2,0.03767544986435189
FZR1,0.1424453901011823
KPNA1,0.630124919544164
ELOC,1.456440504157748
SAP18,-0.6895900625861178
SLC4A2,0.2857137643213676
VEGFB,0.15244108785972715
QARS1,3.4304648886561404
CHORDC1,-0.06619375756129067
PLCD1,-0.8159188086900069
PCYT2,-0.6277973435541897
PUM3,0.35180074259376165
STK25,0.06062415023892566
CEP162,-0.007042538878164394
TERF2,1.302442403911381
YWHAH,-0.3017431320709786
ETFA,0.6512873357308806
KDELR3,-0.915410936758095
VPS45,-0.24534725737236235
TPP1,-0.79604976752383
CD2AP,-0.010061374027648269
USP5,1.1829802071374118
GTF2H4,1.0909557024033216
TAF7,-1.1478535715664442
ZER1,0.43294682901695913
COPS8,0.9384139367099752
MRPL4,1.1186869809273245
SERPINB9,0.6143117471170051
RAE1,0.36162394994330094
MARK4,-0.44863483578321967
KYNU,-0.6859816561802081
PPP1R7,-0.5024735662991258
ERO1A,0.2521030471096716
GLRX2,0.17487519842139107
MACROD1,-0.4677994340252584
COX6A1,-0.09226904277007002
SYNGR2,-0.10792819652328753
AIMP1,0.5651234252340184
RABGGTA,-0.750673691000299
PCBP2,1.3841277601286603
SORD,-0.21135209515657852
TSFM,2.857123414810665
PIN1,-0.20650420846721876
MRPL38,0.23711075597942685
TPD52L2,1.4336579587886618
TRIP10,1.1080406673829262
LGALS3BP,2.086352581577872
AGPAT1,2.430865040390708
VIM,-0.1855368237677937
MAPKAP1,-0.8347068677818438
DDX49,0.2567350245764414
RAB18,-0.9412966648969705
PPTC7,1.1531027820590474
DDX41,-0.5704615292239414
NCBP2,0.12557456024098984
SREBF2,-0.004888428878885007
PSMB10,2.7928063484413834
CTDSP2,3.0946462024473154
TOM1,-1.121821954688759
CIAO3,-0.5697866451589493
HSPA6,0.2054132599062733
USP7,-0.20377667166008603
GPT2,0.905864393087909
EFHD2,-0.9553596182217516
MANBA,-0.5270693218647079
PMVK,-0.8946573140816553
IMPDH1,2.4028938858067246
CYCS,0.08693278379918079
BLVRA,-0.26714088610785347
ACSL1,-0.08961830566876186
TUBA3C,-0.31224951587612226
ARFGAP2,0.9949302955596564
PRRC2A,1.1039669374030927
CD63,-0.3007756115542857
CAMK1D,-0.5216901163518526
TAF9,0.8669703496322971
SNX17,-0.2861120667502616
RPE,-0.7108561136135191
DDAH2,1.296149086092709
EIF2B4,0.15255589100777744
SREBF1,-0.785966151317975
ERGIC2,-0.55428590891388
ING3,0.01295618447926908
MARK1,-0.6021529845321298
ATG4D,-0.3393536115390198
ENTPD6,0.7948453599302164
STX6,0.27189576345571437
EMG1,0.5080727664085601
CD81,0.5117937533361089
PISD,-0.06185112036573937
SIL1,0.6113533576404492
HIBCH,0.5000528897859597
WDR46,0.7280940992948076
ZNF622,0.11010963165289948
HPS1,-0.5956044519580025
MYO5C,-0.391393537502354
DDR1,1.5211657161289474
PSKH1,-0.20136716478907876
CAMK1,0.142262478991173
ANKZF1,-0.5020798951696674
AFG3L2,0.7803770784347838
LMNA,1.3484246928360846
MEN1,-0.6176401904407955
DCAF11,0.3069495735890776
LAS1L,0.6322101614152342
CPVL,0.05418056693436405
CD47,1.671846664458934
RTRAF,-0.8957572456537664
EIF4B,0.39302239047524334
H2AC21,0.6363857783374417
HMBS,-0.3211005969049291
HADHA,0.47274786981333605
DPM2,0.6182625029155809
GPAA1,-0.4251428176065104
WDR12,1.4315449747135205
RNF40,0.8285290154264253
EXOSC8,-0.3920456615663242
PEX19,-0.25127110598968744
NDUFA9,1.1338585531802536
UQCRC1,0.3465699917276273
GNA11,-0.6037156064251435
CAPNS1,0.44202436845181287
TEX10,0.2525602751047146
ATP2B1,-0.8522729179188213
TAF5,0.566753529136002
YWHAG,-0.08131714046184241
MAGED2,3.252058155949778
PDP1,-0.9952059789305228
NUDT1,1.3446169801751826
TRIP12,0.8901322071795996
ACP1,-0.8143524544737986
RCC2,0.9910813224628368
PRPF40B,-0.7487187735680296
HSD17B12,-0.5694470475140719
NAT10,0.349995730220501
MRPL2,1.5441644208363325
HNRNPK,2.8236937423603865
ATAD2,-0.4213267589986796
H2BC13,1.1498581407889388
TMEM109,-0.10134136414990928
WASF2,0.15914404886723185
PHB2,-0.5138600783748903
PMPCB,1.010291256055487
IMPA2,-1.1885310729466292
STX10,1.1793100032644932
TADA2A,0.9808375869429885
IMPDH2,5.45041477246239
DCTN1,-0.4018010439575258
MAD1L1,0.4091175948855791
PSME2,3.3397931914395045
RAB3A,-0.3293026363569368
GSTM3,1.2221387257477976
GEMIN5,-1.5618102043942357
P2RX4,-0.1381649442575184
PTMS,0.4043706199102598
MCM5,-0.6658816269990926
ALDH3B1,-0.051551217230206954
GK2,-1.1416066101302855
SAE1,-0.6784454386361454
NOC4L,-0.8513894187479296
PPP4R3B,-1.0197391614007243
AP1G1,0.34229241435362634
RAB2A,-0.779798648013781
ITM2B,0.4002675727692102
CLPTM1,-0.2334494827618458
PDP2,0.20920196402922442
YBX1,0.5889432226280756
GALE,-0.172373379229634
AAAS,-0.6018023654127546
CXXC1,-0.6653946433443357
NAGK,-0.2005260950290997
TECPR1,1.3590779139534213
CNOT7,0.16436675436420078
CUL3,0.3443002401608212
ATP1A3,-0.3887560388158523
PIK3C2B,-0.011580621760214793
MECR,0.3809345832824313
DDRGK1,-0.8155310810363879
MTCH2,0.080519888585812
HEATR5B,-1.118669075192065
AK1,3.8480837504280325
GAS6,0.34859505905173077
RHOT2,2.5505046264040563
ATG4B,0.5716151052512701
PRPSAP2,-0.7449740246663731
ACOT7,0.5605897162134515
CCDC124,-1.7310011043797002
RPIA,0.1449179243063454
NDUFS7,-0.2580545921757305
CUTA,-0.4394337353288412
H2BC14,2.233191145915878
SLC37A2,-0.6788469226312547
SSRP1,2.696880053189412
SEC31B,1.4887592209075504
SLIRP,0.40258721789848173
NAA60,0.2795314749508076
CCDC47,-0.6645117420603248
ARL1,0.31828400883765967
EIF5,0.562220182546135
NMT1,1.4417065493800352
BIN1,0.19951389221880944
DCTN4,-0.6841403049454194
STRIP1,-0.8538985664839753
DHRS4,0.08569670937772514
MFF,-0.2599472113797803
LZTR1,1.5187142795858566
GINS2,-0.1017578022565883
MVD,1.990899060267226
MRPS2,0.8815084295815552
SEC61A1,1.2473046631921467
INF2,1.5009651709986365
CDK9,-0.6237086810066389
HTT,0.21975459656844443
TOP2A,0.26169438699777786
COX4I1,0.2843379364418261
SF3A2,1.153864267337283
VPS51,1.5052691874061546
SGSH,0.2037440790546657
RPRD1B,-1.3657044374252405
HNRNPF,-0.3757074429338183
NACA,0.22069118915625624
LMAN2L,-0.45902852848878184
GOLGA2,-0.012775812530702077
KCNAB2,-0.5394948312615605
KIF1A,-0.6704642795499524
ACSL6,0.2512215016050985
TOP2B,-0.24447783980666815
PDXDC1,0.19606934968553122
NDUFC2,-0.47445125997806853
DRAP1,-0.36956328472928135
TMEM115,0.2789838433990477
DHPS,0.4974268243023457
APMAP,-0.19481387055242008
PHC2,-0.7148657679045031
SNRPA,-1.0599415616535983
NVL,1.3085997056980279
EXOSC9,0.517184854220939
ZFPL1,-0.9615028123617602
CAPZA1,-1.3178723444373304
ATP1B1,0.03369493361351716
TKTL1,-0.7439409627383811
UPRT,-0.49937639380946625
CHCHD3,0.4648231598897978
H2AZ1,-1.0865911615963657
CNBP,-0.24043501023518557
CC2D1A,1.0495705209054167
ALDH1A2,0.26222225286973155
H2AC11,0.8595352573349424
AIFM1,0.7452713865253283
STARD3,-1.1172881486211252
CBR4,-0.3891930271428594
BMP1,-0.5419433978228531
GPRC5C,0.5251879009991259
SPOUT1,0.4490043595466231
MARCKSL1,-0.06446450347923756
PRKAR1B,-0.595698459913452
POLR3C,2.2549956221014478
SET,0.009851506079808395
RBFOX2,-0.49226653709451185
DDX1,-0.4734189460301455
PNPLA2,-0.7146617516179781
GNL2,0.4978626427519701
PHKG2,0.11205521343689018
SDSL,-0.3809547872226184
PDCD6,-0.9299503556280707
WIZ,1.4429349494984804
ATP6AP1,0.6901817481645997
SRPRA,0.8743780283768481
GUF1,0.24151866813063455
PNPLA6,0.05697588715530514
EIF1B,-0.6268124745691923
CFAP20,0.3776766331697861
IGF2R,0.3282508393387529
ARRDC1,-0.6298533113831418
AP3D1,0.9705079233689955
WDR20,0.9251277654191405
GLDC,-0.3077168951607106
ALG3,0.2415152088240316
BRD2,1.1891608213713762
H2AZ2,-1.0129021656313204
HMGCR,0.13289674005290805
H2BC18,1.4441031623795437
SCAP,-0.45885797152679886
EPB41L3,0.21742529528965157
DHFR,-1.3942418125540774
NAGA,0.15527242678765382
VPS18,-0.5130239447528923
MAT1A,-0.7439604914633522
DDX6,0.04181119438460153
HSPA1B,0.37326039736014555
PRKCSH,0.4395280466341652
OTC,0.5067586730344429
SYMPK,-0.16409499960195756
KLHDC3,1.049109329573626
DR1,-0.40329648923495093
FSCN1,0.03456655634041192
SLC7A5,0.5359116621399129
CLTA,1.4103284918985413
RRM2,-0.9611846269148904
EIF1,-1.0189197560151153
SARS2,1.286619083405414
TSPO,-0.40007963473689295
TBCB,-0.9602155035058931
PRPSAP1,-0.6487806421866577
NTHL1,-0.32340960642096067
NDUFB9,0.6286175481844383
GRINA,-0.6332490962167792
GORASP2,-0.9649972133713219
HSPBP1,0.14754097281570505
TCF25,1.514479417325777
STOML2,1.5775912730373425
ZNF598,-1.3318154961960074
SIPA1,0.5567478041567027
DHX15,0.36119735734822045
MGAT1,-0.4207542341620432
STX4,1.1550115444451339
SRRT,0.8490768015146225
LIPT2,-0.47756421301307406
CRYAB,0.8247255661266782
MED27,0.5152325845512308
GLYR1,-1.478451996825593
SMARCD1,1.7687291858888652
TAF1,0.471027147129315
SH3BGRL,-0.058034353848597856
EP400,-0.9858193142571926
ERGIC3,-0.31319478484602914
RCN2,-0.6191160351871576
CDC16,-1.0477853155322359
COX4I2,0.046186234887161066
MRPL23,1.1313551530319619
RAB9A,0.07955962622760525
LANCL1,-0.982453058294465
SLC39A10,-0.24831109741872565
H4C14,0.6468591576798423
PRPF6,1.591423374821627
ARFGAP3,-1.8866648456147947
PCYT1A,-0.32597409774252517
KPNA5,-0.2838721975646439
KIAA0319L,-0.06773654219954318
SRPK2,-0.26409963893303146
DICER1,-0.4578690094381727
NHP2,-0.10469993248366861
ERCC3,0.08679303427104763
DNAJC9,-0.3771952869202789
UTP4,1.1886027067527023
YARS1,1.2022663209155044
SUGT1,0.1847825366534934
CTR9,0.3161750237025856
POLD2,0.26358212514810875
DAZAP1,1.1037815172595478
TUBB8,-0.32836146121418947
NAMPT,0.5513673818707572
DDX11,-0.8210202101855915
NAA50,-1.201351892558733
STX18,2.8662560990852946
DYNC2I2,-0.10209446966719604
AP1S1,0.3961462377160235
FUT8,-0.2263258866467336
SRP14,-0.2260366985899118
GLG1,-0.20354832713635462
GNG12,1.0000750274143018
SF3B5,-0.27750778156203815
TTYH3,-0.7857282528492878
TAFAZZIN,0.22536685757289868
RRP15,-0.6591016929668047
EIF3K,0.39786852492655983
AP2A1,-0.9686918763498776
PTDSS1,-0.18597894210919827
HNRNPM,0.1543228209818541
POLD1,1.3270414769225478
RDH11,-0.5256690534729229
NRBP1,-0.18600011276852835
DNM2,-0.12780145210911636
TXNRD1,-0.6869774124135041
KLF4,0.4018954096932955
SYTL1,-0.49000173696825067
LAMA5,0.013441815912096993
SDF2L1,-0.4839551890640323
NUP62,0.509666318975831
CKB,0.5603862532096835
EEF1E1,-0.1688257609631958
DHX9,0.07866132843653269
UAP1L1,0.4016223652947856
CLINT1,-1.005767342204183
AP3B1,-0.7831442237238916
MNAT1,-1.3805194934234308
CAMK4,-0.7172022361190387
ITPA,-0.6827452893018952
MED24,0.32956827886402157
VASP,-0.7364946700068838
TMEM161A,0.37773335713092016
SLC39A11,1.5259100141426232
ECI1,0.06897287514981056
IMPA1,-0.972154684829466
RFK,-0.9623271427536862
SRP9,-0.9590334732201397
BRCA1,1.9034461785152026
AKR1C2,0.309317796811462
H2AC12,0.4446268211950554
THOC3,0.7272333230780555
GFM1,0.8647333283517445
COMT,-1.0311652067745645
EPS8L2,0.22779140821093996
NXF1,0.7827009259390969
PRPF8,1.411974234207784
PSMD9,1.981690120870737
PNKP,0.29066667292163584
AAK1,-0.5817913474952832
INO80,-0.14251447319039784
PAFAH1B3,0.008452252323049326
PDLIM5,-0.09103144879045547
PPM1G,0.5093538737788619
POLR1E,-0.5296644826685415
FIBP,0.8541611598646803
FDXR,0.4543853601100677
SLC25A20,0.7615478599101997
ISOC2,0.43221473942776556
TBCD,-0.5372024643834096
PLA2G6,0.15205296417798075
DNPH1,0.1836586245645472
CLK3,0.3326636543468238
TRAPPC4,1.174876886127201
PLD2,-0.1872447108572429
POLR3A,1.3354258224675768
AKR1B15,1.2313913028798862
CRLS1,1.044733807406634
CRYL1,1.3877320744030717
EIF1AX,-1.0007059878572158
SCOC,1.955918806193258
TAPBP,2.9170742679770516
HNRNPA2B1,1.484641271089995
LMF2,-0.2658208028711135
EPS8,-0.6528142473581061
SNRNP40,1.281265598427998
HACD2,-0.5163849832210311
ELOB,0.14593581095358932
AIP,-0.5780446201097604
NHERF1,-0.42775268415780565
BRD7,-0.5223338036005143
MRPS23,0.7107788267198597
PPIL2,-1.03562582323505
MTPN,0.856082703384546
AIMP2,0.8595554675345886
PHKB,-0.29930372195926613
RCC1,0.32012011830860504
GPX1,0.2764165738557202
JUNB,0.891578385921468
GRPEL2,-0.28324066553037364
DECR1,0.04641157907380123
PCBP3,0.6369602373297373
HMGCLL1,1.5494340731170158
TOE1,0.6224926843856687
POP7,-0.4846796370729398
ERCC2,-1.0879957954741433
TRMT112,0.6917173146402446
ARFGAP1,-1.2536467034695402
PTCD3,0.6744621288528417
IQGAP2,-0.9685536398703919
AK4,2.005269871473657
CNP,1.3238038740765758
MRPL3,1.265334491921206
BCKDK,-0.5695774932515866
CSNK2A3,-0.3706473518995166
H2BC11,1.9563213269763942
OSGEP,1.8983874399153098
TRIM27,10.45543438589125
SPINT1,-0.7716349633892267
SLC27A1,-0.027450837357481144
RRBP1,-1.3226477273206994
SMARCC1,0.47097840358773774
PCBP4,1.0271315058210981
ARG2,-0.5515419954228179
PDS5A,-1.1376340901898472
ISCA2,-0.17476474970823314
TBL2,0.500307356228947
TOMM22,0.32438906008517
TFIP11,0.8437605188298121
VPS72,1.2745899447005804
UGCG,-0.6019951078441761
EIF2A,-0.001744603545810135
ACAD11,0.07501117398645105
GIPC2,-0.36064414432419095
EFEMP2,0.13361399692787918
TASP1,0.5352261497937284
PLCB3,-0.9376850579572538
MRPS14,0.5818750039568341
CARM1,-0.11924563380266734
RPS27L,0.6309336154641835
COL6A3,0.11681688420246474
RBKS,3.4028724779722404
PCNT,1.1742751906696713
CSTF3,1.7872193587216376
POTEF,-0.9036547707552468
SCAND1,3.326624264792421
SSNA1,-0.06123127553305316
FKBP8,-0.6962732267620082
ADSL,1.3124096853056257
ACSS1,0.5592258641909695
PIGQ,-0.09045298460412186
ALPG,2.4979000315960613
KIF23,-0.3805865964734727
AK3,1.4894334257697532
OXSM,1.4163368635349576
ACAA2,1.3055609927828877
MCAT,0.7006388150116372
IMP3,2.011106477475891
TSC2,0.1574529408540847
SOD2,0.46937821266721913
ZDHHC5,8.655573670734103
UBR5,-0.7484262530340389
LRRK2,-1.3019414732295114
SMARCB1,-0.40930475141032846
GFPT2,0.16402058575839346
NUPR1,2.143044197015323
PLEKHA4,0.2273493747328019
TK1,1.8386323388240704
POLR3B,1.6211623607870316
PRC1,0.45039446104629405
CIT,0.20737165386915382
DISC1,0.5605821466169896
VIRMA,-0.9522711945411575
TEX101,-0.8133087350846747
FPGS,0.7225627947522347
SUCLG2,0.12291376647913795
CLPB,0.026995339917213375
SCD,-0.27943509610978834
PALB2,-0.7673118319524893
HADHB,0.9440186814586297
TRMT2A,0.6191774536981984
CKMT1A,0.9723545669769298
RANBP2,-1.8278052427116032
PSMG1,-0.7979822611095108
ECI2,0.32574522226505165
QTRT1,-0.2377476747760433
BNIP3,-0.8086650029715421
LGSN,0.05892791552075396
AARS2,1.255262947598429
SLC37A4,1.2079464521371475
INTS2,-1.0462141887455825
SDS,-0.7342112743251757
NT5E,-0.8411989443949277
PRUNE1,0.17580834137383583
DTYMK,-0.005234269214033492
SPPL2B,-0.22034583973900101
TOP3A,0.34471413782815596
TP53,-0.7828866731797985
NADSYN1,-0.8517329853474948
MRPS6,0.7770463421546122
KATNAL2,0.3065499602264225
UEVLD,-0.8755171513679394
HAGH,-0.09128107854553408
CTBP1,-0.5022679802359291
SLC25A11,0.27185625775618566
PAPSS2,0.32345391126913986
ILVBL,3.564870945768891
ALDH16A1,0.6741048993489311
RPS6KB2,-0.18553008798078938
HMG20B,-0.19092110126885312
EIF5A2,0.7571440926245613
LONP2,0.2254587571119807
EDRF1,-1.3008543320978698
SLC25A31,0.682868446826391
DDX10,0.6758234687654111
CLPTM1L,-0.8257033696062941
DECR2,2.505287424833494
SPG7,1.0630495388137111
DCK,-1.127546069664945
RDH13,0.3897446364755867
ND5,0.7590801659228448
CA9,1.9500884384464592
YME1L1,-0.444909629563158
HARS2,1.1659823963837845
UCKL1,-0.026032730870673426
LSS,0.27089530190874433
P4HA2,-0.34843314851330975
CRYAA,-0.2027595294351446
ATP13A2,-0.6749011338455331
PRKAA1,-0.555979144209385
NADK,-0.6285733444497472
DROSHA,3.2448825464608895
CEP97,-0.30552888040489556
SRR,-0.2778741965988601
HSD17B8,2.362437391898679
XPNPEP3,13.996074490116825
ATP5MG,0.5003562393462232
DDX54,-0.3062243905878629
MAP3K3,0.34018273713203323
UNC45A,-1.1811855204494774
ASMTL,0.8380797392869498
GCDH,0.6228319878979748
MVK,0.3301252861676613
RXRA,-1.3552728300920163
UMPS,0.37270512920206084
LTBP4,0.40314760993870474
COX10,2.7030154098632138
DSP,-0.01426945285931471
UBAP2L,0.7315921494770715
EARS2,1.601914221183697
OGA,-1.0081405121689873
ERGIC1,-0.4205358397787708
CD151,0.8009725688814994
PDLIM7,-0.25515481095734244
NIBAN2,1.6714648461877146
BDH1,-0.7483460630756266
DHRS2,0.3278644181652313
RDH10,1.1456187109729281
DDX56,1.5902102026036766
DDX17,0.06494167560620183
NUMA1,1.2654239059230492
ARL6IP1,1.406957144842309
MRPS12,0.8317855149631449
DDX51,-0.2813121022761268
SLC3A2,-0.1856869652707871
RARA,0.25279530342541495
GSTZ1,-0.8297552111822938
MRPS7,1.1941012103056536
LHPP,3.2388958950748665
ACAD9,0.599334720637086
HACD3,0.18276509102466573
DDX28,-0.31056927886941216
DDX47,-0.22216778040503643
DDX46,0.07550720357517035
DDX55,-0.5545317627190376
DDX42,1.611431640981882
MAP3K11,1.078949062733172
NR1H2,-0.7176482858357791
DDX43,-0.1723529974629937
DDX21,0.5562146060358873
DDX50,0.7213120432299789
DHCR7,0.37804207089551545
DDX20,0.7119172245500077
DDX31,0.360852331774428
PRKAA2,2.2676627804594887
PPM1B,-1.2774552643076627
DNAJB5,-0.4515029322597423
DUSP16,0.2535889348654325
RNPEPL1,-0.5106942930085003
JARID2,-0.7124533716997589
MMP17,-0.4590302310863496
HMGN1,-0.0831298538894781
AKR1D1,0.12582213528228842
MSH6,-0.7955023877917388
HMGN4,3.0995011366542795
ALG1,-0.4981320765220476
PRP4K,-1.7076466432030815
HMGN2,-0.3792085091826488
TADA3,-1.0334929880932429
SMG1,0.7515668714969697
PXDN,0.1210424888961164
TBPL1,-1.2201590638613184
GATD3,0.33480627479172403
SRP54,0.47947710712245317
PRKDC,-0.49128026390062646
TRAPPC10,0.3179435705858786
CDK5RAP3,-0.035826614210997136
HIGD1A,-0.29574931010506184
ABCB8,0.29301759226221347
PIGW,-0.9105487691754581
GRK6,-0.5756431446855381
PGAM5,-0.09383856047201819
ANXA8L1,-0.13304177686411187
TFAM,1.1664890279112727
CTBP2,-0.5548719240438506
ATP13A1,-0.3298421425073061
UBA7,2.6298216303054502
EIF5B,-1.0985973348339602
EIF2AK2,-0.27186018658063205
UCP2,-0.19245317557826688
DALRD3,8.773378848868782
RMDN3,0.7788362380218327
MRPS16,0.6666533725485907
RGPD3,0.09057038371333037
OGT,-0.13245857734663583
TUBAL3,0.9509863253056339
HSPA1L,0.6367842996654095
SUMO4,1.0366320767439048
H2AC18,0.31254337326499504
H2AC1,0.556886659421154
FBL,-0.3978049924698406
H2AC7,0.5655086511628429
FBXO6,-0.5426512356936649
H2AC4,0.4285156203696168
NTRK1,-0.3678590431950234
MYD88,1.2268493909151856
TBL1XR1,-0.6694257924679213
TAF7L,-0.7207929862296263
CLP1,16.263568065270515
TAF1L,-0.8345936720877302
PAPOLA,-0.07986300080872638
KRTAP5-9,-0.6503564900708336
NME1-NME2,0.12486052186677501
KRTAP10-7,-0.4156613558667916
TUBB1,0.08320631166021485
PPAN-P2RY11,-0.9695777273813118
UTP3,-0.463803538654389
SMC4,-1.0988923470009917
XRN1,0.316547644262042
NME4,0.33077823670823586
MAPK11,0.33268737129724324
DNAJB1,0.5423540605540877
TMED10,-0.5294255620795135
ARAF,-0.006621512992446414
EMD,-0.15433702808720637
DBN1,0.8560738342685719
PKP3,-0.33473330765170384
MYO18A,0.8022005516542395
HSPB1,0.5161563721571983
H1-10,1.7284602813160075
RPL29,-0.0717290665861824
FLII,-0.43439126202359896
TRIP6,0.2183031065137011
CPNE1,-0.129891358459502
RALY,-0.818027843362054
EIF4G1,0.09844101406916778
ASCC2,-1.5916231781732297
NUP210,-0.05377661368021216
TM7SF2,-0.8402964827838991
AGRN,0.01135490361845767
PBXIP1,0.04559976160026317
PANK4,-0.5313520351149337
HDHD5,0.5454938272062525
TRAPPC9,-0.990382824793912
ARHGEF1,-0.44293387562795805
CNOT3,0.47605803128315527
RRP1,0.012878050608485968
BCL7C,-0.2054997036592908
RBM10,0.961847800553414
DCAF7,-0.13365523179147323
CAPN15,0.15418364801041387
ARHGAP35,-0.025957755525536533
ABCA2,-0.48667613293869827
HNRNPUL1,2.0737250054262875
MAP4,0.8252373298666973
TRIM28,-0.3269881244101177
UBE2S,0.32015847403259406
COLGALT1,0.2711311613877444
CHD4,0.6915421548496833
SART1,-0.3454157438103763
TTLL12,0.15142305891988792
ARHGEF11,-1.0898577020088707
BRD9,-1.1337107448617276
MRPS34,0.9037900010999554
PIEZO1,-0.5083683815154894
VKORC1,-0.3842371949076042
MED15,-0.1534773076770605
MCRS1,0.08696261747075539
MBD3,0.4644051752620907
ZBTB7B,-0.38463269527085825
EDC3,1.4406963392480026
ZNF787,0.016567856878229464
SHKBP1,0.38011761122717086
VRK3,0.22828604676187905
MED16,4.04695373917705
PDLIM2,0.7996713616126089
TFPT,1.6859965734417115
THEM6,-0.4155525432849542
MTA1,2.6544761052400174
KIF22,-1.3240027974500228
BOP1,-0.30906989869206075
MPG,-0.006078997766669886
STRN4,0.1267571318687395
EPN1,-1.0564476325097627
GTF2F1,3.0639953717394444
ZNF768,3.119044675423333
INTS1,0.07763234282983958
GTPBP6,-0.4126357880239095
EHMT2,1.3746486265136473
RBM42,-0.7172323105523735
B4GALT7,-0.7456041683140421
MAZ,0.818464500582333
TMEM120A,0.8632540915270318
HIP1R,-0.35092212073080037
NOC2L,0.3906495370614097
LRCH4,-0.8211748224678124
OS9,0.4803292798864952
UNC93B1,-0.5122002460212728
MBOAT7,-0.2783725155571299
NHERF2,-0.42229735053515943
FBXL6,0.3185694084438922
RELA,0.724805503284818
MOV10,-0.2629312009110864
TARBP2,0.8186051876065006
ACOT8,0.029213102933817535
TAOK2,1.0256629753620639
INO80B,0.3800772788887355
REEP4,0.013785538560971512
DGKZ,-1.1142472686475045
EXOSC4,0.20439878321059074
CIZ1,-0.3544795410554991
TMEM214,0.34882435484112106
EDC4,-0.36607425544648103
ZNF592,-0.7740603505679552
CSNK1G2,-0.835474374086677
TRPM4,0.08899464020294463
POLR2H,0.2803847503977002
CIC,-0.17398173049644214
MYDGF,0.09549855122812785
SMARCD3,0.8446598369693964
KRT8,4.972126295145139
SFRP2,-1.1098799107266506
MYH7,0.2437510956785202
CASQ1,-0.4786116213595564
CKM,0.20671903322780488
EPB42,-0.7307582200102665
PHKG1,-0.6728601652595189
SLC6A5,-0.8838125005107736
PDGFRL,-0.7228370597017577
SFRP4,-0.4144276061960019
UBTD1,0.5509965836619836
MIDEAS,0.5607902483969961
TEAD1,-0.16976131843588493
ATP6V0A4,-0.9780315931172442
MYH2,1.0551997470936345
ANKRD2,-0.4656620070214221
NDUFB2,0.15941859111639795
TCAP,-0.412789424725586
ARHGAP44,-0.3837086207985855
TEAD4,-0.5508414615494914
UROS,0.17515578364228165
MDH1,-0.1897095255334974
ATP2A1,-0.46675628103390604
MYH1,0.39467831065250897
DLC1,0.8271433161855812
LSM7,1.3648195441806106
ZBTB7A,-0.9910573327190318
DCP2,-1.1977049068370729
NOS1,0.12541748710727652
CAP2,0.6591130244625669
DCP1A,-0.03524966083893889
AMT,0.21589413023223775
SLC7A1,-0.1007310935781755
ERG28,-0.10557081435168068
GBF1,0.974895259931969
NAA16,0.4875812677433082
MYH6,-0.02574787565164827
RRAS2,-0.47581193623929435
ATP1A2,3.7292310030986453
RNPS1,1.6071379487604907
ADA,-0.6110127320814605
POLR2F,0.298976883405704
OXA1L,-0.26971858615474914
MAD2L1,-0.13943977640192062
SQLE,-1.0259896375790523
COPS4,1.2452278671944883
APOO,1.7365664656553328
HIF1AN,0.6854062299601605
G3BP2,-0.8217082176875204
MINPP1,-0.1524335813631091
KLHL7,2.7694300261955287
EXOC6,-0.7839157910918709
KIF11,-1.1935913270852858
ORC2,0.10702990275877594
DHODH,0.16393203694274872
ERC1,0.14442888963297099
ETFDH,-0.03443778260547466
ATP5PB,-0.38250512028153405
HNRNPAB,1.3762761216240118
MRPL37,0.9900326478065775
ABAT,0.02914849546602483
SLC34A1,-1.272968250735548
RABGGTB,0.62608067993866
SAMM50,1.6150228837675529
ATP5MC1,18.39203713622864
SIAH1,0.32283981173337867
DYNC1I1,-0.5241493603301769
NUP155,-0.7938156594275801
FTSJ3,1.3122489525652985
TMEM147,-0.7535175323102259
CAMKK2,-0.877130837362579
SLC25A3,0.493714993882406
MGST3,1.4050225304598738
C1QBP,0.7431118705585954
XYLB,-0.7144365057672789
POLR3F,0.8489351128390421
DCAF8,-0.5576167493655029
COPS3,1.7501273603898864
MRPS22,1.677086370779991
METAP2,0.17138252978241472
ELAC2,0.5533780744584951
PFN2,1.3374477646723306
ACOT2,1.0840649302380332
PARP8,1.601153202618988
INS,-2.4563650073548966
PDHX,1.43002574596599
CPPED1,0.050458370768291246
ADD1,1.0252063200107615
FERMT2,-0.7821094191737917
BCKDHB,0.7951860817259941
SCO2,1.1300720037069325
AMPD1,-0.8951489207331561
MRPL21,1.4047803426119037
MTHFD2,0.09942933131068953
MAPT,-0.011184204041647428
RBM45,-0.22477320476640442
MYL6B,1.2011077800862409
FHL2,0.3468666639325977
BCS1L,2.8095457589582287
EMC2,-0.009324070811959288
CBFA2T3,-0.5731086097163799
CHMP4C,0.16418275021824563
PNPT1,0.8712747055185629
MRPS9,0.5301980491212155
MRPS15,0.43135876467901163
MYH4,-0.5781229273400099
PPAT,0.16538808082567022
MRPL19,0.26543969888302044
COMMD4,1.221932872525294
PRKAG1,-1.3535020510992783
NONO,2.328435848945208
LZTS2,0.5082574890362351
PRRC1,-0.6290111205284308
MRPL1,0.2545603570277966
SLC25A12,0.6001185841565143
H3-3B,3.2524116808626578
BDH2,-0.21015592017219092
GCLM,-0.9294385929360144
AURKA,-1.207418789419835
NARS2,0.2750603814580822
PXDNL,0.3306054765044087
PAICS,0.21863342072259978
MRTO4,1.5973881587795615
XPO6,1.8200453825069218
FAM98A,-0.6698301619223003
PDPR,1.0892775903912815
YOD1,-0.2694613949104383
NNT,-1.0753618932877007
ARFIP2,1.4132213574848231
MRPL44,0.7425181529606679
MCFD2,-1.0377487834089965
HPF1,0.6391964170327826
NDRG2,2.3960557026935625
CDIPT,2.205420806790313
TPM3,1.0083436523559834
NDUFB8,0.2634779008467325
COX2,-0.27194585814901734
ASB8,-0.2464705661416858
CDKAL1,-0.9544575278064159
LPL,0.4600594432098094
RPL26,-0.13503160723826876
TSC1,-0.8218560285284785
DHRS7B,0.2684247012862257
CKAP5,0.23387612941466357
SFPQ,0.7223816584242945
TRIM25,0.5842963515823576
CDK5RAP1,-0.019118812838523527
RPS27,0.27882856890410124
UBAP2,0.44896224290077863
ARFIP1,-0.4449385507553837
DDX4,-0.4936546279362839
DDX24,1.004709515029873
UQCRH,-0.43959523329336186
DHRS13,-0.36316746302091435
USP13,1.0638061107963304
GAMT,-0.681218391687714
UQCRB,0.28347591863633165
DHX30,1.7302674956362212
GMPR2,0.4931365368338573
MYH3,0.4810240019646387
MRPL11,0.7566343161712372
COPS2,0.20163563686234556
DUT,-0.8714038731930966
PCCB,1.0014922890700246
RAD51C,-1.0361926594909723
NDUFA4,-0.7749421400601558
GMDS,-0.927818292686124
TOMM20,-0.3041402069446219
PRPH,-0.5084268254179218
MRPS11,1.5567680946049414
FOXP3,-0.8211925736770461
PLA2G4A,-0.12391628439180714
PPP3CB,0.963201359723684
QRICH1,10.733004012109527
MYH8,0.38754535684897107
TARS2,2.2709904738106
SAV1,0.3153917472778003
MCC,-0.5999152733625932
PLRG1,0.17090413211952302
CEP78,-0.4609267505753983
HAX1,0.2321226519212194
DFFA,0.970168334197612
GNAS,-0.7314260704781279
COQ8A,0.1863764134401853
MLLT11,-0.027792745215736592
MAGED1,0.30934272898508597
GCAT,0.5390943707662578
SUPV3L1,1.0238195695509493
CIRBP,0.7188062248449671
SEPHS1,1.1209481442280713
PCBD1,-0.10944282616029505
MRPS27,1.8445004112379175
GRSF1,0.8601745837984619
EIF2D,0.002893259822248232
ASB13,-0.07725120917517625
ZMYM3,0.35605933472403223
NPRL2,0.6478423286457438
NPRL3,-0.689328091117001
SZT2,-0.48580699334276845
WDR24,2.6164348733982488
MIOS,-1.1685329519363585
WDR59,-1.0124481920716542
ITFG2,-0.557544486711071
KPTN,-0.30669313758507377
CASTOR1,-0.4562850617022956
FNIP2,-0.7863311299994737
FNIP1,-0.30715978142404593
CASTOR2,-0.49333565418884323
FLCN,-0.650430328814291
KICS2,-0.535473092748665
TBC1D7,-0.40361717028447874
RRAGC,0.4067733187978188
BMT2,-0.7889712874417817
SESN2,-0.7953044362326186
SEH1L,-0.3031155772825055
SLC38A9,0.01005101435160284
DEPTOR,-0.18479975281726496
SH3BP4,0.5646577068517377
LAMTOR2,-0.37768666659241423
LAMTOR4,-0.5783108845134053
KCNT1,1.4283728076114541
RNF152,1.1528166176019046
LAMTOR3,-1.2022743342249287
TFEB,0.057725425763570835
CHRNA2,-0.23456043785051098
LAMTOR5,-0.3515683341970963
STRADA,0.6794361807261223
SCN1A,1.3881727056149928
CHRNB2,-0.34401489877827257
ULK1,-0.6941813666344813
CHRNA4,-0.5344972679538693
SLC36A1,-0.2053494526807282
DEPDC4,-0.23009765099566373
DEPDC7,-0.4098067165936157
ATP6V1G1,0.20896488956815376
ATP6V0E1,-0.3231250310467006
ATP6V1G3,-0.8170072911465183
ATP6V0D2,0.33149329566386215
TCIRG1,-0.1141780029991694
ATP6V1G2,-0.6112289881547242
SGK1,0.05854966541675911
KCNQ3,-0.10089303096082534
KCNQ2,1.32706605338044
ATP6V1H,-0.12140186313814351
SCN2A,1.6021032057709916
PCDH19,2.9226007242607874
SESN1,-0.46518323769903536
SCN8A,1.0533860775054387
GRIN2A,1.621752788797817
KLHL22,2.6513257009402458
DPPA3,-0.8713077510461928
LGI1,0.26941638437956095
MAP4K3,-0.6477642419822682
KCTD7,0.24273397179535178
RRAGD,-0.616471534897918
SYT17,-0.3917223024924551
PRR14L,0.37700732774143453
CHD2,-1.0387092329362018
TBC1D24,-0.4715043912809579
MCPH1,-0.5559449010910433
MTMR9,-0.4382609274755113
BEND2,-0.17391959410759264
ZNF414,-0.5400868955911312
SCN1B,1.8527442164926908
GABRG2,1.190808533996485
LMO1,-0.22861583832502788
ZUP1,0.6353035505188391
ATP6V0E2,0.4998358151527063
POLE,0.4931592716183583
MRPL15,1.346389704016295
VPS11,0.4126875943861505
STXBP1,2.4089623713689097
PIK3C3,-0.7719462708111168
BRF1,-0.11131912335225667
UBE4B,1.2518992090950605
PIGO,-0.05085181177586288
PLAA,0.22024778469471712
EXOC4,-0.23712167581941548
MCOLN1,-0.5705213918429886
DHX38,-0.1415410543516812
LSM5,-0.48784631716086146
TTI1,-1.5552517052735226
CLEC16A,0.43820800355870515
ARFGEF2,-0.0671776138954314
SMC1B,-0.9509281569541195
UVRAG,-0.2589028784115558
TCP11L2,-0.4201590968386246
HPS4,-0.749018563833284
LPIN1,-0.16554343384076858
SMC1A,-0.4486136461992259
MYO9B,-0.8467094310318084
ZFYVE26,-0.24477675990887626
SF3A1,0.4485422673056768
VPS33B,-0.11594014300367779
SESN3,-0.21310614126951088
RECQL5,-1.1929737993384613
CHD8,-0.1847751927690144
MADD,0.3992519867250679
HNF4A,0.38061882049897533
ATG13,-0.024987228790840674
CACNA2D2,0.7427051247215977
HYAL1,-0.678984376147841
TUSC2,-0.3671103760008768
NHS,0.1449192930860935
CYB561D2,0.696885243977285
MEX3D,-0.4851592228676697
ZBTB5,-0.20048417249273148
ARL5B,1.7797527694518795
MAP3K6,1.9745211612554827
LRCH2,-0.5504921301481588
ZMYND10,0.37029805120355275
GRB10,-0.12164225056766496
CHTF18,-1.3870495343740157
BRAT1,-0.5244515832134247
SEMA3F,0.5964923445901046
PEX1,-0.6652488114292141
ACTR5,0.2207133454187789
RAD17,-1.4936321327348374
TNKS1BP1,0.5089794138740065
PER1,-0.5195946994225042
HERC2,-1.0572349991112189
VPS16,-0.03878650605788381
APPBP2,-0.7349721853835072
ARL8A,-0.5984904427245253
SNX1,0.578738811832074
GNAI1,-0.8010782579485569
VPS53,1.905583733236428
PAF1,0.4988799338311568
XPA,-0.5656029777545039
LMBRD1,-1.1619969406333337
CCZ1,-0.976074603815886
CCZ1B,-0.8146788716329915
PEX5,3.0271058202357435
CTNNBL1,0.7667917937760627
ACOX1,-0.42865215704458326
BORCS6,1.6459773884055733
NDUFAF3,3.2332691796868
FAM32A,-0.8462054040450406
ATP6V0A1,-0.08659947136657
INTS9,0.6199053800769925
NOSIP,-0.7359671692601061
PAN2,0.4270053977897757
UROD,0.5129477643152139
ATRAID,-0.5471934260102527
NUP85,2.0545565105584043
DHX16,2.205666609930631
EXOSC5,-0.478633931221094
BAP1,1.1991638816985728
ARIH2,9.382833763500901
COG2,3.288997352591581
UBE2QL1,0.6040691538276713
NISCH,0.10268276610261971
VPS26B,-1.108880017187419
POP5,0.6022732449208129
CDKN1A,0.45727260738320896
MCM9,-1.0267224082531796
ANKRD37,-0.29477600101849094
WDR19,-0.4006397983633789
HIPK4,1.4659063130100323
NELL1,0.08769576690537423
SEC16B,-0.7183954213568333
IFT122,1.8761842725834412
EID1,0.6887970961716169
CDKN3,-0.8333288554262483
WIPI2,0.08894945172396118
NIPSNAP2,0.23069565377265802
BCAR3,1.6654647515792207
GLS,-0.887673000013185
FBXO25,-0.21168780160594236
TRIM21,2.4670896853966404
TLCD3A,-0.5941167548802151
RB1CC1,-1.1044789630917127
COPS5,1.563058501571685
IFT140,0.4209307134640583
RNF126,0.27942211211231543
CAMSAP3,-0.13412297176831786
PIH1D1,-0.9106478438379904
WDR35,-0.1357287595187407
MAPKAPK5,-0.7874022891300475
RIOK1,-0.3847855504571209
CCDC40,0.31180290239189984
GABARAPL2,-1.070681221466515
FLNC,-0.21007321000102785
IFT43,-0.11008855407880482
FASTKD5,2.181981352885386
NOP58,-0.07241596573286616
WARS1,2.34808283198643
NME2,0.6166133575519692
CDC34,1.6090983973930952
CALM1,-0.611472089192252
XPO5,0.8779746260501586
ACD,-0.4829013795458251
NAXE,1.2606532358441012
TTC21B,0.4390566363529899
KLHL9,2.2351837627960065
SMS,-0.8233318329062409
ZBTB38,-0.692653137491084
SIRT7,-0.871732980966144
PAPOLB,1.680312220521153
ARHGAP17,-0.0028508047659914063
YKT6,1.041223135509238
CKS1B,-0.23911531872232822
NDRG3,0.7235149724486938
MTMR2,-1.603767003318051
GTPBP4,0.47778520160671595
GGCT,0.020954633295588335
TINF2,-0.07084898575423887
CSTF2T,-0.0804327064221246
PSME4,-0.8528880790820978
HCCS,1.117613636950353
ZMPSTE24,-0.7290139026827344
CKS2,-0.5796022162154116
CCNC,-1.4787741293794021
POT1,-1.1897952708179491
RSU1,-0.5101566965822938
TERF1,-1.0869461205251425
ATP5MC3,0.053124980902313004
UBE2V1,1.3318072623888206
YEATS2,-0.7387269496053671
UBE2D2,0.69770932801789
DYNC1I2,-1.595053261387342
ZHX1,-0.722691842035025
RMND5A,2.269923341198161
PSMB6,-0.40491194194172897
CDC27,-0.9792150471113509
G3BP1,0.03201071700250273
FBXO9,-0.33788210506090216
PITRM1,0.7242752981540161
DPAGT1,-0.23835960338485865
ELAVL1,-0.4498458117801996
MYH13,-0.6478909701999437
MAEA,2.911056634201441
DNAJC11,0.016672456942160553
ZNF593,-0.1857644127092729
STT3A,-2.00096373991186
GSPT1,1.59181427243192
RBM34,0.4329133868583141
PNPLA7,-0.6616953137558864
DIP2B,1.04842647124201
WDR36,-0.6358806389141979
AKAP11,-0.20885506305773288
RNF20,0.7604514965967756
ESF1,0.08501036630233966
VPS4A,-0.8777334691036476
ANP32B,-0.32139207810781606
RBM19,0.040285322015281115
HDAC3,-0.16308076027007778
SLC20A2,-1.181130846205675
SP2,1.815716143411502
MYH15,-0.4552810093744538
SRSF4,1.119408924656561
KLHL20,1.9818321167487591
EXOSC3,1.5209075919405135
MBOAT2,-0.8368924495622972
SLK,1.1629436495600245
ZNF281,-0.7034544365536745
ORC3,-0.5945751114856096
NANS,0.05783274476277352
NCS1,-0.5390703470417162
WDR26,1.961169764076677
UTP14A,0.989930471302028
RANBP10,0.8242314731705233
AMD1,-1.5016594361690405
EXOSC1,0.9720443272410645
CARS1,2.3104444871269862
OPA1,-0.265831528301777
KIF2A,-1.2910265046270615
GTF2E2,-1.7073741462115857
WDR82,0.01867329053962405
STAG2,-0.4012834345132865
KMT2B,-0.6880132869930058
SLC38A1,-0.013860692086009591
DCAF1,-0.5714864593895896
SYVN1,0.40509221653760463
TRMT6,-0.6505381830681904
BMS1,1.335886611343826
GTPBP1,-0.9783417086549463
AMPD2,-0.1998660259538698
RIOK2,-0.5715585073955446
RPS4Y1,-0.11990565640218147
MRPL58,1.3918079742388687
THOC1,0.2132169983978332
RER1,0.5265842122528626
NOP2,0.4483524359826183
APIP,-0.32521144902326476
NUP205,-1.4188307846238177
MAK16,0.01632744662681251
CTSC,-0.17545949618804293
NSUN5,0.07745117375159147
POLR1D,-0.15242259214025186
ABI1,0.14244316476640703
KDM1A,-0.40609294004005736
DNAJC13,0.4062351255445325
NDUFAF4,0.7084527179335741
WDR5,-0.5058860290092447
TIMM21,0.9128729055775751
TCERG1,-0.7360588596893572
KLC1,-0.7117552441769277
RPP30,1.0180792324078038
CWC27,-0.3402539477335745
EFR3A,-0.8408325422474786
PAPOLG,1.3828505929391504
GTF2H1,-1.8502279103479333
POLE2,1.2718736235604406
SF3A3,0.9719042103142609
LEMD3,-1.7193046237119076
SPECC1L,0.2094162516518536
QRSL1,1.2796939459348877
RBM5,1.1035357014959315
CD2BP2,0.199420391320842
ANGPTL2,0.2311322301615938
CERS2,-0.1357708471218125
SLC25A29,1.441509313741698
TXLNA,0.875387173272846
GLOD4,-0.5619402497573951
POLR2I,0.32844782253304106
SNAP23,-0.44975437249821687
CD109,0.7032026354749601
TMPO,-0.543995591174197
DIDO1,0.4361550459058282
CEACAM5,-0.9969532745081828
GTF3C2,0.1323949588283017
SOX2,-0.6992627958511056
THY1,0.584291018164223
TYMS,-1.016534456528435
ALPI,0.4387198471220875
CTTN,0.20214895998853175
SSR4,0.2821560107996306
SENP3,1.1501624397086556
PRPS1L1,-0.814971508199815
METTL3,-1.4003388902581602
UBA6,0.842223744477416
UCK2,0.7916518372437997
ANGPTL4,0.622682911182451
KHK,-0.8422025918201902
BMI1,0.054606875547858626
DBT,-0.41642591442594323
TAGLN,0.24295470805998046
LMBR1L,-0.789999567797047
GAB1,-0.5157428439011648
STK38L,-0.6445639433122504
NCAPD2,-1.4822175552976045
PLCG1,-0.1231810918706753
ALDH5A1,-0.27264175791668127
HARS1,1.1156296534346895
SAMD9,2.171032702404564
SLC20A1,-1.0993778774062257
METTL13,0.3960163052961355
PLOD2,-0.6867156907224475
MCMBP,-0.9615496950038842
TTF2,-1.2573563817598226
CDA,-0.7215420027165744
ODC1,0.24822143252740408
FOXM1,-0.8617547089234315
ZC3H14,-1.1458700942670168
ALDH8A1,0.16777605263806558
TARDBP,0.2480405397058981
RNF4,1.8553620351581084
ALB,-1.5847812374906474
CDKN2A,-0.3573067058014868
CAMKV,0.2539763797089328
ACOT9,0.31649462378565724
DDX3Y,2.5122121199882743
E2F1,-0.19035861678470697
HSD11B1L,-0.6806225619536996
KPNA2,-0.5517210257375665
EZH2,1.6609544486851981
UPP1,0.9780885951497389
HACD1,-0.9134984125391801
AHNAK2,0.23709254424383333
BIRC5,-1.498576060963102
PTTG1,-0.8351276002047836
NANOG,-0.806732665503948
RHOBTB2,0.6738701280425262
FEN1,1.5468616803775663
ACSBG2,0.5705529693211943
LRRC42,-0.661498313936412
TPM2,0.3836513621911787
LPCAT4,-0.9021819827701067
DHX57,0.011974257301008151
AGR2,1.299478515872333
H3C13,0.280854785638044
PRNP,2.016802646367865
SFXN1,-0.33257858598380474
H3-4,0.726984631005788
H3-5,2.081774211518474
MSH5,1.6327150947780391
CAMK2G,-0.9459364211373484
PAK1IP1,-0.47978099697109833
NCEH1,0.44299158463523636
KYAT3,0.2008058425272198
ATP2C1,-0.7368222384096417
KNL1,-0.9475966874527624
DHCR24,-0.09035851786557302
ZNF395,1.5060277606920633
NFIL3,0.7291616157549741
STMN1,0.12445253986512667
CASK,-0.8082392906494817
PRKAB1,-0.669440009858103
NDUFB4,0.5841411099280079
RNASEH1,-0.359932399243814
SQOR,-0.011052163822680401
TRAPPC14,-0.22094997108676612
TACC3,0.6419693763280808
PRAME,-0.6805479113985233
HTR7,-0.8278009770689272
WNK1,-0.6178453297461379
COPB2,-1.6989615566137743
TP53RK,-0.6362856706205915
DNAJB4,-1.158927370407203
H2BC3,1.7917466351559532
EIF4E2,0.48030303827479454
H2BC1,1.1328349856386704
PFDN2,0.9618181770582372
MPRIP,0.5183040648393806
TRIP13,-1.3877059123135793
HNRNPU,0.8912338647537903
DCTPP1,1.1299328390690202
S100A6,-0.39995412804027203
FANCI,-1.4883580570564432
HMGA1,-0.07692932219840333
MYG1,0.3096412964940121
CLTB,0.18196183192981036
RTN4,0.1599128202655768
DNMT1,-0.13623568643202438
NASP,0.9305002306979987
SEPTIN7,-0.14401387499652632
PSME3,0.943878067708394
EBNA1BP2,1.8561694312299764
TUBA3D,-0.43639641960614606
IRAK1,-1.292666349579235
MAP1B,0.3801739335757969
RIC8A,1.6662478295997594
SNRPB,0.027452563095336717
SYNCRIP,-0.16171199625830404
FTSJ1,1.161409396867848
RFTN1,0.5546999463252164
INTS13,-1.1500858416111908
PWP1,0.5726006086672113
TPX2,-1.468996086767607
NSD2,-1.4810271072783032
CDK7,-1.1021875003532933
EXOSC7,0.2913445336783751
MBD2,-0.6239162219632741
SRSF2,0.5001465377449614
MAP7D1,1.072584711392174
NUSAP1,-1.2603694950692337
KIF2C,-1.0859279334128178
MACF1,0.7520535928844988
CEBPB,-0.3619080492798597
SNRPG,-0.06534728854783092
HDGF,0.6401575312463741
DAP3,2.2589953816407315
CKAP4,-0.4621595477935092
CCNA2,-1.4264824966573197
BUB3,-1.487499269003997
DDA1,0.6378408976358203
SNRPF,0.6813559374766897
PEF1,0.13138003893297515
SRSF9,0.3989607583635553
SNRPA1,1.3542261988787758
NT5DC2,1.0277040854362363
UBE3C,-0.845742568232212
DERL1,-0.5258815809908911
HLA-A,0.9823499519228479
MAPK10,-0.8682111934571296
PCK1,-0.9591995537265084
CPT1A,-1.1950817145250652
MPC1,1.2881471146888075
EGLN1,-0.8287463938936512
BNIP3L,-0.7489009680238982
HEXB,-1.077948998543599
ADH7,-0.17115861707305463
F2,-0.8434983139467646
IFI44L,2.138787259862055
ABCC9,-0.7463839649263625
PTER,-0.5696329180093043
PGC,-0.5255721886312922
SDHD,-0.05112834681649173
APOL3,3.256911385945305
USP38,0.8991055314335621
PPM1K,0.192452223049796
KCNJ11,-0.267791596381316
PHOSPHO1,-0.7530820495499125
MPC2,0.22874497117294856
LACC1,-0.5006325649513582
HNF1A,-0.947192556376687
RAB3GAP1,-1.181060387534509
PPT1,-1.0815959393742192
DBI,-0.21662013415353143
CACYBP,-0.9881182707079132
CNDP2,-0.3803783112098036
SF3B3,0.6294890301792518
LYZ,0.11990171631288564
NIT2,1.184769047459169
FABP5,-0.8748307064170815
SNRPD2,0.5919808174471125
SNRPD1,-0.11622420739612493
RANBP1,0.7298105418833524
RPA2,0.4473920228311132
FKBP3,0.5092842993352179
TXNDC17,0.00033013070686452203
CA2,-0.5170248943501031
SERBP1,-0.7675082799770647
BAG5,-0.17656436959039978
CIAPIN1,0.7089518384632372
RPA3,-1.0763200773308153
UQCRQ,-0.05978272912284959
KPNA4,-0.6418008042834207
ST13,-0.8537217234689942
BZW1,-0.669962290782448
HNRNPC,1.237929657889524
SNX3,-0.5696377868282307
ERCC6L,-1.1332608772865738
EIF3D,0.5986437429968203
RPL18A,-0.233314125728555
COX5B,0.531470972764084
UBE2O,0.3401798079226262
SNRPD3,0.3398214385843226
SERPINB1,0.37861649776981754
SUB1,-0.4206674464096964
HNRNPA1L2,0.21253180546191994
GCSH,1.521662047235175
UFM1,-0.9548953577714814
GNG5,-0.5853441857117397
TFAP2A,-0.5431341415951929
DOCK8,-0.9089668625194682
AAR2,0.6396046731495202
KRT18,-0.4829119004504105
LYPLA1,-0.7878301431646721
VTA1,-0.07662701994916594
BZW2,-0.0582526061073915
GNAO1,0.7015897287865671
MANF,-0.05314559237525093
AP1M1,2.520657425211674
PACSIN2,2.9742575323614746
COX7A2,0.9575780440199664
NPM1,-0.20957002230524013
PLSCR1,1.0311356070959787
NDUFB3,0.35439647072803243
RAB5B,0.1092987139404593
NAPG,-0.18294773813020737
HIRA,-0.7578777156486557
CHCHD2,0.12768070785298155
SELENBP1,-0.2029161819708642
PDCD10,-1.4203574912573789
UCHL3,0.3243898619756097
MAPRE1,-0.6573961151648586
CAPRIN1,-1.2075811589139724
TAF6L,1.8233165652084558
TBCA,-0.7185095260756948
ERH,-0.5367070219193628
NDUFS6,0.12004509593809876
TIMM10,0.29832665178683315
LMAN1,-1.4163118550670803
VCAM1,0.18570050344188302
SSR2,-0.771639106003922
SSR1,-0.9357020599639373
NDUFA6,0.0022642533676903672
MRPL17,1.584174909934365
APOE,0.40639939209014103
CARHSP1,-0.4688968045143691
POMP,-0.7350679926507978
BROX,-0.5350583879829814
RDX,-0.33756763815731544
DAD1,0.2189566225064992
ISG15,2.0273439177438766
SEC61G,-0.9382401481363573
TAF5L,0.25264855533487274
HBS1L,0.5342769454627829
UAP1,-0.41227324826579553
HDAC5,1.0056692792134205
THRAP3,0.187332289670435
RAB40C,2.161889342169053
COX6C,-0.39815197926813933
COX15,0.1499876275178379
ATG3,-0.9979547480717089
ALG8,-0.07966536513186122
TIMM8B,0.5685585675215222
NIFK,-0.40549762399902073
ERP29,-0.07977314618471361
VMP1,-0.374171312593636
APEX1,1.4115518010282033
MYL6,0.39543188967222576
SRPRB,0.11292297855997335
RAP1GDS1,-0.623685548767895
SNRPC,0.15965844375124533
LETM1,-0.16655067158841322
MT2A,1.5933595192120973
QPRT,1.1381736623469303
PURA,0.8433514108056428
RSL1D1,0.8170928437427291
EWSR1,-0.15094896317408377
PRCP,0.3487201100100828
PDLIM1,0.7859623450867586
RAB19,-0.6003768894083085
PPIL1,0.6751576616964117
SRP19,-0.738342511018596
UBE2V2,0.3586956006143643
EIF3J,-0.8713655748935657
GRWD1,1.3427329346315342
CDH13,1.2303647955429082
PELO,-1.1210931478901203
MRPL40,0.5243781660936342
ECT2,-0.5306820979416788
NMI,2.870819702791728
RAB5IF,0.5406984843721226
CNN3,-0.18012309266337156
CACNA2D1,0.03708087577670991
WDR74,2.782954887747782
NCLN,-0.7234776153658025
ATP5PF,-0.7493703784555452
RECQL4,0.9394671546589224
TIMM50,-0.09499669132585943
PTRH2,1.11265850054513
TADA1,-0.6798319636452941
LIG4,-0.6438521879407881
SRSF7,0.11360287217430072
LMNB1,-0.9243890492620344
TPD52,-0.6533697123236016
SCFD1,-0.5856055445820677
NUP107,-1.1920767299868993
NDUFC1,0.16444575892205598
GHITM,0.33595467306690946
CLNS1A,-0.16376235725219723
MRI1,-0.3105586406118835
BCAS2,0.45027694166118937
BOLA2B,0.24549517006889388
EIF1AY,-0.20777357405858093
RNASEH2A,1.9157331291158706
TMA7,-0.17700687946916707
CDC123,0.11266867257501641
BASP1,2.506406888134142
RAB21,-0.919320817437362
POLDIP2,0.4101772266277179
VPS25,0.8340320928495488
AASDHPPT,-0.9563850658300344
GPRC5A,0.3858003816135689
CPS1,0.32377077153328243
POLR3K,1.1264327095736388
HNRNPA0,0.5006229045747409
ENY2,1.5962330651917143
MYO1G,0.7587241453642058
SMPDL3B,0.5071285498505752
HNRNPH1,-0.5995726393928814
CALM2,-0.12000730041435106
CYB5B,-0.5940592873669159
UBE2K,1.0989387832857904
FUBP1,-0.26672421487448683
ATAD3A,-0.2071106663976931
MRPL51,0.26549654038718895
SRSF6,0.8271728909673192
ATAD3B,0.2779903724535515
PSAP,0.7338703557528226
BAIAP2,0.8755324423804419
DNAJB12,-0.9423204839262456
UBL5,-0.4596604540541052
LHX2,-0.4270392992669498
TIMM17A,-0.015884761373928132
BOLA3,-0.39374967540236777
TIMM9,0.5180029116828382
NUP50,-0.31393760059901926
SYAP1,0.894375362073812
ATP5MF,-0.07127764692331227
SFN,0.45389141726763577
SERPINB8,0.5354546001769928
PITPNB,0.24018362372074478
KPNA3,-0.4973660904175024
CBX3,-0.2028351891983772
VPS36,2.2995461983916443
MTX2,0.2695574968707516
TBRG4,1.2042888237884493
NOP10,-1.2051936651576756
VPS37B,0.538552198039652
NOMO1,0.013583125682496618
MRPL14,1.059853489516204
IFI30,0.8576272616981833
NLE1,0.19785230001862647
RPL36A,0.8868756506842164
FUCA1,0.3306835134029683
FAM136A,0.2725847687504217
SNRPE,-0.19677019814071933
COX7B,-0.7449049294243869
NMRAL1,-0.30324460727325725
KHDRBS1,1.3228935541440767
PPIH,1.2519163561860822
MRPL22,1.460409475975693
NOMO2,-0.8709925301867996
SMC2,-0.43581355264277183
MRPL49,-0.11335331723862369
GGH,-0.5112966313472389
BCCIP,0.028608159163755156
MRPL13,0.7694699291977966
NOP16,0.5247420340147502
PURB,-0.3565129289997394
NDE1,-0.013869990508208358
MGAM,-1.0402679512891662
GTF3A,-0.7673623702364921
NDUFS5,-0.06477066942417957
SF3B1,-0.6119969947984145
ATP5IF1,0.14758042481091496
NCAPG,-1.5186807789152745
SNRNP25,-0.5353870756945236
LRRC59,0.8488166972421505
UBL4A,0.33133527627340653
LYAR,-1.0308528575138483
CNIH1,-1.5217030971159655
COX7C,-0.7578148436828739
MRPS21,0.9881789529059533
CD36,-0.24494386396453915
CENPX,-0.21305901071649927
PRELID1,0.7199950647410452
MT1X,2.0375647943843385
CFTR,-1.17489091977639
COX17,-0.8088492111722227
LASP1,0.5274432850677524
RHOBTB3,1.3797042444744707
FUCA2,0.23171439893386425
TMEM97,1.4426239717031266
CPM,-0.26532073140096973
API5,-1.0022713542945598
SMC3,-0.9206289011881256
H3C7,0.28550465930075863
RTF2,-0.9265112495196347
LSM2,0.9723879160888347
MRPL45,2.0302143720378356
TFDP1,-1.5990963527334872
SNX9,-0.46036261929904254
MRPL24,1.010985895851025
SF3B6,-0.05198802826992306
CMSS1,0.995267400267698
TMA16,0.25023425822266704
YES1,-0.6551208792412375
LSM3,0.2307950550011862
RPL39,-0.8753375485104394
CMC2,0.026425562446282285
DMAP1,-0.541002696977647
EEF1AKMT3,-0.521950782492995
LSM12,-0.23493616655959196
SGTA,0.828365048389939
SSB,3.5785751877055776
HEBP2,-0.865131371296801
COX8A,0.1022355020555457
UHRF1,-0.6984914534734425
MEST,-0.46449520702128716
LAGE3,0.5964155887922308
SRSF3,0.44597657060514384
IARS2,0.9029412853336758
MRPL46,0.9102722432500064
DEK,-0.7658076797693274
SRSF5,1.6078128421938342
VPS26A,-1.3155294752028135
CDC45,0.13052351406608453
SEM1,-0.7836230140824705
TMOD3,-0.25501019846596634
HELLS,-0.2915296980236911
RBM3,0.09716561984834213
GMFB,-1.1537446396160818
PNO1,0.4350018825488692
UBE2C,0.711003626135571
GTF2A2,-0.27434673106118557
U2AF2,1.0219796491037842
ARL6IP5,-0.035433813191381405
VIL1,-0.9582250835271647
PAIP1,-0.3046263426529485
DPY30,-0.9984749389318441
PTBP3,0.12065066922816772
SCCPDH,-0.03540320661464468
MRPS25,0.5062014821711744
DUX4L9,-0.36947661240117813
CEP290,1.2861899565897268
DUX4,3.9310045757221533e-05
MAPK13,-0.18724792964493586
ASB9,2.6386975110766175
UPF2,-1.701602269516668
UBE2E2,1.8883273089825512
PAXIP1,-0.43193251023351187
OBSL1,0.5898213324866612
TMEM33,0.5650017343355731
MKI67,0.6345030289561076
C11orf58,-0.13353149729504987
BUB1B,-1.2589667816816916
UTP18,-0.25271244087903866
RPL36AL,0.7353794585410601
PTP4A1,-0.2531827939941096
RACGAP1,-0.2145811985711812
EBP,-0.22071976305544186
ZNF207,0.3545422219538835
MACROH2A1,0.03519785189236657
EIF4G2,-1.1969828859632938
TMSB10,0.17637499043004393
DPM1,-1.4232673246417373
SNRPB2,0.371750088605583
SRSF1,-0.15827800918899385
SRSF10,-0.21285205615928648
NOLC1,0.0019979687949606903
RBMX,-0.2631332566203458
AP3S1,-1.4378957790933968
TRA2B,1.6676559976973406
HSPA14,-0.010575872699675198
MTDH,-0.32661747457708945
MRPL18,0.8449436884293473
MCTS1,0.9123922810394328
WSB2,1.4171941532297407
GPN3,-0.2782447713824046
MRPL9,1.9209655360414144
SLBP,-1.022407918682073
CDCA3,-0.3091013948716507
FDFT1,0.07935495584361449
AURKAIP1,0.6156008270948687
EIF4H,1.8212521083343491
ANP32E,-0.5556908497361465
SEC61B,1.3614119044527369
ATL3,3.3963030994798427
TMX1,-0.2799294116000333
FAU,0.07993239419191381
FAM210A,-0.4658369932266131
MCF2L2,0.07645580813305623
RPL41,-0.8910260982969401
PPP4R1,0.40845640858015875
NEPRO,-0.5250408838456755
ARHGDIB,0.10091532405229917
COQ2,0.7871783810958055
ARHGAP24,-0.4188094366649913
RAD52,-0.5431273843931348
RIDA,-0.08333567190579673
CMBL,-0.29285107664852467
H3-3A,0.9239731294403453
UFC1,0.3304695046843148
CHMP2A,0.6541960100923534
CUL4B,0.9661072358892201
CCDC6,-0.0012763926671155923
MYL12A,-0.2560887638712132
CTNND1,14.560155353932291
MAP7,0.15618827494833293
NQO2,0.3933476135449613
LSM6,1.5397871208269043
ALPL,0.34520947249541156
NDUFB5,-0.24219998620184402
TXNL1,-0.9432596476417336
DENR,1.412237331916308
NDUFB6,-0.3503863275024602
SHARPIN,1.8102839001182225
S100A4,0.9417612913745711
SRI,0.26021655994296605
GLRX5,1.5509923622984128
NUDT21,-1.0129005810691627
SNF8,0.9178046876138607
SUZ12,-1.72144435175634
COX7A2L,0.02927871024329238
RSL24D1,-0.8632682820736187
MAT2B,-0.0007734854618940875
MRPL48,1.5676596526320534
TPRKB,-0.32614140890121246
TSPAN3,-0.9418255878826383
ATP5ME,-0.2992322922975522
NDUFA7,-0.1788257226496898
MMADHC,-0.48163828649085005
ISCU,-0.8242122222857435
HEBP1,0.2372578054358824
ERLIN2,-1.0672002281603021
PSMF1,-0.9447099113860336
UCHL1,-0.28235633078673217
POLR2G,0.7200590513443896
GLB1,0.2116991216433499
CISD1,0.08781672835985257
HEXA,-0.41423738646434827
FERMT3,-0.5777476854408744
DCUN1D1,0.706813012134656
NTPCR,-0.3081323547680898
PNN,-0.2519445409403539
MARCKS,-0.23811020330897142
KRT6C,-0.3931558447518368
MRPL16,1.0656539354139936
KCNMA1,0.7043752886234448
HACL1,0.6837188609087306
CWC15,0.30206428680281766
IK,0.717441473001556
NDUFB11,-0.8412195608973824
TSN,1.7712535755277976
SERPINH1,-0.08919065270947242
NAE1,0.23899571189800736
KRT10,-0.7559728071306894
MRPL42,0.5636587644036126
KRT5,-0.8227060140302309
ACOT13,0.763993843597537
ISOC1,1.1749334591056717
HSBP1,0.6988995604892124
MAGOHB,0.03087362472902678
UBFD1,0.577204118510747
PRKRA,0.7382218722093216
PSMG2,-0.026229277759809877
IFT25,-0.7983771366915468
MCCC2,-0.21638069530952037
VTN,0.08835260258683873
C19orf53,0.4421967375801667
FN3KRP,0.5884970677886299
HMGB3,-0.06201919778440292
RAC3,0.012281901034522829
HDDC2,-0.3057746161034361
EPN3,-0.24104819774358044
SNX5,-0.8571179850318299
UQCR10,-0.3933996767642438
RBM39,-0.29607070300557015
TFCP2,0.21690990709237254
NANP,-0.640719342562655
SRSF8,-0.9113549052993903
BCLAF1,-0.25894580758877456
HNRNPDL,0.7589584269070048
HNRNPH3,-1.3094111303365532
ILF3,0.8263053686000936
U2SURP,-1.2510376853988179
CPSF6,0.9475380057349515
PSIP1,0.3404569800885545
HNRNPR,1.075226958750477
BAG2,-0.2646006535941126
SMARCE1,0.7033672085090638
MRPS18B,0.563748646335438
MRPS31,0.37784373597131565
TRMT10C,1.2840839334712888
ABHD10,0.04253665508675208
MAIP1,17.415480455222287
HLTF,0.08878525122055016
RECQL,-0.9567954486826142
MTREX,-0.6897738641689776
MRPL39,1.0952547165120772
NCBP1,-0.3271932871065873
YARS2,1.137898828178188
WDR3,0.5343773431319035
PRMT3,-1.2364381406852898
DIMT1,0.7921421005382396
EXOSC2,1.840038435244655
MRPS33,1.6996406843591954
NOC3L,0.5970785132593944
LBR,-0.7491321325032815
GEMIN4,0.7893644450322245
FXR1,-0.9856931158841363
RRS1,-0.015298788056133687
MTPAP,-0.6281247533370481
FRG1,-1.2753085540301958
CMAS,-1.104783917051907
MRPS17,0.14974519712618248
U2AF1,-0.10631351073659977
MRPS28,1.701557180839682
CETN3,-0.9621598913335242
MDC1,-0.27633100602496463
GEMIN2,0.9874011205276813
LSM14A,0.09156979180208424
WDR77,3.622659882824792
KLHL42,1.028956809710906
BTBD1,-0.6764862657848579
NKRF,0.10236874940609608
GAR1,-0.42456109783135526
NUP88,1.1987552700264577
TFB2M,1.7790939028008346
C8orf33,0.9995918754491678
HTATSF1,-1.2194509832885385
MIPEP,0.8358821662127581
SRRM1,2.241341374398572
BUD23,0.7762567788170873
UBE2E1,1.6127528587715643
PIN4,-0.24284965696495267
NUP133,-0.9979556026147365
TXNDC9,4.666119391937199
ORC4,-1.9849904854951075
CLASP2,-1.1425890785340267
ADH1A,-0.0955736153290778
ADH1B,0.166634606070865
ADH1C,-0.17584576422929138
ADH6,-0.04742449661847367
ADH4,0.05088376515578823
ALDH3B2,-0.26936184369804
ALDH3A1,-0.5419550849975893
CYP26C1,-1.0106855662151386
CYP26A1,-1.4162978661435641
CYP26B1,-0.5724619759862547
CYP2A6,-1.2155854992743225
SDR16C5,2.0402886139540746
CYP3A5,-1.2226621777769635
CYP1A2,-1.440870046130395
CYP3A4,-1.7530197951133364
UGT2B10,-1.0227847366061098
UGT2B17,-0.9629943526073406
UGT1A4,-1.1586436923421752
CYP2C9,-0.9931639094248964
UGT2B28,-0.8660103036105168
UGT2B15,-1.0950667303641797
UGT2B7,-1.1312432791795763
UGT2A1,-0.8923123629832046
UGT1A6,-1.202468693380725
UGT1A1,-0.40156791362383026
UGT2B4,-1.1233263248580843
UGT2A3,-1.1472675511757795
CYP2E1,-1.3102510288547404
UGT1A7,-1.0547763478264804
UGT1A9,-1.1076333184374114
UGT1A5,-1.038757871355202
UGT1A3,-1.0269991190736285
CYP2A7,-1.1727013676260452
GSTA1,-1.2606619777286276
UGT1A8,-1.1236689063103285
UGT1A10,-0.8045851537887
RDH16,-0.7898099182517335
DHRS9,-0.6244577305930262
RDH5,-0.9581977158150548
CYP2B6,-0.4932107427840709
CYP2C8,-1.2663602984203384
GSTA2,-1.1374215850552685
CYP2A13,-1.1234653058472706
CYP1A1,-1.2665745754171562
GSTA5,-0.9831511423338675
AOX1,-1.1728851315176008
CYP3A7,-1.2147456738468132
GSTA3,-0.9736915214486542
SULT2A1,-1.0433864568638984
GSTO2,-0.8070457288583291
GSTM5,-0.7771510646939265
MGST2,-0.9362495740621807
CYP2S1,-0.9481168820789672
GSTA4,-0.8419475958566771
GSTM4,-0.7313598381896055
CYP2C19,-0.5758871747970004
GSTM1,-0.9746583239646418
UGT2B11,-0.9131436711996951
UGT2A2,-0.8705153830935599
GSTM2,0.7305882945574461
CYP2C18,-1.3633567247188116
CYP2D6,-0.8073878793611743
EPHX1,0.2447329033060271
HPGDS,-1.1769519713421643
CRABP1,-0.43026913904988046
RDH14,-0.33333867931902855
TP53I3,0.5117523083965674
ACSM2B,0.18715632544046346
ALAS2,-0.6483829120968339
SPTLC3,-0.6613633265261054
ALAS1,1.1798228584626513
SPTLC1,-1.0209504762801371
CYP4B1,-0.9522483173294475
MGST1,-0.8063411878148173
GSTT2B,-0.9320739411443627
CES1,-1.1148709611561507
ACSM3,0.2502457009100814
F13B,-0.5336349498453714
SULT1C3,-1.1156404345721176
CYP4F3,-1.3595251757543974
SULT1B1,-1.115677694073125
CYP3A7-CYP3A51P,-0.345416703028382
SULT6B1,-0.904866993788209
HSD11B1,0.2597676016139014
PECR,0.3382644331221991
ALDH1L2,0.5137746148145393
ALDH1L1,0.3948496288765718
CYP4F12,-1.2665917296932419
HSD17B14,0.02854843379064102
FMO2,-1.0285198683501853
CYP3A43,-1.371471075394443
CYP4F8,-0.9084978336068282
CES5A,-0.611169790522118
SULT4A1,-0.8516728159859933
CYP4F2,-0.2551987701162593
ABCB4,-1.4556855140254963
CYP4A11,-1.522098605309957
SULT1A2,-0.9274065118633598
FMO1,-1.2137115999640569
CYP7B1,-1.1938690652841466
FMO5,0.31841882298707447
CYP2W1,-1.0209274428754167
XDH,1.5523508456152617
ACSM1,0.3304362436244245
AADAC,-0.7148724567604922
CYP27A1,-1.1503883073188523
SULT1A3,-0.7405769274039916
SLCO1B1,-0.46914451992908995
SLC10A1,-1.3249581409482336
SULT1C2,-1.1028636708655095
ACADL,0.3071536041989194
CYP1B1,1.0020575560937197
FMO3,-1.2226278678450395
HPGD,0.03321157533916197
HPN,-1.0638372066861028
SULT1E1,-1.0160231019291688
DHRS4L2,0.8031057419681056
CYP4A22,-1.0359806863080097
PON1,-1.0253950367006317
NAT2,-0.29287634064767815
ABCB5,-0.9738926089949775
CYP8B1,-1.2255617788461755
DHRS1,0.7238930511858837
ABCB11,-1.385700722560965
TPMT,-0.1504162976007377
AGXT,-0.2617948409344971
CYP7A1,-1.3188574095737842
ACAD8,0.5165198136612781
CES3,-1.0398320518579258
CHRM2,-1.3608755379223285
TTC12,-0.6162022193986781
ACADSB,0.63522934082229
EPHX2,-0.9164231416587785
FMO4,-1.1410648326619293
DPYD,-0.4334237723647897
ABCC2,-1.2801458116003899
NAT1,-0.9597037507933109
ABCC12,-0.8686205220374166
C8A,0.09490558749509334
ACSF3,0.881943931616863
MAOB,-1.0905290254019293
ACSM2A,0.7342379429439132
ACSM5,0.3576257459945209
GLYAT,-1.2389547263238345
BAAT,-1.1115988659397196
ACSM4,0.8983288296398065
CYP4Z1,-0.9859994185151864
NNMT,0.7431630482869622
MAOA,-0.8005015610589855
MT1E,-0.46581507699324737
HSD17B13,2.1529124639490234
GABRG1,2.1502384915609145
SULT1C4,-1.008637857224335
GNMT,-1.081449634036894
ABCC11,-0.9775915755384778
NR1I3,-1.2222607084458534
SLC3A1,-1.0692111872209127
SLC28A1,-0.9751173285885542
HSD17B11,0.8029633419500795
ANKK1,-0.787434251718153
SLC2A2,-1.6386521539899783
GABRA2,1.7867757609835662
ECHDC2,0.3740288372107629
DHRS7,-0.1163234808589631
ABCC3,0.3445426926265313
FAHD2B,1.4422235939947043
FAHD2A,0.783742318432887
ABCC10,-0.9367550310608693
TST,-0.9598081114121764
CYB5A,-0.33988019702488775
TTR,-0.31116342656772034
APOA1,-0.5555914197249924
TAS2R16,-1.1125933011697686
LGALS4,1.1288373856646863
ADCY10,-1.2231153706390354
SLC6A4,-0.7257839273625886
HAO1,-0.2155166934895018
C6,-0.781241048241998
AOC3,-0.3764561818014329
TAT,-1.2891726836549244
HAO2,-0.1313680701233286
BHMT,-1.073009435320304
AQP7,-0.5136147286687746
APOB,-1.4909820544110417
FABP4,-1.2892918153966002
PTGIS,-1.1434880301766992
APOD,-0.035462130818499416
ABCA6,-0.800385775300157
ESR1,-0.9901173857550899
HPD,-1.3533385355493464
RARB,-0.4660787217587485
KNG1,-1.1926622752563094
NR1I2,-1.5822878005239462
C7,0.24176053835084857
CIDEC,-0.9763964271863149
F9,-0.05957422433409341
DNASE1L3,-0.5234497838537062
PLG,-0.4339406595439946
SVEP1,-0.8472498007675064
IL2,-0.9833671969302078
HRG,-0.3859290593628445
HSD17B2,-0.7077260874856126
ABCC6,-1.286862627680049
DCN,-0.2175595143208601
DRD2,-1.5725168668337663
FGA,1.5418326397551547
RARRES2,0.8467058497585068
AQP6,-1.0200829404166374
GC,0.3979073234163392
SERPINC1,-0.503509742432092
TNXB,0.37566096324973897
ADRA1A,-0.8133019444095475
HABP2,-0.46094717727769213
ABCA8,-0.8933028477829487
AFM,-0.9172501755390915
APOC4,0.2818323624083431
SLC17A1,-1.2072690256700236
ONECUT1,0.7067183288306965
CHRNA5,0.2645431224694456
CHRNA3,-0.6652603464021782
OPRM1,-1.743366181463715
CHRNB4,-0.49208040241139783
ADIPOQ,-1.090679840946048
EDAR,-1.3161068218507908
IRAK3,-0.6616835597074652
SERINC2,-0.4705540285035348
TAS2R38,0.21125053735299804
ABCB1,-1.3744126941679873
SLC24A5,-0.6720866694065563
SERPINA3,-0.201728652078254
CFD,0.8336512907261359
MTHFR,-0.45055321975081125
NQO1,-1.009609273918048
CHRDL1,-0.7571069020169476
PDE4DIP,0.5686307991424393
FGGY,-0.43373264338151557
MFAP4,0.2939524800191302
HTR3B,-0.6959933268071566
CYP2F1,-1.086361304698972
SCARA5,-0.31787741632718486
RBP4,0.19953024249878773
AUTS2,1.5632220212667232
ACAD10,0.7494404628540724
CYP2J2,-1.3322596162374438
AKR7A3,-0.45089470684683486
MT1M,-0.12996931927568847
INMT,-0.28911942260205786
SLC22A7,-1.4019143140885342
DRD4,-0.7642811181840569
KLB,-0.9646052775947803
SLC19A1,-1.1001972553529493
MMRN1,-0.32828610925618873
HGFAC,1.2078965704552727
C14orf180,0.1277903279153931
SULT2B1,1.1459369906417387
ZBTB16,-0.5064434792951042
HNMT,0.9996048493842822
PLIN1,-1.1506678536212385
KIAA0040,-0.8771459685814228
MCEE,-0.5206972513512399
CDO1,0.7529520225560237
DPT,0.5805434727206357
CLEC3B,0.5095795194897293
PLCE1,0.11000796941016065
FAM107A,-0.7395992262071555
OGN,0.5517126917790666
SYNPO2,-0.28544958591526814
ACOX2,0.812592281475288
RERGL,-0.46694789409408255
BHMT2,-0.7005530014837908
CXCL12,-0.5486353963897299
TMEM100,-0.205777181556983
FXYD1,0.735463781300122
GHR,-1.298250560338855
ECM2,0.47261833027832134
PRELP,0.19507960201471686
LYVE1,-0.013476357328042017
ADIRF,1.1238024608860921
CFH,0.05229371699278554
RGN,-0.9176983880482552
HBB,-1.0082107578552462
CLIC2,1.5161062572862554
LIPE,-0.9415260701466568
LDHD,-0.33475983688051936
CLIC5,-0.7428258947819995
OLFML1,-0.40380551395725534
PPARG,-0.8852866434549056
PZP,-0.695933972180404
ACSS3,0.6399811179837788
EMCN,-0.7937923304535237
SELENOP,0.5355697308484534
C1R,1.2020932241596154
ANGPTL1,-0.6365209561542349
FGF7,-1.882985200425189
TOX3,-0.7422610307296363
SPARCL1,0.3792558562809266
AQP1,-0.18336244967357584
CETP,-0.9919358266338076
PTGER3,-1.9310153704927964
CILP,-0.45006033186754774
FHL5,0.876709516707038
SERPING1,10.262375575955867
CCL21,1.7444216655337654
LSP1,-0.2795320216657605
ASPA,-0.6779429680002828
VEGFD,-1.4925626704495254
ACKR1,-0.8732576089437186
COL14A1,-0.16755574310394658
EDNRB,-1.3993750622093293
PTGDS,-0.03145674986904398
SOD3,0.46569408945786445
ADGRF5,1.0692204620365267
LUM,-0.00890697720695638
AASS,-0.6894437216980678
IL33,-0.10080596190226827
PLPP3,-0.2976027903257947
COL1A2,-0.044122704497653716
TPSAB1,-0.972794470577348
MFAP5,0.13118774243315462
HSPB6,-0.9187407035300034
OMD,-0.7002171351256177
MGP,0.2906969343831145
MMP7,-0.7609254228869254
PLA2G2A,0.922344697086679
SORBS1,0.2548639832974032
SLIT3,0.07690617135894455
CA4,-0.4520739083150184
LIAS,-0.821222554381968
LIPT1,-0.7017460158204474
AGXT2,0.07994735814775046
DHTKD1,0.8020973248300717
TXNRD2,-0.39193359476636597
PPARD,-0.9272493590133623
COQ9,0.4885357719591031
SIRT3,-0.9582863856134858
NDUFA2,-0.9946337881304383
MFN2,-0.3901731919607777
CA5B,-0.46038175930698827
AUH,0.00036507318192566506
NFU1,-0.579338582330258
NLN,-1.4997912488362855
TMF1,-1.9168074834691236
KGD4,-0.4196836177629075
NFS1,2.0936395323259394
USO1,-1.394045377667866
SURF6,-0.18890872182611806
HNRNPUL2,-0.1187136656551345
H1-0,0.5078553979631573
SARNP,0.04947994841817558
TOP1,-1.0624858830943749
FMR1,-1.1321348089763548
PHF5A,0.9307765460222831
FUBP3,-1.1558956201382404
UBR7,-1.2545952915225833
PRPF38A,0.32243787483656566
PSMB9,2.4185979681874623
BABAM1,0.1255166251459084
TIMM44,0.07787907527012819
SCP2,-0.2112891296776008
PQBP1,0.3255575151795429
TIPRL,-0.6565465825279816
TMED4,-0.7159743056745789
NIP7,1.81543025108495
SMTN,0.5727983978273138
AGTRAP,0.6941254150173355
CPSF7,1.3858289922385332
RBM23,0.3797859966840558
DHX8,0.8287755365891014
LCMT1,4.443448585586979
SAFB,0.7744609970641928
DERL2,-0.34322450531449117
LYRM4,1.2436988119890426
HINT2,0.5688679411448055
UBE2A,0.398950727082499
MRM2,1.4513507190631438
NDUFB10,-0.40989016906701514
POLDIP3,1.675541863359649
NDUFAF1,0.9450679610481609
IBA57,0.8867119323868714
HP1BP3,0.005628982416261371
KRR1,-0.3709664491633795
UTP15,-0.5945582003045815
PSPC1,-0.8794449922856152
PABPN1,1.5474864557927706
STX5,0.04383269315666969
TXN2,0.8497727992514876
AP1M2,0.24310195279166247
TAF15,0.7845586072277022
AGPS,0.7468868846176436
ITGB3BP,0.9447669043786392
PUS1,-0.10975497376235491
ACIN1,0.9012746156605331
MTIF2,0.7455777490990694
PUS7,-0.41961943494592485
COQ5,0.5524073598493775
MRPL10,1.2159783127905033
CWC22,0.2419409262254341
RTN4IP1,0.9598566968850134
FIP1L1,0.5440833672484066
MRPS10,0.5578518623576643
POLR2K,0.39863084639499907
PCCA,0.9610989295638399
MRRF,2.294562335220993
ADAR,1.5619602582029488
MRPS24,0.876878986063846
COQ3,0.22711066196921198
CHTOP,1.8778552966277493
NOP14,-0.4771184680765423
SEC24A,-0.6475091035475272
MPHOSPH10,-0.709154945641002
FXN,0.48847882525372904
MMUT,0.8420185325929358
MRPL28,0.4633423898346485
ADRB2,-0.8589385743988752
IMP4,-0.2614070586830303
TRMT5,1.6208856626209867
GOLGA3,0.2197276015124669
SEPTIN9,-0.5943897273619129
ERCC4,-0.10905294158953051
MTG1,0.049720466340903574
PRPS2,-0.46428084326152524
EXOSC6,0.0033333418569053415
MTO1,-0.12318712299459075
ATPAF1,0.4216766576731425
ISCA1,0.6306426409111339
GOLPH3,-1.092677944128269
LSG1,-0.27953982004163547
FDX1,-0.23161861045520674
DUS1L,-0.006330647738921811
ECSIT,-0.0494377811644695
MTRF1L,0.6255818803694642
ABCB7,0.3791999844055876
SMN2,-0.8402500239551081
NFX1,0.6867464947647732
GTPBP8,-0.7410340378676048
ATP5F1E,-0.45539250354818783
UBA5,-0.8001763693011353
SEC24B,-2.2114242862108804
WARS2,1.2379815143956685
EFL1,-1.4442929545716539
UTP6,0.5848013823424764
METTL17,0.2728918971045598
GOLGB1,0.7603775028302916
APOOL,-0.8077365354571223
ENDOG,0.5413556393348908
EIF2S3B,0.4190313404265717
RAD1,-1.0069690482475733
MRPL27,0.7890173578677777
PPP3R1,-0.5490978852395673
MRPL43,0.8012244888013164
METTL15,0.5786297635815991
EMC4,1.1314732657640287
MRPL20,0.5374889258648132
RBM17,1.8942023720939796
PRIM1,1.2755506101018521
TTC4,0.3385287322701689
DARS2,0.43282489053224665
TEAD3,0.09430063155585945
THOC7,0.11100613872570951
DIS3,0.4038659634159551
TIMM23,0.42492890261462574
PREP,-0.2758221914169238
USP39,1.3469919452708685
SCO1,1.5976996438394806
YJU2,0.8520576090761727
UTP11,-0.3225050635345439
MGME1,-0.4022445173567968
MRPL36,0.002559296170715435
FARS2,3.95600515872788
RBM22,1.4488480157720902
SLC1A3,-0.9670948130590924
GOLPH3L,-0.47961658878501545
GGPS1,-0.9098827112198712
MPHOSPH6,-1.32531664392484
PPP1R9B,-0.14931398251111336
NDC1,-0.43528596365335825
DMAC2,0.8292175596933028
HSDL2,0.711006937966018
PPP1R2,-0.812039256389629
COA7,-0.8084357520555129
ASF1B,-0.5359470209544545
LLGL1,-0.901403159287842
SFXN3,0.8485269251477238
STK26,-0.14685263095256254
NUP153,-0.24011025459093743
PDSS1,-0.06219545521343302
ASNSD1,-0.9434835998226204
MRPS18A,-0.4791212676872503
PATL1,-0.3295363387054913
MALSU1,1.2537318561258672
NUDT9,-0.18762639513492868
ASF1A,-0.9014210614391033
NTAQ1,2.0025119954359636
STK3,-0.6140561891534579
RBM28,0.038891952549031716
PDCL3,3.735652971770796
ECD,-0.3763655381682416
DGKE,-0.8143654281868917
UPF3B,-0.014902891603179041
NOL11,-0.7380124846486095
SLC25A15,0.9250117468037945
TFG,-0.9561339487608097
MTRES1,-0.5478138935548124
CUEDC2,0.15955016647211054
MTG2,1.479996427690523
MTRF1,1.3014586285537915
EI24,0.2787139287160735
MRPS5,0.6391198483377861
ERAL1,1.6057985808990296
CCAR2,0.5314619303564265
ZMYM4,-0.21899381078663563
SMNDC1,-0.7362069050588252
ABLIM1,0.9296886287642324
TRUB2,0.8124692212983019
MICU1,0.6541559804507545
TFB1M,1.0190233369178596
URI1,-1.123815944354967
LARP4,-1.3543304153316555
NUDT19,0.5967511450228611
LARS2,0.7025458754489144
EIF4E1B,0.47045986509000165
ARMC1,-0.244481011078553
ATPAF2,-0.29349340024659515
MRPL33,0.7724663969787403
RPP40,1.4728642979032074
DPH5,1.631979386157316
MICU2,-0.5702988738056872
IDI1,-1.384588832253506
GFM2,0.8225511913123251
NSMCE4A,-0.3764480074337624
SLC35B1,0.1421741430083511
LRRC47,1.0740496470219307
ALG6,-0.3484737886324404
DPP4,0.3064205938546131
USP16,-0.4588272867821389
NDUFAF5,0.37756159436543635
RNF14,-0.2133074104427684
MRPL32,0.7477722209763576
POP4,1.8595802724628994
VRK1,-0.5934190988946032
MMAB,0.9191703371123234
UNG,-0.9328422513923893
RNMT,0.04761756970972683
TSEN2,1.3624246779767546
NDUFAF7,0.4169800520612202
ATXN2L,0.0518650427956956
PCID2,0.1086522977601029
ENSA,1.9084634394595625
NOL7,0.2908258399599602
MRPS26,1.0076568945707889
RRP1B,-0.2293379758016459
KBTBD2,0.6585524310871178
WTAP,-0.8569558267745713
DES,-0.6576516293805789
SUGP1,0.46439804872401913
UQCC1,1.2550028559149273
LYRM7,0.9774046512085485
CUTC,-0.7420250080420892
GPATCH4,-0.7951244969158486
NAP1L2,0.7885144406262143
PDCD2,-1.3232033850677676
ESRRA,0.31135831263874564
GATB,0.33755968081181476
CHCHD4,0.15764774934046027
GINS4,-0.2023518259303842
POP1,-0.0615970508312554
NDUFAF2,-0.08695185723034009
POLA1,-1.8912539828733999
YTHDF1,0.38078325814596103
TRIAP1,0.9035578248965448
ORC5,-0.5405403129532154
DNLZ,-0.436807253328318
TBCE,0.16913058674147338
COMMD3,-1.0317764139209438
DHX36,0.28640289804108127
PDSS2,0.2992905702693972
GMNN,-0.9371572117700012
WASHC5,-1.1543469829075974
COA6,-0.5519819077081428
CHAF1A,-0.9993774658759386
UBQLN2,-1.1489968135900288
UGGT2,-0.6373141501914813
EMC7,0.03758929436218645
THOC6,0.7914661293466289
MRPL35,-0.3995108111289006
TNRC6A,0.6001099400667498
ACBD3,-1.106175324507577
SURF2,0.5449235131271942
NSDHL,0.831457390245335
MICOS10,0.011514409624322474
MYCBP,-0.5732323893956679
NBN,-2.119186694540542
UBAC1,-0.749015353170077
NDUFA3,-0.09426124437161248
CTCF,1.058888929638224
TWF1,-0.38712696255850054
ELP2,1.2019398033872295
PPM1A,-1.4769886774237007
SGF29,0.5889054750521533
RPL7L1,0.07878551092888363
PPP1R11,0.11139795774354116
ATXN2,-0.15861037039475565
USP19,1.1936552615558746
CNTRL,-0.5765848162301404
NIPSNAP1,-0.7587300290066432
TACO1,0.7889499836521702
FASTKD3,1.5117892307028487
MTERF3,-0.15812453817661254
EMC8,0.09505686825886162
NGRN,0.8431586830933524
TRIM3,2.377197383104413
TRIM2,1.320194757797602
DIABLO,0.7451177605027479
IFRD2,0.28331935066101477
WBP11,1.4719356617533745
FASTKD2,-0.6190964894450608
MIEF1,-0.6355313059866843
BRCC3,0.6691566242887718
AGK,0.7242920600105907
TRMT61B,0.49169835768852793
MRPS30,-0.04952946592237552
TTC19,-0.514673794106438
CPT1B,1.129801248816595
DUSP29,0.009737258466033625
CRABP2,-0.946302323355155
TXNRD3,-0.06540897601700538
CA5A,-0.7710555756585998
CENPV,2.570253295164858
TRIM63,1.9545240642450141
H6PD,-0.779951077739682
PTS,-0.831175035783472
EHHADH,0.45390086771368404
ABHD6,-0.386997299690743
FOXD4,-1.0381068912393454
FCER1A,-0.976989168916192
ABCB10,-0.980798444839395
HECTD1,-0.18114609187861747
CLASRP,-0.21416169207476768
ARL2BP,0.1055774919499969
H4C15,1.5013751996127986
H4C1,0.86648563426847
H4C13,1.4451927071595225
H4C5,1.3871017347439838
H4C16,1.3908685433819867
H4C11,15.29199111614777
H4C9,1.4297149506396176
H4C12,1.4430104691258159
H4C6,0.5457271731779549
H4C2,1.28514190750585
H4C4,0.9185500479410933
H4C3,0.8900879339256176
GID4,0.21561468128923353
DNAJC19,0.6860101521422703
WRAP73,0.6201079628605755
PLPBP,0.5765036290541793
CKMT1B,-0.5444423320961577
ADI1,-0.238181025934317
IVD,0.22357722168965266
ATP5MGL,0.37894457988868835
NDUFAF6,-0.4354502027739554
LACTB2,0.3184980755986595
SEC61A2,-0.08863678375779599
CLYBL,0.47670804612588175
HSPA1A,2.0580779997884098
DYNLL2,-0.5320769568262892
SBDS,-0.718041623415312
DHX37,1.1002284647957974
CDK20,0.6760617223941907
GTF2B,0.5381010259913235
TNIP2,0.18382533818325897
RWDD1,-1.0414577655409458
NDUFC2-KCTD14,0.43128681807851477
L2HGDH,3.228667026325645
ARMT1,-0.5484684922631692
AKTIP,1.3493012337183765
CAB39,-1.2713746416075806
PRIM2,-1.7548373932701904
BRF2,-0.7982335268919188
SACM1L,-0.46770214427366186
CRNKL1,1.0016065275045336
ACTR6,-0.7181967103592022
DNAJC15,0.13835564627324926
KYAT1,-0.7135318184611606
SEC11A,-0.020105063888638638
RNF7,3.4326790798183624
RPL10L,-0.5417357334980966
FDX2,0.3829610844960743
COMMD1,1.3151205275432698
PICK1,-0.33300205930571913
CUL4A,-0.08685146271859187
CHMP5,2.6967749342980274
MAPK9,-0.49753156097492673
RANGRF,-0.33800493956719546
COX11,-0.24198100260640495
MBOAT1,-0.8457785533949441
TRAPPC3,-0.13268498448127272
NUBP1,1.373174844563432
PPWD1,-1.2131840939808396
TIMM17B,-0.35836254321334693
TIMM22,0.5769486764271397
C1D,-1.972551738048326
RHOT1,-1.083331328350692
DDX52,1.00570664339755
TRMT11,-0.7626160503731251
MLYCD,0.48723499524061864
ETHE1,0.18593967223945598
DBR1,-1.3692344542304657
MTX1,0.8868571125498321
SIRT5,0.22172159391043356
ALG5,-0.4109190020702463
HIKESHI,-0.6024827748081794
SRRM2,1.0788209731225518
KDSR,-1.0447262115736873
COMMD10,-1.1922260674188632
COA5,-0.9987095946170905
SKIC3,-1.2859852039789454
ABHD11,-0.7289642610224326
FLAD1,0.03341352138927267
TDP2,-0.2766821061149173
CIAO2A,-1.1731181334220124
YIPF1,0.2915939054421563
VPS29,-0.25112351087585294
PPOX,0.061211895047990676
SDHAF3,-0.15164947986681795
PCNP,-1.7420546329346995
AIFM2,0.6391457752482623
CDC73,-1.506987213775961
PRORP,0.4071865175951119
PAFAH1B2,-0.2794624826205261
GTF2E1,-0.5622233684173484
NAA38,0.5349708492197386
COMMD8,-0.4149102021370152
LCLAT1,-1.301774059247757
ELOVL6,-0.8681231803762144
ARIH1,2.702088339511954
UTP14C,-0.13323317504577564
DDX27,0.3159649068151874
CRIPT,0.47017221154724764
AP3M1,-0.029217908592012697
WDR76,1.5285929992864093
STAMBP,-0.6238647803388765
ANAPC10,-1.3244169893564084
ABHD14A-ACY1,-0.19419726552280156
MED7,-0.24283932181364487
SEC22B,0.13915212726254428
C9orf78,0.9052364955853579
TOMM7,-0.31547109896684056
NCOA4,-0.9252321396511165
RPF1,-1.740304200865396
PHYKPL,0.7770903258776048
SCP2D1,-0.5909758793793496
LARP7,0.1302698589183686
NADK2,1.7965025643289871
PEX3,-0.5425643958439222
SMARCA1,-0.25567367685577064
GMPR,0.7008081282384686
MICOS13,1.0003534874050986
TM9SF2,-0.7621496491885486
MYL12B,-0.20907126723270672
MRPL53,0.15502279962335752
DHDH,-0.14433316507879587
RBM8A,0.7597860440038012
MOCS2,-1.1326387136623346
FABP3,-0.37004962223855387
SDHAF2,-0.7779187120285166
TIMMDC1,0.1780816795837671
MSMO1,-1.05599406791529
FMC1,-0.12515421349413836
DGUOK,-0.9447870929354261
CCNH,-2.0494434408598234
POLE3,-0.6983468832661197
CHPT1,-1.165987263089521
ANKRD46,-0.8804383343084693
PEX2,0.2447350696789175
MED4,-0.830601783985478
PGRMC2,-0.5037859423108881
PRELID3B,-0.3414899507807954
PPCS,-0.695415584363512
EMC6,0.3379583031912149
CRBN,-0.868014148123103
SMAP1,0.10998588105142067
TXNL4A,-0.012130488326819322
NDUFA1,1.0238411279973418
NDUFA11,-0.5488332406674424
SRBD1,-0.7874054490358051
SLC25A46,0.030203836814163627
HSCB,-0.8471043333985814
OXCT2,-0.34611172716337235
MRPS18C,0.08817441458216509
PEX11B,0.28489487303090366
SLC9A6,-0.3058699344889949
METTL9,-0.6312550676402007
ATP5MJ,0.8513199970575157
NEMF,-1.8719065688035268
SLC25A16,0.591710911238763
UBA3,0.6316478919387126
CZIB,-0.8482916205235727
CARS2,1.3658972128404216
TSG101,-1.144808220359511
ASCC1,-1.1805695566682892
SUOX,-0.22233978048159073
UBE2G1,0.3843924384186989
TMEM50A,-1.0774371956301065
SNRNP27,1.1401071437487746
SIRT4,0.6895112339578153
DCTN6,-0.6809184811491658
CNDP1,-0.5733812495068491
MRPL50,1.2020548188302667
RABEPK,13.442118537898015
GINS1,-1.4975640403613455
SEPHS2,-0.9104437303140362
WASHC3,1.2432436382875822
BECN1,0.37018628483992555
MOCS3,-0.5095856660100009
CETN2,1.4401298023947264
EBAG9,2.0502885718435886
MMAA,1.985383262568433
TMEM41B,-0.2986337909562352
PTGES3L,-0.2040407168643102
STX7,0.055303673167971246
CNPY2,0.3763394411357649
KCTD10,0.3547032768559734
RCHY1,-0.6594989444830175
TMEM50B,0.3092691476861999
RPUSD4,0.884734245073214
TMEM70,-0.019429084566273905
MRE11,0.13911246282948334
GPR89B,-0.6485702336712644
ATP5MC2,-0.45130166008917777
UFL1,-0.34197887886865447
ACOX3,1.401734514633485
ARPP19,-0.6465900711431294
RBM7,-0.1519558228714225
KLHL8,2.5645840462135574
ABHD5,-0.7682686792467646
MRPL34,1.4008137279391215
GEMIN6,2.7939139883120165
PRODH,-0.0015277208206949178
KCTD12,1.3027813137184094
YEATS4,0.6293383365516649
MFSD1,-0.9425003424751591
OSBPL9,-0.8445805304764111
PPP1R8,-0.3896626167101653
ATG7,-0.44252032045719975
CBX1,-0.7060306203517485
TPK1,-0.14462248240617515
SCAF8,-0.44127084903202657
RPL22L1,0.8605335014767981
ZRANB2,-1.4422017175966906
ATP1A4,-0.7497412747071849
SLC25A32,-0.012010146196698506
DIS3L,-0.9071249198400368
SLC25A17,13.637031581984601
ERI3,0.2543585959652885
ABT1,0.2602518511658345
MOB4,0.6410029563246731
H1-5,0.41760910869782064
MRPL41,0.6711014838555189
PXMP2,0.6368681475543029
METTL5,-0.42368793071292077
SLC33A1,-0.8072712104115152
ITFG1,-0.13776316447243614
H1-2,-0.13227780393732913
SLC25A13,-0.4009780317095951
EIPR1,-0.36081334610211124
COMMD9,-0.7778640496515755
ERLIN1,0.44544729626423396
NSUN4,0.20541977960089414
PIGN,-1.24691494112212
ACYP1,0.15187209502015925
TRAPPC11,-1.2283185559415912
SH3GL2,-0.689486708687993
ANKRD17,-0.9006998049353551
RPRD1A,-0.5126700699051289
PTBP2,-0.8252634106418133
USP1,-0.8520669289852532
SMU1,-0.9026819083071644
CIAO2B,-0.19097570138501319
EXTL2,0.009516584861223051
NIT1,1.2393112466559215
RPL39L,-1.0585363777331835
LACTB,-0.9812226809093431
SLC4A1AP,-1.5663615704582714
SLC25A28,0.5467276343053766
COX16,-0.5978980873139824
NPC2,0.6512558745371142
AASDH,1.401403822936024
TIAL1,-0.22202421498626282
RPUSD3,0.6112855622617165
COA4,1.4957747492502058
LIPA,-0.4670071009430151
SLC25A24,-0.08264524636825774
TM2D1,-0.8477948133206664
UBLCP1,-1.0095508225021261
VAMP7,-1.384165541611653
UFSP2,2.425143638613208
LUC7L2,0.4306266435322267
AP1S2,-0.38668449514860587
NIPSNAP3A,1.0568084056624398
SEC11C,-1.0442843545472098
FKBP5,-0.16174201506887392
PAXBP1,-1.2736157959475713
MTCH1,0.2974065563914982
DCTN3,0.8226090710948253
IBTK,-1.4649640122333092
ACTR10,-0.4049332619019849
NELFCD,0.975005624579914
BAG1,-0.18781170091402036
BET1,-0.4954237943928521
ICMT,-0.6025602084841277
TUBGCP3,-1.5717023863690938
HCFC1,1.3754054578050388
MAGEF1,0.464179887232715
GTF3C5,0.5459665476301239
ECHDC1,-0.07443894217816689
THEM4,-0.5496037509470747
SMARCC2,0.4993648285091144
RAMAC,1.0699997491505593
RBM4,-0.4447538826804468
MPV17,0.1285524774340873
JTB,0.5959429480091495
ZCRB1,-0.9997872509066886
SYNE2,-0.2675209469390082
COQ10A,-0.4840716929012686
PLPP5,-0.920263654483681
AGO3,0.5504565152495721
DPF2,1.83861648955786
KCTD9,0.26914122345856145
MED21,0.7871195998682639
BPTF,-1.4820156642886377
MRPL30,0.5195675763367581
MRS2,0.3908078659311262
GTF2H5,-0.46870515735010404
CASC3,0.04171659383672186
BPHL,-0.5544987127645449
NFYB,-1.3952075915755686
SPAG7,-0.2783734062595033
QPCTL,-0.49222228470363366
WDR45B,0.1781014796826632
HOOK2,0.472498519970236
ELOVL5,-1.190982537152229
SLC25A19,1.1983239365216158
MTA2,2.736795825362892
TMLHE,-0.5562693195092427
ACSBG1,0.6735747455972391
FIGNL1,-1.1890434716562919
NRDC,1.050546449395424
ASCC3,-0.08829194038494907
ANGEL2,-1.2289030085091994
PBDC1,-1.0007265385183408
ACYP2,-0.38105773809258314
SNRNP70,0.9249421846799754
TBCCD1,-0.18855298704678916
TRNAU1AP,0.7884217118453233
TIMM23B,1.1802735217781057
APEX2,-0.4441856079986856
HYKK,-0.385536033736547
DMGDH,0.8393807503916245
THG1L,0.0863351207625459
TMEM258,-0.10277164111387424
SHLD2,-0.7457264906166609
ABTB1,0.419833294166243
SPRYD4,-0.6375687700221702
TEFM,0.7957777381625494
SC5D,-1.0123310035635027
GNPAT,-0.0106476229579287
NDUFB1,-0.11503980560895159
DNAJB6,-0.8503643235265061
XRCC1,0.17996309393275783
MTHFS,-0.5551576155431783
LEPROTL1,-0.8690273414630708
MTHFD2L,-0.6210564873148432
COQ4,0.741033339392516
C2CD5,-0.5399287662136449
DYNLT1,-1.0035539970488336
LRRC40,0.4510685658028515
ZNF330,-0.6765626264730145
TMX2,11.600203665388594
UQCR11,-0.3214114726258761
PARL,1.5998129746294485
MTFR1,-1.0749218147701713
UQCC2,0.09885173545843576
ZMYND11,-1.3064029691345396
H1-1,0.3656356568136141
RWDD2B,0.03257546623501522
KCTD13,0.5354391379734478
KCTD6,0.7206644146720899
NME7,0.6462879568596852
BANP,-0.38858208502023406
PUDP,-0.8394864946134394
AMZ2,-0.5892023191077713
SPCS1,-0.819551708135216
ANKRD55,0.5897911402975439
RNGTT,0.5218927754192937
AHCYL2,-0.6009123317147913
FAR1,0.3808369564823524
ANLN,0.4041495709305016
TMCO1,0.09761148836607259
KIF14,-0.0766727992579718
MKKS,-0.060793694556787035
BTBD8,-0.20890699989995115
TOMM5,-0.3387855980093863
CHMP2B,-0.7737277109329166
FOXRED1,1.262653421893892
ARMCX3,-0.9495870365517883
COA3,-0.3505751089982611
UNC50,-0.28025897585125403
PEX7,0.4123148585477028
PDF,-0.3685475716977861
SURF1,0.6533914873486963
THYN1,0.06459597360069183
THNSL1,1.236416291309918
MTNAP1,0.6852337443669234
PRKAB2,-0.9580619319435013
ANKRD34C,-0.48830225905380686
SLC35A1,0.06400763261575768
AP5M1,-1.2699518687855789
SNUPN,2.40925590321075
RMDN1,-0.12424052321857884
TTC34,-0.29374743381281515
ZNF782,0.6399986627322782
TMEM59,-0.3996723130172977
MAP1LC3B,-0.250023329041064
TMEM126A,0.06936434411949012
LGALS9,0.5440774566932175
FBXO22,0.4786641694556927
HDHD2,-0.29247906638446214
TCEAL4,0.9981936516023366
VARS2,9.98075720884597
MYL1,-0.8648871056766808
ZCCHC10,-1.3504325563518997
SIRT1,-0.4916702457978857
TSEN15,1.7472295176592398
BCDIN3D,-0.36720841782139435
PHYH,1.0821093611041297
ATAD3C,0.29684020072145517
CCDC90B,-0.8447436689047275
TUBA4B,0.3218243298366007
GABARAP,-0.5581268716083155
GRB7,-1.274769513629611
GH1,-1.9142392315737413
EIF3CL,1.2588201101694887
CAAP1,-1.047225424448055
ADD3,-0.4340036220569155
DHX29,-0.923036837726549
RTCA,0.056313653670483625
PREPL,0.0041736067564605685
DMAC1,0.05704199158996942
CHCHD10,-0.13363272633401843
NUBPL,-0.3106651658245604
COX19,-0.3048493095095209
COX8C,1.1269909305925385
TMEM126B,0.06723545215208454
COX18,-0.5875417624764157
COX7A1,-0.042585851738859974
COX6A2,-0.22965260204546759
COX7B2,0.49853663782352614
COX6B2,0.1107458896318852
COX14,-0.5097695671172227
UQCC3,-0.01160814461323666
RMND1,0.6109206782108401
NDUFA4L2,0.6914169714840839
NDUFAF8,0.77006189281452
SLC25A51,0.29343107402977625
GTPBP10,0.3365771564983037
TMEM186,0.1328309347512833
COQ7,-0.4209518398176803
MTFMT,1.0544463233994759
COA1,-0.6791989218868426
PET100,1.0736534352215796
UQCRHL,0.7434139585036127
MARS2,0.9510053752057751
HRAS,-1.1101854648572778
PDE12,-0.8342534156654355
SDHAF1,-0.7122073785755424
TWNK,-0.6022588872889459
GADD45GIP1,0.3607464412772816
NOA1,-1.0596557961719746
COQ10B,-0.7512878624201348
COX20,0.7667475354391292
HIGD2A,0.22532166695301487
MTIF3,0.7841197700790582
COQ6,3.1278065610096886
MRPL55,1.076574151052082
CHCHD1,0.4079329077698497
CMC1,-0.23148099828892477
TMEM242,0.4695991003100741
ATP23,0.42027177804501775
RCC1L,-0.41245395159649595
SLC25A26,0.1494453916326715
GATC,1.1814976692211099
GLIPR1L2,4.440444728659191
CHCHD6,-0.04388716417579316
SDHAF4,0.2700174093115063
MRPL54,0.7899960498595109
CKMT2,-0.6371243985895524
MRPL47,1.3451506083965274
TIMM10B,0.17734483862202835
MRPL52,-0.2850207989338557
HTRA2,-0.054782139489844846
TMEM177,0.717791032132847
JOSD2,1.2122555801476866
NME6,-0.585376843155824
PLGRKT,0.1179340080094132
PINK1,5.445386670294061
SNCA,0.5482498277169716
TIMM8A,0.17042796004475766
ROMO1,0.16728424586793367
PAM16,0.9729946382516196
ATP5MK,-0.23939150862475855
SPCS2,-0.11201059084007978
IMMP2L,1.0087558856895986
DCTN5,-0.9535110549586868
MTX3,0.5430694560698506
CISD2,0.5823400544964856
TMEM14C,-0.21529970779621935
SMDT1,0.367496344398321
CAMK2B,0.2905125113507533
CAMK2D,0.08426312449309555
ASAH1,-1.3987547426518683
ATOX1,-0.09145729506779672
MAGOH,-1.167371499857503
IMMP1L,1.0525574279087377
SPCS3,-0.644005604296186
MTARC2,0.5915390480233725
SUPT4H1,4.034227939444137
ARL2,0.24193678320192663
MCU,0.4003436150937659
GATM,-0.6429502464714738
LSM8,0.7197132722593462
MRPL57,1.0374736695210043
SDF2,0.46386890819577375
NSFL1C,-0.19888250676843885
ABRACL,-0.4143751127522244
COA8,0.03746483129020572
PTPN1,-0.3944252070824756
GFER,-0.2094594669897835
DNAJC2,-1.0685506747274003
BOLA1,-0.70771903167869
CCDC51,0.21337911763071848
TIMM29,0.4318072745219324
FAM50A,-1.2005961334022852
PTPMT1,-0.4266194055078228
FUNDC2,0.9315765398153163
ZMAT2,-0.20271194809618756
OCIAD1,0.6999018242955286
BLOC1S1,-0.18151687538908592
EED,3.0071694388194286
SLC25A25,0.7756899985093848
LLPH,-0.06592779493657593
TMEM14B,0.054438520697825565
ARL3,0.6933527620474788
OAZ1,0.25228872405784597
CISD3,0.5697906808157823
DNAJC30,0.70064114726873
GPR89A,-0.8268701767685175
ELOF1,0.8017211755504384
NOL10,0.06602157351829639
USE1,-0.5597932154851765
TMEM11,0.34915619063254905
TMEM205,-0.7560123535573893
ORMDL2,0.3618084990793676
COTL1,-0.12940577269469966
NUDT8,-0.29661582197032665
CLASP1,-0.2659420124190149
TOMM6,-0.014346081027155963
CNIH4,2.6263971809203435
TMBIM6,0.8376338844799931
DMAC2L,0.17344138438685547
TOR1A,-0.18249954492321516
HABP4,0.7353710299137546
OSTC,-0.30862316184491473
TBC1D4,-0.16718475850489622
SLC25A22,0.6285395573920212
PHPT1,-0.13521558834639807
LRPAP1,0.7632280006377363
RRP36,-1.212244478665724
ATXN3,-0.15242993251174558
GID8,2.8359323236970204
RPP21,-0.5772083961367381
BOLA2,-0.28099791715918226
ALKBH7,-0.24423956996091453
EIF4G3,0.11541062145012983
TMEM256,-0.9096161983050114
UXT,-0.48591479509395413
STARD7,0.2125495282843416
ERCC1,-1.094035469933304
WDR75,-1.7525867412103528
TANGO2,-0.23217171309828363
TMEM199,0.12040793371024555
TMEM208,-0.13996706058775435
RALGAPB,0.04490277275695694
PSMG3,-0.31621732368932304
SLC25A23,-0.24724256051428592
NOP53,0.3458277606352504
EMC9,1.5577904535900318
KLC3,-0.26108053085111654
MFAP1,-0.3607561852131391
OMA1,0.23279952688755454
SIGMAR1,1.4589680337482365
ABCD1,0.12993395724983653
STRN3,-1.3606300667748328
DNA2,-1.404360559129873
NOB1,-0.025386389383371816
GET1,-1.2705831628374422
RAB4A,0.18397449404034502
OSTF1,-0.5324676029252731
GOSR1,-0.12639465060434654
CNTROB,1.3851457057709455
TM9SF3,-1.6383663219252766
VTI1B,-1.1357512856736707
EIF4ENIF1,-0.8414975672504756
WDR83OS,-0.13927907201144343
SNAP29,0.09816383839061008
TAF12,0.4317583054270132
GYG1,-1.0132224716699612
SFXN4,0.7490996437053893
NGDN,1.0129956050958913
JAGN1,0.7333563041548317
TMEM14A,-0.2727882086934193
KLC2,0.7299659314729728
HYPK,-0.5158883442633204
CHDH,1.1215094487701547
BAZ1A,-0.8614474228447999
MCUB,2.842336773286338
C1orf50,-0.34412837763006476
MED6,-0.5455325555776345
WDR89,-1.1841377860085704
USP30,-0.20490373957875196
DPCD,0.324975099460323
BCL2L13,-0.6700531313638297
ANKEF1,-0.4667069599802443
WRAP53,-1.69282516994599
RRP7A,0.5444562623880503
SELENOW,-0.7225735565237772
SNAPIN,-0.18202256091485294
NMT2,-0.4935640351226728
DUS4L,-1.0123147762319074
RNF121,-0.8519178052617719
TMED3,-0.5657815880753531
UTP23,-0.01276357854980865
LIN7C,0.0010774075360451326
KLC4,1.4195854147371931
CSTF2,1.5103667037026876
ZSWIM7,-0.57109525862979
ACBD5,0.3336023905816608
UXS1,-0.9859823366216275
UBXN4,-1.1990775107060663
ZNHIT1,0.4880816011973746
ANAPC11,-0.015608006296948557
SLC30A6,0.74518406564357
NIPA2,-0.3979522914466605
MGLL,0.8200620176204874
PPCDC,-0.0897140040286899
DPM3,-0.23384956876597549
NUDT6,0.32296203984700794
DEF8,0.8593854421164896
SLC27A4,-0.7816899312167952
ANKRD26,-0.7216940808162672
KIAA2013,0.20439329647966303
MESD,-0.6572880497328174
SPG21,-0.19286735030984054
CIB1,-0.06103914918998785
UBTF,0.8639722514556938
TMED7,0.3950110044074092
SYS1,1.3454470800896265
LNPK,0.10743026222069194
CMC4,-0.5083863167578814
RNF113A,-0.646934389533243
PIGF,0.10232284563130055
SUPT6H,2.9076745030831725
GATAD1,-0.6781808667682306
C15orf48,0.7576037964827019
RBM27,-1.287530788164637
SPIRE1,-0.5057481024324191
MED11,-0.7795677131881777
WDR55,-0.9409446923757321
BAD,-0.09625753875641264
CNOT9,0.7161943262471934
GTF2H3,-0.5959053368637951
ZNRD2,0.7468605248977772
KMO,-0.8427001905329567
JPT1,0.6993040714840317
ANKRA2,-0.4307844223610798
SDAD1,-0.10425719514259159
BLOC1S2,0.5083842092004608
ND1,-0.18491481726182435
ND2,-0.8310794563349516
ND4,-0.0870671428602603
ND3,-0.38275675377082835
ND4L,-0.27042773046751095
ND6,-0.4637627148344719
C1orf198,-0.5990590837914783
GGNBP2,-1.4819201536245816
GATAD2B,-0.862712214762534
MEA1,1.8845092316148835
PTCD1,0.8134129800807635
VWA8,-0.5605193421256999
EME1,-0.9660371388239746
ASTE1,-0.24118023688534315
GON4L,0.3582153307667774
WAPL,-1.771052308406031
ZNF318,-1.3443062891952628
HMG20A,0.7417318360083982
CRACD,-0.5107451983195351
GPRASP2,0.5468214564799314
MBD1,0.47958627353092903
SHROOM3,-0.5239832762569336
FNBP4,-0.9630379843740228
RIPK4,-0.468301577258565
TRIM55,2.2826189231533225
RFXANK,-0.42306715281761054
USP36,0.5713780364910824
ARMCX5,-0.418142669578498
CRACDL,-0.5702164132799552
CEP83,1.6320195522271073
RAB11FIP1,0.00020354344964664694
ANKRD11,2.06624060619729
SPTY2D1,-1.255866118370913
LENG8,0.7600289274916153
TMEM160,0.1847350588912277
PNISR,-1.2411526405070177
PNKD,-0.6728357236110066
MPHOSPH8,-0.6195347003671453
UACA,1.6455197118071572
TANC1,0.44212644121679867
RAI14,0.24729555122634672
BCOR,-0.7842991091625895
PPP1R12B,0.2678085663178975
KANK2,-0.2363686641955628
TMEM230,-1.164578026525053
ATM,-1.4264573339599413
OPTN,1.4854359121931857
SCAF11,-1.4607962909054761
TERF2IP,-1.021160091846121
RBM33,-0.9537081064265556
CDKN2AIP,0.825668797774189
SUPT20H,-1.0821516514481588
C6orf132,-0.6796552732025406
CEP170B,0.9304534259952365
TRAPPC2L,-0.30056503071009005
APTX,0.1755174963112699
DENND1A,0.1912155653787335
MED1,-2.1101333135573324
FADD,-0.8212185749336105
ARV1,0.9084570101331325
ZC3H7A,-1.4362856703181992
TMEM203,0.6743980221168403
REXO4,-0.9203224784200736
PARP2,-0.037905121614746004
TRIM32,0.8753513321767716
CSTF1,-0.18725358500558822
AKAP1,0.33948381694902535
INTS8,0.751967192438457
TRIP4,-1.9490380274832173
PET117,-0.5806833563158343
MIEN1,-0.4662524617479551
LCN2,-1.5105367167727393
ANTKMT,0.08069841970992217
OST4,-0.7768914160073305
REX1BD,1.2214658627615316
SMIM7,-0.6588305051508464
POLE4,-1.2081828987027021
LYRM2,-0.4472681393035866
SLC18A2,-0.8281701648106111
IL4I1,-0.5916149445619799
DDC,-1.2290203880519996
SLC6A3,-0.09263204762416954
TPH2,0.0040254479473582384
SLC18A1,-0.8104098812292923
LRTOMT,-0.5953271742427512
TPH1,0.4427131377848025
AOC2,-0.8862842143714028
DRD1,-0.4682978276288694
PYROXD2,-0.599300651558229
SMOX,-0.7037463974621447
PAOX,1.7263953422607126
TH,-0.7990021611466677
HTR2A,0.5530078511340717
AOC1,-0.7883708140577711
CRH,0.08269843547443065
SLC22A2,-1.2333384663589557
HTR1B,-1.2579938280883842
DRD3,0.3707034716527097
HTR1A,-1.042089753418297
DBH,-1.1241592510327836
SLC6A2,-1.0597618153514112
PPP1R1B,0.4036968872137497
BDNF,-1.287657783505957
CNR1,0.08264613522295422
CRHR1,-0.197366327491251
DRD5,-1.5382903459291828
CARNS1,-0.39714303469968837
PNMT,-0.8649069728852598
HTR2C,-0.6217526105378808
OXTR,-0.9139411994565585
ASMT,-0.7349620504360175
HTR3A,-0.9347027378780544
FOSB,0.45924954221146963
HTR3E,-0.31412821019822845
HTR4,-1.3353651961682522
DAO,-0.29079836607657644
SLC22A1,-1.1589217688651154
GABRA4,0.5135808332294919
GABRA6,1.8790110939898164
GRIN2B,1.946184887686584
GAD1,0.1461899474016224
GAD2,-0.2632258158248277
SLC5A7,0.09630867144670757
GABRQ,-0.4855057319134047
GABRB2,2.2997813106001175
GRIN1,1.4029437823442195
PER3,-0.8947880210200901
PER2,-0.6566627193946903
GABRD,-0.4392309252390374
NPY,-0.26228094230501775
DAOA,3.947945837113966
P2RX7,-0.49748108032395766
HTR2B,-0.9331062869837624
APBB1,-0.6191977941599006
HTR3D,0.0638940844171444
RGS4,0.5215634338266196
PTGS1,0.4380302615281758
FAAH,-0.8870585408119643
GABRA1,2.2910400329896703
ZNF674,0.29599951208405495
ADRA2A,-1.2008783549774804
PDYN,-0.8911343135203983
POMC,-1.7321297866881353
GRIK3,1.9483584155104765
GABRA5,1.6293269121692624
HTR1E,-1.1527161149696126
FUNDC1,0.2164495159093757
SLC11A2,-0.44536475347160553
RETSAT,-0.10149984413802052
MFN1,0.08942109264819613
NTRK2,1.524077212305825
PPARGC1A,-0.011618229752000412
PCDH9,1.3695686946517345
SLC1A2,0.25280052299993316
PIR,-0.9533741308989425
ATP4A,0.8577887691676214
SYP,-0.8997402461985221
CYP19A1,-0.6412718109506513
KLF9,0.5631286003031702
TSPAN7,-0.35687615970880354
MPO,-1.5930341767468659
ALPP,0.7768778518796146
PTGR1,-0.7110305253906904
SLC7A8,-0.9071754597772839
SLC17A7,0.1371115423831805
NUDCD3,0.5767777423809654
DDAH1,-0.7807904706781266
L1CAM,1.7421521741851953
CA12,-0.9246974199602214
ANK3,0.39375390847764696
RNF180,2.4322708911985043
SCNN1A,-1.0632088511366131
SV2A,0.33122276916169985
FKBPL,-0.16742627261108775
YIPF6,0.12289251374850271
MAP3K5,-0.23966094491266393
FZD4,-0.00336596025478805
PLAAT3,-0.4462956647553274
HTATIP2,0.7451746963876495
CAPN6,-0.7106529874986399
CALCOCO1,1.269678706138976
SLC35G2,-0.01441611052280453
BCHE,-0.9292312499197861
FGF14,-0.7512470929799527
TM4SF18,-0.1289233761295588
GPR173,0.6836161764052019
ASB14,-0.5591172362774812
CYP46A1,-0.8323821524087022
CD226,0.025570817152858662
SCRN3,-0.5917752030993987
KCNK1,1.54700758445708
RHBDD2,1.2954931459808423
CHAT,-1.0388912079880754
SYNGR1,-0.5788795970311115
CYP4X1,-1.0701350840126869
CNR2,-1.4664978384815037
GABRA3,-0.21341630623209545
TACR1,-1.5307451157393082
GLE1,-1.096367200902393
ATP2B2,0.14636141275376477
CYP39A1,-1.1121877810725995
ENPEP,-0.9162874797141272
KLF11,-0.3770345399501062
SH3GLB1,-1.979531497871957
CASP6,-0.7124974093844512
NUP58,-0.8970607295700564
P2RY2,-0.9870295154218625
PON2,-0.5428898019900767
CYP4F11,-1.2072918141429148
REEP1,-1.0596625169504033
CA3,-0.3374618652117103
CYP2U1,-0.9823900326200391
FBXL4,-1.1319784885906488
TMEM176B,1.106133773393579
TRIM14,1.0345665676905615
ANPEP,-0.37292616267038564
ACTN2,-0.21906206485535903
AGT,-0.6731874930598204
PACRG,-0.044802581578847714
AR,-2.0562151311674577
CP,-0.3143650554214331
ABCC4,-1.2808770841554473
ENPP2,0.8273405489194746
SELE,0.3057075924014353
SGCD,0.08658084616067645
TRIM54,0.7053170255825431
HSPB2,0.258836271553976
SLC47A1,-0.06067487818001635
AGTR1,-1.6299182534883137
SYN2,0.9737965471991934
CX3CL1,0.13246719387363665
CALB2,0.7171293485933532
HSD17B6,-0.7048408180574118
TF,1.0247058946074077
ADCY2,-0.9426623318228399
STAC,3.5314824859749367
RGS5,-0.8781390730347216
CHL1,3.3635484914459313
HLF,0.6128077697699209
SLC4A4,-1.1379448426530883
XYLT1,-0.9168518606229152
IL36G,-0.5293649766560448
NR1H4,-1.0828169421584117
CPA4,-0.19326748568846747
SDR9C7,-0.9462357816453216
SERPINB13,-0.24975573702539416
ABCA9,1.5962477807739968
ALOX12B,-0.8360629367550018
SERPINB2,0.3823598902073237
CDSN,0.9737290559845545
TGM3,-1.0475395452342664
FNDC5,-0.541801450910183
LGALS7B,1.072277391940542
ITLN1,-1.1783373473815149
POF1B,0.11486201123955661
KPRP,-0.9290456133302192
GUCA2B,-1.419575337696905
MUC13,0.15073277379599093
CYP17A1,-1.5311600508626846
KCNJ6,1.8995351227048005
HEPACAM2,-0.3229170436357757
DEFA5,-1.0937933933393276
REG3A,-1.2961862997277582
SLCO2A1,-1.0530705049717655
CWH43,-0.9646857034899827
SLC22A3,-1.080773677231295
XPNPEP2,0.9998715651789514
MAN1C1,-0.7583398649494495
PPP1R1A,-0.6634806863573887
TMPRSS2,-1.3242079364791974
C1QC,0.04576319755679111
C1QB,0.5962919845773569
C2,0.4412285496388636
C4A,1.95198127577403
C9,0.672053543104991
C8B,0.1935011506720051
C8G,0.5496076531563818
MASP1,1.7901516030530356
MASP2,-0.09741118691556246
C5,0.3283500207141135
C4B,0.34904567015113397
MBL2,0.5725288528040886
CFB,1.5200246618309556
C3,-0.1594298617684676
C4BPA,0.4570056928036244
C4BPB,0.40285799641662623
CFI,0.4237420999260888
FCN1,-0.1368326481714685
TYROBP,-0.29022703653241116
CRP,-0.7754440400838931
FCN2,-0.7744420982890836
C3AR1,-0.02050510851273782
FCN3,-0.49091408656058116
CD163,-0.38729803252186573
AIF1,-0.26109671615590835
CD68,-0.8210782828569815
CR1,-0.944405968605886
CFHR1,1.0434245403674192
CFHR2,1.0497485818387848
CD5L,-0.658140136329007
FCGR1A,0.41417170212302284
CFP,-0.5499686369713231
VSIG4,-0.14180010506528173
COLEC10,-0.6764321902094694
CX3CR1,-0.43932969710948677
MS4A6A,0.3140539497933333
COLEC11,-0.5274490974673945
MPEG1,-0.4517747249608238
LY86,-0.3121877408660354
MERTK,-0.1704817528734252
MRC1,-0.07875783321624967
LGMN,0.469211582324977
C1QL1,1.1441445225917013
C1QTNF9,-0.41451959559460305
C1QTNF9B,-0.33146836207404484
C1QTNF5,-0.4233699512524472
C1QTNF7,-0.34568961670946935
COL8A1,-0.35009167136292363
COL8A2,0.37242433337723035
COL10A1,0.26207939664938884
C1QTNF3,-0.18100067588218516
FCGR2B,-0.007561322849435613
CFHR5,-0.49866530127600434
CFHR3,-0.18654379339737742
CR2,-0.398745776703727
CFHR4,-0.5839855905894591
ITGAX,-0.8632996170070152
C5AR1,-0.569264395104007
GPNMB,-0.12770537580174454
MS4A7,-0.4921725191483614
CD3D,0.9089425958180414
CCL3,0.6150052267172387
SLC25A47,1.7506647010293994
A2M,-0.023350467079949318
CLEC7A,-0.9649207498794297
IRF8,0.30674246357510454
LILRB2,-0.47734508655287167
LST1,-0.43588678573958983
FOLR2,0.9354242528692475
CST7,-0.44105083793410244
LAIR1,-0.3785525195147931
FGG,-0.10985683522341194
FGL2,1.0719521332495772
FCGR2A,0.028072168845708387
SLAMF8,-0.017463692349560356
HLA-DMA,1.9292839693189487
OLFML3,0.4751124533207904
ADGRE1,-0.45191126927208924
APOC1,1.267274204124375
PLA2G7,-0.9904769116868883
CLDN5,-0.17995512161533583
CTSL,1.7077895751766476
RNASEL,-0.2787802813046434
SUSD1,-0.8212673614465851
TIMD4,-0.7813624093755575
FPR1,-0.8877936584364349
GFAP,0.17178691598262952
CSF2RA,-1.046459853494996
PF4,-1.161292272374725
ADAMDEC1,-0.5857448992118555
MSR1,0.04078376631916943
GBP2,1.9919999525502112
ENPP1,-1.011122853468891
CD84,-0.9830897572823287
TLR8,-0.49039845216705186
INPP5D,-0.26958814794549685
SIGLEC1,-0.05357261336494382
CD33,-0.1713518591744537
MRC2,-0.20735090594539254
GZMA,1.7661813940364834
TNFSF13B,-0.7196543891940401
NPTX1,-0.5625230553631283
LY96,0.27464404798413156
C5AR2,-0.5480071704111117
ITGAL,0.8422197209303998
SLCO2B1,-0.16873371431357082
CD3G,-0.4992244105162944
A1BG,0.7793826244473369
LILRB4,-0.31921090644204714
SPP1,-0.826081606815481
BLNK,0.10928703050745828
PLTP,0.5898194550869248
P2RY13,-1.0683789547437736
MNDA,0.04051070696162925
ELANE,0.09877602996517176
S100A8,-0.43175504477012505
HLA-DPA1,1.452545983919357
WNT5A,-1.2347789163919525
CLEC10A,-0.053157854717104006
TMEM215,0.23600152905278346
PLXNA2,0.7398453405029514
PRF1,1.8651981768150665
NKG7,-0.43630398654228486
SERPIND1,0.37913953620451557
GBP3,2.4094223902794303
NFKBIZ,0.9307065557748032
GNLY,0.9915581283501567
FCGR3B,0.5390085069498526
IL10RA,0.5966402657262502
HLA-DMB,0.7661784130473493
GZMB,-0.707287626607715
TREM1,0.5748043376226051
MAP2K6,-0.8068435993389027
CTSZ,-0.9443384542137281
SDC3,-0.5690707898709543
IGHV1-69,-0.19909450080867458
IGHV3-48,-0.20481460966478796
IGHV3-33,-0.14107319767873627
IGHV3-30,-0.20481460966478796
IGHV3-23,-0.20481460966478796
IGHV3-13,-0.20481460966478796
IGHV3-11,-0.20481460966478796
IGHV2-70,-0.20481460966478796
IGHV2-5,-0.20365762049986266
IGHV1-46,-0.14604641729856552
IGHV1-2,1.479847227333892
IGHG4,2.0533103197735554
IGHG3,1.8812721916119108
IGHG2,2.2171145596901893
IGHG1,0.3480101995708297
IGHV3-53,-0.20481460966478796
IGHV3-7,-0.20481460966478798
IGHV3-9,-0.2073600189255334
IGHV4-34,-0.20481460966478796
IGKV1-39,-0.2355830458277016
IGKV1-33,-0.20557778266476123
IGKV1-17,-0.2069020628189155
IGKV1-16,-0.20481460966478796
IGKC,1.285929109072199
IGHV4-59,-0.14627360623788668
IGHV4-39,-0.20481460966478796
IGKV1-5,-0.15716126272570022
IGKV1D-12,-0.20557778266476123
IGKV1D-16,1.4831529608387821
IGLC2,1.4916177428868087
IGKV5-2,-0.20481460966478798
IGKV4-1,-0.22622120681572092
IGKV3-20,-0.1511988106942049
IGKV3-15,-0.20481460966478798
IGKV3-11,-0.2214462212075621
IGKV2D-40,1.4516437231480201
IGKV2D-28,-0.2119527121763703
IGKV2-30,-0.20481460966478798
IGLC1,-0.14728599209921261
IGLC6,-0.20481460966478798
IGLV7-43,-0.20481460966478796
IGLV6-57,-0.2134103986205243
IGLV3-27,-0.20481460966478793
IGLV3-25,-0.20481460966479012
IGLV3-21,-0.21240104955332073
IGLV3-19,-0.2717466882963989
IGLV3-1,-0.20481460966478796
IGLV2-8,-0.14627360623788666
IGLV2-23,-0.20481460966478796
IGLV2-14,-0.20481460966478796
IGLV2-11,-0.20481460966479018
IGLV1-51,0.4132171567066235
IGLV1-47,-0.14627360623788666
IGLV1-44,-0.20481460966478793
IGLV1-40,-0.19580998038230582
IGLC7,-0.15002767746326517
CCR5,-0.2136029694161716
MS4A4A,0.4730751314003338
TNFAIP8L2,-0.3772365618004153
RNASE6,-0.6467939506631321
CD14,0.2913229351971087
HAVCR2,-0.06479138706743874
IFITM2,1.7497511598507782
PIAS2,1.0136773876474325
TIMP1,0.7931556135789143
ALOX5AP,-0.3432488671151816
CTSH,0.01080782467001712
MYO7A,-1.0165537412042598
IFITM3,1.0748068153126304
ADA2,1.9580476442240964
ADORA3,-1.3706273740694452
HLA-DRB5,1.193578053890166
SERPINF1,0.37588486123768344
HLA-DQB1,1.0994261523608226
MFGE8,0.0871535435061556
CD180,-0.726787038008596
CD53,-0.23104623777659078
STAB1,0.18187125742960736
CD93,0.31616914752572445
CCL4,0.16833473268887528
PTX3,0.7457617539416201
HCK,-0.174187438823718
CCR1,-0.45319242659679854
MARCO,-0.8078302634204106
CCL18,-0.4611485621552158
CD300A,-0.29198914625138894
F13A1,0.04987044080415968
NCF2,-0.6157601624622232
CXCL9,-0.3642178630886578
HCLS1,0.7144185610979711
HLA-DRB1,1.6398064671213186
RNASE1,-0.8436690609534019
CCL19,-1.1920504643940462
MYO1F,-0.6622335321003374
TMEM176A,1.681910027248135
LILRB5,-0.6154488358515384
CSPG4,0.5449408665685312
CD52,1.3053026407521535
TLR7,-0.355822235113267
CCL8,-0.19891404100667937
GIMAP4,2.6164634165912144
HLA-DPB1,1.5886130714176208
CD2,1.1560305551502972
FPR3,0.2939308790526422
MX1,1.2913589548475277
GZMK,1.7403504294549368
CCL13,-0.9287252033359117
CTSK,-0.5655165258623256
IGSF6,-0.17182466538395266
ADAP2,-0.21134162665070358
HLA-DQA1,0.9492321326986762
S100A9,-0.2943869135547166
IFI27,1.333224649548987
S100A12,-1.354613881203016
GPR65,-0.5969715142583639
RGS1,0.8557224444857807
LTF,-1.1974179343617593
SLC11A1,0.0028601263869666867
IFITM1,0.5749337976974659
GBP1,2.1764477894493424
MMP9,-0.4241643213887581
FGR,-1.2071642106487
SLC7A7,-1.0474800519336969
SFTPA1,-0.6988431985082437
CLEC5A,-0.7880467576861412
CXCL11,1.0205169668001475
SLC15A3,-0.1899753071824413
NCKAP1L,-0.8804390583040742
SAMSN1,-0.1626782647997487
IRF1,1.998092408428441
FMOD,0.13342205599285728
TFEC,0.35876693576201074
ACP5,-0.7906991745020716
CLEC4A,-0.2610797310472492
IFI6,0.8181433637803002
HLA-F,1.6596255714955739
VCAN,-0.06648981790792853
NR1H3,0.4801022735798997
CMKLR1,-0.9453236210816576
MX2,0.6718997934356049
IRF5,-0.3567336769347912
CCRL2,-0.6071227565550154
TNFAIP2,0.41509372416433515
RSAD2,0.7747670343780823
ALOX5,-0.9650470913028948
OAS2,2.327572953604288
CCL23,-1.0816455094407555
ISLR,0.00856296428228
TCN2,0.7287315622341194
IRF9,2.035318486506067
PTAFR,-0.7898629717278938
TYMP,0.5607195384701402
SIGLEC7,-0.8872293845880495
HBA2,-0.027684723559006412
SLA,-0.35401092432664955
SMPDL3A,-0.6931077954122413
SERPINA1,-0.3938448446686812
THEMIS2,1.5078014415387242
CD300C,-0.703732201809181
SELL,1.9828349600446469
BST2,1.891540934926001
LILRB3,-0.7512364392039033
LILRA2,-0.6994761894238849
DOCK2,-1.0084529285115267
C1orf54,-0.46586483402607526
ADGRE5,0.18121556099949995
GJA4,0.33018931477571734
AOAH,-0.48667833727541937
LILRA1,-0.26552143015016516
SFTPA2,-0.8704327552450107
APCS,-0.9437402008541267
CD37,-0.45509501760709925
DNTT,0.84877708431336
AQP9,-1.1232867671381224
IL16,-0.9108762646986549
CRTAM,-0.4470805226103118
OLFML2B,0.5279134645366532
PSTPIP1,0.5564180117308867
BCL2A1,0.5474905153290337
ADGRL4,-0.06488914147133866
TNFSF13,-0.08635078679894659
PILRA,-0.6473416893449627
APOC2,0.776442003143591
PLXDC1,-0.3665286105864845
DOK2,-0.8944339657584777
EFEMP1,0.027684030059416203
TNFSF10,1.9843032538921983
RARRES1,-0.46419463501387703
ADGRE2,-0.35507301752755055
RASSF4,0.6023931281919582
PLAAT4,2.8329847107755937
CYTIP,1.1329306150858416
APOC3,-0.20081645110727792
GNS,-0.5262300322901436
KRT1,0.12519325526385666
LILRA6,-0.6207873154909181
NPL,-0.9074194358039837
TNS1,0.6033514977859629
TPSB2,-0.6247079783127051
EVI2A,-0.5873944048622696
CHIT1,-1.077434726808743
LILRB1,-0.3294547952874536
TRIM22,2.0286685523239423
SASH3,-0.8173114013119271
IRAG2,0.17754577231963234
GGT5,0.44762205633465424
COL2A1,-0.25345523960092914
C1QTNF1,0.3840201573102581
C1QL2,-0.14625280280409012
C1QTNF6,-0.19243052395849816
C1QL3,2.651961738941946
C1QL4,-0.543102412757022
CBLN3,0.8656286372939653
CBLN2,0.1635685087470095
CBLN1,-0.16747460995752328
C1QTNF4,-0.2779234192393884
FCGR3A,-0.44256708650353366
ZNF534,0.5881697242206825
KLKB1,0.2834600999529021
DDI2,-0.7687639829911185
MZB1,-0.37691466760658454
COL5A1,-0.7289926914425383
GPLD1,0.7561754028015076
COL4A2,-0.3378659557296151
CLEC4D,-0.8661837737078225
FGB,-0.16141637521200627
APOH,0.27000481919227926
PLD4,-0.670110709094712
CCL3L3,-0.6787383919494288
VAV1,-0.6586872930958065
HCST,0.14285206057380395
FKBP2,0.32925017291033587
ADGRB3,2.7988917672795086
PRSS35,-0.21737257136850682
BMP2K,-0.597971591233555
PAK5,0.27543808707462913
HTD2,1.2422005246912677
EPS15,-1.3895716972133882
IQCB1,-0.3737072729016986
MRM1,0.6876442682869749
NCAPH,-0.4309044543353016
NCAPG2,-0.7085529081360545
TRAPPC6B,-1.2057250548160312
DTL,-1.1519485007345869
SMC6,0.56528726555901
NDC80,-0.36167941845177254
SRA1,2.278981087820201
GPAT4,-1.4086189559941578
TPP2,0.6509338746650605
DGAT2,-0.9835275102799966
AP3M2,-0.6637203881927078
SLC30A9,-0.17939450677554666
VAMP3,0.1431231364021927
UBXN7,0.5844150735291038
ZNG1B,0.03416480558141211
NCAPD3,-0.6240237359874989
ACBD6,1.6157055025342506
SCAF4,0.5328093890608575
S100A16,0.789468990112937
TMEM9,-0.5809936819396608
SEPTIN11,-0.35865669675554784
VMA21,3.2230380712248214
TOR1AIP1,-1.446134381033264
SVIL,0.5434375418008693
RLIG1,-0.7454604179471823
SLC25A14,0.7269931948232999
AGA,-1.1959008559725433
YTHDC2,0.018542941517498933
FTMT,-0.6890365399793648
D2HGDH,0.24369395385063075
ICAM5,-0.36472066327043506
SEC14L6,0.657044094660666
RHOU,2.3351850209203633
TMCO2,-0.48075691509274404
FNDC8,-0.4423670873597334
BMP8B,-0.8563743258942402
GCLC,-0.008129428382633521
AHR,-0.8437826266722828
LCE3C,-0.6155447834956578
SCUBE2,-0.6560945322304964
ARL6IP6,-0.6139892188359809
UCP1,-1.4398492203638154
OR51A2,-0.8575861963321955
NFE2L2,-0.16600685916153887
GSTT4,-0.7217765931693395
GPX2,-1.4539102039714917
HFE,-0.18479699590736162
GSTCD,-0.23203906253182827
LCE3B,-0.8678883960440296
OGG1,-0.39863310312575884
ABCG8,-1.036537539219865
AS3MT,-0.6687576175243101
IL17RC,-0.9691403000413832
SHBG,-0.4324023618986575
MAFG,-0.6341179558642983
GPX7,-0.8450438782570133
FTH1,0.7837417786039979
GGT1,0.15042800040791876
MGMT,1.8030629230813253
HAUS7,-0.3609991771559885
MMP2,-0.4572148419311955
KCTD15,0.44231717865219344
CYP2R1,-1.1507477353405582
UGT3A1,-1.07477117507581
GPX6,-0.7983356966017436
UGT3A2,-1.0964915508049233
AZGP1,0.011431992675133307
GADL1,-0.5155065046463931
HDC,-1.0157924013832567
SLC32A1,-0.2557095214019366
CSAD,-0.2671569835895579
SNAP25,0.2949647914600332
HAAO,-0.8453612255907061
DNAJC5,0.012463658729182248
SYT1,0.12641469753262471
CPLX1,-0.3096713941568986
RIMS1,-0.34011047248447074
CMTM5,1.464959113293912
STX1A,-0.6231964895952936
PVALB,2.6866977649140797
DLX1,-0.12093790558806336
SST,-1.5868435484657397
TBR1,-0.008920322640171816
DLX2,-1.0787786821769143
LHX6,0.4832558702726446
PAX6,-0.02303287841621469
RELN,0.31388603625081213
FOXG1,-0.5093355923401246
SLC17A6,-0.5177099746104381
MAL2,0.7879381665794977
NKX2-1,-1.6080553176662564
MAP2,0.41607890428665756
ASCL1,0.03796236921234177
DCX,-0.5548614637108799
DLX5,-0.6412276876402545
SATB2,-0.02923776503511565
SLC6A1,1.3728456611154123
DLX6,-0.10723463551607035
CALB1,-0.9722096642357504
FEZF2,0.13990432922556686
MECP2,0.028738317188688516
OTX2,-1.378157963851196
SYN1,0.8907262359374373
NEUROG2,-1.0235603312499344
NEUROD6,-0.19936828588382816
GRIA2,1.9470759210064505
OLIG2,-1.0055490307248336
VIP,-1.314028289430741
VSX2,-1.1367957425978323
GRIA1,1.3415853091104437
FOXP2,0.5743126676090271
CA1,-0.6245386409914551
BCL11B,0.9280273861714934
EMX2,-0.10958756130546997
RBFOX3,-0.620926942042265
GRIK1,1.6375135821598128
NEUROD2,-0.9180441469031072
EMX1,0.564375198257354
NRXN1,1.4993143565003342
GABRB3,1.527109409556769
CUX2,-0.7835137916747823
ARX,-0.8810571691005872
MOBP,-0.16542075677899942
SIX3,-1.3521124804334346
NRG1,-0.7696378901885789
GDNF,-1.585018095395212
OLIG1,-0.8891883729425556
NEFL,0.3493984967050616
GBX2,-1.0916523853547515
NEUROD1,-0.11675065082010157
GABBR1,0.3063583410334775
ADO,-0.4370092733749352
CUX1,0.15480921190356167
CNTNAP2,1.2822734163462364
GABBR2,-0.8313736645817018
GAP43,1.6904915721107163
GLS2,-0.6610157795619301
ZNF804A,4.577069034683657
NEUROG1,-1.1304998037134628
SOX1,-1.091947016675871
ETNPPL,0.8068098544406108
GRM3,2.088630883295868
ISL1,-0.5885759371993102
NRL,-0.8922959558898449
GRIK5,1.1833968399171209
NRGN,3.574895348312198
STMN2,-0.6682249434731279
LMX1A,-0.9783764103219604
NEFM,0.9132646241596644
EN2,-0.9647010219169692
CACNA1C,1.4311518925289788
PCP4,0.06278418436379461
CABP5,1.2557354719752887
GPHN,0.13956335481238497
RORB,-0.6661248530707037
OPN1MW,-0.9965112671282031
GRIN3A,0.44130422361874017
PDE6H,-0.849817874757947
ARR3,-0.9807073087083866
PDE6A,-0.7881774105711313
TAC1,-1.4292009467335647
GRIK2,1.9258887251100154
LHX8,0.6274842887399892
GABRG3,0.9033231515022562
GSX2,-0.9467150040121383
ASRGL1,-0.3309521325777928
NAT8L,-0.5026322509696514
GRIA4,1.8253605880632857
PENK,-1.1028274181281994
GABRB1,0.8179633958557443
GRM6,-1.4955455664076465
DTNBP1,0.8870442198250629
CPE,-0.3308936847182264
ICA1,-0.08601113932516949
PTPRN2,-0.1718327333467881
PTPRN,-0.21497230382391888
PPP1R17,-0.4972662626803507
NKX2-2,-1.3776291861675982
LHX1,-1.1836690340056142
RLBP1,-0.8768875864453395
CHRNA7,0.4542758046283306
KCNC1,1.9839305566458447
ARPP21,0.3451522526577756
LAMP5,-0.09052481304944948
NCAM1,0.31780987307582
SHH,-1.6975075644705366
NEUROD4,-0.8943542429056
NTNG1,0.8343346217646578
MEIS2,-0.26349205692953676
POU3F2,0.2555522607529183
GRIN2C,-0.4632605852018909
HOMER1,-0.4347703219754853
VSX1,-1.1460945926692914
BHLHE22,0.08086044146148538
ERBB4,-0.6316859400135098
GRIN2D,-0.3536242601081979
SNCG,-0.7948951653767536
GRM2,-0.9647463085220636
SEMA5A,1.1469323392129411
GRM5,1.5066733617857906
CRHBP,-0.9653353734431681
GRIA3,1.610604219442564
NNAT,-0.48467412540155064
ONECUT2,-0.29272242452184977
KCNC2,1.3996624973358436
SHANK1,1.5786848499377915
SCN4B,0.08188304161752653
NR2F2,-0.7791707289560471
SCG2,-0.42115514681574484
SHOX2,1.984559322698615
KRTAP3-2,-0.6034296047433281
NRXN3,1.3056185883191609
CHRNA6,-0.5509780550437058
SP8,-0.8997405120837414
ROBO2,0.998697997540648
ADARB2,-0.14244683520092408
POU4F1,-1.0946124818131793
EN1,-1.0882926304244864
MEF2C,10.059317554300554
KCNIP1,2.208288582578248
SOX10,-1.3537173999445409
CRX,-0.37972294277631213
CRYM,-0.8428418824401257
CAMK2A,1.2036138759847175
CARTPT,-0.6033626086881109
SLC6A11,-0.6492390578789182
NLGN1,2.0608631577768928
NHLH2,-0.4957868003389866
POU3F4,-1.208359792358031
NRXN2,0.975605181235866
SV2C,0.17712829956550966
NR2E3,-0.9177317191570732
NR4A2,0.8418677580811672
NFIA,0.17933850393045891
BLK,3.336887471601651
GRM1,0.898447601056469
KCNJ9,1.368821967086632
SLC12A5,1.1550105801186494
ELAVL4,-0.2709736099910829
MOXD1,-0.9253759683689319
CRHR2,0.2947978821268455
HCN3,1.9468286588738437
KCNC3,0.9648847772451468
ZIC1,-1.227944986582231
NXPH4,-0.42197069966625667
FGF8,-1.3599161351488471
GRM7,1.586494385140433
SLC1A1,-0.19405413801886215
HOXB4,-1.1238120982482864
SYNPR,1.2883901208123112
UNC13C,0.2796282019569315
SLC17A8,-0.4847628626279804
RPH3A,-0.25175178551722555
IGSF9B,-0.11447353600186835
STX1B,0.6251282250429462
UNC13A,-0.17962046359522987
SYT4,1.928628198865895
SYT11,0.9322790096346285
CDH8,1.687094650589468
NFASC,2.0451976591262766
SYT2,1.341374589202475
ATP2B3,0.1923010090940944
UNC13B,2.79627946991064
KIAA0319,-0.43200354036986116
SYT5,1.020652977590531
CPLX2,-0.34141047518884143
SLC4A10,2.7817247193671113
PACSIN1,1.4152798336386554
CHRM1,-0.8540369036365246
FYN,0.5494189549074493
SVOP,-0.5167597132456825
ADRA2C,-1.0861667949200593
AP3B2,0.6381738172416671
KCNH1,1.3580594635742125
RIMS2,-0.28496653019168816
TRIM9,0.2045819063593077
CDK5R1,-0.0656662670431417
ITPKA,-0.38253959553250455
NEURL1,-0.2144156892100798
BCAN,0.37939043895161056
ST8SIA2,1.605722237521882
GRM8,-1.0898449524622
SHANK2,1.1285637988148993
CACNA1B,1.2804367996087027
ADCYAP1,-1.1229594357991834
ESR2,-0.562451879698818
ELAVL2,2.7195804193523916
PPM1E,-0.6995692700131135
NPAS3,-0.30448197680072997
ZIC2,-1.0078894932580318
VSNL1,1.1044655459764083
CACNG3,1.5814797011827262
ADCY1,-0.9043766053683782
FRMPD4,0.08140421576509294
INA,1.4614856914847656
TRIM23,0.32448402285357597
FGF12,1.3995054874781307
KCNJ4,1.2653864465156819
CTNND2,-0.042267072358563466
PCLO,0.18767134761018986
PROX1,-1.1056346346672528
SLC30A3,-0.5397586999577453
KRT31,0.22716048711968354
FGF18,-2.1574246708059057
CABP1,0.3956276335388816
RGS7,0.13542971329655776
EPHB2,1.0731610366048023
ASIC1,-0.5029985499575323
SEZ6L,0.3969771016479561
PTPRT,0.6854043531846549
CSPG5,-0.2563762059265391
SCG5,-0.6529759666116475
RASGRF1,3.3440784586831938
ABL1,0.5094298685805138
KALRN,0.8555888491217014
SOX5,0.14346754464507314
MYT1,-0.405985211109698
RGS6,-0.6782757472809497
GPR6,-0.568209915536801
MPP2,-0.5889127504421442
AFF2,-0.5729067889763662
SFRP1,-1.4702852208240116
MYRF,-0.4902667474441846
LDAF1,0.7892424145879948
CYB561D1,-0.810817288051647
SLC30A8,-0.5446236179004819
PCSK1,-0.9669501306520891
HIGD1C,0.24458905208161374
FADS6,-0.32878061953250837
DMKN,-0.49615578906948754
IAPP,-1.3816755401478347
RHEX,-0.5824698722769178
SYT6,-0.2190871041196366
DERL3,-0.6976570648088676
RAX,-1.0615859823391516
SYNGR3,0.8554382429675991
FAM163A,0.5962050774412281
SYCE2,-0.954339643436585
CHODL,-0.5708510139866338
CACNG1,-0.3317848132128784
FAM114A2,-0.5429239922485162
DGAT2L6,1.8260489456291864
PTF1A,-1.3149470806322914
KCNA6,0.2571797859412256
MOG,-0.4081302021016121
ARMC12,-0.7831811217757375
PDE6G,-0.8271459766865925
LIME1,-0.2275425181288026
PNLIP,-0.544715735441083
GLRA2,0.1882137320576899
ABCC8,-0.0415254418154618
TSPAN33,-0.7823201419537328
BSND,-0.8558396372895505
PLP1,0.37800357533374823
SMPD2,-0.5550686514199471
SCAMP1,-0.6001099431057355
TMEM128,-0.4823651606060539
TNFRSF10D,0.397509196638484
PBX3,-0.23874098453722306
ST18,0.09024845076912967
PPY,-1.7462021837747579
RPRM,-0.08361910232888192
INSM1,1.2391814128440943
TMEM120B,-0.2745026969493869
CPLX4,-0.7139254551919013
OTX1,-1.3860847851607214
LHX3,-0.27364718159589385
NPAS4,-0.30818113765170546
S100B,-0.9407754839391864
KCNA1,0.9363174765023147
CERK,-0.8829120797520934
SEC22A,-0.4709623339817962
ACHE,-0.7511949014248142
CORT,-0.9874542454818833
TLE4,-0.2774259519943073
NKX6-1,-1.4382673440212919
CERS3,-0.6948573982628297
PDE11A,-0.4812882259181324
NMNAT2,-0.39491906246229036
SV2B,0.16680474014617294
DGKI,2.6409449367200595
OTOF,-0.6640443223774501
SYN3,1.2832110655978384
CNIH2,-0.27088432547408076
KCTD8,0.34847009715695704
PCDH8,1.3108100583103073
IGSF21,4.084125962831767
SLC7A14,-0.7362359209859941
SFTPC,-1.0341883928539175
RAB3C,-0.3437246529831593
WNT7A,-1.302929763156413
CDH9,2.859718898966085
CACNG2,2.0636454767561587
SLC1A6,0.3257689469343187
CDH10,2.372399594420779
RNF112,-0.04327954049199185
KCTD16,0.4948521234019886
SLC18A3,-0.9133978253694608
CADPS,0.5621578818641615
DNER,0.6185596260993348
HPCA,0.4803266210563894
PCSK2,0.6404874231434442
AMPH,-0.6375756731254403
CAMK1G,-0.5311048546561243
CLSTN3,2.349907367609226
SLC6A17,-0.6098445980422703
NEFH,1.3149868926707218
BSN,1.6732851064556271
LRRTM1,1.9609508449230024
CHRM5,-0.8426851645897682
SFTPB,-0.8150495226496012
GLRB,-0.15479043965370498
LHFPL4,0.16489868545734523
PRRT2,0.19278958531265253
KCNK9,1.4123139566121425
OPRK1,-0.9696067210219248
CNTNAP4,3.2174050458954544
RGS8,-0.4033697598981105
DNM1,1.393549261457732
MT3,-0.2614261637809336
ADCY8,1.0102057168832959
UPB1,-0.8053102926367257
SLC30A10,-0.6645245807867333
FTCD,-0.8645292691387254
PNMA2,-0.6170546290451283
ZIC4,-0.2980276342753788
DPP6,0.9882866558969822
GLRA1,-0.3665718150856769
SLC6A13,-0.9454142973572482
SLC6A12,-0.8584469177718834
CCK,-1.6639600347237826
ZDHHC17,1.3580138901571648
TG,-1.3764812733430885
HCRT,-1.2055650784980547
LHX5,-1.1228465057853063
CACNB1,1.279501766263842
SIM1,-1.0318123680296096
CNTN2,1.5221986852251501
ELAVL3,2.496119591660676
KCNA2,1.1082312583701341
MC4R,-1.0951012792949408
TRH,-1.27848874385046
CACNA1A,1.2663665591919357
RBFOX1,1.8559588012730457
POU4F2,-1.1822274708694962
MPPED1,-0.272371886392759
ASTN1,0.04866695034024889
GJD2,-0.5993933413462333
GABRR1,-0.31150226403306497
HTR5A,-0.629104907914577
ST8SIA3,-0.19957040620439512
SNAP91,-0.15047728906281257
ACTL6B,0.29917989472561757
KCND2,1.443826580991952
AK5,0.028804481726969165
CPNE6,0.46064747348783086
TNF,-1.054954554829134
DLG2,0.6290917636050941
SLITRK3,2.537710985111408
SLC8A2,-0.3461159412669764
ADAM22,-0.0637997845595969
HCRTR2,-1.1093272641104615
CACNB4,1.1153568584877083
HPCAL4,0.4673755542987479
CACNA1E,0.5499831436998001
HRH3,-0.040911338346319166
TGM4,-1.5938577159959566
NCAN,0.5130310319535288
PDX1,-1.569627244054984
GRIP2,1.8961464165065989
KIF5A,-0.9297508915305709
DLGAP1,2.6351186468181247
MAG,0.3775099810638319
SCN10A,0.8676377993620642
SCN3B,-0.5390591400670672
SPOCK3,0.10208653566886182
SLC6A7,-0.6092228427161117
LY6H,0.9728428406814239
LMX1B,-0.4961395479538865
AGRP,-1.0647415230948896
TSHR,-1.326198079522115
CELF3,0.6946194914221032
OPCML,1.9339630001269699
FABP7,-0.870368644635633
PLPPR4,0.20379026907944128
GABRR2,-0.5604085338814946
DLGAP2,0.23541520365668128
KCND3,1.6456331265688675
PAX2,-1.6136269925298081
SLC24A2,1.0496137475064842
ADAM23,-0.20518953395354173
RHO,-1.8157951499934462
CA10,-0.4584961665602353
ECEL1,-0.09470005862343356
DIRAS2,0.11440025851639407
SLIT1,0.9394036169789918
NEUROG3,-0.8968859738856585
NMBR,-1.070459936682359
CDKL5,0.9878598581530744
SOX14,-0.9176911898021611
STMN4,-0.4580323354329016
GRP,-1.4600867281383967
RIT2,-0.09792174679995862
CD80,0.348391680220673
MAGEB2,-0.73047596886277
SPTBN4,0.5582340861016206
CA7,-0.7031190532262156
VGF,0.6470706574124219
PAX4,-1.2311012612567651
SYT13,-0.24812896771082374
CNTN1,1.8778089382001273
TACR3,-1.140203080025502
SRRM4,-0.3992117736347469
TAGLN3,1.104490119404363
NPY2R,-0.7507563600234487
ASIC2,1.3176341344173899
DSCAM,1.588269104561499
NTSR1,-0.9213850986903436
KCNB1,1.6932815756724335
TRHR,-1.207628634160767
GPR88,-0.4541365684655295
GLP1R,2.1120063995801055
KCNIP2,-0.2963220592876316
CRMP1,0.7186370789442316
KLK6,-1.245942821477578
NOVA1,3.1860912484200843
GFRA1,-1.2126636095885748
MCHR1,-1.1443605832254116
KCNJ10,1.369693984244313
MUSK,-0.15883179366220856
CACNA1D,1.410657079554991
H3C12,0.7694117331678266
CHRM4,-1.2365694940577836
LEP,-2.0684841090537933
OPRD1,-1.1686544349077317
PRKG2,-0.8893476386943377
PAX7,-0.535114233258685
PDE10A,-0.6470915320904653
KCNJ3,1.8047119577185378
RIMBP2,-0.11031535256678737
ADRA1D,-0.9636357668776303
CCKBR,-0.16457093016839444
SLC5A2,-0.14861832201100245
PHOX2B,-0.9630608992249045
ATOH1,-1.4631790426434033
POU3F1,-1.1961049849989878
FGF17,-1.7573902130760557
CELA3A,-1.1245978265867136
TMPRSS5,-1.1263527981746697
CACNA1G,1.3838789965545797
CRISP1,-0.6438247209707592
CNMD,-0.4605753509847052
OMG,1.7557023196694772
PITX3,-0.8147146437395482
CHRD,-0.8675312169661172
PAX3,-1.0301328730914983
ABCG4,-0.7536947823072033
POU6F2,1.6289328488929076
TNR,1.3999417890255128
STXBP5L,-0.18699105675995784
GNAT3,-1.2708019056792244
PPFIA2,2.36458781061705
DAAM2,1.8825886689711189
GNG3,-0.7727737383543031
CHD5,-0.5801590828223806
NTSR2,0.6234214995519021
SLCO1C1,0.8638807228917361
NOL4,-0.23355915215489823
FAIM2,-0.4378201811229519
CTRC,-1.257512873047993
FGF9,-1.7300155774943264
HTR1D,-1.2957911459344253
POU4F3,-1.0998193136225465
PCDH11X,1.393459020521518
KLK13,-0.9709982282274359
NTN1,-0.5788943186117255
MYOZ3,-0.33462190784504087
TMPRSS11D,-1.0888172478574674
TMPRSS15,-1.1092460775513524
ACR,-1.4091603277735494
TMPRSS6,-1.2682114373791171
F11,0.05010153173635955
KLK7,-1.3222033973652583
SLC1A7,-1.0108149820310863
KCNB2,0.750496022183372
KCNS1,-0.1287571034267148
FEV,-0.7272634067581212
ATP4B,-0.9834650482641863
BRINP1,-0.18277081585679072
TRPA1,-0.8341908502408958
KLK14,-0.6762233719664752
KLK2,-1.2051488106884387
CTRB2,-1.2838993247765536
PRSS12,-0.2156369642949281
KLK10,0.04175128472965251
CMA1,-1.0275097393275374
F7,-0.12037820409302107
F10,0.4762773242819769
IL22,-1.4930376304035888
PMP2,1.354559595263106
DGKB,-0.48119945884496074
PRL,-1.9737708636296003
SLC7A4,-0.941253815283758
ARHGEF4,0.16184014962624632
IFNA14,-1.4329303614043583
DCC,1.1867370492573102
SRY,-1.3541844859519225
ATP1B2,-0.37645313746121745
HCN4,1.4491682326277364
ADRB1,-1.2788351776005726
TNNT3,-0.6249679015562074
IFNA21,-1.2903556144604647
CTNNA2,1.2506782198519923
LBX1,0.3157786623109908
CLSTN2,0.9250736534464679
SLC8A1,0.22702768847092436
EPHA5,-0.4250193231892118
EFR3B,-0.6593192177442914
GPR143,-0.9446097497224313
RALYL,-0.21431492878660047
CETN1,0.43465693793654636
S100G,-0.9342349357997143
KCNAB1,0.8243796409397114
EPHB1,1.1960261853571175
IFNA5,-1.2804443071657268
SIX6,-1.4122989400371362
CLCN5,-0.7860639126441292
SEC14L5,0.13242821589645326
SORCS3,0.00283263047469186
PLCB1,0.14166114932100266
CACNA1H,1.7170611026940656
CALCA,-1.59252435286367
NGFR,-1.2891953993932486
NR1D1,-0.7969572501378641
IFNA16,-0.9223898810632666
CNNM1,-0.5157152149251687
SPAM1,-1.2390890648391233
SRGAP3,2.6323507781937043
JPH3,-0.1815120138010053
CLCNKB,-0.9168893802364246
AVPR1A,-1.222512142993592
TBX21,-1.004891258665853
EFNB3,-0.4719498361283772
CHRNA1,0.475971554357983
TRPC5,-0.21268289784209082
SSTR1,-1.1648109486990235
ACAN,-1.4202929449172952
UBQLN3,-0.8115648821532141
GFRA2,0.07706418589062798
TTYH1,-0.45452443475743964
LUZP2,-0.12449013111601571
SSTR2,-1.3345432872856013
GNAT2,-0.9983730092898403
GUCA1A,-0.5352500718217926
NPY5R,-0.887944275756418
PRMT8,1.1952305936659375
RUNDC3A,-0.38733210960353476
SERPINB4,-0.17693019133443402
IFNA10,-0.9250923152872671
SLC17A4,-1.1459916736074922
SCN11A,-0.10486898161126243
SH3GL3,-0.5630340555846559
SLC17A3,-1.1502375359621018
AKAP6,1.5450845345341395
CHRNB3,-0.3170881177973005
LSAMP,8.782331303951935
GUCY1A2,-0.1564898377941945
DRP2,-0.0897312482654824
CYP11A1,-1.5110658374200239
B3GAT1,-0.6095821665162242
CACNB2,2.2187530241118782
BRINP2,0.537351908925297
ESRRG,0.056513319860477244
HNF1B,-1.471608155893732
CTNNA3,0.568023471297834
SLC7A9,-1.2653997070648426
SLC12A3,-1.2288578973849076
FOXA2,-1.033191199108264
IFNA4,-1.4582131827611127
IFNA17,-1.4966481992898197
CLIP3,1.3738177167326755
GRPR,-1.1405643698291097
AK9,-0.12355459138058815
DCTD,-0.6992235403093008
AK7,-0.6468286775981813
AK8,2.0454500253211214
NT5C1A,-0.24181650254127768
NT5C,-0.1569872458619019
NUDT13,-0.270393013263352
AK6,0.11948094017473623
UPP2,-0.5352265014491414
TK2,-0.5479823893263566
UCK1,-0.3827209661575658
DPYS,-0.8928958778382429
CANT1,-0.12753499977463462
NUDT2,-0.29885669961438777
ENTPD5,-0.6836625710040407
NT5C1B,-0.5827812058816578
ENPP3,-0.6982544730130931
ENTPD4,-0.6398163076864559
FXR2,-0.645953521354975
ENTPD8,-0.5400939292666813
ENTPD3,-0.1693783650065498
NME5,-0.5456211540737469
SYNJ1,-1.1214618468466218
BIN2,-0.6259042405449751
BRMS1,-0.8440718097413986
NME9,-0.18718697900489617
KATNAL1,-0.04015141927218122
ATAD2B,-0.27223259813970163
SPAST,-1.1142489692168562
ATAD1,0.5015944962644386
KATNA1,-0.9342961621002942
SERPINB5,-1.211141629488183
SOX30,-1.070802386635435
RRAD,-0.2535270305870693
PID1,-0.38647432868358406
ACP6,-0.4193303226542
ASB18,-0.19826694560485428
CD82,0.3216474307680781
RORA,-0.04854271068682525
NME8,0.0968728594322418
SREK1IP1,-0.3898780726020325
SMYD3,-0.537751268168452
DUSP2,1.2366358896149885
EYA3,-0.7422859576213295
USP18,1.5243388799999325
MCF2,-0.028390463520895134
TIAM1,1.4027602364593492
NME2P1,1.2474517803122502
EYA2,0.3595286989904859
TOMM40L,0.6309299645583653
FKBP1C,0.4745058061328407
KDM3B,0.37650527429267083
TNPO2,1.0549809674269552
DUSP22,0.7151027868458679
BAX,-1.1488396049087797
WIPF1,0.9870356134437005
ABCF2,1.3413662275246585
EVL,-0.41368076486601096
GABARAPL1,2.7945864893695256
RPL37,-1.1575765565701477
ZPR1,1.061056265323116
LIG1,-1.3158904296097254
PPIL3,-1.4922627089188198
LMNB2,0.3578035361336524
KNTC1,-1.2843822023059952
MSTO1,1.5466048503936434
PTRHD1,-0.5961153363219337
MPDU1,-0.3799830811997855
BUD31,0.3758997166998165
SLC39A6,-1.4628569005529863
NF2,1.126340401587331
RPL3L,-0.2024926806716053
AGPAT5,-0.4706227611708431
NUBP2,1.4530059222638272
MTFP1,0.13050391878703324
CBX5,-0.3668794343349244
GOSR2,0.15098589545956304
METTL1,-0.6632721813475604
DUSP19,0.0607179798748311
MAP1LC3A,-0.9939359032344304
SNX12,-0.2609151746360872
DONSON,-0.8359002692486883
GATA1,-1.2503766356343777
RPS4Y2,0.024156799961929477
CHID1,-0.260579749631532
NXT1,-0.8225907505535537
MARCHF5,-0.2805802477550589
SAC3D1,-0.4083235700465777
SPNS1,-0.5227808449674869
WDHD1,2.156898252540949
BNIP1,-0.14708685223687856
AAMP,-0.04549960670300923
KIF4A,-1.5969885216735333
PPAN,-0.11231117088809553
NUP43,-0.6419238153528728
TCEA2,4.001192763157472
NAA40,0.4783414878845437
NEK2,-1.1279178531214207
KIFC1,0.23924852442370068
PTPN23,-0.11736822575983961
TIPIN,-1.4195120696901826
CENPE,-0.15202190650954986
KIF20A,0.03149651898751385
KANK1,-0.1893292586056919
ATF4,-1.1434759594116868
CDT1,-0.3231060701004236
SLC39A14,-1.1695314622018926
TRIP11,-0.4405492346226966
POLR2D,1.5825533525861175
ITGB1BP1,-0.1366645648787154
CHAF1B,0.9454201926198097
PNCK,-0.00786961402780327
NUP160,-1.3110019757282125
NFKBIA,0.4838394920774104
KIF15,0.23651078872323383
PPIC,-0.31819654504859685
PIP5K1C,0.10686403370032385
N6AMT1,-0.4562629431964949
BBS7,-0.019101081257161253
ORC1,-0.28852396100750155
DPYSL3,-0.5155999077857047
SLC29A1,0.18856215399653745
BAK1,-0.5747810197935768
WAS,0.28586024421427747
DSCC1,-1.1650917033897537
CHMP4A,0.41853535765180344
MYL11,-0.3972886424878242
PSPH,-0.9335843923313115
TREX1,0.1795825430634977
PKMYT1,-0.26163527836103223
PCBD2,-0.27673537265489423
CDC25B,-0.23567488272744813
BID,-0.429034658680542
RAD54L,0.7582661118879551
ZNF131,-0.153773687801604
POLA2,-0.654901452668199
CCNE1,-1.0766476691474418
CENPF,0.2236904935925574
DCAKD,-0.8854265991665484
LRP8,-0.9175609324009446
TOPBP1,-0.27134033104094224
GINS3,-0.5734422957122317
RBM15,0.359108396742057
PPIAL4A,-0.46590499121761025
SKP2,-0.8568693620547783
KIF18A,-1.1771127452822647
MYBL2,-1.2260027612012743
MAPRE3,-0.607700575221363
DNAJC25,-0.8513219729207523
RITA1,1.49366131480752
MFSD12,-0.7828280177618985
OGFOD1,2.666080087403931
DNAJC24,-0.6908388944299575
LSM1,-0.5080374006522131
PTRH1,-0.41087283957867154
PEMT,-0.3320981070985526
EXO1,-0.3638634172942293
ARHGDIG,-0.6110208547365993
TOMM34,2.1820037659931204
IFT74,1.404197951805816
ARFRP1,1.4617363318730114
TNKS,-0.6724255174933882
PCLAF,1.084054633169508
METTL26,0.056261210343348175
DNAJB14,-0.8938037351263987
SLC25A39,0.32161195435266565
KTI12,-0.6847735635605554
GTSE1,0.9309284872193696
WDR43,-0.9742382259210051
SCFD2,-0.42077654119424385
TNKS2,-1.0466675848087375
MEMO1,2.7533052461036625
ANKLE1,0.9525126893811731
ZNF322,3.3564449744286184
PRMT7,0.30582784117551376
ESS2,1.0561664967014581
DPH3,-0.8996861617082251
KIF1B,0.1739824657557593
GNPTAB,-0.9084902818901979
CCDC86,1.252033154686684
ING4,1.815634331236514
MAP2K4,-0.7469748215572825
YRDC,-0.7627771656224077
EXD2,-0.8494087677825941
TIMELESS,-1.1742789966565845
CENPI,-0.9527808824932148
MZT2A,-0.34091712873941843
RNASEH2C,-0.4901879439002534
KXD1,-0.3225841052517206
SLC7A11,-1.3063474405459499
NDN,-0.583176982652235
BBS5,2.017721299315975
CHD1L,-0.8208985693132596
SKA2,-0.24644024799376998
RGPD8,-0.624852601407145
RPP25,-0.5718237395937049
AARSD1,-0.018479127074465328
DLGAP5,-0.9158587741814128
TTK,-1.3963458970259204
GPSM2,-0.29357800626516267
TESC,2.6478801104833316
CIP2A,-0.8506632589883457
TDP1,-0.882211685006209
ASPM,-1.2909508158397929
NUP188,0.09165838772271055
NPM3,0.2638807412551842
AIF1L,-0.22466187070117796
TNPO3,-0.27493047988549146
NUF2,0.19968634971978091
CEBPG,-1.2594191665981298
POLR1H,1.6639415705212484
FOXK2,1.095916565767649
CDC25A,-1.0176038320113203
RAPH1,-0.0777469769660221
KNSTRN,-0.8515855010630179
SMG8,0.4323721021163703
S100A1,-0.35506924544931695
RBBP8,-0.11311175029479748
PLBD2,-0.4227790820886549
KIF18B,-0.8999445494950485
VAMP8,-0.6540463735709079
CRIP1,0.6274842158689219
CDK2AP1,-0.6908699256715509
KLF16,3.3595612912553676
ENOPH1,0.7779749321452291
DESI1,-0.4376009307879011
CENPU,-1.06361235757699
TMX3,-0.49030148209267016
PALS2,-0.36460972761591665
KSR1,0.8305256032093259
CENPW,-0.7697637367230445
CDCA8,-0.6373265268600589
SCIN,0.699563088379753
NUDT15,-0.7132289435477569
H4C7,0.3581749182908636
TIFAB,-0.5348202948012382
UBE2T,0.15321711157595871
CENPH,-0.5903846266284215
SPAG5,0.17218491123544347
NETO2,-0.18322462777486828
ZWINT,0.7238911587424749
MTAP,-1.0674773673006586
PARPBP,-1.0677009476425074
KRT77,-0.3114575664496819
FBXO5,-0.9759852087918145
RCN1,0.007616339459116942
BBS4,0.11140588600265258
NOPCHAP1,-0.5352185393189146
ARMC10,0.4151108468801471
COPRS,-0.4663039854207314
CHRAC1,-0.6799932817066272
DSN1,-0.9192901060296556
BARD1,-0.442177441463438
SIVA1,0.04212166198171257
ZNHIT3,-0.45210225053233083
HRNR,0.05757198774454909
ZNF146,-0.5606386899072523
FLG2,-0.5844664189330676
EIF4EBP1,0.0769190409264394
AZIN1,-1.4045530181306354
AMY1C,0.37920057571514837
LAPTM4B,-0.683325721773764
ZSCAN25,2.806250801889699
APOBEC3B,0.7562151394798905
SAAL1,-0.09943752682670201
NTMT1,0.437518507994003
NT5M,-0.3994076359612375
HERC6,0.32179441918652996
SLC48A1,1.1949237104174182
OR10H3,-1.5416155471028423
CELA3B,-0.7966659677587121
ZNF843,-0.4875573896623001
CSRP3,-0.39261589425643567
WDR47,-0.9917254571319294
IER2,1.3199409967504097
PHYHIPL,-0.16011077785498284
PILRB,0.6758189631192519
SMOC1,-0.8615847585170119
PREX1,-0.8941935367197172
TRABD,-0.6305286408778645
HERC3,-0.772272100083393
ARHGEF39,-0.26243084316295495
KDM4C,-0.0778305286641849
PRKN,0.8797603683665768
TRAIP,0.8125745445642406
OPA3,-0.0956603044648006
HSF1,-0.9907675507323775
DRG2,0.5881801463086587
EPPK1,0.961117183655104
HSF2,2.1738267767710524
KRTCAP2,-1.1511774346013066
H2BC15,1.4210692383183445
MAD2L2,-0.14769872386740399
PGP,-0.7885490802913908
POLR2J2,1.5292229368862955
PYCARD,0.37232089224961656
TBXA2R,0.42446293796191287
GMFG,1.3307349537803654
HERC5,0.7464722662623611
DOCK4,-0.7545101854496613
TOR3A,-0.3492678894889794
IGBP1,-0.752733866790379
S100A13,0.7021946111990711
NUDT3,-0.32771416147944066
DYRK4,-0.15007726958904505
TXNDC12,-0.4970980196245525
ADISSP,-0.12788353898379592
H2BC26,1.7337157571412425
H2BC17,2.3547000297670437
RP2,-0.3659875414538824
PYM1,-1.217085643471825
ANKRD24,0.08372147776816143
PARVB,-0.8423871510414634
LZIC,-0.38676548285453766
MTMR6,-1.1407690629047145
TCEA3,-0.45977310317727815
GPKOW,0.3093714877291108
MYL9,0.6636368055545658
GCA,-0.8315713730182882
C11orf54,-0.4687792138076133
ZCCHC13,0.4588226388984548
HSPA12A,1.457513213416651
PSMG4,-0.2920221286680836
RWDD4,-0.6406720506179383
TMEM192,0.09487751719517526
PARN,-0.749113519107658
ZNF511,-0.35626726841268674
GLOD5,-0.6349525575913806
VEZT,0.11300616316962682
TRIT1,-1.0551794223380666
CNOT2,0.08751938637136848
H2BC12L,1.9050980165567877
AP4M1,-0.457307983260297
CINP,-0.5584524504675702
RABIF,-0.1381251888049912
PLIN2,-0.03627570569029054
FKBP15,0.16828440284162627
OCRL,-1.5499717403647169
MCRIP1,-0.7002446253376317
NUFIP1,-1.048335966657697
PPM1F,-0.8173466853267459
URM1,-0.38266319399308835
DNAJC18,-0.7373818949742542
SCRN1,-0.23594852499326435
ZNF232,3.163804243438991
DNAJB9,-1.5753761124129078
ZNF706,0.40546186847949856
ALKBH2,-0.22491329399723337
DVL2,0.2619134692766671
MTERF4,-0.8063657969627402
PTGES3L-AARSD1,-0.4189343833262987
PUM1,0.5300461349364761
PCGF1,0.864766510844038
ANAPC15,0.0529738165857881
ANKRD13A,-0.37836184410648765
ARL6IP4,-0.21216366932423608
ZBTB33,0.011546016941607862
SLC2A5,-1.1997964994505537
FEM1A,-0.3140624167515969
BBLN,-0.3931574922811419
NCALD,-0.17205166455780568
PLCG2,-0.07097589331750832
TTC5,-0.25068585351375544
NOS2,-1.2586082886382675
SUMF1,-0.27690200710967083
SUMF2,-0.5156712337352869
MTSS1,-0.43383592020339823
PMF1,-0.43197982883510766
SCNM1,0.004065107052906579
RAD21L1,-0.8913284615818141
ZNF771,-0.5272614864601888
ZBTB48,0.28531665873672996
TPGS2,0.10707546907259877
DUSP3,-0.15995950989055002
FEM1C,-1.1197115146539496
PPP1R16A,0.6147328933042835
NINL,0.9306967159452416
TRNT1,-1.0508676646653927
MFSD3,-0.2872576943115172
SLC38A2,-0.05590934029524225
HGD,-1.0456177740677632
ABRAXAS2,-0.7596084730490456
NFKBIE,1.65007014312276
RPS19BP1,-0.3132083169032288
DUS3L,-0.46958228561166077
CABYR,-0.3365066035866021
STK10,-0.20015718751849082
PTCD2,-0.3629361045183983
PEDS1-UBE2V1,-0.36537713630218804
FASTK,0.007108864553196757
AKAP13,0.44956747676167774
PEA15,-0.8114438359480665
RSPRY1,-0.49346189091731296
ZNF445,3.1956897566680786
ZNF724,0.5580844525626515
ZNF107,-0.24623590901439124
ZNF431,-0.026588863958825606
ZNF92,0.2283497044514816
PNPO,-0.5467428496929105
BRAP,4.025466066759947
LPO,-1.2923528125331007
HOGA1,-0.4839349451990377
SARDH,-0.9918218101654445
PANK2,0.028679317493877678
VNN1,-0.5704346345493556
PANK1,-0.11388182645662183
VNN2,-0.6218534075839139
HAL,0.004182208216292606
AMACR,1.339272698001019
IDS,-0.6550471082438661
NT5C2,1.456972420175865
ABCA13,-0.007766712480777642
DENND10,-0.12259690484405551
AGMAT,-0.738253272618284
TMEM116,0.19598103289359176
XRCC3,-1.076034406178849
ARID1A,0.5442163311983221
ATAD5,-0.9948358128336445
SLC27A5,0.1779512779660904
CDY1,0.696469953987538
CDY1B,0.9714004253709649
CYP11B2,-1.1248874599610532
PKP1,-0.7641292190337663
FAAH2,1.1329802587377984
ABCC5,-0.7389960494495439
ACMSD,-0.4937740385122801
GALNS,-1.0306493935406664
UNC119,-0.11762998472364519
BBOX1,-0.6947799541916133
PBLD,-0.6391108136593994
NAXD,-0.7200515396423264
CREB5,-0.052122436836304444
AQP5,-1.2402441199272
CREG1,0.6952126375072202
CPQ,0.9136113569441868
RAB35,1.88950898330716
LMAN2,-0.8419316214103936
TMT1A,-0.5619076972945252
PTGR2,-0.399733461990133
ERAP1,2.44066938619238
SLC25A35,1.432761175720967
CPNE3,-1.0746252142667356
PAH,-1.183996018918199
PHYHD1,0.9413371158812688
PRKCH,-0.28731034293309393
ATF7,0.22563586440558997
ALAD,0.8316276138213148
SORL1,-0.11116744851349776
ATP7B,-1.3812184081603338
SLC16A9,-0.7762245437245604
SYPL1,-0.9252550764087311
SLC5A8,0.147835836238634
BTG2,0.5813273136011694
SLC22A5,-0.4766718745662837
NAGS,-0.2204702902081345
SLC25A34,1.3858469585196884
VPS50,0.20941889032709932
YPEL2,4.8226459034058005
SERINC1,-1.87552997755669
CTSF,0.15904830017250202
TMBIM1,0.16949872600455976
SAT1,1.0314468874693299
F12,1.1245196429534001
TNS3,0.17383652501806682
SLC7A2,-1.019429384119307
SAFB2,0.8717210462078967
ETNK2,-0.7168819134135874
ATL2,-1.3772103097263562
THOC2,-0.24090231892150915
PLK3,0.859459740198395
SLC5A12,0.30378452181272647
SPINT2,-0.9151683821613956
ERCC6,-0.0509927153390074
MOCOS,-0.7086902320000195
PLK2,0.8577437907401421
CRTAP,0.11594825763037989
GBA1,-0.5342401897094672
NBR1,-0.10977016818858241
STX12,-0.11374070956448719
CYP4V2,-1.0263910888316192
MAPK7,0.5599917281921999
NMNAT3,-0.573499980280384
YPEL5,2.4004644626063114
TTC13,-0.749477747830037
HID1,-0.12298298120641858
MON2,0.37389226112184304
FHIT,-0.1577425127399261
TRAFD1,1.9690526967414164
STIM1,-1.162506592151932
GPX8,1.1725043021128871
PAFAH2,-0.8237998567940463
HDHD3,-0.964966964397678
KDM1B,-1.1988461681059568
PLBD1,-0.576609983312745
LYPLAL1,-0.6877167761427256
CEBPA,-1.3945483234784573
PAAF1,0.8067481728233618
RTN3,0.5370376979139398
KRT14,-0.5986516532736459
MSRB2,0.6749943913009545
PGR,-0.9245448178793476
MTARC1,-0.7486381377138187
CCPG1,-0.7704678215573633
FOXRED2,-0.4068105891601153
NUP214,-0.15394639237272023
ANKRD42,-0.461517870661487
ANKRD39,-0.165994760068278
KTN1,0.09832235747926095
SUN2,-0.46800497432541627
KRT6B,-0.895280864437901
GDE1,-0.6765358121708531
G0S2,1.146874809435544
KRI1,-0.2364899225330025
NOM1,-0.9686362449915622
DENND10P1,-0.5478787371299568
FABP2,-0.6633081853880461
PITPNM3,-0.6846158108548701
CARNMT1,-0.5479866986200503
SECTM1,2.112879322574258
ZNF341,1.683035055557579
COL6A6,0.5380172906726968
L3HYPDH,-0.10881361941380882
AFMID,-0.478850225491394
TAP2,2.4959179500161057
C7orf50,1.2154828865873923
SUFU,-0.025599629234648612
ELK1,1.9058094386093472
SLC15A1,-1.3527457555273863
SGO1,-0.796416654271439
CTDP1,-0.30648001019889115
C1orf146,-0.5135339424538422
SCD5,0.20437002606269133
ADIPOR2,-1.0357373204896811
XRN2,1.2941970520348602
BPNT2,-1.0981408932281136
OLAH,-0.14057002835331706
ERO1B,-0.07623597470053631
PIPOX,-0.628955520453406
UBE2D4,1.2692376146176263
AMBRA1,-0.059690725388290955
TATDN1,-0.6998168237165753
CDYL,-1.0539447141852758
CORO2A,-0.6391328409819598
HEATR3,-0.897726955210564
HPS5,-0.656308942957903
APBB2,0.1991128500640671
CCDC110,-0.8264451228701767
GPAM,-0.8620117869752963
CLCC1,-0.8484105066762467
GAPVD1,0.6602160696791675
SUN1,-0.1407733526159118
FAM98B,-0.9047203228041837
ZC3H18,-0.38090580883355085
OFD1,1.281256791645491
TCTN3,1.8853013800008496
CAMKK1,-0.1829139312459229
BRSK2,-0.44565533887271447
SNRK,-0.6209416260875803
PSD,-0.21426550458080734
AURKC,-0.7856539935586552
ULK2,0.33141567916414366
BRSK1,-0.550172652227711
NEK1,0.04606216979814449
IL6,-0.6011095765659212
MAP3K19,-0.7018005255672145
PAK3,2.8024529405748124
SGK2,-1.2782424523663392
MAPK15,-0.940764747873779
DCLK1,1.719722767875524
CAMK2N1,0.09263402327670192
PSKH2,0.1526449632619175
CREB1,-1.3006041024046948
MAPK12,-0.26553142444455147
MAP3K10,-0.5256050092469501
DCLK2,1.9844766665755584
HYAL3,0.6539640949396883
KRTAP23-1,-0.15797736279952493
PMFBP1,-0.6034166370282397
DAPK1,-0.7215998395695545
MATCAP2,-0.19132266909528706
KRTAP22-1,-0.6377885981937133
TNIK,0.4772395830631824
AGBL5,-0.455271547582666
KRTAP19-3,-0.5751787981676908
PLPP1,-0.6549291902333415
TYRO3,-0.41946671001809777
EEF2K,0.3955246959278906
SECISBP2L,-0.8719063112329875
CACNG8,-0.12549453435973842
MOK,-0.32185116591780893
DNAH14,-0.6231453133255763
LIMK1,1.4736762822109275
NBL1,0.6721112847051746
MAP3K15,0.5326495509973079
ABCG1,-0.9988413983709857
CAPN3,-0.6815840349580455
TSR2,0.45053244541711657
CDK18,0.3391734061505203
HOMER2,-0.19315265323864497
IFNG,-1.4028255186537935
KANSL3,-0.800912693668411
HPX,0.19152025725145297
PUSL1,0.14078364254309775
ATF6B,-0.8479137635602501
ATF1,-2.1182541608595633
CACNA1S,-0.5612549820253456
CACNA2D3,0.5738097453638715
CACNA2D4,-0.1380472062036098
CACNA1F,-0.7450696489380615
CACNB3,-0.02046099276251564
CACNG5,1.782120627945865
CACNG6,-0.11700755641364761
CACNG4,-0.31910198503049475
CACNG7,-0.09503676048221422
CDC25C,-0.7993621595573747
CREB3,0.9148133269085795
CREB3L1,-0.7584059070970502
CREB3L2,-0.7376192169357945
CREB3L3,-1.0080261507558825
CREB3L4,0.9409486192381811
CREBBP,3.104050966672696
DLG3,-0.02991452144517249
EPB41L1,0.30822579089780877
FBXO43,-0.7774447607114481
LRRC7,0.06805086213064733
FGF13,-0.1891770709549341
NOS3,-1.053232849738103
PDE3A,-0.2532395354178778
PDE3B,-0.17332075958226986
PDE4A,-0.5259381164100797
ITPR2,-0.5231946964773329
FOXO1,-0.7617433320185067
IFNGR2,-0.2868409397188404
PDE4B,1.1628736794275587
PDE4C,-0.6777606102044473
PDE4D,1.5219954472187376
SLN,0.7469305880439643
TRPV1,-0.6871435117271694
SCN7A,-0.01698128366691405
SCN5A,1.4992589682799646
PLCB2,-1.3401127914758042
PLCB4,-0.36686580131516716
RASGRF2,0.183949334780258
RIPK3,0.46567200998789693
RYR2,1.6516546860206365
ADCY5,-0.6273662590416728
ADCY7,-0.7109946863867432
ADCY6,-0.07476491595431675
ADCY3,-0.9136177287068981
ADCY4,-0.648157370670426
ADCY9,-0.2920105408889032
AKAP5,0.9929128615260998
ARHGAP32,-0.117304294597957
SYNGAP1,-0.19636947268783297
GIT1,0.4680060421997896
KCNH5,2.1374696007428198
CNKSR2,0.16330735364964657
GRID2,0.05595702171205468
DNM3,-0.5811170281807104
CNTNAP1,1.527535895552518
CLSTN1,0.4572645839837904
KCNH6,0.0701587953784931
KCNH7,0.23855525583818188
GRIK4,-0.20287057716161777
PPP1R9A,-0.512264330770067
STX3,-0.4579215629457614
PDGFRB,-0.7923986704212069
SLC45A2,-0.9253804907018961
KCNN1,1.3540288895812513
PTPN5,0.3058768282838199
AGAP2,0.10218816457467465
KCNC4,1.453537817320497
CRTC1,1.8831554803989523
H3C1,1.0040043834259005
MAPK8IP1,0.7985219576752449
CPEB3,-0.6302948039379143
CADPS2,-0.2328946706969421
CHRM3,0.4323843102349179
SLC8A3,-0.16762955989743022
DPYSL5,0.21123280733800967
ADD2,-0.30782837071595875
GRID1,0.40032132044153157
PTK2B,-0.004326451875557938
RAPGEF4,-0.5488111601300331
NLGN4X,0.36397912865262744
DSG1,-0.7520199960236009
SYT7,-0.29082889242044396
H3C14,1.313893157453921
MPDZ,-0.38689111240706137
PTPRR,-0.5782682799181666
DAGLA,-0.2749425379930192
SSBP2,-0.5882287334862879
KCNA4,1.419564998565314
ARC,-0.3578737696796422
HCN1,7.634502989011019
DTNA,1.5486393032431824
CNGA3,-0.065172797523383
SHANK3,1.4732271392274296
KCNJ2,1.7882812184480181
HOMER3,-0.5670629285320886
CLCN6,-0.25104441114108045
GNG2,-0.23964740572518753
OLFM1,1.9960758754112082
IGF2BP1,1.4772574325546155
SCGN,-0.7047326270896442
ATP8A2,-0.42782165459021443
SIPA1L1,-0.18987131839381235
NTRK3,1.8857394614430616
KCNH2,1.4054975766811832
KCNH8,0.35366911508210874
JPH4,-0.16009845196761427
KCNK12,0.24299333056611408
SYNPO,1.0417748667717768
CNGB3,-0.6837354657893636
DLGAP4,-0.4879981885373555
GNG4,0.9444747313662409
CADM2,1.7386652143188852
GPM6B,1.0891397522767396
APBA2,-0.0023760109537373257
NCDN,1.4233640302364146
KCNH4,0.1670509671596403
LRP2,-1.175369845322899
ANKS1B,0.5267923442314415
CELF4,0.050037646462292765
ITSN1,0.33525664829558927
CAMK2N2,0.6673575777985385
CPEB4,-0.6460190559844062
MPP3,-0.7965444990423173
APBA1,-0.3323618918092099
DDN,-0.04225552509979763
FAM131B,0.11976862505559478
CHGB,-0.45975064842401436
AKAP9,2.3049389826535926
QKI,0.783949403196628
SCN2B,1.7902281844582224
ZC3HAV1,0.005667309818160336
SNCB,-0.26672606182829456
MAPK8IP2,-0.5711096823464055
ZBTB32,-0.6782387257746512
SRCIN1,0.0773202823582715
ITGA2B,-0.04490308098656526
GRM4,-1.1577933805145397
STAU2,-1.3233296246083874
PEX5L,3.5670524126830876
NBEAL2,-0.6848281327407243
SCRT1,-0.17383098561199206
HAPLN2,1.2640644282377695
AVPR1B,-1.2599372922561076
CDH22,0.9360397807744899
KCNJ12,1.7952210329309732
RYR1,0.3093731402143448
NOS1AP,0.9018241754241089
PDE2A,-0.4411824753432779
TMEM151B,-0.17901499033541388
NTM,1.6874022178486612
PPP1R3A,-0.4104967026447819
CDK5R2,-0.16952832050699346
ABI2,1.933627708989235
RHOXF2,-1.0858852552393814
DNAAF2,1.0961044302472747
ACTN3,-0.6382800167800876
FAM168A,-0.33728201239502886
MYL7,1.9485513241429733
FNDC3B,-0.12383268773856587
NDRG4,-0.3474898902865682
NECAB2,-0.2723107234711576
MYBPC1,-0.3459739055662621
TRPC3,-0.2748605905339673
ZMYM1,-0.07062803809299924
DMTN,1.6058209980770912
ADORA1,-1.5176035612258312
EGR4,-0.4219782108859064
MAP1A,2.632672122699344
DUSP26,-0.5481703302292814
IQSEC2,0.039944985019786106
SAMD14,0.17115510120917274
AMER2,0.012017596598602425
RBPMS2,-0.5024462532755345
SGIP1,-0.8750485634954894
CADM3,0.6947159990754985
MAGI2,1.0238940218851411
NAPB,-0.6276416572603017
HRH1,-1.0519763579283457
MAPK8IP3,-0.3485697044620802
SYT12,-0.03586055314231799
RBPMS,-0.8005611287963145
TMEM59L,0.6514895447242867
SPTB,-0.2644149098336122
RBM47,-0.5656517686221975
WSCD2,0.3646587752139129
SAG,-1.1380185917349572
GCG,-1.9999806585740179
SHC3,-0.1095868184729137
GJA1,-0.3218249411795072
ERC2,0.7707147876284842
GLB1L2,-0.6539769015191086
KCNF1,0.09935145808301217
BAIAP3,-0.2016351776680633
ADAM11,-0.5542421664774575
DOC2B,-0.15317922014803928
NECAB1,-0.10120735175771252
ADGRL3,1.470347193742917
LIN54,-0.7685777818304236
H1-4,0.37490108666153255
C1orf94,2.1005233827764105
ZNRF4,0.615257914846527
SEPTIN3,2.1894475613330693
TNNI2,-0.398600866954138
WNT11,0.1662190219203453
PDIA2,2.25747389584104
EXTL1,-0.5045528605002804
HIF3A,-0.07651337957218199
PTPRZ1,1.2537399327835905
BCAS1,-0.3506828518828906
NACAD,0.1383144180428137
CLCN3,-1.3179001789043145
GPR22,0.9425669532914626
ADGRB1,1.3979953931372069
SPTBN5,-0.34555886528696966
SCN4A,1.4734330454852753
APC2,0.7828283610960307
CHRND,0.19985595436441092
PIP5K1A,0.2213669257534151
NR2F6,-0.21280223201681814
SRF,0.03219172584302533
PDC,0.057376592421466074
KRT76,-0.5255486664437801
CFAP410,0.4377541969164023
IKBKG,0.183012822240239
DNAL4,0.5056158504616263
RBM20,-0.447037686802019
ARHGAP25,0.1788031075032941
PRKD1,-0.10165675375317772
STK39,-0.823750355073784
EPHA10,0.14410278771529134
NEK9,-0.4626099603123283
LDB3,-0.6172054290066177
FAM171B,-0.10982195598234445
SCRN2,-0.4091032835826864
FAM163B,-0.6283665496915586
ZRANB3,-0.9813112388555246
SPATA2L,-0.44098252838390234
TP53INP1,-0.19283253662426678
MYO3B,-0.48911556313846943
LCK,-0.0629409779627984
DDHD1,-0.5924806223120472
CASQ2,1.9072697381344912
SHISA6,-0.17571293593065754
TSR3,-1.0329075498227902
CDC42BPA,0.16332778793874358
WASF3,-0.0686151055283468
CAMSAP1,-0.40917143520167376
WNT4,0.0895079493249832
MOAP1,0.08659525804906844
IQCF1,-0.38404206107331046
GPRASP1,0.08809836116691175
LMTK2,-0.5645265164144535
SPATA24,0.44714832192434356
N4BP2,0.8112541079976254
SSH3,1.2378295271158049
HES1,-0.8260860574789547
PLN,0.12452107320815596
DDHD2,-0.8889187825448486
SEC23IP,-1.2918819178483834
PCM1,0.2625397063421294
FAM168B,-0.5571853550710577
TIRAP,-0.6155731885488358
CEP192,-0.6921513531497504
DPH1,-0.18427826965021193
SENP5,0.031772881853809644
ERCC8,-0.6248110573628906
ELP3,0.44572371237662367
SPATA2,0.7682422675090944
SAMD4B,0.8039131347330387
ZBTB2,-0.5029641413055829
THUMPD3,-1.1542586717953247
CARMIL1,-0.5290145361206644
ADIPOR1,-0.4468836921598607
TPRN,1.1066015489604135
TAX1BP1,-0.8892473625095931
GIGYF2,0.5175876788006245
DST,0.22312579374477007
IFIH1,2.0144396688468045
DENND4C,-1.345005734586111
BOD1L1,-0.8583764677101317
ALCAM,0.02109717880878162
ARRB2,-1.6463079094942739
ARGLU1,-1.2207466305399808
NACC1,0.9508424701896664
PIP4K2A,-1.0216226741870729
DYRK1A,-1.0512796398951896
EHD2,0.8583259094130742
KCNIP3,-0.20637634173866812
RYR3,1.340909684883462
KCNH3,0.3374541920594776
LDLR,-1.0113320214192403
SEC16A,0.20519993803357434
MPP1,0.2802657334320368
NUDCD1,-0.49538367904097996
SH2D3C,-0.3488164663437603
ITPRID2,-0.9562155207552563
MAGEB4,-0.8137595016727821
MAGEA3,-0.6373244415006888
CSAG3,-0.4632725322763343
LMO7,0.29267592332948095
MBNL1,-0.18908619403942079
NEDD1,-0.8620134674188685
STIM2,-0.9338492496100073
NEURL4,0.3314997297007836
C6orf141,1.2581297830996492
CEP76,6.302468602622498
ARHGAP29,0.5316637027625272
NEBL,-0.07848841838685267
CDKN1C,-0.02161608178650292
HAUS2,-0.16162397430582506
NIN,-0.6538380087365452
SETD7,0.9409587388218691
MITF,-0.29883425588183926
TBC1D9B,0.45722155702066974
LRRFIP2,1.0553112675308118
AIM2,1.1050493187806714
CEP170,-0.0035928030140307842
CREM,1.109039802051969
CD5,-0.4792456156490761
FOXP1,1.0100493927205596
AFAP1,0.286020162377066
SLC37A1,0.6315242164771333
ST6GALNAC5,-0.39179469173429526
TIGD7,0.3982439058079005
PCNX4,-0.5970954662996287
ILDR1,-0.22065537201385954
GIMAP2,4.034198303345835
SAMD7,-0.28438909282646513
FABP1,-1.3162504378536533
CCDC68,2.5663781976238775
CROT,0.9358189284010465
PLEKHA6,2.1776305744936737
ERAP2,3.9797677523222017
KRT72,1.3610869647831574
KCTD2,1.8229726139818216
ACY3,1.4535375826549144
GK3,-0.6239232464660811
H1-3,1.3835306841143913
TREH,-0.9983848423701384
LAT2,-0.7459019441545125
SLC27A2,0.5545839186293169
SERPINF2,0.6031572447939698
GALNT6,-0.8307952262297844
FADS3,1.150952982530603
ACTR8,0.9466059872232953
ITIH2,0.14297507455413444
AMY1B,-0.792034971414932
AMY2B,-0.8560508694108072
FBXW7,-0.0885395634090879
ST14,-0.422453617877312
RNF183,-0.071569683575475
ITPK1,-0.4760753069461619
GCHFR,2.1727019839083312
LNX1,0.5085078123871768
CEACAM6,0.28382765706890795
OASL,0.6236147830919285
BUB1,0.036169744093330014
MLH3,-0.8514508491654498
BCL10,0.3881610002596474
KLRC2,0.3647961683209748
ABTB2,0.05092276385149554
NRAP,-0.06694483581582376
ASB11,0.3948224513755776
CSF2,0.10945538469862498
DHRS7C,-0.5412661914148342
TNNI1,0.2441287822660928
JPH2,-0.48657143105111167
ANKRD1,-0.1933275660418504
SLC9A3,-1.3324316741424147
CHD3,-0.8219727098268781
ANKRD23,-0.09180671712192531
MYOZ1,0.46773294735825494
SLC22A13,-1.056220836276
IVL,-0.46584578415881606
CPN1,0.5271026451114861
NMRK2,-0.46111117728111467
MYL3,-0.5305067833999375
LBP,-1.2481915940775334
MYO15A,-0.8059690545028607
ITIH4,0.3206025552872254
APOBEC2,-0.5694829162646384
UCP3,0.45418376950045913
AMBP,-0.1872516041820785
MYL2,0.11593447974090115
HSF4,-0.39423912870907907
GCGR,-1.4274093038961304
ARSL,-0.9502686382698536
SLC2A9,-1.268047976744218
FBXO40,-0.5503521718100705
ASB4,-0.6890106984310411
KRT83,-0.6612506506554596
MYOZ2,0.376970693048291
MYBPC2,-0.15408864845793555
RIMKLA,-0.026657198228297707
RIMKLB,-0.3199459782453435
GOT1L1,-0.5481875491809721
SEC62,-1.1800304142021683
KLHL29,1.5982707921607195
ORM1,0.34750771255202406
PPEF1,0.47231261453450324
PTPN22,-0.06570314923751391
PTPRH,-0.7683510747757827
ASGR2,-0.8494657396470855
DPYSL4,1.572732649088173
NR4A1,2.7240354554698527
L3MBTL2,0.21083356928217836
PCGF6,-0.11047330679374202
UBR4,0.2063486334609022
UBE2R2,2.097539771640467
USP8,-0.6366310507789296
DPP9,0.10858385986579756
E2F6,-1.0236078713050674
UROC1,-0.6992369379379789
SLC38A3,-0.08645714249323094
ALG11,-1.0490954879215797
GOLGA4,0.232775917897637
RALB,-0.9628428699151034
KIF5C,0.27488879642802616
KLHL13,2.232257583404078
UNK,-0.24465120743152122
POU5F1,-0.8188022368111207
RNF13,-1.641682098375349
CEP20,-0.04207224658235711
RC3H2,0.14021062020858505
KBTBD4,0.8526980943058887
SIRT6,0.38998807990894746
CCP110,-0.6186171792916644
PJA2,0.15777874074100937
PTP4A2,-0.4493007412253956
L3MBTL1,0.5976038088450285
SERINC3,-0.48581337591605916
CCDC77,-0.09515545945701769
NPHP4,2.0257551742603472
CEP128,-0.45727120232211854
BIRC8,0.08600891611829671
LETMD1,-0.29766129753369
HNRNPH2,-0.01571178359012954
ARFGEF1,-1.1947975384491134
LRBA,0.7114513077956811
KCTD3,-0.6942385647164296
SS18,0.727538280152806
GMCL1,0.05006000556873035
POLG2,-0.7543974258753872
RFPL4B,1.3555915406513621
TOM1L1,-0.8499361271801699
GABRE,-0.26276611850621867
TSPAN5,-0.6346999123061218
CEP164,1.3725591684410479
CEP135,-0.05672723862859586
BCAP29,-0.3524186947692583
PRKAG2,-0.7831480090251458
CLVS2,-0.2980754291397658
ZP4,-1.2111013067352108
ECT2L,-0.6860599033022052
FAM120B,-0.7360836171030894
GNB1L,-0.09495664176875054
ZP3,-1.3388719694261333
NLRP2,-0.5655049539026761
AKAP4,-1.2407964707357033
LANCL2,-0.25095701828887873
SEMG2,-0.9237857394894929
EDDM3B,-0.825039807615844
TFDP2,-0.5043084605970862
LIN9,0.8091169940854608
LIN52,0.7514794449556449
DDTL,-0.6249918535702308
BAG3,0.20478449365310863
KRT7,-0.587661659574704
PPP1R13B,-0.3839441300857971
PLAAT1,-0.4138928368686435
ANXA9,-0.7682105595595736
ROPN1,-0.5435728008243039
TEKT5,0.9126448789797158
ODF2,0.4492998935100962
SEMG1,-1.2177765520922132
FOLH1,-1.206321405270592
ZPBP,-1.14442275177783
KLHDC10,0.9894733762415215
ERMP1,-1.161383253392229
LTC4S,-0.9834198943583311
APLP1,-0.04667116385864814
GPX5,-0.9649960969048549
TLE1,-1.1519065160469135
MED31,1.3169508019554452
LRIF1,0.9550825864085587
RIF1,-0.971957709138497
DNAJC4,-0.47993229199597237
RPS6KA1,-0.9152688262285681
PRKD2,-0.5758951261074962
SGK3,-1.15971479101185
SIK2,-0.6457397362414141
PAK6,-0.4057057429280849
PRKD3,-1.1965245800587032
DCLK3,0.18392628632626903
ZNF488,-0.9375195332528358
STK33,0.2844393904833414
GOLGA6L2,0.4725345937709458
PRSS8,-0.9367614696538535
CSNK1G1,-0.4920132419166975
RIPK2,-0.27938179991503836
MLKL,0.4185581204361786
KLHL26,1.8801573414708215
PRKAG3,-0.48717365214229263
IQSEC1,0.3068916337000554
ARRB1,-1.2242721738639033
VAMP1,0.20207282661780523
TNRC6C,-0.5229103927895162
KLHL12,2.5332182625256685
TMCC1,-0.6123089327600775
MPP7,-0.52025897573134
SLMAP,-0.8262489818647117
TRAK1,-0.1969079828366571
EPS15L1,0.8756237361786856
NFATC3,0.16849915664268955
CAMTA2,0.050124367679663974
CABP2,-0.6295161044477958
REC8,-1.072284047495293
CABIN1,1.373022784472568
KIF3C,-0.45389384479624223
ZFTRAF1,-0.0903787811538493
CILK1,-0.6137523700256855
PTGS2,-0.0036207469792122787
ZNF839,1.9457853880371752
SNTB2,0.12428049238812773
MPPE1,-0.3144894455980472
KRT16,0.6061832314748548
STRBP,-0.7583210025033109
LARP1,1.385398342829008
SS18L1,1.03558515129054
TNRC6B,-0.7412325224814588
IL12RB1,-1.1654754417175508
IL12RB2,-1.046332396138776
IL12B,-0.4313164602162915
IL12A,-0.9893459399957935
STAT4,-0.963694885625623
IL23R,-0.30183409678157797
IL23A,-0.8937580063364416
IL18R1,-0.8156421269558967
IL21,-0.9320986615933978
IL21R,-0.9419702581977307
IL2RG,0.6329963905883537
IL4,-1.7522682385797543
IL2RB,-0.6887409194839745
IL17F,-0.9274944864731957
IL13,-1.7819349726124392
RORC,-0.09098292215678756
IL17A,-1.7196325683060578
IL5,-1.453924988212719
IL27RA,-0.03046596373678075
IL2RA,-1.187727555599437
GATA3,-0.8094263730709989
IL18,-0.5591185896984463
IL17RA,-0.5726749707583862
ICOS,-0.38540942280201945
IL10,-1.7931732134710905
CARD9,0.3638629072008721
TNFRSF13B,-0.6521732277648858
CCR6,-1.0978664643039937
IL27,-0.6309822778487492
CD40LG,-1.317948925875984
AIRE,-0.4429996956068825
IL9R,-1.114282052032415
IL15RA,1.3622108148942882
IL18RAP,-0.8134068342159121
SH2D1A,-0.7748422374021771
IL22RA1,-0.5053756306743603
IL17C,-0.8991800090868444
IL22RA2,-1.091759444273011
IL15,1.6326891225466031
IFNA2,-0.4842731359112362
TNFRSF13C,-0.6342858671503019
IL17D,-0.8882517784120563
IL5RA,-0.9243871125038873
EBI3,-0.7787712113876551
TNFRSF4,-0.8974611032609526
IFNW1,-1.1845741377050178
IL19,-1.06033451082699
IFNA1,-0.7668421987264259
TNFRSF9,-0.480153995853791
IL7,-1.3771481652193516
TSLP,-1.1956833427329927
IL1RAP,-0.7498065714296632
IL18BP,0.06006390920503873
TLR3,1.5957042456337263
CCR4,-1.1510395463129004
IFNA6,-1.1222601593028088
IL31,0.37993873894534924
IL13RA2,-1.1076543742088498
TNFRSF8,-0.7575401487004418
IL9,-1.3321546819865882
IFNAR2,-0.5345707961188259
CD27,0.6143337026418288
NEU3,-0.14197548430438098
IFNA8,-0.9540327091266128
TNFSF14,-1.0272939429828667
TNFRSF18,-0.7232409897074069
IL20RA,-1.0884019928384676
CTLA4,-0.39748493705193333
IFNA13,-1.235358608589441
CCR7,-0.7965834347879885
CXCR3,-0.9511657335727888
IL3,-1.8302923590268718
IL3RA,-1.0466434135131462
IL32,-0.014100725155086381
KLRC1,-0.09742415188601183
LTA,-0.7892605650104416
IFNA7,-1.2916290481971506
JAK3,-1.8328650436462512
CIITA,0.14922055057255204
TNFSF11,-0.48522892838025405
IL37,-0.43707379649687544
LTBP3,0.2595091284276148
IL31RA,-0.9772129444749874
CD209,1.3669265633302623
IL11,0.1463286217492826
IFNK,-0.7032818608130842
IL20,-0.9055512426995881
TNFRSF25,-0.7773307556143038
TNFSF15,-0.5730737437126795
IL1R2,-1.2076025493261173
PDCD1,-0.5277497363070506
FLT3LG,2.249424415779467
CCR9,-1.4185979765187389
IL11RA,-0.6178216106345412
IFNL3,0.1221252822303632
TRMT44,0.8095538280595284
TNFSF4,-0.46613632258092336
SPHK1,0.6399033083486219
CCL1,-1.0009260767603132
IRAK4,0.7038404693759618
KLRK1,1.9115532103655835
CXCR6,-0.6764505537613219
TIGIT,-0.12458792297102195
KLRD1,-0.030866600321508588
IRF4,-0.6953244702691928
LTB,-0.5133267706016716
IL25,-0.9517452189319822
EOMES,-0.23838328667246952
BATF,-1.0160647001210792
IL17RB,-0.8570430024729077
IL24,-1.1201028626269598
NEU1,-0.026789168370121078
FASLG,-0.26380839420313384
RAG1,0.6251543465122462
CSF3,-1.664628306114588
IL36RN,1.5021627415910868
VWDE,-0.9161615849080803
TCP11L1,-0.09057486506417142
CD28,-0.5602276694769727
OSM,-1.4385853336332655
BTLA,-0.6606718882482201
TNFSF12,-0.041048416737195344
IL17RE,-0.8372645449308923
PDCD1LG2,-0.09239784892079578
CCR3,-1.2422468613542983
CRELD2,0.501862320550189
LOXL2,-0.31071935888070823
CLCF1,1.891385720297629
CCL5,-0.5465609755509229
CD6,-0.8927791457506633
TNFSF8,-0.8613336676292325
PCSK9,-0.7466649442834138
IL1RN,-0.3281731731691441
IL17B,-0.8218800943303175
PIK3R5,-1.3129733415430467
JAG2,0.006288736882493306
TMC8,-0.5850386087120545
IL26,-0.9062871700624149
GBP5,1.6820557321414895
ITGAE,-0.2555114283587226
CTF1,-0.9628079761080186
CD70,-1.0023458648140968
IRGM,-0.5810183016628054
FCAR,-0.8322330111666031
CXCL13,-1.0012158697350266
THPO,-1.497047608651014
SLAMF6,0.13335865107630637
CCR8,-1.1834596536336242
TLR10,-0.6426865362099073
ITGB5,-0.3318831600359573
ZNG1A,-0.5518596519427349
SOCS1,-0.7364024732102087
SPHK2,0.12494440153214927
LIF,-0.04606195023045588
NFATC1,-0.8025481315896498
NFATC2,0.19782171458377762
IFNE,-0.6044297743930113
IFNL2,-0.5354997133589828
IFNL1,-0.6163235016160603
GH2,-1.2244947737056058
HLX,-0.7965288551711422
IFNB1,-1.4533448292383293
CNTF,-1.4118385268767475
CSH2,-1.4769491789385074
CSH1,-1.3358293692620025
CD247,0.5181025478428611
BCL3,0.7085214767396354
CD8B,-0.27962361739190744
CD8A,-0.6845058458859251
CD3E,-0.7214162381359829
EPO,-1.6607607391252057
EGF,-1.5551927791649858
CXCR1,-0.9398623152474239
CXCL8,-0.9026918813325524
SLAMF1,-0.4382901619205854
TAGAP,-0.3848431404003872
SPN,-0.8218640883309537
SIT1,-0.5323400390081522
SIRPG,-0.505949965645607
CD79A,1.1379523546758854
ZAP70,1.1670554276166878
LAG3,-0.17077115801726786
CD69,1.494474313549307
PTPN7,-0.9954890735428806
LY9,-0.6193331318454834
MAP4K1,-0.5327317481235957
KCNJ5,1.4280861208560374
SH2D2A,-0.5849920477482417
NCR1,-0.12869436940301893
CXCR2,-1.2487491125185182
GZMM,-0.8314259253787601
NCR3,0.0389066598543095
ITGB7,-0.07820679855767049
NCR2,-0.47187561523503185
BATF3,-0.9067748069784433
CD22,-0.4039418759508772
EPOR,-1.2288179554522045
CASP10,-0.5825368520270405
CNTFR,-0.724232176523505
PTPRCAP,-0.4621405432690703
XCL1,-0.9514662628072106
IL1RL2,-0.6303038590571401
KLRF1,-0.5005782240167239
IKZF3,0.056291721903689224
IL36B,-1.1349591583193153
KLRC4,0.7493606375546439
IL1F10,-0.7306042079489393
CCL16,-1.204179860426072
POU2AF1,0.23909774336292716
CD7,-0.859939396372777
CD244,-0.24639752476233176
CCL20,0.20083224882590375
CCL17,-1.0430749779496788
SPIB,-0.055943465190255115
DENND1B,0.11954596230394263
IL17RD,-0.912415687313109
SIGLEC10,-0.6171899943852076
IL1RL1,-1.0543672891709266
CD274,-0.3829951303669757
SH2D1B,-0.21679384080869935
LTBR,0.9354258659005035
CCL22,-1.2056065380905552
CYP21A2,-0.859227104702655
CYP4F22,-1.322797468639045
CYP27C1,-0.9855075639253038
CYP27B1,-1.3986523263699717
CYP20A1,-1.166944260944043
DMD,-0.33902865434183754
SLCO1B3,-1.146281158069837
CYP11B1,-1.0495905661002205
AFP,-0.22382992922883174
SAA4,-0.5723190173312858
CYP24A1,-1.0665229940378174
APOA5,0.29048722411184513
PON3,-0.8925381390889312
UGT8,-1.1050967034329147
SLC22A6,-1.2516898553267282
SULT1A4,-0.7557121421817202
SERPINA7,0.3340660181118869
FOXA3,-0.9177349371950311
ACRV1,-1.066972959433586
SPATA45,-1.354205990468639
SLC15A2,-0.34685901311367323
CEACAM7,0.794811705107761
CEACAM4,-1.0768643311876256
CEACAM8,0.9925662966094865
CEACAM3,-0.8765009224561222
ACE,-1.2661813963204775
FGF21,-1.635443326507836
SLC22A8,-1.423571697840885
SLCO1A2,-1.235253489530107
HSD3B1,0.339921912338949
HSD3B2,3.2168631585256326
L1TD1,0.5606938268649945
AVP,-1.7822911254836569
HSD17B3,-1.0619281436954695
ATP12A,-1.0216522158481665
FAXDC2,0.7297700148312465
SERPINA6,0.6071250494363896
RDH8,-0.8749767299518338
TDO2,0.5255921028934692
LECT2,-0.9481417058728724
DHRS12,-0.7059092552835943
SRD5A2,-0.9986348839242645
NR5A2,-1.081267255029129
UTY,-0.8481236635838323
LPA,-0.8221139969940817
SLC34A2,-0.15413293666746913
NR0B2,-1.5533194761638403
SPINT3,-1.0984415888837897
ZC3H7B,0.33056451519375984
PROZ,-0.9978475911610338
ORM2,0.5211873000512486
THSD4,-0.12350526583590132
SPP2,-0.9090945633573995
DMBT1,-1.0297537968809523
AHSG,-0.015970762343660166
ITIH1,0.29527048729861666
CHRNA10,-0.19952205368326348
BCL2,0.584313508783221
SLC22A11,-1.1955865804411914
SERPINA4,0.028553556015089347
TTPA,0.07002535958758042
CHRNA9,0.42640601095405006
SERHL2,4.170097821401072
PROC,0.48989047294109644
ABCG5,-1.0031412474258907
ITIH3,0.7894365814784335
SERPINA5,0.40796374935442553
APOA2,-0.1376460380258279
APOF,-0.694824046816836
IGFALS,-0.871218588177302
AQP8,-1.1716445768399306
ADAM21,-0.05549095747941668
PIK3C2G,-0.581050957044901
CEACAM1,-1.100548496884399
ALOXE3,-0.9767623671818654
PDE1B,2.555944712064608
PADI1,-0.5411965270585346
PLA2G2F,-0.9076720477632574
PDE8B,0.04730539490476563
DIO1,-0.891860354586774
PLA2G2E,-0.8495546255496439
PLA2G1B,-0.9113775287053126
DIO3,-0.7221577994555778
PDE1C,-0.43970960490901567
DPEP1,-1.0096966772739697
ALOX15B,-0.4208497995717763
PLA2G2D,-1.005240410018328
PSG1,1.0732857760622945
CH25H,-0.2897119981161843
TM4SF4,-1.1107354138651713
DCHS2,1.1037760531753915
TM4SF5,0.407961614608062
OR2S2,-1.4040023502223968
C6orf120,-1.1937358689329174
EDA2R,-0.6063251993373311
DEFA1,0.11934349747102445
NOCT,0.9843125827178618
P3H4,-0.9990437899126089
COLGALT2,-0.5659517539956891
OAS1,2.215680681152083
P3H3,0.5308644623068574
ARSB,-0.979941580203213
B4GALNT1,-0.7729065689573186
GBA2,0.07696072412232433
NEU4,-0.7933536136670509
ARSG,0.8427576756906348
NAGLU,-0.0807116700169321
NEU2,-0.7023990369462603
ST8SIA1,0.02898326459569859
B3GALNT1,-0.8371460854443147
HGSNAT,-0.8332824183296401
MAN2B2,0.372036413414055
HEXD,-0.17878564980613348
SI,-1.122911598277041
ARSH,-0.8626235268889376
ARSI,-0.6791311183462575
ST3GAL1,-1.0023004828068758
ST3GAL2,-0.7496446784180983
ARSD,-0.7235116051512612
ARSF,-0.8282179670032103
ARSJ,-0.47837033243294286
GBGT1,-0.5685731321664039
ARSK,-0.854117251486555
ST3GAL5,0.018475272819119558
MAN2C1,2.897257223363424
B3GALT4,-0.5044998350139812
ENGASE,0.144784122356623
GLTP,4.0598764312126985
ST6GALNAC6,-0.8412312968031518
ST8SIA5,-0.6091865505581097
GLB1L,-0.8079060764680696
BGN,-0.29737571803597734
A4GALT,-0.4915266290524099
B3GALT5,-1.0884909712879656
RENBP,0.32597887092449473
CHIA,-1.1764409964162972
M6PR,1.0930406451109673
DAP,-0.259655532045953
ACP2,-1.0397617502574166
SH2D3A,-0.9224021667557655
FAN1,0.966787090433018
DNASE2,-0.5138362236566656
SGTB,-0.08420668185040651
B4GALT6,-0.8672388172700715
CTSV,-0.8275078680638437
P3H1,0.15736990827210937
SLC17A5,-0.43427644729184134
GLMP,-1.0984741029945326
TRAPPC6A,-0.34861498435052357
RNASET2,-0.3325551238327044
CHI3L1,-0.15886395803199377
CYRIB,-0.4572517592360583
RAB3D,-0.023842339991057566
KIFC3,0.952980337682848
CTSW,-0.6746317729598584
HNRNPCL1,0.5693647674744219
GNPTG,-0.663507533364441
GET4,-0.1570932563157454
ALG2,-1.173992229270879
TWSG1,-0.9594965161527443
TSPAN31,0.5509099075514815
GOLGA1,1.5725936431903884
MAN2A1,-1.042373851373722
WDR83,-0.49867944085400623
TOR1B,-0.34961136105035356
CTSO,-0.4702599877168772
FKBP9,0.5903152668367515
CEP170P1,-0.4919968086619152
GALC,-0.9069070923759864
SLC9A1,0.7567931458883118
SALL1,-0.35156202166594064
POTEB2,-0.3898714732364914
ST6GALNAC3,-0.26739047507105873
UBQLNL,0.09441545808202668
UBL3,-0.967273161813948
VCPKMT,-0.713048425389097
KLHL36,2.8326083162126134
CTNS,-1.1637391756249233
FAM210B,2.9822714810908986
UBR1,0.47021259587010744
MKRN3,-0.47685469470754366
PIAS1,0.23897762502246417
BRI3,-0.4419161593960465
RAB27A,0.3887914413385467
GLIPR1,-0.2772575121676631
LAPTM4A,-0.6289873802462481
OSBPL1A,0.2782551792492924
WIPI1,-1.0310584198556276
NUCB2,-0.5003121266569668
MAN1A1,-0.21677567884055687
TAX1BP3,-0.264811338877285
EXT2,-1.1965794120018907
LEPROT,0.1280431253427071
CMTM6,-0.958591334170338
TMEM9B,-0.8734385216557785
OSTM1,-0.5081125076348809
SWAP70,1.1571260261040348
PIGB,-0.605730151414856
EXOC1,0.5381453029477633
LHFPL2,-0.5491263352931535
PAM,0.05753183436882579
NSMCE1,-0.10888056742188326
NECAP2,1.3645988034153846
EDEM2,-0.6207714978801577
PITPNA,-0.5419890775160694
CTBS,-0.8722012025068653
ANKMY2,-0.491249286470286
ATP6AP2,0.6281185085090814
SLC31A1,-0.35235852138867385
SELENOT,-0.26321046135064163
ERLEC1,-1.0438814201642699
SLC35A5,-1.0323662365208888
GUCY1A1,1.1081680721710032
GUCY1B1,-0.3692764892383135
NPR1,-0.0009813836945915322
EDNRA,-0.530082779229855
TMEM40,-0.8220744630971947
NPPA,-0.6634465011002536
PDE5A,-0.19062173282301292
PDE1A,-0.326562941614287
PLA2G4D,-0.7216030014939229
PDE9A,-0.4301291761084673
SBSN,-0.14240699258485467
AGAP1,0.41068121345537006
S100A7,-1.1996119221906956
RTBDN,-0.8119129498661433
TRIM29,-0.16603209723741114
GUCY1B2,0.3920581178260925
PCDH17,0.2782191884150324
KCNMB1,-0.3287890966579779
MYCT1,-0.6381585638373255
TCF21,0.30462635750502237
ASPN,0.2099209208737231
VWF,-0.018146098445146985
NPR3,-0.9560052627783082
PDGFD,-1.1529974374680725
SELP,0.10537390789340866
PBX1,-0.5485774746412256
LIMCH1,0.34525349334846334
NOTCH3,-0.8747562441013985
CNN1,0.8953576330043312
HEY1,-0.4949308792097526
RUNX1T1,0.0367237506206763
CD34,-0.5280406221537052
CYYR1,-0.12063186273109737
RASGRP3,1.1946189796320144
JCAD,-0.3600360439551989
MEIS1,-0.39732741448421305
TIE1,0.06955113002861471
MMRN2,-0.6674604803035264
LDB2,0.4350367168838744
FRY,-0.5111917738883783
FRZB,-0.9766657542344427
MAST4,-0.6607082655402065
POSTN,0.0917824664058211
DOCK1,0.28492028153918586
KCNJ8,1.3175966989809962
SPON1,0.6914104462169737
FLT3,-1.301400031066973
CD200,0.19819875020583577
MXRA7,1.9536200816670073
NOX5,-0.8129625890567177
OR2M7,-1.1404853915147377
OR1M1,0.492984726744057
GRIN3B,-0.11232722875474993
MTFR2,-0.5430079686274957
OR6T1,-1.1936756638848756
LIN7A,0.2793621146637838
BBS2,-0.07328425394595775
COL5A2,0.05616102347016125
USP28,0.7157592483583167
TLR9,-0.9316580554755318
MUL1,0.17463855948873802
MYCBP2,2.2876397175719605
TSPOAP1,0.021637436801090162
LRRC4C,2.4200363719225995
TPPP,1.3571308431302234
LTBP1,-0.3454037048005601
DNAJC6,-0.8332630100176339
MCTP1,-0.4513943454716931
GNAZ,0.7083018833526193
KCNMB4,-0.13264330192633988
LRRN3,3.673922391762356
RTN1,-0.37434261018195136
PLXNC1,0.07652002564973183
LAMA2,0.24182734855004664
SERPINE2,-0.1425040616548405
IRAG1,-0.21955972692930129
RAP1GAP2,1.1369654643424962
LMO2,-0.12185416225298311
ZNF646,2.6468047146466627
FAM124A,0.7532984090185036
TRIM39-RPP21,0.886598648074969
RAPGEF3,-1.0307084834426388
PRKCQ,-0.8652002814892824
STK32A,-0.757282681604465
STK32B,-0.8511511128123505
NUAK1,-0.4472657771620763
CORO2B,-0.24754867591405605
KCNMB2,0.08960262050635608
NPPB,0.5309079159595876
BDKRB2,-1.2939551522789503
PAK4,0.3251158064547487
ARHGEF15,-0.6414269855219578
RBAK,0.2090643827559209
MAP3K4,-0.8185531851805863
ZKSCAN1,3.4592462259754404
KCNMB3,0.0386499265328511
MYLK3,1.0573206056017141
RGS2,0.745535946631234
GTF2I,-1.2701548222972456
KCNU1,1.2184489757050212
FXYD2,-1.0322360365997127
GTF2IRD1,-0.5153806939992326
TRPC4,-0.06132443317194192
TRPC6,0.04831853702866498
TRPV4,-0.5345607392097195
ATP1B4,-0.4937553966465717
CD38,-0.4046505601433693
BST1,0.853295341419837
GKAP1,-0.05077113169041704
EPHA3,0.11285317539779917
FBN2,-0.34937167972309086
ADRB3,-1.5091138234052304
HECW2,0.10644681584965986
TNNI3,0.3949409714336906
ITGA8,-0.377282644508775
HSPB3,-0.6599692237630179
LMOD1,0.1897078188025749
KCNA5,1.4518038633478731
DSC3,-0.0696889418544595
CALCRL,-1.0507601825284398
SNTB1,-0.5129635212599023
TXNDC11,-0.3886538408127247
NEXN,0.32460936419461656
FHOD1,1.5905873142435958
CRIP2,-0.33594005761299783
NEK11,-0.34281244683995
NPHP3,1.9075418733828815
RPS6KA6,0.03318689027517883
CDKL2,-0.6774270665085005
NPR2,-0.5194958127161157
CHCHD7,0.35364791537862417
LCORL,-0.3448769304083777
DCT,-0.7513339363430547
FGF5,-1.9913820308209769
SHOX,2.2207231928017426
AQP2,0.0212350557852892
A1CF,-1.0147061826538242
ITGA10,0.4193314938370583
IHH,-0.9442673395069506
FRAS1,0.22756174490315617
SLC10A2,-1.3220324355827742
DNAH2,-0.6883264677010593
PDE8A,0.8441820919133216
BMP15,-1.2942981432992375
CYLC1,-0.8957729399900262
BCAR1,-0.07559554497482877
EMP2,2.158152000157283
FRMD8,-0.14776227122872854
LPXN,0.5833377134652321
ASAP1,0.9058578878783006
ELMO2,0.07554772621002169
BMX,1.3011704027648159
TRIM72,0.9602926735745255
PKD1,0.6937004177625938
DEF6,-0.5548662002549042
RAPGEF1,1.0326921842773635
CBLB,-0.12588430367438525
PTK6,-0.3855225378433634
CASS4,1.4926152966185837
UNC5C,0.24162021977263592
BRK1,-0.44391326475014
LIMK2,-0.5677157810857935
TP53BP2,-0.18983886610721545
STAP2,-0.18751198239262773
ABLIM2,0.09110523981923556
BBS10,-0.2541825660669787
NCK2,0.8874355511455246
NEO1,0.1178153939520875
BSPRY,1.2248046485577013
ITGA7,0.25983398494201426
ITGAD,-0.6415274811786205
ITGA9,0.04991304648691657
ITGBL1,0.18587363351754405
ITGB6,-0.22560502943672883
ITGA2,0.3412689003628213
LAMA1,0.4318795155006077
LAMA3,-0.22224408403604146
LAMC2,-0.3477723251245773
LAMB4,0.5251133596439982
LAMC3,0.2849888933356549
LAMB3,0.6968096877672764
GPER1,-1.2185173651193664
FLT4,-1.3273268894334198
IBSP,0.1720830120201551
HBEGF,-0.028094017166247008
SPTA1,-0.01656802480865808
SPTBN2,0.8192481249129814
THBS2,-0.01668899835192534
THBS3,0.2728745092136929
THBS4,-0.08168615122242379
TLN2,0.8493533444059372
TNC,-0.26630076964784294
TNN,0.7432478504495702
UNC5A,0.25764689566961824
SOS1,-0.8887188909250276
SHC4,-0.719440825271938
PTPN13,-0.12383237851326391
PTPN21,-0.09806961685920335
PTPRA,0.8681078769841224
SHB,-0.7258903018377721
SHC2,-0.6524939859489941
UNC5B,-0.3600074730799066
UNC5D,0.11150846747205237
VAV3,-0.6566129466788841
WASL,0.9733238343351391
WIPF2,2.2314411442087336
WIPF3,3.011894105301345
NECTIN3,0.24223577211338668
NECTIN1,0.8911119136340551
NTN4,1.020773051750749
NCKIPSD,9.55928579793628
PIK3R6,-0.9638507246073938
PIK3CG,-1.0666625297021837
PIK3CD,-1.3489005720500327
PARVA,0.7579361347461512
COL11A1,-0.32281486837732004
COL17A1,-0.11506350930810313
CHAD,-0.6759101786933327
COMP,-0.11773078638917094
COL4A6,0.13455870725217967
COL4A5,-0.27303060489666997
COL4A3,-0.5015662190258835
COL4A4,0.037624986476813164
COL9A1,-0.18923098309392555
COL9A3,0.1758834250237494
COL9A2,-0.02299658983792707
BTC,-1.2151298719622297
CASP7,1.740117181651097
ELMO1,1.1299546357363432
EREG,0.6257106985367651
EPGN,-0.7806710290447009
EFNB1,0.13589601517738417
EDIL3,-0.09839332361613534
ABLIM3,0.8976678548483161
AREG,0.011379031975405868
APBB1IP,-0.5730876409373407
ARHGEF28,-0.7119317232781184
ARHGEF2,-0.824112027658767
ARHGEF12,1.2535537906226057
ARHGAP10,-0.5342958752475857
ARHGAP26,1.964782782109258
AFDN,0.31529674399925517
EFS,0.05269186286279011
DVL1,1.0577487976129478
ERBB3,-1.3094200235226636
DAG1,-0.08510167218033612
MISP,1.4014099514781644
ZNF800,-0.5647458567186007
VPS33A,0.49272168645799613
VPS8,-0.8842316649323398
DOCK7,0.35330898153756324
VPS41,0.6650399605410329
FERMT1,-1.046848195182369
CCDC88A,-0.10487808318062615
FOCAD,0.6264221471273698
WDFY3,-0.8987733240598792
ENAH,-0.2784728752719632
TIA1,-0.523069535090166
PDLIM4,0.5530617431590862
KIFAP3,-0.6584791790319499
FNBP1L,-1.125497324141756
DOCK6,0.34748131877273297
ZMYND8,-0.7413503843631583
EPHA7,1.4972817117180581
WASF1,-0.3792989572660335
EPB41L5,0.132664836070844
ABL2,1.1430581098592763
EPHB3,-0.8114050838032668
PKP4,0.19956843505914693
CYTH3,-0.7769258774326794
LPP,-0.013045462916217476
ARHGEF10,-0.06667872760788747
ROBO1,0.28762328721941377
TCHP,0.33359624310300023
SPG11,-0.31966114621791814
SEPTIN8,-0.13774616909358575
ASAP2,-0.7816668374548463
CAMSAP2,-0.7465784082980997
MYO10,1.0793989512929065
PROM1,-1.3931997163322887
AKAP12,-0.09294182523856605
RABGAP1,-1.1116190386454992
SORBS2,1.868494830708025
ZNF331,-0.050986412894420005
ARHGAP21,-0.12425580032012157
SLC23A2,0.2204142148454367
PHLDB2,-0.3917028964265441
SORT1,-0.3009329869820883
YTHDF3,-0.46963576789326517
SPART,-1.2007777176018601
RAPGEF2,-0.5750266954593959
ALMS1,-0.17153557350607848
FOXO3,-0.9022560818881157
ZFYVE21,1.2468379523718054
IRS1,-0.8910034501667171
E2F3,-1.1744770044887343
ATG12,-1.0711190511124982
MAL,-0.7330728314601437
FGD6,-0.07863143899493295
EFNB2,-0.5036833286945687
RBSN,-0.24181117449355333
SOCS2,0.35061723367341985
CDKN1B,-1.306532260633499
CDCP1,0.3045538401783354
ATG14,-0.7646241884765861
KRIT1,-0.8998489319230363
OTUD6B,0.12119730327370644
TRIM15,-0.2311390139739467
RND3,1.2487722383198767
HMGA2,-0.8248677448079867
DOK4,-0.32066361124722376
FAM120A,-0.7114179656610309
PTPRK,-0.22028108482694855
RBM25,-0.17708752910771927
LIMA1,0.35524464419999585
GRB14,-0.8745261797721264
PDCD4,-0.9118081230730335
F3,1.4066573627370011
PLAT,0.12511679014486463
TNK2,-0.011632571826068753
LIMD1,1.4164093551440227
IGF2BP3,-0.6049111723690557
PKP2,0.11146028029005174
KLF5,0.7452637921217883
FER,2.0585463331798333
MICAL1,-0.4251721964522317
CD79B,-1.0589248224242716
DOCK9,-0.3914093906011819
MTUS1,0.5713000432803789
FZD6,0.2991099998706258
MAP4K5,-1.2651313000769278
IGF2BP2,-0.9143271721132847
DVL1P1,-0.07374689341852277
DLGAP3,-0.17993941806161523
IGHM,1.3441470804052666
IVNS1ABP,2.804903368863039
FAM3C,-0.28332218134374915
ARHGAP12,-1.0741539483865812
NPHP1,1.7025630290437666
HBD,-1.0284046221643743
CFDP1,-0.773760171520604
OVCH2,-0.997317734489425
MANSC4,-0.014537471041152824
TMEM170A,-0.6227809263180479
DOCK5,-0.7573136480102842
FRK,-0.30797066138170087
PWWP3B,0.06646315210843667
SPATA32,-0.5672378653949384
R3HDML,0.2507206979868716
GLIS2,0.8558074171109502
APOBEC3H,0.0750982438946127
ZC3HC1,3.306866678349314
KRBA2,3.2421634853642156
SAMD9L,2.1717947318786126
DOK7,1.6824227314290712
DUS2,-0.8652263713129814
NLRC3,-0.4703898656209201
FNBP1,0.3404625925239174
SH3BGRL2,-0.334209297890922
OTUD7A,1.3511850275726616
DOK1,-0.7737158162831677
EEIG1,-0.39312864386955154
ARMCX1,-0.4516735231820514
GRK4,-1.4254387796517278
ZNF337,0.4470743850218201
NLRP10,-0.6309276502118315
CXXC4,-0.5895879674683765
SHROOM2,-0.6640145334780414
PEAK1,0.298863658886411
PTP4A3,0.42645729107384833
PELP1,-0.21420341586970296
INPPL1,-0.35331500195739396
DCBLD2,0.8752299480477406
E2F2,-0.5835987837186897
FES,-0.35916337076783234
PPP2R3B,-0.38653232253613357
FGD1,-0.4499098849853084
CLIP1,-1.0600988645483658
AJUBA,0.5145020121624991
PTK7,1.1109012392126012
DAB2IP,-0.06032582030355804
PTPRM,-0.040812407354790685
PTPN14,-0.44598757628812613
PRAM1,0.7325463067970654
EPB41,0.9001207301274711
DIPK2A,-0.5054615291905555
ID2,-0.8168119081668439
TET2,0.6605285752219937
CHD7,-0.9971653168824701
PRAG1,0.9808140644454438
MEX3B,0.16763938357503066
FMNL3,-0.13350135546848263
FGD5,-0.5986138258327862
KIF13A,-0.7915022522330591
SRGAP1,0.1679615703049603
HIP1,-0.33775103776892335
XAB2,-0.1253488261476833
UHRF2,-0.013829731672806862
ARID3A,-0.5483630213156602
GARRE1,0.5797939282194116
IGSF8,1.0849140771984627
BAIAP2L1,-0.6974008201236205
STAM,-1.3189790610802852
MICAL2,0.5322430235331392
NAB2,1.560360947140404
WDR73,0.012895547365865258
TSEN34,1.7676627331008559
KIF1C,-0.48590135380557115
KIN,-1.6955213583524604
IRS2,0.5504874947892805
LUC7L,0.7233680126827438
PDIA5,0.42665605639655785
SMC5,-0.4895402062349601
CDK11A,-0.17538201244558252
ANKS1A,0.002875310669851787
CEP250,0.8072137174680304
LEMD2,-0.5958741335347
GNAT1,-1.0562068221811538
FXYD6,0.29193349902448545
RCAN1,-0.692660267446816
C16orf74,0.08768935329343899
RCAN3,-0.40191899431502787
RCAN2,-0.36623175354497883
TNS4,-0.5625066499157692
TXK,-0.652637820549331
SPATA33,-0.3098599540046861
LBH,0.13762313363381154
PARD3B,-0.23122736747851494
PLAC8,-0.4100077632083469
SMPD3,-0.80036482897409
NFATC4,1.2965794647003785
SIK3,0.42687812276268455
ITPKB,0.1442449682471299
PHLPP2,-0.8442732028191463
AATK,-0.5604809623244656
CRTC2,1.0863161138502009
RASSF2,0.5593525816783336
KLHL3,2.7849212101328598
KLRG2,5.080586308635637
UTRN,0.10737623567553793
SSH2,-0.3076976727648484
CDC26,-0.015108136705766414
DAPP1,-0.31451777669396036
ANAPC4,-0.6157812136769735
ANAPC7,0.8636573254865955
ANAPC13,-0.3498327214982301
PPP3R2,-0.6480340633686095
IRF2BPL,1.9395819614057859
HCFC2,-0.5332999890932598
RXRB,-0.398242066454837
PATJ,-0.7954212340040777
IRF2,2.720495877115321
IRF2BP2,-0.4973210132595379
JPH1,-0.8265395616971141
IRF2BP1,0.26731692929380535
STXBP5,-0.5425056976272365
NPTN,-0.43968951440622916
BCL11A,-0.21488521761392834
EPHA4,1.9519860577688797
ZBTB18,1.422723642993443
PTPN4,0.2590440630317332
GALNT1,-1.1377740568094072
PPM1H,-0.19733902261922112
ATR,-0.8633869375986483
MTM1,-1.0124144813206206
FBXO11,-0.7294112437720046
CAB39L,-0.3723149728695895
PPP4R2,-1.4419090526279448
UBE2B,0.3036514296594431
SHOC2,1.7057289908794309
MKLN1,-0.5602148991840691
SEZ6,0.14562975256679386
SYNJ2,-0.7623879188508336
FARP1,1.2761637397062782
UBE2D1,1.1383178744718974
TRIM33,-0.6885430905507663
TANC2,-0.04058937995605313
KERA,0.16837372290862737
PABIR1,0.8158277530562472
NCOR1,-0.25182124001669876
PDXP,-0.638066955914236
DMXL1,-1.555124807808119
RBBP6,0.01835681706104462
SETSIP,0.01853506878403766
FBXO32,-0.4575431282644953
SLIT2,0.1305356394674266
RHOQ,-0.1029668154416299
KLHL2,2.177523128125474
CBFB,0.27697507571848307
CAPN7,-1.0590350650622924
PPM1D,-0.6057993645997835
GALNT7,-1.2734526411822458
ATRX,-0.3272252999037059
ENDOD1,-0.770288368678737
DEFA1B,-0.17421951366511043
CCNI,-0.527159762419742
TRIB1,0.5696037891954234
FAM167A,-0.03712680853008904
PAPSS1,1.2085422610405956
NCOA1,-0.4948005308689541
ZMYM2,-0.3356657051040081
FGFR4,-1.3429633860136239
ERCC5,-1.1138631259459981
CHD9,-0.710151046288478
PNMA1,-0.44450347319352046
MUC7,-0.8307088004767051
UBE4A,-1.0341564878676497
VEZF1,1.3258827463002159
JMJD7-PLA2G4B,0.020509159864665786
MAPRE2,-0.6278404549043124
LRRC49,-0.6536698039902038
KRT17,0.5048469816331291
FNTB,-0.7031210180593002
RAB6C,-1.0946960217436057
LRP12,-0.8329281198471264
TMEM131,-0.8892391472031246
EDEM3,-1.5204463559193204
ATOH8,-0.14247677018423766
NLK,1.5140635470992208
TBC1D10C,-0.423173008760348
TRIM16,0.6528417820761392
HOXC5,-1.0573712045724513
RSRC1,1.9710799147117433
FAM149B1,-0.6300641221728409
FBXL17,0.3150014097536071
ROR2,-0.9634870367742643
CDR2,2.8781693082765685
PJA1,-0.4138714699527949
UBR2,0.7566960947844155
CCDC85B,-0.33065050850146543
AP5Z1,0.18255209929768743
GSPT2,0.07727580010237366
PPP1R10,0.777695109080812
STXBP3,-1.0657162948910364
PPP6R2,-0.9935354404109704
SLC4A7,-1.161590106763253
ZNF25,0.12418468991658321
PHF21A,-0.04149128544856644
TOX4,1.5846588348640993
FPGT,-0.8031006441541045
WDR37,-0.4488192885154942
MRTFB,-0.7862086640686506
UBP1,-0.8617405110837056
TPST2,0.35158162961985157
BRWD1,-1.3383843804485187
ZNF189,0.4066740044962977
OXR1,-1.174386133778185
UBE2Q1,1.6583594366468597
PPP2R3C,-0.6187596707587836
SSX2IP,0.2577333266257547
SHTN1,0.1271540466483307
HERC1,-0.852788671953242
RAB11FIP2,-1.3508038112740697
PPIP5K2,-0.320053770005264
CCDC91,-0.7646734047190163
UBE3A,-0.37529933390705617
THAP12,0.650974128323978
CNOT6,-0.594725260561372
SERPINI1,1.2370430634679437
RPAIN,-0.610073405614028
RASSF5,-0.7914453176001198
DCAF15,-0.868922651266923
TNIP1,1.1539904010790212
DHRSX,-0.4528762354904276
SLC19A3,-0.04874930989509562
ANGPTL3,-0.8681321156053086
PRODH2,-1.2511328289153025
SLC38A4,0.5150593439418117
LIPC,-0.8215485269287832
MTTP,2.0234370330377964
LAT,-0.3043991090818967
CD19,-0.13623700263286323
TRAT1,-0.3177925208953694
GZMH,-0.8432406027540151
EPS8L1,-0.9316746094811175
MS4A1,-0.10491776477791874
MLN,-1.6482091140750414
CD96,-0.4555524806058335
TCF7,-1.1538240933602986
CD1C,1.3759721864586798
ZNF831,-0.35338388714389923
EPS8L3,-0.8942049869153088
CCR2,-0.8111823423687705
KIR2DL3,0.27926107460619504
PTCRA,-0.8867482169253286
XCR1,-1.3607952641016543
CD101,-0.5399666769843788
CD1A,-0.5071945380012616
VSIR,-0.5445181442083394
CRYGS,0.11228676782624326
CD8B2,0.22343128863172337
CD160,1.3766731607698135
PAX5,-0.36322650883432656
IDO1,1.5777656082296327
CD1D,2.24190481979883
CLEC9A,-0.703057683569953
CD24,-1.1582184190831095
ZBTB46,-0.7533963378959951
FGFBP2,-0.46209147684221
IGLL1,-0.5601966142015552
KIR3DL2,0.1972228189375498
VPREB1,-0.31445396471358594
ITPRIPL1,-0.6573369866426502
XCL2,-0.8038600680295754
GPR174,-0.6114509080079655
MUC15,-0.9310049227226683
ZNF683,-0.5262741759791645
VPREB3,-0.029443784663021052
GHDC,-0.3982587998525402
LRRC8A,-0.6330834449431517
TMEM106C,-0.22380346386574318
THEMIS,-0.35393406716658804
DNAJC16,-0.6850717101059645
POLR1G,-1.1394956466606827
KIR3DL3,0.6255026431218891
ADAM33,-0.38634682042607393
TM2D3,-0.8029175835835489
GP1BB,-0.5897358893404752
FAM241B,-0.2770100043085018
ABCD2,1.2218281229915942
KIR2DL1,0.3968876036420838
PAG1,-0.25864388046338754
HLA-DQA2,1.2752239395647609
HLA-DQB2,0.7602113943907352
SNTA1,0.22124273301918976
UBASH3A,-0.2221698892054014
CD1B,1.2610847688090103
GRAP2,1.1678263734728478
HLA-DOA,-0.13594368449097985
HLA-DRB3,-0.22052912435672795
HLA-DRB4,-0.16164000386021862
HLA-G,1.3080046981849927
HLA-H,0.9484442856385903
SLA2,-0.49375021415269327
TRBV7-9,0.9431136827159508
TRAC,0.6619462066270282
TRAV19,0.7029010980829279
TRAV29DV5,0.7339444255550563
TRAV8-4,0.8961164904473577
TRB,0.2889710557877323
TRBC1,0.6212188073039914
TRBV12-3,0.8762975745968862
TRBC2,0.3390317435892275
GPR171,1.4038930566339816
SLAMF7,-0.464318683360322
FCRL3,-0.40396578544076767
LAX1,-0.47070871845246204
SKAP1,-0.8066252849160994
P2RY10,-0.949166296083761
ICAM3,0.10156549528608336
EMB,-0.20828826196743674
SEPTIN1,0.6299242845298064
TRAF3IP3,2.003120654093123
JAML,-0.3678227908952846
CD72,-0.46018325324588333
DENND1C,-0.7193160332870168
AQP3,1.3903866474280882
KCNA3,0.02284294905568829
S1PR4,-1.3052213358818088
MS4A2,-0.9210073153485492
KIR2DL4,0.21161667231510806
PVRIG,-0.27166479972885726
LEF1,-1.2716215689439905
CD1E,0.4767468056114087
PIGR,-1.385747249658151
SPOCK2,-0.6492149236817881
GIMAP5,-0.03512810946828955
GFI1,0.8169114539368652
CPA3,-1.0933422445680228
RUNX3,-0.1591538073929671
FCMR,-0.41390433512613517
HLA-DOB,1.7351499225015485
RASGRP1,-0.4506269021155225
FCER2,-0.7171505777745656
PYHIN1,-0.7528605902664162
GPSM3,0.7226910673355198
CTRL,-1.156950313785488
TCL1A,0.696962297158753
GPR18,-0.9904519469094619
TRAF1,1.3571176954539625
FOXN1,0.3577158750642494
CLEC2D,-0.604506292843689
TRA,0.19969044627262308
CD177,-0.3215070231552161
TMEM262,-0.02242416684221438
TMEM54,0.021425935802267652
IFIT1,0.6495703774561283
TMEM19,-0.32459302585643063
LILRA4,-0.7217166221606861
PRDM1,-1.127946894707597
PMP22,-0.6330767392558578
LMBR1,-0.8721490627262372
KLRC3,0.6435750289665523
FCHO1,-0.8777807842104051
FCHO2,0.06695800359538553
REPS1,0.13434592338616974
NECAP1,-0.7973657891151567
CALHM6,0.18219693684912605
CLEC2B,2.2525991060227644
GPR183,0.010410564114537637
LDLRAP1,-0.9179716349259232
AGFG1,-1.2553026082082155
SLC2A8,0.007634550000024856
TNFRSF17,-0.22531551871001282
RIPOR2,-0.524294989544637
ACAP1,-0.7675857154726671
BTN3A1,2.796938095461127
DGKA,-0.7970348871778745
GGTLC1,-0.00471311410800732
SRXN1,-0.8263022907474389
USP51,0.847655912649236
TMEM68,-0.7844289918644449
SSX2,-0.9133453514316492
MAFK,-0.6888481245250825
ZBTB21,-0.3105579626834382
APOA4,0.4523189139817883
BCO1,0.27070511196144426
SPDL1,0.004573618694088671
MUC4,-1.112234212723709
SERPINB3,0.0007177441393022823
CA6,-0.6013275272059257
WDTC1,-0.4714378484027147
NOX1,-1.2471855902672029
DUOX1,-1.0967696733210286
TFF3,-0.11984350241793709
NEIL1,-0.6915596590278301
GIN1,0.6226088676897629
MAFF,0.8690943901261802
STEEP1,-0.3655684343769063
ATG4C,-0.3204708336201787
APOM,-0.6659278829124342
FETUB,0.44512111166182083
SLC13A3,0.037198134857124074
SPMIP6,-0.8723207407907578
DHFR2,-0.6512818544764417
SLC46A1,-0.854938165626233
GLYCTK,0.23332634847960204
MTRR,-0.9397965096036378
HYI,-0.24162105538813997
FOLR1,-0.800009830000986
TAMM41,-1.2611691974148314
PRSS23,0.40362727710872726
DEDD,0.1746917647726454
HEMK1,2.2863960707690536
FRMD6,-0.14478840740012058
FBXO7,-0.7096249544022207
POLR3H,-0.704094024243296
NOP9,0.1493413768934596
PMS2,-0.4257417997181586
NAF1,-0.8843806577926508
ETNK1,-1.462163023235303
PSMC3IP,-0.7012079850074655
CDKN2C,-0.5911418112568361
MCM10,-0.8699106902253501
ADAT3,-0.8339585752326981
PINX1,-1.2712391380180483
NDOR1,-0.8811693499356332
AZIN2,-0.6529064498928766
AMY1A,-0.904160097189744
YLPM1,-0.127165212803698
DUSP11,-1.5423994217752073
RNF10,1.3262440731551146
CDS2,0.49211710874565306
PHAX,0.1801531833629608
PRXL2A,-0.7541609554741913
TRDMT1,-0.5443191215869897
PPM1L,-0.6230022795093174
SLC23A1,0.7808495056330141
MYB,-1.1052999464346767
NBAS,-1.1159724981811545
ADAT2,-0.37750045105826585
CHERP,0.1866654158542002
POLQ,-0.8873210751048455
AFG2A,0.6819916490679266
PRTFDC1,-0.3928654948766012
RBM4B,2.4051883174487587
HAUS3,-0.7078585123057779
POLD3,-1.4557675515706117
HIRIP3,-0.2771497702530564
HM13,0.2984459858148674
TES,0.5803979362114287
PARS2,0.903315894762341
LPGAT1,-1.2871781017631372
SFXN2,0.12764213494262677
ZC3H4,-0.7388994584818966
PAWR,2.636110125425058
PCMTD2,1.656277197013643
FADS1,-1.0839603391569492
DLEU1,-0.22983085123913927
GGCX,-1.056263777172955
BABAM2,-0.7574770814981472
FLVCR2,-0.5079560862535974
CFAP119,-0.41700058525492456
ZNF860,-0.4521500061042841
TTC39C,-0.279120354004566
RAPGEFL1,-0.25485351134624035
EVC,-0.04273196073403075
NT5C3B,-0.45436449078403185
GIPC3,-0.5699414534990501
ZNF419,2.899648403108935
WDR27,0.7450743054046778
ZBTB8OS,-0.60475645964324
DTD1,-0.38693408105364197
ZNF623,-0.4078605918571682
RHBDF1,0.47256531843311855
ARMH3,-0.3508616756070527
KIRREL3,1.0999604486045909
FAM110C,-0.44281356919844567
DNHD1,-0.3794075384895169
SPIN4,-0.3568533817123871
MBNL3,-0.26262267054422733
BBIP1,0.23283322092554898
DPH7,1.125204841342416
PALMD,0.10894049070799632
ZNF544,0.21402762917541657
METTL2A,-0.8808849237848037
BTBD6,0.284758508457129
C9orf40,0.04436176250413162
ADAL,-0.5721881808719465
NAB1,0.03991466443266222
ZNF215,2.8022789187676005
C1orf21,-0.17747186318336938
KLHDC4,0.7515183388938161
TRERF1,0.44465383465566505
MORC4,-0.5448800171624018
TNFAIP8,1.593635491947497
DGKQ,-0.7762031284621951
DEGS1,-1.6467673754597336
FBXW11,-0.08705985609283719
EEFSEC,-0.9336350073505187
TLK2,0.9711512535257388
NRF1,-0.7047757279760921
RNF214,-0.7916973932973688
MORC3,-0.8110167570176485
TMEM184A,-0.6257952945842961
TOP1MT,0.5403611805625713
SLC25A42,0.7187314211421707
YAF2,-0.2740731942720678
DPP8,-0.43895691110498625
KDM3A,-1.4055738099057182
PIBF1,-0.8473261892107454
PBX2,-0.571409545917584
GOLT1A,-0.29106605855798817
SLC7A6,-0.8604732244712641
RAD18,0.9027178317356979
SLC25A38,2.974843466225946
MKS1,2.053763759870873
SHPK,-0.6639985770284671
ISY1,0.9173852724515315
ATF6,-0.47599155899313833
AQR,-0.1969279849462415
THOC5,0.22054958423931806
AEN,-0.45781295882185535
NEMP1,-0.8501587714050637
IWS1,2.2213505568523133
LEO1,0.5844285925481069
RPUSD2,0.5953360492921816
HLCS,1.2439092550105104
TYSND1,1.2196748323447453
COMTD1,-0.2679270333413137
CHAC1,-0.7985272389322632
TRA2A,0.7910506827896487
B4GALT3,0.5034239768331117
KASH5,-0.7866438327032509
SLC1A4,-1.0826310230289726
AMOT,1.2117246594571431
PGS1,-0.7153422633565089
HDAC8,0.8665916188636736
PUS3,0.31277352848339074
RIOX1,0.2990835388229749
BTBD10,0.23201511446317225
EXOC7,-0.48379348751944623
LARP4B,-0.5836633618905931
SEC24D,-0.5693474770974962
CWF19L1,-0.10105865664892767
SCLY,-0.7542954795711813
THAP7,-0.05868116644995203
ELOA,-1.193388787916394
SLC35C2,1.6463597048487704
MIB2,-0.14656819184823675
YBX3,0.5873471567269746
GATAD2A,2.3824445745674874
BLM,-1.6658545989051092
ATF5,-0.22644687181252163
GTF2A1,0.47914541613165806
ADCK5,-0.2748693296735247
SRSF11,-0.4736675021294415
GEN1,-0.05314142310181092
NKIRAS2,-0.551676077017788
JPT2,1.0280866568958573
DPH2,-0.3111907006613308
HINT3,-0.3373303340097647
SPC25,0.5744623591736413
AHCTF1,-1.5031661369629845
NDEL1,0.7366730954459542
NOMO3,0.591519547794772
SLC43A3,0.36614986403828104
IPP,3.3534108145379977
VIPAS39,2.9440725201962694
HAUS4,0.12576296737659076
TOM1L2,1.035573174796457
MCUR1,-0.5323804838129181
NENF,0.46812351763056226
SFXN5,-0.5855295263500169
GTF3C1,-0.4881330184367063
MID1IP1,-0.4721717344859948
SLC5A6,0.8340689998723898
FAM117B,0.33265843528706873
TRIB3,1.3582883222713968
RBCK1,-0.5238507159398584
FBH1,-0.4343835544770084
SMCHD1,0.49560784878654635
METTL14,-1.0444219812426163
NCBP3,0.5252053500755574
FAM161A,-0.5731553037748799
CDK2AP2,0.4407660663346626
FANCE,-0.22131309322109008
CCNF,-0.965968095813878
NLRP13,-0.5041638319111869
UIMC1,0.29969468039617236
TMOD2,0.053020845326615315
INHBE,-0.8002138830585808
DDIT4,1.1474823913525412
LIN28A,0.38040189376019234
ATF3,0.45570712447687656
CLUAP1,0.19159241915194047
ANKRD49,2.6075976672195305
JMJD6,0.417795422494185
ZSWIM8,0.544543197287527
MRGBP,1.556855136418471
FLG,-0.6778123247617778
NT5C3A,-0.5662414557169109
GDAP1,0.552027093002967
ACOXL,1.4837125239537032
ISG20L2,-0.5411060848890709
AKAP8L,-0.06720303893636076
FBXO38,-0.8439258147751056
NOL8,-0.8566476574196267
KIF21A,0.7190182480110653
WDR81,0.18829452024442273
HJURP,-0.7829694948039893
GPATCH11,-0.23187912735551164
LUC7L3,-1.6612108301924398
TP53BP1,0.16838998199993221
RBM14,-0.09710268949329295
THAP11,0.40337331466301457
NELFB,1.0523740606895173
MEPCE,0.4337991134662743
KNOP1,-0.4320729323054774
AMOTL2,1.255095834394195
SLC28A3,-0.9243121275204801
EMID1,-0.10016288586057556
PAMR1,1.4224950365117461
FSHR,-1.7222573840633957
RNF39,-0.28590092821039764
FBXL7,-0.5188795944713376
PDZRN4,-0.277870857206881
COL5A3,-0.16916722168058101
MAGEA10,0.596074201249349
FXYD3,-0.9707231984678821
BPIFA1,-0.8528470083369147
NID2,2.336291270106153
COL16A1,-0.15310152849256176
COL7A1,-0.04704084330387158
COL12A1,-0.3536126297169601
MMP1,0.5227762938961119
LOXL1,0.5513478399619677
ELN,0.7842115752519664
LOXL3,-0.7150082579994309
HSPG2,0.04221689232988344
MMP10,-0.9296601012676001
MMP3,-0.37459450930138805
COL13A1,1.445417984434393
FBLN2,0.35814819017316535
COL21A1,0.4256338873921889
DDR2,-0.3815755805927241
MMP11,-1.0966540092799515
COL11A2,0.009343189114993327
COL24A1,-0.38851215560915053
FBLN5,0.16492219446693207
ADAM12,-1.0370033862234609
ADAMTS2,-0.051010126165599266
LOXL4,-0.7399747502642839
COL22A1,-0.3048872213254433
HAPLN1,0.5346600338084504
COL23A1,-0.4698076617800448
P3H2,0.053467808634515564
TINAG,-0.31568735214359644
COL28A1,1.1426830765120404
COL19A1,0.010521422464916417
ANGPT2,0.1739913966994569
COCH,-0.9402589424625206
FOXE3,-0.5667323907064532
SRPX2,-0.34251252352595307
ADAMTS7,1.2963771331282372
MMP8,-1.1721929140764267
ADAMTS1,-1.0240781546026214
MFAP2,1.1092580384264672
LAIR2,-0.5681107687110338
TFPI2,-0.9873365020149447
MMP15,0.09578973524338952
MMP19,-0.8152072621950462
PCOLCE,0.5811065699205302
MMP13,-1.0782699251886074
NALF1,2.286322579758571
PLVAP,-0.8307638529605192
IGFBP3,0.6824485276676051
MATN2,0.9269529181266328
MXRA5,-0.5168106110663683
CTHRC1,-0.4832092990011014
PGF,-1.1608720742040521
COL20A1,-0.601631585169512
GP6,-0.682479414854611
SDC2,-0.595068407685881
ADAMTSL4,-0.6711423410543926
IGFBP4,0.9293761033879732
CLEC14A,-0.8295084454674528
ADAMTS9,1.1185998674429292
MXRA8,0.8749727747801707
THBD,0.7631175835757932
MCAM,-1.2709624921281362
ECSCR,-0.5272310162780393
HMCN1,2.0591779775623467
COL25A1,-0.35474419989884864
CD248,0.8904181757099943
FOXC1,-0.6197564909880602
PODXL,1.0389686348214302
EDN1,-0.33816084718661016
SNAI2,-0.5506010710150013
SULF1,0.16996493071467508
KIRREL1,0.09548592516528816
ANTXR1,0.07727594551692069
DKK3,-0.5252025911375052
FKBP10,0.3022275076278339
ECM1,0.17946664363851833
VEGFC,-0.6425099045362388
HAS2,0.22192210237594362
IGF2,-1.7761747934851406
SOX9,-1.8639171550112439
AEBP1,0.684939101596321
SOX18,0.5444064870485621
DYSF,-0.14950342288609697
PDPN,-0.9694498319744911
STC1,1.4227798366177224
NOX4,-1.1198898860400803
NOTCH4,0.6986812967631175
VWA1,1.3377778617527412
SRPX,0.11058718171307622
SPON2,0.7357913638767468
FXYD5,0.34422701107046655
IGFBP2,1.2371308699734918
JAM3,-0.45255593232632796
FOXF2,-1.1553344394081027
ESM1,-0.646450374681922
SYDE1,0.4707080187915749
SCARA3,-0.6961124517356037
GPC3,-0.18258966089355497
LRRC15,-0.9944722234398758
PTPRG,0.42686178661198726
HSPB8,1.0267093631193425
ADGRA2,0.8735112771600492
FBLIM1,-0.6061490391117785
SGCB,-0.5049525607499116
TMEM47,-0.6488304976955049
FNDC1,-0.46229492862932825
LRRC32,-0.09586863453612303
SOX4,-0.18054895546461058
FOXF1,-1.26186471569488
CAVIN3,0.8855163785604339
FAP,-0.0899025911834749
TNFRSF11B,-1.1222700677164463
MSX1,-0.720109588631123
NAV2,-0.3776409039387399
ACKR3,-0.3932118698188145
FST,-1.2536060717611954
GPC4,-0.11014151427482814
ID4,-1.1007547639276196
MDK,-0.8616675499190465
STARD13,0.6339841098234759
PAPPA,-0.7738489387661316
GPR4,-0.9451267845125768
LHFPL6,-0.5626820064043094
SAA1,-0.9130582970400026
SAA2,1.7426153973807632
COLEC12,-0.24179777303277344
TENT5A,1.119421161711447
ADAMTS8,-0.5202837645776671
COLQ,-0.18284362079885577
COL27A1,-0.41930070133366654
CLPSL1,-0.3435132465381776
CCDC80,0.37586672433002705
ADAMTS15,-0.5362051777577026
COL26A1,0.9522547127289789
CELA2B,-0.9774298884822774
SPOCK1,-0.7123042415124461
MMP16,0.7436290336371336
ITLN2,-1.5844702133465443
EMILIN2,-0.5334687661719634
LYG2,-0.3701805847190252
STBD1,-0.20176598658974756
HHIPL1,3.390080772019678
ROBO4,-0.4837859931089935
FGL1,-1.0529370522213148
MATN3,-0.6300211333818532
CNNM2,1.1652966004031813
ATF7IP,1.090315565330816
C1QTNF2,-0.44978675010384145
NTN5,-0.5489190605644529
EGFL7,0.1493925810859533
PCDH12,0.21512540500644753
APOLD1,1.3031730449519336
LRRC17,-0.4603437559960554
ITM2C,-0.11742250495856271
RASIP1,-0.5169302873038735
TCF7L1,-0.7555042832361244
GATA6,-0.1749176826688262
WNT5B,-0.9572240613308703
PROCR,1.523856637686665
LIMS2,-0.49732754317769373
FZD8,-0.8022607084633365
ASAP3,-0.7357813495298668
ARAP3,-0.8175857702585346
APLNR,-1.5471521276516136
DZIP1,-0.782407296550602
RAB20,0.16644054116222104
SPRY1,-0.8380962071394733
STC2,-0.8667251901500774
CLIP2,0.8126217097324154
VASN,-0.705304920718786
PALM2AKAP2,0.8897646136353027
TMEM25,1.0194702615178537
IGFBP6,-0.002778343155353907
HTRA3,0.030014469678512026
ZFHX3,0.04702123673608781
BCAM,1.4508115955157754
DAZAP2,-0.572127483567211
TCF3,-0.4176737965820878
CHST3,0.19974226416037347
CEMIP2,-0.54746431016774
PRAF2,0.6064294754846321
AKAP3,-1.0798941288007557
ADAM2,-1.179443280751082
PRM1,-0.9790549162591268
SPA17,-0.43924299097281705
ACRBP,-0.897721819719153
TCP11,-0.9474070151198054
NPAP1,-0.5629238150049716
ODF1,-1.0393222857429971
ZNF675,-0.2477417916972531
ELMOD1,-0.5434592590165681
PRM2,-0.9542345110693058
SPACA3,-1.1984193303007276
TEKT3,-0.7708844612279245
SLC24A3,-0.03913009862367463
KLK3,-0.6786425222427356
TNP1,-0.9012071481648217
OAZ3,-0.8288869340178874
SMCP,-0.9679822338042359
ACTL7B,-0.9144326373134686
DNAJC12,1.615076045799193
TEKT1,1.1600892861914016
SPACA4,-0.5256069980089846
SPMAP2,-0.9958966017718798
CRISP2,-0.22143574279428183
SPESP1,-1.2114100796427574
DAZL,-1.076868996305142
YBX2,1.1812391620885356
SYCP1,-1.1921657169977855
ROPN1L,-0.7772126867618288
TDRD6,-0.8971858204223356
TLE3,-1.2129961354063936
CALR3,-0.8590550029841031
MAGEC2,-0.7103523661732659
FATE1,-0.8466180980576511
TEX15,-0.459287755445481
ADAM18,-0.8329122350550675
TSSK2,-0.5715873054623744
FTHL17,-0.4902731826102669
ZAN,-1.42278651205591
IREB2,-0.19459780805620458
MAGEA4,-0.9390295100684293
NXF2,0.007950743490523972
CATSPER1,-0.9160378838621237
MORC1,-0.8777251778587577
MAGEB1,-0.6259145369215772
PIP,-0.12646562939897282
GGT7,-0.5716838199217656
PIWIL2,-1.1498117795048781
RNF17,-1.1529019880705849
DMRT1,-0.2735929424628586
CABS1,-0.9113119326971398
CFAP161,0.7432037805035946
SPACA1,-1.043660286942828
ACP3,-0.6986873058621077
SLC2A14,1.5331415910465829
TMX4,2.876430068719526
TDRD1,-0.9758238904000317
C2orf50,0.00765961949137858
STARD6,-0.07460758872689902
TRIB2,1.5092595565540101
HBE1,-0.9868683593862173
GAS8,-0.6501056375540478
CHST8,-0.9518524740149595
DMPK,-0.41778442101763597
TNNT2,0.3224789177654202
ATP2C2,-0.6238725240047049
ATP13A4,-0.4218896916557442
ATP13A5,-0.634406562336847
CLCN1,-0.5172030997526307
ATP9A,-0.9135385695864623
SH2B1,-0.3795886297511347
TNNC1,0.6602846269637761
TNNC2,0.6077030371675036
MBNL2,1.056277186877173
CELF1,-0.12520378379286695
ATP9B,-0.6934631597354123
ATP11A,-0.6339987225187473
ATP11C,1.9536367706921671
ATP11B,-1.1044553879499581
ATP10B,-0.9450510880806114
ATP8B3,-0.5254534218094198
ATP10A,-0.5796984054853445
ATP10D,1.6604028259590402
ATP8B2,-0.7413604494004766
NFATC2IP,0.7133757417588276
MYOT,-0.5233374963500583
SGCG,-0.5333679160919647
GRTP1,-0.6173762021069077
SRPK3,0.639090474223933
CHRNG,-0.12091731597212886
B4GALNT3,-0.9261869657361534
TLCD1,-0.12207730188932162
RABEP2,1.015079496541986
GCNT2,-0.32107035539819595
SLC10A7,0.41816076745157227
KLHL40,2.1998943089661886
MYF6,0.21056740832293594
TRDN,0.6900133927073286
LRRCC1,-0.3135022385370509
TMEM143,-0.419085990216503
RSPH6A,-0.8889045445305809
PEX10,0.6698489167635385
ST6GAL1,-0.8316724908304182
FAR2,1.1866793424255417
CHRNE,0.7001534899166856
TMEM18,-0.7375791024046543
RNF167,-0.3738479729951664
ALG10,0.0802127364552079
ATP13A3,-0.3774537538073275
NAT14,-0.6235686106033891
CLDND1,0.2737823408479225
GPAT3,-1.0378669643544434
PEX16,0.9675919095146304
UNC45B,-0.3916640997694408
MYOG,-0.06424367128639619
DUSP7,-0.5502330385822626
ABCA4,-1.189361505134941
CST6,-0.16199945051351017
ENTPD2,-0.8321399482083346
ABCA12,-1.176055335323761
THRA,0.3610176695876587
HRC,-0.15205014076437523
ATP6V0A2,-0.20174846194483384
PIGS,-0.15296752313715267
THADA,0.31581124658217335
TECRL,-0.22574160191988715
TPCN1,-0.6847126793610976
MINDY1,-0.4374195858166998
KLHL41,2.659654129046154
WDR7,-0.010793106319072251
SLC9A8,-0.08582918381149235
GJA5,2.908709539197136
MYOD1,-0.3807887360283865
MB,-0.9603730597046117
OBSCN,-0.4957563432810269
PHF7,1.4476290927610254
SETDB1,0.26652542409612
MYL4,0.018121564123279147
TBX6,-0.06033043717341582
CHRNB1,1.0469974640539725
TMOD1,0.41996070283719916
CDH15,0.8351146404965756
EYA1,-1.175568817554881
SYNPO2L,-0.1747924773113621
ALS2CL,-0.23446154115710355
KRT13,0.7356409942065637
TFAP2B,-0.16604717502574837
HSPB7,-0.43713436464960476
CACNA1I,1.3063821847885035
DIO2,-0.9512825367832871
LIM2,-0.1667462625890412
KRT24,-0.07959368670897049
SLC9A2,-1.0180628501825257
TULP3,3.3087801319904067
LGR4,-0.7037226222948467
BTN1A1,0.13552807026418662
KRT2,-0.9474555745758655
KRT4,-0.9865019237885961
KRT75,-0.18637519806122735
CPNE7,-0.22763833600506267
TPTE,-0.1612516545981523
ATP8A1,-0.7784259245314413
ATP8B1,-0.8905594023754031
ATP8B4,-0.6676442755253054
TBX5,-0.5741815650314633
PDZD11,0.3567688752268171
MYBPC3,-0.5011013225056893
TRAM2,-0.7417051004324893
MESP1,0.6157529751618335
TMTC2,-0.4870571049674891
KCNQ1,1.0182232826020665
IRX4,0.501369546075578
MYOCD,0.8086325172903261
PPEF2,-0.49321722370329807
ASB17,1.9584464048983838
ASB5,-0.3029360849629644
ABCA3,-1.1390400014017112
SLC35G1,0.06954021126978216
MYOM2,0.6802826177608726
ASB1,-0.23094019740855
ELP4,-0.6328657913940298
TRPC1,-0.31366395626940563
RIC3,-0.5197437192401945
TRIM13,0.07259338238845546
KRT19,0.2986884677397415
NHSL1,0.24780039491583028
THRB,-1.1895740026603263
SLC12A4,-0.5548683690335318
MICAL3,2.5130476296259086
TAP1,2.617625322226417
TMEM63B,1.068887713384109
SHCBP1,-0.5603822112542148
CLN5,-0.7164695671211964
AP1G2,2.2783040222863242
VPS54,-0.3809602359818086
SUCO,-0.849234112587977
RIC1,0.7280690513269997
GRAMD1A,0.006291285302090979
SPRTN,-0.5567099547714033
TRAPPC8,-0.3773388772174818
PKD2,0.23818678072029825
VPS52,1.3189368768569625
EPN2,-1.627007391811069
SELENOI,-1.1228798735188161
SLC12A6,-1.0338502635209434
TAPT1,-0.884864491577681
URB2,1.3854969886431276
EMC10,-0.7904579204657504
RBM26,-1.6191175346020428
SLC12A7,-0.5398979427242023
ZMIZ1,-0.7843503923102266
DOCK10,1.2220634961155912
TRPV2,-0.2677587973121786
OSBP,0.15241613239640295
TBC1D22A,-0.1738389872427394
LMBRD2,-1.0926333196064548
AP4E1,-0.9526850126681066
RFT1,0.6859923186699043
PIGG,-0.15262935100718963
NBEA,-0.5012869660023225
PANX1,-0.8129324130128468
EMC3,0.03058304917452167
ZDHHC20,-0.13589160152718807
EHD3,0.3437033840220073
SLC35A3,-0.012358245945161446
HEATR6,0.96522336228323
CCAR1,0.0739077741758626
COG6,1.3401007190152625
MAN1A2,-1.4503956613551514
RTF1,1.1884760334131144
TBC1D22B,0.06892038890570869
COG7,1.8538542523962296
TARBP1,-1.1328621799433045
CYTH1,-1.1750815784567195
CHD1,-1.253548992376338
FAM91A1,0.4044998973828336
COG1,1.1692123089803734
RINT1,-1.0840782998253349
CWF19L2,-0.20619133327723083
SKIC2,2.987101984675778
XPO7,-0.9623505164059413
ZBED4,-0.020888309094157554
TM9SF4,-0.4277336445840256
CNOT6L,0.30701748626325803
ANO6,-0.985428867302356
FSD2,1.4239624119033585
ZW10,-1.6771722351505634
SLC16A10,0.22784948502265273
COG3,0.322753680725903
CNOT10,-1.2274533208432692
SBNO2,-0.4660360033323704
PIEZO2,-0.42246266694488854
LTN1,-0.7273576358842962
VKORC1L1,0.696799710939946
MGAT2,-1.4936130150191367
WDR11,0.14019942203177477
PLPP2,1.0750834191931309
MBTPS1,-0.00999943518528818
ABCD4,0.5597459051048451
PTDSS2,-0.789366263106564
CDC40,0.25902628347431716
SLC30A5,-1.8762803991273096
TMEM38A,-0.015844775493896852
RGP1,1.6421106882084222
ABHD3,-0.1380220370218134
TMEM38B,0.46584896646127805
CDH3,0.7725787550094741
MED23,-1.8991619766250272
GNG10,-0.6152573266795734
RPP38,1.2196001381838777
TMED5,-1.5955606672284541
CEP55,0.262458726989468
BLTP2,-0.6631132675339373
STX16,0.047872938928447226
SLC30A7,-1.002177475897656
IPO11,-1.1934637343994885
SACS,1.0403541823640656
SLC30A1,-0.45271633665830163
SBNO1,1.5127163956483294
TRPM7,-0.26877415282410433
MLLT1,0.1559058906868167
DSC2,-0.5408269903607305
UBAC2,-0.8063412808297293
CPT1C,0.617278477972849
WFS1,1.346225551615703
NFE2L1,1.3350315951063398
XBP1,-0.22654962504954032
CAND2,-0.6147089551508672
WDR48,0.5044029199673682
RELCH,-1.069595318528712
ABHD2,-0.21530027104316699
NUS1,-0.35562318231972107
INSIG1,-0.7846377547309294
ABHD1,0.12656113253204446
PRPF39,-1.1838057706586513
MOSPD2,-1.4790505908350635
ANO5,-0.7460331752177755
BAZ1B,-1.1420862918927215
SMPD4,-0.43408395777006376
REEP2,0.4612690978761795
TMEM259,0.23535124804564359
UBIAD1,-0.5212071516396476
PLEKHA1,-0.6249896069021347
TCTN2,1.4997297724762073
OSBPL11,-0.34099861901524564
RBBP5,-1.7271263684098952
TMEM245,2.058542413725474
ANKLE2,0.4319221709752968
NUP98,-1.5557892948789782
NFRKB,-0.222732120535337
TMCO3,1.4405886021269767
SLC6A8,-0.06394280414446754
DESI2,-1.0156236727345043
RAB2B,-0.20325455241445975
MACO1,-0.11865106047100017
TRAPPC2,-0.8377001577162415
SLC39A7,-1.2118080589495572
ORAI1,-0.9545858383487164
TRIM37,-0.3753676028102653
TBX2,0.4173434443051089
CLN6,0.7256946737685319
AMFR,-0.7668364738721768
FAM20C,0.17968893421401871
RYBP,-0.561466720787317
LRRC31,-0.3621457151486148
SON,-0.293276760893227
COX1,-0.6946929136431128
RCN3,0.9498571223776873
EIF2AK3,-1.2279943020565416
RHOF,-0.6053532245236237
SARAF,-0.21007585731773826
ORMDL3,0.03193409956872293
ESRRB,-1.1023998323818403
ZCCHC8,0.3544996251558707
ATXN1,0.10800100284851216
GGA3,0.11726889524499419
MSL1,-0.15966230361166633
RIOK3,-1.1681351525071688
MED13,-1.6023061333681818
TRADD,0.07686536798085213
ESCO1,-0.715596788658242
FBXO21,-0.41887902257233417
ZNF106,-0.3901731606769856
ORMDL1,-1.0166839893270367
ZFP91,-0.8058653663485806
CNNM4,1.162981028496974
ACOT1,1.1452154185375178
AKAP8,1.4111985019849638
PLCD3,0.09667848267594938
STEAP3,-0.6156380973555686
OSBPL10,0.01433740211575147
KRT9,-0.4874663378928125
HELZ2,-0.9589963237587734
SLC35E1,-0.3384359395912052
RABL3,-0.1774244922854323
SPEN,0.3782710783033433
RCOR1,-0.5407175608683816
MED17,-1.3892688513010465
AKAP17A,-1.147490351699212
VANGL1,0.7781377246646284
POM121,-0.3056578774161218
POM121C,-0.28252448596216373
DPY19L1,2.0125846487622665
KCTD5,1.1149496233183211
TNFAIP1,1.6750569353776403
ADNP,0.44761460856965557
IDNK,-0.366766909033782
RPEL1,-0.28775701977146456
GJB1,-0.8584113248111827
CCDC17,-0.24131254636089056
PGLYRP3,-0.40559036601371135
ZNF296,-0.5527594539371476
SMPX,-0.4103647222723687
MPND,2.3812229189923757
WHRN,0.2445241955552243
DTWD2,-0.485319751069584
C8orf48,0.2871902231023403
TEN1,-0.09688002886736032
IQCF2,-0.2994329303255343
ZNF57,0.048801746743868765
OTOA,0.271907278574154
RAI2,-0.07296401878777153
PJVK,-0.5924493121240741
ZNF366,0.40835797221157066
CITED2,-0.037075038368760235
ESPN,-0.6443244937482492
ELF2,-0.8373077000227741
ZSCAN9,3.4312092242162042
MLC1,-0.4114755942846442
AQP12B,-0.5499299694453127
FEZ2,-0.2768005540976583
ZNF829,-0.14614461063134523
ZXDC,-0.2188475030314797
PHETA1,1.4571933422032983
THTPA,-0.03704676432883272
FBXO31,-0.2323814880269718
ZNF497,1.0896603098202
METTL27,2.4315633720974263
CRLF3,-0.6380749922062223
ZNHIT2,-0.6796090437366615
PDRG1,-0.5953783205908922
POC5,-0.4181468318098879
SRFBP1,-1.3446089010214664
PIGA,-0.8727644660301431
DHDDS,-0.6938461653695518
LTV1,-1.5296381295449268
POLR1F,-1.4618517101133834
CDK5RAP2,0.943199599898502
POLR3E,-1.2038657300290148
DHX33,-0.4799084387897685
TBC1D15,-1.5363926524928508
TXLNG,-1.0662786251381504
TRUB1,-0.5741519715278034
CCNE2,-1.2041131456628171
DUSP28,-0.37342748594265984
CTU1,-0.721305039991139
ZNF280C,-0.38754247525968777
WEE1,-1.0269191012724923
OSGEPL1,1.2452484755893856
TCTN1,1.6154977311683707
TRMU,2.359107256022122
RPUSD1,0.062003541775508604
STIL,-1.123548065131746
PGGT1B,-0.6628506769557723
ASB3,-0.280202454041273
IP6K1,-0.22759373417913917
ZC3HAV1L,0.06423765637740833
NUP35,-1.137005852696894
HELQ,-0.8167468827868324
RADX,-0.8372453368500339
MRTFA,-0.5551089501816512
MAGEE1,-0.27713322775838867
PHF6,-0.6369205318753487
CT47A1,0.25958584463392526
NUDCD2,-0.87925239446608
EOLA2,-0.25985518659214707
CDC42SE2,0.34339802370924266
RCL1,3.3337179775976824
MIS18A,-1.0838045881142284
MTMR14,0.15325134477728772
GLMN,-0.8938813487752424
OIP5,0.4267348232784542
XPO4,-1.4959544742118238
SELENOF,-0.5003364488345997
LIG3,1.1123316567750356
HAUS1,4.371178796428548
MPHOSPH9,-1.1080211286404393
CEP85,-0.6286503132016041
ARHGEF37,0.35981599602164943
FAM216A,-0.48954026785984783
PUS7L,1.6267897005886625
IRF6,-0.2449751614498199
CEP112,0.908937494838616
HROB,0.49397366314110414
ANKRD18A,-0.1369173706906778
EML1,0.47378718193307384
CABLES1,-0.7377674792803386
FIRRM,-0.1988731401797019
KIZ,-0.12416088707560623
ADNP2,-0.749509129764216
INPP5A,-0.19471088851964036
TASOR,-1.3796818934106967
ASXL1,1.2440463751433222
SH2B2,-0.6730864391776489
ZNHIT6,-0.12841730502250387
NKAP,-0.8247978024608816
MAP7D3,-0.8015034232249919
GDAP2,-0.014347236153164763
GAN,2.4337120104283616
NOTCH2NLC,1.7397370730661998
CBY1,-0.21770520827943757
TAF11,-1.134281988261587
CTU2,-0.8260968823857563
NUP54,-1.478166568933706
METTL18,2.9374570564272324
ARHGAP19,0.051088256787547894
NXT2,-1.1784725449025326
MANEA,-0.027832673870052487
ALG13,-0.9377248678807171
RMC1,-0.24848835915787135
SPANXN4,-0.653483955653744
SMYD2,-0.5305605527047224
ATE1,-0.6318703545411655
THUMPD1,-0.8675279052132918
NEIL3,-0.746547376490463
SLC25A43,1.0236754947549722
ARMC9,0.15985402890926517
NUCKS1,-1.1298618431390655
PMS1,-1.2548257995876886
TUBD1,0.3372567468635093
ZZZ3,-1.1789897519560248
PIGX,-0.4703435234738148
WRN,-1.5704628337162834
AMMECR1,2.851478547000648
NOTCH2NLA,1.5586031068616533
HMGN3,-0.4509577728137913
KL,-1.0794080104005912
CHST4,-1.0157795279279545
CDX2,-1.5902967232012946
CHST7,-0.8869607499357274
SLCO4A1,-1.0142832636682286
SLC28A2,-0.950042378126951
SLCO3A1,-0.886964714054807
PSCA,-0.8317251986433364
MLXIPL,-0.3035180722214721
STRADB,-0.6228280582171837
DCLRE1C,-0.9825745709455681
CFAP91,-0.7433211244998453
RFESD,0.4328937359523758
EBLN2,0.8752729409516584
CIDEA,-0.866696347457911
MST1R,-0.32841184718839184
HHIP,-0.909645068683736
GAL3ST2,-0.9093778986933188
RAB7B,0.27265122489744864
ALX4,-1.3962860771222039
SLC9A5,2.698564417999124
CEP68,-0.23867273710732903
VWA5A,-0.07152439914376542
MDP1,0.09716934423333787
GNG11,-0.9690219582029057
GNB5,-0.8209407821230068
GNG13,-0.5180651949414865
GNGT2,-1.132838419478869
GNGT1,-1.6888780685274933
GNG8,-0.9859390389532448
GNG7,-0.4094119417091319
FOXO4,1.3139354415468376
TBC1D1,-0.47017309118082534
CRY1,-0.8155034470301465
CRY2,-0.7375880329151427
AKT1S1,-0.19155796098751374
TRIM11,1.681602665967046
PLP2,-0.4397220031032676
PPP1R3D,0.2612468418147647
ENTR1,-0.14585946891876395
CASP9,-0.3978649733573281
BBC3,-0.5073908602351238
GADD45A,0.5527461855704511
ZSCAN32,3.1795729284023255
DSC1,-0.7805337000803217
CASP14,-0.8012278868407292
KLF15,0.915637967455733
CDX4,-0.9314041759509577
CCDC33,0.648247257734206
BLZF1,-0.25651531652622384
IHO1,0.07387487070962374
MDFI,-0.6279354037766633
BEND5,-0.5114444085356483
SPRY2,0.4916426366554277
RIMBP3,-0.7272862285899019
STX19,-0.6011441809760372
UBXN11,-0.5984727185046543
GJA8,1.127481857959408
BCL9,-0.7983968556249627
EPM2A,-0.7869516708620844
PRDM14,-0.7235916401793356
TASOR2,-0.5862157638012746
NBPF10,-0.1987515915692936
ZNF236,-0.6374362257828682
GRAPL,0.11623368223784393
PRH2,-0.735959843880067
KRTAP1-3,-0.5079201301876923
KRTAP9-2,-0.04710071311073972
C2orf42,5.880073550432037
STX11,0.8805790854700207
MAJIN,-0.8219139230643462
DDIT4L,2.557961756400458
GCSAML,-0.4529583397693389
IRAK1BP1,0.20058205991919675
PPARGC1B,-0.833530921601348
NHLRC4,-0.3623975058052503
ZNF177,0.07462457089145218
AUNIP,-0.5841016638047457
RPH3AL,-0.35195178874900784
KRBOX4,0.34884214781545503
ZNF474,-0.1866208073189793
CCDC28B,0.24931744771211564
ZFP90,0.5088714923211595
KRTAP9-4,-0.6778011418421908
TCF19,2.1047247221960497
TGM7,2.6866428869500805
SERTAD2,0.17250046755586965
BMP8A,-0.8866038007194947
TRAK2,-0.9983915247049948
NET1,0.23967572240458457
KMT2D,-1.1652261681411693
YY1AP1,-0.14757092697615204
NR1D2,-0.213615623639869
SAMD4A,-0.11262903197016129
TLE5,0.11368784070349176
KHDC4,0.9245767623316895
PROKR1,-0.8787756195255708
NCCRP1,-0.2864122147902587
SERPINA12,0.4003863009781816
TRIM35,0.5400030528124654
TRIM10,1.714188884952427
REL,0.6092048250620778
TCF4,-0.48325055697239444
CALCOCO2,0.8684826149391639
KRT40,0.38486722500067333
KRTAP4-2,-0.5231467079997011
KRTAP10-11,-0.48117022598967263
KRTAP10-8,-0.6715880224977392
KRTAP10-5,-0.41448317587996414
KRTAP10-3,-0.2927478999600897
ELL2,1.3890339649566352
CCL24,-0.9205441585763099
CXCL2,0.542811536340977
CCL7,-0.8929729665273386
EHF,-1.0712544516899896
VWA3B,0.133692604418543
SAMD12,0.24795160442363826
PGLYRP1,-0.8983913517699298
CCL11,-1.1983287797929187
NLRP3,-0.19597264618143662
AMDHD1,-0.3144622115473933
DEFA4,-0.8469027388575887
ALOX15,-1.2829902881225361
SLFN12L,-0.27857566037498543
USP53,2.3809282617458836
UBE2J2,0.9842474671496171
CFAP298,-0.6392037189739651
RETNLB,-0.7504140702419188
TSPAN6,-0.5511069260065875
GALNT9,-0.776745281475528
MREG,-0.597596132079693
THAP4,2.2412577326234646
KDM4A,-0.845687023547531
FCF1,-0.1337001722410087
CD200R1,-0.551636890980062
SUV39H2,-0.72644273081707
RIPPLY3,-0.5392101635935314
NOXRED1,-0.43813103925113084
CRISP3,-0.26211221552077346
HP,0.039493616719453485
S100P,-0.7337116638041782
SERPINB12,0.7681948727953959
OLFM4,-1.0054051802233974
BPI,-0.8876438723501957
IYD,-0.7448744629773003
CTSG,-1.332704724448105
CAMP,-1.0368277117602525
PADI4,-0.13941349110984289
FPR2,-1.2641107990595082
MBP,-0.7932719048950366
DCD,-0.9869688271657769
RHBG,-1.0987933748239085
CEBPE,-0.811584812973497
SLPI,-1.0905376382772956
CSTA,-0.9735561212390312
RHAG,-1.2619769576510913
F5,0.594830926190425
MUC5AC,-1.5195025466054084
CLEC1B,-0.04973072406857398
HPR,-0.6030941612176661
STAB2,-0.543745711681297
ULBP1,2.2411178529620956
SPRR1B,-1.0868074271745771
TYR,-1.57535536107587
PM20D1,-0.11970018211718379
RHD,-0.771192384669028
SPICE1,-0.41477833373082595
TCN1,-1.3230980349199741
GYPA,-0.8998659728412753
TANK,-1.2919848601820831
CPB2,0.2545871330944312
IL1RAPL2,-0.39790639352234597
SIGLEC6,0.746581811862305
HBZ,0.08989040953091683
PAX8,-1.8548162776259645
GHRH,-1.3673085362227984
DDX59,-0.35616151027283716
DHX34,0.49059771454339984
MATN4,-0.5205893000814714
PPP1R3C,-0.5524514516830161
FOXD4L6,1.5075894626090618
ING2,0.6722951026121623
PDE7B,-0.23762021295283456
BCL6,0.42861670396996043
SLC5A3,-0.8478780865063008
TPD52L1,0.3461314270655214
FOSL1,0.5955465291786688
RTL9,-0.6302473323973425
SUSD2,-0.6683913849940877
ARL10,-0.9883777264370242
NLGN2,1.1437191012721608
SLC47A2,-0.7844930533330224
RBFA,-0.40008299889780596
DHX32,-0.5636944906951028
SNX11,0.6167352816843952
ELK4,-0.6435789539855622
MPV17L2,1.366059120049123
NUP42,-0.7054219297498009
TMED1,-1.1017536339246792
QTRT2,-0.8838035277478951
CDC14B,2.529182781252307
QNG1,-0.7353802456767715
INTS14,0.48967760220784606
UBL7,-0.3539829271135153
MTRFR,-0.3677790262198994
RMND5B,2.757545255436038
KLHDC2,-0.16682025473702097
URB1,-1.186062601059348
BUD13,1.1484226873337378
COMMD5,-0.7510158435305725
CYTB,0.2199811758137521
RBMS2,0.7466820700018224
MTERF2,2.388444672266221
LIN28B,0.035060151036281594
MSLN,1.1415458310394249
MAD2L1BP,2.0178624801913916
NELFE,-0.07750052481870529
TMTC3,-0.8095628870252118
NFXL1,-0.3719870606561094
OXNAD1,-0.5025282439300394
ZNF644,-0.8468456211514874
RIOX2,-1.1994858284042063
SDR39U1,-0.32657402408608127
KIFBP,-0.79007137760864
YBEY,-0.4617283503182345
PYURF,-0.34989727741816345
ZNF483,3.2163626153765708
ZNF830,-0.9391102892107599
MLX,-0.11751077125519539
RRP8,-0.2834251425102646
ZZEF1,0.14444908981891078
TTC31,-0.26378282522430774
FAM9B,-0.7524122165324055
ZNF317,0.02415883996282805
DHX40,-0.8245880572930054
AMY2A,-0.6069953817769509
BCL2L12,-0.5125602246382865
GP2,-1.2428865147320185
DUSP4,1.0677088197622024
LCT,-1.4094977850848787
MGAM2,-0.8785193462376034
GYG2,-0.7983463602744011
CPA1,-1.1741802512869073
PCDHB10,0.8539047342481916
ASGR1,0.0397685301491657
SLC51A,-0.862381143229915
SLC51B,-0.8191776085810569
FGF19,-1.723756081816491
CLCA2,-1.0651463207208813
SLC5A1,-0.47793104274224424
TACSTD2,-0.9864901936050622
ROS1,-1.2205947854346395
B3GALT1,-0.8383219744553385
TMEM127,2.1140003909601925
OR7A10,-1.018199035927561
CCDC62,-0.4891158487186769
HOXB3,-1.043565514543369
H2BC7,1.1855165936106689
RTP4,2.4220537921287373
NMNAT1,1.1082640112249353
USF3,-0.3604990603572565
ABCA10,-0.3404865828414383
PDZRN3,-0.5099038721671361
DGKG,-0.46168275472457404
UBXN10,-0.2148492804682674
WBP2,0.3510115459647685
AFG1L,1.6239565411745955
PTPN3,0.2594327445334277
NDFIP2,-0.4430789456491866
AIFM3,-0.40986364509121187
SLC25A36,0.6141451406314306
SLC25A33,1.542756389744414
ADPRM,-0.5825393723683223
GFOD2,2.724598917392591
POLL,-0.3728385333489356
NUDT12,0.6159394120931022
SLC25A40,-0.7384728413577839
SH3YL1,-0.715980493791034
TTC7B,-0.5641181289264293
SPSB3,0.2161517728888638
DIS3L2,0.8867161077116311
XPC,0.23803293484991775
SETD3,-0.6258619453707228
PYROXD1,-0.8233220068957323
MIGA2,-0.496727139493749
CCS,0.8533073776543927
PPP1R21,-0.6732166916422092
GFOD1,-0.2761596563790719
PEX14,0.43324035818714013
ZCCHC9,-1.4353158879815897
BRD8,-0.289623834034684
NRDE2,-1.0907450831741035
APPL2,-0.1317068443334906
SECISBP2,-1.0490262477559327
MUTYH,-0.20640192238111846
SYNE1,0.2906577759590488
DDB2,-0.23015497887263708
CEPT1,0.5429426044159489
SLC25A44,-0.17728521908690795
C8orf82,-0.22913395553550842
CYB5R4,-1.2537704943831376
WASHC2C,-0.4799647781106769
TENT4A,0.1541232896383997
MTA3,3.1510659333458273
TBC1D17,-0.4253715580626177
TENT4B,-0.8565717605957204
PBRM1,-0.5367230670798373
ATP8,0.9339408903990982
HSDL1,0.5030153147364308
INTS10,-0.9911255702868386
TRIR,-0.7392502870914552
TAF1C,-0.7895544440342432
TRIM4,-0.05711281173199423
LRRC14B,-0.38731613807198056
IFT46,-0.44630785233872966
BPNT1,2.3836493297026653
DMC1,-0.9797044495944407
NAALADL2,1.6428982482642436
CCDC127,-0.1611434329389328
SMIM12,1.183038677140802
CNOT11,1.7786944012731536
NR3C2,-0.9373503009043092
TMEM67,1.5993475048350878
RPGRIP1L,1.9013224937463258
CEP72,1.0291314266050589
PRCC,0.5695200369212869
PAPLN,0.6393808886272574
RSAD1,2.4339885570949686
LYRM9,-0.45402397545256595
HAGHL,-0.314277948621939
PTPDC1,2.0399298030328104
MPC1L,-0.6661361241249963
GTF2H2,0.4467204508106306
PI3,-1.3748403592870018
KRT36,-0.4144781132531019
PITHD1,-0.26868975801386197
SLC25A37,0.30888432449335235
CCDC12,-1.1880800353951242
ETFRF1,0.0667520575531097
IPO13,1.5612746099679249
RNASEH2B,-1.0002360062330244
PAIP2,3.1001608824498295
CERS5,0.11330488106802357
PRADC1,0.2451470417965063
BRI3BP,-0.9816536798072656
KRT6A,-0.44612278933596217
NRM,2.0436638506604594
PHRF1,-0.5172548420962633
POFUT2,-0.7802145796126663
REEP6,-1.0078978751509553
POLB,-0.32752342796289796
NUDT7,0.9881802094031004
SLC39A8,0.05746231084656866
STX17,-0.6447181810293285
TXNDC16,-0.8330618203758112
RO60,-1.52961732680578
BTBD9,-0.37434996485308186
NKAPD1,-0.3711095840979296
ZFP69B,4.88617803224869
ART5,-0.10170979576967609
EVPL,0.3601094899672807
S100A7A,-0.3145996973871876
A2ML1,-0.6041906238881225
PPL,2.981294463594984
SLC26A2,-1.2315981572211043
SLC26A1,-0.9869304466616196
SLC35B3,-0.9147431452120742
SLC35B2,0.014221588706918432
TBX18,0.2745597381873964
SPANXB1,-0.6347422863585381
CHST14,-1.142062171643895
CHST12,-0.9486484109522482
RNF115,-0.31921830500716947
TGDS,-0.6000999867621555
HSF2BP,2.1767819854925867
DSE,-0.7207591813035481
CEP19,-0.5655346964940137
GLT8D2,-0.6747143039790463
GTF3C4,0.506187352365651
AGGF1,3.0893312986454378
KIAA1549,0.003318180762746885
ESRP1,-0.0643395042247257
TRIM24,0.2731801503982026
GNL1,2.446789326377696
GALNT3,-1.193708093263334
CCDC116,-0.251078841322962
ODAPH,-0.6348878026407457
MCRIP2,-0.5346592600329406
FAM24B,-0.37966562224421563
WDCP,-0.10916553728859532
TMEM132A,-0.3934359711288103
ERRFI1,1.214901530831916
TPST1,-0.6872340632827175
FANCG,1.192548298925354
RTEL1,0.6472427908250272
HS2ST1,-1.5981219986930861
NDST1,-0.05622715107202901
FAM8A1,-0.8298338633174182
BEX4,0.38179727764104476
TTC9C,-0.14950352826987068
TTC3,-0.7592839900084954
FTO,0.505587858575981
GOLGA5,-0.7833739800080805
THRSP,-0.8733971575279426
ZNF585B,0.6874205138963055
ZNF501,1.7679688539404723
SLC27A6,0.5767567844743404
ATPSCKMT,1.6134295103122571
ZDHHC16,0.9676323628665799
RETN,-1.2662930951993876
CAPN10,0.19958930425425617
MYEOV,-0.6427019506380794
ANGPTL7,-0.6802362571002923
DCUN1D4,-0.7500306254343007
MOGAT2,-0.8372121145459476
CST5,-1.1665516380806336
ZMYM5,-0.5964368535165978
ELOVL3,-0.7849286110539943
PLIN5,-0.45013504037178453
DUSP15,-0.49912783242157127
NHLRC1,-0.5037061290947215
MXD3,-0.1477503680293029
CTCFL,-0.778869652157871
MOGAT1,-0.5581392850584345
CDHR5,-0.7167258193396939
CIB3,0.041618399604661876
TSC22D3,-0.44044579989004784
CIMIP1,-1.2667763312239473
TRIM8,0.43251126357735536
FOXO6,2.4460528007993916
RXRG,-1.0833642070115903
IGFBP1,-1.084175347948727
IRS4,1.2215810365988877
WNT10B,-1.4183563267736283
GNA12,-0.19649178633290248
BPIFB1,-1.0810616625113811
MUC5B,-1.180936628394435
LACRT,-0.6572591638737253
RCOR3,-0.4459227043525549
BBS1,2.6229845865910186
BBS9,-0.16358366166510502
SIDT2,0.5933096667179938
SLC22A18,0.6008065784586715
INPP5K,-0.820640340716919
LAD1,-0.53160322246536
DUSP9,-0.7195445028786971
PASK,-0.45522390244960914
DNAJC1,-0.8056310682234458
TEX9,1.7456040426989865
ANKRD52,-0.3462248962788951
SLC22A9,-1.056667403886679
PLGLB1,-0.48047448518457203
GSTT2,-0.4071737162967797
MAMDC4,0.023400135875271955
TLL2,-0.6397285072700178
PRPH2,-0.808993068166917
FUT4,-0.8383129592490228
PRRG4,-0.5401523601695256
CLDN9,2.383154129577053
ERF,-0.3165415076858744
FNDC9,-0.696383656136211
GANC,-0.7107413494614678
REN,-1.2135644300314776
MEP1A,-1.2193374340019958
NTS,-0.9984806935921902
F8,0.8274745430584413
MOS,0.046841627225567166
LTK,-0.6998546331949693
TEC,-0.8125498904087067
LALBA,-1.041055721204157
LCTL,4.030627448435527
SCT,-1.4781988806672315
PTH,-1.6578906322630365
CDX1,-1.5724065033724393
GIP,0.20851553079057641
VIT,-0.7253495501054938
CLCA1,-1.229283187462358
BTNL3,0.009046043848925014
REG1B,-1.2067298415786574
CLRN3,-0.7033314973054889
KRT20,0.11365540581841498
TAS1R2,-0.8818498652445006
ENPP7,-0.6731602753127659
PGGHG,0.07196553465482788
SLC5A9,0.40118528700608913
SLC5A10,0.714704194758917
HS3ST1,-1.0240042027995049
GPR42,-0.702386384551526
CCM2L,-0.4271826764289723
AP5B1,-0.6684437070969985
ULK3,-0.8821929628282474
HUNK,-0.2289288049513962
MAP3K9,-0.9359302262844328
C20orf96,-0.14286936729106367
MAP3K12,-0.6055164085973516
CDC42BPG,-0.641970816210846
TTLL1,-0.3682542490027566
EPHA6,0.16681590064030594
RPS6KA4,-0.9160724245534767
SPEG,0.4397662743150673
PALD1,-0.364050115780845
SPRYD7,-0.19182355260742767
LIPH,-0.5405369931243033
ZSCAN1,3.6840126676850633
NAA11,0.14268291506885894
NFIX,0.6828516016949654
ZNF397,3.080377954122329
EPB41L4B,0.3572452389145294
SEMA4G,0.20714027384965156
KRT86,-0.4780625643895294
MEF2B,1.3805228006826509
KCNK3,1.6519178958304237
RAB9B,1.3922219100435032
RAB11FIP3,-0.561221186737781
GRIP1,1.5618162130799997
H3C6,0.9171092098432533
SLC45A1,0.4176400553263247
GNAL,-1.301662861620089
KCNK13,0.4518708650769905
ADARB1,0.20634976495367602
SCN3A,0.48353711928148374
KCNAB3,-0.02670972254095833
GRK2,-0.8252720493525431
KCNIP4,-0.032460987944550004
KRTAP19-5,-0.3652128282023554
TBL1X,0.8236578392242228
EFCAB6,-0.7267566683558696
IL1RAPL1,3.271514727003058
SCAMP5,0.7960934474216126
PURG,-0.05903114755509241
CNGB1,-0.8848129728584788
ARVCF,0.09827138115984041
GUCA1B,-0.8483358574998775
CLXN,-0.6880087915296236
MGAT5B,-0.94851422770589
RETREG1,-0.3744630368439688
MYL10,-0.8114241629888587
PHF24,0.03879814032656985
NEURL1B,-0.7937989038677594
CIB2,-0.44901591302237387
CHP2,-0.7180240407671563
SUSD4,-0.27941560347503147
STUM,-0.03392254706819809
CELSR3,7.891973088825936
IQSEC3,2.1922594688633774
NGB,0.6745571344395989
PIP5K1B,-0.7077433293799613
RGS14,-0.7682882620833091
CALY,0.10727507206418761
PPFIA3,1.5520151764854826
NRCAM,2.2689657465749704
LRRN2,0.2570663281134088
ADGRL1,2.5720215726005726
PHYHIP,-0.2211684188968854
DSCAML1,3.083067641767818
ADRA1B,-1.0455226418089545
RGS11,-0.42674724438404726
NPY1R,0.40324308059653285
PHAF1,-0.7286444945354729
PCSK1N,2.64382267801905
CAPN11,-0.5529290864062989
CBLC,-0.801904649921095
KAZN,-0.19735244513341232
DUSP8,-0.5956807875725654
KRTAP19-7,-0.5168414354312185
HCN2,1.8536356427305172
RAP1GAP,-0.33712407717893667
PDZD7,-0.3051697313586689
KCNG2,0.18950272870656387
ITPKC,3.6795276287695184
CHGA,1.0788008041037591
PPFIA4,0.018667041678950055
NGF,-1.5249897915755934
NXPH3,-0.5256887316300253
RAB26,-0.6740307265186806
PLXNA4,4.482610123197488
OXT,-1.6321671768532928
FGF1,-1.5026060514007928
FXYD7,-0.13289443069929904
KCNN3,1.3623616278165145
LRRC3,-0.6661419570445969
MED18,-0.9073231448237312
GREB1,-0.8945324875555145
PRSS3,0.12864599422738598
WDR62,0.6853087244594811
TP73,-0.9664805542228253
AGAP3,0.9784835627428083
FCSK,-0.7847900462666226
MXI1,-0.6583660447265999
MLXIP,0.07014655915500922
MAGEA12,-0.8531479014447013
ADM,1.1592094103787771
FOXI2,-0.9229235736061502
FOXL2,0.6308201517089567
OTULIN,0.7425116893639153
LYPD4,-0.3847395885203742
FOXH1,-0.3312675505339398
FOXL1,-1.3525792810436021
SEMA4C,0.6571772356602827
FOXB1,0.2573554532367592
MYO19,-0.31405752622897876
E4F1,-0.3535500517191453
NOL3,-0.4737857469369575
IRF3,-0.12958550981291403
SEPTIN10,0.8165285750280933
SEPTIN6,2.1337163369267884
CRYBG3,0.527545252435485
RLF,-0.9620416252577113
HILPDA,-0.3849465217492722
ZBTB17,-0.0618434079493294
SEC22C,0.3926070439184013
SYCP2L,1.7474106317288596
MDH1B,1.8981417507648102
LRRC25,-0.5834782057243907
IFT56,-0.29302121499607625
ACOD1,-0.515976653273497
TPCN2,-0.954838628651806
C1orf162,-0.3781230692325102
SUCNR1,-1.1120705572020186
TMEM150B,0.11829285086904384
TAS2R50,-0.8915577760577394
RNASE2,-0.9220749387903113
CLEC12A,-0.6158964370464872
PLEKHO2,0.6819971284086759
MCEMP1,-0.5685173569424801
GPR84,-0.8740096129975671
SIGLEC9,-0.9158094997432921
APOBR,-0.8393444813771691
LILRA5,-0.7238031283652056
ADAM8,-0.42828913973865707
CYTH4,-0.6118658140578653
PPBP,-0.16187634736445042
P2RX1,-1.0281424870450415
DPEP2,-0.7786818259820946
DOK3,-0.9857384534047494
RNASE3,-0.8111657160252213
CLEC4E,-0.7845418866353432
FOLR3,-0.887353126771242
RASGRP2,-0.6911023365993042
TRPM2,-0.6211803277673713
FGD2,-0.5612080939362553
ARHGAP4,-0.8034189764101488
ZNF467,0.36598728629850963
NFE2,0.5432190591858015
APOBEC3A,-0.09221815958432063
NCOA2,-0.3961173503887753
TDG,-1.2801736497262068
NCOA6,-0.7019763291687744
KMT2A,0.06440205838689345
MYBL1,-0.32918226058628675
BAZ2A,-1.290896138072622
NSD1,0.5608382003920371
KMT2C,-0.1821337961959373
BRDT,-0.8026383072940749
ARID1B,-0.9128241150060603
GCM1,-0.9485538690258308
SRCAP,2.006188139052164
BRPF1,-0.7529794733421568
KAT6A,-0.22711688337718355
HOXB7,-0.8307518323839815
KAT6B,-0.9853025941279014
DOT1L,-0.8196132819270102
KAT8,1.6453982154764548
EHMT1,-0.1446191616688925
KLF13,3.011398080826464
ASH1L,-0.30321002131786756
KLF1,-0.7331106760050617
BAZ2B,-0.8651895041879124
CENPJ,-0.8256532349002038
CITED4,4.458863370482757
CITED1,-0.9113555881003204
NFYC,-0.29257462515643207
HOXB6,-1.1171657598906932
KDM2A,1.2913588371156648
GLI3,-1.23494389636037
CECR2,-0.6543628406864822
HDAC10,1.2302692489325828
TCF12,-0.9645864035520506
SETBP1,-0.52347471791479
KANSL1,0.14622191526219427
CARD11,-0.7648651319790514
NPAS2,-0.4670538357286843
BRWD3,-0.9300905445351452
PIAS3,1.758406570792245
MAML1,0.34739046665463147
TET1,-0.8836936412115879
POU2F3,-0.18323796127054495
BRD1,0.29359168721467704
DNMT3A,-0.37158883628291245
HIPK2,0.6147426402443976
CSMD3,3.127784160457388
CLOCK,-0.7180330252952705
PHOX2A,-0.9549535843883771
TCF20,1.1022934196185907
HOXB2,-0.8823283256511361
HES5,-0.9144381961132015
BMAL1,0.8635358719883763
PRRC2C,-0.5100552469500708
MED25,-1.0566426429066764
CDK8,-1.5023834908171916
GATA2,-1.6065913956674043
JMY,0.021022900894631026
MEF2D,-0.07218820536248494
MED28,-1.0799947097368667
MED29,-0.6675872506380908
MED30,-1.1764503912710973
MED8,-0.5755994360604729
MED9,-0.37474609733381525
MSGN1,-0.9109549710307417
MTF1,-0.3781866453292704
MYCL,-0.7873081380346189
MYCN,0.65114341796753
MED26,-0.6981895561317669
MAML3,-0.7182941274812922
MED10,-1.1700811830791722
MED13L,-1.3695239808945001
MED14,0.5446983117978724
MED19,-1.1355878546172935
MED20,-1.0297092834371382
MED22,1.0630314282645936
HDAC7,1.2577778393898862
DDIT3,-0.20330155431917624
EBF1,0.12578037987096774
EGR2,0.9705833880124553
EGR3,1.2681085179821678
GPS2,-0.6602219527876287
H3C15,1.4149183492740098
SIK1,-0.37704928461706516
RBPJL,-0.8516541932108941
SAP30,-0.34630914723999157
TFAP2C,-0.8508195884725794
TGS1,-0.24046072645016037
RARG,-1.0222548777604392
PAGR1,0.1348864367157861
PCGF2,-0.5714174812998943
NFIB,0.2847343408894058
NFIC,-0.21812835949302417
POU2F1,0.6608745530895302
PYGO1,-0.3894845752679241
PYGO2,-0.4962404324429442
PIAS4,0.08578608917635724
VDR,-0.894584158254616
WNT1,-0.8810061378963854
WNT3A,-0.873915985499833
CDK19,-1.0284811741113662
CDKN2B,-0.8426365155182466
ARNT2,0.594773934962976
SERTAD3,0.45331303257469896
SERTAD1,1.8043238300735445
HOXA9,-0.03977121382213628
HOXA10,0.13492219967218327
FBXL19,0.6435065911558744
TAF4,-1.6320960614184632
NR5A1,-1.291850701011383
RBL1,5.429161838501889
BRPF3,1.1702711182298604
PCGF3,-0.6920992113491292
EPC1,-0.09368906674842956
MIER1,-0.3406497798395305
JADE1,-0.6116962573400185
HELZ,-0.6756067596507013
MAFB,0.6092723518287335
PTOV1,0.8163726367022304
NPAT,-0.6590412348732885
HES6,-0.7175794789933002
HOXD4,-0.6111959019758458
EPC2,-1.0380984134705242
ING1,-0.04947399838475976
MAU2,-0.0058579200509050414
JADE3,0.06364628961650949
STAG1,-2.0230545829457784
PDS5B,0.2637356827880781
MARF1,-0.5428477270176125
KAT7,1.823151549248079
KLF8,1.224648229398196
CHD6,-1.1181939565153334
ETV6,-0.08787856145183524
RAD54L2,-0.2812784094284391
TACC2,-0.2638229286970558
POU1F1,-1.0603474785877767
SAP130,0.2918197946467257
HIPK1,-0.5659739705153926
EID3,-0.2869439364665937
PHF12,-0.780207642804796
HOXD10,-0.8545743524026926
PHIP,-1.315903096313996
MECOM,-0.08867836645499363
ZNF639,-0.5516017033209206
RSF1,-0.9234396704660729
PRLR,-1.213199170277951
SETX,-0.2634794716188285
SETD5,-0.8186353584013559
KMT2E,0.3536409457053064
CCNT1,-0.03607694396439669
ELL,-0.94647800304692
PCF11,-0.19854123535289464
EZH1,0.7352838485355288
ZNFX1,0.2615656328596003
ZC3H13,0.5593073179757824
SUDS3,0.3485994747935415
RERE,-0.7028833884129507
RFX1,0.2387252026445875
NSD3,1.9975737205815882
ATG2B,0.708035086233191
BICRAL,0.9450203770658702
SETD1B,0.682144788592163
POGZ,0.24806940048689105
ATG2A,-0.18366595906138417
PLAGL1,0.6358085601551908
MSL2,-0.9551415350255524
LDB1,-0.5064457197492856
ASXL2,-0.8446919312812562
XAF1,2.625980891413491
FRYL,2.1971281991688607
KDM4B,-0.007595227496186496
KDM5D,0.7437102226156737
RFX2,-0.6456431441577505
ING5,4.299790792347813
PHF8,0.7753278452917278
CBX7,-0.13246590511235218
AFF1,-0.6668408697125695
DVL3,0.7023929714604357
TNRC18,-0.3997306962747258
CCNK,0.734469264520971
PPP4R3C,-0.24570489213624547
HOXD13,-1.2303667127913287
CTDSPL2,-0.2908119334449827
HOXD12,-0.7648068242740813
CWC25,0.7871893412546664
UBN1,-0.76902348915076
R3HDM1,0.9944428291973829
USF2,-0.5935157431943698
MTF2,0.13184385034826573
PHF10,-0.9999640438058888
JMJD1C,-0.5717883591705057
RFPL3,3.379084040539225
PHF1,0.3847060765189444
MNT,-0.6989195243783746
UPF3A,-1.449341281781681
CAMTA1,-0.20423888961740802
NR2C1,-0.8411683494040527
ZNF692,1.684171204570761
SETDB2,1.0199363760616136
MGA,-0.5828714925654905
USP34,-0.5004118942278291
PAN3,0.10890000229047667
BCL9L,-0.6532014504605734
ICE1,0.10300901993999081
RSBN1,-1.1833668876880972
TLE2,-0.7118510777569691
USP3,0.28700786477321955
PRDM10,0.8183229154077454
SIAH2,-0.6200192527704651
GIGYF1,-0.38784882984881786
CBX8,-0.28220343276644194
ARID4B,-0.895434960455695
REV3L,-1.2048846162232818
EMSY,-0.7470764123313323
TAOK3,0.25306983859085885
MXD1,-0.6588479135852429
FBRS,-0.25623565407205845
HIVEP1,0.39702228124975886
MED12L,-0.6051219721240781
ZNF609,-0.5327515239303857
PI4KB,0.5032459355217472
SMG6,0.9965052228603052
FGF2,-1.3593519736651278
ZNF217,-1.288861661083699
C3orf62,8.856726256065931
DYRK1B,1.475613534322599
KLF2,1.1227545239852377
ARID4A,-1.2960220350193483
GMEB2,-0.12318956745378233
GSE1,0.15833916321728167
RREB1,-0.6457332271394081
BHLHE40,0.8007217275201364
SATB1,0.3387999649929599
SP100,1.4347119783925444
FUT7,-0.8788234640932985
GPATCH8,0.8160824569388411
BRCA2,-0.7428736645608953
NRIP1,0.5119682533591903
MLLT3,-0.20881571462739407
CBX4,0.01760411521609471
USF1,0.4351811393566343
HBP1,-0.13932623369062258
BRIP1,-0.5823456207059775
AKIRIN2,-0.3932499021954805
FOXJ2,1.0555086455668516
PHF2,-0.6479876616996566
ZNF451,-0.8496187876814765
SMG7,0.4182228141199168
CRTC3,0.8569389286476228
SYNRG,-0.9998631654346045
HOXB9,-1.1704291768508646
CASP8AP2,-1.3764447881143056
ZCCHC12,-0.3376799644613131
PPP1R13L,-0.1371440679243549
GMEB1,2.5279687082107225
TOPORS,-0.7869706143018237
CEP350,-1.374176718887652
ARID5B,-0.5478061123392856
TSPYL2,-0.6459333449590361
ZNF143,-0.7238149856783858
FOXJ3,0.28036385408241543
FOXN3,0.9570753052569886
ZCCHC7,1.0857589981164455
BMAL2,-0.2864561559061638
KISS1,0.41831462473484377
HMGXB4,0.850736409272969
PATZ1,-0.5227829218988687
TRMT1L,0.2904370670742884
TLX1,0.10524831938909313
NELFA,-0.10340975303615872
MLLT6,-0.3734485562575119
NSMCE3,1.2839085395738734
PTPN2,-0.1898625290532884
TLK1,-0.5467352672443991
KLF10,0.9015737528881737
TRAF5,0.03734310167591627
YTHDC1,0.015166513651245639
ZNRF3,-0.7151756435182378
ZNF608,-0.5527773827622479
ZBTB20,0.12291047110369677
SAP30BP,-1.310258530633743
KLF12,0.8929560602147161
EZHIP,-0.18340820811740113
MTMR3,-0.4996897515921646
SPC24,-0.5998109834543872
ZNF521,0.16251799270340153
MKNK1,-0.749878029799431
ZNF274,3.571379488500642
ZNF292,-0.7992403388236677
SREK1,-2.006233069882516
RING1,1.069772565340366
FAM193A,-0.5935740129833906
ZHX2,-0.6611787608665431
PHF3,-1.465841134228231
KDM7A,-0.3516025826938076
PITX2,-0.42985427110237695
SOWAHA,-0.66877175724101
LEFTY2,-0.9110067144183336
JDP2,-0.3371367930808269
CDK11B,-0.6464526192763961
RSRC2,-0.30112545093548404
PTGER4,-0.3876618863524187
SLX4,-1.3302444426075672
ZFX,-0.8404991206465535
ANKRD12,-0.6918226169484207
PERP,-0.661143348783985
TFF1,-1.3492798277810372
HOXA11,-1.1204361850769384
DACH1,1.526170112604196
ALX1,-1.0333280056404373
HOXB1,-1.3291799996058693
VCPIP1,-0.44371711167046635
KIAA0232,-0.5881232758076319
TAL1,-0.23747288050232002
ETV1,-0.42230496428982
BDP1,-0.4268240711952038
HDAC11,1.2842680813557832
ZNF384,1.7484234443232423
FAT4,0.34257489664730906
NABP2,-0.38259101598926365
TADA2B,-1.2114564543436244
NUTM1,1.1888982719359722
PHF23,1.7988038176573498
ASCL2,-1.0093822420639582
MUC1,-0.13042263771940235
PCGF5,-0.7952488732608346
CHFR,1.0593093802722513
CBFA2T2,-0.12933921782371732
BCL6B,-0.1294143239837971
BCAS3,-0.33925642305432324
KLF7,-0.20812366187721434
GRHL2,-1.0527017866001604
FZD2,1.8566572370021066
HEYL,-0.7523183039979211
HOXA1,-1.0757645685927262
HDAC9,1.764274133042167
TTC28,0.9973976575314771
UVSSA,-0.5748458587117999
TP53AIP1,-0.5099801909700542
ZNF175,0.950665265094905
ZBTB4,-0.37777615396994246
ZFPM1,-0.5788448377628732
ZNF750,-0.8187405810418141
SUPT7L,-0.5807716469312919
TAF1A,-0.9462205845837153
TAF1B,-0.8158275097852767
TAF1D,-0.86172463050477
NR2F1,-0.241824996068366
NR6A1,-0.8158509765802716
PADI2,-0.6308159196235272
MDM4,3.2320074118742026
MYSM1,0.46710730308573467
MBTD1,0.4199362685797472
LYL1,0.38097367963872747
MYF5,-0.15917804000086816
SALL4,-0.633225470615722
SDE2,-1.058102872931715
REST,-0.5847902759786857
RNF8,-0.35868469303751926
SMARCAL1,-1.151704316071425
SIX1,-0.24072933618419762
POU2F2,-0.35423764815421593
PKNOX1,0.1443929172673607
PMAIP1,1.2011687663848463
POLD4,-0.7581086823392792
POLK,-0.8790994215865781
PRMT6,-0.6739232075844621
EBF3,-0.7322739622865823
DBP,0.2399871116402198
DRAM2,-0.9999240400710478
AICDA,-0.5990745273060252
DLL4,-1.1638288953310292
AMH,-1.284745703169013
ATXN7,0.41155917329155134
ZFPM2,0.5197820560193567
MCM3AP,0.6996409380124318
HPS6,-0.09841437046788745
SHPRH,-0.40948954825137485
ZBTB49,3.1735067605682348
COMMD3-BMI1,0.6502471182067985
CCNL1,-0.3733110638855524
CNOT4,-0.3865984963048126
FBXL5,-0.4394297309578023
ALKBH4,0.19032717654800815
FBXW2,-0.3529280993498748
EID2,-0.4015483742306496
DTX1,-0.5817618003453852
H2AC8,1.1613704072067408
ZNF350,1.9396201362029293
MBIP,-0.681595366708195
USP47,0.46775386089392046
ZBTB8A,-0.28294009306482004
CDC14A,0.45189579542346975
FBXW8,0.26933314822881776
SPATA1,0.0916522773630273
PLSCR2,-1.014232962756068
ANKHD1,1.6213138945107912
ZNF12,-0.0666841848714091
NCOA5,0.2000431022956812
PHC1,-0.29584495261724636
TAF3,1.1457524603630398
TBL1Y,-0.20284572230428594
HAND2,-0.044220644441272196
REV1,-0.23697855438035523
NEIL2,0.20237630113814656
ZNF76,-0.39626385297561656
HEMGN,-0.5839299796135756
ZNF398,2.1464098917827528
KDM2B,-0.49285329488130025
SPOP,-0.2957559712451005
PHF20,-0.943872344315924
EDEM1,-0.11730852847893773
USP24,0.6699779420378922
PELI1,-0.8273729818247508
RPRD2,-0.834624411418614
IKZF5,0.2398649669931369
ELF1,1.4741973981946552
KAT14,0.2520732304580619
ZBTB40,1.2109731670346169
BRMS1L,-0.6224983398238845
MBD4,-1.039497065793109
H1-6,0.9061742387939886
PHF19,1.0071496129333677
ZNF148,0.2380068456963464
MAGEA11,0.6468864786426581
PRDM6,-0.6849571437204396
TRIM68,1.6703027309364271
HIC1,0.4740725797917939
FYCO1,2.098823652250469
POLI,-1.1170357157015036
GPBP1,-0.7442775827158862
NCOA7,2.9152468544472425
ZBTB1,-0.6924729922788115
ESCO2,-0.857841416870231
MN1,-0.5128266752505192
BMF,0.18553278049508412
MLLT10,-0.8047897541697295
GCKR,-0.8918836501559679
GATA5,0.6552081364810767
ELSPBP1,0.35004714510135754
MAP9,0.25950127800894646
KMT5B,-0.26404953476718396
PLAG1,-0.6773494605330961
SENP6,-0.059404271873540054
ZC3H12A,1.0676759600106305
LEFTY1,0.28012523984751186
ZNF24,3.6312664762350986
SUSD6,2.165412182177174
COBL,0.9238376186368157
ZBTB10,-0.21510937388969034
BACH1,0.3443518805856719
ZNF638,6.099446832537434
HIVEP2,0.5733960185480513
ZNF687,-0.39733723153639783
ZCCHC14,2.18216048368709
PLAGL2,-0.2763809096428551
GLCCI1,0.6558822259437858
ILRUN,0.6934774177974209
RNF169,-0.8892322026061784
FAM117A,1.3180846601568097
HYCC2,1.74549165764186
NOXA1,-0.3458716813135441
TINAGL1,1.3561817277361132
HSP90AA2P,-0.023751506276042514
SAGE1,-0.8611588724635675
CFAP46,0.00585277362452577
MFSD4B,-0.65071979919434
SOX13,-0.6673663052416297
WDR45,-0.21409135616038044
KCNN4,-0.12865582420769603
AP1S3,0.5892906444254354
KRTAP9-8,-0.18286338631421567
AMOTL1,-0.33926476399310823
CCDC85C,-0.7248661924787885
TEAD2,-1.123212096996511
PLEKHA7,-0.29634788174829896
SMUG1,-0.8208563037952901
MSRB3,-0.35034174507062543
PLCXD2,-0.8662695321838223
NLRP9,-0.5198930348521045
FKTN,-0.9792867616120265
TBX20,0.4221481607489551
KCNE1,-0.44423352200506727
ZNF559,0.09880827330323957
KCNT2,0.09223347031881508
NTF3,-1.4329647213909908
SCNN1D,-0.6548733664195112
PRSS16,4.504277422546479
WDR72,-0.6723362455180263
UMOD,-1.2237379486071978
PDILT,1.4315412250925366
FKRP,-0.8527271666761934
TRAF7,0.8140696731736831
DOLK,-0.08510578828339518
MFHAS1,-0.0012225730132406165
LRRC66,-0.5774903063077979
AFG2B,-0.04150416372364026
KIAA1671,-0.5424388954529894
PLA2G4E,-0.9028385533260445
PLA2G4F,-0.700899096490767
PLA2G4C,-0.6694698877343679
PLA2G4B,-0.8258012745800792
PLA2G3,-0.8376738181341625
PLA2G5,-0.8563019484533313
PLA2G12A,0.8292191688642329
PLA2G10,0.08215536982470129
LPCAT2,-0.6093276960945636
PLB1,-0.4602365853254768
PLA2G12B,-0.8523904329332357
PLAAT2,-0.3370900890142753
PNPLA8,-0.6967345035998725
PLA1A,-0.060980738012447654
TMEM86B,3.0520262498950874
PLAAT5,-0.7476811836370799
ALOX12,-0.9711104391185629
PLA2R1,-0.5558196563237519
WFDC12,-1.037417680406507
GPCPD1,-0.8010761832627352
SFR1,0.005009952245296308
NAAA,0.26788846761883467
PLD5,0.8932605788419355
NIPAL4,-0.8139581603272952
CDK15,0.03791050321956986
NAPEPLD,-0.8292088187088947
DAGLB,0.5422619195643028
PTGES,1.2916651403733357
PLCH2,-0.5000866627797358
LCMT2,-0.5172850473107521
WFDC5,-0.5143630969740649
PNPLA1,-0.7747719968416273
GDPD3,-0.42402997379598373
SERPINB7,0.3589077967136684
CFAP97,-0.5785944334658227
SCMH1,-0.6048280601817476
ZFP14,-0.2865648141868786
DNAH6,-0.677363229661008
UCN3,-0.8230272603949225
IFT27,1.7507278736670877
ASPSCR1,-0.7550205470071294
PARP6,2.482494450300878
ASPDH,0.43118170394156974
RUSC1,1.589329361793863
SYNJ2BP,0.43654249521952554
FBF1,0.348258748910948
TRIM69,0.5030974871176987
LCAT,-0.7715041701371924
SULT1A1,-0.9630488584062629
SLC35D1,0.34624285946303623
TIPARP,1.2239513021885493
TSHB,-1.5254299587391886
NPC1L1,-0.9154322846638733
SLC5A5,-0.13128147894443973
MORN1,-0.4997539550821566
SCAI,0.40869761405182453
MOCS1,1.4610784336831137
DBF4,-0.9832876006059256
GAL,-1.2410187808512816
KCTD14,-0.06767078926650798
SHLD1,0.23207149911954755
ORC6,-1.1305986581335978
HPS3,-0.6597717927311496
RGL3,-0.4370032720483454
SBF2,-0.9670505956915707
TRIM65,1.626405516384007
INTS15,-0.15805000250180223
PSG11,1.8909628224693198
RGPD5,-0.6631774721948643
DNAI2,-0.37487499566400917
MCM8,-0.9409626627582232
MTBP,-0.22943664356158178
SMN1,-1.2546189292274161
LRR1,-0.8874867537594068
LPCAT3,0.131147043541112
TUBGCP4,-0.1110955205924853
METTL6,0.3770761078843431
RMI1,-1.5715182114798745
PIF1,-0.9527257448146347
MASTL,-0.9503176982451041
MACROD2,0.18547115216936796
PGPEP1,1.7659444138686544
POC1A,-0.7765575439217279
SKA1,0.7968362345148573
MNS1,-0.49289834939887844
CENPK,-0.8223469989765272
IQGAP3,1.4109783081260971
RAD54B,-0.9309167348946759
ALKBH1,0.7892817315830291
KIAA1143,-0.6018265307716042
MINDY3,-0.8277845153675394
PABIR2,0.008879457449915132
CHAC2,-0.8459839013383554
RFWD3,-1.1734366077950211
CENPM,0.3013714953001718
CLSPN,-0.5151024107495392
SASS6,-0.9497123239467086
CCDC34,-0.8131433264995475
CDIN1,-0.36832190374304913
TSTD1,-0.4010772853635763
POLH,-0.8885650371428032
SPIDR,-0.7858266374693462
E2F8,-0.9019796089488891
ZWILCH,-0.8696498011329865
FANCA,-1.0140875360997723
MND1,-0.9615162451444037
CDCA7L,-0.5786817655729427
DNMT3B,-1.087177528792724
CENPA,-0.15072261322833835
E2F7,-0.7069361913526632
SKA3,-0.6640252835867426
DEPDC1B,-0.9207848125196147
ENOSF1,-0.5865458268162788
RAD51D,-0.3279442212351582
CENPN,-0.931459473067818
RAD51AP1,-0.9637204287269194
CDCA5,-0.8400068113642698
DEPDC1,-0.7648466455536864
CDCA2,-0.722662879627286
SLF1,1.35029811890935
KIF20B,-1.1444518326957105
CENPQ,-0.8266806801433421
SGO2,-1.1523085735339527
CDCA4,-0.2641260151923648
COIL,-1.3832776840456378
HAUS5,0.7417071151572656
CKAP2,-0.8555348420027227
CEP70,0.4858953430905857
ESPL1,-1.0039015880711817
CDCA7,-0.9562239048343215
DCLRE1B,-1.0480462674517583
ZNF367,-0.9393960920498866
TROAP,0.8576410585634521
RMI2,-0.6139019995449293
HMGN5,-0.4655582866556822
TELO2,-0.4365677861192616
OGFOD3,-0.14664297524742534
HAUS6,0.4169507519945498
BRINP3,-0.15032781521267408
ERFE,-0.49539400386929827
IGSF3,0.7916913772249737
PCDHA12,0.7662845323160683
MR1,2.762612685867902
PCDH20,1.3186771591631898
POGLUT1,0.22604367873612735
TMPRSS11B,0.32904613901239943
ST3GAL4,-0.8335873038560749
CERCAM,-0.6242674140776762
CBLN4,0.7535266050075324
NKAPL,3.8457276704690924
MAP1S,-0.33027548091696657
SLC39A3,0.5277478641816219
NPHS1,1.1166087489215568
CRB2,-0.7234326413921442
PTPRO,0.3641974922782765
CUBN,-0.990986439949742
KANK4,-0.47786246073453403
APOL1,2.261611914958887
CERT1,-0.6708146425291476
TECTA,-0.45052325699142903
CTRB1,-1.1037802825142398
THSD7A,-0.3482766227497813
GJB2,0.13710773741329582
LOXHD1,-0.6727435582130062
HYDIN,-0.651223553059444
FGF23,-1.779223490885023
USH2A,-0.7275938883505462
MMP24,-0.4936348131056962
HOXD3,-0.9110832916513645
ENTREP1,1.5664014686466878
PHEX,-1.152449722624546
ADAMTS6,-0.4829698558346032
FGF6,-1.125710886968524
FGF3,-2.021736764082781
UPK1B,-0.6616266664285971
ADGRV1,1.4185803526335217
OSBPL7,-0.7170418336089699
KIF17,-0.30508034238773385
FCRL2,-0.42728022533731513
ZNF492,0.029299762513384286
CRYBB1,-0.38714730487527166
SCTR,-1.100957154066208
CDH17,1.3497046028569193
MMP23B,-0.5352830646215033
ANKH,-0.7567227789698895
SLC26A4,-1.170115587957517
OTOG,-0.6589814180901609
USH1C,-0.7019139599150043
BTNL2,1.9679894198871426
ICOSLG,-0.7423496411151937
RFX5,2.5303521067837154
PSORS1C1,2.4531971300029993
IGLL5,0.305722561580976
MICB,2.606078827161365
RFXAP,0.18313146905714478
KLK4,-0.8130085055083509
IFI44,1.7874043327811198
SERAC1,-0.519297151503953
SEMA6B,1.9053563514373864
PRUNE2,0.3066079872397307
CD276,-0.7323860337605983
VMO1,-0.7174671295854131
TRIM39,1.4285778053083178
NLRC5,1.5463516537367352
CHST9,-0.8380205014315641
BTN3A2,9.533907646925458
GSDMB,0.5627785255866551
GBP4,2.3404029735642893
KIR3DL1,0.3311151975369574
ST3GAL6,-1.0512881436056285
POMT2,-0.7596983125733816
KIF26A,-0.6731114788194686
LRFN3,2.726515652949942
MARCHF1,-0.49489576853168843
STING1,-0.21281313236893837
HVCN1,1.94124153407289
DRAM1,0.9596717536469089
LITAF,1.2999236347475345
ARHGAP45,-0.20723996733301026
TAPBPL,3.1166576764563905
CD55,0.14802722643326346
VAMP5,1.0654214474997195
WDFY4,0.9316974269521807
CELSR1,1.4114299042636806
RASAL3,-0.16779949668519573
FMNL1,-0.7847412890120553
LAMP3,-0.0738818843009473
CNTNAP3,3.2662955128507267
MLANA,-1.027307018273025
TPBG,0.04684870618018094
MARCHF8,-0.2917642721716287
ISG20,1.3101859471330548
SHFL,1.811007446095884
PLEKHA2,1.629580755043396
OLR1,-0.7231440794261388
LRIG1,1.3075832417262618
BANK1,0.7770754041322672
LY75,0.05559038732867733
BTN3A3,9.29900455977497
FCGBP,-0.5728160964047757
UBE2L6,3.296828827498674
IFI35,2.412671141900991
BTN2A2,3.4833779817249733
MAN2A2,-1.042373217850445
ADAM28,-0.5902422746163369
ITM2A,1.084135898822414
RIGI,1.9318195948423893
IFIT5,2.0520565698234483
TMEM131L,-0.11156337979506009
LGALS2,0.41313800275851426
BTN2A1,3.933416859009942
CHI3L2,-0.7187947058705234
PACC1,-0.8332625835625426
PMEL,-1.2960260683041525
PLXNA1,0.11868993969478261
MICA,2.3870652833142385
TRIM26,0.2718814420196142
CCDC122,-0.24143179974672738
AFF3,0.6161523116120331
FUT2,-0.2394253137671254
ZCWPW1,1.25003125427829
VWA7,1.0507096691805091
MMEL1,-0.27484994232682675
TPO,-1.23142351355968
LY6G5C,0.8306059295240431
IGLON5,3.8010937819032433
GFRA3,-0.9950401080777803
ZNF311,3.3913175382324576
SLC24A4,0.9593621013201503
CCHCR1,9.428765448474012
TSBP1,0.4463838576496367
MPZL2,-0.8142322977645
LY6G5B,0.3409683316919148
FNDC4,-0.6926644195143514
DEXI,-0.2570664194116987
NFKBIL1,1.6359074069546755
TMEM106B,-0.654714868811272
RIN3,-0.07608729134883038
DSG3,-1.1575413914134467
SEMA4F,0.24980207051785733
CLEC4C,-0.5154593096908215
CADM4,0.8734759630231635
GALNT5,-0.5830886645950579
ZFP57,0.2368714381852697
KIF4B,-0.7544807293556457
RILP,0.29671738007950477
TMC6,0.03394091631846547
MFNG,-0.7319135498572559
TSPAN14,-0.18606160631206003
BTNL8,0.14784091393010085
HHEX,-0.17656120090624855
SIRPB1,0.6625674938137408
BTNL9,2.723951993031371
EPSTI1,2.1451908633180437
GIMAP7,0.519046713245101
SP140,1.6863930479683842
CTAG1B,-0.7234475580872273
TMEM39A,0.7048914024830932
RNF149,-0.07644327128748421
RNF213,1.072605684972411
IGFLR1,0.031455772043488976
PNPLA5,0.9659092717726067
OC90,-0.33281803664009063
PAPPA2,-0.7439628138072606
BORCS8-MEF2B,2.7619618299059887
CDON,0.5968776464185536
BOC,0.6045619217050202
CDH4,1.3528213185565119
HAND1,0.23316392860876303
CCDC15,-0.6922279566928979
SMYD1,0.5670337458308642
TTLL7,0.26961213779824755
SIX5,0.6061388200663245
VGLL4,1.4954951318950382
RTL1,-0.3397423966003075
MZF1,2.68778620439006
FOXI1,-1.223725466073722
ZNF263,3.0314281732493673
TAF8,-0.7999252075592312
DNMT3L,-0.9734118833025202
MEOX1,0.8061317545904878
SOST,0.05953430536305937
ZFP36L1,2.4283589659320772
SOX6,0.420425891493531
CLK1,0.16379021131359084
WASHC4,-1.2005089907655013
RRN3,-0.47662300937862206
ZFR,-0.7376764071403528
MAP2K5,0.8331905085588985
ATF7-NPFF,4.048277748643994
ZNF436,0.7745574962352209
LRRK1,0.10792477855329793
LPIN2,-0.5365477632026054
MINDY2,0.2918159613417869
RFX3,0.020825404671323454
PRDM5,-1.0211796816026333
HNF4G,0.47651501295488313
DENND4A,-0.5571578743963587
TBX3,1.5807324907275306
RBM6,0.07550962360897624
DMTF1,-0.9901130438363694
HOXC4,-1.0660043733621605
FAM13B,-0.6506060955644062
FCHSD2,0.47340434318667707
SIX4,-0.9121207753650598
OR4F15,-0.9607629590493559
CREBRF,-0.1411527323607758
PHF20L1,-0.9780237978916061
CSGALNACT2,-1.1857620640042066
ZNF654,-0.9440661866939233
IFRD1,1.4476688298360159
SYNM,0.863185612153065
USP25,-0.1621924147307619
ZBTB11,-1.4163282548318266
MTERF1,-0.6139481672210287
RBM24,-0.4272124514682996
ETV3,-0.6548233663038572
SP7,0.11201239182546908
ZMIZ2,-0.46006241384390967
SP4,-0.3668104690459508
TGIF1,1.0568091008802796
POU6F1,1.7675304289638507
NR4A3,0.43567515223605724
LIMD2,-0.5425408659293296
SZRD1,-0.49991539695055565
CASZ1,-0.7188824388013879
ZFP36,0.8853138932063741
FOXC2,-0.6522913400037905
BCL2L11,-0.22453718663954908
EVX1,-1.0845375241360906
ZBTB43,-0.49399464383221675
ARID5A,-0.8226381617400037
RBM38,-0.6105352129477383
ZNF335,-0.2469793504779664
HIC2,-0.35632187393233
ARID3B,-0.9812518735844232
NOVA2,0.511663052047528
ELOVL2,0.17737463199523223
ELOVL7,-0.6749232827981653
HACD4,-0.4506201760086163
C15orf40,0.34192550815144596
ASCL3,-0.6570612849530164
TIGD6,1.0583815683004993
TTBK1,0.06962268894246196
DOCK11,-0.21292598331314624
ARMC5,-0.440581913072602
CDYL2,0.8939759621954041
PNPLA3,-0.7028973202089233
TMEM51,2.350358148467542
PAEP,-0.04913660886585324
EVC2,-0.17486150066720127
SLC44A1,-0.19710602157923138
TJAP1,0.4437092356622689
TEX2,-0.19520482446521525
ANKRD28,-0.8450948379356554
TMEM216,2.185392341407608
FLVCR1,-0.9654216408543986
ANKRD44,1.6582417471419222
PCYOX1,0.24944499927443659
RHBDD1,-0.7557825742267802
CERS6,-1.1773957317941957
TMEM135,1.4017397457021383
SCYL1,0.29447544597218694
SLC27A3,-0.40977457642191445
CDS1,-1.0332297738630067
PEX11A,0.9280457920417122
HDGFL2,0.6940188445551251
VRK2,-0.4633708437975886
BSCL2,-0.16023959820899297
FITM2,-1.0263908493032694
RAB3GAP2,-1.1662045674305022
PANK3,2.407289567567627
ELOVL4,-0.9451560841020209
BICD2,-1.300616349828091
GGA1,1.6378850103526612
LDAH,-0.681670466023369
ALG9,0.729219100201698
ZDHHC6,0.32330980144245824
TMEM87A,-1.34676801319071
BET1L,0.4205515658322807
ELMOD2,-0.52270886191178
GALNT2,-0.7233637255190818
CD164,-1.2006678838595544
INSIG2,-0.9251354051213023
CHMP7,-1.1447682097603855
SLC19A2,-0.00200761651663278
RAB32,0.20768836047683645
JKAMP,-0.6564701766617616
SLC6A6,-1.0137609935852796
SEMA6A,0.07785565492154733
CLDN12,-0.3784123804443812
MDM1,2.739175390021685
VPS13B,0.6048162194774606
STON2,0.32139093123464685
FGF11,-1.3169177958968876
VPS13D,-0.08517457540670373
SNX19,0.610241680516648
STEAP1,-0.7001208951516733
UBXN8,-0.6610394787130999
ST7,-0.43670391968566297
FA2H,0.00970569440141232
ZGRF1,-0.4433640155365687
CLDN1,-0.9555762762900774
C18orf32,-0.31241804440721993
HPDL,-0.46703237466388087
HERPUD1,1.1149288677588012
CXADR,-0.28537566142863285
RAB31,-0.7381039728390509
PRR3,0.738250859333675
C5orf22,0.10737482470514491
PAQR3,-0.7017889488904347
SGMS1,-0.923569927832233
H2AB1,1.574624922713994
H2AB3,1.895722387625036
FBXO28,-0.04203950617720302
TMEM17,0.4823994496756116
LYSMD3,-0.8931925959438748
EHBP1,-0.7652132341842439
TVP23B,-0.7898342649939577
THAP1,-0.29291748140973406
TCAF1,-0.38644098249715075
ACAP2,-1.6511311722007342
TMEM184C,1.6022368014195618
SCML1,-0.3818227753987159
MIA3,0.013226646284106464
GSDME,0.13176453348065417
ACTRT2,0.9184462125159857
TMEM164,-0.9606146782751936
FOXJ1,-1.0805228291932798
SLC6A15,-0.8729722943330278
RSPH14,-0.47727346873692417
SPATA20,4.015322847350311
SLC39A12,0.43642861138882527
KLHL18,2.2697175909821805
FOXQ1,-0.9469793443031957
TOR1AIP2,-0.8053464366540706
PEX13,2.7009328497163745
MOSPD1,-0.9373786175345576
EPHX4,-0.060383295593968656
SLC25A21,1.6313013910557437
GLCE,-1.1970420331858747
DOP1B,-0.5667081907680999
ALG12,-0.1102783074555074
USP33,0.33910470193053893
ZDHHC9,0.07995634336363425
PEDS1,-0.025699772809900722
DIAPH2,1.334277136339064
CCDC115,-0.4273277783797752
ZFAND6,-0.7736294061523281
GCC2,0.18394908678642413
DENND5A,-0.3859928524407748
RNF145,-0.16234715186039195
SLC25A30,0.6761043676856244
RGPD4,-0.7754246400387824
MEX3C,-0.05643323408172795
BNIP2,-0.9021047152377653
TMEM184B,0.7315225826991749
LPIN3,-0.6470833529866821
OTUD4,-0.2574648026746513
MMD,0.012639661053312639
ABHD14A,2.9681252020663496
SLC38A6,-0.7898774464158944
MAPK1IP1L,1.4390306648762488
SLC4A1,-0.4689300707151033
RAB22A,-0.8676769706199792
SVIP,-0.624334011236169
SLC12A1,-0.8856230883769479
TM9SF1,-0.5423440583897469
MITD1,-0.3817173093476594
CHMP1B,3.515542529083725
CHMP3,-0.24482145591641033
SLC9A3R1-AS1,-0.8277689028218195
RHCG,-1.2604125391057257
SLC4A8,0.23128493764336935
SLC13A2,-0.0563384835958399
ZNG1E,0.5657777733405492
DNAJB13,-0.7357400179854763
CDK3,-0.6626675738473286
SLC35F5,0.14445104949863116
HSD11B2,-0.8217893815311555
AVPR2,-1.6625228442042128
GJB3,-0.991933583683746
ZBED1,0.3375806930261237
ELF5,-0.9999057946788323
EPDR1,-0.10584198061556037
TLDC2,0.6284090580019134
LRRC57,-0.6092686302558192
CSAG1,-0.6475813661940498
COPZ2,0.0869972524221534
MAGEA6,-0.5143512711754774
STK11IP,0.301832923882123
PLEKHB2,-0.15134385652746354
PIP4P2,-0.6904513797405879
SNX30,-0.6315960886733283
COG5,-1.289758409119491
ZNG1C,1.2041920225188838
PIP4K2C,0.3142182373899598
GPR137B,-0.6845939169848778
SERPINB6,0.9278625603056445
ZFAND5,-0.6396924641680725
SLC26A6,-0.12764577264755805
AVL9,0.26134263230859406
SPRY4,-0.695497390956771
TMEM167A,-0.5587119061648657
SMAP2,-0.07866053931161134
ADCK2,-0.23677315001936836
NIBAN1,-0.017796367700521853
ANKRD27,-0.7889409668863109
SRD5A3,-0.6656185967135453
OSBPL3,0.09598542500441311
GRIPAP1,0.853388730117242
TMUB1,0.21826064121396505
PCYT1B,-0.57236319030546
USP32,1.2999278838383428
BORCS8,-0.484750016975754
RNF44,-0.5537201676339183
MEAK7,-0.44854064131654087
AFTPH,-0.565158912135664
STAMBPL1,0.2061325743486202
MFSD5,-0.8649966696893858
JOSD1,1.1609447923010747
RPS6KC1,-0.4365289949056565
OSBPL6,-0.11870271351620766
PIP4K2B,-0.5514853632003811
SLC26A3,-1.0599361178525526
RUFY3,-0.7727251991216019
BORCS5,-0.539104120804582
C9orf72,-0.39660843237883614
RUFY1,-0.8538467897298352
LUZP1,1.1608519184700792
EEIG2,-0.6162554556194696
ADPRS,2.5149432242691203
RNF170,-0.8804980128364197
CPNE8,-0.3277787982079469
ARRDC3,-0.423474380200404
IAH1,-0.28928092667487404
RNF19B,1.6664975401044715
SLC26A9,-0.7280314143056513
VPS26C,-0.7414509944669228
TBCC,-0.0032215646137017944
BSDC1,1.0448240575274546
POMGNT1,-0.46295417593791627
TOP3B,-0.08076769773467657
SLC4A11,-0.534406628041088
RAB43,-0.7470900684754809
INTS4,0.40281726982437044
RNASEK,2.175755190254622
GCC1,-0.8183191145151474
LYSET,-0.8865929554075105
ZFYVE19,2.121777009019082
POTEE,-1.078568054708076
SLC31A2,0.28004218310932716
ABR,0.6023609370169941
TBC1D30,-0.32598221964899177
TTC7A,-0.48149818914550696
VPS9D1,1.519556710881314
GTF2H2C_2,-0.45787222470749905
SFSWAP,-0.8792160679366603
CROCC,1.0309746270723066
NOL9,0.901828143936038
WASHC2A,-1.0239456431735843
INPP1,-0.5509114948000505
SRD5A1,-0.7408292626719284
NKX3-1,0.8023675575424142
LCE2D,-0.6558521577904153
OR4C11,-1.1423666371260028
TTC39A,-0.7041367403538615
GPRIN2,-0.3349726611540275
OR11A1,-1.0214487079488606
NOL4L,-0.12441891443228127
LCOR,-0.7870312527017487
DMRTB1,1.8960472926738179
PRDM16,-0.9892234910825326
IKZF4,-0.3816259720499144
TLE6,-0.5766356939804662
BCORL1,0.013853206266117628
CTNNBIP1,0.7365103544486713
LMO4,0.30896628574713925
HOXB5,-1.2486200507784195
SOBP,-0.43654924208685947
EBF2,-0.964071281775139
GK5,-0.5824877534565076
MARCHF10,0.5837544287894314
TOR2A,-0.6889029696732168
ZNF516,-0.2974428555771331
IKZF2,-0.809564800878956
RCOR2,0.04197695349009348
C15orf39,-0.478026208219539
PHC3,-0.7932149366841398
CBX2,-0.11978648392833943
ATXN1L,-0.5480935171959644
ZNF219,1.1060370393383974
TRPS1,0.6976034704046119
PLXDC2,-0.6829779315099267
CDKN2D,-0.08829021355127567
FANCF,-0.8666402815568416
DGCR6,4.552161855019056
TSHZ3,2.0661364474417088
MTMR7,0.3446692578395211
GFI1B,0.5159772732086197
USP46,1.0013951768879952
AKIRIN1,1.0856088116749554
TMEM222,0.0884897616124854
POU5F1B,-0.8508577937125965
SAP30L,-0.4374777555468062
PPFIBP1,0.06942665772243019
PHF21B,-0.5691684007842248
SKOR1,0.17000676329098277
SNAI3,-0.3902208928826758
SLC2A4RG,0.7546427049681421
TFAP4,-1.0342876459658132
NUMBL,-0.1123299669867497
ZBP1,0.21195728750984968
SENP1,0.34297709521250347
R3HDM2,-0.23491813806719075
FBXL14,-0.2020110764207885
MBLAC2,-0.5017976508673136
MRFAP1L1,4.5580684873322275
NR2E1,-1.0124765225078467
PRR12,-0.26120572878118964
NCKAP5L,2.0554077707372724
SCAF1,-0.5811713328992607
SCML2,-0.8599490135121962
SNURF,0.024130537320045553
REPIN1,0.40705688943386287
GPBP1L1,-0.4410392339780361
RBM15B,1.1669938721649804
ZNF512B,2.821897891345978
ZBTB42,0.20133169264772205
FHL3,0.5141848707282324
PRCD,-0.532500663956592
TMC3,-0.6839600795295772
CLRN2,-0.38089132414554444
TEX36,-0.26553958308339637
BNC2,0.5884193601484023
TMC1,-0.6441942885929975
ZNF79,2.268923022976215
RBBP8NL,-0.028431541509125875
TTC39B,-0.2360763440153989
GGT6,-0.7535456938083906
CDH23,-0.49656603235028923
ZSCAN4,2.3281822284260056
KCNQ4,-0.346987935136437
VRTN,-0.8778647497451706
MYLK4,0.037376821446241416
HMX3,-1.0669408896379484
CARD19,0.9584334360994395
SLCO4C1,-0.8722455704278745
GPALPP1,-0.5814776473247493
DTX3,-0.39561656314700583
PGAP6,-0.3300061194415283
KLF14,-0.5344961200026169
SLFN11,-0.03912989679867043
RPE65,-0.947003418291107
LHX9,-1.0900311494535126
MSX2,-0.5368233754918051
HMX2,-0.20610872508065906
HOXB8,-1.001838606324663
HOXD8,-0.9413073113789583
BARHL2,-1.0164850348374301
BARHL1,-1.2607849277865424
BARX1,-1.1900158452850926
ZNF503,-1.002510632743517
FOXE1,-1.3981908837199075
ZC3H3,-0.6301962695263438
POMT1,0.6236819074541007
HOXA5,-0.5762943192989708
HOXB13,-1.2947404442326573
FANCM,-0.3214559153307558
ZRANB1,0.17658106476156146
ABI3,1.2047406092954986
ZNF652,-0.6463222781768844
RP9,-0.5605565796287711
STN1,0.5638975454554609
MSI2,1.6155188830437557
GCNT1,-0.8964234919681141
ATRIP,-1.0491846640887617
BOD1,-0.8417602476845569
FOXS1,-0.8566027900404966
RAD51B,1.1353126890764635
RNF135,1.2779722102903892
GORAB,-1.0016886320836647
DHX35,-0.48272808902530523
MID1,0.2618679584391053
INTS6,0.21689414695690934
BBX,-0.12941394806591633
SIPA1L2,-0.03947513773728025
PADI3,-0.8687766435379977
GUCA2A,-0.4398032429782714
REG1A,-1.1023660524940584
MEP1B,-0.9498465235501402
CCDC25,-0.9156616552338241
ACBD7,-0.6232306878749702
LENG1,0.4972568776206326
QSOX2,-0.7888273211785605
SLC36A4,0.44044320708775014
MMACHC,-0.3613177849032714
GDA,-0.7338653406190672
SLC35A2,0.0936136022479177
MSRB1,0.45552252308859
SAMHD1,1.6296598575261656
POGLUT3,1.8006356720279584
LRRC36,0.1182071871927784
DIRAS1,-0.34105240383769325
NXPH1,0.23020471666814668
FKBP7,1.0738266211497318
ZMYND19,0.2575792506884263
FHIP2A,-0.29779857748152666
ODR4,3.3780707645328563
CYB5R2,-0.5069257390997801
TM7SF3,-0.5447375514198789
CDC37L1,-1.0142019521102
SMIM15,-0.5847608934923225
PARG,-0.8790299648866143
MTNR1A,-0.12214181253457615
UBXN2B,0.23474695974722268
SERP1,-1.2666521488239089
UTP25,0.3976644068746052
RCBTB2,-0.30830895377982565
WBP4,-1.0104234137937493
TRAPPC13,-1.010226815258125
OBI1,-0.5055223462302533
DIPK1A,-0.5308453903525837
NMU,-1.1842295926372617
DRICH1,-0.5734956596171992
ACOT12,-0.46838743831399665
ECHDC3,0.9092817052310475
STARD4,2.6972431218376376
VAT1L,1.397046256222137
ABCA7,1.359169567951661
PTGR3,0.8136287487024758
SLC13A5,0.33966988879380783
ACCS,1.5144214138882937
CHKA,-0.7906103869851783
PIGL,-0.5190843697650442
SDR42E1,3.6691019008500945
NAA25,-1.034342914101131
GPAT2,-0.6902504986483557
EGLN2,3.8795688298538304
TRPC4AP,-0.21383912733492172
PIGU,0.31791796507765707
TP53INP2,0.3463609905906008
DSG4,-0.9897640779126389
OR4P4,-0.1959818338922546
OR4S2,-0.8305746947880128
HMHB1,0.7215813468587088
HMSD,2.1929671947451506
GUCY2C,-0.856050612396073
COBLL1,0.9263980754021315
B3GLCT,-0.4839462990993274
TMEM87B,-0.6973442323255303
NGLY1,-0.8191249661425336
ELMO3,-0.7376284887465621
GLT8D1,-1.0326630940390755
ZBTB7C,-0.03882688443264849
NT5DC1,-0.46210491855458374
ENPP4,-0.8915496898127058
CCDC88C,1.9200075844825935
BTBD7,0.4559441320638377
COPS7B,0.22812000916989644
GPSM1,-0.504465051718075
MSI1,1.5267235510446544
GAB2,-0.5679156648616467
GAREM1,-0.5026907328022049
GAREM2,0.33742037905333294
PIK3AP1,-0.5824190374661447
PTPRE,-0.8638413652841268
ARHGEF5,-0.06805341343921502
GAB3,-0.3382310507937721
GRAP,-0.38634504352152105
ARHGEF35,1.216337255900109
RALGPS1,0.0095202061130306
NTF4,-1.4575560789089734
NRG2,1.9450159618599874
NRG4,-0.9740031631354158
SNX18,-0.3033165068269097
PSTPIP2,-0.38202421577452245
EXTL3,-1.126371209683756
NUTM2F,-0.2994771532067676
PRR22,-0.05855284225111461
ARAP1,0.4788582991104419
REPS2,-0.019903183447487365
FRS3,-0.10069698452737577
GJA9,-0.4492604123204054
GAB4,2.1648239310497708
RALGDS,-0.762821776391321
GFRA4,-0.21983009268778977
ZBTB12,3.4869855074637974
UBASH3B,0.12092490784435621
RP1L1,-0.4785620293066454
SH2D5,0.6058736351737277
PLEKHS1,-0.7334162350492988
LY6G6F,0.7711573729858713
IGHD,0.03811555358600961
IGHE,-0.21524648298319482
PSPN,-0.7182287146339219
MUC20,-0.7724709754320136
NRTN,-0.9785336978581938
MRAS,0.04258987013365994
IL34,-0.8244803270909347
INSRR,-1.1181261973460015
ARTN,-0.8849839476861492
FGF4,-2.0326016039820205
FGF10,-0.9917327633642011
FGF16,-0.03299978518859693
FGF22,-1.5730054161769425
FGF20,-1.584506378059774
CYTH2,-0.8624827839005286
SH2D4A,0.9987827818292944
OTUD5,0.8993991701556092
USP6NL,-0.8901047005262335
RIT1,-0.697869319829345
PHACTR2,-0.23519539894802563
ARHGAP9,-0.5555637133340041
SLX1B,0.5088246976524302
SNAPC3,-0.7005117583688591
GTPBP2,0.30531527554307014
GPANK1,0.5264246831792735
SH3D19,-0.36332860458703437
KIF3A,0.15506892975024147
PHACTR4,0.24771147789463113
MIA2,1.0752288329464186
TSPAN2,-0.5705847184055054
DENND2B,2.1709161288021415
C21orf91,0.16601321106264746
CPNE2,2.351484343166846
PRICKLE3,1.759886247324312
HDGFL3,-0.6239239035970325
ZMYM6,0.36941337880070674
PDZK1,-0.7890101306042153
CEP152,0.6983462281146071
SLAIN2,-0.3446492288910276
AP4S1,-0.7582720184921083
RGS3,1.1353302896144226
TTYH2,-0.39396647486159975
RADIL,0.3238028517253538
SOCS4,0.09745910724399252
CELF2,0.9961738590695342
DOCK3,-0.1954617105128357
SNX7,-0.6705352075225057
PCDHB5,0.9279939483480864
PANX2,-0.49993193790347246
SH3PXD2B,-0.6676916205456878
TULP1,-0.5751302825400925
VPS37C,-0.22697586080267965
BICRA,-0.504068918122403
STARD10,1.6446594117230031
LNX2,1.464417561284194
INPP5B,-0.7559318200731568
MAGI3,-0.2346947242544403
TCEAL8,-0.014073136215593876
BTG1,1.9250188681295275
PRSS1,-1.0818934489050263
RASA3,-0.3953158092910111
APH1A,0.5457259406418562
TUT4,-0.00976283224434287
SH3BP1,-0.635755539353436
MATK,-0.6784487963012402
SPRED2,1.2083428180370306
RALBP1,-0.05978278405297809
ABI3BP,-0.6702182489101043
ORAI2,-0.5035702685716357
ZKSCAN3,3.241884561854007
TESPA1,2.0991557383844137
HOOK3,-0.15036164352104547
MAP4K2,-0.1084602671992812
MICALL2,-0.7344458053326538
COPS9,0.569181298936942
SH3BP2,0.8233455504188644
SCIMP,-0.30766945215474173
PLXNB1,0.06740360315139499
SOCS7,0.12531152551473906
BAG4,0.5218493094745755
PTPN18,0.3865805720287809
CD300LB,-0.6039668909809948
PLXNB2,0.3058137007505245
CLNK,-0.42994177029171193
ARHGAP20,1.2988948813431587
RGL2,0.5379346348841089
SEMA7A,-0.12032073248136917
KRT33A,1.1582696602843967
SPRY3,-0.5145904000305198
SPINDOC,4.2781139976994185
TBC1D3B,0.25618749879668573
STK32C,-0.4273399245929966
GAS7,1.5762548626181603
EPHB6,0.9787797525555613
PACRGL,1.0089848032653883
CRYBB3,-0.7982509635482532
DPPA4,-1.0119442188745837
SNX33,1.844502163500151
ZMAT1,1.297802351440402
INCA1,0.7271294920802782
KRT81,-0.3967719024743232
DNAJB2,-0.9658120790170625
USP12,1.3416409165465568
HOMEZ,0.4969393289338491
ASB16,0.026521478059660257
KRT82,-0.15347616097940806
KRT33B,-0.1457818049250777
KRT15,0.45211081257065666
KRT73,-0.0772071409384728
KRT32,-0.32383803489434126
KRT85,-0.48482435782538064
FCHSD1,4.9243840031012605
CFAP300,-0.61860655136642
GPATCH1,0.3493854317486897
NCKAP5,-0.21306746831913867
DKK1,-0.4767294265224339
PRG4,-0.7733435691010573
TBC1D3G,0.269601423095838
KHDRBS2,3.89411225858749
SLC24A1,-0.7957805978677942
C21orf58,-0.4519329792399435
PRAP1,0.5485265298475827
SCARF2,-0.12056068404813439
MEPE,-0.6639388335042834
APOL5,0.050520671300487874
RAB1C,-0.3313975243824037
TSKS,-0.6051977706306059
ZNF32,0.1264826275937719
FCGR2C,-0.5825240771835498
MYRIP,-0.2420146566226305
DLX4,-0.9064626908197371
LY6D,-0.34372356294610756
FAM110A,0.7765205758631782
SELENON,-0.8661661061082511
SPECC1,-1.0023998528340383
MYO1A,-0.3683235897467484
GPR45,0.5944353893608038
SNX8,-0.14126956061386353
F2RL2,-0.9010912182197648
CCR10,-1.1343977681876112
HOXC8,-1.1489376356788272
LOC100653049,-0.420645448603611
KRT35,-0.11683146598289237
KIAA1549L,3.1846188024476425
CSN2,-1.193647289152081
NAP1L5,-0.07053384194633042
NKD2,0.41426974879197465
PNMA5,-0.3896129535165617
PNRC1,0.6140113915776947
TUB,-0.849159187156463
RASGEF1B,-0.2488769611183788
RASGEF1A,-0.8258276719224388
SH3BP5,-0.682123432243312
RASGRP4,0.05027362691376689
CFC1,3.149692278315369
RIN1,-0.27999364983725433
NOSTRIN,-0.19944774183805397
NEK7,-0.8351020170834135
RGS12,0.06818556254634957
ARHGAP39,-0.684539449888235
EPG5,-0.17656075835932147
TBC1D2,-0.758733934016716
ALS2,-0.3296404632398688
PCNX1,-0.7016122741281524
TTBK2,2.0810491042339088
RHOV,0.5112512935250615
USP9Y,1.5119322509245183
N4BP1,0.1260687390280152
AKAP10,-0.9208345352730414
KANSL1L,-0.5756671827287146
NEB,-0.09035325078415232
PPP1R3B,-0.8801646738577232
PPP1R3E,-0.6156850282880134
DCAF4L2,-0.2297848121009541
HSD3B7,1.6454124236205105
SCLT1,-0.23802234859054952
AMMECR1L,-0.1151356951756205
HPSE,-0.6916986297648448
YJEFN3,-0.356363421586535
ADAMTSL1,-0.3413674357313424
RMDN2,0.6340518124676618
NUDT14,-0.5335848915016654
LGALS8,-0.8758258187583553
MC1R,-1.3323374485857697
ZFP41,2.2103002803936014
FAM81B,1.185713898180789
MYBPH,-0.36559020904038975
AGTPBP1,0.051166942225141405
TRIM31,0.6744056617737777
FKBP6,-0.8211948120581468
PGA4,-0.680071543037494
PGA3,-0.6477155351766031
PDLIM3,-0.41396238435824595
CYGB,-0.8022220686633267
IDI2,0.7628955924058374
MCCD1,1.4488855798459406
NECTIN4,1.2194053189770575
POLR3G,-0.8585539847292051
BORA,-0.6153574415897609
FASTKD1,1.0009612472142517
OXLD1,0.00853087667077886
H2AP,-0.6782841650638219
ANO10,-0.5336984962111224
ZBTB24,1.6908939397180658
TMEM168,-0.9485498140973758
TCAIM,2.1590800332272684
AANAT,-1.1448637319412807
IDO2,-0.6626598498048295
PYY,-1.7387871470190588
FFAR3,-1.0658295209262272
HTR6,-1.10598292386119
GHRL,-1.1899477885572696
FFAR2,-1.2207851738888937
GPBAR1,-1.1259798788710247
HTR1F,-1.2087733656745947
GAST,-1.7184438511132991
GPR119,-0.9200938019515758
PDE6C,-0.6527438321327581
RFX6,-0.7649509014721958
FFAR1,-1.0593586549202572
INSL5,-0.4902155880935568
SYBU,0.07123270288081845
PADI6,1.8069300652857265
ACOT11,-0.3504081829364133
MYO7B,-0.7620940490707111
ENTHD1,-0.3040882441573486
RPA4,-0.11147199315217632
TMEFF1,1.576215533218051
B3GALT6,-1.0168630641116225
CCDC50,-0.8765180816411106
TEX261,1.468186752332843
RELL2,-0.6611300349713127
CUL9,0.9636103146365232
RC3H1,-0.6308852657095783
OCIAD2,-0.4416281729207665
USP49,1.2044070053759002
NCAPH2,1.244966843290152
CEP57,-0.5737961075350974
ACOT4,-0.04072883877474807
TNNI3K,-0.42141732477676125
SYNDIG1,-0.1568453130429493
LRRC46,-0.47149206024139845
PLEKHG6,0.143879867325745
CHKB,-0.4815949758673414
GRK5,0.45985635885564574
AGPAT4,0.1506327501268774
SLC25A45,1.031400290788094
POTEI,-0.05938657416429014
MAP1LC3C,-0.33164283884491264
DYM,-1.1354603668001877
LLGL2,-0.6287702509222886
PCTP,-0.09372739162895843
NES,3.7056274433681136
C5orf15,-0.5934425754032481
DUX1,-0.25369459761906055
SLC39A4,0.0818456109343215
PARP4,2.411940213267819
ZC3H11B,-0.11442503022000534
ANKRD40,-0.04449843788010649
KBTBD13,1.0865957922437168
SGCE,1.06721477524855
MEGF9,-0.43132185505746196
PRSS56,-0.32160921665492814
TEPSIN,-0.5059238149762957
ESAM,-0.7019470827199493
PRX,-0.42019449697268835
EGFLAM,0.05346427343820839
ITIH5,1.2859628993134513
SSPN,-0.4877405545825549
PEG3,0.2410244287566108
IGHMBP2,1.2956597557151892
FLRT2,-0.5557043791913424
EGFL6,-0.7270685501015035
SORBS3,1.3329300773288895
ZCCHC24,1.0619573428896252
SNED1,-0.12983813607063044
NAV3,-0.4093661514152026
CDH19,0.724415290749957
VSTM4,0.49539401079405354
TNS2,0.025409804620958855
TMEM204,1.3690015263247253
ADAMTSL3,-0.5636124087247257
NTNG2,3.7918939930399005
LRRC30,-0.43692081947862116
LCN9,-0.5036394834621553
FBXO15,-0.504053700256494
ARHGAP28,-0.4934293148373884
IGFL3,-0.4243071578853996
ZNF408,1.9044437596265542
PLXNA3,1.5248533867050031
LRP1B,1.0280189875954833
ADAMTS12,2.2848121715065974
VLDLR,-0.4402122961355837
CLDN11,-0.5200808681789139
SEMA6D,1.6576293677559433
CLDN6,-0.7123028730163531
HSH2D,0.6839635524159009
ZNF276,-0.38835671047961806
SHCBP1L,-0.4216276078888958
ACTL7A,0.7643896465189213
PSG6,-0.9064438351550004
PSG3,-0.7336370529681927
PSG9,1.5641881905300217
PSG4,-0.6619645506788677
DKK2,-0.9054081657742312
DKK4,-0.9946203876919514
KREMEN2,-0.5976549713211925
LRP5,-0.07566239318622874
KREMEN1,-0.8658494827608559
WIF1,-0.9556789102177715
NKD1,-0.5221884019506087
WNT8A,-1.2795981735583992
DKKL1,0.9577458361691383
WNT8B,0.38422024564788826
WNT3,-1.3874227293901198
FRAT1,-0.75487268199757
WNT7B,-1.2972833815755522
WNT2,-1.488314911282265
SFRP5,-0.86928196363075
NODAL,-0.43777579758903273
WNT10A,-1.0865359232909713
PORCN,-0.7087060821429689
WNT6,-1.7977204886256228
WNT16,-1.250406184190104
LGR5,-1.1947554101466622
WNT2B,-1.3842172891795468
KRTAP10-1,-0.4478107098875238
CER1,-0.9562895029704316
MIXL1,-0.07882416808512892
WLS,0.05557898385598469
RSPO2,-0.6924975165515036
RNF43,-0.8631915570140732
DMP1,-1.324371982771757
RSPO3,-0.969143607188332
WNT9A,-1.0997857788155514
RSPO1,-0.8623038654396348
FZD9,-1.3894294749602083
LRP4,0.1740598934379443
WNT9B,0.886161549641788
HES3,0.40821429474594084
FZD10,1.0355146383963654
NOTUM,-0.721997297767659
FZD3,0.9776721947081514
GSC,1.27501251663911
RSPO4,-0.6207678575544014
BGLAP,-1.155882408995014
PTH1R,0.11871347909481147
SOSTDC1,-0.9806742657645289
GLI1,-0.6672259239045858
OSR2,-1.1444494104719838
DLL1,-1.2254123650820332
SOX3,-1.2332261204116326
APCDD1,-0.9559286056183987
GLI2,-1.18197046997709
GREM1,-1.1924831775376932
DLL3,0.7361400780488341
LGR6,-0.8725858175906519
EPCAM,-0.2155903755692263
DLX3,-1.3073050556249661
ROR1,-0.8249133386558017
NOG,-1.2453087045404667
DLK1,-1.1527245638320776
TBXT,-0.563865785996387
HESX1,-1.310231721847773
LFNG,-0.6694542159419373
SOX7,0.6880420909523124
PTHLH,-1.2401775180394492
SEMA3A,-0.009053249581375813
PHLDA1,0.9604170788653584
ULBP2,0.46756257749045066
AMIGO2,2.3891434240079934
RGS20,-0.6808982144580386
KRT34,-0.41815328355122255
TGIF2LX,-0.6480585242355655
PRSS2,-0.9528431395302152
ANXA8,-0.19097725563682422
KRTAP10-6,-0.8157588505102364
RBM48,0.526051027444389
CEP126,1.8805333784722067
CALHM1,2.9221588267012892
CLIC6,-0.46907163660502804
CLIC3,-0.34643352141882255
LSM10,-0.9002509647022012
OSGIN1,2.684815096477868
MOB2,-0.32689705664108076
CAPN9,0.14483177989440824
PRR13,0.8299693805212865
NTAN1,-0.2172262199274032
KLHL10,2.566491208826676
RBM12,0.2421097112757733
C10orf88,-0.633831717863047
ZNF595,-0.23877667016577045
PWWP3A,-0.1953075770018372
FOXN4,-0.9834402607877376
MAB21L1,-0.4457404952351234
VASH1,-0.5455378451007028
ZBBX,-0.5148483421910576
HTN3,-1.0925103057704995
FRMD1,-0.5437136933073524
TRAPPC12,0.4155329600314577
TNFRSF19,1.4142656325470315
RGPD6,0.15495107997780486
ZSCAN30,3.26799545304492
MYORG,-0.511541740011915
SCGB2B2,1.517130494336417
DEFB107B,-0.7703407947091891
CST4,-1.0357742020928473
LYZL1,-0.9296964514641387
PRB2,-0.8210077550627979
BPIFA2,-1.0771308787839846
CST1,-0.9470845638031419
BPIFB2,-1.0120334365350743
CST2,-0.6828673547043911
SCEL,-0.7502517726474831
RASSF6,-0.6251957173790235
KIR2DS2,-0.5075729375425336
TSTD3,-0.45631101685537895
SERGEF,-0.33081616717352624
CHM,-1.055691412265359
SEC14L3,-0.1396483910934336
DEGS2,-0.6428141212694458
MAF1,-0.8052346355291066
ZMAT5,-0.7222881315876658
RAB11FIP5,1.2592558229156643
KCTD17,0.10904008643573505
CEP41,2.018866636654074
TMT1B,-1.0152639715858234
LRMDA,1.684208771232746
LMCD1,3.7535913613826977
RAB15,-0.7031805456864942
EXOC8,-1.0250388326661282
UNC13D,-0.3597495392413425
CEACAM21,0.08258876644952032
RAB33A,-0.5900708741202525
LARP1B,0.2247667412524464
LZTS1,-0.49446954744307636
IER3IP1,0.00795175117102862
RAB3IP,-0.41752661250422773
PDE6D,1.7654852723014558
CHML,-0.8530241389664596
RAB39A,-0.6594638985069153
RILPL2,-0.39321484678523166
RILPL1,-0.3792914216527736
RAB28,-0.5734338528587849
RAB29,0.11740866610980162
RAB17,-0.7870704183617532
RAB30,1.3049244367153818
RAB39B,-0.6912914198886566
RAB24,-0.008449379130038948
RAB41,-0.5381507078292231
RAB42,-0.3855629234113349
RAB40A,1.4379727224791516
SYTL3,-0.08112225145358569
RAB40AL,-0.3513700523028057
RAB27B,0.12624317693092618
MLPH,-0.8084809382055801
TMEM63C,3.416774464415481
TBC1D5,-0.33805947954454946
EVI5L,-0.7950695250608915
IFT22,-0.2701637579509753
IFT70B,-0.27036564767623716
EMP3,1.3924052987243125
RFFL,-0.17820018991727146
DENND4B,1.240511543675747
RAB12,-0.06248974984918996
PLEKHF2,0.4278468761149836
KIF16B,-1.0427468776208417
MON1A,0.47451938894312473
CCDC93,-0.8980953254768228
TMEM65,0.8825760049843635
EVI5,1.3675857618896152
PI4K2A,0.3793719639834616
GGA2,-0.6733106437943398
C3orf38,-0.6475547476787085
ZFYVE1,-0.3239086243949492
KCMF1,-0.6612079131482869
UBAP1,-0.486452962910234
VPS37A,-1.0423599433088373
SNX14,2.9505046445899907
BICD1,-0.9155593318397127
TBC1D20,-0.6329998618618748
ZDHHC3,0.4732737663426441
ZFYVE27,-0.4787860839971036
ATL1,-0.5200651936900976
STX2,-0.8540199279755444
REEP3,0.018633302037385804
MON1B,-0.33453176090819725
RNF141,-0.727756992485148
RABL2B,0.06663492684397596
WASHC1,0.8306646631087488
MMP25,-0.7966409645913598
TBC1D23,-0.8736044728205641
YIPF7,-0.5371761020224978
TRAPPC3L,-0.6580082610045886
PPFIBP2,0.749549873390392
WDFY1,-0.6302026090801841
ACER3,-0.8431941860105785
CAPN5,-0.6185954801973395
RALGAPA2,1.295417387013919
HYCC1,0.46054538971246595
GSKIP,-0.9161735997777479
BACE1,1.3034213653656823
DNMBP,1.4154336030277535
ANKRD50,-0.6276700857830936
KLHL21,2.4553585059566907
TBC1D14,-0.7566758542137764
KIF13B,0.5955726539550606
SEC14L1,-0.6134559429751483
EXOC3L1,-0.42942906950647197
STARD3NL,-0.261503776055965
FGD4,-0.681575691591756
CABP4,-0.5941510911611709
C6orf89,0.4389835849352261
SELENOS,-0.9069962282464074
FARP2,1.0000484744528695
FAT2,1.8570289644492035
WDR41,-0.21917907794644906
SNAP47,0.3071998673294719
PPM1J,-0.22405933634159866
SYTL4,-0.7154529433588702
RBM18,-0.17239219281873872
CDC42SE1,-0.6251240932991109
DENND2D,-0.44134025564796
NUFIP2,-0.21911344001243757
FYTTD1,0.6100630227281032
CNEP1R1,-0.700222829365706
ALG14,0.5997041288923406
FKBP14,-0.13025358257408928
ZNF423,1.4564690400293465
TRIM6,0.661320087331152
SVOPL,-0.7982508432766505
TYW1B,1.153004113094586
MBTPS2,-1.0712015130063983
DNAAF5,-0.5622917346996193
TMEM181,-0.5941659186659098
B4GALT4,-1.0381809758636884
MYBPHL,0.09631822525238108
GPHA2,0.8788604580716842
SIAE,1.2992132657975664
SALL2,0.6708626328730393
OIT3,-0.8406142743793081
NUDT11,-0.3384667440273446
MAGEA8,-0.5720747905478416
FSTL3,0.8785628646768519
GAS1,-1.0164986586251263
UST,-0.7590845554013765
HSD17B1,-0.6791040818518959
LHB,0.4947048069829146
CGA,-1.0716449444886247
MC2R,-1.438848173603046
STAR,3.2320294230400446
LHCGR,-1.3642633491524323
MRAP,-0.5680626710053601
INSL3,-1.2821670617972387
NR0B1,-1.2158839287748335
DHH,-1.3658905577773324
CGB5,-1.0123013458525485
SLC16A13,-0.36787269851268956
PAGE4,-0.7251387923638821
TSPY1,-0.7963987878704684
LGALS13,-0.5792668198589813
ISM2,-0.9532872030658992
VGLL1,-0.838641990590132
MAMLD1,-0.4809688962943344
GDF9,-1.290131908288139
INSL4,-0.6965871265931081
FIGLA,-0.5345972558489764
CGB3,-0.7000533846954661
FSHB,-1.3955646727276083
XAGE2,-0.5676634397887433
RXFP2,-1.047091530556745
GNRHR,-1.3382357983901652
PRB4,-1.1548819559630719
PRB1,-0.9947712243478157
ZP2,-1.3238870919120922
DGKK,-0.5186255318055671
GNRH1,-1.1972030562328697
TSPYL1,-0.3557139734255364
ANKRD7,-0.4334774947409039
YPEL4,10.455850572976745
DMRT2,-0.3604049132713913
HOXA13,-0.9980559448854104
H3-7,0.21403331188729563
TSPO2,-0.7248227521541564
RS1,-0.8503237572271218
THEM5,-0.5070240126876925
ZNF157,0.5074561241597312
SERF2,-0.991766420214783
AAMDC,-0.20383371252957574
AP3S2,1.3704167455703193
TMEM209,-0.747608745017813
FUOM,-0.12049541399262458
LRRC1,0.4484001971848437
PRIMPOL,-1.025091353935421
PNPLA4,-0.5062218954275752
GON7,-0.42771595522666084
CNNM3,0.043323710485935994
ACCSL,-0.05113641433190409
ASPG,-0.29719463838357374
TPPP3,-0.8488209258228112
STEAP4,-0.472590614476839
RBBP9,0.43350758136630957
IL36A,-0.9272542294480621
EML2,0.5436838320720807
NAPSA,-0.7023952869837158
MAP1LC3B2,-0.5714840088679484
CLPS,-0.23595861895079762
CPB1,-1.0233014392565507
CTSE,-0.8979261070221868
PPT2,2.2684921192514076
DDI1,-0.7831103424449108
SLC38A7,-0.12989550368985608
COG8,1.418648581414933
PDCD2L,1.7169606014201144
ROBO3,-0.16047285461487962
GPR160,-0.2676062925790294
FN3K,-0.3487429471212687
FSCN2,0.6155764077847665
TMEM53,1.5199733961151212
SNX10,1.2569913702428352
MAST2,1.3149246047727698
MAST1,-0.3178385030976819
JSRP1,-0.4484107445265803
PPP1R14A,-0.48674740262505356
SPAG1,-0.6944317027067968
PDE7A,-0.33805586100732665
WWC3,-0.21091196327965653
RGS9,-0.4606087043530583
CLDN10,-0.7847951873587548
TRPV6,-0.5517340779514153
TRPC7,-0.6697979369833065
RGS9BP,0.03557924882716953
ADAP1,-0.6369344978500965
WWC2,0.407382128999168
MAGEH1,0.19808065483474788
CCDC74B,-0.5886281685118887
TNP2,-0.6527082316856254
TEP1,-0.28791638615164206
TRPV5,-0.9456070552384125
TTF1,-0.5245000973487352
PRR5,0.2843840789642819
NRG3,1.2318565261905106
PLCD4,-0.639207918631601
PLCZ1,-0.658875823627113
WWC1,-0.28630503560158216
MYH7B,2.2111220834990224
SDCBP2,-0.6694495329776063
PLCL1,-0.07535626364581416
MVB12B,-0.6163555508957217
GNA15,0.4083344120330035
CASR,-1.7105492772663613
TRIM41,2.2470856210740795
TAS2R7,-0.9578493116601706
PTGIR,0.666209481253855
HR,0.524953266830907
ARFGEF3,-0.7610334331509493
SLC25A41,-0.5503048585186677
PHLPP1,0.4358562404694908
S1PR3,-1.0450044899601845
DGKD,-0.5212670766308383
S1PR2,-1.4482927421074732
CEMIP,-0.5204461921943208
MAB21L2,-0.6698173850183974
ADORA2B,-1.2453612289304863
TMEM185A,-0.5761759540367776
SLC6A9,-0.8642551724386133
KCNE4,-0.18922706001044579
XK,-0.5668888758663813
TCP10L,2.057748903382612
TRIM5,1.685907764743382
KCNN2,0.4367015932718284
GLRA3,-0.08280105214479526
NGEF,-0.25537998091167113
SHISA7,0.2160400762192907
RGS17,-1.022269669386422
DOC2A,-0.04197447685396364
DAB1,-0.7638701421644238
ADRA2B,-1.3323856681701807
ARHGEF25,-0.3192416588098993
TGM1,-1.0539155683187131
GJA3,-0.20033967780017964
REM1,0.18351578445833075
CEND1,-0.2655490484281816
GPR52,-0.877148911201647
P2RX2,-0.7828756377528252
ATXN7L1,1.0985356496924408
DPF1,-0.6076887389457939
ENTREP2,0.2705122307208393
NPTXR,-0.3025472051942522
MTNR1B,-0.816386293645471
NTN3,-0.3949876852301163
ATG10,-0.39149352231206336
CCDC160,-0.5069267211878283
INPP4B,-0.7605949159859473
DACH2,-0.23978574805183828
ANKRD35,-0.23086665597505934
ANKIB1,1.9122603341863216
DOK5,-0.6937904999661115
PHLDB1,-0.3597043881660359
ZNF765,0.4729713566994554
MSANTD3,-0.676208713982396
HECW1,1.6288031634374327
ASTN2,1.4231597408185441
SAMD11,3.121703063176612
FAM222B,-0.502319356433971
CCDC88B,2.2129519511831206
KANSL2,1.5136164900231297
IGFN1,-0.3061818608596493
GEMIN8,2.97402733031835
DNAAF10,0.40426981865362094
SDCCAG8,0.5205927314143304
BEX3,0.08614543491337882
ARB2A,-1.026384555290873
LRIG2,0.04408478299958725
MYO9A,-0.26314238516364785
ATAT1,0.3891419396803174
CEP89,-0.1678037905591526
FIG4,-1.0330479102327552
TBC1D13,0.09188314180564246
FBXO45,-0.43315198781355485
SH3RF1,-0.2071659426481448
PSD3,0.0004510550696213938
SLTM,-1.4881460876544916
USP6,0.9163067389189717
NKTR,-0.6930820003726501
RASSF7,-0.25722670338494535
CXorf38,0.10657643498024634
PPP1R26,4.2025564252837935
RUBCN,-0.30542249738567406
ID3,0.2174109348012222
HECTD4,0.21644956789775094
AHI1,1.9653971399275176
MYLIP,0.565201222632351
KATNIP,3.213216350541527
TMUB2,-0.11809161918649808
NPIPA1,-0.0890288537633951
ZNF444,2.486851151794965
MRFAP1,5.109599478546471
SPAG8,-0.5430479965688962
OTUD7B,1.089899015253985
DZIP1L,0.11806185197948098
ANKRD36B,-0.6260224591020902
ZFP2,1.301065430924899
MAP3K21,-0.2241251069746415
OTUD3,1.296749233415125
RNF103,1.4826158707859003
RUFY4,-0.5209025086315164
RAPGEF6,-0.725488299428453
DNTTIP1,-0.4061933754702403
ZNF266,1.1719226660702715
FAM13A,0.15627474693753052
FAM53C,0.15825321874848305
ARHGEF17,0.5252658503286626
INPP5E,-0.24874736787694532
CLK2,1.0132898414686768
DZIP3,1.7005823138811282
CCSER2,-0.7168210464902249
TULP4,-0.16787147930044033
ATG9B,-0.18485395781703945
PIM3,1.7805356830215726
FAM221B,-0.8876477059386921
ATG4A,-0.5526967749303093
USPL1,-0.5474830815742604
MPL,-1.1303247019357365
SEPTIN4,1.3653779778004225
SSC4D,-0.4364015079013127
INTS3,-0.9978752644342771
TUBGCP6,0.3121195327605739
DCP1B,0.5542099241630701
PLEKHM1,-0.5827189758680462
TMEM94,3.055704544432737
PCNX3,2.0416602209772643
GPN2,-0.12872179438252476
P4HA3,3.1841753297195337
CDK10,0.36942468026579783
SIGLECL1,-0.7119805692056814
CBY2,1.6843476383136446
PACS2,-0.23110655316850312
EML3,0.6986806035924514
AHSP,-0.8035734448755547
HBA1,-0.7861653187876251
ANKRD22,0.2748597893889584
HEPH,-0.8167095176094187
CCDC103,-0.6747265106528255
TATDN2,-0.24351857402445584
SLC40A1,0.030616268465038246
METAP1D,1.5841000126826188
JMJD7,-0.48225928251917155
WDR4,1.0478680354636318
GP5,-0.16030576187118054
GYPE,-0.634504117663632
GYPB,3.316558521810439
RHCE,-0.5366043714031955
CRPPA,-0.20679478518849914
TYW1,0.3060335015749882
UBE2F,2.4106334633201794
ARL4A,-0.0312573591940404
MIX23,-0.7840320675752361
SRRD,-0.3370205745760091
OGFOD2,4.325829650807962
TBX1,-0.18958878992221237
ETV2,0.766952668411906
HEY2,0.12874788478609192
MYOM1,0.4859125101164219
MBD5,1.3299296013494397
MESP2,1.1627760469031563
DPPA2,0.8191196305376857
TWIST2,0.515813060955409
TMEM161B,4.025619259331716
MS4A6E,1.5029951908840924
IRX5,0.7079511353770439
PKIG,1.6111025937122196
ZBTB44,1.0117715506301774
RUBCNL,1.0555024122497434
HOXA7,0.4215669911457284
PARM1,3.3214300795332394
VGLL2,4.437386518343033
BACH2,0.21217685193634764
CYRIA,1.7851439209233608
BHLHE41,1.2952962356744797
HOXA2,0.17516811001232319
ZNF202,2.7409402362648247
RECK,0.6513847869211854
ADGRL2,1.0277137717451306
HOPX,0.24404345987468196
ARHGEF3,1.1077846569812628
RGCC,2.700713416770245
BAALC,1.555404889837232
XKR4,0.17003524951591065
MS4A12,-0.7706135230194993
TMCC3,-0.7151869968433527
CYS1,-0.4796108989326107
ERICH5,-0.31710156646894333
SLC14A1,0.4372390366426635
SLC35C1,-0.9437068149608422
SFT2D1,0.8288577397750977
ZNRF2,-0.32795243085965553
PLPP4,-0.1921784346490413
PCDH10,2.652492156424641
TMEM63A,-0.5762108909785272
ECE1,-0.2839868957652867
SLC15A4,0.13484667381543086
SLC9A7,-0.43566209037867815
PRPF38B,-1.8525647334471602
METTL2B,0.23201061574485093
ATP6,2.0552680749438723
LRCH3,-0.9169573222350214
DPY19L3,-0.6975359280059552
ADGRG1,1.0898252346734596
DOLPP1,-0.8897654440007077
APBB3,3.630881070070212
SLC26A5,-0.8587280503254731
SCNN1B,-0.6919458414287216
CLDN8,-0.5949066663280141
SLC44A4,-0.014585487642297926
TMEM213,-0.4094820976481982
CLDN14,-0.6578776352138169
PROM2,-0.6997784261535862
SLC34A3,-0.46440548180574087
ZDHHC13,0.46723324163602364
SLC9A9,-0.3498911352647303
LRFN1,1.847914779643409
LRFN4,2.8239603665093513
LRFN2,3.57937273075511
NXNL2,-0.4965514080556005
NETO1,0.5262906363775666
CNTN4,1.5038686749250185
P2RX6,-0.6170673185749436
CSMD1,1.0740327525419122
SLITRK5,0.572699499932942
P2RX3,-0.4263392935453578
ABCB9,-0.6818497011324218
GABRP,-0.5150585237216485
OPHN1,-0.25475037702779224
HAP1,-0.6032870282534833
BEGAIN,0.3252073522650963
SORCS2,-0.3459239220464333
SHISA9,0.25670964670165103
TENM2,0.5321994916088508
ADCYAP1R1,-0.930461492664438
CHRFAM7A,0.0041249522944832515
LRRTM2,2.806731557779157
LRRC4B,2.1419806952298774
P2RY4,-1.3626396575806559
SSTR4,-0.9951661810931038
NCAM2,1.5824128163678235
TRPM3,0.8608646841251136
GPR35,-0.7209356493560153
CDH7,1.5413814175566223
KCNK2,1.4887293855876087
LMO3,-0.16636737865428752
CDH18,1.8890814898859891
AJAP1,1.8411136844186446
FUT9,-0.44237011903220197
LIN7B,-0.3121691449959552
SCN9A,0.02275190635427954
ADAM30,-0.7765463591966352
DGKH,-0.01885685884015167
CALCR,-0.9277448500968818
POM121L2,-0.7018673714764144
CNTN5,2.9186322826178936
CCKAR,-1.1977434252064585
NYX,-0.5198306252102097
KCNK10,1.633654426248591
KCNJ13,-0.19604023829076134
PCDH11Y,1.0613024148323802
MYO16,-0.2545893118931775
TAAR5,-1.2474867557357536
GPR12,-0.9521041536580973
PROP1,-0.9268937387120694
TAAR2,0.2712021952185676
TIAM2,-0.36921032730841763
PTH2R,-0.8142912149693662
FANCB,-0.8013246093613525
FAAP100,-0.03145049080029396
FAAP24,-0.6905016416889428
FAAP20,-0.7251872322258632
POLN,-0.6627573611408941
MUS81,0.30958015450016185
EME2,-0.44497239756645074
CENPS,0.5534166532890653
SLX1A,0.8297149384552673
DCLRE1A,-0.8609918636427562
XRCC2,0.06632124535432303
HUS1,0.11732833913029252
XRCC4,-1.0929123486785126
RAD9A,-0.9353863833695095
RNF168,0.8539434796377322
MSH4,-1.162326417323798
USB1,-0.6232224222627714
CTC1,0.8131892825753851
C6orf118,-0.566331637710149
NHEJ1,-0.6912170749123897
HAUS8,0.8509279119421649
NUB1,-0.5105129198888957
ABRAXAS1,-0.8681882865549534
SPIRE2,0.5018968269503213
TICRR,-0.6049140050313566
TONSL,0.6195648537903323
RDM1,1.3382069266263121
MMS22L,-0.729091954687214
INCENP,-0.3934074112752955
PIMREG,0.02044192501619951
ARHGAP11A,-0.8547764614220111
P2RY8,-0.48797172146199225
FAM83D,-0.6787516984177221
TEDC2,-0.3114734664324979
DBF4B,2.815312116851952
ETAA1,0.4272103310838227
HASPIN,-0.5042064596306799
NSMCE2,0.1662844002796794
CENPO,-0.7062375211430585
CKAP2L,-0.47711347396802933
SMCR8,1.0997566938679453
LIPG,2.5806123498606155
PMS2P3,2.581198772965738
TEDC1,0.23760865171954276
USHBP1,1.2832021817319703
GABPB1,-0.06724183706390408
TPRX1,0.5409806616243676
SAMD3,-0.3802627094875346
ZNF329,0.619265335734295
RTN2,-0.6591289476698851
ZHX1-C8orf76,4.311815683832735
KDM8,-0.6035018882205141
TMSB15A,-0.7621894688444802
WDR54,-0.4945565992935333
RHNO1,0.09359177229933204
REXO5,1.4033626467287832
FAM228A,-0.0991182505049028
ZNF514,-0.0884654929231564
ZNF552,0.35132929447317296
ZNF212,1.071157270776698
KATNBL1,0.024699120082501053
TFAP2D,0.553702589423313
ZNF620,0.052803392046346175
ZNF774,0.5063952057314441
BEND7,0.4835156098097639
PPP1R3F,-0.6148146338091743
LONRF2,0.7885272245157037
ZNF282,0.9758316650345739
FAM81A,-0.5506763409964776
OR52B2,-0.8418465841335319
IP6K3,-0.33190727258154373
TRIM43,0.48664830869531195
TBC1D25,0.00586900687246163
HOOK1,0.14109608377578178
BTD,-0.45481920902624406
FTCDNL1,0.41930081042641637
GTF2H2C,1.5914909978150524
ZNF133,0.14864802174630032
TRMT10B,0.9695511896851854
GSC2,-0.3266075440450131
ZNF707,0.12204674361242299
COMMD2,0.49497459643819963
EEF1AKMT1,-0.5281383145459683
EIF1AD,-0.9983204951959016
C1orf43,0.7044018348592405
SS18L2,-0.8322577807989531
DCUN1D5,-0.9505048431478498
PSME3IP1,-0.677754273527402
CGAS,-0.15746655659961922
INTS12,0.5988625469654968
ZFC3H1,0.5916090421271223
C18orf21,-0.7665773988517001
CUEDC1,-0.31935566347170713
MORC2,-1.185509199919722
ZFAND1,-0.7515716611132762
ZNF574,0.0839723935185916
ZNF324B,0.9656302771936071
CCDC43,1.2122159262744225
ZNF121,0.7988524760909015
TM2D2,-0.5236751338838663
MSANTD4,0.3291615215827244
CCDC59,-1.2360258245702482
RBIS,-0.3971180517463908
MANBAL,-0.6074484907664044
ZC3H8,-0.5247852749923178
YAE1,-0.5099081877190996
PCMTD1,0.1791378365287175
ZNF169,1.7857099923962894
NOL12,-0.9828044941770984
CHCHD5,-0.3741851859089525
RPP25L,1.0456820129210327
FBLL1,-0.5777147932398968
RBM11,-0.278497645981795
SRSF12,-0.1687482260517563
RBMXL2,0.6520409123253043
ZNF576,0.6041513471472676
LBHD1,2.1481212292677947
PPIL4,-0.27023654093389116
ZKSCAN8,3.3544999104177706
ZNF460,0.21252360451386315
DCAF5,-0.48031480342338934
ELP5,-0.24325468680676618
NSRP1,-1.2418734375614526
ASB6,1.481454136833286
TRIM71,0.5225954563392983
SGMS2,-0.7471543264061247
SLC10A6,1.6848154912850735
SLC16A7,0.30137962237101334
PEX12,1.1517156536117417
RETREG3,-0.6907112464764764
ASCL5,-0.7184221703148149
ABCA5,-0.7035583310492175
CERS4,-0.4627092213319529
TRIM38,2.0617478861583582
ASAH2,-0.5620987837896169
ZNF415,2.2852767023668625
MFSD2A,-0.8316376660614173
TNFRSF10C,-0.5165994749685529
ZMAT3,-0.1808540010983194
TNFSF9,1.7360534554513714
CARD6,-0.3401940922740612
TNFRSF11A,-0.15882786678673672
CRADD,-0.5058677357743511
IER5,1.2395661267789597
DFFB,-0.6516980884563995
GPR3,-0.7604890407990259
CIDEB,-0.7747566339539513
PHLDA3,-0.6643137430967185
PCDHAC1,0.646897967918671
BIK,2.113072497406392
TNFRSF6B,-0.020701130265818282
IER3,10.24449712440038
BCL2L10,-0.5888881733746469
LRRIQ1,-0.4450394910475991
TSPAN12,-0.5482405149675581
ZDHHC15,0.397640244670728
MARCHF2,0.05460333001817367
TMEM223,-0.3513785587385751
TMEM231,1.970646350920634
HRK,-0.3353240148525828
GINM1,0.8026706080696865
PIDD1,0.2693479932129229
ULBP3,0.8538079372256797
NECTIN2,0.6169249065688722
GADD45B,0.8056392165469348
IRAK2,0.9922766274160197
PPP1R15B,-0.69812166416058
TRIM66,-0.04190476880943782
CXCL3,0.2779767215485971
SLC35F2,-0.8374184010855289
MPZL1,-0.7428339501753858
CASP5,-0.37744145392925493
BCL2L2,0.06563824289477173
NOD1,-0.6176790052486053
NAIP,-0.4841730236912305
BOK,-0.23900918442974048
ST7L,-0.6859454298221979
ZNF16,0.18391871168959228
ZNF655,0.003636160867859314
ACOT6,1.3020339366948868
SLC22A4,-0.09238555337786321
MTMR8,-0.8019048461245666
SLC25A18,0.6428330195046356
PCNX2,0.050242228947319494
MMD2,-0.1976668490522684
RDH12,-0.9053056285460717
LRP2BP,-0.1689885249924089
PNLIPRP1,0.2119862053550468
SBSPON,-0.49216741934838465
FABP6,-0.8902843800572521
GDPD2,-0.09519922502591828
TFCP2L1,-0.7883136815841442
OPN1SW,-1.1022380621796322
PLCH1,-0.22864670021615227
ART3,-0.554701987312764
RPGRIP1,1.2594244987110736
SGCZ,1.6000794308109023
CCDC71,8.963736433459461
FNDC11,1.016264404426665
BEND3,-0.7609911668718669
XPR1,-0.7959732315897488
DIAPH3,0.6644677151992854
SLC35B4,0.02016504439035941
GRK7,-1.2870322982584124
TIMP4,-0.6488232979697145
TMEM154,-0.32786865114373764
EVA1C,-0.3530543178208605
CCDC107,-0.4192782219504068
C2CD6,0.0035485297653564396
SLU7,0.2615770997425103
DGLUCY,5.693358773309076
CORO6,-0.41089516128606823
DIP2C,-0.5601765427208059
ACBD4,1.8895705015658506
GYPC,0.5939541478040129
KIF6,-0.8972637439884333
PLEKHH1,-0.5786965204728068
SLC66A2,-0.1569133363453783
FAM174C,-0.396074768629811
IDUA,1.2624766359247594
CCDC9,-0.6117112952132957
PLD6,-0.9684636017249262
TYW5,-0.39194346531590446
GLYATL2,-0.3664186976087651
GLYATL1,-0.27547135730061034
FAM47E,-0.13308466679380537
SLC5A4,0.10464867584656119
SLC22A12,-0.7463990497723155
DNASE1,-1.184742772854895
JCHAIN,0.782608433165971
NFKBIB,1.2081036836235868
CCL4L2,-0.5650163383740691
B3GALNT2,-0.9440321430712976
TMEM62,0.5414668879817713
PRTN3,-0.9497760831053229
C16orf54,0.04869248186341497
IPCEF1,-0.40605445117811917
ADGRG6,1.7637243967060499
NSUN3,-0.5812071395372355
GJC1,-0.23245739681940925
PIGM,0.4143530220914792
SLC38A10,-0.35650085871058634
DSTYK,1.995519106314845
VTCN1,-0.1669940375909601
SPINK2,-0.9503280397467448
NLRX1,-0.7117231144195125
FKBP11,-0.5878433993875467
APOBEC3G,2.7067612692804346
RGS10,-0.5655660012279542
IFNLR1,-0.5750327072627991
TLR5,-0.2665369960150455
TRAF3IP2,-0.1912738559316347
NKX2-3,-1.1151237477915408
CXCL6,-0.9548845401454351
SP110,2.190850702881857
OR52A1,-1.0836006098019637
NDP,1.1139926688261168
VWC2,-0.38014463682857275
ZNF688,0.603716746984667
PLEKHG4,-0.4017204310957739
MOGAT3,-0.5748530323344719
TTC36,-0.7903733944708202
TEX28,-0.8110557921268072
TMEM45A,-0.7002115451104018
FUT11,-1.005684170378085
CCDC102B,1.613303444881968
ZNF641,-0.6317678187999013
SPAG4,-0.6712235136050692
PRDM8,-0.6811836500618377
PLEKHG3,0.30306032139843614
HBG1,-0.7621823044524688
TLCD4,-0.09787981622401373
C8orf76,-0.6928332433213802
TRIM58,-0.6834803121999902
UBL4B,2.251740483738882
TRIM74,0.10969195690166038
MMP26,0.6015405755557702
TMOD4,-0.2621140586405195
HBQ1,-0.6820515796124649
HBG2,-0.6854701686700376
PRSS50,-0.8848144897216061
HJV,-0.9743072899499061
STOML3,-0.4479364320082923
USP42,0.8589938101110846
OSBP2,-0.5699041233028852
B3GNT3,-0.9865305583979849
USP20,0.5625805131360749
FBXO42,-0.29722918020272754
WDSUB1,-0.7160293557164319
MKRN2,0.8737009004477415
CNTNAP3B,3.0739406030192606
ANO7,-0.7166792308477548
LRATD2,-0.05083999475506811
CPNE5,-0.08600191551506207
TSSK3,-0.2916957831813831
C1orf174,-0.6562349078722662
NARF,0.07731682804450167
NSUN6,0.1575588258873614
NIPSNAP3B,3.1521390710352484
AWAT1,-0.6875523549288481
AWAT2,-0.6897213369697054
ZSCAN5A,2.84291826662946
ZNF740,1.013499440940618
ACTMAP,2.8838852447912138
SUGCT,-0.3103322865208006
ZNF785,0.4140500276204739
C7orf25,-0.6609133645444705
FBXL20,2.9257335263433824
KLHL4,2.5035027319353227
DYNC2LI1,-0.3857164927995456
TMEM254,1.3458310233501303
IFT80,1.9116745651011382
IFT88,1.2410623856439806
PPIAL4G,-0.3300616596412019
RASL11A,-0.5696884850763422
LRRC14,-0.11794264340807711
APOBEC1,-0.8597975254697298
OLFM2,-0.3340157370604989
GAS2,-0.5102860899815185
SLX4IP,-0.7002050876035694
CYSTM1,-0.7522399732304784
PDZD8,0.4116194313415538
ZNF789,1.7371030594673524
ETV5,-0.49697694906409196
C1orf116,0.11004443386352868
TMC5,-0.7705178172218269
ZSCAN26,2.6530338069831485
HEPHL1,-0.9394082197954349
VSIG8,-0.9003642052623301
DUSP14,0.9939326755515708
TUSC3,-0.8441923816671335
IP6K2,0.5807562925410139
PIGC,0.2219611770998865
FBXL15,-0.04751892366620384
SLC39A13,-0.6681469627212444
SGSM3,0.6100273804783116
MOSPD3,-0.23882336617773328
MXD4,0.8116497726671912
LIN37,-0.4091694780034726
SETD4,-0.20133511484511069
L3MBTL4,0.22750292210398135
YIPF2,0.2650998888266643
TSEN54,2.855371641499842
METTL22,-0.28909429314347035
PGAP3,0.03279108444731062
SMYD5,0.1234701247949815
CHPF2,-0.8710512513569301
RXYLT1,-0.7222458157828034
C11orf24,-0.25644812269082706
ARHGEF9,-0.3727898988961101
GPR158,1.3763130073694534
NALCN,1.514898255247244
DGCR2,0.15296888363736819
PCDHB14,1.0642168661994882
LRFN5,8.206432641227206
NLGN4Y,-0.22085385309633515
KCND1,0.33221814523442683
KCNS2,0.3072918639230482
LRRTM3,3.150002627438416
FSTL5,2.425921304939982
FBXO2,0.22561516014403832
FSTL4,1.803045763238592
VIPR2,-1.4334664323830342
KCNJ14,-0.04595810901071006
SNRPN,-0.41947702269478204
MAGEL2,0.10461622805818105
GDF3,-1.414398300566729
NIPA1,-0.5946807378351378
ZFP42,-0.8268595746300075
FOXD3,-1.20851779331491
UTF1,-1.0417833901909201
MCOLN3,1.964667296537921
TUBGCP5,-0.3481262063328958
RIMS3,0.4293016087785429
ASIC4,0.7117738756612005
UNC80,1.978287105056105
KCNQ5,0.12361313715307037
MAFA,-0.7185272864545866
GLIS3,-0.8638566172554997
GIPR,0.34080045212782734
MNX1,-1.131221998555034
JAZF1,-0.7760886397811275
SPDYE4,-0.10054487452122238
C2CD4B,-0.6222514022586052
ZBED3,-0.3692084322121784
SLC26A11,-0.840161421488292
TM6SF2,-0.6814890169894663
GMIP,0.10271719491784817
SOAT2,-0.6115826807465278
PRLH,-1.0116052885823068
STRA6,-0.9727791706339413
TEF,-0.16029954416210046
GHRHR,-1.6018769714295353
SSTR5,-0.3259431304395028
SLC35D3,-0.6230808844590531
ZNF267,-0.40773141321801515
ADGRG5,1.6332388230354327
SLC39A1,-0.9181862446989998
GRAMD1B,-0.4399568177777038
TBC1D10B,1.0488144847505745
RFNG,3.5828834202725033
PCDH7,1.4491183039557223
GPR107,0.3586394630702015
SLC38A5,0.5013666427629023
GPR108,-0.6110118422161667
GPR137,2.0117304809093306
CCNY,-0.3447494342010694
TMEM41A,-0.46866366062805503
MFSD8,-0.5403585997721063
OCA2,-1.105655380050373
PCSK4,-1.3008756560576513
CCNYL1,-0.4229270840310627
TMEM175,0.1097981667825483
MGAT4B,-0.8026554080882872
YIPF4,-1.0054512615337616
SELENOO,-0.7357098172853123
XKR8,-0.5690436517466781
PLPPR2,-0.607937460735334
PLPPR3,-0.8990398877249746
SH3GLB2,-0.6331420544922891
PALM,1.2839133447628295
CRELD1,0.4690681120482065
RHBDD3,-0.2769810037737373
ADPRH,0.020691400658007834
MORN5,-0.5337522589384223
C17orf75,-0.6989610379701691
FLYWCH2,-0.33917302302597835
PROSER2,-0.3728597704473536
CCDC120,-0.291401045162248
ENKD1,-0.21592655336201985
SLC7A3,-0.9328423080822981
AQP4,-0.27066909797712063
PRXL2B,0.007881644177318167
EEF2KMT,0.9621948005707276
SLC8B1,1.0177685996564554
GPR37,2.5075210476811542
SLC52A3,-0.8021097412158562
SLC4A3,0.11606067844319772
SLC52A2,-0.8282294551452026
SLC52A1,-0.5736848163877836
SLC41A1,-0.7428330900071399
SLC4A9,-0.7150210465241235
SLC13A1,0.08913487099707401
SLC35F1,0.7095582298901666
SLC4A5,0.593005464517787
SNPH,-0.06454784518145375
ADAMTSL2,1.0673201916988324
RASAL1,0.03455960849939034
SLCO5A1,-0.48525593346507917
NPAS1,-0.9797826126318133
DNAH7,-0.53455834594476
MTSS2,2.1706479199456785
SLC39A2,2.3367721424238423
CHST1,-0.7789396638367835
SLC13A4,0.9547049605030147
SLC12A8,0.5934128031601007
SLC26A7,-0.7655651173116658
SLC10A5,-0.6464979398436648
SLC35A4,-0.546621555541503
SLC16A5,0.4780250115181887
SLC43A2,-0.5524048310061952
SLC17A9,0.960459586413127
SLC2A6,0.9093718934973077
TMC2,-0.6222074130899126
TNFSF12-TNFSF13,0.1305178490630913
ZC3H11A,0.025372829938238473
ZNF579,-0.01128448485937496
INO80E,-0.6979430879740134
ZNF385A,-0.5313789031307699
ZNF48,0.5502642118581211
GZF1,-0.07047753569455177
ZBED6,2.1812484876690554
BNIPL,-0.3654722278873849
CPA2,-1.1326800395426917
SYCN,-0.8054391801743821
CUZD1,-0.8198141488366621
REG3G,-1.0651187634136206
ERP27,0.7324824227160249
SPINK1,-1.133554186871438
KLK1,-0.02753607587300593
CELA2A,-0.8343901249433198
RNASE7,-0.9069256078223683
SENP8,-0.209406836574849
PDZK1IP1,2.306549161290981
DEFA6,-1.089747048362532
REG4,-0.7324309322432156
CCN5,-0.8650380730080085
PDE6B,-0.7126024552473481
GUCY2F,-1.1313062347317524
GRK1,-1.0227169802943166
GUCY2D,-1.0699703432616758
GUCA1C,-0.8047554384548943
AIPL1,-0.9768804046449072
ROM1,-0.6937393174253799
RPGR,-0.5191450694344405
RP1,-0.585419853547393
OPN1LW,-1.0314692140862043
RGR,-0.8045866107863786
RBP3,-0.8987994168857961
BEST1,-0.8693950211912217
IMPG2,-0.688498756861066
LRAT,0.2943285911747667
CERKL,-0.5645366999842326
IMPG1,-0.8703894459331858
RD3,-0.6453956407251245
EYS,-0.48297240048635603
KCNV2,1.647489949484631
WDR17,-0.3822668971569291
NXNL1,-0.8541667486151805
BBS12,-0.05603155657623794
PCARE,-0.48433667748887776
MFRP,-0.46266906736095226
SPATA7,-0.3229504245696091
MAK,-0.3012430126145661
ZNF513,-0.6100414113449923
CLRN1,-0.6566588175738913
OPN4,-1.3052306362469324
CC2D2A,2.0551721637836997
CRYBA1,-0.24348822937577072
RAX2,-1.0005514484875315
LCA5,0.176096711750399
SEMA4A,-0.037853460482036534
CCDC66,-0.6651700327126694
EPX,-1.1259743704460938
PCDH15,0.7176662503361124
CNGA1,-0.19186344813951658
MPP4,-0.8579296374087879
GPR179,2.896367552440954
PIWIL1,-0.6099203380397243
CRYGD,0.13913949897455655
USH1G,-0.5262815543309828
CDHR1,1.5252124660323063
KCNJ16,0.042700121013484575
KCNJ15,0.02334118381784367
KCNA7,0.3052306300087998
KCNK17,2.0575788773058528
KCNK6,0.12868858832412844
KCNK16,0.3899289339067158
KCNK5,0.10710410431353143
KCNJ1,-0.2928653259574427
KCNA10,-0.21389632385016888
KCNE2,1.9148906628702995
KCNK7,0.2421906740330155
KCNV1,2.1976584812641677
KCNE3,-0.015593524955629256
KCNS3,0.0732994719369898
KCNK4,1.9190850594688789
KCNK15,0.38111985229565
TRPM8,-0.3660190678838117
CLCN2,-0.4553374351641494
ANO1,-0.6949576848938935
KCNG3,0.48562155741069984
KCNG4,0.3063835340029454
LRRC8E,-0.5389387129666233
KCNG1,0.3029434092009813
KCNJ18,0.18894910851269156
NAV1,-0.09993046864506851
LONRF1,-0.11688586326173117
CLCNKA,-0.5974522558137789
PKD2L1,-0.07294047478561566
HS3ST2,-0.8402466246903212
EYA4,-0.9938258046907416
MLNR,0.5572842442587285
SCNN1G,-0.7044015814727688
DNASE2B,-0.6648824055697639
BEST2,-0.913660260705691
RGS16,1.4836830014580353
ANGPT4,-0.9794760770439538
SLC45A3,-0.6611278291734342
AQP10,-0.5006726402096378
SCGB1D2,-0.8266777220263791
WBP1,-0.6807222269390477
VSIG1,1.4144134780338904
SLC2A12,-0.7431157949854772
SEL1L2,-0.3223344325631019
STOML1,-0.11178779223515463
MFSD4A,-0.5148799554694019
LIPF,-0.35240161549573834
FSCB,-0.7109244267318762
OR6A2,-1.3280241882719874
LARP6,3.3878259411142873
MIS18BP1,-0.6939143084127745
PRR11,-0.541688132832236
THAP3,3.4446698075537876
H3C2,1.2508882416774698
H2BC8,0.6959136855511192
H2BC6,1.1797305901773625
H2BC10,1.4950407015721525
SPO11,-0.8508106268650307
ZNG1F,-0.5331832081202907
MYEF2,-0.2950942427555263
TEX30,-0.8626850964924377
RBMX2,-0.9733185413287322
METTL4,-0.2557022985399999
METTL16,-0.6841430022082291
PAQR4,-0.2889156828228216
TBC1D31,-0.7945515942854674
NUDT4,-0.46370320197078574
LSM14B,-0.2644384093346891
CENPL,-0.6080355279418862
KRT78,-0.38054574684397346
TMEM237,1.3938809369617402
G2E3,0.3964944309576826
FIGN,0.40723893791130655
PSRC1,-0.2735141701074186
KMT5A,0.6364755789373435
CTNNAL1,0.5210484723089726
THUMPD2,1.3984799437852415
ERI1,-0.8483351831924967
TMEM123,-0.2622855153260321
ISL2,-0.7884654148902864
BTG3,1.4026194145191495
CEP43,1.5660784245109267
KLHL23,3.65981097334138
ENTPD7,-0.7739047569461903
TMEM263,-0.6894539800429236
MTMR10,-0.27291974047213335
RNF41,1.8068200504343928
GCNA,-0.2201630166601935
USP37,0.722464654619592
UBE2Q2,1.7797847342085953
FAM177A1,1.1599786887487187
ZBTB41,-0.6828516857141944
SPOPL,-0.2588263175308343
GADD45G,1.8485202077756808
HSFY1,0.7776658437390056
EEF1AKMT4,-0.5289910290122224
DELE1,3.54423378600844
KNDC1,0.030764045998017
LRRC61,4.614939423159254
HOXC9,-0.9893941525365283
FGFR1OP2,-1.0080902041333655
EFHD1,-0.42366361645804634
CPA5,-0.6469619962422454
TNIP3,0.029887069156724375
FAM185A,2.00129377912242
SPATA22,-0.8845451827084743
NAP1L3,-0.19180808936303312
ZNF19,0.28310425776078574
NSMF,-0.37093939826483496
ZSCAN22,3.029924665609101
PRELID3A,0.45426766064408713
PPDPF,0.3241746531034215
FLYWCH1,0.8582403072432577
LGALS9C,-0.6104122469742718
PPHLN1,-0.38662569882722714
ITPRIP,-0.431502883107306
SLC10A4,-0.6505693070034488
GJB6,-0.6420204809284823
FBN3,-0.5249343217054919
CRYBB2,0.2458646296468191
KIF21B,-0.4469123091980847
SLC16A2,-0.020237892504701763
NCR3LG1,-0.40839566277827116
CLDN7,-0.9473331690110917
MID2,1.5701255677009156
IGSF1,-0.6202579493736454
KLHL15,1.9424346237236843
S100A3,-0.7884791881957102
DNAH17,-0.4745105199863544
EDA,-1.256381208438114
HEATR4,4.67344992074161
ZNF277,0.09278132828432116
TMPRSS11E,-0.8752533995256572
HHATL,1.0766578461187373
LIAT1,-0.5314445012026077
H2AC13,1.1673779410577536
MTCL3,0.4591222326164733
H3C3,1.279334901882466
H3C4,1.5035886498320525
H3C8,1.3786463728357368
H3C10,1.3620466968986238
H3C11,1.4936998934940016
CARD14,-0.8135926419476766
CARD10,-0.051233183438222446
PLCL2,-0.3405268241199607
PHACTR1,3.459230758405991
APOBEC3C,3.033987429722614
TM6SF1,-0.6688942381494671
SEMA4D,1.9209078424125392
B4GALT2,-0.5415498631221521
ST3GAL3,0.6702975531009858
B3GNT2,-0.9262124881286713
B4GALT5,-1.1032886243050506
MGAT4A,-0.8695302242690702
B4GAT1,-0.5406039622463986
B3GNT7,-0.7887481205871278
MGAT5,-0.6598609950983184
B3GNT4,-0.962139176109044
CHST2,-0.9864479138280899
MGAT4C,-0.5474487891804943
MGAT4D,-0.4704974671905536
OVGP1,-1.0868395312669377
ZP1,-1.1402373829379604
CHST6,-0.6773597609698951
MGAT3,-0.9260293857114091
ST6GAL2,-0.6707149110551007
B3GNT5,-0.6538660208191946
FUT5,-0.968108278436923
FUT6,-0.7993566409836133
FUT3,-0.3878940470791506
LARGE2,-0.8767348674741057
XXYLT1,-0.5638210766727658
LARGE1,-0.7935850493715847
POFUT1,-0.2303187239804676
ST8SIA6,-0.7159079927545322
GXYLT1,-0.5083695565205663
EOGT,-0.7461748717843002
SLC35D2,-0.6814984607627331
OR10G4,-1.1296453133569393
B3GNT8,-0.7523661671500415
POMGNT2,-0.7846489234187578
CHST10,-0.9193397790503369
B3GAT2,-0.8391278544076672
B3GALT2,-0.271242064709398
B3GNT6,-0.8165651106177625
B4GALNT4,-0.8062401492854713
C1GALT1C1,-1.0183840172050755
C1GALT1,-0.716323631068622
A3GALT2,-0.04075170661485883
FUT10,-0.8646545341914564
FAM234B,-0.5016146976094565
TMEM30B,1.2643532555786074
HTR3C,0.5700900645550956
ST6GALNAC4,-0.29308125536199847
GALNT17,-0.579704482294325
ADAM20,-1.2922594094249527
GALNT10,-0.15571844370644403
ST8SIA4,-0.645125105532518
GALNT4,-0.827264632399017
GALNT12,0.553614095285902
GALNT18,-0.5478058889941206
MANEAL,-0.43239376972643745
GOLM1,0.09530350090735419
XYLT2,-1.0801520739632584
GXYLT2,0.27724682397037453
ASPHD2,-0.39383476104189036
LMF1,-0.22134904547024584
ARL15,-0.47164541097100104
CGRRF1,-0.6698194922898719
PCP4L1,0.9330035986968019
CHPF,-0.8049028844422735
CYB5D2,-0.5874007619273918
GORASP1,-1.0087230687277513
CNIH3,-0.48909867049380656
FEZ1,-0.5303253743992484
DPP10,2.7674737930397324
GSG1L,0.41566241379658286
NSG2,-0.09975429874489526
LRRTM4,0.7237713788438445
EPHA1,-0.5275447620752018
FLRT1,-0.33625222436526453
TMEM130,-0.3530379557283532
NSG1,0.7655731680656503
HCRTR1,-1.0145660992841041
BPY2,-0.5326739397345422
SIM2,-0.9647105243478195
SCG3,-0.3408533689992159
GDAP1L1,-0.012549102559208039
BLCAP,-0.382753687821951
CPEB1,-0.27407179271179405
CDH20,1.324786468907945
PSD2,0.2798191146431989
TENM1,0.22244851637050495
BEX1,-0.5505168482734587
ADGRB2,0.5895142020483076
ZNF536,0.5812341895619622
CRTAC1,-0.48805332414371316
JAM2,-0.3703828465736416
MROH1,-0.30273355712401495
TTC8,0.17388946112117568
STK17A,0.29284557038728654
DUSP23,-0.5825541105456163
ZBTB22,0.2522884340660804
PLSCR3,-0.7020793229005738
HCFC1R1,0.045592099363017696
ZNF358,0.8426837385203902
SIGIRR,3.456091235040119
P4HTM,11.880932531983563
PAXX,-0.6610688029236996
TMEM134,-0.02370394804141226
CCDC106,-0.027380733128171547
METRN,-0.21667519931948012
ZNF580,1.099492264697113
RUSF1,-0.5337636902383791
IFT172,1.3152698591536718
ARMCX2,0.25406582555179447
ZNF648,0.39750215944220435
ZNF530,0.4209851253771065
EVA1B,1.5405744067679183
TPRA1,-0.7529794734981232
SMIM20,-0.4791160042475605
GRAMD2B,-0.676936825591059
RABL6,2.789024885203998
PIGP,2.420462292213161
MAGEA1,-0.06559165512372973
CIBAR1,-0.3230714698355837
CPN2,0.5432989886972964
RSPH4A,-0.6184829753808507
SERPINA10,0.9195981352476537
PGLYRP2,1.8497119318716289
LDLRAD3,-0.24184169407955972
CMIP,-0.43998048709593307
SERPINA11,1.658221424646688
C1RL,1.297456989100912
GPR152,0.5448902064379837
ATRN,-0.6509654955947899
OR1F1,-0.45905415782062386
OR1E2,-0.22474219805066795
OR10H2,-1.586276455152057
KRT37,-0.310704670051179
ADAM29,-0.63761680166946
KRT38,-0.6976644018223497
GDF2,-1.359133211651176
OR2C1,-1.367692900260214
ASIC5,-0.6165660568878837
OR1E1,-1.2108669986136056
OR10H1,-1.3072309562413211
MAS1,-1.2641746950849364
SLC17A2,-0.8275177261257924
INHBC,-0.9621017649650473
SHE,-0.5411071691207263
UBE2U,2.389758547754832
TRMT10A,-0.4625641339319541
OR2A4,-0.6591149267513379
PI4K2B,0.17653015856863943
DDIAS,-1.2776440857630207
HACE1,-0.20324734816536438
MFSD14B,-0.7034045115182791
NSMAF,-0.9457602374796125
RBP2,-0.7811387352654932
FBXL13,-0.23641751194462876
HHAT,-0.7163881552278513
TRAPPC2B,-0.43615069866757417
C14orf119,0.3777593738124418
TSPYL6,-0.368348974423291
ZNF581,0.42083845446689633
ZNF512,-0.2597686775133796
PCSK6,-0.7056354632048664
CENPB,-0.3733779685066039
SLC44A3,-0.5448468688547203
MOB3C,-0.14000007401263218
CFAP141,-0.4079784409720625
ZDHHC19,0.9408422493155344
RNFT1,0.38229685006615677
SENP2,1.3907932311349496
ASB7,-0.3460323000122678
AKNA,-0.19127208977601082
ZC4H2,-0.14548919353177284
ZNF596,1.1710193888302138
AQP11,-0.5312712149334016
CSN3,-0.7534867128619945
CSN1S1,-0.7741193401640702
STAP1,-0.4664851542229049
ELF4,-0.18583372612872362
WASH2P,-0.27459933320573826
DMRTA1,-0.32848035411543813
ADAM32,-0.8866088025115759
LGALS14,0.24901367939276736
ZNF410,0.6557957306833399
ZIM2,-0.29784124740991524
ZNF362,4.619988730032336
TECTB,-0.2785383344085786
STK16,-0.10559630101086243
SLC7A10,-0.7171566313051265
HAS1,-0.8294126662679357
MST1,-0.5521461884355805
ALKBH5,-0.9385871268350257
PLEKHG4B,-0.272462552538748
PLEKHG7,3.294063816484686
ARHGAP23,0.35860816893810155
YPEL1,1.4019158715204332
CBLL1,-0.13165006564377837
METTL8,-0.4078641516076004
GABPB2,-0.41422197047498643
TLX3,-0.6721398822949851
SLC29A3,-0.9714071655701503
ATG16L2,-0.7637638743931512
CORO7,-0.7730754313848824
NINJ1,2.0588919255253817
EHBP1L1,-0.7696267126644091
PLEKHN1,0.5889701073408571
RHBDF2,0.42451693715559324
RIN2,-0.45493796945644127
SH3TC1,-0.5165723903961292
GPRC5D,-0.6243927147917984
PATE1,-0.4859989159448335
APBA3,-0.004628586760312132
DUSP21,-0.6903448810216793
STPG2,-0.13640380709143968
HMGB4,0.7846937518258749
CIMIP4,-0.8222526553626348
H2BW1,0.2746716184086565
SPAG11B,-1.1976444553551004
KLHL17,2.627891178871945
TEX13A,-0.8788785830276943
ANP32D,-0.561973251120717
ZFP37,-0.29999957569888486
OR5M3,-0.9531663726053229
TTC33,-0.7809902594122016
L3MBTL3,-0.5242245136009368
HMBOX1,1.206086348742315
PXK,-0.4561792811526316
SENP7,-0.22317848725498507
AMER1,-0.4775962899576281
TSC22D4,-0.6617434248144793
ZNF518A,-0.7650690616087161
NRBF2,-0.7054145975958701
MTUS2,0.7419275218747622
CCNB1IP1,-0.2807316633604206
DNAAF6,1.3320544782457147
STAC2,0.5050251073627648
C19orf47,0.07378928046019832
KIF24,0.03368722644881934
CCDC172,1.3538624804510653
CTAG2,-0.8727598883011829
ZSCAN23,6.189015144660629
AVPI1,2.116021977652605
KCTD1,-0.1916797287215328
GOLGA6A,-0.16839367909242922
KIAA1328,1.8255409401012963
TIFA,-0.23284016419760678
EPHA8,0.5196968864053312
MORN3,-0.33969221155551244
VANGL2,1.2768393542001824
CELSR2,0.982949661110791
GDF10,-1.2909784921739251
CDH6,0.43304214517269574
DLEC1,-0.6951941048526531
ADORA2A,-0.4243065329838202
CGB7,-0.8305651878662421
EDN3,-1.578663745427553
FRAT2,-0.7204220767847567
TBX4,-1.0087493004998365
AGTR2,-1.7040999660811438
TGIF2,-0.8068363734188446
RANBP3,-0.5143524569609464
PTPN9,-0.7283037692451662
PTPN20,-0.5937560396682195
SKOR2,-0.9599519190835738
ZNF83,2.341289812552502
ZDHHC4,0.7680049050754286
CPTP,0.3045130487230048
SBK3,-0.5610800235051635
GDF1,-0.5183027214118053
ST6GALNAC2,-0.812234509630393
CXXC5,1.7656910896438534
DSPP,-1.0765404921393815
ZNF8,0.204653475604604
PRDM4,-0.49515134875833383
PITX1,-0.9127764785133907
PCDH1,-0.32484656437254716
TOB1,-0.7277975199767379
HOXC11,-1.0716850378321698
LRCH1,-0.6746612468562718
FAM83G,1.112065347379373
TRIM62,0.22541017385618173
ZBTB3,4.371118963364386
LGALS9B,-0.6479935001758383
TOB2,0.020901026289275464
TEKT4,-0.5625113739537916
ZNF251,0.29163462574057175
ZSCAN10,1.1385453562802883
ZIC3,-0.8417102944812183
ELAC1,-0.33391443069637855
PSG2,-0.486433083301885
SOX12,-0.9506733943339707
NKX3-2,-1.1479932081720987
TCTA,0.1382343154545795
DAND5,-0.8004334259219456
HAMP,-1.0843109671168867
AOPEP,-0.7458633996911884
LHX4,1.4579194141404226
TSTD2,-0.1889463500980482
TENM3,0.20589999041614007
CENPC,-0.7434901193573084
CNKSR1,-0.25558151419432085
CREBL2,-0.8460770436373163
SNAPC1,-0.984215574760793
TRIM47,0.8938120414165607
NEK10,1.6821052704254902
FBXL3,-0.23334493661242106
CCDC180,-0.38831285703822027
LYPD3,-0.919929758638656
ZBED5,0.7015139480227702
S100A14,-1.1243564626808853
FBXO30,-0.5202037538173305
PBK,-0.5253861714586019
C6orf47,1.967383635533593
ALX3,-1.100639111983719
NAT9,-0.4290501947854464
BMERB1,0.33853686283817347
RPL36A-HNRNPH2,-0.08945658015478805
TVP23A,0.09370302095621492
YPEL3,2.3952132507803787
TVP23C,0.8033688972605758
INPP5F,-0.1363386557523089
CCDC92,0.790088039197404
TLCD3B,1.0053497080991691
CCDC39,0.01442507803222344
EXD3,-0.1416158271338899
TCEAL2,1.1699836695650736
SPATA21,1.8090098032120887
POC1B,-0.6059937059129833
RNF144B,1.9992363778049511
LONRF3,0.19441926755262884
CMYA5,0.5346009629749532
KBTBD7,2.688132359060299
NEURL2,0.2859021165008135
RCBTB1,-0.5330580707927718
RUSC2,-0.4198365036760348
ACTRT1,-0.3428822919984785
NR2C2AP,-0.28470497086943114
KRT3,4.057189379477353
TRIM44,0.2738228515817275
IKBIP,-0.4401402667020053
ANXA2P2,-0.16572674862303544
PPP1R14B,-0.014442643302820466
KIF2B,-0.4201115196022962
WFDC8,-1.0802885611630808
SLC36A3,-0.7657058557226181
SEPTIN12,-0.5086968122290975
CFAP276,-0.30589027727763246
ULK4,-0.3620781697401651
CFAP74,-0.25649826198532605
CLDN18,-0.9413489551813498
RTL8B,-0.16678542689156317
ZNF564,1.2342686704708237
HSBP1L1,-0.3250535189609413
FBXL8,-0.09040754064820238
GRXCR1,-0.5376889876245844
LRRC45,0.20649057872507723
JRK,-0.2003477788051006
SPMIP5,-1.008807392183093
BCL7A,-0.6783004704250792
TTC23,-0.6167510730675125
HBM,-0.7811258675901763
TMCC2,-0.48314859477785027
CDAN1,-0.562378593354205
IFIT1B,0.1292921178110342
GP9,-0.3366026035596434
ICAM4,0.7217155266525616
RWDD3,-0.46440188145424344
SUMO1P1,0.2875098608845064
SYF2,-1.294884309893247
PRPF18,-0.39321164584140683
RPAP2,-0.9146190964734383
ZNF567,0.5141468367799104
CMTR2,-0.7595601094347316
C2orf49,-0.8166394741735559
MEAF6,-0.641208820723015
NAA35,-1.0358324980774973
USP48,0.48852015304094215
GRAMD1C,-0.2501644891536427
RGPD2,-0.7456154305226053
SINHCAF,-0.6471511545237241
IMPACT,-1.0961103092946056
ZNF22,-0.4933190127670044
RNF6,-0.22220546228586455
ZNF302,1.842134786946371
DNTTIP2,-0.26691273939966537
CDV3,-0.5292631093590271
MZT1,-0.2189422937032058
AIRIM,0.3632287403142919
IFT57,1.918181093367062
UNC79,-0.3980516652144628
RNF34,0.34422909532203383
FBXW9,-0.1459622878956279
FAM89A,0.06822168710200946
BCL2L2-PABPN1,0.0010439391990397057
OR12D3,1.2860384264374922
MT1H,-0.39816333934142595
MIOX,-0.6514201101792342
SLURP1,-0.8553017454428727
MT1G,-0.49385828309938123
MUC17,-0.7287394950819829
SEC14L2,-0.5247541570083054
DNAJC22,-0.5533897847334549
CLTRN,-0.9619582058948454
SCGB1A1,-0.8268702870572527
RNF186,-0.019431820026954337
ODAD2,-0.6645756212209958
CDHR2,-0.39897871990609546
LRRC19,-0.22415003757997037
PODXL2,1.8969779908817763
GPRC5B,-0.4835965240385142
ERMN,0.11646272485199043
PCYOX1L,-0.8485277658543029
SPAG17,-0.7324880936284334
SOX8,-0.13277761956064574
UPK1A,-0.5612565803137549
NLRC4,-0.6659244617948338
TICAM1,1.0565776563529503
TICAM2,-0.8320179412475125
DEDD2,-0.2757828079829688
MEFV,-0.49991896557753823
CARD8,-0.5048983304474273
BLID,0.04429367398519589
NLRP6,-0.5951612864736224
KLK9,-1.1046687742940564
BFAR,-0.41985498818119726
TMEM219,-0.24228116676881853
DTX3L,0.4109910125694015
PARP9,2.3192121031576285
HECTD3,-0.6993754322627357
PARP10,1.0495587354907125
PLIN4,-0.49522003942094067
AGR3,-0.5128630389717922
SCGB2A2,0.9724237167620666
KLK5,-0.9545328300534942
ECE2,-1.1096648559738544
APOL6,2.994637282208526
OMP,-1.2730888813160772
TMEM95,0.6386584147996879
CMPK2,0.6652464227444362
SH3TC2,-0.7268645618385726
PKD1L3,-0.42101113735448
CYB5RL,-0.7271904499288667
TRMT2B,-0.7261646805216181
SLC29A2,-0.08523797763786985
FAM86B1,-0.444444647936685
ZCCHC4,-0.592273157335611
DET1,2.4611795048217577
PKDREJ,-0.6143671936562253
TXNL4B,-0.42094403798605057
ZNF7,-0.08859856232406174
KIAA0586,0.06572724100876405
EPPIN,-0.8418529635968242
ZNF227,0.4531467065578908
CDC42EP3,-0.33537037594861907
USP50,1.4547111138869098
TPTE2,-0.3014205249057176
ZNF473,0.6185198620338956
ZNF200,0.9228890023328483
CDC20B,0.6567849772104927
PKIB,-0.4778577176747469
PSG5,-1.0784814530127942
EAPP,-0.7060350435890764
BRME1,-0.1340688565621007
PRMT2,0.18952099201342437
NPDC1,-0.27337376673075536
TFDP3,-0.6311743808142987
PXMP4,1.27999154842479
RNF144A,1.4212267869125723
SAPCD2,0.16486136550044422
MCIDAS,-0.6935543746521038
DCAF4,-0.6457930212853573
RIBC2,0.18647637023973018
NHLH1,-1.0425425656979534
SPDEF,-0.952435807800118
TRMT13,-0.8849474851236961
OAZ2,-0.24851661234849848
NAGPA,-0.5686861252272084
CKLF,-0.49806885937567813
C9orf43,-0.6370721693837769
STK19,0.0916034898029001
ZNF142,0.5075798372598832
RLN1,-0.9786260824707231
FERRY3,0.6332404804330373
CREBZF,-0.6443783935066552
CDKL3,1.3181634760335117
TESK2,0.1408108135237477
ZNF346,-0.4686226038612794
AP4B1,-0.8135995019480438
RLN2,-0.9299769518078831
DIRAS3,-0.2075024450683497
AP1AR,-0.556967193039858
SSBP3,-0.609482170884003
ANAPC16,-0.20453169887658984
RFPL2,0.4469937528642975
ZNF454,0.5914531712518971
C17orf49,-0.5740474654722849
KMT5C,1.9615750826389973
MSL3,-0.4626583661225054
KLK11,-1.1145952964068004
RABGAP1L,2.011451269733365
ZNF669,0.33967650203946337
PHF11,1.9454770482109727
SFMBT1,-0.8089517723576362
ZNF45,1.3341985856619256
ZNF354A,0.10016186796206342
ZNF689,1.9886668092200823
ZNF184,2.3261858739003745
MIS12,-0.4997838971817843
ASB12,1.0760382211805322
PPIP5K1,-0.4662717407826813
CDKL4,-0.33905505277228853
TRMT9B,-0.43336842902294626
IRGC,-0.4519735422762137
PABIR3,-0.6871590550253263
ZNF41,2.8760302715277777
ZNF81,0.3342454014760961
TMEM139,5.111951667703616
COP1,0.6641392057310389
ARHGAP18,-0.261911280297487
RGPD1,-0.6799216644333839
SYNE4,-0.8416690746537325
RBM12B,-0.3236974555385347
WNK3,-0.3454225965709398
ZNF197,3.344538887072273
DNAI4,-0.49793323188071803
GREM2,-1.1012092692811208
BMPER,-0.3700669700618274
SAMD5,-0.024507199449861614
RANBP3L,0.28423093339077865
RGMA,-0.5995420434301444
NANOS2,-0.8731697819228194
PLEKHO1,-0.004316395533295914
IPPK,-0.4596975888545003
SSMEM1,-0.6737280433180096
RGMB,-0.7515402029029739
MIER3,-0.6798091745733352
SYCP3,-0.1489706833660738
ANKRD13C,-1.1496879576320589
ARK2C,1.6559661554097744
RASL11B,-0.4894281998676642
SIX2,-1.303681093906215
PRRX2,-0.9654273046516618
MEGF6,-0.22814595414727465
SLC22A17,-0.6434786615457447
TBC1D8B,-0.03736273757093035
LYRM1,-0.34077926951589094
CD99,0.04499480964393625
ELL3,-0.32709338233508634
TGM5,-0.41231311053118114
ASB15,-0.308066183627555
CAPNS2,-0.5593228798601934
TREX2,3.425333026535645
SNX21,1.585682704520677
CRNN,-0.7566395724257499
NLRP12,0.20718482253148376
SCHIP1,-0.46241042212525185
TPRG1L,-0.03724321558542794
MT1F,-0.17974232045865862
ZFAND3,2.4683773492488625
NEK5,0.7287945079345127
PGBD2,4.126775809617343
B3GNTL1,-0.5807976377192186
MROH6,-1.0898032097284167
PGBD5,5.766295401527628
SBK1,0.38597309209109254
DCAF17,-0.7409581499415328
ZNF558,0.3527857989191739
SPINK7,-0.9169945810288376
CLEC4G,-0.5910130056504701
DCDC2,0.19443051203218908
PSENEN,0.6075985705808394
POLR2M,-0.5710587079810217
MT1A,-0.3227053436483498
UBE2DNL,0.04131354405461703
IGDCC3,0.049031863778597036
ENPP5,-0.8288200805002611
NUDT16,1.2206688301917397
TBC1D8,-0.41669774549346983
NMRK1,-0.13040849052176542
INSC,-0.521649023713036
STK36,-0.07687061747531675
UCMA,-0.6779802601114242
PARP15,0.058973154465225296
SPINK13,-1.0197786340530135
HEPACAM,-0.08423185733731581
MEGF10,2.59109506110831
NIM1K,0.27879948071619387
TDRKH,-0.7540905494629305
ASB2,-0.34802194042413553
TBXAS1,-0.6189527633950969
OSBPL5,1.6002724964629336
PTGER2,-1.0442773044872922
XAGE1A,1.4751719244693542
CHTF8,-0.492846944607953
RAD9B,-0.8040973242816292
FIGNL2,-0.7329225731086544
OAS3,0.8863113065812904
USP43,0.7810833831391002
DERPC,-0.3681498037993385
CACTIN,-1.3039065260289795
WDR53,1.1967708891875242
HMCES,-0.6979141111598414
WDR70,-1.1275543339512075
TBRG1,-0.6422873255468751
CENPP,-0.4007318539814686
STAG3,-0.45463997535307754
FAM111A,-0.4543970250197481
GCFC2,-1.147823550805622
CCDC137,-0.548339566262139
MZT2B,-0.25833454154268093
HUS1B,-0.6242234901226267
SELENOH,-0.33887957588902595
ZKSCAN4,5.496246750741631
REXO1,-0.054049745410708804
CEP44,-0.6232732540769238
FAM111B,-0.9380967542550955
ZCCHC3,0.9129110867543433
C5orf34,-0.821932728349677
ZNF326,-0.7755862186845208
CAPN12,-0.4001457850396465
N4BP3,0.023558854499629578
ZNF426,2.8497732621684166
MKRN1,-0.41369787732473295
ZGPAT,-0.28830984708353524
TDRD3,-0.9192899689316512
ZNF691,4.929452998799675
LRWD1,0.08107487721257867
ELP6,-0.4712339309708803
UBN2,-0.29985611098894743
SPIN2B,-0.13560955878543127
KBTBD6,0.3374001741319145
ZNF556,1.506867124815129
ZNF485,0.29042831889711646
GPATCH3,-0.4445531701781922
OR8B3,-0.9325218199723894
ASTL,-1.0369594053354756
ANO3,-0.6176003369737241
RPL17-C18orf32,-0.37271600135087735
FREM2,-0.45588454665350875
APOBEC3F,1.5100006292883372
PABPC4L,0.1343297264476315
ZNF770,0.7185796071563216
TATDN3,-0.09766895225004439
ENDOV,-0.5380860825546916
RBMXL1,-0.22333445805313581
TGM6,-0.20928259152422107
FYB2,-0.32790874691576094
CCNDBP1,-0.0740369784569442
ZNF550,-0.6829507345522849
ZNF2,0.2850193815070831
ZFP62,0.7284260602266167
HTRA4,-0.27309244213807415
ZNF777,0.6657852660233308
BHLHA15,-0.7351973610296542
APOL2,0.3321781473866117
C1orf131,-0.608546471867975
KBTBD8,2.9740124315633567
UNC5CL,-0.8460828085599913
MACROH2A2,0.6529598617689918
CASD1,-0.7861589143573035
VOPP1,-0.5306617753763896
ZCCHC17,-0.3741254520743807
LRRIQ3,-0.18436321779513226
SLC25A2,1.5743766962785408
CCM2,-0.18713677195386014
RIPPLY1,1.7805280113480946
BIRC7,0.7999028993292125
LENG9,-0.5716716079407462
CCDC24,-0.5208421358137879
DCHS1,1.2714334706987096
GCNT3,-0.9542529517716826
B3GNT9,-0.7118607207806077
GOLGA8J,0.05699695507369321
CHST11,-0.9490432162458495
MTMR11,0.0031535469032195826
ZXDA,-0.4751615061123672
GPR83,-0.6581735192604287
OR2T35,-0.8621896184499179
EDDM3A,-0.5958195062684126
FAM27E3,-0.545772202365912
MLF1,-0.0366875337378709
SPRR1A,-1.1427628838365333
ARHGAP6,-0.6921690039981497
FBXL18,-0.3340809050604994
KIR3DX1,-0.2432417949982649
EFCC1,-0.4459664451778735
INS-IGF2,-0.9720337322708933
CCDC82,-0.4807030753001459
HS6ST2,-0.9674918883444091
PELI2,-0.531184815984823
N4BP2L2,-0.9981874821961695
CCNP,-0.6014058033044629
CCNJL,-0.5346574600213826
GMNC,0.37762768490179643
USP27X,1.0373694857320332
CCNJ,-0.7287417451151178
SPDYA,-0.8435198360500599
PTGDR,-0.804498407404266
SPDYC,-0.7744165390103364
NEK3,-0.05488532395482373
TERB2,-1.0118591244105222
NOBOX,-0.32748085500005053
SPDYE1,-0.7904683567126431
SPDYE2,-0.8578155838106009
SPDYE2B,-0.8387534692589007
SPDYE3,-0.8730263426943805
SPDYE5,-0.7700861441595467
SPDYE6,-0.8462100672564264
CCNO,-0.6840915685695521
KIF3B,0.12312137995776072
TENT2,-0.6695221626044555
BLTP3B,-0.20180282688766357
ACKR4,-0.8624624928244591
FAM133B,-0.3720378571198606
PCED1A,0.4263596739937789
CCNI2,-0.5431990579718164
NCBP2AS2,-0.33644779946125486
KIF26B,-0.21213110487791878
ATMIN,-0.39510232502556514
DCAF10,-0.6779685683367346
MS4A3,1.896390835477225
OTP,-1.1280728893274228
CEP120,1.8909510540021812
SCAPER,2.444633572930776
LRRC4,0.5064552590854998
SMTNL2,0.8130309524917533
CCN3,-0.733042873048847
RNF157,0.8052516633128176
CCNQ,-0.5212102607182486
CEP63,-0.32380448738667367
FGD3,-0.6171492326884861
CAMLG,1.7690326210634908
FAM174A,-0.5950337458555655
RALGAPA1,-0.939777057371431
PEAR1,1.1829886545952704
NFAM1,-0.7226585191448863
CARMIL2,-0.5420039113283774
DLEU7,-0.814114879343497
TOX,-0.5029000490059561
SFI1,1.5619720821189944
VILL,-0.19041193425051542
P2RX5,-0.8966895443018853
FAM78A,-0.1804931733040486
ETV7,1.74325250464747
ZYG11B,0.3977487222518939
SNX29,-0.3639265974636396
RPP14,1.5901591545499276
TOGARAM1,-0.37610066601441117
CPEB2,0.07337776751390461
CSDC2,-0.09932311326373089
FAM72A,-0.41477702995000704
ALKBH8,-0.5236288135676913
FAM110D,-0.556347437238289
B9D2,1.9654305244022716
CENPT,-0.4385932473574245
UBE3D,-0.4568313242402474
CABLES2,-0.4914046650211098
GAS2L1,1.0122081357987933
CNPPD1,-0.3420705001651941
CHST15,-0.7104176656707972
HYLS1,-0.011138479222214405
GAS2L3,0.0348181936650844
POLR3D,-0.6588247614750216
AADACL3,3.443212393258436
CEP57L1,-0.21292459026491106
TRIM59,0.08956836017820587
ERCC6L2,-0.6935040888957071
AADACL4,-0.44934776589358777
WEE2,-1.0019727650619956
C4orf46,1.3819472368923922
TRIM36,-0.35010467356537545
CEP95,0.155582446018579
KIF7,-0.5018539298147601
FOXD4L1,-0.7520905132123692
FOXD4L3,-0.7018700793804304
FOXD4L4,-0.8397047901284116
FOXD2,-0.8526235929341693
RFPL1,0.5080046346311509
RFPL4A,-0.19412686531393897
CCDC138,-0.5606462540115968
C2orf69,0.26863907059174863
SPDYE16,-0.5332512398251404
PLK5,-0.6259780355637979
USP44,1.1740332447073376
DEUP1,1.5864677274896772
PITPNM1,-0.6272079602101125
B9D1,1.9483063206588567
C2CD3,1.8207245707284234
CCDC14,-0.041889448419145804
TUBE1,-0.06938214770941468
H2AC17,1.1954494343590236
CNTLN,-0.48476218085803807
INIP,-0.17764888886164606
CIR1,1.511470878806364
CEP295,-0.33975823641032094
FBXO33,-0.021955596214096824
POGLUT2,-0.5824050760826931
PTTG2,1.1664852271772868
FAM72B,-0.7306774483378548
HELB,-0.7230781506260914
FOXD1,-1.1447103047212008
NFE2L3,-0.24059179408006473
KIAA0753,-0.5120376667763699
RNF25,2.2896366779847126
CXCL14,0.5988873804262737
MPLKIP,0.21431210830932984
LRRC58,0.1407116758176694
KRT80,-0.5866729897534686
TTC17,-0.9301469499163608
AMIGO1,-0.2981948564183317
GABRR3,0.14784841406854435
ZACN,-0.49768058647740965
SLITRK1,0.5107720858701265
OLFM3,0.19402358423435437
PCDHB1,0.38044381033090935
ZMAT4,-0.17772888471458537
GPR50,-1.0775005434721734
SLC49A4,-0.826507996009569
HEATR5A,0.1416411858095772
SLC39A9,0.2296018061072114
LRRC8D,-0.5844232490069606
RNF38,-0.795554122220263
CMTR1,3.0630204090429314
ACTL8,1.0996626014199338
ZFY,-0.4873155205561542
CBARP,0.3427011173639875
PPP2R3A,-0.45871984201370364
NECAB3,3.5725600725140843
ACAP3,-0.3653930312134905
EFHC2,0.7669458584825357
TRO,-0.33086813339662463
N4BP2L1,-0.4639186543992856
NAA30,-0.401111355110638
TBC1D9,-0.3065333519849148
ZG16,-0.2583628701802447
ASIP,-1.2000299844453448
ZDHHC8,0.8808229563491805
LRRC41,0.5575824436571329
TAFA3,-0.6619804216642013
STARD8,-0.3589147908156588
CTXN3,0.9261179295808062
ARHGAP22,0.7245946434446837
UBE3B,1.6241822992003627
WHAMM,0.71163485176161
TP53I11,-0.6841369694648699
ALPK2,0.03595238145865607
MAGIX,-0.46231942402539505
CCT8L2,-0.5013907204601117
CIART,-0.5471725216683372
PASD1,0.6214287650015282
CIPC,-0.22177048581540637
ZNF44,0.10864465234963619
PM20D2,4.291361743045687
TUFT1,0.8132758259649794
ZNF174,3.1700707155034107
PHLDB3,0.36666610495970686
ZMYND12,-0.4201071260963421
DELEC1,-0.2749835162713776
RABGEF1,1.9574437359132744
ENAM,-0.8661571761352659
RHOXF1,-0.6762609049500934
MEIOB,-0.6366519751471468
ZMYND15,-0.1274394813381458
ALG10B,-0.5836957734524726
PGAP1,-0.8327004942146952
PGAP2,0.6170509481088727
PIGY,-0.5135343659536822
YDJC,-0.27139648035756314
RESF1,-0.38171244168814206
LRATD1,-0.335348038708217
ICE2,-1.0038011101705213
TCEAL9,-0.39987188646429084
PIGH,-0.6642327800196222
RNF139,1.1323043270702067
OSER1,-0.06460315389111079
RNF114,1.5474229992067259
C12orf57,-1.0384733249953688
PRR4,-0.7699023595702381
STATH,0.46438196203480947
HTN1,-1.2520254205924362
RSRP1,-0.32662018228980877
FAM118A,0.40010732531080573
MBD6,-0.3972670592459437
STEAP2,-0.506817630417757
MT1B,-0.2092227184001421
TRPM6,-0.36309248960234397
MT1HL1,-0.27305672300429346
PRG3,-0.4633804744981501
TXNDC2,0.24592657257465628
DUOX2,-1.0163876201370419
SLC30A2,1.9619926757133264
KLK12,-0.9775719561766779
TSPAN16,-0.5131637463196793
SLC36A2,-0.7841804187680328
LYST,-0.562822506735317
SLC50A1,0.37265822792411013
SLC30A4,-0.31658310280721347
MT4,-0.42232151246032074
RHBDL1,-0.47025895334173146
VPS35L,-0.3446753256491204
SPPL3,1.1463160534644927
DOP1A,-0.9860171601149224
BACE2,0.15677471363316253
MIGA1,-0.7689591862385511
KLHL24,2.2484943836882283
TMEM260,0.5226854561965928
JRKL,-0.23634593758524122
YIPF3,-0.800677411200176
TBC1D2B,-0.10080166301367614
SEL1L3,1.3894810423681254
PLEKHA5,0.6700963829306157
RTL8C,-0.3970416929897959
TMEM35B,-0.29626925634279155
PRSS53,-0.5946474605795498
SPTSSA,-0.7486090300369053
ZNF747,0.5262579208955912
ZNF668,0.7055047148639507
TMBIM4,-0.774827667203725
TMEM45B,-0.5920831993625472
CCDC167,0.670553119420298
ANKDD1B,-0.5551401422043163
EBPL,0.9128175133691653
CLMN,-0.24458512283763545
TXNDC15,-0.8066411925944008
TM4SF20,-0.011013078642595922
TMEM248,1.8811233207391636
SLC37A3,-0.6602840877652922
PLPP6,-0.17421787934923955
LRRC23,-0.3265150729093063
SCAMP4,0.3839996581373271
NEMP2,-0.4645683626380074
SEZ6L2,3.0884090832935955
ADAMTS13,-0.24638769693676774
TLL1,-0.5753645292872006
CR1L,-0.01625307895317986
ADAMTS10,-0.2909883336707271
PLSCR4,0.6292970461110918
PTGFR,-1.145954789057451
SMOC2,-0.6880119461685895
PCOLCE2,-0.42181345191975816
CPZ,-0.794178036814575
FAM209A,1.3185754203844682
FAM20A,0.36205125994333
LIPM,0.680230067576034
ARHGEF10L,-0.3349766863904702
MTHFSD,2.9275140445964203
DDO,0.10996723183225203
FAIM,0.20929366495450158
CREG2,-0.2135155609619995
SEMA3E,0.8969988658986083
SPATA13,0.8530358456326981
SEMA3B,0.6415766795090229
PALM3,-0.18017353036229897
PNLDC1,-0.40194951373918836
DXO,0.9808912865585291
GRHL3,-0.9822383502009367
PARP12,0.7393722505084943
TET3,-0.838872247830017
SPATC1,-0.23452750485762971
CHAMP1,0.030644381834895002
UQCC4,-0.3089510092113358
JMJD4,-0.48651841243640764
DNAJC17,-0.6076488159420346
TIGD5,0.13102905272389098
TSSC4,-0.4398252566406943
TRMT12,-0.3907081631007278
SMG5,0.5301203178492653
SPATS2,-0.6644709029787207
ZNF160,0.299925246893522
RUNDC3B,0.7355406474683898
DCST1,0.13063751683069036
FOXI3,-0.9248906169153482
FAM83B,0.44957755390400855
SPSB4,2.001741389737772
PARP3,0.03307242531145324
C2orf73,-0.5118744864218527
C4orf33,-0.5574321355389497
HENMT1,-0.4642149591585404
TESMIN,-0.5097388247850667
MUCL1,-0.5718951328958303
AREL1,0.4425590838748634
POLM,0.2606037081262462
UBALD1,-0.6694758343489313
LXN,2.952101847147116
ZNF526,0.033148534670311314
TECPR2,-0.1398078299435408
DENND2C,2.0953257163469696
QRICH2,-0.4947587162110736
FUT1,-0.3885000052407634
B4GALNT2,-0.6089070333647792
CD300LF,0.0018000326317225421
CD300LD,-0.6647300209062795
GLT6D1,-0.6636670055059203
ERMAP,-0.13235023813792235
MUC6,-0.7260045332980202
ST6GALNAC1,-0.7840625135883516
CDHR3,-0.2700629764594761
OBP2B,-1.1038698819165187
MUC12,-0.6420496039276236
FAM83E,-0.3681418263884161
MUC16,-0.7365423281345708
GALNT14,-0.5597668060923724
PRSS22,-1.2687546986577265
GGTLC3,-0.5316774868182518
CYSLTR2,-1.125137073240011
CYSLTR1,-1.1674959489888845
GGT2P,0.15042800040792498
CLDN3,-0.24257380960082212
GGTLC2,-1.0140190085987761
GCSAM,-0.21844606672260908
PPM1N,-0.4289560285093683
UPK3A,-0.898105768593223
CLEC11A,0.6189362932336704
CALHM5,0.8691278746190315
LPAR2,0.2154169163501353
CCDC152,1.4326105428109244
DPEP3,-0.18018330584765224
TMEM64,-0.5615230247907321
OSBPL2,-0.4457782763977499
OPN3,-0.573303883427715
CA14,-0.608478814684666
ANKRD13D,0.10284725754283217
DDX25,1.270331685890846
PRKRIP1,-0.8957386441928952
EIF4E3,-0.2140193464606483
SMG9,0.1116388686841995
TTI2,-0.5179820721867922
SOHLH1,-0.8914087836867529
GOLM2,-0.6267953455590305
EXOG,-0.40817080931853045
VTI1A,2.0181418803147597
TMED8,0.0849652831623765
NLRP5,-0.0733718430768952
CRYGC,-0.339819918789829
CSHL1,-1.3169921395064081
CRYGA,-0.12316215845445591
PTGER1,0.12566981558111068
CYLC2,-0.9926365555510857
GUCA1ANB-GUCA1A,0.24965575434656795
CRB1,-0.5466232550211513
FRMD7,-0.33628016690660334
TULP2,-0.6476807910725192
KLHL25,2.3144619722084387
TBC1D16,-0.4748146453547731
MTMR1,0.6623526046380351
DEFB1,-0.6821917320806153
SFTPD,-0.8497455088262356
CLEC6A,-0.6450604404468642
LCE4A,-0.8168300570183964
AZU1,-1.0813261627774267
KIF25,-0.3016949260551334
CLEC4M,-0.8548033924434948
OR12D2,-0.8820065357038192
TPSD1,-1.006235562952211
LCN1,-1.220035589273803
SLC22A14,-1.0293459295110359
FAM3A,0.11712983504643147
SLC10A3,-0.7419607227945884
SSBP4,-0.4637059714085943
EOLA1,-0.197761247349494
F8A1,-0.275044408661176
TRPT1,-0.09418264116247828
OSCAR,-0.884812844961254
DCSTAMP,-0.8078642579850394
PLET1,0.12761740729421292
CRACR2A,-0.529252783528901
FRMPD1,-0.7119041248162838
ANKRD20A1,-0.8349967218868518
LRRC28,0.0017815348035041742
NRROS,-0.6201580726705613
HOXC13,-1.093841973744658
SALL3,-0.11765085967367457
RNF128,0.2889688800555859
PRDM15,0.5657023801168521
GJC2,-0.5802003274386177
TBKBP1,-0.487991314195272
GPC6,0.11203778606550178
PRR16,-0.2617673191468832
TYW3,2.7086513070089415
NOX3,-0.7988838192399789
KLHL31,3.085639618738047
TMEM26,-0.7016138820225559
TSPYL4,2.024619714292844
RNF216,1.2770212255294595
H1-8,-0.17175582830944416
CCDC27,-0.8082754478960422
TRIM40,1.6785913181672651
PYDC1,-0.41953931064163735
ZNF268,0.38257899904919673
NLRP4,-0.5891110467800469
ALPK1,-0.450963214091868
COMMD7,-0.4212687711436257
INSYN2A,2.0735281838479174
AZI2,-0.6205434175592522
SASH1,1.719743414396133
DYNLT3,-0.4941159665306457
TLR6,-0.2376810832486398
MAP3K13,-0.3753779031713928
ANGPTL8,-1.0950999602091478
KHNYN,0.9428064117130623
ARRDC2,-0.04802408166646019
NBPF14,0.495759696140832
GSAP,-0.07785940540408061
IRX2,-1.0928567017896933
CRYBA2,-0.34071274887843617
C2CD4A,-0.09874612546850238
DNAH3,-0.47288848429966374
NKX6-2,-1.196336387140856
SERPINI2,-0.23778116672782898
OBP2A,-1.1278926471710908
TAS2R1,-1.1124698871584662
CST8,-1.1973304330057413
CENATAC,-0.6594982581260654
IPMK,-0.6180187979155274
TTC38,-0.2950441220183162
PDCL,-0.9633799115938851
DPH6,-0.6855401060259564
PPRC1,-0.0641514903929769
KLHL28,3.097095977233962
PABPC5,0.05696996667720153
ARHGAP11B,-0.5033864830627591
TMSB15B,-0.4633694900795245
ALLC,-0.4502768266901658
GATD1,-0.3804116780008872
TBX19,-0.9320772490872739
SP5,-0.7764428393848408
VWA2,-0.5673592135524927
C12orf43,-0.7681408968236537
RPAP1,0.6896329701406398
IFT52,-0.3359056403586067
TUT1,0.7384353261975929
SEPSECS,1.5618803871763622
CGREF1,-0.6274757875166922
TYRP1,-1.0754258768271927
TRPM1,0.0567981459263468
ADAMTS20,-0.7950582686841497
TCHH,-1.0178155098275123
MAGEC1,-0.8465983538863127
MC5R,-1.260632613175776
CD207,-0.9948685738145573
HHIPL2,-0.40781330398716387
ZNF280A,0.3402232168077933
SOX21,-1.1498373630038599
BFSP2,3.810119109137515
SPANXC,-0.8110002781714499
MIP,0.2702329583426015
PRSS21,-0.403851975397232
MIA,-0.7213584541375129
MC3R,-1.0877522794939534
ART1,-1.3431886410577043
OR1D2,-0.5438774151750154
OR51E2,-1.2069420012381455
SSUH2,-0.3315598465995811
WDR88,-0.4376861599221459
HRH2,-1.027368168939689
NANOS3,-0.3676190104965248
KLF17,-0.10612332317179828
LRP3,1.09873846893193
RIPPLY2,1.6359323664250756
PAX1,-1.2181322185095662
NKX1-2,-0.9792901909598919
MEX3A,-0.42289750532928566
TFF2,-0.7946486387646443
HOXA3,-1.0403022264784467
TRABD2B,-0.7106382941164391
NT5DC3,-0.13294656605988003
METTL25B,5.180177499811429
SLC25A27,1.4193233643420216
DGCR6L,0.167584774670108
LRRC24,3.162282390344817
IGDCC4,1.5940478704390115
CHSY3,-0.9012526843261252
A4GNT,-0.5280152495390597
GALNT13,-0.36712649025347527
ZDHHC2,0.6467686871317899
CSGALNACT1,-0.746577731425791
FAM241A,-0.40868900388287244
SLC46A3,-0.24352105089199227
WFDC1,-0.2695582145883917
TMEM255A,-0.5902144359781571
SPRR3,-0.9159052696991224
DEFB4A,-0.9754500193761115
LORICRIN,-0.8405560230893246
S100A5,-0.683476200964865
SPINK5,-0.7325123080913513
SPRR2A,-0.9691405064848108
SPRR2D,-0.8713494719140565
SPRR2E,-0.9075612530483426
LCE3E,-0.757945952504803
DEFB4B,-0.8539312660736006
S100Z,-0.7324652893744735
LCE1A,-0.7502773639544663
KRTDAP,-0.7757012892399765
SPRR2F,-0.9739483802533322
CNFN,-0.9525383076186394
SPRR2B,-1.1266338751256817
CCL27,-1.2332240397041463
LCE1E,-0.5135540222334696
SPRR4,-0.6512779929038596
LCE3D,-0.8260288527981184
SPRR2G,-0.9849728419146464
LCE3A,-0.6152202733076804
RPTN,-0.9200662819286134
LCE2A,-0.6355426483003325
DEFB103A,-0.8731641450059601
ELMOD3,-1.0260352550674572
LCE1D,-0.6951174782498811
LCE1F,-0.7341005415455992
LCE6A,-0.6657924646497196
KRT84,-0.28744444590543916
LCE2B,-0.3515568086615226
KRT79,-0.3843673397323666
PLAC8L1,0.03305057452567815
ZNF354C,0.4590776554764788
LCE1C,-0.7491356898176074
METTL23,-0.46463579866311433
RASSF9,-0.33216254934159
CA8,-0.27247330535577036
SUSD3,-0.1934857778581285
PNLIPRP3,-0.4220643723645351
LCE1B,-0.809271150051854
RASSF10,-0.20028018725962757
PGLYRP4,-0.5883629415559047
LCE2C,-0.8347377264681475
AEBP2,-0.3324318323138073
KRT23,-0.47636694831671506
CRCT1,-0.7077997926163757
SLC6A14,-1.0764899013140803
KIR3DS1,1.6439837628183336
S100A2,-0.6533861373336656
RASGEF1C,-0.8673127399866609
CBLL2,3.541152983457119
FMNL2,0.45007200285169724
SERPINB11,1.8852215726162616
CARD18,-0.6989796938707062
SCGB1D1,-0.7042083192566257
NIPAL1,-0.8527501024231899
TRHDE,-0.6763589650045532
SIKE1,-0.7558622752764669
TMEM39B,-0.40959863022542903
CDH24,1.4464247369670842
CDH12,2.4225869380582354
CADM1,0.0032547624974643146
SAPCD1,3.99705627283512
TDRD7,-0.17420402607717797
FMN1,2.3790439526479172
PCDHA1,0.960265857875042
PCDHA11,0.7686756700037615
AFDN-DT,-0.20998904412300975
PCDHA2,0.659652391958145
PCDHA3,0.2735797360207393
PCDHGC3,1.9947618282743338
PCDHGC4,1.4978328332262627
PCDHB8,0.8835907520119877
PCDHA4,0.5589210180064078
PCDHA5,0.8915193391518669
CRYBG1,-0.6562026253858312
CTTNBP2NL,-0.6039672730432747
TJP3,-0.09611729464769218
SIMC1,-0.1147151042399472
MARVELD2,0.34088628380997155
DTNB,1.9092172869363833
TRIOBP,1.1486620145059665
PCDHA8,0.661819875628004
PCDHA6,0.6542749874056694
PCDHA7,1.0362013983884315
PCDHA9,0.8038228211888837
PCDHAC2,0.5035997025607704
PCDHB11,1.3958426066939882
PCDHB12,3.0202046823216913
PCDHB2,2.1864406750316046
PCDHB3,0.8675800099266991
PCDHB4,0.9610451372430014
PCDHB6,0.8118278029957476
PCDHA13,0.8958132591572484
PCDHA10,1.3206798545322165
PCDHB7,0.879832184807983
PCDHGA12,2.0907148812461136
PCDHGA3,0.8587328225657552
PCDHGA5,0.4159186262242411
PCDHGA8,0.927782828185272
PCDHGB4,1.237031416832322
PCDHGC5,1.8570559434275866
LZTS3,-0.08093018620186548
C11orf98,2.451073282962391
CBLIF,-0.7021900308885471
BCO2,0.05783315840221155
GPIHBP1,-0.3251204156896907
PNLIPRP2,-0.4557839851373588
GKN1,-1.1537265355541126
TMPPE,-0.7657568483130043
GJB5,-0.6233617861850766
TSPAN8,-1.0636154741250126
TMEM31,1.863865274811948
FOXR2,-0.8116695516543331
TRIML2,0.20044535879984815
ZFAND2A,-0.6218956250180167
FAM20B,-1.2251948673187065
CLEC3A,0.05538781444608061
MSC,-0.8149636358289725
FCRL5,-0.4908327359492891
FCRL1,0.3468992594600301
SLC16A12,-0.41396328121572923
OTOP2,-0.6162563128891713
MYADML2,-0.15833817343915732
CEACAM20,-0.5604277563390697
TMEM187,-0.0625301368171081
NIPAL3,-0.17708410613578032
CEACAM19,-0.3207198052050394
ZDHHC22,0.9191210900095256
FBXO27,-0.3403009688302584
CYB561A3,1.0261183888426475
DEFB127,-0.9596656733395722
ABHD18,-0.37840698915909726
FCRL4,-0.7695637074134306
TRAM1L1,4.207403802343571
SLC41A2,0.30506090061748137
TSNARE1,0.824805230447478
WFDC2,-0.32338942267597004
MFSD6,-0.410753216594724
TM4SF19,-0.08551395526786396
GALNT15,-0.39307024809863733
TMEM229B,0.07618681172920899
STRIT1,0.048206832751196374
TMEM243,-0.23791865314076258
CMTM7,0.9658961547171967
TMEM86A,0.23828005583619855
GIMAP1,0.9760299927366688
TMEM107,7.0454221062869395
TMEM42,-0.3859180595273951
IGKV1D-39,0.2472820059969501
IGKV1D-33,0.20952476284461652
FCRLA,0.3424705913390604
PNOC,-1.078675117276725
LRIT1,-0.21955722568092817
FCAMR,-0.9296532556855419
TMTC4,-0.722934177770856
ABHD17B,-0.4892916371090594
GAPT,-0.219245354347624
CYBC1,-0.349963172979058
C3orf52,1.037102857473423
ARMH1,0.01976807476517495
C9orf85,-0.5085365220392152
DTWD1,-0.6977831374113628
OPTC,-0.6562972822516923
FBLN7,-0.7501581219569107
GDPD1,-0.3060071094091828
NXPH2,-0.06253982828431703
STMN3,0.06728173190181726
PLLP,-0.6472467142877301
FREM3,0.26868860242024917
MANSC1,-0.2565122839366349
CCDC57,-0.2696714743186752
LTO1,-0.6605291119493049
ZRSR2,-0.9962649927710994
VSTM1,-0.1609717948469814
C19orf12,-0.0028647361112449235
LETM2,-0.22788835198152563
SGSM1,-0.2796061068042134
SLC43A1,-0.8283794434973782
SYCE3,-0.8762903540452718
GUCD1,-0.6436590994192828
MFSD14A,-1.0643094794884367
DPY19L4,-1.0309385013814358
GRID2IP,0.8454577859091504
TAMALIN,-0.2601849183448008
SNTG2,0.1666629121941223
SLC2A11,-0.7432147031376601
TMEM171,-0.853308959225576
SLC22A15,-0.8990217057574321
STS,-0.8592215298378307
C1orf159,-0.5874741050647819
ARMC6,-0.49161815879167897
INPP4A,-0.7334850555724137
INPP5J,0.572699523942809
ABHD13,-0.22048824459191602
SNX16,-0.7332390988108082
NDST2,-0.9822239838136579
TMPRSS3,-1.0494129777915675
PRSS55,-0.6811732176404313
PRSS38,-0.7059422712148458
PRSS48,-0.660075214957978
PRSS27,-0.6918410745816777
PRSS33,-0.6832798594847951
TMPRSS12,-0.8778971672987829
CELA1,-0.6076388594764032
TMPRSS4,-0.9636466418537036
TMPRSS11A,-0.9922799073560489
TMPRSS11F,-0.6393357607678842
TPSG1,-0.719083136115252
PRSS58,-0.672186821160017
PRSS57,-0.6613434226421177
TMPRSS13,-0.7119179353662964
PRSS36,1.1579530150657311
LAYN,-0.5118380688804703
S1PR5,-1.1742208137061143
TOX2,-0.26000653075868463
TMIGD2,-0.4558884340775477
NFKBID,-0.42631986813690775
SPRING1,-0.15623502116728902
SIRPD,-0.19461199004408522
NBPF19,2.0056733475932034
TRANK1,3.008222760277602
MBOAT4,-0.9327654040065486
GHSR,-1.354003091925564
NPPC,-0.7076852179653619
CRLF2,-0.8684114791903748
MATN1,-0.910502630430729
AMELY,-0.6630710411442685
AMELX,-0.8187606838713736
SSTR3,-0.11751441558017936
GNRH2,0.308613772410965
CALCB,-0.950814978359074
TAC3,-1.2500392385276802
ZNF507,0.2098523215707316
LRP11,-0.2483810760938654
DYNC2I1,-0.3471804956921919
OAF,-0.4089143258953267
VGLL3,-0.6452657129285161
MAPKBP1,0.3211178192620718
KRTAP26-1,-0.36663277481924456
KRTAP11-1,-0.6611587770672165
BEX2,0.25600961650904946
PCSK5,-0.9675862652773336
SWSAP1,-0.5122447979323259
VENTX,-0.8884075990779685
HS3ST4,-0.8728294046966725
ADAM7,-1.0611675557252294
ABHD16A,0.6704811740253048
TEX44,-0.44898281565190756
TBC1D3,0.34534485025900097
PAQR6,-0.033134861281838485
MORN4,-0.4832298139657006
FAM90A1,-0.376660839051916
MACIR,0.9782482933782948
RASD1,0.023623822652719416
SPATC1L,1.1291728452911411
SLAIN1,0.50364306105084
DYNC2H1,0.0035201771291293996
ZNF420,0.2237711732954113
LCA5L,0.28459393994238963
KIAA1217,-0.46093345680621567
HDDC3,2.7326796406299785
FAM120C,-0.4437756766631853
TEX11,-0.5289806392621896
TLNRD1,-0.902462916650947
SCRG1,-0.4560799447505717
MALL,-0.43624837940163985
CCL25,-0.7191950666013062
GPR180,-0.6089367310423799
DEFB121,-0.8052802292673297
PSMB11,-0.17897393754776553
GP1BA,-0.5996798312146767
LTB4R,-1.0939394110492466
PIK3IP1,-0.19047759529474764
AKR7L,0.9852665537394615
MTMR12,2.6295063554393545
KIAA1191,-0.36012790312053305
MTFR1L,-0.6839116760903995
KRTAP1-1,-0.5791894300527468
SMIM3,0.02246688354681332
PI16,1.2912685001926192
RNF182,0.2618429977953728
SLC35E3,0.2311012492486388
CLEC17A,-0.10586602503781152
GPR25,-0.6520771231650546
PLEKHM2,-0.6703512609000072
CYB561,-0.3108573170665135
R3HDM4,-0.3643392374346657
DDX53,-0.5859308039768999
RNF208,0.3588298673064454
ADGRG3,2.0669510880104855
GPR61,-0.4889867943560603
EGFL8,1.8739119964996693
C6orf136,0.11029570143127822
SGPP2,-0.542601844730949
ABHD8,0.3817293153672744
FAM131C,-0.2736420861449148
MFSD11,0.009174152047938543
SLC22A16,-0.7409122436924772
INTU,-0.12367762359228092
TSPAN17,-0.7339814991755894
TMEM179B,2.043365053854094
MYO15B,-0.4122946213537519
OVOL1,-1.1634483011083914
PWWP2B,2.919980204727775
TMEM207,0.3136727197986114
TMEM167B,1.9313914653301034
LEMD1,-0.3911995328322229
CLCA4,-0.713582388840785
SNORC,0.17180464589610897
PAGE1,-0.7749797653794088
TMEM72,0.018917044246875278
TMEM140,1.7174936787157362
SMCO4,0.9497465194465419
NMB,-0.566996392598125
PRAMEF12,0.1913465804051494
GPR132,0.4337458882438705
LGI3,-0.05187271627616188
SYTL5,-0.4458857359447607
GPC5,-0.6891844960054266
ZNF865,0.317911051376038
SIGLEC12,1.5062334900367873
LYZL6,-1.0522984490782068
SERPINB10,1.3447358574070019
LRRC8C,-0.6317952052831363
SLC41A3,-0.27919714785637684
ASIC3,-0.6197985290786124
TLX2,-1.0403447248478146
TSPAN15,-0.802305821764197
F2RL3,-0.8255471321119516
VWA5B2,0.8412534306073446
FAM131A,0.6373559681663727
NPW,-0.9552551273329265
MAP6D1,1.2143192336724573
ZNF732,1.014872246969427
SMIM19,-0.37602316574171407
ATOSA,0.9117287181759092
POLR3GL,-0.6150601696466211
LGI2,0.0797929419760187
PABPN1L,1.6344006489455736
PPP1R18,1.5875201721518832
TCEAL1,2.7971753511451762
FANK1,0.16051337118600262
ZNF185,-0.028774099038878325
R3HCC1,-0.22351544284799857
C1orf74,-0.3331867054667448
SLC22A23,-0.8023666669727455
MRAP2,-0.8135854148390437
SLC16A14,-0.6592807853613902
NAALAD2,0.0077251385706673115
CTAG1A,-0.06236550409612791
GDPD5,-0.5760588480897998
ANKS3,0.7088262408696293
MIER2,-0.10955369578020979
GPR156,-0.331942237616236
SYNC,0.013999200993745152
HS1BP3,-0.048151120188681604
BLTP1,-0.7356975120961244
SNX22,-0.03709025129376019
SNX24,-0.5407280522923463
DYNLT2B,-0.41325502210291193
LPAR3,-1.248303001237312
CDC42EP1,0.2684808099007323
KLHL6,3.5182359798205263
TNMD,-0.4050354702013152
GTF2IRD2B,-0.3699387193826099
ERN2,-0.683613869443943
CNTN6,5.535438436982672
CSPP1,-0.4105375204457039
FAM89B,-0.4414704702859607
SPTSSB,-0.6661003890213802
CAGE1,1.1984488643753832
SYCE1,-0.3172019781499766
FAM9C,-0.4382456932648482
MYL5,-0.4684165204445573
CFAP184,-0.4101240333799468
FHOD3,-0.37099130991980417
LRRC10,-0.45056621120258106
RUFY2,-0.5821128922963176
LMOD2,0.10072564985413142
CCDC112,-0.22196269522062595
MYPN,-0.1976226048971901
CLIP4,-0.07755284427702065
CCDC102A,-0.5254928547696229
C1orf216,0.5224027582796154
RNF181,-0.5661346082351416
SPATS2L,0.7024744640318263
LMOD3,-0.12295594377964617
ZNF229,0.26071971602871596
CFAP97D1,-0.3820322980136392
AGBL2,-0.005251032063853656
STOX1,-0.6385108175807667
HAS3,-0.41446101865875523
CCDC78,-0.590604514621554
ZNF704,0.47936147849412153
SLC25A48,1.5852975761061392
POTEB3,1.1275126271737934
ZNF250,0.1473286339834285
POTEB,-0.5316559221658841
POTED,-0.6556874263761708
POTEC,-0.3827796515493511
ENTREP3,0.15063428664769746
TEX14,-0.5837646136861396
EXO5,-0.4632565003311557
APLF,-0.6219182026613854
HFM1,-0.6489481342592586
ADAMTS4,-0.6616995711199045
ALKBH3,-0.4066725870593886
FAT3,1.7185292506230894
SCGB3A1,-1.1072722787720148
GEMIN7,-0.45473516124737506
EMILIN3,0.8617575694608407
TCEANC2,3.4836737345668993
LEAP2,-0.6191358255026108
RAMP1,-0.718906053802721
TBCK,-0.6894787099955407
HOXD11,-0.9518861116044071
ZC2HC1C,0.6729112741800782
SNAPC4,1.1436222296481413
SGSM2,0.9681106783684291
FHIP2B,0.5074876105592638
FAM193B,1.277527371412739
SUGP2,0.9806584961572968
CNPY3,-0.5262304538762328
C17orf78,-0.06528012048465082
WNK4,-0.6685295980706211
ANKRD10,-0.6556024076468119
CLK4,-0.8759939517185603
C19orf25,-0.555024088190755
ANKDD1A,-0.06774785128289329
SLAMF9,-0.5476775559944311
PTPRQ,-0.41394443933766417
LYPD5,-0.14038053258042973
STRC,-0.7963986984284851
PCDHGA7,2.018340324833321
GPR161,-0.4059224436738336
PCDHGB1,1.5995177721505889
LPAR4,-1.0489031322472113
SERINC5,0.03285609149878467
RAPGEF5,-0.5238640162182401
RGS7BP,3.5569926521115405
RIMS4,-0.14444793227028332
ATCAY,-0.06908779017932144
CASKIN1,0.34063563226987126
PI15,0.5451834695336448
CPNE9,-0.45221792529996346
MPPED2,-0.26660222218243296
MAP7D2,0.47332958461914676
C2CD2L,-0.297195143755037
C6orf15,2.563964611676035
PCDHGA9,0.3653852445778982
TMEM61,0.5351891798223386
TMPRSS9,-0.9614333407644191
ICA1L,-0.5262741789394801
WBP1L,-0.2696288363100697
SPATS1,-0.3851718596559782
TTC23L,-0.3816808208667187
TEX35,-0.21145080834702323
TEX12,-1.1044308158495761
GALR2,-1.0140389527522933
SYNGR4,-0.35593940177168487
FIBCD1,-0.653215143931741
NANOS1,3.3049455660759373
EFCAB5,-0.32454415253193336
LCN8,-1.0308713680696995
LCN12,-0.8345439264443113
LCN10,-0.9815500853952601
LCN6,-0.8070651282313139
ZNF17,0.2825614035768328
PRICKLE4,-0.08809378679389221
ZNF273,-0.08814301636688096
ZNF316,0.6038391044230397
TUT7,-0.4977126829714996
RIBC1,0.6009707083610968
BTG4,-0.4905132519648405
FANCD2OS,0.2794998981011626
AKIP1,-0.08128123796656703
CNKSR3,-0.027617933400052103
PNRC2,-0.49755262676517764
RSBN1L,-0.6765880396413306
PATL2,2.07794690208165
RNPC3,-0.5591899827025879
SCYL3,-0.7786246492046347
GPATCH2,-0.6080432014154599
ANXA2R,-0.07928127778259896
RAVER1,1.0957642046716138
PRR14,0.23774895430471885
CDC42EP5,-0.19464896728662578
ZNF569,0.41923648188958995
BCL7B,-0.27270106333626576
WASH3P,0.6980140112351441
STYX,-1.0691194245761861
DCUN1D2,0.45643995182270514
WDR5B,0.6127726193777422
ABITRAM,0.1778224543857979
CNGA2,1.805926998163585
CNGA4,2.952714799753419
GJC3,-0.261187832765073
TGIF2-RAB5IF,3.3840106900665416
STMP1,-0.5690614212340523
COX3,-0.499905427617288
SMIM8,-0.619064229255537
FAM83C,2.1465138120259173
PWWP2A,2.6925060622581407
ZNF827,0.08368063771623731
BAHCC1,-0.09411922219278539
AHDC1,-0.09085325245924046
MBD3L2,0.32108866739424774
C16orf87,0.465107299575851
C22orf31,-0.13485860421323442
CCSAP,-0.10831902167432282
MBD3L1,-0.6871843806316038
ZNF382,1.2765786783962003
BAHD1,2.421874811701846
H2AC15,1.2297573342605328
H2AC16,1.2449483266024666
H4C8,1.9940878463322838
H2BW2,0.19283014159856857
H2AB2,2.079401261375283
HERPUD2,-0.4468345465093791
TRIM56,-0.14694504624212504
KCTD11,0.034602797344658306
PHF14,-0.06340940983049402
CBX6,-0.16631678781642262
ZNF711,-0.0814661115345064
INO80C,-0.4173345215658829
ZFP64,-0.34541691736949526
HINFP,0.42491008450168816
EAF2,-0.5565866580297283
UNC119B,0.6693511340474904
ZNF764,1.9370959661821072
SAP25,-0.1294970047923333
OVOL2,-0.47782961874749824
NACC2,-0.31242428771625064
PHF13,0.06827307069913627
RAI1,0.764119032327496
EID2B,0.060626893841164604
MKX,-0.8503835467513896
TBC1D32,0.0669468364965027
SAMD1,-0.7953962576110374
BANF2,0.03811946858589265
ZNF541,1.1183087121944497
ANKRD13B,-0.3006675236587225
YY2,-0.44720829489671077
RBP1,1.9115369554691104
NFE4,0.11346704271537525
SSX2B,-0.4630523900600085
PGBD3,-0.5925541073201208
ZNF461,0.30148794556769576
RAVER2,2.2367479712092186
CDADC1,-0.2474541332343573
ZFP1,0.06178489655685028
EPOP,0.0947576751308208
UBR3,2.3693047280423785
TSHZ1,-0.6537614242138123
PARP14,1.0972524852460575
USP17L2,0.8042848316115966
FAM50B,-0.396893905460213
AVEN,-0.5416292870065331
TRPV3,-0.2244857888198237
PLXNB3,0.29609358806545144
ASPHD1,2.72261338990926
PTCHD1,2.899109590619241
SLC22A24,-0.893074771861671
ELFN1,0.22154602634655798
DTX2,-0.7093421708749772
DLK2,1.810480106264918
NOTCH2NLB,-0.5384543682433031
HES4,-0.72628559063694
HES2,-0.9782313403637204
NRARP,-0.8148589723104284
HES7,-0.517154180080387
ZNF74,0.8619048131384354
APH1B,0.18545498106392536
EFNA2,0.7037262780303639
CASKIN2,0.5735774977879666
SDK2,0.5906615714253904
ARHGEF16,-0.34120010268146855
APLN,-1.2849505101668022
CCBE1,-0.5260826256032871
OTOP3,0.6066136765365578
TIGD2,-0.24518491132054443
SLF2,-0.5614049364243424
NT5DC4,-0.2580577601957974
TRAF3IP1,-0.2638923162264029
GDPGP1,1.7326290857542483
KLRF2,1.87385703927569
CLEC2A,0.5760492833121255
CLEC1A,0.41116390792844837
RAET1G,0.9664311944140077
GJB4,-0.45786814324872765
RAET1E,1.7514041463667795
RAET1L,0.22052158396506896
TMEM182,0.31687199530483495
LSMEM2,1.3381231566435923
MS4A13,-0.16930544851107135
SIGLEC15,-0.42046579656066974
KIAA1586,1.2613418476554543
FCRL6,-0.9409175444924832
ACTR3C,0.1923228269800048
METTL21A,-0.6671380424860472
SYT9,-0.15590024608590256
PFN4,-0.19764495742484378
DNALI1,-0.444645966771677
CAPZA3,-0.8230045514767403
CHURC1,0.06202009385545403
ARPIN,2.5641864668332537
ARPC4-TTLL3,0.2632345588991383
RFLNB,-0.5279939283147457
CORO7-PAM16,1.3150769357867398
FAM9A,-0.5079705203727346
CEP104,-0.14746474452307595
TTLL5,1.6967414927202047
TMEM183A,-0.48781084887612697
PSD4,-0.69206717785874
DHX58,1.8665890161168412
BATF2,1.3738351269980535
LY6E,0.8538244602673657
WDR86,-0.45593394341618504
UMODL1,-0.3072623515813664
CRYBA4,-0.06623400623681593
IQCN,0.9430297864787529
WDR38,-0.5383185432696809
DAW1,-0.7260406722465279
CASP12,-0.14897181333278042
TIGD3,-0.3884362516647184
SPATA46,-0.5097220798535591
EEF1AKMT2,-0.4968235692782316
ENPP6,-0.5787917616722819
FBXW10B,1.236394465887016
STPG3,-0.48022425094814897
ETFBKMT,-0.36427065848425827
RASL10B,1.158563770096966
CCDC190,-0.10827075715426178
LYNX1,-0.2224160964571377
ILDR2,-0.11504846140221543
GPR27,0.4851709155360471
ZDHHC21,0.5406473480541684
NRN1,1.3580380874481455
LYPD6,-0.45936185503603616
PRIMA1,-1.2704619759865947
ARHGAP36,-0.39011129759221613
PROX2,-0.2890761896448088
SLURP2,-0.21966681095437396
LYPD1,-0.32691199449783337
BHLHE23,-0.7145370240684922
CPLX3,-0.34498798134085923
RXFP3,0.19280798755890446
TACR2,-1.0610535031323869
POU3F3,-1.0247471257946057
NMUR1,-1.1421282633601844
NPBWR2,-1.4454463488782177
PNMA3,-0.30548538544941195
PKNOX2,-0.7944697629215961
TNK1,3.1120115451131385
LMAN1L,-0.6799530136472366
STARD5,0.21894108547868685
RFTN2,0.2833328843806592
TMEM92,0.019309868047145604
VWCE,1.492319309421243
TMEM129,0.6350368583805346
ANGEL1,-0.5417934987217359
ZNF324,0.6719537345350172
ZSCAN21,3.1533974517579964
GALNT8,-0.795117676592509
GALNT16,-0.6249296589447941
CD300E,-0.5848865806543222
TMED6,-0.34506840939005634
PCDHB16,1.9718370491692612
DRAXIN,-0.30937641124397613
FBXO4,-0.23321810060086084
FBXL2,3.899411185457693
FBXO17,0.6985965797340572
FBXL22,0.0036485592939718967
FBXO46,-0.519192650137143
FBXO10,-0.07715792693532371
FBXO16,-0.5951160888293593
FBXO8,-0.9182318557781483
FBXO36,-0.6692946547572937
FBXW12,-0.2578439818684974
FBXL16,-0.2836076582340209
FBXW10,-0.11758510478486978
FBXO48,-0.9149798900060969
FBXO41,-0.2394504662131466
FBXW4,0.06387029803034186
HECTD2,-0.1708050381084692
RNF19A,1.0653719152715961
RNF217,1.363695044563302
UNKL,-0.1533178252147713
ZNRF1,-0.1911871357798541
FBXL21P,-0.10562435894872745
DCUN1D3,-0.28736266458153503
AMN1,0.7795204760065788
KLHL11,0.9229723707871604
PRDM9,-1.1227365058042094
ZKSCAN7,4.0480904461843785
ZNF763,1.979262565495235
ZNF140,0.4769214713415287
PDCD7,-0.7928992943856034
PTAR1,-0.497508919737426
INAVA,0.9987381003579713
TTC21A,-0.31223092072481207
ANKRD36BP1,0.47859601662998336
CCDC168,-1.0580740732326415
QSER1,-0.46386618389401457
DCAF4L1,-0.4849290746785826
PFN3,-0.2945176593821763
CCDC146,0.4476030929817198
NUDT16L1,-0.2853672531177838
PRRT3,0.5619817539033478
ELOA2,-0.24166679616041667
SPANXN3,-0.48964438576237956
TRIM49,0.39632877487748047
KLHL5,2.723624147019423
ADAMTS17,-0.5087425245531265
POGK,-0.10889539859737522
FAM199X,-0.6176891908693322
PLEK2,0.6483094131099638
CEP85L,-0.3229965608998773
TSGA10,0.9873090341072099
LRIT3,0.9604030615165243
UMAD1,-0.106543798033997
TRIM34,3.4248823546207836
C16orf92,-0.4257968202046693
BNIP5,-0.4504487953758412
C19orf44,-0.43413113455873015
HAPLN3,-0.33332836792643766
EFNA5,-0.47366998497034735
FSD1,-0.4946921130994494
CAPRIN2,0.3536877402271629
TMEM117,-0.29120062837768657
CCDC38,0.362511230179694
MISP3,0.19171306450996753
DNAH10,0.7227529125346016
NABP1,-0.4304029112155188
TMEM156,0.891578390479415
KLHL33,2.1007997331093464
DUXB,-0.13386731381831168
DUXA,-0.34470033455216526
PRR30,-0.38623095000822916
FAM24A,0.29186270339116455
ALKAL2,0.3331084567385781
DEFB123,-0.6439780254134175
SCGB1D4,0.06913543159261032
KCNE5,0.48187075949683517
CACHD1,0.1610278893137839
INO80D,-0.5227259237034583
PAGE2B,-0.8867857106908332
CTTNBP2,0.1609582051323921
ASXL3,-0.18180164478015612
RNF32,-0.3586672791060687
APOBEC4,-0.43706408914666967
P2RY1,-1.046770621608521
ANXA10,-0.9255426548947491
TDRD9,-0.5141596540401813
CHIC2,-0.6924734156387149
TMEM266,0.14164065519414965
MAGEA2,-0.20143274697056404
SLC35F4,0.18154137687779787
KRTAP12-2,-0.25840324407521753
ZNF713,0.9806318100659656
VSTM2A,-0.2963865106345914
XIRP1,0.6241588005728699
GPR37L1,-0.49151267571619345
MAGEA2B,0.0206820112583345
KIAA0408,0.05682527143683159
TMEM253,-0.3339315146391948
RNF26,0.2131694624079858
HIVEP3,0.21718929322537434
PRICKLE1,1.9873692030861392
ZFAND2B,-0.4542920206620522
SHISA5,0.35342162162550445
PRY,1.9512369000022713
OTULINL,2.812176795077057
HS3ST3A1,-0.9476297239565177
NDST3,-0.696605399311187
HS3ST3B1,-0.8721235937134153
HS3ST5,-0.8513755953649034
NDST4,-0.6423521863015759
HS6ST3,-0.7079973625591712
CHST13,-0.7911612396314075
GPC2,-0.8782277716078792
HS6ST1,-1.2119295277944666
HS3ST6,-0.9181089319026927
FRA10AC1,-0.6590300505243891
SUN3,-0.7018542776643805
GOLGA8O,-0.24600066405421037
IFITM5,-0.06761368019892128
GTF2IRD2,2.189343598512362
TRIM50,0.20335550853755185
ALKBH6,-0.4955086249870484
VPS37D,-0.6241364428423009
CYREN,-0.5049133446273503
CRYGN,0.2735464770115176
HOXD9,-1.0382055311625478
AMN,-1.0268397376619995
ARHGEF26,2.437186286052076
ZNF304,2.8384260615857855
ZNF280D,-0.16540741961480504
EPM2AIP1,0.5795364553165213
TMEM104,-0.8061337947832846
METTL25,1.564758980563048
DIPK1B,-0.3533357448171204
NHLRC3,-0.6632366600837815
ARHGAP8,-0.4365910186563158
PRR5-ARHGAP8,-0.4642949051686821
SLC22A10,0.5354132738946205
ZNF80,1.0566612522281553
FAM187B,-0.8671565230526159
SLC35G4,-0.3910678740380505
SLC22A25,-0.7227018562347436
PPP1R1C,-0.3315886690930859
CFAP36,0.7295608299964572
SLC9B2,-0.7506378346563678
SLC9B1,-0.6750803146328996
EPHX3,0.468040656374804
LZTFL1,0.191700108279292
SLC16A4,1.1560192217727283
ANKRD6,-0.16900405121423348
ZNF226,0.41258162625238937
CATSPERE,-0.6001143358838948
GJB7,-0.44231807004990736
KRT12,-0.364413813662715
BLOC1S3,-0.14675588242439214
KRCC1,0.07097325060026313
HECA,-0.2731785353052178
IQCH,-0.5392444018107871
SLC7A6OS,-0.4080601855569586
TTL,-0.1620027829873111
NICN1,2.348867128001438
NYAP2,0.32222285440206255
PTPRU,0.9462725977689103
ZDHHC18,0.5293700163722209
PABPC1L2B,-0.39260435505661956
RTTN,0.3184933517005758
CFAP65,-0.8719175767841455
ARHGAP42,-0.35071333132427013
DUOXA2,-0.8477288100232871
P2RY14,-0.9701836232565247
PTGDR2,-1.151613233244649
STK40,1.4529440986720692
PROSER1,-0.6110192964108306
C1orf141,-0.2129740681437565
NPSR1,-1.025389070001609
RXFP1,-0.8521470196392665
GOLGA8F,1.1862095885957964
GOLGA8DP,-0.030199039690673505
NKX6-3,-1.041910184703318
IFT70A,0.07228596620973451
GALP,2.691549862347279
DACT3,2.6751374795761658
UBTD2,0.45103065831591044
KRTAP6-2,-0.5601189836972896
BOLA2-SMG1P6,0.15382930270265055
PCDHGB5,1.6782458747808333
KLHL32,0.4576256100143774
CIMAP1A,-1.0871928222988836
LRRC3B,0.32722817888449357
ISX,-0.14907713673498796
TMEM69,-0.29502922432590617
TRIM46,2.548191800849692
DCST2,0.17233855292886047
BEAN1,-0.23723414777085747
CARF,-0.44290962488308755
DYRK3,-0.7362010434630507
PCIF1,-0.2781847740525477
DIXDC1,-0.2448782307207866
C11orf68,1.0974613759899252
SELENOK,0.8521665349645524
INVS,2.530773681050644
STXBP4,-0.6360215347710967
OTUB2,1.2450641381429197
WNK2,-0.4262740864026759
PIWIL4,-0.64057333186149
SETMAR,3.06477455953924
POTEKP,-0.4648913129988053
C1orf115,-0.2857144365881634
MINDY4,0.15369627712550768
RNF113B,0.8401351572079664
TTC14,-0.42957196020535715
RFX7,-0.4082631052773492
MSANTD2,3.9358291916800323
ZNF84,1.6542255825570003
PATE2,-0.13779351190424796
DEFB107A,-0.656768228091163
DEFB110,-0.7286007053539938
RNASE13,-0.8785035672802727
C3orf18,-0.3121894310805347
CA11,0.08642036293143295
IGHA1,-0.3866371454044561
URAD,-0.783557755394199
TDRD12,-0.6634531980058176
CCDC191,-0.3120841473086618
TLCD2,0.24210909675765147
KIAA0087,-0.29219157612368446
NUP210L,-0.7476560963049843
TMEM201,-0.47948575873361754
FAM3B,-0.42276988841415425
PGA5,-0.6664958438251696
GKN2,-0.6782968705390803
SLC9C1,-0.3580551084990952
SLC6A18,-0.9187195359144764
ADPRHL1,-0.40751823864938624
SLC6A20,0.5592963265285005
SLC6A19,-0.9490865957035703
CAPN8,-0.7124540782363796
RNF103-CHMP3,0.39335265392428903
RBM14-RBM4,0.5974420661582911
TOR4A,-0.7329200341615272
ZCCHC2,0.05126033932064888
CC2D1B,1.7554127091736318
RND2,0.5830509342267436
ZC2HC1A,-0.3843641296780629
DCAF16,-0.5546847272825773
NEGR1,1.7651778762428119
SLC2A13,-0.6252329480801933
SLC5A11,0.31359390373095075
IFI27L2,-0.023780652730378403
NICOL1,0.2845375833115107
WFIKKN2,3.8884725650402325
HOXC6,-1.0670889194035842
WFIKKN1,0.5900908937200149
CMTM3,0.4195040921088808
NREP,0.1007032591756367
CILP2,-0.5888006905617714
KRTAP4-11,-0.5019159269257837
MADCAM1,1.3545635187470193
EDN2,-1.341867193753629
FGFRL1,0.22904020731558475
ADAMTS3,-0.558570442885923
FJX1,-0.11194746840465573
CCN6,-0.6940340190284671
TCEAL6,0.18586695664655387
GTF3C6,-0.5089430374850039
FAM161B,-0.1893972458247421
MCF2L,-0.2652875606114995
BHLHA9,-0.20616466037321807
JMJD8,-0.9454229278062565
EDARADD,-0.508783859575143
SPATA6,-0.5375430028999274
ATOSB,0.9837305704248119
PRND,0.008450384576700493
NRN1L,0.43418735395090374
LYPD6B,-0.10842903370664099
LYPD2,-0.13815941938936174
RTN4RL1,0.5543538989086448
MDGA1,1.3829330363561614
LY6K,-0.2834633130209229
RTN4RL2,0.35786346267134467
LY6G6D,1.1792612643318496
LY6G6C,1.3410869373121266
LYPD8,-0.1591486595551739
SPRN,0.5044101482372796
IZUMO1R,-0.1440586859590569
CNTN3,3.4956436800355113
ART4,0.1576003884908217
SPINK4,-0.8535636517812585
ABO,-0.878729867140865
TBX10,-1.01920615169573
SH3D21,0.19389652675538804
MEGF8,1.0022283499649176
ZSCAN31,3.6938370919180143
ZSCAN16,6.606904231603907
PSG7,0.15238397737880102
PGBD1,6.122170338811653
GPR15,-0.27771087625470725
HYAL4,-0.505392176049352
ANKRD53,0.14154773220282887
FAM83H,0.6809866846025223
TRIM67,0.09587379810526364
LRSAM1,-0.4217662149270732
ANO8,-0.3219006509703717
TENM4,0.07903923738477789
TMEM8B,0.3550349796992776
GBX1,-1.267450250137625
HOXA4,-0.9980778678744732
C4orf17,0.10885523068741708
FABP12,0.09603774784022603
DAPL1,-0.47577210805426473
HIGD1B,-0.5830436700631928
GPR182,0.15947885597907
LRRC9,-0.1764447958303535
ABHD16B,0.7195850654081956
OR14C36,-0.8639204738853826
OR6J1,-0.880482570435277
IGSF10,1.3157150337240717
SETD9,-0.12067728210697394
DNAJB7,-0.5722491010641425
GLB1L3,-0.768341883832262
DNAJB8,-0.5626838716600285
HSPB9,-0.7721539586392823
CIMAP1C,-0.40970089043394076
PRAMEF17,-0.38189560297456643
RSC1A1,-0.6353709788069405
ZNF703,0.687361294308533
FAM221A,0.37411214733858766
AIDA,-0.13693795741602593
SELENOM,-0.17993476790795437
GBP7,0.2218869075801494
RTP5,-0.2628564366704714
HSP90AB2P,-0.29266955438601555
HSP90AB3P,-0.390810936581996
HSP90AA4P,-0.3751531163009378
DNAJC27,0.031371424381900076
BNC1,-0.7739469911818719
CACUL1,0.9467620090513954
OR51B6,-0.946282064130074
MARVELD3,-0.6769963569348597
PF4V1,0.9390518173585137
ACKR2,1.1453006885976715
HRH4,-1.298989404208068
CTXN1,-0.6011879939290418
NINJ2,1.0317640348540649
TMEM74,-0.5163582930101098
PXYLP1,-0.8228444397949943
PIGZ,-0.2892700556728041
ADAT1,-0.5458662420784057
GNA14,-1.109383285165706
RGS22,-0.7991921655738822
LPAR5,0.28888233692400506
P2RY6,-0.9031150784721308
NMUR2,0.06961511131603916
GPR55,-1.0641682713300202
GPR176,0.9660233366279664
TSC22D2,-0.8134295516163937
GPR17,-1.0178556563845915
SESTD1,-0.4024918889386805
DYDC1,3.2584646784757365
ERVV-1,-1.0416444891301708
CCDC125,0.6351156575084345
ERVV-2,-1.0551188931621096
FAM118B,-0.22698771403476983
SOX15,-1.1182213962272904
FAM181A,-0.5198165490302394
FAM181B,-0.2818565307077069
TENT5B,-0.48554488009429464
WTIP,0.22473739582126864
C14orf39,-0.7532928599761548
BCL2L15,-0.17553032843016161
GLIS1,-0.48549029107631425
ZFHX4,-0.6311608803087542
SYCP2,-1.082159373841841
TAFA1,0.9369196995165666
HSPBAP1,-0.5435971471725468
TMEM35A,0.3515864130976495
NRSN2,0.2262744883210051
TTC9B,0.894194708492104
DAZ4,-0.6451497314018645
LDOC1,0.03909709110320276
SNX15,-0.306352143838626
CMTM2,-0.4880144894467978
CORIN,-1.1648513461756411
CNPY1,1.277889629231534
EVX2,-0.9891982630537615
SCGB1C1,-0.41478303245693837
GPR153,0.9824452478266836
PCDH18,0.18778917110078897
TMEM190,-0.7542207766913386
CRB3,-0.7678893754848363
C5orf24,-0.921516552030738
PHTF1,-0.2781698813153722
INKA2,1.3203237181804472
SH3RF2,-0.4332078337735277
PACS1,-0.13024724585615996
NHSL3,-0.5881174382634438
ZNF500,2.8475028735547148
SYDE2,0.20087108172683332
SIPA1L3,-0.16754264939142796
GIMAP8,0.6144425110156555
STK31,-0.766855847200504
OPRPN,-1.0549129262816854
OR1A1,-1.3439853976462905
RASSF8,-0.2537099842050034
CCDC85A,-0.7197124536082714
CLDN4,-0.9058310701797685
CLDN25,-0.24689497260297608
CLDN34,-0.11988760904418161
CLDN24,0.45921270761425853
CLDN15,-0.450391170932804
CLDN2,1.847013512881091
CLDN20,-0.37673185514401747
CLDN22,-0.29686981838847626
CLDN23,-0.3050766556590697
CLDN19,-0.5471835403010487
CLDN16,-0.5089275592162236
CLDN17,-0.6236892239590052
CGNL1,0.14972952085135985
FRMD4A,-0.40362293260217613
PLEKHA3,-0.7005457705936162
FAM184A,1.374684978258363
FAM171A1,4.114446923511981
USP54,1.282441202636255
NECTIN3-AS1,0.14138091424907873
RASSF3,-0.6368533567217327
BCAS4,-0.40930384480963805
TREML2,-0.6747218152993224
LRRC8B,1.0269954246317803
SIDT1,-0.026215531742225434
MCOLN2,-0.318737278248995
RTP2,-0.5220930259280637
GASK1B,-0.5635246994752718
PODN,-0.41539432956976774
CRISPLD2,0.6758554019525479
NDNF,0.019039055878574365
CHIC1,-0.12413125823890497
NWD1,-0.11403321182466768
GARIN2,-0.9914943539133918
ZNF416,0.3244013361816343
ROPN1B,-1.3103520442267584
TEKT2,-0.5165857951863342
SYT3,0.2605995756041954
SPMIP4,0.9786087603702852
SPEM1,-1.331042398296001
ZPBP2,-0.9225063041308676
GARIN3,-1.203957359819912
ZSCAN12,3.8930481428648878
SLC14A2,-1.0782104967140862
IGSF9,0.006145728981706471
MMP20,-0.8945363921202697
AMTN,-0.7241258664536383
AMBN,-0.9098104401253215
SCX,-0.7355084840164333
KHDRBS3,1.2313876119948668
EFHC1,-0.5661645044035539
STYK1,-0.37008891245044395
MACC1,-0.7316276779861209
RIMBP3C,-0.9600521210572324
CHRDL2,-0.6531144920168097
SYCE1L,3.3212214821806105
ODAM,-0.8011291987461712
C6orf58,-0.935056553878226
SMR3B,-1.3641131208110098
ANXA13,-0.47314181641303027
OR10C1,-1.0823295234392072
FREM1,-0.5759729910369343
MOB3B,0.23940660602348593
ZNF554,0.2257800128715382
SLITRK6,0.5165634967677738
ZNF718,0.4197486233199499
ZNF695,2.6173354253113823
CCDC174,-0.6289633973955834
MOB3A,-0.34522544746270456
HSPA7,-0.2596219217675153
RNF125,-0.10084287280925919
SETD6,-0.32011662504508465
UBOX5,0.33024474835370865
RNF212,-0.8684750607840712
MEI4,-0.5840419995043453
MEI1,-0.8298713583533562
REC114,-0.9104279799048663
TSGA13,0.1130992410326876
SHOC1,-0.8898908454255339
C9orf152,5.338111943267328
HORMAD1,-1.0728708328663454
RNF212B,-1.068211798517084
PRR5L,0.080004727475688
IGLC3,3.4491671810415903
HORMAD2,-0.9296273302131566
ZNF224,2.881596635903303
ZSCAN18,3.3365587548047206
MUC2,-0.8229406626801838
ARHGAP30,-0.4701301878917755
CES4A,-0.3324860922106673
MAP6,0.49640380735690276
BDKRB1,-1.1586079223992518
PRRT1,0.22869688233728516
NALF2,0.8767584302963081
GPR162,0.6904921326230458
GPR78,1.3866215182285964
PIANP,-0.37259809663639193
ARAP2,-0.5576945149038455
OGFR,1.0294921901813208
TTC22,-0.7824911651999182
NPNT,-0.6024900130686408
KIFC2,-0.5055765197569589
DEFB125,-0.8942374280816672
TAFA2,-0.3057086449822574
GPR68,0.714069714197572
FGFBP1,-1.0339238993973179
VAX2,-1.034332660395864
KRT71,-0.371498369630321
ATOH7,-1.0861845648363617
CEACAM16,-0.7535654044932145
MPZ,-0.5170043742500812
PROKR2,-1.1406212437292393
DBX1,-1.0506811357625525
IRX3,-1.0253075098827495
LINGO1,2.379191351141732
TFAP2E,2.255368805534811
ANOS1,-0.9320030166955161
HMX1,-1.099987486429117
HOXC10,-0.8290797990353872
FAM162B,0.5293199078992094
BARX2,-1.0183652930506106
HOXD1,-0.9642153452262688
MMP21,-0.21780498776386456
DNAH11,-0.3224674480724848
UPK3BL1,-0.053246936902518374
IZUMO1,-1.0675392716011365
PKD1L1,0.008072958422026953
DNAI1,-0.3702031668578696
DISP1,-0.2503977245482345
GTDC1,-0.16047980029530579
OR7A5,-1.1656626050353516
NPY4R,-1.2371445590072558
NXPE4,-0.5902705125912827
CDNF,-0.6656853243323404
PRDM12,-0.6539238758226904
RTN4R,0.068374097910231
SCGB3A2,-0.626296433705879
BEX5,0.4248798801423274
CCL15,-0.6679320459785382
PELI3,-0.0828680081366885
CCL26,-0.9190314127859728
SLITRK2,0.8268723211982063
SWI5,-0.1870323046391925
RAD51AP2,-0.2507526840484575
CENPS-CORT,-0.3760261000528726
KHDC1,0.42659734812203587
USP26,0.6430760315453202
SNX32,-0.5192958871454406
WDFY2,-1.0002220175365446
IFI27L1,0.28480318239346386
ARRDC4,0.12726427333911028
DDX60L,0.7900289180695482
BLTP3A,-0.24412721199777315
GBP6,0.25339573738782606
ADAD1,-0.37750711191552255
SLFN5,0.43334848837868467
APOL4,2.493387904542326
SLFN12,0.5617085772619045
ZC3H12C,0.37828658500550577
LIPK,-0.4354813141902114
WDR25,0.4781482956974813
TXLNB,2.071331572550371
IFT20,0.6674000946385659
ZNF532,-0.48518916260978345
TMEM158,0.05234318165918188
ARMC2,-0.18744228970181584
GPR141,0.929953661001022
ARHGEF19,-0.32979538756745275
FAM124B,-0.548896716892158
ARMC7,0.37579040176724704
INKA1,0.7998269225085634
PGAP4,-0.6924846691768267
ZNF34,0.11520949294039502
SPPL2C,0.8277949188492215
ZDHHC7,0.49625715087523864
ZDHHC12,0.6122431397338461
RETREG2,0.0009413900955685954
MAB21L4,-0.13094931293268655
AXDND1,-0.7439577177771718
BLOC1S4,-0.4431584731183441
FLACC1,0.08326455219463001
CD99L2,0.27948939437229614
BTBD3,0.2756145836116683
GULP1,-0.6057658858962115
CLVS1,-0.1622400901845445
ADTRP,-0.585172084210901
TMEM234,4.1079536365078075
CACFD1,-0.04716237592555183
SLC49A3,-0.4892012811533544
LHFPL5,1.206630549881768
CT45A10,-0.6224759956770749
PEX11G,1.4009454242865984
ZDHHC11,0.9620837905074712
CLDND2,0.034339126845228676
ARK2N,-0.0981576423239383
CT45A6,-0.6610597596912933
TMEM239,0.842752804267318
TCEANC,0.545154199951823
PLPP7,-0.837676360458294
ACER2,-0.7146503717442633
SPNS2,-0.5468857808823174
ACER1,-0.9033845699867631
ELAPOR1,1.3542139542130305
LUZP4,-0.8934479295336972
RASEF,-0.6776506807889234
HSF5,-0.33041392846030876
KY,-0.5154648696259266
DENND3,-0.2265613347697335
LRIG3,-0.2949011646239796
RPRML,0.7145604914867174
CMTM4,-0.41112743396710905
RND1,1.18753744076913
DUSP18,-0.5407407644609802
DOK6,0.07310157982582924
ODF2L,-0.3519546802337026
SHD,-0.3780226441657997
TSPAN1,-0.8414769617630826
ESRP2,0.14093614205729454
TSKU,-0.40178085249415285
RWDD2A,-0.4189481877001286
RASA4,-0.02112207834779707
GRK3,-1.4135881299316384
TMEM125,-0.9045462102713379
VIPR1,0.09039891302041433
CTAGE1,-0.4774050986838461
TMEM98,2.6705425968998493
POPDC2,-0.3985405965818782
C10orf71,0.37647161294538767
STYXL2,0.22129631230807642
MYOM3,-0.1880318696814897
FER1L6,-0.4199490030914071
LRRC2,-0.5150404152935866
KBTBD11,3.2307097960213
RAB40B,1.7923232037376526
TMEM60,-0.12985063516059211
EIF4EBP2,-0.14600400788875809
EIF4EBP3,1.786243011364976
CTIF,1.4062630725568601
NCBP2L,1.581864156978297
NBPF26,0.09505161077490004
FAM200C,2.474690303517929
TMEM106A,6.246086770034393
NKAIN1,-0.030240654600309478
CCDC134,-0.5193045467308274
NUTM2G,-0.7263034785402396
ZNF136,0.14197568417159756
ZFAT,0.20103888211653193
FAM133A,-0.7223967341463396
PLEKHG1,0.5146685308946755
LGALS7,-0.6269939254307065
NPB,-0.9955062360523976
IQUB,0.12337053172322647
NXPE1,-0.7599099325187766
DRC7,-0.31123660991776764
SPATA17,-0.3128642837905566
C11orf65,-0.5745469248051613
PHLDA2,1.4817358076593858
PITPNM2,-0.5345192978520747
SELENOV,2.125329913628064
PSTK,-0.33380999380297693
PRG2,-0.9248039574167298
GPR87,0.9366224205579725
EXPH5,-0.6156342747100567
ARL14,-0.31099176898965697
ZBED2,-0.832589842746682
MIF4GD,-0.5031770777737169
LIPJ,0.7307446667910494
TCFL5,-0.7800933671518261
EEPD1,-0.36276253005974
C5orf52,-0.4746431893902095
GCNT4,-0.7177449613480916
KIAA0930,0.4121637180790659
GALR1,-1.0476959112087312
MEGF11,1.306755635870513
ATXN7L3,1.7144439870502692
CCDC97,0.285828194302074
TRIM51,0.2519768345707672
CCDC186,-0.46825596519229107
KSR2,-0.2892970996639519
MFAP3L,-0.2478007629946514
NPTX2,-0.29658695816207054
WDR91,2.1850114782916825
TTLL11,-0.3075316677847059
IRGQ,0.034035726276818
SEMA3G,0.5886983424673654
RAMP2,-1.0086137566414486
KANK3,-0.6025024134386381
RAMP3,-1.0417297813915256
DIPK2B,-0.8424066178504706
C3orf33,-0.24075131633303326
NXPE3,-0.5326325517807391
SIGLEC8,-0.675563075455977
SAYSD1,-0.07091382496412463
PCDHB15,0.7418359328703977
LRRN4CL,-0.46468840417468793
UBXN2A,-0.7743058693590811
ZBTB9,0.2963241459934668
CST9L,-0.7967161706248027
KLHL14,3.1576768206564925
TMEM52B,1.9424794260351528
TSGA10IP,0.45108118622287485
ZDHHC24,0.6623134374924871
FAM72C,0.1503244382381114
YJU2B,0.23568807292099533
OR6C2,-0.8890280773486016
OR2G2,-1.0147924071521588
OR2AG2,-0.8810417196632648
OR10V1,-0.9526022723966439
OR6Y1,-0.9730840392609806
OR5M9,-0.8815789080659864
OR4C5,-0.8734871473795056
OR4D9,-0.9467450698670037
OR13C9,-1.263564969618827
OR4C13,-0.9364059792310473
OR10H5,-1.2644820623873194
OR4M1,-1.150379774549181
OR4K1,-1.0906988439552774
OR10A2,-0.9780831093085508
OR51G2,-0.9116791938625922
OR51D1,-0.8316369099550428
OR2J3,-0.7015381110042734
OR5W2,-0.8828309593524055
OR13C2,-1.2544594622232264
OR10W1,-0.9289150149867722
OR6B2,-0.7905603403709601
OR6C6,-0.9654422384560385
OR2AK2,-0.6576143695313782
OR1L6,-1.121498114731991
OR8H3,-1.2369859667499417
OR6F1,-0.9470823983287161
OR6V1,-0.9588635271292623
OR4A5,-0.8531365674674484
OR8D1,-1.1819496609112279
OR10K2,-0.6035499611729362
OR6K3,-0.935169112755844
OR2T27,-0.8352379297331812
OR2Z1,-0.951801052191505
OR4M2,-1.113658132971861
OR1K1,-1.2186857676809524
OR5M1,-0.915514968257482
OR2AE1,0.4057397636261958
OR2B3,-0.2605879613981617
OR1J1,-0.897704618223826
OR5J2,-1.1855385796397004
OR6S1,-0.9661543280455006
OR2C3,-1.0567216071216605
OR2V2,-0.8124473436817482
OR2L5,-0.8958744900571831
OR6C75,-1.0143389171805615
OR8J3,-1.2141682902941744
OR51Q1,-0.8858926964077871
OR2AT4,-1.096410520710915
OR4A47,-0.8986509773661198
OR5H15,-0.90034381869216
OR51I1,-0.822056169450786
OR4K5,-1.2455657588268707
OR14A16,-1.2874192719794393
OR4F6,-0.2312422627864588
OR2G3,-1.141054777496207
OR6K2,-0.9230590453094695
OR10G7,-1.0604194219214533
OR5B12,-0.7639835798315734
OR6C65,-0.9631498822089544
OR13H1,-1.276196026495301
OR5D16,-0.9462004186969055
OR10J3,-1.6546054093671325
OR4F17,-0.8157279291552827
OR2B2,-1.1932485466613147
OR6N2,-0.8983328214265962
OR2J1,-0.8725320428780172
OR2M2,-0.8415444872629688
OR1G1,-1.2298662394779771
OR5K3,-0.8573624770798953
OR11L1,-1.3725912255091692
OR8B4,-0.8105354653484196
OR10R2,-0.7950477765989167
OR4D10,-0.9362231603954227
OR5K4,-0.8040683590075747
OR5V1,0.16744056374438115
OR5H14,-1.0100138284805473
OR4K13,-0.9224513726561084
OR10K1,-0.9029405382132386
OR10G6,-0.8540344373637646
OR51I2,-0.9267992871116212
OR6C76,-0.9212993381506065
OR2A7,-0.8574977667695892
OR14A2,-0.7266343189974758
OR2L3,-0.8581732067610681
OR8K1,-1.0520439168313653
OR2A5,-1.0543889115193763
OR2T8,-0.9773447893670908
OR2T2,-0.8126341521242462
OR11H7,-1.6546054093671325
OR6C68,-0.9106765941450806
OR2T3,-0.835383887581748
OR4K2,-0.9179485404646854
OR2A12,-0.8831408807430069
OR2A14,-0.9041016153624623
OR5D14,-0.9871837006844439
OR1Q1,-1.1637314353355779
OR4F4,-1.6546054093671323
OR10T2,-0.7097560381646881
OR5L2,-0.9836757372666431
OR10A3,-1.1942605216240538
OR8U1,-1.169138196213091
OR5D18,-0.9646964932387343
OR2V1,-0.992106760425214
OR8B12,-0.9479310176513603
OR10Q1,-0.875855434028092
OR2M4,-1.1523938943882164
OR4K14,-0.8994966039595929
OR1L1,-1.0863311398275077
OR6P1,-1.1490827339435739
OR13F1,-1.0802969094260517
OR51A7,-0.928653398791741
OR1I1,-0.9781378216972789
OR4E1,-0.8402504690410727
OR10A5,-0.9281364603132162
OR2D2,-0.9242287591995004
OR1L4,-1.1736570227492704
OR51S1,-0.9414690054424933
OR4D1,-0.9468545405737098
OR2M5,-0.8856653829488867
OR8K5,-1.1717245791152917
OR6C3,-0.8889284234802073
OR13C4,-1.3406997264630705
OR2J2,-0.9718788132133591
OR5B21,-0.8841218620642184
OR2L2,-0.9034364428518374
OR2B11,-0.38330513337753913
OR2T34,-0.8968192286995618
OR10AD1,-0.930050875691214
OR9A2,-1.1297531357426958
OR4D5,-0.919222915754801
OR1J2,-1.1151032145032003
OR5B17,-0.8860005837676705
OR2B6,-1.1705474455536817
OR1L8,-0.8809549954037207
OR52J3,-0.8570270490477419
OR8B2,-0.765284927263426
OR8H1,-0.8976625234967497
OR2D3,-0.8402677088397585
OR10P1,-0.8940558058604464
OR2AP1,-0.9484139413381156
OR9Q1,0.0073791052180737764
OR11H6,-1.1040123621407765
OR9I1,-1.2161261337254088
OR1S2,-0.8827649341959272
OR4S1,-0.8918051616926911
OR8J1,-0.7555445489185733
OR4D11,-0.9495772618161182
OR10G9,-1.0393753700786776
OR6C74,-0.7920662885675477
OR5I1,-1.1439800487747427
OR4C46,-1.0702278555064848
OR10H4,-1.3389734956890562
OR6Q1,-0.9057247561332937
OR10A7,-0.9106203972520638
OR5P2,-1.0824205604984547
OR5K1,-0.9072930313122759
OR5P3,-1.1616597031649767
OR10G8,-0.8908281893118835
OR2M3,-1.0748567179365804
OR6K6,-0.804431248633134
OR8G1,-0.9786755556506407
OR8I2,-1.1470523118639335
OR2Y1,-0.8784968154197955
OR4C6,-0.8608159455026414
OR1J4,-0.933576134701556
OR51A4,-0.9733988313806148
OR51M1,-0.9380520162720003
OR5M10,-0.8195994992155035
OR6C1,-1.03426559094753
OR2T5,-0.8379798173617147
OR51B4,-0.9957856218661735
OR4C12,-0.9207854847157885
OR9G1,-0.2424268213075347
OR4A15,-0.7509773940384067
OR2A25,-1.1432762687390132
OR7G3,-0.8942431748319128
OR4N5,-0.9657154835346909
OR2A2,-0.8987518402090853
OR4A16,-0.8656970290190854
OR6C4,-0.8723709394143043
OR4X1,-0.9881037716254524
OR6C70,-0.842937266522943
OR51B5,-0.7486998076214456
OR5B3,-0.8070819891761615
OR4N4,-1.1247171031107117
OR5T1,-1.266164576567829
OR4F21,-0.940504098646418
OR13A1,-1.004978803185767
OR6X1,-0.937799856399486
OR8D4,-0.8699090966281564
OR14K1,-0.8755760004027153
OR5K2,-0.8776128089149496
OR5B2,-0.8207612367126161
OR2T29,-0.8351626938393034
OR2AG1,-0.5084577125770728
OR2T12,-0.7234559059174284
OR10G3,-0.9071892481028743
OR2T6,-0.8700875027841709
OR9Q2,-1.3490764621114486
OR6N1,-0.9203492682874465
OR7E24,-0.9341608759690181
OR1N1,-0.9489036728594102
OR10J1,-1.3909851109406848
OR7D2,-1.2256669836232206
OR7C1,-1.0290059448822475
OR2H1,-1.076233610517425
OR1C1,-1.304051982902633
MRGPRX1,-0.9161423259768221
OR13C8,-0.680223760979062
OR4L1,-0.9180299827581094
OR10J5,-0.8218454415524069
OR1L3,-1.1664953188087077
OR4B1,-0.9212763761825242
OR7C2,-1.182659332817071
OR9A4,-0.7500811005527138
OR2F2,-1.0369753231173209
OR5M11,-0.9053065296423084
OR10G2,-0.8979104888143857
OR51L1,-0.9279875350235871
OR7G1,-0.8843194516437087
OR56B1,-0.8404142768470432
OR8H2,-1.124947421947094
OR56A5,-1.4600567533227833
OR52A5,-0.9302418391236338
OR2W3,-0.8310873209682546
OR52K1,-1.1041180549942995
OR5AK2,-0.9379612137803837
OR5AN1,-0.9399654920837792
OR4Q3,-1.0838724438503944
OR2H2,0.6279283481024747
OR52B6,2.004305717385181
OR52E4,-1.176852402722968
OR2T33,-0.931940053294302
OR3A1,-0.7907057160426041
OR52D1,-0.9347079398605141
OR5AP2,-0.9045554561109432
OR52N2,-0.8321961930826441
OR13C5,-1.12994225858099
OR4E2,-0.9993718820138099
OR52I2,-0.8913670646088201
OR52M1,-0.9663959597836546
OR51E1,0.23123401519805584
OR52E2,-0.8989924706937859
OR2W1,-1.0413728598681915
OR7A17,-1.1151626456411912
OR52W1,-0.9708216704512727
OR5M8,-0.9713860746987408
OR8B8,-1.1633857098355003
OR7D4,-1.0694449665797516
OR56B4,-1.088664034858937
OR6B3,-0.9711302137245414
OR1A2,-0.7400574197365601
OR2T10,-0.7148763167110804
OR5A1,-0.945559689343887
OR5AS1,-0.9476224993278649
OR56A3,-0.9599207356564422
OR52N1,-0.9000300904481893
OR52E6,-0.9189403882488993
OR14I1,-0.7646985356330513
OR14J1,-0.8760487787170198
OR5AC2,-0.9094237751863345
PLEKHG2,-0.4998716273720864
OR52L1,-1.0179547503189452
OR4D6,-0.9147381572483936
OR5A2,-0.9337755265748449
OR2K2,-1.0011152520834714
OR4D2,-0.915665645103054
OR5C1,-0.8758038910216515
OR10A4,-0.96543290863284
OR6M1,-0.8876332749793926
OR2L13,-1.1059826013442318
OR52N4,-0.999628116081423
OR52K2,-0.9868361900044259
OR52N5,-0.9411924281102155
OR52I1,-0.914581411655045
OR6B1,-0.972637586427566
OR10S1,-0.6121402266637691
OR5H1,-1.2253697126060734
OR13J1,-1.123057479790678
OR5F1,-0.8617621630239001
OR8U8,-1.478419766488361
OR9G4,-1.4784197664883612
OR9K2,-1.4784197664883612
OXER1,-0.9467176493400178
OXGR1,0.6146692491590063
P2RY11,-0.9862945383461118
OR8U3,-0.4255295013379575
OR8S1,-1.478419766488361
OR7G2,-1.478419766488361
OR8A1,-1.1303876780323416
OR8D2,-1.2049448301222698
OR8G2P,-1.478419766488361
OR8G5,-1.4784197664883612
OR8K3,-0.9247212427920245
PROK1,-0.6225088299231996
PROK2,-1.094969978178522
PTH2,-0.6265379931073264
PMCH,-1.255774295429446
OR56A1,-1.478419766488356
OR56A4,-1.1390791565144338
OR5AR1,-1.2705663871638686
OR5AU1,-0.948346971986408
OR5D13,-1.1425136506515359
OR52R1,-1.0587204228218172
OR51T1,-1.1497140956279315
OR51V1,-1.4668773730387383
OR52B4,-1.2923555240678422
OR52E8,-0.9626752446320695
OR52H1,-0.5063835840872737
OR5H2,-1.268175253392855
OR5H6,-0.9292147262644216
OR5L1,-1.0382210943164152
OR5T2,-1.478419766488361
OR5T3,-1.478419766488361
TAAR1,0.1499393433088338
TAS1R1,-0.6469438112436084
TAS1R3,-0.683961482864399
QRFP,-0.868700479509313
QRFPR,0.7014525324155515
RXFP4,-0.9067839700426423
RLN3,-1.098020675477772
TAS2R10,-1.0300340537801058
TAS2R13,0.3940093108266377
UTS2,-0.15792720785493833
UTS2B,-0.8768533910801352
UTS2R,-0.9281647341414314
TAS2R14,-1.013250050265579
TAS2R19,-0.8309335819281493
TAS2R20,-0.8689154120190987
TAS2R3,-1.1732433848696788
TAS2R30,-0.8749066277088182
TAS2R31,-0.8698807079753393
TAS2R39,-0.886862063332919
TAS2R4,-0.9023215414126079
TAS2R40,-0.8037789380742223
TAS2R41,-0.900475105826031
TAS2R42,-0.9316848565632903
TAS2R43,-1.0872303790989934
TAS2R45,-0.8485605468896235
TAS2R46,-0.8154426024147021
TAS2R5,-0.902011525737925
TAS2R60,-1.0431860923610978
TAS2R8,0.48251697318362363
TAS2R9,0.46306854726587615
OR51J1,-1.478419766488361
GPRC6A,-0.950001682447094
HCAR1,-0.8606030654443654
HCAR2,-1.1366315038631203
HCAR3,-1.1072018840620483
MCHR2,-1.1893887085598829
NMS,-0.9236799337366407
NPBWR1,-1.069522823537762
NPFF,-0.7560294974342626
NPFFR1,-1.1066884475307253
NPFFR2,-0.80839614496674
NPS,-0.7818949120709007
KISS1R,-0.957593721017195
LTB4R2,2.6984189944883163
GPR39,-0.7623162916239631
GNRHR2,-0.6785192375701775
GPR150,0.7835343261978247
GPR20,-0.5279893285310383
GPR32,-0.9535672757419379
OR51H1,-1.478419766488361
OR2T11,-0.23244570175623133
OR2T4,-1.4784197664883612
OR2T1,-1.4784197664883612
OR3A2,-0.29926342260467265
OR3A3,-0.7175069478075274
OR2F1,-1.207938488737722
OR2G6,-0.9348518393059149
OR2L8,-0.22522334970150099
OR4N2,-0.9422455498486675
OR4X2,-0.8861747893235761
OR51B2,-1.1770522960583352
OR51F1,-1.478419766488361
OR51F2,-1.1928354628457896
OR51G1,-1.2265321221713616
OR4K17,-1.478419766488361
OR4K15,-0.952590000947509
OR4C15,-0.5671426357900167
OR4C16,-1.0626899219706836
OR4C3,-1.4264852835117703
OR4F5,-1.478419766488361
OR10X1,-1.2094240839042882
OR10Z1,-1.034618483466659
OR11G2,-1.478419766488356
OR11H1,-1.478419766488361
OR11H12,-1.1418693039035765
OR11H2,-1.4784197664883612
OR11H4,-1.478419766488356
OPN1MW3,-1.3370725061588715
OPRL1,-1.1531119527952547
OR10A6,-1.0236449808249732
OR10AG1,-1.0017125528108528
OR1S1,-1.478419766488361
OR1N2,-1.2065492904889616
OR13C3,-1.4784197664883612
OR13D1,-1.478419766488356
OR13G1,-0.9121113117238738
OR1B1,-1.1807656009313974
OR1D5,-1.2762561885205952
GLP2R,0.5353257505534119
GALR3,-0.9547623729126182
CCL28,-1.1148135222590114
ADM2,-0.88197231423329
FFAR4,-0.923684254518303
PDCL2,0.616895258544442
IGHV3OR16-17,0.05486176056655231
UCN,-0.8559729622527853
OR52E5,-1.0929024361183965
OR2A42,-0.62166979426256
OR2AJ1,-1.2382400487210974
OR4F16,-1.0437709908964146
OPN1MW2,-1.1967535882109195
GNG14,-0.7827207661689145
ANKRD33,0.5554920369431536
LRTM1,-0.62903939327986
PAQR5,0.5451076062242499
OPN5,-1.062284660664798
KCTD21,0.3798083856059962
ATXN3L,1.4734621884469592
BOLL,-0.5889492243234009
AAGAB,1.673985977992436
PRMT9,-0.37873901115636305
PEX26,1.6456628777527051
C6orf226,0.21722535997450113
SPX,-1.1104965188650824
PAQR8,-0.39456402679925273
TMEM121,1.9714917738752062
ERVFRD-1,-0.8505907943897093
MAB21L3,0.8977580109507511
SMIM5,0.5594463333385726
ZBTB26,0.36321187088982226
CCDC13,-0.4493954869023984
NLRP7,-0.5651046837816803
PARVG,-0.5698894333003799
UCN2,-0.46530245926905256
LRRC37A2,-0.31031923502001313
PSORS1C2,2.732091945063069
SLC39A5,-0.46425684226152236
AGMO,0.1832824157451044
CATSPER2,-0.2717117205807019
LRRC26,-0.012723683895716863
C19orf38,-0.12504471534003153
TCF15,-0.7753389196417718
MSS51,-0.5498117309347951
CDRT4,-0.28983238297455904
SMIM9,0.04614160372351612
SLC25A52,0.08412075391428203
SLC25A53,1.6700342207965093
SPNS3,-0.7249046270524174
TNFSF18,-0.778853910404225
GPR31,-0.9499557230315577
ZHX3,-0.3489642824369498
SH3RF3,0.6325654002283152
FAM53B,0.6763986601188637
NXF2B,1.4423977107908894
NXF5,0.17679043007017692
NXF3,1.7140932080956703
BTBD18,-0.4537651138467534
SLC26A8,-0.8874959162511945
ANKRD33B,0.22380471757984402
XRRA1,-0.6933190100112263
ZNF761,0.9840551856609099
DNAAF9,2.2052714254320414
LIX1L,-0.2623216263248143
TMEM141,0.0888574090196824
U2AF1L4,0.9346489436352299
ZNF383,0.4712707470017356
RANBP17,-0.33726355865748164
CCDC7,-0.39689402569316456
GREB1L,2.932235049222265
ZNF69,1.4239835660473665
ARMH4,-0.6442541869461437
C19orf18,-0.47379455362981443
RNF133,-0.2752782697676893
SHISA3,-0.5973079249123286
CCDC89,-0.629646998403064
PCDHGA2,0.7134717199913274
AMIGO3,-0.20742467282768678
ZDHHC14,0.9973640704259733
STRIP2,-0.4791979784545964
FRMD4B,-0.9806718296815073
SNAPC5,-0.2834452950026388
LHFPL1,-0.3710748502860551
CDIP1,-0.3385013155810312
GPR101,-0.569338377181753
CXorf66,1.6307000658391637
GPR151,0.9922375780713977
GRXCR2,-0.549492269530119
XIRP2,-0.2643510567876097
ESPNL,-0.47122102148379214
FAXC,3.4242160556225643
TREML1,-0.33937253367399833
ZSWIM2,-0.13066660160745308
R3HCC1L,-0.6174092321575548
FAM135A,1.2179469610787947
DNAAF11,-0.820069232598405
GPRIN1,-0.036238163192691464
RAB11FIP4,-0.6306072217954537
CLEC2L,1.9917496250800206
DEFA3,-0.8566521558749601
DEFB103B,-0.39729947249990355
DEFB115,-0.7832351110733647
DEFB104A,-0.7293954548550061
DEFB108B,-0.7726583185295379
DEFB134,-0.705288803329611
DEFB118,-0.8302324407111035
DEFB135,-0.6452805589662106
DEFB136,-0.7840839299970449
DEFB104B,-0.7763279056146942
DEFB129,-0.11554023854072637
DEFB114,-0.7962597486520405
DEFB130B,-0.7945255197653251
DEFB132,-0.8850994662264313
DEFB105A,-0.773410014593048
DEFB119,-0.6796972959904598
DEFB106A,-0.8711881725876266
DEFB128,-0.7176062665921725
DEFB105B,-0.5512165479162815
DEFB126,-1.000073129557643
DEFB124,-0.7642695959332092
DEFB116,-0.8425111057158077
DEFB106B,-0.7923449632300144
DEFB113,-0.8799674197685327
DEFB130A,-0.806038441830661
DEFB131A,-0.7754572961070538
SUSD5,-0.3784855744817371
XAGE3,-0.7026003592132555
METRNL,-0.46714599601721196
EAF1,-0.5152040339740507
XKR6,-0.5567039025778892
FAM169A,-0.9185767709323606
GRAMD4,0.13529335315182328
PPM1M,2.0705660958245447
ZNF26,1.302059270390974
PPP1R35,-0.46148665250663634
PPP1R37,-0.15778179488678512
SH3BP5L,0.46149017717120233
RCCD1,-0.5070305355469974
BOD1L2,-0.36744227974627697
CCDC60,0.004841661075123644
SHROOM1,0.839604224034664
FXYD4,-0.25254802733937887
ANO2,-0.6387436701120702
TSPAN18,-0.7072734501664523
TMC4,0.12738916176927578
PRR15L,-0.8581171942014697
MIDN,0.04036069451599089
CCDC74A,0.46123725051353714
SNCAIP,0.160678426989332
PIPSL,-0.17654404583979155
MYO18B,-0.1160144161560099
BECN2,-0.3152607429219265
KPNA7,-0.7599961780799112
ENOX2,-0.4422177686806136
STKLD1,2.069439532018135
IFITM10,-0.0048880204333071765
BEST3,-0.5904343306325203
MCTP2,0.11217481072385735
TOMM20L,-0.4957881681226742
MPV17L,-0.021468859372760066
CPA6,-1.1287441442526853
TMEM267,0.5384794829379074
TMEM247,-0.2407188435975654
NUPR2,-0.6544910297870326
ZNF432,0.2139150358128747
S100PBP,0.8010514255138023
ARL14EP,-0.21714206732552116
ZFP30,0.7283711890991135
ZNF195,-0.09765558783001942
ZNF14,0.6302239929696359
ZNF700,0.5925764057403059
ZNF23,0.24088302506035292
ZNF443,0.18869475578057315
FHIP1B,-0.3171034806888645
FAM78B,0.1072998450609064
ZBTB34,0.4921003406791736
RELL1,1.8563393601110432
RBMY1A1,0.4750785530197102
ARL17A,0.6904181007865724
C1orf210,-0.6970054972594162
TMEM198,0.974352253903079
MICU3,1.4301795904156562
MRGPRX4,-0.6023756253761279
DBNDD1,-0.3572798377270437
GJA10,-0.3534653837958413
ATP5MF-PTCD1,-0.030464989216032187
ZNF629,1.8063984034215208
NRSN1,0.018747227342449962
IQCA1,-0.3618474534585867
KRTAP19-6,-0.6787191870126736
STIMATE,-0.6030835799864877
CHST5,-0.7767018395184747
FOXR1,-0.8773884641091012
CLEC12B,-0.16098329745788537
IFT81,-0.5137615245483308
SMIM14,0.23748649302365
SERTM1,0.04618755714065383
SCARF1,-0.354441144499653
THSD7B,1.317010312251665
MB21D2,-0.3976070467237555
AIG1,1.3257707057227115
ATRNL1,2.0173367836855327
TMEM218,1.813483811440013
PKD2L2,-0.17221863118054503
CFAP45,-0.42595061984363763
CATSPER3,0.024519378105874078
CATSPER4,-0.1507053853190111
TCEAL5,0.17727931468247138
NHERF4,-1.1763643927371994
PLGLB2,-0.43600728001579425
NAALADL1,-0.7566622955014303
CPXCR1,-0.7153489134157993
MRO,-0.40859939858514527
HHLA2,-0.04806587197099981
ZNF365,-0.16230517515298926
KIF12,-0.3869756783540158
LINS1,2.243277126621455
ZNF502,1.074651111475778
MAGEA9B,-0.7190690960862876
RBP5,-0.07734895311297076
THAP10,0.38402911504133325
CCDC198,-0.12014794445115519
FAM107B,-0.5694929709690714
ZNF300,0.9700316510460061
ZNF442,0.5280698127192529
ZNF155,0.23974015554910744
HPSE2,-0.08325871708208935
MSMB,-0.6103533379222639
IRX1,-1.1150934458281836
UFSP1,-1.0430836092534994
HOXA6,-0.9831676485802209
CCDC117,1.0041691730466917
PDIK1L,-0.27884933115916466
ITGB1BP2,-0.43283915082332686
HSPA12B,-0.3246172617872697
MOV10L1,-0.8375735021269123
MAEL,-0.49260213674707787
ASZ1,-0.63868129511229
HSP90AB4P,-0.29235708455648823
HSP90AA5P,-0.3358072856368585
RPS6KL1,-0.5119169782747737
MARCHF9,-0.3259813290813526
TRIM17,0.00844567609423151
DNAJC5B,-0.6432222304047939
DNAJC5G,-0.5763971215579006
CAMKMT,-0.5378526118809025
TTC16,-0.24566444070980623
RPS10-NUDT3,-0.37159869479913343
KLHL38,2.6163632523256513
DTX4,-0.17628569581397796
AHSA2P,1.0356341503078603
MTRNR2L1,0.8048406205982285
TRIM73,0.03207357070719619
KLHL34,3.293825411746903
TRIM7,0.8267952524351202
SLC66A1,-0.2842984868975757
DNAJC14,-0.37255968500183556
PRKY,-0.9585331158815346
C8orf34,-0.17578277145190258
GAS2L2,-0.32663154904579483
C18orf63,-0.6142528783106651
OGFRL1,-0.16994165162627534
HMGXB3,-0.28149249729649234
AVIL,-0.4586232311053009
ZNF101,0.20127347449902425
MLIP,-0.24231699940305426
IFFO1,-0.35915134641098684
SYNE3,0.6842421771380914
IZUMO2,-1.2027414594320935
PERM1,0.08561007486665861
LVRN,0.9256174140454225
SPANXD,-0.625446953053006
ADGRG7,2.9758335569204113
ZNF345,0.8704079730108494
DBNDD2,-0.2970091778048142
MYMK,0.1349080314214671
ZNF649,1.5672303009653425
NYAP1,0.05610744605718206
C20orf141,-0.2754475728708102
ZNF3,1.0643577411929246
C4orf3,-0.1226254505814125
ZNF239,0.5786977197785702
C1orf52,-0.3775811345432794
RHPN1,1.2373597048898226
ERICH3,-0.012833315879511953
BAIAP2L2,0.45908467029253913
CCDC181,-0.675853651264491
M1AP,-0.3189365010425201
SARM1,-0.3662887374723262
RPLP0P6,-0.3558287526787431
DRC1,-0.48190311188076257
ASB10,-0.2368750144334936
TMSB4Y,-0.4169960384497867
PLCXD1,-0.5591055675134788
RPS10P5,-0.25278025778087265
MTCL2,0.22207233393079887
BLOC1S5,1.847036496593033
TSNAXIP1,-0.4487544503136858
NUDT22,-0.3217486383578171
SMIM26,-0.4925107459091155
RNF215,0.21217280748259063
UPK2,-0.5116285613170763
CPED1,-0.2801963945367099
GRHL1,-0.8844236878440752
TCL1B,-0.580848048540953
WDR90,-0.16405841863633266
SLC9A4,-0.39180513268879097
SLC9C2,-0.3896692490110253
TBC1D12,-0.3892512356452417
ZNF75D,3.6204481092397534
CPNE4,-0.20363114151691825
SEMA4B,0.7732662237677407
SEMA5B,1.1059295081920069
C1orf122,0.22200227342352272
TCAF2,-0.39727448418011607
SOWAHB,-0.25656715808793046
BRD3OS,-0.05649234281058254
TMEM79,-0.522536385410282
PRRG1,-0.26458252364493656
KLK15,-1.0876846251444792
ODAD1,-0.6120991176535935
ANKRD61,-0.7329155654646542
TDRD5,-0.7420608892388721
SVBP,-0.09223972528643831
PRDM13,-1.0175528104405545
CAPSL,-0.30279910860745357
SMYD4,-0.19180465188483425
TSPYL5,1.0559337393823285
AGBL4,0.5629053875122492
MTCL1,-0.26837624901967955
TUBB8B,1.9050536959066549
FAM186B,-0.0808387597570422
NBPF15,-0.11748904582214369
CFAP47,-0.7474269773682308
CCDC136,0.7372570078039089
POTEJ,0.7661942203091466
ZNF211,2.114503715087278
ZC2HC1B,-0.7013276609266841
COMMD6,3.8391352381698396
FRMD5,2.4312055322136894
MEIKIN,-0.5646064174399208
PRELID2,-0.5210267152246787
FAM72D,0.8106238620622229
EFCAB11,-0.12028488509387054
GPR19,-0.3613987534686198
C18orf54,-0.560446125276433
CCDC18,-0.7095624849356676
CCDC150,-0.8231286443128163
RPL39P5,-0.17797732746172673
ZNF343,0.3582401382415159
FILIP1,0.8607822362273949
TRARG1,-0.10058500739108843
CPSF4L,-0.14930188898246258
CCDC170,-0.7290863234697137
HEXIM2,0.013004117292812107
SNAPC2,-0.5946169318655766
PRR7,-0.8898808547210884
FEZF1,-1.010785214008934
RNF220,1.9465547398917218
FBRSL1,-0.5876947607081433
DEPP1,0.1727243445200375
CEMP1,-0.9760843746210683
SPAG6,-1.1023506115932005
SMIM1,0.9878419838177348
MFSD9,-0.7712005306083332
SYT15,0.21322821407377354
SMAGP,1.0903269405037634
CCDC185,0.045929105641991395
LIPN,-0.25353086601007907
DNAL1,0.4452142647793998
LCE5A,-0.5469495973474556
KPLCE,-1.1480930649286765
GSDMA,-0.2793361678538555
MGARP,-0.2966858870395336
PARP16,-0.326912520133925
RGS18,-0.3603860830995147
HDX,-0.16620190961980352
FAM114A1,-0.5027566040838634
NXN,-0.38212679325741183
ENKUR,-0.7817943207518122
DNAH9,-0.7804784852313671
DNAH12,-0.4533862111675045
DNAH1,-0.39833149872666773
DNAH5,-0.29321081493667234
DNAH8,-0.17700015708197014
MAFIP,-0.0477446991042522
FICD,0.604172936194613
RNF166,1.7679843819283456
PNMA8A,0.08988135999903224
MAMDC2,-0.5666261958970216
PHACTR3,-0.3075344950997211
ZNF446,2.9519827334678577
PROCA1,-0.48463805840606
WDR31,-0.7293112864829001
PKIA,0.05128583911730156
TMEFF2,0.2287966879519273
LRRC56,-0.26767330706094233
SPATA12,-0.218027132186119
ZNF597,1.2194867609935223
KRT222,-0.41687659726576426
MIEF2,-0.5331328578696005
OCM,-0.5648305241369022
SERP2,0.8221065899643368
NRBP2,-0.4271339822077009
MPZL3,-0.8960826678018081
FAM234A,0.7635708356533825
ARHGAP40,2.815890255070154
CCDC141,-0.34627250745696153
MRGPRD,-0.9046900403049514
TP53TG5,-0.5728140668611806
KRTAP13-2,-0.35881102532974196
GGN,0.27767616462969236
MFSD2B,-0.7763229860449219
AGAP6,1.1026487510647935
C2orf80,-0.5264153706557824
FNDC10,-0.5264153706557824
DCDC2C,-0.06309868392829869
AGAP9,0.1712365457183847
AGAP5,0.28898065532100203
AGAP4,2.710578008157277
RNLS,-0.8929839001357723
DRC3,1.9560254561202755
LRRC27,0.5243645465168878
ZDBF2,-0.029331722007458864
ZG16B,-0.4776871490203237
AHRR,-0.2408515923721576
PRAMEF10,-0.08073735251707059
RIPOR3,-0.2379026746458716
ZNF428,-0.2514645619351397
LOC102724428,-0.566883730841295
PRR27,-0.5467608857199913
FAM120AOS,-0.6156628409577387
TBC1D21,-0.4460583095300582
ANKS6,2.923863992768726
EFCAB7,-0.29162299130237346
LRRC38,-0.06379532168485766
LRRC52,-0.3360747694789557
KCNRG,-0.2683478026152698
LGI4,0.11645357882348348
ZNF721,-0.02463963357681771
ZNF611,0.058050672201556935
GAL3ST3,-0.7974879032728572
PPP1R14D,-0.9919302129666546
MUC3A,-0.8190868700015496
ADGRF1,0.12361515006930382
TEDDM1,-1.0595610248146368
NUDT10,-0.24740922215525676
CLMP,-0.5346560315812681
RAB3IL1,-0.322286343779624
IFFO2,-0.29993354847773157
CT45A2,-0.6398311421347115
MIIP,0.2502640896435278
VAX1,-1.1411735650394244
ZNF572,1.116104239073997
CARD16,0.2735825062985244
MYCBPAP,-0.046637552244348346
IGSF5,-0.6212351629482068
RSPH1,-0.6430756140823817
SLC2A7,-0.5979640572964138
NKAIN2,0.2741085414230479
VN1R1,-0.7207490892982084
MCMDC2,-0.5841329913269172
USP17L1,0.4758862296740408
KRTAP9-9,-0.6871021428098614
KRTAP9-7,0.11690352567993276
KRTAP9-1,-0.010811592786419586
USP17L5,0.9523221174868667
TDRD15,-0.7221942693355944
CFAP418,1.2834541947269338
NPM2,-0.34070922191112585
KRTAP3-3,-0.4354249506989584
KRTAP9-3,0.18322002247496072
ASPRV1,-0.8478967567449457
C1GALT1C1L,-0.8105387821420537
MUC21,1.4768959462257107
MUC19,-0.8340702904451838
MUC3B,-0.834070290445184
GALNTL6,-0.7202053486536734
LURAP1,0.8461643492424736
BLOC1S6,1.3354667462012544
DCAF8L2,-0.27668020039835145
MUC22,3.760544649409316
CST11,-1.022297310228655
GSX1,-1.0447147683901425
RIC8B,0.04856174891177014
EPYC,-0.508560769445554
CPXM2,-0.050373049066135045
TRIL,0.008168814540865639
OCEL1,0.26143293619157754
ORAI3,-0.07335866843293988
GFRAL,-0.378653872821639
TEX13D,-0.49635172810968053
TEKTL1,0.004798991823778031
CCDC159,-0.5519271662568669
AP5S1,-0.4948532344662969
SYTL2,-0.522981634835425
STARD9,0.2811754123862608
BPIFB4,-0.8331170484784048
TOP6BL,-0.7428736645609357
CLHC1,-0.7532579355690361
CFAP299,0.21881441101300808
MFSD13A,0.51547779127686
MDFIC,-0.48061553605069185
CFAP52,-0.4353311870066723
ZYG11A,0.9288810320453917
SAXO5,0.49424637699374907
RABL2A,-0.6051844020762159
PNMA6A,-0.662826138915542
SPANXA2,-0.5767029095992259
CT55,0.2515833708138263
SHLD3,-0.3073973745889988
ECRG4,-0.003164875640443845
AKAP14,-0.9991421151391638
TMEM145,-1.0502455188285413
SHISAL1,-0.6765050860198112
ZNF20,0.6696157797596679
CLEC4F,-0.6557899936474897
ZNF561,-0.2908304476561395
RNFT2,-0.5357521326578177
SLC29A4,-0.6629515859934694
TMEM169,4.521548376292184
DNASE1L2,-0.5368095512981256
VWC2L,-0.017965618496274673
KLHDC8A,0.8687253241981774
USP29,0.6899249975376112
MAGEC3,-0.6233747410472992
PKHD1L1,-0.47767671763450487
RNF207,0.7559229009611635
DNAAF4,-0.42468250510776556
LDLRAD1,-0.2356633062973659
TPPP2,-0.646121085427059
KRTAP5-1,-0.552712503516064
KRTAP17-1,-0.17964949484657763
ZNF33A,-0.04412750838474593
ZNF135,1.2671229049023114
PTGFRN,-0.6945064963598279
KRTAP13-3,-0.6437878571017264
PBX4,0.06894322474316579
GPR139,0.8092952842902897
CIMAP3,-0.5240616921630072
SYT8,-0.6709296431322168
EFCAB13,0.22967995658152918
RSPH9,-0.4473742115233593
PKDCC,-0.5851593984246285
SSX4,-0.6086404680198602
SSX1,-0.7117398614841947
PAGE5,-0.6699975405369514
STOX2,-0.5580957665101605
SSX5,-0.2563634283159017
FMR1NB,-0.6285928423471351
GPRASP3,-0.09865384271893754
FREY1,-0.6361934319372387
TGIF2LY,-0.45131246921989443
SSX3,0.07474987007022399
GAGE10,-0.4422330603995522
SPACA5,-0.24893479536723764
SPANXA1,-0.7718889237144847
MEIOC,-0.8310915106943804
ZNF248,3.2044720543384355
ASAH2B,-0.7785788961520708
KRTAP10-9,-0.6127346673610883
PCP2,-0.36264654033095867
TMEM170B,0.20276721696593183
ARMC3,-0.8288880489022501
ZFP82,0.7983686986301116
PCDHGA1,1.0387803937541367
PCDHGA10,0.8051867359906569
PCDHGA11,2.1017489100683333
PCDHGA6,0.7436635962041762
PCDHGB7,1.041844921872611
TOPAZ1,-0.6584115156668731
OTUD1,2.0441600806313485
PARP11,0.19470878568163447
KRTAP21-2,-0.7032393581940559
KRTAP7-1,-0.5534745918629477
FOXD4L5,-0.805724773391035
CELF5,4.966637610198661
SLC7A13,-0.9098048466991354
SLC35G3,0.24410396922211336
SLC35G5,-0.7457350673374473
SLC35E2B,-0.14764544062322052
SLC38A11,-0.5249594318908377
CARD17P,0.12187287619077188
NLRP14,-0.43951610116584167
DNAJC28,-0.10844542237241128
NLRP8,-0.3836926437553972
NLRP11,-0.6404565923663306
TSHZ2,-0.5717486117144159
PYDC2,-0.038414431065912406
ERVK-19,0.2868446526330788
DPF3,-0.6534269521414352
SP140L,0.880318191954836
TTLL4,-0.19142742926958767
FDCSP,-0.7611697396784717
UBTFL1,0.5020603753586358
TCHHL1,-0.984996817804977
SMIM32,-0.10671944105078184
TMEM244,0.003900664921908725
LYZL4,-0.7635236584118
CT83,-0.40594586620501827
KIR2DS4,2.9269767128888655
TCTE1,-0.934460287915728
TRBV6-5,0.43992391162883276
TRAV21,0.4450372348711832
ERVW-1,-0.891818964307751
TAAR6,-0.5852106547958076
GPR157,-0.6011172467955617
GSDMC,-0.15960659543922034
ADGRE3,0.0689417136887526
C2orf88,0.735762723232857
AKAP7,2.077733867126659
CFAP70,-0.3339224376366049
ZNF749,-0.016053735804932804
ZNF559-ZNF177,-0.46628319207780045
CCDC32,-0.4246071396887238
ZNF35,0.6568120481974988
CCDC187,1.793653863067778
GAL3ST4,-0.5591332308274308
LEUTX,0.3155131685462769
LMNTD2,4.593816424927398
ZNF575,0.10408126228056012
NUDT18,-0.567154287883452
MYPOP,-0.23343459131138858
DMRT3,0.12219785310308523
BICC1,-0.012034311744351671
SP9,-0.8051769168325456
PRDM11,-0.3793534281405693
SFMBT2,-0.6331340272089228
GARNL3,-0.5601575788663129
SLC16A6,2.306707754002402
CFAP44,0.6479739737084304
CYB5D1,1.2207879686022105
GPR21,-0.6783005337280648
LELP1,-0.7737889834638264
SIGLEC14,1.2399092817549757
KRTAP6-3,1.845608825683008
SLX9,-0.6159950980723335
GPR135,-0.6841238017157307
SLC45A4,-0.34429117673380727
TAFA4,0.032284650162807564
KRT27,0.27080797894460235
ACTL9,4.080207115525525
TMTC1,-0.4982840864479744
ZNF665,0.3063595153116689
PRAMEF9,0.4036460502465101
PUS10,0.5700388748668114
NSUN7,-0.06600537319659797
PRSS37,-0.5379735417457628
OARD1,0.23490015948985468
ANO9,-0.3792541980962793
DCBLD1,0.2015278380601343
TMEM150A,0.2980385478480085
DNAI7,-0.4428558282239342
POMZP3,-0.32161276292559327
CCDC148,0.23822896395580767
LMNTD1,-0.19305958180552785
SPATA4,-0.04440062635105697
RTKN2,-0.07480489552064737
CT45A3,-0.7487048193758962
FAM83A,1.2908572439225727
ERI2,0.2468387462318346
RTL10,-0.29887671478829936
CNRIP1,1.6840560194277667
CLC,-0.5289865602287047
GAL3ST1,-1.0679323517665833
SPATA18,-0.5533397101401722
RGS21,-0.49146956749871257
AMER3,-0.6193305403460191
KRTAP10-10,-0.3780049051985612
C2orf68,0.3164958118220634
KRTAP4-5,-0.6110052350515891
ZNF124,0.08298193852721533
ZNF587,-0.3566159397047237
KLLN,-0.07818370949598809
DISP2,0.4873521481712282
ITPRIPL2,-0.39849153201318493
RUNDC1,-0.11726831661673287
OOEP,-0.6391955566441344
C10orf67,3.272192113388967
PLEKHH2,-0.5027412698047935
ZAR1L,-0.353034145204257
RIPOR1,-0.5750181194237157
PRRG2,-1.0526126058440584
MRGPRX2,-0.6672880404370505
STXBP6,0.13241576774489572
GJD4,-0.36021118913043615
EXOC3L4,-0.46478153184068777
PRH1,-1.2278243723958857
SMR3A,-0.9227913255319128
C16orf89,0.5615416210537967
PRR20C,-0.6149738749084133
HIGD2B,-0.8481705387666376
LENEP,0.5516568496838807
ZC3H10,-0.4558646818897813
FAM53A,0.6149943484173104
CCDC126,-0.4853028309543689
LRRC73,-0.057915319792128855
ZNF287,2.158167062072811
SOHLH2,-1.281055027419152
MARCHF4,-0.46715603857850746
PIP5KL1,-0.45249958668976903
PLEKHA8,0.1808287184101028
ZNF653,0.30178999786374094
SERF1A,1.7635949416172294
BRICD5,0.22077623939310176
ZNF682,0.6230331459872235
PPP4R4,-0.40947782756226747
CNST,-0.5730201018356275
PLEKHF1,-0.2802294982913526
IQCE,0.6348942893659691
ZFTA,1.3259966039262434
FAM186A,-0.4355300593347791
ARL11,-0.28074621890591134
TEX13B,-0.4681846905668322
ZNF823,0.12430071456680322
CARMIL3,0.3772901893683389
TSPAN9,-0.45671374919571195
LRRC37B,0.5487477245799288
MAS1L,-0.21333679877413847
CRLF1,-0.8459262214342195
SIGLEC11,-0.6256500621255346
SIGLEC5,-0.4978773641857249
CNPY4,0.04063012884032192
ZNF462,-0.06230102808625102
ZNF605,0.15777995748879214
SMCO3,0.09458324400922864
ZBTB25,-0.7610719421397071
C1orf105,-0.3730369446835603
ZNF138,0.12124873568184781
NHSL2,-0.0997652203577345
DMRTC2,-0.6100574967221314
DND1,-0.4099071046455096
CSRNP1,1.360790270252408
MIPOL1,-0.19229282727290883
NYNRIN,3.9030656443588922
ANKRD9,0.6783224157706543
KLHDC8B,6.352291952925319
C1QTNF8,-0.1960940915720831
LINC02875,0.2965691045340421
CPLANE2,-0.16032791155785214
TANGO6,0.240399431598957
KRTAP12-3,2.2195588902556773
LILRA3,-0.24528891799112243
TEX19,-0.2672410948017329
LMLN,-0.7628843411114763
CDR1,-0.2002214650530338
AFAP1L1,-0.2596353355685938
FAM153A,-0.9232346911066839
PEAK3,-0.1654506822186597
CSMD2,0.23775908093456005
ZNF557,0.10937762792486722
SAXO1,0.22152160118420006
ARHGAP33,-0.32695718191673634
ASCL4,-0.9017214192789716
OFCC1,0.5386646086535215
PRRC2B,0.08727131487826811
LRRC74B,0.24864940633637173
LINC02915,0.04092347395326362
APOBEC3D,-0.17227506777316032
ZNF469,1.3291917873716044
NAA80,1.0972972205833231
C5orf46,0.3738247951914348
C10orf55,-0.2735208128608584
ZNF837,0.28484949284532246
RBMY1J,-0.23380832147991307
TYMSOS,0.11868456883505049
SLC18B1,1.302825079892915
SLC6A16,-0.49756965939988307
SYT10,-0.21298985950606636
NTMT2,-0.2550176730143006
CSKMT,0.9618938720212413
ZNF394,2.9421010711986284
CYP4Z2P,2.7945864893694248
IQCD,-0.40238761039388476
SPEF1,-0.6634073950025607
FMC1-LUC7L2,-0.1469621748948547
SHROOM4,-0.676662486170473
PLEKHG5,0.07418554537513102
SLC23A3,-0.5426004733919575
RGL1,-0.43289946948475877
CA13,-0.37180809878519133
DISP3,0.2839449168175071
SPACA9,-0.749530987863845
BEST4,-0.9801670185793245
CRACR2B,-0.02595797133158932
KRTAP5-7,-0.7207694856806361
LYSMD2,0.06593574495889636
KIAA1958,0.7403598707922245
TRIM45,-0.04879644035646383
CLN8,3.780583812623587
SNHG28,-0.6879236281132918
GJD3,-0.23781125175547227
KIAA1755,-0.21419174431070298
KIR2DL2,3.5303762391865408
NACA4P,3.622666656364285
NUTM2A,-0.48639614067458076
CCDC183,3.4092388687110877
USP17L3,0.28175254723415377
FHDC1,0.62240294614293
MAGEB6,-0.7862791698538607
GARS1-DT,0.05950680992977091
SLCO6A1,-0.9419067401124257
SCGB2A1,-0.8756604210125556
OVCA2,-0.5132279776406605
ATXN7L2,0.255254662283799
PSG8,2.202134900931871
FIBIN,1.3237938924982735
LYZL2,0.7778904963666122
ACP4,-0.5832580588781238
PRR32,-0.6028553114474693
ZNF85,0.5809015062371398
TBX15,-0.7816026229127212
KRTAP19-1,-0.4135147755039906
KRTAP15-1,-0.8361885315937517
MAGEA9,-0.5123561444170335
DNAAF1,0.13348882064688491
GOLGA7B,3.673711537126521
FAM220A,-0.228520208006857
ATP5F1EP2,0.2427964066801265
SPANXN5,-0.2917786424075121
CEL,-1.0964816602883611
KDM4D,1.4916727439333761
MROH2B,-0.8903803552461744
MAGEB10,-0.4484789026631237
LGALSL,0.4302924496859871
WFDC6,-0.03497915488513006
SPRYD3,-0.410357116419303
SPSB2,-0.33768016693258446
ZNF385B,0.5711185401329614
ENOX1,0.8310908027708469
ZIM3,-0.4879479745456164
C10orf53,-1.052615177689402
CIMAP1D,-0.6420280266827472
TMCO4,-0.5000216067132589
CFAP20DC,-0.3586542090051458
ZDHHC23,-0.1476953494223843
VN1R5,-0.3121693639264796
PPP1R14C,-0.7131490277860683
PSAPL1,-0.9927568226448674
ZNF70,0.23878298359822783
KRTAP5-3,-0.55715436320158
KRTAP5-2,1.1402082662744326
CRAMP1,-0.20731143175487105
KIRREL2,0.33873194356756137
NBPF1,1.3407840135209605
FRMD3,-0.061234669407219985
ZNF524,1.1385566868161094
LINGO4,0.20892859660054286
TSPAN32,-0.5029210320526919
SLFN14,0.01957884559478573
C4orf19,-0.44697989754637313
MAGEB17,-0.5959952956421707
SLC66A3,-1.1367991147888725
LHFPL3,0.7977632822459925
OSCP1,-0.8983396452820906
HSFX2,-0.325977666424562
VCX3A,-0.3743945802858117
HSFX1,-0.402583944718809
VCX3B,-0.41522453533572123
VCX2,-0.279078778832847
XG,-0.9862196308717258
RNASEK-C17orf49,-0.2051402466869629
ZNF43,0.006746053051269749
ZNF566,0.4473188040661249
SKIDA1,1.5517410162719718
ZNF678,-0.5747098296545147
CERS1,-0.0275785490394729
RNASE4,-0.21306657777308619
TAAR8,-0.9039631602889318
TAAR9,-0.7786011022875606
GPR148,-0.5644407280949603
GPR142,-0.5362736253321992
ADGRF3,2.940204181095978
CALHM3,0.6727043384207859
ZNF396,2.9094647377467586
CCDC71L,4.97689791243719
AGBL3,1.3638414644664132
C1orf127,-0.5616529693253896
KRT25,-0.2278726469343826
WDR93,-0.164207046680911
GALNTL5,0.04243397188742272
TMPRSS7,-0.6715565244017543
CFAP157,-0.6371828802742638
ZNF582,0.37401837675085625
SPHKAP,0.29130696284653324
RBMXL3,-0.4129411993133787
DCAF12L2,-0.543377634654423
DCAF12L1,-0.3196475981000599
DCAF8L1,-0.3046904515814315
RGSL1,-0.631290715662979
C4orf54,-0.0868514627186054
ZNF525,0.9524087979865671
ZNF407,0.35694381122451796
CDY2A,0.5617988420258223
NRK,4.372582918118818
GPR149,-0.22231674606956314
ZCCHC18,-0.9387802237724066
RASA4B,-0.6675261299135579
KRTAP16-1,-0.48152155144734515
SWT1,-0.3876456059033411
STPG4,-0.7987255542292124
ZFYVE28,-0.16947341899249435
ATXN7L3B,-0.1422492696403019
USP31,0.04800676025354782
CMTM8,-0.1303175049387151
RBM41,3.3470543358135965
MMP28,-0.4199914287275212
SERTAD4,1.742515009549849
GSTT1,-0.9387802237724066
RPS26P11,-0.2123056616912775
ADAM5,-0.9387802237724066
C11orf16,-0.5147746387701562
DNAAF8,-0.97406818070696
IL17REL,-0.8551628642864587
ISLR2,-0.028637537148022706
PRRT4,-0.10746027745518376
LEKR1,-0.2939801387640871
URGCP,-0.39535928090907924
EML5,-0.28987971417614733
ARHGEF40,-0.6711975395714432
SNX31,-0.24337894745773447
TMEM88,0.14973605078236854
KRT28,-0.12236484494864971
KRT74,-0.07746887076628416
ZAR1,-0.30871711598655055
OOSP2,-0.9966146774107589
DPPA5,-0.569170350910975
DAZ1,-0.5691768612265655
DAZ2,-0.6172907172108033
IZUMO3,-1.5638458390004912
PLAC1,-0.8068294323732039
SEMA6C,1.9575712870703326
ZPLD1,-1.0472963867560834
MRGPRX3,-0.4998725527285038
ANKRD34A,-0.1929518454324871
RHBDL3,1.9815837259667863
FAM110B,0.15192505809101584
GPA33,-0.26975677617167515
ZNF778,-0.11194624958509831
FSCN3,-1.4241596942109216
C15orf61,-0.4744116342411578
ZSWIM1,-0.5868686774031892
EVA1A,-0.3157138757083423
ANKRD29,-0.13194955313973647
CIB4,1.383545544336206
KRTAP8-1,-0.6861191111759946
DENND6B,-0.43857332109724567
ST13P4,0.12601490934893136
CDR2L,2.8953758510914773
C7orf57,-0.5391845716822269
PIWIL3,-0.13131311451936226
ZNF471,-0.1171793484650367
BFSP1,1.9059222740649215
FRG2,0.26462402079320224
UQCRFS1P1,0.03113328193770995
C10orf95,-0.35562318231979695
C11orf21,-0.4812654476924241
CCL14,-0.7399864428902753
PRM3,-0.5629483374978062
SPIN3,-0.2706563417859143
C16orf95,0.31961422508963144
ZNF260,-0.07076402010455812
EBF4,-0.8351464442145884
SPINK14,-1.086186720222829
TTLL9,-0.36411623630319023
FAM86B2,-0.5018773604845461
TTLL3,-0.0449614198910222
CCDC61,2.807017498246874
ARL6,1.362948041357921
TPGS1,-0.3181695153548441
SPMAP2L,1.2696128836176792
KRTAP19-2,-0.7432112797283509
DNAI3,-0.5699162879265652
CXCL17,-0.9773177571575122
CRISPLD1,-0.5529788080433151
CDKN2AIPNL,-0.21726797222333363
SEC14L4,1.8874080600304073
CATSPERB,-0.2608327577086384
SRGAP2C,-0.10916962529758095
TCIM,2.358053689782673
C12orf75,-0.2839116806117693
SLC35F3,2.0770836409190845
KIAA0825,0.2988206490800971
MRNIP,-0.5094979354332854
FAM219A,0.09846635824959557
OSGIN2,-0.7404388939369275
LRRC39,-0.011555413016283296
VMAC,-0.670435485578753
DRC12,0.6249175255936756
CSTPP1,-0.40905456227385273
TRIM42,-0.040451495611903976
GTSF1,-0.5060783205523397
RBM43,0.20985374492448755
INTS6L,0.03337749344853404
ZNF205,1.2481211313765785
RASL10A,-0.5644611705364697
RFX4,-0.5706939810372468
PLCXD3,-0.0979804113128526
TRABD2A,-1.1311584319923331
RCSD1,-0.4637193979090344
KIAA0513,-0.4511005274284593
OCSTAMP,-0.411936987420862
SHF,0.9687437536609232
SEMA3D,0.7817557865939972
ADGRD1,2.5334118980988816
CSRNP2,0.09534532377447492
PPP1R27,0.6963852963803213
TMEM132D,-0.03303155675115552
TMEM225,-1.0985833923098836
PPP1R3G,-0.5100602854547367
PPP1R36,-1.1166608150110529
TMEM132C,-0.225210369180706
SAXO4,-0.23137293078808185
CSRNP3,0.05778269267376497
SPOCD1,2.0024909766930854
PPP1R2C,-0.5333548304317447
C16orf96,-0.036111284862530985
ZSWIM3,-0.28796418473933544
PPP1R2B,-0.37795305076638047
ELFN2,0.19387103203791622
CFAP92,-0.1727541817149293
TPTEP2-CSNK1E,-0.2875413268008765
SPZ1,0.9110852857395033
LMTK3,-0.5057861662006742
C6orf62,-0.5063578121092948
ZBTB37,-0.40052204671873953
INAFM2,0.16447640127738378
TEX50,-0.5673379946635024
GOLGA6L9,2.100708389866272
MAGEB16,-0.9730545023414908
MAGEB18,-0.537623729323097
MAGEB3,-0.7692575664444794
TDRP,-1.1691572161875465
KIF27,-0.8138779825881979
XAGE1B,-0.407470727977117
SSX4B,-0.7467024543675916
CSAG2,-0.7514052123323368
TCEAL3,0.05053299883115331
C4orf51,-0.7069892892766784
ANKRD26P1,-0.07321446969246913
SMIM13,-0.18454877574878054
JAKMIP3,-0.9733736739754371
VCY,-0.42593252354846456
RBMY1B,-0.16971919231454094
TSPY2,-0.46587982630402236
DAZ3,-0.3154672194952805
TSPY8,-0.6236970161722536
RBMY1D,-0.22251581957782915
TSPY4,-0.11447209610691582
TSPY3,-0.29751160931329396
VCY1B,-0.14084606860148002
RBMY1E,0.04922076195098376
RBMY1F,-0.2169562633014221
PRY2,-0.18509464151697347
HSFY2,-0.27997030715683746
MEDAG,-0.054715941247341186
MAGEE2,-0.45177116663764233
UBE2NL,0.19882618900600846
GOLGA8S,-1.3452790188755335
GOLGA6C,0.11337422902847945
GOLGA6B,-0.632758044766184
GOLGA6D,-0.6463960218062698
GOLGA8A,0.011657222865567756
H1-7,0.4739309880950347
SIAH3,1.2218427649867152
CCDC142,0.2426704593132731
CCIN,-0.18108121412325245
METTL21C,0.03493470683897204
ABHD15,-0.13801297523843292
ZNF496,3.234788947391669
ZSCAN5C,2.3190995780190655
ZSCAN5B,2.358574509045403
ZBTB39,0.8171817693446216
BSPH1,-0.7732754894073595
MMP27,-0.317822122409301
ADGRG2,1.761733458763814
CCDC169,-0.631520190999378
TRPM5,0.35109139075716095
KLHDC9,-0.17795231871211228
MILR1,-0.23528441499587724
ADAMTSL5,-0.4476332868976345
KIR2DS1,0.1587222613508879
KIR2DS5,-0.012916501858827943
TMEM191B,-0.8113559719126499
PI4KAP1,0.1571343577345436
ZNF672,0.54953555558886
BPIFC,-1.0773505156510383
TASL,-0.5025661187419205
C3orf20,-0.6443913047650738
ADAD2,-0.9557036975335109
PIERCE1,0.49980283891974486
CFAP77,-0.7752509453097909
CFAP57,-0.47065290342378946
FAM3D,-0.7798203880715336
FUZ,-0.05124278651702236
NBEAL1,-0.5078355496726362
ZNF618,0.017560985321541395
DCDC2B,0.20541531792233195
C22orf15,0.41390788879326196
UBAP1L,-0.3159078973064119
GTF2A1L,-0.3014648966406071
ANKHD1-EIF4EBP3,0.8811883701859975
BRD10,-0.5957727156618544
FSIP1,-0.7072865067284663
C2CD2,-0.22377567647766983
ZNF697,-0.36042685896798776
UBALD2,-0.711911029144711
ZNF154,-0.10412109364786123
TBC1D19,-0.37385685395363416
MEIS3,-0.8492165914446955
CGB8,-0.7886156043430451
LGALS16,-0.6989440232327163
RGS13,0.062290758900515525
ARMCX4,-0.6419187283668847
FSD1L,0.031200599594662055
ZC3H12B,2.9884804491050816
LSM11,-0.3187110146138505
PLAC9,-0.581102537504489
CD164L2,-0.25245042026417974
SYT16,-0.2947409560355822
PRR18,-0.32018764746045997
ZNF117,-0.15648822283751054
ZBTB6,-0.35741725071527597
ZNF614,0.12645798589157103
ZNF253,0.4334900265492575
TRIML1,-0.2633601922534459
OTUD6A,1.279275326935044
ZNF391,3.565660960756872
HNRNPCL2,-0.6866011539120932
WFDC11,-0.8249879248478817
TEC_100124696,-0.47173533640909804
NKX2-8,-1.1760918859481384
NKX2-4,-0.911227571516573
DBX2,-1.0253226550785433
BSX,-1.1617759724919965
FERD3L,-0.7870658031583673
IRX6,-0.7782517912740392
OLIG3,-0.891800396713692
HELT,-1.0277747700211612
ZNF100,0.47947791115431204
ZNF430,-0.05333991010143139
SCRT2,-0.7022567179222352
TSACC,-0.7188707714001148
CPLANE1,0.6211262076025715
ZNF418,-0.20004891683055623
CELF6,1.1521637809642191
C1orf226,-0.5116752468008862
ZBTB8B,-0.1503763832294118
SPANXN2,0.26726573029731354
MBLAC1,2.254426735022296
CDPF1,1.9966920085301936
CCDC197,4.342769619680082
FITM1,-0.7476853488987435
ZNF254,-0.01794697531783046
ZNF568,0.08574493809272388
SRMS,-0.6434417624780715
ANKRD54,0.8541014849861323
DZANK1,-0.48381994692482866
RTP3,0.5084121401292747
CGB2,-0.4542825261684538
ZNF90,0.4677283146880033
EPCIP,-0.22677177022320924
ABHD12B,-0.5995498288588239
ZNF275,0.9966267786857135
ADAMTS14,-0.4964276288231208
CRIP3,-0.17398727092114097
CHURC1-FNTB,-0.6999840563074704
KRBA1,1.3329335421740245
PIR-FIGF,-0.7158134612919732
JAKMIP2,0.4358232704187733
FAM217B,0.1025186075231906
TRS-ACT1-1,0.08353232044895395
DENND2A,-0.2264842621099573
RNASE10,1.342153677195451
RIMOC1,-0.28139495138677967
UQCC6,-0.24130750561363537
ANGPTL6,-0.774282450584426
CAVIN4,-0.11623677925445312
H2AC19,2.012123389305324
PANX3,-0.5249730825671821
GJE1,-0.2361645619861051
ZNF284,0.08456976619864509
WBP2NL,-0.027188996925958966
LRRC20,-0.30446661133857766
FAM227B,0.6846072042504185
HEPN1,-0.7812278556424412
ABRA,-0.3356679545724377
UNCX,-0.4682111636068543
PPIAL4D,-0.3306660798299977
SNRNP48,-0.24039034664996636
CLEC18A,-0.337612731103546
C1orf87,-0.5091587592700724
ZNF213,2.939615649403188
ZSCAN29,2.696533554885771
TMEM196,-0.45852818183997324
ARGFX,-0.5773324348356509
CFAP90,-0.12035420201119683
PHOSPHO2,0.1691793047039625
ISM1,-1.057400271219666
PEBP4,-0.5394293297572141
ERAS,-0.9660971513263426
RNF175,0.5904607585321513
SPATA31A3,-0.7590487029569384
CCDC196,0.23434726298102032
ENDOU,-0.5576482673850053
SRARP,3.7429933614685025
ZNF234,0.1739006371125798
PABPC1L2A,-0.020627694846187178
TENT5C,-0.459537758774079
NUGGC,-0.35859218827798134
IGKV1D-8,0.379963522547587
ZNF783,1.3614670528672663
ZNF587B,0.04715539603848028
ZNF484,1.1631551088997938
MSANTD1,-0.9327463053198546
NBDY,-0.02867897016602805
CT45A5,-0.49813781238824933
VCX,0.5704299266294489
CFAP43,-0.5330200519490027
ZNF519,1.145834133551566
PITPNC1,1.5259106175362065
LRGUK,-0.8022728915969679
PLEKHM3,-0.7118923026997136
TMEM102,-0.6867529374602535
RNF187,0.0895886398710093
TBC1D3F,-0.4956109735137141
VASH2,2.5410945441755777
JAKMIP1,-0.19726483177590912
SCML4,-0.715769805098686
CCDC69,0.5033889614920852
NPVF,-0.5856424990938786
INSL6,-0.5732033632156486
CNBD2,-0.8509199800031165
ZFAND4,-0.34364190794400057
ZNF804B,17.066451106094956
USP35,1.9420664779304342
SERPINA9,1.782527672380765
ANO4,-0.7600236866272941
AADACL2,-0.10950753631405688
SLC35E2A,-0.5588537075476921
GPR15LG,-0.5974053229727
RAG2,-0.6532747239571677
SSC5D,-0.16523611904764787
SNN,-0.08123418069185469
TMEM236,0.2966020474896557
ZNF821,-0.6834000522980375
ZNF506,0.1253425899620752
C10orf90,-0.413810829651122
THAP8,0.9907108299283998
NPIPB13,-0.6521688254958332
MAGED4B,1.4522528965878851
ZNF679,0.10509695213760721
TSPAN10,1.2069804398607549
GUSBP1,0.3691681040788323
ERICH6B,-0.3446896460046369
ZNF439,1.5090994973881953
TRGC2,0.2672714967163651
NSUN5P2,0.2032973786558314
IQANK1,0.5181025478428394
SPIN2A,-0.05240449495761373
ERICH2,0.9847340521614505
PCED1B,0.5356795200321245
TMEM138,3.1495701247377803
ZNF776,0.9298264971408191
H3Y1,0.1560981748557274
ZNF730,-0.18455794377590756
ZNF333,1.0635048260002422
SMTNL1,-0.3872309303914361
ALPK3,-0.14611316012543776
GRAMD2A,-0.38685685972227424
KRT39,-0.150837466813068
TMEM108,-0.3286811471512183
EFCAB2,2.3233725601765376
DCDC1,0.5743803956838378
NPIPB12,0.3654885720333485
RNASE9,-0.472621436343795
HAPSTR1,-0.4629368141253966
SPRED3,0.34393677002983086
CCDC175,-0.8461251334332778
KIF19,-0.649417661051862
CEP15,-0.0671061175745858
RAP1BL,0.35870622026859944
NRIP2,-0.4860515016392256
ZNF547,-0.41673893760232056
RAB36,0.161093810943456
CAPS,-0.12181620654223825
CEP295NL,1.3890700963691687
TRIM64,0.16999251924136688
TRIM48,0.5220704160206117
ZNF77,0.2706734050123924
CCDC63,-0.60124599005674
GDPD4,0.3508992996033379
C2orf78,1.990555938938297
KRT26,-0.2499365978763173
ZNF708,0.12377996515223412
CCDC42,-0.6043475461612914
GLT1D1,-0.5797427813799688
GSG1,-0.5507201207019986
ZNF684,0.3341787757890171
REM2,1.1657829068351302
SYPL2,-0.6075569292999082
TMEM132E-DT,1.80201657650016
SSX7,-0.518601472939384
SPATA16,-0.694882909514908
SPEF2,-0.6429396178968647
TTLL6,2.2696270692515874
TMIE,-0.282083262806124
OTOGL,-0.34025458749769766
FIZ1,-0.5950100277844476
TSPY10,-0.37147040629535855
SPIC,-0.49891092623628286
BPIFA3,-0.8788476124587776
DYTN,0.42003228492486266
LNP1,1.5206892980453792
ZNF816,-0.13917148538335955
ADIG,-0.8361354688107699
RNF24,3.3034004184493027
C14orf93,2.363828468338591
FAM98C,0.4754975221390254
VCF2,-0.8524908040300634
ZNF717,-0.7519188981126171
TTC32,0.7438241183541489
LRRC63,-1.1699971573798427
NIBAN3,-0.4641687861839601
DPY19L2,-0.5495847152808585
CCDC171,-0.018790433549991842
ZNF780A,0.5352591555242655
HSP90B2P,-0.17856444446255623
TMEM74B,-0.26540992322620577
XKR3,-0.574921867142849
MPIG6B,-0.12415882545452622
FAM156B,0.0975384897271101
FAM156A,0.7487758133207674
SRGAP2B,-0.16014049354970314
ZNF664,0.12070077780297508
ZNF165,3.176912588400274
FAM13C,0.6927733726513643
CDH26,-0.03785412898197322
CAPN14,-0.6649152794681641
FAM184B,-0.4887765815736897
WDR87,-0.6768433780053665
ABHD17C,-0.5030953581520913
TLCD5,0.1096533692923523
SATL1,-0.9735307445740836
ESYT3,-0.40319771967837154
MS4A15,-0.19165028392070957
AMZ1,-0.6241428964953328
ZNF767P,-0.3302981843210967
MBD3L3,0.47143847182200205
MBD3L5,0.3492413910310405
KLF18,0.3998014940026585
JADE2,0.253045267025811
TMEM71,3.695507653363424
DMRTC1B,-1.0661859781186693
ZNF627,1.5221719864167709
FAM83F,-0.14328667635972023
INSM2,1.2077939262731077
ONECUT3,-0.9198340670122266
ESX1,0.1323305079773807
NKX2-6,-0.8991139518437605
RAB44,-0.5153745826091758
PRR9,-0.980420948268117
KRTAP5-4,-0.5698301278376484
DUOXA1,-1.006727487783033
NCF1B,-0.9220046288991303
ZNF710,-0.0568621057281843
MYZAP,-0.3195315645058601
DYDC2,-0.09516058323063138
LRRC37A,-0.035498313680726305
ZNF562,0.2071288958750755
SPDYE9,1.0160288705149871
ZKSCAN5,3.290743393992569
POM121L12,-0.6350983252345654
CCDC28A,-0.20890110914476334
LRTM2,0.3024318928983011
RERG,-0.759968442702022
SFTA2,3.5260091538059894
C19orf33,-0.02923046558099813
VSIG2,-0.5722567250408763
ZNF257,0.1470822168807318
ZNF385C,-0.6239340768067282
TUSC1,-0.8476723972899765
TINCR,-0.2623062438931236
PCOTH,-0.2623062438931236
RUSC1-AS1,-0.35229393081533317
FAM218A,-0.2623062438931236
URB1-AS1,-0.8324418400444941
LINC02913,-0.4974371730153131
KIRREL3-AS3,-0.2623062438931236
SPATA8,-0.21206993026483606
MAP3K7CL,0.45874816982634364
TBCEL,-0.3223420101065518
DNAAF3,-0.39896456719216117
KRTAP12-1,-0.6692014281342514
FDXACB1,1.7352943384301924
KIF9,0.6393641983454809
PIH1D2,0.13250004194976778
SRL,-0.3038470634212459
TENT5D,-0.6632054713121952
PAIP2B,0.40375262589851885
PRR20E,-0.4973492025627322
DTD2,-0.6585048880689929
CFAP53,1.6467395229912811
BEND6,-0.5083882267648273
ZNF589,1.0071660461975978
TAL2,-0.8511220040119231
ADGRA3,2.1996256168973334
PRR20B,0.07917985062428698
PRR20D,-0.7604958662838582
ODAD4,-0.5718958921181593
FAM25C,1.0035267266163264
GOLGA8G,0.24039957860010017
BRS3,-0.9081207339528116
CIMAP1B,-0.14307018999496326
TXNDC8,1.8158641593470979
ZNF91,0.4403996607088097
ZNF264,0.0912378852387113
TMEM52,0.5102975838741144
ZNF577,2.151566659216617
NATD1,1.2546975477766285
STAC3,-0.16158549900793162
GPATCH2L,0.34818335486124996
ZNF670,0.05400400331798673
XKRY,0.012075811216689197
TCEAL7,-0.19579344562306106
ZNF784,0.15177091483653962
ZNF71,0.6871740776873291
LRP5L,0.45446718447582435
KRTAP5-8,-0.687634791921578
KRTAP1-5,-0.5422743037964339
PRICKLE2,3.305128612786665
CYTL1,-0.2654514490226485
CHADL,-0.04652745254974465
GRIFIN,-0.48554171100040644
ZSWIM6,-0.07197083554090081
CIMIP2B,-0.5284595947101907
ERMARD,-0.6205955586551429
TRNP1,-0.5151473962865917
TMEM80,5.478627380736495
ZNF586,1.3725405737068235
ERV3-1,-0.9890407709867888
RNF122,0.12048719525940514
PPIAL4C,-0.45465878096104634
TMEM200B,-0.39783422195599766
C1orf167,-0.322886806134801
CFAP73,-0.7393421307951011
LRRIQ4,-0.11694270682120551
FSIP2,-0.48756346679542983
C8orf58,-0.41659780102063815
ZSWIM4,-0.24952071085264715
KLHDC1,0.028679691931624354
NPIPB15,2.471872830501627
PINLYP,-0.22521137218460657
PATE3,-0.18233813240413516
PATE4,-0.2974638313444694
SERPINE3,0.10447155133962628
FER1L5,-0.5112329697958184
SPATA9,0.9683041348654824
PCDHGB6,0.9232999441525188
OLFML2A,-0.3483636155252271
IFTAP,0.18513002696405392
ZSCAN20,3.037600444026546
CALHM4,-0.2662004715706266
TMEM178B,-0.14197669300310797
TIGD4,-0.1744112418206789
ZNF662,0.09421375891400055
LYSMD1,0.8041107459048666
ZNF417,0.35718485481173967
EXOC3-AS1,0.40517125763611556
CABCOCO1,-0.7451738065938144
KRTAP4-4,-0.35278903191604183
KRTAP3-1,-0.5264029505999084
KRTAP6-1,-0.44839546782683526
MIR9-1HG,0.1501742641649397
KDF1,-0.49701817903845485
IER5L,-0.15945247425504672
ZNF114,-0.0579671160365169
WSCD1,-0.4112192495894876
C9orf50,-0.23131971714482183
ZNF667,0.4331748435255269
INSYN1,0.15439600735470702
ZC3H6,-0.7277089564219739
RTL6,-0.36221866701318806
ZNF816-ZNF321P,-0.23779406939021297
PRDM7,-0.18587244282297913
MTURN,0.0921066714012796
SMKR1,0.3207329912788054
H3Y2,0.7497578010195942
ANKS4B,0.44903841288928265
LINGO2,3.0100747440107
C10orf120,-0.23102614105899255
SCAND3,3.6834459218859865
ACP7,-0.7654025792409599
NOTO,-0.47256074317663316
FRMPD2,-0.31474063549576287
SPATA19,-0.8255759406661646
SORCS1,0.3980394128991164
MROH7,-0.2945324426204104
GPR75,-0.4722926761107098
ZBED10P,0.5599917281922219
POTEG,-0.3894307530935098
C5orf47,-0.9738370493319843
THSD1,-0.4351074739360098
PRR35,-0.2362870386118862
MTCP1,-0.17285503538922856
PDPK2P,-1.1855863859671496
TMEM250,0.31695059294334077
PDZD2,-0.10964983000432826
GGACT,-0.7843344969784454
C11orf87,0.0855744579086767
TMEM44,0.6489999325385606
ZNF628,1.1255968767924944
CCDC30,1.9071608036915877
NAT16,-0.4663354979397136
MROH5,-0.849465739647077
ANKRD16,-0.4792153140668934
IZUMO4,-1.2479899433726713
KBTBD12,2.5471787737500664
IQCC,5.579610917244806
SPAG11A,-0.8722909135138771
ZNF766,-0.006191825325231842
NPIPB3,1.3826280413536893
MYMX,-0.47307309803539754
KHDC1L,0.6102354395804914
FAM204A,-0.44293069884864916
ATF7IP2,-0.043670318635732494
TNFAIP8L1,-0.28981731198226185
GPRIN3,0.9948684745375231
EPB41L4A,-0.041307003030254044
CFAP68,-0.18849810955456806
LGALS12,-0.5054276763101115
NKAIN4,-0.5855723932164945
GLIPR1L1,1.7434666747057481
CDRT15,0.5507278810771755
ZNF37A,0.20152380334675266
EFCAB12,-0.3230180027983647
RHBDL2,-0.3860572256494839
CEBPZOS,-0.17627738404058843
VWA3A,-0.7356205691771411
BBOF1,0.21460688890716567
SOWAHC,0.12444199435902797
SMIM31,-0.679037989824732
CNBD1,-0.7642859526393159
KDM4E,0.07889448281335665
ZNF775,0.3810536903268035
ZNF223,0.22743531048523408
ZNF518B,0.38537667447031954
ARID3C,-0.6869881318472236
ZBTB45,0.9940299946496689
PRAMEF1,0.34871532508662506
ZNF490,-0.12054636832601283
ARHGEF38,-0.021390205686431015
CPO,-0.9382157416248745
KIAA2012,-0.5823951225205124
FAM76A,-0.23078544905776668
TMEM232,-0.5426043121529095
TERB1,-0.9679935512047546
VCF1,-0.29843405509578685
CFAP206,-0.5388761036816472
ZNF93,0.18181843360469876
LRRC70,0.1478955628849307
LRRN1,2.5413117535665775
LINGO3,0.31260180004989757
GPR82,1.0746051936206151
GPR146,-0.19715750612273025
GPR33,0.9439227228061116
MRGPRE,-0.6012456815073057
GPR26,0.8531563756176374
RGL4,-0.7866692325829594
SHISA2,-0.09418324098388527
LIX1,-0.7771998234201223
GCM2,-0.6134953989491181
PTCHD4,-0.4199838642491654
C3orf49,-0.09410488327967928
GARIN5A,-0.6891213821990747
TMEM220,0.44279528960721315
KIR2DL5A,-0.47216563552563223
EML6,0.024099960354032095
PCDHGA4,0.6419264480980412
PXDC1,-0.10102557951907269
KCTD4,0.04587117678894605
C10orf62,-0.8993189055037346
ZNF606,1.3832264242189867
ZNF180,0.3763361193959715
EBLN1,-0.10252218645013672
ZNF613,1.4447037260489035
ZNF449,3.1523398125244686
TMEM37,-0.6952436980430126
TMEM268,-0.6204386803263214
ENHO,-0.6316076305640547
LURAP1L,0.2364816154218239
DENND5B,-0.27409393736009197
SMCO1,-0.2465986125089509
ZNF479,0.6404195398822377
ZNF441,0.1971790388607598
AARD,-0.2603724888169503
ZNF440,0.054687897577722855
SDK1,0.8310724858378763
CFAP251,-0.6116939706976654
TMEM89,1.0776503562566635
ZNF772,1.2641432149856358
MUCL3,0.3424686293348461
USP17L25,0.8588126678164812
USP41P,1.0474182620887282
VHLL,-0.9369199266721367
SPAG16,-0.3773914511595677
ZNF18,2.8549069335429027
RBM46,-0.6721429412679093
TEX29,-0.5995843584881188
DIPK1C,-0.3068685084806954
SBK2,-0.4843864372676547
RBP7,4.733757051566201
SPACDR,-0.4611950675156702
TMEM174,-0.09188986046335032
NEDD8-MDP1,-0.29679276665687737
HNRNPUL2-BSCL2,0.21321797844161883
CALN1,-0.29896452519012523
ZXDB,-0.2497049682335079
OTOL1,-0.6464858149449042
WDR97,0.5214177073813193
OPALIN,0.3672239591768937
FAM151A,-0.5127389998954704
NXPE2,-0.7626413701124112
TRIM60,0.02853079375363096
ZNF548,1.525705043038286
TRIM52,0.6307074486332441
TRIM61,0.10841908629426111
TRIM77,0.15381838308170664
TMIGD1,0.5288238480716138
CCL3L1,-0.0952687114091184
UNC93A,1.3577846990754305
ZNF529,0.11489840290761441
HOXC12,-0.6199143054720434
ZNF610,0.06118158715890015
CCSER1,0.16093306487270762
REDIC1,-1.0043866460711626
NPIPB8,-0.09530333881219795
ERICH1,-0.7043636755990416
ZFP28,0.08938598729529929
BPY2B,-0.11969507182138016
BPY2C,-0.1273994784175966
CT45A7,-0.9961564007847441
NPIPA3,-0.8614306998432322
ARL9,-0.23708268447401118
ARL5C,0.29674777461593577
GPR155,1.3989587031622532
MRGPRG,1.4043184927710703
SIRPB2,0.3161289396811599
CPXM1,-0.18193083039065835
TMEM150C,-0.15197794321940403
EFCAB3,0.41353954209864163
C1orf56,-0.48113080465322017
RNF150,2.4623789702506853
C11orf71,-0.5276080847474913
ZNF75A,3.7351914378680573
ZNF10,1.1355788266238613
RBM12B-AS1,1.2842680813557945
CFAP263,-0.32742482751855256
ADGRA1,3.127217414129624
ADGRG4,2.522859475555441
TMEM252,0.3760352306297663
ADGRF4,1.290105540777923
ZNF334,-0.22513221866142819
ELAPOR2,-0.3579941440995651
TMIGD3,-0.7399942495775909
GPR62,-0.3842475896424544
GPR85,1.7354834928029315
CCDC157,0.03641568092657666
GPR63,2.071544698088206
ZDHHC1,1.0118823652689677
TEX38,-0.7384121297938119
GAGE12G,-0.40695194304394633
GAGE12B,-0.40001441758137757
ZNF517,0.13265547355551363
SGO1-AS1,0.07917891581192125
ZNF846,0.03680385875373016
CCDC184,-0.11657485918212368
C2orf76,-0.1716079034170803
CAPN13,-0.5613543644449703
IGSF11,2.3692023692543627
XKR7,-0.029864000395734145
CSTL1,-0.7549491348003246
CCDC177,-0.47553278824263506
KRTAP2-4,1.2681134797760831
TPD52L3,0.6388998242634258
STON1,-0.8096166551237503
IQCG,-0.3264664787521982
FAM222A,-0.38635504376106483
LYSMD4,-0.6323708058903026
CST9,-1.1511902509162004
ADAMTS19,-0.1106134003321293
UPK3B,-0.27841693279630747
BTBD17,2.2672844989606
TMCO6,-0.20466749033672085
SPMIP10,0.6429316328409295
ZKSCAN2,3.242612470042813
NKX1-1,-1.3562844049267653
NIPAL2,-0.6227723107939246
SANBR,0.23792086153252529
SLC38A8,-0.6679602743672841
AGFG2,-0.005333087683368536
USP40,0.16446233409871505
TC2N,-0.39944416021321305
CCDC154,-0.465022210883105
GMCL2,-0.4485384476924911
RNF151,-0.6105338865879059
RTP1,-0.8534200966097616
OR2A1,-0.6939692213639129
GFY,0.10154949777341904
ZIK1,0.28286096692596974
PRR15,0.7147760528467816
ZNF607,0.23798700056230018
ZNF625,0.05689037559259142
CCER1,0.054166364153002515
ZNF286A,1.4111689665835219
PRAMEF2,0.2579071363279692
PRAMEF13,1.1888763088716863
PRAMEF25,0.6961946224650308
PRAMEF8,0.38978016315948266
PRAMEF11,0.22828482259386643
PRAMEF5,0.08918772881070117
ZNF696,0.838261841034491
CDCP2,-0.9248724100067506
C17orf50,1.9969935586951424
ADAMTS18,-0.2690429120280779
ADAMTS16,-0.43182970409615307
GLI4,1.4989879226688392
NANOGP8,-0.8751878073789118
MOSMO,-0.4168770621334477
CFAP100,-0.5327975931861588
C8orf74,0.29073809164960474
ODAD3,-0.32071941836272233
ZNF438,0.6443984212694002
RNF222,-0.6744895476352678
CCDC9B,-0.5326213278632367
TVP23C-CDRT4,-0.006687577089278369
NBPF11,0.8374043208603996
ZSWIM9,0.4920504841339538
ZNF283,1.607115686932984
ZNF585A,0.45152760582395063
ZNF621,0.7809365388454923
ZNF726,0.14999055587542204
ZNF584,-0.0068792202693576925
ZNF773,0.7333915572571463
WDPCP,2.3962878698929586
TTC29,-0.6755957359375907
TTLL13,0.15870945535426556
CCDC121,-0.3091861296926438
CCDC65,-0.5211958665665049
PAQR7,-0.3912173790709848
CCDC87,4.481590308416811
TAFA5,0.842679736995762
DCANP1,3.79719556187309
C22orf23,-0.8250908656500353
THAP6,1.1127155920697371
FAM74A1,-0.21086213063791415
FAM74A6,-0.24051038342353007
VSTM2L,-0.10262526930205297
NUTM2B,-0.4191642955208906
AFAP1L2,-0.5679152024929307
KRTAP13-1,-0.6474955749275603
SPMIP9,-0.7718017039207825
DYNLT5,-0.25642039271992434
ZCWPW2,1.184973839459087
LRRC69,0.8777832044881286
ANGPTL5,-0.8092743255628653
TRIM49C,-0.03452070669538976
CT45A1,-0.6717661579359391
FOXO3B,0.12232873432791137
MEIG1,-0.45726478355033573
GCOM1,-0.22054689982477038
INKILN,-0.14791279834609156
ZNF835,0.2950278236877038
BORCS7,-0.23914205384098436
ZNF555,0.28207018120353855
FAM135B,-0.33341239468937023
KRTAP10-4,-0.22583404710206667
ZNF714,-0.18213669517083553
P3R3URF-PIK3R3,-0.6800145125525968
ZNF853,-0.21187503071349442
FAM25G,-0.23764765884940858
KHDC3L,0.64897594890355
SUN5,-0.8309478737003306
XKRX,-0.6639623548259238
POU5F2,-0.7728472390121797
C20orf204,-0.49818809276530907
RAB37,-0.6798883303243956
GLTPD2,2.4970286598395877
CFAP54,-0.29282538592619406
ZNF181,2.900095058261983
PRTG,-0.057451864272897495
ZNF626,0.05391658876391101
TSPAN13,-0.7535091919258818
MS4A14,0.2299885168336709
MS4A5,-0.08008571972398616
RNASE12,-0.2513067995982731
SHISAL2B,-0.21564364322874952
CCDC83,-0.11574296759844523
KBTBD3,0.8457897247883827
SERF1B,-0.38555881177131485
OR4F3,-0.8114293117493109
PRAMEF14,-0.43757490515874436
TIGD1,1.5663530403861272
TMEM101,-0.14903571845481536
SFT2D3,-0.2294655331222776
USP17L10,1.874817175708122
USP17L22,1.7712044761077501
USP17L20,1.9907538699468312
IGKV2D-29,7.737871170785158
PKD1L2,-0.3559996620881488
SLC46A2,-0.9375466093605686
BIVM,-0.009240792532853684
PDZD4,0.8693267445682573
C12orf60,-0.28713060024119885
PRLHR,-0.543040382845856
ZFHX2,-0.09037087205954154
OTOP1,-1.4256793310542772
TBC1D26,-0.10615624180448602
TBC1D28,1.6219343273863365
ERVK-10,-0.5555914197250607
CXorf51B,-0.5222853188842354
PRR19,-0.32549482069294755
ZNF677,-0.19938242398491096
FGFBP3,-1.1948781323539077
ZNF112,0.6630759317302044
SLC26A10P,-0.9869304466616077
ARMCX6,-0.29035184665222946
ZNF891,0.06115072077526217
C2CD4C,0.2105514320016524
ZSCAN2,1.9888342729017967
HRCT1,-1.6325846818082121
ZNF790,0.23383630976292452
NEXMIF,0.7177474095513953
PAGE2,-0.4245179811899251
OCM2,-0.6172520876023221
CFAP58,-0.6066903109614128
NAIF1,1.2092908816693182
CTXND1,-0.5338829692849568
WFDC9,-0.7949669062505679
WFDC13,-0.936988252952275
SPINT4,-0.9297189597770793
WFDC10A,-0.8540027094568513
PHETA2,-0.408735451416966
SLCO1B7,-1.5533194761638187
PIGBOS1,-0.5843653964419335
CDHR4,0.9697288242813001
VSIG10L,-0.7586767263749316
GOLGA8B,-0.37049780097273766
SMIM22,0.020966640624221416
PAQR9,-0.29283582263172353
NKAIN3,0.062112362935051374
STH,-0.4977687044310657
OTOS,-0.5250225428007678
KRBOX5,0.14226580233933214
LINC00518,-0.302267041213762
LPAL2,-0.3022670412137621
BICDL2,-0.10822672752199647
ZNF565,0.3773807731675268
FHIP1A,-0.11021082185071385
ZNF594,1.28880902734451
ZNF480,0.8144926364679244
ZNF888,1.6926626996166452
ZNF709,0.5230006909126185
ZNF235,0.5684368286470133
ZNF813,0.04491509748161828
ZNF791,0.24825639340579886
TP53I13,0.22757983248809485
PHGR1,-1.0327987919251695
IQCF3,-0.9449373724296182
ZNF599,0.5422023951625873
ZNF844,0.3226727363314866
ZNF285,-0.6464000324515716
ZNF230,1.8972329627709563
ZNF624,0.39391977040694787
AJM1,6.169222357376376
FAM228B,5.565545419947229
CCDC158,0.22604133755778144
BEND4,-0.7570455009895348
ZNF880,-0.45986085720985925
ZNF852,0.38089397351068827
H2BC20P,0.11792917749288818
IGFL1,-0.48488322533752093
SPATA31F1,-1.0139677933593227
CFAP69,-0.5684393301541539
SPATA3,-0.2321343987254761
GARIN1B,-0.9445571312367692
SPATA31D1,-1.1616536686049472
GTSF1L,-1.079229562768931
SPATA31A6,-0.576439626009693
SEPTIN14,-0.1292845116336391
COL6A5,-0.3139696703233542
LRRC34,-0.9638540637386425
TMEM178A,-0.052985736839955645
ZNF616,0.25112694273848307
ZNF583,-0.015671053171746774
KRTAP5-11,-0.601391466996151
KRTAP4-1,-0.6866499217540698
NBPF6,-0.7878515302611313
KRTAP12-4,-0.3330997036164697
ZNF792,-0.11483478123826726
SPATA25,-0.29548202980401095
PROSER3,2.599463790537872
C16orf78,0.20098217754271455
LCNL1,-1.0518919873811674
LCN15,-0.7657973218448598
EPPIN-WFDC6,-1.0564582863006067
GLYATL3,-0.8800306836332781
ZNF671,3.180131577760921
SPATA31A7,-0.7784014275455676
ODF4,1.8233033834615258
ZNF630,-0.07115655585451541
RNASE8,-1.1081298307376266
TMEM114,0.665591772860262
CRYGB,0.38010355294195525
MSLNL,-0.4919011711511147
CDC42EP2,0.035999508466310066
CCDC54,-0.8993861682612958
LIMS3,-0.38670447303290256
ZNF737,-0.06948965590851129
CGB1,-0.8769863487995514
GPHB5,0.2227852530141187
ZNF680,0.3143070596518594
DQX1,-0.6254139088831929
TAC4,-1.479927420277708
TSPAN11,-0.7174718388845955
CIMIP2A,-0.7830379334896912
CD163L1,-0.8885626962355282
C2CD4D,-0.35241571082543616
MBD3L4,1.494862446508681
ZNF256,0.40949584090243546
DMBX1,-1.148008157166415
CC2D2B,0.0966536363764446
RFLNA,-0.7263691871696135
PMF1-BGLAP,-0.26004071757552916
STON1-GTF2A1L,-0.11336876949828176
SMIM24,0.006512549345452965
LBX2,-0.4484860439700934
CFAP107,1.7078784289891191
ERICH4,-0.3743087189993277
ZNF658,0.044064056277060004
TMCO5A,-0.8193049125754345
CNTNAP5,2.8082393941896955
TCERG1L,-0.12673475725829927
TBATA,1.9938368227369332
ANKRD36,-0.3542748902818719
C12orf50,-0.5787743008790783
NPIPB6,1.8356068468631448
HAPLN4,0.4880995069642977
KCTD18,-0.1847097433938392
ARPIN-AP3S2,1.9003695518173274
AGAP7P,4.806823474189571
MARCHF11,-0.343699078119012
SYNJ2BP-COX16,0.23781788846655538
SLITRK4,1.4987051652407148
PRR36,-0.366699287399705
ZNF563,0.14532535859922466
PODNL1,-0.34701242389012404
ZFR2,0.06899416201341972
CES2,-0.026539157083635256
ZNF222,1.686550965769058
ZNF701,1.185377810917523
C11orf52,0.0034376165697830637
SLC22A18AS,0.24855549763388546
ZNF134,1.1495125741652987
RSPH3,-0.17796745156881427
NUP62CL,-0.18905276579636057
THAP2,1.4522128046062137
NBPF3,0.4545610561270424
FAM86C1P,0.2787308465655109
ZNF221,0.18031309046909322
ZNF225,0.27365846203706085
ZNF214,0.9595234446134698
CCDC70,-0.7721166383721306
ZNF233,0.3154334925703085
PRRG3,0.02580970077518817
CYSRT1,0.40719014761346534
FRRS1L,0.6998157682067324
PPP1R42,-0.7933616162601328
ZNF705G,-0.3682258094027447
NEURL3,-0.21039051747830861
NBPF12,0.3485244854783524
NBPF9,-0.612403958284811
ZNF716,-0.052153827531614586
PNMA8B,-0.5090496191073575
TRIM49B,-0.4775949649543913
HNRNPCL4,3.125528947266747
POTEM,-0.6029374890333288
KIAA1614,-0.06648925303122152
ANKRD30A,-0.0475688019245754
POTEH,-0.9251641850967043
CCDC144A,0.29922374502098925
TMEM276,-0.28058083429448705
PRR23B,-0.3049117500376125
AKNAD1,-0.635703501023416
TMEM82,-0.5264929315472787
IQCK,-0.027256018469361383
ITIH6,-1.1758827278234252
BICDL1,-0.2643450150160497
RINL,-0.18908065512937489
RFX8,-0.07611561809185015
RHOXF2B,-0.886663469853901
INSYN2B,-0.19628064110492718
NUDT17,-0.38550607159070405
MINAR1,0.07594725944111869
KRTAP19-4,-0.6486484235579391
OVOL3,-0.3991235822847657
CLEC19A,0.3361435981393268
CNTD1,-0.9983686491589269
CFAP126,-0.019239490996097584
CIMAP2,3.1912877019292365
BVES,-0.4110360084016887
AGAP11,0.258836271553965
PPIL6,-0.31396568129257113
NWD2,-0.42880040276109344
CFAP221,-0.621509523042871
RSPH10B,-0.5452791114111706
CFAP61,-0.41108594783097224
TPRG1,2.2654522639182675
TMC7,-0.5948371901164988
EEF1DP3,0.4385792063470914
SNTN,-0.8242057909220782
SAXO2,0.18844326050053734
FAM43A,-0.4228873468817762
ZNF98,-0.0476566322443887
SAMD13,-0.558702994090531
TMEM121B,-0.37099941286212584
LSMEM1,-0.3591903731458926
ZNF658B,-1.05217234918524
FAM219B,0.9112194329688178
CLBA1,0.8277829576867345
UBE2L5,1.2025930134294778
PMS2P1,-0.4257417997181251
SHISA4,-1.0250477159764264
IQCM,-0.05777120848494678
HMCN2,0.2840824562275788
CD300LG,-0.9154870051626489
TREML4,0.3024895498992706
CPAMD8,-0.8115067332413486
SH2D7,-0.0864627980257484
C3orf22,-0.1111589635874169
RD3L,-0.12194912951044042
ANKRD45,-0.32281990658749093
ZNF33B,0.2779481940175502
ZBTB47,2.4876950973943917
KRTAP5-10,-0.6439532102590918
RIIAD1,-0.19586494735592727
POM121L1P,0.40411405734011213
LOC102724594,-0.1893695211547438
TCF23,1.1230601280675703
PRB3,-0.9492749570811236
C1orf53,-0.40706535742850475
CATSPERG,-0.9658674530973733
TTLL8,-0.43867586905534567
USP17L7,0.6180320936283524
FXYD6-FXYD2,-1.2593547747956813
C22orf42,-0.1920895973393955
ADGB,-0.699380798450198
TRGV9,1.156030555150313
BTBD16,0.05196487900334986
SERINC4,-0.5453661764733718
OTOR,-0.29399354701955027
TSPEAR,-0.4176010620268698
IQCA1L,-0.042871367639342066
GASK1A,-0.7409770757266142
HARBI1,3.2944518641745617
ZNF546,1.4907832423609453
ZNF735,0.4391195907709101
ZNF699,-0.16266271695930515
KRTAP13-4,0.6362223969730747
LRRD1,-0.33520506638491404
PRSS54,2.9304573329129147
NUDT4B,-0.36025722920923753
VSIG10,-0.21781974259337672
RIMBP3B,-0.416234336735762
FAM229B,-0.7122882225388983
MAGEB5,-0.8194255156759113
ZNF280B,-0.9685043368133355
TARM1,-0.3893456060932541
ARHGEF33,-0.16460945417887
ZNF491,-0.04619825659866154
ZNF208,0.025786743785629358
ZNF676,0.06046144167244931
FOXB2,-1.0307658856557447
BPIFB6,-0.6685168327123717
ZNF786,0.5223367598490316
KRTCAP3,-0.45750925602712067
FRG2C,0.5104636631256644
FAM178B,-0.5874439686676598
TP53TG3B,-0.335489444452861
TPBGL,-0.41238706677896975
LRRC3C,0.360933247295883
MARCHF3,-0.07088511596561264
TTC24,0.1469528574185237
TMEM229A,-0.7260003622239863
DYNLT2,-0.5955572746365472
C2orf15,-0.4941159665306517
MS4A10,0.31457684546033693
JHY,-0.0441090438881728
C22orf39,0.4075069278199107
SLC35E4,0.21624867762274008
PCDHGB2,2.2357041768896306
C12orf54,0.5663632354946816
ANP32CP,-0.1135776202343864
KLHDC7B,-0.6047566107358904
TTC9,-0.5806950157034512
PCDHB9,1.5543203457744896
C1QTNF12,-0.14156429520554226
REP15,-0.42628508685457056
ZNF132,0.8138789298075408
BCLAF3,-0.4970806186676395
KCTD19,1.022561041460654
TNXA,-0.6239646900150626
CENPBD2P,-0.4428463778625564
TMEM255B,0.8176086969715476
TCP11X2,1.171854074463637
ZNF571,0.4126265277392274
CASTOR3P,1.440912488230628
ZNF845,0.14625542823375326
TMEM88B,1.3507769643701593
GOLGA8H,1.4499052338451555
CTAGE6,0.7331740079947273
SFTA3,-1.382881882786691
ETV3L,-0.5491987127376633
FAM170A,3.9183315640455354
ZNF850,0.6057197197035166
PP2D1,-0.5151970595845345
SPINK6,-0.9097173160142564
ZNF486,1.1599295301309749
SLFNL1,-0.40673205785636596
RNASE11,-0.3071269238866823
ZNF619,0.43567463893600794
RSPH10B2,-0.6324473381560637
SMIM11,0.4575106794445518
RTL8A,-0.003632927194721507
CATIP,0.8857902529120901
MROH8,1.1499476527441324
FAM200A,0.8487985229826175
PDZD9,-0.19536577502980443
C3orf36,1.1499476527441324
CCDC144NL,1.1499476527441255
CCDC149,0.061378783853474846
GAGE1,-0.27712262445922026
FAM47B,-0.09232412422910709
SERHL,-0.41255060774411945
SLC35G6,0.3623734742005889
ZNF600,-0.25042409231284757
ZNF28,0.22836917311234334
DMRTA2,-0.9021811849243875
PRAC1,-0.3002594902254714
ZC3H12D,0.5843193958540034
VSTM2B,-0.19351637390153884
ZNF182,2.462625994296104
LINC00312,-0.4933809144305578
LINC02910,-0.9901173857550541
DRGX,-1.143884481298718
FAM47C,-1.4101741969788542
MROH2A,0.5779272378542021
DPEP2NB,-0.13680288593308926
AGBL1,-0.3999210068724208
ZNF780B,0.01682865427578108
PROB1,-0.007902333364076955
KRTAP5-6,0.29728123530871503
ARL13A,-0.19474841013774452
GLDN,0.25983675343204976
C7orf33,0.08063608114835066
ZNF433,0.2102301436608104
GPR137C,-0.6193436329472115
TMEM235,-0.24591713485621802
APELA,-1.709768063215559
PLSCR5,-0.07488954786576331
MYO1H,5.901586000195725
ASDURF,1.4437818017670603
SLC22A20P,-0.3528794078089755
BPIFB3,-0.3871066316202126
STPG1,-0.6490338088873585
ZNF137P,0.5126304458485935
LRRC18,0.7267199339476829
ARL16,0.16430676176218162
SMLR1,-0.7492070382744455
FCGR1BP,-0.4475490395536212
LOC102724652,-0.2027595294351423
PCDHB13,2.3682439098471253
ZNF736,-0.1044889749691889
PPIAL4F,-0.41560085779780387
TMEM238,-0.2436591627581212
SPINK8,-0.6566207684904806
CFAP96,-0.13862481013982184
CABP7,-0.7900498312667001
EXOC1L,-0.30069584488684786
ZNF320,0.06953211814280698
WFDC3,-0.5841420687851551
KRTAP24-1,-0.46979635990475715
CLUL1,-0.4651539606392498
FAM187A,-0.5704942933613424
DENND11,-1.0359244014334197
ZNF347,0.28461268987280597
ZNF99,0.047682866199826354
DDX12P,-0.2998717137714556
DARS1-AS1,0.8595554675345358
IGHA2,0.15316241902313812
LY75-CD302,-1.0527267800472355
CCDC179,0.6409094977118419
TP53TG1,0.48544949614627836
LRRC37A3,-0.7158492735346129
PIN1P1,-0.011184204041609361
CENPVL1,-0.16916873958345477
TMEM185B,-0.5762395643536304
TMEM200C,0.42993821310065317
ACTRT3,0.0880520202581684
NPIPA2,-1.1566383885398022
KIRREL1-IT1,0.712903938594212
KLHL30,3.1074095482398665
GARIN6,-0.24833324647929864
SPACA5B,-1.036057961462801
THAP5,1.4376837410748955
CCDC3,-0.669815627719314
ZNF468,0.04774201799080587
VN1R2,0.26382195125160685
EXOC3L2,-0.23712167581940158
CTAGE8,0.7770602936298804
CTAGE9,0.12909245938140448
CTAGE15,0.506482809794778
MAGED4,-0.5330602682179917
PRAMEF6,0.4104306021303106
ANHX,-1.0797943150481772
TMEM241,-0.48638801994180814
ZFP69,0.14022230915949307
TBC1D3K,2.548040176438619
TBC1D3D,0.20569109807116984
TBC1D3H,0.44927055611979777
THAP9,3.9097175936211155
PGBD4,4.56503341579315
LRRC74A,-0.0750399493634455
RAB6D,-0.732515704755246
SPATA31H1,-0.6367232659999924
SPATA31E1,0.14489024395948538
ZNF354B,0.4057121150685022
ALKAL1,0.501161888075497
APCDD1L,-0.273306495500025
VN1R4,-0.4451013664041338
TMEM144,-0.6243288487560685
C9orf153,-0.29272886270048853
SMIM21,-0.1270264670368616
C12orf56,-0.023491939958599033
KRTAP2-2,-0.024590087147667413
ZNF543,0.3416350818194768
MORN2,-0.2528723115520626
FAM47E-STBD1,0.5757825623730582
BABAM2-AS1,-0.015191490076821974
VXN,0.4316270931181867
TTLL10,1.9274750272120234
ARL14EPL,-0.21896355419102034
TRBV2,3.8566054757768318
C2orf72,-0.6100860225591268
CDY2B,0.6338810868724349
MS4A8,-0.2593332751079533
ARHGAP27,-0.42079475258959614
EXD1,1.5649591599895931
NPIPB9,0.22477109008565735
C12orf42,-1.1827452826225908
ANKRD60,-1.5490145892879794
SPACA7,-1.1161979932065538
ERICH6,-0.28507171655763014
ARRDC5,1.0823555035426942
TRIM49D1,-0.10312027786960826
SCUBE1,-0.07561812034699074
KRTAP4-7,-0.6544372368578878
PXT1,3.4601546026641015
ZNF841,-0.19844688840350594
IGFBPL1,-0.9517235888494916
SHISAL2A,-0.4500484831471276
KRTAP2-3,-0.5896420567742784
CMKLR2,-1.1364208895524122
ZNF425,1.5895183412348899
BTBD19,-0.07816604664417652
CMTM1,-0.13797490924330227
TCF24,-0.7277703618750405
SPMIP7,-1.1950434750887975
SLFN13,0.29409850897211254
EVPLL,-0.5385011108851795
NRIP3,-0.6396434048610302
TMEM132B,-0.47788964819916124
TMEM132E,-0.6994547167292332
MAMSTR,0.1057443064691864
C10orf143,-0.751363787949208
ETDC,-0.5680911652875694
EEF1AKMT4-ECE2,-0.2726925157583357
SPINK9,-1.1502631973654303
PRR20A,-0.8395017566668771
TMEM151A,-0.45369921042001565
ANKRD30B,0.014334298308999231
C2orf74,0.22856460997163777
MYRFL,-0.5798724846954093
TMEM270,0.33949545282845084
DNAJB3,-0.06491721594182828
C5orf63,3.112565263650542
TRIM64B,-1.0993418011824028
TSPAN19,-0.2639680567104916
ZNF30,0.40522010446763645
ZNF814,0.10235740365904696
FAM216B,2.0272745436100106
SEBOX,-0.5419755790209582
ANKUB1,0.1402067007388413
FAM25A,-0.8858148866960192
TMEM91,-0.4293534074978741
TMEM233,-0.23415797956519283
SYNDIG1L,-0.46724289446666584
PCDHGB3,1.1601581175195805
ANKRD20A12P,1.728118800225637
TMEM81,-1.3204460716891107
USP17L30,0.6487499585551234
ANKRD34B,-0.5014628706716611
CLPSL2,-0.5686698506365753
C16orf46,-0.06008584412112855
TTLL2,-0.3776064731581499
SPACA6,-1.0879831342220494
TMEM202,-0.5891359754535304
TMED7-TICAM2,1.6048453525245368
CENPBD1P,-0.5714095459175798
ANKFN1,0.8067481122747243
CFAP210,-0.9077102566093289
CCDC81,-0.556958274166707
ERFL,0.8065667369070121
TP53TG3C,-0.8439551034643661
LINC00526,4.602866372391232
FAM174B,-0.749525989973908
SPATA6L,-0.6843547507190025
TMEM212,-0.016025407964684442
RTL3,-0.4485820740871595
RTL5,-0.647408145170691
RTL4,0.07273488677626881
DPRX,-0.17353681244568822
SPANXN1,-0.1968276768029656
CHCHD2P9,0.12921997321880388
PIRT,0.6041826370890016
KRTAP20-2,-0.34672893973182733
KRTAP20-1,-0.3492339647552948
KRTAP21-1,-0.2080909671721713
KRTAP1-4,-0.36545835953138217
KRTAP2-1,-0.2026468490708347
KRTAP27-1,-0.2830588975228978
KRTAP5-5,-0.4781636839358834
KRTAP4-3,-0.4704362101390117
KRTAP25-1,-0.3820109698303556
FAM177B,-0.34924639830406173
CRYBG2,-0.7610351721129297
SMIM2,-0.2631857797204128
WFDC10B,-0.7541581969004731
CTBP1-DT,1.0311356070959707
ZNF875,0.13808326659281445
HNRNPCL3,-0.2992363062283052
TEKTIP1,-0.41683324879857714
BIVM-ERCC5,-1.1138631259460543
ZNF319,0.5494212294254385
ANKRD62,-0.1759210825966761
VSTM5,-0.37768022741868024
REXO1L1P,-0.01871435501153671
C20orf202,0.9824168081057466
EEF1E1-BLOC1S5,0.1304131004088649
ZIC5,-0.8272658744618896
KRTAP22-2,-0.6963630647736777
ANKMY1,-0.8843286331012398
LRRC71,-0.5592343699691166
UQCC5,-0.59221346928941
ZSWIM5,-0.25939090712356366
CATSPERD,-0.23785025911313665
FBXO47,-0.22950628362424025
EFCAB9,-0.0037804243923649223
SMIM23,0.9396978998368682
PRAMEF15,0.33849171859776955
PAGE3,-0.6640802839529187
TEX47,1.1341720174096217
ZNF404,1.680127117110863
FBXO39,0.535577389899331
NPIPB5,1.493776783103373
SMIM17,0.06766015380936537
ZNF487,-1.0624858830943096
NAT8B,1.0313018540147125
FABP9,-0.9415260701466236
SNRPGP15,0.6449571374954953
F8A2,1.186281450442982
MRLN,0.267850486444916
F8A3,0.42980803690106667
KRTAP4-9,0.08301378115890558
KRTAP4-6,-0.43594127805351507
KRTAP4-8,-0.6889198771480382
KRTAP20-3,-0.5679119691667959
LRRN4,0.1555895779754213
KRTAP21-3,-0.7077889439721209
POPDC3,-0.2788028218447726
TMEM179,-0.0013728855454231109
ANKRD65,-0.029605337114967302
RNF224,0.6977093280178327
TRIM75,-0.3277883852354926
C12orf76,-0.28777150262704815
GAGE5,-0.5212619762741012
PPIAL4E,-0.4505730423036863
PTX4,-0.41681447354783235
C14orf28,-0.636739415459813
CLEC18C,0.08218786934004095
KAZALD1,2.324485974731456
FAM151B,-0.3968683808436745
OR4C45,-1.3016628616201107
OR2I1P,-1.3016628616201107
CROCCP2,0.6674000946385684
PRAMEF4,-0.028170000766763088
LOC106627981,0.7338703557527971
FRRS1,-0.49869650205915783
PDXDC2P,-0.6340209447492762
ZGLP1,0.08559675901703911
LOC128706665,0.5162007748184251
SCGB1C2,0.4464640294997951
PRAC2,-0.9496580668444073
NBPF4,-0.4499429440039534
IGKV2-29,0.3934182445210434
ZNF385D,-0.3720959476661041
ZNF615,0.5938488828934734
ANKRD31,-0.7453215764048984
ANKRD13C-DT,2.870819702791689
YWHAH-AS1,0.7067183288306622
C17orf67,0.4258927625329977
ZNF549,0.715365890179169
GIMD1,0.1833249650611573
CFAP95,-0.040040190219117186
RSKR,0.2910822305499683
SPMAP1,0.45574038161977143
SAMD15,0.3517682256977236
LRRC53,0.09582131905902615
IQCF5,-0.5737147353349356
TDRD10,-0.4293083912945496
SPMIP3,-0.43564049608413585
KIF25-AS1,-0.6034296047432992
C5orf60,0.2874304549548941
CCDC182,-0.46535507405893545
TMEM163,-0.06231353888892908
GAGE12F,-0.4123636211234276
DSEL,-0.23293988070154106
ZNF540,-0.03763739236286236
ZNF660,2.681929144117332
EFHB,-0.34389287869093726
PRR23D2,-0.7285453592508836
PRR23A,-0.6448855411993093
CTXN2,-0.199582468314632
ZNF551,0.3428167001636914
EQTN,0.3650833345625309
ZRSR2P1,-0.9962649927710532
ABTB3,0.09310231869434452
WT1-AS,3.1053651609967274
ZNF836,0.4903581235987562
ZNF862,5.352897217032053
SSPOP,0.6073053694820838
C10orf105,0.3660632765482694
IGIP,0.2809940652355087
NANOGNB,-1.2126884309025758
LYG1,0.16136357563314327
ZNF808,0.4632744117256278
PLPPR5,0.2583430380548372
C11orf91,-0.011334610569098227
DSCR8,-0.6711423410543752
C11orf42,-0.817208665859053
ZNF729,-0.14030893027743674
KLHDC7A,2.2502312378922933
CT45A8,-0.7655557858135411
MSL3B,1.6453982154764597
ZNF878,1.39562610793085
CLEC18B,0.01608259616626968
ZNF738,-0.08786563914339864
ZNF141,1.462317968901083
ZNF527,0.41890979640618947
ZNF799,0.3646435774992132
ZNF728,0.241160459743203
ZNF573,0.04926581286204426
ZNF805,0.5469897247978353
ZNF793,0.47371734058763704
ZNF528,-0.02805998589291197
ZNF560,0.13577551484265554
ZNF429,0.2134199551919858
ZNF470,0.3214401378821106
ZNF879,0.4605519762449014
ZNF493,-0.06314882182684324
SMIM43,-0.5172036323506661
GAGE12D,-0.736485701143405
GAGE12C,-0.5826914449307355
NSUN5P1,0.028952167926327495
ARL17B,1.5036661582804882
NPIPA5,0.22667403953006768
CD300H,-0.22396590441189193
KIR2DS3,-0.3008451638513001
SIGLEC16,-0.3008451638513001
CD200R1L,-0.2921128330938549
ANKAR,-0.48005710572400645
CIBAR2,-0.6979430879739681
GAGE2A,-0.41089972101130534
PRPF4BP1,0.11452986859689485
SPATA31G1,-0.8550251629777242
USP17L24,0.4445722327275103
CCDC178,-0.6102756666072781
PRSS45P,-0.41056711772840154
ANKRD63,-0.0035928030140669745
LIMS4,-0.2808689450155604
C20orf144,2.193946336901706
FAM90A26,-0.3766608390519092
HEATR9,-0.20239750733785672
VWA5B1,0.1648487201258577
TDH,0.5390943707662271
CXorf49,
CXorf49B,
C16orf86,1.3359634112577061
FOXL2NB,0.2265050005671808
LANCL3,-0.6266336246088876
HDGFL1,1.6719095670348885
IQCJ-SCHIP1,0.15730805250739818
GOLGA6L10,0.16558471512280667
MYCLP1,-0.8160395096067584
PRSS3P2,-1.5847812374905865
ZNF705D,-0.7512817911176093
C17orf99,2.084055459760848
IQCJ,-0.46241042212519207
C5orf58,0.12999900072956064
C20orf173,-0.7013131943927687
XKR5,0.370240785924864
FAM167B,-0.32712516474815034
PNMA6F,-0.20571563500972262
PNMA6E,-0.5330930297502691
MINAR2,1.1041524419801427
GSG1L2,0.0027523704070192296
C14orf132,-0.17089243501985021
CCER2,0.5601029932051229
IGKV2-40,1.2154244050549208
IGKV2D-30,-0.4260971032455653
RNF223,0.4386657052163132
CFC1B,-0.053471231880234935
CCDC73,-0.25443739575542845
CFAP144,-0.6752916163555395
CT47A11,-0.9771547936871536
SPEM2,0.4085071926263786
CDRT15L2,2.056154459948135
CHCT1,2.331500637009028
MFSD6L,0.29927447485027925
SMIM6,0.477883077487668
FAM170B,-1.03976919549015
USP17L4,0.4361374493726557
USP17L8,0.7299190957973489
SHISA8,-0.3947429048368853
ERVK3-1,1.0427298373101987
SERF2-C15ORF63,0.2197545965684088
NLRP2B,-0.4195393106416154
SPATA31D3,0.5295184390182556
C19orf73,0.15720337909824197
STEAP1B,0.12969149076679085
RHPN1-AS1,-0.6976644018223439
C20orf203,0.8815750722518487
KRTAP29-1,-0.6077076970087146
RNF148,-0.14831853878934861
HHLA1,-0.38058659647352605
METTL24,-0.6036152122312636
SPATA31D4,-0.8333951077011577
ZFP3,-0.19490400445179298
C11orf96,0.09529494057815562
MRGPRF,-1.2117482997233955
TMEM225B,-0.3263019838864474
TRIM6-TRIM34,1.629554893192432
GVQW3,-0.07667279925787891
SAMD10,-0.20742497087170098
FHAD1,-0.07667279925787891
KRTAP10-2,-0.6420101083266888
CCDC169-SOHLH2,-0.40269174756068915
MTLN,0.007931235970007116
LRIT2,-0.27147872659195815
ISY1-RAB43,-0.31479930090895214
LRRC75B,-0.5011765123131028
C1orf185,-0.8738296497793588
XKR9,-0.9420064952268358
LLCFC1,-0.5118995960007791
C16orf90,-0.22711565269192488
CT45A9,-0.8209670501876439
PBOV1,0.029764213994509715
MAP10,0.4400907702671847
GOLGA8N,-0.1263690996654231
NPIPA7,1.1213341502065013
IGFL2,-0.7791663888131387
IGFL4,-0.3515495805951077
HSFX4,-0.3893898166607658
GAGE12E,0.31366497967064744
TEX13C,-0.7168458882031614
AKR1C8,2.2826189231533003
C9orf163,-0.16868683926902903
GBA3,0.4395280466341288
CBY3,0.2141224331448592
KRTAP19-8,-0.8019130344160573
MROH9,-0.49934506346939583
WDR49,-0.05312779674219079
PRXL2C,-0.9439909552766272
GOLGA6L6,0.011951846308294628
GOLGA6L1,0.1591599882041732
GOLGA6L4,1.2590215187573492
FAM47A,-0.24650780261880628
GAGE13,-0.5089045174370377
TEX48,-0.6199071478445988
OR4M2B,-0.9230643088540793
GARIN1A,-1.1562596556729297
GARIN4,-0.9606760790875345
KRTAP10-12,-0.6232988275476039
AKAIN1,-0.5435728008243023
KRT10-AS1,-0.32997390254517867
PGPEP1L,0.17790177889489478
C14orf178,-0.2300254465891904
TRIM64C,-0.19344884004553836
FAM209B,1.318575420384467
SLC15A5,-0.7890101306041933
DMRTC1,-1.0661859781187035
ZNF578,0.23983452035547223
USP17L27,0.7422172522072283
USP17L26,1.0515422126147163
USP17L28,0.7429567807911628
USP17L29,0.7429567807911628
PRR23D1,-0.6357428127596018
LKAAEAR1,0.27080797894461267
NPY4R2,0.7014525324155725
H2BK1,-0.5774818391174471
PRR23C,-0.6288877481024062
GOLGA8R,0.5532834489877005
PRAMEF18,0.06021341844043514
TOGARAM2,0.23387612941473934
RFPL4AL1,-0.19412686531395265
CT47A4,-0.8511095095627575
PPDPFL,0.6441066290249717
SRRM5,-0.6122547983319133
FCRLB,-0.3299785109654429
LACTBL1,0.4503944610463093
FAM149A,0.40238159379592436
ZNF702P,0.3848672250006612
LOC102724023,0.33480627479174935
TMEM217,-0.11442503022000533
KIAA1210,-0.9498089758582586
MUSTN1,1.3196103120998566
TRIM16L,0.6528417820761458
USP17L17,0.563623785777759
USP17L18,0.7746429928839017
USP17L21,0.7746429928839017
USP17L19,0.7746429928839016
USP17L11,0.7746429928839017
USP17L13,0.7438797952117556
USP17L12,0.7675491128706785
GAGE12J,-0.3938999236835491
GAGE12H,0.31833826055451797
KAAG1,1.850973084646082
SYT14,-0.2947409560356089
TMEM249,0.3185694084439411
FRMPD3,-0.16585237312102372
OR10D3,-0.6824787430617022
EFCAB10,-0.7282516831249828
C6orf163,-0.23588832060225867
MALRD1,0.2722555877862302
GAGE4,-0.27712262445920266
MDGA2,1.4321859812336244
SPMIP2,2.710348957550669
DEFB131B,-0.7832351110733656
SMIM30,0.44806679224245816
NBPF20,-0.16108837912918772
OR4K3,-0.5624518796988138
NBPF8,-0.5624518796988139
LOC102724334,-0.5624518796988138
PIERCE2,3.815577545823589
PLEKHD1,0.8170928437427727
ETDB,-0.6899609647589092
SDR42E2,0.6530232925853301
POU2AF3,-0.5894709285823279
CT47A8,-0.7036303330496263
CT47A5,-0.9359470833817908
CT47A9,-0.9452619641591551
CT47A10,-0.9452619641591551
CT47B1,-0.9309799609595435
CT47A2,-0.9452619641591551
CT47A3,-0.9452619641591551
C2orf81,2.3924643628972158
SMIM27,0.7784743122668908
CKLF-CMTM1,-0.3569614058011713
MSMP,-0.6103533379222954
C17orf58,-0.7993983493137798
ZNF570,0.46511436266573464
ZNF781,0.25062656103439906
OR4F29,-1.0384334946464786
SLC16A11,-0.7496173508008914
SMIM10L2B,-0.9522711945411626
CIMIP2C,-0.5284595947102415
DUX3,-1.3019414732294963
ZDHHC11B,1.4318847131878463
SMIM29,-1.0939105352813114
KRTAP9-6,-0.23548953229331526
GAGE2D,-0.24732359796849235
GAGE2E,-0.24732359796849235
LINC00482,-0.8005611287963099
LINC00588,-0.8005611287963099
FAM217A,-0.7155362352786414
MST1L,-0.4609471772777001
LRRC72,-0.7124630858299995
ANKRD30BL,0.025895427780914696
KNCN,-1.1480081571663905
MT1DP,-0.5012475547962474
LHFPL7,-0.5791894300527642
GOLGA8Q,-0.8069568396219693
TNFAIP8L3,-0.4204944167666427
TBC1D3C,-0.6376023161315936
TBC1D3I,-0.3673206455436446
SPATA31A5,-0.5764396260097203
TRPC5OS,0.42721033108381257
CACTIN-AS1,-0.43588678573957795
TMEM210,0.0945454202776749
GOLGA8M,-0.797623926128543
GOLGA8K,0.04698858312123651
FAM180B,-0.48801448944678505
OR51C1P,-0.6611278291733893
SNHG32,-0.31851908214881897
ZNF681,-0.08809297483129597
STRA8,-0.8954349604556656
C3orf70,-0.1831393464914861
MATCAP1,-0.2774930706823731
ZNF727,-0.06229875497568787
TRIM43B,0.38058939814648796
NPIPA8,0.7695525651246048
LRRC55,-0.33607476947897436
SPATA31F3,0.20737165386921957
GARIN5B,0.7419275218747913
ANTXRL,-0.20610783274696126
C9orf57,0.5280925658493972
CROCC2,0.3517722297442165
LINC00242,-0.41566135586682335
LRRC75A,0.630707448633242
CFAP298-TCP10L,-0.7900713776086163
DDX11L8,-0.8210202101856839
ZNF883,0.15499410669872696
PI4KAP2,-0.7349721853835014
ASB16-AS1,-0.43240236189867914
PRSS41,0.7561754028015074
FRG2B,-0.05404974541072398
CT47A6,-0.8511095095627463
FNDC7,0.9559394198300023
PTCHD3,-0.2696714743186936
ANKRD18B,-0.13691737069062201
IGSF23,-0.7535654044932126
LINC00305,0.018356817061127816
PRSS46P,-0.7421877690546723
C12orf71,-0.9681904025927015
HSPE1-MOB4,-0.9802142460117477
TRIQK,-1.0309385013814736
FAM90A16,-0.7948951653767563
TP53TG3,-0.4311465370446268
TP53TG3E,-0.38339377445809725
TP53TG3F,-0.38339377445809725
TP53TG3D,0.16013841456009809
IGSF22,1.0372410008260489
ZNF705B,-0.7457350673374266
HOATZ,-0.6829782316498102
ETDA,-0.7029189788300169
C19orf81,2.2672844989605925
FAM43B,0.23600152905280064
KRTAP20-4,-0.651566084478727
IGHV1-18,0.6761328524755602
IGHV5-51,0.8354711187012092
IGKV2-28,2.5944032126512777
IGLV3-9,0.41321715670661907
IGKV3D-15,0.41321715670661907
IGKV3D-11,0.413217156706619
IGKV1-27,0.413217156706619
IGKV1D-17,0.413217156706619
IGKV1D-13,0.8388575136328102
IGLV2-18,0.2095247628445952
IGHV1-24,-0.1246313432171492
IGHV6-1,0.4051950050980354
IGHV4-31,0.9236604730229279
GLYCAM1,1.9828349600446225
TRAV12-2,0.656506782257127
TRBV28,0.567045317524482
TRBV5-1,0.512293492965286
TRBV19,0.5410136455255493
TRAV12-3,0.5410136455255494
TRAV22,0.6619462066270155
ARMCX5-GPRASP2,0.4339748552349639
