,z
TGFBR1,0.253507809644419
TGFBR2,-0.11253260475330837
SMAD3,-0.4500215313933342
TGFB1,1.3201156087688042
SMAD2,0.05279329316232915
TGFB3,-1.1321253459978569
SMAD4,0.5488134495726136
TGFB2,-0.9104309063276734
ACVR1C,0.49249858249002215
SMAD7,-0.3498641853813965
ACVR1,-1.4480326664830057
ACVRL1,-1.6136384767834682
ACVR1B,-1.0497071042719732
BMPR1B,0.3387564742857251
BMPR1A,-1.273266096922215
ACVR2B,-1.4538370369537592
SMAD6,-1.5555792715646828
ACVR2A,0.08691637684118
STRAP,-1.004991125093643
SMAD1,-0.6996232625363098
SMAD5,-0.010562006041416178
BAMBI,-1.7141788408913812
FKBP1A,-0.4783673270506924
BMPR2,-1.2558889680282106
SMURF2,0.16385929189074477
ENG,0.9761727506659574
CD4,-1.7378284182673212
SMURF1,0.9194154445700046
TGFBR3,-1.6185022524673978
ZFYVE9,0.8452666280168485
MAP3K7,-1.1498453906264863
USP15,0.011526500660782943
CGN,0.7275309794797676
PMEPA1,-1.1951962987559015
TRAF6,0.8962887125284914
FBN1,-0.6601419285193458
ACTA2,-1.418426340158404
PARD3,0.6352386696149159
MTMR4,1.3493712928021764
CAV1,-0.7758882824135509
SNAI1,0.44679518989620837
TMEM119,-1.295556944749535
BMP2,-1.329441688855006
SERPINE1,-2.5847827852708205
PDGFA,-1.901046650371298
AMHR2,-0.45173479299228436
SKI,-0.17399815403470756
SNX6,-0.34081425333746185
ARMS2,-1.1255065897705376
NRP1,-0.41776626564072117
DAB2,-0.9971923174590714
PARD6A,13.93152232406143
P2RY12,-0.24194623082131778
INHBA,-2.7399838194198374
PRKCZ,2.074570157881461
COL3A1,-1.3295697879961155
USP4,-0.23333052124188958
SLC16A8,0.2225743007992889
COL1A1,-0.9927525311528772
ALK,1.1399684903895955
CD44,-2.2779869563854884
IGF1R,0.3645445527955168
SLC2A10,-0.4782651203126868
BMP7,-1.8943058730599887
TNFRSF10A,0.44095900749453004
LRG1,2.434288714772945
MYT1L,3.3576304232833913
ID1,-0.3900035883775661
FILIP1L,-0.45596807617169854
ITGA11,-1.5943236968668584
TWIST1,-1.0054298881301404
PLK4,-0.4219175745280657
GPR34,-1.174981718697991
ITGB1,-1.078365925911628
PIK3R1,-0.22763833371519537
ROCK1,-0.10219707979163326
INHBB,-0.8854081471524902
IKBKE,-0.6923990730908663
PRKCI,1.5148568682517645
MYLK2,-0.05974199136911413
FKBP1B,-1.0336862582124509
SMAD9,-0.5437768400636801
ITGB3,-0.5111839128132165
MELK,-0.726311914119843
PIM2,-0.4817101324724865
PRKCB,15.830123484176926
GSK3B,0.5658741366603878
CDH1,-0.37332962061193936
PIM1,-0.8764651905569307
EIF2AK1,-0.8700877004778517
MAST3,0.9733841829792035
INHA,-0.9715969606724109
MAPKAPK2,0.49800398836929605
PKN3,1.7958669839099095
MAP3K8,-1.1383452913488106
MAPKAPK3,-0.02559291203740968
TBK1,-0.2167780287910398
HAVCR1,-0.345790337245062
PROS1,-0.8339742516930733
KCNK18,1.9887029974272024
BMP10,-1.2893330342970664
STK38,-0.04174642458572975
LATS1,-0.9498425074078338
CHEK2,0.610208218081167
LATS2,-0.494235634667988
PRKG1,0.7513153489757319
VEGFA,-0.6043609197949366
TNFRSF1A,-0.4215434433304957
TSSK6,7.0850872025930745
GDF5,-0.4225542564421906
PDGFB,-1.8915261909416305
GDF6,-0.9592884150800943
VPS39,1.3265012490332304
TSSK1B,0.08568157661848931
MAP3K14,1.9856654536641982
MARK3,-0.09012252943220041
ITGAV,-0.8808215375999191
IL20RB,0.5569749835665992
MSTN,-1.6378586802141841
CSNK1D,-1.263796796554328
MAPK6,-0.06796206155103106
PLK1,0.5630295251301618
CSF1R,-1.106155381522438
TRIO,-0.38197231678745047
CSNK1G3,-0.9737562085884494
FBXO34,-1.3881720714253478
TGFBI,-2.317240254713899
SNX4,0.08733096623917992
KLRB1,-3.2621566651691585
DYRK2,0.6312173237406324
CSNK1E,-0.5944116898684986
MAPK4,1.9086975284453822
ICAM2,0.8178798655431071
GML,-0.1336504429809847
MYOC,-1.6908877010886583
HSP90AA1,-0.9854669757204138
TGFBRAP1,-0.3642292536757893
ITGB8,-1.0034393854062311
GPC1,1.337737230477481
GDF11,-1.0552279943773581
RHOA,-0.6096110974424493
SPTBN1,5.301951833481963
TAB1,16.924170305763116
TAB2,-1.2042432232892957
UBA52,-1.5186043662406534
UBB,-1.1512885744678303
UBC,0.3418522854036371
UCHL5,-1.0786523591667414
WWP1,-1.2689142463185408
XIAP,0.6220552306821775
YAP1,0.45207588734467
ZFYVE16,0.021585200769016658
RPS27A,-0.6258586333200622
RPS6KB1,1.411121256645836
SHC1,-1.2370344490662228
NEDD4L,1.8238440813793344
PML,-0.8014887109539919
PPP2CA,-0.512060850846583
PPP2CB,-0.21867212642740275
PPP2R2A,26.5711193125919
PPP1CB,0.7997371833087147
PPP1CC,0.5735806167750984
PPP1CA,2.4095942825785213
PPP1R15A,-0.9794387290526559
OCLN,-0.19576548235542163
PDPK1,0.2957025773100246
AXIN1,-0.4218496584406042
CSNK2B,-0.7004543722653934
F11R,-0.201431002001669
DAXX,-0.2485340373813154
CTNNB1,0.3440884093209737
ARHGEF18,0.2805830288445019
AP2B1,-0.6146491089992586
PAK1,2.032892820974417
RASD2,-0.1875411439666123
SQSTM1,0.37160800970651187
EPHA2,-1.2730038208956984
ITGA5,-0.817441797793594
TRAF4,-0.7022719187152682
DLG5,-0.10763601953905222
ITCH,0.38302596332426214
SMARCAD1,0.027132387168507407
VPS4B,-1.0734684746446903
FNTA,-0.2342214067025717
MICALL1,0.2051623709165916
PPP1R16B,9.841195277033245
HSP90AB1,-0.8000038272489587
NDUFA13,11.331195139337138
STK17B,0.7442561337236951
SCAMP3,-1.1958313871105815
SSR3,-1.0187044588158267
HEXIM1,-0.6854714509222523
ZBTB14,1.182382746929003
GOLIM4,0.35192349391928945
INSR,-0.029295664671691903
CCND1,-0.9845555354808091
PSEN1,0.10245312808931885
ADAM10,-1.0277190053748884
ADAM17,-1.9186548157842553
JAK2,0.029534752052787574
SLC2A1,-0.5447750545439897
DLG1,0.42354941599716855
CTNNA1,-0.8123939302179172
ACTR2,-2.234616065992161
HMMR,0.369411194286109
BIRC2,1.2971343277259217
MAPK3,19.317578441629905
RAP2C,-0.26167948398769264
IKBKB,1.1524593494656434
PARD6B,-0.10594628075830087
CDK13,1.7050514828142813
CDK4,-1.017520307456866
PIK3C2A,0.14408839814007735
HSP90B1,-0.6770158570231694
GRB2,-1.1776647617485683
PKN2,0.09679056532080015
ERN1,-0.21007580284924962
RAP1B,-0.5554556692563251
FANCD2,-0.2081859660241828
ATP1A1,-0.12727838418470633
KRAS,0.37839661471552916
PARD6G,0.5187334431011554
CCND2,1.0434695877424593
STAM2,0.11352473626418193
FZD5,-0.42689049489111236
CBL,-0.3196059743495864
ITGB2,-1.7375463402054392
CHUK,0.10498516091848557
LRP6,-0.6134063155979613
SYK,-1.443362509110307
GAK,0.08236683028629625
SNX27,0.09022474938304194
CLIC4,-1.2306157719212476
MAP2K1,0.8575515623483777
MRPS35,-2.6853983686961973
USP14,-1.4657577145084364
MAP4K4,0.6989839718212072
APP,-0.4435020319330725
CLCN4,0.9040686277850858
SH3PXD2A,0.07417799473195194
SNX13,-0.1681534576966956
STRN,0.6569761666581125
CRK,-0.40172965193555193
SPPL2A,-0.2164186919164154
RAP2B,-0.9507238246352371
CANX,0.5382965077038528
TLR2,-2.8036574864241985
CCND3,-0.46069259331974716
SEL1L,-1.6165428701642426
CDC42,0.5846224832515098
GNB2,0.4635153409899937
SDC4,1.6270302112758905
KDM6A,0.8240935666413031
GNAI3,-0.5656073329623467
BIRC3,-0.8359416011141425
MAPK1,-1.1167951194777828
PDCD6IP,-1.1698066720540858
PSEN2,-0.5707433954223202
FLT1,0.03927982389461353
TAF4B,0.9895624926847891
RAB5A,-0.4662972079478927
CDK1,0.07406212223650865
NRAS,-0.6895203117479352
AGO2,-0.36303784719145554
SCYL2,0.2846800397323607
GNB1,-1.1337049231128382
FRS2,0.7902822849693776
GNB4,0.5499236633195466
NFKB1,-0.4878168686260931
RAP1A,0.7920734392855944
NCSTN,-0.0020156311819636004
RLIM,-1.2416115303728152
AGPAT2,0.9527046882478863
PPP1R12A,0.2473768686849247
HSPA5,-0.3201667539892515
SDCBP,0.037648159068835896
MAP3K20,0.40737445804044203
PTPN11,-1.123122938094106
CLCN7,-0.7001189468942602
CDK6,1.7091159233772377
ATP7A,0.29075820304732425
PGRMC1,0.4188288660761379
MAGT1,-0.5429494546046237
EGFR,-0.4316652957558557
MAPK14,0.883897757401628
HNRNPLL,1.8656064497041882
TAOK1,0.11110815416425396
PSMD2,0.7122763829828136
APC,-0.20596926032323096
PTPN6,-0.4266407771232746
SCRIB,-0.5328974143428085
ATP1B3,-0.5854323396141619
WDR1,-0.8749679094196411
PDIA3,-0.6898951400974103
NCK1,15.227515836819167
RAB11A,-0.2837657791835592
ROCK2,1.266957248857477
KIT,-0.3756865081862743
CCNT2,-0.6858748515950209
VPS35,-0.13032511353721396
IQGAP1,0.1003901555380196
RHOG,-0.47280231743994444
TJP1,0.12472096447154725
DNAJC3,-1.7313746042540694
STT3B,-1.0209831658860946
ARHGAP5,0.5908494667551023
AFF4,1.4173872807167862
RAB8B,1.1274203110440704
XPO1,1.029880019216538
NOTCH1,0.907786979730296
ACTL6A,-0.7987229395481752
PKN1,0.9967726602482098
RAB23,-0.4434004448345737
EZR,0.17295543408773648
GOPC,0.08486708122390316
PTPRJ,-0.34153908492017154
SLC2A3,0.7142948584160811
PLD1,-0.21170377536333584
MLEC,-1.8750433162361695
B4GALT1,0.5285682739397528
ADAM9,-0.12052556505439015
DUSP12,-1.2542132413994658
DDOST,-1.8279077538352966
SRC,0.3380626994986353
FLOT1,-0.004676059558290578
TNPO1,2.2516591788087106
VAPA,0.38050413021123725
CDK5,0.21215408988363038
SUMO1,0.29017181792111324
SPAG9,1.890303888507901
MAGI1,0.4843009052951238
VAV2,-1.498166471789956
AKT2,2.8824855923365207
FAM76B,-0.9124207075466604
NUMB,0.42527918025538514
CAV3,0.5484743152858464
PTPRC,0.2442149038932685
KIDINS220,-0.08845108305096391
TMEM30A,-1.173266809319043
MAP2K7,0.05868950939919272
MYO1D,-1.4716080760655035
TRAF2,-0.678289294264208
PICALM,-0.13994557373309346
FEM1B,2.186092492676014
IMMT,-0.6644249840365144
CDK2,-0.22208255754079892
CDK14,2.960079263435073
CCNB3,-0.2726908534899603
MOB1B,-0.5009604045896007
CCNA1,-1.0713633939442355
HYOU1,0.0014964031684576906
SDC1,1.3701272058540008
TLR1,-2.6758457525385952
TREM2,2.1749390423180417
WWP2,1.9565257813894852
MIB1,0.549176471491505
PIK3R3,1.298402711626833
TAB3,-0.6518676867286738
RAN,0.9800453029368149
FAS,-0.43111291872577007
NOTCH2,2.0670942209644294
JAK1,0.3172613489509239
GNAQ,0.4117102406817952
ANXA5,-0.8431685658512944
PPP2R1B,0.398358624339877
WAC,1.1677545233969335
SETD1A,2.0309411975337603
DGCR8,0.8657439399063405
RAC1,-0.8349721456790511
TFRC,0.13963741144324782
NEDD4,0.9381337843018921
MAP2K2,0.5855395249489986
RALA,0.7736078031291999
KCTD20,-0.1590874891832799
BRAF,-0.13733664645470278
PAK2,2.1038713663345665
ATP6V1B2,-0.49484947259148127
JUP,-0.8134902983265169
CCNG1,-0.6055986144847919
CRKL,-0.6383856148802858
AP1B1,-0.56608062765117
ANK1,-0.34591108900384726
AKT1,0.6896859314155256
UBE2I,-0.101296032026108
PIK3CA,0.24068614110079845
ITGA6,-1.787816566009168
HMGB1,-0.3922174208954659
PHKA2,-0.3499603128763277
EP300,15.800463134358102
ACTB,0.8375642409829567
PRKCE,2.194322841777545
RHEB,-0.18073103110417532
SNX25,0.8085524218150519
MEF2A,0.44484748249894535
ARL8B,-1.5114009905709305
CCNB1,1.2173678714530514
ATG5,-0.12808293425768374
RPN2,-1.671638081971775
MYO1B,-0.10684596788257067
TRAF3,-0.7087028154906032
CCNG2,-0.44902689294181664
STAT6,17.96368817278225
VAMP4,-0.5435350950222726
RPN1,-1.3461483746473724
NIPBL,1.3516837920818325
RBPJ,0.9567014685205121
CCNL2,0.5966487768693219
SLC2A4,-0.6632586628113614
RAB5C,-0.8328922772020199
SRGAP2,0.7815019843080494
RYK,-0.5629210798865424
SFT2D2,0.6012078323612866
CSNK2A1,1.0628343004057064
FLRT3,-0.46136312653665124
FLOT2,0.7636301650698099
HDAC6,0.7431707086063692
BIRC6,-0.6056200292465097
RPTOR,16.329862252843174
RAD23B,-0.9147692277734814
BRD4,0.4706894672983028
LPCAT1,0.14786260412454746
STK4,1.2321442923781867
IL10RB,-2.3660694138434173
RAB8A,2.0417729113668863
RAC2,-0.3430480300121306
SAMD8,1.0923190464498225
MYO5A,-0.03863852793679684
PPIG,-0.3133644781097921
PUM2,0.7351318369206256
PIP4P1,-0.004839772579907517
ATP2A2,25.397866724661082
CASP3,0.10742966677967374
E2F5,0.14515306515267293
ICAM1,-3.1075985360324174
SPRED1,-0.5150620577714871
TJP2,-0.1189283325523002
NPC1,-0.1844376923404311
ABCA1,-1.345811772789754
VDAC1,0.18299775138537658
RBL2,1.0060694297307133
ERP44,-1.6076276131346403
ADAM15,0.077581652851856
RABEP1,1.145278232331672
CCNB2,0.1069057938118259
PIK3R2,-0.004624783533326983
P4HB,-1.6070164571247716
SNIP1,0.05026997889611205
DLG4,1.8756656999532468
RASAL2,0.35542036062213306
MDM2,-0.07283893137114222
PTPRD,1.6621456906222802
RAB11B,-0.26278994956800145
NR2C2,-0.5517082467197554
OXSR1,0.3857674399129471
ITGA4,0.28562280293126474
ANKFY1,0.40443953320706555
EXOC5,-1.123100556107456
PALS1,0.5058908106222206
EIF2AK4,-0.21115928040721596
IFNAR1,-1.3442199306925178
CUL1,-1.169186984129121
FURIN,11.986276201713324
MMGT1,-0.4272635536733825
PSMD14,-0.32412252138844705
FLNA,0.7037119207638336
EMC1,-1.4031413289882912
YIPF5,-1.1111864602892385
SOX17,0.0023802789817554976
VCL,2.684999235160024
AGO1,1.1765209565413566
RALGPS2,0.50923377252197
ACTG1,-1.1436522128036926
PPP3CA,0.026428404614681603
UBE2N,-1.9687871312612466
ITGA3,-0.5014636677681964
SNX2,-0.7048270152452529
RASA2,0.03863842668397039
ANK2,2.1203319062328267
BCL2L1,2.6757449049793673
AGO4,0.7887511425072786
PIK3CB,0.34275727758900965
ZEB2,16.200408715567495
BSG,0.8394232792593743
PPFIA1,-0.5412417643668526
ILK,-0.6884124144194314
USP9X,0.8559648463953562
ITGAM,-1.418500977454574
ERBIN,0.3698719845039155
CSDE1,-1.149275856064215
VDAC2,-0.9700048055804279
E2F4,1.2317233631456115
RBBP7,0.2721755187760275
MET,-1.0667568753395722
TLR4,-1.4890284888266665
RAF1,0.5831731986879689
CTSB,-0.6011636949773093
NLGN3,2.1935358803891805
UBE2D3,-0.7624306449098468
MED12,1.8170036290382803
S100A11,-0.528979383879596
GNA13,-0.8489254156545252
KDM6B,0.7438742183164451
YWHAE,0.08859572575990728
HERC4,0.19768236779781548
NCF4,-1.3573340177626563
CISH,0.10878968953512458
ATP6V1A,0.16891956736047703
PTK2,-0.614473289448506
SPIN1,0.10416750209018495
HDAC4,0.8748127212208108
RHOB,-0.6389036619311992
ATP2B4,0.7360914626771962
RASA1,0.021258036428680908
GLA,-0.2282047757091669
PXN,1.4160632989773354
DNAJB11,-1.5413114781179047
MOB1A,-1.1255031358226715
ITSN2,0.635842992007222
F2R,0.09748640667935192
RICTOR,2.079983573712791
NMD3,1.8766865650832842
BCAP31,-1.7135648600782203
SKIL,-0.44393862409378093
RUNX2,-1.1129246202846135
DACT2,-0.6429571847550771
CXCR4,-1.4970980625595727
SP1,-0.33031671699260773
CDH2,1.0653603780135446
SOS2,0.31937573263618263
ABCG2,2.7415727965035703
USP11,0.44197068075787166
THBS1,-1.9630253918829015
PTEN,1.08556459202058
EEF1A1,0.8663620280942591
YWHAZ,-0.7894977679901344
KEAP1,-1.0123907717646865
IL1B,-3.800326371337718
IL13RA1,-1.8075547386706932
RAP2A,0.5225631750422591
IGF1,-1.1731637271224895
HIF1A,0.21226159709788625
JAG1,-1.7840524038875656
RNF111,0.19740019321911453
CDH5,-0.6011539351378428
MAP3K1,0.4194269494185336
MAPK8,0.46137938295941283
HSPA4,1.6249066145883198
TPM1,-1.234409269455677
TSC22D1,1.1285050897341087
HGF,-1.2790988441037117
MAX,0.5319814405797185
CHSY1,1.2196330698229827
MMP14,-1.0091451363507706
RNF11,-0.41427125580772317
SMO,-0.4516528523840193
PTCH1,-0.4778226272778826
CLU,15.586520585405049
APPL1,1.0379594777046242
VHL,1.6171270842871266
OTUB1,-0.2745456058119188
PLAU,-1.5141026205719694
TOLLIP,-0.17993149740729705
RANBP9,0.27670153217552645
STAT1,-0.8454829671791158
TIMP3,-0.9013775336729576
STAT5B,-0.44558511476745816
RASSF1,0.2552945435419168
SH3KBP1,-0.5721667022932175
TGFA,-2.3663857341517445
ADAM19,-0.30240107980565123
PEG10,-0.24672739721881426
USP2,1.7983244862915007
EEA1,1.0871648732317254
RUNX1,-0.45608774244787686
NF1,0.8797322708700896
CSF1,-1.933264613801107
ANGPT1,0.3439734866751393
TP63,0.2622343173338456
ARHGEF6,2.830473476133468
PRRX1,-1.0689157842869144
ETS1,-0.30201720811876764
KITLG,-1.2512726456508358
FZD1,-1.2171163551340087
FZD7,0.4863298936484282
IFNGR1,-1.7280237299228989
MAP3K2,0.8859294734976265
CSNK1A1,-0.9702505237672717
CXCL1,-2.85059287668835
ALDH18A1,-1.3877985215676814
RGS19,0.24988439785553693
HDAC1,0.6898356211197243
CYBB,-2.173244984161737
MMP12,-2.057624792297126
ADAMTS5,0.5400426404607631
SETD2,2.362371089278742
LIFR,-2.065274807454341
APAF1,0.5021675191376646
DACT1,-0.888834045322939
SOCS3,-1.2092044305536098
GOLT1B,-0.8823292300762119
FGFR1,15.585791726510141
LDLRAD4,-0.7328766943654473
RET,-1.3041920456228422
SCARB1,0.6358295349263978
RHOJ,-0.7395261059524607
LAMP1,0.9092137566960086
FOSL2,-1.7823619792435996
CXCL10,-3.1416285495102936
STUB1,0.5985335997646578
EML4,0.11633356937345492
CFLAR,-1.2036244485279717
CXCL5,-3.9702121225661484
SCARB2,1.4570002285623955
HIPK3,-0.32490185354691764
NCF1,-0.7799913554962572
CCN4,-1.6367830973060946
VEPH1,-0.5632021483093482
OSMR,-1.224682821539584
TNFAIP6,-2.14931423477481
ATF2,1.6416878900097822
PTCH2,-0.4381967120366816
MEOX2,0.5818245184209536
SOCS5,0.5939340706069907
CD86,-3.4030426292333713
SULF2,0.7104830639529577
TTN,-0.370947027079613
MAP2K3,-0.0020314625418815634
MAML2,-1.073855174605308
WWOX,0.5223038794749681
LEPR,0.3829641158966794
STAT2,-0.1919225858443521
ARID2,1.475531610108839
AKT3,14.024558458541797
DSG2,-1.1377995005001813
EFNA3,0.5107141561498458
UBE2Z,1.3001327951090322
IL6ST,-1.1435164356147578
PHTF2,2.1233396674044416
FBLN1,-0.43818190794275236
RB1,1.7032397905263814
HGS,-1.137704109116042
DAPK2,0.3110777689486945
EFNA1,1.4089914198244153
CSNK2A2,0.10608661256222318
COL15A1,-0.4973034817109983
UHMK1,1.8848458724604802
IRF7,-0.216686347565439
NRP2,-0.3533807990041446
CASP2,0.14814434796672082
NDUFS2,-0.07872073102317168
CDH16,0.41783370790405694
FOXN2,0.20860858451655107
DNAJC10,-2.255300783750668
CALD1,-0.8003445990591704
CRIM1,-0.00582946436934118
NDUFS8,-1.0499406681975012
CSF2RB,-1.5415209889508257
CXCL16,-3.056756172375101
MME,-1.206895908474243
HSPA8,-0.9204981331434141
IPO8,-0.4540518542759745
CSNK1A1L,0.14205610503581512
TNFRSF10B,-1.233702204041106
HSPA13,-0.7375576412298671
TRAP1,-0.8777155574523342
DAPK3,1.9881696472420898
ARL5A,0.7866323208249582
GNB3,1.177177902826441
RPS6KA3,0.01955937528658562
CLGN,-0.35474344906355787
SOAT1,0.43957483429531424
TMEM43,-0.6108352123177855
LPAR1,0.033908155876504906
UBE2E3,-0.365989705039763
UBE2W,-1.1611338694613043
PPP2R5A,0.9215117477814865
NDUFS3,-0.5104244299456284
SOX11,1.270322691060792
RAB14,-0.8368923266472446
HTRA1,-0.007148129405417834
NDUFB7,0.40504229802722747
CGGBP1,0.015144886692163748
CDK17,1.255108813382613
EFNA4,0.6052809433382844
OSBPL8,-0.0967113715688976
DUSP6,-0.3221164812497257
ARL4C,0.6801225298866753
RRH,-0.13796713414137235
STK35,-0.5841446506501784
TTPAL,0.872818786452405
PLEK,-1.0991410270982422
ENC1,-0.6830485552447602
FBXO24,-0.5353781864001254
DUSP10,0.12546967084737268
STYXL1,-0.713492185783071
WDR13,-0.1771437451895037
CDC42EP4,-1.006353699828917
ILKAP,-0.4457826882041975
PLEKHJ1,-0.496763161371347
RASL12,-1.189192488518344
NKIRAS1,-0.031169796510721326
PLEKHB1,-0.9181205999724219
NAT8,8.609652630492505
DUSP13B,-0.586354471120258
FBXO3,-1.3808105823611836
SNTG1,1.593093538092601
PREB,-1.7313073141778519
KLHL1,0.11501643290725111
ARL4D,-1.056362173061651
CHN2,0.703488726384396
RAB25,0.20658233507209542
RTKN,-1.1206007905073792
NUAK2,-0.7587146536821998
RAB34,1.3381880444427436
ARHGAP31,-0.3656933232473847
ARL13B,0.7156686771183371
ARHGAP15,-0.21036759998381377
DCAF12,1.009737292000031
TSSK4,1.3768634085613272
PREX2,1.653323951492242
CDKL1,0.10161676673697771
RNF138,0.31228444348808126
SAT2,1.5736216799117655
RNF130,0.3827422011996104
RHPN2,1.2144899529583393
MYO3A,-1.6382602989562955
NOXO1,-0.9797595756942767
RHEBL1,0.14340242746244444
OSR1,-0.3742395919746356
SKAP2,0.6047683656454235
CHN1,-0.17288153327613398
RHOD,-0.8749705629659262
SOCS6,-1.076781401458059
PPP6C,0.7676279925293843
RHOBTB1,-0.8361003231971472
TNNT1,0.07382539186779502
RAB3B,0.6177934760893794
BCR,-0.18992538482014862
UBXN1,0.2553230641349723
ITK,-0.06867912543587949
CDC20,-0.1891541826455647
ATG16L1,-0.43193218429960334
TTC27,-1.521578097207158
USP45,-0.8100487931031856
NEK8,0.4263922072681391
NUP37,-0.6157784572178581
DCAF6,-0.4911261853769221
GIT2,0.9668247200013239
RHOH,0.1596648634327238
LIMS1,-1.304254554791003
PPP3CC,1.165665540499188
NAA20,0.865993491532957
RAB38,-1.4029201449332949
RAB13,1.094903559945481
FBXL12,-1.4304687159838039
ASH2L,20.20313877356413
ANAPC5,0.3326796032338976
USP21,0.19914298897926405
RPAP3,-1.0528650749381228
MKNK2,0.4509040446370091
NEK6,0.3942133264870546
RAB6B,0.08041750935040769
RNF146,-0.35977873411159594
FANCL,15.157937171691849
STX8,1.3013116887130183
WSB1,-1.2773845170854383
POMK,-0.38723379999242274
FBXO44,-1.663382680107418
RNF185,-1.6407043984685468
TTC1,0.5585115314067918
FBXW5,6.246090180447278
WDR33,2.1062177192801346
POLR2J3,0.996201726912204
SKIC8,-1.854027451357363
RAB33B,-0.7134544182810609
RNF5,0.40906953753847297
KATNB1,1.414654919285047
BTBD2,0.4844764771969893
PRPF4,-0.7194707177276439
PPP2R2B,1.777366516163571
AURKB,0.00784894683248716
CUL5,-1.23200509242447
UBD,-1.7344367604148156
HLA-C,-2.158977870305249
HPCAL1,0.8361803355035522
INTS7,2.471135958843262
KLHL35,1.0850766600502673
CPD,1.3302787521393626
PVR,0.30826647952252173
SGPP1,-0.9668151144596947
MYADM,0.7828767505929376
CYBRD1,-0.5237782115488144
LNPEP,-1.147188964566914
PRKACB,0.5648491519514924
PRKACA,0.10977953858382174
PRKACG,0.3532004639774984
ITPR1,3.471689979098046
MARCHF7,-1.3785980518410377
CALM3,1.0558154533680622
CALML4,0.9873333533080693
CALML3,0.46611534186388875
CALML6,0.6725342908567317
CALML5,0.9473189940836655
ZEB1,1.2724114948296676
TBX22,0.17534968906354498
CALHM2,1.8877215838476282
NFAT5,2.021044151274175
FAT1,0.15118134276686007
NPLOC4,-0.8832141779267403
CXorf58,-0.8008592983604522
PIGV,1.0983473205671772
RCE1,-0.025644689212859752
SCUBE3,0.19931074768761892
PAX9,-0.45294647203908867
KLRG1,-3.0098506817393385
PCSK7,1.7634785509357178
GDF7,-1.9707951197530627
EIF3I,-0.38655574090055006
FGFR2,-0.3368570065665561
MFSD10,-0.734000967248206
KEL,-1.0793606988552935
BMP5,-2.6448805295763544
MLH1,0.33922253247183193
FGFR3,1.3516199031319696
RPS6KA5,0.9319075168386688
GALNT11,-1.062673593465911
MYNN,-0.9930108619737644
ZNF510,0.17175614019728616
MSH3,-0.26689850995686804
RAPSN,0.7361565411878542
PRKCA,1.4563543636235672
RCVRN,-0.27647806389298085
SLC44A5,-1.000519991576703
PLPPR1,0.4609204875796191
PRKCD,2.948468717673522
SP6,-0.6345920169197252
FMN2,-1.0062826445289164
PRKCG,3.8371266511769986
SNX20,-0.510222155249411
BMP6,-1.9275185723360764
TRMO,-0.2373330370029829
TMEM200A,-0.8751481843770278
KLK8,-1.6506822932114609
DENND6A,-0.34062163601666384
SNRNP35,0.035099063780931396
FADS2,0.5265347714504661
JUND,0.06704964847430961
FLI1,0.33324555652053056
FOS,0.8946954706004554
FOXA1,0.19253913835498265
GATA4,0.45932351301175806
GDF15,0.5292667590821298
SPI1,-1.0111096000383892
SP3,0.16011859188519958
TCF7L2,-1.0501327106283722
UBE2M,-2.2396716241757915
NKX2-5,-0.9987162234548381
NEDD8,-1.5249735883621822
PPP2R1A,0.38280113141619543
CCN2,-1.7872104554200965
BMP4,-2.367786494795658
ERG,-0.768884769341673
EGR1,3.8846426310238975
ETS2,-0.8311724457608796
ETV4,-0.9571994542749325
DYNLRB1,-0.46000601264659047
BMP3,-0.8821032628148437
SPARC,-1.2870241972692262
FSTL1,-2.2502087027005495
NEDD9,0.03430818436704781
EMILIN1,-1.123872361561791
LYN,-0.5645810049843432
DHRS3,-1.499539699142602
TNFRSF21,0.3253482442251927
TNFRSF1B,-1.0451946847452211
CD83,-2.157979769138992
HMOX1,-0.994774630875194
PRKAR1A,0.8194411393934687
SLC16A3,1.416854405799871
ITGA1,-1.1723041379601877
IL4R,-1.7280021995156836
AXL,-1.4408063308135475
ANTXR2,0.4933010229203359
MYOF,0.5711604159724344
IL6R,-2.8712443239935803
HYAL2,0.9031528707156699
CD48,-0.07534090761482118
NOD2,-1.9301197495629268
MYH9,-0.04165671805559645
EVI2B,0.1302211616368884
BTK,-0.19301949764198012
CALR,-1.2266121527311922
CAVIN1,-0.28658099398196485
STAT5A,-0.16118681770970575
ELK3,1.8068824778025998
LCP2,-1.1388829477741027
SELPLG,-0.6801749820035548
CD58,0.07736563699363813
RIPK1,0.5305797663237389
CD9,-1.479900991175619
CNN2,-0.3452307534560228
CTSD,-1.1593626567687665
ABHD12,-0.26643948333031553
S1PR1,0.3883888069839187
CD302,-0.973080653073057
PLAUR,-2.275773268736643
CORO1C,-1.728150202535692
PGK1,0.21096831706010463
IKZF1,1.1923565710851705
CSF3R,-1.2240048115996176
LRP10,2.0841177551092045
GLIPR2,-0.6909538275297985
LAPTM5,0.46716919350365677
TFPI,-0.6275261982373306
HLA-B,-1.7928966459207587
MSN,0.1645498331175518
B2M,-1.3178949038254753
TLN1,0.3904496569669282
CAVIN2,0.6988798611054666
ARHGAP1,16.63040449473358
SH2B3,2.0147495415398695
GNAI2,0.546961157225593
CD74,-0.2660457759218762
HLA-DRA,-1.8085106606072945
PLXND1,1.5153588767576918
PECAM1,-0.9238408686199882
ANXA1,-3.181310827956926
FCGRT,-1.1512682870140447
TNFRSF14,0.1819322771981893
S100A10,-1.7848229458336744
KDR,-0.061188729852100374
TEK,-0.5325396648917506
PDGFC,-0.957296134301081
TSPAN4,-1.7193991426100665
LPAR6,0.5448605724929838
CD40,-0.7445801178027621
RELT,-0.8234590143733618
FN1,-0.463286368006638
DYNLT4,-0.6393153407292359
IL1R1,-0.44129876900708304
MYC,-0.9050634757366647
PDGFRA,-0.9366723294669185
LGALS3,0.9841705775215923
STAT3,0.19896560657127157
JUN,0.20073868906353254
MYLK,-0.8791912565236206
LOX,-0.6418840610365297
ERBB2,0.64138732523068
CRIPTO,-0.09919726879501149
NLRP1,-0.09545910696835436
TERT,0.8611692730155692
CDC6,-0.34032848033171287
TM4SF1,-0.7363261997538765
SPSB1,-0.726516366514415
AXIN2,-1.1295170605177722
LTBP2,-2.3699694881836897
REEP5,-0.6674691635635942
CASP8,0.7287490853020354
CCL2,-2.438849972953462
EPAS1,0.14044452700132798
TIMP2,-1.2271083021608788
ACE2,1.5345573249819524
SIN3A,1.600350673363884
PTPRS,0.2384791979376739
COL4A1,-1.8940520148278635
IL1A,-2.950364605849512
BTRC,-0.864276784826803
PLEKHH3,-0.8019159375351997
MFAP3,-0.4348674325480306
IL7R,-2.7612315556881457
COL6A1,-0.6121887364861016
CASP1,-0.34681929164274583
ELF3,0.28709848367723395
SBF1,1.9982956943259655
CD59,0.39532274112553584
MCL1,-0.6449639462670875
FAF1,-0.6722303915492325
CTSS,-1.8876895219061953
PKM,0.13798483868723135
ENTPD1,-0.10401289076151658
SIRPA,-0.7280577086344756
MAF,1.6836814566519653
NR3C1,0.5738269249545893
TGFB1I1,-0.3802469689257865
WT1,-0.6044723320656796
SEC63,-1.2549589214905368
IDH1,1.1760716231445012
FANCC,0.46404311485046423
NFKB2,0.09739359278654565
PTPRF,12.609110491756164
IDH2,-0.5846028923893225
RRAS,14.062474943787251
CCN1,-2.8110070788952752
CDH11,-0.7843798043696523
UBE2H,1.609919842962776
DUSP1,0.19464715804111526
C1QA,-3.322495889811581
PPARA,0.9441983727411994
AHNAK,-1.671715471330226
LAMC1,-1.5532766683834365
TGM2,-1.1438121464882551
KLF6,0.4243394197336002
COL6A2,-0.754879150248722
HLA-E,-2.165024022762161
VCP,-0.718586654601675
LAMA4,-0.8995704823559451
UFD1,-1.9550464787739683
NDFIP1,1.2702484698943128
ITGB4,-0.5459918614496141
KLF3,-0.08674610104318
TNFAIP3,-0.7270914036452315
KHSRP,-0.27073640847813907
ZYX,0.9004199999644612
PRDM2,0.8289467875304983
CYLD,-0.6508454484260044
IGFBP7,-0.9851371000434177
ACSL4,0.2319764265031873
CEBPD,-1.5471708542423526
TYK2,-1.2965562263710744
GPX3,-1.137586523087724
CAST,-0.4805920210083034
CD320,-0.8388987447069415
DUSP5,-1.219435338642646
RBMS3,0.7908731808404421
KAT2B,0.30664211527713253
CDC5L,0.12037100358409686
YY1,1.0123307687372731
TNFRSF12A,-0.33730276037026236
HEG1,-0.5713987087787312
LRP1,16.33515547156089
RPL8,0.18916214002688758
MALT1,-1.2554285125091382
TXNIP,-0.7220790303958272
CASP4,-1.8726574587435643
PTPRB,0.426739303000476
COL18A1,0.9102685229630095
EMP1,-1.0528798937237336
ATP2A3,-0.11260248859148761
CAV2,-0.6627338138757775
CD46,-1.4960672972336468
IGFBP5,0.41980155826771226
CTDNEP1,0.238661466633364
CXCR5,-1.6698270754652216
GEM,1.0209302142074104
PKHD1,1.7339048180600394
LSR,-0.5476517399032859
RPS6KA2,2.115644248812034
ASPH,-0.7460679809149352
TFE3,1.057509960655393
NCOA3,0.025778875293663232
SEMA3C,-0.24016262670348926
NFYA,-0.14712398136332694
LAMB1,-0.9747860438127128
PDK4,0.9525861354203273
WDR44,-0.35746186407769237
MTR,1.4914325764932093
SUV39H1,0.6734103895938609
RPS3A,-2.66435104760754
NELL2,0.7008371998014669
NID1,-0.26776791229323305
TACC1,0.2874797058331405
TGOLN2,-0.8645033710264202
RBMS1,1.1693961870583904
PTPN12,0.6216850969558069
FCER1G,-0.7537796230750591
EHD4,0.24404594372233562
FNDC3A,0.8074443830490186
ZFP36L2,1.362339288674781
C1S,-1.3066554558000179
IFIT3,-0.0034400017244585754
PSMC4,-0.31167823043665516
F2RL1,0.3196057156386594
DIP2A,0.7469766026864147
YTHDF2,-0.35699283407293253
TCOF1,-0.03262060132971965
MAVS,-0.13863410659063585
NCOR2,2.02426102199944
ALDOA,24.511364916761654
PSMC1,0.09267609636917166
RAB6A,-0.8515967545775666
PLEC,0.07791706374091448
EEF1D,-0.6473768034034924
BAG6,-0.5211027809102643
CYP51A1,-1.4858182661713148
GSN,0.8882371955977374
SSH1,-0.06487374536287954
PSMB8,2.078141113044463
DDX18,-1.5821634777052558
SGCA,2.2870690053305403
AGER,0.13248384990086542
FAM171A2,-0.5666646612327033
IFIT2,-0.7256634421259185
DNASE1L1,-0.6564382379352641
EFCAB14,-0.796980600432917
WWTR1,0.5760440754638559
TRAM1,-2.796078000564201
SMARCA2,0.6544123564115232
EXT1,1.1345704286719174
FHL1,-0.0288037142944924
TMED2,-2.9940822690782785
GIMAP6,1.3528500541032609
PALLD,-2.128344967789832
ABCC1,1.2601998999773294
FYB1,-1.3245645467840543
NPHS2,0.03481170599760856
IFI16,-0.7551971780487633
NSL1,1.3487650329179215
UBE2J1,-1.6854250462575477
PTN,13.36593352639978
GPM6A,12.14088263274297
SEC23A,-0.398133211679251
SRGN,-1.571454587111323
COQ8B,0.9506111175497229
ADCK1,0.3374935193702953
WDR6,0.2240234451104301
CCT6A,-0.6683687469267582
DYNLRB2,-0.6663387378407141
ARHGEF7,-0.19248469201389162
PFKL,0.4046308175035453
PFKM,-0.6332927188817477
PFKP,-0.6615130862472216
ALDOC,1.4443081887939953
ALDOB,0.35166703767627056
HK2,-1.097431006303142
HK1,-0.23236906175799885
HK3,-1.374045525075273
ENO1,-2.7018541783662733
PGAM1,-0.9380608819658729
GCK,0.0385895010803858
ENO2,1.4849137221251898
ENO3,-1.1272003136781816
TPI1,-0.1300173011771683
GPI,-0.42792441478346255
PGK2,0.204458844431533
PKLR,-0.10820061184383191
LDHA,-1.5819505828897575
FBP1,-0.2550002632799183
PGAM2,-0.41351305399475646
FBP2,0.3904180064496299
LDHC,-0.48118964271420706
PFKFB3,0.5875275429764123
GAPDHS,0.6077800379011238
GAPDH,-1.6103858263966417
PDHA1,-2.410420204737301
PGAM4,0.16301877261453462
PFKFB2,0.24868436464811294
PFKFB1,0.3880011437502785
LDHAL6B,-0.299427584144078
LDHB,-2.9195811687821394
LDHAL6A,0.17042425603166575
PGM1,0.5898451894948107
PDHA2,-1.5573830884835882
PGM2,1.5308044090275041
PFKFB4,1.32011293248384
HKDC1,-0.9932417355556442
G6PC3,0.6558411534606379
PDK1,0.5225736195039979
PDHB,-0.21332472456174395
GNPDA1,-0.7668822627643884
ADPGK,0.9144597215671045
BPGM,-0.3914995521831289
GNPDA2,0.7551910759722115
ENO4,1.3969785617893178
PGM2L1,1.3832995317310308
GALM,0.8769934685718196
TIGAR,0.19760704622505249
G6PC2,-0.6545998737682259
G6PC1,0.4434873328651295
G6PD,0.44569040340133637
KRTAP4-12,-0.29272565599424505
GSK3A,0.3367544721096258
AKR1B1,1.4749434697161439
AKR1B10,0.03109604121360188
FASN,-1.1693610384563555
GART,0.7635958045792148
ARF1,-1.4963338472921228
CRYZL1,-1.6545366473948155
CSTB,-2.0385874782036186
PWP2,-0.5307711575824314
SH3BGR,-0.502211450738347
TESK1,-0.591412529054454
ACADM,-0.5355863769135796
PDK3,-1.4264444885173164
GYS1,-0.9844783152286622
COPS6,-1.182816744834166
ACLY,-1.134881788147998
NDUFV3,0.8066876130178593
CBR1,-1.3397159336041369
TFR2,0.4694541909760515
P4HA1,-0.3657174019403277
PDXK,-1.8448684168521703
IDH3G,-0.375911116448027
CBR3,-1.1203241179750132
RFC4,-0.4507630090875702
CCT8,-0.9835460400389624
PTTG1IP,-0.9505715234579362
AGPAT3,1.0982004768096714
WRNIP1,1.4003924724090029
OGDH,-1.3595389376308358
MRM3,0.869347966668929
TKT,-0.4101637161565669
FOXP4,2.358631856240522
SDHB,-1.0408000516626876
GLUD1,0.2463979048165749
LRRFIP1,-0.0546488700216302
PDK2,0.770888589103899
NEK4,0.9421468199257671
GNE,-1.0168156534517951
HDAC2,-0.560403339150409
GABPA,-0.02886275239888983
TAF13,-0.4928932055347448
GYS2,-1.2042032223718806
PCK2,0.01344762561888423
DMWD,0.20284063910857023
STAU1,0.05306586436582433
DDX60,1.2443464562539477
TKTL2,1.3161966141841632
GTPBP3,-0.9568006997854497
ATG101,-0.36854031066287707
EGLN3,0.28301816557310855
CBS,0.3514465942949608
ANG,-1.0204357421868917
BCL2L14,-1.3480110208609266
RELB,-1.275190624506994
ARNT,0.21271005178271635
FOXK1,1.2142277983213947
DYNC1H1,-0.5538556240979091
PYGL,1.4010252255098548
CAP1,-0.3779948412544393
PSMD3,-0.26549928093989916
NARS1,-2.32234243473437
PYGB,0.8272419397454152
ATP6V1C1,-1.1473426440256091
RPS19,-1.1719122512791045
EEF1G,-0.5855228478692752
EIF4A1,-0.9301209760390141
ABCE1,-0.12754034212519172
KPNB1,-0.5214240596423259
RPLP2,-1.7405441409035531
LTA4H,0.7510645833694896
MIF,-0.6830810008891447
VDAC3,-0.686269244241814
DLD,-0.24471230174574454
EEF2,-0.9907578104642768
RPSA,-1.0787191152753461
SUCLG1,-2.29106840913241
UBA1,-0.9485208727001696
RPS2,-1.8980261020643963
PRKAR2A,2.4308559171265083
ALDH2,0.48797140115117416
PSMD6,24.221122340375892
IDH3B,-2.4680108771377687
RPS3,-1.3227131513910775
TAF10,0.3576347898552501
TUBA1A,0.2140261517126089
PSMD1,2.3329904440604294
PABPC1,0.35061111876600165
TALDO1,1.6560885295658507
ACAT1,-3.0046599832850878
SEC13,-1.1548761891054349
ATP5F1A,-1.7314582906992635
ADH5,0.7839799157307072
RPS18,-1.6098465905785064
SOD1,-0.3207302266941241
CCT2,-0.5652198159842429
CCT4,-0.56772729108293
PYGM,-1.3505498756671497
SHMT1,-0.9332570776756958
RPLP0,-0.594371390300016
DPP3,-1.2208002531239346
RPS16,-1.6728172400558226
AHCY,-0.37025715720153485
TUBB,-0.6004568905637951
MARS1,-0.7556792340956154
DARS1,-1.3466179566878875
CS,-0.48354696642026135
DNAJA1,-0.5289664736045859
RPS9,-0.9962799915407788
EIF2S3,1.2763911685803024
MDH2,-0.6516116396527571
CCT7,-1.0121143357412676
PRDX4,-0.953009482465405
PSMD13,-1.204560640986253
RUVBL1,-2.0582576320235524
HUWE1,-0.9937273300747664
CFL1,-0.9249508329916645
GDI2,-2.029990041500008
OLA1,0.2689836421308335
NPEPPS,-0.34647851458325624
EEF1B2,-2.098927624611574
PSMC5,-0.47311786297154385
PSMA5,-1.6813085736759654
TUBB4B,0.0003297005097278504
PRDX6,-1.1060002126104806
PRDX1,-2.604149037016522
RPS8,-1.7269677477954095
RPS4X,-1.2292428461587046
RPL12,-1.3658880667019255
PSMD7,-2.0452633486745935
DNAJA2,0.3369089671541007
ARPC5,-0.18338589096708846
GARS1,-2.5128396702378732
PSMB1,1.4261563866143163
COPB1,-0.5442871050730262
TCP1,0.040385152641341925
SNW1,-1.5891628824170898
GALK1,0.701664108498996
FAF2,0.9188046760180033
CCT5,-1.879244751264039
RPL23A,-2.318747663189912
RPL32,-1.7533969553555866
RPL13,-0.6980331621370659
RACK1,0.12927565675748562
PSMD12,-1.3397489484242853
ACO2,-1.4158671382991082
ATP5F1B,-0.5443984394868465
DCPS,2.9141107790805583
ATP6V0D1,2.5156352981795136
BLMH,-0.5968870482792696
EFTUD2,0.4146940203796006
HDLBP,-0.8299027560137595
COPA,1.2316120014852419
PPIA,-1.27057541715045
CLTC,0.5079768494150723
EIF6,-1.7825993034211276
RPL5,-0.3579375516729971
IARS1,-1.2214114822366362
GOT1,0.8583630479305124
PGD,-0.3299607765180097
PSMD11,-1.0626761050252105
CLUH,-0.7886897900292814
RPS15A,-1.6602816063614672
RPS11,-0.5931965230683723
PABPC1L,-1.5176341481162992
TPT1,-2.184970604520814
ME1,-1.738323636836494
TSNAX,1.0319457981860516
CTSA,-0.45316705971039895
ISYNA1,1.9905485376296634
FARSA,0.4848741250293744
MTHFD1,-1.298556521736513
RPS6,0.18297526260241728
RPS17,24.15226654152991
ABCF2-H2BK1,0.6931592978253034
RPS5,-0.5840719944907675
EIF3B,1.4864636932102948
COPG1,-0.12142414194203321
PSMB7,-1.048611627192002
RPL27A,-0.682397199513158
ATP6V1E1,-1.255384203122415
ATIC,-1.2617642520739871
TARS1,-2.901932021294554
ARPC4,-0.8459871971414314
SHMT2,13.69501701021756
ASL,2.6172429081028743
ME3,-0.8336952177392681
RPL11,-0.1364364568282124
GOT2,1.4228146646032085
PEPD,-0.6870041509728853
ANXA2,-2.5607958133115103
PSMA4,29.7949474951488
AARS1,-0.4276247835842552
TUBA4A,0.17428471983604346
PPA1,-1.458807784565402
CYB5R3,0.3060432112945564
UQCRFS1,-0.6576145065185024
PIK3R4,0.38765541687487004
PSMC2,-2.0635724991168773
PFAS,-1.0569847041346299
ARPC1B,0.058614408060746664
RPL7,-0.9981018129231722
RPL23,-1.53956938321499
HSPD1,16.005459535536122
PSMA2,-1.9957772785934131
MPI,-0.25151393809115125
RPS12,-0.16885805498810869
PDIA4,-2.5867497375097557
YWHAQ,-0.5090226790221487
SPTAN1,1.3705886790387238
RPL14,-1.0726764316148416
RPLP1,-1.7501627893195668
RPL3,-0.714539058073686
SUCLA2,-2.0883557896940097
EIF3E,-0.42512846705975366
ATP6V1D,0.8323191508945058
RPL30,-2.3769704243637295
RPL4,-1.00511405286797
ARPC1A,-1.057769919371744
GRPEL1,-1.9679713875344802
MAT2A,0.12882928749391662
DLST,1.3847279958910994
RPL27,-0.8990747461696048
ARPC2,-1.6850423210606804
PABPC4,-0.07831252168086725
SNU13,-1.4786286934000612
SARS1,0.5050217264580594
SKP1,-1.3682344585785244
PSMB3,-0.39241087778286526
DNAJA4,-0.9558719223021326
RPL31,-0.4612282807168073
TUBA1B,0.12050762007128941
PPIE,-1.095329059001791
KARS1,-0.3489629355522572
SEC31A,-0.8435459392088654
CPSF1,1.1675214660910056
KDM5C,1.4474694592978896
ATP5F1C,0.4702662944106457
ATP6V1B1,-1.8059255159680865
TRAPPC1,-0.9404786312639276
ACTR1B,0.05400553980474289
SLC25A1,-1.3687519443084217
PABPC3,-0.41824851613227
PHB1,-0.8291113004258934
VAT1,-0.14683901845214017
RAB7A,-1.0232716949364105
DSTN,-1.6951303093473185
GDI1,0.03563065517593809
PSMC3,-0.13802673779702004
PIKFYVE,1.520685622612599
ACTR3,-2.3018093160008624
PC,-0.9810897234467472
IDE,-0.5463788190162868
CAPZA2,-1.4462928627731346
COPE,0.8008485833810519
PRDX5,-1.5738597769871936
RPL18,-1.4662443812832069
PSMD8,-1.4730265298061862
ACACB,-0.25775764141008
NAA15,-0.7154283445421727
UBQLN4,0.4635460111491999
PSMA7,-1.2725454231219977
SLC25A5,-1.7463812344778913
DOHH,-0.47693685688981363
RPS25,1.1896314807419641
IPO5,-0.5587978821405116
TUBA1C,-1.94573163906442
CSE1L,0.3854787966720775
PA2G4,-1.0953693079952593
ALDH1B1,-0.26894786868204323
AGL,0.4557228221683157
HSPA9,20.71239710527723
PSMC6,-1.373636786313328
VAC14,0.30534848961715055
TXN,-0.554442977037202
PSMB2,-0.7081248530753592
PSMA3,-0.46016238064757464
ALDH1A1,-1.2386858616043461
DDX39B,-0.622703791380843
PRKAR2B,1.5802555137950431
CAT,-1.0939713982879578
ME2,-1.9872470192076963
UGP2,1.2418203263243768
STXBP2,0.4636524396598721
RPL7A,-0.9474636399298497
DDX3X,-0.3137281208732955
CAD,0.10701159799207925
MMS19,0.1698888821782839
RPL38,-1.066661404684625
PRPF40A,1.9886239422594985
EIF5A,-2.2449786342194824
ALYREF,-1.1786566295644954
PLOD1,-1.1096907997078986
KDM5B,0.6970612254133438
RPS10,-1.04471668707639
OAT,1.1002890308970563
EIF3G,1.0667953443805716
ARF3,0.5293206848376559
PGLS,1.1114940580721853
RPL15,-2.171316835475738
CAND1,0.23026683893110714
RUVBL2,-0.3310968570344047
RPS20,0.4294719020705175
AKR1A1,-1.3059766652079945
ECPAS,0.9144361467741005
POLR1B,-0.6456957501589868
ABCF1,-1.8327047590998624
HSPH1,-1.2369454982117964
CTDSP1,1.3792086872278009
GPD1,1.2373764672119183
SND1,-1.1637891500741486
PSMA1,-0.63294339052723
SEC23B,-1.5765582117044643
RNF2,-0.2149038125859905
ATP6V0C,-0.8314695104342843
MYH10,0.6632499195479729
CFL2,-1.5723095855941793
ACTR1A,0.0010642735529325154
PRDX2,-1.3297246708256647
RRAGA,-0.8148308340923213
COPG2,-0.8652221653265175
KDM5A,2.2483090247195494
CNOT1,22.701407333096615
NUCB1,-0.2018086039859545
SIN3B,2.2419883580541695
RPS7,0.7430002548048722
APRT,-1.0096729955956536
RPS14,-0.5279747000854117
GSTP1,0.07937494183136679
CCT3,-1.4964078678139778
DDX23,1.8869935381213263
SLC25A4,-0.2724810514638136
ADSS2,-1.5239054407880168
IPO4,-0.8822227709703102
RPL10A,0.39133405767093044
TAF6,-0.07789039148395906
CYFIP2,0.6577496512792693
PRMT5,0.155044273700012
NME1,-1.0398652191250473
EIF3A,0.5559031962082999
GLUL,0.8291573310365397
RFC1,-1.1427272485899578
BCAT2,-1.6376725360557225
GLUD2,-0.11946558801040498
LARS1,-0.18637565555003113
NUTF2,17.31121915586493
ACTA1,-1.338869240098626
RPL24,-1.2450722514945238
RPS28,-0.2807012961899621
ACACA,-1.6150559410202012
ARPC3,-1.0481452156885651
TUBB4A,2.127787693993498
RPL10,-0.20125406624832473
MORF4L2,-0.35017712130934725
FDPS,-0.9938470681635819
COPZ1,-0.9989219462661735
MORF4L1,1.2203652844115163
OGDHL,0.2929098875450698
PSMB4,-1.956632679116983
RPS26,-1.258579689342906
ALDH1A3,-0.6441242511176616
ACTG2,-2.2277052457668205
LCP1,-1.721185238631583
ARCN1,-0.5390972261786559
RPL22,1.5381055537180603
PSMB5,-0.6293246838311679
TUBG1,-0.2727743542812212
PPP2R5D,1.0272376083095935
CTH,1.3393871433721285
CLTCL1,0.6363022334431546
TPR,-0.5335909746119318
ATP6V1E2,-0.858957107453262
RAD21,-0.646953758588654
GPT,-0.36642180424678017
ACTN4,-0.019453483069427537
RPL19,-1.727124023021866
MVP,4.245383607135241
FUS,1.7149814192350121
TBL3,1.48753746158623
LAMTOR1,-0.399389567409227
ACTC1,-0.8570461143032952
AK2,-1.2269515234204604
ARPC5L,-0.1516422697923372
CORO1B,-0.7343021231474808
RPL6,-2.0448538322635406
DBNL,1.2498732713473872
EIF3C,-0.38116105843382186
APEH,-0.011279033890940574
DLAT,-1.909249875785607
GET3,-1.1383832704408625
TUBB2A,-0.8811191959769605
ARHGDIA,0.6479684828060431
PPID,-1.5408394672443197
ATP5F1D,-1.1706374155986181
STIP1,1.4806414658817684
TXNDC5,-1.0090283400887714
VPS13A,1.096566458993581
NOP56,-0.18987561337167524
RANBP6,-0.5640444652038447
PEBP1,-1.647123112969161
EIF2B5,1.6374290980293222
VBP1,-1.5860156327601025
MYO1E,2.361949103773548
RPS21,-1.1652298705978739
RPS15,-1.1493902242815588
EXOSC10,0.4538364755361302
VPS13C,12.539790248504408
ZNF746,-0.3684804355164814
USP22,-0.4318204332246063
TBP,-0.005793141538393838
NCKAP1,1.6033600876658578
ACTN1,-0.9962307284121512
ATP5PD,-1.3604166961337636
CALU,-1.5393667219354552
PDIA6,0.30584492663801943
PSAT1,-1.2672954591368009
CUL7,0.07909172480957308
POLR2A,0.14374271463298616
TAGLN2,-0.7410071669628231
HNRNPL,0.6128287689953371
POLR1A,0.3539745269382328
IPO7,-0.04260991497443013
ATP6V1C2,-0.7228741806308717
PTBP1,1.3187419794833208
RPL17,-1.3030704863797413
SEC24C,-1.16013043574952
GANAB,0.15219579629852636
DNM1L,0.13703969706352773
FECH,-0.837885512464343
EIF4E,1.4432231048691548
POLR2E,-0.16724027160470675
MLST8,0.35354190077860675
HEATR1,-0.22809105471155544
ARF6,-0.6552542210625025
TMED9,-0.28105696555528464
EIF4A2,-0.35737868862110866
POR,-0.6564314249550738
SMARCA4,0.903289503835242
NUP93,1.0700115715452228
TAF2,1.3947453163211545
MSH2,-0.7916286303069323
EXOC2,0.04263947622383951
ATP6V1F,-1.5567913829685867
GPD1L,1.1051039387632593
SEPTIN2,-1.133824377312055
HSD17B10,-0.7465219993280396
PLA2G15,11.047356113997896
GCN1,-0.7306356416790202
SRM,-1.408435880519312
RPL9,-1.8903411901434057
CAPN1,1.022609343337002
XRCC5,-1.0228197801974963
GSTO1,-0.08875051771869581
CPOX,0.9248648497633324
NAA10,-0.5189372828098823
ACTBL2,-1.2687548020992292
ILF2,-1.1863234266898288
CRCP,-0.39257530132963026
LYPLA2,-0.17330278871141383
RPL21,-2.161310353170163
H2AJ,-0.9920752091447108
DRG1,-1.1100785838591944
RAB1B,-0.6048354555178086
SLC25A10,-1.7169990683344667
RAB1A,-1.1247502738058142
RBBP4,0.6695888326299401
TUBB6,-0.11131530338199189
ESD,-1.955464886546342
COX5A,-0.8367842005236192
HSD17B4,-1.5224791735658434
CORO1A,3.7560151341297696
ATN1,-0.1185929786594904
PDAP1,-0.3947108583774781
FH,1.2300910857709388
ARG1,-1.6952930955694818
TRRAP,0.5027130921131916
XRCC6,-0.19959635907040554
PGM5,1.047758380004834
CMPK1,-0.05446609204053895
MTOR,3.1544760778682006
PCMT1,-2.1732414511550613
MYH14,-0.14616132825171824
ACSS2,0.5830126836171713
FKBP4,-1.451802794149834
AKR7A2,-0.8431614642632276
IPO9,0.7111267840468466
DKC1,-0.7908675014649224
UPF1,2.479901853630825
ACO1,0.6669839137457075
HMGCS1,-0.5736655221130792
RPS29,-1.122488051232053
GRHPR,-1.3293589628738873
PPP6R1,2.1343876802890294
MARCHF6,-0.9502805883938656
ABCF3,-0.14463911890759304
PMM2,1.516295395117736
DERA,0.8365938213940405
MATR3,-0.5034000973841932
RPS13,-1.052410380670045
MYH11,-1.6805062811927272
UBQLN1,0.10323490773638042
GLO1,-0.8722264298245482
CAPZB,0.9650387999369348
DNAJA3,-1.1554951122242387
APLP2,1.447693514474066
AKR1C3,-0.9486180709260809
ACADS,0.10018320407568518
GPD2,-0.7080290518890395
SLC25A6,-0.24293260994684326
PRPF31,-0.1528816461458612
HNRNPA1,-0.4636941545787787
RRM2B,-0.6082508382864927
UQCRC2,-1.1095718996881885
RRAGB,-0.5924679098227504
EXOC3,0.09861211231829932
ITPR3,1.7547910287824788
ETF1,26.829478477347113
CYB5R1,-1.979396056051224
ALDH4A1,1.138802751625202
GALK2,1.9942766646793473
PHGDH,0.021322647688096275
ALDH3A2,-2.0295854926381653
TUBB3,1.0870087848655718
CYC1,0.7996017480309021
SPR,-1.080052510305816
EHD1,-0.7063503316811631
SCPEP1,-0.20201058622420498
PSMA6,-1.2108959527820882
NAPRT,-0.11843538240067644
IST1,-1.0460258848317256
PYCR2,0.2960290638003584
NSF,0.2097881245773998
DYNC1LI1,-2.275375855518362
ACTR3B,-0.101912893014251
AP2M1,-0.7429386737755812
IDH3A,-0.9224455988496417
ASS1,1.2564444839446698
HINT1,-1.384931415740553
SAR1A,1.8998821798598933
PPP2R2D,0.2623115684846377
ANXA11,-0.6651498102919269
ACAA1,-0.3704762445050529
CYFIP1,0.9292002465534642
RPL34,-0.950642128332456
PCNA,-1.2541907700169783
AHCYL1,-0.4133721749281372
BTF3L4,-0.5126884085022299
UGDH,-0.03489515408524983
AHSA1,-0.5444841484888037
REXO2,-0.3444927534614586
PARK7,-1.3877161958785384
ANXA7,-0.9194103549473375
ATP6V0B,-0.285567623256595
GTF3C3,0.6847067279208578
UTP20,-0.6324618034433604
RPS23,-0.5788351728038537
NAPA,1.9272084909816234
BCAT1,0.696892078205787
PPP2R2C,1.405226483034597
KIF5B,-2.14782432921629
CST3,-0.4584173734656595
VARS1,1.0651900269937287
ADK,0.5894577772690022
PTPA,0.5546425021905126
HPRT1,-0.10283841916660061
TAF9B,-0.36909424654703515
TUFM,1.2596293018023788
DPP7,-0.1942356528543985
MRPL12,-1.7616579148247284
PTGES2,-1.467288728798933
PCBP1,0.11573924429291546
HMGB2,-0.6482825124858043
RPL37A,-1.0838522762244776
CSRP1,-0.8062004993914729
NDUFS1,0.5375044816721205
CDC37,-0.36160899450202627
GBE1,1.5588030244793345
PPP6R3,0.5685197094149043
DDX39A,-0.6242682568415853
PFN1,-0.9875519252641014
SLC12A9,0.5558645612482079
MYO5B,-1.1859961594648534
DYNC1LI2,-1.0797460589122563
DPYSL2,1.4239289802271964
CTPS1,-1.4185306858060016
PPIF,-0.3309912135471646
SLC44A2,-0.3397913391553636
NCL,-1.6058553488403808
VPS28,-0.6514861718090612
TUBA8,-1.061705055370847
CAPG,1.2629971820092618
EPB41L2,-0.3420562909368621
SURF4,1.1732404868317725
RAD51,-0.5254919033448721
AATF,-0.5176469430500555
QPCT,0.42040824478718763
SUMO3,-0.9801970154773604
ANAPC1,0.4283570838811058
FLNB,-0.07567031800081898
ARF4,-1.5179516318371316
FARSB,-1.2236477603837241
SLC35F6,0.6919081894632142
ANP32A,-0.15477261574411452
GUSB,-1.343591685311591
ECHS1,-2.0676270668535532
RRP12,-1.088618137249762
ECH1,-1.894375757058163
COX6B1,-0.4626398776555591
RPL28,-1.3042081301260138
EIF2S2,-1.8711558913239192
ALDH7A1,1.2245726073847436
PPME1,0.8248669550204621
GFUS,-1.6035443483639336
PAFAH1B1,1.960236462105892
TKFC,-0.35097868378166003
RPL13A,-2.682587104755187
SIRT2,-0.6997825281563153
FIS1,-0.2742519963793363
ARF5,-1.877240707362576
GLRX3,-0.5492436951476236
EEF1A2,-0.4153784538690672
RPA1,-0.7321627288588758
NDUFV1,0.0018514980370437889
EIF3H,-1.6491113780244966
H2AX,-0.27752430085175833
MAN2B1,0.3018461043356347
COASY,3.362246048065632
SSU72,-0.8631194001165575
SRP68,-1.2919469499755072
ZC3H15,0.5148326285727565
KDELR1,-0.3006489292622503
EIF5AL1,-1.0658503312023613
PACSIN3,-0.6843291225003482
RRP9,0.8517980866353395
ALDH6A1,-1.0478994047106434
PFDN5,-0.38062787939347476
EIF3M,-0.8946653138422579
GFPT1,-1.72082302440165
RAB10,1.8693674291035187
SCAMP2,-0.23034188029770314
MPST,-1.112855127908892
SDHA,1.7048583608244219
DDX19A,-1.4619904610572232
TUBB2B,0.0229283661490498
ABHD4,0.6708340974851705
TWF2,1.3926516000818285
RPL26L1,-1.0036341373604953
NAP1L1,-1.3555174330539053
GAA,-0.32899576990984986
GPX4,0.3578258712678142
KDELR2,-0.8753660053041299
PRDX3,-1.5501933155036323
H2BC4,0.6247650535435956
HAT1,-0.5846356526827187
PPIB,-1.6531439906204755
AP2S1,-0.3065263829650599
NAP1L4,-1.6868048555894604
MSRA,13.130501889631539
ABHD17A,0.10077844245585894
MDN1,0.5800993987568599
DEAF1,0.12535718618884936
CUL2,0.6411822791654879
HSPE1,23.87494662193107
CIAO1,-1.022944661307812
C1orf35,1.3531039524269204
NDUFA8,-1.1473696771562767
AP2A2,-0.01939030468009864
TUBGCP2,8.256089065429922
ABCB6,-0.5685529011562419
ELP1,-0.4846621330408209
EPRS1,-1.6145628385997188
SDHC,-0.6531250073727077
TSR1,34.25714763506826
NDUFAB1,-0.9127563991005639
LAP3,-0.22938220527468034
RAB4B,-0.005441796971562252
RANGAP1,26.69218428002728
MAN1B1,2.671460061473971
CHMP6,-1.129900057736098
PI4KA,0.7513753817404769
BTF3,-1.5353288882964558
POLR1C,-0.7717765365519824
RNH1,0.6519766782477989
USP10,0.35080584786320895
PFDN6,0.7281278090910211
MYBBP1A,-0.5069545289152164
SUMO2,-0.7620228071269048
HMGCL,-2.0573239706144792
FAHD1,0.42820827210428203
MCM7,-0.399810396112725
ELOVL1,-0.3215145236249948
SF3B2,1.3125709936538126
PMM1,1.7637047121000613
QSOX1,1.4660836358028608
PYCR1,0.3823820447284491
RNPEP,-0.5447040932408872
ACSF2,-1.8290873570367037
DEPDC5,0.5343225018380301
RRM1,0.4556297336853588
QDPR,-0.5762290093847996
TBPL2,1.112737192133067
EDF1,0.6050045467185655
GNPNAT1,-0.2968522792384485
SAR1B,0.5177432292052465
CHMP1A,-1.17929732224768
RNF31,0.13473175743462526
MYO1C,-0.2522212067718958
STOM,0.8431594412287039
GSTK1,-0.6856925584960232
ESYT2,1.691696534174075
ACSL5,-0.1305478915423867
DDX19B,-1.7490583410864424
GMPS,-0.2610084782710933
COG4,2.7331494697977927
TARS3,-1.8813506761587293
PIGT,0.4394172553329148
PYCR3,1.1567561418524075
PSMD10,-0.5351118803015289
POLR2J,0.7345355756324802
PRPF3,-0.6682141120709305
INTS5,1.836607735961497
RARS1,-0.7408279701995939
NOL6,-0.015391670142009775
CNOT8,-0.1074216757315135
PLD3,-0.24179154624479643
ESYT1,0.9673732103113387
PPA2,-1.6036843489167885
ACSL3,0.8666198489961036
AMPD3,0.9173783105479901
PLS1,-2.2027082547567747
GRN,-0.30602818676087296
NIF3L1,-0.9388697542745917
HGH1,-0.1539367251663289
SDF4,-0.6679424133012017
AACS,0.5389748816290363
CCT6B,-1.0047827847064046
LONP1,-1.2522581075255588
PNP,-0.6963954086063496
WDR18,-0.418089170692015
CSRP2,-1.8608380909004787
RBX1,-0.9520354177324524
H2AC6,-1.2275908891570515
DDX5,-0.07575009845020808
ABHD14B,-0.1965487864920155
DIAPH1,-0.9922919221773975
DCTN2,-0.5671249596858685
AKR1C1,-1.149573167851059
NDUFS4,0.09116056870269228
YIF1B,-0.3253886940309463
RFC2,0.014666977135201653
POLR2C,0.054030723626960216
TMSB4X,0.16078679876390786
HSPA4L,-1.4783061156115478
BANF1,0.13755987539246997
TBC1D10A,0.1935132302116154
POLR2L,0.29240637879063425
GMPPA,1.1125248595102477
CRAT,-0.17684598802114423
CHEK1,1.3387155129085386
ARMC8,1.36765247324722
NUDT5,-1.0712626507509804
UBE2G2,-1.8539657345012108
MCM4,0.2144207461825841
ANXA4,-0.4733216554372864
EXOC6B,1.8305522577459492
ACY1,0.32031793299321604
HSPA2,0.35779116368391467
GPS1,-0.3351988993294376
GOLGA7,-0.9242637159399701
SART3,-0.3716473604860527
HNRNPD,-0.5000573062662325
UGGT1,0.6159670149026714
YIF1A,-0.12630952894763037
RPF2,-2.1758348952154054
H2BC21,0.0995347530335046
KAT5,19.200070213254833
RPL35A,-0.5984513783865285
DNAJC8,0.5539169907936813
SLC1A5,0.11840948164408054
PLS3,-1.338106746661543
RPL36,-2.2559010203946106
MOGS,-0.9935967104542335
TOMM70,-1.160140717034557
STK24,0.5203995279373548
MCM2,0.3511901558718882
GIPC1,0.07693137242280249
PFDN1,-1.0540089836711992
SUPT3H,0.3560669758909017
ANAPC2,0.4952599875225438
OXCT1,-1.8594392049852067
CPT2,0.7916691163615898
GLRX,-1.1938791862947928
TOMM40,-0.312707593391086
SEPTIN5,0.335813218986283
HNRNPA3,-1.3615217565498725
HMGCS2,-1.1573191487004624
SUPT5H,0.6183605540770788
EIF2B2,1.2617201428684959
GCH1,1.7646713806426177
H2BC5,-0.7895635311552605
XPNPEP1,-0.009099542972414016
PLOD3,-0.036197425999287304
DDB1,-0.28651665834054235
NSUN2,0.7247504073331275
ACAT2,-1.1638288532342675
ATP5PO,-1.1697638739008172
CEBPZ,-1.1996733046322179
HMOX2,-0.888257256258045
RFC3,-0.21566835161127404
NDUFA12,-0.41717472570539643
PSMD4,-0.9090340449280668
MCCC1,-0.8416631580390732
GK,1.0862782104568012
THOP1,0.1530840077290636
TUBG2,0.46750831562461637
VAPB,0.9218129141984466
RNF123,-0.2709452641672909
GTF2F2,-0.3960902780256386
H2AC25,-0.6008592125799731
TCEA1,-1.836308116700505
CEP131,0.6484293578632119
SSBP1,-1.0989898388731694
AMDHD2,-0.30426333301023106
H2BC12,-0.08752456109626566
PSMA8,-0.4844305881155677
POLR2B,0.029380185288859363
XPOT,-1.936731140822569
PLIN3,-0.6213738079994092
MELTF,0.37810181438253004
RHOC,-0.3040587159219212
ATXN10,-0.31006721923977687
BTAF1,0.5070844546068504
RPL35,-1.764902220928445
PHKA1,-0.9157491428377148
UBXN6,-0.31268730512503146
CLPP,-0.5711428420967593
CDK16,0.11327448822659357
PPP4C,16.244452393751477
GM2A,-0.737950961438824
CCDC22,0.03687893906059763
CHMP4B,-1.1726275043667764
PPP2R5C,1.5035595191209172
PFDN4,-1.4099221237344488
ASNS,1.7470148070264022
ATG9A,0.2686533955902777
YWHAB,-1.369599958379924
SUPT16H,-0.2955460778875702
TIMM13,-0.8210985542641572
NACA2,-1.3202054625321884
SRPK1,0.31882465064283616
DHRS11,-1.8765885466296581
GUK1,1.229720658121453
KAT2A,0.4714619160734525
MARK2,2.656386650610595
GSDMD,3.1671722404513867
GNL3L,-0.8093021271095379
TPM4,-1.7018829979243342
NDRG1,0.5659555598737226
PRKX,0.2963263089134079
DNAJC21,-0.6133212222741556
PSME1,-0.5150833848727837
GNL3,-0.45615673887120434
EIF2B3,0.003468540836128633
RARS2,-1.7409297943978048
EIF3F,-0.6882399283248167
PRPS1,-0.3253254134143845
CDK12,0.6560399998258328
SGPL1,-0.5411517949869652
ACADVL,-1.3644627204478879
PRPF19,1.1026191232824287
ANXA6,-0.6012039172240804
ADSS1,-0.20323583318939104
FAM162A,-0.7223098926263906
NDUFA10,-0.3563474901406684
GSS,-0.8306257510775914
PMPCA,-0.6915979104696945
EIF3L,-0.9031444557062264
ETFB,0.2580722602333532
PTMA,-0.42507901750079546
NUDC,0.1079452702820413
PEX6,-1.2041623021071852
STK11,1.319365288606348
RAD23A,-0.5238460737476783
DCXR,-0.5044433244274105
TEX264,0.22088295279611542
PPP1R12C,1.9604750356573757
LAMB2,-1.410994040979707
RAD50,-0.5250890219570767
TECR,-0.10162825408921264
BCKDHA,-1.5022531529778742
CTPS2,0.19171390081431244
H2AC14,-0.34537846243663617
H2BC9,-0.6461494350929435
ROGDI,-1.2033422073229663
SLC16A1,-0.05147371466784949
UBA2,-0.2407003888371596
TRMT61A,0.5765019990593635
NSA2,-0.9268318386070817
SH3GL1,0.8495235469826741
ALDH9A1,-1.4373857651031057
BLVRB,-1.8018410659071256
DNPEP,-0.8071365356409187
SH3BGRL3,-0.2249354718877204
GMPPB,-1.599309340902458
THNSL2,2.118914299080817
GPN1,0.31539000975382303
BYSL,-0.4645634125212902
OPLAH,0.593347875258868
RTCB,-0.5348058857825274
UBE2L3,1.4432859030865015
SMARCA5,1.3535262011285645
TMEM165,-0.42893369868965736
BRD3,0.9024040512392164
LAMP2,1.6499085704531813
SLC12A2,-0.8405517665132483
CPSF4,1.9008554240046196
TRMT1,0.6592002252893028
INTS11,2.109524940087853
SF3B4,-0.18997996265315614
DCAF13,-0.741915845182399
LGALS1,-1.9423761113461677
SMPD1,-0.2040314134818508
METAP1,-1.0511643515225568
POLG,-1.3743569584764919
TUBA3E,-1.284644973757788
ARSA,2.0247882524853416
RPS24,0.6980862469276261
SRP72,0.5362818538643489
EIF4A3,-1.1576819242731327
DMXL2,1.2951420664144835
PDCD5,-1.3471669170354938
H2AC20,-0.04431281915330179
EPHB4,0.9271268076589383
AKR1C4,-0.7954253517479914
MCM3,-0.3251779586581689
NHLRC2,5.266078319689243
DNAJC7,0.7712271788176532
NPEPL1,-0.6355284382685852
B3GAT3,1.4527636372228665
CLN3,-0.017474684252931836
PPP4R3A,0.7708017694738649
PES1,1.6255001665499418
CCDC8,-0.8031797335678772
FAH,-0.08175301822456504
CSK,-0.017609935012167434
AKR1E2,-1.2098883249417693
RABAC1,0.34577347481996834
DDT,-0.4719786602813312
PUF60,0.3202816956508491
LSM4,0.25297299522293515
MVB12A,-0.5896141087322779
CDC7,0.6237889400873975
PPP2R5E,0.5959063058600498
HIBADH,2.3370767108205484
CLPX,-0.9280888350505458
PPP5C,0.8510690598170322
PRMT1,17.00157378553648
HADH,-1.2128469934031114
CRYZ,-1.8120697789235454
NME3,-1.0142492850891212
RFC5,1.4284074604076997
ADHFE1,2.2046219849798625
DAAM1,-1.3540445908175744
MYO6,-0.9411832425110629
MCM6,-0.580865460852945
PDCD11,0.8982786545840252
BIN3,-0.3970018988955229
VAMP2,1.7082707155759376
CPSF2,1.5944623963216236
HSD17B7,-0.5797913811559215
FTL,0.07165296965859823
CDC23,-0.0414703276762748
AADAT,1.0491199426145192
PPP2R5B,1.1585244265310883
GALT,-0.4147574992341524
CYBA,-0.6537234587069137
ADRM1,-0.40050577269124604
GSR,-0.5723227550989495
PGM3,13.251669347649845
PTGES3,-0.40165930809711475
BRIX1,0.05161087818993975
PARP1,-0.7851885749706037
EIF2B1,-0.4557045706384851
CAPN2,0.10019597335307694
CDC42BPB,0.6316294046284577
SHQ1,-0.3358154355312957
MTHFD1L,-1.0117487539196082
DYNLL1,-0.33088786534771547
KPNA6,-0.579005223935085
NDUFV2,-0.7033930979230834
CHP1,-0.9049071132227609
DGAT1,0.016093327772752054
SPTLC2,-1.3967196566780604
NDUFA5,-0.6217558279640992
AUP1,-1.4788214189388518
MGRN1,0.6327718028327936
PIGK,-0.8697824775882397
SNRNP200,0.9443785230450168
COPS7A,-1.0920917212422419
CLIC1,-2.0756805448136038
MINK1,1.652386960999657
MLF2,1.2876996453618355
LRPPRC,-2.190387215177623
SF1,0.8230930122134966
POLRMT,0.15562228318259655
ANXA3,-2.485829638228159
EIF2S1,-2.9791029586694227
ABCD3,-0.19647585502221018
CTDSPL,0.1373173634320138
CPSF3,1.011759292384944
TRAPPC5,-1.1336371903900342
PSMD5,-0.533997144804856
SMARCD2,0.7761838728366316
FZR1,1.7034889138766518
KPNA1,0.2675186120801497
ELOC,-1.194329624423018
SAP18,-1.1070187116770893
SLC4A2,0.2622592601896934
VEGFB,-1.011760214494386
QARS1,-1.23688035101237
CHORDC1,0.9746108547932016
PLCD1,3.3096621003805153
PCYT2,1.9131023848889956
PUM3,-1.1451777937929606
STK25,0.06173580942949145
CEP162,-0.0918502402981953
TERF2,-0.12557740520374683
YWHAH,0.1618346917901966
ETFA,-2.705840020529033
KDELR3,-0.28087015665274684
VPS45,20.472714370787997
TPP1,0.13687033754733713
CD2AP,-0.09484530160405398
USP5,0.48137972834683923
GTF2H4,0.3140611829936483
TAF7,-0.8645753509908174
ZER1,0.8578822562375914
COPS8,-1.4764701864339274
MRPL4,0.781271871627541
SERPINB9,-0.7617935029516739
RAE1,-0.7270605588263385
MARK4,1.3228698043920688
KYNU,1.108441572400679
PPP1R7,1.271953739825016
ERO1A,-0.8285384264156056
GLRX2,-0.7302700318658991
MACROD1,-1.182399090260454
COX6A1,0.7010239599416427
SYNGR2,-0.16740647214719462
AIMP1,-1.8736700013127605
RABGGTA,-0.5443434834726051
PCBP2,-0.11425520846650294
SORD,-0.29991291673845244
TSFM,-1.4800591295446344
PIN1,0.3906340791047922
MRPL38,-1.3450082209429308
TPD52L2,-0.040822697334246365
TRIP10,0.8453488761395844
LGALS3BP,-0.39424908701662176
AGPAT1,0.5298354225885086
VIM,-1.2360468058058292
MAPKAP1,0.254390894116438
DDX49,1.40151550731443
RAB18,0.47958957839493993
PPTC7,-0.4515911754559686
DDX41,0.30383162067719727
NCBP2,0.7221613596838422
SREBF2,17.347977820131845
PSMB10,20.61480419759942
CTDSP2,1.604594495434678
TOM1,0.0341875020267314
CIAO3,-0.4659814552895366
HSPA6,-0.681042905248232
USP7,2.03954771728221
GPT2,-0.8073186584873424
EFHD2,1.359184160797623
MANBA,0.3975647127148591
PMVK,-1.827967882585208
IMPDH1,-0.3941425285308835
CYCS,-0.9208955838303111
BLVRA,-0.6331854646213343
ACSL1,0.5341858537315387
TUBA3C,-1.534982357340258
ARFGAP2,0.889645324742008
PRRC2A,1.1798279644741017
CD63,-1.5195737061545842
CAMK1D,1.3056114583590084
TAF9,0.0011568795902330037
SNX17,-0.4267232073850098
RPE,1.871795200625179
DDAH2,-0.5756855873846415
EIF2B4,1.0966773653120716
SREBF1,12.087305692224845
ERGIC2,-1.1464239685088295
ING3,1.016783305070059
MARK1,0.21075595197491354
ATG4D,1.0219722511364622
ENTPD6,-0.4444977007962224
STX6,1.13020654041589
EMG1,-1.0119751262778547
CD81,-1.714929046024054
PISD,-1.7000133491591527
SIL1,0.2375079467815528
HIBCH,-1.880132742335428
WDR46,-0.48360593842964844
ZNF622,-0.5096161574061314
HPS1,-0.5786814431320852
MYO5C,-1.4136751026993966
DDR1,0.3890245565020284
PSKH1,13.281434162853959
CAMK1,1.2243180644815563
ANKZF1,-0.12332030252853979
AFG3L2,-1.1865755675497915
LMNA,0.28894242288213096
MEN1,2.2277057748824722
DCAF11,-0.5355597254703038
LAS1L,0.4124456246224757
CPVL,0.3879385589279273
CD47,0.28537204010655626
RTRAF,-1.4768988130760423
EIF4B,-0.6932240142994145
H2AC21,-0.8305168275936889
HMBS,0.08309749290965598
HADHA,-1.647611733606737
DPM2,-0.62646511117843
GPAA1,-0.16520925895411884
WDR12,-1.0086400643310205
RNF40,1.0756715643691293
EXOSC8,-0.4257422659655503
PEX19,-1.209870458016432
NDUFA9,-1.1209179704625112
UQCRC1,-0.2603807424265863
GNA11,1.107274231315622
CAPNS1,-0.742750018268809
TEX10,4.247495440664741
ATP2B1,0.9118055553604529
TAF5,0.7181269207157891
YWHAG,-0.5525041367147772
MAGED2,-0.3065304366987401
PDP1,-1.0207192972718027
NUDT1,-0.6531700261664704
TRIP12,-0.42361442200136495
ACP1,-0.5544716681909193
RCC2,-0.28309187229174365
PRPF40B,0.10902238131884566
HSD17B12,-0.14940251418214634
NAT10,0.4725436180420375
MRPL2,2.3103293154249256
HNRNPK,-0.25571998334549273
ATAD2,-0.8232751021374007
H2BC13,0.19973778403812556
TMEM109,-1.2371288251185402
WASF2,-0.6315189665890236
PHB2,-0.4636865431553558
PMPCB,-0.6438434105252046
IMPA2,2.682266971691364
STX10,0.3935203516766835
TADA2A,0.25223832238995986
IMPDH2,-0.7910072298595718
DCTN1,0.15532688210183196
MAD1L1,13.249997828017065
PSME2,-1.199158546636865
RAB3A,1.5707436752973982
GSTM3,-0.27326788542155583
GEMIN5,-0.24262705954731414
P2RX4,-0.08946005171698918
PTMS,-0.7358089831210517
MCM5,0.6773602852177745
ALDH3B1,1.776489593756818
GK2,0.838310528080772
SAE1,-1.6873721470340384
NOC4L,-0.42224559294964287
PPP4R3B,1.0011327355384732
AP1G1,-0.22329187367857892
RAB2A,-0.1971651515382762
ITM2B,-0.7990024762393182
CLPTM1,-0.61745875914254
PDP2,-0.0664899519402057
YBX1,-0.1317617582604434
GALE,0.4803799623908848
AAAS,1.44656795889975
CXXC1,1.8877705250206407
NAGK,0.3552310887194632
TECPR1,0.5669382210640073
CNOT7,0.08612562709304883
CUL3,19.472219478690825
ATP1A3,1.099767535065893
PIK3C2B,1.156909175547809
MECR,-1.2206179879887071
DDRGK1,-0.8399928495467085
MTCH2,-0.8929145529547546
HEATR5B,0.3798299962604199
AK1,-1.9177843172581157
GAS6,0.4157432057175374
RHOT2,0.4145241756463569
ATG4B,0.25361237470254117
PRPSAP2,-1.8867616386678663
ACOT7,-0.3884347566932116
CCDC124,1.0205573644997836
RPIA,0.835761485651827
NDUFS7,0.1890131311524518
CUTA,1.108358657181914
H2BC14,-0.5658551952261173
SLC37A2,-0.36213180465936956
SSRP1,1.0907104816206559
SEC31B,0.23579299916314286
SLIRP,-1.5145243194099252
NAA60,0.8286660519538358
CCDC47,-1.130708527837996
ARL1,-2.257772075947745
EIF5,0.5196960142334777
NMT1,2.6681730611892935
BIN1,0.5265481801272609
DCTN4,-0.7177839688650912
STRIP1,0.22656522828574446
DHRS4,-0.7237033331347533
MFF,-0.20832312346930765
LZTR1,-0.20678191391528675
GINS2,-0.3795861272750591
MVD,-0.18920036877512145
MRPS2,-0.7629022230210971
SEC61A1,-0.19954237312408146
INF2,0.7539602891413841
CDK9,-0.7550596819520129
HTT,0.5797199897666362
TOP2A,0.3508950696580851
COX4I1,0.23438381133132183
SF3A2,0.913442563727471
VPS51,1.0873874495303824
SGSH,0.03358426856577272
RPRD1B,0.909707536968409
HNRNPF,-0.014920656614057297
NACA,-0.9281456214933078
LMAN2L,0.26733052422593495
GOLGA2,-0.2710050370640146
KCNAB2,2.288765118556228
KIF1A,1.5819129681610222
ACSL6,1.712599673679121
TOP2B,0.694776618249942
PDXDC1,1.0215584898886143
NDUFC2,0.06471486343197043
DRAP1,-1.5038088586272405
TMEM115,2.1230824396915318
DHPS,-0.627636456514795
APMAP,-1.2410033141300967
PHC2,1.4427161476719954
SNRPA,0.7330828658484682
NVL,1.2354760580774131
EXOSC9,-0.04916834208984677
ZFPL1,2.337835641021357
CAPZA1,-1.1964513079729495
ATP1B1,-0.7415824136243488
TKTL1,1.37608737006943
UPRT,-0.09879335350373193
CHCHD3,-1.030650984662767
H2AZ1,-0.27684889882395275
CNBP,-1.1034964852436708
CC2D1A,0.021585056414399298
ALDH1A2,-1.500984970341838
H2AC11,-0.7243277802907311
AIFM1,-1.0970920931748014
STARD3,0.8797780698700101
CBR4,-0.4104800346637439
BMP1,1.1551171493571486
GPRC5C,-0.9579817078998669
SPOUT1,0.3703420745456705
MARCKSL1,-0.8937489157114714
PRKAR1B,0.872030336166309
POLR3C,0.9536852899481911
SET,0.1981775037273595
RBFOX2,1.14738656840874
DDX1,-0.6994507515604128
PNPLA2,0.9117451883226745
GNL2,-0.4988785717659311
PHKG2,1.1689203057634436
SDSL,-0.3046578118915781
PDCD6,-1.1703826045201156
WIZ,1.6883263016328505
ATP6AP1,0.5519234554991034
SRPRA,0.7153562335259408
GUF1,1.132455920531337
PNPLA6,1.4569256199389418
EIF1B,-0.3320985435241315
CFAP20,-1.4376082017086775
IGF2R,-1.0579292956516024
ARRDC1,-0.6166673577609308
AP3D1,1.1333708158471902
WDR20,-0.07760320212294752
GLDC,-0.17804596106831733
ALG3,-0.6906313748701394
BRD2,1.2094858821778336
H2AZ2,-0.4416295547356755
HMGCR,0.6179530110997034
H2BC18,-1.1214293517095129
SCAP,-0.5832391142433476
EPB41L3,0.9181237844018701
DHFR,-1.838057690175138
NAGA,12.459912437690152
VPS18,2.1124449391071516
MAT1A,1.0153052228871244
DDX6,1.7805665068050092
HSPA1B,2.4531287631675083
PRKCSH,-0.29818007322480505
OTC,-0.6396310411971238
SYMPK,3.625220696824863
KLHDC3,2.1752653511992968
DR1,-0.04342662208964325
FSCN1,0.0454724631409836
SLC7A5,-0.8125008388730298
CLTA,-2.169808716522221
RRM2,-0.8268731184849766
EIF1,-0.12645617688074667
SARS2,-1.4879012626540526
TSPO,0.9869383895610201
TBCB,-1.456334286591526
PRPSAP1,-0.13049608972180934
NTHL1,-0.2848901808966235
NDUFB9,-0.17265354087075496
GRINA,2.681589375243466
GORASP2,-1.3987139065722451
HSPBP1,-0.5669177378221071
TCF25,-0.47989224030176836
STOML2,-1.0063607660742682
ZNF598,0.8394916644212638
SIPA1,12.499581913909205
DHX15,1.571794742760107
MGAT1,0.3713591142937983
STX4,0.5806009805460547
SRRT,0.906854034169992
LIPT2,-0.8897203696926727
CRYAB,-1.046589829559457
MED27,0.8418039839157495
GLYR1,1.9181977650500126
SMARCD1,1.1681905267097001
TAF1,0.31103429845682884
SH3BGRL,0.9413345326393964
EP400,1.307272575106562
ERGIC3,0.9374995102499435
RCN2,-0.6813239492549671
CDC16,1.045322321221342
COX4I2,1.0118151406000888
MRPL23,-0.9978506941610948
RAB9A,-0.7786737749890578
LANCL1,-1.0335271511319999
SLC39A10,3.366010830385177
H4C14,0.6486596602396898
PRPF6,-0.7179620879589254
ARFGAP3,-1.334403710311715
PCYT1A,-0.49082604075201336
KPNA5,-1.1357259744327357
KIAA0319L,-0.28013452519820564
SRPK2,9.489809195184844
DICER1,1.080528317440615
NHP2,-0.8017484177120396
ERCC3,0.17790023691297577
DNAJC9,-1.0677134223433358
UTP4,0.4210999274970048
YARS1,-1.9334135819848264
SUGT1,-0.36603468436883646
CTR9,2.401514177669646
POLD2,0.32747779772673147
DAZAP1,2.5809952648060834
TUBB8,1.115688344397645
NAMPT,-1.8669627159833098
DDX11,-0.01757746253065757
NAA50,0.10011922493172565
STX18,0.1446128365628443
DYNC2I2,0.18232966930346137
AP1S1,-0.28669122305084443
FUT8,-0.17972246735932854
SRP14,-1.9525346818613007
GLG1,0.8186455482356099
GNG12,0.5459516703967746
SF3B5,1.1672487781060215
TTYH3,-0.7924392379554267
TAFAZZIN,0.5000663190828154
RRP15,-1.7435170300351335
EIF3K,-2.1254082467036257
AP2A1,1.2031630801549236
PTDSS1,-1.1932638564241758
HNRNPM,3.0181096764259427
POLD1,0.3022939125767606
RDH11,-1.9852874787780652
NRBP1,-1.0060390715911665
DNM2,0.3984395705943983
TXNRD1,-0.7949062682255883
KLF4,-0.411411973954993
SYTL1,-0.8668577532884494
LAMA5,-1.3319981692182794
SDF2L1,-0.6448674443758012
NUP62,-0.8394123100477137
CKB,0.15340948732421023
EEF1E1,0.3935854010434824
DHX9,-0.8166700467841473
UAP1L1,-0.10535967523660603
CLINT1,-0.48655066456797585
AP3B1,0.03101578581845409
MNAT1,-0.1575537838961113
CAMK4,2.289761815282997
ITPA,-0.7995176225861519
MED24,0.22784750905843143
VASP,0.03705411722180945
TMEM161A,2.44126891118482
SLC39A11,-0.03882494839213286
ECI1,-2.105186963585476
IMPA1,1.958270016901476
RFK,0.32220768496076013
SRP9,-1.191930800984009
BRCA1,1.1786031887769837
AKR1C2,-1.559056671252229
H2AC12,-1.1609261435751486
THOC3,0.7324865629087758
GFM1,-0.21545635557726356
COMT,2.2786094724168446
EPS8L2,-0.8971452657090051
NXF1,0.8251966590692134
PRPF8,-0.6822159557321578
PSMD9,0.17726687853540724
PNKP,-0.21901425498341293
AAK1,0.4611846952399134
INO80,0.8219460387888217
PAFAH1B3,-0.8381684588419871
PDLIM5,-0.5392898077609187
PPM1G,-0.4027337816824529
POLR1E,-0.17297495089730427
FIBP,-0.15443564119163036
FDXR,1.2788523247841508
SLC25A20,-2.7291695708900097
ISOC2,-1.0328950656853284
TBCD,-0.31484203836922975
PLA2G6,0.09442527164010979
DNPH1,-0.2929122245870428
CLK3,0.0035178988917782318
TRAPPC4,-1.1551074565490895
PLD2,0.41661097114383383
POLR3A,-0.5231126458762329
AKR1B15,-0.8830363807235526
CRLS1,-0.5712968531390964
CRYL1,1.3840486468858293
EIF1AX,-1.383878642276834
SCOC,0.22991819046973114
TAPBP,1.459639575424777
HNRNPA2B1,-0.07178633719823013
LMF2,0.3098018156230221
EPS8,-0.3700943755510575
SNRNP40,-0.4261216438984973
HACD2,0.9690011841796695
ELOB,0.5057171366087396
AIP,0.42520737737562897
NHERF1,-0.0213865625132927
BRD7,0.4332872953355698
MRPS23,-2.50820238048357
PPIL2,2.3488028256447184
MTPN,-1.4030334721208197
AIMP2,-0.518020974935657
PHKB,-0.7455621754367785
RCC1,-1.4755310898876117
GPX1,-1.9393287496202305
JUNB,0.043877482621737234
GRPEL2,-2.341724061939807
DECR1,-2.0257098435243637
PCBP3,-0.5174934009020832
HMGCLL1,-0.7814380554454959
TOE1,0.8724497893023464
POP7,0.23510951667415522
ERCC2,-0.5848626652282949
TRMT112,2.1298382181293114
ARFGAP1,0.12683621829342817
PTCD3,-1.335086182156731
IQGAP2,1.9213935460748524
AK4,-1.471035282636676
CNP,0.537276209119762
MRPL3,-2.2083054265062865
BCKDK,-0.8071726960631621
CSNK2A3,-0.7391989627955522
H2BC11,-0.6090567732488421
OSGEP,1.6079452728946584
TRIM27,-0.2586083672510603
SPINT1,1.2068316669317236
SLC27A1,-0.3504907072434182
RRBP1,-1.0557853251152822
SMARCC1,0.7768970344257589
PCBP4,0.7336487636244264
ARG2,-0.984586635393847
PDS5A,6.634118206402717
ISCA2,-0.20077613063110686
TBL2,2.5985727426844845
TOMM22,-2.3451274693009627
TFIP11,0.29014608856724966
VPS72,0.7062146637724492
UGCG,-1.4932388834093013
EIF2A,-0.7914645511266822
ACAD11,0.07580126671610875
GIPC2,1.0889600453172834
EFEMP2,-1.4535488098121956
TASP1,0.015508049515726242
PLCB3,2.240240877997212
MRPS14,-2.690377490894991
CARM1,0.4120605940273488
RPS27L,-2.2030898509617707
COL6A3,-1.833298785708135
RBKS,2.058370707356083
PCNT,-1.3529635848691177
CSTF3,2.8762575403033486
POTEF,-0.12264809098019144
SCAND1,1.4068858366682637
SSNA1,0.3598257200442238
FKBP8,-0.11036686002988617
ADSL,-0.905809579196133
ACSS1,-1.4251204999571963
PIGQ,-0.42631859133997196
ALPG,2.739574309885834
KIF23,-0.6652813929790017
AK3,-1.326535303927688
OXSM,-1.5551732881361384
ACAA2,-1.929799459144182
MCAT,-1.4049853934193481
IMP3,0.6734388144716832
TSC2,1.4638815635933677
SOD2,-0.9121866958436573
ZDHHC5,13.559200816425635
UBR5,1.1269117200837633
LRRK2,0.20337239056496284
SMARCB1,1.673296655537067
GFPT2,-0.47662536303662234
NUPR1,-0.7565873524171821
PLEKHA4,0.15082086333183883
TK1,0.7702869823074254
POLR3B,0.4881593760929538
PRC1,-0.7505946187280786
CIT,-0.18912081513493906
DISC1,2.893351298338517
VIRMA,0.013385316078629335
TEX101,1.0851211911175858
FPGS,-0.777758021337741
SUCLG2,-0.8210339813643064
CLPB,0.05896337379987197
SCD,0.5303566203350428
PALB2,-0.8450400739773626
HADHB,-0.7053838014293603
TRMT2A,2.095164127228918
CKMT1A,0.193099643790504
RANBP2,0.4644057340468438
PSMG1,-1.165188914501777
ECI2,-1.6320678017307597
QTRT1,0.042608717718010246
BNIP3,0.6091387037222424
LGSN,-1.1831528445453046
AARS2,-1.1034925960996995
SLC37A4,-0.09307939700333345
INTS2,-0.00736960455869734
SDS,-0.21779685990636843
NT5E,-0.9599552144808736
PRUNE1,-0.5897429456058035
DTYMK,-0.4801592717799773
SPPL2B,2.325092125824452
TOP3A,0.2734861192330312
TP53,1.2784515389436253
NADSYN1,-0.6359603475546859
MRPS6,0.32517325402633823
KATNAL2,0.16016326694321906
UEVLD,-0.2745622363464101
HAGH,-0.3473612254267157
CTBP1,0.9755898595232425
SLC25A11,-1.0473045973968105
PAPSS2,-1.1740305930265549
ILVBL,0.6265724287800681
ALDH16A1,-1.150607222346769
RPS6KB2,1.004298377890571
HMG20B,0.7089346422468596
EIF5A2,-0.7914836845130838
LONP2,-1.2800742786255714
EDRF1,-0.06758138693356516
SLC25A31,-0.8719885757357935
DDX10,-0.627830569663633
CLPTM1L,1.2980294982770473
DECR2,-0.43058721188669263
SPG7,0.08529698105753183
DCK,-0.5694261752261974
RDH13,0.29797361233860603
ND5,-0.14464478422313604
CA9,1.3380746178056324
YME1L1,-0.9120142059219047
HARS2,-0.842157452285236
UCKL1,-0.04726537198420665
LSS,-0.21743871711392063
P4HA2,-0.45283700803794563
CRYAA,-0.8442075204246082
ATP13A2,0.5428246483165619
PRKAA1,0.2747934364030962
NADK,-0.13424214388804256
DROSHA,0.9659419669689051
CEP97,0.10912091266489138
SRR,12.260707312773448
HSD17B8,-0.06115481921567599
XPNPEP3,1.5473134987268375
ATP5MG,-0.6686255400794147
DDX54,-0.5479582031329643
MAP3K3,0.45820958847941234
UNC45A,0.0952316352316691
ASMTL,-0.2811801728129897
GCDH,1.4141341289939238
MVK,0.8665874544493504
RXRA,0.1483416782867857
UMPS,-1.1034800276734609
LTBP4,0.6094913920085888
COX10,-0.9609656496313645
DSP,-1.1936636775636185
UBAP2L,0.4535902278720707
EARS2,-0.046005241399473304
OGA,0.8791569389381739
ERGIC1,0.017420539524377453
CD151,-0.20553674057690352
PDLIM7,-0.16849192465654572
NIBAN2,0.2391042104130359
BDH1,-0.28526043229977427
DHRS2,-0.06759813066367802
RDH10,-1.4114742659252335
DDX56,1.1427513456776621
DDX17,1.3488824460443243
NUMA1,1.544117055607671
ARL6IP1,0.5609483777925032
MRPS12,-1.6303036297445563
DDX51,1.2112141724325454
SLC3A2,-0.428706592091424
RARA,0.8654242649132652
GSTZ1,-1.2278142353851318
MRPS7,-1.0848270872270862
LHPP,1.2015899197913393
ACAD9,-1.3483617573472688
HACD3,-1.770635770401777
DDX28,29.13034326442863
DDX47,-1.589128041621575
DDX46,0.7265644506571401
DDX55,2.367454255653962
DDX42,1.0462316112003123
MAP3K11,15.030158665693229
NR1H2,0.11934353854675908
DDX43,0.7791174028087833
DDX21,-0.6781320362728506
DDX50,0.043867349856509516
DHCR7,0.2449132233244923
DDX20,-0.7564769830013107
DDX31,0.25372391607225464
PRKAA2,-0.6185905421173858
PPM1B,-0.28838972963847764
DNAJB5,-0.718681386707473
DUSP16,-0.5417905076618172
RNPEPL1,1.6246536582673392
JARID2,1.500227508923193
MMP17,0.35018281161569603
HMGN1,-1.3335371032040535
AKR1D1,-0.3465480737821457
MSH6,-0.33999559561664655
HMGN4,1.2050198477561982
ALG1,0.867589198143283
PRP4K,-0.9008578708386478
HMGN2,1.0255832458396261
TADA3,0.9847834774843854
SMG1,0.11178743758433789
PXDN,-0.5154799806347933
TBPL1,-0.35907459238654804
GATD3,0.15519318669397658
SRP54,0.5003638828801751
PRKDC,-0.42199311683233787
TRAPPC10,-0.19531068242079783
CDK5RAP3,-1.2441686796906042
HIGD1A,-0.6821316011089097
ABCB8,0.9305169163688599
PIGW,-0.24502299532234925
GRK6,-0.3322390340905235
PGAM5,-1.2883069716122282
ANXA8L1,-0.05070686584828443
TFAM,-0.13076967014542934
CTBP2,-0.6512619235075875
ATP13A1,-0.05648514572247435
UBA7,1.1713289931981177
EIF5B,-0.56314454229813
EIF2AK2,-0.02918127545691303
UCP2,-1.056011672668305
DALRD3,-0.7402211889544713
RMDN3,2.158355999153545
MRPS16,-0.6126729897794625
RGPD3,-1.0595176158926431
OGT,1.5664604555322557
TUBAL3,-1.569243977166887
HSPA1L,-0.6384771806052741
SUMO4,-0.5698093725317774
H2AC18,0.8016535068486759
H2AC1,0.5886133640931018
FBL,-1.1116076699542936
H2AC7,-0.5088048255269887
FBXO6,0.5321203023741365
H2AC4,-0.9457987356165205
NTRK1,0.04797707204601956
MYD88,-0.9143046050688857
TBL1XR1,1.7286242722339948
TAF7L,0.0008836076608940215
CLP1,17.272723881180784
TAF1L,-0.1502972033703458
PAPOLA,0.6710704493409941
KRTAP5-9,-1.1222823667324708
NME1-NME2,-0.8311005965081112
KRTAP10-7,-1.6403372981372137
TUBB1,-0.02233565271724462
PPAN-P2RY11,0.7035813367683337
UTP3,-0.5184525597561048
SMC4,-0.0030517665675902673
XRN1,0.32520158989640546
NME4,-1.3100099295019052
MAPK11,1.166593186885683
DNAJB1,-0.05144835759701422
TMED10,-0.3067968317924835
ARAF,0.7257273118369906
EMD,-1.145095524344063
DBN1,0.447207847469792
PKP3,-0.37825496483400944
MYO18A,-1.3000661651189267
HSPB1,1.5451348620515635
H1-10,-1.3077582348079357
RPL29,-1.7162796404351948
FLII,0.6067735061645644
TRIP6,0.3482311154851919
CPNE1,4.023630657180474
RALY,0.10180538682526222
EIF4G1,2.400928058499524
ASCC2,0.8443821621584453
NUP210,-1.1293780998053287
TM7SF2,0.31935127845148276
AGRN,1.5767054595159231
PBXIP1,0.6719499063676024
PANK4,-0.5812324303659503
HDHD5,0.559315810528232
TRAPPC9,0.23747408012965626
ARHGEF1,1.2145744069819946
CNOT3,1.2896618030334253
RRP1,0.9185207955257307
BCL7C,2.355377530489614
RBM10,1.3171456418190854
DCAF7,-0.29128852555230816
CAPN15,0.31508346552452066
ARHGAP35,0.11335126006928596
ABCA2,0.35165280939446014
HNRNPUL1,1.835561892723796
MAP4,-0.25786958927750153
TRIM28,-1.3368304382960112
UBE2S,-0.04479992089304109
COLGALT1,0.8986324192906937
CHD4,3.361672862911262
SART1,0.31223815492250284
TTLL12,-0.8199180115438041
ARHGEF11,1.1727365130760976
BRD9,0.9040652087090651
MRPS34,-0.8413571818193734
PIEZO1,0.14940725234768676
VKORC1,-0.8313217539799101
MED15,2.1300502876586425
MCRS1,0.7169270501136805
MBD3,1.2327887152554422
ZBTB7B,0.7411615915975258
EDC3,0.4278592117654557
ZNF787,0.5393858172888925
SHKBP1,0.7982071957177002
VRK3,1.1295568246054517
MED16,1.0799125310466493
PDLIM2,1.6049876279755924
TFPT,1.0811687879565974
THEM6,-1.4671654536202496
MTA1,2.718160127337128
KIF22,5.83057899871351
BOP1,0.4333180303268955
MPG,0.96097163475905
STRN4,2.4438121685482272
EPN1,0.008480935804849897
GTF2F1,3.460318203345672
ZNF768,1.4803116531089626
INTS1,0.806632800846017
GTPBP6,-0.705085680894231
EHMT2,1.137979851629754
RBM42,0.9626625316516333
B4GALT7,1.6088246024592792
MAZ,4.0024739413520845
TMEM120A,-0.667523731689535
HIP1R,-0.414551629807273
NOC2L,1.0434356776994507
LRCH4,2.1826639867193722
OS9,0.7178097240025172
UNC93B1,0.1684533050655177
MBOAT7,0.7399826630981178
NHERF2,1.3004427676208645
FBXL6,-0.29752915642055217
RELA,18.70159003988293
MOV10,1.307191583840372
TARBP2,0.0845695391706543
ACOT8,0.1830173512913162
TAOK2,17.974116889558818
INO80B,3.0370377085279943
REEP4,0.17512686680763323
DGKZ,15.590812484342713
EXOSC4,0.5561041694327378
CIZ1,2.1338638363628624
TMEM214,0.32176393875644743
EDC4,14.898798940957375
ZNF592,12.413377611507842
CSNK1G2,0.724944776579651
TRPM4,0.569894067360609
POLR2H,0.024745894599667966
CIC,1.334983766680814
MYDGF,-1.135766302740166
SMARCD3,0.3440713747024367
KRT8,-1.8669218063555266
SFRP2,-0.6852760830666709
MYH7,1.3702538759438578
CASQ1,-0.1998850395341232
CKM,-0.8304043422984803
EPB42,-1.6431096363967275
PHKG1,-0.881452418009014
SLC6A5,0.7707725149088615
PDGFRL,-1.4148367675853883
SFRP4,-1.286332020161794
UBTD1,0.1111638238909885
MIDEAS,0.10161991030072062
TEAD1,-0.9445541251552241
ATP6V0A4,-1.3327622211424621
MYH2,-0.45175106289191325
ANKRD2,-1.2213221330940447
NDUFB2,0.7542113279572296
TCAP,-0.8255930873220653
ARHGAP44,1.008186893352664
TEAD4,-0.9617054635976917
UROS,-1.160052655150963
MDH1,-2.3247686223229795
ATP2A1,0.523795683984621
MYH1,-0.4130563707761576
DLC1,0.05019120122381891
LSM7,0.041755812275453004
ZBTB7A,-0.3933300307820903
DCP2,0.7920663184315293
NOS1,1.3248225986773519
CAP2,-1.603454942281474
DCP1A,2.5264709839901593
AMT,0.03968807637683817
SLC7A1,-0.32508399768656443
ERG28,-0.2782761474752521
GBF1,0.10140754245484199
NAA16,-0.4645650199822626
MYH6,-0.315324898125654
RRAS2,-0.6088345770202659
ATP1A2,2.365294677645349
RNPS1,-0.5846836714372707
ADA,-1.3823727683686917
POLR2F,0.23492856319219105
OXA1L,2.9230734366981483
MAD2L1,-0.8101195994265876
SQLE,-1.1527578680313544
COPS4,-1.1165845373877237
APOO,-1.1628247722156968
HIF1AN,0.6338523217798359
G3BP2,-0.3685601136075815
MINPP1,0.6504458729394035
KLHL7,-1.2005286254829037
EXOC6,0.9449666855314497
KIF11,0.2170638474500449
ORC2,0.7803786332011108
DHODH,1.0200368109600555
ERC1,0.5275808357351581
ETFDH,-0.9047090748228138
ATP5PB,-1.2318847953636154
HNRNPAB,-1.5634692898771534
MRPL37,-1.5241434928000979
ABAT,1.2347397667778928
SLC34A1,-0.8320824373288226
RABGGTB,-1.2508105249760115
SAMM50,-1.4286269882372815
ATP5MC1,1.1785438727511524
SIAH1,-0.33103343286872494
DYNC1I1,2.6764980188986693
NUP155,-0.052968316423858706
FTSJ3,0.3765382353608791
TMEM147,-1.846836457253319
CAMKK2,2.6747646341140388
SLC25A3,-1.871681120201933
MGST3,-1.6875932815549193
C1QBP,-0.978407531790478
XYLB,1.3732575619282037
POLR3F,-0.39947025620363164
DCAF8,-0.5774876634794878
COPS3,-0.5590527433691956
MRPS22,-2.0206851216876434
METAP2,-0.9927130969339678
ELAC2,-0.8097132594603009
PFN2,-0.7140298382772731
ACOT2,-0.9271307739551259
PARP8,1.5531412993912321
INS,-0.5217238909484139
PDHX,-2.4107221610541143
CPPED1,0.6044635243560137
ADD1,-0.14363809694495255
FERMT2,-0.8991212453378805
BCKDHB,-0.23131904504457051
SCO2,-0.17281197294465286
AMPD1,-0.404264978532755
MRPL21,-0.08861875864438361
MTHFD2,-1.3789908743306343
MAPT,1.4902494277837646
RBM45,-0.39101642169160744
MYL6B,-1.6027243691985098
FHL2,-0.9950400469020677
BCS1L,2.4816034047229727
EMC2,-1.5867130894975667
CBFA2T3,1.4778281653480163
CHMP4C,-0.0347865726665405
PNPT1,-1.4989549322686824
MRPS9,-1.209429804199459
MRPS15,-1.6267234271861466
MYH4,-0.4324708384921396
PPAT,0.3408556618929514
MRPL19,-0.21287616471521215
COMMD4,-0.7718084882043428
PRKAG1,0.5704934748425322
NONO,-0.70757901244965
LZTS2,-0.02319333182305738
PRRC1,-0.2666702703107717
MRPL1,-2.0132288284033724
SLC25A12,-0.48713579582476524
H3-3B,0.42046728536199557
BDH2,-1.4789289755024608
GCLM,-0.5124053174213028
AURKA,0.19723675847092162
NARS2,-1.2954125829498253
PXDNL,0.570545275484119
PAICS,-2.075766820785169
MRTO4,-0.010134152655419214
XPO6,2.5858424577719172
FAM98A,0.9858183941809224
PDPR,-1.1639981148542295
YOD1,1.8750218675794728
NNT,-1.264109041059072
ARFIP2,-0.2753556728932619
MRPL44,0.05223799314510461
MCFD2,-1.38706827238717
HPF1,-1.0264813590503983
NDRG2,2.0069963712333823
CDIPT,4.320470238133106
TPM3,-1.3872716340338567
NDUFB8,0.6732454133065342
COX2,-0.6804597384876114
ASB8,0.9536529210411023
CDKAL1,0.9038709581777579
LPL,1.1086961743949961
RPL26,-1.5327133913712292
TSC1,0.5423778014892396
DHRS7B,-2.0172542889216825
CKAP5,10.19878958003656
SFPQ,1.0209877967466363
TRIM25,-0.9314597376544366
CDK5RAP1,-0.5718383844934254
RPS27,-0.48085471382608513
UBAP2,0.5189316770807563
ARFIP1,0.07872741520182854
DDX4,1.5001621667366174
DDX24,-0.5917132626862388
UQCRH,1.3036986961583146
DHRS13,0.2571639041866441
USP13,-0.02035819495952199
GAMT,1.251736860270491
UQCRB,-0.17105826985083647
DHX30,1.6577984429921815
GMPR2,0.2973297093420652
MYH3,0.13984837884558657
MRPL11,-0.21570081662032947
COPS2,-1.1030119450559663
DUT,-1.1028636334440554
PCCB,16.834387576781637
RAD51C,-0.46185001385482005
NDUFA4,-0.3197314532173504
GMDS,-0.6711569799107409
TOMM20,-0.7189203311069806
PRPH,0.892763290350519
MRPS11,-0.6363721508912912
FOXP3,2.658563135530857
PLA2G4A,-0.2937168224751208
PPP3CB,1.3166193541257825
QRICH1,0.9446751245061158
MYH8,-0.4532072902432756
TARS2,-1.0524991823176082
SAV1,-1.2837915414117305
MCC,-0.39322908225839937
PLRG1,1.2214407783033452
CEP78,-0.5649030537175973
HAX1,0.7119300290734359
DFFA,-0.6373632875151797
GNAS,-0.44840851766254086
COQ8A,0.9773017075629098
MLLT11,1.9968173534289237
MAGED1,1.4780750662815265
GCAT,0.844464697831788
SUPV3L1,-1.3169886271146285
CIRBP,-0.8898526480597665
SEPHS1,0.27006838406970957
PCBD1,-1.0138945095315581
MRPS27,1.5911298846480717
GRSF1,-1.5393175380622386
EIF2D,-0.3639481895677404
ASB13,-0.4264427715169406
ZMYM3,1.6819960423789293
NPRL2,-0.35754294300925876
NPRL3,-0.7021184378142435
SZT2,-0.5685100344371705
WDR24,-0.6166930343654803
MIOS,-0.8094414732125492
WDR59,-0.7406041111546438
ITFG2,-0.14311185140921004
KPTN,-1.1347104176651635
CASTOR1,0.09127498758754904
FNIP2,-0.1066571489173818
FNIP1,-0.3043197919688353
CASTOR2,-0.6181891823573349
FLCN,-0.7948058639584911
KICS2,-0.6375941311872455
TBC1D7,0.3266087357833727
RRAGC,-1.3498394746165614
BMT2,-0.9380080007430432
SESN2,-0.6241033106547953
SEH1L,-1.3958982348448856
SLC38A9,0.22959877352552935
DEPTOR,1.2795133980656213
SH3BP4,3.8281809264843045
LAMTOR2,-0.3082690638246202
LAMTOR4,-0.6690465147152729
KCNT1,2.361713814677894
RNF152,-1.2387482213843493
LAMTOR3,0.10302977054437922
TFEB,0.6056347812696036
CHRNA2,11.448647964694537
LAMTOR5,-0.9541461827152339
STRADA,0.6626746621805659
SCN1A,3.1577435073779876
CHRNB2,2.518126380383365
ULK1,0.5374923503784641
CHRNA4,2.1943175713956435
SLC36A1,-1.0221900027250126
DEPDC4,0.0430959054474363
DEPDC7,-0.2522700492253893
ATP6V1G1,-1.8633173262579399
ATP6V0E1,-0.1135826853032292
ATP6V1G3,-1.0262047744181353
ATP6V0D2,-1.2211376154503288
TCIRG1,0.5341810905978305
ATP6V1G2,1.3242832787799765
SGK1,3.0735161400374955
KCNQ3,3.1742105839994568
KCNQ2,3.521129636736519
ATP6V1H,-2.2650603471288298
SCN2A,3.76821570312187
PCDH19,1.2739420582139434
SESN1,-1.0607362362600121
SCN8A,2.7332737989902993
GRIN2A,13.833636821958814
KLHL22,-0.4844929609315752
DPPA3,-1.254962704233973
LGI1,2.4973766252610776
MAP4K3,0.7743023926018285
KCTD7,0.6516135103857046
RRAGD,-1.0481570560161877
SYT17,-0.9213073285211087
PRR14L,0.6360539541603879
CHD2,1.1184480070000204
TBC1D24,-0.13808825589349616
MCPH1,0.6844266718909835
MTMR9,2.3115940232498944
BEND2,-0.587636646577978
ZNF414,0.8054429416903846
SCN1B,3.583445185507282
GABRG2,3.0166307309743754
LMO1,0.8470245521134058
ZUP1,-1.770571197174887
ATP6V0E2,-1.0030489423919309
POLE,0.018874294452341265
MRPL15,-2.0937566482329504
VPS11,0.12825464064869882
STXBP1,3.1454173911043948
PIK3C3,0.8977298266837355
BRF1,0.9767336662280621
UBE4B,0.502389249484761
PIGO,-1.0587834780295036
PLAA,0.3440851242796079
EXOC4,0.2640746793965111
MCOLN1,0.12038030847065895
DHX38,0.8191366982787255
LSM5,-1.795615903157874
TTI1,2.1109342850448325
CLEC16A,1.5975828901246754
ARFGEF2,-0.1472186524701675
SMC1B,0.8723920613259589
UVRAG,0.3411193347771461
TCP11L2,0.6579586793317757
HPS4,-0.896587735869781
LPIN1,1.2620257428029318
SMC1A,4.062343293244754
MYO9B,0.8391526990801885
ZFYVE26,0.2421142984074707
SF3A1,0.36287368646902607
VPS33B,-0.7813576575767304
SESN3,-0.6842676397930413
RECQL5,-0.16716006827152755
CHD8,3.5569995527753546
MADD,-0.18979874161687568
HNF4A,1.0997308702942878
ATG13,12.250302180776007
CACNA2D2,1.5732395483205301
HYAL1,0.060499197119734
TUSC2,-0.9646816940082636
NHS,-0.516547431831142
CYB561D2,0.030463224163980892
MEX3D,-0.20545621349676432
ZBTB5,0.3141459059331863
ARL5B,-0.5782508566506577
MAP3K6,-0.14234430652490104
LRCH2,1.3961295873698498
ZMYND10,-0.2367780834149189
GRB10,-1.5394794832004604
CHTF18,0.9298906738696033
BRAT1,1.3339356527578292
SEMA3F,2.414737509666506
PEX1,-1.5394786175234458
ACTR5,21.170122569109086
RAD17,-0.789651121967089
TNKS1BP1,0.334955038779855
PER1,0.4082351329321439
HERC2,-0.5837942951753492
VPS16,0.3010291311162098
APPBP2,0.3178794076309997
ARL8A,-0.1960609582993892
SNX1,-0.05868667115627501
GNAI1,-0.064006505597891
VPS53,0.37769448657979204
PAF1,0.20159038248612365
XPA,-0.8861561769517257
LMBRD1,0.2576688607131071
CCZ1,-0.18675325587505515
CCZ1B,0.08616504057158614
PEX5,-0.04451711550317023
CTNNBL1,-0.5066176300989779
ACOX1,-1.4877052491421077
BORCS6,0.09995637922096372
NDUFAF3,0.049404284294045475
FAM32A,-1.2054495531847647
ATP6V0A1,0.9105953743497732
INTS9,1.5685591902870126
NOSIP,0.38038707071400457
PAN2,0.5916969161360569
UROD,-0.19108461900383084
ATRAID,-0.5308961626093562
NUP85,0.48819961163065734
DHX16,0.289813472082093
EXOSC5,0.15112176490421975
BAP1,0.6131103528400119
ARIH2,-0.41130067267651044
COG2,1.71570438823629
UBE2QL1,-0.6949409201118568
NISCH,0.47225382112478326
VPS26B,-0.562794366631658
POP5,-0.4116082942903272
CDKN1A,0.34147855612784955
MCM9,-1.0821877201641303
ANKRD37,0.26915463912014487
WDR19,-1.024977565992873
HIPK4,0.7943750071752244
NELL1,2.4644850981544377
SEC16B,0.6545687357070537
IFT122,-0.2565623983483598
EID1,-0.8378015986961649
CDKN3,-1.5893369773960384
WIPI2,-0.3884621161818513
NIPSNAP2,-0.8776004792168935
BCAR3,-0.4949723320014494
GLS,-0.2862152246910878
FBXO25,-0.7695385068234483
TRIM21,-0.5164787829858614
TLCD3A,-0.7455334207198824
RB1CC1,0.3862131979305405
COPS5,-1.2249432995758227
IFT140,-0.559919594217785
RNF126,1.1152561883737608
CAMSAP3,-0.21576434415288492
PIH1D1,-0.36790816553874434
WDR35,0.18537270273657086
MAPKAPK5,-0.3502427995507295
RIOK1,0.3701557178623387
CCDC40,-1.2549132275862973
GABARAPL2,-0.9054351865322363
FLNC,-0.4997071130616157
IFT43,-0.3521520990047473
FASTKD5,-0.9542084792431982
NOP58,-2.0609485289229523
WARS1,-1.121497682662857
NME2,-1.405622968473249
CDC34,0.530540469469062
CALM1,0.9459679342915919
XPO5,1.7874134926523868
ACD,10.213191826231338
NAXE,-0.46008374414853476
TTC21B,1.4086923921997867
KLHL9,-0.5480977360994811
SMS,-0.981126604115769
ZBTB38,0.35130619518920575
SIRT7,1.0785669278826027
PAPOLB,2.6597138408793666
ARHGAP17,-0.4629784139517907
YKT6,0.5378369322664573
CKS1B,-0.5533387331614994
NDRG3,0.7134801527666772
MTMR2,3.0832973150111114
GTPBP4,-2.323722280324636
GGCT,-1.2431285333603999
TINF2,-0.30204172481216685
CSTF2T,2.0831274383541474
PSME4,-0.35595246563938243
HCCS,-1.8053694196120071
ZMPSTE24,-0.6499302965321624
CKS2,-1.0236750433025237
CCNC,-0.7710412440164954
POT1,-0.39236404461975904
RSU1,-1.07182821390638
TERF1,-0.7717226669594309
ATP5MC3,0.3220507459811277
UBE2V1,1.6732582679058097
YEATS2,1.132469216668193
UBE2D2,-1.0182822892452021
DYNC1I2,0.024963229908154912
ZHX1,0.4425099996841173
RMND5A,2.554445671989216
PSMB6,-0.7192162248572679
CDC27,0.7217659330073705
G3BP1,-0.5057699854486638
FBXO9,-1.459247385152094
PITRM1,-0.33312389031980005
DPAGT1,-0.03747730509998641
ELAVL1,-0.34022460729544024
MYH13,-0.37168767850440965
MAEA,2.4799038831290625
DNAJC11,-0.5659617773502614
ZNF593,-0.9871630766006224
STT3A,-0.12010916840110065
GSPT1,-0.8367141687072949
RBM34,-2.012495892569246
PNPLA7,-0.7418396355457921
DIP2B,-0.5835006525458686
WDR36,-0.585579399733954
AKAP11,-0.7936894718667187
RNF20,1.2521643270269613
ESF1,-0.10754623707387198
VPS4A,-0.9283928244956531
ANP32B,-0.7232556464138153
RBM19,-0.8152154233858666
HDAC3,0.11977095614841353
SLC20A2,-0.2797168242818574
SP2,0.09961222190768325
MYH15,0.6569752110437047
SRSF4,-0.016412604983682556
KLHL20,0.02547537912084096
EXOSC3,0.4777189100700394
MBOAT2,1.5520121509736684
SLK,-0.3674909473126303
ZNF281,-0.8477072544038188
ORC3,-0.6663842436657456
NANS,-0.8179429056373508
NCS1,0.517212869009218
WDR26,2.89318683400564
UTP14A,0.6453931341111415
RANBP10,11.118704862393157
AMD1,-1.5290458281904957
EXOSC1,-0.37301608993414775
CARS1,-0.5680171500072811
OPA1,-1.2909712951747399
KIF2A,-0.8239585326298516
GTF2E2,0.6632047785605769
WDR82,1.0385298137213985
STAG2,3.7538609988554272
KMT2B,2.3838122711561893
SLC38A1,0.34802938351166723
DCAF1,-0.08845378502524395
SYVN1,2.6584608334977684
TRMT6,-0.12908003273902804
BMS1,1.122942401184648
GTPBP1,1.3157029332950947
AMPD2,0.4508194578131613
RIOK2,0.46002880524350914
RPS4Y1,-1.3337258263306788
MRPL58,-1.6376384736513048
THOC1,-0.4797337464799064
RER1,-1.1786435061808451
NOP2,-0.3814114213879254
APIP,-1.8901070475855202
NUP205,-0.42243661093235535
MAK16,-0.09882922406887537
CTSC,-0.9049002614365382
NSUN5,0.9184656151533486
POLR1D,-2.192271894217867
ABI1,1.541943821205108
KDM1A,0.1179179144031822
DNAJC13,-0.13177847991289604
NDUFAF4,-1.0696327954714429
WDR5,-0.5551569970535213
TIMM21,-1.364187605725356
TCERG1,1.6815060279774565
KLC1,0.7693995993796185
RPP30,-1.1867948246711053
CWC27,-0.4479505420755343
EFR3A,0.4426104327431636
PAPOLG,0.6382056146174762
GTF2H1,-0.7825524009800714
POLE2,-1.0831371743518652
SF3A3,0.2521173010416093
LEMD3,0.6009207848710502
SPECC1L,0.26263046152055447
QRSL1,-0.3248132184154041
RBM5,2.3335068856200776
CD2BP2,0.9546204535986257
ANGPTL2,-1.1635251151389876
CERS2,-1.7941105625954183
SLC25A29,-1.1858410236263834
TXLNA,0.45091046670477897
GLOD4,-1.0727805570271642
POLR2I,0.37786286630896543
SNAP23,0.36906800492721953
CD109,0.1562304572908832
TMPO,0.3897792645391338
DIDO1,0.6557805244967778
CEACAM5,-0.03471769334281039
GTF3C2,1.9127076315992193
SOX2,1.3524279965728556
THY1,0.2021381252086669
TYMS,0.4350189784428724
ALPI,1.9711701075942873
CTTN,-0.38314989775031505
SSR4,-2.0967163393606296
SENP3,0.461746954619371
PRPS1L1,1.9057312172789844
METTL3,-0.12815313852852311
UBA6,0.23117056616421972
UCK2,-0.39300494283867116
ANGPTL4,-0.47595432372248553
KHK,-0.6020565048984758
BMI1,-0.16165618728022585
DBT,-0.9598175855511349
TAGLN,-0.986064672328691
LMBR1L,-0.495682340417752
GAB1,-0.5890361397629338
STK38L,-0.598449916476038
NCAPD2,0.9183005027378177
PLCG1,-0.16689299649225098
ALDH5A1,2.6322154800609723
HARS1,-0.3810185677833158
SAMD9,0.8488983520046847
SLC20A1,-0.025032403617952326
METTL13,-1.8390124030140826
PLOD2,-0.3494980432908247
MCMBP,3.088479047083984
TTF2,-0.21349741826416335
CDA,0.0444892068082677
ODC1,-0.30267794730939557
FOXM1,0.5478186687046184
ZC3H14,0.139916872272127
ALDH8A1,1.4597494886820113
TARDBP,0.4148470751298509
RNF4,-1.200002202124963
ALB,0.5620599380087941
CDKN2A,-1.0319023995398386
CAMKV,1.8992494268740403
ACOT9,-0.16347364111416385
DDX3Y,-0.7425202089214382
E2F1,1.223717775966827
HSD11B1L,-1.410377636090942
KPNA2,-1.1275866278344957
EZH2,0.001628934217536958
UPP1,-0.4431215033398591
HACD1,-0.9525351803126227
AHNAK2,-0.19173095721358044
BIRC5,3.3462002468095644
PTTG1,-1.3117960078551205
NANOG,0.8041489421082404
RHOBTB2,0.01751793987986847
FEN1,-0.3288812842690668
ACSBG2,0.024077165349105582
LRRC42,3.2236717956171113
TPM2,-0.7429525006293998
LPCAT4,0.7802239602927377
DHX57,0.9701401827824235
AGR2,-1.0837699752561059
H3C13,-0.31909268499405136
PRNP,0.6666239844601569
SFXN1,-0.8049989022062211
H3-4,0.11199702630630866
H3-5,-0.708271128104213
MSH5,0.8192536471482758
CAMK2G,1.8096560081907778
PAK1IP1,0.008313025963700238
NCEH1,-0.7913793104092238
KYAT3,-1.6057732768889035
ATP2C1,-1.662151294884975
KNL1,0.31064070071784894
DHCR24,1.1912130648443229
ZNF395,-0.5961066818670142
NFIL3,-0.3861602680666475
STMN1,-1.116792696644132
CASK,0.3534997599340934
PRKAB1,0.5852736093118164
NDUFB4,0.7728149138761157
RNASEH1,-0.10907280353170577
SQOR,-0.05288523901507058
TRAPPC14,-1.2773507517214653
TACC3,0.164933671780364
PRAME,-0.08223148578905176
HTR7,0.7145692973500501
WNK1,0.6762144409122469
COPB2,-0.8282182130705733
TP53RK,-0.9404931916129619
DNAJB4,-1.1308715504192197
H2BC3,0.5708453293471866
EIF4E2,-0.4675589743448786
H2BC1,0.4928496089616613
PFDN2,-0.2336000831979572
MPRIP,1.3376943554245282
TRIP13,-0.2791738099304059
HNRNPU,-0.133251658037
DCTPP1,-0.661624943970574
S100A6,-1.744555650877028
FANCI,-1.4179425869886249
HMGA1,-0.023048361801359208
MYG1,-0.8032080810513599
CLTB,0.5570660694522395
RTN4,0.4602811664042974
DNMT1,0.1868119567673012
NASP,-0.5007145369281233
SEPTIN7,-0.29096367970147696
PSME3,-0.8742267501061414
EBNA1BP2,-1.5238251738894106
TUBA3D,-0.21170920104792537
IRAK1,-0.5792262203125784
MAP1B,1.6416053187330366
RIC8A,-0.8902260725708582
SNRPB,0.10723095755786641
SYNCRIP,-1.695865930428741
FTSJ1,0.1438740981497608
RFTN1,0.8903839591866758
INTS13,-0.4610503436406592
PWP1,-0.4695929768483824
TPX2,0.05480195200742599
NSD2,1.6477094230780438
CDK7,-1.0965814425215512
EXOSC7,-0.926476931527238
MBD2,1.4232950010796661
SRSF2,1.480749534058333
MAP7D1,0.818597913859882
NUSAP1,-0.2588115689295634
KIF2C,0.23857514444868586
MACF1,-0.35818134231680393
CEBPB,0.29653635132590594
SNRPG,-0.5553699287960708
HDGF,-1.7655821976526074
DAP3,-1.8011455998939996
CKAP4,-0.45892548825679513
CCNA2,-0.6575886406328686
BUB3,-0.8069618246582052
DDA1,-0.6032769114685834
SNRPF,-0.9530716742039489
PEF1,-0.752223650102692
SRSF9,-0.6551714757850201
SNRPA1,-1.001226808435752
NT5DC2,0.007802416291131967
UBE3C,0.09267567820855785
DERL1,-1.4567696606279767
HLA-A,-1.067424584826265
MAPK10,0.7979194438260807
PCK1,0.3864866198392094
CPT1A,0.23249883425843346
MPC1,0.26175378407134875
EGLN1,-0.4021220629299807
BNIP3L,14.938127594749119
HEXB,-1.1837894817867025
ADH7,-1.030416130242199
F2,14.243861705655027
IFI44L,0.8885442532048594
ABCC9,2.6749456485038476
PTER,0.17896347744555008
PGC,1.909462789058524
SDHD,-1.0925920679923327
APOL3,0.3930320240697489
USP38,-0.270712320281129
PPM1K,-0.28796474628145635
KCNJ11,2.842797701223451
PHOSPHO1,-0.5181742844137875
MPC2,-0.5258220927001124
LACC1,-0.6726257552315716
HNF1A,-1.2022917380592686
RAB3GAP1,-0.24789900663096054
PPT1,-0.9777673245647177
DBI,-1.117594071209247
CACYBP,-0.6236275012017616
CNDP2,0.5177114936796378
SF3B3,0.4694507152904897
LYZ,-2.9718495102936315
NIT2,-1.221772947012688
FABP5,-1.5186911497570867
SNRPD2,0.16167427522052932
SNRPD1,-1.4893510407162545
RANBP1,-2.351125422094893
RPA2,0.3313074302398994
FKBP3,-1.097562869406856
TXNDC17,-0.7257284398896626
CA2,1.67671912837508
SERBP1,-1.656293254922936
BAG5,0.6215948106504532
CIAPIN1,-0.22123850240419593
RPA3,-0.06251348564549995
UQCRQ,-0.08868572200649849
KPNA4,-1.199378902098543
ST13,-1.1728587010698228
BZW1,-0.18183917116692086
HNRNPC,0.6642056317049448
SNX3,-0.7609200490193021
ERCC6L,0.4705438275619976
EIF3D,-0.1530966644164947
RPL18A,-1.2866510041559938
COX5B,-0.34904089225983204
UBE2O,0.28107354382357347
SNRPD3,-0.42593874507744245
SERPINB1,-2.09995750103528
SUB1,-0.5047158354109211
HNRNPA1L2,-1.716385201362079
GCSH,-0.9228448403363648
UFM1,-1.9689174938852019
GNG5,0.3396233178420027
TFAP2A,-0.3462912315957962
DOCK8,0.5807641132682511
AAR2,-1.114160144731435
KRT18,-2.3618279519498198
LYPLA1,-0.6474557155323817
VTA1,1.220878855404789
BZW2,-0.041568002724479955
GNAO1,3.187803067148906
MANF,-1.7837036296910995
AP1M1,-0.17800296736467075
PACSIN2,-0.5528294158742075
COX7A2,0.12731465326815228
NPM1,-0.9865718734233758
PLSCR1,-0.37079911965561557
NDUFB3,0.19326080181039082
RAB5B,2.4303576235247406
NAPG,-0.8927484044145482
HIRA,-0.37516323292063897
CHCHD2,-0.020140898268804483
SELENBP1,-0.07313498890511402
PDCD10,-1.622485960670969
UCHL3,-1.0154325617070625
MAPRE1,-0.7431018432628285
CAPRIN1,-1.060511582277934
TAF6L,-0.017722340763264698
TBCA,-1.175106454502621
ERH,-1.0373031237116699
NDUFS6,0.9418430334228571
TIMM10,-1.5669326373452868
LMAN1,-1.9405405426120916
VCAM1,-2.786518998875499
SSR2,-1.9117214691138167
SSR1,-0.5194399412305715
NDUFA6,18.714603030738143
MRPL17,-0.07394913143381635
APOE,0.9422720953555006
CARHSP1,-1.7381266825288708
POMP,3.2707909861656033
BROX,0.6545283858455935
RDX,-1.405387257497743
DAD1,-1.850752132886223
ISG15,0.5554370161435936
SEC61G,-1.1075652783388035
TAF5L,0.611016379172576
HBS1L,-1.4527334671588747
UAP1,-0.4614892231201403
HDAC5,1.3839381804834459
THRAP3,-0.24052941870875308
RAB40C,-1.0623436425731527
COX6C,0.2486135334046138
COX15,-1.3699773509875521
ATG3,-0.2111890672085505
ALG8,-0.40684816957762693
TIMM8B,-0.49667917130305067
NIFK,-0.4291147716629932
ERP29,-1.079174322355098
VMP1,-0.3755373980034109
APEX1,-1.2193359991457093
MYL6,-1.8097020520711575
SRPRB,-0.22833899336253846
RAP1GDS1,0.3932303876116463
SNRPC,0.4504444832084778
LETM1,-0.8512207054848363
MT2A,-0.6470910528189102
QPRT,4.221351103952182
PURA,0.34482921932234445
RSL1D1,-0.675516653893381
EWSR1,-0.07701215079893182
PRCP,0.5523619030095615
PDLIM1,-1.467822806848549
RAB19,-0.42026005309672343
PPIL1,-1.145499961004102
SRP19,-1.487551292133057
UBE2V2,2.1615402024363113
EIF3J,-0.795414854447308
GRWD1,-0.8457215776802794
CDH13,1.2662576940559134
PELO,-0.597603435313956
MRPL40,-0.7112753592491131
ECT2,-0.10516495700744151
NMI,0.0827264615832354
RAB5IF,-0.15950285458347158
CNN3,-1.602693684237016
CACNA2D1,1.9690049551059434
WDR74,0.26302519880577346
NCLN,-1.0424327024186544
ATP5PF,-0.5441540584980953
RECQL4,-0.7266439469250745
TIMM50,-0.9261965375572011
PTRH2,-1.7869275081509792
TADA1,0.00020433791449084415
LIG4,1.6054149872817036
SRSF7,-1.3192871078307795
LMNB1,-0.9286867169743627
TPD52,0.07988534022714223
SCFD1,-0.6885043376985505
NUP107,-1.7445630350772332
NDUFC1,1.0458053897002633
GHITM,1.3667056437282015
CLNS1A,-0.6533099221937333
MRI1,-0.394743926483791
BCAS2,-0.7890756832472604
BOLA2B,-1.7711455889750445
EIF1AY,-0.7167314356638671
RNASEH2A,0.12340160919200437
TMA7,-0.823935896907453
CDC123,-0.6395836085358655
BASP1,0.27275412741364913
RAB21,2.1385525487995856
POLDIP2,-0.7858795983302627
VPS25,1.8821931829945704
AASDHPPT,-2.1973916352423895
GPRC5A,-1.8118317151289576
CPS1,2.3177357251260404
POLR3K,-1.793016377100734
HNRNPA0,-0.8503662932055167
ENY2,-0.8574048692653483
MYO1G,-1.5423229753661312
SMPDL3B,-0.3276563692009895
HNRNPH1,0.6075961814194925
CALM2,1.3130468759217588
CYB5B,-0.6162418014673637
UBE2K,-0.31401837632117013
FUBP1,-0.8267502457370146
ATAD3A,-0.5244420800892753
MRPL51,-1.9042039938518611
SRSF6,0.7311601860539921
ATAD3B,-1.1606421895714647
PSAP,-0.5147939371992101
BAIAP2,-0.13868983230981016
DNAJB12,0.5610841452395063
UBL5,-1.5756067628084887
LHX2,-0.054501982477722
TIMM17A,-2.166301944580502
BOLA3,-1.2505484649175347
TIMM9,-0.7525962580030771
NUP50,0.6387646761418652
SYAP1,-0.32661034833329056
ATP5MF,-0.223511487517614
SFN,-2.520127726351079
SERPINB8,-0.9671817840574723
PITPNB,-0.37577016535968694
KPNA3,0.08659243320257785
CBX3,-0.5261345859421204
VPS36,-0.008716131509725812
MTX2,-0.2451753673587797
TBRG4,-0.6787341628171003
NOP10,-0.5327049375562972
VPS37B,-0.40739799787336456
NOMO1,-0.23747064316850452
MRPL14,-0.7602401452440825
IFI30,-2.1850896136378357
NLE1,0.36328651383344546
RPL36A,-2.1113462233833933
FUCA1,0.2588082839002167
FAM136A,-1.5608735515330152
SNRPE,-0.7247292976194412
COX7B,0.39257480244066084
NMRAL1,1.8571270242486
KHDRBS1,-0.010132875388012453
PPIH,-0.99296209016274
MRPL22,-1.5274194299551545
NOMO2,-1.1179887652255016
SMC2,0.14138958142058747
MRPL49,-2.3706743547948634
GGH,-1.5167446600085464
BCCIP,-0.5551914420492744
MRPL13,-2.9210686095578366
NOP16,0.36613367059945173
PURB,-0.1431419399005306
NDE1,0.8994998944387362
MGAM,-0.42247257371483987
GTF3A,0.08348930106312168
NDUFS5,0.1475479374614078
SF3B1,26.50152434792054
ATP5IF1,-1.2903473433608967
NCAPG,-0.9517816358111556
SNRNP25,0.5114925647328881
LRRC59,-0.06786173569011858
UBL4A,-1.5420265039504857
LYAR,0.350762108034235
CNIH1,-1.333520106544703
COX7C,0.06531266964042376
MRPS21,-0.47286669161478717
CD36,0.01992576036574732
CENPX,0.7150117738769116
PRELID1,0.18158153676843977
MT1X,-0.4472136305353952
CFTR,-0.991702333895125
COX17,-1.3923576945659009
LASP1,-0.3988019371212617
RHOBTB3,-1.2790148841294402
FUCA2,-0.6969155739030541
TMEM97,-0.03163873323811739
CPM,2.470671459317276
API5,1.1412870083576305
SMC3,-0.022338133150703758
H3C7,0.9844361369470055
RTF2,2.3360936515779973
LSM2,-0.38731793609426673
MRPL45,-0.6372580704021449
TFDP1,0.13537053816190447
SNX9,1.5355719937290924
MRPL24,-0.5214513920680255
SF3B6,1.220737497529422
CMSS1,-1.2794922531540371
TMA16,-0.4719731314106585
YES1,0.16947321489179654
LSM3,0.2923941537297537
RPL39,-1.2371520370857962
CMC2,-0.7738805268260429
DMAP1,2.228326515880776
EEF1AKMT3,1.1881213009868485
LSM12,0.5008498151840594
SGTA,2.0722492966631125
SSB,-1.0547148462649376
HEBP2,-1.4152422557274906
COX8A,0.42584607841874444
UHRF1,0.1505784997374964
MEST,-0.21211043170515229
LAGE3,1.3750357837603155
SRSF3,0.05032018033088496
IARS2,-1.8100337868182603
MRPL46,1.2290653872187927
DEK,-1.7980752301346088
SRSF5,0.5360782892152289
VPS26A,-0.41841086250034865
CDC45,-0.5599133398718932
SEM1,-0.19408723278622886
TMOD3,-2.478098593029026
HELLS,0.7647939339392977
RBM3,-1.364440054555119
GMFB,-0.2504289267545687
PNO1,0.009597484805852818
UBE2C,0.856419201889876
GTF2A2,-2.106199650656213
U2AF2,0.21467012209311184
ARL6IP5,-1.8664952933026147
VIL1,-1.1703050722891413
PAIP1,-0.44847475150876615
DPY30,0.8292016886350205
PTBP3,0.4124191432982557
SCCPDH,-1.9367170536704164
MRPS25,-0.8091046810899198
DUX4L9,1.8196643464667366
CEP290,-0.7857923052119182
DUX4,-1.2136355837955441
MAPK13,0.07666689120413889
ASB9,-0.48165506011538123
UPF2,0.41021343440150193
UBE2E2,-1.3732824696338923
PAXIP1,0.6352335060774925
OBSL1,-0.08080410802939458
TMEM33,-0.72749689074989
MKI67,-1.3335786214598442
C11orf58,-0.2825929151844355
BUB1B,-0.09600104413802309
UTP18,-1.956705692959048
RPL36AL,-0.6529883994698775
PTP4A1,1.9370401794552659
RACGAP1,-1.248567264928344
EBP,1.7428759045715307
ZNF207,1.110833410460863
MACROH2A1,-0.7266849011746428
EIF4G2,-1.0283604218394784
TMSB10,-0.8779287440633072
DPM1,-0.6915488155070211
SNRPB2,-0.21550853936493095
SRSF1,0.9688683210317468
SRSF10,-0.7538935787350731
NOLC1,-0.004384316913776123
RBMX,-1.2042330999222843
AP3S1,-0.016062902688876925
TRA2B,0.25044873029384807
HSPA14,-1.291728632597168
MTDH,-0.8016377712063967
MRPL18,-1.3334763992552723
MCTS1,-1.8171196033563624
WSB2,-1.0419050968129773
GPN3,-0.9342440530086006
MRPL9,-0.5628690864842928
SLBP,0.4321231986165204
CDCA3,-0.4078251779917252
FDFT1,0.031724550226768275
AURKAIP1,-0.20929965150103536
EIF4H,-1.262477778925652
ANP32E,32.61010742446904
SEC61B,-0.5310190850046275
ATL3,0.11072828652467931
TMX1,-1.402602353533009
FAU,-0.176036033830175
FAM210A,-0.9476929941342659
MCF2L2,-0.6434432849887802
RPL41,-0.5081216458166397
PPP4R1,2.9707073133837953
NEPRO,4.212701967171864
ARHGDIB,-0.9910611664146368
COQ2,0.6579298996724912
ARHGAP24,0.3738049641977633
RAD52,-0.7594610915322875
RIDA,-0.03260952326895742
CMBL,1.021465079967165
H3-3A,-0.8300149985363235
UFC1,-1.0181494835466904
CHMP2A,-1.535485100337766
CUL4B,-1.0970705875124604
CCDC6,-1.2518272500276308
MYL12A,0.06713054474677274
CTNND1,14.497419287171082
MAP7,-0.36956836639934976
NQO2,-0.17383893810898604
LSM6,-1.2494374188008426
ALPL,2.0437812241201865
NDUFB5,-0.5393151651657802
TXNL1,-1.8423870782368432
DENR,-0.9661691926111243
NDUFB6,0.49013053909140225
SHARPIN,-0.20717713908918703
S100A4,-1.8638724077712063
SRI,1.3776636055111595
GLRX5,-0.90470282620932
NUDT21,-0.23066653776321552
SNF8,0.9868454272598042
SUZ12,0.5068569260519616
COX7A2L,-0.024316054722518576
RSL24D1,0.4369255435256007
MAT2B,1.6910388395982001
MRPL48,-1.5506432994928656
TPRKB,0.2680582232391017
TSPAN3,0.4275502882454963
ATP5ME,-0.7240069778377312
NDUFA7,0.12225985163344716
MMADHC,-0.9658226440829095
ISCU,0.20553269152287187
HEBP1,-1.7968498585824138
ERLIN2,-1.122308299067601
PSMF1,-0.43205980396948307
UCHL1,0.368199342290749
POLR2G,0.13907891675983436
GLB1,-0.2952926143346302
CISD1,-1.5017922800058374
HEXA,-0.6600099950078783
FERMT3,-0.7817282109231236
DCUN1D1,-0.13508575471658715
NTPCR,-1.0071834527906929
PNN,0.3240240855085267
MARCKS,0.07670934393802256
KRT6C,-2.036641756395371
MRPL16,-1.8970178975411842
KCNMA1,2.508644463182392
HACL1,-0.8817199044892652
CWC15,-0.03542028059331372
IK,0.48955921065381136
NDUFB11,0.20123982924137884
TSN,-1.4665391211755108
SERPINH1,-0.09100297702905918
NAE1,-1.2922089566500807
KRT10,-2.168400076884595
MRPL42,-0.21771955065265602
KRT5,-2.7299740137450432
ACOT13,-1.0148628080721702
ISOC1,-1.3429702525846439
HSBP1,-1.3971272328924313
MAGOHB,0.430189860294235
UBFD1,-0.045419048563299855
PRKRA,-0.980176723962179
PSMG2,-0.8043609022364637
IFT25,-1.134107496995119
MCCC2,-2.4933544908000993
VTN,-0.18221493074323689
C19orf53,0.6205323672977268
FN3KRP,-0.6731056077447253
HMGB3,-1.2571448952840238
RAC3,0.24741972832775394
HDDC2,-0.9293171922840694
EPN3,1.568291156886806
SNX5,-0.11765966029211275
UQCR10,0.26337781069112215
RBM39,0.6423325320578298
TFCP2,0.5332483540386517
NANP,-0.8907388279775027
SRSF8,-1.1466158536802151
BCLAF1,0.00802993807299472
HNRNPDL,-0.4611384611035623
HNRNPH3,1.4874490200451902
ILF3,-0.35017369026447637
U2SURP,-0.631454483311963
CPSF6,3.0776254435154162
PSIP1,-0.838679028484378
HNRNPR,-1.063297153629975
BAG2,-0.0789418558033404
SMARCE1,-0.5016682216651669
MRPS18B,-1.451352940750989
MRPS31,0.7077583907714937
TRMT10C,0.15933547434543777
ABHD10,-0.885737323159498
MAIP1,-0.6040593283870463
HLTF,-0.8050940718892265
RECQL,-0.687235918534138
MTREX,-0.048754393861846254
MRPL39,1.4712582930722207
NCBP1,-0.5544019061174787
YARS2,-1.4508428355541627
WDR3,-0.32237923770095683
PRMT3,-0.7446544395879539
DIMT1,-0.4311014247803193
EXOSC2,1.2150054913781823
MRPS33,-1.0281202877844595
NOC3L,-0.7878282561699725
LBR,-1.556065531127465
GEMIN4,-0.6738514803672054
FXR1,17.040623482015533
RRS1,0.4412264919484183
MTPAP,-0.4496325259209976
FRG1,0.2117621979083091
CMAS,0.7193013777918777
MRPS17,-1.9845361833001074
U2AF1,-0.3372360612472484
MRPS28,-2.4556251088541985
CETN3,0.0349491892974417
MDC1,1.3674766553025128
GEMIN2,-0.706927114495976
LSM14A,1.0369666813304081
WDR77,0.5101061295944316
KLHL42,-1.084159768696495
BTBD1,-0.2907648490749203
NKRF,-0.9609127708536963
GAR1,-1.3634213580486767
NUP88,-0.283932386311606
TFB2M,-1.1561223184428224
C8orf33,0.19406655179369764
HTATSF1,0.8495787909289717
MIPEP,-0.922138815486099
SRRM1,0.9271440129905533
BUD23,-0.3097055234737966
UBE2E1,-1.7073659004091155
PIN4,-1.760331115349088
NUP133,-0.5853195292816485
TXNDC9,-0.13544495768642312
ORC4,0.42920252239823364
CLASP2,1.1814639877669308
ADH1A,-0.7013708848972389
ADH1B,-0.022176319973244898
ADH1C,0.011669171698155631
ADH6,-0.3945768557968146
ADH4,0.49228827917163726
ALDH3B2,2.3148514514221956
ALDH3A1,-0.06671425290211044
CYP26C1,1.1228645692219204
CYP26A1,-0.34359050524266777
CYP26B1,-0.3356783257906094
CYP2A6,0.887570865784442
SDR16C5,-0.27008590413424544
CYP3A5,-0.3912919143662873
CYP1A2,0.5225228052800727
CYP3A4,-0.3074303528233336
UGT2B10,0.9608412736494858
UGT2B17,-0.3349707869044374
UGT1A4,-0.496614842575504
CYP2C9,-0.7260543331268102
UGT2B28,-0.34993878709093085
UGT2B15,-0.3456567800696342
UGT2B7,-0.0206726446829431
UGT2A1,-0.2397605836709671
UGT1A6,-0.41396470019766807
UGT1A1,-0.3694501645731168
UGT2B4,-0.11811750474273587
UGT2A3,-0.8425875330605979
CYP2E1,0.5104626386871857
UGT1A7,-0.09062102285990488
UGT1A9,-0.1539337964040448
UGT1A5,-1.0576064724555687
UGT1A3,-0.6151911412843196
CYP2A7,-0.7022606259267333
GSTA1,0.22145796619139504
UGT1A8,-0.6933164480430367
UGT1A10,-0.7603764858638913
RDH16,-0.06107807118106255
DHRS9,0.6313191916687609
RDH5,0.14266022519994997
CYP2B6,0.9626064915364932
CYP2C8,-0.3701806755866008
GSTA2,-0.37614006510602094
CYP2A13,0.8971746894770962
CYP1A1,-0.9560072824796146
GSTA5,0.4033829399057832
AOX1,-0.8311378660696175
CYP3A7,0.6360583690305908
GSTA3,-1.0307538339693123
SULT2A1,-0.3140172784057866
GSTO2,1.205821081252811
GSTM5,-0.4827779422709727
MGST2,-0.8851394696024093
CYP2S1,-0.5797663541343553
GSTA4,-0.4323520713822603
GSTM4,-0.22870501635031776
CYP2C19,-0.2182970726611277
GSTM1,1.1604638658011803
UGT2B11,-0.6814844532526487
UGT2A2,-0.18022402341152763
GSTM2,-0.4127389191818851
CYP2C18,-0.3569101852563909
CYP2D6,13.322747449091684
EPHX1,-1.0152347121122132
HPGDS,-0.9594276151414656
CRABP1,-0.1416438860153508
RDH14,-0.09210261515598714
TP53I3,-0.4581559045973544
ACSM2B,0.5062285052985755
ALAS2,-1.9394619790967973
SPTLC3,-1.3884915137271288
ALAS1,-1.7560149287019091
SPTLC1,-0.171005921490745
CYP4B1,-0.3687739847752194
MGST1,-0.9927968499029147
GSTT2B,-0.7755282524772487
CES1,0.16284275437256046
ACSM3,-0.5639090779259002
F13B,0.01787332222237518
SULT1C3,0.9793705744409393
CYP4F3,-0.7696191318629548
SULT1B1,-0.3393944472545891
CYP3A7-CYP3A51P,-0.4856470346339006
SULT6B1,1.215362840511169
HSD11B1,-1.6453365200918368
PECR,-1.8154390997377123
ALDH1L2,-0.7566102445627371
ALDH1L1,1.570398920899454
CYP4F12,0.5748451250985642
HSD17B14,2.231687857981011
FMO2,-0.7582051592108769
CYP3A43,1.4256938190460835
CYP4F8,0.939111151955282
CES5A,1.229146449619195
SULT4A1,2.6104154168883333
CYP4F2,0.60572864413506
ABCB4,-0.30755698257709324
CYP4A11,1.021896913857047
SULT1A2,0.9178095215778932
FMO1,0.11759315746247649
CYP7B1,0.8727235432491304
FMO5,1.905641803345142
CYP2W1,1.157779564039843
XDH,-0.5722820161102823
ACSM1,-0.8258143566024074
AADAC,1.1749450836692374
CYP27A1,-0.20809378096610578
SULT1A3,2.449345794859932
SLCO1B1,-0.8715993313697018
SLC10A1,-1.5655498988746794
SULT1C2,-0.1518599991533769
ACADL,0.9026160818063473
CYP1B1,-0.7863208958455035
FMO3,-0.6522615645600691
HPGD,-2.009058865965447
HPN,-0.8701256026562944
SULT1E1,-0.8210814434656257
DHRS4L2,-1.678704023344978
CYP4A22,1.280207677131582
PON1,0.690466599702078
NAT2,0.5957474540139753
ABCB5,-0.06277989393390561
CYP8B1,0.6930590307025816
DHRS1,-1.9599783293660868
ABCB11,0.489076662846008
TPMT,1.124876709457517
AGXT,-0.1438096609514164
CYP7A1,0.04756911773737786
ACAD8,-0.7049822609906078
CES3,0.7636401135179113
CHRM2,1.8466402008572729
TTC12,0.8422524841148114
ACADSB,-1.3334037963670393
EPHX2,12.089610134568757
FMO4,-0.5866636558847419
DPYD,13.450004972234874
ABCC2,-0.19195010874976598
NAT1,0.19544227127927905
ABCC12,-0.22199033990576197
C8A,-0.6421864870981864
ACSF3,-1.1514230525817177
MAOB,1.9575289872960382
ACSM2A,-1.3647473646323227
ACSM5,-0.7488102500508861
GLYAT,0.9203934207860158
BAAT,0.4149203198048011
ACSM4,-1.367254191771169
CYP4Z1,0.09542262569002319
NNMT,0.7933755556907558
MAOA,1.3802964565044908
MT1E,-0.17363241858747586
HSD17B13,1.3432570578386962
GABRG1,3.4894804380175555
SULT1C4,0.8490951698998985
GNMT,1.7105599541018335
ABCC11,0.13601747179163654
NR1I3,0.08318136307654259
SLC3A1,-1.1826921636407337
SLC28A1,0.5132262550580378
HSD17B11,-1.8061399463383974
ANKK1,2.134744741110058
SLC2A2,-1.0025745861668984
GABRA2,4.123837428503848
ECHDC2,-0.6643760439186629
DHRS7,-1.24032728005474
ABCC3,-0.5715178086850645
FAHD2B,-1.1127451468551341
FAHD2A,-0.7020406750128593
ABCC10,1.0985207414397715
TST,-1.2729285859519048
CYB5A,0.839794683586187
TTR,-0.8492975278712482
APOA1,-0.41964697378561794
TAS2R16,0.14834925964315834
LGALS4,0.32676868254036895
ADCY10,0.9874445254324352
SLC6A4,2.108866412237078
HAO1,-1.0636557866298137
C6,-0.5319572642655892
AOC3,-0.3487256198273036
TAT,-0.8129914805657273
HAO2,-0.4292813573067162
BHMT,1.6453178844971206
AQP7,0.9701466107563003
APOB,0.10236595527102024
FABP4,-1.4796411342547178
PTGIS,-0.5742669115595446
APOD,1.1771233643756895
ABCA6,-0.07602172650612389
ESR1,0.3880976839412581
HPD,-0.0318020156599875
RARB,0.27364652628433106
KNG1,0.6009244460381786
NR1I2,0.19980727578374716
C7,-0.015826035502479848
CIDEC,-0.7726423349145414
F9,-0.6903475575165121
DNASE1L3,0.36704439028675123
PLG,-0.7421860097459513
SVEP1,-0.12758559240752146
IL2,-1.446357770374623
HRG,0.8944806785958264
HSD17B2,-0.3808752887085576
ABCC6,0.46191007396412553
DCN,-1.2244629714077333
DRD2,15.755761216533296
FGA,-0.30790998042649687
RARRES2,-1.7763716110211818
AQP6,0.954822269442978
GC,0.15746387296571993
SERPINC1,10.762200722797324
TNXB,-0.5862412034428602
ADRA1A,1.827062861355789
HABP2,-0.49680043756892966
ABCA8,-0.9379284672047367
AFM,-0.8113692160728886
APOC4,0.27796172305848327
SLC17A1,-0.2404097634818921
ONECUT1,-0.5018813897687158
CHRNA5,9.820311208353825
CHRNA3,11.385340061964238
OPRM1,1.2015388335480266
CHRNB4,9.244438371493057
ADIPOQ,-0.7624976703696
EDAR,-1.2499530791466467
IRAK3,-2.7989825082460658
SERINC2,0.37095267191807785
TAS2R38,-1.1293607381476058
ABCB1,-0.11281276225013208
SLC24A5,-0.6162796607026559
SERPINA3,-0.828844458534066
CFD,-0.2649581051609108
MTHFR,2.408266155024155
NQO1,-1.1112646653495828
CHRDL1,-1.118109275731468
PDE4DIP,1.6118142159280684
FGGY,-0.7056011984490437
MFAP4,-1.0551832869691369
HTR3B,1.4637633733727864
CYP2F1,0.9677721184101886
SCARA5,-0.7330893861583218
RBP4,-0.4390806554570563
AUTS2,2.9281908223671937
ACAD10,-1.825672732735242
CYP2J2,-0.2180852300092579
AKR7A3,-0.9668539338542302
MT1M,-1.212550596851278
INMT,-0.5039706283626396
SLC22A7,0.8554145328374138
DRD4,3.018202022853644
KLB,0.7498405095916774
SLC19A1,-0.35709617894089174
MMRN1,-1.1838561066557947
HGFAC,0.1449663826212556
C14orf180,-0.27400158149700166
SULT2B1,-0.34323350039831624
ZBTB16,-1.4606881119995332
HNMT,1.7595297820019902
PLIN1,-1.2666826718454864
KIAA0040,1.2600324217862229
MCEE,1.3547303638321893
CDO1,0.9576901157888563
DPT,-1.5791455055341024
CLEC3B,1.1959480532140785
PLCE1,2.036359381810908
FAM107A,-0.01743177039008198
OGN,-0.22008716322230343
SYNPO2,-1.1465928983946487
ACOX2,-0.9427762954698068
RERGL,-0.6560083473403406
BHMT2,-1.1238968053532894
CXCL12,-1.663429639696818
TMEM100,-0.9522222474251429
FXYD1,0.25162224729693233
GHR,-0.32113022647526757
ECM2,-1.4477561654414388
PRELP,0.9352149350522307
LYVE1,0.04556738187354461
ADIRF,-0.9805300501342441
CFH,-1.6389337831514306
RGN,3.1081262859399073
HBB,-0.5641531854004328
CLIC2,-0.07993189928160889
LIPE,0.22825867758797408
LDHD,-0.4454555897355386
CLIC5,0.03467573501853701
OLFML1,-1.2033762024478283
PPARG,0.2691258325385248
PZP,-0.33595926866839154
ACSS3,-0.674324654967799
EMCN,-0.909549743157897
SELENOP,0.3297302295581681
C1R,-1.7065837043953132
ANGPTL1,-0.32593082105560833
FGF7,-1.9415659396953033
TOX3,0.5451982049868032
SPARCL1,-0.47692186889732346
AQP1,-1.9842158406728232
CETP,1.7553354425153729
PTGER3,0.8077984941456784
CILP,0.08812238250889995
FHL5,-0.4174689960535359
SERPING1,14.533592991649678
CCL21,-3.3820141134420894
LSP1,0.026620848828953145
ASPA,-0.949982164174176
VEGFD,-2.1500348894251324
ACKR1,-2.8510917903039212
COL14A1,-0.47857887362031903
EDNRB,1.1357553527579913
PTGDS,-0.6091836222814367
SOD3,-0.9010264031302948
ADGRF5,-1.841145385014424
LUM,-0.9049926292621248
AASS,2.8540371859886497
IL33,-2.560137322118706
PLPP3,-1.3493554463000543
COL1A2,1.8035017750338989
TPSAB1,-1.039488348391549
MFAP5,-2.221285011162848
HSPB6,-0.10490862489963866
OMD,-1.1522375478107967
MGP,-1.687835589459041
MMP7,0.05704183793176006
PLA2G2A,-0.6348266510123367
SORBS1,0.6419839216955417
SLIT3,2.287544731180152
CA4,1.648330531347336
LIAS,-0.08198730146312097
LIPT1,-1.0134350305214481
AGXT2,1.8598064469791427
DHTKD1,1.4195539543804174
TXNRD2,-0.011996098823813441
PPARD,0.8507443094380857
COQ9,-0.9690337926242898
SIRT3,-0.5610563229252437
NDUFA2,-0.16599560824738094
MFN2,0.5940528576002704
CA5B,3.24201083829222
AUH,-1.2640048614670003
NFU1,-1.43303924049281
NLN,-0.7709866542184018
TMF1,-0.6857172571846548
KGD4,-0.3721443382793255
NFS1,0.9912640357851085
USO1,0.1847226768547711
SURF6,0.05783643245717413
HNRNPUL2,0.2159467205035502
H1-0,-0.5040519390427549
SARNP,-0.37010474685882444
TOP1,-0.11739743502442895
FMR1,2.7308544668107317
PHF5A,-0.34567123107205633
FUBP3,-0.35422515336196514
UBR7,-1.1808699468696895
PRPF38A,1.7796855340354836
PSMB9,-1.050273207310851
BABAM1,0.11162756375099331
TIMM44,-1.3017260193839633
SCP2,-0.3592888901786786
PQBP1,0.5494838972880086
TIPRL,0.5887387070641834
TMED4,-1.5516789270605935
NIP7,-0.016318511614864698
SMTN,-0.8400187128753255
AGTRAP,1.2133145611663194
CPSF7,0.34488237248564374
RBM23,0.05374808552951056
DHX8,1.7567877009174369
LCMT1,2.946601187414491
SAFB,0.7003837602204174
DERL2,-1.2698437336780357
LYRM4,-1.301046543692607
HINT2,-0.35295827784890643
UBE2A,-0.026014527648585386
MRM2,0.7436795444542821
NDUFB10,0.21494446455098917
POLDIP3,1.175197141025797
NDUFAF1,-0.35118466921447944
IBA57,-1.5629542096309073
HP1BP3,-0.8246690530678571
KRR1,1.1510438103018945
UTP15,-1.1433631118322882
PSPC1,0.4277279398545258
PABPN1,2.211432644986121
STX5,0.667602718494246
TXN2,-0.8189170563132474
AP1M2,-0.014253392199147917
TAF15,1.806268240052144
AGPS,-0.20055856451428652
ITGB3BP,-0.37242774089819275
PUS1,-1.1654001159182028
ACIN1,0.8888761012712689
MTIF2,-2.4267970883678833
PUS7,-0.8472666184863388
COQ5,-0.27680960366807744
MRPL10,-0.7416898742589624
CWC22,1.7425788868126413
RTN4IP1,-1.2007229363973997
FIP1L1,-0.2143115478924145
MRPS10,-1.974994804602544
POLR2K,0.22383510494223674
PCCA,0.2377278093071553
MRRF,-0.6602146331354877
ADAR,1.987234818252529
MRPS24,-0.22261107939077707
COQ3,-0.23839896806044913
CHTOP,1.271564326976324
NOP14,0.797976891325137
SEC24A,-0.25017214450723485
MPHOSPH10,0.31848253909325447
FXN,1.4817897503234205
MMUT,-0.4674124689651881
MRPL28,-1.4727650410819582
ADRB2,-0.5771255931766462
IMP4,-0.6828391855907937
TRMT5,-0.7943327073414618
GOLGA3,0.49351708712297976
SEPTIN9,-0.9190643406811972
ERCC4,13.056692566144688
MTG1,-1.261773636027347
PRPS2,0.01376654198040911
EXOSC6,-0.2734914530324181
MTO1,-1.1211501848748735
ATPAF1,-0.519366550015962
ISCA1,-0.7874367643145481
GOLPH3,-1.4860174524371812
LSG1,0.08071939543490113
FDX1,1.0342730822560673
DUS1L,-0.22143334733945835
ECSIT,-1.0012154002817966
MTRF1L,-1.3418845646940352
ABCB7,2.5050793558980082
SMN2,0.21016002232734926
NFX1,1.3207183459810943
GTPBP8,-0.5840176367635326
ATP5F1E,0.48261921586788714
UBA5,1.7220079629663227
SEC24B,-0.41154831219328897
WARS2,1.4824248976420198
EFL1,1.8491071044808984
UTP6,-1.8260847600824075
METTL17,-1.4610628917252841
GOLGB1,-0.393650172589317
APOOL,-0.8357312824335922
ENDOG,-0.6224302003909155
EIF2S3B,-1.520891983918188
RAD1,-0.11705908830150401
MRPL27,-0.5756174020429445
PPP3R1,0.9261709653587731
MRPL43,-0.16627377526077086
METTL15,-1.3764922597738258
EMC4,-0.6156285727902974
MRPL20,-0.6715311080010622
RBM17,-0.15884558386458342
PRIM1,0.06453391117400334
TTC4,-1.2908340304658565
DARS2,2.3688995761824905
TEAD3,-0.6024329171449351
THOC7,16.64572744292939
DIS3,-0.49833842656100913
TIMM23,-0.5479229684763494
PREP,-0.1072114234474729
USP39,-0.46372931674416046
SCO1,-1.7986686145499984
YJU2,-0.06347397931957655
UTP11,0.7756026460597065
MGME1,-1.6357929145912269
MRPL36,-1.2863124984569858
FARS2,0.17454721525032102
RBM22,0.9356542200916099
SLC1A3,1.2786192928178575
GOLPH3L,-1.1200263675485436
GGPS1,-1.179471218437054
MPHOSPH6,-0.40934356978136005
PPP1R9B,1.4031212377280642
NDC1,-1.3796978384803698
DMAC2,-0.6513925356330779
HSDL2,-2.370524189215355
PPP1R2,0.3397527562316357
COA7,-1.823453183008685
ASF1B,-0.9708795847722629
LLGL1,1.0083870288862873
SFXN3,1.8421351107685857
STK26,0.8199550462480124
NUP153,-0.4446684204252386
PDSS1,-1.0810738596885023
ASNSD1,-0.9748657727226027
MRPS18A,-0.7072542678239196
PATL1,1.1272399563595297
MALSU1,-1.13113161772339
NUDT9,-0.6179507574981048
ASF1A,-0.5734401085641327
NTAQ1,-0.6480734981553803
STK3,0.4032242489839095
RBM28,1.3513171369286139
PDCL3,-1.0524225918863597
ECD,-1.2715797210362687
DGKE,0.9624081517173929
UPF3B,-0.4639918359111423
NOL11,-0.11344435764056994
SLC25A15,-0.8648247600089587
TFG,0.3801126602519279
MTRES1,-1.4957305739872895
CUEDC2,0.7924500300407238
MTG2,-1.2982756471083856
MTRF1,-0.9952921985708393
EI24,-1.5801473315663865
MRPS5,-0.5793108950947223
ERAL1,-1.3607525693064901
CCAR2,1.260542871658485
ZMYM4,0.8784416119072502
SMNDC1,1.796202849403631
ABLIM1,-0.36061317073463284
TRUB2,-0.9099729157690113
MICU1,0.5033937872456945
TFB1M,-1.0563668390689864
URI1,-0.0035415120161516587
LARP4,-0.9521765747364083
NUDT19,-1.097274794925259
LARS2,0.2055628691544365
EIF4E1B,-0.23951344955836315
ARMC1,-0.49659478240604826
ATPAF2,14.069806523836121
MRPL33,-0.7522192410482551
RPP40,-0.8289873088735186
DPH5,-0.5115943970812278
MICU2,0.499313984324981
IDI1,0.28085765667427254
GFM2,-1.6248559795847113
NSMCE4A,0.6608490104615676
SLC35B1,-1.49769715020425
LRRC47,-1.8554110305440725
ALG6,-0.2797410089983086
DPP4,1.3173568403588625
USP16,-0.15950687823827475
NDUFAF5,-0.6807711939627712
RNF14,-1.9337920048851278
MRPL32,-1.528071799661475
POP4,0.061536138421635904
VRK1,0.04721518042366318
MMAB,-0.8146926851493023
UNG,-0.1909701232104581
RNMT,0.5448716168528835
TSEN2,0.7029332230748302
NDUFAF7,-1.4534282087628878
ATXN2L,3.137646957673066
PCID2,0.39344006067843684
ENSA,1.7593629608587842
NOL7,0.8315385645564498
MRPS26,-1.213071692290795
RRP1B,0.07773519822005676
KBTBD2,-1.0837724379420235
WTAP,-0.4285378560815028
DES,-1.2905356058853545
SUGP1,19.493168205114625
UQCC1,-0.7808204175409951
LYRM7,0.1533876950030211
CUTC,-1.1246090092504524
GPATCH4,-0.6661919224572094
NAP1L2,-0.4330278960939129
PDCD2,0.11313666164689894
ESRRA,-0.0892162819372112
GATB,-0.20294902570417395
CHCHD4,-1.7351195941937667
GINS4,0.6180909805659139
POP1,0.43799127386997183
NDUFAF2,-1.0590983026791283
POLA1,0.7649758113314439
YTHDF1,-0.6863050896352287
TRIAP1,-0.6186890012583878
ORC5,-1.2213037750764013
DNLZ,-0.17365193529768133
TBCE,-0.8090374385369428
COMMD3,-1.3515294235595396
DHX36,1.5201526900909221
PDSS2,0.5005208454864494
GMNN,-0.9016118186056135
WASHC5,0.1266726311848624
COA6,-1.5105394119145352
CHAF1A,1.4270930337627994
UBQLN2,0.8481519393825189
UGGT2,1.3528643047808107
EMC7,-1.2150461688241168
THOC6,2.3362234467598033
MRPL35,-1.662592173783265
TNRC6A,1.6825903587249973
ACBD3,-1.8529526089931931
SURF2,-0.6196093493530803
NSDHL,-0.90023544674358
MICOS10,-0.5462659647866902
MYCBP,-0.6873530476335015
NBN,-0.08457004957154567
UBAC1,0.7484172572018867
NDUFA3,0.46424719768161254
CTCF,0.4831115203703553
TWF1,-1.3722209738933873
ELP2,-1.2901701141177642
PPM1A,0.9123279272229472
SGF29,1.6466380309069173
RPL7L1,-1.9321367364696282
PPP1R11,-0.09783577610757441
ATXN2,0.7359724562900399
USP19,-0.38441883539857297
CNTRL,-0.12179408826949029
NIPSNAP1,0.7406909676619603
TACO1,-1.4051350060401187
FASTKD3,-0.6284070562500269
MTERF3,-1.912067750668357
EMC8,-1.5834656368218278
NGRN,1.3956834583724063
TRIM3,-0.1253764039811957
TRIM2,0.29941356625254173
DIABLO,0.05485174368703822
IFRD2,-1.427430062654197
WBP11,-0.3427122222781273
FASTKD2,-0.887164194679927
MIEF1,-0.4912672806140448
BRCC3,-0.9202217531594213
AGK,0.24563377168910958
TRMT61B,-0.1814835890733156
MRPS30,-1.312076728579981
TTC19,0.032918328011150376
CPT1B,-0.46205164747909655
DUSP29,1.3614071864498312
CRABP2,-0.5804719270008986
TXNRD3,-0.031085008030298424
CA5A,2.2856930690792905
CENPV,1.470918600405414
TRIM63,0.05735727523784345
H6PD,1.2863337325066928
PTS,-0.9490176380104762
EHHADH,-0.5949469882876455
ABHD6,0.5504095014321293
FOXD4,-0.5560609720970675
FCER1A,-3.8131249688519295
ABCB10,-0.8738090030577456
HECTD1,-0.8635945270441127
CLASRP,0.8458897901701554
ARL2BP,-1.1205516128052826
H4C15,-1.2351225196154723
H4C1,2.331272865585081
H4C13,-1.3733345103110206
H4C5,-1.330764315562009
H4C16,-1.3620279261778618
H4C11,-0.9217703649530001
H4C9,-1.3216445560503047
H4C12,-1.294359115862783
H4C6,0.6129615028664386
H4C2,-0.7822046908633591
H4C4,-1.2369920042653895
H4C3,-1.4478932292785711
GID4,9.221039553300317
DNAJC19,17.111798342671786
WRAP73,1.0675372229240767
PLPBP,0.466730762506836
CKMT1B,-0.0720710054479332
ADI1,-0.7015904925515718
IVD,-1.9266951618306798
ATP5MGL,0.9835720017399106
NDUFAF6,1.3600671570139353
LACTB2,-1.0993221309288999
SEC61A2,-0.5996947071340472
CLYBL,-0.18129870232265738
HSPA1A,-0.9554486057399721
DYNLL2,-0.1759881162171182
SBDS,-0.4014258672040097
DHX37,0.09143500485275749
CDK20,-0.2970721869637555
GTF2B,-1.3678920961369412
TNIP2,-0.2822506150800576
RWDD1,-1.3040545272662323
NDUFC2-KCTD14,2.1603984646557803
L2HGDH,-1.8685452145484822
ARMT1,-0.9975623573071994
AKTIP,-1.2363098007870628
CAB39,-0.8635577629839235
PRIM2,-0.5625190110648046
BRF2,-0.1818867139091801
SACM1L,-1.211683934872568
CRNKL1,0.5953596499551436
ACTR6,-0.3924147191512419
DNAJC15,-0.22745551653608048
KYAT1,0.8436152795392188
SEC11A,25.899027438566282
RNF7,-1.5038440074836728
RPL10L,0.1387723987828064
FDX2,0.6653308957446156
COMMD1,-0.9301431024789901
PICK1,0.5566793211564427
CUL4A,-0.5344787125797534
CHMP5,0.6531146389218907
MAPK9,0.218022531462956
RANGRF,-0.06674091819322947
COX11,-1.0511311925260507
MBOAT1,1.3548493219918487
TRAPPC3,-1.4886149793929573
NUBP1,-0.39723166027448786
PPWD1,-0.25439740760368207
TIMM17B,-0.5423114821098995
TIMM22,-1.228134424706768
C1D,-0.7803646835838433
RHOT1,-1.7081787996191686
DDX52,0.5137913363695535
TRMT11,-1.268149676123852
MLYCD,-1.1683262471258367
ETHE1,-1.7661904357578317
DBR1,0.4803580248729454
MTX1,-0.35082578824137434
SIRT5,-0.9038372936811736
ALG5,-0.5998346495435668
HIKESHI,-0.35159428392065795
SRRM2,1.6787834167343434
KDSR,-2.162909317672761
COMMD10,-0.18333544467678087
COA5,1.2632973438604143
SKIC3,0.10809383524978924
ABHD11,-0.4785726398898942
FLAD1,-0.49314040313630375
TDP2,-0.9832750154709415
CIAO2A,1.1556179988749964
YIPF1,-0.8766134879698799
VPS29,-0.007884320941947982
PPOX,1.8399553599728866
SDHAF3,-0.4800392748927278
PCNP,-0.09990664584043317
AIFM2,0.3290269864833832
CDC73,-1.2128093457363394
PRORP,-0.42486235281143797
PAFAH1B2,-0.11794841887434583
GTF2E1,-0.3313311643443739
NAA38,0.3431914900921688
COMMD8,-0.800192539128323
LCLAT1,0.8456032070055365
ELOVL6,0.7899606763349178
ARIH1,2.4497267155889872
UTP14C,1.5655129645475283
DDX27,-0.7071849299881109
CRIPT,0.7350644202189809
AP3M1,0.16337944305234528
WDR76,-0.24176048753744192
STAMBP,-0.7119893862280668
ANAPC10,-0.8176019095289683
ABHD14A-ACY1,0.2706858451056338
MED7,0.826964706789433
SEC22B,0.9455188318339806
C9orf78,1.447006894746551
TOMM7,-0.44914185841541565
NCOA4,2.2646832275777404
RPF1,-1.2484549180567333
PHYKPL,1.4731545920761293
SCP2D1,-0.848621624495803
LARP7,-1.520549125057926
NADK2,-1.1087920892820766
PEX3,-1.7252884267352904
SMARCA1,1.5155902283957605
GMPR,-1.553513147566881
MICOS13,0.4211080074105693
TM9SF2,-1.1371449970369927
MYL12B,0.3966266445282229
MRPL53,-0.00894979837058704
DHDH,-1.174435300699207
RBM8A,0.4676840345504914
MOCS2,-2.052675118574161
FABP3,-1.6258389502254447
SDHAF2,-0.49522791561099344
TIMMDC1,-0.8294035325297845
MSMO1,-0.6688589893583805
FMC1,-0.6949241263721883
DGUOK,0.5210833692588354
CCNH,-0.6456033712338389
POLE3,0.34966296045106643
CHPT1,0.3114792270291322
ANKRD46,-1.081603925868816
PEX2,0.23861925244386367
MED4,0.0013804220212741698
PGRMC2,-2.8327944163674856
PRELID3B,0.4073031992941781
PPCS,-0.31603390236080564
EMC6,-0.5162150156347787
CRBN,1.16991460003322
SMAP1,0.016732135385584775
TXNL4A,-0.38148107407791965
NDUFA1,0.8217820731580672
NDUFA11,1.1233224710729557
SRBD1,0.6880572298852565
SLC25A46,-1.752316136051345
HSCB,-1.6410995654584808
OXCT2,-0.8535554356136046
MRPS18C,-0.9487221776143611
PEX11B,-2.1544733404285776
SLC9A6,0.5019517512496113
METTL9,0.12549775041779357
ATP5MJ,0.4961486648168162
NEMF,0.9579963407585691
SLC25A16,0.41482861532063825
UBA3,-0.893250825612689
CZIB,-0.7520637360488308
CARS2,-1.0223173019442438
TSG101,-1.2410623283951707
ASCC1,0.5936898794032803
SUOX,-1.1165587718978869
UBE2G1,-2.109760302364327
TMEM50A,-1.2182512648351171
SNRNP27,-1.1686955720954009
SIRT4,-0.6997227269600301
DCTN6,-0.2828274294260027
CNDP1,0.6486232124189476
MRPL50,1.2612270418778675
RABEPK,-0.5326654882188134
GINS1,-0.8538859916133694
SEPHS2,0.33562757695901657
WASHC3,-0.4646204040060922
BECN1,-1.5623496106619326
MOCS3,-0.8168850091330978
CETN2,-1.1146075641390805
EBAG9,-0.2421905215279673
MMAA,-0.6591002530796731
TMEM41B,0.7750331112263947
PTGES3L,0.1814640053369795
STX7,0.4474062250611332
CNPY2,-1.1360604972066595
KCTD10,-0.19265508622283328
RCHY1,2.5805545167753436
TMEM50B,0.8661815900071776
RPUSD4,-0.47774384181345764
TMEM70,-0.3365817640624585
MRE11,-0.3618668915917486
GPR89B,0.7625878885498479
ATP5MC2,-0.03423888870375292
UFL1,-1.2771213682883766
ACOX3,0.4912749202425732
ARPP19,0.0169499915943529
RBM7,0.12740261759953248
KLHL8,1.261389294685073
ABHD5,-0.9061505530780469
MRPL34,-1.2429955791028253
GEMIN6,-0.3225705248141974
PRODH,2.225895589459427
KCTD12,1.8965249188485853
YEATS4,0.43374531825973467
MFSD1,0.4776337257764031
OSBPL9,2.186674921074803
PPP1R8,-0.07920985386990492
ATG7,2.384116511903958
CBX1,1.2235861527845293
TPK1,-0.7608587892994544
SCAF8,1.048439140408846
RPL22L1,1.2011581160793798
ZRANB2,-0.126556323581881
ATP1A4,-0.5208794391330005
SLC25A32,-1.5306263658959245
DIS3L,0.811223432066039
SLC25A17,-1.538948714032487
ERI3,-0.7540611363954651
ABT1,-1.694592313071994
MOB4,14.363610471543357
H1-5,-0.5613665962204585
MRPL41,-0.10568234340861297
PXMP2,-0.9757071357946625
METTL5,-1.3579579905306696
SLC33A1,-0.9209373149549478
ITFG1,0.047565756519387804
H1-2,-1.2193375602240184
SLC25A13,-0.20219257402667742
EIPR1,-0.11946209153443377
COMMD9,-1.134438320151959
ERLIN1,0.26834322303682023
NSUN4,0.8268799692271837
PIGN,-0.5846232007851123
ACYP1,0.19353650168400724
TRAPPC11,0.05873810371984297
SH3GL2,0.9123235969871564
ANKRD17,-0.11414873617971079
RPRD1A,0.6693813485777543
PTBP2,0.7614436962531055
USP1,0.1470947687982668
SMU1,0.4368136034997202
CIAO2B,0.7886414981592382
EXTL2,2.1032545130894675
NIT1,0.11900584450900473
RPL39L,-0.5998458635591444
LACTB,-1.1664491102202423
SLC4A1AP,0.12364679615874032
SLC25A28,0.9225115025379481
COX16,-1.406887882686417
NPC2,-1.0514658984139627
AASDH,-0.9639933783276703
TIAL1,0.6907117661946445
RPUSD3,-0.5715134126430896
COA4,-0.8045875243351553
LIPA,1.5346717015114322
SLC25A24,-1.3241121850237763
TM2D1,0.2169529318775983
UBLCP1,-1.0097843388617642
VAMP7,0.041650319112175996
UFSP2,-0.7079806600235871
LUC7L2,2.390645333588183
AP1S2,0.992058139662372
NIPSNAP3A,-0.2789984499888904
SEC11C,2.5036174576076298
FKBP5,-0.232055713913331
PAXBP1,1.116846634026471
MTCH1,-1.7128061105499073
DCTN3,-0.9809205392799214
IBTK,-0.08933432595150985
ACTR10,-0.6949601491214696
NELFCD,-0.9345879070339301
BAG1,1.0263369784853567
BET1,-1.7240689916202654
ICMT,-0.3679573753781211
TUBGCP3,-0.15968281828357928
HCFC1,1.4811318367411774
MAGEF1,0.322773787217169
GTF3C5,1.7144858207641056
ECHDC1,-1.4711491955218332
THEM4,1.0625472953299666
SMARCC2,2.371533783327379
RAMAC,0.056785429138522844
RBM4,0.1364131248103963
MPV17,1.9471464138162033
JTB,-0.45715241662733336
ZCRB1,-0.9673016845095368
SYNE2,-0.3349800961084258
COQ10A,1.5645204388137064
PLPP5,2.435742656012871
AGO3,0.3027106945990274
DPF2,1.0243898991552758
KCTD9,-0.2519580444294204
MED21,-0.8240371947777184
BPTF,3.048277184751913
MRPL30,-1.3048092649954124
MRS2,-0.0027067301326671295
GTF2H5,-0.689335660187954
CASC3,1.5655671136818883
BPHL,-0.6991446145339704
NFYB,0.6394660001904057
SPAG7,-0.1917509359856525
QPCTL,0.9930654423357038
WDR45B,0.6169506047159736
HOOK2,0.9026779386845941
ELOVL5,2.424233000337355
SLC25A19,-1.0382328531996146
MTA2,1.4110065824419644
TMLHE,-0.6978058625554618
ACSBG1,0.44535721189765
FIGNL1,-0.640332208039469
NRDC,0.10738137652955007
ASCC3,0.9410900118313402
ANGEL2,-0.10763733773634025
PBDC1,-0.7185312754839727
ACYP2,-1.056664093916198
SNRNP70,1.4165622316528343
TBCCD1,-1.0529309404789668
TRNAU1AP,-1.305766097646552
TIMM23B,-1.4451904296718197
APEX2,-0.6813992599758629
HYKK,7.692249460427395
DMGDH,1.1417116355604122
THG1L,-0.6566111915137697
TMEM258,-1.227787211962622
SHLD2,-0.5616364934351051
ABTB1,0.0027516805648157222
SPRYD4,-0.4032063914149675
TEFM,-1.10646754438123
SC5D,-1.4224895636478558
GNPAT,-0.9362054696945481
NDUFB1,1.3792979301467498
DNAJB6,-0.5133672808119615
XRCC1,1.8694906462516294
MTHFS,3.040119114096099
LEPROTL1,1.8804843835373297
MTHFD2L,0.27074179640058493
COQ4,1.052661724107077
C2CD5,1.076759401428333
DYNLT1,-0.00696324327473091
LRRC40,-0.7444415018628914
ZNF330,0.7751217932676989
TMX2,12.581061680440872
UQCR11,1.1678236207660642
PARL,0.31909387480064416
MTFR1,-1.2357368313477843
UQCC2,0.11494155591605011
ZMYND11,0.5226740737257267
H1-1,0.1784700075402832
RWDD2B,3.0627203633127023
KCTD13,11.816695403742685
KCTD6,0.9503010576152823
NME7,-0.4024746204784182
BANP,0.1083490684799332
PUDP,0.4850477024433946
AMZ2,-0.8692641001983062
SPCS1,-0.6660228934533666
ANKRD55,0.8250506495735038
RNGTT,1.520960668243297
AHCYL2,-1.726774230505355
FAR1,-0.6478890952090272
ANLN,-0.9113494938559367
TMCO1,-0.8303443452266179
KIF14,0.14161625631256441
MKKS,-1.2873679621056497
BTBD8,-0.3745718765925332
TOMM5,-1.073958835770223
CHMP2B,0.5180295851997571
FOXRED1,0.14880568865375807
ARMCX3,-1.185422124506039
COA3,-0.16921339758314424
UNC50,-0.21775996197124006
PEX7,-1.2694029553430801
PDF,-1.1077979330260412
SURF1,-1.488396964882572
THYN1,-0.16849924493588683
THNSL1,-1.032415213648899
MTNAP1,-0.48212899455665853
PRKAB2,3.6856426634999533
ANKRD34C,2.425918978599437
SLC35A1,-1.297318232314194
AP5M1,-0.48508334246893986
SNUPN,-0.6471114226202914
RMDN1,-0.9613409632173799
TTC34,2.0764876189181996
ZNF782,-0.9081014794035259
TMEM59,-1.445420443282062
MAP1LC3B,-1.0559485823323531
TMEM126A,0.4464147202356581
LGALS9,0.2755698100179123
FBXO22,-0.4339180056538818
HDHD2,0.15585569416239403
TCEAL4,0.8228619989588175
VARS2,-1.471446000404795
MYL1,-0.14337042674549755
ZCCHC10,1.6441899946264038
SIRT1,-0.4303763827729087
TSEN15,1.4303221669046953
BCDIN3D,0.941174230169366
PHYH,-1.228993946878725
ATAD3C,-0.7759275353078194
CCDC90B,-0.6105771726370203
TUBA4B,-1.2173182975442076
GABARAP,2.112024297603859
GRB7,1.1483230388898051
GH1,-1.902390578946144
EIF3CL,-1.3183151150958397
CAAP1,-0.7204476807050716
ADD3,-0.38755965897819755
DHX29,2.0126663321135485
RTCA,-1.3186623344141806
PREPL,0.43102872597692754
DMAC1,0.33383083661111274
CHCHD10,1.0912891436182617
NUBPL,-0.8483220096633076
COX19,-0.8461245972559136
COX8C,1.3956031580669315
TMEM126B,-0.7291155768262091
COX18,0.044770865489565874
COX7A1,-0.25949681665367946
COX6A2,3.1138874085534844
COX7B2,1.024431359997524
COX6B2,0.1929473234788266
COX14,-0.594430125079996
UQCC3,-0.029560189846274253
RMND1,-1.2277740522542686
NDUFA4L2,10.846654432597225
NDUFAF8,-1.19691884500583
SLC25A51,-1.3015369573843265
GTPBP10,-0.13584196436032267
TMEM186,0.1745943288887421
COQ7,-0.002089458929349848
MTFMT,2.8289932602906385
COA1,0.48906257894644345
PET100,-0.9456240405854934
UQCRHL,3.9524429112097477
MARS2,13.76366449979375
HRAS,0.6206708874676451
PDE12,-1.0722285395830704
SDHAF1,-0.5522190479445491
TWNK,1.045080899949086
GADD45GIP1,0.16014995767623877
NOA1,-0.9559720706851721
COQ10B,13.855727669669465
COX20,0.0090180297126085
HIGD2A,-0.5140380886969965
MTIF3,1.4472177767478438
COQ6,-0.4150838945246248
MRPL55,0.02511505224107107
CHCHD1,0.22352962588629616
CMC1,-1.32091476696497
TMEM242,-0.4508354543642345
ATP23,0.12342922317516271
RCC1L,-1.4021210625754144
SLC25A26,0.4383223525044978
GATC,-1.0203378000679932
GLIPR1L2,1.367460918741243
CHCHD6,-1.0625880266218428
SDHAF4,-0.842946808261688
MRPL54,0.30238002118931523
CKMT2,-1.31097098839033
MRPL47,-1.0006158085994379
TIMM10B,-0.767967848787305
MRPL52,-0.3286821363537887
HTRA2,-0.9801991228143916
TMEM177,-0.6820868392023706
JOSD2,1.0211930644327676
NME6,-0.6734451282026868
PLGRKT,2.2380070122030755
PINK1,0.17784933936917552
SNCA,1.313549553657955
TIMM8A,-0.6731322802693318
ROMO1,0.4987394330585705
PAM16,-0.35993751421727327
ATP5MK,1.1643582110819661
SPCS2,-1.212343682731585
IMMP2L,12.815354431117505
DCTN5,-1.1080380436491926
MTX3,-1.168711968769256
CISD2,1.5876751423691484
TMEM14C,0.6672533409730201
SMDT1,9.566181247592887
CAMK2B,4.2411559357436035
CAMK2D,1.5448295516638748
ASAH1,-0.6905483516532778
ATOX1,-1.0166933316859648
MAGOH,1.4243711344860122
IMMP1L,-0.7393638228023571
SPCS3,-1.154546058686862
MTARC2,-0.24256619371589877
SUPT4H1,-0.6721546135258583
ARL2,-0.5257878536437155
MCU,0.11048670820960288
GATM,1.0214281911204517
LSM8,0.9433457470990511
MRPL57,-0.7895187680288159
SDF2,-1.5929123469283046
NSFL1C,-1.0205360839609172
ABRACL,-0.18084365337948005
COA8,0.8749764604484745
PTPN1,-0.29120632604884056
GFER,-1.8010676361897973
DNAJC2,0.0599300364294471
BOLA1,-0.7087162638526134
CCDC51,-1.665881742182698
TIMM29,0.8261889952686876
FAM50A,-0.21220108999806556
PTPMT1,0.10939692097504689
FUNDC2,0.09725331506372767
ZMAT2,0.5818093139392897
OCIAD1,-1.2246953692113607
BLOC1S1,-0.26794204159692653
EED,-0.4829869025477757
SLC25A25,1.462924171557625
LLPH,-0.45487215021413385
TMEM14B,0.6298924229365754
ARL3,-0.27297419855729255
OAZ1,-0.5174710982870342
CISD3,-1.2117950553629648
DNAJC30,1.1282820293752454
GPR89A,0.3051768240509304
ELOF1,-0.74100715333594
NOL10,-1.3628112351709105
USE1,0.5231004535776452
TMEM11,-0.2579011812753513
TMEM205,-1.021986677859236
ORMDL2,-0.8404817061025104
COTL1,-2.0150305409296414
NUDT8,-1.086469573837379
CLASP1,0.07033487853809559
TOMM6,-1.1324395329396069
CNIH4,0.5396122273335283
TMBIM6,-0.5352175143622393
DMAC2L,0.7306301501288469
TOR1A,-0.5875977930780418
HABP4,1.1249312319296447
OSTC,-0.2887163769618739
TBC1D4,-0.6389682979561937
SLC25A22,-1.1205398225574346
PHPT1,0.10710458321592134
LRPAP1,-0.3170892397958654
RRP36,-0.8887071266204564
ATXN3,0.31008208813137683
GID8,2.303332975123273
RPP21,-1.002337168758986
BOLA2,1.1308979313124696
ALKBH7,0.3487870387025266
EIF4G3,0.5740343856448547
TMEM256,-0.10088211607988401
UXT,-0.36775033632215687
STARD7,-0.526172343011981
ERCC1,-0.29958776467453396
WDR75,-0.004548164466912399
TANGO2,0.5526034410217687
TMEM199,-0.9797491909007864
TMEM208,0.19049042677400113
RALGAPB,2.152871129460573
PSMG3,-0.6251272100385975
SLC25A23,2.24126113891326
NOP53,2.1782402409994974
EMC9,-1.1824238177023019
KLC3,0.8814938614044503
MFAP1,1.1829155391133894
OMA1,-0.48782656362894944
SIGMAR1,-0.016732522950195023
ABCD1,0.6996645012005412
STRN3,-0.2775924817963026
DNA2,-0.5860155171154187
NOB1,-0.5241010667903007
GET1,0.10368571413365234
RAB4A,0.2888656379645733
OSTF1,1.0759252309962573
GOSR1,0.11642707305332406
CNTROB,-0.44339458855633135
TM9SF3,0.027858195872211413
VTI1B,-1.6554459143685727
EIF4ENIF1,0.6490516617970536
WDR83OS,-1.2143548187748525
SNAP29,0.46547171879407184
TAF12,-0.7971024572860879
GYG1,-0.35238671145304756
SFXN4,0.4632959112741066
NGDN,-0.11339615177155023
JAGN1,1.873757879022006
TMEM14A,-0.4073332400933948
KLC2,-0.34490689177803646
HYPK,-0.71349296057755
CHDH,-1.4904068285523024
BAZ1A,1.9818379338129681
MCUB,1.4884884966332481
C1orf50,0.04039953387069267
MED6,-0.48254135755040656
WDR89,-0.22272926806080795
USP30,2.5648866724599695
DPCD,0.38757052539494047
BCL2L13,1.4859711536049236
ANKEF1,-0.4619727168641041
WRAP53,0.3519790299942908
RRP7A,1.9387980286651403
SELENOW,-0.33473203141793606
SNAPIN,-0.6703677796407421
NMT2,2.4585842223908623
DUS4L,-0.5104867369732413
RNF121,-0.9722050577519641
TMED3,-2.041236127519621
UTP23,-1.0370727952734458
LIN7C,-0.17809100687496998
KLC4,-1.4432547132871214
CSTF2,2.5609897811507425
ZSWIM7,0.8533447213186299
ACBD5,2.169392397854231
UXS1,0.5718756663589113
UBXN4,-0.8775662294301506
ZNHIT1,-0.32733059377148216
ANAPC11,-0.6936976125945096
SLC30A6,-0.6631454233391397
NIPA2,2.0805373186509377
MGLL,0.025142983769496533
PPCDC,0.24127015124402273
DPM3,-1.0532359835296987
NUDT6,0.8210957209004092
DEF8,-0.2895611027433035
SLC27A4,-0.7999650143945244
ANKRD26,-0.29497663146736147
KIAA2013,-0.13581736210008963
MESD,-0.05465359080812052
SPG21,0.8319737929742901
CIB1,-0.899084789202167
UBTF,4.9974732168573555
TMED7,0.20577015722782235
SYS1,-0.3930485284564973
LNPK,-0.21160851551965962
CMC4,-0.39644657938915195
RNF113A,-0.8098537275307883
PIGF,-0.15798989541088498
SUPT6H,1.4915347335996418
GATAD1,2.393463121511771
C15orf48,2.519711280179761
RBM27,0.49370266837800425
SPIRE1,0.036684119712546856
MED11,-0.8568024985248963
WDR55,0.4435334382424363
BAD,0.22517527111098412
CNOT9,0.9084129639961444
GTF2H3,-0.5543224743320987
ZNRD2,-0.11777882342591117
KMO,-0.4541798622007248
JPT1,0.017967387136143632
ANKRA2,1.6800044361302076
SDAD1,3.2221625553776687
BLOC1S2,-1.2660432899300746
ND1,0.4866109397469939
ND2,0.7124803758548665
ND4,-0.017549709522305716
ND3,2.053826871664523
ND4L,0.32821943337277093
ND6,2.0127419617686644
C1orf198,-0.3856620177046642
GGNBP2,-0.24921909072010667
GATAD2B,2.2198618383224313
MEA1,0.43546185848059693
PTCD1,-0.6264847920746751
VWA8,-0.5982309939290907
EME1,0.08915656561885679
ASTE1,0.5971356545141498
GON4L,1.9481646005886017
WAPL,1.466429451614685
ZNF318,0.8186173192167815
HMG20A,2.21490158016829
CRACD,2.093814344719255
GPRASP2,0.8112488425516333
MBD1,0.4693899479637271
SHROOM3,0.6646168585461726
FNBP4,0.5986966644375011
RIPK4,-0.44541921413828456
TRIM55,0.013744683155122154
RFXANK,-0.3047657488402702
USP36,0.8677473809136435
ARMCX5,0.44674159306816613
CRACDL,1.3581500887533835
CEP83,-0.7343044131890081
RAB11FIP1,2.8886911319290127
ANKRD11,1.0765951239363918
SPTY2D1,1.400713685705801
LENG8,1.3404670390321345
TMEM160,0.9398728075395977
PNISR,0.704233075181981
PNKD,2.091832411416317
MPHOSPH8,0.3548422825023148
UACA,1.606101729687414
TANC1,1.8163766937518642
RAI14,-1.911335952074126
BCOR,0.8084536307567407
PPP1R12B,-0.29091860383597057
KANK2,0.6268228063069138
TMEM230,-1.2400777957177003
ATM,0.39374461204778044
OPTN,-0.33870560045477316
SCAF11,-0.49267106425206
TERF2IP,0.11440939935934845
RBM33,0.6252835323822922
CDKN2AIP,1.5159117523560042
SUPT20H,1.72338074005146
C6orf132,1.4049800210421584
CEP170B,2.421375560341175
TRAPPC2L,0.6677198356480365
APTX,-0.025634359364983497
DENND1A,0.5610706574497883
MED1,1.6803127779232137
FADD,0.5239630733693965
ARV1,1.01635857022343
ZC3H7A,0.28763978835289805
TMEM203,0.0593954280610327
REXO4,-0.10300285750054929
PARP2,-1.479115997115049
TRIM32,-0.22003217764692123
CSTF1,-0.07201237747142235
AKAP1,0.3426747485854478
INTS8,-0.2932382044398249
TRIP4,-0.3806480828254806
PET117,-0.9764136435616402
MIEN1,0.6258769281753938
LCN2,-1.0852507695419384
ANTKMT,0.14718349741138612
OST4,-1.6272336781437016
REX1BD,0.16608024791293557
SMIM7,1.4634525626279895
POLE4,0.3004764383375407
LYRM2,-0.5194274776631915
SLC18A2,0.7010141056428483
IL4I1,-1.2792320055114805
DDC,1.08970343933748
SLC6A3,3.2378628921305768
TPH2,0.7318551286638825
SLC18A1,0.47713834366333496
LRTOMT,-0.8762538596056577
TPH1,1.1605654463768846
AOC2,-0.6470128143590873
DRD1,2.9955749592731538
PYROXD2,1.3135987096861426
SMOX,-0.40776255038492193
PAOX,-0.8551469478269986
TH,0.9656258789769705
HTR2A,3.3224228077427083
AOC1,-0.5904186527228474
CRH,0.24541752209423795
SLC22A2,-0.19088995150311436
HTR1B,1.6452194064040893
DRD3,2.701871511011414
HTR1A,3.4848748844292583
DBH,1.7478286316480471
SLC6A2,1.4855969074105768
PPP1R1B,2.3774711067302126
BDNF,0.6773176596109631
CNR1,2.2369919053715996
CRHR1,2.1726374259713004
DRD5,1.9912081587880286
CARNS1,0.5722699162474182
PNMT,1.0647051794024254
HTR2C,3.6268991457179784
OXTR,0.8444759760853883
ASMT,1.3302630570145
HTR3A,2.283678848898905
FOSB,0.9997582219033151
HTR3E,0.2182188000372016
HTR4,1.02713908927979
DAO,2.662775864672021
SLC22A1,-0.7448799875487986
GABRA4,4.048890912313853
GABRA6,3.2860620829340625
GRIN2B,5.5536648905119685
GAD1,3.9879386432089734
GAD2,3.7141815348242146
SLC5A7,1.544983136547616
GABRQ,3.272093871259676
GABRB2,3.8312377595007625
GRIN1,3.7030414615020364
PER3,1.4412233628371334
PER2,-1.2294827743595524
GABRD,3.0862549914159985
NPY,1.925496850992485
DAOA,2.1904834448560253
P2RX7,0.42114944035954566
HTR2B,0.4504023227497744
APBB1,0.4359135522557948
HTR3D,0.40028723243779574
RGS4,2.854148499553964
PTGS1,0.13859170315231764
FAAH,0.2302617038294327
GABRA1,3.766373755338897
ZNF674,-1.9515743823210068
ADRA2A,0.7650565711662547
PDYN,1.6497067493026818
POMC,0.004116686943569331
GRIK3,4.646815631505962
GABRA5,3.405449278848242
HTR1E,1.0473297123612253
FUNDC1,0.12201233274708731
SLC11A2,1.0071272142975498
RETSAT,-1.3000993095163815
MFN1,0.5288520519400927
NTRK2,2.2040361841835825
PPARGC1A,0.595813345414444
PCDH9,2.662778684036052
SLC1A2,3.4374565050815744
PIR,-0.8533057802029308
ATP4A,0.23830824118119065
SYP,1.0470664494840387
CYP19A1,1.4971901723865466
KLF9,-0.016948464441029428
TSPAN7,0.5896375318888121
MPO,-1.5183708419141975
ALPP,-1.4576726341637671
PTGR1,-1.5737975568765792
SLC7A8,-1.2581709116930684
SLC17A7,3.6594805994834263
NUDCD3,-0.38083467282273853
DDAH1,-0.6692107595218533
L1CAM,1.2786199309545032
CA12,0.8623418522711344
ANK3,3.6744434627283313
RNF180,0.11383609823364474
SCNN1A,0.3688938919345633
SV2A,1.3854591857994507
FKBPL,-1.0967314187979442
YIPF6,-0.8840242222055128
MAP3K5,1.8145409175900218
FZD4,-1.4100734943234703
PLAAT3,-0.5626353704157792
HTATIP2,-0.6450235546161608
CAPN6,-0.2513932514021099
CALCOCO1,1.606039506833137
SLC35G2,8.535272528822997
BCHE,1.0839327585631153
FGF14,2.362712341944376
TM4SF18,-1.1705928896161462
GPR173,-0.5239031035390335
ASB14,0.376492955224643
CYP46A1,1.0634244414601928
CD226,-1.4589374994299087
SCRN3,-0.7842308434948592
KCNK1,2.809050340167376
RHBDD2,-0.45326234816304994
CHAT,1.440235649926095
SYNGR1,1.8133914817009102
CYP4X1,0.4042896738499804
CNR2,-0.7966812156557602
GABRA3,3.9213460266518463
TACR1,0.7807679954516191
GLE1,0.4785035899493036
ATP2B2,2.7830133249605007
CYP39A1,-0.4106667584951866
ENPEP,-0.9962557883663694
KLF11,-1.1572535417190082
SH3GLB1,-1.0554427738254668
CASP6,2.554304984359571
NUP58,-0.27413165365782427
P2RY2,-0.7288102997098834
PON2,2.3754868099924975
CYP4F11,1.089611046607254
REEP1,1.0619301373414183
CA3,2.3650734527089887
CYP2U1,0.35712421383098186
FBXL4,-1.1876716039371207
TMEM176B,-0.21598392244375297
TRIM14,-1.9812481328676326
ANPEP,2.19629960210753
ACTN2,1.9300105682821018
AGT,-0.44808769425390266
PACRG,-1.1445087337040176
AR,0.5678587256927512
CP,-0.27481652801961004
ABCC4,-0.548651311967423
ENPP2,1.017169242578424
SELE,-0.21190204074790597
SGCD,-0.6762437940417974
TRIM54,-1.4589427160913662
HSPB2,-0.7678769537821126
SLC47A1,-0.3346285238425301
AGTR1,0.6575757588993527
SYN2,3.9323517809119535
CX3CL1,-1.9561309138329117
CALB2,15.667211938084177
HSD17B6,-0.8857983972648502
TF,0.9361336056924312
ADCY2,2.4064116013015906
STAC,1.4288665282598443
RGS5,-0.4140541409469434
CHL1,0.746981344042394
HLF,-0.027225317924060206
SLC4A4,0.7786949572715521
XYLT1,1.967480887473172
IL36G,-2.9920581747917105
NR1H4,-0.39662538751397564
CPA4,-1.7905857643671446
SDR9C7,-1.5570127318998537
SERPINB13,-2.251765496739878
ABCA9,0.34348925977919814
ALOX12B,-1.9849444788648718
SERPINB2,0.09312501419554604
CDSN,-0.4720074512291404
TGM3,-2.7413342320462872
FNDC5,-1.361770593339193
LGALS7B,0.12130767508198331
ITLN1,-0.7641697677700082
POF1B,1.1995888141930096
KPRP,-3.1623348306672887
GUCA2B,-1.6949406597895462
MUC13,-1.709131137955147
CYP17A1,12.376438012789468
KCNJ6,2.9156642081463295
HEPACAM2,-0.09982706004384151
DEFA5,-0.7178518841543048
REG3A,-1.705498481432809
SLCO2A1,-2.117355091764637
CWH43,-1.5672867353345694
SLC22A3,-1.4340430237250332
XPNPEP2,2.337561108166365
MAN1C1,-0.14207634913953196
PPP1R1A,1.3131857733691044
TMPRSS2,0.7195526002489147
C1QC,-1.9788720141651606
C1QB,-2.0600968979626955
C2,-1.917557017666853
C4A,-0.6877239720745029
C9,-0.30170149804376917
C8B,-0.252582192229648
C8G,0.2425674284597752
MASP1,-0.7383595390709945
MASP2,-0.2071690661234978
C5,-0.27884511736634454
C4B,-0.21483039801633055
MBL2,-0.9024141393742098
CFB,-0.7821824420855209
C3,0.17623088863550604
C4BPA,0.2690572563765586
C4BPB,-0.39171669074804283
CFI,-0.6014932229930483
FCN1,-0.7138687803149656
TYROBP,-0.9591683287166668
CRP,-1.2496246096575268
FCN2,0.07828590482999642
C3AR1,-3.031405625200208
FCN3,-0.7372573828043381
CD163,-2.402889522298375
AIF1,-1.0922883894059958
CD68,-3.11662450371531
CR1,-1.5370213388511131
CFHR1,-0.2531960988609805
CFHR2,-0.16277611056356367
CD5L,-0.8449478150395229
FCGR1A,-3.2784189062753777
CFP,-1.0199561511943442
VSIG4,-2.485700151554948
COLEC10,-1.1719437319226553
CX3CR1,-2.105521105584251
MS4A6A,-1.0238459065704841
COLEC11,-0.9748529839265705
MPEG1,-2.106562732104968
LY86,-0.6406955302767218
MERTK,-2.030668732952512
MRC1,-2.4119876848022987
LGMN,0.5403516587535984
C1QL1,2.3008649273733868
C1QTNF9,-0.1044861708277336
C1QTNF9B,0.30277163707504906
C1QTNF5,-0.46269814934829934
C1QTNF7,1.9991318815440569
COL8A1,2.411515505684589
COL8A2,2.802625575829682
COL10A1,2.6975311118241234
C1QTNF3,2.6371842175427314
FCGR2B,-2.4846766596031653
CFHR5,1.123411136589717
CFHR3,-1.0587844227886327
CR2,0.6784234359985816
CFHR4,0.3179967902742976
ITGAX,-1.3305550124414276
C5AR1,-2.154665503665714
GPNMB,-0.8925946466606417
MS4A7,-2.1030025482197825
CD3D,-2.01972629614847
CCL3,-2.9058763720035428
SLC25A47,0.025678668833782045
A2M,-1.6578300128123464
CLEC7A,-2.7253236613858904
IRF8,-0.5533570143597736
LILRB2,-1.9117662435176843
LST1,-0.20297871593252556
FOLR2,-0.31347437078106827
CST7,-3.3881995948445716
LAIR1,-3.1455142833687946
FGG,0.8518064841861779
FGL2,-2.3233828756120696
FCGR2A,-2.74810142345178
SLAMF8,-3.032740233747724
HLA-DMA,-0.06732321595627581
OLFML3,-1.0183277080240651
ADGRE1,-1.1192131611633678
APOC1,0.054772205877377605
PLA2G7,0.14914855043900477
CLDN5,-0.6723535467559131
CTSL,-0.46910936293882805
RNASEL,0.5513054005665582
SUSD1,0.29641623339647105
TIMD4,2.2966533534738844
FPR1,-1.829433637393423
GFAP,0.8723965695056052
CSF2RA,-2.027393771539409
PF4,-1.0172459708389439
ADAMDEC1,-1.0732787963216683
MSR1,-2.047473699056616
GBP2,-0.2642293545145407
ENPP1,-0.5756183502849721
CD84,-2.0834712120171126
TLR8,-2.4202029718601556
INPP5D,0.7247053048701644
SIGLEC1,-0.08511474733423044
CD33,-0.6876640707397615
MRC2,-0.1777156179889516
GZMA,-1.6872816111281088
TNFSF13B,-1.8014723484011743
NPTX1,0.1282187500260368
LY96,-2.09112965454443
C5AR2,-1.383111867608207
ITGAL,-0.8406846133717161
SLCO2B1,-0.1956989637792734
CD3G,-3.2776798553364292
A1BG,0.17121646321260814
LILRB4,-0.8767112662748439
SPP1,-1.111341056558291
BLNK,-0.40404812789484484
PLTP,0.48122776317564403
P2RY13,-1.3380994081315403
MNDA,-1.2874045129481213
ELANE,-1.6303890864735568
S100A8,-2.661585638229468
HLA-DPA1,-0.716253370321796
WNT5A,-1.0268700701491862
CLEC10A,-1.8698808367441333
TMEM215,-0.517067106891506
PLXNA2,0.5224984466174447
PRF1,-0.49465747433916807
NKG7,-1.1983323560881136
SERPIND1,-0.44111907598090216
GBP3,-0.7512100487533098
NFKBIZ,0.09281058464669192
GNLY,-1.1207467428760505
FCGR3B,-1.3921122173756995
IL10RA,-2.3705486878266906
HLA-DMB,-1.3191374047411788
GZMB,-1.4146211926225534
TREM1,-1.8997157220877403
MAP2K6,0.5973569621772213
CTSZ,-1.5752762932382114
SDC3,2.327300583899186
IGHV1-69,-1.760002922395846
IGHV3-48,-1.895091273636201
IGHV3-33,-1.7445519242829743
IGHV3-30,-1.892632208013787
IGHV3-23,-1.8951328975473059
IGHV3-13,-1.8929489948727904
IGHV3-11,-1.8875964150375115
IGHV2-70,-1.8948097923345395
IGHV2-5,-1.7922515347716281
IGHV1-46,-1.8377274102771546
IGHV1-2,-1.3450622104988914
IGHG4,-1.4274173980226308
IGHG3,-1.467885095630005
IGHG2,-1.4447099550544575
IGHG1,-1.2920738689817601
IGHV3-53,-1.8919280027581407
IGHV3-7,-1.8949718528993267
IGHV3-9,-1.8910367285818546
IGHV4-34,-1.8946552471881204
IGKV1-39,-1.9041846741837138
IGKV1-33,-1.8981009687540686
IGKV1-17,-1.90863274001315
IGKV1-16,-1.897434727499268
IGKC,-1.6818109183263692
IGHV4-59,-1.8666451846972338
IGHV4-39,-1.884454524851754
IGKV1-5,-1.8697164749877537
IGKV1D-12,-1.8963256233123438
IGKV1D-16,-1.4548324174810412
IGLC2,-1.3155174491868336
IGKV5-2,-1.8940234999150487
IGKV4-1,-1.9045037761029335
IGKV3-20,-1.892659709227471
IGKV3-15,-1.8908342373950153
IGKV3-11,-1.810660406570128
IGKV2D-40,-1.3910047766544604
IGKV2D-28,-1.8895059725987648
IGKV2-30,-1.8915479085765894
IGLC1,-1.845320898427763
IGLC6,-1.8917146630699075
IGLV7-43,-1.8895069583490194
IGLV6-57,-1.8951899907371519
IGLV3-27,-1.8909778436143936
IGLV3-25,-1.8925324616156485
IGLV3-21,-1.9118090841825854
IGLV3-19,-1.9497143464333506
IGLV3-1,-1.8926779118137995
IGLV2-8,-1.86700163421699
IGLV2-23,-1.8924912071255742
IGLV2-14,-1.8983014498295125
IGLV2-11,-1.8941695461449615
IGLV1-51,-1.261714631263746
IGLV1-47,-1.8669140714464894
IGLV1-44,-1.8947599800094588
IGLV1-40,-1.79357941552125
IGLC7,-1.8400727065144342
CCR5,-2.2922316600030275
MS4A4A,-2.1890812923329506
TNFAIP8L2,0.7943087065657742
RNASE6,-1.407572324543763
CD14,-1.4283388179331549
HAVCR2,-2.3989633209419075
IFITM2,-1.3214582177630958
PIAS2,-0.4638784017785178
TIMP1,-1.6259573960081108
ALOX5AP,-1.6975380936466478
CTSH,-1.0747445186592202
MYO7A,-1.1938262931573278
IFITM3,-1.6088498660750266
ADA2,-1.9913267450332173
ADORA3,-0.9469908400716374
HLA-DRB5,-2.4241779334704723
SERPINF1,-0.3422516503370498
HLA-DQB1,-1.3652787359024017
MFGE8,-1.8228842963041876
CD180,-3.0207168654469667
CD53,-0.8503121015699655
STAB1,-1.063492001181716
CD93,-1.0232849625469453
CCL4,-2.8828738494527637
PTX3,-2.1834716093653617
HCK,-0.7680273376424187
CCR1,-2.9376447857909476
MARCO,-0.8968444594359682
CCL18,-3.6015897264530783
CD300A,-1.8013780979274912
F13A1,-1.7241569372543337
NCF2,-1.8353518490667307
CXCL9,-1.883269993932316
HCLS1,0.39963410321983456
HLA-DRB1,-1.7133264899805196
RNASE1,-1.5839529775659604
CCL19,-3.1930738541733183
MYO1F,1.1688297442766107
TMEM176A,-0.527398819818697
LILRB5,-2.2186076404194077
CSPG4,0.6049587159740177
CD52,-1.081434192975677
TLR7,-1.5624659872504336
CCL8,-3.0569596578678624
GIMAP4,0.1312530962940831
HLA-DPB1,-0.5300992264246246
CD2,-0.24818525601355612
FPR3,-3.252615518409988
MX1,0.47277576511099245
GZMK,-1.6160864166205375
CCL13,-3.9279260098320075
CTSK,-1.919402812992405
IGSF6,-2.2552328651018123
ADAP2,-1.9738937668904977
HLA-DQA1,-0.33342686275523026
S100A9,-1.9854381587316146
IFI27,-1.275705602246304
S100A12,-2.874493098015973
GPR65,-1.2813616670829768
RGS1,-0.7180044917908559
LTF,-2.3436377591030846
SLC11A1,-1.770658560999091
IFITM1,-0.8634789039100461
GBP1,-1.131136609786189
MMP9,-2.1956578741059216
FGR,-1.2828419269980096
SLC7A7,-1.6043717626697416
SFTPA1,-1.3059018697594276
CLEC5A,-2.5756222901213044
CXCL11,-3.1720407350329354
SLC15A3,-0.016566794218106244
NCKAP1L,0.5752811664180035
SAMSN1,-0.7256282695234261
IRF1,-1.1234112357247794
FMOD,0.7176216905087752
TFEC,-1.340047406368551
ACP5,0.19902162354753572
CLEC4A,-2.2812348423290993
IFI6,0.6431727305346014
HLA-F,-1.2324324106101026
VCAN,2.4625841995220785
NR1H3,-0.004224049721485739
CMKLR1,-2.340968941886113
MX2,-0.9544007540822802
IRF5,-1.1848922257675494
CCRL2,-3.1213289326828138
TNFAIP2,-1.3165092480509117
RSAD2,0.860216745148391
ALOX5,-0.15180025465630692
OAS2,-0.25773066004543654
CCL23,-3.155091974860289
ISLR,0.917694496789807
TCN2,-0.5335138836721305
IRF9,-0.2702785807182777
PTAFR,-0.9385445975420105
TYMP,0.28610375424253776
SIGLEC7,-0.7099450639453845
HBA2,-0.6929079030260812
SLA,-0.6452453923552136
SMPDL3A,-1.2358018604851502
SERPINA1,-0.3181347424406846
THEMIS2,-0.6270396541304759
CD300C,-0.20568771678117378
SELL,0.6486081520185158
BST2,-0.44472947671661406
LILRB3,-1.5182503924053679
LILRA2,-0.8960670918216058
DOCK2,-0.8104059600346143
C1orf54,-1.3191962191210562
ADGRE5,-0.746252199757261
GJA4,-0.6150045850395373
AOAH,-1.0494757748511063
LILRA1,-0.8768997689262567
SFTPA2,2.153707175864231
APCS,-0.9895752038155711
CD37,-0.024803090547663224
DNTT,0.2651613810493188
AQP9,1.4659463266988255
IL16,-1.4707318881280822
CRTAM,-0.3526507367492685
OLFML2B,-1.2084659731815577
PSTPIP1,-0.8908622829330336
BCL2A1,-1.706756422149488
ADGRL4,-1.5679076392957316
TNFSF13,-0.3620623995100582
PILRA,-0.8959807287408021
APOC2,0.08333158943699966
PLXDC1,0.7188759876794875
DOK2,0.17263704956965606
EFEMP1,-0.14640299792812247
TNFSF10,-1.2198777454748873
RARRES1,-1.24425669232818
ADGRE2,-1.070032402299851
RASSF4,-1.2044947896292333
PLAAT4,0.6659742266234188
CYTIP,0.8514896550796383
APOC3,0.5973976048729321
GNS,-0.36844092140713697
KRT1,-2.4062763135855203
LILRA6,-1.2024224032863629
NPL,-0.7354848281996201
TNS1,-0.9517168271346003
TPSB2,-0.4729518219361597
EVI2A,-1.6055133704820947
CHIT1,-0.5843616016985339
LILRB1,-2.3541196083040203
TRIM22,-0.5728582195637895
SASH3,-0.17515195067657544
IRAG2,1.3560562920585852
GGT5,1.8671253461158965
COL2A1,-1.3292999441422624
C1QTNF1,-0.6198062604472249
C1QL2,-0.06094229661349649
C1QTNF6,-0.19017629213445314
C1QL3,0.10576852182680276
C1QL4,-0.030900582286418447
CBLN3,-0.034869113311357475
CBLN2,0.6879090753641475
CBLN1,3.665340590443829
C1QTNF4,0.015883110866951485
FCGR3A,-2.6349855023159963
ZNF534,-1.3097295606148576
KLKB1,0.7229184708304948
DDI2,0.18294029264294717
MZB1,-0.4133330311323966
COL5A1,-1.6040268045423232
GPLD1,1.4785817320498962
COL4A2,-0.8099289169131221
CLEC4D,-2.2013781601127453
FGB,-0.679762115697064
APOH,0.9473156017043655
PLD4,0.8471466468353996
CCL3L3,-2.3332114268892887
VAV1,-1.388523527520558
HCST,-2.012942620090863
FKBP2,-1.075893146929591
ADGRB3,1.039964779954875
PRSS35,-0.8186434101519392
BMP2K,-0.18839357383185315
PAK5,0.717728371916597
HTD2,-1.0368704345221988
EPS15,0.6236283071106307
IQCB1,-0.13871395447243873
MRM1,-0.5354996769043988
NCAPH,-0.42255619738494155
NCAPG2,-0.5952663876995578
TRAPPC6B,0.17582303362346655
DTL,-0.9139559496434362
SMC6,-0.5299993623333518
NDC80,-0.5930296107952246
SRA1,-0.15378316093060282
GPAT4,0.9229207236014847
TPP2,-0.12343521822488157
DGAT2,0.4716336164058814
AP3M2,0.6916971120354644
SLC30A9,-0.38377650480794595
VAMP3,2.551065663559069
UBXN7,-0.16892757584113505
ZNG1B,-0.961193745852483
NCAPD3,0.3739245023600273
ACBD6,-1.2700390873814584
SCAF4,2.47668302753327
S100A16,-1.3669507258319662
TMEM9,-0.15364002916488367
SEPTIN11,-0.3419714843500844
VMA21,-1.497674269214837
TOR1AIP1,-0.04812646900697724
SVIL,-0.4716960349413791
RLIG1,-1.392888109498719
SLC25A14,0.06669820653212279
AGA,0.46496577909433323
YTHDC2,1.215686275578419
FTMT,1.6766624686988851
D2HGDH,0.866088017154216
ICAM5,0.6414335816132068
SEC14L6,-0.46263549128790643
RHOU,0.8400830366114022
TMCO2,-0.5916626061379172
FNDC8,0.6567639625051969
BMP8B,-1.1257543282904505
GCLC,-0.5968585780414151
AHR,-0.4796945301507794
LCE3C,-2.3980431686840333
SCUBE2,-0.6932363918250413
ARL6IP6,-0.3622770453390943
UCP1,-1.866812554445218
OR51A2,-5.134093213587755
NFE2L2,0.13172864316405442
GSTT4,-0.6791121814238874
GPX2,-0.35749123099310365
HFE,0.3961651151127439
GSTCD,1.2517255736210091
LCE3B,-2.0681790629065477
OGG1,-0.9602567854007248
ABCG8,0.9114843886998266
AS3MT,8.01238615365708
IL17RC,-0.9585424064685572
SHBG,-0.012936841245925442
MAFG,-1.1196101671130747
GPX7,0.4697053249402715
FTH1,0.4408128392088427
GGT1,-0.15735947388602975
MGMT,0.903078066278133
HAUS7,-0.7779343590574194
MMP2,-1.0045893718050138
KCTD15,0.8993740140968817
CYP2R1,-0.21343837259436063
UGT3A1,0.4148043115508693
GPX6,-0.38659841734805994
UGT3A2,0.7291986792978622
AZGP1,-1.1746267271425586
GADL1,-0.22987077491017835
HDC,-0.3613717584058263
SLC32A1,12.977276547720889
CSAD,-0.9340153430837583
SNAP25,2.8218046388902214
HAAO,0.3952551102200083
DNAJC5,0.28727592524609646
SYT1,2.190376801036825
CPLX1,1.2541635579575652
RIMS1,12.707898142523653
CMTM5,-0.37994285895074437
STX1A,1.8224012881160039
PVALB,3.957040115207953
DLX1,0.1966663108875601
SST,1.2378234061052358
TBR1,2.6182181534599502
DLX2,0.25627002838200624
LHX6,0.8531008358281443
PAX6,-0.36834525425205805
RELN,3.8596552437195837
FOXG1,13.622390014907385
SLC17A6,2.0795639173970937
MAL2,0.22459873670805366
NKX2-1,0.09766945852854006
MAP2,3.681354572880816
ASCL1,12.584529761697572
DCX,1.763384784919071
DLX5,-0.10814384132994681
SATB2,12.489547560469916
SLC6A1,2.7710689132209656
DLX6,0.887502561440339
CALB1,1.4594686636209495
FEZF2,2.0066928449170236
MECP2,2.597637666291493
OTX2,-1.282205120850122
SYN1,2.702192911430513
NEUROG2,-0.2269210618831346
NEUROD6,1.3901200410812935
GRIA2,4.161275170915645
OLIG2,1.375997229397389
VIP,-0.040578243610685
VSX2,-0.840088759537841
GRIA1,3.969312530277391
FOXP2,2.832231583236618
CA1,1.1661949733662649
BCL11B,15.866932218644331
EMX2,0.15250503995714837
RBFOX3,1.863719450157321
GRIK1,3.3735600153241263
NEUROD2,1.072129712816955
EMX1,12.766305476923526
NRXN1,3.881157879438339
GABRB3,3.9695982050939933
CUX2,1.4278798180481405
ARX,0.6233638598906276
MOBP,1.187805396624916
SIX3,-0.26321919112901143
NRG1,0.6641716528574905
GDNF,0.34960866602335633
OLIG1,0.40698688312603337
NEFL,1.8119126647881427
GBX2,-0.481006400521225
NEUROD1,1.2354319504211115
GABBR1,1.7811244830549693
ADO,-0.1260582188439727
CUX1,1.8447769694627885
CNTNAP2,4.372505713485437
GABBR2,14.6562133393751
GAP43,2.15377956042095
GLS2,0.8545968315903312
ZNF804A,7.279391503613281
NEUROG1,-0.8197073921829486
SOX1,0.7356600731988537
ETNPPL,1.555344929247731
GRM3,13.80644527829008
ISL1,-0.5642356106884557
NRL,-0.46659733255178626
GRIK5,4.7247648156214765
NRGN,8.959665645932445
STMN2,2.0449193580231317
LMX1A,-0.4171893309213648
NEFM,0.751543286772483
EN2,0.31507847683468154
CACNA1C,13.765263020508787
PCP4,1.7054376599769232
CABP5,-0.2074430302975864
GPHN,0.3415607627021554
RORB,1.1000686115557956
OPN1MW,-1.2329293964258912
GRIN3A,3.170105817312524
PDE6H,-0.5866344696279905
ARR3,-0.6194916236245627
PDE6A,-0.5961219866370755
TAC1,0.6796627725972247
GRIK2,3.8107671414824877
LHX8,-0.5268062978125292
GABRG3,3.699477606175465
GSX2,0.8475173702473275
ASRGL1,0.38513847020840686
NAT8L,0.8429287086889566
GRIA4,3.928036042572116
PENK,0.7456549529292991
GABRB1,3.6514338635905585
GRM6,0.4528536503637268
DTNBP1,0.7614270457508241
CPE,1.150636390006477
ICA1,-0.5256850117087108
PTPRN2,1.0715730909770314
PTPRN,1.4460507625383743
PPP1R17,3.1110143204709266
NKX2-2,-0.7666012284197894
LHX1,-0.717165028944307
RLBP1,-0.16724736079285227
CHRNA7,2.9255134625998553
KCNC1,4.1629697353902
ARPP21,3.2136998303154156
LAMP5,1.0362330674002627
NCAM1,2.8062594045004294
SHH,-1.1680806419239413
NEUROD4,0.24163131828558784
NTNG1,1.2050616789589341
MEIS2,1.2451653642411895
POU3F2,1.478525128919134
GRIN2C,2.663378938220992
HOMER1,0.9775479341390942
VSX1,-1.3321770761863834
BHLHE22,1.3422158374835358
ERBB4,2.3285720643588763
GRIN2D,2.6161659468102108
SNCG,-0.23460341299310203
GRM2,3.7044767268103813
SEMA5A,1.7781296867901064
GRM5,2.6450490436183034
CRHBP,0.7251897881633322
GRIA3,2.487544656555551
NNAT,0.01986425546566517
ONECUT2,-0.31181175323009447
KCNC2,2.816364279422496
SHANK1,2.503616554940582
SCN4B,1.393096722034287
NR2F2,1.1344044934268627
SCG2,-0.11893256096054125
SHOX2,-0.7097900430478541
KRTAP3-2,-0.41831337240443595
NRXN3,2.592934552635202
CHRNA6,2.1967722527515674
SP8,0.8060524122373786
ROBO2,1.0039908696646853
ADARB2,0.6725052621910954
POU4F1,0.47460069495948154
EN1,-0.08545762101495323
MEF2C,11.115401118324655
KCNIP1,2.314203514744933
SOX10,0.3015373682011122
CRX,1.1132420239464933
CRYM,2.523814134739714
CAMK2A,3.6196461485511815
CARTPT,0.825544092450498
SLC6A11,1.308771240507376
NLGN1,2.3390548252632626
NHLH2,0.0008307013469448832
POU3F4,-0.42503016565225854
NRXN2,1.910834604735917
SV2C,0.18335410988623793
NR2E3,-0.16717028872637665
NR4A2,1.5922953531121804
NFIA,1.1556609680176666
BLK,-0.05450272317825128
GRM1,2.4926519688560758
KCNJ9,2.7301856778007556
SLC12A5,2.7064604608948604
ELAVL4,2.1410096831931487
MOXD1,-0.6217805771974843
CRHR2,1.0299014094928272
HCN3,1.4186495819347262
KCNC3,2.9134640076748757
ZIC1,0.9910063289186634
NXPH4,7.793941861825902
FGF8,-1.5061162670054435
GRM7,2.536202805540555
SLC1A1,1.6660266700725992
HOXB4,0.12863113953481864
SYNPR,0.7088278639408975
UNC13C,1.651717451590831
SLC17A8,1.242823056011024
RPH3A,1.683481887067553
IGSF9B,8.934235230908326
STX1B,4.617077626169531
UNC13A,2.1850942970146168
SYT4,1.9380184569063625
SYT11,1.848771091604567
CDH8,3.3436061712172744
NFASC,0.9136789780492187
SYT2,3.54040910060191
ATP2B3,2.035839369908155
UNC13B,1.2487088880317683
KIAA0319,0.48055780258876923
SYT5,2.0996809514027817
CPLX2,2.5905901877987345
SLC4A10,1.424062910244251
PACSIN1,0.6815187992975263
CHRM1,3.0056568664999594
FYN,0.5020669337251311
SVOP,0.4567882988039014
ADRA2C,-0.061711436616886974
AP3B2,12.612141466340479
KCNH1,3.2916129244868686
RIMS2,3.409769376938356
TRIM9,0.2775877066855782
CDK5R1,1.7511513623753616
ITPKA,2.3160431681981786
NEURL1,0.47758602063021494
BCAN,4.131461808367467
ST8SIA2,-0.30909156827979894
GRM8,2.1974411055311895
SHANK2,4.039472505967575
CACNA1B,3.2355451073916592
ADCYAP1,0.9897099760378826
ESR2,-0.2986654815325707
ELAVL2,2.216620724028724
PPM1E,0.5660700972188109
NPAS3,1.6423404998033342
ZIC2,-0.09520209237811707
VSNL1,1.9760742402993574
CACNG3,2.84407658455518
ADCY1,2.955648711215474
FRMPD4,0.17143544101675062
INA,13.211325928773583
TRIM23,-1.1717393459175174
FGF12,2.7029249265213866
KCNJ4,2.965713881727822
CTNND2,2.988910201633847
PCLO,2.0228002293059633
PROX1,0.19544916076900057
SLC30A3,1.8605095387261674
KRT31,-1.3572802735590634
FGF18,-0.5277922098378075
CABP1,1.3017173334844248
RGS7,1.3556986458383875
EPHB2,1.3817935765998728
ASIC1,1.9237663950158734
SEZ6L,2.4484243048081678
PTPRT,2.6189319600404803
CSPG5,2.700210898283444
SCG5,0.41320477853515086
RASGRF1,1.2508610337695534
ABL1,-0.0871569509067581
KALRN,2.0651794350569173
SOX5,11.865989836452895
MYT1,0.8339285928931777
RGS6,11.830914985066375
GPR6,0.8992912606959372
MPP2,3.8879184727766827
AFF2,0.5953136481133001
SFRP1,-0.5695437999691909
MYRF,0.8189684170006815
LDAF1,-0.2919905600040287
CYB561D1,0.09478410245611328
SLC30A8,0.5538879989637605
PCSK1,-0.47922897969864164
HIGD1C,-0.6233544794936348
FADS6,-0.877047065990266
DMKN,-1.5550195719885451
IAPP,-1.8097979176011079
RHEX,-0.7920938835620839
SYT6,1.8699986749445217
DERL3,1.5415351028292683
RAX,-0.49829510779751524
SYNGR3,0.9404538483977664
FAM163A,-0.0823636136002594
SYCE2,-0.8933027108251909
CHODL,-1.0033407643309116
CACNG1,1.4102109489758055
FAM114A2,-1.314278715495409
DGAT2L6,1.390316339118991
PTF1A,-1.535229817936624
KCNA6,2.241061485294788
MOG,0.48185478589158975
ARMC12,-0.08112749193954362
PDE6G,0.08947566917325168
LIME1,2.179532788063999
PNLIP,-0.44032222155383494
GLRA2,3.599639386170666
ABCC8,2.284897819103008
TSPAN33,-0.010541994769438005
BSND,-0.5814987448877406
PLP1,1.5011011549163684
SMPD2,0.8039333372541226
SCAMP1,1.0266965349897026
TMEM128,0.1795197625093067
TNFRSF10D,-0.413813931037028
PBX3,0.7116903193443522
ST18,-0.005748916821625834
PPY,-1.085334548474925
RPRM,-0.9694970308021651
INSM1,-0.4538024635962742
TMEM120B,0.16336850859802918
CPLX4,1.8964411270504142
OTX1,-0.6542695599886537
LHX3,-0.6876522880260019
NPAS4,-0.29350957252053955
S100B,0.9102320490268907
KCNA1,3.62730386404944
CERK,-1.0442048915794635
SEC22A,0.42204961607575797
ACHE,2.300577835963049
CORT,-0.8048568425976675
TLE4,0.5596115142893081
NKX6-1,-1.1067815019613199
CERS3,-1.4831412269881263
PDE11A,0.6393237435421678
NMNAT2,0.6587650643222365
SV2B,0.08557666856332424
DGKI,11.24999452034127
OTOF,1.3515760338532001
SYN3,2.9723412703288616
CNIH2,0.9126966800462061
KCTD8,1.8977997521121124
PCDH8,0.6087821497451253
IGSF21,0.6052782543717776
SLC7A14,0.9484965826011231
SFTPC,-0.887644861090574
RAB3C,0.5332451420534193
WNT7A,-0.9531897106468585
CDH9,0.7832613140651609
CACNG2,2.1800013814329158
SLC1A6,1.0777921840629132
CDH10,2.3292606239054736
RNF112,1.1071146652784178
KCTD16,1.871706985295159
SLC18A3,1.370879695838578
CADPS,1.5764850950854075
DNER,0.5375082554561984
HPCA,4.056869726354552
PCSK2,1.4080851256693228
AMPH,1.6683933804518036
CAMK1G,4.836358476979002
CLSTN3,0.8834035588045676
SLC6A17,-0.2763194715206803
NEFH,0.8884715857681774
BSN,3.0890764797176673
LRRTM1,1.2905159517663485
CHRM5,2.1388760793780093
SFTPB,-0.4693013423383503
GLRB,2.835613447644158
LHFPL4,0.8648671970722012
PRRT2,3.0507756499100047
KCNK9,2.3531538547197433
OPRK1,0.22631369051462302
CNTNAP4,1.4392785043959129
RGS8,0.5380801232397405
DNM1,1.710710577575653
MT3,1.877789994982873
ADCY8,1.5624341027839894
UPB1,1.184270984043461
SLC30A10,-0.33259651683867286
FTCD,3.1127639308368984
PNMA2,2.3947809818349612
ZIC4,1.2802888601188152
DPP6,2.1868772181789615
GLRA1,3.6334241401536946
SLC6A13,2.1685216555862987
SLC6A12,-0.01830029970097139
CCK,2.208747417946231
ZDHHC17,-0.539078924796234
TG,-0.4223117106915218
HCRT,1.2382018796294714
LHX5,0.4640073581375782
CACNB1,2.0630877130087066
SIM1,-0.9158720906855774
CNTN2,2.393081825484097
ELAVL3,2.6334185292953642
KCNA2,2.8047502576131755
MC4R,1.7428250801753475
TRH,0.05685701158450521
CACNA1A,2.3787616890366277
RBFOX1,10.15708122348968
POU4F2,-1.1153086696374468
MPPED1,2.0973995540815573
ASTN1,2.8307534702338755
GJD2,0.05049111164341609
GABRR1,2.866628451135251
HTR5A,1.4971002954197221
ST8SIA3,1.3238775974919568
SNAP91,12.258503115883414
ACTL6B,1.853341625405789
KCND2,2.8262122456709773
AK5,-0.42303330118116583
CPNE6,1.3828615018367703
TNF,-0.5403704773435454
DLG2,3.0661292264768574
SLITRK3,1.763366136914796
SLC8A2,2.4846047398123243
ADAM22,1.6732201313155461
HCRTR2,0.8391830091770975
CACNB4,2.618227819073421
HPCAL4,1.569643549443224
CACNA1E,2.734364236331846
HRH3,0.9626012722885314
TGM4,-0.8338176050046613
NCAN,11.812529652429554
PDX1,-1.3445623183787951
GRIP2,1.9801894424563233
KIF5A,2.6071452115877514
DLGAP1,1.3773008683074301
MAG,1.7558758944397657
SCN10A,2.434120092996726
SCN3B,2.0235269472267654
SPOCK3,2.0757138493116125
SLC6A7,1.8580205936613792
LY6H,1.6640035872461743
LMX1B,2.2612092333543687
AGRP,-0.4061973684255852
TSHR,1.4221519291923388
CELF3,1.1101110024937846
OPCML,9.943319561121548
FABP7,2.7035303174387377
PLPPR4,0.21362409629743553
GABRR2,2.497297031721636
DLGAP2,2.9066634706199057
KCND3,3.348407688136787
PAX2,-0.8112120273799804
SLC24A2,2.549856016260708
ADAM23,2.099800420497994
RHO,0.5188693718412549
CA10,2.1056060604237983
ECEL1,1.3220048794090322
DIRAS2,1.5178571891525108
SLIT1,2.3076962455094563
NEUROG3,-0.9315459953410714
NMBR,0.4344197777633399
CDKL5,1.4197912892039473
SOX14,0.7532186447590302
STMN4,2.3241930364146235
GRP,-0.048381132318622934
RIT2,0.44074016758716816
CD80,-2.583498233716407
MAGEB2,-1.258882980099654
SPTBN4,1.354146148171663
CA7,2.1121137917647754
VGF,0.7253597477460142
PAX4,0.15727511053896273
SYT13,1.898594842691181
CNTN1,1.9182054975685583
TACR3,1.0738144334173843
SRRM4,1.8633255198739005
TAGLN3,2.0273028042644765
NPY2R,0.6566267875163558
ASIC2,2.58648392273746
DSCAM,3.277636523065381
NTSR1,0.9823630453345684
KCNB1,3.4200774216925742
TRHR,0.3205549381719419
GPR88,0.5108710002926469
GLP1R,1.1108383963781556
KCNIP2,1.6095713897491402
CRMP1,2.5226038235812163
KLK6,-1.5864352698496402
NOVA1,2.6873011407142777
GFRA1,1.2567481383155956
MCHR1,1.1719052585423044
KCNJ10,1.685646009815898
MUSK,0.5813130756996293
CACNA1D,13.689018464754941
H3C12,-0.2659134387493068
CHRM4,14.208582995136798
LEP,-2.4609447789918555
OPRD1,0.2792368923049923
PRKG2,0.4711718580332399
PAX7,-0.16704943093833555
PDE10A,0.464350739476138
KCNJ3,2.749577766202339
RIMBP2,1.4567497454389364
ADRA1D,1.9713874836258374
CCKBR,1.1699861514347696
SLC5A2,-0.30781028074853695
PHOX2B,0.2564954156946721
ATOH1,-1.2090218674068183
POU3F1,-0.04948932168240239
FGF17,-1.056202552523455
CELA3A,-1.6581010378042227
TMPRSS5,-0.22726519698844339
CACNA1G,3.0965451619242894
CRISP1,1.2453279232457442
CNMD,-0.050264040918630716
OMG,1.9229488931181542
PITX3,-0.4292849817705552
CHRD,-1.05943640952043
PAX3,0.09750283874269895
ABCG4,0.8089115082497723
POU6F2,-0.13755171563003626
TNR,1.7184510914957953
STXBP5L,1.0142057288437014
GNAT3,-0.5647624400381207
PPFIA2,1.7979323803793268
DAAM2,-1.324561751854431
GNG3,1.8961071276960055
CHD5,2.0995518388661996
NTSR2,2.3523315248444745
SLCO1C1,0.35614420293042764
NOL4,1.367571585783817
FAIM2,3.1802541643592734
CTRC,-0.3662065986658053
FGF9,-1.6177012599328582
HTR1D,0.08797684971271415
POU4F3,-0.9352402160273208
PCDH11X,0.09932828057523503
KLK13,-0.9861592093860326
NTN1,0.6015623783011136
MYOZ3,3.7496834216063704
TMPRSS11D,-1.2203611076119718
TMPRSS15,-0.2927012605104471
ACR,-0.2690252780702346
TMPRSS6,-0.07682469638135475
F11,-0.6898683802058181
KLK7,-0.4479644098277947
SLC1A7,0.4797926555516744
KCNB2,2.8317030536447656
KCNS1,2.182258395667687
FEV,0.05802819441655817
ATP4B,-0.6033619987105877
BRINP1,1.9903548289664073
TRPA1,0.6846478328778086
KLK14,-0.677610061826695
KLK2,-0.8224773516760874
CTRB2,1.2704415292472508
PRSS12,-0.9310599826029639
KLK10,-2.46414313050087
CMA1,-0.5231998824041159
F7,-0.26469400846702185
F10,0.08603348778429289
IL22,-1.9153005663041203
PMP2,-0.04419317309634848
DGKB,1.9139713004182692
PRL,-0.3862326058214897
SLC7A4,-0.1661309434751219
ARHGEF4,2.5598678150299103
IFNA14,-1.0417555217882253
DCC,0.7355721925278325
SRY,-0.789150939621047
ATP1B2,1.3035433608958495
HCN4,1.572214654364127
ADRB1,1.2485059677335708
TNNT3,0.03402988539831422
IFNA21,-1.7026328577281304
CTNNA2,0.15264252392669939
LBX1,-0.4409565130527476
CLSTN2,2.1163495070108262
SLC8A1,1.6177646374867993
EPHA5,1.7926567465698715
EFR3B,0.7715594337645627
GPR143,-0.8421242521699578
RALYL,2.0978410713072075
CETN1,-0.19383981249167628
S100G,-1.295549411227678
KCNAB1,2.00521520795045
EPHB1,2.2657679998150266
IFNA5,-1.4255881605080447
SIX6,-0.5684144382461574
CLCN5,-0.4379376355015746
SEC14L5,1.4757998801032872
SORCS3,3.748555106634447
PLCB1,4.500055631200145
CACNA1H,2.58526572433583
CALCA,-0.3417627937435861
NGFR,-0.11436277785503254
NR1D1,0.15782575671946206
IFNA16,-1.2858987398209738
CNNM1,1.2564390008688828
SPAM1,-1.25948992627944
SRGAP3,1.4967195820662764
JPH3,0.9366605889052697
CLCNKB,0.5531763119611885
AVPR1A,1.0686153189606735
TBX21,-0.4937762847003267
EFNB3,1.329143364706259
CHRNA1,1.710103415292095
TRPC5,1.499550440883827
SSTR1,0.7970707852727453
ACAN,2.3876146503428117
UBQLN3,-0.7606436903671545
GFRA2,1.31800693623375
TTYH1,0.04744796678871783
LUZP2,7.225862906905515
SSTR2,0.7975274552859607
GNAT2,0.011856141337931411
GUCA1A,1.4312540912272886
NPY5R,-0.1636338116124758
PRMT8,0.6471527657222385
RUNDC3A,1.2526162490097223
SERPINB4,-2.0038436695522424
IFNA10,-0.6406439719125344
SLC17A4,-0.7414815709866334
SCN11A,2.3706010096011427
SH3GL3,1.1146147802730557
SLC17A3,-0.012843360860134448
AKAP6,10.005558725732786
CHRNB3,2.898741628211606
LSAMP,1.7798036972120768
GUCY1A2,0.13578035978054914
DRP2,0.3841203120242856
CYP11A1,0.4983640208052494
B3GAT1,9.924350147517865
CACNB2,13.712933496054012
BRINP2,10.514154192110436
ESRRG,-1.0747952122904347
HNF1B,-0.5448943325205704
CTNNA3,0.6997735751909907
SLC7A9,0.01950597196817109
SLC12A3,0.15595653488631042
FOXA2,-0.7450163418767708
IFNA4,-0.2017925222950644
IFNA17,-0.5424052865250079
CLIP3,0.6716785876765055
GRPR,2.8011971675544123
AK9,0.0031007713342962127
DCTD,0.03249648648733844
AK7,-0.7392818218841498
AK8,-1.205886257659478
NT5C1A,1.1826149634112721
NT5C,0.2088040414057959
NUDT13,-0.9200401968171811
AK6,-1.1113628227009078
UPP2,0.5309060992437596
TK2,0.42415763832859865
UCK1,0.8659090707658574
DPYS,-0.30447499381371196
CANT1,0.7572498032327147
NUDT2,-0.003796632093916957
ENTPD5,0.16777748215418747
NT5C1B,0.10742257359605561
ENPP3,-0.1015172524783532
ENTPD4,0.1087047138564586
FXR2,2.099956176203834
ENTPD8,0.45415663477089946
ENTPD3,0.10045159772292542
NME5,-0.7182943080574947
SYNJ1,2.4280647963309625
BIN2,-1.0805242633791379
BRMS1,1.7282446261896627
NME9,-0.5767887565579009
KATNAL1,-0.5098564735790189
ATAD2B,-1.115266064222826
SPAST,-0.21333842243194404
ATAD1,0.0022895242806545337
KATNA1,-0.6027261257367371
SERPINB5,-2.3760275987934363
SOX30,1.8941270994499975
RRAD,1.9124280861949923
PID1,-0.3105830669339962
ACP6,0.912670331225464
ASB18,1.602761178320378
CD82,-0.835757795323253
RORA,0.5594337494496773
NME8,-0.08968210371043375
SREK1IP1,2.4184872253616723
SMYD3,0.4269413524689676
DUSP2,-0.5800347280882522
EYA3,1.6855956099149259
USP18,-0.144879376793356
MCF2,0.5779944348814282
TIAM1,0.2523830281843013
NME2P1,-0.1937002520205426
EYA2,-0.6092635074726533
TOMM40L,-0.7312820531840463
FKBP1C,-0.8550522258559707
KDM3B,4.123014180715406
TNPO2,3.114531388239566
DUSP22,-1.1234162324500778
BAX,3.5651881115189656
WIPF1,0.3343440482756434
ABCF2,-0.6990156934085378
EVL,-0.7230083256465742
GABARAPL1,1.2993777601753596
RPL37,-1.39237325108699
ZPR1,-0.18281231206986293
LIG1,1.025175450327128
PPIL3,1.6033939683561012
LMNB2,0.8153280118100013
KNTC1,0.8063182289510273
MSTO1,0.9390778825181089
PTRHD1,-0.6731762980217133
MPDU1,-0.5514471850533582
BUD31,-0.2648906030036387
SLC39A6,-0.8206909656900758
NF2,-0.7141566260196401
RPL3L,-0.6890227708972649
AGPAT5,0.18871887000519882
NUBP2,1.165124594814537
MTFP1,0.303574840598585
CBX5,1.7251713004393947
GOSR2,1.250524737998997
METTL1,-1.215110324946149
DUSP19,-1.0360812436952958
MAP1LC3A,0.46917013622609344
SNX12,0.08025897158704652
DONSON,1.2356557587936086
GATA1,-0.400373987192019
RPS4Y2,-0.36202343727308134
CHID1,1.2155203661919578
NXT1,0.03518986402585721
MARCHF5,0.37340700366822593
SAC3D1,-0.2223713895205892
SPNS1,1.6310367728864772
WDHD1,-0.989105367763362
BNIP1,-0.87103583041133
AAMP,-0.4130950971275013
KIF4A,-0.214752515867124
PPAN,0.22013070928831832
NUP43,0.13198145618604137
TCEA2,1.4257877620214265
NAA40,1.12363135386316
NEK2,0.0689529457894297
KIFC1,-0.7321302503257826
PTPN23,0.934992523169063
TIPIN,-1.3414071287295026
CENPE,-0.6842415193543693
KIF20A,1.0385357464209592
KANK1,0.04608881452470962
ATF4,0.7591147939417574
CDT1,-1.0675938935773128
SLC39A14,-0.07022611877351721
TRIP11,0.4809729389207748
POLR2D,0.02061496195643324
ITGB1BP1,0.5442714802107185
CHAF1B,1.5230934824106623
PNCK,1.1397514855693982
NUP160,0.5091791217973013
NFKBIA,1.8294628315481902
KIF15,-1.0878689652229625
PPIC,-1.283667418086394
PIP5K1C,3.662129778625407
N6AMT1,2.385076747487725
BBS7,-1.0674246081192467
ORC1,-0.5403014140235809
DPYSL3,4.573177693110191
SLC29A1,-0.15233338577898195
BAK1,-0.20044465879178394
WAS,-0.5626841674438784
DSCC1,2.058057412730028
CHMP4A,-0.5683531323843342
MYL11,-0.7280857776753237
PSPH,-0.28883861864948945
TREX1,0.8484060213178173
PKMYT1,1.314803477884619
PCBD2,-0.7939685184648497
CDC25B,-0.35867087290525373
BID,-0.9121231152456294
RAD54L,0.43271044677533343
ZNF131,1.70169424160487
POLA2,0.46839705401203435
CCNE1,-0.46799378548145476
CENPF,0.44887101213619435
DCAKD,-1.2801640575702424
LRP8,0.8382166730846982
TOPBP1,-0.5307782277120648
GINS3,1.2762030594046139
RBM15,-0.07805454126479866
PPIAL4A,-0.4057319948025119
SKP2,-0.4983369027445031
KIF18A,-1.022824972829558
MYBL2,-0.18256596735223427
MAPRE3,0.2477958490656867
DNAJC25,-0.9289803376993623
RITA1,-0.4817377231438036
MFSD12,-0.7687420084640766
OGFOD1,3.3898228969063005
DNAJC24,-0.42391951091569235
LSM1,19.291009585330848
PTRH1,-1.6673899754773214
PEMT,2.6794567409294108
EXO1,-1.5009778685672048
ARHGDIG,-0.22759772465622316
TOMM34,-0.4147129148858435
IFT74,-0.8296991597703764
ARFRP1,0.755978521645894
TNKS,1.1520366745994586
PCLAF,-1.1417082215760461
METTL26,-0.4265428653619404
DNAJB14,2.6392705347136
SLC25A39,-1.5856102361654558
KTI12,-0.8689375277058695
GTSE1,0.2642961940748762
WDR43,-0.6082382367509791
SCFD2,-0.38689427233160456
TNKS2,0.3846735085609353
MEMO1,2.472368003310716
ANKLE1,-0.32210790701570274
ZNF322,-0.2971172707523546
PRMT7,1.6584222480738156
ESS2,0.05977523572550052
DPH3,-0.5084646153202546
KIF1B,0.7420890321372471
GNPTAB,-0.7510709246828495
CCDC86,1.1284056224086638
ING4,0.09643384487731732
MAP2K4,0.19770650819736385
YRDC,0.16153346789258144
EXD2,-0.3008749304298849
TIMELESS,-0.7872207987417525
CENPI,-0.6469443299037582
MZT2A,1.028250719799053
RNASEH2C,12.180774562497069
KXD1,-0.6408233897062589
SLC7A11,-0.27794191969847765
NDN,-0.38342512986667693
BBS5,-0.5045653769204445
CHD1L,1.2677493916910576
SKA2,0.7243300362151015
RGPD8,0.4762780935719715
RPP25,1.2062888608257556
AARSD1,1.0296370078741548
DLGAP5,-0.7720049664824125
TTK,-1.0178612850221564
GPSM2,-0.5104964146428069
TESC,0.6652485940555445
CIP2A,2.77533360265369
TDP1,-0.4697989487929678
ASPM,-0.38899157517145944
NUP188,0.4694148191249949
NPM3,-0.8340389413745736
AIF1L,0.9777832684357528
TNPO3,2.689875108926694
NUF2,-0.3991600296671415
CEBPG,-0.34608961594673143
POLR1H,-0.4167213468374804
FOXK2,0.8568958048045271
CDC25A,-0.4160987725467468
RAPH1,-0.6445143291705875
KNSTRN,-0.8250481228349821
SMG8,-0.32462485115406825
S100A1,-1.1438628766715873
RBBP8,-0.8925172796354142
PLBD2,-0.17385677435470914
KIF18B,-0.5314506163193714
VAMP8,1.0234843280236756
CRIP1,1.1896630200344338
CDK2AP1,12.392173445776644
KLF16,1.814651680278575
ENOPH1,-0.028965349780572188
DESI1,-0.469713104524893
CENPU,-0.990704317303161
TMX3,-1.4280047028485008
PALS2,-0.6439114768675861
KSR1,-0.5667893812166722
CENPW,-0.36849622971678264
CDCA8,0.7555622412836721
SCIN,-0.7440710857055152
NUDT15,0.057537638913633116
H4C7,-1.801923949023687
TIFAB,-1.2367381644942237
UBE2T,2.79846201082791
CENPH,-0.40275739632371044
SPAG5,-0.9346759198088617
NETO2,-1.1903448400027838
ZWINT,1.8996131793057502
MTAP,0.047975126980696337
PARPBP,-0.5300954754301739
KRT77,-2.959846883242481
FBXO5,-1.7046610870283023
RCN1,-0.8003473625794942
BBS4,-1.0416980674964023
NOPCHAP1,-1.0933435417283748
ARMC10,-0.9204437034037191
COPRS,1.2871370941001024
CHRAC1,2.853585456652274
DSN1,0.27537889141576793
BARD1,-0.10273041109270237
SIVA1,0.1185458943531437
ZNHIT3,-0.9045505613409951
HRNR,-0.9942793796275755
ZNF146,-1.4870449877149743
FLG2,-1.8473989061621994
EIF4EBP1,0.30421607798784933
AZIN1,1.2967887234166486
AMY1C,-0.9166310595947971
LAPTM4B,-0.3635511219619208
ZSCAN25,1.3451746614846092
APOBEC3B,0.057520873236602085
SAAL1,1.4866286655874246
NTMT1,1.4444133620727415
NT5M,0.5143846215976223
HERC6,0.45547679458926277
SLC48A1,0.4388032934796437
OR10H3,-2.129329654609902
CELA3B,-1.0336069703078887
ZNF843,-0.7220307139509391
CSRP3,1.7630502475988867
WDR47,-0.6488672136746967
IER2,-0.0416958484039196
PHYHIPL,2.209300085112541
PILRB,-0.9377284537622637
SMOC1,-0.5211032241695344
PREX1,0.30263992863692285
TRABD,-0.27355401552515896
HERC3,-0.9419943987525686
ARHGEF39,-0.7381406555504827
KDM4C,2.154055261846782
PRKN,1.1074206279524073
TRAIP,-0.7846260039575996
OPA3,-0.5402134056476696
HSF1,0.5759556448533176
DRG2,2.950682345549313
EPPK1,-1.7131531168674308
HSF2,-0.7287600197350119
KRTCAP2,-1.1493760717345702
H2BC15,-0.06492609024172027
MAD2L2,0.5254292612929842
PGP,-0.12035551251277637
POLR2J2,-1.6498975394365516
PYCARD,-0.14187561171222898
TBXA2R,0.022638639276757463
GMFG,0.2903809721956618
HERC5,-0.6572749717219015
DOCK4,-0.9739812894858446
TOR3A,-1.1586586889327282
IGBP1,1.5123308623448155
S100A13,-0.3600074965175553
NUDT3,-1.0258099555952194
DYRK4,-0.4868168577558487
TXNDC12,-0.918791543605041
ADISSP,-0.782386493954543
H2BC26,-0.6984317112856172
H2BC17,-0.5186200913006996
RP2,-1.834902160528347
PYM1,1.177125958182555
ANKRD24,0.9028289968309705
PARVB,-0.3884657118629918
LZIC,-0.6497289135188494
MTMR6,1.3887427163798616
TCEA3,-0.5795020254939526
GPKOW,-0.6024730420821268
MYL9,0.38637439024546644
GCA,-0.6191060214657054
C11orf54,-1.0146999531839336
ZCCHC13,-1.4929782564980913
HSPA12A,-0.4881230829283683
PSMG4,-0.3390169097396899
RWDD4,-1.2283927593566837
TMEM192,-1.2530746473297572
PARN,0.5635808362416648
ZNF511,1.3372245365375348
GLOD5,-0.5140784142601833
VEZT,1.7168118131663002
TRIT1,-1.3645433913084333
CNOT2,0.6974052474216104
H2BC12L,-1.704565692628494
AP4M1,0.5629775140391537
CINP,-0.6042939346258339
RABIF,-0.3895708048292908
PLIN2,-0.11355911541148353
FKBP15,-0.34030129338651055
OCRL,2.565704845242691
MCRIP1,0.9590168554508822
NUFIP1,1.0983435031580522
PPM1F,1.79592924992603
URM1,1.4290222186708397
DNAJC18,0.36283799538031153
SCRN1,-0.3907782508191289
ZNF232,-1.1805177347423736
DNAJB9,-1.3552299719011478
ZNF706,-1.5544978624582955
ALKBH2,1.9517156000382343
DVL2,0.9587758241985143
MTERF4,-0.5675930777009537
PTGES3L-AARSD1,-0.46193284830115566
PUM1,1.7076384481403335
PCGF1,2.2981225102511655
ANAPC15,-0.7101139632168224
ANKRD13A,-0.6765334984464366
ARL6IP4,15.011788767935283
ZBTB33,0.21785813263268525
SLC2A5,-1.280358743342344
FEM1A,-0.1441776791942501
BBLN,0.47952313681226133
NCALD,1.5691487947991871
PLCG2,1.4973766457198834
TTC5,-0.4378302316751538
NOS2,-0.6863695971155596
SUMF1,-0.01698678123449575
SUMF2,-0.38520684935262756
MTSS1,0.518206957495929
PMF1,1.3315936271835693
SCNM1,-0.532636662623174
RAD21L1,0.5833586877841832
ZNF771,-1.173832655321141
ZBTB48,1.1872610404855564
TPGS2,4.177141110892985
DUSP3,-0.41046607897602366
FEM1C,1.7906426635175372
PPP1R16A,-0.23012852860230157
NINL,-0.08547585174604622
TRNT1,1.9982601592503446
MFSD3,-1.2262377178673367
SLC38A2,0.7960137054639829
HGD,0.7151939543946646
ABRAXAS2,-0.10296605513449716
NFKBIE,1.6979386402230765
RPS19BP1,15.634159367440708
DUS3L,-0.5961240842986351
CABYR,0.1396471012974614
STK10,1.3717489808231171
PTCD2,0.5299210810695261
PEDS1-UBE2V1,-0.8970985031368037
FASTK,1.8390401172121302
AKAP13,0.9439820486881803
PEA15,0.9830820747141272
RSPRY1,-0.6130228791425064
ZNF445,-1.4236737482082014
ZNF724,-0.7819898931641196
ZNF107,-1.5962629695626973
ZNF431,-0.17289056064812452
ZNF92,-1.1711225816066142
PNPO,-0.651970682060105
BRAP,1.1852253097131809
LPO,-1.6565073578838805
HOGA1,1.4522786449247884
SARDH,0.5541135120966258
PANK2,0.13576505822125298
VNN1,0.4659332981167945
PANK1,0.8453669012980685
VNN2,-0.5833300861786849
HAL,-1.093958008239985
AMACR,-1.556320550365142
IDS,-1.3821444252824882
NT5C2,8.00399611606026
ABCA13,0.08400553368072654
DENND10,-0.916091690420678
AGMAT,-1.0793673532039796
TMEM116,0.3577979995873944
XRCC3,12.875921686261076
ARID1A,2.752664800219498
ATAD5,1.6566478729134422
SLC27A5,-1.4299426180126142
CDY1,-1.295853960715564
CDY1B,-1.0880621443427596
CYP11B2,1.3601434608362974
PKP1,-0.05039872214481569
FAAH2,-0.8311336975314253
ABCC5,0.9411535684329609
ACMSD,-0.732681539260853
GALNS,-0.510050393926209
UNC119,-0.7385220392528831
BBOX1,0.15056337586235033
PBLD,0.8092719243768812
NAXD,1.9605074268124758
CREB5,0.11335337805345172
AQP5,-1.3473671803825582
CREG1,-0.0029165576435906163
CPQ,-0.05167879332728212
RAB35,0.08091313140484134
LMAN2,-2.1819499652985535
TMT1A,-0.30276296539524994
PTGR2,-0.9625713956982864
ERAP1,-1.231463821963418
SLC25A35,-1.310339206478143
CPNE3,0.27900195312985726
PAH,2.1246430824235
PHYHD1,0.8468248815615185
PRKCH,2.296598985195906
ATF7,0.31708010917427376
ALAD,-0.5679902086864945
SORL1,0.4543686285013021
ATP7B,0.3478607762734113
SLC16A9,-0.04555322514270061
SYPL1,-1.2841895335514908
SLC5A8,0.08235991860405147
BTG2,-0.7106257080171794
SLC22A5,-1.407484297006025
NAGS,-0.5356646568782664
SLC25A34,0.2810510993277149
VPS50,1.2364079485839066
YPEL2,2.8183977066989017
SERINC1,0.0776604869456065
CTSF,-0.6682294639756768
TMBIM1,-0.35161115747319266
SAT1,5.895766013575278
F12,0.5662455199300188
TNS3,0.147734308259
SLC7A2,-0.7399359039756295
SAFB2,0.11851291329841873
ETNK2,-1.0819731472716845
ATL2,-1.2922174664003994
THOC2,0.39887959100047865
PLK3,-0.19998172801487232
SLC5A12,-0.7999421532857952
SPINT2,-0.6704481246906545
ERCC6,0.31685262614949045
MOCOS,-0.24939497427315827
PLK2,0.4921441036509604
CRTAP,1.102497097851504
GBA1,-0.4811123892465486
NBR1,0.18891429962648393
STX12,0.4653573431992075
CYP4V2,-0.26897560920659835
MAPK7,0.16963775282924998
NMNAT3,0.40218837717144923
YPEL5,2.337558561865187
TTC13,0.06753075605903328
HID1,-0.8096927526980349
MON2,1.4792883693502734
FHIT,9.850814921248952
TRAFD1,0.624135918893772
STIM1,1.1663340992620796
GPX8,1.3646030941870162
PAFAH2,-0.7767815157154825
HDHD3,-1.0574895000068822
KDM1B,0.615250067592587
PLBD1,-0.1949332506276695
LYPLAL1,1.9456245006676915
CEBPA,0.20797431628491136
PAAF1,-0.1513335861332895
RTN3,1.1259632341880603
KRT14,-3.386624352445596
MSRB2,-1.132722104304598
PGR,0.7333869049400974
MTARC1,-0.9296152849858437
CCPG1,-1.236263023607361
FOXRED2,0.10951674723038357
NUP214,0.41198854835482146
ANKRD42,-0.5454845658535579
ANKRD39,-0.7057608016337358
KTN1,-0.05591407034974472
SUN2,1.5962118323647512
KRT6B,-3.2464010412801962
GDE1,0.8175518674419359
G0S2,-0.43957475541914043
KRI1,-0.2471485494832018
NOM1,-0.35931985086963747
DENND10P1,-0.18812722807734622
FABP2,0.6529324121992133
PITPNM3,2.7847254438317757
CARNMT1,1.9767879812024636
SECTM1,-1.240277467038527
ZNF341,0.6308644521222607
COL6A6,-1.311636284687754
L3HYPDH,6.323795021111737
AFMID,-0.6640495814945645
TAP2,0.443519296555514
C7orf50,-1.5881390672501288
SUFU,0.6990126079803695
ELK1,1.6171777323015792
SLC15A1,1.2735251626363204
SGO1,0.9927504586676643
CTDP1,-0.09174422176217231
C1orf146,-0.6592244588038754
SCD5,0.8711557707626953
ADIPOR2,-0.4104955765398436
XRN2,0.12453400099235457
BPNT2,0.7853347397189003
OLAH,-0.8145519263329553
ERO1B,-0.6462687607537315
PIPOX,2.0591792584842756
UBE2D4,-0.35228475840775686
AMBRA1,11.122802792003718
TATDN1,-1.0379078590427804
CDYL,0.019880497987540012
CORO2A,-0.18710181924687375
HEATR3,-1.119785398391744
HPS5,-1.2693177589604978
APBB2,-0.2916798558072262
CCDC110,-0.7712134664491721
GPAM,-0.36659267136232243
CLCC1,-0.8183196520922396
GAPVD1,-1.133946647961336
SUN1,0.798741820784108
FAM98B,-0.6288072854811093
ZC3H18,-1.0648737027089725
OFD1,-0.35965802809470987
TCTN3,-1.0960838035333584
CAMKK1,0.8268113205724578
BRSK2,2.161269806933196
SNRK,0.5785751742507187
PSD,1.9384199261385016
AURKC,-1.0158771295745794
ULK2,0.24968318296725142
BRSK1,2.0211741254295843
NEK1,12.486147253459801
IL6,-2.720317931815826
MAP3K19,0.9219863588466308
PAK3,1.37309472928208
SGK2,0.30512948462735945
MAPK15,1.1530501221229565
DCLK1,1.87169826165505
CAMK2N1,0.45104844405202754
PSKH2,0.753513796040548
CREB1,2.8834707404361906
MAPK12,0.9397545735205349
MAP3K10,0.528439958919461
DCLK2,-0.28458251901201936
HYAL3,1.9939624815354513
KRTAP23-1,0.801065865970228
PMFBP1,-0.9831075104894399
DAPK1,0.32256329749552876
MATCAP2,0.7733918660825712
KRTAP22-1,-1.620134134115034
TNIK,3.75402515279898
AGBL5,-0.2157693877796048
KRTAP19-3,-0.21323777215600978
PLPP1,0.06571052671138958
TYRO3,0.48588936537172667
EEF2K,0.7781854370369963
SECISBP2L,0.3335355970854173
CACNG8,1.9043353026831757
MOK,-0.09363183182409007
DNAH14,-1.0894835017316824
LIMK1,1.0036076251186947
NBL1,0.19702117514952347
MAP3K15,-0.3896586809186249
ABCG1,-0.04137168496105814
CAPN3,-1.2762160902138922
TSR2,-0.46584711446821453
CDK18,0.15296425459623214
HOMER2,2.2557179390850166
IFNG,-3.091320918025798
KANSL3,1.098774879881662
HPX,0.2689149140815389
PUSL1,-0.9244039502070757
ATF6B,0.9698456035266634
ATF1,-0.07660647168278727
CACNA1S,1.6134622362259015
CACNA2D3,2.861799953963182
CACNA2D4,1.453195322107076
CACNA1F,1.700796234653623
CACNB3,2.100123090436137
CACNG5,2.035008760259967
CACNG6,2.563877827507309
CACNG4,1.9893307405820644
CACNG7,2.308308953909068
CDC25C,0.26763124118810144
CREB3,0.9634247530746896
CREB3L1,9.889440939752854
CREB3L2,1.0735048175271102
CREB3L3,1.0169264779484426
CREB3L4,1.5779250804312694
CREBBP,1.393356095758352
DLG3,2.0135418196446184
EPB41L1,1.3746428666133972
FBXO43,0.01664669812140515
LRRC7,0.51168789145463
FGF13,0.15064955070327282
NOS3,-0.6007000865618967
PDE3A,0.9087646546135434
PDE3B,0.8176269383064003
PDE4A,0.5749103879640195
ITPR2,2.9322620454005923
FOXO1,1.455307849185577
IFNGR2,-2.1947229891032656
PDE4B,11.546539217393267
PDE4C,0.030315362304956014
PDE4D,1.3921291188117364
SLN,-0.6048125546645066
TRPV1,-1.0188558934914984
SCN7A,2.004174871936221
SCN5A,1.7563888412981818
PLCB2,13.767058838147197
PLCB4,2.487751245221521
RASGRF2,1.935871826157451
RIPK3,-0.15768337966345117
RYR2,2.3426817170892416
ADCY5,1.0922225897463511
ADCY7,0.5433872948304305
ADCY6,1.201774931570011
ADCY3,-0.1948784091917802
ADCY4,1.2457727961316467
ADCY9,1.3469087532981834
AKAP5,1.9481537598524181
ARHGAP32,1.886437200200579
SYNGAP1,1.3656399337725718
GIT1,0.9629364206888271
KCNH5,2.4649134503310877
CNKSR2,1.7406694849705855
GRID2,1.8797877488234631
DNM3,1.268880292580447
CNTNAP1,1.847382528380927
CLSTN1,1.5093449466261983
KCNH6,2.221962652909179
KCNH7,3.3251177684294215
GRIK4,4.8724579136904005
PPP1R9A,3.704801002131793
STX3,2.7388875786935603
PDGFRB,-1.5758625440314904
SLC45A2,0.6254201163370382
KCNN1,2.3951240819702933
PTPN5,-0.29504456721976247
AGAP2,0.1334401045401588
KCNC4,2.402293937517486
CRTC1,2.167461075166141
H3C1,0.8580658258432711
MAPK8IP1,1.6963220334064213
CPEB3,2.0240942015039334
CADPS2,1.0458216415195296
CHRM3,13.455167268540805
SLC8A3,1.1184062302154714
DPYSL5,0.45532994434123547
ADD2,-0.14089342542198632
GRID1,2.0098978219405903
PTK2B,16.1790230420765
RAPGEF4,1.2812594306510214
NLGN4X,9.581484361153956
DSG1,-2.9851816995846394
SYT7,0.7115282116097262
H3C14,-0.6956134951354264
MPDZ,1.0025894912819862
PTPRR,0.7163384645981867
DAGLA,-0.004437597167852721
SSBP2,0.6590591259930663
KCNA4,2.605512725782121
ARC,1.189083262711773
HCN1,11.251744360317684
DTNA,2.600160678675282
CNGA3,1.5359677660928066
SHANK3,0.8853893410967438
KCNJ2,1.4352100740448233
HOMER3,0.42978148342035716
CLCN6,1.055857091777768
GNG2,0.14878855295082746
OLFM1,2.674063382578259
IGF2BP1,0.10841375886357493
SCGN,1.5449556775262334
ATP8A2,0.19199351963487546
SIPA1L1,0.8402956301042431
NTRK3,-0.014703732352968386
KCNH2,2.656277387782462
KCNH8,2.697882524653639
JPH4,1.7651946498946705
KCNK12,2.0868911996459842
SYNPO,-1.545312323699058
CNGB3,0.8186709954870841
DLGAP4,0.30335345221532956
GNG4,1.620687855318581
CADM2,1.3081727545025175
GPM6B,1.2398516573352112
APBA2,2.473893272689118
NCDN,1.590525050344495
KCNH4,2.0150024289096757
LRP2,-0.4259624565449046
ANKS1B,2.1015049295825916
CELF4,1.1214254646540052
ITSN1,0.7915202653909252
CAMK2N2,1.1138446837978504
CPEB4,1.3553961536512513
MPP3,0.36868849839719814
APBA1,2.903202538852818
DDN,1.8835518368838704
FAM131B,0.19022507384938603
CHGB,1.2736312316982086
AKAP9,0.41753492673553877
QKI,1.9823839606407734
SCN2B,2.796411303304837
ZC3HAV1,-1.2099326861465005
SNCB,2.1446288345850872
MAPK8IP2,1.9016686896872887
ZBTB32,0.970476111020238
SRCIN1,1.3964884851083068
ITGA2B,-0.08230477634391832
GRM4,1.6146723904608635
STAU2,-1.0239598254167563
PEX5L,1.070205828059372
NBEAL2,1.507603952477911
SCRT1,1.4595295114548035
HAPLN2,2.971551670849886
AVPR1B,0.4588566003876075
CDH22,0.011880686193752816
KCNJ12,2.232857348784888
RYR1,3.5566220342789734
NOS1AP,0.9631571382645346
PDE2A,0.7048059149538496
TMEM151B,1.3764612395116662
NTM,1.3460233408516593
PPP1R3A,0.24488445722625726
CDK5R2,2.519604979736703
ABI2,-0.790637726122823
RHOXF2,0.10955247175734595
DNAAF2,1.9982241091978055
ACTN3,-0.6671214298794783
FAM168A,1.6874239632606165
MYL7,0.8281768599427801
FNDC3B,0.44509182773466205
NDRG4,7.679874031976713
NECAB2,-0.8859962227564414
MYBPC1,-0.9194467513235199
TRPC3,1.676686312731883
ZMYM1,-0.23674931060445845
DMTN,0.6418172107695091
ADORA1,1.6253523954206457
EGR4,0.9112233473190834
MAP1A,1.4418999144179303
DUSP26,0.9693145548458945
IQSEC2,-0.3733468149381056
SAMD14,1.9308561864873368
AMER2,0.9962580071661647
RBPMS2,0.6882608008097804
SGIP1,0.49636222407701097
CADM3,1.281677267088843
MAGI2,1.0377103059136876
NAPB,2.779947573636372
HRH1,0.9195601415084804
MAPK8IP3,-0.3320147450972817
SYT12,1.5999354153328729
RBPMS,0.2581472423049747
TMEM59L,1.3870793549774667
SPTB,0.0249391605361955
RBM47,0.8236327621405025
WSCD2,0.8929203327874998
SAG,0.010821325667206658
GCG,-0.8459608762282296
SHC3,2.818246529956572
GJA1,-0.05399589249140194
ERC2,1.937245931809855
GLB1L2,-0.8564897699461372
KCNF1,2.4709955922602362
BAIAP3,1.1670882311520872
ADAM11,0.6185676945325908
DOC2B,2.424611201802207
NECAB1,1.0581136779632034
ADGRL3,1.0100144104450255
LIN54,-0.45508131620951475
H1-4,-0.9523526592762444
C1orf94,1.6206677080447978
ZNRF4,-0.6848474849020258
SEPTIN3,1.7759461161369576
TNNI2,2.925193407781659
WNT11,-1.3690017953175824
PDIA2,0.7418592378423108
EXTL1,1.549447738702765
HIF3A,0.3290185761159085
PTPRZ1,1.9527764904937994
BCAS1,-0.2777135218622176
NACAD,0.42999635883849785
CLCN3,14.555741814933654
GPR22,-0.6989309696675133
ADGRB1,-0.5159729991242413
SPTBN5,0.6650410109354497
SCN4A,3.8187909463111804
APC2,1.155380484129324
CHRND,1.7154860933929574
PIP5K1A,2.0994193673629153
NR2F6,1.5505143190936608
SRF,0.3281915291440311
PDC,-0.008962044106026438
KRT76,0.24465837864696852
CFAP410,0.050168588914301725
IKBKG,-0.24619839818495276
DNAL4,-0.24542591421774923
RBM20,-0.0036053836680336993
ARHGAP25,-0.8973442868426389
PRKD1,13.281109194447708
STK39,0.48119937693675163
EPHA10,0.8607537635064653
NEK9,1.1007694466932527
LDB3,0.18563765437930238
FAM171B,-0.44024036456042964
SCRN2,-0.7832193754520039
FAM163B,1.909767303658221
ZRANB3,-0.8679069478191193
SPATA2L,-0.8982662240347478
TP53INP1,0.44423660117747416
MYO3B,-0.8130551757153099
LCK,-0.45224921119121475
DDHD1,2.581825925203061
CASQ2,2.901647210156066
SHISA6,2.4707139488112766
TSR3,0.02849842053601824
CDC42BPA,1.0898730404405315
WASF3,-0.5575376154685441
CAMSAP1,-1.0967106057135112
WNT4,0.33224277838430466
MOAP1,-0.7248847515808832
IQCF1,-0.6347282960325085
GPRASP1,0.2757536575119213
LMTK2,-1.1675050928919053
SPATA24,-0.8963999240557908
N4BP2,1.1419487016505436
SSH3,0.8960832364221053
HES1,-0.3786236188955443
PLN,-0.8446660051011632
DDHD2,12.43305486571206
SEC23IP,0.8510555799580642
PCM1,-0.8915054674344679
FAM168B,0.7231100208410973
TIRAP,-0.9691768968209041
CEP192,-0.10839801005169031
DPH1,-1.3098841598073792
SENP5,-1.1362827773205841
ERCC8,0.9410459645452393
ELP3,1.5779132179852857
SPATA2,-0.3936780598981256
SAMD4B,0.5120396892070256
ZBTB2,2.4151383971900353
THUMPD3,1.9714413830116275
CARMIL1,0.9854502381955754
ADIPOR1,-0.2592866688481171
TPRN,-1.1637316513195726
TAX1BP1,0.24245230064554554
GIGYF2,18.553993018488736
DST,-0.44483240222114523
IFIH1,-1.2485740325728507
DENND4C,0.51469150886036
BOD1L1,1.0917975583172685
ALCAM,1.6332911584554795
ARRB2,-1.5712524704931974
ARGLU1,0.825723920961943
NACC1,0.8428292248061887
PIP4K2A,2.142287554582595
DYRK1A,-0.2875637196889753
EHD2,-0.4194430711141049
KCNIP3,0.9283669670024245
RYR3,2.459965035644495
KCNH3,2.250189009510538
LDLR,0.18596103265694358
SEC16A,1.2433250904172175
MPP1,-0.7924335908731456
NUDCD1,-1.0041666521032735
SH2D3C,-0.16591365484531273
ITPRID2,-0.6762823418177559
MAGEB4,0.6806810436211146
MAGEA3,-1.2663385758802932
CSAG3,2.016457223540787
LMO7,-1.9826960976774832
MBNL1,0.5629092122034932
NEDD1,-1.068245166174823
STIM2,-0.53651443557029
NEURL4,-0.8580004690545234
C6orf141,0.7272782637943125
CEP76,-0.49997115481711457
ARHGAP29,-1.6570603555018402
NEBL,0.07357014689180606
CDKN1C,0.6053718143191381
HAUS2,-0.6394850681497493
NIN,0.4564350297963567
SETD7,0.7240191381792167
MITF,-0.4496369770549813
TBC1D9B,2.1000660039269223
LRRFIP2,1.874950750837541
AIM2,-0.37968107285710173
CEP170,7.127284699462506
CREM,1.3883004315311418
CD5,-1.539925328506873
FOXP1,12.449583831908399
AFAP1,0.934975339521674
SLC37A1,-0.7673926117458508
ST6GALNAC5,0.2865433282627166
TIGD7,0.5227473366610169
PCNX4,1.1453476151450745
ILDR1,-1.1316847880542695
GIMAP2,1.6839891283908692
SAMD7,-1.0683871490170767
FABP1,-0.3640034338829181
CCDC68,-0.17304088403135295
CROT,2.137837853202515
PLEKHA6,-0.30776680280776836
ERAP2,-0.7927204290388024
KRT72,-1.371736049015855
KCTD2,-0.6620914682287041
ACY3,-0.4553055545687919
GK3,-0.3679242966125868
H1-3,-1.8750365180430633
TREH,2.5433501762490054
LAT2,-1.345707545170486
SLC27A2,-1.3417402847566757
SERPINF2,-0.48486459313165065
GALNT6,-0.48714299710615405
FADS3,0.8079489518044798
ACTR8,0.7206659679483737
ITIH2,-0.0767607384449161
AMY1B,-0.28942692980861023
AMY2B,-0.47462713379593474
FBXW7,1.8501825607695415
ST14,-0.8794971132374759
RNF183,-0.823573845848854
ITPK1,1.0249937762115602
GCHFR,-0.8922094465739271
LNX1,0.09362333302539345
CEACAM6,1.0570997602029923
OASL,-0.017462874240014525
BUB1,-0.9456769092751519
MLH3,-0.9430658220753355
BCL10,-0.8782402514686747
KLRC2,-2.3356770152583577
ABTB2,-0.27208261243305604
NRAP,-0.8402892990609436
ASB11,-0.705892891051372
CSF2,-2.408891574151855
DHRS7C,-1.114015352209264
TNNI1,-0.5972670254936013
JPH2,-0.13265785069075262
ANKRD1,-1.307265804872142
SLC9A3,-1.3930828007922966
CHD3,2.347877973285628
ANKRD23,0.41426646467335754
MYOZ1,0.12704542626839876
SLC22A13,-1.5432225408744762
IVL,-2.37940981043832
CPN1,0.7029946669875944
NMRK2,1.2042647271297273
MYL3,-0.5108846819227792
LBP,-0.4713513176455182
MYO15A,-1.1330518478650666
ITIH4,0.8515596637154322
APOBEC2,-0.5953122970913406
UCP3,-1.4363059186440543
AMBP,-1.569352510145199
MYL2,-1.1212897238434658
HSF4,-0.4556270078510168
GCGR,-0.3992397081002901
ARSL,0.23867923204434538
SLC2A9,-0.40508630702732634
FBXO40,-0.08184172387770759
ASB4,-1.3438814018270209
KRT83,-2.7779320225279696
MYOZ2,-0.8844287630985395
MYBPC2,-1.3713987400849548
RIMKLA,-0.022324104193114768
RIMKLB,-0.36672157326142363
GOT1L1,0.16131701904759677
SEC62,-0.09555401224831006
KLHL29,-0.8183439588846455
ORM1,-0.8395023023479284
PPEF1,-0.2740106101931867
PTPN22,-0.6723773787502905
PTPRH,0.09250866770933826
ASGR2,0.6342858080996521
DPYSL4,2.4649303098049975
NR4A1,2.040718590550852
L3MBTL2,11.435856878835612
PCGF6,14.164063709734828
UBR4,0.18437905809936664
UBE2R2,-0.8777468925570261
USP8,0.8551257111951772
DPP9,0.30215417208745105
E2F6,0.18116810584316698
UROC1,-0.4382494989147912
SLC38A3,-0.48792634867068196
ALG11,0.7462240562489771
GOLGA4,0.10382351978066932
RALB,0.9499972719385069
KIF5C,0.5145000997823397
KLHL13,-0.014807870565412395
UNK,0.22944341893216352
POU5F1,0.3075394027969725
RNF13,0.336529893495033
CEP20,-0.14625437127942323
RC3H2,0.3315870255559815
KBTBD4,-0.9274731125905493
SIRT6,-0.25212888278425527
CCP110,0.14576213192069293
PJA2,0.00077476288495472
PTP4A2,0.7706623985279367
L3MBTL1,0.40600224271110846
SERINC3,-0.856746827740269
CCDC77,-1.496335739010068
NPHP4,-0.15778392755639753
CEP128,-0.15092513655785422
BIRC8,-0.5602500735645635
LETMD1,-0.3897178150496487
HNRNPH2,1.9282305944699212
ARFGEF1,-0.8122522709105503
LRBA,2.7588209141526905
KCTD3,-1.6119186989858185
SS18,-0.2943329804685023
GMCL1,-0.11898567755589948
POLG2,-1.148951380121985
RFPL4B,-0.26576459165082517
TOM1L1,-0.3457546194083309
GABRE,3.2497998628555216
TSPAN5,0.9299961579504953
CEP164,1.187801427763574
CEP135,-0.7858104621100364
BCAP29,0.5440426425852124
PRKAG2,0.8400782997034912
CLVS2,-0.5092268265493403
ZP4,-0.435451191079706
ECT2L,0.5425886215819105
FAM120B,-0.7609409164056918
GNB1L,-0.5028574453812849
ZP3,0.31030783199127593
NLRP2,-1.3999556499427945
AKAP4,2.438710451409431
LANCL2,-0.6683610763240184
SEMG2,-1.2826469203629658
EDDM3B,-1.1690264027293567
TFDP2,-0.05496743153062619
LIN9,0.04171780330882171
LIN52,1.179618755366968
DDTL,-0.2843896179387029
BAG3,-0.02354262915575458
KRT7,-2.563910745463243
PPP1R13B,8.865260632103722
PLAAT1,0.759096780801253
ANXA9,1.2515558569981697
ROPN1,0.4381656738468261
TEKT5,-0.16912118312497118
ODF2,-1.0360823795189935
SEMG1,-0.9796794748078741
FOLH1,0.16236157668123224
ZPBP,-0.4356387687573526
KLHDC10,2.1529932940623144
ERMP1,0.4024060924281002
LTC4S,0.8911316555989742
APLP1,2.8914481585375214
GPX5,-0.4826920431930342
TLE1,-0.09477457040407306
MED31,0.5007302177702994
LRIF1,-0.12195114380394687
RIF1,0.3630323445530109
DNAJC4,1.4976635737703778
RPS6KA1,0.26642785908650723
PRKD2,1.0321396545325534
SGK3,1.4139768718630006
SIK2,-0.21668515116723572
PAK6,10.773162395771234
PRKD3,1.5311651941230744
DCLK3,3.0668465087035295
ZNF488,-0.5799232824781712
STK33,1.6282102454740597
GOLGA6L2,1.80105821630618
PRSS8,0.7139154570310675
CSNK1G1,0.5802216233517228
RIPK2,-0.32751380192757124
MLKL,-0.6947831388148139
KLHL26,0.7094557966624314
PRKAG3,0.5825738084410504
IQSEC1,2.235326896669203
ARRB1,-1.8660233174462504
VAMP1,1.7141333634630294
TNRC6C,0.14801532712361312
KLHL12,0.525127595665385
TMCC1,-1.0176961658752028
MPP7,1.0638391770449183
SLMAP,0.10081323147184959
TRAK1,-0.5247640802139809
EPS15L1,1.4763357010090106
NFATC3,16.363648914865774
CAMTA2,-0.7566224328169744
CABP2,0.5132862229094631
REC8,0.5772112100909188
CABIN1,1.4143800440102727
KIF3C,-0.013720400384867246
ZFTRAF1,0.6245807988942415
CILK1,-1.0799481827407253
PTGS2,-2.282414727293604
ZNF839,-0.7201401909334716
SNTB2,0.6849126135390012
MPPE1,-1.0912328795239827
KRT16,-2.680590475786098
STRBP,-1.048916435688593
LARP1,0.05594037596547833
SS18L1,1.9481852720547863
TNRC6B,1.7316426351114784
IL12RB1,-2.5044276130890992
IL12RB2,-3.0014961356017795
IL12B,-2.416212500427893
IL12A,-1.9618771813037448
STAT4,1.0372807304070202
IL23R,-1.4249274148836406
IL23A,-1.6163098446225466
IL18R1,-3.4280120388706736
IL21,-1.7280204616212742
IL21R,-2.27267838478143
IL2RG,-0.05857510675621647
IL4,-1.5958689442761602
IL2RB,-1.876483431854549
IL17F,-0.48409383785551463
IL13,-0.8680001114586107
RORC,-1.3239159865453913
IL17A,-1.5277173751429844
IL5,-2.5927141020289333
IL27RA,-2.3940448269556196
IL2RA,-0.8376596841074405
GATA3,0.3188917365834876
IL18,-2.1044220936745033
IL17RA,-0.534007895722315
ICOS,-1.6044954672400495
IL10,-2.699110353040454
CARD9,-2.035692534019435
TNFRSF13B,-0.23120808387833242
CCR6,-3.4299102721143595
IL27,-2.711260685830757
CD40LG,-2.507970792735367
AIRE,-0.13737402659505366
IL9R,-1.771611536282746
IL15RA,-1.8912950086643556
IL18RAP,-2.7414110295446825
SH2D1A,0.04083181852625978
IL22RA1,-0.4579135866134918
IL17C,-2.4560891122313584
IL22RA2,-2.1505336573620126
IL15,-3.168762588632995
IFNA2,-2.048278427248281
TNFRSF13C,12.047235230985622
IL17D,-1.680573125178305
IL5RA,-0.8868015195815602
EBI3,-2.7021467578095204
TNFRSF4,-1.8411429125407401
IFNW1,-1.0794594251805214
IL19,-2.407408394264327
IFNA1,-2.6583048013997077
TNFRSF9,-2.3542561491485765
IL7,-1.985267084393521
TSLP,-2.8084876599322603
IL1RAP,-1.4725743698183145
IL18BP,-2.2533527906667983
TLR3,-2.2977425509297618
CCR4,-2.371901298284972
IFNA6,-2.087815829324651
IL31,-1.3885921458912158
IL13RA2,0.6509140801998234
TNFRSF8,-1.902871219133639
IL9,-2.6792046777339134
IFNAR2,-1.3638630769020739
CD27,-1.9073593658893977
NEU3,0.7786897221200529
IFNA8,-2.5046765728769906
TNFSF14,-2.1027405510912307
TNFRSF18,-1.25772285091727
IL20RA,-1.2897310798632644
CTLA4,-1.7452869542383507
IFNA13,-1.5021635702784777
CCR7,-0.997385821812781
CXCR3,-2.1089064809553557
IL3,-2.016521481576731
IL3RA,-0.11997339437851595
IL32,-2.846366187451891
KLRC1,-2.621196291938321
LTA,-1.8463725908595419
IFNA7,-0.93906909293093
JAK3,0.24480256996836208
CIITA,-1.2804667307378619
TNFSF11,-0.921481111842501
IL37,-2.532419320938387
LTBP3,0.5312205790460879
IL31RA,-1.7529355208772281
CD209,-2.222356066703823
IL11,-3.509489532176787
IFNK,-1.3390058577710853
IL20,1.6391111739375457
TNFRSF25,1.7462084220853566
TNFSF15,-0.9784851930376106
IL1R2,-2.7520490892453893
PDCD1,-1.2072014772865105
FLT3LG,-1.184146232649254
CCR9,-0.9086234034814384
IL11RA,-1.5735120677078138
IFNL3,-1.9652387276123093
TRMT44,0.46002633587845043
TNFSF4,0.48273757925906874
SPHK1,-0.9589613796942452
CCL1,-0.8664084886412419
IRAK4,0.8002730866214195
KLRK1,-1.3768549850456802
CXCR6,-4.076695394805924
TIGIT,-2.7057417757600475
KLRD1,-3.063693679276509
IRF4,-0.8453089341707191
LTB,-0.41465817197481747
IL25,-0.7799886708710504
EOMES,-0.4911087970776663
BATF,-2.288479964175903
IL17RB,-2.243049224804767
IL24,-1.9349222314429915
NEU1,-0.26975080972785753
FASLG,-2.465359845693908
RAG1,-0.48891000581499466
CSF3,-2.828139388285968
IL36RN,-2.6811865047490193
VWDE,-1.220154628845841
TCP11L1,-0.1751849621350786
CD28,-2.476259858550841
OSM,-1.6854111766946271
BTLA,-1.7220040412802458
TNFSF12,0.42124052741571816
IL17RE,-1.6259853910205142
PDCD1LG2,-1.7130378849107883
CCR3,-2.0216453811897965
CRELD2,0.3060487220290694
LOXL2,-1.4932638286228777
CLCF1,-1.773744748132213
CCL5,-2.070301470787381
CD6,-1.0395791923738131
TNFSF8,-1.214027472925753
PCSK9,2.086877221380062
IL1RN,-4.6321972745660895
IL17B,-1.596242715634965
PIK3R5,0.5719277205952383
JAG2,-1.0219477644242623
TMC8,-1.334894141308976
IL26,-2.3918015100847985
GBP5,0.11295803717993783
ITGAE,-2.1166798344292195
CTF1,-1.8054085890924945
CD70,-1.8921704178677798
IRGM,-0.5056776909021302
FCAR,-3.1822264548140953
CXCL13,-2.6745974443599896
THPO,-1.322225673658567
SLAMF6,-2.309246171072389
CCR8,-1.9235427939210306
TLR10,-0.46780071329825984
ITGB5,-1.4164902019496641
ZNG1A,-0.9166037723662551
SOCS1,-0.5637296917810551
SPHK2,0.6368370942094987
LIF,-2.7340343316053133
NFATC1,-0.21735523051070624
NFATC2,0.9630284493931254
IFNE,-1.6292585918476161
IFNL2,-1.9881516527524894
IFNL1,-1.9829849190333002
GH2,-0.8615757580952805
HLX,-0.058308190981786155
IFNB1,-1.6298741599979316
CNTF,-1.3839375875247404
CSH2,-1.5400957842914924
CSH1,-1.7474348154410262
CD247,-1.0417705217487712
BCL3,-0.6093335342598054
CD8B,-2.3580479356745765
CD8A,-1.6251708470501052
CD3E,-0.7376830771588603
EPO,-2.244999175309042
EGF,-1.0478497521210977
CXCR1,-2.2022860665417388
CXCL8,-2.9012720571067883
SLAMF1,0.10779598229502002
TAGAP,-1.2619837498486142
SPN,-1.138127226780433
SIT1,-1.6290334389793675
SIRPG,-1.6153979200328203
CD79A,0.4588862832720876
ZAP70,-0.668050115253421
LAG3,-2.4948513128289327
CD69,0.3298806916045033
PTPN7,-1.004996453924586
LY9,-0.44901668164904157
MAP4K1,0.5699784885157275
KCNJ5,2.5661253880329973
SH2D2A,-0.8771917631180056
NCR1,-3.1775352758885385
CXCR2,-2.0737757643828996
GZMM,-1.5474732162191744
NCR3,-2.8546551332276042
ITGB7,-0.972020517330303
NCR2,-0.7004823553160137
BATF3,-0.3928633548986052
CD22,-1.3944648959731636
EPOR,-0.636041675608616
CASP10,-1.392210785008144
CNTFR,-0.3341205919953061
PTPRCAP,0.33700658801179795
XCL1,-2.8611466626474225
IL1RL2,-2.1175166424757084
KLRF1,0.8919788089572148
IKZF3,0.4315970910554042
IL36B,-1.919859300758268
KLRC4,-1.8999021241083813
IL1F10,-2.110330634274844
CCL16,-1.7181597492546552
POU2AF1,0.6195239717727266
CD7,-2.1648460796065234
CD244,-0.8866216734378033
CCL20,-3.880009957698851
CCL17,-2.850470825846805
SPIB,-0.26996744349573437
DENND1B,-0.850297995590403
IL17RD,-0.20340716994985392
SIGLEC10,-1.576211415765343
IL1RL1,-2.1388368945179455
CD274,-2.0361388153007614
SH2D1B,0.45734418728635384
LTBR,1.109691066350585
CCL22,-2.313158706361233
CYP21A2,0.9391617274077524
CYP4F22,-0.5478736323118966
CYP27C1,0.03593260668989861
CYP27B1,-0.533519173289161
CYP20A1,0.3102031452471573
DMD,-0.03869214802666571
SLCO1B3,-0.7588802506838528
CYP11B1,1.7268253940462146
AFP,-1.594737974782584
SAA4,0.0783671917106997
CYP24A1,-0.7876905439093985
APOA5,1.1030287782537398
PON3,0.5577994477748928
UGT8,0.06853998955331665
SLC22A6,0.14709801032055778
SULT1A4,2.450152522188629
SERPINA7,-0.9484666756535585
FOXA3,-0.06573653850380215
ACRV1,-1.0734353288698888
SPATA45,-0.7055387077918776
SLC15A2,-0.6418584174075052
CEACAM7,-0.4781158960245573
CEACAM4,-0.5576182300789282
CEACAM8,-2.1335343425167035
CEACAM3,-1.5531334635261502
ACE,2.425233816229947
FGF21,-0.5147384310767739
SLC22A8,-0.8285684899118148
SLCO1A2,0.15964449049235582
HSD3B1,0.6768130856404557
HSD3B2,1.9963004815551297
L1TD1,-0.3678942012161555
AVP,1.1421785248563374
HSD17B3,-0.30799111919494404
ATP12A,-0.594611065483001
FAXDC2,-0.20106062189664117
SERPINA6,0.1475491556528553
RDH8,0.15874025634456285
TDO2,-0.32486786780543925
LECT2,0.9999428634400008
DHRS12,-1.0675475776631287
SRD5A2,-0.24424662375346387
NR5A2,1.0840046341107883
UTY,0.2982506131859031
LPA,0.6916623689334238
SLC34A2,-0.6504074230116796
NR0B2,-0.5182789107182851
SPINT3,-1.142896734643111
ZC3H7B,13.497996804600751
PROZ,-0.18611029375765237
ORM2,0.11703561561324072
THSD4,0.9040147025778511
SPP2,-0.10444954378623716
DMBT1,-1.5110505478189575
AHSG,0.7373259088210419
ITIH1,0.9510490209228498
CHRNA10,1.9813936150683757
BCL2,3.4669082058253253
SLC22A11,-1.2504792111505325
SERPINA4,-0.7447250391543285
TTPA,-0.7598581080235883
CHRNA9,2.022238938228673
SERHL2,1.4163098777249408
PROC,0.27427416123305587
ABCG5,0.36567585050523604
ITIH3,1.7819423977441302
SERPINA5,-0.5817582802147475
APOA2,-0.31565424268161013
APOF,0.4957743217976852
IGFALS,1.4973095288755562
AQP8,-0.7013250677676204
ADAM21,-1.1738368433079258
PIK3C2G,1.268518542207973
CEACAM1,-1.026241752102722
ALOXE3,-1.7039734829198796
PDE1B,0.8501892356975379
PADI1,-0.9938218181605345
PLA2G2F,-0.11083399119547808
PDE8B,1.771432200533527
DIO1,-0.39492877970696094
PLA2G2E,-0.8078916438985538
PLA2G1B,-0.3708270680891074
DIO3,-0.3554291328283013
PDE1C,1.5292196910595648
DPEP1,2.000126001572012
ALOX15B,-1.5401511577167761
PLA2G2D,0.6920178870891028
PSG1,-0.35143597110400415
CH25H,-1.2554070147781475
TM4SF4,-1.2871197295698222
DCHS2,-0.3990775693088426
TM4SF5,0.23806583265804257
OR2S2,-4.623073300878991
C6orf120,-1.3342026782231013
EDA2R,0.5578909577540295
DEFA1,-2.294688769354663
NOCT,2.2796811912630384
P3H4,-0.4897120482332392
COLGALT2,2.8755528744511443
OAS1,0.144025834378614
P3H3,0.7692387892369392
ARSB,0.1685337190975634
B4GALNT1,0.9765164131466472
GBA2,-0.7838847818367978
NEU4,0.6739827926651463
ARSG,-0.14416799263658833
NAGLU,0.17732901779267712
NEU2,0.3278677082110152
ST8SIA1,-1.3290448115009492
B3GALNT1,-0.3208539544965683
HGSNAT,-1.2345045940085926
MAN2B2,0.7901438489422342
HEXD,3.8258866334527757
SI,-0.6185507652749257
ARSH,2.0293270425702223
ARSI,1.9113726114371716
ST3GAL1,0.17424538496382347
ST3GAL2,-1.5499243244773948
ARSD,1.0101953076079622
ARSF,-0.16050084557074493
ARSJ,-0.9491080213193235
GBGT1,-0.25800494816165076
ARSK,-0.0503326897474894
ST3GAL5,0.1896895287117883
MAN2C1,2.83069766987446
B3GALT4,-0.08300492531495161
ENGASE,1.0759162089632262
GLTP,0.8374177804983594
ST6GALNAC6,-1.203952159929039
ST8SIA5,0.1625100072917238
GLB1L,-0.76267156452422
BGN,0.23297119686804246
A4GALT,-0.5393956499803282
B3GALT5,0.37227264368031115
RENBP,-0.43984942855599873
CHIA,-0.5602533628081838
M6PR,-0.0956539310684089
DAP,-0.7503605389087205
ACP2,0.14644727847074385
SH2D3A,0.9164976964303225
FAN1,-0.12375300311965129
DNASE2,1.3172763656637707
SGTB,-1.1816091498729915
B4GALT6,-1.0071528438990704
CTSV,-1.8163273290161397
P3H1,0.8056924009026007
SLC17A5,-0.7335195686875458
GLMP,1.7485054842608325
TRAPPC6A,-0.04445031894013125
RNASET2,1.861920652101934
CHI3L1,0.21915377565868188
CYRIB,0.569470369723082
RAB3D,-0.3435107787216322
KIFC3,0.3483020913316662
CTSW,-0.7970187387995705
HNRNPCL1,-0.5846246746399324
GNPTG,-0.4635517177071273
GET4,-1.4585307712242634
ALG2,0.3239758422789717
TWSG1,-1.3098103324352788
TSPAN31,1.21339005022468
GOLGA1,0.2729990465870023
MAN2A1,-0.12764815333316287
WDR83,-0.7386290875257984
TOR1B,-1.8337478344649782
CTSO,-0.5011177881493031
FKBP9,-0.9745241097279169
CEP170P1,0.27691489226264493
GALC,-0.31600071147006276
SLC9A1,-0.3632023443105529
SALL1,1.4978755691398344
POTEB2,-0.706506624694937
ST6GALNAC3,-1.1154010487579153
UBQLNL,1.2747738236729302
UBL3,-0.8957548204674982
VCPKMT,-0.7943227787229168
KLHL36,0.6072740272648093
CTNS,0.08246950409369709
FAM210B,0.39575567649377974
UBR1,0.3109529977685771
MKRN3,-0.891666810256638
PIAS1,0.7281475250773533
BRI3,-0.8889113309132287
RAB27A,-1.0210573636020457
GLIPR1,0.3414388906391368
LAPTM4A,-1.544344180091302
OSBPL1A,0.5979327690666034
WIPI1,-0.4886504583114906
NUCB2,0.2809728512581404
MAN1A1,0.6766882938826353
TAX1BP3,-0.9554634890322271
EXT2,0.9715039629386591
LEPROT,-0.5608423399657858
CMTM6,-1.6192266283518797
TMEM9B,0.5090718873281399
OSTM1,-1.1052946050713424
SWAP70,-0.42919180807979884
PIGB,0.13297587842066602
EXOC1,1.0250636897453351
LHFPL2,-0.332018757673109
PAM,-0.8593171259311464
NSMCE1,0.2452637914407102
NECAP2,0.27237507743543665
EDEM2,-0.40168414463764457
PITPNA,0.07621341900288711
CTBS,-1.3917507395170503
ANKMY2,-0.27574905018707746
ATP6AP2,-2.5262393114665236
SLC31A1,0.3176379199360783
SELENOT,-0.14202159453826477
ERLEC1,-0.6540530147988597
SLC35A5,0.4279028574061713
GUCY1A1,-0.8322161773171827
GUCY1B1,0.49250917211902534
NPR1,-0.8401598619585982
EDNRA,0.1601346285985271
TMEM40,-2.084992295347229
NPPA,1.0190545735882295
PDE5A,0.6870255643432444
PDE1A,0.7256308094248275
PLA2G4D,0.5091415735835179
PDE9A,1.3641250459758203
SBSN,-2.236121560936209
AGAP1,-0.39024568040623503
S100A7,-0.41130542242195917
RTBDN,-0.7542188680772417
TRIM29,-1.761998568098303
GUCY1B2,-0.39461739421547226
PCDH17,0.9440795564468064
KCNMB1,0.39274233878755616
MYCT1,-1.2357376544811334
TCF21,-0.011689612134418955
ASPN,-1.6224492854843404
VWF,-0.8240450170814888
NPR3,0.6040307724018343
PDGFD,0.5216434057753273
SELP,-2.370289309919614
PBX1,1.674102972269847
LIMCH1,0.43397178944753495
NOTCH3,1.2179057466224184
CNN1,-0.9022820550813705
HEY1,-0.7682945573885006
RUNX1T1,-0.14439456147212737
CD34,-2.0363068386739633
CYYR1,-0.4926765055574778
RASGRP3,2.320674019876534
JCAD,-0.7073626972348588
MEIS1,-0.20173439362757323
TIE1,-0.12954640601003567
MMRN2,-1.8315355987086814
LDB2,0.2697914631485808
FRY,0.45699810423830656
FRZB,-1.581265757491634
MAST4,-0.0019121776819683385
POSTN,-0.25018405228908613
DOCK1,-1.265042434852747
KCNJ8,1.6306927662842343
SPON1,0.5350597801527691
FLT3,-1.546452231789143
CD200,-1.168850564177734
MXRA7,-0.8592424974134745
NOX5,0.3632470172123574
OR2M7,-4.599667719367667
OR1M1,-4.985009249039792
GRIN3B,2.7284710673731487
MTFR2,-1.5404846451359038
OR6T1,-1.245366800804452
LIN7A,0.08464577324778585
BBS2,-0.5144495487440311
COL5A2,-1.7807722963588792
USP28,1.1827276970273632
TLR9,-1.5465513965041826
MUL1,-0.7017277520984457
MYCBP2,1.19435282851785
TSPOAP1,1.6054350543785851
LRRC4C,1.0231700427190527
TPPP,-0.39810458381043595
LTBP1,-0.7969943316448856
DNAJC6,-0.1113045325620982
MCTP1,0.17602810512596587
GNAZ,1.9093807847388673
KCNMB4,0.78463692875007
LRRN3,0.5435840942086609
RTN1,1.1020087476977678
PLXNC1,0.46987284075228436
LAMA2,-0.08586835067732419
SERPINE2,-1.2239818251474226
IRAG1,-0.45791286435406636
RAP1GAP2,1.2152064704558208
LMO2,0.25440910752306384
ZNF646,1.916189672773019
FAM124A,1.581737947803985
TRIM39-RPP21,-0.5972487841479796
RAPGEF3,1.8447117789274061
PRKCQ,-0.05058603476767455
STK32A,0.7062797182746605
STK32B,0.9536355785655055
NUAK1,0.37417793789222975
CORO2B,-0.8147173712154786
KCNMB2,0.6656161802252808
NPPB,0.02894313470140504
BDKRB2,0.4680335134094134
PAK4,1.6530584331712799
ARHGEF15,0.19783933982365867
RBAK,-1.5757135648727671
MAP3K4,0.6762331706386181
ZKSCAN1,-1.3923579826886965
KCNMB3,0.7881849035071115
MYLK3,1.4735704106322922
RGS2,0.5406031712055889
GTF2I,0.9325210248511641
KCNU1,1.1162018334356545
FXYD2,-0.5196925497293979
GTF2IRD1,0.7194901838697628
TRPC4,0.3749209304786105
TRPC6,2.0460830496163713
TRPV4,0.20426988691464523
ATP1B4,-0.2853522234181333
CD38,-1.9067491625213715
BST1,2.136883048104674
GKAP1,0.2539874308522947
EPHA3,1.4757077278002013
FBN2,0.31979024886725105
ADRB3,2.7096370310439606
HECW2,0.6079971153555617
TNNI3,0.40469148956759976
ITGA8,0.19729606418876058
HSPB3,-0.8299416923093226
LMOD1,-0.45093367790601685
KCNA5,2.4266548661811997
DSC3,-2.0589787080021575
CALCRL,0.4676412645749141
SNTB1,-0.2626472213355986
TXNDC11,-0.20642792625635886
NEXN,1.0071621866619234
FHOD1,0.8922873460067251
CRIP2,-0.002523915872615234
NEK11,1.5825369892801833
NPHP3,-0.6006398850706874
RPS6KA6,0.4036687708007937
CDKL2,0.2298217829945871
NPR2,-0.6647550442766353
CHCHD7,0.9795570863341605
LCORL,0.7589434885668874
DCT,1.0663598622993409
FGF5,-1.3816435861901162
SHOX,-1.2732279801068456
AQP2,0.34863202070598465
A1CF,1.0824161771901522
ITGA10,-0.7041682281865551
IHH,-0.12915698647429766
FRAS1,-0.8970791749924643
SLC10A2,-1.9362762238189808
DNAH2,-0.8980480511001153
PDE8A,0.5795977312320315
BMP15,-0.5108078782076364
CYLC1,-0.9882067071187297
BCAR1,0.26868400275771975
EMP2,1.6505569100361959
FRMD8,0.2300437722956663
LPXN,-1.410605077437966
ASAP1,1.3567574827214002
ELMO2,-1.9644588594798984
BMX,0.5963238532089717
TRIM72,-1.4499458645790746
PKD1,-0.015672034289414664
DEF6,1.3946582181163034
RAPGEF1,1.8735648526060322
CBLB,-0.8283286404054575
PTK6,0.2530663308674763
CASS4,0.3695976692279138
UNC5C,1.0610191227682952
BRK1,1.4953942511142089
LIMK2,0.7425275939026129
TP53BP2,0.613749048784665
STAP2,0.7424180614431274
ABLIM2,0.45925590632478563
BBS10,-0.5126052063373703
NCK2,-0.35171647858584204
NEO1,0.28367460724103294
BSPRY,-1.038988918545469
ITGA7,-0.9070781746767341
ITGAD,-1.3262939755042935
ITGA9,-0.06941265858152768
ITGBL1,-1.7695473631062388
ITGB6,-1.574062495444837
ITGA2,-1.4374939702304945
LAMA1,0.8322187182844147
LAMA3,-1.3447385477392664
LAMC2,-2.8234371124599025
LAMB4,-0.5766214700200756
LAMC3,-1.5109979669818567
LAMB3,-1.8859042733235725
GPER1,-0.015880784395825857
FLT4,-0.8053740440098404
IBSP,-1.4172479240310363
HBEGF,-1.7944856103044016
SPTA1,-0.8630676498213322
SPTBN2,-0.6121650305618226
THBS2,-1.0600242431750342
THBS3,-1.5378341057426788
THBS4,0.26880177035490704
TLN2,-1.3394291643716225
TNC,0.2834810476182951
TNN,0.6762147205791446
UNC5A,-0.36642759119602647
SOS1,-1.187285478869242
SHC4,0.2866007775823695
PTPN13,-0.5447031860595589
PTPN21,0.9148236005382984
PTPRA,1.1688005134464574
SHB,0.5269367696560258
SHC2,-0.34927639998755866
UNC5B,-0.8500632638144358
UNC5D,1.1333016640423093
VAV3,-2.0026471323675943
WASL,-0.3686326546927237
WIPF2,1.2099268062704924
WIPF3,-0.4513196064594119
NECTIN3,-0.7971308638294705
NECTIN1,0.6894932204175291
NTN4,-1.248820534954477
NCKIPSD,0.46938083699404565
PIK3R6,-0.1689989705555293
PIK3CG,0.7093281648274335
PIK3CD,0.32953005644569733
PARVA,-0.7297157541395758
COL11A1,-0.45343088717590685
COL17A1,-1.7148699296633212
CHAD,2.4082623257998663
COMP,2.004482849640605
COL4A6,-0.9481658698784449
COL4A5,-2.26282916672259
COL4A3,-0.1886937341243798
COL4A4,-0.01230831643504058
COL9A1,2.233689227277755
COL9A3,-1.1598036611234455
COL9A2,1.897423037051976
BTC,-0.2361245077637334
CASP7,-1.1230765256278852
ELMO1,-0.9124902770876998
EREG,-1.321254189644158
EPGN,0.17555531938078833
EFNB1,0.527160467005
EDIL3,0.7881524963748533
ABLIM3,-0.45134889538326034
AREG,-2.0991868568114302
APBB1IP,0.24818774768037527
ARHGEF28,0.35317428361424746
ARHGEF2,1.0724724465383557
ARHGEF12,1.8690735621294958
ARHGAP10,-0.43208579239422334
ARHGAP26,-0.04549410991245109
AFDN,-0.20480502054099448
EFS,0.21165475617435087
DVL1,0.21324109798051277
ERBB3,1.9072260198422772
DAG1,-0.53777278441052
MISP,0.8721080346405317
ZNF800,0.3147178841049231
VPS33A,-0.5004748900841931
VPS8,1.297574391553558
DOCK7,0.2593105553037767
VPS41,0.06978934500571962
FERMT1,-0.9551899868224172
CCDC88A,3.4882449230118264
FOCAD,-0.8861913626458142
WDFY3,1.2300101172213158
ENAH,0.6862278606929268
TIA1,1.1945435708902559
PDLIM4,1.0817679732096643
KIFAP3,0.9823125339762516
FNBP1L,0.7276273113503188
DOCK6,-0.6279126565992337
ZMYND8,1.5905584876677643
EPHA7,1.7198251443757064
WASF1,0.706764586929771
EPB41L5,0.7057361776475262
ABL2,-0.11637599394162935
EPHB3,1.1007439441246196
PKP4,0.02210857245075506
CYTH3,0.6892766348144462
LPP,1.4427045568909667
ARHGEF10,0.4752705892081771
ROBO1,1.864835572055023
TCHP,0.8984940014688092
SPG11,1.280798693430628
SEPTIN8,0.7260431724803049
ASAP2,0.4282835254958732
CAMSAP2,1.0191369043591014
MYO10,0.0857829994128116
PROM1,-1.7996141339214968
AKAP12,1.9906300990177872
RABGAP1,0.10419195129334681
SORBS2,-0.07441996828087835
ZNF331,-0.8822096708953546
ARHGAP21,-0.031822416563641626
SLC23A2,-0.29830261557404847
PHLDB2,-0.07360154966928957
SORT1,1.8041161946612838
YTHDF3,0.723792673269789
SPART,0.9000259249592972
RAPGEF2,1.6483984159117444
ALMS1,12.913339102650912
FOXO3,1.0172344071991481
ZFYVE21,13.358189128451713
IRS1,1.789781876317842
E2F3,2.530643309014077
ATG12,-1.0401308247761065
MAL,-1.2562441174421093
FGD6,-1.4302435897447852
EFNB2,-0.1343339739022971
RBSN,-0.7283002445183195
SOCS2,-0.19135014443031736
CDKN1B,0.013904211496803666
CDCP1,-1.4567298289754476
ATG14,-0.6097645868097437
KRIT1,-0.49529583029478946
OTUD6B,1.3061512474730987
TRIM15,-1.2991940397034327
RND3,-0.48755573818838094
HMGA2,0.24190410498746778
DOK4,-1.0177609210801075
FAM120A,-0.04095874164342234
PTPRK,11.414086172528686
RBM25,2.931986885938727
LIMA1,0.1934997895872207
GRB14,0.9517908625150072
PDCD4,1.6136091254432166
F3,-0.8279230985023226
PLAT,-1.1300935363281444
TNK2,2.4573428860399766
LIMD1,0.41936454137789675
IGF2BP3,-1.4075614692303857
PKP2,1.0185015484870912
KLF5,-1.160140932865458
FER,1.7736823080858777
MICAL1,1.6920339419034376
CD79B,-1.0473642350908736
DOCK9,0.8634309676553468
MTUS1,-1.1742225748887902
FZD6,-1.6658987909267071
MAP4K5,0.21914799375807642
IGF2BP2,-0.04603231701184732
DVL1P1,-0.5174323407475556
DLGAP3,1.2135448653783472
IGHM,-0.9217467170003818
IVNS1ABP,-0.5990276359155221
FAM3C,-0.8747371381360867
ARHGAP12,0.7703073954851952
NPHP1,-0.48398631578734896
HBD,-1.5672825711152083
CFDP1,0.40692446758107215
OVCH2,-1.3018686305265617
MANSC4,-0.38753954708331995
TMEM170A,-0.6788980901933371
DOCK5,0.018457081375008896
FRK,0.23907465583397505
PWWP3B,-0.2612573722484954
SPATA32,0.7697433506893018
R3HDML,1.4041900840923285
GLIS2,-0.23344466528912605
APOBEC3H,-0.8535976899697655
ZC3HC1,2.55279424683528
KRBA2,-0.44420928930289727
SAMD9L,0.7707342911327981
DOK7,0.16391854142895013
DUS2,14.069817804583815
NLRC3,-0.947744772641481
FNBP1,2.296279826322901
SH3BGRL2,-0.5039781417317413
OTUD7A,0.4535750482808858
DOK1,-0.032350546553092205
EEIG1,1.948149220759875
ARMCX1,-0.7780296707542698
GRK4,-0.130222215223499
ZNF337,-1.5860676494967876
NLRP10,-1.1762528846939606
CXXC4,-0.7573463436266751
SHROOM2,0.18151924848836323
PEAK1,0.08123222841684001
PTP4A3,3.2235649377020694
PELP1,1.3818319104228876
INPPL1,1.257915540515852
DCBLD2,-0.046470117716835006
E2F2,1.2537367982079994
FES,13.283637840473704
PPP2R3B,1.4420900201871694
FGD1,0.5349197208324151
CLIP1,-0.29892611614080267
AJUBA,0.6949356177201252
PTK7,-0.7878506996004939
DAB2IP,-0.5583080691571124
PTPRM,0.08574044390024012
PTPN14,-0.3719020186575839
PRAM1,-1.0942210638731102
EPB41,0.31092006015302903
DIPK2A,0.6775829210304204
ID2,0.6722071630680946
TET2,0.459001186501119
CHD7,1.1978535622028768
PRAG1,0.24106955256462637
MEX3B,0.8380765125928703
FMNL3,0.8324879388605922
FGD5,-0.6781407003223416
KIF13A,-0.5999804332934066
SRGAP1,1.1405109258997936
HIP1,0.8826352442569342
XAB2,0.8540176542521548
UHRF2,-0.6716041366829968
ARID3A,-0.8533825899906126
GARRE1,0.21063007853505294
IGSF8,-1.7067380185486758
BAIAP2L1,-1.5034817400332008
STAM,-0.8416454316860972
MICAL2,-1.2295140248108505
NAB2,9.311256140106885
WDR73,9.616914640052968
TSEN34,0.3193928748305087
KIF1C,-0.9219229757696783
KIN,1.574557313634018
IRS2,-0.7644772169241816
LUC7L,-0.21390351547181138
PDIA5,-0.9889628487695518
SMC5,-0.16308702298138703
CDK11A,-1.2690447000804053
ANKS1A,0.2596752836722835
CEP250,-0.9348031025757202
LEMD2,0.5073449822264063
GNAT1,0.4446502018073893
FXYD6,-0.09691980939182746
RCAN1,-0.6029006656650776
C16orf74,-0.19066701485054452
RCAN3,-0.8713920786308065
RCAN2,0.2822865112220669
TNS4,-1.1602505783701638
TXK,1.1499215434383798
SPATA33,-0.49784631267296636
LBH,-0.36511340668930226
PARD3B,1.6746565227650956
PLAC8,-0.4806023999037195
SMPD3,-1.0937161539068299
NFATC4,0.4318672042324159
SIK3,1.1488128032042906
ITPKB,2.4844889911792514
PHLPP2,2.33573349018809
AATK,-0.4185656354071375
CRTC2,2.3780119478273845
RASSF2,1.2217429153567405
KLHL3,0.36503288432311604
KLRG2,-1.13524306887544
UTRN,1.285954225657569
SSH2,-0.4907082703387872
CDC26,-0.2949753723884328
DAPP1,-1.1402493028063447
ANAPC4,-0.7677540085027557
ANAPC7,1.44780760532576
ANAPC13,2.344957386984252
PPP3R2,1.6313331128476454
IRF2BPL,0.0951587794371534
HCFC2,1.4658654859864453
RXRB,0.08759867797914907
PATJ,-0.3193906423377305
IRF2,-0.7142895578549191
IRF2BP2,-0.3078982987177026
JPH1,0.9374067827676437
IRF2BP1,0.6933705597255378
STXBP5,1.590749016893365
NPTN,1.0260940945632437
BCL11A,0.990837785070695
EPHA4,1.8683318100704076
ZBTB18,0.820540361344335
PTPN4,0.020334836537466906
GALNT1,1.0865731048648806
PPM1H,0.050550303844633
ATR,2.4776141362408857
MTM1,1.0046471704917996
FBXO11,-0.2963649546589534
CAB39L,-0.1283055303974247
PPP4R2,1.7147457172561023
UBE2B,-0.351304027065905
SHOC2,0.8312043790494398
MKLN1,0.7862540829569286
SEZ6,1.446023198922728
SYNJ2,1.804175043425588
FARP1,0.6038983509042121
UBE2D1,1.5773294480137876
TRIM33,0.9085497451776868
TANC2,0.3289830881805322
KERA,1.7088087982860232
PABIR1,-0.5484665513263318
NCOR1,0.6305632425013175
PDXP,0.46289891421284807
DMXL1,0.5395695930084295
RBBP6,-0.11020955899100963
SETSIP,0.08576121803142368
FBXO32,-1.4468559232297138
SLIT2,0.11190720624544465
RHOQ,-1.0037730302909822
KLHL2,-1.2282429029448834
CBFB,-0.3068778528881129
CAPN7,-0.6010697410042968
PPM1D,-0.20305028143216688
GALNT7,-0.6001531400779104
ATRX,0.8428866535807819
ENDOD1,0.08642394580047738
DEFA1B,1.5292953862530116
CCNI,0.5398013642482654
TRIB1,1.959346817041407
FAM167A,-0.5919791540660769
PAPSS1,0.22322197355094534
NCOA1,0.33398816483188826
ZMYM2,2.039810471208647
FGFR4,-0.3873666699459973
ERCC5,-0.3878900208743163
CHD9,0.7720674314831878
PNMA1,0.08980235039129357
MUC7,-1.9587862663763096
UBE4A,0.182559839798364
VEZF1,-0.5144072895334989
JMJD7-PLA2G4B,-0.21593604438879074
MAPRE2,0.18346125953290005
LRRC49,-1.3281057590924186
KRT17,-2.36363936551859
FNTB,-0.6800342110074284
RAB6C,-0.9028320273350607
LRP12,-1.162865645412197
TMEM131,-0.3515352217807989
EDEM3,0.11841069932369253
ATOH8,0.4497589857159465
NLK,-0.02185852300438512
TBC1D10C,-0.6558882743168931
TRIM16,-0.6437750327722748
HOXC5,0.47981724953687743
RSRC1,-0.42995732779334916
FAM149B1,-0.5239195197235031
FBXL17,-0.9269564032883175
ROR2,-1.2487871146118863
CDR2,-0.26379150207864127
PJA1,7.389836615241415
UBR2,-0.8620878735591455
CCDC85B,0.05042081863315901
AP5Z1,0.13452852143113864
GSPT2,-0.1323679212539617
PPP1R10,0.8920656884396162
STXBP3,-0.5935779662978783
PPP6R2,2.2340653098340653
SLC4A7,1.2864046714491568
ZNF25,-1.216466586914227
PHF21A,2.301613973546946
TOX4,0.6422449779358823
FPGT,-1.394368654552828
WDR37,0.71088203215445
MRTFB,-0.5757530519735788
UBP1,1.9416405986679879
TPST2,0.22360573644152268
BRWD1,-0.13460744630971813
ZNF189,-0.7476832018549571
OXR1,-0.6433450283740574
UBE2Q1,-1.6330484826026759
PPP2R3C,2.9517794704474523
SSX2IP,-0.253954401512065
SHTN1,-1.2558544433598822
HERC1,0.7957830882737674
RAB11FIP2,-0.5554422701105305
PPIP5K2,-0.10793306747416316
CCDC91,-0.9305855967779888
UBE3A,-0.38161878966631363
THAP12,-0.1196698377225887
CNOT6,0.9058490360777071
SERPINI1,0.6245708064426267
RPAIN,0.45125354278040264
RASSF5,0.00269936103566344
DCAF15,2.6823805754242676
TNIP1,0.4326491670215101
DHRSX,-1.395097177577808
SLC19A3,-0.6414791548553214
ANGPTL3,1.0539972738086516
PRODH2,0.20269274579554653
SLC38A4,-0.713584721782731
LIPC,1.0831908796906995
MTTP,0.4003758738826091
LAT,-1.158054770080648
CD19,-0.5712073773306569
TRAT1,-1.2210166622488818
GZMH,-1.262565062349109
EPS8L1,0.7322103190530348
MS4A1,-0.7524715910934291
MLN,0.8434493327033218
CD96,-2.0090112214869933
TCF7,-1.1853692783915457
CD1C,-1.5328986093612857
ZNF831,-0.9814098633395676
EPS8L3,-0.931965565805468
CCR2,-3.2879865938548707
KIR2DL3,1.5897310112309018
PTCRA,-0.8764752861813668
XCR1,-0.3976651323234061
CD101,-2.49118976336832
CD1A,-2.4238438104294926
VSIR,-0.9571704876319352
CRYGS,-1.1625789851980914
CD8B2,-0.14528177458965463
CD160,-1.915321448699252
PAX5,-0.17361253309726354
IDO1,-3.2626320122552905
CD1D,-3.03434007525971
CLEC9A,-0.8576269937563219
CD24,-0.04152022853602365
ZBTB46,0.46142175624116777
FGFBP2,0.5306680377771289
IGLL1,-1.685992123278438
KIR3DL2,-2.668434278357188
VPREB1,0.634570185950653
ITPRIPL1,0.3019499884763744
XCL2,-3.143718327062083
GPR174,-0.4059813421377265
MUC15,-1.4835219978531236
ZNF683,-2.168457361883769
VPREB3,1.3995960779369527
GHDC,1.8485956933255507
LRRC8A,0.1945984712567467
TMEM106C,0.9837154175141554
THEMIS,0.7253363439006613
DNAJC16,0.964360973218336
POLR1G,-0.3248067298539237
KIR3DL3,-2.1638802368581542
ADAM33,0.402326855014093
TM2D3,-1.1503525876573377
GP1BB,0.8952983477904337
FAM241B,-0.14708370536241583
ABCD2,-0.8603142286820523
KIR2DL1,-2.4639048294055144
PAG1,-1.2004722355914288
HLA-DQA2,-2.686239401287156
HLA-DQB2,-2.3124336693300944
SNTA1,0.2005802625805863
UBASH3A,-0.18968345663449152
CD1B,-2.5668748851232435
GRAP2,-0.46528608594671234
HLA-DOA,-1.3572299665843954
HLA-DRB3,-1.4171637501178673
HLA-DRB4,-1.529060231658863
HLA-G,-2.1286461084702446
HLA-H,-1.1855777061357204
SLA2,-1.359535143572384
TRBV7-9,-1.5787188388302797
TRAC,-1.0622618062976323
TRAV19,-1.367800132350148
TRAV29DV5,-1.4328579505253802
TRAV8-4,-1.5882351499195346
TRB,-1.0961933496220162
TRBC1,-1.3102073766019369
TRBV12-3,-1.5838064147441897
TRBC2,-0.7322080026701053
GPR171,-1.0960083225592954
SLAMF7,-1.1012436036871298
FCRL3,0.23724802861790475
LAX1,-1.54480954961479
SKAP1,-1.0875477065186125
P2RY10,-0.8626757017811753
ICAM3,-0.6183077947703104
EMB,7.727705281326972
SEPTIN1,-1.4230328700197075
TRAF3IP3,0.7688302626736011
JAML,1.3297566092011666
CD72,0.6040026715176438
DENND1C,-0.5543591367444141
AQP3,-1.1154256483736198
KCNA3,2.3784161506056583
S1PR4,0.4816729733983445
MS4A2,-3.3996456563907533
KIR2DL4,-2.688138108089323
PVRIG,-1.1892658391207456
LEF1,-0.06951545460270507
CD1E,-1.1608625546417963
PIGR,-2.4432410237972215
SPOCK2,2.3698406786585586
GIMAP5,-0.16452667329413762
GFI1,-0.9754733878409373
CPA3,-1.3639625085304512
RUNX3,0.35839393980310846
FCMR,1.5530902091950505
HLA-DOB,-0.404249230090126
RASGRP1,1.6658487083898943
FCER2,-0.05018907114070025
PYHIN1,-0.05308118109132289
GPSM3,-0.27530323364508785
CTRL,10.567822175394777
TCL1A,0.12878324424143067
GPR18,-1.3234734825572363
TRAF1,-0.3239130831496265
FOXN1,-1.530544278701545
CLEC2D,-1.8224532270616614
TRA,-0.8743411523868995
CD177,-1.6991772830399672
TMEM262,1.2216518218885326
TMEM54,-0.6291301981904461
IFIT1,0.8070562393140441
TMEM19,0.35431304883364295
LILRA4,-1.886811486497562
PRDM1,-2.146778019623067
PMP22,-1.3245751823149994
LMBR1,-0.37042458720426363
KLRC3,-2.0149304310477745
FCHO1,-0.1309008682423996
FCHO2,2.0568033995598984
REPS1,-0.15590244936400383
NECAP1,-0.5150996408748446
CALHM6,-1.1828480465023035
CLEC2B,-2.0836659569382183
GPR183,-0.4292112983158312
LDLRAP1,-0.09881642657919743
AGFG1,-0.7892748850463716
SLC2A8,0.5399316372387835
TNFRSF17,0.09473138750109249
RIPOR2,0.31307667504346154
ACAP1,-0.01845943120417456
BTN3A1,-0.24481231935380865
DGKA,1.8089582897367262
GGTLC1,-0.7821845143393023
SRXN1,0.6603690734582099
USP51,0.2958692848033544
TMEM68,-0.609951695293786
SSX2,-1.4491246690586006
MAFK,-0.7932072891850613
ZBTB21,-1.9126872206685424
APOA4,0.1625562049865296
BCO1,-1.0625829136243712
SPDL1,1.0956488013271815
MUC4,-1.4408344996715976
SERPINB3,-1.3098171024850263
CA6,1.5983305647110604
WDTC1,0.8791678219393365
NOX1,-0.2609634565279504
DUOX1,-0.8622962773130395
TFF3,-1.3960272356401682
NEIL1,-0.7661073753683724
GIN1,-1.125479531724
MAFF,-0.43901065469413747
STEEP1,-0.5519842124864149
ATG4C,0.4376479554650862
APOM,0.6175478803154095
FETUB,0.3196641593168468
SLC13A3,-0.4789421287992928
SPMIP6,-0.8633372712637429
DHFR2,-0.5990222457501846
SLC46A1,0.052299561667396896
GLYCTK,1.3214212049427472
MTRR,1.7521631180208574
HYI,-0.7921745728867081
FOLR1,-0.7808920097895629
TAMM41,-0.8087935773591126
PRSS23,-2.014296425417643
DEDD,-1.010695860248478
HEMK1,-0.8605268090080926
FRMD6,-1.4569305341812901
FBXO7,0.7510192944138959
POLR3H,0.6548695727138567
NOP9,-0.808660242490575
PMS2,-0.13949750936897523
NAF1,1.3252851849738307
ETNK1,-0.600937967654634
PSMC3IP,-0.5173444852917647
CDKN2C,1.920264992340583
MCM10,0.3924650918042469
ADAT3,0.3810877769252016
PINX1,-0.4829389608655707
NDOR1,0.7348454194579296
AZIN2,0.251891959497278
AMY1A,-0.3793972904775868
YLPM1,0.764751672336337
DUSP11,0.29850391831024864
RNF10,0.15062627839696552
CDS2,1.721318498532771
PHAX,-1.241747674272701
PRXL2A,-1.0417148794365616
TRDMT1,1.0072184655933052
PPM1L,0.3416447934090011
SLC23A1,-0.8554346694393471
MYB,-0.1906310381285613
NBAS,0.09571259775214243
ADAT2,0.07148241603739232
CHERP,1.1092922380163666
POLQ,-0.3928275956480574
AFG2A,1.588622214231892
PRTFDC1,-0.9380844400410971
RBM4B,0.12163982495930643
HAUS3,-1.109041888670887
POLD3,-0.9071327044375158
HIRIP3,12.326911550088294
HM13,-1.4759505540652613
TES,-1.4398091951324963
PARS2,1.2877321162434794
LPGAT1,0.3452781787777001
SFXN2,2.0848026509076503
ZC3H4,1.3773375138033987
PAWR,-0.22317355219454177
PCMTD2,-0.9843989276959885
FADS1,0.04773574510912825
DLEU1,-0.07757454322604121
GGCX,0.3778475323770959
BABAM2,0.7923824824682978
FLVCR2,-0.9288729891586958
CFAP119,0.808152426129699
ZNF860,-0.7720189452507837
TTC39C,0.3762575638385147
RAPGEFL1,-0.11748594125445089
EVC,-0.677154637606197
NT5C3B,0.564621407074192
GIPC3,-0.8048280049334207
ZNF419,-0.9316496596208997
WDR27,-0.1886430388360522
ZBTB8OS,-0.9761938251224503
DTD1,-0.15821007466817988
ZNF623,-1.0648220732545945
RHBDF1,-0.40575038940253483
ARMH3,2.9609098775112983
KIRREL3,1.1678294998329757
FAM110C,4.373688506279683
DNHD1,-0.6449271019251892
SPIN4,1.7404156461511973
MBNL3,1.5271608668515446
BBIP1,0.18558749448896047
DPH7,5.28445415399433
PALMD,-0.05439438539772629
ZNF544,1.4128800197382014
METTL2A,0.0965671542459016
BTBD6,0.6628192471423755
C9orf40,-1.2156611779065825
ADAL,1.8939440147354103
NAB1,0.664883814315189
ZNF215,-0.36805804944124254
C1orf21,-0.4513425410318859
KLHDC4,-0.38017883786763373
TRERF1,-0.19331135725256918
MORC4,-0.5192541656344953
TNFAIP8,0.8133146100954367
DGKQ,1.5460319320321703
DEGS1,-1.0287695275186517
FBXW11,-1.01144606516929
EEFSEC,1.770328148343098
TLK2,1.2808815622833467
NRF1,0.11506269012060652
RNF214,0.9899041894943643
MORC3,-0.3824204600658189
TMEM184A,0.5992514357606187
TOP1MT,-0.5637997293549479
SLC25A42,-1.661232393475543
YAF2,0.6283256264468813
DPP8,1.4682410563243458
KDM3A,1.0980570889953198
PIBF1,0.39838128741928375
PBX2,0.13653902354328126
GOLT1A,0.9326904816960432
SLC7A6,11.818367393471249
RAD18,-0.706931051964199
SLC25A38,-1.0794905190205508
MKS1,-1.4164953739692692
SHPK,1.7053542545440372
ISY1,-0.06154322788445019
ATF6,0.4196938991341978
AQR,1.0180972404824296
THOC5,0.46677720175242654
AEN,-0.08032446447327285
NEMP1,-0.4204740211180007
IWS1,1.2019004825571997
LEO1,0.03757735254395717
RPUSD2,-0.5310473329330152
HLCS,0.43346137738448054
TYSND1,-0.4491870067244223
COMTD1,-0.3679702843490737
CHAC1,-1.0557451958921868
TRA2A,-0.3621116162654577
B4GALT3,0.051943547956576894
KASH5,-1.4364414903583496
SLC1A4,0.19740291121255804
AMOT,-0.5035556195182558
PGS1,0.18306277434513188
HDAC8,3.6203225763871587
PUS3,-1.1044987371691735
RIOX1,2.230741417629451
BTBD10,0.58567617442026
EXOC7,1.6079733216197136
LARP4B,-0.20104891432388763
SEC24D,0.4276199419448609
CWF19L1,-0.7334064199752888
SCLY,1.1344147076372162
THAP7,1.4917249014584226
ELOA,-0.3414195535915719
SLC35C2,0.801015422550167
MIB2,0.06087002242260005
YBX3,-0.388397406410245
GATAD2A,17.489880449935164
BLM,1.0784955038368966
ATF5,-0.3751052211238808
GTF2A1,-0.542746578692721
ADCK5,-0.7019599660799639
SRSF11,2.3732623015315153
GEN1,-0.5065819110001994
NKIRAS2,3.2326523622894427
JPT2,0.5324703700814545
DPH2,-0.8132293213943672
HINT3,2.2901126929531004
SPC25,-0.45765485699886455
AHCTF1,0.33235135985786524
NDEL1,0.31162908303663767
NOMO3,-0.009248889813859332
SLC43A3,-0.7090492588954539
IPP,-1.1719713802405192
VIPAS39,0.5257488185003096
HAUS4,0.45578983118594224
TOM1L2,16.85062061860748
MCUR1,0.5028147743860003
NENF,-1.2521970402901523
SFXN5,11.39885650824662
GTF3C1,0.6701334476206842
MID1IP1,1.6534942415894966
SLC5A6,1.1970468266645908
FAM117B,3.178975783763881
TRIB3,-0.7852552677980711
RBCK1,-0.09100332798527291
FBH1,-0.6851892073445022
SMCHD1,-0.6949447997406597
METTL14,1.9810522010233718
NCBP3,1.3316853517984606
FAM161A,-0.9199830845537427
CDK2AP2,1.1610588135354514
FANCE,0.3132216615529531
CCNF,-1.502501497833813
NLRP13,-0.8971685788954352
UIMC1,0.02062326749781401
TMOD2,-0.45719401756950007
INHBE,-0.6228768989909145
DDIT4,-0.1218667825784146
LIN28A,-0.36019982629215747
ATF3,-0.5932683732030162
CLUAP1,-0.6069626434125616
ANKRD49,2.211379813838194
JMJD6,2.472290737127973
ZSWIM8,2.7972018054668184
MRGBP,0.13155784593832515
FLG,-2.6688897958973885
NT5C3A,-0.10502006721475102
GDAP1,-1.3453032359796184
ACOXL,-0.9888902366219912
ISG20L2,0.1611774551311417
AKAP8L,0.6494685156363672
FBXO38,0.42719646697013547
NOL8,0.6594946978304201
KIF21A,0.14009710799087166
WDR81,2.332482527130372
HJURP,-0.29953730664403233
GPATCH11,-0.483121023974129
LUC7L3,1.2842426162932739
TP53BP1,0.46089050811827287
RBM14,1.0120008795869264
THAP11,8.17993570808819
NELFB,-0.15302729977180787
MEPCE,-0.5019775189923591
KNOP1,-1.1804555894936593
AMOTL2,-1.0998161522509728
SLC28A3,0.021683006214616603
EMID1,-0.4643403608465161
PAMR1,-0.9354961388004384
FSHR,-1.682316323376484
RNF39,1.8833022751100381
FBXL7,-1.1236246494283724
PDZRN4,-0.4839270497536068
COL5A3,-1.3849999292208117
MAGEA10,-0.5080733148804815
FXYD3,-0.5650678660072616
BPIFA1,-1.4943752025803143
NID2,-0.2724676735608236
COL16A1,-1.4080467838738027
COL7A1,-1.0962860395882479
COL12A1,-1.5497943434853934
MMP1,-1.4736487569900503
LOXL1,-1.1979401483797572
ELN,-1.2974421696528975
LOXL3,-1.2687896568326498
HSPG2,1.0807214545375485
MMP10,-0.9449114595964382
MMP3,-1.0144690941871874
COL13A1,0.3365256918935291
FBLN2,-1.2675155219265848
COL21A1,0.45805401427633646
DDR2,-2.1802820347097636
MMP11,-1.2959734149563866
COL11A2,-0.07041566104962914
COL24A1,-0.2884612410762327
FBLN5,-0.12456241415648085
ADAM12,-0.8991415632488462
ADAMTS2,-0.4839578578311706
LOXL4,-1.3380069069534117
COL22A1,-0.34227334620150035
HAPLN1,3.339199499485812
COL23A1,-0.03349535989319058
P3H2,1.5623063503712094
TINAG,-0.9802143941352033
COL28A1,-0.7309862747624372
COL19A1,0.8318626102748529
ANGPT2,-0.6895959589692436
COCH,-1.1422537796969168
FOXE3,-0.9261359740494717
SRPX2,-1.196735474363902
ADAMTS7,1.6778325995289995
MMP8,-1.3434696311450727
ADAMTS1,0.5413505762289015
MFAP2,-0.14059695692756477
LAIR2,-1.8648902667882472
TFPI2,-2.5403919784363724
MMP15,0.2637938508101926
MMP19,-0.8496762835419799
PCOLCE,-1.0871138243204306
MMP13,0.9662189381532369
NALF1,1.7419657421467003
PLVAP,-0.14930673751319518
IGFBP3,0.4560711946120798
MATN2,-0.029894710358479258
MXRA5,-0.6345204481557831
CTHRC1,-1.2254555766686313
PGF,0.1845806538775767
COL20A1,-1.1772057813113266
GP6,-0.4450715894913353
SDC2,2.0598831038858814
ADAMTSL4,-0.9352762970689619
IGFBP4,-2.1606258613416944
CLEC14A,1.799133463966439
ADAMTS9,0.2047651770086597
MXRA8,-0.2876947883276716
THBD,-0.14458488898882507
MCAM,0.6537609075511556
ECSCR,1.117243827411318
HMCN1,-0.05874316424398846
COL25A1,0.19003335550533515
CD248,-1.325034602346019
FOXC1,-0.517614943478417
PODXL,-0.9865195195064921
EDN1,-0.7690854342282342
SNAI2,-0.23170318901478387
SULF1,-0.9508512782510288
KIRREL1,-1.3132578325172999
ANTXR1,-1.6535732836235055
DKK3,-0.8493586073495173
FKBP10,-1.1059756095723645
ECM1,1.1271449935797013
VEGFC,-1.9896972338925467
HAS2,2.7800389175821434
IGF2,-1.455306380805567
SOX9,-0.7936746671752943
AEBP1,-1.3481269059862582
SOX18,0.4915892262442944
DYSF,-0.7758497706942554
PDPN,-1.8265452978452719
STC1,-1.4521010076402778
NOX4,-0.08848109302577477
NOTCH4,-0.7127925607675548
VWA1,-0.8741883196595451
SRPX,-0.23877323842561365
SPON2,0.1470342566558507
FXYD5,-0.35331556369781264
IGFBP2,0.2584457156007501
JAM3,0.2823729527451534
FOXF2,-0.16223246017408274
ESM1,0.5126277147324172
SYDE1,-1.5593001565398998
SCARA3,0.416206533706312
GPC3,1.6026048934783446
LRRC15,0.14424708033172517
PTPRG,1.524447726273522
HSPB8,0.8273775223398331
ADGRA2,-1.8176124634723996
FBLIM1,-0.17787636039441276
SGCB,-0.5881611443514516
TMEM47,-0.7700659547977199
FNDC1,-1.0758279812097749
LRRC32,1.6717160941573561
SOX4,0.4264554402454768
FOXF1,-0.27784412730786134
CAVIN3,0.8669408418623261
FAP,-2.632715961085147
TNFRSF11B,-2.7200781108996552
MSX1,-0.977721114820799
NAV2,0.23429281301650728
ACKR3,-0.9159920793401859
FST,-1.411608166510787
GPC4,1.412160374984547
ID4,0.6255114136466959
MDK,15.24476615481278
STARD13,0.28862669280942843
PAPPA,-1.4616821273894531
GPR4,0.5636162008202106
LHFPL6,-0.8990266487519766
SAA1,0.26116360520291454
SAA2,0.4308214540865087
COLEC12,-1.3047977431581324
TENT5A,0.07354602745945626
ADAMTS8,0.6671072193266399
COLQ,-0.45902249579674853
COL27A1,-1.1662451731304202
CLPSL1,0.8694857281060453
CCDC80,-2.077091544083302
ADAMTS15,0.6076942418324817
COL26A1,-0.3450649044765526
CELA2B,-0.8378322521437827
SPOCK1,-0.4598054949779696
MMP16,10.805352699249402
ITLN2,-1.518792428016558
EMILIN2,-1.0880592036517145
LYG2,-1.536539974329658
STBD1,0.8960542432996196
HHIPL1,2.0353172675707016
ROBO4,0.39375801799185756
FGL1,1.2300797433571424
MATN3,2.804221072082825
CNNM2,9.214019578203805
ATF7IP,1.8468850357112343
C1QTNF2,-0.2951245809615695
NTN5,-0.5510102674679048
EGFL7,-0.25040083033097776
PCDH12,-0.037258870725918596
APOLD1,1.2612430613822339
LRRC17,2.037685853279187
ITM2C,-0.355927144004411
RASIP1,-0.645379341790964
TCF7L1,-0.03429441687896685
GATA6,-0.08706517211066177
WNT5B,-2.623377286533745
PROCR,0.5331606539850273
LIMS2,0.8539758027707294
FZD8,-1.304346750576638
ASAP3,0.5012275647034212
ARAP3,2.049907532961212
APLNR,-0.39441166602333044
DZIP1,-0.4980271309190066
RAB20,-1.9115958189435942
SPRY1,-0.17147180874932869
STC2,-1.257731126017914
CLIP2,-0.13286867746714895
VASN,1.6409060929772863
PALM2AKAP2,-0.6107147992148805
TMEM25,-0.45324493161615115
IGFBP6,-0.22091503362569997
HTRA3,-1.119180027784461
ZFHX3,1.881056454742509
BCAM,0.47412683844132386
DAZAP2,0.6404496226480761
TCF3,0.9836640350085514
CHST3,0.9283836756596845
CEMIP2,-0.8875642739529717
PRAF2,1.0003215269610148
AKAP3,0.02448774508102802
ADAM2,-0.03300167184554665
PRM1,-0.23648095492028784
SPA17,-0.8300854626560756
ACRBP,-0.032530212161946785
TCP11,3.530112390077139
NPAP1,-0.401349560800322
ODF1,2.3880070299017366
ZNF675,-1.8519483569605324
ELMOD1,1.000973163692775
PRM2,0.8596491592771817
SPACA3,-0.827483965730358
TEKT3,0.581274898108853
SLC24A3,1.0342074405129273
KLK3,-0.4563411464157567
TNP1,-0.5958214887237089
OAZ3,-0.9915584845285018
SMCP,-1.666030260098773
ACTL7B,-0.1557766807880203
DNAJC12,-0.6753312782052572
TEKT1,-1.291274124757712
SPACA4,0.9880631294295893
SPMAP2,-1.0629491295809883
CRISP2,-0.2480545145028661
SPESP1,2.5207224991746617
DAZL,0.7917408065795724
YBX2,-1.2638762931844787
SYCP1,-0.2522579841620884
ROPN1L,-0.7218763262887407
TDRD6,1.0800084963884424
TLE3,14.819903021092331
CALR3,-0.9721448958856969
MAGEC2,-1.0315018011022907
FATE1,0.7592770865949385
TEX15,0.2681222874043774
ADAM18,-0.7417585183554121
TSSK2,-0.021401455521664805
FTHL17,-1.1310514037220312
ZAN,-0.06793285372045609
IREB2,7.909335346805623
MAGEA4,-0.3268733416846126
NXF2,-1.153043125480876
CATSPER1,-0.4974338629386875
MORC1,0.22374112788474684
MAGEB1,-0.7714168420200773
PIP,-0.49980244940148905
GGT7,-0.5520496820429622
PIWIL2,0.4129639499929896
RNF17,0.8644267995361643
DMRT1,-0.5496258614397159
CABS1,-0.536805133130162
CFAP161,-0.6822476837893588
SPACA1,-0.022116515269556523
ACP3,-1.180169001719273
SLC2A14,-0.09327859569705617
TMX4,-0.9340249043457114
TDRD1,1.1150996739309347
C2orf50,-0.7660567319563146
STARD6,1.5532505963081715
TRIB2,1.367511022483753
HBE1,-1.0327775482864452
GAS8,0.17808939723889178
CHST8,-0.8373020228977761
DMPK,1.0664614686158675
TNNT2,-0.19676695649577508
ATP2C2,1.5730552088673453
ATP13A4,-0.2674316023863015
ATP13A5,0.3014561328580787
CLCN1,0.8762569156986088
ATP9A,0.40592820798347107
SH2B1,2.8949059221582596
TNNC1,-1.0207285988414878
TNNC2,-0.6272427130066137
MBNL2,0.8056475934021811
CELF1,1.4602423828497333
ATP9B,-0.7797860719365156
ATP11A,-0.784641799714003
ATP11C,-0.06703363195894949
ATP11B,-0.43383946996402145
ATP10B,-1.3006193991784727
ATP8B3,-0.675027194289113
ATP10A,-1.2833754762632552
ATP10D,0.023703589744674843
ATP8B2,-0.7335421802817021
NFATC2IP,2.7020256428442067
MYOT,-1.526061268027532
SGCG,-0.528824657765531
GRTP1,-0.06065340497088544
SRPK3,-0.23089282726408736
CHRNG,1.3950128525639682
B4GALNT3,1.0561368186805482
TLCD1,0.21385271447399518
RABEP2,1.36210221511828
GCNT2,0.32935756248483117
SLC10A7,-0.8443333025700863
KLHL40,-1.3136683176082413
MYF6,2.0677365419729843
TRDN,0.07856634393497555
LRRCC1,-0.5006191051329106
TMEM143,1.658652441069916
RSPH6A,-0.29343307194490276
PEX10,-0.3359054605310489
ST6GAL1,0.3396383137295831
FAR2,-0.13167470511303506
CHRNE,2.132338843303359
TMEM18,0.8744049586012786
RNF167,-0.4540602872465354
ALG10,0.849983048475402
ATP13A3,0.13138881567255398
NAT14,0.8087487364652652
CLDND1,-0.7050310796679661
GPAT3,-1.0936416533659472
PEX16,1.398637891650535
UNC45B,-0.6484221619619643
MYOG,0.13950472917427117
DUSP7,-0.1968661673154477
ABCA4,-0.3710239376056239
CST6,0.14198845019375497
ENTPD2,-1.1657789324384853
ABCA12,-1.2939752725027225
THRA,1.1872634865548217
HRC,2.0658379874772326
ATP6V0A2,-1.1850539832744784
PIGS,-0.9959583789511898
THADA,3.164462920547834
TECRL,-0.20015555328271703
TPCN1,-0.4162043248319095
MINDY1,-0.7112335016731891
KLHL41,-1.2866606123705353
WDR7,0.9826815590291949
SLC9A8,-0.3749687685347221
GJA5,0.7494805086387607
MYOD1,-0.7616061600239111
MB,-0.15183709501080067
OBSCN,0.1922817567331
PHF7,2.296390433344479
SETDB1,0.17406001481428696
MYL4,-0.281266352865988
TBX6,9.776082614606187
CHRNB1,1.9576779250391625
TMOD1,-1.6000274212518177
CDH15,-1.04000336367267
EYA1,-0.24910875880785213
SYNPO2L,2.888276085933034
ALS2CL,-0.13817382207824422
KRT13,-2.1460835474988573
TFAP2B,-0.4350466827619993
HSPB7,-0.8140468283914417
CACNA1I,11.126482391381781
DIO2,-0.8372621109831586
LIM2,-1.2248704561787886
KRT24,-2.0317876616123134
SLC9A2,0.2071409451408286
TULP3,-0.9837734801423332
LGR4,-0.8241053460940404
BTN1A1,-1.670589105616121
KRT2,-2.6460032685314667
KRT4,-1.3068535868965367
KRT75,-2.3092762748659994
CPNE7,1.8299689654910418
TPTE,-1.018076152808248
ATP8A1,-0.25686267089043663
ATP8B1,-1.5584593147310097
ATP8B4,-0.41955437959246605
TBX5,0.28322835801630486
PDZD11,-0.8698014967426361
MYBPC3,2.3214072566425514
TRAM2,-0.9613838803747548
MESP1,-0.033088041986371594
TMTC2,-0.6050677622155635
KCNQ1,1.652525014542505
IRX4,0.1704661649074039
MYOCD,-0.25096952410101303
PPEF2,-0.8549956458908082
ASB17,-0.06600411647671857
ASB5,-0.6090797312437395
ABCA3,-0.49400109989636515
SLC35G1,2.514612453171131
MYOM2,0.9342446677432077
ASB1,0.1615854803420976
ELP4,0.7643343726507004
TRPC1,0.9332096651062506
RIC3,1.0948320050911005
TRIM13,-1.2326527186676328
KRT19,-1.3792214106788758
NHSL1,-0.42644096967664025
THRB,0.8666228608230566
SLC12A4,13.966726246088657
MICAL3,1.0570037698669452
TAP1,-0.46429973780692974
TMEM63B,-0.4165753650951947
SHCBP1,0.050659894897431224
CLN5,0.5167206829620474
AP1G2,-0.724930688077691
VPS54,-0.22709777788101307
SUCO,-0.7698713935066598
RIC1,-0.48918379472897416
GRAMD1A,0.2794410526467545
SPRTN,1.3402030441143906
TRAPPC8,1.7745781311114963
PKD2,-0.30975680348970225
VPS52,-0.7157695232849414
EPN2,18.032533568638897
SELENOI,0.3497292887768989
SLC12A6,0.6617310642931523
TAPT1,-0.0036631284009172376
URB2,-0.21420461212627495
EMC10,-0.06781305072262601
RBM26,21.06465461389301
SLC12A7,-0.7030141123065182
ZMIZ1,0.6544548814185979
DOCK10,1.5260906671667305
TRPV2,1.0527095905677484
OSBP,1.231748576873628
TBC1D22A,-0.18829669061097568
LMBRD2,1.2916670002412367
AP4E1,0.7347857595173152
RFT1,14.409121840392018
PIGG,-1.148490303593751
NBEA,2.9443413660479663
PANX1,-0.402740939791323
EMC3,-1.1338120252850772
ZDHHC20,-0.8031125446106131
EHD3,-0.523899648302505
SLC35A3,-0.5778191949288276
HEATR6,0.5633064510650654
CCAR1,-0.2117189404599839
COG6,0.6851200332246663
MAN1A2,0.43299333333797235
RTF1,0.4024182913392649
TBC1D22B,-0.7256440580997349
COG7,1.80027652700175
TARBP1,-0.4486873693709956
CYTH1,0.7513090710165813
CHD1,1.0173974771078655
FAM91A1,1.3703803758161366
COG1,0.7955560161513756
RINT1,-0.818245567249833
CWF19L2,0.09075911524261773
SKIC2,-0.35119224432312285
XPO7,2.6560130115908325
ZBED4,1.2985112754588275
TM9SF4,-1.182963809788992
CNOT6L,0.4452514719329661
ANO6,-0.2201309234644134
FSD2,-0.6939599594051951
ZW10,-0.08147779613126278
SLC16A10,0.689599394255222
COG3,1.1564927127630997
CNOT10,-0.5577125389374682
SBNO2,3.4560779553424936
PIEZO2,-0.45302490945697427
LTN1,0.771430715440623
VKORC1L1,0.27196749884314614
MGAT2,0.6078378450857264
WDR11,0.4245890519962932
PLPP2,0.1205635151482071
MBTPS1,-0.24550007749326697
ABCD4,-0.12394941945115509
PTDSS2,-1.251947878983556
CDC40,-0.3959544669003737
SLC30A5,-0.01724107357288308
TMEM38A,1.0092354241979886
RGP1,-0.16937169218525389
ABHD3,-0.1816483611466778
TMEM38B,-0.16900780216167774
CDH3,-1.3873393497599127
MED23,0.884764942570163
GNG10,2.2269899489881095
RPP38,0.4416618192452439
TMED5,-0.5732062690402276
CEP55,-1.354649087356743
BLTP2,0.014241702779620271
STX16,0.8373507173482552
SLC30A7,-0.1968338480643974
IPO11,-0.17416963377868483
SACS,0.7459775759967014
SLC30A1,-1.3894031804514724
SBNO1,13.382693703701811
TRPM7,0.5808111877754804
MLLT1,2.9283765007810394
DSC2,-2.2143320950474
UBAC2,-1.4458528036233635
CPT1C,11.48320992563075
WFS1,-1.2952024494003482
NFE2L1,-0.5838903272480382
XBP1,-0.4069509638649589
CAND2,0.43427081962994435
WDR48,-0.2665372349787236
RELCH,0.7804922151731324
ABHD2,-0.5637938538987818
NUS1,-0.022017983980051985
INSIG1,-0.5150785836302474
ABHD1,-0.46964577338281366
PRPF39,2.1490488717741196
MOSPD2,1.396690326665689
ANO5,-1.253807975319898
BAZ1B,0.48929316013273644
SMPD4,-0.8099729561624482
REEP2,1.3577021213656184
TMEM259,-0.33355490216922346
UBIAD1,0.23013773890881514
PLEKHA1,0.8299348607424786
TCTN2,0.8552047763972954
OSBPL11,1.9921872130941556
RBBP5,0.7889039798627423
TMEM245,0.0963141120027216
ANKLE2,0.8810067093445204
NUP98,-0.4031245632227321
NFRKB,1.5052974104150552
TMCO3,-0.1804960013019527
SLC6A8,0.5841877318912366
DESI2,-0.00726124799203562
RAB2B,-1.0155503059232236
MACO1,-1.3837226925641946
TRAPPC2,-1.426922092241608
SLC39A7,-0.9186063612239082
ORAI1,0.2147432621786743
TRIM37,-1.3064810025641078
TBX2,-0.47127182346474317
CLN6,-0.9477813334058183
AMFR,-0.9275322101821412
FAM20C,-0.6941061047646092
RYBP,0.6501464397433752
LRRC31,0.2623364345651997
SON,-0.05946652413544283
COX1,0.0906174422251604
RCN3,-0.14482242796617162
EIF2AK3,-1.7398265796004366
RHOF,-1.267498851090367
SARAF,-0.5859755415626062
ORMDL3,-1.4432551850156816
ESRRB,-0.9721092757476244
ZCCHC8,0.028330521291853095
ATXN1,0.6668556924673218
GGA3,-0.5159948439127664
MSL1,0.7813264592749495
RIOK3,-0.3090429397711294
MED13,0.5866213594321751
TRADD,0.5511491058203889
ESCO1,2.0911221518502394
FBXO21,-1.744982690444092
ZNF106,-0.5072528795499255
ORMDL1,-0.1596269795127003
ZFP91,-0.1471734760396221
CNNM4,0.4977487474874685
ACOT1,-1.3602798028913232
AKAP8,0.8324760097189313
PLCD3,3.7198437091032375
STEAP3,1.2661572425152097
OSBPL10,2.6147649976080642
KRT9,-1.2796913951097428
HELZ2,0.11832090775829186
SLC35E1,-0.8820675335016019
RABL3,-0.7232704041243044
SPEN,0.18582456538376688
RCOR1,2.31738054929133
MED17,1.1619093015849056
AKAP17A,-1.1094520563493147
VANGL1,0.01618124282897183
POM121,0.37631164100213566
POM121C,0.14124494206133312
DPY19L1,-0.27671963314136144
KCTD5,0.5857718642224465
TNFAIP1,-0.412220478087695
ADNP,3.1765532528422553
IDNK,2.2144541352121583
RPEL1,9.214387663258385
GJB1,-0.8319188845525887
CCDC17,-0.6670306106589393
PGLYRP3,-1.292774464494459
ZNF296,0.4024460221967182
SMPX,-0.8674591848899097
MPND,0.5176955870058064
WHRN,0.06435334088087233
DTWD2,1.2781982902658626
C8orf48,-0.7085262235269978
TEN1,0.6336524499910726
IQCF2,-0.3933777064726509
ZNF57,1.5344230412398516
OTOA,-0.7224853421512818
RAI2,-0.7590678401073384
PJVK,-0.9555978656376449
ZNF366,-0.6307367880914468
CITED2,0.10352319478794363
ESPN,-1.043287789583604
ELF2,-0.231298199130159
ZSCAN9,-0.40698330188190557
MLC1,-0.6054967754323254
AQP12B,-0.7205370645572224
FEZ2,-0.009817158954152975
ZNF829,-1.4645085885145075
ZXDC,-0.5379135183160094
PHETA1,2.120119640153177
THTPA,-1.0263991495490028
FBXO31,-0.6098131171981205
ZNF497,1.4809764660887546
METTL27,1.0476926999506269
CRLF3,1.0904696702771126
ZNHIT2,0.3177706357791329
PDRG1,1.057260571730549
POC5,-1.0477660279561287
SRFBP1,0.697855391417641
PIGA,-0.6186646228493176
DHDDS,-1.4510886482288214
LTV1,-1.6086007662669377
POLR1F,-1.1077747215307516
CDK5RAP2,0.19325464423574487
POLR3E,0.11889739854810823
DHX33,1.5921465279444076
TBC1D15,-0.41552895227982356
TXLNG,-0.5289133561298758
TRUB1,0.044756253416198745
CCNE2,0.8578283268468739
DUSP28,-0.7763253369167744
CTU1,0.4964692573607833
ZNF280C,0.7576192745934904
WEE1,-0.9089181558523343
OSGEPL1,-0.11358038432195493
TCTN1,-1.4265451327776442
TRMU,-0.7387873276127528
RPUSD1,-1.0850005198499204
STIL,-1.1541678598541592
PGGT1B,-0.3508549458758101
ASB3,0.11295715582581185
IP6K1,0.32274311098625463
ZC3HAV1L,-0.07888707870959008
NUP35,-1.3621068953448001
HELQ,-0.6058445254764858
RADX,-0.07527450320099903
MRTFA,0.20177260867997315
MAGEE1,2.3966295699687463
PHF6,0.48396250909383176
CT47A1,-0.2889122239045715
NUDCD2,-0.3534052388852323
EOLA2,-0.8384517866600625
CDC42SE2,-1.367833127066431
RCL1,1.0043017130344287
MIS18A,-0.27429152924723893
MTMR14,0.8634677739701935
GLMN,2.053966900599525
OIP5,-0.5103839275691113
XPO4,2.2014751183986925
SELENOF,-0.6017844931863945
LIG3,0.0996817857968682
HAUS1,-1.4581567237034965
MPHOSPH9,14.1048382217313
CEP85,0.40513923795469636
ARHGEF37,-0.4783573190426717
FAM216A,-0.826801673699903
PUS7L,0.2063607026344488
IRF6,-0.1145941870287557
CEP112,-0.15942113166405197
HROB,0.0820217702844267
ANKRD18A,-0.6883267566932019
EML1,-0.004282139248998494
CABLES1,0.9325836203617421
FIRRM,-0.6358198398019201
KIZ,-0.9077011684476781
ADNP2,-0.11880775477661701
INPP5A,2.0574116169317516
TASOR,0.9577537085629618
ASXL1,1.99409034372129
SH2B2,-0.3141049101313
ZNHIT6,-1.6910428968124167
NKAP,0.10376432715392923
MAP7D3,1.1716083071872967
GDAP2,0.7335679457133379
GAN,0.30237120495013775
NOTCH2NLC,0.14116764935695048
CBY1,-0.5408036746115339
TAF11,-1.4381684546969975
CTU2,0.5467172526546107
NUP54,-1.4949623309463829
METTL18,-0.5975151427165039
ARHGAP19,0.21285476447197993
NXT2,0.8174781753660307
MANEA,0.05049361464917347
ALG13,2.3431306907061025
RMC1,0.44290674405702013
SPANXN4,-0.7645917347438533
SMYD2,0.4343487220326028
ATE1,0.012450399998375708
THUMPD1,0.3761703482134211
NEIL3,-1.304157702094637
SLC25A43,-1.0838828852919242
ARMC9,0.7597454393556919
NUCKS1,-0.750722223560864
PMS1,-0.10923341978121318
TUBD1,-1.7015525974894237
ZZZ3,0.6257856689413902
PIGX,0.1779324419843377
WRN,-0.07207926226905609
AMMECR1,-0.3554629581918161
NOTCH2NLA,-0.3462193253850092
HMGN3,-1.1992775144891616
KL,-1.310016962231774
CHST4,-1.2310332934297978
CDX2,-1.8245106493328913
CHST7,1.0644174081105562
SLCO4A1,-0.39709291740471225
SLC28A2,-1.4100854828638343
SLCO3A1,-1.1081028630941514
PSCA,0.7656018732598462
MLXIPL,2.8134253552817134
STRADB,-0.5183480864747568
DCLRE1C,-0.033231186671987455
CFAP91,-1.1429108398875927
RFESD,-0.6011875230110987
EBLN2,-0.38117007089329097
CIDEA,-1.141699791951283
MST1R,-0.6033875734258297
HHIP,1.3792568148458701
GAL3ST2,-0.6832208037877485
RAB7B,-0.9737571602883347
ALX4,-1.048974789931984
SLC9A5,1.0873615738022484
CEP68,-0.8705184284644959
VWA5A,-0.6900319487468193
MDP1,0.2890337903789732
GNG11,0.7245753413338291
GNB5,1.5069026072746707
GNG13,-1.6741258484733796
GNGT2,0.3033653182403765
GNGT1,-2.0434512351282526
GNG8,0.6592795033800869
GNG7,-1.6636945877963123
FOXO4,0.7085013282133119
TBC1D1,-1.0359449089389434
CRY1,-1.3443751279084075
CRY2,-1.32944995944536
AKT1S1,0.8017841978957745
TRIM11,-0.3293140634597642
PLP2,-0.09659560905167004
PPP1R3D,-0.7110888128401937
ENTR1,0.3765512633997948
CASP9,-0.08067593513772472
BBC3,-0.07668280419376447
GADD45A,-0.6989996506315838
ZSCAN32,1.5323845615151879
DSC1,-2.56699619083053
CASP14,-2.358711192383436
KLF15,-0.7785559986090069
CDX4,-0.8608027031081947
CCDC33,-0.7365588469430845
BLZF1,-1.7146785344659772
IHO1,-0.9816943609041533
MDFI,-0.23796326448879232
BEND5,-0.34197585624012794
SPRY2,-1.7285369955628183
RIMBP3,-0.4564337015248511
STX19,1.9948383363062832
UBXN11,0.565850271665368
GJA8,0.12610701740532715
BCL9,-0.15428450956557577
EPM2A,-1.0333291280720658
PRDM14,0.2917600829241232
TASOR2,0.30918762527941707
NBPF10,0.8255907951017615
ZNF236,0.3247017119380644
GRAPL,8.01903644699625
PRH2,-0.7803325348512256
KRTAP1-3,-2.191225984317056
KRTAP9-2,-2.5442882690748747
C2orf42,2.036967266344896
STX11,0.18197252445869852
MAJIN,-0.3467625156860187
DDIT4L,1.2697826470797187
GCSAML,0.2010209661789266
IRAK1BP1,1.1696659569732435
PPARGC1B,-0.4415832799127732
NHLRC4,1.2008009565091047
ZNF177,-1.145666667328054
AUNIP,-1.2579900213146682
RPH3AL,0.030881420575866358
KRBOX4,-0.39447004087470183
ZNF474,-0.571502358675848
CCDC28B,1.142763470376833
ZFP90,1.702111320672446
KRTAP9-4,-1.9109820069885215
TCF19,-1.6428555387197827
TGM7,0.5203235748574848
SERTAD2,-0.46052195360114767
BMP8A,-0.6648842706507154
TRAK2,0.7460353609184283
NET1,-0.9626654774612662
KMT2D,0.9765733432931224
YY1AP1,0.002553936691733233
NR1D2,-1.358090816336483
SAMD4A,-0.13732288420430003
TLE5,0.30628652470882795
KHDC4,0.2850863894152561
PROKR1,0.4346138237015082
NCCRP1,-1.5773201092875413
SERPINA12,-0.11347093334112182
TRIM35,0.17187034462481304
TRIM10,-0.771813161074288
REL,-0.41457665134643906
TCF4,10.906190441937147
CALCOCO2,-0.13125201044857096
KRT40,-0.6005432795195752
KRTAP4-2,-2.78251276384251
KRTAP10-11,-2.273569811847864
KRTAP10-8,-0.1791816052666456
KRTAP10-5,-0.5207380254019291
KRTAP10-3,-0.2205785481036228
ELL2,-1.2161328776711924
CCL24,-2.159955990718417
CXCL2,-2.4439329187772523
CCL7,-3.092787765045576
EHF,1.0578755856441697
VWA3B,0.6254842922422815
SAMD12,0.9589262344426548
PGLYRP1,-1.9737492397383927
CCL11,-2.8060941635911605
NLRP3,-2.0792942807730377
AMDHD1,-0.5864042814476986
DEFA4,-2.2287226993068154
ALOX15,-0.07208416299767176
SLFN12L,-0.6362198873528186
USP53,1.3404148761485648
UBE2J2,-1.8544579491376225
CFAP298,-0.8998275470572944
RETNLB,-0.2966769226889086
TSPAN6,-0.10323399854762683
GALNT9,-0.18079597992694504
MREG,-0.20299913953742282
THAP4,1.2844882578516799
KDM4A,14.192673804622364
FCF1,-0.8350715274798255
CD200R1,0.134847308207177
SUV39H2,0.6395484974893867
RIPPLY3,1.551117583306996
NOXRED1,-0.5701543213090852
CRISP3,-0.34965737263736996
HP,-0.7000150451119839
S100P,-1.0213167695379348
SERPINB12,-1.1226877344838733
OLFM4,-2.3201160230805287
BPI,-1.4333431272865984
IYD,-1.0584380518074712
CTSG,-1.1543185017364939
CAMP,-2.060184624157958
PADI4,-1.7395723713630604
FPR2,-1.2641981123265487
MBP,1.2306928451834178
DCD,-0.24386783127396394
RHBG,-1.4037783202542389
CEBPE,-1.2948834024842926
SLPI,-3.000253502415728
CSTA,-2.0955775717917065
RHAG,-0.2783835419963002
F5,-0.050047233451429286
MUC5AC,-1.9009766972004072
CLEC1B,-1.714995798393182
HPR,-0.1421281391573498
STAB2,-0.21875259220694065
ULBP1,-2.005414780203141
SPRR1B,-1.8798543758351651
TYR,0.9333112107726547
PM20D1,0.8468178140078627
RHD,-0.384459764517841
SPICE1,-1.2275366259565064
TCN1,-2.5852947032620666
GYPA,0.7140239475247774
TANK,-1.51451430619815
CPB2,-0.42573583195796755
IL1RAPL2,0.20200485377931734
SIGLEC6,-0.5554362886945589
HBZ,0.675461291003552
PAX8,-1.6135500987869746
GHRH,-0.8895337467923476
DDX59,-0.6411695368391478
DHX34,0.10559647374420969
MATN4,3.073192827094422
PPP1R3C,-1.084035561201669
FOXD4L6,-0.31158791898752775
ING2,-0.5333469414780856
PDE7B,0.8406639394929422
BCL6,-0.3780120788805485
SLC5A3,-0.394504904545853
TPD52L1,1.015993264877408
FOSL1,-0.859283662123055
RTL9,-0.7029684110280023
SUSD2,-0.9506136296112616
ARL10,0.3398508464470849
NLGN2,1.624906122460113
SLC47A2,-0.3334431670605732
RBFA,0.10744075754417513
DHX32,0.991357209378937
SNX11,1.7967150869384962
ELK4,-1.243623426436058
MPV17L2,3.2382009085519634
NUP42,-0.1949193137924453
TMED1,-1.5437829690165317
QTRT2,-0.3245462623021995
CDC14B,1.5812317108473062
QNG1,0.05763804281955226
INTS14,-0.5449623899505537
UBL7,-0.36273505011171064
MTRFR,-0.503546297367748
RMND5B,2.865476789244988
KLHDC2,2.252585833640895
URB1,1.700862904314581
BUD13,1.4545362765243688
COMMD5,-0.44905157554787634
CYTB,-0.21737891538422138
RBMS2,1.2703143783761515
MTERF2,-1.144760651463048
LIN28B,-0.6652923021761379
MSLN,-0.8156934411100288
MAD2L1BP,0.21942158697098524
NELFE,-0.3903032366116693
TMTC3,-0.20245744345263222
NFXL1,0.032991607913191515
OXNAD1,1.955871079736859
ZNF644,0.4675791899170745
RIOX2,1.3891036847420946
SDR39U1,-0.6552677157868045
KIFBP,0.26561798462830966
YBEY,-1.0908213506121756
PYURF,-0.28438896302071337
ZNF483,-1.0323947498222108
ZNF830,-0.3198783141641696
MLX,-0.25189139443570774
RRP8,0.20797953415126252
ZZEF1,-0.5657826339601757
TTC31,-0.5386530745229022
FAM9B,-0.8680712152794141
ZNF317,-0.2814154384899457
DHX40,0.5378010078238996
AMY2A,4.161191685964839
BCL2L12,9.648953426043487
GP2,-1.0045755842674629
DUSP4,0.2036959611532598
LCT,0.15549533761769765
MGAM2,-1.365837556464957
GYG2,-0.433455329117018
CPA1,-0.6343864872447388
PCDHB10,-0.9388263882130241
ASGR1,0.809019583710232
SLC51A,-1.0423006842486162
SLC51B,-2.04722441628198
FGF19,-0.29375056143929856
CLCA2,-2.3871299391697898
SLC5A1,-2.0645494468459047
TACSTD2,0.6531616983124351
ROS1,-0.8258504480509203
B3GALT1,-0.17592437219537277
TMEM127,2.6114191280543007
OR7A10,-4.771310782315781
CCDC62,-0.02873722593389577
HOXB3,-0.7187206856949633
H2BC7,-0.6967240988662423
RTP4,0.2549678756171473
NMNAT1,0.9842557248786145
USF3,-0.7402836150219284
ABCA10,0.20924445582724158
PDZRN3,-1.223717557572778
DGKG,1.3043473332118718
UBXN10,-0.5755532244741334
WBP2,6.397484273880935
AFG1L,-0.3900718768514046
PTPN3,-0.45598729806296584
NDFIP2,14.757537705413958
AIFM3,0.9005156439083322
SLC25A36,-0.22323961630167
SLC25A33,0.24262354549588078
ADPRM,-0.7150586527631356
GFOD2,8.792233723250966
POLL,-1.427880055290692
NUDT12,-1.065207621448433
SLC25A40,0.7162570063505418
SH3YL1,0.5454059765464154
TTC7B,0.1802902237460635
SPSB3,1.4472514901235158
DIS3L2,1.1286991598068286
XPC,-0.36680195053345177
SETD3,0.8084896957922312
PYROXD1,-1.071919924067898
MIGA2,-0.26189148835429765
CCS,-0.5711379839208759
PPP1R21,-0.73397419077404
GFOD1,3.1057937242019893
PEX14,-1.1155015677999578
ZCCHC9,-1.2508941683736918
BRD8,1.6322353045339422
NRDE2,0.7251803860041706
APPL2,0.6631671591001416
SECISBP2,-0.1643549973916158
MUTYH,-0.7154757278424746
SYNE1,2.044773968602253
DDB2,0.9004217919516418
CEPT1,2.2539152270241036
SLC25A44,-1.251330034419426
C8orf82,-0.7488196278275682
CYB5R4,-1.2877176939218666
WASHC2C,1.1358122935521706
TENT4A,-0.7750481670302043
MTA3,1.5836716701448033
TBC1D17,0.13982125530513817
TENT4B,1.4425537041037872
PBRM1,1.9552639988131975
ATP8,-1.1143611616787035
HSDL1,-1.5469120395141545
INTS10,-0.32217735114248225
TRIR,0.19232970592076307
TAF1C,1.1348507762059743
TRIM4,-1.390070423691891
LRRC14B,-0.8479853311406028
IFT46,-0.21425119986935987
BPNT1,-1.0384782147282452
DMC1,-0.24976780431464343
NAALADL2,1.3982985352078954
CCDC127,-0.8190228718957091
SMIM12,-0.9541214162393797
CNOT11,-0.7950472909908023
NR3C2,-0.11444398398987662
TMEM67,-0.9238159545075169
RPGRIP1L,-0.7706236694905892
CEP72,-0.4113843245278166
PRCC,-0.16680385663789685
PAPLN,0.9963352168942358
RSAD1,-0.5059074735191599
LYRM9,-0.6122121431173585
HAGHL,-0.7721639960044443
PTPDC1,-0.20420936142898147
MPC1L,-0.04375075402858426
GTF2H2,-0.8407804584875084
PI3,-0.4490016067827162
KRT36,-2.4023052496886477
PITHD1,-1.576919114737321
SLC25A37,1.3596714491903845
CCDC12,-0.45938129660577676
ETFRF1,-0.32291165369673747
IPO13,1.5446244931189177
RNASEH2B,0.8248406106010907
PAIP2,1.743150025855824
CERS5,-1.3795615873094897
PRADC1,-0.25318042591619544
BRI3BP,-0.5419973197565012
KRT6A,-3.2126761505071517
NRM,-0.4166566928969536
PHRF1,3.175943407890276
POFUT2,-0.2357483918730711
REEP6,0.24419496316264205
POLB,-0.19970817001106225
NUDT7,-0.679415592911634
SLC39A8,11.257299135899645
STX17,-0.06040555605664639
TXNDC16,-1.2899461378833246
RO60,0.02582305662459158
BTBD9,-0.3121172876005611
NKAPD1,1.307277973066611
ZFP69B,-0.4336220813026326
ART5,0.4909034302580986
EVPL,0.3556549697716856
S100A7A,-2.1417044336967215
A2ML1,-1.6577282331915657
PPL,-0.18543233215107977
SLC26A2,-0.8423556969251946
SLC26A1,-0.6172613342236292
SLC35B3,-0.1172196898834772
SLC35B2,-1.0774628158008124
TBX18,-0.8725233474242733
SPANXB1,-0.5636489873120536
CHST14,-0.30920782189009316
CHST12,1.8177161765185952
RNF115,-0.6007255463082077
TGDS,-0.1120104036335977
HSF2BP,0.41661548955036615
DSE,0.4379657760657557
CEP19,-0.02783037097584531
GLT8D2,0.25735733411080897
GTF3C4,1.40606223944197
AGGF1,0.2972173170217023
KIAA1549,-0.9314260873379155
ESRP1,0.1213697008014382
TRIM24,-0.33369023599940617
GNL1,-1.5647265691545427
GALNT3,0.02503661898219603
CCDC116,0.8997987612961854
ODAPH,-1.225069264850397
MCRIP2,1.3031069692629773
FAM24B,-0.9099785687666383
WDCP,0.3512964929236539
TMEM132A,2.2321262100818275
ERRFI1,1.2696378826119363
TPST1,-0.7077001869724827
FANCG,-0.571325816458772
RTEL1,-0.7006608948907314
HS2ST1,0.3085217988486068
NDST1,1.3296941034710943
FAM8A1,1.5147538923304256
BEX4,1.295772384636997
TTC9C,-0.8401668948442612
TTC3,-0.4398615448281846
FTO,1.945187701248053
GOLGA5,-0.028165527719002006
THRSP,0.6233341133203019
ZNF585B,-1.444722405838551
ZNF501,-0.19323742806760075
SLC27A6,-1.2399898369450084
ATPSCKMT,-1.1563480893501432
ZDHHC16,-0.5478484603583815
RETN,-1.4032553528100857
CAPN10,-1.0869132067597178
MYEOV,-0.9220169001973314
ANGPTL7,-1.2957298387307004
DCUN1D4,-0.23462224077115124
MOGAT2,1.504542133242299
CST5,-1.4994333730200964
ZMYM5,-0.9163596595252937
ELOVL3,-0.6983396692376744
PLIN5,-0.8942902728117873
DUSP15,-0.7284209517524914
NHLRC1,0.6524869809555455
MXD3,-0.9150569630917652
CTCFL,0.33481233237810004
MOGAT1,-0.616523537505574
CDHR5,0.4616615263796161
CIB3,-1.1765179937128143
TSC22D3,1.6262565068552042
CIMIP1,-0.9136341252541046
TRIM8,1.1031402934770076
FOXO6,0.36708911119479415
RXRG,2.0698436741447543
IGFBP1,-1.1307854917659046
IRS4,-0.6345476861223303
WNT10B,-1.8187303215561688
GNA12,-0.44738306923050614
BPIFB1,-1.4582391658791518
MUC5B,-0.7252611305910209
LACRT,-1.1385949556627881
RCOR3,0.37581333266348127
BBS1,-0.933883791279331
BBS9,0.059014991512108254
SIDT2,-0.33344268571196367
SLC22A18,-0.18752409917346316
INPP5K,1.6843972910340148
LAD1,0.8828898689250211
DUSP9,0.5106397180869092
PASK,-0.9425265452982219
DNAJC1,-0.2365784124025663
TEX9,0.33053667606322157
ANKRD52,0.7696972743116571
SLC22A9,-2.2689132846932054
PLGLB1,-0.602808128787046
GSTT2,-0.6075055313352884
MAMDC4,0.2502775764909643
TLL2,0.6528047160567436
PRPH2,0.13406176959630076
FUT4,1.1856948408739574
PRRG4,2.237677057942317
CLDN9,0.24465649178834453
ERF,0.2134410079323548
FNDC9,0.5439127544270497
GANC,-0.6383985540208058
REN,0.08806659814327725
MEP1A,-1.0967268750808414
NTS,0.1799831307631657
F8,0.39346100204148715
MOS,0.3466236329510419
LTK,-0.3667072014706002
TEC,0.3954378773958575
LALBA,-0.3886778445980503
LCTL,1.1735683864255242
SCT,-0.6598780855610646
PTH,-0.6609388627673828
CDX1,-1.832813116200417
GIP,-1.0267734974335956
VIT,0.032507517047289436
CLCA1,-1.9734812147881329
BTNL3,-1.565318837631457
REG1B,-0.5873140961350921
CLRN3,-0.9324993532908417
KRT20,-1.2030084811302468
TAS1R2,-1.3245234596491084
ENPP7,0.85146590585101
PGGHG,-0.62764576996558
SLC5A9,-0.19941640166075128
SLC5A10,-0.32418675237113265
HS3ST1,-0.47883194906056303
GPR42,-0.751302753098422
CCM2L,4.145712242566428
AP5B1,-0.5451795372665494
ULK3,1.1376753856860846
HUNK,0.49962190532834533
MAP3K9,0.7391134237963225
C20orf96,4.133453691640245
MAP3K12,0.509489568916314
CDC42BPG,0.026178576627448564
TTLL1,-0.9507587060424089
EPHA6,0.9995945490891858
RPS6KA4,2.3103412600816373
SPEG,-0.03952846821142366
PALD1,-0.4685038362047576
SPRYD7,0.6100234967872572
LIPH,-0.2983940323000092
ZSCAN1,-0.5860018969489422
NAA11,0.2584035729511608
NFIX,2.3236008959269796
ZNF397,-0.9400848564065607
EPB41L4B,1.1227124475631234
SEMA4G,1.3704862995110998
KRT86,-1.5314990975186917
MEF2B,0.7218858384302446
KCNK3,2.795474049782582
RAB9B,-1.3801202677196864
RAB11FIP3,-0.6799787962568572
GRIP1,0.5761341891321835
H3C6,-0.08007376604835273
SLC45A1,13.265716453927327
GNAL,-1.9366023060209758
KCNK13,2.13153716044371
ADARB1,0.8428764457280088
SCN3A,2.2538102969672096
KCNAB3,2.383264945468968
GRK2,-1.2902715769238684
KCNIP4,1.8123017912259296
KRTAP19-5,-1.1972349863136007
TBL1X,-0.08551616510618848
EFCAB6,1.2935882270048749
IL1RAPL1,0.4754929767120215
SCAMP5,1.0260472454796732
PURG,0.9914209553239838
CNGB1,0.18892381482749068
ARVCF,-0.28980255230301427
GUCA1B,-0.3203108288147502
CLXN,0.9160471498316957
MGAT5B,0.269558204852001
RETREG1,-1.1250792583898828
MYL10,-0.40477657769565945
PHF24,1.0817816973253374
NEURL1B,0.2508990990123591
CIB2,-0.39820931532845344
CHP2,-1.0567095189693205
SUSD4,-0.025857121998591182
STUM,-0.5022754956273149
CELSR3,1.1991380724985066
IQSEC3,1.525342740440062
NGB,0.8390292796817602
PIP5K1B,3.0678511427786477
RGS14,1.100838556982195
CALY,0.25851363949064915
PPFIA3,2.381213707395776
NRCAM,2.234859539846076
LRRN2,1.5765423169457742
ADGRL1,0.7924556522745054
PHYHIP,0.5646002429939636
DSCAML1,1.8617140336015492
ADRA1B,0.6546703635162452
RGS11,0.23645210979632694
NPY1R,-0.14148721570883957
PHAF1,-0.71883274936497
PCSK1N,0.7851325207563192
CAPN11,-0.242358843638368
CBLC,1.4973867157166574
KAZN,-0.23110512545793183
DUSP8,0.3052258860260003
KRTAP19-7,-1.3367264287324012
HCN2,2.7356772917539334
RAP1GAP,0.6758690564003998
PDZD7,-0.5873127764499881
KCNG2,9.376885868872119
ITPKC,1.2453631103994474
CHGA,0.3277733760125885
PPFIA4,0.8397888315769765
NGF,-0.8381630053081401
NXPH3,2.759093082775885
RAB26,-0.05224402870955881
PLXNA4,1.4401031827377098
OXT,1.0582299780387445
FGF1,0.10796863545250415
FXYD7,0.9521687607037981
KCNN3,2.587273802250617
LRRC3,-0.07684036469264992
MED18,-0.13924998667625982
GREB1,-0.6994754198351357
PRSS3,0.06330818433396604
WDR62,-0.0648491149573728
TP73,0.9789960813765257
AGAP3,0.11902396273703952
FCSK,-0.3424265886976021
MXI1,0.7152510367657567
MLXIP,0.5526405747547287
MAGEA12,-1.4576532020136088
ADM,-0.8589576066903891
FOXI2,0.24412246760007206
FOXL2,1.14641998581289
OTULIN,0.036205646976188305
LYPD4,-0.8095514835254682
FOXH1,-1.3442257847004953
FOXL1,-0.1142980045522111
SEMA4C,0.375098714076052
FOXB1,0.6324373525505849
MYO19,-0.883617862669516
E4F1,2.0063423853281197
NOL3,-1.518243398297458
IRF3,15.830541943698108
SEPTIN10,-0.48246676641106684
SEPTIN6,-0.8058663790572959
CRYBG3,-0.3169826294609183
RLF,-0.006378620761279236
HILPDA,0.9698986215321799
ZBTB17,-0.6651344706360628
SEC22C,-0.4788070972297805
SYCP2L,0.8362729477043537
MDH1B,0.23457308956529715
LRRC25,-0.520626882884527
IFT56,-1.3371647623745553
ACOD1,-0.40488791112467676
TPCN2,-0.6362048428663619
C1orf162,-1.3311497835302781
SUCNR1,-1.0158870016987531
TMEM150B,0.6051821005621607
TAS2R50,-1.474346181031632
RNASE2,-1.4886052259580622
CLEC12A,-0.1992067470940599
PLEKHO2,0.450611331784758
MCEMP1,-1.2560040507793144
GPR84,-0.4571712606434459
SIGLEC9,-0.7432261228284232
APOBR,0.18394624622664743
LILRA5,-2.422679608553374
ADAM8,0.2257924619703303
CYTH4,-0.054569569648171425
PPBP,-1.1415369428767488
P2RX1,0.3740764876518062
DPEP2,10.413981689355904
DOK3,-1.5779061839470634
RNASE3,-2.0297497481213393
CLEC4E,-2.161311633104565
FOLR3,-1.3349585040907788
RASGRP2,1.3459808768842207
TRPM2,0.6146183275106178
FGD2,-0.7305837881011925
ARHGAP4,0.943492231830501
ZNF467,-0.8149587620990557
NFE2,-0.7098364411746096
APOBEC3A,-0.8612934481050922
NCOA2,0.3947236866193705
TDG,-0.6770029048933865
NCOA6,-0.5217410784959117
KMT2A,2.3152403736513283
MYBL1,-0.20541038395955413
BAZ2A,2.1390180349504853
NSD1,1.5980658405976076
KMT2C,2.1365380193543504
BRDT,0.7866572457397837
ARID1B,1.3773999236118013
GCM1,-1.7760579663594669
SRCAP,1.6820021797466267
BRPF1,1.3938901429099095
KAT6A,1.4219553858087068
HOXB7,-0.9294408997552259
KAT6B,0.9933672374811565
DOT1L,1.4596612204167867
KAT8,0.7593141994197151
EHMT1,2.3800896759126906
KLF13,1.6105302672383008
ASH1L,1.6014824888471342
KLF1,-1.6300117902884939
BAZ2B,1.3451952461748975
CENPJ,-0.9178744467551702
CITED4,-0.27294017536451365
CITED1,-1.1298422513963187
NFYC,-0.6064933433113757
HOXB6,0.6083423737728806
KDM2A,2.1266890171161994
GLI3,0.5261443034657465
CECR2,-0.4076652313759108
HDAC10,1.0039253480951473
TCF12,0.8750125458576273
SETBP1,1.0590472542594476
KANSL1,1.5264609854716127
CARD11,-0.5629387104720874
NPAS2,-0.7803848214563106
BRWD3,1.391709850206949
PIAS3,1.4271239135715907
MAML1,0.9388818597439165
TET1,1.793682481067816
POU2F3,-0.7120272064537759
BRD1,0.020466619351194273
DNMT3A,-0.2017627964300068
HIPK2,0.45107360044341716
CSMD3,1.7234396746088545
CLOCK,1.3510303327555586
PHOX2A,-0.056619139561232296
TCF20,15.785553145591276
HOXB2,1.0683342239837257
HES5,-0.2801153563520557
BMAL1,0.781815029980511
PRRC2C,0.9241361768457896
MED25,2.683902063233916
CDK8,-0.5622360042713043
GATA2,-1.6339498671888597
JMY,1.8981652083975036
MEF2D,1.295353996717055
MED28,-0.20960877238226902
MED29,-0.4878109885021627
MED30,-0.16345214363229868
MED8,0.26265106157604023
MED9,1.7144591560067994
MSGN1,-0.09362614739276491
MTF1,-0.14408157347973982
MYCL,-0.42946016360235434
MYCN,0.02519435410870473
MED26,-0.2614671201918832
MAML3,0.8567237339381217
MED10,0.11255970249374134
MED13L,2.068448907893851
MED14,-0.3661181362230931
MED19,24.627718784124347
MED20,-0.2609637966275399
MED22,-0.23910369225589795
HDAC7,1.6018976752762535
DDIT3,0.30824500153919643
EBF1,0.901002991004661
EGR2,0.8638517717175928
EGR3,1.6381816499079507
GPS2,1.226761677530691
H3C15,-1.0083834895967967
SIK1,-0.4704365414953093
RBPJL,0.9614083551326683
SAP30,-0.12112534956918922
TFAP2C,-0.06410664925570515
TGS1,-0.8227424300310469
RARG,-0.21009675966938912
PAGR1,4.5314847377555685
PCGF2,0.3229029254115657
NFIB,2.754394783302786
NFIC,0.27761763505136083
POU2F1,-0.18366983452184701
PYGO1,0.3720860211746802
PYGO2,0.21617814789086173
PIAS4,2.172103543432466
VDR,-0.4616140022260371
WNT1,-0.8020145317899321
WNT3A,-1.0653645652627692
CDK19,-0.028145259508817196
CDKN2B,0.22382459677405855
ARNT2,0.7515523110540119
SERTAD3,0.9499034990813092
SERTAD1,0.49992639732969363
HOXA9,-1.5407741743027747
HOXA10,0.9009382985666609
FBXL19,-1.3255651534843
TAF4,0.29596865560699326
NR5A1,1.7586185508586625
RBL1,0.4239869894182214
BRPF3,1.168118538754151
PCGF3,1.3367263728071124
EPC1,0.18489553854373753
MIER1,1.052897593749135
JADE1,-1.1161973059148518
HELZ,1.7606380333293137
MAFB,-1.9348056580123252
PTOV1,-0.6788741799427618
NPAT,0.12234839591983655
HES6,1.1499146810807814
HOXD4,0.2514019171771851
EPC2,1.5743626181043515
ING1,-0.10469457062069543
MAU2,19.193993475011492
JADE3,1.1345974068478115
STAG1,22.309703746951765
PDS5B,0.4066974956641867
MARF1,0.45903730173503204
KAT7,0.21149096053963634
KLF8,0.6363742113840856
CHD6,0.9483030656841273
ETV6,1.2374512253966514
RAD54L2,0.16273058215397643
TACC2,-0.3274823493116373
POU1F1,0.2545362154333038
SAP130,2.311546529767153
HIPK1,-0.39831498745856136
EID3,1.4202983564884022
PHF12,1.6135426666647392
HOXD10,0.685051377957479
PHIP,1.8268626504746108
MECOM,0.19213637138013479
ZNF639,0.6914961322832596
RSF1,1.3330758286476903
PRLR,-1.2902937443328983
SETX,0.39395680374462755
SETD5,1.4875625398675811
KMT2E,14.044345441508684
CCNT1,-0.50541857468839
ELL,1.3974076387492573
PCF11,2.2273732539611775
EZH1,0.7876465541050862
ZNFX1,0.2909727136016313
ZC3H13,0.24030626419180282
SUDS3,1.5045237324025078
RERE,11.186196382391202
RFX1,0.8044469344012455
NSD3,2.5481189974593814
ATG2B,0.6684977496471826
BICRAL,0.9999586765074087
SETD1B,1.2606305825938209
POGZ,1.6598507003526317
ATG2A,1.4090368611014108
PLAGL1,-1.043808182762513
MSL2,23.351837238390257
LDB1,0.25710772100134066
ASXL2,-0.5832593421790501
XAF1,-0.24781295037341436
FRYL,0.7542950026559455
KDM4B,1.5557870830617289
KDM5D,0.8893055018507393
RFX2,-0.09046909714955637
ING5,-0.12254774604452338
PHF8,1.685290252557793
CBX7,0.5200344272777838
AFF1,2.4130847965976567
DVL3,0.26396827130170036
TNRC18,2.7886861430666325
CCNK,-0.8732401782380987
PPP4R3C,0.544413903530692
HOXD13,-0.10385915048119129
CTDSPL2,0.23617985530739286
HOXD12,-1.3101629041292282
CWC25,-0.04703366097593938
UBN1,0.20680069355934724
R3HDM1,0.9413734618241558
USF2,0.48748356204391846
MTF2,-0.19933260079198015
PHF10,1.0603952585886676
JMJD1C,3.4793943985431657
RFPL3,-1.2492534231225987
PHF1,0.8411476174702668
MNT,0.6711543554744569
UPF3A,0.7687627566278584
CAMTA1,1.0966886448345916
NR2C1,0.0380023167031854
ZNF692,0.46521396494356126
SETDB2,1.816633356575418
MGA,2.9216649866929503
USP34,0.6899139560391488
PAN3,1.8348501424201646
BCL9L,3.402164611785814
ICE1,-0.48666133792230704
RSBN1,0.4547688522971688
TLE2,0.5717762326469042
USP3,0.7560311700000789
PRDM10,2.1411354294699088
SIAH2,0.4818584703115279
GIGYF1,1.1751925253518332
CBX8,0.7944037514811843
ARID4B,1.2330101632004584
REV3L,-0.5399996483910551
EMSY,0.9017078854094221
TAOK3,0.6356964801933698
MXD1,-0.8697123248557495
FBRS,1.159310377378903
HIVEP1,-1.1678541687320119
MED12L,0.36304984721109324
ZNF609,1.2919734552351145
PI4KB,2.0402436500524406
SMG6,12.097737457328055
FGF2,-0.27031651541591195
ZNF217,1.3235004916938535
C3orf62,-0.3025397777203663
DYRK1B,-0.6283607120596585
KLF2,-1.5868431769975873
ARID4A,1.0737096112383986
GMEB2,0.4232797616227771
GSE1,1.9560800521907364
RREB1,1.1571841498209863
BHLHE40,-0.5016532511574106
SATB1,2.1137733132998235
SP100,1.3104187469200876
FUT7,0.5536681063265044
GPATCH8,2.17449367573745
BRCA2,0.03360578203086506
NRIP1,0.4376425415825667
MLLT3,1.7212106070954794
CBX4,0.8564628769699844
USF1,0.006403791889909613
HBP1,1.1141392677480453
BRIP1,-0.26858417885374153
AKIRIN2,0.20667046737585507
FOXJ2,1.3423184823068588
PHF2,3.9972646568739445
ZNF451,0.329044545989961
SMG7,1.2953547393302505
CRTC3,0.40135319196762254
SYNRG,1.5300243328647398
HOXB9,0.5956111502117867
CASP8AP2,-0.3522408891538623
ZCCHC12,-0.7147044311573207
PPP1R13L,0.758779237551019
GMEB1,-0.49098929066256974
TOPORS,-0.41807642291944386
CEP350,0.9239147524336356
ARID5B,1.5106822556620478
TSPYL2,1.8703297570173114
ZNF143,-0.28370469135801835
FOXJ3,0.5689175217385716
FOXN3,0.531914863058818
ZCCHC7,0.8343603680469137
BMAL2,-0.09457580495299758
KISS1,0.9534274000224722
HMGXB4,4.356285174145952
PATZ1,1.38996676921981
TRMT1L,1.7583384085616816
TLX1,-0.15744720345089852
NELFA,1.8739025693823552
MLLT6,1.6833785192623938
NSMCE3,1.465013874799467
PTPN2,-0.2658302665735714
TLK1,-0.4029053289073731
KLF10,-0.7741995758709074
TRAF5,0.8898448204906314
YTHDC1,0.6479753665066106
ZNRF3,-0.791822128751153
ZNF608,1.4112046803728384
ZBTB20,0.10845460670067797
SAP30BP,3.0880693855555212
KLF12,0.7115265369425787
EZHIP,1.7521705057366663
MTMR3,0.5205856380383791
SPC24,-0.3760427297166799
ZNF521,-0.7486362968604517
MKNK1,0.6209646412624374
ZNF274,-1.6015993324366598
ZNF292,-0.4134498490930268
SREK1,0.969441532703209
RING1,0.11472004181630303
FAM193A,1.5874816891316221
ZHX2,1.043980945810819
PHF3,1.373022353420421
KDM7A,2.0921244638369982
PITX2,-1.0749251407438833
SOWAHA,0.07039353228499655
LEFTY2,-1.2317469375297518
JDP2,-0.7470898632905386
CDK11B,1.5263548063700607
RSRC2,1.1568526257929808
PTGER4,0.021044759780245538
SLX4,0.5040617345158541
ZFX,-0.05514234879306708
ANKRD12,0.1482183783514885
PERP,-0.44842729190580394
TFF1,-1.082346976384299
HOXA11,-1.1477149414586583
DACH1,2.697841018997697
ALX1,-0.18361786530645127
HOXB1,-0.17404758656373473
VCPIP1,0.06216445121194663
KIAA0232,0.006318828803076385
TAL1,-1.1182317289677721
ETV1,1.5369659197880636
BDP1,-0.9611536786683215
HDAC11,-0.5980126356282826
ZNF384,1.0652518691928805
FAT4,-1.1346800531954124
NABP2,-0.6229226405061423
TADA2B,1.8468076674858145
NUTM1,0.92098818453988
PHF23,0.3752954095233954
ASCL2,-1.0992866025789543
MUC1,0.8983502712863313
PCGF5,0.8682390455373162
CHFR,0.48855976702430587
CBFA2T2,0.009812815845441114
BCL6B,-0.7632152755010301
BCAS3,1.9056814217346696
KLF7,0.008420543587173354
GRHL2,-0.12304146889015798
FZD2,0.04527218667050524
HEYL,-1.1014911392798352
HOXA1,-1.7095902934528955
HDAC9,0.5983251354239997
TTC28,0.5587765994772994
UVSSA,-0.6991103190400547
TP53AIP1,1.4935088760969262
ZNF175,-1.451548179303724
ZBTB4,-1.049474629005288
ZFPM1,0.5447363786731821
ZNF750,-0.0524643878217678
SUPT7L,0.8343595406565991
TAF1A,-1.5391987565941927
TAF1B,-0.7192097008048601
TAF1D,1.193308418350716
NR2F1,1.9497247817253744
NR6A1,-0.9429346405097166
PADI2,-0.7990939554681217
MDM4,-0.7504048364406869
MYSM1,0.6380169568231725
MBTD1,0.584395842600257
LYL1,0.7409877641169461
MYF5,-0.6309145245729243
SALL4,0.43988475599752414
SDE2,-1.0142713349065005
REST,0.6829241789587103
RNF8,1.0561686626146882
SMARCAL1,1.6332238442068647
SIX1,-0.4745621242839108
POU2F2,2.0340314356632305
PKNOX1,0.6238415506204265
PMAIP1,-0.5680909346556381
POLD4,0.25086692532901195
POLK,-0.06066837295947057
PRMT6,0.09608762893755794
EBF3,1.0838971901225978
DBP,-0.7808842086227321
DRAM2,0.9931279162472069
AICDA,0.5956251622825403
DLL4,-0.5183308386305563
AMH,0.5124535250905575
ATXN7,13.682027471096811
ZFPM2,-0.3610599404852027
MCM3AP,0.34665175539667387
HPS6,0.10628501828740664
SHPRH,1.4403728930119823
ZBTB49,-0.285822743352328
COMMD3-BMI1,1.831428298696974
CCNL1,0.7672334124818101
CNOT4,0.019985639951603913
FBXL5,0.3371019566252665
ALKBH4,0.42845472424957437
FBXW2,-0.2639237174644614
EID2,-0.35554782914945776
DTX1,0.9948825791681953
H2AC8,-0.9985721157503987
ZNF350,-0.8156038957637347
MBIP,-0.6018288263515501
USP47,-1.0349034160766701
ZBTB8A,0.20045369518095832
CDC14A,0.834687677831333
FBXW8,0.583254919457106
SPATA1,0.26245361158222846
PLSCR2,-0.6826354159302643
ANKHD1,-0.07913425436613179
ZNF12,0.17660773293050835
NCOA5,0.1422084426965562
PHC1,1.4854823139354638
TAF3,0.7221799808394854
TBL1Y,-0.026358268601276574
HAND2,-0.4043745295618509
REV1,0.0922616070883108
NEIL2,0.493615829842066
ZNF76,2.613981996893758
HEMGN,0.24844903216874142
ZNF398,-0.692363119931383
KDM2B,2.0783523439172193
SPOP,-0.895492979902516
PHF20,2.5463239143799026
EDEM1,-0.8790020746030341
USP24,1.854470151990076
PELI1,1.0158228417182391
RPRD2,1.4608090889709764
IKZF5,-0.04403196138643044
ELF1,0.17729329160079943
KAT14,1.0118339359643294
ZBTB40,-0.10881261591310092
BRMS1L,0.28862149553167826
MBD4,0.4560752985880489
H1-6,-0.016102033893535823
PHF19,0.8837187198562501
ZNF148,0.5021514690102552
MAGEA11,1.2270132595740824
PRDM6,0.7513105541712314
TRIM68,-0.5317662999301085
HIC1,1.1287133965873914
FYCO1,-0.26394719710369957
POLI,1.6238539259530025
GPBP1,0.5868274426451608
NCOA7,0.17147251501075508
ZBTB1,-0.9340891585748045
ESCO2,-0.3162142445322303
MN1,-0.4087545879283482
BMF,-0.6789306761196005
MLLT10,1.8439156230413771
GCKR,1.7886099610481694
GATA5,0.8231588416728639
ELSPBP1,-0.9976011957642198
MAP9,1.811661829338403
KMT5B,0.8349022282050851
PLAG1,1.1134928073149544
SENP6,-0.4239471868628671
ZC3H12A,0.3857771166231774
LEFTY1,-0.625784199771498
ZNF24,1.60717656108919
SUSD6,2.211312772602627
COBL,0.7851872530759878
ZBTB10,-0.3989180577224048
BACH1,-0.4617505826843198
ZNF638,0.17018871878217437
HIVEP2,0.9819541477481453
ZNF687,1.122123470134763
ZCCHC14,-0.28322679563729
PLAGL2,0.6910641830162483
GLCCI1,-0.21505905177687895
ILRUN,1.337125398451502
RNF169,-0.30513216334327564
FAM117A,-0.1294039683785053
HYCC2,1.5328916180780552
NOXA1,-0.9063960556702141
TINAGL1,-0.17510125898668322
HSP90AA2P,0.5429722808957237
SAGE1,-1.309035951255795
CFAP46,-0.4301203138293351
MFSD4B,-1.1463764035758672
SOX13,-0.10729165139059846
WDR45,0.05458835865573386
KCNN4,1.6652132510592907
AP1S3,0.4495982131437465
KRTAP9-8,-2.2667676047524967
AMOTL1,-1.2553768312000892
CCDC85C,0.18102929642235677
TEAD2,0.2815993355907103
PLEKHA7,-0.4576526657943812
SMUG1,-0.4747615389800348
MSRB3,-0.6794392042903992
PLCXD2,0.024142445066128428
NLRP9,-1.320373644824829
FKTN,-0.8589586591640755
TBX20,0.28982504638198486
KCNE1,1.3031606833884282
ZNF559,-1.2947020755414331
KCNT2,1.6506733985137076
NTF3,-0.19606005173398366
SCNN1D,-0.30431482146878486
PRSS16,2.0823203877406984
WDR72,-0.9667572952073541
UMOD,-0.9199198645414456
PDILT,2.4705286855990067
FKRP,-0.642631653474513
TRAF7,-0.40131164136543523
DOLK,-0.5090544340202171
MFHAS1,-0.5628727596740652
LRRC66,0.9256371685877972
AFG2B,1.1126023069007478
KIAA1671,-0.5255174667065828
PLA2G4E,1.5404850241210173
PLA2G4F,1.3847985064712696
PLA2G4C,1.9355343618857985
PLA2G4B,1.496015653163216
PLA2G3,1.5302692434402554
PLA2G5,-0.7323350742665818
PLA2G12A,-0.1323106594129672
PLA2G10,-0.1712252113922391
LPCAT2,1.2014465034107584
PLB1,0.4794282404871676
PLA2G12B,-0.45586686303798246
PLAAT2,-0.5119329259485673
PNPLA8,-0.8129448741441485
PLA1A,0.8785769348458283
TMEM86B,2.3233430079777255
PLAAT5,-0.29477696765530426
ALOX12,0.6853077228798272
PLA2R1,0.5844240115253703
WFDC12,-1.2054356060247748
GPCPD1,0.9041132036881878
SFR1,-0.13484908463346118
NAAA,2.0710010706097637
PLD5,2.561594698409201
NIPAL4,0.30744005907199984
CDK15,-0.582688129890416
NAPEPLD,0.5425543118771488
DAGLB,-0.13596791736635205
PTGES,-1.0766097984583265
PLCH2,7.224198609100262
LCMT2,2.416297037575061
WFDC5,-1.6035343193772746
PNPLA1,-1.2256045468038506
GDPD3,7.211668996194072
SERPINB7,-2.1244185772217334
CFAP97,-0.35521892501880775
SCMH1,1.607270129287209
ZFP14,-0.1828707820508995
DNAH6,0.1520663788986794
UCN3,-1.5351178902042502
IFT27,-0.43444768864544486
ASPSCR1,-0.9979412679963955
PARP6,-0.7643944597871406
ASPDH,-0.09661339752163683
RUSC1,-1.502968414260461
SYNJ2BP,-0.7373443755716305
FBF1,-0.22777157285878086
TRIM69,-2.0126528891249102
LCAT,10.854430648675708
SULT1A1,-0.19890879719268495
SLC35D1,0.2404960770806163
TIPARP,0.35288468522562616
TSHB,-1.1362641426104707
NPC1L1,0.1636877727060729
SLC5A5,-0.4549222512254706
MORN1,0.978922273540646
SCAI,-0.3416827579882636
MOCS1,-1.1422812104986628
DBF4,1.869521963785359
GAL,-0.09417780185149321
KCTD14,0.6042131815121384
SHLD1,-0.4657081676074801
ORC6,-1.2206571593613036
HPS3,-0.46587067592661613
RGL3,1.2345496657111668
SBF2,-0.9480735630847742
TRIM65,-1.728318151598109
INTS15,1.5743371530713623
PSG11,0.15240369875231116
RGPD5,-0.4105656962877305
DNAI2,0.30585319958343465
MCM8,0.35843721281765617
MTBP,-0.7838451528892121
SMN1,0.7565372395333656
LRR1,-1.445172369876771
LPCAT3,0.6063198728372481
TUBGCP4,0.007190670566225807
METTL6,1.312427078060497
RMI1,-0.874648522636647
PIF1,-0.744924456369093
MASTL,-0.7191524523527726
MACROD2,1.9942698040727
PGPEP1,0.8355900136405708
POC1A,-1.6708250855862308
SKA1,0.08837658125353685
MNS1,-0.5062822084376298
CENPK,-0.1479259366984274
IQGAP3,-1.4594656959058294
RAD54B,-0.06994430642617883
ALKBH1,0.927343443807373
KIAA1143,-0.5403465062911269
MINDY3,-0.7717192002469178
PABIR2,-0.7708998410896101
CHAC2,0.48892052717693196
RFWD3,-0.5745798432900528
CENPM,14.539110129351721
CLSPN,-0.471836522382741
SASS6,-1.8571428953628346
CCDC34,-0.6615976129452407
CDIN1,-0.8565453611139048
TSTD1,-0.8331049990845528
POLH,-0.46068417374053877
SPIDR,0.17760951123397625
E2F8,-0.5509834385803685
ZWILCH,-0.5995132465445262
FANCA,-0.7705203855322188
MND1,-1.0119937372140024
CDCA7L,-0.10998979124942865
DNMT3B,-0.9265205931982432
CENPA,-0.40979536300080194
E2F7,0.6514406363098333
SKA3,-0.4407597549136406
DEPDC1B,0.4530076623446982
ENOSF1,-1.0088250347410967
RAD51D,-0.6568148493700889
CENPN,-0.32264029863178023
RAD51AP1,-0.33959563928986
CDCA5,-0.4962617080422571
DEPDC1,-1.402844855431435
CDCA2,0.8028850412231359
SLF1,-0.19840835907959942
KIF20B,0.30731341457223343
CENPQ,-0.30032004093042913
SGO2,1.720029596178652
CDCA4,0.9313148913870676
COIL,-1.5815117847909677
HAUS5,0.1528695193716149
CKAP2,-0.42482268482384977
CEP70,0.23647004992240692
ESPL1,0.4434486115749362
CDCA7,-0.9732772874800046
DCLRE1B,-0.30649045371148126
ZNF367,-0.5223832261628593
TROAP,0.3294107200216736
RMI2,-0.7093604062987816
HMGN5,-0.47623153934393037
TELO2,0.398917741756329
OGFOD3,2.0181040631652394
HAUS6,1.2870357899478966
BRINP3,1.4867546894812167
ERFE,0.5249689395377929
IGSF3,1.3685025580374093
PCDHA12,-1.261076258194049
MR1,-1.8045719939155445
PCDH20,-1.5142827528616154
POGLUT1,-0.08314178031891856
TMPRSS11B,-0.5195028055298339
ST3GAL4,0.12624192367174314
CERCAM,-0.682019711786788
CBLN4,0.053417490734275694
NKAPL,0.16268713319876701
MAP1S,-0.02476743885996439
SLC39A3,0.896223668621399
NPHS1,0.5353790169447559
CRB2,0.7334148732928417
PTPRO,1.1483711699533372
CUBN,0.0015931938533137117
KANK4,-0.7792876794196274
APOL1,1.1881946284313198
CERT1,1.5301155397175734
TECTA,-0.8881314492520247
CTRB1,-0.8043662799990379
THSD7A,1.0660829337891544
GJB2,-1.5107124429259202
LOXHD1,2.715225592792724
HYDIN,6.221107968246142
FGF23,-1.4556007140400804
USH2A,-1.258774200139976
MMP24,-0.07557973452489332
HOXD3,-0.9453648345916339
ENTREP1,1.0496392349139447
PHEX,-0.7078405708811293
ADAMTS6,0.7134994900347986
FGF6,-1.2128463902405893
FGF3,0.5373679638444504
UPK1B,-1.7366261826802374
ADGRV1,-1.0074337663464898
OSBPL7,1.6521821476528906
KIF17,-0.6126088131611216
FCRL2,-0.12150822876449117
ZNF492,-0.20555463238144006
CRYBB1,-0.08932568713325222
SCTR,0.016489871075902187
CDH17,-0.8414310860227348
MMP23B,0.4809549588774278
ANKH,-0.7392448396896143
SLC26A4,-1.785466603744653
OTOG,2.6667867939250236
USH1C,-0.5711673712646399
BTNL2,-1.5865243104497087
ICOSLG,-1.76259100489836
RFX5,0.36838399594971144
PSORS1C1,0.761302151895226
IGLL5,0.5979496566010822
MICB,-1.9348091980941775
RFXAP,-0.43569343698347107
KLK4,-1.0688727885208904
IFI44,-0.830697624630289
SERAC1,0.8123947519140763
SEMA6B,1.01729849138682
PRUNE2,-0.19192477361898158
CD276,0.260023225471816
VMO1,0.774055901414446
TRIM39,-1.6007637931032987
NLRC5,-1.3612876550674142
CHST9,0.3547689858190863
BTN3A2,0.2911960139128524
GSDMB,-1.4151838205429275
GBP4,-1.2197668891176403
KIR3DL1,-1.7846751155335052
ST3GAL6,0.3855957889392894
POMT2,2.400983707436541
KIF26A,-0.6977887102142791
LRFN3,0.5492620832811459
MARCHF1,-1.0193373927411626
STING1,-0.5370517227032335
HVCN1,0.5939321297850659
DRAM1,-0.6316943781721335
LITAF,-1.18081089988866
ARHGAP45,0.3478084057046285
TAPBPL,-0.48597510615394174
CD55,-2.1944024014412067
VAMP5,-0.5513259826077005
WDFY4,-0.4901939727519586
CELSR1,-1.5171224907317338
RASAL3,-0.36210044559559046
FMNL1,1.3192367959439928
LAMP3,-2.3049453869738685
CNTNAP3,0.4712014705728582
MLANA,1.4636452174048713
TPBG,0.32222813718354304
MARCHF8,-0.4487283574115737
ISG20,0.05594806591677014
SHFL,0.2333099670447643
PLEKHA2,1.3281410733157688
OLR1,-2.544044629868245
LRIG1,-0.8056792721429834
BANK1,8.716410960866506
LY75,-1.221935843463727
BTN3A3,0.8448449044813273
FCGBP,-0.9432631790387556
UBE2L6,-0.02980704430053091
IFI35,0.796268643912718
BTN2A2,-1.7879909840503625
MAN2A2,7.603825258052534
ADAM28,0.7485152781438851
ITM2A,0.7783399788082345
RIGI,-0.5704738237914668
IFIT5,0.9483955017223431
TMEM131L,-0.5848639093817812
LGALS2,-1.1028177612191745
BTN2A1,-1.030469919721114
CHI3L2,-1.6852071408245186
PACC1,0.5952870084637102
PMEL,-1.967735359916302
PLXNA1,1.68263937036921
MICA,-1.2590742100127799
TRIM26,-0.39888622915249883
CCDC122,-1.1456277483465256
AFF3,2.364234546094697
FUT2,-0.31083366617725444
ZCWPW1,-0.17724885114221048
VWA7,-0.9838018656533636
MMEL1,2.3647736279783533
TPO,0.0036224494624018844
LY6G5C,-0.7133444488108027
IGLON5,0.9811926569395756
GFRA3,0.49810097108602824
ZNF311,-0.02299365091838142
SLC24A4,-0.33195674024933913
CCHCR1,0.4414430818580678
TSBP1,-1.1774225860589378
MPZL2,-1.092299448204853
LY6G5B,-0.6432946319729637
FNDC4,-0.5845609458525853
DEXI,0.7349218725337682
NFKBIL1,-0.6975949866123158
TMEM106B,-1.2738338529210687
RIN3,-0.015655608842437416
DSG3,-2.337222060453659
SEMA4F,1.125685012710088
CLEC4C,-1.2745224762679603
CADM4,0.8382956693343827
GALNT5,-1.0830157244195366
ZFP57,-1.7003408725440847
KIF4B,-1.4120666187084245
RILP,2.393821483066919
TMC6,0.1584662318366881
MFNG,0.7145628735231571
TSPAN14,-1.3936156935224167
BTNL8,1.0004749449999297
HHEX,-1.2874449547270634
SIRPB1,0.6687402016136372
BTNL9,0.032917038574546253
EPSTI1,-0.8532725108060368
GIMAP7,1.7101367539762113
SP140,0.05527169738195712
CTAG1B,-1.5366708508686575
TMEM39A,-0.46556416417125696
RNF149,0.4933949727547711
RNF213,0.4167588567555282
IGFLR1,0.3962428820633341
PNPLA5,-0.6214770336543455
OC90,-0.09571732496501899
PAPPA2,0.17941279645248215
BORCS8-MEF2B,0.7361220541472627
CDON,0.07500760622049597
BOC,-0.13569051136096152
CDH4,-0.668668162943335
HAND1,-0.8594215685133884
CCDC15,-0.7097365884828808
SMYD1,0.2601371889472546
TTLL7,-0.8457742274492503
SIX5,-0.271972011885219
VGLL4,-0.045400543734565306
RTL1,-1.3265416579700882
MZF1,1.8259472308073756
FOXI1,-0.6103080919198123
ZNF263,-1.731288581548379
TAF8,-0.8889479915766341
DNMT3L,-0.17231692642445873
MEOX1,-1.0945298437714102
SOST,-0.7903241093501863
ZFP36L1,2.333929023270645
SOX6,0.7975117250815299
CLK1,-0.4776939777428885
WASHC4,-0.19282215355766344
RRN3,-0.9813845811043796
ZFR,-0.3744776234129409
MAP2K5,0.49327210264604127
ATF7-NPFF,2.558187283484577
ZNF436,1.5736517748034804
LRRK1,0.8736473904256211
LPIN2,2.23304741082038
MINDY2,-0.7661968509424723
RFX3,-0.0125941191789007
PRDM5,1.0514659908220383
HNF4G,-0.44253460859929383
DENND4A,-0.7315557748905518
TBX3,1.5472965083371806
RBM6,0.5273423407834964
DMTF1,13.528098554192447
HOXC4,0.6793855813157932
FAM13B,-1.1127447983193957
FCHSD2,-0.1070341107330802
SIX4,-0.04270748165312512
OR4F15,-4.73851768589088
CREBRF,-0.4459835408179795
PHF20L1,0.06343674646010732
CSGALNACT2,1.1651123390486333
ZNF654,0.18896083138541347
IFRD1,-0.5955953127150355
SYNM,-1.1129389061327393
USP25,-0.3451557289070361
ZBTB11,-1.6436864923120782
MTERF1,-0.3851750429150762
RBM24,1.7878276609538708
ETV3,-1.1496066422144806
SP7,0.14583411863556006
ZMIZ2,0.1837075517386563
SP4,-0.5189591991377227
TGIF1,-0.4765203062294879
POU6F1,-0.7921908305947851
NR4A3,-1.1622412419830754
LIMD2,1.3497208306342896
SZRD1,1.2328316843137703
CASZ1,1.9665533705888496
ZFP36,2.3075173758934957
FOXC2,0.6009783332578674
BCL2L11,-1.2232293177929348
EVX1,-1.14885550998903
ZBTB43,-0.022218053749190936
ARID5A,0.2696064041915908
RBM38,0.7177958679290748
ZNF335,-0.5679868934278713
HIC2,-0.14185051056127837
ARID3B,0.5293486764525128
NOVA2,2.5698188804038673
ELOVL2,0.13020635091644553
ELOVL7,-0.18305976690980738
HACD4,-0.9697902740218848
C15orf40,-0.6152207015184266
ASCL3,-0.5519653548481089
TIGD6,-0.3619136132910792
TTBK1,1.0530727551171064
DOCK11,-0.11380182401900285
ARMC5,1.7263572878129578
CDYL2,-0.6136856664198593
PNPLA3,1.778061120038512
TMEM51,1.7294390849587773
PAEP,-1.3068097914100834
EVC2,-0.9249831439061379
SLC44A1,0.15861270542994751
TJAP1,1.3465016748600005
TEX2,-0.4999215299249764
ANKRD28,2.7093219911005946
TMEM216,-0.6026505336484214
FLVCR1,0.8061812068769748
ANKRD44,9.355879327128346
PCYOX1,0.7996352009144497
RHBDD1,0.567178897160333
CERS6,-0.2977773121760591
TMEM135,0.40429727785773073
SCYL1,1.985965267264256
SLC27A3,-0.330753721049448
CDS1,3.5492079644828403
PEX11A,-0.9729325280779326
HDGFL2,0.049248762866128865
VRK2,19.199637534325372
BSCL2,0.4302595036565909
FITM2,1.939130584201907
RAB3GAP2,-0.13406872080194165
PANK3,0.8491920538221248
ELOVL4,0.5892209262587532
BICD2,-0.44418710892779856
GGA1,0.8655046771123454
LDAH,0.3993643714941427
ALG9,-0.8286962340075837
ZDHHC6,-0.7728916428766579
TMEM87A,-1.2581151666020733
BET1L,0.7598959083515338
ELMOD2,0.14573509836685128
GALNT2,1.2406083456832278
CD164,-1.2322451524571902
INSIG2,-0.38435047517561227
CHMP7,0.0660570649176162
SLC19A2,-0.23529353798652086
RAB32,-0.9763488410842635
JKAMP,10.769265461391456
SLC6A6,-0.31356913007885123
SEMA6A,0.8873252705483474
CLDN12,0.5767253178774258
MDM1,-0.6075915620562798
VPS13B,-0.8405005136092356
STON2,0.42233890448994565
FGF11,1.5322975010916036
VPS13D,2.3729284999157385
SNX19,9.92342404475346
STEAP1,-0.7271134493353029
UBXN8,-1.0104569397493603
ST7,0.6598537319962438
FA2H,-0.806146806809251
ZGRF1,0.2953318936273259
CLDN1,-0.9331049133448382
C18orf32,0.6522867352227507
HPDL,-0.6345659992659217
HERPUD1,-1.521257935880653
CXADR,-0.4777829956958983
RAB31,-1.406903607764805
PRR3,-1.0263117819441285
C5orf22,-1.0496223408751537
PAQR3,-0.565908421031018
SGMS1,-0.259315295374703
H2AB1,-0.7990820397816631
H2AB3,-0.6330259827882702
FBXO28,-1.7191912940337981
TMEM17,0.19389982075359305
LYSMD3,0.21521321445815408
EHBP1,3.1410431887509893
TVP23B,-0.01579480290766741
THAP1,0.49487006110348547
TCAF1,1.3358218459634528
ACAP2,-1.1315407314990793
TMEM184C,0.3398869495170489
SCML1,0.009604533992348499
MIA3,-0.13996332422065452
GSDME,-0.19736668801196638
ACTRT2,-0.41729831244209464
TMEM164,-0.7157714381264259
FOXJ1,-1.066650149536196
SLC6A15,1.770971298710704
RSPH14,1.3249233229387427
SPATA20,-0.8503748684057022
SLC39A12,0.36002307157994984
KLHL18,-0.06310696509911706
FOXQ1,0.6692732353063404
TOR1AIP2,-1.06481785818939
PEX13,-0.0024925957629282703
MOSPD1,-1.043253159780374
EPHX4,-0.21440601268262913
SLC25A21,1.410092302291784
GLCE,1.6524176689844852
DOP1B,-0.5221206939923367
ALG12,-0.11972293686014444
USP33,0.4254680262883418
ZDHHC9,0.6149197494874974
PEDS1,-0.19770540726965183
DIAPH2,1.0813374061783951
CCDC115,0.3876021199495929
ZFAND6,1.7901029799430939
GCC2,-0.7470982940705735
DENND5A,0.9958755666148236
RNF145,-1.06232216928326
SLC25A30,-0.9830848181093165
RGPD4,-0.22057864224215223
MEX3C,-0.5361861738110829
BNIP2,0.6933459751278346
TMEM184B,-0.700761717084689
LPIN3,1.7348813866007111
OTUD4,2.061909570116078
MMD,1.7149818940866854
ABHD14A,-1.0702070340785876
SLC38A6,0.06627829315823587
MAPK1IP1L,-0.9782256024846159
SLC4A1,-1.1011973551210477
RAB22A,-0.23248341586687515
SVIP,1.1462232243452377
SLC12A1,-0.6245088160815265
TM9SF1,-0.9343847933071614
MITD1,1.7439573011644867
CHMP1B,1.6545707965707437
CHMP3,-1.6799544985967017
SLC9A3R1-AS1,-0.5669780373484115
RHCG,-2.347617895748583
SLC4A8,-0.05359515515651862
SLC13A2,-0.560011846386643
ZNG1E,0.4536064169713497
DNAJB13,-0.9894501031169565
CDK3,-0.03171730328050938
SLC35F5,2.1398645388572297
HSD11B2,-0.4077957830930457
AVPR2,0.3909334003590863
GJB3,-1.2423433881405348
ZBED1,-0.1364477842441884
ELF5,-1.0700615680265892
EPDR1,-0.9643232682766897
TLDC2,-1.2149138044508778
LRRC57,-1.0293722462455117
CSAG1,-0.821458299834042
COPZ2,-1.4939782504827825
MAGEA6,-1.1121497405395815
STK11IP,-0.8025680438003767
PLEKHB2,-1.0431962171396774
PIP4P2,-0.9696881357173137
SNX30,-0.2764823177099784
COG5,2.7410826262672647
ZNG1C,2.242061875132567
PIP4K2C,2.8287996713551733
GPR137B,2.184123612459335
SERPINB6,-0.9181420060689518
ZFAND5,1.0499220851044488
SLC26A6,-1.077612074405198
AVL9,0.9007478783394979
SPRY4,-1.2281173146013928
TMEM167A,0.5295977478646188
SMAP2,0.5393453174125814
ADCK2,1.3075200814837196
NIBAN1,-1.4896942949373042
ANKRD27,-0.6660336414752841
SRD5A3,1.9932323879465395
OSBPL3,1.6316817257327931
GRIPAP1,1.2824885267280113
TMUB1,-0.9242127142860913
PCYT1B,0.5177180044801881
USP32,-0.42390478748542165
BORCS8,0.7800888203839587
RNF44,0.7348740398793395
MEAK7,-0.8098123815754565
AFTPH,0.14707673294951326
STAMBPL1,0.3349981221249136
MFSD5,-0.6940110561193359
JOSD1,-0.281751823324725
RPS6KC1,0.5761106545916251
OSBPL6,-0.1000819606684066
PIP4K2B,1.3483665163336118
SLC26A3,-1.903609504083415
RUFY3,1.553270181739035
BORCS5,-0.8610454132060861
C9orf72,0.8742596360215779
RUFY1,-0.09643701299477592
LUZP1,-0.14328205108892209
EEIG2,2.6308889089840886
ADPRS,-0.9556899513892169
RNF170,0.19581701753253392
CPNE8,10.153375925195855
ARRDC3,-0.9042719806735401
IAH1,0.3250506451926418
RNF19B,-0.8110659755256707
SLC26A9,-0.6906397474273227
VPS26C,-0.28224598676334983
TBCC,-1.1235920004832456
BSDC1,-0.9815494723078075
POMGNT1,0.5062627305041157
TOP3B,0.7739735206285737
SLC4A11,-0.28102540068698
RAB43,1.420587288098571
INTS4,-0.3175151810369502
RNASEK,-0.5264338515743834
GCC1,0.5038249575322749
LYSET,-0.6212837759924978
ZFYVE19,1.8891817114022444
POTEE,-1.2470453550054428
SLC31A2,-0.9857483125345581
ABR,1.3863115973424216
TBC1D30,1.1180731773913088
TTC7A,-0.5678024014156061
VPS9D1,-0.014005333498945166
GTF2H2C_2,-0.957830929746216
SFSWAP,0.32071569629537344
CROCC,1.3547254478729196
NOL9,0.6013698290625259
WASHC2A,1.8929420025310113
INPP1,1.4324339266031931
SRD5A1,-0.390185888656162
NKX3-1,-1.285545549348182
LCE2D,-2.2985779334695815
OR4C11,-4.638264526027446
TTC39A,1.117654792131584
GPRIN2,0.24856317786200158
OR11A1,-3.235833315163643
NOL4L,-0.15960939715354322
LCOR,-0.32357952104289406
DMRTB1,-0.7839342918953932
PRDM16,-1.270110097195021
IKZF4,-0.20119897989762342
TLE6,-0.37777809006455554
BCORL1,1.7093581102885185
CTNNBIP1,-0.7811790630065484
LMO4,-0.3832203779012592
HOXB5,-0.5810396595967944
SOBP,-0.09064570840701575
EBF2,-0.5782537877607944
GK5,-0.5381383055719586
MARCHF10,-0.3571549066597019
TOR2A,-0.8934627354298227
ZNF516,0.9086443892449861
IKZF2,-1.0050566472701512
RCOR2,1.6643030953175717
C15orf39,0.19671964056270602
PHC3,0.03288867104941215
CBX2,1.6052464518988108
ATXN1L,0.2969136363071877
ZNF219,-0.11076253203248065
TRPS1,1.1528897457928915
PLXDC2,-1.1899528894187497
CDKN2D,0.3239756928622378
FANCF,0.26942039368770476
DGCR6,0.944599856856544
TSHZ3,0.7551068935412145
MTMR7,2.495028668113947
GFI1B,-0.15386556624906042
USP46,0.35807989563437886
AKIRIN1,-1.037555253541119
TMEM222,0.838760350590332
POU5F1B,0.8273119545006052
SAP30L,-0.24145380437581568
PPFIBP1,-0.6006182496759456
PHF21B,0.5158513916094282
SKOR1,-0.5853374946660811
SNAI3,0.1957978783099665
SLC2A4RG,1.0269513984939411
TFAP4,0.49766890389387675
NUMBL,1.1203090460858351
ZBP1,-1.4903907078806584
SENP1,-1.2896511397411883
R3HDM2,9.02600586945158
FBXL14,-1.0496380002737893
MBLAC2,-0.2873738027565275
MRFAP1L1,-0.4354941234400291
NR2E1,0.8582431137267623
PRR12,11.569903792181899
NCKAP5L,1.1299083393181801
SCAF1,12.771808740661521
SCML2,0.9696834026448992
SNURF,0.04039557602896005
REPIN1,-0.09105969412785915
GPBP1L1,0.23861648560651116
RBM15B,0.5677980538457964
ZNF512B,0.7667064087274816
ZBTB42,-1.1092672923053009
FHL3,-0.9375327190961872
PRCD,-1.205474073738509
TMC3,-0.06646337441221677
CLRN2,1.1785325093709345
TEX36,0.581738229753236
BNC2,-0.11310894557303285
TMC1,-1.1197579014035401
ZNF79,-0.7748407654861615
RBBP8NL,-0.6706714560698266
TTC39B,2.309624398422096
GGT6,0.5965630062795315
CDH23,-1.3603480187539063
ZSCAN4,-1.4589818130450487
KCNQ4,3.339002632958289
VRTN,-0.9110916829419271
MYLK4,0.7844522117525684
HMX3,-0.3017320926644019
CARD19,-0.7995103694862955
SLCO4C1,-0.08862852385658232
GPALPP1,1.1055699528913185
DTX3,-0.9986459364724478
PGAP6,-1.637827971537197
KLF14,0.30282605167579524
SLFN11,-0.8795439660769444
RPE65,-1.4265930185494655
LHX9,-0.5191827896587705
MSX2,-0.39550450329463055
HMX2,0.06703810014157358
HOXB8,-1.0569307976182816
HOXD8,-1.1805888275899683
BARHL2,-0.9008406415927886
BARHL1,-0.5042459962947853
BARX1,0.09425994459753007
ZNF503,-1.0731530066933537
FOXE1,-0.37124053578810273
ZC3H3,0.34142963603754756
POMT1,2.525593657948704
HOXA5,-0.7202625359415306
HOXB13,-0.1029041298400589
FANCM,-0.6073432195010309
ZRANB1,-0.41237875936844975
ABI3,-1.855690486920008
ZNF652,1.4197593537253823
RP9,-0.10218577507406607
STN1,-0.6405831694428393
MSI2,-0.04961654842559516
GCNT1,0.36489570798822696
ATRIP,-0.6118687600322993
BOD1,-0.5868433509930823
FOXS1,-0.2128697774495776
RAD51B,0.4218937405006175
RNF135,0.30109372320311595
GORAB,-0.05920446206172711
DHX35,0.9830280316208702
MID1,-0.8468587128469535
INTS6,1.052660352515623
BBX,1.7100071801092604
SIPA1L2,0.7189854571535347
PADI3,-1.3625812045892398
GUCA2A,-1.233149379584053
REG1A,-1.408450303190542
MEP1B,0.30371790297644063
CCDC25,0.45012837705199554
ACBD7,0.9964985248068353
LENG1,-0.07791773749170296
QSOX2,-0.8905611329639839
SLC36A4,-0.014724850770148493
MMACHC,0.5395150073047168
GDA,-0.09118052095316086
SLC35A2,-1.2423681644378755
MSRB1,-0.3219447640840566
SAMHD1,-0.7040037290229514
POGLUT3,-1.3015585783317174
LRRC36,-0.45087046483198717
DIRAS1,0.2504733508143419
NXPH1,2.3641110107640526
FKBP7,-0.6677138398604411
ZMYND19,0.9318221591881649
FHIP2A,-0.8484003471535866
ODR4,-0.9618105352517402
CYB5R2,0.23294434816389223
TM7SF3,-0.6689654082764648
CDC37L1,-0.5368485872477183
SMIM15,2.5053733853323843
PARG,-1.2780610007059103
MTNR1A,-0.1373485259375579
UBXN2B,-0.8106025768423488
SERP1,-2.0666377465379053
UTP25,-1.4333621789487014
RCBTB2,1.2430619204052316
WBP4,-0.36922180967780766
TRAPPC13,-0.4562048691183551
OBI1,-0.15591214139461745
DIPK1A,1.3773464366279107
NMU,-0.5943202645024752
DRICH1,-0.6687414267716147
ACOT12,-0.5924098312115769
ECHDC3,-0.265165866541843
STARD4,1.982469710091675
VAT1L,-0.42935293740032865
ABCA7,0.793785193460422
PTGR3,-0.29313007831004056
SLC13A5,-1.45308173090406
ACCS,-0.3016250149543036
CHKA,1.3189029778958685
PIGL,-0.4709334202999919
SDR42E1,0.11605323833983783
NAA25,0.2567653519386488
GPAT2,1.4272470437567937
EGLN2,1.451101119117684
TRPC4AP,-0.6594209868773476
PIGU,-1.1590405500215732
TP53INP2,0.5922835083641198
DSG4,-2.4426390365987047
OR4P4,-4.029528509134292
OR4S2,-3.565330551901397
HMHB1,-0.485891478159841
HMSD,-0.16772374980349772
GUCY2C,0.6776465023114857
COBLL1,-0.9583718240560622
B3GLCT,0.20703897254618064
TMEM87B,-0.03298437344650897
NGLY1,-0.30666882385980476
ELMO3,0.2923613069400264
GLT8D1,1.7031590270985024
ZBTB7C,0.34890899976987777
NT5DC1,1.4053762097246791
ENPP4,3.0316395416083206
CCDC88C,-0.43086163925689624
BTBD7,-0.016631773465758202
COPS7B,0.28381089963255146
GPSM1,-1.045808671205828
MSI1,1.2537026833757667
GAB2,-1.7637355105389776
GAREM1,-0.887429966707003
GAREM2,-0.5776213800975423
PIK3AP1,2.0852222678742165
PTPRE,-0.46569413542097776
ARHGEF5,-1.2882437267613565
GAB3,-0.748476338148751
GRAP,4.269345671362935
ARHGEF35,-0.3390738738532824
RALGPS1,-0.1551322423307515
NTF4,-1.1600868623922633
NRG2,1.2174491262395564
NRG4,-1.4248022452726452
SNX18,-0.7744975280922088
PSTPIP2,-1.0890619510874693
EXTL3,1.6632497118252159
NUTM2F,-0.2027454318938121
PRR22,-1.0097541781055084
ARAP1,1.4494355623291368
REPS2,-0.7297227134936981
FRS3,-0.5147310211369961
GJA9,-0.8332844986971808
GAB4,-1.0874389054631795
RALGDS,0.8834805974230084
GFRA4,-0.20449082523588116
ZBTB12,-0.7029602127341845
UBASH3B,1.2279147791091791
RP1L1,0.270196493004982
SH2D5,-0.46815809169342554
PLEKHS1,0.0027289645456803277
LY6G6F,1.4332313864641597
IGHD,-1.557678197968417
IGHE,-1.9737193674276428
PSPN,-1.124046265849257
MUC20,-0.6602139277931172
NRTN,-0.8626288736264551
MRAS,0.5499243583382578
IL34,-1.694652111276441
INSRR,-0.8486141317047072
ARTN,-0.160778442114555
FGF4,-2.1252992935938266
FGF10,-1.4011906418111089
FGF16,-1.2139623565609603
FGF22,-1.918819109552043
FGF20,-1.5739799027849526
CYTH2,1.0899259159335082
SH2D4A,-1.335641723030477
OTUD5,-0.14894145054462585
USP6NL,-0.6100830356045316
RIT1,-0.27446407951359086
PHACTR2,-0.291425878498137
ARHGAP9,-1.4230981344299705
SLX1B,3.3783073773804433
SNAPC3,-1.423578092610167
GTPBP2,2.440368975439312
GPANK1,1.0304091267694961
SH3D19,-0.6284123292417186
KIF3A,-0.19936726529210141
PHACTR4,0.790215575276017
MIA2,-1.2614312348063272
TSPAN2,-0.15780858103088719
DENND2B,-1.0136495581596154
C21orf91,-0.9256330159625229
CPNE2,1.0107486137803976
PRICKLE3,0.870868124640682
HDGFL3,-0.7976825063218622
ZMYM6,-0.32968075189228196
PDZK1,-1.0034241727680746
CEP152,-0.8512457982118823
SLAIN2,-0.8637878748835931
AP4S1,-0.5464273783282199
RGS3,1.374546274074755
TTYH2,-0.8933508394769232
RADIL,-0.26561166435930766
SOCS4,-0.486155785177529
CELF2,1.7114123148427605
DOCK3,0.2437724339384863
SNX7,0.5258240341825093
PCDHB5,-0.9157533052886111
PANX2,-0.7723000045633666
SH3PXD2B,-0.17339900988712928
TULP1,0.18193449777381795
VPS37C,-1.1713120410026618
BICRA,1.2997658298167414
STARD10,-0.7782642973473165
LNX2,-0.4277651111263566
INPP5B,2.9314668904913064
MAGI3,1.056226299766574
TCEAL8,-0.7376402194465992
BTG1,14.095306786472948
PRSS1,-0.8312117194990868
RASA3,0.015881622412331615
APH1A,1.0469063402213596
TUT4,0.7499509207271035
SH3BP1,0.5709167182126735
MATK,0.3553048189996632
SPRED2,-0.7856704830626997
RALBP1,0.19667239289454766
ABI3BP,-1.165981010141896
ORAI2,0.2836238251610994
ZKSCAN3,0.3503596557349244
TESPA1,-0.5554236975538122
HOOK3,-0.640100803409406
MAP4K2,1.7790680515512725
MICALL2,0.5171313034000163
COPS9,0.25406580203163137
SH3BP2,-0.3580888269290028
SCIMP,-0.1740387753954413
PLXNB1,0.8878802424842102
SOCS7,0.48764864645747474
BAG4,10.190180167506213
PTPN18,0.16959375501906207
CD300LB,-1.2990995007112105
PLXNB2,1.0697688772437501
CLNK,0.5210361651953597
ARHGAP20,-1.0642275447697298
RGL2,1.1006556358916544
SEMA7A,0.9692213060898828
KRT33A,-1.525305233487195
SPRY3,-0.258301887350719
SPINDOC,-0.2713894462153848
TBC1D3B,-0.4712621847193765
STK32C,0.16157515566475888
GAS7,1.5744102635575645
EPHB6,0.5073161534281213
PACRGL,-0.7803989386391301
CRYBB3,0.10864558951544175
DPPA4,-0.8653859238679307
SNX33,0.3047321157736215
ZMAT1,1.2495750208330523
INCA1,-1.0583147206706884
KRT81,-2.3943931466957813
DNAJB2,-0.22476946069165224
USP12,-1.0882855035111962
HOMEZ,-0.6779475814605322
ASB16,-0.35721433714660655
KRT82,-2.5341037883037503
KRT33B,-1.3599273092392539
KRT15,-3.1287752124278003
KRT73,-1.7098722697301223
KRT32,-1.467858844477481
KRT85,-1.7876198111940056
FCHSD1,0.5636624689238579
CFAP300,-0.095980621406446
GPATCH1,-0.4425141948206697
NCKAP5,-0.01968873136192998
DKK1,-0.9862937066877385
PRG4,2.0848828545754534
TBC1D3G,-0.6792680795783247
KHDRBS2,1.370098482528425
SLC24A1,-1.2820872181940977
C21orf58,-0.439622777092329
PRAP1,-0.6935646436367466
SCARF2,-0.054242320432282276
MEPE,-0.5631974284468528
APOL5,-0.7022232470398385
RAB1C,-1.1690538540962965
TSKS,-1.0174440554536104
ZNF32,1.648425601104731
FCGR2C,0.6038409348806827
MYRIP,0.07903236174669061
DLX4,-0.6443998736207628
LY6D,-0.9599308165597379
FAM110A,-0.2107768617299743
SELENON,-0.6833953091558075
SPECC1,0.7248643760895377
MYO1A,-1.9081618094114987
GPR45,-0.18503330925876063
SNX8,-0.3678832535923674
F2RL2,1.1020084015969283
CCR10,-2.5683122377969254
HOXC8,-0.002384227014993
LOC100653049,-0.3980665698624681
KRT35,-1.355514538933452
KIAA1549L,2.9883435814289636
CSN2,0.04185276222973147
NAP1L5,-1.0920578279680628
NKD2,1.1168177039088376
PNMA5,-0.8407883995648355
PNRC1,0.9100514093377294
TUB,1.0181946225224472
RASGEF1B,-0.37276655210704907
RASGEF1A,-0.2528143510939878
SH3BP5,-0.8547570330860634
RASGRP4,1.6534180878925409
CFC1,0.7861186646037088
RIN1,-0.1721581039372567
NOSTRIN,-0.01152206335709079
NEK7,-0.26215408119245587
RGS12,0.37117442914349535
ARHGAP39,-1.185166055940675
EPG5,0.61878028575106
TBC1D2,-0.6430335026669746
ALS2,-0.5142898213526755
PCNX1,2.7598777698385795
TTBK2,0.06895533228148566
RHOV,-0.37145963400479987
USP9Y,-0.6054030762911323
N4BP1,0.3009453892118985
AKAP10,-0.9873595057507559
KANSL1L,2.698280711055769
NEB,0.013398695956648972
PPP1R3B,1.6477798948152964
PPP1R3E,-0.31057677992975247
DCAF4L2,-0.45690733658440313
HSD3B7,-0.2521528919418709
SCLT1,-0.6146871326017003
AMMECR1L,2.305814396354967
HPSE,-0.9778292756664829
YJEFN3,9.165569712806075
ADAMTSL1,-0.4748879845619379
RMDN2,0.48644393638711136
NUDT14,-1.1363848254245674
LGALS8,1.5142114244131921
MC1R,-0.612661290510037
ZFP41,0.012659702154234523
FAM81B,-0.447658675520699
MYBPH,-0.2532590470221352
AGTPBP1,-0.3144921899002549
TRIM31,-1.8831611477943286
FKBP6,1.4675580253941591
PGA4,1.447572793863701
PGA3,-0.5006139273892369
PDLIM3,-0.5047958449434558
CYGB,-0.5517614160176567
IDI2,0.528637468608368
MCCD1,-0.5824083746655715
NECTIN4,-0.715627621486455
POLR3G,-0.5285834558529539
BORA,1.3841966121321958
FASTKD1,-0.15034495759404806
OXLD1,0.8036759654086455
H2AP,-0.6445645568139657
ANO10,-0.6074570423419988
ZBTB24,-0.40097579048367726
TMEM168,0.4926017562574343
TCAIM,-0.685262810939378
AANAT,-0.5663011501423516
IDO2,-1.0681297307276578
PYY,-1.3774394354041763
FFAR3,-1.8095986295882796
HTR6,0.6522172411862797
GHRL,0.6765384432250989
FFAR2,-0.738258489672943
GPBAR1,-0.6645436147389074
HTR1F,-0.5440251622075447
GAST,0.42287853086402494
GPR119,-0.18832752992844543
PDE6C,-0.5145482576212719
RFX6,-0.9225144060105037
FFAR1,-0.8187082741246834
INSL5,0.29908828137320304
SYBU,-0.039819022894946224
PADI6,-1.018182493842178
ACOT11,-1.3169762613339495
MYO7B,-1.3751860018642303
ENTHD1,0.8039487288951706
RPA4,-0.7803362205785025
TMEFF1,-0.263296748751567
B3GALT6,1.4943256339343405
CCDC50,0.1342817311628253
TEX261,-0.6277291535667024
RELL2,-0.8050007258646754
CUL9,-1.4370785932087156
RC3H1,15.165356657751227
OCIAD2,-1.0908355581471887
USP49,-1.0792377743721946
NCAPH2,0.6289944755112291
CEP57,-0.27874182859346025
ACOT4,0.33600050486243127
TNNI3K,1.0382586629447408
SYNDIG1,1.1925849950469212
LRRC46,0.14467610071108783
PLEKHG6,-0.058695531305687186
CHKB,-0.9570240414241596
GRK5,-0.6924529868136763
AGPAT4,1.1099414367849871
SLC25A45,-1.2958273242663152
POTEI,0.250059163123069
MAP1LC3C,0.0528673962149336
DYM,3.0044429655817195
LLGL2,0.23255136047627376
PCTP,-0.3667379943441787
NES,0.6824816146356202
C5orf15,-0.5383004735763744
DUX1,-0.1725547325112625
SLC39A4,-0.8684510884854392
PARP4,-0.1485185090551866
ZC3H11B,-0.4246225582142029
ANKRD40,2.4098235940936883
KBTBD13,-1.0234683681342607
SGCE,-1.5501846707109177
MEGF9,-0.7484381855102238
PRSS56,-0.756134468091036
TEPSIN,-1.0102634726313784
ESAM,7.071781324655083
PRX,1.0567384363177552
EGFLAM,-0.6031195347803417
ITIH5,0.2992016483497745
SSPN,-1.2072221916542403
PEG3,-0.4833089907378695
IGHMBP2,0.8754968844490325
FLRT2,0.19144420779686028
EGFL6,-1.2882213539133003
SORBS3,0.6843296529587766
ZCCHC24,0.3835501437015744
SNED1,-1.0448421015626592
NAV3,1.180203851261125
CDH19,-0.7820702780515394
VSTM4,-0.7335267683714874
TNS2,-0.6496512820337781
TMEM204,0.1969309265227743
ADAMTSL3,7.769738639176165
NTNG2,1.044234612116123
LRRC30,-0.7346643558801976
LCN9,1.7721773403591272
FBXO15,-1.656626641599019
ARHGAP28,-0.5317835522079258
IGFL3,-0.14640397093034715
ZNF408,9.503654374472271
PLXNA3,1.742906833753544
LRP1B,1.2787517825137062
ADAMTS12,0.31868770866640933
VLDLR,0.9699111617147635
CLDN11,0.1934126014127941
SEMA6D,9.010061558144564
CLDN6,-0.13450408822224288
HSH2D,0.6661348935877537
ZNF276,1.2912664077131766
SHCBP1L,-0.4527528826886004
ACTL7A,-1.0880277724150003
PSG6,-2.0571071392988363
PSG3,-0.9550940170394905
PSG9,-1.5682081498960154
PSG4,0.12857938697408242
DKK2,-0.6929618436017911
DKK4,-1.3616862223975927
KREMEN2,-1.3243971039614952
LRP5,-1.4056812924029103
KREMEN1,-1.3247968089567932
WIF1,-0.7480404734085335
NKD1,0.890872320904168
WNT8A,-1.325807692827332
DKKL1,-1.1492679062983922
WNT8B,-0.42620973743356133
WNT3,-2.060994242492251
FRAT1,-0.43647295434478217
WNT7B,-2.238523977098932
WNT2,-1.333562568424505
SFRP5,-1.0845011076318385
NODAL,-0.18774053878991973
WNT10A,-2.312820486107818
PORCN,0.37875149425073007
WNT6,-0.18011841933284026
WNT16,-1.8378379966215972
LGR5,-2.1065515070130942
WNT2B,-1.1170646921628768
KRTAP10-1,-2.646151542594961
CER1,-1.2707153818701007
MIXL1,0.13240185615597105
WLS,-1.0385911434723945
RSPO2,-1.0237460091646133
RNF43,-0.7949180123431527
DMP1,-1.304751192759341
RSPO3,-0.3289987331558076
WNT9A,-2.2597026460486576
RSPO1,-1.2886042714702508
FZD9,-1.750725226219743
LRP4,-0.5784080293462742
WNT9B,-2.45379817155457
HES3,0.414699410647545
FZD10,-1.7069487239314145
NOTUM,-1.140504128332202
FZD3,-0.309274414077389
GSC,0.21260271807431047
RSPO4,-1.134748537238184
BGLAP,-0.5112899610580954
PTH1R,0.07725703377072782
SOSTDC1,-0.5172482599845334
GLI1,-0.6541153694082265
OSR2,0.07183388843240707
DLL1,-0.28102489635440625
SOX3,-0.6472189635326969
APCDD1,-0.9611983206914977
GLI2,-1.0778895229453487
GREM1,-1.6163732529970112
DLL3,0.182302960261778
LGR6,-1.997798987360829
EPCAM,-0.6682687495727028
DLX3,-1.2861675490382518
ROR1,-1.3023871534656868
NOG,0.629108028402436
DLK1,-2.1655303258165848
TBXT,-0.4012961698764734
HESX1,-0.06753091309314756
LFNG,-0.04984364493898357
SOX7,0.25081313860017607
PTHLH,-1.561673479726427
SEMA3A,0.5894366172257424
PHLDA1,-1.0257268766024155
ULBP2,-1.5957611994015861
AMIGO2,-0.1782202151338603
RGS20,-0.3185693735790124
KRT34,-2.0556047582742667
TGIF2LX,-1.0536291435451455
PRSS2,-0.8429667274003346
ANXA8,-1.6770914526915117
KRTAP10-6,-0.7569916080732062
RBM48,-0.434428526585864
CEP126,-0.5503421711889938
CALHM1,-0.6695831194048701
CLIC6,0.7148710929414601
CLIC3,-1.2413733513381926
LSM10,-0.46713552445200246
OSGIN1,-0.23082598980933022
MOB2,-0.23931978647600752
CAPN9,1.1214117396601562
PRR13,2.2420175602033035
NTAN1,0.065148383788617
KLHL10,-1.400652865753255
RBM12,-0.25826183690147936
C10orf88,0.7478530220598534
ZNF595,-0.4652178503350773
PWWP3A,-0.30305895535111477
FOXN4,-0.4548410946019862
MAB21L1,-0.8605062359364352
VASH1,-0.7803009066650767
ZBBX,-0.024268178512252273
HTN3,-1.2043725693794651
FRMD1,0.968031681146012
TRAPPC12,-0.5003884508652474
TNFRSF19,-0.5628397635375997
RGPD6,0.1871416400240174
ZSCAN30,-0.8978258274202057
MYORG,-1.1106461079606305
SCGB2B2,-0.9328016734121758
DEFB107B,-1.2096731257866002
CST4,-1.78004466771585
LYZL1,-1.2526996624081803
PRB2,-1.5538133586870768
BPIFA2,-1.326452906578602
CST1,-0.9321722247865512
BPIFB2,-1.3177326954743038
CST2,-1.5750336546695096
SCEL,-2.7029941181488923
RASSF6,-0.6548154445680505
KIR2DS2,-1.2557049068740844
TSTD3,-1.0705983686664962
SERGEF,-0.40511880008547213
CHM,-1.5845521781624083
SEC14L3,-0.17869632272144728
DEGS2,-0.006047471707570742
MAF1,0.42936256082310165
ZMAT5,-0.9839760239563209
RAB11FIP5,1.2668086742412286
KCTD17,-0.2121115996234217
CEP41,-0.2265807933458596
TMT1B,-0.15020930319709738
LRMDA,-0.5323971501766156
LMCD1,1.8171517557571173
RAB15,-0.7144124283592999
EXOC8,-0.06234015992996143
UNC13D,0.1904149736782246
CEACAM21,-0.8027329461535312
RAB33A,0.28171690791007553
LARP1B,-0.27071427172138096
LZTS1,-0.6434402663366976
IER3IP1,0.9773433029749927
RAB3IP,-0.8529486710546392
PDE6D,-0.34428763326882766
CHML,-1.3598698369454316
RAB39A,1.6715070964850016
RILPL2,7.914899777135157
RILPL1,2.984033817992675
RAB28,-0.7737717172514033
RAB29,1.401613814544522
RAB17,1.1267192555603902
RAB30,-0.7705030379870494
RAB39B,0.05439548448953794
RAB24,0.08338834510822798
RAB41,-0.7487267952560085
RAB42,-1.048491940794447
RAB40A,-0.5808470361827286
SYTL3,-0.3340628590332968
RAB40AL,-1.1813931811750535
RAB27B,-0.8460195078341364
MLPH,-0.11713882534536976
TMEM63C,-0.13446886162522317
TBC1D5,12.178511147159606
EVI5L,1.1580276089653339
IFT22,-1.123347300715862
IFT70B,-1.3852943675241107
EMP3,-1.3017927752204408
RFFL,0.515273320738472
DENND4B,0.8945796553232436
RAB12,-0.513891300508014
PLEKHF2,-0.0008392993803224578
KIF16B,0.2694806417544551
MON1A,0.3002997696956158
CCDC93,0.2560218173770234
TMEM65,-0.25031735492956386
EVI5,0.7580403135259424
PI4K2A,-0.048062557492993534
GGA2,1.7767857550396966
C3orf38,3.278391650997456
ZFYVE1,0.6095582524522163
KCMF1,-1.006430808941951
UBAP1,-0.7870279459569455
VPS37A,0.32345289741590594
SNX14,0.4116568872701432
BICD1,0.31885839986665104
TBC1D20,-0.34146327054583636
ZDHHC3,-0.6459879333039793
ZFYVE27,1.9697226262757659
ATL1,1.7441896566400257
STX2,0.9292660755495374
REEP3,-0.9482375658264208
MON1B,0.3897677693011614
RNF141,-0.8588552555125603
RABL2B,0.2201550243710512
WASHC1,-0.0749605686144005
MMP25,0.2633465796983017
TBC1D23,-1.077872364382759
YIPF7,-0.8619083181833916
TRAPPC3L,-0.823596413087019
PPFIBP2,0.18328236459014316
WDFY1,1.3028177046824132
ACER3,-1.1903820791869053
CAPN5,1.090914273263103
RALGAPA2,10.429958815057823
HYCC1,-1.0109660712641841
GSKIP,1.8645262166372853
BACE1,0.2684663114512499
DNMBP,-0.7899984287538755
ANKRD50,-0.7260975962655554
KLHL21,-0.8871014103952009
TBC1D14,-0.34460845267700535
KIF13B,-0.8947457613491117
SEC14L1,0.11235926226437429
EXOC3L1,0.12381198268781057
STARD3NL,2.1782860941584765
FGD4,-0.8347603592836936
CABP4,0.2869201081016336
C6orf89,0.22474663700240702
SELENOS,-0.8482264769097534
FARP2,3.636955190156167
FAT2,-0.7866824748390829
WDR41,-0.05996613084569468
SNAP47,-0.7934594258217907
PPM1J,1.1346213259402984
SYTL4,-0.28522481964449153
RBM18,-0.40222578992862434
CDC42SE1,-0.4698329589704408
DENND2D,0.5069470881305005
NUFIP2,2.120847424577218
FYTTD1,-0.2602495573749251
CNEP1R1,2.71670222536516
ALG14,0.5663784562599817
FKBP14,-1.6419270794740488
ZNF423,1.1800405782964947
TRIM6,-1.1910848121276858
SVOPL,-1.4954763707679266
TYW1B,0.858974873034454
MBTPS2,0.05994743093599022
DNAAF5,-0.3055602803290824
TMEM181,-0.47049668250551757
B4GALT4,-0.9323080021432744
MYBPHL,2.655998269031026
GPHA2,0.19375458591451458
SIAE,0.04067079465361964
SALL2,0.2527814304640289
OIT3,-1.4661798917589113
NUDT11,-0.790331152897921
MAGEA8,0.6073560389607481
FSTL3,-1.240906562554309
GAS1,-0.8722809239780788
UST,1.774859399481283
HSD17B1,1.3277674099909431
LHB,-0.2747081499408425
CGA,-0.59650131351611
MC2R,0.9226451826839774
STAR,8.165178863554495
LHCGR,-1.0648657350789956
MRAP,2.0482402828687465
INSL3,0.01568528759346545
NR0B1,-0.6293463923588315
DHH,-1.2074691118837784
CGB5,-0.32565061178398247
SLC16A13,-0.06898584952329007
PAGE4,-1.4075065057650067
TSPY1,-1.7895133062183313
LGALS13,-1.0518021733416845
ISM2,-0.6853657517295849
VGLL1,-1.2889066362074275
MAMLD1,0.2873743212697179
GDF9,-0.17696077070255029
INSL4,-1.2777618105010484
FIGLA,-0.6888962510284353
CGB3,0.03362060004964559
FSHB,9.936244044551955
XAGE2,-1.093288937683085
RXFP2,-0.17896588850629294
GNRHR,0.2259734797425249
PRB4,-1.2910239085991502
PRB1,-1.2077328010000241
ZP2,-0.1664990653651409
DGKK,1.3084032960901437
GNRH1,0.2573007273584504
TSPYL1,-1.0546070761814406
ANKRD7,-0.40980242586024423
YPEL4,9.081627093303869
DMRT2,0.7762020828510949
HOXA13,-0.7401630015697176
H3-7,0.558360951256698
TSPO2,0.6152294328885549
RS1,0.3722828548216864
THEM5,-0.9988001359375052
ZNF157,-1.1374712153507442
SERF2,0.6962551755201896
AAMDC,-1.0539754035978937
AP3S2,0.10817430990665293
TMEM209,2.6674068743083046
FUOM,-0.5899723743253095
LRRC1,-0.20385882012905107
PRIMPOL,-1.123342145412563
PNPLA4,0.6852455090667162
GON7,1.6560986151510784
CNNM3,0.9952421190281655
ACCSL,1.9596160133153546
ASPG,8.465835745289334
TPPP3,-1.0663835376849207
STEAP4,-0.9510063781307402
RBBP9,-0.6275559182948205
IL36A,-2.552421775527015
EML2,-0.8937608812318814
NAPSA,-1.449727225452883
MAP1LC3B2,0.25894689399301496
CLPS,-0.9985312324748499
CPB1,-0.09756557544196179
CTSE,-1.5964090657015177
PPT2,-0.2808745037485679
DDI1,1.048886294250369
SLC38A7,11.067704379760729
COG8,3.1188335663143487
PDCD2L,-0.6887250634118164
ROBO3,-0.3451072495494497
GPR160,-1.1555060332648104
FN3K,1.390114417867062
FSCN2,-1.098783284819619
TMEM53,-0.6376527374553314
SNX10,0.15537564532337433
MAST2,0.4708636136463806
MAST1,0.6320631983175878
JSRP1,0.4190051550708353
PPP1R14A,0.8499736774511488
SPAG1,-0.23456854124572618
PDE7A,0.6495974660282342
WWC3,-0.3712174520078861
RGS9,0.03208859137546521
CLDN10,-0.34092524837631644
TRPV6,-0.6994076435763535
TRPC7,1.8550961410475622
RGS9BP,-1.03334525328699
ADAP1,0.25010675060427473
WWC2,0.022261471504502455
MAGEH1,0.027278969357771007
CCDC74B,-0.34174856477327475
TNP2,-0.5245647073183031
TEP1,1.18219940093116
TRPV5,-0.535370680343219
TTF1,-0.9201619343559996
PRR5,-0.777727639880265
NRG3,2.4008775738334243
PLCD4,3.047536721615968
PLCZ1,2.5380083984421296
WWC1,-1.0221008024382474
MYH7B,-0.6615707499277989
SDCBP2,-0.9544446315040197
PLCL1,7.0881440965043785
MVB12B,-1.1269132335679952
GNA15,0.6805944875838836
CASR,0.8183756179306093
TRIM41,1.5347951054467694
TAS2R7,-0.9487060985232524
PTGIR,-1.7918638685752573
HR,1.8579035204286545
ARFGEF3,-0.7661224456262342
SLC25A41,0.4198452037641585
PHLPP1,2.442763916585587
S1PR3,1.9080047960799225
DGKD,2.127321599649347
S1PR2,-1.4119495770254658
CEMIP,-1.0059999652841574
MAB21L2,-0.36998769920045993
ADORA2B,-0.5824921837874175
TMEM185A,0.31321205163646937
SLC6A9,1.0653767484803174
KCNE4,-0.1079474831910418
XK,-0.5279167812612368
TCP10L,-1.0598498024191603
TRIM5,-1.588506068631709
KCNN2,1.710242973400914
GLRA3,2.7726354288265713
NGEF,8.602675015466462
SHISA7,3.5250465224793244
RGS17,-0.3069355951270488
DOC2A,8.146558145795296
DAB1,0.8518520469710347
ADRA2B,0.6832161853005474
ARHGEF25,1.2104420059965937
TGM1,0.21838046022264734
GJA3,-1.4193941201611497
REM1,-0.0003898694207920046
CEND1,0.844095609958674
GPR52,11.714189755145245
P2RX2,1.6099131277232117
ATXN7L1,0.22650303095972216
DPF1,1.364212893549432
ENTREP2,0.6021384625039882
NPTXR,0.44498828883010755
MTNR1B,-0.4969430600357676
NTN3,1.2694961788015002
ATG10,0.18837198192288676
CCDC160,0.031664660609148965
INPP4B,9.258064283428512
DACH2,-0.6766566646030151
ANKRD35,1.738215232881465
ANKIB1,-1.0039372684511394
DOK5,0.40546221243293595
PHLDB1,1.513387304534113
ZNF765,-0.06984454554099659
MSANTD3,0.21970057626826892
HECW1,1.443130888368484
ASTN2,2.816619351581866
SAMD11,-0.8294798556198439
FAM222B,0.06967118213920054
CCDC88B,-0.9152770729157865
KANSL2,0.8958192370499259
IGFN1,-1.0193917588954642
GEMIN8,-0.9390995677333551
DNAAF10,1.0389577551033098
SDCCAG8,13.02735711315748
BEX3,0.8811938117313639
ARB2A,-0.33218360302489297
LRIG2,-0.2037930017562699
MYO9A,-0.4308736197351708
ATAT1,0.1934243275552363
CEP89,-0.45108295137664106
FIG4,1.5056023291343281
TBC1D13,0.3906619931980365
FBXO45,-0.5651119209249154
SH3RF1,0.13165204803294409
PSD3,12.156971076584783
SLTM,0.5883147367660866
USP6,1.393470636900669
NKTR,0.7921346190560198
RASSF7,0.9644083082417478
CXorf38,-0.5565244450166259
PPP1R26,-0.3845916330553479
RUBCN,0.14916980267259233
ID3,0.19640410714093737
HECTD4,1.4062273924263204
AHI1,0.06087928881842948
MYLIP,0.05102640386341939
KATNIP,-0.2643102392364672
TMUB2,-0.6469378910129557
NPIPA1,1.377228424211081
ZNF444,-0.14117406764373075
MRFAP1,-0.7364208596693399
SPAG8,-0.3519202602026398
OTUD7B,10.918522635437993
DZIP1L,-0.6768475190718587
ANKRD36B,0.07151340810713354
ZFP2,-0.6250128855835411
MAP3K21,0.29387820299607553
OTUD3,0.6944705290913546
RNF103,0.7485674847529717
RUFY4,-0.18202915325929075
RAPGEF6,0.3160123548647172
DNTTIP1,0.9005346009289352
ZNF266,-0.2916519730497751
FAM13A,1.1370410778085016
FAM53C,-1.009384879773966
ARHGEF17,0.7086208407742752
INPP5E,1.7944032817916211
CLK2,1.1007472152256557
DZIP3,1.3847119393042888
CCSER2,0.9471186629787224
TULP4,0.6846050167869535
ATG9B,0.3625989569635828
PIM3,-0.7419035435214593
FAM221B,0.16642284482825684
ATG4A,0.15744184768095612
USPL1,-0.19966285209341206
MPL,-1.7637580467784064
SEPTIN4,-0.6281786864265386
SSC4D,0.7146553925217103
INTS3,0.2881872634869163
TUBGCP6,-0.3103460735508258
DCP1B,0.3847067355044074
PLEKHM1,1.0972746941325546
TMEM94,-0.7322398614887069
PCNX3,1.6125984087838157
GPN2,-0.7565531642154446
P4HA3,-0.3698241475995711
CDK10,-0.6075758322190793
SIGLECL1,-1.1215558180131355
CBY2,0.48461567399907496
PACS2,0.6120831897830558
EML3,0.21760732368087113
AHSP,-0.44173649224084355
HBA1,0.7971251493414819
ANKRD22,-1.1578275961125215
HEPH,0.3436889968508004
CCDC103,0.4040687540349442
TATDN2,0.02512708922586131
SLC40A1,0.01757097825103425
METAP1D,2.6694263932199433
JMJD7,2.3307774981486014
WDR4,-0.6718634457175524
GP5,1.7300210311385702
GYPE,-1.224628821866333
GYPB,0.29250582337676095
RHCE,-1.3715829451216799
CRPPA,-0.20648372931876496
TYW1,0.78119667092541
UBE2F,-1.0321781940545027
ARL4A,-1.0196376309812865
MIX23,0.35202047843477596
SRRD,-0.7258550197759542
OGFOD2,9.27247949929463
TBX1,-0.6518125421180246
ETV2,0.3067678109649892
HEY2,-0.3926326165440948
MYOM1,-1.0947834463998136
MBD5,2.5868035636018663
MESP2,0.4827927649906625
DPPA2,-1.1882853691566626
TWIST2,0.08615023899636011
TMEM161B,0.526943424397562
MS4A6E,-0.19852011903631
IRX5,-0.4541752304251316
PKIG,0.9749137181164906
ZBTB44,-0.5828036469321435
RUBCNL,0.5336305914981568
HOXA7,-1.3778391176016211
PARM1,-0.14518609520086084
VGLL2,0.6070386802170191
BACH2,0.5825681788757662
CYRIA,1.7712675739674109
BHLHE41,1.4503627438228135
HOXA2,0.0570634454413922
ZNF202,1.9196569514037558
RECK,0.6303375364851174
ADGRL2,0.15000175822052608
HOPX,0.314254821534629
ARHGEF3,0.7596611848515415
RGCC,1.8039415952414273
BAALC,-0.04160493247581821
XKR4,-0.6248255509513012
MS4A12,-0.744320119806762
TMCC3,1.604708690691595
CYS1,-0.7964645227707934
ERICH5,-0.8279861256874765
SLC14A1,-1.4803387476653624
SLC35C1,0.7511834433758671
SFT2D1,1.0426172984464188
ZNRF2,0.11350937982202744
PLPP4,0.672535473396333
PCDH10,-0.7298174825476131
TMEM63A,2.064487604549071
ECE1,0.6221494916558308
SLC15A4,-0.0965558734421741
SLC9A7,-0.7994079413913494
PRPF38B,-0.48740886250701393
METTL2B,2.745961810919985
ATP6,-1.0983613554734846
LRCH3,0.9701595106080678
DPY19L3,-0.7502270689764677
ADGRG1,0.06736297790368705
DOLPP1,0.01054932760401732
APBB3,-0.9717049338082421
SLC26A5,-1.6039123568510933
SCNN1B,0.3078425181423377
CLDN8,-0.16231345467806332
SLC44A4,-1.4785357533230925
TMEM213,1.2642441530936948
CLDN14,0.04802853664367967
PROM2,-0.57116445596026
SLC34A3,-1.8725279070250367
ZDHHC13,-0.5107309078070079
SLC9A9,0.15226305567279916
LRFN1,-0.6285246016189291
LRFN4,0.34437458837678636
LRFN2,1.0212031472236387
NXNL2,0.5581854065714021
NETO1,1.0636426222262538
CNTN4,9.32638956418617
P2RX6,1.0843124519201064
CSMD1,5.92182886650069
SLITRK5,0.055368364183435395
P2RX3,0.8025998297547629
ABCB9,10.874332252953323
GABRP,2.621766805968221
OPHN1,0.5315300495771728
HAP1,-0.19468431811067216
BEGAIN,1.7357747553779566
SORCS2,2.5660060883756053
SHISA9,2.744305724562528
TENM2,1.615734658944566
ADCYAP1R1,0.41213918779297043
CHRFAM7A,1.6001336013438103
LRRTM2,1.6251652523165687
LRRC4B,1.689747044911456
P2RY4,-0.20255306757030386
SSTR4,0.7058889802387422
NCAM2,2.177501308353088
TRPM3,1.5811718592787776
GPR35,0.20756479344017553
CDH7,0.6574741151822883
KCNK2,1.8614006447846034
LMO3,1.2801965353823885
CDH18,0.4552312222537527
AJAP1,0.8282773268857516
FUT9,1.7474071777559832
LIN7B,1.6917684597833123
SCN9A,1.9429166369503468
ADAM30,-0.7406738325171309
DGKH,1.435333054630151
CALCR,0.40233878223252456
POM121L2,2.5266020832793465
CNTN5,1.4314895231324734
CCKAR,0.48280969251648814
NYX,1.1598395645744615
KCNK10,2.0778119890918663
KCNJ13,9.184703016470602
PCDH11Y,-0.3534848085654068
MYO16,1.155376135508909
TAAR5,-0.9034293754359881
GPR12,2.1614770299161163
PROP1,-0.5280696875070449
TAAR2,-1.4528972238678757
TIAM2,-1.0287463004409052
PTH2R,-0.03612581103709801
FANCB,-0.21567735953202233
FAAP100,0.39221350848509
FAAP24,0.1616933510658533
FAAP20,0.8173528714962659
POLN,0.16195786050010225
MUS81,1.5689099314621349
EME2,1.1983700814950904
CENPS,0.007487531320877499
SLX1A,3.859907138177577
DCLRE1A,-0.1616291130663679
XRCC2,-0.931473875708776
HUS1,-0.10430508517931374
XRCC4,-1.0868534902859825
RAD9A,0.5228381787541655
RNF168,0.6018474349734786
MSH4,-0.5622236751527586
USB1,-0.42457682788590295
CTC1,0.09099206394553909
C6orf118,1.4585662896041036
NHEJ1,-0.15962335827613164
HAUS8,-0.4711820159800433
NUB1,-0.09007563927974464
ABRAXAS1,0.3716485309644298
SPIRE2,0.09229484380194455
TICRR,-1.4516370121223368
TONSL,0.41234371092491595
RDM1,-0.6813201384554247
MMS22L,-1.3418438023493569
INCENP,-0.3794151232989701
PIMREG,-1.4988739546688168
ARHGAP11A,-0.8287410188367642
P2RY8,-1.5872640402203515
FAM83D,-0.7844903843719354
TEDC2,-0.7934936961126247
DBF4B,-0.7279613422210595
ETAA1,0.5514601858303779
HASPIN,-0.7136923025225943
NSMCE2,0.35209826823935925
CENPO,-0.0717647302234813
CKAP2L,-0.9517710098397618
SMCR8,1.5909049481417066
LIPG,1.0257119563951789
PMS2P3,-0.6145467508482455
TEDC1,0.24905434787653802
USHBP1,-0.7612234907136802
GABPB1,-0.9776671967956224
TPRX1,2.2761100664698715
SAMD3,-0.26302394395139705
ZNF329,1.8361974375746242
RTN2,0.26864610790350324
ZHX1-C8orf76,0.41168424431119527
KDM8,2.0974928614300943
TMSB15A,-0.8387623652596353
WDR54,1.5049940596001279
RHNO1,-0.35248673648114354
REXO5,-0.6310235113464694
FAM228A,1.7253729308520702
ZNF514,-1.1730324734304851
ZNF552,0.9962872256834242
ZNF212,0.6213223292491972
KATNBL1,-0.48610106025324373
TFAP2D,-0.7780070276797402
ZNF620,-0.4473154481986308
ZNF774,-0.6213073168164781
BEND7,0.013357306717520372
PPP1R3F,-0.670721465377381
LONRF2,-0.6881262514265108
ZNF282,0.8736380161052877
FAM81A,0.23602487652199966
OR52B2,-2.8018544282339723
IP6K3,1.3934327382976632
TRIM43,-1.1059102613355993
TBC1D25,-0.09639198680577393
HOOK1,0.707556835658661
BTD,1.3756604601935694
FTCDNL1,6.440645415539788
GTF2H2C,-0.921689460983846
ZNF133,-1.2187656376981035
TRMT10B,2.105574645411717
GSC2,-0.6693750138441481
ZNF707,-1.1720625373342235
COMMD2,0.453348660851206
EEF1AKMT1,-0.4494740274617264
EIF1AD,1.1456073587504696
C1orf43,-0.26462982579965244
SS18L2,0.6516234036848366
DCUN1D5,-0.95297370176946
PSME3IP1,-0.07883776419437849
CGAS,-0.7745155288534211
INTS12,0.17787824573690356
ZFC3H1,1.577285867829703
C18orf21,-0.8290733994073988
CUEDC1,-0.11125012533325823
MORC2,-0.6914372088029233
ZFAND1,-1.1297353268737387
ZNF574,1.5299858927090502
ZNF324B,-1.6686765367617564
CCDC43,2.5890089905211155
ZNF121,-1.2667587825617888
TM2D2,3.9393228207336586
MSANTD4,-0.5995904914441454
CCDC59,-1.7150719310788045
RBIS,-0.5817247010491926
MANBAL,-0.7144806286472319
ZC3H8,-1.5331937023718538
YAE1,-0.58249660761368
PCMTD1,-0.7715230431820596
ZNF169,-1.4299144770306147
NOL12,-0.6507095031944647
CHCHD5,-1.1032296662410972
RPP25L,-1.0232288278407649
FBLL1,-1.4759710669147048
RBM11,1.5165824601283016
SRSF12,-0.4647184207217279
RBMXL2,0.4428091846320846
ZNF576,-0.8027661574443129
LBHD1,-0.7739698187805932
PPIL4,-0.3699796028961829
ZKSCAN8,0.3625162549975192
ZNF460,-1.0118272930531638
DCAF5,-0.5920385795373055
ELP5,0.3403090204021235
NSRP1,0.161797104445246
ASB6,0.32745156286966615
TRIM71,-1.574178978175916
SGMS2,-1.1373822754564498
SLC10A6,1.7127664809582348
SLC16A7,1.410390623032308
PEX12,-0.7707557195578784
RETREG3,1.9112922629107076
ASCL5,-0.6695882701080661
ABCA5,-0.26654238301136857
CERS4,-0.2280663814468632
TRIM38,-0.940180971138442
ASAH2,-0.9758709213141998
ZNF415,-1.150995937115556
MFSD2A,-0.4949762166107898
TNFRSF10C,0.11266339007622321
ZMAT3,-1.082042233763211
TNFSF9,-1.2264474919478503
CARD6,-0.7031493414967055
TNFRSF11A,0.3601015054399809
CRADD,-0.41130895091158653
IER5,-1.2952699599533655
DFFB,-1.2434493080291313
GPR3,0.47750297988685525
CIDEB,0.8781886014534764
PHLDA3,-1.1357295645556453
PCDHAC1,0.2727581297890339
BIK,1.6022898966806334
TNFRSF6B,0.055587689029520417
IER3,-0.3072946513252794
BCL2L10,-0.4042455134796136
LRRIQ1,-0.15409537414915953
TSPAN12,0.10932601798915219
ZDHHC15,0.9938019647716303
MARCHF2,0.44586151084542
TMEM223,0.5228929788673288
TMEM231,0.9022940933666774
HRK,0.16362022493468648
GINM1,-0.12241373718354293
PIDD1,-0.7520574056844145
ULBP3,-1.9808480447654304
NECTIN2,-0.36062878713090063
GADD45B,-1.613044661985769
IRAK2,-0.5784401951331917
PPP1R15B,-0.7088009589075345
TRIM66,0.33829659980047966
CXCL3,-2.241919620421521
SLC35F2,2.3182011000572738
MPZL1,-1.3129123055045497
CASP5,-1.4318699795889152
BCL2L2,-0.6538958050084348
NOD1,-0.9545817206631473
NAIP,-1.189853660749947
BOK,-0.3776277227408091
ST7L,1.7113454493497697
ZNF16,-1.2099335235009019
ZNF655,-0.8775240509210563
ACOT6,-0.8566123003259895
SLC22A4,-0.8803714571780559
MTMR8,1.1821428488190144
SLC25A18,0.29902851610857994
PCNX2,-0.34034234340263203
MMD2,0.4919635044141365
RDH12,-0.9066178699994405
LRP2BP,-0.7037735290077365
PNLIPRP1,-0.5686876808338093
SBSPON,-0.6095270500212564
FABP6,-1.4503891940600744
GDPD2,0.8055806535505763
TFCP2L1,-0.2242530693092386
OPN1SW,0.38293358765952634
PLCH1,1.9212223421338526
ART3,-0.5985747952125604
RPGRIP1,0.015516752251156127
SGCZ,1.8092893495629974
CCDC71,-0.22250944225801725
FNDC11,1.7474533440435625
BEND3,-0.5684653938036509
XPR1,-1.1955116190205837
DIAPH3,-1.6490443350061048
SLC35B4,-0.8874792885028642
GRK7,-1.197116180097248
TIMP4,0.017229632803394627
TMEM154,-0.8375111020828634
EVA1C,-0.8325971790539967
CCDC107,0.5812563991588656
C2CD6,-0.27570500263136954
SLU7,-0.6152860871003244
DGLUCY,-0.9315437698059114
CORO6,0.696720640959363
DIP2C,0.4190092810020893
ACBD4,0.5969807482253665
GYPC,-1.4107359157796366
KIF6,0.4658973688908078
PLEKHH1,-0.7175201568725669
SLC66A2,-0.865298508747003
FAM174C,1.3150989122956003
IDUA,-0.5497603582475725
CCDC9,1.2799228602217136
PLD6,1.7802538822996512
TYW5,6.99374839360599
GLYATL2,-0.5612565659229801
GLYATL1,-0.1848886592908689
FAM47E,0.2693144952359994
SLC5A4,-1.033848517992152
SLC22A12,-1.4075497129438623
DNASE1,0.01022855758751747
JCHAIN,-2.4904444832236
NFKBIB,0.6087634421390445
CCL4L2,-1.2527300896384013
B3GALNT2,0.47136646812285093
TMEM62,-0.7522460219062483
PRTN3,-1.2006286724394932
C16orf54,3.3933493330811197
IPCEF1,-0.45897722783749734
ADGRG6,-0.7824730382775014
NSUN3,0.4878858611116923
GJC1,1.561313637188349
PIGM,-0.42190240754573943
SLC38A10,0.3103391158987078
DSTYK,-0.8534611381165673
VTCN1,-1.275577296241028
SPINK2,0.16228371962661547
NLRX1,-0.09009451411280119
FKBP11,-1.2538053291757674
APOBEC3G,-1.466638919035533
RGS10,-0.013354367373788832
IFNLR1,-1.7970485518200943
TLR5,-1.366282964998084
TRAF3IP2,0.9655850198673503
NKX2-3,-2.177934070774995
CXCL6,-3.203475101311741
SP110,-0.14295231395140534
OR52A1,-2.6221221767616036
NDP,-0.8917302467282673
VWC2,-0.5395020952767096
ZNF688,-0.8884148180238749
PLEKHG4,-0.5404754392007483
MOGAT3,0.4119183883802197
TTC36,-0.43446585565212165
TEX28,-0.17667415074940288
TMEM45A,-0.7265484761184948
FUT11,1.1754360959740722
CCDC102B,-0.0732650324448253
ZNF641,-0.6042139319160862
SPAG4,0.4693010946417949
PRDM8,1.7953652296471014
PLEKHG3,0.9085483660826099
HBG1,-1.8262050457034709
TLCD4,0.892905535638471
C8orf76,-0.6089600115577434
TRIM58,-1.9773519839791973
UBL4B,2.0134742134706896
TRIM74,-0.8764298710354567
MMP26,2.062758467307073
TMOD4,-1.124354045137074
HBQ1,-1.3548097531036332
HBG2,-1.6352562350932165
PRSS50,-0.7650578826337578
HJV,0.10860452050928919
STOML3,-0.9306845683520028
USP42,0.27175772364180056
OSBP2,1.9604448028342576
B3GNT3,1.0361323290054951
USP20,1.1256357400685377
FBXO42,0.10230130427178998
WDSUB1,-0.8899582056530729
MKRN2,0.023977211356574664
CNTNAP3B,0.5114155303644363
ANO7,1.1847407647265191
LRATD2,0.7515261261945034
CPNE5,0.9738999040811637
TSSK3,1.7091670917438344
C1orf174,0.03693197200268911
NARF,0.21901322158954106
NSUN6,-1.4853735603786986
NIPSNAP3B,-0.8161520467871508
AWAT1,0.42047744664327624
AWAT2,0.164106260768769
ZSCAN5A,-0.6134456251427325
ZNF740,0.5067180173614221
ACTMAP,1.4057035786440362
SUGCT,-0.2154860168890161
ZNF785,0.13098904472353262
C7orf25,1.549783441217138
FBXL20,1.4174925529977178
KLHL4,-0.9436228105377162
DYNC2LI1,-0.1636132328350413
TMEM254,-0.10244161116716247
IFT80,-0.17900701737183428
IFT88,-1.0194032653054401
PPIAL4G,0.34269254987102554
RASL11A,-0.5110565387792118
LRRC14,-1.0009921062874687
APOBEC1,-0.4067514139712851
OLFM2,0.9735584281172853
GAS2,-0.5456280635317671
SLX4IP,-0.6517997839418205
CYSTM1,-1.1822574125421008
PDZD8,-0.6861552796376853
ZNF789,0.20728510915964785
ETV5,-0.3621406517569114
C1orf116,-1.3407647766705397
TMC5,-1.0008860954227885
ZSCAN26,1.002284813141438
HEPHL1,-0.10802456760891767
VSIG8,-1.254862971490419
DUSP14,-1.1752129614444082
TUSC3,0.050136129712701885
IP6K2,-0.8916498844784276
PIGC,0.692223774045874
FBXL15,-1.504266460987915
SLC39A13,-0.10869971333681364
SGSM3,1.8048903050375926
MOSPD3,-0.26441703607365985
MXD4,0.5154221968980796
LIN37,0.12428678608868732
SETD4,1.1445359961953634
L3MBTL4,1.889686067737986
YIPF2,0.2386607428212866
TSEN54,1.6221955311703609
METTL22,-0.06399527673446871
PGAP3,-0.9819030426174521
SMYD5,1.0607724653906898
CHPF2,1.5576569551810833
RXYLT1,-1.0429050277655343
C11orf24,0.6172880746668857
ARHGEF9,0.42590152406048254
GPR158,0.30656336870616835
NALCN,1.0809675223545727
DGCR2,0.47736773047594094
PCDHB14,0.3323309525769294
LRFN5,1.4082276968392329
NLGN4Y,-0.4691278872107487
KCND1,2.1980604753506445
KCNS2,2.1374039727531384
LRRTM3,2.1972675731587636
FSTL5,1.9932744457771996
FBXO2,1.9948530318643503
FSTL4,1.022101713537199
VIPR2,1.6627873298277
KCNJ14,1.5124238867595658
SNRPN,-0.5658250719586805
MAGEL2,-0.028723718443011154
GDF3,-2.273538881922671
NIPA1,0.7934028424081847
ZFP42,-0.007913780260850045
FOXD3,-0.11694693076698008
UTF1,0.11368323602956398
MCOLN3,0.9322637172422126
TUBGCP5,0.35328562691008414
RIMS3,1.5347158683095254
ASIC4,0.2872630999170775
UNC80,1.5885680684250971
KCNQ5,1.9910495945198452
MAFA,-0.5747349210912054
GLIS3,-1.4647802700767423
GIPR,0.4675051778268704
MNX1,-1.2143443828382499
JAZF1,-1.2232324178466085
SPDYE4,0.6033562112780688
C2CD4B,0.21893492591028552
ZBED3,-0.6934012539133966
SLC26A11,-0.3779800812811015
TM6SF2,9.654461721852076
GMIP,-0.3824071378185131
SOAT2,0.6078342118511536
PRLH,0.10858693184503232
STRA6,-0.3671715657924208
TEF,-0.5872050507779832
GHRHR,-0.6525260569363664
SSTR5,0.41833557048985326
SLC35D3,-0.25723332078843747
ZNF267,-1.386743382649531
ADGRG5,0.19738442792218305
SLC39A1,0.31007201058415745
GRAMD1B,0.4536819624006822
TBC1D10B,1.0845999901440166
RFNG,1.1082584634041694
PCDH7,0.1745743287371554
GPR107,-0.7332572593841159
SLC38A5,-1.0402311178545463
GPR108,1.6355677109843236
GPR137,-0.02899290335669111
CCNY,-1.5934804109883973
TMEM41A,-0.6009874005164169
MFSD8,-0.6232021042187613
OCA2,0.37607230366048305
PCSK4,1.65456699361229
CCNYL1,-0.6272142387832323
TMEM175,-0.07649899553136887
MGAT4B,0.6877476675187595
YIPF4,2.7101615382141926
SELENOO,0.09392458817838088
XKR8,-1.2560401255735276
PLPPR2,1.5047375759860577
PLPPR3,-0.4402889386069253
SH3GLB2,0.6866693756344829
PALM,-0.15465269710918958
CRELD1,1.3924907297841498
RHBDD3,1.5326522256535087
ADPRH,1.8583748809855074
MORN5,0.07332539726518976
C17orf75,1.899258314563459
FLYWCH2,0.24918375545359978
PROSER2,-0.368235808821532
CCDC120,1.512636590109207
ENKD1,7.425430788096393
SLC7A3,-0.7137733043280738
AQP4,0.3884230292868158
PRXL2B,-0.6135585050420224
EEF2KMT,-0.8516579052731292
SLC8B1,3.0139850267252646
GPR37,-0.07201185852129857
SLC52A3,-1.1674023459082
SLC4A3,0.6970026094941701
SLC52A2,-1.2256735504697072
SLC52A1,-0.028109196555142952
SLC41A1,0.06977890428802906
SLC4A9,-1.0508139756377064
SLC13A1,-0.018622131110709487
SLC35F1,1.7257524723957922
SLC4A5,-0.5523919570026544
SNPH,0.801122448902689
ADAMTSL2,0.3475689894247487
RASAL1,-0.28523753775251565
SLCO5A1,-1.0532495349403026
NPAS1,2.1191412585889036
DNAH7,-0.19541052479703536
MTSS2,1.5229351116974272
SLC39A2,-0.07160366445373378
CHST1,0.8304026135156073
SLC13A4,0.6106313327297449
SLC12A8,-0.09335153593454924
SLC26A7,1.1127582904855775
SLC10A5,-0.19836557966347648
SLC35A4,-0.33624465626568667
SLC16A5,-0.5147437451149662
SLC43A2,-0.6889885015113852
SLC17A9,-1.0171691213378617
SLC2A6,0.159086834577508
TMC2,-0.9715892681602599
TNFSF12-TNFSF13,2.0748554137732422
ZC3H11A,-0.1402456671460436
ZNF579,-0.5602906469471465
INO80E,7.599869257760597
ZNF385A,-0.623637049795207
ZNF48,-0.2935170938653745
GZF1,-0.17935770372605722
ZBED6,0.6249964127101776
BNIPL,0.12455407475096994
CPA2,-0.7420214552310245
SYCN,-0.27671987152908895
CUZD1,0.41518211020122386
REG3G,-1.800934720263816
ERP27,-0.06263510784210553
SPINK1,-1.5128341285255837
KLK1,-0.9560066647381716
CELA2A,-0.8089198953323997
RNASE7,-2.147521566956418
SENP8,-0.26181979056657856
PDZK1IP1,0.473258382834589
DEFA6,-1.6927316433779982
REG4,-1.6708231320002203
CCN5,-1.368315338915177
PDE6B,-0.05318516398931734
GUCY2F,-0.2418413567639695
GRK1,-0.41030358086305047
GUCY2D,-0.016540280487683662
GUCA1C,-1.1605859016468203
AIPL1,0.1435908819066736
ROM1,-0.3193879775252629
RPGR,-0.201523475864356
RP1,-0.8839218642071318
OPN1LW,-1.3612558889415856
RGR,0.28978308359697214
RBP3,0.5205877081796101
BEST1,-0.7359524072157831
IMPG2,-0.9916349645064029
LRAT,-0.4748751330617975
CERKL,0.987519894438077
IMPG1,-0.9603855442663779
RD3,0.26675300469776386
EYS,-1.3073442512330042
KCNV2,1.8886709042922838
WDR17,-0.7408762150099253
NXNL1,-1.0364365476333754
BBS12,-0.45490555651469367
PCARE,-0.39016374760769845
MFRP,-1.1329950528265424
SPATA7,0.49399071952870655
MAK,-1.3624567825311746
ZNF513,-0.9053683073523698
CLRN1,-1.1874818372760867
OPN4,-0.5372809604295062
CC2D2A,-1.2409205086343946
CRYBA1,-0.46882598399383635
RAX2,-1.2900811736818993
LCA5,-0.26416237816796995
SEMA4A,0.4728403419946375
CCDC66,0.004886894914082803
EPX,-0.6587188593879595
PCDH15,-1.3869607567184887
CNGA1,-0.46470117408776046
MPP4,-0.7465684638425699
GPR179,-0.8214465918631245
PIWIL1,1.0911905291759962
CRYGD,-1.0019004916826264
USH1G,-0.12235212397714892
CDHR1,-1.1593728965634085
KCNJ16,1.613712065433519
KCNJ15,1.9210953429532618
KCNA7,2.164589628823481
KCNK17,2.1858004383862113
KCNK6,1.9172654956690829
KCNK16,1.9497593172345709
KCNK5,1.698949323856823
KCNJ1,1.6739463701897521
KCNA10,1.8663676978084844
KCNE2,1.6419083665292122
KCNK7,8.816884730213655
KCNV1,8.87764089768613
KCNE3,0.8923168338998325
KCNS3,1.7881261192066031
KCNK4,2.3356361905167122
KCNK15,2.0118987278888136
TRPM8,0.5925171219250469
CLCN2,0.6717131109627567
ANO1,-0.6663020430090582
KCNG3,1.9984460371060278
KCNG4,1.9621502518483573
LRRC8E,-0.15873173774300964
KCNG1,2.395524930704125
KCNJ18,1.9730192254440837
NAV1,1.029643235594182
LONRF1,-1.4240976035640964
CLCNKA,0.5703282345780835
PKD2L1,-0.5944213974554108
HS3ST2,0.7441126396792598
EYA4,-1.6499306527154474
MLNR,0.3575771238252141
SCNN1G,0.014319711171843672
DNASE2B,-1.0171226756420129
BEST2,-0.35092121034509405
RGS16,-0.13759874437489672
ANGPT4,-0.8501242594709607
SLC45A3,-0.9535610637093006
AQP10,0.8377222592655925
SCGB1D2,-1.0782894103472767
WBP1,2.161031084989272
VSIG1,0.901421370790154
SLC2A12,0.1822383835301562
SEL1L2,-0.7894840994658232
STOML1,1.913188080690267
MFSD4A,-0.9897925460609769
LIPF,-0.9428737881051364
FSCB,-0.46528431412603066
OR6A2,-2.315976816295901
LARP6,-0.8477346174331852
MIS18BP1,-0.10109239266996578
PRR11,0.1809351233808854
THAP3,1.40486538771951
H3C2,-0.5515045658613442
H2BC8,0.4976557982477188
H2BC6,-0.640909343478869
H2BC10,-0.6151441121874568
SPO11,0.547444823412849
ZNG1F,-0.7913803316101342
MYEF2,-0.523424997332769
TEX30,-0.7895773375944213
RBMX2,-1.214193897184145
METTL4,0.6214691555360029
METTL16,-1.1327159981424886
PAQR4,0.22011501943088319
TBC1D31,-1.0938988554542088
NUDT4,-0.930014111000016
LSM14B,0.4192038053790757
CENPL,4.670554123938806
KRT78,-2.072538915461025
TMEM237,1.0844080213122926
G2E3,0.06858259422516416
FIGN,-0.694045853842866
PSRC1,2.5412131937017826
KMT5A,1.0593145470501963
CTNNAL1,-0.21337834629872537
THUMPD2,-1.232964529634501
ERI1,-0.5411045576302134
TMEM123,-0.902632453135801
ISL2,-1.1146771497935497
BTG3,1.5862115131845365
CEP43,0.2754809450076589
KLHL23,-0.6649623726617546
ENTPD7,-0.14086696854519573
TMEM263,0.23928034281880095
MTMR10,-0.12753833092663058
RNF41,-0.0243805969074683
GCNA,-0.8223907994908248
USP37,-1.0933931944435573
UBE2Q2,-1.4067179330874597
FAM177A1,-0.16257910247691687
ZBTB41,0.8669805046762175
SPOPL,-1.2642090686734404
GADD45G,0.8368275328376245
HSFY1,0.17391593676618414
EEF1AKMT4,-0.6020743673625164
DELE1,-0.47615445378100774
KNDC1,-0.17994549392329534
LRRC61,0.962660596315109
HOXC9,-1.4524859011244056
FGFR1OP2,-0.39803209384072574
EFHD1,8.95706869208662
CPA5,-0.6938233857466386
TNIP3,-0.2980526171088245
FAM185A,-0.28611216773767584
SPATA22,0.16752455702832597
NAP1L3,0.02791277630475582
ZNF19,-0.5953152894433568
NSMF,1.1834050974929118
ZSCAN22,-0.807855163570372
PRELID3A,-0.20635893329644658
PPDPF,0.5487092805148551
FLYWCH1,2.1821349823201523
LGALS9C,0.027123229285988017
PPHLN1,-1.8329846707072546
ITPRIP,-1.442239910348491
SLC10A4,-0.2633960687874309
GJB6,-1.5737154723735038
FBN3,-0.07158502401417506
CRYBB2,-1.0278691055533424
KIF21B,0.13014050318154569
SLC16A2,-1.1905536413201299
NCR3LG1,-1.5149710053788132
CLDN7,0.37717983689659995
MID2,-0.18705234223503955
IGSF1,0.32785081099278934
KLHL15,-1.1289146869916906
S100A3,-1.1785340806927265
DNAH17,-0.7328560201085426
EDA,1.4549755131205842
HEATR4,-0.5524422365671107
ZNF277,-0.11408708871749484
TMPRSS11E,-0.8318813998952085
HHATL,0.765011030568302
LIAT1,0.45517481515109615
H2AC13,-0.9337371631171403
MTCL3,1.8537839224401003
H3C3,0.08620559171113563
H3C4,-0.13629695208453269
H3C8,-0.38614098101893435
H3C10,-0.42603834776102417
H3C11,-0.4529930660828655
CARD14,-1.2499092105572618
CARD10,-0.6599109702201588
PLCL2,7.247386895924332
PHACTR1,1.8108067515638746
APOBEC3C,1.5351466759367445
TM6SF1,0.6727408135066314
SEMA4D,0.9062158066982776
B4GALT2,0.9089934363504842
ST3GAL3,0.0723453718956498
B3GNT2,-0.2982708846344143
B4GALT5,0.09227424147492279
MGAT4A,0.9336220825982862
B4GAT1,0.11810228402186299
B3GNT7,-0.6863259548759476
MGAT5,1.0020611364460223
B3GNT4,0.1522531011987031
CHST2,-0.7264602390777639
MGAT4C,-0.22204185308148658
MGAT4D,1.3172370796723065
OVGP1,-0.024806222831667467
ZP1,0.7885427064041078
CHST6,-0.8822365157324779
MGAT3,8.419874808307261
ST6GAL2,0.5672026981824726
B3GNT5,-1.3114387706132202
FUT5,1.0217109417965788
FUT6,0.12143431502629327
FUT3,-0.15165933819141786
LARGE2,-1.1660152178011003
XXYLT1,-1.0835320910611732
LARGE1,-0.011954384169041462
POFUT1,-0.8107347908373024
ST8SIA6,-0.7272183926813419
GXYLT1,-0.1842028069709878
EOGT,-0.37041620971704464
SLC35D2,-0.3109928210249848
OR10G4,-4.677258493334394
B3GNT8,0.9058628547143384
POMGNT2,0.6112673073728543
CHST10,0.6623389774981618
B3GAT2,1.3251323276487124
B3GALT2,-0.6714242144599508
B3GNT6,0.5537040577729249
B4GALNT4,0.14171438186277618
C1GALT1C1,0.04195307043389632
C1GALT1,-0.0972892725313185
A3GALT2,-0.8186518477558691
FUT10,-0.7742257203196303
FAM234B,-1.0016720130485293
TMEM30B,-0.5735204768645357
HTR3C,-0.5688298217303908
ST6GALNAC4,0.3228738907717706
GALNT17,-0.9011714743289201
ADAM20,0.4854729437939883
GALNT10,-1.06067818341469
ST8SIA4,-1.1472021459816244
GALNT4,-0.49999481454163985
GALNT12,-0.8329518184927349
GALNT18,-0.4668243245996915
MANEAL,-1.2463396459355929
GOLM1,1.5510562391990736
XYLT2,1.2999886928537674
GXYLT2,-0.8202375537419757
ASPHD2,-1.1606567167267945
LMF1,0.9663515883235543
ARL15,1.6902451800866927
CGRRF1,-1.3084831213687156
PCP4L1,2.2836503963049504
CHPF,1.5202712603545405
CYB5D2,-0.7936110310622514
GORASP1,-0.010231175407465713
CNIH3,-1.0088883808222757
FEZ1,1.4984933405480971
DPP10,2.9023329114841396
GSG1L,0.276503806949382
NSG2,1.817555695079123
LRRTM4,1.784605007322903
EPHA1,-0.16124103992589653
FLRT1,3.0527321945544172
TMEM130,-0.643464552835731
NSG1,2.069185003003772
HCRTR1,0.9267396760005941
BPY2,-1.087941237393877
SIM2,0.28430467505644075
SCG3,0.1689367389331384
GDAP1L1,-0.2310069348488933
BLCAP,-0.4536124583618859
CPEB1,10.111562938697874
CDH20,-1.047681415746397
PSD2,2.490229625788659
TENM1,1.2129339574693605
BEX1,0.13632810401796805
ADGRB2,-0.27300652445008783
ZNF536,9.499387622797943
CRTAC1,0.9694289528577116
JAM2,0.5204895983501012
MROH1,-0.8691324624493258
TTC8,-0.48105698341462033
STK17A,-0.5499345818277098
DUSP23,-0.9111176340864587
ZBTB22,0.6729812609903316
PLSCR3,-0.7883866174164771
HCFC1R1,-0.25624334156549455
ZNF358,1.0638623362590436
SIGIRR,-0.4171872054205677
P4HTM,1.9109517902654058
PAXX,-0.12987026859761175
TMEM134,-0.5961231327641501
CCDC106,0.9701925337831946
METRN,-1.0525839921007396
ZNF580,2.125452561477773
RUSF1,-0.4230292758770644
IFT172,-1.0121099948968815
ARMCX2,-1.1780567080216282
ZNF648,0.8861570446252852
ZNF530,-0.7752935469205298
EVA1B,1.4240387192941095
TPRA1,-0.4887668237575059
SMIM20,-0.9683586894190332
GRAMD2B,-0.8250450020604158
RABL6,1.0088013232140884
PIGP,-0.30421632322047115
MAGEA1,0.7438102052395653
CIBAR1,-0.5036156816200349
CPN2,1.521357437984529
RSPH4A,-1.1251296103164226
SERPINA10,0.1886381105785688
PGLYRP2,0.352716706859959
LDLRAD3,0.40024638012365804
CMIP,0.06928971870065177
SERPINA11,0.07281825263080716
C1RL,0.7236632782663142
GPR152,1.2211624844158422
ATRN,0.6758934910097235
OR1F1,-3.4008116961043866
OR1E2,-1.8929186897446149
OR10H2,-2.285607552235504
KRT37,-2.2139568383175265
ADAM29,0.36185814989220305
KRT38,-0.55545906662427
GDF2,-1.8310647855524993
OR2C1,-0.8065663303801566
ASIC5,-1.0825667593229251
OR1E1,-1.2061781899321145
OR10H1,-0.9354151298647303
MAS1,2.1876842951921214
SLC17A2,0.2768781076897859
INHBC,0.12650202261891919
SHE,-0.22043456330091715
UBE2U,0.7745525783540843
TRMT10A,-0.3684755952388844
OR2A4,-1.669349310628273
PI4K2B,-0.11467935495950038
DDIAS,-1.6263919142631165
HACE1,0.9294757386544288
MFSD14B,1.3942400826840826
NSMAF,-0.8076767149850033
RBP2,-1.2128384932282321
FBXL13,-1.2948716791959882
HHAT,-0.6508041956877202
TRAPPC2B,-0.5655019788977921
C14orf119,0.4829874455800591
TSPYL6,0.8994977495829427
ZNF581,0.42064385556127554
ZNF512,-0.3676397476146747
PCSK6,-0.3202647409691394
CENPB,2.4555237347579273
SLC44A3,-1.2187069760133353
MOB3C,1.3342987176442636
CFAP141,-0.3146827664479089
ZDHHC19,-0.08528180073413502
RNFT1,-1.1668529535751508
SENP2,-1.3273893461755635
ASB7,-0.6613638177022554
AKNA,0.45764263602603
ZC4H2,0.6543188380463922
ZNF596,-0.7623137511854752
AQP11,-0.3794922197377293
CSN3,-0.9982999844123134
CSN1S1,-0.8108134290137929
STAP1,0.48884214284920074
ELF4,0.649657898122535
WASH2P,-0.08097068435081053
DMRTA1,-0.278210874537041
ADAM32,0.08863709858344838
LGALS14,-1.096037965896162
ZNF410,1.6460259745068377
ZIM2,-1.0992503811800833
ZNF362,0.8321322833273918
TECTB,-0.3816946913985711
STK16,-1.5412708580755263
SLC7A10,-0.2606446084930631
HAS1,0.15469794417078941
MST1,-0.15732544215502342
ALKBH5,1.5312285281416371
PLEKHG4B,-0.9756937300265708
PLEKHG7,1.8493702589808878
ARHGAP23,0.5129260352029885
YPEL1,-0.003263676618160592
CBLL1,-0.2822947627155895
METTL8,-0.6743749369632933
GABPB2,-0.6347264907416297
TLX3,-0.3478231854858409
SLC29A3,-0.25900018668944735
ATG16L2,0.1961190030778374
CORO7,0.7283723708724135
NINJ1,-0.38764823729959086
EHBP1L1,11.033667493265574
PLEKHN1,0.680093201988853
RHBDF2,-0.07184966095567999
RIN2,-0.3130153791245375
SH3TC1,2.215597158549122
GPRC5D,-0.5699596881448469
PATE1,-0.29409103366616135
APBA3,1.1235040679794632
DUSP21,-1.1744068610205713
STPG2,-0.6547727825893036
HMGB4,-0.9439809778689484
CIMIP4,-0.5019952901309936
H2BW1,-0.8543285368731537
SPAG11B,-1.4086932655900772
KLHL17,-0.44510946169753
TEX13A,-0.6340765066692042
ANP32D,-0.5724271841264267
ZFP37,-1.4738008910908529
OR5M3,-4.44464241014389
TTC33,-1.5511895579224575
L3MBTL3,0.8523493213604522
HMBOX1,-0.7274433369207242
PXK,1.6061358582195642
SENP7,2.082259595190398
AMER1,0.8427560308724034
TSC22D4,0.635431144115069
ZNF518A,0.8794428408791183
NRBF2,0.4281741953650289
MTUS2,-0.31312646050119036
CCNB1IP1,-1.0622142637946064
DNAAF6,-0.11598003294673795
STAC2,-0.24132196792637292
C19orf47,0.303824997635114
KIF24,0.26636049627937886
CCDC172,-0.7363122858089011
CTAG2,-0.17251962173690108
ZSCAN23,0.6225486874930564
AVPI1,1.863326649522131
KCTD1,0.22686505997396067
GOLGA6A,0.700729825134019
KIAA1328,0.5633566436770451
TIFA,-0.46837154976240697
EPHA8,0.6184857660643909
MORN3,1.0393789381662444
VANGL2,-0.544391538761811
CELSR2,1.993668498699761
GDF10,-0.34470666246127674
CDH6,0.21528483637890228
DLEC1,1.5698289085225243
ADORA2A,-0.3137985447399633
CGB7,-0.04207044880454818
EDN3,1.184921991923449
FRAT2,3.108391787230808
TBX4,-0.9717242469320174
AGTR2,-0.6403123930747314
TGIF2,-0.2827211382163888
RANBP3,2.378458073699516
PTPN9,0.2810822867087276
PTPN20,0.7533657765942028
SKOR2,-0.6666329566453398
ZNF83,-0.5681081974965413
ZDHHC4,-0.21159134633403778
CPTP,-0.7951969301917001
SBK3,0.07129095948002423
GDF1,-0.0982289064223083
ST6GALNAC2,-1.0977881847833713
CXXC5,-0.8554039200938741
DSPP,-0.5878214252861753
ZNF8,-0.7903710868085475
PRDM4,1.9229475202657103
PITX1,-1.2312445660847782
PCDH1,-0.22328132045053575
TOB1,0.10736228964861207
HOXC11,1.9254737429935438
LRCH1,1.0432441075784036
FAM83G,-0.9391307288689643
TRIM62,1.1316632611312352
ZBTB3,-0.6851065166808412
LGALS9B,0.6217966092615104
TOB2,0.5074006072001083
TEKT4,-1.293598941852959
ZNF251,-1.303300510352203
ZSCAN10,0.60258303152509
ZIC3,-0.07719565454790474
ELAC1,1.6154529973544833
PSG2,-1.2847891689662865
SOX12,0.40923273494027607
NKX3-2,-0.4071352738392218
TCTA,-0.5384013028739385
DAND5,-1.204829955786509
HAMP,1.0898612543225097
AOPEP,-0.9788131390208383
LHX4,-0.8142597963305582
TSTD2,-0.726678683683789
TENM3,-0.17870246419499788
CENPC,-0.11273623237956375
CNKSR1,2.362658879332159
CREBL2,-1.2058646498509127
SNAPC1,0.5261186557619855
TRIM47,-0.5451613732829695
NEK10,0.2946702385848101
FBXL3,-0.17689662970754969
CCDC180,-0.7675586428905927
LYPD3,-0.675662770038201
ZBED5,-0.21460956318130373
S100A14,0.49913901604659433
FBXO30,-1.5166426253163907
PBK,-0.7742859102576699
C6orf47,-0.8504302035926927
ALX3,-0.6028787325939844
NAT9,1.025561166847796
BMERB1,-0.42986699240312176
RPL36A-HNRNPH2,-1.590521238178584
TVP23A,1.9750741233410964
YPEL3,8.118253480758785
TVP23C,-0.8577309639673516
INPP5F,0.40884074111778645
CCDC92,-0.15502129822551886
TLCD3B,-0.215059218346834
CCDC39,-0.9844842928621412
EXD3,0.04928683484299691
TCEAL2,0.030450522099204073
SPATA21,1.5823819465249924
POC1B,-0.1720775235225939
RNF144B,-1.06321409663105
LONRF3,-0.2578705125458739
CMYA5,-0.5489508064202442
KBTBD7,0.4373054688568895
NEURL2,-0.45349433131056166
RCBTB1,-0.9740780657671092
RUSC2,-0.7678634271360314
ACTRT1,-0.7394879490733781
NR2C2AP,0.5067381208077566
KRT3,-1.6371137749292293
TRIM44,0.1965895058654255
IKBIP,1.3760659375511535
ANXA2P2,-0.597196577398103
PPP1R14B,-1.134903687696348
KIF2B,0.07441071425127023
WFDC8,-1.2996856060632556
SLC36A3,0.16217736046572287
SEPTIN12,-0.6872652478160386
CFAP276,1.2163364184880674
ULK4,2.18140156683811
CFAP74,0.8472893582201373
CLDN18,-0.32490353021499235
RTL8B,0.19618643295289834
ZNF564,0.12485858394563286
HSBP1L1,2.3996169256695765
FBXL8,-1.3188508081481338
GRXCR1,-0.9535382734597064
LRRC45,0.8773552402186692
JRK,0.47874080506932043
SPMIP5,-0.8184099999198026
BCL7A,1.1144479215773286
TTC23,-1.2460760612627142
HBM,-1.4136509244979365
TMCC2,0.620989111947376
CDAN1,-0.8861044214518508
IFIT1B,0.17803926589443442
GP9,0.8652216663918688
ICAM4,-1.4687780118046543
RWDD3,-0.4979188520578912
SUMO1P1,-0.31252438583397457
SYF2,-0.5448589663166663
PRPF18,0.9559400763930808
RPAP2,0.06591625844378225
ZNF567,-1.094313412244334
CMTR2,8.660325855100043
C2orf49,-0.7119374711480516
MEAF6,-0.07354503336336173
NAA35,-0.9944738623300522
USP48,-0.6396764675027246
GRAMD1C,-0.21534006306285935
RGPD2,-0.3391946945160371
SINHCAF,-0.9908911474070249
IMPACT,-0.3084731070048376
ZNF22,-1.1746362363380405
RNF6,0.44233264837731323
ZNF302,0.10899453471720058
DNTTIP2,-1.4080351274125096
CDV3,0.004433300392246628
MZT1,1.8998788126084887
AIRIM,-1.47492701912167
IFT57,-0.2565283577745936
UNC79,-0.3791804306107298
RNF34,-0.9457340583999843
FBXW9,-0.9736934744082322
FAM89A,-0.5015554971291133
BCL2L2-PABPN1,-0.5423712544064809
OR12D3,-2.694280804918915
MT1H,-0.07154821263909128
MIOX,1.354886380688051
SLURP1,0.4552568985795939
MT1G,-0.9478504203497435
MUC17,-1.6874521345846156
SEC14L2,0.3993758322745438
DNAJC22,-0.6104241617577966
CLTRN,0.2581821673584958
SCGB1A1,-1.2422085850848381
RNF186,-1.149277606658308
ODAD2,-0.671893589994388
CDHR2,-1.2155787567623275
LRRC19,-0.7730974479136958
PODXL2,-0.8056163777698212
GPRC5B,0.21949040994492605
ERMN,0.2578197897135311
PCYOX1L,-0.7915345686715318
SPAG17,0.4043616714060634
SOX8,-0.07471521960408282
UPK1A,1.14153073308463
NLRC4,-1.6997511192634094
TICAM1,-0.785351164783776
TICAM2,-0.8325468698612757
DEDD2,1.2018245177486464
MEFV,-0.3557790497904962
CARD8,-0.9850122788781106
BLID,-0.21082295819309294
NLRP6,-0.8716814432776578
KLK9,-0.459432025212953
BFAR,0.07135552354178636
TMEM219,7.6160461177363885
DTX3L,-1.137874754355785
PARP9,0.31345464984141297
HECTD3,-0.03385278038341947
PARP10,-1.4213964412668292
PLIN4,-0.08726617428961343
AGR3,-0.1803479267082547
SCGB2A2,-1.4600726993046744
KLK5,-1.6346126718510245
ECE2,0.01975454034417506
APOL6,-1.2198646846369798
OMP,-0.21062776881687328
TMEM95,-1.115354685213069
CMPK2,0.8082439881890398
SH3TC2,-0.982900902177244
PKD1L3,-1.0257625926054719
CYB5RL,-0.7669290990227505
TRMT2B,-1.2597153552816047
SLC29A2,-0.5908252095790265
FAM86B1,-0.8152308143585532
ZCCHC4,-0.4721986521491689
DET1,-0.8312637769858646
PKDREJ,1.1648240435509947
TXNL4B,2.0077749735634365
ZNF7,-1.1777678898987751
KIAA0586,0.12750674730843328
EPPIN,-0.3059747877347875
ZNF227,-1.4148508075970325
CDC42EP3,-0.6615197302499866
USP50,0.013072215626150354
TPTE2,1.6392438472542006
ZNF473,0.5527407382587621
ZNF200,-0.9407173639379518
CDC20B,0.6882304480409435
PKIB,-0.6595150244787745
PSG5,-0.3869699280823792
EAPP,0.23107177504790755
BRME1,-1.3418662426471313
PRMT2,0.6072988417259516
NPDC1,-1.242032566682205
TFDP3,0.5243683089548797
PXMP4,-0.41510540823437164
RNF144A,-0.021887337589701756
SAPCD2,-0.7201166299316293
MCIDAS,-0.4066087332555833
DCAF4,-0.7312320159730997
RIBC2,0.9199928723213553
NHLH1,0.15260621714026204
SPDEF,0.05020220205732685
TRMT13,1.6074330120884055
OAZ2,0.1370647743104268
NAGPA,1.3625532402027605
CKLF,-0.9426984353737535
C9orf43,2.0402550748266846
STK19,-0.6762151141640562
ZNF142,0.8891413641849824
RLN1,0.9377519088785994
FERRY3,-1.3014312187156634
CREBZF,1.4198697025991789
CDKL3,-0.45427630421003384
TESK2,-0.7053237428116146
ZNF346,0.00965960325276428
AP4B1,-0.14280325189734155
RLN2,-0.7083078674854533
DIRAS3,0.38259450079936036
AP1AR,-0.38261633776379145
SSBP3,0.9534344947097995
ANAPC16,-0.18722755320412
RFPL2,0.2102910771243019
ZNF454,-0.6335840919099079
C17orf49,1.666011037944529
KMT5C,1.756023155686396
MSL3,1.2923923918033067
KLK11,-1.5187183046276733
RABGAP1L,9.295189621289197
ZNF669,1.2410151080816996
PHF11,-0.48479857633178003
SFMBT1,8.603373909868315
ZNF45,-1.5829877095996867
ZNF354A,0.05320438568807436
ZNF689,-0.6097634253327916
ZNF184,0.13165365498667533
MIS12,1.3643575084817532
ASB12,-0.7333474941046088
PPIP5K1,0.09495183079528532
CDKL4,1.25315489463281
TRMT9B,0.9266692780817242
IRGC,-0.9140282572210466
PABIR3,-1.088385854362668
ZNF41,-1.0587756934252681
ZNF81,-1.1404119508879946
TMEM139,-0.7917314243473507
COP1,0.4507017176317451
ARHGAP18,-0.615269948493909
RGPD1,0.2827091466825693
SYNE4,-1.3515469197549241
RBM12B,-0.4398065492067212
WNK3,-0.751994642982204
ZNF197,-1.130874017372654
DNAI4,0.5945675638911707
GREM2,-1.1475618092215927
BMPER,-0.6584209416029838
SAMD5,0.5039957926494889
RANBP3L,1.6004738862135988
RGMA,-0.7966264253908119
NANOS2,1.2011704013590805
PLEKHO1,9.616874264833799
IPPK,-0.9008433956530515
SSMEM1,1.2000618219815007
RGMB,-1.007988711522085
MIER3,1.852854323827645
SYCP3,0.2793136869361555
ANKRD13C,1.7370206574994873
ARK2C,-0.625233919694298
RASL11B,-0.5033375026214145
SIX2,-0.9764119776703438
PRRX2,-1.6654013556042961
MEGF6,0.36095243757975326
SLC22A17,0.09462381012089084
TBC1D8B,-0.17178833837204374
LYRM1,-0.3356007277942204
CD99,0.4980618902066191
ELL3,-0.9598768068447932
TGM5,-1.636906608479282
ASB15,-1.050054433199974
CAPNS2,0.2925097875907274
TREX2,0.7064039575319355
SNX21,0.6542108035413577
CRNN,-0.8339289188607503
NLRP12,-1.4794628481822325
SCHIP1,-0.34923124479488227
TPRG1L,-0.4589365599358393
MT1F,-1.0438326683646137
ZFAND3,1.485043725747175
NEK5,0.5226439456860815
PGBD2,1.0287690648385768
B3GNTL1,-1.128421458178662
MROH6,-0.43290488500494345
PGBD5,0.7108837275582672
SBK1,1.2687093745014015
DCAF17,0.17817062689373983
ZNF558,0.21618870429909195
SPINK7,-1.709952486235623
CLEC4G,-0.8614196429849901
DCDC2,-0.027169569656444074
PSENEN,-0.6190422583759568
POLR2M,0.22863356540209567
MT1A,-0.9274640115723667
UBE2DNL,-0.57290749939598
IGDCC3,-0.24276525851345873
ENPP5,-0.13789290579393518
NUDT16,-0.6855063821217895
TBC1D8,-0.16237287886075705
NMRK1,0.0031263934445425307
INSC,0.5049084452593352
STK36,0.37825103959560685
UCMA,0.2049637383228867
PARP15,-0.629872777129675
SPINK13,0.29746259523282903
HEPACAM,-0.2553592767111772
MEGF10,1.3627638157332387
NIM1K,0.7365802551413312
TDRKH,0.5313285108474955
ASB2,0.003857540525370813
TBXAS1,1.225311381629072
OSBPL5,-0.877588570161918
PTGER2,-0.9262642279308245
XAGE1A,-1.1933697286461478
CHTF8,0.217017229399599
RAD9B,-0.1418544390577552
FIGNL2,2.326242619722342
OAS3,-0.15550291324850354
USP43,-0.9739706820811774
DERPC,-0.8232210646765755
CACTIN,1.958351370722759
WDR53,-0.49505040875184064
HMCES,-1.2056681553482227
WDR70,-0.2707588046982113
TBRG1,1.62323093124405
CENPP,0.5834586218382817
STAG3,-0.5471620707509112
FAM111A,-0.49829520295953017
GCFC2,-1.2902616473848243
CCDC137,-0.18072322394918372
MZT2B,0.11691719366643422
HUS1B,-1.1083241867150133
SELENOH,-0.5080558446678134
ZKSCAN4,0.3713497249010254
REXO1,-0.2727484315265061
CEP44,-1.6776539642371837
FAM111B,-1.4836495720525018
ZCCHC3,-0.6052928455715434
C5orf34,-1.0231984453533216
ZNF326,-0.3496126126742116
CAPN12,1.3420578024439775
N4BP3,1.0661246257184704
ZNF426,-0.509989362334869
MKRN1,1.7831783106865098
ZGPAT,0.8881934240200242
TDRD3,1.8264541426905847
ZNF691,-0.8866412501493041
LRWD1,0.7927705221359181
ELP6,-0.7033941271303827
UBN2,0.2852232614258601
SPIN2B,-0.8355674702303769
KBTBD6,-0.3713493738001288
ZNF556,-1.2226088622257474
ZNF485,0.15706958613724295
GPATCH3,-0.603998561922994
OR8B3,-4.693178433854289
ASTL,-0.6338103474167094
ANO3,-1.0636455806215963
RPL17-C18orf32,-1.148402468565701
FREM2,-1.01428795661451
APOBEC3F,0.5670107818649921
PABPC4L,-0.787404820377904
ZNF770,-0.8726564054781599
TATDN3,0.7408389968702034
ENDOV,-0.6941814545490264
RBMXL1,-0.22360066387997002
TGM6,-0.19851601906724425
FYB2,-0.150525978561945
CCNDBP1,-0.25013318478046115
ZNF550,-0.9040508276698708
ZNF2,-1.4162535481501812
ZFP62,-0.9081565859116792
HTRA4,2.6048763367083714
ZNF777,-0.15209524253756396
BHLHA15,-0.5457863873087889
APOL2,1.754163717973962
C1orf131,2.2437663483134496
KBTBD8,-0.5083475693900804
UNC5CL,-0.2200464819726643
MACROH2A2,-0.18101399842365504
CASD1,-0.8719484744390864
VOPP1,2.0281401011596674
ZCCHC17,1.2343306592842458
LRRIQ3,-0.5917029627069509
SLC25A2,-0.9867780248358495
CCM2,2.0359203573443265
RIPPLY1,3.3329980063622635
BIRC7,-0.08535474119791828
LENG9,-0.4118658214497656
CCDC24,-0.8667049463871725
DCHS1,-1.4180039343680122
GCNT3,0.02390348025460132
B3GNT9,-1.025561299006309
GOLGA8J,0.7945353254022476
CHST11,1.2395624423873972
MTMR11,-0.4627026722882996
ZXDA,-0.2509396554677825
GPR83,-0.4561526477957969
OR2T35,-4.239775240870661
EDDM3A,-1.470483058388541
FAM27E3,-0.96546222775716
MLF1,1.7410980270507077
SPRR1A,-2.2745261986724654
ARHGAP6,1.1021929771036643
FBXL18,-1.8302952336975613
KIR3DX1,0.09893655870290682
EFCC1,-0.6269321638723039
INS-IGF2,-0.865124571951322
CCDC82,-0.6991710336682081
HS6ST2,1.2104984780376704
PELI2,-0.913400780248469
N4BP2L2,0.2909864996545818
CCNP,-1.0313892236869198
CCNJL,-1.0568168822476804
GMNC,-0.8425301305320892
USP27X,0.15830900894185904
CCNJ,1.2421015808626958
SPDYA,0.9987313463197225
PTGDR,-1.4263696741821958
SPDYC,1.289498854943401
NEK3,1.1647584382881493
TERB2,-0.4554346196817784
NOBOX,-0.5174139179712951
SPDYE1,1.6253798134995376
SPDYE2,1.017553835776848
SPDYE2B,1.6955338693948803
SPDYE3,-0.2577247128700027
SPDYE5,3.171909124720734
SPDYE6,1.6513903227373408
CCNO,-0.5391709771953509
KIF3B,-0.4676250578320485
TENT2,1.6609074725995845
BLTP3B,-1.0129354630217606
ACKR4,-1.0759185272334155
FAM133B,-0.6508942638179723
PCED1A,-0.2240757729661707
CCNI2,-0.691627946157476
NCBP2AS2,0.8825519781242823
KIF26B,-0.6240993724827406
ATMIN,-0.7383749736176882
DCAF10,0.2545815823071729
MS4A3,-1.9721564687520832
OTP,-0.5337328719199804
CEP120,-1.037955592555788
SCAPER,0.930740710829026
LRRC4,1.052261968420506
SMTNL2,-0.7649381721749183
CCN3,0.5343869463062454
RNF157,-0.4915713984835215
CCNQ,-0.6976081559904093
CEP63,0.3033491884735542
FGD3,-0.5382199983695379
CAMLG,-1.1840374206765392
FAM174A,1.4100543365266582
RALGAPA1,1.8510229608353839
PEAR1,-0.7556258351711675
NFAM1,-0.9635522993945915
CARMIL2,1.8173346938115338
DLEU7,1.6911045193838579
TOX,1.5009692134613755
SFI1,-0.19556484903541918
VILL,-0.08546851447218036
P2RX5,1.141647039284912
FAM78A,-0.9177735255832659
ETV7,-1.261838905158854
ZYG11B,-1.4149975954064873
SNX29,-0.0682347733221872
RPP14,0.11412344982011899
TOGARAM1,-0.1301809330865115
CPEB2,1.5321178358366279
CSDC2,2.5723702300150233
FAM72A,1.8307565407798494
ALKBH8,1.6597308881516684
FAM110D,-0.5464802857012382
B9D2,2.0775621212044744
CENPT,11.54976086432486
UBE3D,8.575077014703258
CABLES2,-0.5222798211144013
GAS2L1,1.4291519315048384
CNPPD1,0.7419026377868317
CHST15,1.2947511751621188
HYLS1,-0.8641545272543526
GAS2L3,-1.2285748530550675
POLR3D,-1.4041054537682494
AADACL3,0.8557200976494552
CEP57L1,-1.5694574276515951
TRIM59,-1.5148069069760886
ERCC6L2,1.104132906868521
AADACL4,1.2764592567019786
WEE2,-0.8102723178787532
C4orf46,-0.4581805835925682
TRIM36,-1.8314235661325051
CEP95,1.3729889583217012
KIF7,-1.1883626308652528
FOXD4L1,0.7828322472876424
FOXD4L3,-1.111474327404318
FOXD4L4,0.9683504774237109
FOXD2,-1.2765957559937404
RFPL1,-1.0219622709798926
RFPL4A,-0.2564792425157448
CCDC138,-1.336299628384712
C2orf69,8.420097146450132
SPDYE16,0.7371101260993805
PLK5,-0.6225133893995828
USP44,-0.22969564255113123
DEUP1,-0.16883619327343835
PITPNM1,2.779822674924547
B9D1,-0.5128143522785378
C2CD3,1.5935525696639705
CCDC14,-0.25221086741890225
TUBE1,0.08754328579767877
H2AC17,-1.1816472679182535
CNTLN,-0.6307738208640158
INIP,-0.6768771502284239
CIR1,-0.5544731246963797
CEP295,-0.5257446056557897
FBXO33,-0.536162898063553
POGLUT2,-0.6702271715526349
PTTG2,0.6280715958498916
FAM72B,-0.80605620537721
HELB,0.6737537478263742
FOXD1,-1.3625554030406846
NFE2L3,-1.157476353160239
KIAA0753,0.3287585519844701
RNF25,0.8143644210943272
CXCL14,-0.8199376341089657
MPLKIP,1.9298357695416615
LRRC58,-0.7402279846684496
KRT80,-2.0504281045002317
TTC17,1.2463427053323985
AMIGO1,-0.058570141008290194
GABRR3,1.642010514914659
ZACN,1.5480976201385772
SLITRK1,0.3310473579402992
OLFM3,0.9270510930003887
PCDHB1,-1.6689348181394936
ZMAT4,0.5331826158012224
GPR50,0.3148311024258016
SLC49A4,-0.5684891051255031
HEATR5A,0.35138773629902154
SLC39A9,0.0952691808411925
LRRC8D,-0.47613107077891514
RNF38,0.08292203433592349
CMTR1,0.7490063415286599
ACTL8,-0.7317153691208252
ZFY,-0.3790931127114324
CBARP,1.5802212535401554
PPP2R3A,9.681064745231835
NECAB3,0.7596390925337322
ACAP3,2.5576608964982595
EFHC2,0.8170416775046497
TRO,1.1395243281883753
N4BP2L1,-1.0411451123503417
NAA30,1.0723136419524337
TBC1D9,0.24436144039323482
ZG16,3.495459806411999
ASIP,0.08958470242307608
ZDHHC8,0.7970113250035471
LRRC41,-1.285707692500684
TAFA3,-0.5135220443588839
STARD8,-0.13749040129138065
CTXN3,0.1935240803674936
ARHGAP22,-0.7174537087209053
UBE3B,2.1505855210559353
WHAMM,1.3035001340789891
TP53I11,-0.33458944448148575
ALPK2,-0.6896936360889155
MAGIX,-0.44280001683937514
CCT8L2,-0.37762944415900884
CIART,-0.6971045192016169
PASD1,-0.826247542995432
CIPC,0.4153975107775395
ZNF44,-0.2633873484714878
PM20D2,-0.769023322992096
TUFT1,1.1711292836358447
ZNF174,1.6400310286796234
PHLDB3,1.1035847774961303
ZMYND12,0.015428085799358842
DELEC1,-0.5655856088926179
RABGEF1,0.5596066619703214
ENAM,-0.6083200813392378
RHOXF1,-0.8652798815349183
MEIOB,0.43850050659952744
ZMYND15,0.9719204263816831
ALG10B,2.51543918947333
PGAP1,0.6097505419384315
PGAP2,-0.3193699147763525
PIGY,-1.1876905674863707
YDJC,-0.3216568268588365
RESF1,-0.346489755350893
LRATD1,-0.6231722130510778
ICE2,-1.0698212194083447
TCEAL9,1.3077167950316857
PIGH,-1.429709093166038
RNF139,-0.8348852121058884
OSER1,1.2300463849637937
RNF114,-1.4995827807126736
C12orf57,-0.13110424968147463
PRR4,-1.3195982802668529
STATH,0.5865828014747687
HTN1,-1.4839965203475376
RSRP1,0.3372770545408034
FAM118A,-0.8576486542523563
MBD6,0.22644791532210942
STEAP2,0.19893279133112796
MT1B,-1.039148385071763
TRPM6,1.1289365003136687
MT1HL1,-1.0399255325263477
PRG3,1.2498213194422088
TXNDC2,0.41916134741217703
DUOX2,-1.0474976722049183
SLC30A2,-0.2572797323254635
KLK12,-1.264604903379515
TSPAN16,-0.7866995316173152
SLC36A2,-0.7881640227998911
LYST,-1.7167419611651638
SLC50A1,-0.09548615628259745
SLC30A4,-0.467243497418162
MT4,-0.7216744329244147
RHBDL1,-0.30033794185283164
VPS35L,-0.33759629199474217
SPPL3,0.6297302017016144
DOP1A,2.981768633633823
BACE2,-1.067136974621173
MIGA1,-1.305112103064093
KLHL24,-0.8076780869371459
TMEM260,1.7666224012975045
JRKL,1.5047660009859336
YIPF3,-0.5649582261750724
TBC1D2B,-0.10177255849027211
SEL1L3,-0.5525738169866039
PLEKHA5,0.9399690407953272
RTL8C,0.873238057527636
TMEM35B,-0.818310140937759
PRSS53,-0.6553730916095976
SPTSSA,-1.0450989387660186
ZNF747,-0.600822202328915
ZNF668,-0.2154571882852767
TMBIM4,-0.6696627134138272
TMEM45B,1.0092395377580128
CCDC167,-0.3552309145876494
ANKDD1B,-0.8450902795947963
EBPL,1.4234368521555794
CLMN,-0.20390788286754297
TXNDC15,-1.122377438573684
TM4SF20,-0.8540287047480627
TMEM248,-1.3150674115099927
SLC37A3,-0.014227471637632898
PLPP6,1.3478914908089987
LRRC23,0.8335986798451959
SCAMP4,0.588730309538973
NEMP2,0.6836101923361381
SEZ6L2,8.602382566653246
ADAMTS13,0.13192379478941058
TLL1,-0.8871178977200543
CR1L,-0.6078410659134126
ADAMTS10,0.40026269181193425
PLSCR4,-1.0216693891596271
PTGFR,2.230255034341751
SMOC2,-1.3576242782768697
PCOLCE2,-1.733101276933996
CPZ,1.487882286875527
FAM209A,1.781587147810563
FAM20A,-0.9461092502202681
LIPM,-0.26068928126218477
ARHGEF10L,1.270753020289066
MTHFSD,1.5744037929458443
DDO,-0.6531123471430235
FAIM,-0.8796836513580327
CREG2,-0.06048766993621873
SEMA3E,1.266760976159292
SPATA13,2.6672749198354024
SEMA3B,1.570949307513777
PALM3,-0.830297711618831
PNLDC1,0.034236734255717854
DXO,-0.6669553778759985
GRHL3,-0.4054244076671531
PARP12,1.100533961800415
TET3,0.2640346106640751
SPATC1,-0.5982230944875229
CHAMP1,1.2116105349758137
UQCC4,-0.7593211510963477
JMJD4,-0.7636270767467329
DNAJC17,1.611030126614959
TIGD5,0.6824918864386906
TSSC4,0.6430649377929121
TRMT12,-1.017119763081746
SMG5,1.1123185666562814
SPATS2,1.461569782086739
ZNF160,-0.8536752710636497
RUNDC3B,1.8900649842141963
DCST1,0.40820447574013524
FOXI3,-0.32667786860736336
FAM83B,-1.1514140227307235
SPSB4,0.05793540631102767
PARP3,-1.1034287460082128
C2orf73,-0.3332852716389868
C4orf33,-0.23817896582614367
HENMT1,1.2284257345896545
TESMIN,-0.8385852891687645
MUCL1,-1.3090048297278196
AREL1,-0.5035661059448076
POLM,-0.8883850712155171
UBALD1,1.2765236955575134
LXN,0.05939908453460029
ZNF526,0.6348031625929945
TECPR2,1.0190618473785706
DENND2C,-0.7357072660724921
QRICH2,0.42159270038859414
FUT1,-0.5175767645692103
B4GALNT2,-0.8406616478448433
CD300LF,-1.517422653608086
CD300LD,-1.0440830109897532
GLT6D1,-0.615694973509339
ERMAP,-1.3046842299370647
MUC6,-1.1225162560003652
ST6GALNAC1,0.35522702101389614
CDHR3,-1.0960971196637812
OBP2B,-0.8412728632411063
MUC12,-1.3519759328712315
FAM83E,-0.7825525183377737
MUC16,-0.07495233101573125
GALNT14,-1.1453328695964886
PRSS22,1.033524985880698
GGTLC3,-0.43220768987545327
CYSLTR2,-0.10800095827481661
CYSLTR1,0.8347047399638513
GGT2P,-0.14907499705289418
CLDN3,0.11194015403016418
GGTLC2,-0.5589282607746676
GCSAM,-0.836764414488651
PPM1N,-0.43194496899417995
UPK3A,-1.6937477238904513
CLEC11A,-0.2377805613122416
CALHM5,-0.01685821495861002
LPAR2,-0.1688069239829746
CCDC152,-0.10502378193778301
DPEP3,9.300654935843246
TMEM64,-0.8942244949125115
OSBPL2,2.320733002640604
OPN3,-0.3482170775942816
CA14,8.36761593142973
ANKRD13D,0.06766593897372017
DDX25,0.8157280318298614
PRKRIP1,0.44931050987788795
EIF4E3,-0.03568134344372088
SMG9,0.008297524694973153
TTI2,-0.5341910912701275
SOHLH1,-0.1512820802524606
GOLM2,-0.4331484139294378
EXOG,-0.37782926628207325
VTI1A,2.9023374133433406
TMED8,0.1833448084896696
NLRP5,-1.5263162574229885
CRYGC,-1.429828724229134
CSHL1,-0.7217447442975198
CRYGA,-0.9218323760036611
PTGER1,-0.13827576740584294
CYLC2,-0.590970088067281
GUCA1ANB-GUCA1A,-0.5877866016709957
CRB1,0.23449621341159607
FRMD7,-0.10790271685252749
TULP2,-0.013211226976204913
KLHL25,-0.596968622143148
TBC1D16,-0.7375213412017385
MTMR1,0.633425217105044
DEFB1,-1.8724628512583281
SFTPD,-0.8254484496151778
CLEC6A,-1.8153876542753333
LCE4A,-2.4431070176543686
AZU1,-1.2106195271200715
KIF25,0.8895888166407632
CLEC4M,-0.4345008337465691
OR12D2,-2.446017123254262
TPSD1,0.8008303994427898
LCN1,-1.5986473339806788
SLC22A14,-0.9914209288546353
FAM3A,-0.8297291583709351
SLC10A3,0.23888374430223053
SSBP4,-0.2419513406254143
EOLA1,-0.3573905828601724
F8A1,-0.5140799004515266
TRPT1,-0.8826702581479985
OSCAR,-1.1285032702328077
DCSTAMP,-0.6858274562694231
PLET1,-0.2783631978206279
CRACR2A,-1.0443476122527864
FRMPD1,-0.42369857596466776
ANKRD20A1,-0.6419734501854352
LRRC28,3.3972777382770425
NRROS,-0.5249494654160238
HOXC13,-0.4038442889620441
SALL3,-0.35830301612184645
RNF128,-0.05709351623644453
PRDM15,1.7229543842709862
GJC2,0.04330508348975744
TBKBP1,0.028457180970573853
GPC6,1.8522860649197541
PRR16,-0.43053332142819234
TYW3,1.242651918076467
NOX3,-0.7401686258621792
KLHL31,-0.888196907043125
TMEM26,-1.254866138364856
TSPYL4,1.4485050433705233
RNF216,0.029435599636469186
H1-8,-1.068070573319077
CCDC27,-0.7319547605304019
TRIM40,-1.6671172214895773
PYDC1,-0.6404625052234614
ZNF268,-1.7887970323323465
NLRP4,-0.848077655638127
ALPK1,0.05364476087488438
COMMD7,0.4537962559614833
INSYN2A,0.3782870124938158
AZI2,1.2398750043574747
SASH1,0.2116011288609263
DYNLT3,-0.6848414030903249
TLR6,-1.6587000636456448
MAP3K13,0.808177645391467
ANGPTL8,1.5823972962272965
KHNYN,0.6615223991177294
ARRDC2,0.41832579701624273
NBPF14,0.35036948394582884
GSAP,-0.6346253115871675
IRX2,-1.6634623293549853
CRYBA2,-0.7812627445493675
C2CD4A,1.6042686353878488
DNAH3,0.14822020423606985
NKX6-2,-0.4730086279807877
SERPINI2,0.10492677354207552
OBP2A,-1.0388053174266987
TAS2R1,-1.016264944600708
CST8,-0.9078050971636323
CENATAC,-0.6615421091717282
IPMK,2.191635563890636
TTC38,1.771913252053331
PDCL,-0.7587299248578534
DPH6,1.4046914078425563
PPRC1,-0.8996599982625547
KLHL28,-1.180252576790093
PABPC5,0.964037740605805
ARHGAP11B,0.1837848794702775
TMSB15B,-0.7530411090340277
ALLC,-0.482448867682116
GATD1,-1.047780581164512
TBX19,1.0210762749938762
SP5,-0.9550002112473951
VWA2,1.5859097083633393
C12orf43,0.5184605072416689
RPAP1,-0.8261031481623623
IFT52,-0.21394443242759734
TUT1,0.15955616621060378
SEPSECS,-0.46137892965521315
CGREF1,0.759327605460274
TYRP1,-1.075671409750092
TRPM1,1.5970038957714752
ADAMTS20,2.301896446008483
TCHH,-0.851489207053497
MAGEC1,-1.305801539273774
MC5R,-0.15983512823541993
CD207,-2.301468333696286
HHIPL2,-0.47199102908380947
ZNF280A,0.680396814320528
SOX21,0.03094576971242396
BFSP2,0.5756967609496199
SPANXC,-0.5630676252359235
MIP,-0.46217183249040283
PRSS21,-0.170470429927181
MIA,-0.34063244993564384
MC3R,-0.47663795678838894
ART1,-1.3495292357954138
OR1D2,-1.7596489832364437
OR51E2,-0.9842650730126712
SSUH2,-0.06894275409808169
WDR88,-0.6145743511455091
HRH2,-0.8780478078934242
NANOS3,1.104963144488829
KLF17,-1.7016670412723387
LRP3,-0.3156974251878608
RIPPLY2,2.0076942056163736
PAX1,-0.6451906820587948
NKX1-2,-0.5989511450280272
MEX3A,1.1963646833272317
TFF2,0.7060944901607091
HOXA3,-2.0416865606034413
TRABD2B,-0.7881851569339292
NT5DC3,1.0786136662561094
METTL25B,-0.9318762718109074
SLC25A27,-0.1487928552754279
DGCR6L,1.0258387487500682
LRRC24,-0.2260431157766186
IGDCC4,-0.575585977705887
CHSY3,1.0797870253835562
A4GNT,-1.360359520619533
GALNT13,0.16212734033526852
ZDHHC2,-0.565705436085699
CSGALNACT1,1.87140805089302
FAM241A,-1.062460621642019
SLC46A3,-0.5223018249092735
WFDC1,-0.5924027760701145
TMEM255A,-0.10691015892554707
SPRR3,1.738444712863873
DEFB4A,-2.042459662117644
LORICRIN,-2.9952984705922296
S100A5,-1.2999020325451829
SPINK5,-1.9973903993064934
SPRR2A,2.2307454643688107
SPRR2D,-0.7065651753997911
SPRR2E,-2.30829150025982
LCE3E,-2.662642203143714
DEFB4B,-1.700204458979989
S100Z,-0.8629779578085608
LCE1A,-2.458152005734949
KRTDAP,-2.2076584144349263
SPRR2F,-1.8455738563930266
CNFN,-1.6831308830957863
SPRR2B,-2.520473515190434
CCL27,-2.2970677236209145
LCE1E,-2.318379883325617
SPRR4,0.5448359090123176
LCE3D,-2.7878009454026786
SPRR2G,-2.201510302265982
LCE3A,-2.5582943553268556
RPTN,-1.8268173164258557
LCE2A,-2.4057574857872863
DEFB103A,-1.6954531738542962
ELMOD3,-0.5802855812843069
LCE1D,-2.3923116816658205
LCE1F,-2.539054579704038
LCE6A,0.8183886354594195
KRT84,-2.342601482298045
LCE2B,-3.113336793068365
KRT79,-2.09069677146499
PLAC8L1,-0.5212487858237977
ZNF354C,-1.2089181542597283
LCE1C,-2.11016025073516
METTL23,-0.8358945305122191
RASSF9,1.6156729837713835
CA8,7.050553317763033
SUSD3,-1.138998237511992
PNLIPRP3,-0.7732037478865382
LCE1B,-2.596663347609398
RASSF10,1.102059150717916
PGLYRP4,-1.767909132113434
LCE2C,-2.5574052976023003
AEBP2,1.0688835395526206
KRT23,-1.6378017978840111
CRCT1,-2.041296494679605
SLC6A14,-0.7155973328199424
KIR3DS1,-1.1682620176734624
S100A2,-1.0974362428866264
RASGEF1C,-0.26492271370600845
CBLL2,3.476030294751925
FMNL2,-0.19090772160466765
SERPINB11,-0.5639672572618795
CARD18,-1.704921572640267
SCGB1D1,-1.251888229203152
NIPAL1,-0.7699549709980295
TRHDE,-0.7882227281414044
SIKE1,0.2971787305509891
TMEM39B,-0.9123498225092381
CDH24,-0.7554825192177227
CDH12,-0.37062510089247647
CADM1,1.1419428406516108
SAPCD1,0.5001920960219106
TDRD7,0.7541829727971857
FMN1,-0.094704084674215
PCDHA1,-0.9227022057383962
PCDHA11,-0.9431337559628179
AFDN-DT,0.7821935427852318
PCDHA2,-1.0068221570005231
PCDHA3,0.007828945528066218
PCDHGC3,-1.1454950298185052
PCDHGC4,-0.3838421041456104
PCDHB8,-0.9675816305754362
PCDHA4,-1.2514290820605338
PCDHA5,-0.05780853921072547
CRYBG1,-1.1399419800113217
CTTNBP2NL,0.9447584244667738
TJP3,0.7555536469015471
SIMC1,-0.7034934330907072
MARVELD2,0.5685162335171001
DTNB,-1.1652240551696644
TRIOBP,-1.096813236872407
PCDHA8,0.3388872797019323
PCDHA6,0.10249311274269084
PCDHA7,-0.04653007352769103
PCDHA9,-0.9975040937375276
PCDHAC2,-1.1572435626244115
PCDHB11,-1.366469663524386
PCDHB12,-1.1322659266108503
PCDHB2,-0.8898960601373367
PCDHB3,-1.1242913805585308
PCDHB4,-0.8774671183989416
PCDHB6,-1.024080388878167
PCDHA13,-0.9286103626835733
PCDHA10,0.6674722721795315
PCDHB7,-1.1217411756906221
PCDHGA12,-0.9946594698220709
PCDHGA3,-0.8963670041357741
PCDHGA5,-0.42282349934497054
PCDHGA8,-0.9121108285265299
PCDHGB4,-0.6938478659353579
PCDHGC5,-1.2014145798502367
LZTS3,-0.6704208490797717
C11orf98,1.5454916440878799
CBLIF,-1.026064202430672
BCO2,-0.7686687918375392
GPIHBP1,0.29712851863187967
PNLIPRP2,-0.6596097171043926
GKN1,-0.8297636582430317
TMPPE,1.050042277452169
GJB5,-1.465473444339903
TSPAN8,0.9257530047362273
TMEM31,-0.07651755516675571
FOXR2,-0.15683739531624996
TRIML2,-1.5067829403126791
ZFAND2A,-0.762031466159603
FAM20B,-0.30986831755003463
CLEC3A,-0.1470864731310677
MSC,-0.4842655777695659
FCRL5,0.7408365815406931
FCRL1,0.6998795280667768
SLC16A12,-0.5000152503845527
OTOP2,-0.7618540487957886
MYADML2,-0.6034963313596239
CEACAM20,-0.6112466814580289
TMEM187,-0.606429808869195
NIPAL3,0.003967985831481128
CEACAM19,-0.6991354497908286
ZDHHC22,0.3981847182960553
FBXO27,-1.1696832489298472
CYB561A3,-0.8240222370690861
DEFB127,-1.569519767839869
ABHD18,-0.6308580484313728
FCRL4,-0.4603700902277324
TRAM1L1,1.5669089788667296
SLC41A2,-0.03950779944862372
TSNARE1,8.5591677656291
WFDC2,-0.6668381187124491
MFSD6,-0.7269649682551503
TM4SF19,1.254802061965339
GALNT15,-0.8893530897334309
TMEM229B,2.1615896590855534
STRIT1,-0.783762208257845
TMEM243,10.022959967841945
CMTM7,0.6101587712264381
TMEM86A,0.18010346728186652
GIMAP1,1.6672124471010243
TMEM107,-1.2666251982380676
TMEM42,-0.38730253600228814
IGKV1D-39,-1.8543645572446275
IGKV1D-33,-1.7019178458166249
FCRLA,4.550602431865489
PNOC,-0.6482981894260025
LRIT1,0.10030517974644136
FCAMR,-1.5922599669020314
TMTC4,-1.1923730504348027
ABHD17B,-1.2199840992807474
GAPT,-1.149183953027137
CYBC1,1.1447769101417287
C3orf52,0.7798411036549663
ARMH1,-0.39246666917356526
C9orf85,1.5900770195880085
DTWD1,1.583256125250162
OPTC,-0.01184796499181237
FBLN7,2.297444721676244
GDPD1,1.2220934938463868
NXPH2,2.5661561128340344
STMN3,1.365439314101989
PLLP,-1.2970575156827042
FREM3,-0.39206845737577234
MANSC1,-0.33661573570988057
CCDC57,-1.1535095446658097
LTO1,-0.8256841748788862
ZRSR2,-0.15018588751245393
VSTM1,-0.7799421324485494
C19orf12,-0.10408895868127516
LETM2,8.199487960358717
SGSM1,-0.141012597806363
SLC43A1,-0.4152478954970087
SYCE3,-0.8645142456647491
GUCD1,-0.30412943005524434
MFSD14A,-0.05171586499820779
DPY19L4,-0.6262723344119109
GRID2IP,-0.757175633471487
TAMALIN,2.306522638070268
SNTG2,1.442021193005731
SLC2A11,-1.4241593200937332
TMEM171,0.41581558186336787
SLC22A15,-1.6571132159267616
STS,-0.8054864523155063
C1orf159,-0.40797306171306946
ARMC6,-0.22200740389521123
INPP4A,-0.3978723082597668
INPP5J,2.6868105658057737
ABHD13,-0.49458420799178043
SNX16,0.5151768768482451
NDST2,0.9713091771045087
TMPRSS3,-1.0633179260165764
PRSS55,-1.0953192915371124
PRSS38,-1.0881473852244192
PRSS48,-1.4417351564666252
PRSS27,-0.7330221788015231
PRSS33,-0.12603210822544006
TMPRSS12,-0.512629521609795
CELA1,-0.3912154022226255
TMPRSS4,-0.785364028595771
TMPRSS11A,-0.549697096101567
TMPRSS11F,-0.3392118521277938
TPSG1,1.2134996088629737
PRSS58,-0.5877610685621545
PRSS57,-0.16845368373785372
TMPRSS13,0.46500736333597065
PRSS36,2.529589149228464
LAYN,-1.4600899384546526
S1PR5,-1.4366179876049863
TOX2,1.527397742218523
TMIGD2,-1.13536396210264
NFKBID,-0.7092617018133549
SPRING1,0.7241353494293725
SIRPD,1.2779939540326375
NBPF19,-1.7399969748491195
TRANK1,10.606068490376943
MBOAT4,-1.021463205125377
GHSR,0.5922657157386612
NPPC,-0.7638330772217325
CRLF2,-1.7971198608759495
MATN1,2.54813395010065
AMELY,-0.6147356728615379
AMELX,-1.0276960988805863
SSTR3,0.3702321702422493
GNRH2,1.0890670141081196
CALCB,-0.7568043147822855
TAC3,0.04062796406887789
ZNF507,-0.8302437932213796
LRP11,0.759008246329248
DYNC2I1,-0.5548404454662379
OAF,-1.112676684570303
VGLL3,-1.0671476319790554
MAPKBP1,0.3668554564196457
KRTAP26-1,-2.2082663885183007
KRTAP11-1,-2.2033171586048805
BEX2,-1.5271775340283191
PCSK5,-1.4613334150981638
SWSAP1,1.737144579875662
VENTX,-0.37999609481740443
HS3ST4,1.1703022195658532
ADAM7,0.3370074565753754
ABHD16A,0.9836739946579847
TEX44,-0.7351573893599556
TBC1D3,0.02509706481921657
PAQR6,1.7106544417664087
MORN4,0.08245635621229881
FAM90A1,0.9404039837473482
MACIR,-0.45477170640269843
RASD1,-1.1494699108790907
SPATC1L,0.2140102904692844
SLAIN1,-0.834335992853772
DYNC2H1,-0.5764202817265673
ZNF420,-1.0625314406037312
LCA5L,-0.7853483121773466
KIAA1217,-0.044773878145579954
HDDC3,-1.1248102679783631
FAM120C,0.7865031018303443
TEX11,0.007999196670604647
TLNRD1,-0.29842470520041564
SCRG1,-0.30209506001528846
MALL,-0.6631890598723138
CCL25,-2.2909851386222386
GPR180,-0.11952764573726518
DEFB121,-1.5573763018770999
PSMB11,0.39924745432745473
GP1BA,-0.8318516735505057
LTB4R,0.028108095051748962
PIK3IP1,1.0113639236441427
AKR7L,-0.5585996438649974
MTMR12,0.0008560397080506427
KIAA1191,0.936162749825417
MTFR1L,-0.14651298877903693
KRTAP1-1,-1.152516627528861
SMIM3,-1.1183281329959758
PI16,-0.4113839842149364
RNF182,-0.686854394489143
SLC35E3,-0.7863625993854769
CLEC17A,-1.0367914611447608
GPR25,0.1948787365233308
PLEKHM2,0.3369683145614945
CYB561,1.563825905704855
R3HDM4,0.10185310741011179
DDX53,-1.0476022351862377
RNF208,-0.8334853333409171
ADGRG3,-1.2321534658831979
GPR61,0.2647347391743109
EGFL8,-0.69616826718741
C6orf136,-0.8566773908408101
SGPP2,-0.9872280696010424
ABHD8,0.04751058881824448
FAM131C,0.26079631501158607
MFSD11,-0.9207256706417808
SLC22A16,0.1280060430874602
INTU,0.13761993714545445
TSPAN17,-0.5680636409166417
TMEM179B,-0.09268985592372533
MYO15B,0.6163025315777458
OVOL1,1.1719664548709523
PWWP2B,1.5910548256950456
TMEM207,-0.5440812778347436
TMEM167B,0.18513505293158633
LEMD1,-0.3909064485337422
CLCA4,-1.6351095349009361
SNORC,-0.12248472134869817
PAGE1,-1.3179000018096954
TMEM72,-0.4868602996291301
TMEM140,0.5697299399052819
SMCO4,0.2814497040152425
NMB,10.424130098274668
PRAMEF12,-0.42797341027421976
GPR132,0.5614641185037255
LGI3,0.6674489085220741
SYTL5,-0.6417892348210187
GPC5,2.2703846429023433
ZNF865,-0.7689704805118088
SIGLEC12,-1.6564868783961852
LYZL6,-0.8719112641400278
SERPINB10,-0.40273536941279237
LRRC8C,-0.7425918059828467
SLC41A3,0.6890242962836969
ASIC3,-0.6212806646090657
TLX2,-0.33728991606508674
TSPAN15,-0.8334694697143958
F2RL3,1.175171370303271
VWA5B2,-0.23586208612214207
FAM131A,-0.4247097637502858
NPW,-0.1075153234922469
MAP6D1,-0.40478405269896395
ZNF732,-0.8191540308209704
SMIM19,-0.27017764418547335
ATOSA,-0.7323153106079926
POLR3GL,-1.3136875159209698
LGI2,2.0424165303749997
PABPN1L,2.1340232995015054
PPP1R18,0.6792583649729576
TCEAL1,-0.05971856746501133
FANK1,-0.6887218120437852
ZNF185,-1.3204960533990409
R3HCC1,0.66608365709698
C1orf74,-0.46645161707183297
SLC22A23,0.5829953145497023
MRAP2,0.7297828084469824
SLC16A14,0.41146559069665845
NAALAD2,-0.7913725684133701
CTAG1A,-0.22889774482109154
GDPD5,0.8584401130079046
ANKS3,-1.3259878343755753
MIER2,1.452685318955482
GPR156,-1.0500765400330054
SYNC,0.8633242659754844
HS1BP3,1.137302085266555
BLTP1,0.8887533269243281
SNX22,0.6329378347789237
SNX24,0.6126138533296074
DYNLT2B,2.3333084390774395
LPAR3,-0.6216547138045153
CDC42EP1,0.8047795996617036
KLHL6,-1.041129887071401
TNMD,0.051391273216148635
GTF2IRD2B,0.6931531773315924
ERN2,-1.008505954583649
CNTN6,1.538641106683457
CSPP1,0.4197783864088092
FAM89B,2.3942671349351237
SPTSSB,1.7888100743973174
CAGE1,2.966916971299195
SYCE1,0.641087091569736
FAM9C,-0.9683716660417763
MYL5,-1.0744093598815754
CFAP184,-0.5847071398390725
FHOD3,-0.7394572721443732
LRRC10,-0.8447439333952829
RUFY2,-0.09589148130143359
LMOD2,-0.4377760585240644
CCDC112,-0.9000505367081494
MYPN,-0.9358143464993195
CLIP4,-0.8363397826440396
CCDC102A,-0.08771661157872236
C1orf216,-1.0833746174685526
RNF181,0.32144660636228206
SPATS2L,11.360144008349453
LMOD3,-1.0280196120000278
ZNF229,-0.7264106707392036
CFAP97D1,-0.615729563587254
AGBL2,-0.5795580923145605
STOX1,-0.8529262832199337
HAS3,3.4861827102329888
CCDC78,-1.1840690205169042
ZNF704,-0.19233638216410437
SLC25A48,-1.225674129918161
POTEB3,-0.6301666659448233
ZNF250,-0.42163158687082947
POTEB,-0.37375835587037143
POTED,0.623356064277573
POTEC,-1.0162987859113084
ENTREP3,-0.18910660978645938
TEX14,0.3296888372685498
EXO5,-0.4424994007330807
APLF,-0.642585612690361
HFM1,-0.9472041295371945
ADAMTS4,0.9722774851726077
ALKBH3,1.6875653180687666
FAT3,-0.8913234519139993
SCGB3A1,0.20601179570079226
GEMIN7,-0.033746113643948354
EMILIN3,1.2081848620846045
TCEANC2,-0.29906522414511455
LEAP2,-0.6867874412742079
RAMP1,-0.7626194203272443
TBCK,-0.6386272325463866
HOXD11,-1.3168786669581913
ZC2HC1C,-0.8606323573936698
SNAPC4,-0.4316655059517349
SGSM2,0.02402440571572386
FHIP2B,-0.829138224137571
FAM193B,0.22761464279858154
SUGP2,0.1991766768316734
CNPY3,-0.9637967879821717
C17orf78,0.2008594583868787
WNK4,-0.030217860955300106
ANKRD10,-1.0292688980201328
CLK4,-0.34440101192696665
C19orf25,-0.7837183910711731
ANKDD1A,0.2702632003537487
SLAMF9,-0.7126076949930406
PTPRQ,0.19932257599828956
LYPD5,-0.2494258854439642
STRC,-0.542326510863111
PCDHGA7,-0.9845547349940666
GPR161,-1.084572220549319
PCDHGB1,-0.48166815962853554
LPAR4,0.410482993257133
SERINC5,-1.0427405189610217
RAPGEF5,1.047786743040603
RGS7BP,0.806609954859688
RIMS4,-0.30856246695428535
ATCAY,1.7468641982178403
CASKIN1,0.25202988756284317
PI15,1.4409308176817903
CPNE9,-0.6036930141597299
MPPED2,5.91581925234797
MAP7D2,-1.1789624762217117
C2CD2L,-0.6279234704736727
C6orf15,-0.39110864325637745
PCDHGA9,0.6288804518998282
TMEM61,-0.4284352728926539
TMPRSS9,0.769160688023913
ICA1L,-0.8037155391306589
WBP1L,6.994110717255147
SPATS1,-0.3758924188554151
TTC23L,-0.7486481213237223
TEX35,-0.13214583263760782
TEX12,0.05443648106464272
GALR2,-0.9052906998806196
SYNGR4,0.9018387280029506
FIBCD1,0.319754636741212
NANOS1,1.060637730354042
EFCAB5,1.9517573917670485
LCN8,-1.3405092756957206
LCN12,-0.3926090028557124
LCN10,-0.8915937827607313
LCN6,-0.9182989766935578
ZNF17,1.108047584376168
PRICKLE4,-1.0582813749277762
ZNF273,-1.0328759292250709
ZNF316,-0.41548228312162516
TUT7,-1.0741524736532606
RIBC1,1.9500533460278866
BTG4,-0.4301381672486975
FANCD2OS,0.41258269414093107
AKIP1,-0.05485236164810897
CNKSR3,-0.649386006600526
PNRC2,1.2883378776216394
RSBN1L,-0.9476506039094674
PATL2,0.06797447759788673
RNPC3,0.018419037029793327
SCYL3,-1.1058703675198662
GPATCH2,-0.5673669082951454
ANXA2R,1.378084562878921
RAVER1,0.18370596207675804
PRR14,0.5003503219201275
CDC42EP5,-0.09709526815730973
ZNF569,-1.7065518276875584
BCL7B,1.0579083798757487
WASH3P,-0.17183127197941467
STYX,-1.166609589761957
DCUN1D2,-1.1021108387025411
WDR5B,-0.056134527608202395
ABITRAM,-0.2801916144396653
CNGA2,-0.028158234227137768
CNGA4,1.1777789763508142
GJC3,-0.82586662474504
TGIF2-RAB5IF,0.5533145928300396
STMP1,-0.22297413798568247
COX3,-0.6374120150636309
SMIM8,0.1889016085279204
FAM83C,-0.615787727775208
PWWP2A,1.5677641389939125
ZNF827,-0.5844548231738836
BAHCC1,1.336180458981378
AHDC1,0.027278364794114347
MBD3L2,0.24245872214704234
C16orf87,-0.6702313082036327
C22orf31,-0.5872966370910191
CCSAP,-0.7713494103231718
MBD3L1,0.9955536940723122
ZNF382,-2.002721097919156
BAHD1,0.9432250815395039
H2AC15,-1.6062308928674216
H2AC16,-1.5720314417243157
H4C8,-1.6608624708095052
H2BW2,-0.7311236032577436
H2AB2,-1.3393619207156124
HERPUD2,0.018340328343893524
TRIM56,-0.5538760478076167
KCTD11,0.7858488902939053
PHF14,0.8592341352219041
CBX6,-0.7139309173398107
ZNF711,0.3723777351801217
INO80C,4.055477143834246
ZFP64,0.00374935249327318
HINFP,0.2923879002829051
EAF2,2.656486082000873
UNC119B,-0.27472921658008814
ZNF764,-0.8258938630540726
SAP25,-0.6119889905822767
OVOL2,1.5959065033203221
NACC2,-0.11729443407334791
PHF13,-0.5110151023029827
RAI1,11.21607792583949
EID2B,1.141184359448362
MKX,0.38113727889899
TBC1D32,-1.1427228149810338
SAMD1,1.7571142985213606
BANF2,-0.09164418946950938
ZNF541,-0.08600579858945163
ANKRD13B,-0.30178730374007484
YY2,0.7389045158510634
RBP1,-0.9940782632674108
NFE4,-0.3639092276077083
SSX2B,-0.723987354907464
PGBD3,2.738966806274681
ZNF461,-0.9441890560875421
RAVER2,0.07337081309004025
CDADC1,-0.6201243392696444
ZFP1,-0.011901576452095603
EPOP,-0.2687519958364775
UBR3,0.6110923529978515
TSHZ1,0.7825512816641187
PARP14,-0.00982410351957896
USP17L2,-0.8382330242482287
FAM50B,-1.174622614258777
AVEN,-0.6068189981569221
TRPV3,0.001505337108797689
PLXNB3,0.5226419241047531
ASPHD1,7.723370731357484
PTCHD1,1.8860230298928542
SLC22A24,-1.0636795173483071
ELFN1,2.150524347157597
DTX2,-1.3671612409500842
DLK2,0.11840340859935196
NOTCH2NLB,0.49515439386087706
HES4,-1.0621225469663536
HES2,-1.0807260750494252
NRARP,0.197886909593231
HES7,0.2788631937433005
ZNF74,-0.7443638163637766
APH1B,-1.146205857759998
EFNA2,2.8229620083116513
CASKIN2,1.652515036512261
SDK2,0.14340401764505345
ARHGEF16,2.0604376189358273
APLN,-1.6967604453536436
CCBE1,-0.599006705672111
OTOP3,-0.21120913381669765
TIGD2,1.3866973263937425
SLF2,0.28660846659795464
NT5DC4,-0.5459269190570784
TRAF3IP1,1.7969616970055418
GDPGP1,-0.5145777154646859
KLRF2,-1.2076350650662016
CLEC2A,-0.9744930055433456
CLEC1A,-1.3378662296651744
RAET1G,-0.8308708803087822
GJB4,-1.4159454141785068
RAET1E,-0.754153087514602
RAET1L,-0.5265060100926748
TMEM182,-0.948789849185474
LSMEM2,-0.37101087385952464
MS4A13,-0.10212179789709527
SIGLEC15,-0.9965162150449208
KIAA1586,-0.6467034104899336
FCRL6,-0.7775746731734962
ACTR3C,-0.5570972687787987
METTL21A,1.1358345532425516
SYT9,1.831659011349395
PFN4,-0.010018690443114816
DNALI1,-0.3775301062679717
CAPZA3,-0.5526291495806426
CHURC1,-0.6434236101275435
ARPIN,-0.40852821943172063
ARPC4-TTLL3,-0.4216447392377653
RFLNB,0.2531601637092003
CORO7-PAM16,2.511553283781631
FAM9A,2.4236663030453496
CEP104,1.599756643772775
TTLL5,0.27205615767919583
TMEM183A,-1.1457603881552318
PSD4,1.1717801944800306
DHX58,0.18754963431351332
BATF2,-0.8529330953884205
LY6E,-0.4016487673262337
WDR86,-0.4932356087166214
UMODL1,0.5269091983527431
CRYBA4,-0.0567158450800165
IQCN,1.152804527612246
WDR38,-0.7609192260915978
DAW1,-1.150300648509209
CASP12,-0.8476751184483611
TIGD3,-0.14346255221521723
SPATA46,2.9394608940591977
EEF1AKMT2,-0.07237605245377907
ENPP6,0.9028372487122084
FBXW10B,-1.4235435976147999
STPG3,0.37353383117124406
ETFBKMT,-0.6452587106689697
RASL10B,0.34114545479163627
CCDC190,-0.23250130174668862
LYNX1,1.0981654756432748
ILDR2,-0.7059624478191158
GPR27,-0.8781783057259254
ZDHHC21,-0.6097734333028365
NRN1,1.7973277460755481
LYPD6,3.0563201868530423
PRIMA1,-0.1979796597193662
ARHGAP36,0.7429310093118169
PROX2,1.272349797289155
SLURP2,2.039832100941995
LYPD1,0.24100806452931509
BHLHE23,-0.8732002031973884
CPLX3,0.2276253894165578
RXFP3,-0.1544776402171897
TACR2,-0.1233787477651753
POU3F3,-0.47497222177136067
NMUR1,-0.10512916806837234
NPBWR2,0.046312471102378835
PNMA3,0.08819275467424748
PKNOX2,1.7738386228322516
TNK1,0.1205534166955049
LMAN1L,0.45809741461790116
STARD5,2.08157412502702
RFTN2,7.448179001685406
TMEM92,1.2591031306398757
VWCE,0.5870015192789103
TMEM129,-0.876514762365028
ANGEL1,-0.3535038352422185
ZNF324,-0.6556099908235801
ZSCAN21,-0.2910942556465527
GALNT8,-1.1180067528150774
GALNT16,-1.105544793708919
CD300E,-1.367657414007616
TMED6,-0.9082567539594247
PCDHB16,-0.3714039581105518
DRAXIN,-0.1483403235508302
FBXO4,-1.2601943642484958
FBXL2,2.209431335508853
FBXO17,-1.3102359641315415
FBXL22,-1.3713271960552138
FBXO46,-1.2029110699177663
FBXO10,-0.39216138426568153
FBXO16,-0.6001772387518358
FBXO8,0.6618431347749213
FBXO36,-0.962697100670967
FBXW12,-1.5390092802225839
FBXL16,-1.11155702707322
FBXW10,-1.2878339598328945
FBXO48,-0.8109349850122073
FBXO41,-1.3817195693805955
FBXW4,-1.346281592501908
HECTD2,-1.2176240852928726
RNF19A,-1.3132176839785625
RNF217,-1.2401383483974762
UNKL,-0.8425068209952813
ZNRF1,-1.6274848980086698
FBXL21P,-1.1714165656682585
DCUN1D3,-1.080552310181208
AMN1,0.4353877034105203
KLHL11,-1.1133527869188076
PRDM9,-0.09785050922714293
ZKSCAN7,-0.48630988885963067
ZNF763,-0.8515601824190195
ZNF140,-1.3428387558820354
PDCD7,-0.49362375443512396
PTAR1,0.23077191690697024
INAVA,-0.4704577002856972
TTC21A,-1.2059239188249185
ANKRD36BP1,-1.112388620461196
CCDC168,-1.1261870769476179
QSER1,1.6086098486520528
DCAF4L1,-0.13908969432160367
PFN3,-0.6987192937186966
CCDC146,-1.0441599082290562
NUDT16L1,-1.1339306111225316
PRRT3,-0.2959527815079206
ELOA2,-0.3073279921409065
SPANXN3,2.5953778536390497
TRIM49,-1.4027457538798966
KLHL5,-1.1143193261087971
ADAMTS17,0.5435702166681908
POGK,-1.141828752547893
FAM199X,1.0440239451960336
PLEK2,-1.3080466376548978
CEP85L,-0.4854582637621225
TSGA10,-0.7740834224051346
LRIT3,-0.30814966623075013
UMAD1,-0.670297481113281
TRIM34,-0.7456070599389995
C16orf92,6.383582928610795
BNIP5,-0.6611401276303469
C19orf44,-0.7749115518964177
HAPLN3,2.380935467959399
EFNA5,1.305131301802766
FSD1,0.8024888048117281
CAPRIN2,2.2738966084466066
TMEM117,-0.2348238786329309
CCDC38,0.5739981419687665
MISP3,-0.1674152748809636
DNAH10,-0.6530125124760962
NABP1,-1.4148726857007219
TMEM156,-0.48206957385749694
KLHL33,0.9313969100713044
DUXB,-1.1852881079652473
DUXA,0.08545632105344453
PRR30,1.0413753011274536
FAM24A,-0.2640180084736789
ALKAL2,-0.23818402730512706
DEFB123,-1.1888864345645571
SCGB1D4,-0.9131991640321409
KCNE5,1.3108564993285121
CACHD1,1.0331669679053537
INO80D,1.0309100429770368
PAGE2B,-1.046923430881663
CTTNBP2,-0.06923355174391113
ASXL3,1.359666391604108
RNF32,-1.0010280559802816
APOBEC4,-0.9808857530350283
P2RY1,0.6185362169595998
ANXA10,-0.45067875040393296
TDRD9,6.547523003756695
CHIC2,-1.1888493172868144
TMEM266,-0.52837111223427
MAGEA2,-1.3629784621318222
SLC35F4,0.37667803608220374
KRTAP12-2,-1.5761130966095769
ZNF713,0.9032611795940113
VSTM2A,2.221916767190211
XIRP1,-0.6528783159594342
GPR37L1,1.3881187504513666
MAGEA2B,-1.100543418320997
KIAA0408,-1.0216298792628118
TMEM253,-0.4376689544274896
RNF26,-0.8849102726156313
HIVEP3,-0.021143850926196375
PRICKLE1,0.2931949498915862
ZFAND2B,-0.6504845107131894
SHISA5,2.774557358048505
PRY,-1.8619715564956119
OTULINL,0.11579182288372517
HS3ST3A1,1.0960096583909702
NDST3,1.3199121380404775
HS3ST3B1,1.104414433472155
HS3ST5,7.214154588781294
NDST4,2.3975712932809974
HS6ST3,1.3058976337329362
CHST13,0.1693821831578378
GPC2,2.0968316513434644
HS6ST1,0.9096505434829547
HS3ST6,1.6043027522566051
FRA10AC1,0.6927089392414112
SUN3,-0.8087530997129802
GOLGA8O,0.3188003072336818
IFITM5,-0.07803408842046725
GTF2IRD2,0.4534488924575338
TRIM50,-0.24892536863833883
ALKBH6,-0.4459263168264895
VPS37D,2.464109596070578
CYREN,-0.7944827076747987
CRYGN,-1.1863676917611565
HOXD9,-0.7805295589259911
AMN,-1.1135841632636687
ARHGEF26,-0.7338987727725098
ZNF304,-1.2456510623298334
ZNF280D,1.7781527468601275
EPM2AIP1,0.5297715367985125
TMEM104,0.5007448312224441
METTL25,-0.8965322326719012
DIPK1B,0.6651086987891867
NHLRC3,-0.9091508490869906
ARHGAP8,-0.15998887679194784
PRR5-ARHGAP8,-0.33919432303598634
SLC22A10,-1.390154358627469
ZNF80,1.8999565379683094
FAM187B,-0.05551198225916441
SLC35G4,-0.8189079342344632
SLC22A25,-1.1816241335319906
PPP1R1C,-0.2227364462276497
CFAP36,-0.7892632617046127
SLC9B2,-0.32359068385773426
SLC9B1,-0.1138340184984808
EPHX3,-0.060886564475943504
LZTFL1,0.6695710964035021
SLC16A4,-0.664377498751509
ANKRD6,-0.6355418934610847
ZNF226,-1.393275143759704
CATSPERE,-0.32772051165730476
GJB7,-0.6893744357505007
KRT12,-1.7392125431476766
BLOC1S3,-0.21720664329246933
KRCC1,0.4664177954689998
HECA,0.5805366082149902
IQCH,-0.549855601292273
SLC7A6OS,-0.8127616507453441
TTL,-0.9543929258633373
NICN1,0.13142214168740105
NYAP2,-0.3448886802018931
PTPRU,3.0149342415082088
ZDHHC18,0.3152426707405867
PABPC1L2B,-0.6611714325270289
RTTN,-0.33642047214107235
CFAP65,0.4081422012495462
ARHGAP42,-0.474846950957943
DUOXA2,-1.144857817811083
P2RY14,-1.6102274347543493
PTGDR2,-0.3940489957368894
STK40,0.6237238860909473
PROSER1,1.939630774379346
C1orf141,2.579221823553462
NPSR1,0.23436859759415668
RXFP1,0.24450502986454867
GOLGA8F,0.42617305039912234
GOLGA8DP,0.2865896327436118
NKX6-3,0.5480943599542363
IFT70A,-1.2211897591624545
GALP,1.0490226112270888
DACT3,-0.0797329982341148
UBTD2,0.6299137336839964
KRTAP6-2,-1.0997553614761948
BOLA2-SMG1P6,-0.5696199687852088
PCDHGB5,-0.9303388895122522
KLHL32,1.0997780514166715
CIMAP1A,-1.0823366217478012
LRRC3B,1.7137372257746575
ISX,-1.351126245006945
TMEM69,-1.061472861350792
TRIM46,-0.4220739993085163
DCST2,-0.40528591672486414
BEAN1,0.6712441695518557
CARF,1.2789299951266409
DYRK3,-0.7357544788892225
PCIF1,1.3271679770094076
DIXDC1,2.4463810261731185
C11orf68,-0.019722949912465187
SELENOK,-0.4748207556619537
INVS,0.11053101732645208
STXBP4,-0.8877694892507592
OTUB2,0.8867114009014213
WNK2,-0.8975125438234709
PIWIL4,0.37210539828408856
SETMAR,1.5592915799731764
POTEKP,-0.7561771220417947
C1orf115,-0.4653580072951148
MINDY4,-1.0342316709503279
RNF113B,2.7249519800848123
TTC14,1.548659059493241
RFX7,-0.770067471587201
MSANTD2,7.714485530856736
ZNF84,-0.252454138535331
PATE2,0.0699868008025846
DEFB107A,-1.3083419453114553
DEFB110,-1.285687257083075
RNASE13,2.9151849405599535
C3orf18,0.18426071887630202
CA11,2.1535204854566166
IGHA1,-1.2172751353321996
URAD,-0.7587854051755089
TDRD12,0.7313315579013118
CCDC191,-0.2917319771055365
TLCD2,-0.567160328756037
KIAA0087,-0.03863829733187906
NUP210L,1.5826229729856036
TMEM201,-0.25250389026156767
FAM3B,-0.25439396457304075
PGA5,-0.48149382342546176
GKN2,-0.6451564071297619
SLC9C1,-1.0054698044170938
SLC6A18,-0.45145161745726986
ADPRHL1,-0.6319507592398989
SLC6A20,-0.3429256792566821
SLC6A19,0.460671151501741
CAPN8,-0.6695866555584747
RNF103-CHMP3,-0.780747840010501
RBM14-RBM4,2.4760940477701516
TOR4A,-0.6530091268604126
ZCCHC2,1.3138175663200184
CC2D1B,0.15574279547626066
RND2,0.819635911617806
ZC2HC1A,-0.47789465575531137
DCAF16,1.0978805006271601
NEGR1,0.9692409674498628
SLC2A13,-0.6465492258477207
SLC5A11,1.0363636980071391
IFI27L2,-0.6263664585108434
NICOL1,-0.1349034963876399
WFIKKN2,-0.8680829115358829
HOXC6,-1.8436356914309258
WFIKKN1,-0.9722774769235548
CMTM3,-0.23970520224570058
NREP,0.7614233730699063
CILP2,6.469641321918512
KRTAP4-11,-2.4528677745310805
MADCAM1,-2.446214856844884
EDN2,0.3980089688671021
FGFRL1,-0.8228018602219118
ADAMTS3,0.993737025093477
FJX1,-1.0837281378426256
CCN6,-0.7390161622581755
TCEAL6,-0.39228209611109954
GTF3C6,-0.5325019698104924
FAM161B,2.810644254728102
MCF2L,-0.651478951064429
BHLHA9,1.6169495128423188
JMJD8,-0.7657318276577927
EDARADD,-0.8044581391691221
SPATA6,-0.2830122200267733
ATOSB,0.6823701009151801
PRND,2.3147594399446163
NRN1L,7.9034846206045035
LYPD6B,-0.10789720884235811
LYPD2,-0.5972047084763517
RTN4RL1,1.7490251083008594
MDGA1,2.0741375536084403
LY6K,-0.21982023412842955
RTN4RL2,2.4359060290939873
LY6G6D,1.870856282105437
LY6G6C,0.08035007693491697
LYPD8,-0.21174552218244608
SPRN,0.6701035302200601
IZUMO1R,1.8535292780228183
CNTN3,0.8591790997349555
ART4,0.659048821393506
SPINK4,-1.257444222282009
ABO,-0.42217993343993665
TBX10,0.5240939998134955
SH3D21,0.3533396755264964
MEGF8,0.7384393041342279
ZSCAN31,1.765439916478299
ZSCAN16,-0.49534690032575995
PSG7,-0.9362981737134116
PGBD1,1.0874942846223854
GPR15,-0.5788036205136219
HYAL4,-0.5332371693568178
ANKRD53,-0.2687008698944438
FAM83H,-0.8560960521073334
TRIM67,-1.2883703732529577
LRSAM1,0.2379985891228007
ANO8,-0.224040461662878
TENM4,0.2126739009486237
TMEM8B,0.07990216834988026
GBX1,0.02378824928022996
HOXA4,0.6489133997083413
C4orf17,1.3139125865913255
FABP12,-0.8975677512224159
DAPL1,-0.6501122035369147
HIGD1B,-0.6943904172977085
GPR182,-0.49844270696832615
LRRC9,0.928322627589532
ABHD16B,-0.4896217502425364
OR14C36,-4.693093597054207
OR6J1,-5.028793947121803
IGSF10,1.9712015875761526
SETD9,0.11082782179870769
DNAJB7,-0.33689822763867683
GLB1L3,-0.5164308693002021
DNAJB8,-0.5329731442924753
HSPB9,-0.3226961313801068
CIMAP1C,0.06362470485386347
PRAMEF17,-0.19907829396907598
RSC1A1,-0.2959253948926097
ZNF703,2.691894715322154
FAM221A,2.650224046749348
AIDA,-0.1112780324594511
SELENOM,-0.048505676098058455
GBP7,-0.38933428295794764
RTP5,3.16754698889334
HSP90AB2P,0.3066491426898851
HSP90AB3P,0.048116855214427975
HSP90AA4P,0.242670800477908
DNAJC27,-0.2782515236400474
BNC1,-1.245832085726112
CACUL1,-0.8433506422337577
OR51B6,-5.024250745576156
MARVELD3,0.5856702378887819
PF4V1,0.7701256412683892
ACKR2,-0.3910978566508485
HRH4,-0.11809638069506428
CTXN1,-0.5766403930918922
NINJ2,-0.22725050128931912
TMEM74,-0.30735895757774717
PXYLP1,0.01442434214435464
PIGZ,-0.9794778740553757
ADAT1,1.9883553061269688
GNA14,0.7933375133834305
RGS22,-0.916052014815758
LPAR5,-0.98884271689556
P2RY6,-0.9180784645297472
NMUR2,-0.09434296190428816
GPR55,-0.710907190272657
GPR176,0.04207246952378211
TSC22D2,-0.9667779228863964
GPR17,0.2478164120968202
SESTD1,-0.920589294188807
DYDC1,1.005383447010018
ERVV-1,-0.9557841207050414
CCDC125,-0.6872331742223201
ERVV-2,-0.6623383409919386
FAM118B,0.8287734974840139
SOX15,-0.6449432511114214
FAM181A,-1.0675324937390023
FAM181B,-0.3251686927580423
TENT5B,1.3070347998582248
WTIP,1.7907112895272421
C14orf39,0.8599746691937536
BCL2L15,1.5448964195311936
GLIS1,-0.8312114609290429
ZFHX4,1.6179828104305791
SYCP2,-0.28076426467011595
TAFA1,2.387162453934385
HSPBAP1,2.182188401668169
TMEM35A,0.5287965262396682
NRSN2,1.2130137688968445
TTC9B,-0.2038981534759959
DAZ4,1.0457815657856666
LDOC1,-0.29509457384742155
SNX15,1.2640316969980825
CMTM2,-0.8244509612146103
CORIN,-0.41046561551598604
CNPY1,0.0027735747975819397
EVX2,-1.6893819469225881
SCGB1C1,-0.8959416041736219
GPR153,0.09856833785601112
PCDH18,-0.7121319987846877
TMEM190,-0.20768831204201676
CRB3,2.201447496599792
C5orf24,-0.8593749482753044
PHTF1,-0.17699655439156498
INKA2,1.7498461486923897
SH3RF2,0.1311068419896737
PACS1,0.18239976790937337
NHSL3,-0.15493064441274257
ZNF500,0.07176487722956458
SYDE2,0.7079345306018988
SIPA1L3,1.301470052636337
GIMAP8,0.9421879692126065
STK31,0.4956892446122417
OPRPN,-1.0607713545897373
OR1A1,-2.6126221712952975
RASSF8,1.1962844721628105
CCDC85A,0.9553288984654174
CLDN4,-0.5343096623506884
CLDN25,0.8662556871082151
CLDN34,1.065057250940573
CLDN24,0.651906915204405
CLDN15,0.38973871978597996
CLDN2,0.5205898726233563
CLDN20,0.4721493421701933
CLDN22,0.7803606507150952
CLDN23,0.6544823314575319
CLDN19,0.058800339175991284
CLDN16,-0.19889108064006872
CLDN17,0.000521976257388214
CGNL1,-1.1015620507963035
FRMD4A,2.5644417181300287
PLEKHA3,-0.5070410472163899
FAM184A,0.9361241794320984
FAM171A1,0.03838868919703765
USP54,0.4305999768270275
NECTIN3-AS1,-0.08640277108204578
RASSF3,-0.6190789673217265
BCAS4,0.9081734934003739
TREML2,-0.46099777961864136
LRRC8B,0.09594250962099889
SIDT1,1.4244503524104535
MCOLN2,1.4269496302251996
RTP2,-2.0750352305612116
GASK1B,-0.7752176610327629
PODN,-0.8804806383452679
CRISPLD2,-1.1894591946168669
NDNF,1.6789353691692928
CHIC1,-0.7457049284141746
NWD1,-0.24560321469824464
GARIN2,0.9274874365622369
ZNF416,0.5918575345933752
ROPN1B,-0.7976251519300643
TEKT2,-1.5680029491322558
SYT3,0.529499329744068
SPMIP4,-0.5531863190148012
SPEM1,-0.5349409626456778
ZPBP2,-0.7727964193050954
GARIN3,3.0473628171986222
ZSCAN12,-1.022331435308011
SLC14A2,-0.6220059361392786
IGSF9,1.7367023878031882
MMP20,-0.3372572160287186
AMTN,-1.5410831973329044
AMBN,-1.6153138923978094
SCX,0.02512457648975533
KHDRBS3,1.0399215822097636
EFHC1,0.018919941945923946
STYK1,-0.8878180206422548
MACC1,0.09350234939138678
RIMBP3C,1.0128646122524954
CHRDL2,1.5883056117413281
SYCE1L,1.3238186113536614
ODAM,0.35095360788562535
C6orf58,-0.3612444824076696
SMR3B,-1.306904338438578
ANXA13,-1.1268590582136269
OR10C1,-2.468808101155665
FREM1,-0.7403943427415122
MOB3B,1.5347600396427359
ZNF554,-1.5948129093874537
SLITRK6,0.16481660628242206
ZNF718,-1.064100922183854
ZNF695,-1.0217908250048457
CCDC174,3.243039371597756
MOB3A,0.12775742570493465
HSPA7,-0.287610684245454
RNF125,-0.4578985929956515
SETD6,9.774572638669806
UBOX5,-0.049485895517098345
RNF212,-0.049094880381711656
MEI4,0.16046956246638008
MEI1,0.5974528071879838
REC114,-0.7556405577441759
TSGA13,-0.161135710305982
SHOC1,1.1026144300495346
C9orf152,-0.5894654671839207
HORMAD1,-1.1925420063853946
RNF212B,-0.5743393478631981
PRR5L,-0.0055813524796668075
IGLC3,-0.051377561883099256
HORMAD2,-0.8008189172300499
ZNF224,-0.9240570380980818
ZSCAN18,-1.0525887466440433
MUC2,-0.9824907869395834
ARHGAP30,-1.0858249598706242
CES4A,-0.3546545511782077
MAP6,-0.1716003026269848
BDKRB1,0.17780705355166498
PRRT1,0.44568853251723967
NALF2,-0.04354591643845773
GPR162,0.14934044928318468
GPR78,-0.6874120162145867
PIANP,0.8825036122973049
ARAP2,-1.0859768135819405
OGFR,0.7081978999188597
TTC22,-0.5092926266276243
NPNT,-0.8756879903303306
KIFC2,0.15497602977408684
DEFB125,-0.9360863281995703
TAFA2,-0.6006900683240247
GPR68,0.7492683376453249
FGFBP1,-2.072937828063432
VAX2,-0.0946349973620183
KRT71,-2.37021027888363
ATOH7,-0.4090902245199229
CEACAM16,-0.13829351269562623
MPZ,-0.3664098808422236
PROKR2,0.2672800161591321
DBX1,-0.6409140402947375
IRX3,-0.6258545651995464
LINGO1,0.3043467986031246
TFAP2E,-0.8195528118164671
ANOS1,-0.7584240264979882
HMX1,-0.7246260523827264
HOXC10,-0.9670841018767132
FAM162B,-0.2125928320977898
BARX2,-0.019676477033828483
HOXD1,0.006292149580620785
MMP21,0.6865785250811893
DNAH11,-0.9030720921868858
UPK3BL1,-0.9716611032344789
IZUMO1,0.207109663766121
PKD1L1,0.33188086099819136
DNAI1,-0.17385460363147312
DISP1,-0.9714296631360446
GTDC1,1.1892449107853522
OR7A5,-2.2309696595324646
NPY4R,-0.25639535679582987
NXPE4,-0.1538215451562575
CDNF,-0.8619687461367113
PRDM12,0.36796387601087294
RTN4R,1.678640258802612
SCGB3A2,-0.42876379314815327
BEX5,-0.5027049855258415
CCL15,-2.1779162751384407
PELI3,-0.07864997769120201
CCL26,2.856335573900282
SLITRK2,0.12672198208417262
SWI5,-0.5791732113764094
RAD51AP2,-0.2868142849477186
CENPS-CORT,1.3072404097619672
KHDC1,-1.2262269554107537
USP26,-0.10463559553576442
SNX32,0.7006573287406105
WDFY2,0.040507373655881404
IFI27L1,-0.7375042312974055
ARRDC4,-0.6863381314606132
DDX60L,1.1155731641802045
BLTP3A,1.0766878453173299
GBP6,-1.5271743354094647
ADAD1,-0.7025530695587128
SLFN5,-0.7056869395174252
APOL4,0.23755382036815006
SLFN12,-0.7602491036545592
ZC3H12C,-1.122436339104644
LIPK,-1.4020147349163679
WDR25,0.8936922875990001
TXLNB,-1.0006193052897485
IFT20,-0.5521284265250673
ZNF532,1.3909258672130447
TMEM158,1.1869555127386167
ARMC2,-1.0407136510351274
GPR141,-0.5454125979463944
ARHGEF19,1.2487806195471913
FAM124B,-0.8968134206227509
ARMC7,2.180317551833815
INKA1,-0.0790703697787176
PGAP4,-0.9890558617095383
ZNF34,-0.9101345980436724
SPPL2C,0.029101050873313574
ZDHHC7,-0.01612063571361531
ZDHHC12,-0.3436602181357662
RETREG2,1.1216025971315449
MAB21L4,-0.7576192934238125
AXDND1,1.7767206533201905
BLOC1S4,-0.6999474536033689
FLACC1,-0.8235443333804414
CD99L2,0.9198330570751042
BTBD3,-0.7314790382942057
GULP1,-0.7492489347478096
CLVS1,6.046249701298942
ADTRP,1.9480717537929857
TMEM234,0.9764080587651236
CACFD1,0.9589007115869428
SLC49A3,-1.0216861337145942
LHFPL5,-1.5821370678030646
CT45A10,-0.5057797308687627
PEX11G,-0.9248253839480471
ZDHHC11,-0.23789664994163806
CLDND2,-0.4634552504523872
ARK2N,-0.8649495534474236
CT45A6,-0.5351280198108247
TMEM239,-0.5639121970788995
TCEANC,-0.31569591930541874
PLPP7,-0.37235212600583745
ACER2,-0.8156793261302142
SPNS2,-1.0977524518274064
ACER1,-1.0177915551081567
ELAPOR1,0.4562807346346824
LUZP4,0.017338998811217355
RASEF,-0.6147450780530264
HSF5,-0.5995594586035551
KY,1.5341491716176598
DENND3,0.22850582245715598
LRIG3,3.3001758434280584
RPRML,-0.46000069596120424
CMTM4,1.471641441873647
RND1,-0.14771388127481827
DUSP18,-0.48513580340226936
DOK6,0.2567846185835042
ODF2L,0.5284404036612154
SHD,-0.6510436304898293
TSPAN1,1.2811384266094208
ESRP2,9.603641842590598
TSKU,1.306063374446437
RWDD2A,9.014431160014894
RASA4,-0.29174031643426934
GRK3,-3.5561534011818434
TMEM125,0.4289762112999206
VIPR1,-0.9196574810544577
CTAGE1,-0.3030894803793056
TMEM98,-0.6558006877898672
POPDC2,0.3833790219892086
C10orf71,-0.7581732275505939
STYXL2,-0.5160187664460939
MYOM3,-0.5359374515972775
FER1L6,-0.6036769649656252
LRRC2,-0.7241663511812094
KBTBD11,1.2023588269514958
RAB40B,0.6837297154480568
TMEM60,-1.0956338485670813
EIF4EBP2,0.040540079516651374
EIF4EBP3,0.4284732097051634
CTIF,-0.24691105546243527
NCBP2L,-0.71862555624172
NBPF26,-0.4621248491150471
FAM200C,0.8470139695660924
TMEM106A,-0.07924890111054884
NKAIN1,1.9629001998454336
CCDC134,-0.936252901707465
NUTM2G,-0.752102571232037
ZNF136,-1.1429830003457953
ZFAT,-0.7490536119789803
FAM133A,2.3413464561387807
PLEKHG1,-0.608240618210835
LGALS7,-1.7860952542674975
NPB,0.25317391282048407
IQUB,-1.572932839191139
NXPE1,2.567025368018883
DRC7,-0.048964212906461586
SPATA17,-0.29836391427224507
C11orf65,-0.4059111565199982
PHLDA2,-1.6610138175305578
PITPNM2,8.681601386905433
SELENOV,-0.13541949240463172
PSTK,0.19063288118909666
PRG2,0.5640268630969275
GPR87,-0.8941028287649693
EXPH5,-1.198341348683168
ARL14,1.7311274168730792
ZBED2,-1.4494284343739503
MIF4GD,-0.32837484005131384
LIPJ,-0.3282763467054943
TCFL5,1.2465451158048804
EEPD1,-0.6694221442375671
C5orf52,-0.8624587343463828
GCNT4,-1.0345703287755696
KIAA0930,0.9365503639027538
GALR1,0.2056484567574854
MEGF11,0.2063150887153956
ATXN7L3,2.1060717572125345
CCDC97,0.05995383571452199
TRIM51,0.07552237973222535
CCDC186,1.4976380207970847
KSR2,0.577749427664248
MFAP3L,-0.131159159192832
NPTX2,0.19233487271177852
WDR91,-0.6567421428614346
TTLL11,1.245077240105059
IRGQ,-0.5344809374750042
SEMA3G,2.243796600062887
RAMP2,-2.0748188724928234
KANK3,-0.06321521696767711
RAMP3,-1.7530702519780597
DIPK2B,-0.7024531506621958
C3orf33,0.9884263036991017
NXPE3,-0.34927891430848607
SIGLEC8,0.4297020281451176
SAYSD1,0.01190428517182816
PCDHB15,-1.1307568568295727
LRRN4CL,-0.18172290703602068
UBXN2A,2.5572456146266296
ZBTB9,0.36144728090122374
CST9L,-0.8364949565288221
KLHL14,-0.7954728176775087
TMEM52B,-0.2228413796909174
TSGA10IP,-1.1313099118350751
ZDHHC24,-0.17949344781953308
FAM72C,-0.10793196156852654
YJU2B,-0.9057755050762135
OR6C2,-5.490855571079814
OR2G2,-5.375110981137382
OR2AG2,-4.923514764242897
OR10V1,-5.019555881555691
OR6Y1,-5.235601105288132
OR5M9,-4.425296690722036
OR4C5,-5.056502003511783
OR4D9,-5.167377069731988
OR13C9,-1.7016613552935835
OR4C13,-5.039122118302457
OR10H5,-1.1551922336103788
OR4M1,-3.9617491028571528
OR4K1,-3.1634130167689523
OR10A2,-5.194001566209907
OR51G2,-5.503935496974274
OR51D1,-4.978752621515758
OR2J3,-4.428365350636229
OR5W2,-4.9395186562521225
OR13C2,-2.3848405732636873
OR10W1,-5.12929269974357
OR6B2,-5.04798006570922
OR6C6,-5.2105135640434845
OR2AK2,-4.529599635219332
OR1L6,-2.9964929468433965
OR8H3,-2.2121632885083975
OR6F1,-2.5612608233248095
OR6V1,-4.987896078160715
OR4A5,-4.470327953575706
OR8D1,-4.08862074209106
OR10K2,-5.362082870967413
OR6K3,-5.249458775649547
OR2T27,-4.647740728015997
OR2Z1,-5.140729771042744
OR4M2,-0.09124835627575566
OR1K1,-2.448948333393645
OR5M1,-4.977664692261029
OR2AE1,1.763951999553472
OR2B3,-4.494882596229647
OR1J1,-5.195070422031604
OR5J2,-2.412091325901161
OR6S1,-5.029935167240471
OR2C3,-4.774860526563147
OR2V2,-4.81380598534396
OR2L5,-5.135512518798628
OR6C75,-4.01963063315229
OR8J3,-2.33877585540382
OR51Q1,-5.172486960325021
OR2AT4,-3.700750905750315
OR4A47,-5.145256087787163
OR5H15,-5.359616338750062
OR51I1,-3.2793277049100653
OR4K5,-3.992856547958554
OR14A16,-2.3480316275179223
OR4F6,-2.9631214229890803
OR2G3,-4.68188821964501
OR6K2,-4.476875237832745
OR10G7,-4.692427255418216
OR5B12,-4.812625284403904
OR6C65,-5.39296075085177
OR13H1,-2.8746779887382234
OR5D16,-5.22767822978917
OR10J3,-1.7011710450325028
OR4F17,-4.319714727512881
OR2B2,-3.3961137113732853
OR6N2,-5.375325045873398
OR2J1,-5.182022772786574
OR2M2,-4.886407415639217
OR1G1,-4.406747404724272
OR5K3,-4.30169586824719
OR11L1,-1.7462712709877055
OR8B4,-4.299597398402465
OR10R2,-5.337113419456399
OR4D10,-4.6709386800116
OR5K4,-4.304628788037059
OR5V1,-2.6626747191516067
OR5H14,-4.651395537441192
OR4K13,-5.414400961681108
OR10K1,-4.8364601131537155
OR10G6,-5.380334643376732
OR51I2,-3.829714403086724
OR6C76,-4.447274528948177
OR2A7,-3.483459434846809
OR14A2,-4.522854438442562
OR2L3,-4.99606370709897
OR8K1,-2.2893602589608295
OR2A5,-2.2772070866906438
OR2T8,-1.0330187362298984
OR2T2,-4.670356855472815
OR11H7,-1.7019382551672224
OR6C68,-5.223713442217901
OR2T3,-4.737164752141952
OR4K2,-3.4698756354753715
OR2A12,-4.826288987987847
OR2A14,-4.782675095095471
OR5D14,-5.120517711161512
OR1Q1,-2.932853912639328
OR4F4,-1.7016113982751389
OR10T2,-4.596258169586075
OR5L2,-4.801188328677206
OR10A3,-2.686030045153694
OR8U1,-2.976818987560592
OR5D18,-5.0733244160905375
OR2V1,-3.8942013914063467
OR8B12,-4.282263744813247
OR10Q1,-4.940705063595648
OR2M4,-4.739253872177248
OR4K14,-5.428255116796322
OR1L1,-4.229942174255282
OR6P1,-4.434765587910645
OR13F1,-1.4462130665776962
OR51A7,-4.538626178690639
OR1I1,-4.675493457261328
OR4E1,-4.682854601002636
OR10A5,-5.4544384700003725
OR2D2,-4.574717061522163
OR1L4,-3.0996988973766397
OR51S1,-4.905600661218016
OR4D1,-5.030443850705036
OR2M5,-4.668905012939747
OR8K5,-2.5726728656382787
OR6C3,-5.26165730695429
OR13C4,-2.343389400407793
OR2J2,-4.429766041660997
OR5B21,-4.15346333633878
OR2L2,-5.408911686314383
OR2B11,-4.567043148936513
OR2T34,-4.797042813234884
OR10AD1,-5.174417559722213
OR9A2,-2.0420478004740716
OR4D5,-3.428559475202669
OR1J2,-4.689468740114088
OR5B17,-4.939761765510365
OR2B6,-3.7565627944647053
OR1L8,-4.99954186886573
OR52J3,-3.415286939284084
OR8B2,-2.8087496583392597
OR8H1,-1.965339636583214
OR2D3,-4.737177652707198
OR10P1,-5.011428044954508
OR2AP1,-5.1902867707138265
OR9Q1,-1.8975816467547468
OR11H6,-3.3985396493747984
OR9I1,-1.8193336256125654
OR1S2,-5.556020111246238
OR4S1,-5.214865459117248
OR8J1,-1.7300527643040988
OR4D11,-5.116286889384717
OR10G9,-0.6924118956533121
OR6C74,-5.316823405971841
OR5I1,-1.140144649023062
OR4C46,-4.464102803368789
OR10H4,-2.841526567134377
OR6Q1,-5.443641822804295
OR10A7,-5.188128701465491
OR5P2,-3.9877720837561736
OR5K1,-4.883602298461079
OR5P3,-3.879449420262249
OR10G8,-4.389558316001637
OR2M3,-3.9853514216356656
OR6K6,-4.830742222375302
OR8G1,-3.7232043761466267
OR8I2,-3.316287242550547
OR2Y1,-5.004944637116456
OR4C6,-4.271526349001892
OR1J4,-4.330078859280468
OR51A4,-5.363204619433998
OR51M1,-3.652536810041381
OR5M10,-5.133191049616125
OR6C1,-4.296192102447894
OR2T5,-4.994145452693973
OR51B4,-4.397162230668674
OR4C12,-4.868713723245547
OR9G1,-3.0253315631418602
OR4A15,-4.885803167287108
OR2A25,-3.9316602353299515
OR7G3,-4.450043306853651
OR4N5,-5.069051817248947
OR2A2,-5.22023294299962
OR4A16,-5.266726694218461
OR6C4,-4.996713654300765
OR4X1,-4.34857024429314
OR6C70,-4.459843371012915
OR51B5,-3.1682687527607305
OR5B3,-5.0666074576309175
OR4N4,0.19169542290466968
OR5T1,-2.677991491000364
OR4F21,-4.929173267966486
OR13A1,-2.524369396171822
OR6X1,-4.876703209716105
OR8D4,-4.474234707690539
OR14K1,-4.993281657147451
OR5K2,-4.5809338639482675
OR5B2,-4.927712825314771
OR2T29,-5.197292370768313
OR2AG1,-3.6916302070053453
OR2T12,-4.892842830193001
OR10G3,-5.370491908311255
OR2T6,-4.598861724444845
OR9Q2,-2.217431575001457
OR6N1,-5.107238427452703
OR7E24,-3.6988261439663406
OR1N1,-5.403747007570243
OR10J1,-0.7100705695304274
OR7D2,-1.7503150972247097
OR7C1,-4.812780887176887
OR2H1,-1.490104585905308
OR1C1,-3.3384643764591417
MRGPRX1,0.08467881357381735
OR13C8,-1.2136852713576287
OR4L1,-4.928853652565298
OR10J5,-2.9973443946175196
OR1L3,-3.4877627167761216
OR4B1,-4.964501142866199
OR7C2,-2.626089931292487
OR9A4,-1.4981172380316612
OR2F2,-4.194208738114211
OR5M11,-3.633792203251
OR10G2,-5.288995917550986
OR51L1,-4.443162954543495
OR7G1,-5.264777864940231
OR56B1,-5.342361690914739
OR8H2,-1.2456077030866772
OR56A5,-1.9500313016260564
OR52A5,-5.26437752627284
OR2W3,-4.176346780366083
OR52K1,-4.991171619032857
OR5AK2,-5.251046684491167
OR5AN1,-5.0625817724696915
OR4Q3,-4.200112189717444
OR2H2,-4.120423340258351
OR52B6,-5.117943910728279
OR52E4,-2.1672808949345383
OR2T33,0.010814393546819826
OR3A1,-4.555499916796178
OR52D1,-4.596999834022416
OR5AP2,-4.983744723280082
OR52N2,-4.925902859413888
OR13C5,-3.313893660598289
OR4E2,-5.226927800473146
OR52I2,-5.484890235240952
OR52M1,-4.709311713465288
OR51E1,-2.9002198396866543
OR52E2,-5.028747674214896
OR2W1,-3.9673273669040547
OR7A17,-4.5036663569803626
OR52W1,-5.15933783289696
OR5M8,-4.990675191175135
OR8B8,-3.8236488369871493
OR7D4,-4.799750972720107
OR56B4,-4.051226732403846
OR6B3,-4.936448271733675
OR1A2,-4.847624374018483
OR2T10,-3.281887899510962
OR5A1,-4.559804845394912
OR5AS1,-4.743088628095783
OR56A3,-5.2053980338296855
OR52N1,-5.207657817543906
OR52E6,-5.021264028614017
OR14I1,-3.673327899050374
OR14J1,-4.6571325550012155
OR5AC2,-5.363412787426214
PLEKHG2,-0.030065245425025533
OR52L1,-4.976872157450005
OR4D6,-4.960029884032824
OR5A2,-3.8855349704963555
OR2K2,-2.4150631940777383
OR4D2,-5.20199410379441
OR5C1,-2.8487626956417396
OR10A4,-4.675300224982568
OR6M1,-4.704272062299943
OR2L13,-3.443733576614734
OR52N4,-4.824291445439845
OR52K2,-4.418517223407745
OR52N5,-5.253010530275657
OR52I1,-5.097687006604504
OR6B1,-4.845899932551954
OR10S1,-4.554197315110416
OR5H1,-2.9105719942682193
OR13J1,-3.0694909610890897
OR5F1,-5.055057339915209
OR8U8,-1.5524134774487135
OR9G4,-1.5543075043621732
OR9K2,-1.5553123399397435
OXER1,-1.2140359304183566
OXGR1,-0.22940742361415736
P2RY11,0.11986284564305352
OR8U3,-2.40991867845107
OR8S1,-1.554143384761224
OR7G2,-1.5535450723346693
OR8A1,-1.825350085274844
OR8D2,-2.221281599584846
OR8G2P,-1.554389453508946
OR8G5,-1.5508737751677295
OR8K3,-2.4648529762003
PROK1,0.47337382600851724
PROK2,0.7976386528705678
PTH2,-0.6589949318456844
PMCH,0.8520162193834587
OR56A1,-1.5515297285929281
OR56A4,-1.5467911834609305
OR5AR1,-1.0371208738303115
OR5AU1,-1.6727160023706338
OR5D13,-3.1521407452813834
OR52R1,-2.202335684811965
OR51T1,-2.0970081807893837
OR51V1,-1.9751366318760786
OR52B4,-1.7883483045961655
OR52E8,-2.2723490159604234
OR52H1,-2.0121889347395516
OR5H2,-1.5367008036027212
OR5H6,-1.7183699468700648
OR5L1,-2.1548514562256575
OR5T2,-1.5526135341594738
OR5T3,-1.554591037857579
TAAR1,-1.9018429335732727
TAS1R1,-1.500655744602754
TAS1R3,-1.3006991087029314
QRFP,0.3456830159209762
QRFPR,-0.5694126500993442
RXFP4,-0.3807864064123331
RLN3,0.49248687012305875
TAS2R10,-1.226527375556219
TAS2R13,-1.2203057460448663
UTS2,0.5063517128653925
UTS2B,0.28204161470040545
UTS2R,0.994338296406341
TAS2R14,-1.8960347699277436
TAS2R19,-1.1918078143826594
TAS2R20,-1.0515950204041244
TAS2R3,-0.6089401833819862
TAS2R30,-0.8957224047786304
TAS2R31,-1.4759310916961559
TAS2R39,-0.7816360350445011
TAS2R4,-0.17529084312951862
TAS2R40,-0.7293522942921152
TAS2R41,-1.0358450451337267
TAS2R42,-1.3663402940762228
TAS2R43,-0.6413659557286152
TAS2R45,-0.5806933500119621
TAS2R46,-0.6044030702811504
TAS2R5,-1.191274995456143
TAS2R60,-1.2812935112149415
TAS2R8,-0.29079861500272924
TAS2R9,-0.4798448824980958
OR51J1,-1.5524399593274436
GPRC6A,-0.6592463101330259
HCAR1,-1.014432109121787
HCAR2,-1.011910831499846
HCAR3,-0.3477123794130041
MCHR2,0.33760522670078885
NMS,0.2945462838390687
NPBWR1,-0.11869986853115268
NPFF,0.19900077483291412
NPFFR1,0.10373544071798885
NPFFR2,-0.7098221007507269
NPS,0.6870004850192946
KISS1R,0.06088995180150626
LTB4R2,0.37320217607567885
GPR39,0.7590990722243934
GNRHR2,-0.13656524107215123
GPR150,-0.16286979267129004
GPR20,0.6180161694367122
GPR32,-0.3244040623772702
OR51H1,-1.550988440546646
OR2T11,-1.8235964064151116
OR2T4,-1.5575817843260877
OR2T1,-1.5520524611031103
OR3A2,1.9678439971874808
OR3A3,-1.850931022091398
OR2F1,-2.093715923700409
OR2G6,-4.946917334665897
OR2L8,-1.5750511260516626
OR4N2,-3.1302263261252103
OR4X2,-1.9998983622112496
OR51B2,-2.1711202228422564
OR51F1,-1.5510401611524223
OR51F2,-2.3136440836475813
OR51G1,-2.1615828401672093
OR4K17,-1.551904939398964
OR4K15,-0.5929769819341826
OR4C15,-1.800949130798582
OR4C16,-2.998029196520682
OR4C3,-2.037021139745889
OR4F5,-1.5539101710865806
OR10X1,-2.4274819026748435
OR10Z1,-3.9209543623187884
OR11G2,-1.553452022779527
OR11H1,-1.5521174223435996
OR11H12,-2.0966908923660146
OR11H2,-1.5548630195659179
OR11H4,-1.554660162182832
OPN1MW3,-0.6233885272645989
OPRL1,0.9343080690648762
OR10A6,-2.3386922254378812
OR10AG1,-1.9749346936594256
OR1S1,-1.555294644433102
OR1N2,-1.5110217923978246
OR13C3,-1.5538420651596108
OR13D1,-1.5565438722688398
OR13G1,-1.6662268711886075
OR1B1,-1.474737916549614
OR1D5,-2.3309664886091026
GLP2R,-0.3730091150389945
GALR3,-0.8063634698310654
CCL28,-2.3162506915436865
ADM2,-0.6808326869243013
FFAR4,-1.3538578484381945
PDCL2,-0.841371420442451
IGHV3OR16-17,-0.8541782638928607
UCN,-0.5961499296715733
OR52E5,-1.9871315730123003
OR2A42,-3.4043229206408876
OR2AJ1,-2.2375025824036103
OR4F16,-2.6110589294561497
OPN1MW2,-0.619323394686795
GNG14,-0.3077113708618965
ANKRD33,-0.7462504903364535
LRTM1,-0.3194990253779951
PAQR5,2.4880374102239777
OPN5,0.6382064735724599
KCTD21,1.6798135424142298
ATXN3L,1.1118511658329258
BOLL,5.715178261620132
AAGAB,-0.7875641104226683
PRMT9,2.389982272812392
PEX26,-1.3779585344440894
C6orf226,-0.7297050753474708
SPX,1.7400421416620142
PAQR8,-0.0296764170920711
TMEM121,3.903191193478477
ERVFRD-1,-1.2211145698967856
MAB21L3,2.1834800309284335
SMIM5,1.360384176738235
ZBTB26,1.7515928054596925
CCDC13,0.5124062375683971
NLRP7,-1.7938096169591293
PARVG,-1.0627371155064451
UCN2,-0.7684355473811876
LRRC37A2,0.11598744834817037
PSORS1C2,-1.638961262015426
SLC39A5,-0.9790044432476701
AGMO,-0.4210181238778505
CATSPER2,1.212762240093429
LRRC26,0.20791281025421304
C19orf38,0.07273677696991025
TCF15,1.5800064555877908
MSS51,-1.1149170387884737
CDRT4,-0.30168757698089005
SMIM9,-0.517186152916525
SLC25A52,-0.920823367897159
SLC25A53,-1.227059027484703
SPNS3,-1.2348146452249467
TNFSF18,-1.0586332128310632
GPR31,-0.12263815415710078
ZHX3,0.9931750050355092
SH3RF3,-0.5340617770602669
FAM53B,0.24601430189584403
NXF2B,-0.8713192636026904
NXF5,-0.6323102544748604
NXF3,-0.10746641364927324
BTBD18,5.639740479281814
SLC26A8,-0.9854355758320865
ANKRD33B,0.8086644239749888
XRRA1,-0.39972136688404797
ZNF761,-1.1868036871043375
DNAAF9,-0.7496696359406853
LIX1L,-0.642673683266599
TMEM141,-0.5777551037396904
U2AF1L4,0.12894732671447626
ZNF383,-0.2728400044882067
RANBP17,0.5149277358022151
CCDC7,-0.36043955031507124
GREB1L,1.1427909062127704
ZNF69,-1.1040755762255487
ARMH4,0.3823143250520904
C19orf18,0.6090116782149547
RNF133,0.6810351533132847
SHISA3,2.231790192806728
CCDC89,-0.8127659463055739
PCDHGA2,0.7777130521663503
AMIGO3,0.48577032029196615
ZDHHC14,0.3262433721783623
STRIP2,0.054936385608652286
FRMD4B,1.6283706023743338
SNAPC5,-0.9444054811471536
LHFPL1,-0.6941718843652276
CDIP1,1.5631049236897954
GPR101,-0.28945906976893515
CXorf66,-0.5419021757842886
GPR151,0.7558072982298377
GRXCR2,-0.5528690287368109
XIRP2,-1.4369056725388494
ESPNL,-1.0024453434123408
FAXC,-0.48240477054895614
TREML1,-0.38256754710914403
ZSWIM2,2.18463469874766
R3HCC1L,-0.8613203590190813
FAM135A,0.1842012460024318
DNAAF11,-0.9511141137198011
GPRIN1,0.42322477081092236
RAB11FIP4,0.8390685133078053
CLEC2L,-0.1623445792424798
DEFA3,-1.7374607953391303
DEFB103B,-1.5018114600127535
DEFB115,-1.1000649631400028
DEFB104A,-1.2954740389831902
DEFB108B,-1.3501849289369487
DEFB134,-1.175286873301424
DEFB118,-1.382059089655434
DEFB135,-1.1767146184290624
DEFB136,-1.1522372443538922
DEFB104B,-1.1087304656402879
DEFB129,0.8177159084507158
DEFB114,-1.2977057264216132
DEFB130B,-1.068452570100039
DEFB132,-1.1484229071761147
DEFB105A,-1.2425269856971328
DEFB119,-1.2216314643405775
DEFB106A,0.24771396981732904
DEFB128,-1.2499258467317176
DEFB105B,-1.3641600413818953
DEFB126,-1.4774806566048804
DEFB124,-1.1822911256113788
DEFB116,-1.1589073281532856
DEFB106B,-1.2635745811341341
DEFB113,-1.4755856861536116
DEFB130A,-1.1867292637782343
DEFB131A,-1.0940136954792996
SUSD5,1.7028473042611056
XAGE3,-1.3925723654018676
METRNL,-0.22547123483716294
EAF1,0.8949232260046692
XKR6,1.3239703620786847
FAM169A,-0.08235730527500679
GRAMD4,0.7927181651278647
PPM1M,2.18585144225306
ZNF26,-1.2933952876233545
PPP1R35,0.2430746612033052
PPP1R37,0.4857562579674799
SH3BP5L,2.1441259532107293
RCCD1,1.9917375287938945
BOD1L2,-0.8404077693734372
CCDC60,-0.5718530492498116
SHROOM1,-0.7872950097541119
FXYD4,1.18508125813938
ANO2,-1.5128543839480866
TSPAN18,-1.1313093530584641
TMC4,0.575269354038198
PRR15L,-0.0009095982975224228
MIDN,-0.6079009575505525
CCDC74A,-0.37340963610419337
SNCAIP,0.6068492917458312
PIPSL,0.7430565393820364
MYO18B,1.2722782400492212
BECN2,0.6820595212535167
KPNA7,-0.816836730007508
ENOX2,-0.289320287423353
STKLD1,-0.29952876124693556
IFITM10,-0.3321036533496302
BEST3,-0.6846334170746002
MCTP2,0.47915156349254
TOMM20L,-0.6514021133385991
MPV17L,0.9629826547206303
CPA6,1.41567118929565
TMEM267,-1.0003447335156617
TMEM247,-0.823062440501371
NUPR2,2.431168281603452
ZNF432,-1.8291987024236667
S100PBP,0.7779754478901628
ARL14EP,7.445268445721013
ZFP30,-0.6224015582455179
ZNF195,-2.105507660887134
ZNF14,-0.14172055831615224
ZNF700,0.36009630400961257
ZNF23,-0.5201337574777454
ZNF443,1.257750083785717
FHIP1B,-0.5805886009888581
FAM78B,1.9100778326822285
ZBTB34,3.7861836844920504
RELL1,1.024533142066062
RBMY1A1,-1.0347628549883763
ARL17A,1.5837701555820152
C1orf210,-0.781653009409526
TMEM198,-0.2832888018778536
MICU3,1.2675169888755946
MRGPRX4,-0.8565559692889413
DBNDD1,-0.5406564056732571
GJA10,-0.8218998666446712
ATP5MF-PTCD1,0.897908287316567
ZNF629,0.9029910769916433
NRSN1,0.09242136875371727
IQCA1,1.0449605945405778
KRTAP19-6,-0.83838234376611
STIMATE,-0.5600495680547548
CHST5,-0.6752095027283934
FOXR1,0.0031458089822647152
CLEC12B,-0.9498725739102802
IFT81,-0.22892999933696515
SMIM14,-0.28152598211721036
SERTM1,-0.1819851801914665
SCARF1,0.28217884363795387
THSD7B,3.142650233455927
MB21D2,-0.26022099807445287
AIG1,8.294747288276655
ATRNL1,0.3697885207687588
TMEM218,0.38131043190871694
PKD2L2,0.46712405478120206
CFAP45,-1.0818727447628744
CATSPER3,1.0531177978242106
CATSPER4,0.8429705828634819
TCEAL5,-0.2614862403166372
NHERF4,0.4685773564181096
PLGLB2,-0.6130043102793026
NAALADL1,-0.6330421137464943
CPXCR1,-1.1222097845691972
MRO,-0.29866307334398856
HHLA2,-0.38737919004255633
ZNF365,-0.44772565203415815
KIF12,-0.5416958350181902
LINS1,0.04654469659953625
ZNF502,-0.10491506928553167
MAGEA9B,-0.6841418352831992
RBP5,-0.42432159527768654
THAP10,0.976203320306565
CCDC198,-0.9017343975154775
FAM107B,0.2011986305234652
ZNF300,-0.7814367553466156
ZNF442,0.7646397459259286
ZNF155,1.3761769168255058
HPSE2,0.10418950365815371
MSMB,-1.204960749337739
IRX1,-1.2990372117199505
UFSP1,-0.3092217320105794
HOXA6,0.15213369579106928
CCDC117,-0.23449530563769652
PDIK1L,-0.6074762618443748
ITGB1BP2,-0.9708637680457199
HSPA12B,0.049850205271786935
MOV10L1,1.1356190986697179
MAEL,1.38724860130164
ASZ1,1.4885007692856218
HSP90AB4P,-0.6252475672324543
HSP90AA5P,-0.6214910512813978
RPS6KL1,4.141313788189139
MARCHF9,-0.10634079214291652
TRIM17,-1.4349822597339752
DNAJC5B,-0.48764351301961645
DNAJC5G,-0.5922090433981588
CAMKMT,0.853121993473984
TTC16,-0.7206240481199203
RPS10-NUDT3,-1.5513108035580334
KLHL38,0.2806121280220651
DTX4,-0.08851583021122389
AHSA2P,-0.17373437819773097
MTRNR2L1,-0.5268817727880138
TRIM73,0.11113311729236858
KLHL34,-0.7868720065531073
TRIM7,-1.0921766009101268
SLC66A1,0.07808523207486134
DNAJC14,-0.3990240635305865
PRKY,1.0133758348911255
C8orf34,-0.6481445754893276
GAS2L2,1.5710917584335258
C18orf63,-0.2150879208616696
OGFRL1,0.9374043458015527
HMGXB3,0.5348225034708212
AVIL,-0.23780079081013364
ZNF101,-1.1830662272326626
MLIP,-0.38857995391105304
IFFO1,0.131870581119682
SYNE3,-0.7428027230625167
IZUMO2,-0.4087094971789012
PERM1,0.009985557238215302
LVRN,-0.6841081403426084
SPANXD,-0.4130517988955436
ADGRG7,-0.4623160250179982
ZNF345,-1.4257294807174852
DBNDD2,-0.5647287953697309
MYMK,-0.6442143108465564
ZNF649,-1.4793324935375438
NYAP1,-0.44780438762028524
C20orf141,-0.4942062830993621
ZNF3,0.5007510628306111
C4orf3,1.0359806246604502
ZNF239,-0.8540215239342774
C1orf52,-0.7423620526529819
RHPN1,-1.109636762483864
ERICH3,-0.474546928400146
BAIAP2L2,-0.8450597886855793
CCDC181,-0.6621591878309873
M1AP,1.195546777963105
SARM1,0.12476506618481009
RPLP0P6,-0.5966229866165179
DRC1,-0.8240469632020695
ASB10,-0.4251178492299173
TMSB4Y,-0.3890738861215727
PLCXD1,0.13152755886752657
RPS10P5,-0.5783319431264158
MTCL2,-0.7902470809410724
BLOC1S5,-0.7418251945920503
TSNAXIP1,6.682234799863448
NUDT22,-0.7353176653191676
SMIM26,-0.9730009422463849
RNF215,2.9391873155960977
UPK2,-1.3958747081504905
CPED1,-0.7534621766119959
GRHL1,0.006508443830709502
TCL1B,0.9017670048913174
WDR90,-0.5478005916039012
SLC9A4,-0.7663203893002223
SLC9C2,-0.20109461929218703
TBC1D12,0.583602564386224
ZNF75D,1.1144098441339807
CPNE4,2.634612242150271
SEMA4B,2.040158411168206
SEMA5B,0.7508822680500401
C1orf122,1.5764818375229153
TCAF2,-0.631501968020105
SOWAHB,-0.4237650765415026
BRD3OS,-0.1455654771547918
TMEM79,-1.034623682771415
PRRG1,2.559592073118287
KLK15,-0.9615596574027176
ODAD1,-0.16844336999725118
ANKRD61,-0.5246599981866075
TDRD5,1.2647775258544167
SVBP,-0.634802909714332
PRDM13,0.763717753997327
CAPSL,-0.7707085386635247
SMYD4,1.0753073097223722
TSPYL5,-0.5378111362937396
AGBL4,0.946516420119204
MTCL1,0.9893295312490612
TUBB8B,-0.9755243017955101
FAM186B,2.6804836880340583
NBPF15,1.1564770054876805
CFAP47,-1.03241820249749
CCDC136,0.1446148927336842
POTEJ,-0.5832668682072856
ZNF211,-1.3860294704754965
ZC2HC1B,-0.7211792017942478
COMMD6,1.5990457972274406
FRMD5,-0.16524505830103797
MEIKIN,1.4290782797740818
PRELID2,0.23320456802934195
FAM72D,-0.6713659501494905
EFCAB11,4.49663867596832
GPR19,0.24258341288277308
C18orf54,0.6106165765858764
CCDC18,-0.6716567560559397
CCDC150,-0.4311386138520717
RPL39P5,0.9792978041295978
ZNF343,-1.0036737577800505
FILIP1,0.09131549060646735
TRARG1,-1.3698730832719639
CPSF4L,-0.13065912949457734
CCDC170,-0.8328925117925947
HEXIM2,0.6796884542931738
SNAPC2,-1.450639502759448
PRR7,-0.680614703968461
FEZF1,-0.3608556513153319
RNF220,0.5115235936844088
FBRSL1,1.2655775900647106
DEPP1,-1.031549559073797
CEMP1,-0.7929428547583782
SPAG6,-0.40512103361715773
SMIM1,0.343365677590832
MFSD9,-0.8850837577323749
SYT15,-0.05050093860777988
SMAGP,1.0707941498718876
CCDC185,0.9320324680871236
LIPN,-1.0772016744963113
DNAL1,-0.6043821359834634
LCE5A,-1.761583139806262
KPLCE,-1.7214586505212162
GSDMA,-1.413299172126905
MGARP,1.1872482315673176
PARP16,-0.7758120421717197
RGS18,0.6785236545145555
HDX,-0.7533650400063995
FAM114A1,-1.3177946145937052
NXN,-0.4181808661114118
ENKUR,-1.062497625989161
DNAH9,-0.05529783563398069
DNAH12,-0.6026903590430146
DNAH1,-1.0761695021234197
DNAH5,-1.1114178818912408
DNAH8,-0.5338631969503974
MAFIP,-0.43591293761715016
FICD,-0.18948897485343
RNF166,0.989765572344988
PNMA8A,1.9245859163041428
MAMDC2,0.7796572001284616
PHACTR3,2.503757142209308
ZNF446,-0.5990486982103376
PROCA1,0.24638802278995278
WDR31,1.473475542453775
PKIA,0.11360161885049094
TMEFF2,0.13173560602708528
LRRC56,-0.1445182158415827
SPATA12,1.0715445220049133
ZNF597,-1.0844582931504931
KRT222,-0.9121929632945965
MIEF2,0.31004466469253994
OCM,-0.6537652630611486
SERP2,0.2380151093166207
NRBP2,-0.7565581354463851
MPZL3,-0.28026884483989817
FAM234A,1.3468733217634277
ARHGAP40,-0.6323455804182904
CCDC141,1.5319305547939168
MRGPRD,0.21104894368547153
TP53TG5,1.4070039087121846
KRTAP13-2,-0.8914829409758903
GGN,-0.13374189813803888
MFSD2B,-0.8746809798557056
AGAP6,0.08679272915901358
C2orf80,0.944023284306926
FNDC10,0.9315667424083296
DCDC2C,3.2650254205547706
AGAP9,-0.011387090889985078
AGAP5,0.9397885672951025
AGAP4,0.5319386428561604
RNLS,-1.291785363801824
DRC3,0.4709322005813925
LRRC27,1.107969338754762
ZDBF2,2.6479904092129445
ZG16B,-0.8621375772557921
AHRR,-0.5979505341883328
PRAMEF10,-1.090361079427048
RIPOR3,-0.20862121193084748
ZNF428,-0.499141507498942
LOC102724428,-0.7277257049963524
PRR27,-0.26267808827506817
FAM120AOS,-0.5899166408084362
TBC1D21,0.18075582194737036
ANKS6,-0.19313595352890364
EFCAB7,0.6678190821545966
LRRC38,0.20100830833375166
LRRC52,1.0378808889571027
KCNRG,0.11458520446298465
LGI4,0.10122710163607908
ZNF721,-0.9791948963692869
ZNF611,-1.0770002818740017
GAL3ST3,-0.5096961546821852
PPP1R14D,-0.8047567988995347
MUC3A,0.21246766358172872
ADGRF1,-0.07705782496848239
TEDDM1,-0.5070084484147651
NUDT10,1.0023762879953673
CLMP,2.97029388533969
RAB3IL1,-0.19674675926134785
IFFO2,1.1591276859679291
CT45A2,1.251403384950707
MIIP,-1.0407131739973097
VAX1,-0.053457288642854504
ZNF572,-1.159340959047194
CARD16,-0.57138312515439
MYCBPAP,-0.41343609889449995
IGSF5,0.690569426352135
RSPH1,-1.140223021455251
SLC2A7,-1.1147849709576307
NKAIN2,1.507836978803289
VN1R1,-2.648997214586563
MCMDC2,1.0368062464348597
USP17L1,-0.6382537544968133
KRTAP9-9,-2.133439095687941
KRTAP9-7,-1.6597698336837552
KRTAP9-1,-1.9258605681963263
USP17L5,-0.3698117293299889
TDRD15,1.538542143381945
CFAP418,0.4797604831416966
NPM2,-0.6808819080412676
KRTAP3-3,-1.7704124266257937
KRTAP9-3,-2.5155861324271567
ASPRV1,-1.6196902177123
C1GALT1C1L,-0.7487524880872531
MUC21,-1.2255111011971915
MUC19,-0.807918871951443
MUC3B,-0.8059058667459437
GALNTL6,0.5812446336072126
LURAP1,-0.08930757794785094
BLOC1S6,-0.8391921300442654
DCAF8L2,-0.6797808444749881
MUC22,-1.3291958788732685
CST11,-1.1420220700491874
GSX1,0.7588268141377537
RIC8B,-0.9095979688665626
EPYC,-0.37954955738446483
CPXM2,-0.7020410682405706
TRIL,0.9279883982562739
OCEL1,0.27489212376511885
ORAI3,0.34645559963113526
GFRAL,-0.5369837730315647
TEX13D,-0.8976001324559721
TEKTL1,-0.9057891614069453
CCDC159,-0.20871588396887397
AP5S1,-0.9381662896912109
SYTL2,-0.5224848068141174
STARD9,-0.6939675193413154
BPIFB4,-0.5483943926931549
TOP6BL,-0.028030448527488698
CLHC1,2.1034648547063113
CFAP299,-0.4136853532040613
MFSD13A,-0.9753003840759279
MDFIC,-0.4666356959481404
CFAP52,-1.0657712309930438
ZYG11A,-1.0099560068602964
SAXO5,0.9154900597787543
RABL2A,1.8115061230678278
PNMA6A,-0.6191719629864301
SPANXA2,-0.31562553042745467
CT55,0.5308766292684619
SHLD3,-0.6609201595966739
ECRG4,1.5770940978828536
AKAP14,-0.7175127109305376
TMEM145,-0.6163583924763645
SHISAL1,2.277574858018949
ZNF20,0.6068357406467036
CLEC4F,-0.35138599438344537
ZNF561,-0.5270148746773782
RNFT2,3.100067861483986
SLC29A4,-0.4647726920287198
TMEM169,-0.1611951153640262
DNASE1L2,-1.0328628160911415
VWC2L,0.11858297035526404
KLHDC8A,1.8336312608990848
USP29,-0.0007149059410323945
MAGEC3,-1.0555839665291242
PKHD1L1,0.8883566278225951
RNF207,1.0089348685944606
DNAAF4,-0.578354685404412
LDLRAD1,2.398368033009076
TPPP2,-0.6560126651038504
KRTAP5-1,-1.5619412924948015
KRTAP17-1,-1.8537197462306425
ZNF33A,-1.4159454519021712
ZNF135,-1.0038402062942136
PTGFRN,-0.6713976717138544
KRTAP13-3,-0.8925863518055213
PBX4,6.8394218580872055
GPR139,-0.494024229784813
CIMAP3,-1.2387726493953983
SYT8,-0.061197202198780117
EFCAB13,-1.4103284781046228
RSPH9,-0.8488482088913188
PKDCC,-0.7571586228789982
SSX4,-1.186944061535198
SSX1,-1.2456788610367764
PAGE5,-1.316124752338082
STOX2,-0.24964988140152214
SSX5,0.7258739343266858
FMR1NB,-1.3072267059159262
GPRASP3,-0.5306649613082102
FREY1,1.29603430979574
TGIF2LY,-0.22617448315380795
SSX3,1.3456675789866408
GAGE10,-1.081329893679528
SPACA5,-0.5898907381428109
SPANXA1,-0.8282447586249481
MEIOC,0.6653328193322628
ZNF248,-0.8293392443430071
ASAH2B,2.0516487883419114
KRTAP10-9,-2.1245296281062704
PCP2,1.2430226550380066
TMEM170B,0.011416962601082213
ARMC3,-0.4135329373306214
ZFP82,-1.366598626563854
PCDHGA1,-0.9336932197129787
PCDHGA10,-0.9946235636373053
PCDHGA11,-1.1002250305203285
PCDHGA6,-1.1135247798596617
PCDHGB7,-0.9675074330159574
TOPAZ1,1.142198088801008
OTUD1,1.0311266871915619
PARP11,-0.8186617018393141
KRTAP21-2,-2.000970728171079
KRTAP7-1,-2.210791532962834
FOXD4L5,0.719647257855804
CELF5,1.8163399230532382
SLC7A13,-0.8503586764375647
SLC35G3,-1.2658920805428848
SLC35G5,-0.4308778179727708
SLC35E2B,-0.6796779353243706
SLC38A11,0.32318458625343194
CARD17P,-0.8140877664860786
NLRP14,-0.7911749857917707
DNAJC28,-0.508784950034159
NLRP8,-1.0400095812899068
NLRP11,-1.0928807101766693
TSHZ2,-0.3039091559324976
PYDC2,-0.7576808705955325
ERVK-19,-0.14874900763824161
DPF3,0.3208982619096439
SP140L,2.4032648414358677
TTLL4,-0.9779440542806482
FDCSP,1.7103103247874953
UBTFL1,2.5592983030072727
TCHHL1,-0.3913762016548237
SMIM32,1.2254636719742356
TMEM244,0.30198053448208156
LYZL4,0.6004488085271582
CT83,-0.3509682599978152
KIR2DS4,-1.2729876648433747
TCTE1,-0.21744202448163807
TRBV6-5,-0.798738214817157
TRAV21,-0.8151583666129241
ERVW-1,-1.4805288264316698
TAAR6,-1.9425678566714009
GPR157,0.47795909260096886
GSDMC,1.487535830050835
ADGRE3,1.0404076311111403
C2orf88,-0.7364191364234927
AKAP7,1.4550099844743825
CFAP70,-0.15680747397192538
ZNF749,1.217840259055433
ZNF559-ZNF177,-0.5008863465164096
CCDC32,-0.5387264026690455
ZNF35,2.2511075867026222
CCDC187,1.4705206826721267
GAL3ST4,-0.7648919655490409
LEUTX,-0.1711372076658963
LMNTD2,-1.263738540521536
ZNF575,-1.2076065051918867
NUDT18,0.4244229956669412
MYPOP,0.33044064042153015
DMRT3,1.9645595577446067
BICC1,0.9556479669299554
SP9,-0.6873993178621411
PRDM11,0.7058434132664028
SFMBT2,-0.5777908420178569
GARNL3,0.21155187878153908
SLC16A6,-1.0778591672331177
CFAP44,-0.5427598786110394
CYB5D1,-0.6201719732986516
GPR21,-0.9036480560201862
LELP1,-1.1542535221591812
SIGLEC14,-1.4492977297381806
KRTAP6-3,-1.538759695368084
SLX9,-0.6408921007982662
GPR135,11.949055074899777
SLC45A4,-0.44781231849458847
TAFA4,0.9939512121435166
KRT27,-1.5058559710975299
ACTL9,-0.025981476647408484
TMTC1,-0.5074002096618071
ZNF665,-1.6185766328752391
PRAMEF9,-1.1124707935154905
PUS10,2.6502981262488556
NSUN7,0.6801585071300165
PRSS37,-0.5140873908097665
OARD1,-0.8317800561084989
ANO9,-1.1398107996633113
DCBLD1,3.1785206906747616
TMEM150A,-0.7777244691743672
DNAI7,1.0511427736716739
POMZP3,-0.6178869154544591
CCDC148,0.3511341067961763
LMNTD1,3.230780729392311
SPATA4,-0.7732708807635155
RTKN2,0.6380275814748705
CT45A3,-0.07785425981537797
FAM83A,0.39028057235296487
ERI2,-0.3803376450628963
RTL10,-0.40026165714380335
CNRIP1,-0.6753222635435027
CLC,-0.9356599169916932
GAL3ST1,-0.7316274227776989
SPATA18,0.0911749035123409
RGS21,0.5767790050977168
AMER3,-0.2844046739948704
KRTAP10-10,-1.8361904389407613
C2orf68,1.6191964940500732
KRTAP4-5,-1.8947887967225145
ZNF124,1.1015543973208766
ZNF587,-0.40767263285480304
KLLN,-0.2854705072027374
DISP2,0.6753383752354968
ITPRIPL2,-0.42193558936582015
RUNDC1,-0.3118637475558892
OOEP,0.6458206830497953
C10orf67,-0.6482450901223777
PLEKHH2,-0.7268418669375506
ZAR1L,-0.6320225085730594
RIPOR1,1.70497178654745
PRRG2,6.298789334948847
MRGPRX2,-1.6873003243365023
STXBP6,1.8198029786547727
GJD4,-1.0152851301516241
EXOC3L4,1.5541785419249738
PRH1,-1.3695872105988567
SMR3A,-1.5054941360357303
C16orf89,-0.6764943003642224
PRR20C,-0.061850402347563435
HIGD2B,-0.40336745650353945
LENEP,0.12732319431043154
ZC3H10,1.3907892390205208
FAM53A,-0.29882095194444647
CCDC126,0.8796926970541507
LRRC73,0.8142446833579963
ZNF287,-0.9534613994435853
SOHLH2,0.37146844747905405
MARCHF4,0.6534000081577921
PIP5KL1,0.6001704423512222
PLEKHA8,-0.5643654711230645
ZNF653,0.8230283106136684
SERF1A,0.2673451003463492
BRICD5,-0.8280459941195596
ZNF682,-1.1320420217011555
PPP4R4,-0.17111528135376483
CNST,-0.6810569463615709
PLEKHF1,0.018326003084672436
IQCE,-0.44817209592441054
ZFTA,-0.4400516600946634
FAM186A,-0.3869467852897236
ARL11,-0.5864096569138997
TEX13B,-0.39641200654865777
ZNF823,5.516817190770755
CARMIL3,1.0257888115487257
TSPAN9,-0.8900708566374101
LRRC37B,1.231348339402293
MAS1L,0.10731694175026579
CRLF1,0.8795064694407145
SIGLEC11,-1.1090717291853265
SIGLEC5,-1.6119168658196235
CNPY4,-0.4577057245708473
ZNF462,0.8983272842562411
ZNF605,-1.9996453038669093
SMCO3,-0.791804988677648
ZBTB25,0.07808767015593636
C1orf105,1.4751812550956647
ZNF138,-1.322513113291594
NHSL2,1.4338030062026457
DMRTC2,-0.8415450734466833
DND1,1.6318594413786618
CSRNP1,-1.3450642197394471
MIPOL1,1.576514403861384
NYNRIN,-0.3360481572638737
ANKRD9,0.8491860267257839
KLHDC8B,-0.8793342793961907
C1QTNF8,3.0128452122388496
LINC02875,-0.42967258388493074
CPLANE2,-0.48344179301721835
TANGO6,1.047562546218219
KRTAP12-3,0.9814351739606815
LILRA3,-0.6835552069752933
TEX19,-0.6486479645346533
LMLN,-0.888391470002878
CDR1,2.588797873255255
AFAP1L1,0.8266875611641263
FAM153A,-0.13191368885765398
PEAK3,-0.2603088968927834
CSMD2,0.10895221268479331
ZNF557,0.3723595845993366
SAXO1,-0.41960478572733406
ARHGAP33,1.3088061569013207
ASCL4,-0.07638706780275825
OFCC1,1.5032092781968645
PRRC2B,1.0286508577624376
LRRC74B,-0.2872580821953506
LINC02915,-0.5480480617929611
APOBEC3D,-1.1563754206613128
ZNF469,-0.21610372064082276
NAA80,-0.611172165385842
C5orf46,-0.93445813045425
C10orf55,1.7905952359778807
ZNF837,-0.28862870655914374
RBMY1J,-0.14739589295501968
TYMSOS,-0.8304937839008923
SLC18B1,-0.5075375037632356
SLC6A16,0.749465707178125
SYT10,1.6548801206325057
NTMT2,-0.32939197924407476
CSKMT,-1.051437914330008
ZNF394,-0.917811172866535
CYP4Z2P,0.8414676243943685
IQCD,-1.082392385114323
SPEF1,-1.563676547876819
FMC1-LUC7L2,1.7219272713468445
SHROOM4,-0.6782094823470848
PLEKHG5,-0.8465383024857802
SLC23A3,-0.40115148474429946
RGL1,-0.06805609474417834
CA13,2.814105630521413
DISP3,-0.29258130558971285
SPACA9,1.373328367329871
BEST4,-0.7669455188227567
CRACR2B,-0.11162793585512218
KRTAP5-7,-0.4855925078697548
LYSMD2,0.15752461059779235
KIAA1958,0.1272483166192879
TRIM45,-1.3340854224432912
CLN8,-0.0875592065401435
SNHG28,-0.4164941910794866
GJD3,-0.7235193323075794
KIAA1755,0.024145357095417853
KIR2DL2,-1.3486191121210798
NACA4P,-0.7271672514674232
NUTM2A,-0.5251197058736939
CCDC183,1.699593475191225
USP17L3,-0.7295601163678372
FHDC1,-0.5908223159477962
MAGEB6,-0.9421019016791199
GARS1-DT,-0.5152112460848832
SLCO6A1,-1.362593871358586
SCGB2A1,-0.6662738990899828
OVCA2,1.4922248351764202
ATXN7L2,2.049521275849176
PSG8,-1.2056096053059127
FIBIN,2.8767002562391015
LYZL2,-0.3800560358403176
ACP4,-0.9136606262630275
PRR32,-0.4623774030349929
ZNF85,-1.6607399014372266
TBX15,-0.5137999263954499
KRTAP19-1,-0.26686615123779484
KRTAP15-1,-1.0509161182427835
MAGEA9,-1.1746209143000164
DNAAF1,0.18658250139371196
GOLGA7B,0.5881627230107216
FAM220A,-0.815354169165819
ATP5F1EP2,-0.6488364474177847
SPANXN5,-0.8696982578416953
CEL,-1.0062399016210706
KDM4D,2.2243545375699862
MROH2B,0.42743731762623505
MAGEB10,-1.1159644951003627
LGALSL,1.0467081920569976
WFDC6,-1.2002097846288056
SPRYD3,-0.9403462450139797
SPSB2,-0.2351998859773057
ZNF385B,-0.30703883246590224
ENOX1,-0.5552133533889758
ZIM3,-0.6201298988870567
C10orf53,-0.434010570781259
CIMAP1D,0.4461372935522672
TMCO4,-0.6016030160894204
CFAP20DC,-0.20938185458974543
ZDHHC23,-0.25217098887382655
VN1R5,-1.0221424349547168
PPP1R14C,-0.24449596683846325
PSAPL1,-1.0758611236541518
ZNF70,-0.8089252207691383
KRTAP5-3,-2.199613707021206
KRTAP5-2,-1.0141770501022809
CRAMP1,0.4358129956859368
KIRREL2,0.04143858651844726
NBPF1,0.3953034730819194
FRMD3,-0.7448863648965067
ZNF524,1.1152946305946971
LINGO4,2.2532468002646393
TSPAN32,-1.165265715278177
SLFN14,-0.9170120028995996
C4orf19,-0.30457495786233507
MAGEB17,-0.4808164633729021
SLC66A3,-0.7029814729872456
LHFPL3,-0.7635780324965054
OSCP1,-0.4590913421206548
HSFX2,-0.6784390501881461
VCX3A,0.5885845627900763
HSFX1,0.13336492207474532
VCX3B,0.41800046678269615
VCX2,1.6914910316652172
XG,-0.25236460893896523
RNASEK-C17orf49,0.98172716821195
ZNF43,-1.2475349461555856
ZNF566,-1.3796366871069912
SKIDA1,-0.6049115385363615
ZNF678,-0.9015777790215155
CERS1,0.16547460080052317
RNASE4,-0.6991036235896941
TAAR8,-1.4328357376471645
TAAR9,-2.8561036628046867
GPR148,-0.33316980953120656
GPR142,-0.004555732229822147
ADGRF3,-0.7941133458339728
CALHM3,-0.3298226098308032
ZNF396,-0.8181733502333145
CCDC71L,1.2649305247175604
AGBL3,-0.7201507184729325
C1orf127,-1.1110882511146556
KRT25,-2.487695024905808
WDR93,-0.29779362833272394
GALNTL5,-0.6780210033531372
TMPRSS7,0.2261991078627071
CFAP157,-0.711392861486496
ZNF582,-1.0304197957482217
SPHKAP,-0.40806761578065265
RBMXL3,-0.5201276127183249
DCAF12L2,-0.15859723267114864
DCAF12L1,-0.6767262654086851
DCAF8L1,-0.6838707658608985
RGSL1,0.3465483790569059
C4orf54,-0.46527862372946127
ZNF525,-0.7787253149205395
ZNF407,0.20963186379539286
CDY2A,-0.69486194568797
NRK,-0.8702470370398895
GPR149,-0.2082080838829287
ZCCHC18,-0.4236448592077736
RASA4B,0.28060047614063904
KRTAP16-1,-1.9061233190752318
SWT1,3.0029408192575167
STPG4,-0.3618231815799888
ZFYVE28,-0.42327251245425546
ATXN7L3B,-0.40050161450528315
USP31,0.7826054038812341
CMTM8,-0.7968174368361179
RBM41,-0.8403852647616817
MMP28,0.13161092374217298
SERTAD4,0.3306370648078628
GSTT1,-0.4121449851813372
RPS26P11,-0.12481017973485634
ADAM5,-0.41698021344309466
C11orf16,1.5522323705006422
DNAAF8,-0.579455571100439
IL17REL,-0.19252770505067526
ISLR2,-0.31833643769009157
PRRT4,-1.4463826586127555
LEKR1,0.0061218870932096495
URGCP,-0.6225220348985644
EML5,-0.7589809007995876
ARHGEF40,0.2834304034503903
SNX31,1.0205883908881312
TMEM88,1.1564071554206263
KRT28,-2.3582152948758965
KRT74,-2.3457883891764997
ZAR1,0.7596589913529753
OOSP2,1.3317473347913134
DPPA5,-1.5429426993055404
DAZ1,-0.2609903824018967
DAZ2,0.10136598913584816
IZUMO3,0.8693983388470204
PLAC1,-0.5573738609157303
SEMA6C,1.5838013704207898
ZPLD1,-0.8803501472217345
MRGPRX3,-1.8993392209967206
ANKRD34A,-0.9545431915094341
RHBDL3,-0.5619343962543429
FAM110B,-0.7737388903718534
GPA33,-1.060150404453125
ZNF778,-0.964611450199603
FSCN3,0.6483143690515962
C15orf61,-0.6265439396284908
ZSWIM1,2.014875982972724
EVA1A,1.0656553547856087
ANKRD29,-0.7983726907294857
CIB4,-0.5329806105013867
KRTAP8-1,-2.424665852971689
DENND6B,-0.7116279791341193
ST13P4,0.28753796632973194
CDR2L,-0.5517253137836522
C7orf57,-0.5426640881739464
PIWIL3,1.3915702937698797
ZNF471,-1.6449643430607168
BFSP1,0.8625559228944035
FRG2,-0.9735381541932958
UQCRFS1P1,-0.37017835617703065
C10orf95,0.05606468733607654
C11orf21,1.1382329140351244
CCL14,-2.352523952144486
PRM3,-0.00048497560288007373
SPIN3,-0.7544259242253908
C16orf95,-0.6444758764588705
ZNF260,-0.6037005725753426
EBF4,3.1352715872942496
SPINK14,-0.8525651300105737
TTLL9,-1.1265004130050453
FAM86B2,-0.999242631931903
TTLL3,-1.1019396402376356
CCDC61,-0.20107928669068592
ARL6,0.4170049801740117
TPGS1,-0.870183039325895
SPMAP2L,1.6190532692713742
KRTAP19-2,-0.7013267813058065
DNAI3,-0.35582865577910877
CXCL17,-1.442383301022867
CRISPLD1,-0.4181330879042676
CDKN2AIPNL,-0.8050424369568997
SEC14L4,-0.4225112823690017
CATSPERB,-0.24250244971140114
SRGAP2C,0.606253128150514
TCIM,-0.7939172179466271
C12orf75,-0.6355152830019019
SLC35F3,2.159166806523703
KIAA0825,4.286716570146049
MRNIP,3.7755966304465742
FAM219A,0.0950797068883851
OSGIN2,-0.11132802280730289
LRRC39,-0.19048768761898918
VMAC,-0.1432795308602636
DRC12,-0.5819973731148717
CSTPP1,-0.8138205222735144
TRIM42,-2.189772878079623
GTSF1,-0.07048699375336082
RBM43,3.6994749604699817
INTS6L,-0.8965011588399885
ZNF205,-1.3277250334654749
RASL10A,-0.5390900759919397
RFX4,-0.340969212554583
PLCXD3,1.1347227347514879
TRABD2A,-0.5677043201780979
RCSD1,-0.31646307404548607
KIAA0513,-0.2681690058961142
OCSTAMP,-0.555028161462601
SHF,-0.09541147395264596
SEMA3D,0.08606359602702518
ADGRD1,0.3593773708360484
CSRNP2,-0.8827793763905879
PPP1R27,0.9378531002363484
TMEM132D,1.2149194615899934
TMEM225,-0.5588856387800316
PPP1R3G,-0.40668032748100547
PPP1R36,-0.057419867604295724
TMEM132C,1.3482083967360639
SAXO4,-0.3646105428272507
CSRNP3,0.9801757452487767
SPOCD1,0.3024298738638962
PPP1R2C,-0.23257768184509595
C16orf96,4.35985013235765
ZSWIM3,-0.2692059652135173
PPP1R2B,-0.36772561589848757
ELFN2,0.3970119628735609
CFAP92,0.47232892147535677
TPTEP2-CSNK1E,-0.2358090778583005
SPZ1,-0.2551587178021339
LMTK3,-0.21102178207694097
C6orf62,2.059175769347018
ZBTB37,7.76926934738699
INAFM2,0.2333751384690007
TEX50,3.4742960319149616
GOLGA6L9,5.5475321237393915
MAGEB16,1.4085133106217114
MAGEB18,-0.8990457263746224
MAGEB3,-0.9658122999563452
TDRP,-0.7871576838290563
KIF27,0.10887622863707809
XAGE1B,-1.2482818632586852
SSX4B,-0.1712976761060884
CSAG2,-0.9013874958766426
TCEAL3,-0.6102784456275286
C4orf51,-0.4362614386107907
ANKRD26P1,-0.8138230957631543
SMIM13,-0.5602235763325762
JAKMIP3,0.9082762471791861
VCY,-1.0320525167589927
RBMY1B,-0.9876198488238636
TSPY2,-1.1458900923639328
DAZ3,0.7594863740343936
TSPY8,-0.811888527960679
RBMY1D,-1.0007228842197065
TSPY4,-0.9849652645753063
TSPY3,-0.7274347606669508
VCY1B,-0.9348343680582758
RBMY1E,-0.9695939198636602
RBMY1F,-1.0252033069853121
PRY2,-1.047284467060437
HSFY2,-0.3632805558229919
MEDAG,0.7382106253227423
MAGEE2,0.18508058494635804
UBE2NL,-0.5351371490195598
GOLGA8S,3.411788708416419
GOLGA6C,2.0990481314583205
GOLGA6B,0.9725901471473152
GOLGA6D,1.7297836945245137
GOLGA8A,-0.09182239387740405
H1-7,-0.6996745065043544
SIAH3,1.5403385214023402
CCDC142,-0.7285920388445246
CCIN,-0.30974245447796694
METTL21C,-0.6607726156225936
ABHD15,0.1356617970531988
ZNF496,-0.3458708653308984
ZSCAN5C,-0.9737265269554385
ZSCAN5B,-1.0561822502168101
ZBTB39,-0.7158500423828873
BSPH1,0.1993101756948236
MMP27,0.8155031169190833
ADGRG2,0.6949829912764903
CCDC169,-0.29028857660168594
TRPM5,0.7458505437424231
KLHDC9,-0.9086549677401456
MILR1,0.7467237721601278
ADAMTSL5,1.0582955850094198
KIR2DS1,-0.9688688950624861
KIR2DS5,-0.9716751601648901
TMEM191B,-0.388660229306004
PI4KAP1,0.3697822869410449
ZNF672,-0.052118688846693725
BPIFC,-1.4028505591937181
TASL,-1.025828679659384
C3orf20,0.40607815119811513
ADAD2,-0.27977657407069084
PIERCE1,0.7335253071371357
CFAP77,0.7478111599734791
CFAP57,-1.0117526766271718
FAM3D,3.487728615157841
FUZ,-1.3306305945103016
NBEAL1,-0.6109361974889618
ZNF618,-0.6620632037088122
DCDC2B,-1.0991472237505397
C22orf15,2.29905160710416
UBAP1L,-0.26388317321577565
GTF2A1L,-0.12027332128165505
ANKHD1-EIF4EBP3,-0.37075743288687535
BRD10,0.7352894190169471
FSIP1,-0.20229226855597274
C2CD2,0.3030035361049683
ZNF697,-1.2018514357141008
UBALD2,-1.004255845246404
ZNF154,-1.5513831165174747
TBC1D19,0.2220860257933003
MEIS3,1.3255388601948785
CGB8,0.1949117607845378
LGALS16,-1.1642733195021726
RGS13,0.1742963045650217
ARMCX4,-0.8715263546060092
FSD1L,0.7920368979841116
ZC3H12B,0.85585951784298
LSM11,-0.06041001326439433
PLAC9,-0.7420933074528689
CD164L2,-0.6154343205378365
SYT16,-0.7582357426270165
PRR18,3.405299384578722
ZNF117,-1.0800861767115468
ZBTB6,0.6857488624053425
ZNF614,-1.0936174004312913
ZNF253,-1.1824824320577296
TRIML1,-0.42945493721527656
OTUD6A,0.27681582791800613
ZNF391,2.4406128807805656
HNRNPCL2,-0.37201318739616185
WFDC11,-1.212655740901032
TEC_100124696,-0.3037405366732607
NKX2-8,-0.8395769419740909
NKX2-4,-1.0126023098600418
DBX2,-0.37221354687475566
BSX,-0.6542335427440116
FERD3L,-0.7047189202409091
IRX6,0.3008270067700346
OLIG3,-0.8008351375461991
HELT,-0.7226300478427468
ZNF100,0.652060731327518
ZNF430,-1.045218501042273
SCRT2,-0.4695055023396268
TSACC,0.4072844069820692
CPLANE1,0.15215287190879515
ZNF418,-0.7094604676449571
CELF6,1.0078839511055093
C1orf226,-0.2521681555523292
ZBTB8B,-0.204297396552364
SPANXN2,1.836891187274563
MBLAC1,0.5972779270976107
CDPF1,1.1484952378571585
CCDC197,-1.0670881215341046
FITM1,-0.36788506595438153
ZNF254,-1.0288095977201754
ZNF568,-1.9479831108230943
SRMS,0.6271740721051778
ANKRD54,1.4348363132252402
DZANK1,-0.21304947403976285
RTP3,-1.087283720800638
CGB2,0.3951672738074334
ZNF90,-1.038007733845309
EPCIP,1.2495278679607555
ABHD12B,-0.7494871448896989
ZNF275,-0.29746534317893325
ADAMTS14,0.0027924082586224695
CRIP3,0.2511627215656267
CHURC1-FNTB,-0.4360110423567035
KRBA1,-0.6459413099106921
PIR-FIGF,-0.40751273024483736
JAKMIP2,1.0477748918399872
FAM217B,0.40629735930144595
TRS-ACT1-1,-0.24610165777891782
DENND2A,0.5035638303479908
RNASE10,1.737327106767346
RIMOC1,-0.4759264678229076
UQCC6,-0.5894235932739554
ANGPTL6,-0.8709323066627042
CAVIN4,0.07352017909681081
H2AC19,-1.6404511071734798
PANX3,-0.5083829601396671
GJE1,-0.7682685155704113
ZNF284,0.586013615422992
WBP2NL,5.775895343475723
LRRC20,-0.46956205638443727
FAM227B,-0.6546245168568741
HEPN1,-0.4394963629685206
ABRA,-1.216771261687917
UNCX,-0.08140557498500575
PPIAL4D,-0.543199366143036
SNRNP48,1.2581502847512787
CLEC18A,-0.7168653629737675
C1orf87,-0.32034076727025546
ZNF213,-0.9761943230879881
ZSCAN29,1.8087252055625087
TMEM196,-0.6735734387196234
ARGFX,-1.4381606726960758
CFAP90,-0.7592553963413937
PHOSPHO2,1.4434459001270268
ISM1,-0.4361016508609641
PEBP4,-0.05824915268919415
ERAS,-0.7877042572422893
RNF175,-0.9568352330401948
SPATA31A3,1.4148193093050412
CCDC196,-0.8910052849652234
ENDOU,-1.3612943398206765
SRARP,-0.5209327814294487
ZNF234,-0.9957039653103804
PABPC1L2A,-0.9898112603781488
TENT5C,-0.622538595388442
NUGGC,-0.1611126046570122
IGKV1D-8,-0.708017664330956
ZNF783,0.4863674464075641
ZNF587B,-0.9099773418527092
ZNF484,-0.5175129329871857
MSANTD1,0.3009161205193703
NBDY,0.2553508518733384
CT45A5,-0.5882200129856235
VCX,-0.23008532618485183
CFAP43,-0.04390486500216096
ZNF519,-0.8402800684841107
PITPNC1,2.570489947356035
LRGUK,-0.32546856574471117
PLEKHM3,-0.7966720124499673
TMEM102,0.5523403315132406
RNF187,0.015318759232629615
TBC1D3F,-0.5712451411977204
VASH2,-0.6342014229538111
JAKMIP1,1.9425640568058695
SCML4,-0.19555423328957663
CCDC69,-0.2799712270579754
NPVF,-0.1818526648238097
INSL6,1.845706183607444
CNBD2,1.4399897598198985
ZFAND4,1.3674812431368226
ZNF804B,3.187315617988035
USP35,-1.1083489775633066
SERPINA9,0.2965175170169446
ANO4,-1.2034695575402496
AADACL2,-1.1082060843683164
SLC35E2A,-0.2262918373505781
GPR15LG,-1.3211337896195074
RAG2,-0.9494073672089857
SSC5D,-0.36555441722194926
SNN,-0.11203728608623895
TMEM236,-0.13770657134658518
ZNF821,0.3014302493628115
ZNF506,-1.6280952211535453
C10orf90,2.423531707507035
THAP8,1.327264947699021
NPIPB13,0.07238082765071902
MAGED4B,0.8133707397420434
ZNF679,-0.22167435020863588
TSPAN10,0.11973286019114526
GUSBP1,-0.31960230328718603
ERICH6B,-0.7077469208465641
ZNF439,-0.16112349361121533
TRGC2,-0.8713521537126441
NSUN5P2,-0.5945185859318839
IQANK1,-1.0518949294919242
SPIN2A,1.2600973965807294
ERICH2,-0.5694502058160236
PCED1B,-0.550048407912643
TMEM138,0.060514332889995935
ZNF776,-1.1222853943185669
H3Y1,-0.693500212033342
ZNF730,-0.37758197667303967
ZNF333,-1.0471434139682614
SMTNL1,-0.7447927039804415
ALPK3,7.786713725854239
GRAMD2A,-0.42454157104510315
KRT39,-0.2539111967154957
TMEM108,1.5236457295112678
EFCAB2,-0.29603806945813316
DCDC1,0.1428248525407518
NPIPB12,-0.06845106234226637
RNASE9,-0.8347783456317094
HAPSTR1,-0.7981375008409083
SPRED3,-0.8672351869411166
CCDC175,8.390022044772072
KIF19,3.5076465460825035
CEP15,2.180242678949108
RAP1BL,-0.4196092192873353
NRIP2,0.09985446240581096
ZNF547,-0.7782691804609974
RAB36,1.543232147081718
CAPS,-0.166776589520467
CEP295NL,-0.6897158191271109
TRIM64,-1.203070094960971
TRIM48,-1.235379716703055
ZNF77,0.30776315205398624
CCDC63,-0.31297987477858746
GDPD4,1.9391641465978253
C2orf78,-0.6384489059472842
KRT26,-2.352946004354666
ZNF708,-1.4710879934194434
CCDC42,1.6406322543166498
GLT1D1,-0.1733784870791733
GSG1,-0.5291254356929149
ZNF684,-1.1867730002777848
REM2,-0.5098750278822977
SYPL2,0.166491637705071
TMEM132E-DT,-0.9294876914796277
SSX7,0.5283380957389442
SPATA16,0.6930411753240404
SPEF2,-0.5836484990664942
TTLL6,-0.8279100856445878
TMIE,-0.2768302277049307
OTOGL,-0.6050273640747795
FIZ1,-0.6410134067995952
TSPY10,-0.7525765042711398
SPIC,-0.3681460252695502
BPIFA3,-0.5920185429929798
DYTN,-0.08205560905423319
LNP1,-0.7369974811829687
ZNF816,-0.8024254643345559
ADIG,1.2084942342865637
RNF24,0.37066682538711193
C14orf93,-0.6391168336190862
FAM98C,-0.5371801174083852
VCF2,-0.627627772056011
ZNF717,1.6379994969965488
TTC32,-0.5253653189256675
LRRC63,-0.17689060527535544
NIBAN3,2.6447531277036544
DPY19L2,-1.1685659462260247
CCDC171,0.9223349020165083
ZNF780A,-1.0156635875759727
HSP90B2P,-0.5135163227329289
TMEM74B,1.5734542624150019
XKR3,-0.8107241558512142
MPIG6B,-0.9357737873614688
FAM156B,0.9134452652250502
FAM156A,0.7705029769288225
SRGAP2B,0.6843507098271082
ZNF664,1.5691020156750841
ZNF165,0.8325250277820383
FAM13C,-0.8671217532214074
CDH26,-1.0038621415840285
CAPN14,-0.8220014042301791
FAM184B,-0.27941270310753763
WDR87,-0.8380389386876037
ABHD17C,-1.00288426945549
TLCD5,-0.5058216654410588
SATL1,-0.6340766058420126
ESYT3,-0.5813110442235838
MS4A15,-0.8643995405405362
AMZ1,-0.43472460977744165
ZNF767P,-0.34435525110229975
MBD3L3,-0.9657791389347535
MBD3L5,-0.551284935244088
KLF18,-0.60891539646798
JADE2,0.0772687678728816
TMEM71,1.092200933583146
DMRTC1B,-0.3558050291299802
ZNF627,1.0016605191653163
FAM83F,-0.726252628803792
INSM2,-0.49647075587378164
ONECUT3,0.6156344717704823
ESX1,-1.078152685437262
NKX2-6,-0.9700775503310527
RAB44,-1.1656189580919596
PRR9,-1.5870200505331227
KRTAP5-4,-2.363017012351789
DUOXA1,-1.0094526315723844
NCF1B,-0.6585651879784721
ZNF710,0.6410557344743164
MYZAP,-0.08303766278293373
DYDC2,0.17945153636187264
LRRC37A,2.77185113107289
ZNF562,-0.47536801118603145
SPDYE9,-0.3935292796290369
ZKSCAN5,-0.9690073198368508
POM121L12,0.37878242453739447
CCDC28A,-0.048795853277376997
LRTM2,2.2132286205855825
RERG,-0.7085367834546877
SFTA2,-1.0755792964714457
C19orf33,-0.7295118579277152
VSIG2,6.666517833777611
ZNF257,-1.5274926355944833
ZNF385C,3.5857993989195203
TUSC1,-0.6142150811550288
TINCR,-0.4538072549314286
PCOTH,-0.4581015121420075
RUSC1-AS1,-0.5410893415062076
FAM218A,-0.45404650942634045
URB1-AS1,-0.5825944519689084
LINC02913,0.7162036513772138
KIRREL3-AS3,-0.4575264069573003
SPATA8,-1.388272458111172
MAP3K7CL,-0.56285279354452
TBCEL,0.31644223372848
DNAAF3,-0.42679624365961716
KRTAP12-1,-2.2016559669480205
FDXACB1,-0.7007771312714176
KIF9,0.5718503631144396
PIH1D2,0.5758219519959529
SRL,0.02456886335866122
TENT5D,-0.7454571357925294
PAIP2B,1.38640547278727
PRR20E,0.7353600587749589
DTD2,1.8224739802631007
CFAP53,2.223255528866134
BEND6,-0.7332516850562772
ZNF589,-0.6742883032930427
TAL2,-0.02679467755174678
ADGRA3,-1.0884241103660337
PRR20B,-0.3198803733455489
PRR20D,-0.19869504085494977
ODAD4,-0.33283595735602944
FAM25C,-0.763969051838205
GOLGA8G,-0.03630107244842422
BRS3,0.3447630539098459
CIMAP1B,-0.8433249054106414
TXNDC8,2.606141238535352
ZNF91,-1.5316175550566542
ZNF264,-0.756650818441214
TMEM52,0.03061488372377784
ZNF577,0.5603457924755673
NATD1,3.1089983692966414
STAC3,6.594629049232366
GPATCH2L,0.3946723200750518
ZNF670,-0.9229809592580718
XKRY,0.3705002519339044
TCEAL7,-0.4719700229460233
ZNF784,-0.24798544298934394
ZNF71,-0.49422841857941185
LRP5L,-0.267200158804536
KRTAP5-8,-2.098919408648404
KRTAP1-5,-2.1469498723098557
PRICKLE2,-0.7945461687229909
CYTL1,-0.37979198616580395
CHADL,7.84101383102258
GRIFIN,1.0980733708360617
ZSWIM6,7.70372209610087
CIMIP2B,0.24256818006843317
ERMARD,-0.3498983979048039
TRNP1,1.0330998213397147
TMEM80,-0.7339736170913002
ZNF586,-0.9853055382718638
ERV3-1,-0.921291560337323
RNF122,1.9535465705403692
PPIAL4C,-0.6558239756856103
TMEM200B,-0.3468388407234436
C1orf167,-0.4953080897344661
CFAP73,1.1518741523611484
LRRIQ4,-0.5462514334246343
FSIP2,-1.023061081574999
C8orf58,-0.5403320684620495
ZSWIM4,2.5490019267643445
KLHDC1,-0.37487409794135584
NPIPB15,0.08572395088727154
PINLYP,-0.16279393915039425
PATE3,-0.10845915377219434
PATE4,-0.23010033730689397
SERPINE3,-0.07865690801349018
FER1L5,-0.35386163821657796
SPATA9,-0.4267966826927853
PCDHGB6,-0.9844622511288438
OLFML2A,-0.8287704392150811
IFTAP,-0.762409519095825
ZSCAN20,-0.9998486414134147
CALHM4,-0.7686651839265282
TMEM178B,-0.32274323742796557
TIGD4,0.03695393988712822
ZNF662,-0.9383716959604191
LYSMD1,1.8798314515846113
ZNF417,-1.3170986842216375
EXOC3-AS1,-0.7436034285699266
CABCOCO1,-0.8914449677420712
KRTAP4-4,-1.85364602925331
KRTAP3-1,-1.8339142870986105
KRTAP6-1,-1.9800530411581199
MIR9-1HG,0.035741601097330995
KDF1,-0.7044624772924639
IER5L,-0.6435846242245293
ZNF114,-1.2202533129102977
WSCD1,-0.22379501144449515
C9orf50,1.2070816039833596
ZNF667,-1.7365811534754683
INSYN1,-0.5712560457643892
ZC3H6,0.8709972964824003
RTL6,-0.508477070746346
ZNF816-ZNF321P,3.632553356891892
PRDM7,-0.4022365834603437
MTURN,0.5106143403507939
SMKR1,-0.513758443196758
H3Y2,0.16184079201469537
ANKS4B,-0.7276771997380005
LINGO2,1.5312420170622585
C10orf120,-0.9223320699853805
SCAND3,-0.39987747144641933
ACP7,-0.4128458222270467
NOTO,-1.0148991721775078
FRMPD2,-0.3094720541679155
SPATA19,-0.8235678903962933
SORCS1,0.8213801310103162
MROH7,-0.5765894867296046
GPR75,0.324113721335728
ZBED10P,0.04809154371716741
POTEG,-0.5606940217059803
C5orf47,-0.8813857672423707
THSD1,-0.46956319227177795
PRR35,0.12005972755469554
MTCP1,1.2793936718031393
PDPK2P,0.26742805595268165
TMEM250,0.0019391719418098887
PDZD2,-0.00143887594155518
GGACT,0.9142303411295515
C11orf87,0.6822433014661632
TMEM44,-0.524305084806333
ZNF628,2.7592982305598173
CCDC30,0.2789945126752193
NAT16,-0.37011149453699654
MROH5,0.5505436900623981
ANKRD16,-0.38124797597469484
IZUMO4,1.0426350278515462
KBTBD12,-0.8810680505012514
IQCC,-0.38658598732902894
SPAG11A,-1.3035623627010484
ZNF766,-1.7542182674715308
NPIPB3,-0.08147535744708773
MYMX,-0.4731064599887416
KHDC1L,-1.188513630288673
FAM204A,-0.39629539466297947
ATF7IP2,3.0100914193825363
TNFAIP8L1,2.612639418877446
GPRIN3,-0.37997214488483416
EPB41L4A,1.9608902714869316
CFAP68,-0.6384175728963103
LGALS12,2.2968678970394647
NKAIN4,-0.6055089332738469
GLIPR1L1,1.3089301860563405
CDRT15,-0.5662052958208235
ZNF37A,-1.1122722235295057
EFCAB12,0.4283650823002866
RHBDL2,-0.9370448913539096
CEBPZOS,-0.7439368016656888
VWA3A,1.701865410111774
BBOF1,-0.5139830711320676
SOWAHC,0.2417420830122295
SMIM31,-0.34744594157431546
CNBD1,-0.3022149622695557
KDM4E,1.7805293919456673
ZNF775,0.6459131527482745
ZNF223,-0.4759947379421512
ZNF518B,-0.4236945649313562
ARID3C,-0.1609163398717017
ZBTB45,0.7898506349384408
PRAMEF1,-1.4037580720013982
ZNF490,-0.0067830152946439385
ARHGEF38,-0.6198087442707964
CPO,-0.42603589192655045
KIAA2012,1.3603232808083163
FAM76A,-0.4971648805968013
TMEM232,-0.2998171528492132
TERB1,-0.5039969895099576
VCF1,-0.6040662850411634
CFAP206,-0.7352855686543981
ZNF93,-1.6855585609690555
LRRC70,0.41373977972603304
LRRN1,1.5583154365268759
LINGO3,2.070334101405995
GPR82,-0.24737281005991107
GPR146,-0.11587688413934134
GPR33,-0.6436084652325659
MRGPRE,-0.6790502725941701
GPR26,-0.16381995708997132
RGL4,-0.5533473297201482
SHISA2,2.51835624656504
LIX1,0.8413180608042785
GCM2,0.37687518880739157
PTCHD4,0.4206448211886889
C3orf49,8.551193919037205
GARIN5A,0.8092834248983134
TMEM220,-0.7945399641733759
KIR2DL5A,-0.5247345474141306
EML6,-0.2636402144756026
PCDHGA4,-0.8055409537094977
PXDC1,1.650299096399377
KCTD4,0.5423778825784236
C10orf62,-1.074067793848601
ZNF606,-0.1653319952348595
ZNF180,-1.1462943831254384
EBLN1,-0.38560124956657565
ZNF613,3.727065605057911
ZNF449,-0.5710687247097301
TMEM37,-0.532287301802123
TMEM268,1.2133560920869992
ENHO,1.417695827447336
LURAP1L,0.6538740448071486
DENND5B,0.2006377365621116
SMCO1,2.17134770115168
ZNF479,2.729462749229992
ZNF441,1.51557924316243
AARD,-0.7872445971923864
ZNF440,0.044389459285356654
SDK1,1.6697372965402186
CFAP251,-0.679664581440843
TMEM89,-0.4334670279927762
ZNF772,-0.5628700125453469
MUCL3,-0.5419775730719699
USP17L25,-0.32429230366097256
USP41P,-0.2139824168998482
VHLL,-0.3043766546132001
SPAG16,2.3349725145435216
ZNF18,1.0148050774416013
RBM46,-0.29017817102203963
TEX29,-0.8913403145348284
DIPK1C,0.71300617720427
SBK2,1.8398597444416644
RBP7,-0.8756401836128715
SPACDR,-0.07581164882625419
TMEM174,0.34015647815871414
NEDD8-MDP1,-0.5196259950860996
HNRNPUL2-BSCL2,-0.6931283777142393
CALN1,-0.11042428253590286
ZXDB,-0.39723647123538075
OTOL1,8.883107842663655
WDR97,-0.6003475222292068
OPALIN,-0.2585007915800476
FAM151A,-0.6315445502996748
NXPE2,0.9079900479848555
TRIM60,-1.3653516727594972
ZNF548,-1.5927591726679018
TRIM52,-1.2885298495022781
TRIM61,-0.8440036207917047
TRIM77,-1.192088937946997
TMIGD1,-1.3629120164167805
CCL3L1,-0.6616425878076714
UNC93A,-0.5617787761930483
ZNF529,-1.5904363200193983
HOXC12,-0.8721939268766659
ZNF610,-1.1214238014315123
CCSER1,1.0267750383285614
REDIC1,1.9941234818921874
NPIPB8,1.126593876808259
ERICH1,-0.6041056121542635
ZFP28,-1.3586745894542644
BPY2B,-1.020126957816216
BPY2C,-1.0317537685170122
CT45A7,-0.6494589308090057
NPIPA3,-0.6717828799224068
ARL9,-0.009564571791185915
ARL5C,0.40257846906951233
GPR155,-0.21154756924126913
MRGPRG,-1.76388292065849
SIRPB2,-1.131778568312713
CPXM1,-0.27613823726395964
TMEM150C,-0.5466901391332382
EFCAB3,-0.2865757761483602
C1orf56,0.763968052173373
RNF150,-0.8225905750539666
C11orf71,-0.5910400422379372
ZNF75A,-0.681900003120698
ZNF10,-1.2698610444987426
RBM12B-AS1,-0.5200517727803834
CFAP263,-1.284917646212121
ADGRA1,0.4385403466385147
ADGRG4,0.21009220153127353
TMEM252,-0.2199689999753264
ADGRF4,-0.4545936942831617
ZNF334,-0.17053185774976357
ELAPOR2,-0.7469874937228541
TMIGD3,-0.9290158265454603
GPR62,0.7493204263812691
GPR85,0.3067021002865953
CCDC157,1.7233433088578252
GPR63,0.07922219036074277
ZDHHC1,-0.4644956336082044
TEX38,0.9246795083012791
GAGE12G,-1.0503311864139735
GAGE12B,-0.7584711535759231
ZNF517,-1.250668209917103
SGO1-AS1,-0.038536023775974024
ZNF846,-0.47824137373623044
CCDC184,1.7665892544115775
C2orf76,0.7008950773737639
CAPN13,-0.5094335697710627
IGSF11,0.4562110526987265
XKR7,-0.5535883814799293
CSTL1,2.0420446778040016
CCDC177,0.1648728754851201
KRTAP2-4,-1.0234991021473285
TPD52L3,-0.5913018972693339
STON1,1.9958340031808501
IQCG,-0.004821790972793317
FAM222A,0.5938197413184836
LYSMD4,0.5108940363327356
CST9,-0.5393030698865698
ADAMTS19,1.1542012265568702
UPK3B,0.07446535198455255
BTBD17,0.08469492820665953
TMCO6,-0.42174366435675276
SPMIP10,0.5963918667891983
ZKSCAN2,2.031412020460865
NKX1-1,-0.7558093896125966
NIPAL2,-0.7754577535913522
SANBR,-0.45363759098866885
SLC38A8,0.5048666847394556
AGFG2,-0.7675754973173681
USP40,-0.04808018486683121
TC2N,-0.5305077824061348
CCDC154,-0.16685832785409016
GMCL2,-0.3808323730563063
RNF151,-0.2552959414573335
RTP1,0.4955101948882658
OR2A1,-3.4959433438418004
GFY,-0.6417063540798924
ZIK1,-1.0844577025101128
PRR15,-0.9361385443062761
ZNF607,0.9085889116788044
ZNF625,-0.9298766106715681
CCER1,0.08896460150166356
ZNF286A,-0.65578520558221
PRAMEF2,-0.5211738201105156
PRAMEF13,-0.9050684099700687
PRAMEF25,-0.9747278180284455
PRAMEF8,-0.8129210490211024
PRAMEF11,-0.21514608009948638
PRAMEF5,-0.20051057010828624
ZNF696,0.48156449266328355
CDCP2,-0.9540511464760009
C17orf50,-1.2361676429182087
ADAMTS18,0.7562606303220452
ADAMTS16,0.6874566684424762
GLI4,-0.5396162068598044
NANOGP8,-0.5471997028745629
MOSMO,-0.4955701331353831
CFAP100,-1.0818194389807585
C8orf74,-0.48075611714619854
ODAD3,-1.1830235377728022
ZNF438,1.2462486759169036
RNF222,-1.2100651214116707
CCDC9B,4.40903229140138
TVP23C-CDRT4,-0.5995590587822144
NBPF11,2.9915974361040387
ZSWIM9,2.9085454636366137
ZNF283,-0.9423801114354102
ZNF585A,-1.4123971112666664
ZNF621,-0.669608859884188
ZNF726,-1.3291131431612533
ZNF584,-1.2578921213472305
ZNF773,-0.9849410954627904
WDPCP,-0.04196335974046172
TTC29,-1.1243151767806827
TTLL13,-0.6410733762931207
CCDC121,-1.0236591945533602
CCDC65,-0.7800280385041248
PAQR7,0.04153913178047653
CCDC87,-0.9964910620750445
TAFA5,-0.38613908412236875
DCANP1,2.4503031258502164
C22orf23,-0.5334180905544743
THAP6,0.9912908025725826
FAM74A1,0.3214685728936923
FAM74A6,0.0650922583803704
VSTM2L,0.0203026858928679
NUTM2B,-0.39162972004773267
AFAP1L2,1.3633736224271231
KRTAP13-1,-1.2937181484031695
SPMIP9,-0.05151593637224126
DYNLT5,-0.40410746245117934
ZCWPW2,-0.36239141913328254
LRRC69,-0.3710280239584244
ANGPTL5,-0.9183699713384873
TRIM49C,-0.8251569789069142
CT45A1,-0.656670397815915
FOXO3B,-0.11877972310512273
MEIG1,-0.2681197007337733
GCOM1,-0.628370218562501
INKILN,-0.12039495486457685
ZNF835,0.5930619521858925
BORCS7,2.3641764984024096
ZNF555,-1.1621623428103307
FAM135B,3.224824640706648
KRTAP10-4,-1.7015907575013125
ZNF714,-1.5914202865364613
P3R3URF-PIK3R3,0.1958209263957474
ZNF853,-0.3117435696141817
FAM25G,-0.8670921911250901
KHDC3L,-1.1909121148121573
SUN5,0.2823464854427933
XKRX,-0.6292564157633511
POU5F2,-0.8415128156525727
C20orf204,-0.20406086333200807
RAB37,0.05499512847417228
GLTPD2,-0.27232789058685614
CFAP54,-0.23562461687313074
ZNF181,0.5799187838780118
PRTG,-0.7727975545115373
ZNF626,0.8910717319048984
TSPAN13,-1.1444367876296073
MS4A14,-0.5988889627281972
MS4A5,-0.2516673870227394
RNASE12,1.0584794297776174
SHISAL2B,1.8167259551696928
CCDC83,0.2812180945279131
KBTBD3,-0.8787605536059677
SERF1B,-1.053449815919897
OR4F3,-5.326791862610595
PRAMEF14,-1.0965986519506346
TIGD1,-0.2546082188456855
TMEM101,2.5080889884421467
SFT2D3,0.433402988867
USP17L10,-0.16527985355068026
USP17L22,-0.29719457386090004
USP17L20,-0.24211943525045887
IGKV2D-29,-0.9528279028401718
PKD1L2,2.3683548912549917
SLC46A2,-0.9625987593016645
BIVM,0.6483560562542436
PDZD4,1.7442734297090192
C12orf60,-0.7685726895696003
PRLHR,0.49215459090169617
ZFHX2,-0.4626351377215482
OTOP1,-0.9568582411480505
TBC1D26,-0.9256112482344907
TBC1D28,-0.5266695012784609
ERVK-10,-0.3895236617338851
CXorf51B,-0.21346831983110365
PRR19,-0.40203056519830777
ZNF677,-1.7947845062261494
FGFBP3,-0.8642898506597447
ZNF112,-0.3511286212886903
SLC26A10P,-0.7317415903175754
ARMCX6,-0.6829670671312745
ZNF891,-1.042506610651102
C2CD4C,-0.1887832997749168
ZSCAN2,6.289083603627477
HRCT1,-0.13445076513402396
ZNF790,-0.5688756279642427
NEXMIF,0.3420853286938749
PAGE2,1.2421618719908085
OCM2,1.6126888946259843
CFAP58,-0.39492833286459517
NAIF1,5.290572319283096
CTXND1,-0.09339701660190262
WFDC9,-1.198635469812233
WFDC13,-1.0217006644573396
SPINT4,-1.4073286030878704
WFDC10A,-1.3411593738339096
PHETA2,2.6948050535990684
SLCO1B7,-0.5295261452224349
PIGBOS1,-0.6631276398631767
CDHR4,0.14817936074771754
VSIG10L,-1.176485062197982
GOLGA8B,0.2070198465814723
SMIM22,-0.6693744975429721
PAQR9,-0.17644221692564868
NKAIN3,-0.1625682791382135
STH,1.2544207713087303
OTOS,-0.7952979504649759
KRBOX5,-0.4749738561039574
LINC00518,0.2314007057675865
LPAL2,0.23621365222900903
BICDL2,-0.7253261375469365
ZNF565,0.7133958466275253
FHIP1A,-0.6073413262973654
ZNF594,-1.1491167679874963
ZNF480,-1.3882376614107848
ZNF888,-0.8759016619423364
ZNF709,-0.5372244115940564
ZNF235,0.05054756817774217
ZNF813,-1.1769085785312048
ZNF791,-1.1466742650338204
TP53I13,-0.4916495143724008
PHGR1,-0.09202973306391388
IQCF3,-0.43685585382945474
ZNF599,-0.13884882358120057
ZNF844,0.46533156881268267
ZNF285,-0.6979716339649463
ZNF230,0.5258003542123115
ZNF624,0.17041859049903263
AJM1,1.4338747012484812
FAM228B,0.016359663112155372
CCDC158,2.4598460618404605
BEND4,-0.3785945804244906
ZNF880,-0.8608682014632224
ZNF852,-0.5276750707996712
H2BC20P,-0.0297968376942906
IGFL1,-1.0225252705022914
SPATA31F1,0.16886388400788482
CFAP69,-1.037313611938513
SPATA3,-0.5934623008878728
GARIN1B,-0.17935933644515523
SPATA31D1,5.155703168090539
GTSF1L,-0.34665134453068197
SPATA31A6,3.013903817648468
SEPTIN14,-0.5463425889372153
COL6A5,-0.5904782598340443
LRRC34,0.2742728285176236
TMEM178A,-0.02799254713922253
ZNF616,0.27003003559363276
ZNF583,-1.4675804903584544
KRTAP5-11,-2.757310881328281
KRTAP4-1,-1.970779555799861
NBPF6,1.7309039351996518
KRTAP12-4,-0.8456064887428646
ZNF792,2.111248752670528
SPATA25,-0.4412758106549861
PROSER3,-1.0178702693138388
C16orf78,1.0061634945264837
LCNL1,-0.3447029037471905
LCN15,-0.4659468107753139
EPPIN-WFDC6,-0.4502793229514569
GLYATL3,-0.8241898695345035
ZNF671,-0.0122551413241272
SPATA31A7,-0.9650419381229247
ODF4,-0.31008514842142054
ZNF630,-1.41780902084156
RNASE8,-0.44910746553678216
TMEM114,-0.9764379909965543
CRYGB,-0.799794738092628
MSLNL,-0.6324788259446164
CDC42EP2,0.10449107644313614
CCDC54,-0.546908746487525
LIMS3,0.3962346401821412
ZNF737,-0.9662609627961156
CGB1,0.9969319192176036
GPHB5,0.7710329122002355
ZNF680,-1.1066583133734875
DQX1,2.5384128762243168
TAC4,-0.8660040689820022
TSPAN11,-0.9481263988894402
CIMIP2A,-0.34707283555689267
CD163L1,-0.9616963746837344
C2CD4D,-0.1465901282112872
MBD3L4,-0.5469747278150588
ZNF256,0.27927993645639887
DMBX1,-0.1550965772103574
CC2D2B,1.112569298812519
RFLNA,-0.743291259283123
PMF1-BGLAP,3.233183549876871
STON1-GTF2A1L,3.3778672330480575
SMIM24,-0.5494697519668715
LBX2,-0.7498835052480886
CFAP107,-0.5157174199628486
ERICH4,-0.04255690425689736
ZNF658,-1.543400241083963
TMCO5A,0.3585538913900357
CNTNAP5,2.21613428215383
TCERG1L,2.2322503171796346
TBATA,-0.015283279885945251
ANKRD36,2.85797068046703
C12orf50,-0.15502632453597223
NPIPB6,-0.9019641833855592
HAPLN4,7.507555532450309
KCTD18,0.8145900144426897
ARPIN-AP3S2,-0.4036889898736883
AGAP7P,0.9115783192838613
MARCHF11,-0.6631700508571992
SYNJ2BP-COX16,-0.7025912009671147
SLITRK4,0.9932592402425436
PRR36,-0.25557046855750853
ZNF563,-0.7294061083386201
PODNL1,-0.6381313637628531
ZFR2,-0.555895555433992
CES2,-0.09576006272689579
ZNF222,-0.6698878559739869
ZNF701,-1.0303741915024127
C11orf52,0.18580038184500777
SLC22A18AS,0.5664627377029816
ZNF134,-0.9668956955090504
RSPH3,-0.4166254684607707
NUP62CL,-0.6413338300099274
THAP2,1.2861414833806966
NBPF3,-0.4030452614263118
FAM86C1P,2.1167796235150034
ZNF221,0.3151652907696181
ZNF225,-1.2978462079704811
ZNF214,-0.7860775908639263
CCDC70,0.7145527667431226
ZNF233,-1.1804874274278967
PRRG3,3.0385382935744327
CYSRT1,1.1933153409928758
FRRS1L,1.210622299790753
PPP1R42,-0.07902103769942855
ZNF705G,2.5830496439044563
NEURL3,-0.373447395397999
NBPF12,1.0546496536183907
NBPF9,3.618643517838747
ZNF716,-1.2896171020548468
PNMA8B,0.03762219793523998
TRIM49B,-1.1709004213746559
HNRNPCL4,-0.7152625500168073
POTEM,-1.0818246373745373
KIAA1614,-0.16931799547856222
ANKRD30A,-0.0813781345267879
POTEH,-0.652749980981029
CCDC144A,-1.4473768906261466
TMEM276,-0.16479882582245303
PRR23B,-0.7199211747924481
AKNAD1,0.31457720705824793
TMEM82,-0.3054059282963474
IQCK,-0.35065080284624894
ITIH6,-1.0209354331094216
BICDL1,-0.08207823303702368
RINL,0.6564754588695015
RFX8,1.106396085381764
RHOXF2B,0.795765292975532
INSYN2B,-0.3026926215590276
NUDT17,-0.8182880815914717
MINAR1,-0.5613071011425401
KRTAP19-4,-1.5351095788475728
OVOL3,0.08787217772227793
CLEC19A,-0.10242804900552266
CNTD1,-0.3144463717923107
CFAP126,-0.9157794923001039
CIMAP2,-0.607618075482348
BVES,-0.146583549810597
AGAP11,-0.6730359420917114
PPIL6,0.2082761272718475
NWD2,1.455565363597845
CFAP221,0.6044820050796769
RSPH10B,0.9530511482291086
CFAP61,0.1762455015277993
TPRG1,0.14211727083552833
TMC7,-0.6574129482195704
EEF1DP3,-0.4512065144594147
SNTN,1.8925146540961133
SAXO2,-0.7790281072681389
FAM43A,-0.14016169217802893
ZNF98,-1.294916413639596
SAMD13,3.3923573821562596
TMEM121B,0.4191008559228719
LSMEM1,0.36865884779117747
ZNF658B,0.16120608352305352
FAM219B,-0.667614084309001
CLBA1,-0.11075346697981871
UBE2L5,-0.477921708350195
PMS2P1,-0.27355400473219604
SHISA4,0.8029538294623013
IQCM,-0.027416054080999175
HMCN2,0.15700839151609686
CD300LG,-1.1780041015133862
TREML4,-0.31977167183232047
CPAMD8,0.28741056548906885
SH2D7,1.1867366174173053
C3orf22,1.1929684954833277
RD3L,4.163020546173512
ANKRD45,1.3249379631635976
ZNF33B,0.0750813370764707
ZBTB47,0.4762371569193839
KRTAP5-10,-1.4720337203538614
RIIAD1,-0.11439827880983898
POM121L1P,-0.19168807167885088
LOC102724594,0.5062069628777424
TCF23,0.05616943721057547
PRB3,-0.8960276343337825
C1orf53,-0.5099750256240264
CATSPERG,-0.9207978334971686
TTLL8,-0.47877899290854375
USP17L7,-0.25324158911320915
FXYD6-FXYD2,-0.7319246208640263
C22orf42,1.1374163518617573
ADGB,-0.807343107346211
TRGV9,-0.257697559535753
BTBD16,-0.27939423354899123
SERINC4,-0.4510793805576521
OTOR,0.3791340944518732
TSPEAR,1.2071507746467103
IQCA1L,-0.3751618306778562
GASK1A,-0.7592416405663333
HARBI1,6.353934045405582
ZNF546,-0.9381057360368921
ZNF735,-0.9410000557453616
ZNF699,1.6652103205931919
KRTAP13-4,-0.2276232008621989
LRRD1,-0.583785975774578
PRSS54,-1.2125710273428894
NUDT4B,-0.4781535605521868
VSIG10,-0.6641976710977864
RIMBP3B,1.4679072280891297
FAM229B,-0.7719556754298647
MAGEB5,-1.3219007528589586
ZNF280B,-0.8428247739376185
TARM1,-0.45976421821777574
ARHGEF33,-0.2997992751780818
ZNF491,-1.159955156928546
ZNF208,-1.3877112309629855
ZNF676,-0.2302239164772699
FOXB2,0.21082927284112976
BPIFB6,-0.8065661326413193
ZNF786,-1.1608677357868895
KRTCAP3,0.776098196018534
FRG2C,-0.29423700397082675
FAM178B,-0.5842839689454683
TP53TG3B,-0.7787605615777575
TPBGL,0.695854891957404
LRRC3C,-1.2700042370893148
MARCHF3,-0.7254143471834914
TTC24,-0.21994035726844408
TMEM229A,0.5506469617503192
DYNLT2,-0.426031550243771
C2orf15,-0.6248791971538539
MS4A10,-0.8982535845767732
JHY,-0.39572096796431694
C22orf39,0.11478917869829736
SLC35E4,-0.6582065636244601
PCDHGB2,-0.9933961089361929
C12orf54,-1.085549511332794
ANP32CP,-0.07264185136086804
KLHDC7B,2.9543291588752094
TTC9,-0.3907576914588834
PCDHB9,-0.925083273419565
C1QTNF12,0.3606070462112214
REP15,1.068554669347053
ZNF132,-0.4029852341298114
BCLAF3,-0.40648755536223147
KCTD19,0.41467191040122403
TNXA,-0.3658505920789725
CENPBD2P,-0.08583137201995043
TMEM255B,-0.38517965002888727
TCP11X2,-0.26268179761971494
ZNF571,-1.4798380267862747
CASTOR3P,-0.6415323517362294
ZNF845,0.43870246396282403
TMEM88B,0.4945877570998992
GOLGA8H,2.4714973617706435
CTAGE6,1.0868304302583855
SFTA3,-0.9304203038961297
ETV3L,-0.7670011255289007
FAM170A,0.2523781628995001
ZNF850,-1.062836973778726
PP2D1,-0.6576850038826834
SPINK6,-1.0870242960664092
ZNF486,-0.1335808616681975
SLFNL1,-0.8851134834063981
RNASE11,0.5938987596187494
ZNF619,-0.8727160594462
RSPH10B2,0.1390353908658666
SMIM11,-0.6898296967146116
RTL8A,-0.3722249393857145
CATIP,2.229324470074872
MROH8,-0.4308206291158692
FAM200A,0.1980089584950845
PDZD9,2.3166988678907576
C3orf36,-0.43372665942718597
CCDC144NL,-0.4375152061618762
CCDC149,-0.13530384527420108
GAGE1,-0.8572713291323572
FAM47B,-0.739067829693573
SERHL,-0.34347792611514133
SLC35G6,-1.2613269280868749
ZNF600,0.7994796908994773
ZNF28,-0.8142723849488221
DMRTA2,1.998111943274344
PRAC1,-0.8257296051282679
ZC3H12D,-0.511425810812458
VSTM2B,0.21362693087308612
ZNF182,-1.2614894732861632
LINC00312,0.07455357063120026
LINC02910,0.4544323909998496
DRGX,-0.3410551035886348
FAM47C,-0.7979707867860525
MROH2A,-0.46154468761445533
DPEP2NB,-0.032944691607887336
AGBL1,0.9044189364791798
ZNF780B,-1.6749161904747165
PROB1,-0.5460531179852026
KRTAP5-6,-2.5465692582284825
ARL13A,0.04947669909443839
GLDN,0.5536877660798492
C7orf33,-0.7922383059514404
ZNF433,0.5639450119549132
GPR137C,-0.7644518956297953
TMEM235,-0.1542467644173833
APELA,1.7528409884001275
PLSCR5,2.596799080634143
MYO1H,-0.3808259741108659
ASDURF,1.1531933569627069
SLC22A20P,4.299091434542092
BPIFB3,-0.8913702250723761
STPG1,-0.8157417615297615
ZNF137P,0.026692389085994642
LRRC18,-0.7206193529246108
ARL16,1.4508503222590365
SMLR1,0.25938906320667227
FCGR1BP,-0.739472793495863
LOC102724652,-0.7286578208804981
PCDHB13,-0.9401136399672385
ZNF736,-0.7144880382392174
PPIAL4F,-0.6788325372924973
TMEM238,-0.2279382525998779
SPINK8,-0.9045418406099376
CFAP96,-0.9198915609112274
CABP7,-0.9606517105176087
EXOC1L,-0.6156388403288163
ZNF320,0.5781690027762756
WFDC3,-1.3483053758555796
KRTAP24-1,-2.077121007432488
CLUL1,0.7231875509535006
FAM187A,-0.5077692006483401
DENND11,0.046979721480297595
ZNF347,-1.1329326288863224
ZNF99,-1.2812426520420759
DDX12P,-0.20297749240153323
DARS1-AS1,-0.5244909693897427
IGHA2,-0.9974278024677746
LY75-CD302,-0.19497348060894848
CCDC179,-0.38634751972851217
TP53TG1,13.97291738374773
LRRC37A3,1.7296888407603732
PIN1P1,0.895081362907892
CENPVL1,-0.028702110179557202
TMEM185B,-0.8348447487686409
TMEM200C,-0.07200628226090777
ACTRT3,-0.5960393602500649
NPIPA2,-0.5712042596034625
KIRREL1-IT1,0.07003015426443325
KLHL30,-0.9072500678865755
GARIN6,1.3950935288362503
SPACA5B,-0.12517600150469
THAP5,1.436256371193303
CCDC3,-0.1397288068055323
ZNF468,0.30782578241292713
VN1R2,-2.104595447856602
EXOC3L2,0.6232633220690015
CTAGE8,-0.30972623678398575
CTAGE9,-0.3604330399366268
CTAGE15,-0.1307991980881757
MAGED4,-0.4457753448947472
PRAMEF6,-1.0161022048974544
ANHX,1.2776560179882432
TMEM241,-0.25120956447646603
ZFP69,-0.7003866060416911
TBC1D3K,-1.2010880568823732
TBC1D3D,-1.4067641846969006
TBC1D3H,-1.435259068705261
THAP9,3.332042372026667
PGBD4,0.807867186018496
LRRC74A,0.32410653772933123
RAB6D,-0.5806255010810737
SPATA31H1,-0.6089505319467058
SPATA31E1,-0.6208861801766823
ZNF354B,-1.332768977180616
ALKAL1,-0.48360884499713996
APCDD1L,-0.3063963742043474
VN1R4,-2.257827977967755
TMEM144,-0.0796970118691985
C9orf153,-0.5948318010629452
SMIM21,1.2538202543199675
C12orf56,1.3082116732522013
KRTAP2-2,-2.249423821268987
ZNF543,-0.9277797186361307
MORN2,-0.16894689086508322
FAM47E-STBD1,0.009931635248184988
BABAM2-AS1,0.5004150642579491
VXN,0.5531242145286721
TTLL10,-0.9184349044713014
ARL14EPL,0.07121182656212964
TRBV2,-0.11509488726878392
C2orf72,-0.39560818146840343
CDY2B,-0.8187447777670809
MS4A8,-0.595714455571564
ARHGAP27,-0.5477409190831415
EXD1,-0.11947364199961781
NPIPB9,-0.8436398641064249
C12orf42,-0.4480694752264974
ANKRD60,-0.7341186947475274
SPACA7,-0.6964865519879511
ERICH6,0.007047486525135193
ARRDC5,0.7583999781891305
TRIM49D1,-0.9545582536099846
SCUBE1,-0.5215410282718375
KRTAP4-7,-1.95914501028345
PXT1,-0.36811281831794673
ZNF841,-0.9094062970641771
IGFBPL1,-0.5272625761313512
SHISAL2A,3.5577155708742225
KRTAP2-3,-0.31956638649905356
CMKLR2,-0.4654636371936143
ZNF425,-0.49706354523578605
BTBD19,-0.01837250748889211
CMTM1,-0.46364872472184615
TCF24,0.5796162462601373
SPMIP7,-0.36437832680351473
SLFN13,-0.6241045597932485
EVPLL,0.21750698786389597
NRIP3,2.719662216497009
TMEM132B,0.044929502679744764
TMEM132E,0.015597736747683916
MAMSTR,-0.3257552156656169
C10orf143,-0.3929101498830214
ETDC,-0.38996094925756114
EEF1AKMT4-ECE2,0.8848337581465775
SPINK9,-1.064100285850327
PRR20A,-0.6037222035039262
TMEM151A,-0.31586740504699035
ANKRD30B,-0.09206738028973623
C2orf74,0.4817537511560586
MYRFL,0.09540619453802064
TMEM270,-0.3264917622522195
DNAJB3,-0.18971223774623874
C5orf63,-0.6182526698194308
TRIM64B,-1.1773275364105915
TSPAN19,-0.8090706800490799
ZNF30,0.1875400715897526
ZNF814,-1.6913959513913446
FAM216B,-0.36034594070989495
SEBOX,-0.5613749634118568
ANKUB1,0.16658354615755622
FAM25A,-1.1392726768360755
TMEM91,-0.10180267467839875
TMEM233,0.47397844295256536
SYNDIG1L,0.2917601146457173
PCDHGB3,-0.7731994817133281
ANKRD20A12P,-0.3309221347038719
TMEM81,2.3810630659111327
USP17L30,-0.2716921575243336
ANKRD34B,-0.3073503844451625
CLPSL2,-0.5603949145168097
C16orf46,1.4139215960828095
TTLL2,-0.6663129267019553
SPACA6,2.2785113608704255
TMEM202,-0.3931041089230899
TMED7-TICAM2,0.06699939648932024
CENPBD1P,-0.003886102018072097
ANKFN1,0.8916465188646051
CFAP210,-0.716573607919337
CCDC81,-0.5806186194083203
ERFL,0.6583180686900699
TP53TG3C,-0.5880802378201415
LINC00526,-0.9044195511262526
FAM174B,-0.27899022056590755
SPATA6L,-0.4311588132499676
TMEM212,-0.38916917446789207
RTL3,-0.36213462216445974
RTL5,-0.30090099793008235
RTL4,-0.5451519007589729
DPRX,-0.967475714722079
SPANXN1,-0.8673598237500124
CHCHD2P9,-0.16712421124335258
PIRT,-1.5588111990469882
KRTAP20-2,-1.8352572262319609
KRTAP20-1,-1.655037429374234
KRTAP21-1,-1.7110134680493858
KRTAP1-4,-1.8879810407480562
KRTAP2-1,-2.1663250330115904
KRTAP27-1,-1.7914968391895483
KRTAP5-5,-1.8356813428594998
KRTAP4-3,-2.2858217174003523
KRTAP25-1,-1.936419132703907
FAM177B,-0.15120898146802328
CRYBG2,-0.06348457553172535
SMIM2,0.12914744017165253
WFDC10B,-0.7565674046272793
CTBP1-DT,-0.33713078511387246
ZNF875,-1.2746611465188558
HNRNPCL3,-0.5800672047949259
TEKTIP1,0.4415787958566547
BIVM-ERCC5,-0.368693046057462
ZNF319,-0.7848687524964035
ANKRD62,1.0797026717605593
VSTM5,-0.2733639195091289
REXO1L1P,2.6673434401872944
C20orf202,-0.4005855742605277
EEF1E1-BLOC1S5,-0.3794926190359311
ZIC5,-0.0753691298921776
KRTAP22-2,-1.0881035632635763
ANKMY1,-0.19490475110647
LRRC71,-0.48691505235830057
UQCC5,-0.22201389863207968
ZSWIM5,2.9827244038727354
CATSPERD,-0.44949441158229186
FBXO47,-0.8326718661246467
EFCAB9,0.2504406274732354
SMIM23,0.31679566695074557
PRAMEF15,-0.937229153618912
PAGE3,-1.121695790120453
TEX47,-0.24904894862794594
ZNF404,-1.0567159653770244
FBXO39,-1.3626608874135162
NPIPB5,0.05083114931506875
SMIM17,1.4867274619336939
ZNF487,-0.23485523897017166
NAT8B,-0.05647559031145905
FABP9,0.20818459054896113
SNRPGP15,-0.42196725372824334
F8A2,-0.6541496084057179
MRLN,-0.5997479355206417
F8A3,-0.28554160856551947
KRTAP4-9,-2.0538026098409428
KRTAP4-6,-2.0072168812074764
KRTAP4-8,-1.8942401917729552
KRTAP20-3,-1.0021834092123356
LRRN4,-0.9671653607774625
KRTAP21-3,-1.5959099819441966
POPDC3,1.784192134855037
TMEM179,-0.3463611834676775
ANKRD65,-0.5090573433283888
RNF224,-1.6656701104063196
TRIM75,0.05459535086971472
C12orf76,-0.35042271569531475
GAGE5,-0.4143192430216506
PPIAL4E,-0.17699531574612415
PTX4,-0.5058264961572002
C14orf28,-0.3661206419961617
CLEC18C,-0.23272940793361255
KAZALD1,-0.6332426044731185
FAM151B,-0.3523413218679064
OR4C45,-1.8570814816056989
OR2I1P,-1.8573847873596285
CROCCP2,-0.4573135803697182
PRAMEF4,-0.9137746310064713
LOC106627981,-0.4391289679564998
FRRS1,2.2708178539569124
PDXDC2P,-0.24132048751265855
ZGLP1,-0.10943568158367864
LOC128706665,-0.5204998775110646
SCGB1C2,-1.3719111128538652
PRAC2,-0.41297464624851793
NBPF4,0.8612068447849481
IGKV2-29,-0.29358477821915213
ZNF385D,-0.7643812669830344
ZNF615,-0.5102587277654775
ANKRD31,-0.3437295513387292
ANKRD13C-DT,-0.1885122158006714
YWHAH-AS1,-0.4803606161021821
C17orf67,0.0709750546061766
ZNF549,-1.2990820828942544
GIMD1,-0.20686361481231635
CFAP95,-0.6235884708228149
RSKR,-0.659855416772449
SPMAP1,-1.267341295562291
SAMD15,1.4107600920534509
LRRC53,-0.08954455852985846
IQCF5,-0.6596227977255061
TDRD10,-0.4633716104165208
SPMIP3,-0.7451405018065054
KIF25-AS1,-0.4073484781221008
C5orf60,-1.0628045456410757
CCDC182,-0.9105850915819055
TMEM163,-0.35774512050066204
GAGE12F,-1.1902601672565922
DSEL,2.910666207134899
ZNF540,-0.6636587657667813
ZNF660,1.0006420733961445
EFHB,-0.7282337502143075
PRR23D2,-1.5180764160987283
PRR23A,-1.284944133201619
CTXN2,-0.6393519656573716
ZNF551,3.1967266493029896
EQTN,-0.3994030280855061
ZRSR2P1,-0.2273448929393809
ABTB3,0.20289654604852847
WT1-AS,-0.879301272031227
ZNF836,-0.2573440730518806
ZNF862,-0.30659397472620864
SSPOP,-0.1267754563983573
C10orf105,-0.8771149286690813
IGIP,-0.3193659582608961
NANOGNB,-0.9528937631714061
LYG1,-0.7793560777173814
ZNF808,-0.45271581218026186
PLPPR5,-0.3738750657233525
C11orf91,-0.015498592165039146
DSCR8,-0.8705760076664737
C11orf42,-0.3721205367991383
ZNF729,-1.2911129859552013
KLHDC7A,-0.3889113665312249
CT45A8,-0.4573919459401418
MSL3B,0.16539452381162745
ZNF878,-0.44967657276144135
CLEC18B,-0.2879886073338974
ZNF738,-0.3724793424888835
ZNF141,-1.5481166209607602
ZNF527,-1.4021696560259669
ZNF799,1.7667096017338146
ZNF728,-0.6916924561763622
ZNF573,-1.0658209438771322
ZNF805,-1.361906041488175
ZNF793,-1.7239819388537436
ZNF528,-1.4297928923231678
ZNF560,-1.0614749007163442
ZNF429,-1.3319532741207527
ZNF470,-1.5677834586593145
ZNF879,1.2016853784962984
ZNF493,0.6851055262537641
SMIM43,-0.4630897756640856
GAGE12D,-1.290349457671326
GAGE12C,-1.3843160685015432
NSUN5P1,-0.21176421347154306
ARL17B,1.0242095574191545
NPIPA5,0.25624905457385466
CD300H,-1.208253172543848
KIR2DS3,-1.0524613405858787
SIGLEC16,-1.021509651739547
CD200R1L,-0.8396077560255393
ANKAR,0.11003760396835342
CIBAR2,5.034658643734857
GAGE2A,-1.1643054673593607
PRPF4BP1,-0.42910467187300466
SPATA31G1,1.9532664176262535
USP17L24,1.4476183200299861
CCDC178,0.42778638678173064
PRSS45P,-0.16680627104893817
ANKRD63,21.073100014422604
LIMS4,-0.6442651653962783
C20orf144,-0.06941345707815565
FAM90A26,0.7384777519034724
HEATR9,-1.0898338417668112
VWA5B1,-0.06096867648806807
TDH,0.2467587284498989
CXorf49,
CXorf49B,
C16orf86,11.844917478626677
FOXL2NB,0.8417938084343208
LANCL3,0.12551795484627642
HDGFL1,0.08932875326290231
IQCJ-SCHIP1,-0.06770761423374645
GOLGA6L10,4.83686992451831
MYCLP1,0.25942782024809374
PRSS3P2,0.9138721418356139
ZNF705D,0.020701132565964706
C17orf99,-0.5115845591433846
IQCJ,-0.33955593910853166
C5orf58,-0.35182577964030337
C20orf173,-0.39249346022539006
XKR5,-0.3990640351317124
FAM167B,-0.5512371505337592
PNMA6F,0.23093811127184327
PNMA6E,0.7092601334168779
MINAR2,-0.14604715806036334
GSG1L2,-0.6913127348804576
C14orf132,-0.5472290439389496
CCER2,-0.09283475766742295
IGKV2-40,-0.996249806352372
IGKV2D-30,-0.7881358393904213
RNF223,-0.4048143734750925
CFC1B,-0.17837000135677214
CCDC73,2.255446040376035
CFAP144,2.201185194338237
CT47A11,-0.9008960189953764
SPEM2,-1.354390403042365
CDRT15L2,-1.3132077519448206
CHCT1,-1.4401800041030473
MFSD6L,-1.4270437345912397
SMIM6,-1.2749858419187585
FAM170B,-0.583473798769177
USP17L4,-0.3071849757631737
USP17L8,-0.12322289696812964
SHISA8,5.377349740932514
ERVK3-1,0.05605305395119783
SERF2-C15ORF63,1.041471732807029
NLRP2B,-0.673534973575873
SPATA31D3,1.6184315352483043
C19orf73,-0.7912930073365653
STEAP1B,-0.5730250106131729
RHPN1-AS1,-0.5661728000996779
C20orf203,-0.3487700579730454
KRTAP29-1,-2.005858242780263
RNF148,-0.734028629246161
HHLA1,-0.5365408262224072
METTL24,-0.9294154463754045
SPATA31D4,1.8680627381841421
ZFP3,-0.7576496288929359
C11orf96,-0.4385491922478306
MRGPRF,-0.0043109561090130975
TMEM225B,-0.49562863333828033
TRIM6-TRIM34,-0.44931321003139246
GVQW3,-0.014506104098831669
SAMD10,-0.727916722722007
FHAD1,0.03947892580276977
KRTAP10-2,-1.5610626252573236
CCDC169-SOHLH2,-0.4961281476974193
MTLN,-0.386203267793449
LRIT2,-0.635389072006285
ISY1-RAB43,-0.42424236530379883
LRRC75B,-0.2194986320241011
C1orf185,0.8063311877186068
XKR9,-0.5133043765577439
LLCFC1,0.4937035179626788
C16orf90,-0.2214862471684536
CT45A9,-0.40508394656710883
PBOV1,0.1463342040785875
MAP10,-0.14275041785175094
GOLGA8N,2.862453708601682
NPIPA7,-0.3740102997110524
IGFL2,-0.618632411114307
IGFL4,-0.35566662887486294
HSFX4,-0.31181464340480575
GAGE12E,-1.0151995452207527
TEX13C,-0.6139467067006481
AKR1C8,0.014650560584630561
C9orf163,0.5262303531735891
GBA3,-0.27803554416475024
CBY3,-0.6283172490590717
KRTAP19-8,-1.4282935183935073
MROH9,-0.3420747422884902
WDR49,-0.40428243632820354
PRXL2C,-0.7038153249953574
GOLGA6L6,4.121198447243704
GOLGA6L1,0.9771787205644472
GOLGA6L4,4.677351118376521
FAM47A,-0.4527038240743434
GAGE13,-1.3310194037045515
TEX48,2.5719140555754665
OR4M2B,-0.7019730764285357
GARIN1A,-0.05060864099460505
GARIN4,0.8345567268172284
KRTAP10-12,-1.436405928102445
AKAIN1,0.3945252594220973
KRT10-AS1,0.08943986733382717
PGPEP1L,0.3337052617952851
C14orf178,0.07928458456959875
TRIM64C,-0.1645668598440967
FAM209B,1.3974938787367641
SLC15A5,-0.74169859970446
DMRTC1,-0.3497893966654514
ZNF578,1.4657986739158777
USP17L27,-0.1002744120844343
USP17L26,-0.046213064754223085
USP17L28,-0.09047511687500259
USP17L29,-0.08608238992804837
PRR23D1,-1.5444903915873014
LKAAEAR1,-1.219180254342885
NPY4R2,-0.49752427579497244
H2BK1,0.08736816469803883
PRR23C,-1.162676376060335
GOLGA8R,3.319235303156153
PRAMEF18,-0.8755818402202387
TOGARAM2,4.175317648463085
RFPL4AL1,-0.24668355547996462
CT47A4,-0.7646408559990627
PPDPFL,0.25315869537258334
SRRM5,-1.0657445888385613
FCRLB,-0.3888720050774691
LACTBL1,-0.6767822446923556
FAM149A,-0.14271726245285057
ZNF702P,-0.5915143528138715
LOC102724023,0.008994732279663417
TMEM217,-0.4223406794691969
KIAA1210,0.5654949766694572
MUSTN1,2.2846210924439094
TRIM16L,-0.6136730263985394
USP17L17,-0.12931641349653472
USP17L18,-0.06777281687722789
USP17L21,-0.06993545412704139
USP17L19,-0.0701996889262335
USP17L11,-0.06620187570576834
USP17L13,-0.0824986042064341
USP17L12,-0.4158555635778498
GAGE12J,-1.2252071839694851
GAGE12H,-0.817502638088211
KAAG1,0.7991863727691415
SYT14,-0.8356562220902783
TMEM249,-0.3538273485415207
FRMPD3,0.19417612585463614
OR10D3,-2.092559944682154
EFCAB10,0.7840777971581718
C6orf163,-1.2614643387924203
MALRD1,3.4908767975668127
GAGE4,-0.800285436191275
MDGA2,2.786779352777706
SPMIP2,-0.5286655048898872
DEFB131B,-1.0823501799237016
SMIM30,0.28737894359489846
NBPF20,-0.3293058509729015
OR4K3,-0.2809276531755641
NBPF8,-0.2821898206220745
LOC102724334,-0.2816234059785378
PIERCE2,0.28435854267255983
PLEKHD1,-0.6818290528090222
ETDB,-0.22931547345330955
SDR42E2,0.3374975523095347
POU2AF3,1.0294175678009934
CT47A8,-0.7503585423547826
CT47A5,-1.148383652285561
CT47A9,-0.862928306989494
CT47A10,-0.8687570511871736
CT47B1,-0.5138656728255315
CT47A2,-0.8639977847815299
CT47A3,-0.8674910901002997
C2orf81,-0.3399229519478537
SMIM27,0.569779830251224
CKLF-CMTM1,-0.6318689444406593
MSMP,-1.1262371136365323
C17orf58,0.5506603234850386
ZNF570,-1.4350949795042731
ZNF781,-1.1993082140619655
OR4F29,-3.007779206783871
SLC16A11,3.1114211028385683
SMIM10L2B,-0.05340542756398272
CIMIP2C,0.31100014385794356
DUX3,0.09487896018051756
ZDHHC11B,0.5741226610852274
SMIM29,-1.0887322814339928
KRTAP9-6,-1.9997800179648801
GAGE2D,-0.39397499695606025
GAGE2E,-0.3873200389977868
LINC00482,0.09358352531566504
LINC00588,0.10361033365539128
FAM217A,0.12280967764956555
MST1L,-0.4495786456297307
LRRC72,-1.240582689037766
ANKRD30BL,-1.2208284091679091
KNCN,-0.1640618916295204
MT1DP,-1.1533490106806072
LHFPL7,-1.3342669137710013
GOLGA8Q,-0.4530975255606519
TNFAIP8L3,-0.47510625248947536
TBC1D3C,-0.7377968569590853
TBC1D3I,-0.4420942001981726
SPATA31A5,3.136051876072224
TRPC5OS,0.3826939333641624
CACTIN-AS1,-0.23358746923223458
TMEM210,-1.2244071358440738
GOLGA8M,1.9612335053594363
GOLGA8K,1.5936460117644926
FAM180B,-0.7805027727083492
OR51C1P,-0.8664490673745503
SNHG32,0.02047332259893956
ZNF681,-0.6987079661913717
STRA8,0.9541657987877251
C3orf70,-0.6693803637258738
MATCAP1,0.11269092877898727
ZNF727,-0.4985023869378978
TRIM43B,-0.2348918295563635
NPIPA8,-0.3129935641897004
LRRC55,0.9425355114129339
SPATA31F3,-0.17709067564629913
GARIN5B,-0.3124909654171738
ANTXRL,0.6353726753983179
C9orf57,-0.2657416336124005
CROCC2,-0.164322029419313
LINC00242,-1.6866070745172692
LRRC75A,-1.249814946061506
CFAP298-TCP10L,0.053970641375144644
DDX11L8,0.125222436997303
ZNF883,-0.6718071222380348
PI4KAP2,0.3469565022234593
ASB16-AS1,-0.08502698854635174
PRSS41,2.0211383289645766
FRG2B,-0.2546042406025733
CT47A6,-0.7725635381554491
FNDC7,-0.055949825097939845
PTCHD3,-1.0660949546203282
ANKRD18B,-0.6809696095506086
IGSF23,-0.1725625845203026
LINC00305,-0.16017459813512308
PRSS46P,-0.7932732706220524
C12orf71,-0.4399862029884405
HSPE1-MOB4,17.29786681519271
TRIQK,-0.548300547474685
FAM90A16,-0.26523914667031334
TP53TG3,-0.660094828300471
TP53TG3E,-0.7157831472262405
TP53TG3F,-0.731220053819603
TP53TG3D,-0.5232188275076345
IGSF22,-0.439765702123383
ZNF705B,-0.4219283812810806
HOATZ,-1.1809822376358199
ETDA,-0.46311280570410573
C19orf81,0.17344811046648412
FAM43B,-0.5067394976151024
KRTAP20-4,-1.0022710952450633
IGHV1-18,-1.170842529845991
IGHV5-51,-1.0585413257592784
IGKV2-28,-0.5230039835682383
IGLV3-9,-1.2337375536743111
IGKV3D-15,-1.2460269765831102
IGKV3D-11,-1.236224575036172
IGKV1-27,-1.2339320027042588
IGKV1D-17,-1.23703654017581
IGKV1D-13,-0.9884474302064574
IGLV2-18,-1.601730435923709
IGHV1-24,-1.11195798261195
IGHV6-1,-1.1454775418511598
IGHV4-31,-0.9277193681248862
GLYCAM1,0.5950385197912353
TRAV12-2,-0.863638596384111
TRBV28,-0.9380477745340421
TRBV5-1,-0.8393112684108736
TRBV19,-0.8634052999914217
TRAV12-3,-0.8625782646869965
TRAV22,-1.0371732425895113
ARMCX5-GPRASP2,-0.43254848572855537
