,z
TGFBR1,-0.30958328276633695
TGFBR2,-0.011676906537375159
SMAD3,0.7161080517233817
TGFB1,-0.2531846881513363
SMAD2,-0.07640385772292042
TGFB3,-0.5145155900485388
SMAD4,-0.012043464180307616
TGFB2,1.5547216670675565
ACVR1C,1.6384088297544717
SMAD7,0.6312144068296912
ACVR1,0.8276064375240781
ACVRL1,-0.5533879174106645
ACVR1B,12.063809448114009
BMPR1B,1.0689016824586013
BMPR1A,0.32110750728006987
ACVR2B,0.8626739432678048
SMAD6,-0.3891246944228783
ACVR2A,2.1878423359895107
STRAP,0.4127372736856399
SMAD1,1.6877777896579724
SMAD5,5.015539233270244
BAMBI,0.280007519050897
FKBP1A,-0.37743588663841116
BMPR2,-0.8953861652127968
SMURF2,0.7216128299211458
ENG,-1.8634558583736034
CD4,-1.8094166969839918
SMURF1,2.575168030842349
TGFBR3,1.3745464212695753
ZFYVE9,-0.10384672153105842
MAP3K7,-0.3371637059885845
USP15,0.8385418698240823
CGN,0.33626981943763434
PMEPA1,2.7354080395702596
TRAF6,-2.0983556331152586
FBN1,1.2776488216886088
ACTA2,0.17337001589751128
PARD3,0.219026263748354
MTMR4,3.0071810391900997
CAV1,0.8185114208823243
SNAI1,-0.4475823199512835
TMEM119,-0.8939061710298506
BMP2,0.4813547886324759
SERPINE1,-0.7178810856954954
PDGFA,-0.7549097953048025
AMHR2,-0.4975734679590747
SKI,0.6734288017295748
SNX6,-0.7095877192968906
ARMS2,-0.8364191925995558
NRP1,2.1251084416848895
DAB2,-0.6766942483104645
PARD6A,-0.32110417862247115
P2RY12,0.5200068129074115
INHBA,1.2503539734239817
PRKCZ,1.3414223975775694
COL3A1,0.30068451155423603
USP4,-0.3248363301747022
SLC16A8,-1.6846484123552241
COL1A1,-0.615091493989744
ALK,1.7857632669422052
CD44,-0.07549174985231581
IGF1R,0.7483048398716833
SLC2A10,-1.0956674626152825
BMP7,0.6705233038667111
TNFRSF10A,0.04688461198163945
LRG1,-1.3063255239794684
MYT1L,2.4696126199478656
ID1,-0.5801804929246944
FILIP1L,1.1175504140472226
ITGA11,-0.021491443563651267
TWIST1,-1.4897214177176026
PLK4,0.019884860812793257
GPR34,-0.9883944680622149
ITGB1,0.5417498813974849
PIK3R1,0.12726397254080754
ROCK1,1.4430068753624044
INHBB,-0.04591190453735901
IKBKE,-1.9907916638545162
PRKCI,0.42667070971923593
MYLK2,0.41993220735553033
FKBP1B,-2.0459376119178523
SMAD9,-0.6460051121665706
ITGB3,1.3631140752590765
MELK,0.4902440130897377
PIM2,-0.6542173425386486
PRKCB,1.2579177858010278
GSK3B,1.056218618614625
CDH1,0.2698997574430298
PIM1,1.2724362796456092
EIF2AK1,-0.3035278085251639
MAST3,1.3245003085105287
INHA,-0.2559742688951479
MAPKAPK2,-0.11182794889837111
PKN3,0.15802451272747942
MAP3K8,-2.556192601581193
MAPKAPK3,-0.3674105079899721
TBK1,-1.1413116300137442
HAVCR1,2.5137237877354934
PROS1,-1.620427720267126
KCNK18,0.0236126903011858
BMP10,-0.05040010363096017
STK38,0.39131354512600847
LATS1,0.004601480252038143
CHEK2,-0.925226367334886
LATS2,-0.7064116624742004
PRKG1,1.2385695986317682
VEGFA,0.2895028627953196
TNFRSF1A,-0.21999469875559383
TSSK6,-0.3119999019792147
GDF5,0.28559737377248634
PDGFB,-1.262053387619004
GDF6,-0.31813323295489887
VPS39,0.455898898442099
TSSK1B,0.2912742185906877
MAP3K14,-1.006166924666439
MARK3,17.244200974508203
ITGAV,-0.038571652954934164
IL20RB,-0.6290965069394885
MSTN,-0.9100736890347614
CSNK1D,-0.047451990596381506
MAPK6,-0.7787870077489024
PLK1,-0.2423020739268446
CSF1R,-2.4523788253268752
TRIO,1.6619222302468115
CSNK1G3,1.1726532385014905
FBXO34,-1.0363632934102536
TGFBI,-1.8104208085273183
SNX4,0.14813817136947796
KLRB1,-1.399908319510291
DYRK2,0.9281362530404148
CSNK1E,-0.15067522155605667
MAPK4,1.9089538473784795
ICAM2,0.9328179291282683
GML,-0.24264242977646155
MYOC,-1.23634222332432
HSP90AA1,2.145114150064813
TGFBRAP1,0.5363488805629814
ITGB8,1.8382498791663213
GPC1,2.274881573062987
GDF11,1.2928193666520504
RHOA,15.03727286569844
SPTBN1,0.049328247566891484
TAB1,-0.22475364269559395
TAB2,-0.33597465648806996
UBA52,-0.8695154590357647
UBB,0.10201910950814543
UBC,1.3149233126094346
UCHL5,-2.035541032180695
WWP1,-0.6869525183734676
XIAP,-0.25038748891449
YAP1,-0.2812981238778914
ZFYVE16,0.7786468583532947
RPS27A,-0.7757957063958252
RPS6KB1,1.684463770034923
SHC1,-0.3394166254942208
NEDD4L,1.8883303967072926
PML,0.3488160532332435
PPP2CA,0.268790568342203
PPP2CB,0.3627796962847617
PPP2R2A,0.5732184326074028
PPP1CB,-0.8405775703271355
PPP1CC,2.2417825400643197
PPP1CA,0.5811087428572803
PPP1R15A,-2.3328720023281693
OCLN,-0.6307663495462621
PDPK1,0.00783663218942526
AXIN1,-0.8972163578916943
CSNK2B,-0.017240653745403223
F11R,-0.6338454272001104
DAXX,0.5615298490205858
CTNNB1,2.8768023892659884
ARHGEF18,1.5991960711501314
AP2B1,0.829882746217977
PAK1,0.9989209508332314
RASD2,-0.47107911469430164
SQSTM1,1.113372682853034
EPHA2,0.23397967466097414
ITGA5,-0.6008178123630191
TRAF4,-1.1907104044628973
DLG5,1.2463080486825238
ITCH,-1.136599407531043
SMARCAD1,1.377416125190628
VPS4B,0.20241998229395805
FNTA,-0.18443133236551984
MICALL1,0.01469320858814113
PPP1R16B,0.03317360069921622
HSP90AB1,1.937089228265874
NDUFA13,-0.5215029293234529
STK17B,-1.7487761612801307
SCAMP3,-1.8028028935321536
SSR3,-0.5036364154337288
HEXIM1,-0.2403263350535152
ZBTB14,1.0321567941716596
GOLIM4,-0.1786991861241656
INSR,-0.4398943710182159
CCND1,-0.035427898818310606
PSEN1,1.6191892371624312
ADAM10,1.7079427770006599
ADAM17,-0.19067550751716994
JAK2,0.5125238379738267
SLC2A1,-0.9238883075516562
DLG1,0.7530273318671726
CTNNA1,4.054686166768597
ACTR2,0.07517486272851327
HMMR,0.21375792636486982
BIRC2,-1.1913140893598981
MAPK3,-0.11127852208160825
RAP2C,-0.9289279746608826
IKBKB,-1.3909767258708348
PARD6B,-0.001270638739438118
CDK13,1.934484890812252
CDK4,0.24429352383251987
PIK3C2A,1.6896396800254831
HSP90B1,0.25687933854340245
GRB2,0.07746436015145977
PKN2,0.44524838605201544
ERN1,1.0828814737571482
RAP1B,-0.2498776611922084
FANCD2,-1.347057805380374
ATP1A1,0.7673319232658363
KRAS,0.7102043516873584
PARD6G,-0.049836487302411595
CCND2,1.9828765267573485
STAM2,1.5577844314905354
FZD5,0.1406522110358015
CBL,0.13146581824630027
ITGB2,-0.013477840079502926
CHUK,-0.6556358138442265
LRP6,1.0400544135399605
SYK,-1.2101360341250356
GAK,-0.5441165655601368
SNX27,-0.8931724509868968
CLIC4,-1.7083499220337217
MAP2K1,0.3233460869786921
MRPS35,-0.49720265778611855
USP14,0.1456420588634617
MAP4K4,2.0502488198437216
APP,1.085494938333956
CLCN4,-0.909506960265691
SH3PXD2A,0.09561014241723821
SNX13,2.4128661305539074
STRN,1.0623417963563804
CRK,2.333100549180787
SPPL2A,0.8604059028885719
RAP2B,-0.27314748460424504
CANX,0.8325477472002552
TLR2,-2.0493849308285452
CCND3,-0.5537368360470276
SEL1L,-0.9860107920273381
CDC42,0.863120944047968
GNB2,-0.8305349973525279
SDC4,1.8910722145501297
KDM6A,2.0020094520263503
GNAI3,-1.438193074942544
BIRC3,-2.1476662338032093
MAPK1,0.9502015526296738
PDCD6IP,-0.5823241622468324
PSEN2,13.580346422605997
FLT1,-0.6922902504079889
TAF4B,-1.0461787244329404
RAB5A,0.13973493885078567
CDK1,0.11645163170059905
NRAS,1.0977761349195863
AGO2,-0.3449464123214791
SCYL2,0.47354242038462574
GNB1,-1.6616772972383271
FRS2,0.04624042098623445
GNB4,-1.0778056272333276
NFKB1,-2.3893364829464687
RAP1A,-0.4583391408789569
NCSTN,1.8744695078081048
RLIM,-0.8466711161000188
AGPAT2,-0.5745381250148546
PPP1R12A,0.8998343162886364
HSPA5,0.06106961554404018
SDCBP,2.2197368230827097
MAP3K20,5.084186522251674
PTPN11,0.09779367986069178
CLCN7,-0.39403644760770284
CDK6,0.8438386178504866
ATP7A,-0.6127338955418583
PGRMC1,-0.9304355350033461
MAGT1,-0.8913352678819115
EGFR,0.7081349022649364
MAPK14,0.5090795944827545
HNRNPLL,1.384035835224934
TAOK1,2.341454590216604
PSMD2,-1.663208732513836
APC,-0.12865689573687047
PTPN6,-2.384432086628621
SCRIB,0.29855710803440244
ATP1B3,-0.03397668926660889
WDR1,0.24394412179692612
PDIA3,-2.0624286661820346
NCK1,-0.6577660448581097
RAB11A,-0.42407644721045046
ROCK2,0.2509097675214721
KIT,-0.6817191775968506
CCNT2,1.0169487334657594
VPS35,-0.3287554216139115
IQGAP1,-0.40041738554012896
RHOG,-2.7093539148570582
TJP1,0.48512238364619836
DNAJC3,-1.383821685200083
STT3B,-0.26770920632328143
ARHGAP5,0.38781197011305274
AFF4,1.5594231019094678
RAB8B,0.3420581230446137
XPO1,-1.140922044567899
NOTCH1,0.9041986000951465
ACTL6A,0.6991816535089769
PKN1,-0.16391957443256902
RAB23,0.48364188261822044
EZR,-0.34266579384307294
GOPC,-0.29509298029399955
PTPRJ,-0.34086055814596755
SLC2A3,-2.251885781297894
PLD1,0.23381197829757916
MLEC,-0.2729626667637467
B4GALT1,-0.056763772921644536
ADAM9,-0.2025888673966899
DUSP12,-0.18780619315945304
DDOST,-0.14986401852863576
SRC,0.7416154720714208
FLOT1,0.573687984850521
TNPO1,0.9344346668921617
VAPA,-0.5741735552238602
CDK5,-0.1461547673161629
SUMO1,0.8853755683815349
SPAG9,-0.014895244069520575
MAGI1,0.3014748494742411
VAV2,0.1539633853128917
AKT2,2.1502910095974546
FAM76B,-0.5767458381511812
NUMB,-0.46966367688439464
CAV3,0.4986112349914039
PTPRC,-0.5883356001350348
KIDINS220,0.7949159237628344
TMEM30A,1.2769965078760404
MAP2K7,0.1910860257401711
MYO1D,0.16252033917231595
TRAF2,0.06419535347954
PICALM,0.3394852907309668
FEM1B,-0.4877828517936817
IMMT,-0.9877911026124472
CDK2,0.18893613185851946
CDK14,12.591010717011796
CCNB3,-0.07670919151647936
MOB1B,1.053814553997485
CCNA1,0.45550562567523145
HYOU1,-0.8180690686805562
SDC1,1.6151134075260667
TLR1,-2.10360142924891
TREM2,-0.047662221342230464
WWP2,-1.3610420116146749
MIB1,-0.007424776789483225
PIK3R3,0.987627963956768
TAB3,-0.6974274499744463
RAN,-1.3581958734048103
FAS,-1.804050520467008
NOTCH2,-0.11356338269407507
JAK1,1.072472811274302
GNAQ,0.5845063476820384
ANXA5,-2.378083268724041
PPP2R1B,1.0218064940554399
WAC,1.9084299387901276
SETD1A,0.6264018990628666
DGCR8,0.6285840265916904
RAC1,0.237480646371988
TFRC,-0.6360257733513008
NEDD4,3.3651434604933526
MAP2K2,-1.8523725979356467
RALA,0.9918142756180582
KCTD20,-0.1033169815167493
BRAF,2.2981228983496687
PAK2,1.2780714999053666
ATP6V1B2,-0.18729935805612422
JUP,0.15930476748737565
CCNG1,0.4764622228854736
CRKL,0.4135800160248923
AP1B1,-1.0106362558695392
ANK1,0.4205122046887383
AKT1,0.44031075297696015
UBE2I,0.28152012139114985
PIK3CA,0.880403488424105
ITGA6,-0.10885284403526728
HMGB1,-0.5737877889981343
PHKA2,-0.7961565747416166
EP300,14.200316723574316
ACTB,-0.13725278308510194
PRKCE,0.08070472220742266
RHEB,1.6439081151739428
SNX25,0.2441594435345558
MEF2A,0.9482015927223522
ARL8B,0.7689106599123966
CCNB1,-1.191002871066119
ATG5,0.2913119370817461
RPN2,-1.2964653542039435
MYO1B,0.06995024949466487
TRAF3,10.704531358854261
CCNG2,0.2948359377862797
STAT6,-1.816145306579982
VAMP4,-0.08415928691870343
RPN1,-0.35743464127936914
NIPBL,5.201981234280827
RBPJ,0.02662574668664757
CCNL2,-0.7246603636789706
SLC2A4,-1.1839689264051094
RAB5C,-0.9587102805342798
SRGAP2,0.7619986903030465
RYK,1.5859929119329854
SFT2D2,0.7242475176747492
CSNK2A1,-0.2870892054996527
FLRT3,1.1000372895860981
FLOT2,-0.16395476029058179
HDAC6,1.1720011869060298
BIRC6,0.5466110125204132
RPTOR,0.8325215906137808
RAD23B,-0.5991301254914863
BRD4,2.6335131459932586
LPCAT1,0.6538984133313921
STK4,-0.04182601898047387
IL10RB,-1.8063574521488697
RAB8A,2.7953957041771043
RAC2,-1.5764954575823515
SAMD8,-0.5366933973085822
MYO5A,0.49359388882004684
PPIG,-0.20491435579990458
PUM2,4.313979491507483
PIP4P1,-1.480712316465204
ATP2A2,0.4818594643596222
CASP3,0.10938642604394383
E2F5,-0.9636495860094382
ICAM1,-3.1224842005396614
SPRED1,1.5690949726462953
TJP2,-0.613009115454997
NPC1,0.2460886678408367
ABCA1,-1.32425202065517
VDAC1,-2.8239579325652846
RBL2,0.5467638965255348
ERP44,-1.2487092887629492
ADAM15,-0.3290252770022725
RABEP1,0.005299254083943876
CCNB2,-1.2886062590626182
PIK3R2,0.8065261843311095
P4HB,-1.2776388004930759
SNIP1,-0.06499476670982388
DLG4,3.690409625554804
RASAL2,1.7235176754664465
MDM2,-0.6395957999461158
PTPRD,3.76474121297823
RAB11B,0.053273193217888676
NR2C2,1.09717640201264
OXSR1,-1.3512407075456878
ITGA4,0.5927440807261943
ANKFY1,0.750798876205998
EXOC5,-0.32045169916617444
PALS1,0.5180030945635358
EIF2AK4,-0.17920493371931
IFNAR1,-1.4620781792385735
CUL1,-0.9286892139306737
FURIN,-1.2735671282699608
MMGT1,-0.5896997461524861
PSMD14,-0.9062444742372231
FLNA,0.07041587850593119
EMC1,0.12887933237657873
YIPF5,-0.5027702064257437
SOX17,0.27174669725404105
VCL,1.6336581798387009
AGO1,0.229173147830603
RALGPS2,1.0000249304122977
ACTG1,-0.07841300772858424
PPP3CA,0.6480931972234972
UBE2N,-1.6947475737065976
ITGA3,1.151496523300302
SNX2,1.5713339608030448
RASA2,-0.275305054712097
ANK2,3.292469354723052
BCL2L1,0.011562204848189619
AGO4,-0.7346542455412998
PIK3CB,-0.3105694444557062
ZEB2,1.6639229335999526
BSG,-2.1251763185278354
PPFIA1,0.11459501399979242
ILK,-1.2698912010547376
USP9X,0.41754935252543623
ITGAM,-2.3382436616047038
ERBIN,-0.04855844934930313
CSDE1,-0.15321553816091257
VDAC2,-2.3199548580449143
E2F4,-0.1909046502270788
RBBP7,-0.13021989917233354
MET,0.09163860990185292
TLR4,-1.0901580795381929
RAF1,-0.619236243639793
CTSB,-0.909431146342817
NLGN3,3.7047873202424904
UBE2D3,-0.48091819354223947
MED12,1.18375597449765
S100A11,-2.468426460652335
GNA13,-0.63778508378988
KDM6B,-0.9160391430891762
YWHAE,1.1392088230940072
HERC4,-0.05776973946806915
NCF4,-1.7608312001664184
CISH,-0.7918619145290932
ATP6V1A,0.9347339260413783
PTK2,0.40636039989347844
SPIN1,-0.5224790943023275
HDAC4,0.40333583558179326
RHOB,1.8452966773126849
ATP2B4,-0.3427925568871653
RASA1,1.0529587912800942
GLA,0.04085326530229073
PXN,-0.9949184581140894
DNAJB11,-1.6726284010875614
MOB1A,0.15298178711875673
ITSN2,0.10388465748116608
F2R,-2.073938229282502
RICTOR,3.080305776810885
NMD3,0.10005330034116615
BCAP31,-1.3883623940533156
SKIL,-0.6141059355747409
RUNX2,0.4540495357775732
DACT2,1.0737427374571094
CXCR4,-4.0829848499561185
SP1,1.321567755719136
CDH2,2.5377075679388414
SOS2,0.6896118473242391
ABCG2,-0.15803315686243152
USP11,-0.5862852809770247
THBS1,-0.7645593645719868
PTEN,2.1646928833007437
EEF1A1,-0.40181476799149546
YWHAZ,-0.8106873239728105
KEAP1,-0.2074905008367714
IL1B,-2.0269731500788635
IL13RA1,-1.7901654787496664
RAP2A,-1.0023256114315495
IGF1,-1.407757386612296
HIF1A,0.7426706493935747
JAG1,-0.5369137801467574
RNF111,0.9057546502116185
CDH5,0.7254225447409733
MAP3K1,-0.8312695394920403
MAPK8,1.031291183401445
HSPA4,-0.8363409214611434
TPM1,-0.03199299059892542
TSC22D1,1.3835319882473232
HGF,-1.303908630329465
MAX,0.58910982904964
CHSY1,0.16238090459606777
MMP14,-0.4437858196563238
RNF11,-0.7784266090886357
SMO,-0.2770351325244317
PTCH1,1.7551328325518625
CLU,0.913573186373163
APPL1,0.8793243187830163
VHL,0.6873729666872906
OTUB1,0.5781971351859051
PLAU,-2.2917005499811762
TOLLIP,-1.3825647156560972
RANBP9,-0.19092803323332697
STAT1,-0.15751396583728874
TIMP3,-0.3729179582393097
STAT5B,-0.5157357927153591
RASSF1,0.6349084116383354
SH3KBP1,0.36862268972357104
TGFA,-0.44901557077720755
ADAM19,-0.744103027954641
PEG10,-0.1874493266630492
USP2,-1.50891852148629
EEA1,0.2792255709972975
RUNX1,-0.5449393165259175
NF1,1.5368148496852525
CSF1,-1.6679969070857419
ANGPT1,-0.8475326765638813
TP63,0.46657697937387527
ARHGEF6,-0.05749230058944575
PRRX1,0.5676034069836133
ETS1,0.30131050614402577
KITLG,0.2671825217916625
FZD1,-0.5783955279889624
FZD7,-1.0291551596706494
IFNGR1,-1.274971782447759
MAP3K2,-0.1399341653944216
CSNK1A1,-0.6717067343549465
CXCL1,-1.9035480353742105
ALDH18A1,-1.895274228597618
RGS19,-2.048499931476481
HDAC1,-0.029027003022167156
CYBB,-1.5553384488333017
MMP12,-2.5284721989132017
ADAMTS5,0.6354792994447303
SETD2,1.656101778502062
LIFR,0.2321463078628571
APAF1,-1.803633779469639
DACT1,2.581653609058085
SOCS3,-1.9540324781878853
GOLT1B,-0.7422921659860374
FGFR1,2.2729972436328585
LDLRAD4,-0.299180940436665
RET,1.0545338694486421
SCARB1,-0.6661371086621753
RHOJ,-0.7374513201047809
LAMP1,0.5488860507704159
FOSL2,-1.767993891483379
CXCL10,-1.84848296294879
STUB1,-1.5146804603677173
EML4,-0.12546521415760278
CFLAR,-0.7258435400891813
CXCL5,-2.5497246845781167
SCARB2,0.576331891697147
HIPK3,-0.5331059524540752
NCF1,0.15712219021504106
CCN4,0.30742733894347096
VEPH1,-0.2325539101019765
OSMR,-0.15232890055831447
TNFAIP6,-1.8729139137854094
ATF2,-0.4503065307591407
PTCH2,0.39895987686306594
MEOX2,1.795319928831217
SOCS5,1.1516723570000456
CD86,-0.7629687203735145
SULF2,-0.3476745895142474
TTN,1.0200644072143579
MAP2K3,-0.26115656005839266
MAML2,-0.8645277566596664
WWOX,1.4844077968533032
LEPR,1.294027223103254
STAT2,-0.4053931262646624
ARID2,1.1325784889470816
AKT3,2.4989178748991474
DSG2,0.4373906433767036
EFNA3,1.1556297380448461
UBE2Z,-0.07074447272358832
IL6ST,-1.7892191283756338
PHTF2,0.6651123174065727
FBLN1,-0.16498043042636656
RB1,1.1252244149533561
HGS,-0.1799740399464716
DAPK2,0.7997351814361249
EFNA1,0.7894849635979455
CSNK2A2,1.176489397619748
COL15A1,-1.355006803120016
UHMK1,-0.39216698603251965
IRF7,-1.3459457370128227
NRP2,1.785686293435279
CASP2,-0.1250825243396698
NDUFS2,-1.635143258215514
CDH16,1.6240313318982826
FOXN2,-0.890572185135469
DNAJC10,0.8212300435365344
CALD1,-0.34470889154783774
CRIM1,0.6382584746544515
NDUFS8,-1.8591941258895328
CSF2RB,-2.3450582891318765
CXCL16,-2.588562100142733
MME,1.147424168650079
HSPA8,-1.0209092830659083
IPO8,1.4698964581765743
CSNK1A1L,-0.8954839531242196
TNFRSF10B,1.1995791695456715
HSPA13,-0.8131049295566087
TRAP1,-1.568183422383125
DAPK3,0.3710854015045188
ARL5A,0.772628050990001
GNB3,-0.5180900029725488
RPS6KA3,0.3321341293328639
CLGN,-0.7250858493769266
SOAT1,-0.7067617496794828
TMEM43,0.5442931607347091
LPAR1,0.36942653174119877
UBE2E3,-0.7478467574253298
UBE2W,-0.864582160796434
PPP2R5A,0.10091356656640742
NDUFS3,-1.4936418016688315
SOX11,2.311015292662962
RAB14,0.007300310182698552
HTRA1,-0.18975780941537337
NDUFB7,-1.78227746076914
CGGBP1,1.8716554093655582
CDK17,0.048633243287092856
EFNA4,1.758512270465258
OSBPL8,-1.147681953314749
DUSP6,0.2758165729637341
ARL4C,-0.37576242950129607
RRH,-0.7226472149955165
STK35,-0.35266091208923844
TTPAL,0.2716523076738229
PLEK,-2.1270935032907663
ENC1,-0.9649830804271855
FBXO24,-0.6778127307375752
DUSP10,-0.6139531645148926
STYXL1,-0.9171415154398751
WDR13,-1.1357575839660319
CDC42EP4,0.9364467376890456
ILKAP,-0.7288874798002282
PLEKHJ1,-0.4076712565637706
RASL12,-1.1938639981610117
NKIRAS1,-0.7419887720682411
PLEKHB1,-0.5282788995686294
NAT8,0.09654081489287077
DUSP13B,1.2102956395163835
FBXO3,-0.610242160495592
SNTG1,2.560280177331528
PREB,-1.1958018158738264
KLHL1,-0.6247990464379307
ARL4D,-0.01532459599851368
CHN2,2.229525234723438
RAB25,-0.1299162099280679
RTKN,0.7001385151530112
NUAK2,-0.31407161314417575
RAB34,0.8666964908690427
ARHGAP31,0.15008929258983408
ARL13B,-1.5589729981591975
ARHGAP15,0.8151857063394152
DCAF12,-0.08287227158273437
TSSK4,-0.8617013495732321
PREX2,1.6688329856836284
CDKL1,-0.8128573488620655
RNF138,0.0713964317146742
SAT2,-0.6026501475079078
RNF130,0.17167794944150555
RHPN2,-0.6793508525086863
MYO3A,-0.09136703030685492
NOXO1,1.132203935581805
RHEBL1,-0.44772699099661006
OSR1,-0.741681031439743
SKAP2,0.28779191197590337
CHN1,1.474553057566076
RHOD,-0.9345357382403614
SOCS6,-0.7057622429386546
PPP6C,23.197094300298897
RHOBTB1,8.143274824350266
TNNT1,0.0389493458547066
RAB3B,9.243018010414954
BCR,0.8093235056883141
UBXN1,0.3893507690235735
ITK,-0.05951287887214096
CDC20,-1.5723086860604936
ATG16L1,0.20982619256413823
TTC27,-1.4171131006228206
USP45,0.41740482740499885
NEK8,-0.13329987194844511
NUP37,-0.7774315442222938
DCAF6,1.9697410003803475
GIT2,-0.4348826470498164
RHOH,-0.9485700071581575
LIMS1,-0.06402133782124475
PPP3CC,0.7611737775763033
NAA20,-0.6955944449681474
RAB38,1.2636667989019181
RAB13,0.6355687094589144
FBXL12,0.7712531122134518
ASH2L,0.18840974609113087
ANAPC5,-0.4702517900315251
USP21,-0.05566716381887659
RPAP3,-0.68164541962714
MKNK2,-0.5797849069307588
NEK6,-0.5321053257229178
RAB6B,1.1354974342325708
RNF146,0.4365812265649538
FANCL,13.704594731070852
STX8,-0.7100568159258995
WSB1,0.7513072849308117
POMK,-0.3371273995226857
FBXO44,-1.3233979548244637
RNF185,-1.700837793969497
TTC1,0.05147891438826886
FBXW5,-1.4739750639263705
WDR33,0.44627595861012187
POLR2J3,-0.9622382835658251
SKIC8,-1.0915544016637104
RAB33B,0.6020472716114684
RNF5,-0.8669501987981116
KATNB1,-1.5514103169442381
BTBD2,-0.2623643935512506
PRPF4,0.6311096238081321
PPP2R2B,0.12140347132621457
AURKB,0.019596922208743036
CUL5,-0.6674791135162672
UBD,-1.726475570553834
HLA-C,0.052805981665459405
HPCAL1,-0.735171514582193
INTS7,-0.07927674876907086
KLHL35,-0.06994735140547907
CPD,-0.9397795483381133
PVR,-0.8378666867137174
SGPP1,-0.1648749090704617
MYADM,-0.597894714851237
CYBRD1,-0.8413680947851969
LNPEP,0.22100238105283646
PRKACB,-1.205766314000655
PRKACA,-1.2735945084918803
PRKACG,-1.4756849264543455
ITPR1,1.1786378604365544
MARCHF7,1.065959592451942
CALM3,-0.0008246398396212102
CALML4,0.929847387607296
CALML3,0.8906072720086914
CALML6,0.3406305896800361
CALML5,-0.34592803730470634
ZEB1,0.5204192636869571
TBX22,0.41460099577203885
CALHM2,-0.6338473362832762
NFAT5,0.4819716914900471
FAT1,2.9786672490065498
NPLOC4,-1.2484148530126908
CXorf58,-0.2897582847843731
PIGV,-1.1225492700754465
RCE1,-0.9614029047384399
SCUBE3,-0.34634693694605756
PAX9,0.5255437856017782
KLRG1,-2.6774758459062653
PCSK7,-1.009993771083539
GDF7,0.11442157621174119
EIF3I,-0.6724501932168164
FGFR2,0.02889215884256556
MFSD10,-0.9100719935631152
KEL,-0.7612850719538623
BMP5,-0.8343134886122866
MLH1,0.001127297000860596
FGFR3,0.04083869074345101
RPS6KA5,0.8532823727757115
GALNT11,-0.910943832648579
MYNN,0.38546943383676174
ZNF510,0.7198366061363136
MSH3,0.9078925528484514
RAPSN,-0.8443963514787526
PRKCA,2.2515070910085635
RCVRN,0.6704818352376176
SLC44A5,-1.1234740272886485
PLPPR1,1.7837717670134474
PRKCD,0.7632205660491678
SP6,0.9688579661572095
FMN2,1.8019542752522075
PRKCG,2.8014449564166193
SNX20,-1.039925066692297
BMP6,-0.7564561638026558
TRMO,1.3786978356676491
TMEM200A,0.6471983913674672
KLK8,-1.9834759730315883
DENND6A,1.1089482761024905
SNRNP35,-0.5479402472826167
FADS2,11.685682986306563
JUND,-0.0581056345418431
FLI1,-0.7018302088556424
FOS,-0.4358228553621219
FOXA1,0.5023174027223364
GATA4,0.33855798020880346
GDF15,-1.7013697036746942
SPI1,-0.6649821809160399
SP3,2.2107244305423
TCF7L2,0.03857242250560754
UBE2M,17.9864714129944
NKX2-5,0.6377097168123612
NEDD8,-1.9416021796128207
PPP2R1A,-0.08247451635455202
CCN2,0.7941102150583881
BMP4,-0.4337750424941428
ERG,-0.040155219145988755
EGR1,-0.8433341802799256
ETS2,-0.4657365533808966
ETV4,0.1469878737815499
DYNLRB1,-1.5804712012145659
BMP3,-0.9170020379696022
SPARC,-0.9098577632144472
FSTL1,-0.29068340606188053
NEDD9,-0.5890726396568668
EMILIN1,1.3706563915139216
LYN,-1.0568116071946572
DHRS3,-1.2624659200222719
TNFRSF21,-0.344472339518529
TNFRSF1B,-2.8417176447688095
CD83,-2.767871186129219
HMOX1,-1.5137515427021113
PRKAR1A,1.6088058449145808
SLC16A3,-0.12058766837307976
ITGA1,-0.27427254243258714
IL4R,-2.7582322581590786
AXL,-0.3372576682696872
ANTXR2,-0.5616677143514786
MYOF,-0.06564074078954153
IL6R,-2.147558937278646
HYAL2,-0.9263609825866872
CD48,-1.6996601966726117
NOD2,2.328396208720748
MYH9,-0.6736768683335559
EVI2B,-1.9565764972658561
BTK,-0.48790503560508347
CALR,-0.52944587113643
CAVIN1,-1.6731336815666016
STAT5A,-0.5537161132562181
ELK3,1.1928464186449053
LCP2,-1.3985675330929428
SELPLG,-1.8427010551482408
CD58,-0.6988997385516849
RIPK1,-0.9774561619852138
CD9,-0.5082794823006772
CNN2,-0.7230411252344335
CTSD,-0.35247228024825805
ABHD12,0.38960721520259545
S1PR1,-1.5338420874554386
CD302,-1.6480753626965667
PLAUR,0.8627650891774655
CORO1C,-0.5567728387198226
PGK1,-1.5167718567070452
IKZF1,-1.7638930919774465
CSF3R,-2.473176817572993
LRP10,1.0167733459416688
GLIPR2,-1.3819708021979635
LAPTM5,-1.2724336653939992
TFPI,0.11153539136423699
HLA-B,-0.22895106290902836
MSN,0.20510359392585018
B2M,-0.1342703696258013
TLN1,-0.7975116053077685
CAVIN2,-0.3733422872898284
ARHGAP1,-0.9540228070165853
SH2B3,-0.4974660484435224
GNAI2,-1.356747943381097
CD74,-0.659172657466057
HLA-DRA,-0.07378436861900865
PLXND1,0.9103444051334241
PECAM1,-1.8788975508903214
ANXA1,-2.1197025108264045
FCGRT,-0.6210380265838388
TNFRSF14,1.2777315129050315
S100A10,-1.180861380216526
KDR,-1.3262031427921268
TEK,0.044691477294747366
PDGFC,-0.13591969375224747
TSPAN4,-1.0994835199472437
LPAR6,-2.293370131535131
CD40,-1.3559815733690312
RELT,-0.7174610860587746
FN1,0.5278372364542525
DYNLT4,-0.5865575040943589
IL1R1,-2.992455057619325
MYC,1.653206326856953
PDGFRA,0.8009856843121366
LGALS3,-0.13557815685648641
STAT3,-1.2152665301764767
JUN,2.816193313359424
MYLK,-0.21002635033374936
LOX,0.30421933402515794
ERBB2,1.3571630282900042
CRIPTO,-0.00516976574949993
NLRP1,-0.3952605718436084
TERT,0.22518687309808572
CDC6,-0.1931933695643756
TM4SF1,-1.3344812162288895
SPSB1,-0.297420759648303
AXIN2,-0.31779820555500427
LTBP2,0.20296658131815445
REEP5,1.0421698036962899
CASP8,-0.5740436431900744
CCL2,-1.8706427387697153
EPAS1,-0.45904512719760043
TIMP2,-1.3930863870874814
ACE2,-0.19142545792134935
SIN3A,-0.08580853034504511
PTPRS,10.357803661852417
COL4A1,-0.6716050159349527
IL1A,-2.186096178816007
BTRC,-1.1583411244600699
PLEKHH3,0.8636717098901597
MFAP3,-0.22906658510610456
IL7R,-0.857839902274166
COL6A1,-1.035959888236788
CASP1,0.10443001584403491
ELF3,-1.6244746772974665
SBF1,0.18293108071298086
CD59,-2.407507782090422
MCL1,-1.3807863906275522
FAF1,-0.46601605165968973
CTSS,-0.39871782888577456
PKM,-1.6515763988121352
ENTPD1,-0.31589294215669483
SIRPA,0.25424483451384405
MAF,2.5852348107371506
NR3C1,0.8570608066484087
TGFB1I1,-0.8805413485489059
WT1,-0.4893126234415944
SEC63,-0.014608199842016459
IDH1,-0.8480533701895493
FANCC,1.450706185476026
NFKB2,-2.259431822312313
PTPRF,1.9581964134136418
IDH2,-1.7641651826505234
RRAS,-1.365331933069201
CCN1,0.34584241722787573
CDH11,1.975925930135337
UBE2H,-1.5839189953809174
DUSP1,-1.7606809211631786
C1QA,-0.7242789017970815
PPARA,-0.042000365011348316
AHNAK,-0.18362893383924497
LAMC1,-0.5111606096138781
TGM2,-0.7371643968491948
KLF6,-0.5667047910316093
COL6A2,-0.6073323850609602
HLA-E,0.2605721117131786
VCP,-0.943666490347217
LAMA4,0.01976689700803909
UFD1,-0.7698432714601917
NDFIP1,0.8577127184150412
ITGB4,-0.5608851490911436
KLF3,0.8583081223611063
TNFAIP3,-2.3243487412543886
KHSRP,1.595206650129169
ZYX,-0.35122415049654115
PRDM2,1.6894935444576262
CYLD,-0.4129414506818868
IGFBP7,-0.8698547197297867
ACSL4,-0.6828542420076236
CEBPD,-2.07634733853062
TYK2,-2.3700234115304215
GPX3,-0.20447594375855588
CAST,-0.03567993286415721
CD320,-1.0217058218476045
DUSP5,-0.8102794143096121
RBMS3,7.067793939213283
KAT2B,-0.29221008694027195
CDC5L,2.1696302628651316
YY1,0.5164101724353932
TNFRSF12A,-1.5979788351712783
HEG1,-1.0791824438206783
LRP1,2.416646199868431
RPL8,-1.0374856968553023
MALT1,-1.098989665892544
TXNIP,-0.5163840334252111
CASP4,0.6260605203339756
PTPRB,0.18604644091953976
COL18A1,1.966484227851322
EMP1,-1.3699594011571836
ATP2A3,1.1992759552161134
CAV2,-0.04146985489647419
CD46,-1.7091328635723728
IGFBP5,0.3672601572849654
CTDNEP1,0.26192688276909704
CXCR5,0.1005283553873857
GEM,1.9253202089999255
PKHD1,-0.4279839829278871
LSR,1.3627573887644462
RPS6KA2,0.27328657778712107
ASPH,0.47125486227373686
TFE3,2.4735803999779584
NCOA3,0.4560716548894885
SEMA3C,0.9585321138220028
NFYA,2.4621179025550686
LAMB1,0.1505809558963853
PDK4,1.5825591880942167
WDR44,-1.3854737462330347
MTR,-0.5182918729327597
SUV39H1,1.201269016102
RPS3A,-1.7564636225794015
NELL2,0.30509084771816763
NID1,-0.2762221419933158
TACC1,2.503198913028502
TGOLN2,0.8422233331699659
RBMS1,0.7097783928864793
PTPN12,0.10022661741514459
FCER1G,-3.365241236591297
EHD4,-0.6181702989071663
FNDC3A,0.5151019453928065
ZFP36L2,1.018950262984038
C1S,-0.19529393431223924
IFIT3,-0.17106396726320086
PSMC4,-2.1668113688187702
F2RL1,-1.4043196042980446
DIP2A,0.6396368356444818
YTHDF2,-1.2122352793502904
TCOF1,-0.4311127676197644
MAVS,-2.0089641354164423
NCOR2,0.1871634857660409
ALDOA,-1.595565503233577
PSMC1,-1.021131058971441
RAB6A,-0.18466749925285134
PLEC,-0.8270330542542328
EEF1D,-0.6951974006779613
BAG6,-0.3083734292467673
CYP51A1,-0.49566803714204627
GSN,-0.4444204295672753
SSH1,-0.9759101432367644
PSMB8,1.098962084566102
DDX18,-0.6776549096796457
SGCA,0.0070856311002734365
AGER,0.7930925211270019
FAM171A2,1.4441416550637096
IFIT2,-0.6679604304456271
DNASE1L1,0.0026855006119839864
EFCAB14,1.5628951506605184
WWTR1,-1.376067860400656
TRAM1,-0.30034135962831243
SMARCA2,0.8283266010670305
EXT1,9.951502256205284
FHL1,-0.11037321660766833
TMED2,-1.4167958365025335
GIMAP6,0.9452437075015456
PALLD,-0.31614453667387754
ABCC1,-1.4408469460226925
FYB1,-0.6977178431084592
NPHS2,1.9719724492230828
IFI16,0.9731428003765792
NSL1,2.2834974436714135
UBE2J1,-0.6395359866276662
PTN,0.0031397414293637097
GPM6A,2.7637751470788308
SEC23A,-1.0578001407106363
SRGN,-1.9760893353353013
COQ8B,-1.5513084600536187
ADCK1,-1.5317199507361352
WDR6,-0.8253235941485356
CCT6A,-1.739676033928528
DYNLRB2,-1.428337300033166
ARHGEF7,0.04782375549166284
PFKL,-2.166632929165734
PFKM,-0.3841189572564062
PFKP,-1.8991657239026607
ALDOC,-1.3132224005148334
ALDOB,-2.0287259344941555
HK2,-1.4383849410780742
HK1,-0.9351461534536115
HK3,-1.5368613337745816
ENO1,-2.8391168289009445
PGAM1,-2.493010395233619
GCK,-0.7278957611991819
ENO2,-1.6652621439143538
ENO3,-2.143847779726838
TPI1,-2.075676815613201
GPI,-2.318012703505475
PGK2,0.1005751710033407
PKLR,-0.8055083784465649
LDHA,-0.6391941704574026
FBP1,-0.653215874619004
PGAM2,-0.5605929045576679
FBP2,2.061350304072947
LDHC,-1.7462063771814371
PFKFB3,-0.5036833066658952
GAPDHS,-1.4884475221912004
GAPDH,0.21271210992239714
PDHA1,-3.2907457073447044
PGAM4,-1.003408489541164
PFKFB2,-1.4214842404673356
PFKFB1,-1.098239739207473
LDHAL6B,-0.08034441595929297
LDHB,-1.283204722001053
LDHAL6A,-0.6860285950397691
PGM1,-1.330464872765609
PDHA2,-2.0029008042477394
PGM2,-0.7626350271051946
PFKFB4,-0.9318880335801596
HKDC1,-1.5206820178699945
G6PC3,-0.5101942187053533
PDK1,0.2650467778315181
PDHB,-1.5267204754459716
GNPDA1,-1.6902432746221157
ADPGK,-0.7727031048347559
BPGM,-0.48774904138151026
GNPDA2,2.301283975802817
ENO4,2.8523792145170317
PGM2L1,-0.8377312989608727
GALM,-1.8577249788770658
TIGAR,-1.8102380027510534
G6PC2,-1.4023952406065887
G6PC1,-0.14429805304414908
G6PD,-1.346558167639659
KRTAP4-12,0.5194169313090413
GSK3A,0.4617995871592036
AKR1B1,-0.2762367368868819
AKR1B10,-2.2924831681089533
FASN,-0.9452230029934491
GART,-2.022589774024871
ARF1,-1.2268596992388003
CRYZL1,-1.3905470302999556
CSTB,-2.023098059136768
PWP2,-0.34885759881574446
SH3BGR,-0.8304903484113564
TESK1,0.7397980008104185
ACADM,-1.7143219731669537
PDK3,-1.2175950485615303
GYS1,-0.9825024328530635
COPS6,-1.1284739089100662
ACLY,-0.09284010587033857
NDUFV3,-1.3356671771977442
CBR1,-2.3544279187982142
TFR2,0.7825726471943372
P4HA1,-0.6608868863597606
PDXK,-1.6779409501357683
IDH3G,-2.3640944043944825
CBR3,-1.1295845161841844
RFC4,-0.8675655707283689
CCT8,-0.652956374744403
PTTG1IP,-1.339619706375281
AGPAT3,1.32068848452336
WRNIP1,0.9127032147654401
OGDH,2.5503295062848257
MRM3,-1.7848924225388414
TKT,-0.4448226048517757
FOXP4,-0.25336361772433813
SDHB,-2.386631744415491
GLUD1,-1.5000683020711854
LRRFIP1,-0.4254781990821218
PDK2,0.2810782591058777
NEK4,-0.03509775474211169
GNE,-0.9488943784814441
HDAC2,0.035312956482417154
GABPA,0.138152687322776
TAF13,-0.8946640233100028
GYS2,-1.9928215083371046
PCK2,0.1366971778437607
DMWD,0.4065144632026938
STAU1,19.722727605620257
DDX60,0.8310039443340265
TKTL2,-1.3911402039789547
GTPBP3,-0.9832641222454419
ATG101,0.017352126508010223
EGLN3,-0.211959761627967
CBS,-0.34709818301145534
ANG,-1.1027969804041702
BCL2L14,-1.3175584716978184
RELB,-1.661061710945187
ARNT,0.747213801327736
FOXK1,1.059323886526142
DYNC1H1,-0.9838743437303767
PYGL,-0.5027256773142973
CAP1,-2.1952639402642258
PSMD3,-2.2056827231199154
NARS1,-0.96967098867962
PYGB,0.010119500274295267
ATP6V1C1,0.7433519488937049
RPS19,-1.2496216243241318
EEF1G,-0.609024338571821
EIF4A1,-0.4171150927338554
ABCE1,-1.6663439659597814
KPNB1,-0.9584012241409249
RPLP2,-1.7780323572991694
LTA4H,-0.8370560622104648
MIF,-1.5152911617756564
VDAC3,-1.401822508469529
DLD,-1.4188454740344119
EEF2,-1.0664693197911457
RPSA,-0.6185529813703009
SUCLG1,-2.5400079846557997
UBA1,-1.9281810483093895
RPS2,-1.068849743285615
PRKAR2A,-0.8492195597583866
ALDH2,0.2649873495510028
PSMD6,-1.5021494128545134
IDH3B,-2.5847209631968173
RPS3,-1.7705699904962129
TAF10,0.020009717983615512
TUBA1A,1.3885081313304821
PSMD1,-0.977178875959449
PABPC1,1.001048106922989
TALDO1,-1.5374033913439156
ACAT1,-3.244405953572743
SEC13,-0.4466528742676543
ATP5F1A,-2.0865395034686687
ADH5,0.3980975747330237
RPS18,-2.537856387474659
SOD1,-1.4684978360211431
CCT2,-0.6851507242572535
CCT4,-0.6322607825904931
PYGM,-1.744043734044861
SHMT1,-1.7822209731161913
RPLP0,0.03434823381378727
DPP3,-1.8201921610640797
RPS16,0.8757910735163429
AHCY,-2.2180693951914296
TUBB,-1.6615587734639907
MARS1,-1.38732623530167
DARS1,-1.7502915440935485
CS,-1.3270375698153396
DNAJA1,-1.2794788542210322
RPS9,-1.7274844463336727
EIF2S3,0.4520916079210093
MDH2,-1.084815511432358
CCT7,-1.6507789835512887
PRDX4,-1.4672505079503173
PSMD13,-0.5773482076051994
RUVBL1,-2.3734382399170566
HUWE1,-0.5520083104673597
CFL1,-0.5879336422896548
GDI2,1.5538947273947248
OLA1,-0.9458020541096709
NPEPPS,0.9428278754596717
EEF1B2,-2.0847731106187672
PSMC5,-0.9324692859814334
PSMA5,-1.549851437414261
TUBB4B,-1.2683124637257617
PRDX6,-0.8764382066321464
PRDX1,-1.8470928723854647
RPS8,-2.1430275671585655
RPS4X,-1.3036779018656515
RPL12,-0.26136439926576094
PSMD7,-1.2910030796100582
DNAJA2,-2.401764545739973
ARPC5,-0.30681178543571225
GARS1,-2.31307733658181
PSMB1,-1.3890022193500997
COPB1,-0.4623042300823479
TCP1,-1.318169177415384
SNW1,1.0069104544289373
GALK1,-2.2623945479703824
FAF2,-0.9816520536296532
CCT5,-0.7909114166091362
RPL23A,-0.7030391227510693
RPL32,-0.11355380032331448
RPL13,-1.2251016203796081
RACK1,-0.3263740878074487
PSMD12,-1.2461530179214129
ACO2,-2.6885021293179503
ATP5F1B,-0.5631739965262288
DCPS,2.2255070261992156
ATP6V0D1,-0.3796511651924377
BLMH,-0.9380804487166566
EFTUD2,-0.7627918174562079
HDLBP,-0.564506501389017
COPA,-0.009021693766965794
PPIA,0.1187391471164558
CLTC,-0.842754566222813
EIF6,-2.209129442898888
RPL5,-0.3909760320684736
IARS1,-2.5307893701726747
GOT1,-1.0050480463417832
PGD,-2.241299776260077
PSMD11,-1.1865476729419153
CLUH,-1.399933090617229
RPS15A,-1.1643710482242409
RPS11,-1.368271720900441
PABPC1L,-0.2838199845864911
TPT1,-1.8630535371134134
ME1,2.1778972725208523
TSNAX,0.9909304703253642
CTSA,-1.0507808433681736
ISYNA1,0.6613572057566448
FARSA,-2.15485652082622
MTHFD1,-1.9416677211928057
RPS6,0.36196538379467735
RPS17,-1.014709641558601
ABCF2-H2BK1,-1.0653135705753185
RPS5,-2.067777291945836
EIF3B,-1.6986426758686988
COPG1,-0.43579751752921736
PSMB7,-1.8499721862162861
RPL27A,-1.0492842981805484
ATP6V1E1,-0.12880494300756845
ATIC,-1.6004608674154637
TARS1,-2.1261103887671737
ARPC4,-0.8696803963383661
SHMT2,-2.4431803423128664
ASL,-1.9587041273067811
ME3,-0.6189775453481132
RPL11,-1.4339801097467328
GOT2,-0.7025442290349533
PEPD,-1.1117707130880345
ANXA2,-1.7161942104656471
PSMA4,-1.3565188610515413
AARS1,-1.9668900576691217
TUBA4A,-0.6627464555288587
PPA1,-1.0798380401918353
CYB5R3,-1.1753239557129322
UQCRFS1,-1.3345764920287244
PIK3R4,-0.19641174745188472
PSMC2,-1.3785937876288374
PFAS,-1.4275289497418766
ARPC1B,-1.236053319930363
RPL7,-0.5268191522426264
RPL23,0.327588044659665
HSPD1,-1.2230930428495062
PSMA2,-1.1913857669148138
MPI,-1.0612517257030458
RPS12,-0.6483082081504495
PDIA4,-0.6212687455968844
YWHAQ,-0.7752397987139457
SPTAN1,4.016805013056418
RPL14,-0.13506565477061666
RPLP1,-1.8337802273346155
RPL3,-0.645055994444831
SUCLA2,-1.5281617029217978
EIF3E,-0.3978937442267202
ATP6V1D,-0.14537109595819914
RPL30,-0.84489433778663
RPL4,0.09047458369800487
ARPC1A,-0.3209964433974014
GRPEL1,-2.3892634746387507
MAT2A,-1.4487755953164367
DLST,17.14138268077337
RPL27,-0.366520384737919
ARPC2,-0.30357554538422443
PABPC4,-0.8331168165524679
SNU13,-0.4997142863656529
SARS1,-0.3566891443770689
SKP1,-0.0766592290092978
PSMB3,-1.425410045577174
DNAJA4,-1.2005032525415553
RPL31,-0.6417459162078267
TUBA1B,-0.8175951801211101
PPIE,-0.7398874527511771
KARS1,-1.616868798560472
SEC31A,-0.00799162020927665
CPSF1,-2.2139770307765447
KDM5C,0.2484960993330626
ATP5F1C,0.1932932613971464
ATP6V1B1,0.7408468618676407
TRAPPC1,-1.7550000185434926
ACTR1B,0.189703284969488
SLC25A1,-2.080436685826499
PABPC3,-0.8495414468106485
PHB1,-1.0758323091712327
VAT1,-1.7305719004965847
RAB7A,-0.2591100882593543
DSTN,-1.590961619913586
GDI1,1.093900468317818
PSMC3,-1.204086001391653
PIKFYVE,1.2459850669111114
ACTR3,-0.6862218324821169
PC,-1.2538535801480506
IDE,-0.045230798934612314
CAPZA2,-0.5411562139929429
COPE,-0.8004912937162783
PRDX5,-0.4765485848281258
RPL18,0.19325891542573326
PSMD8,-2.2019432631316396
ACACB,-0.6917569997972252
NAA15,-0.4789354407911239
UBQLN4,-0.6346129029482186
PSMA7,-1.6124573527565982
SLC25A5,-0.295644857235701
DOHH,-0.9734526343037678
RPS25,-0.5059886216993943
IPO5,-0.8193719316507139
TUBA1C,-1.456440215552871
CSE1L,-1.1240334740754616
PA2G4,-0.577677156788557
ALDH1B1,-1.712588891013733
AGL,-0.8951819508111266
HSPA9,0.43180343041673
PSMC6,-1.3884923935895843
VAC14,-0.5035083197241641
TXN,-1.4193528173423466
PSMB2,-1.413662097410841
PSMA3,-0.5989400736427966
ALDH1A1,-3.264649521784247
DDX39B,-0.8445805501040867
PRKAR2B,-0.5918930726144953
CAT,-1.374136882134956
ME2,-2.677997943514521
UGP2,-2.0325309173315396
STXBP2,-0.3835518044920149
RPL7A,0.9911706305702439
DDX3X,-0.3995147498440829
CAD,-0.7982389643651079
MMS19,-0.3230215980139056
RPL38,-0.6290126320261449
PRPF40A,0.959097308255367
EIF5A,-1.423645937498805
ALYREF,-0.1342083499294162
PLOD1,-1.2481562200449312
KDM5B,0.7750361974827721
RPS10,-0.3598227872000426
OAT,-1.5829038861373188
EIF3G,-0.7665327196250898
ARF3,-0.42538982705531714
PGLS,-1.9432070149394995
RPL15,2.1615050310477857
CAND1,-0.20142813263888487
RUVBL2,-1.517378004887874
RPS20,-1.785254581890828
AKR1A1,-2.2501312943691794
ECPAS,-0.031585348053284265
POLR1B,-1.3491656046900733
ABCF1,-0.6409098260242058
HSPH1,-1.4430375438491354
CTDSP1,-1.665701513762611
GPD1,-1.2291927453928129
SND1,-1.0476611709127428
PSMA1,-0.8454300552471175
SEC23B,-2.087538817575595
RNF2,0.22113610980669882
ATP6V0C,-1.216344022580847
MYH10,-0.10156931537979148
CFL2,-1.5863122510726124
ACTR1A,-0.6707129559461774
PRDX2,-1.2122916601490281
RRAGA,0.42572972100915407
COPG2,-0.21339512361858098
KDM5A,0.3120031212481789
CNOT1,-0.8871573359654851
NUCB1,-1.135224268730886
SIN3B,0.62479874910625
RPS7,-1.717032566791428
APRT,-3.37141495081183
RPS14,-1.065290328352913
GSTP1,-0.14340347796674294
CCT3,-0.9741684586063002
DDX23,-0.5406139312136125
SLC25A4,-1.49451733559207
ADSS2,-0.05899036973158855
IPO4,-2.1395470101202534
RPL10A,-0.7390228691406723
TAF6,0.6727401255977312
CYFIP2,-0.14031542567375657
PRMT5,-1.0692133551319678
NME1,-1.040195216937161
EIF3A,-0.44900207953459476
GLUL,-1.1263606094902552
RFC1,0.5547177806709871
BCAT2,-2.0680217045766844
GLUD2,-0.45905690473228633
LARS1,-1.2807192366923035
NUTF2,-1.4642027783312654
ACTA1,-1.0676553049088375
RPL24,-2.5774383750991445
RPS28,-1.1479709410164747
ACACA,1.4314367272815915
ARPC3,-0.7797896206641025
TUBB4A,1.0579908505869433
RPL10,-1.5963268228958347
MORF4L2,-0.2674942954404335
FDPS,-1.5352623860977688
COPZ1,0.45182843335235073
MORF4L1,-0.6098715981149498
OGDHL,3.255610954907901
PSMB4,-1.428144008798657
RPS26,-0.7903155852401563
ALDH1A3,3.3260617940788992
ACTG2,-0.8220222691759357
LCP1,-2.3938423568928626
ARCN1,-0.05540320065992005
RPL22,-1.0720964209535435
PSMB5,-1.3243196266994839
TUBG1,-1.6981520839719086
PPP2R5D,0.5981281434831868
CTH,-1.449326235489463
CLTCL1,1.6306677429117935
TPR,4.688174967307134
ATP6V1E2,0.692529905710529
RAD21,0.711348377526567
GPT,-0.36453566805494503
ACTN4,1.9174261098080196
RPL19,-1.424096819991428
MVP,-1.95131268151761
FUS,2.011813083089983
TBL3,-1.037276707399467
LAMTOR1,0.5114892619165451
ACTC1,-0.052452178569594894
AK2,-0.2593840582881688
ARPC5L,-0.2494757143823296
CORO1B,-0.6459095602991698
RPL6,-0.6458467842187057
DBNL,-0.7858024277479122
EIF3C,-0.5726852102171175
APEH,-1.486524427959543
DLAT,-0.8086268113076985
GET3,-2.0202457534627025
TUBB2A,-0.6850291469355411
ARHGDIA,-2.2376252051205543
PPID,15.732558095819048
ATP5F1D,-0.2882089947670856
STIP1,-0.6615704340784906
TXNDC5,-1.1280976771537612
VPS13A,1.201295107081566
NOP56,-1.0023432503429857
RANBP6,1.0990387374654016
PEBP1,-1.7562181229112155
EIF2B5,-1.6120860011912892
VBP1,-0.602722370660708
MYO1E,0.9615431045101691
RPS21,-0.5241166034027164
RPS15,-0.8542543653546602
EXOSC10,0.37240418749380455
VPS13C,-1.1207680520042624
ZNF746,0.858714945938382
USP22,-0.05899423239404562
TBP,0.29401972500273177
NCKAP1,0.14249084226294947
ACTN1,0.41300839328501415
ATP5PD,0.9519666585422322
CALU,-0.6673396734023646
PDIA6,0.1757654583232815
PSAT1,-0.7712173120456369
CUL7,-0.24500286645980326
POLR2A,0.4815749415080052
TAGLN2,-1.5679202606461842
HNRNPL,1.18802356951767
POLR1A,-0.46843116362913384
IPO7,1.1431647286311308
ATP6V1C2,0.9733859110560807
PTBP1,0.8869930543762113
RPL17,0.16799286629716131
SEC24C,-1.810801116782093
GANAB,-0.08175315658720628
DNM1L,-1.3837996382074775
FECH,-1.9060703514959167
EIF4E,0.7338374791879091
POLR2E,-1.4622118042407133
MLST8,-0.7636991104812862
HEATR1,-0.6252404705897308
ARF6,0.7366906283796417
TMED9,-0.0033988004854198614
EIF4A2,0.31492969182326985
POR,-0.15837537416970562
SMARCA4,0.8677738337312074
NUP93,-0.7110826594058192
TAF2,0.925763291582294
MSH2,-0.20587032045925932
EXOC2,-1.4779485274713813
ATP6V1F,-0.7456988666525254
GPD1L,-0.8646631770547754
SEPTIN2,-1.2039001844298316
HSD17B10,-2.5214778073540622
PLA2G15,-0.38573790938172514
GCN1,-0.10025296317255261
SRM,-2.5009870636984055
RPL9,-1.5651814188489532
CAPN1,0.4212212633592016
XRCC5,-1.150514247746803
GSTO1,-2.059062793224573
CPOX,-1.1591419166377197
NAA10,-1.619291487453291
ACTBL2,0.3710254638047541
ILF2,-0.3589463641852202
CRCP,-0.7177134820243939
LYPLA2,-2.2144761750624324
RPL21,-1.8622312583699556
H2AJ,-1.2644004952696601
DRG1,-0.825340594379191
RAB1B,-0.2184966536014372
SLC25A10,-2.554263968400719
RAB1A,0.7560899957565751
RBBP4,-0.6429024239711665
TUBB6,-1.2650179656508684
ESD,1.3150280663757554
COX5A,-1.5178673214886713
HSD17B4,-0.7844611202207183
CORO1A,-0.9816948646533542
ATN1,2.434144437434204
PDAP1,-1.572670050177862
FH,24.146028774045813
ARG1,-1.4290805151861525
TRRAP,1.0622238901337784
XRCC6,-1.3124697091600452
PGM5,-1.775139368550167
CMPK1,-0.2645399284313806
MTOR,1.7286299158098641
PCMT1,-0.34849621768277633
MYH14,-0.9219879543546492
ACSS2,-0.4268859980810424
FKBP4,-1.3180110716633449
AKR7A2,-1.4567641612252455
IPO9,-0.4616683859018678
DKC1,-0.12151876427758398
UPF1,-0.36884685599487105
ACO1,-1.7484624162524653
HMGCS1,-0.15546381653346575
RPS29,-1.0654922272376763
GRHPR,-1.8842482504861995
PPP6R1,-0.5069664286050878
MARCHF6,-0.4860002153113088
ABCF3,1.7833413650359333
PMM2,-1.6584733436947199
DERA,-0.32338220367439363
MATR3,0.5953245438896005
RPS13,-0.7609053205219586
MYH11,-0.826775991558718
UBQLN1,0.1514895633300874
GLO1,-1.4675888107580881
CAPZB,-1.6866250014685122
DNAJA3,-1.9340454414384225
APLP2,1.4603316068581176
AKR1C3,-0.5135828128669409
ACADS,-0.21607331129591717
GPD2,-0.7877446900431394
SLC25A6,-1.5620844702594048
PRPF31,-0.24876753384436126
HNRNPA1,3.4921186002125477
RRM2B,-0.12274017987947465
UQCRC2,-1.9425358050484787
RRAGB,1.1173294753983725
EXOC3,0.7203723269372638
ITPR3,14.586342707533488
ETF1,-0.5531870975398822
CYB5R1,-0.5017398431746418
ALDH4A1,-1.7600493922086604
GALK2,-0.7410892979821774
PHGDH,-2.1634542671860157
ALDH3A2,-1.360881938709623
TUBB3,-0.1235580332131636
CYC1,-1.8902009446444463
SPR,0.17087811308044987
EHD1,-0.9770536062197114
SCPEP1,-1.4080687750238632
PSMA6,-0.2308651439431735
NAPRT,-0.9671381424315071
IST1,-0.8804069362574838
PYCR2,-2.3074190081466295
NSF,1.6256592603177167
DYNC1LI1,-1.687874652147839
ACTR3B,-0.006611791133695434
AP2M1,-0.3144292534045141
IDH3A,-0.16777130544104688
ASS1,-1.2419064477325925
HINT1,-0.007854475879220545
SAR1A,0.2957763725046147
PPP2R2D,1.3815541908984492
ANXA11,-0.7998374232492056
ACAA1,-0.6709116653412862
CYFIP1,2.6489683146983776
RPL34,-2.0475252073540102
PCNA,-1.209460044109037
AHCYL1,1.3381642229891226
BTF3L4,-1.2612924676509805
UGDH,-1.6784885211337677
AHSA1,-0.03252858181648473
REXO2,1.0771224031556628
PARK7,-1.3096179581464558
ANXA7,-1.9017647903211277
ATP6V0B,-0.4135246906914697
GTF3C3,1.71446707910157
UTP20,1.1184291682887404
RPS23,-0.5275411313058955
NAPA,-0.8298693420876728
BCAT1,-0.7571300959765034
PPP2R2C,-0.07331009853987011
KIF5B,-1.1737777834898895
CST3,-1.4982531143408078
VARS1,-2.511008692111157
ADK,-2.1696875263038145
PTPA,-1.4159807537722071
HPRT1,-1.3978517509391084
TAF9B,-0.7895672774746191
TUFM,-1.91898378225578
DPP7,2.2609689695764907
MRPL12,-2.2325521028396125
PTGES2,-1.356882962612331
PCBP1,0.2502482638670462
HMGB2,-0.19580446797376702
RPL37A,-0.6011453607399353
CSRP1,-1.4782562023376626
NDUFS1,-2.4434123762873137
CDC37,-0.2607607933376195
GBE1,-1.7111475164147438
PPP6R3,0.6291340471577094
DDX39A,-2.575985060957651
PFN1,-1.278506789416434
SLC12A9,-1.1992587647305555
MYO5B,0.30863933311568964
DYNC1LI2,-1.5124261951589333
DPYSL2,0.6525665037943728
CTPS1,-2.083837568322368
PPIF,-1.7246152406684705
SLC44A2,-1.3307344566085304
NCL,-0.2328016998342079
VPS28,-1.4262539787601538
TUBA8,0.8766400618358205
CAPG,-0.8262151040080125
EPB41L2,-0.42051104091768077
SURF4,-1.386145765233351
RAD51,-0.7927990920383577
AATF,-0.9236493197316409
QPCT,-1.524865062660763
SUMO3,0.6015159691746139
ANAPC1,0.10302987631491606
FLNB,-0.02784380444089232
ARF4,-2.1262660151420345
FARSB,-2.122113483429658
SLC35F6,0.2850978092038852
ANP32A,-0.7801394561167786
GUSB,-2.3178943689183042
ECHS1,-2.152900657602865
RRP12,0.7912358698103241
ECH1,-1.9901302777686543
COX6B1,-1.6706964706094323
RPL28,-0.023082285075915712
EIF2S2,0.06292885746234671
ALDH7A1,-1.4466012984877294
PPME1,0.42468759718832605
GFUS,-1.3795246550026459
PAFAH1B1,2.83919381750332
TKFC,-1.6242986607976744
RPL13A,-0.8327490414385845
SIRT2,-0.7785144570148097
FIS1,-1.4634909449972633
ARF5,0.017275610561414648
GLRX3,-1.6632149588668306
EEF1A2,-0.4932430719281315
RPA1,-1.7936821829102048
NDUFV1,-2.2116779064887706
EIF3H,0.14178567086082003
H2AX,-1.6580093690061648
MAN2B1,-0.5290129626182314
COASY,-1.7297860780999792
SSU72,-0.3428914427101446
SRP68,-0.17401684913795154
ZC3H15,0.0012159795531447445
KDELR1,0.30276952876025015
EIF5AL1,-1.8491351279201065
PACSIN3,-0.3255623091039448
RRP9,-1.2061301574858663
ALDH6A1,-1.1873476098617524
PFDN5,-1.1464850916195657
EIF3M,-0.2468006174220402
GFPT1,-1.9847695240907468
RAB10,-0.08850682222089686
SCAMP2,-0.9290430966970411
MPST,-1.2935708736516978
SDHA,-0.7589187328042744
DDX19A,-1.4165212394579834
TUBB2B,0.07360364194021733
ABHD4,-1.1631895271472745
TWF2,-0.7742989834890752
RPL26L1,4.487686833687589
NAP1L1,0.33237579463389094
GAA,-0.7839558299611492
GPX4,-1.2476039885272803
KDELR2,1.2688315487328763
PRDX3,-0.9031417159613049
H2BC4,0.5337783263689814
HAT1,-1.507330091685819
PPIB,-1.553348044137283
AP2S1,-0.16710462657244007
NAP1L4,-0.2036265562460526
MSRA,0.9518306879209025
ABHD17A,-0.8741737069256966
MDN1,1.8120383806657305
DEAF1,0.233939992515059
CUL2,-0.22785300444672732
HSPE1,-1.211670750319876
CIAO1,-1.8153442686274368
C1orf35,-0.8664990925013442
NDUFA8,-1.4946570657038771
AP2A2,-0.44113765267786276
TUBGCP2,-1.0331599511169618
ABCB6,-0.8190409032715168
ELP1,-0.7795277830480241
EPRS1,0.3351124398693773
SDHC,-2.4733194489027506
TSR1,-1.371658685343021
NDUFAB1,-3.260454593199635
LAP3,-1.050406864927422
RAB4B,0.33286502290789927
RANGAP1,23.94505654368132
MAN1B1,0.02093581073781969
CHMP6,0.21985993210446328
PI4KA,-0.28093866867851064
BTF3,-1.4031820470512268
POLR1C,-1.0187945225605746
RNH1,-1.5694557036156982
USP10,-0.05379794294981493
PFDN6,1.5669840768249212
MYBBP1A,-0.33038093311742606
SUMO2,1.0753396704111713
HMGCL,-0.5810166633124321
FAHD1,-1.160526152161233
MCM7,-1.622728115729013
ELOVL1,-1.0525360041330252
SF3B2,0.19858697305661893
PMM1,-0.7203746520759353
QSOX1,-0.8763772988826483
PYCR1,-1.7361066571257515
RNPEP,-1.7062467456822596
ACSF2,-0.8806139193503968
DEPDC5,0.7244502380445272
RRM1,-1.960824770595416
QDPR,-0.3175094836831382
TBPL2,-1.646760276000385
EDF1,-0.07365083273675936
GNPNAT1,-1.5092091558305107
SAR1B,0.24355180589138847
CHMP1A,-1.2333100843534555
RNF31,-0.006921982208533153
MYO1C,0.10133786140713688
STOM,-1.5546996033551037
GSTK1,-1.9261132706957789
ESYT2,2.000581471281952
ACSL5,-1.2348564747808282
DDX19B,-0.8480447664810764
GMPS,-0.9089568039775581
COG4,0.13269878638833205
TARS3,-1.9639714683042369
PIGT,-1.3934767192324493
PYCR3,-1.368326251079217
PSMD10,-1.1265219477664572
POLR2J,-0.25055229640500487
PRPF3,0.9087299071516014
INTS5,0.6880409090921749
RARS1,-1.418483704532847
NOL6,1.4983039307939645
CNOT8,-0.733456804956415
PLD3,0.2079153328207673
ESYT1,1.264898109336344
PPA2,-1.1226691265638173
ACSL3,-0.7995875075104009
AMPD3,0.19934828623788345
PLS1,-1.0250813264665257
GRN,-0.8542297774345241
NIF3L1,-1.178196297457316
HGH1,-1.1189058822763158
SDF4,-2.1900995388909994
AACS,-0.5366296321812782
CCT6B,-0.2880383783430592
LONP1,-1.7664275393565725
PNP,-0.14578483011162666
WDR18,-1.0142395391286667
CSRP2,0.08747197526125793
RBX1,-1.6619994753543468
H2AC6,0.873440895205332
DDX5,1.2910797765841042
ABHD14B,-1.8875882504422299
DIAPH1,0.4556454425698272
DCTN2,-1.3650402027069322
AKR1C1,-1.5924099700314565
NDUFS4,-1.5053303942486502
YIF1B,2.4398702399624934
RFC2,-0.2702407080852676
POLR2C,-0.1979049260721361
TMSB4X,-1.4374505817455443
HSPA4L,-0.22315644370698562
BANF1,-1.3357683525570443
TBC1D10A,-0.4066778311827794
POLR2L,-1.9587550370983782
GMPPA,-2.106336483192161
CRAT,-1.4940980998250686
CHEK1,-0.2405575755930156
ARMC8,2.5303371253796043
NUDT5,-1.0452745880776224
UBE2G2,-0.6405815646760235
MCM4,-1.3500506112298494
ANXA4,-1.003573000912291
EXOC6B,-0.37474994002332246
ACY1,-1.4421968233596716
HSPA2,-0.3994684653414093
GPS1,-2.05275682094119
GOLGA7,-0.8117904669560684
SART3,1.4704837118230103
HNRNPD,1.18635333923289
UGGT1,-0.5542371214145527
YIF1A,-0.8190415904290264
RPF2,-1.0765732401851973
H2BC21,-0.9390294835163572
KAT5,0.16008659161894223
RPL35A,-0.8368099858520696
DNAJC8,-0.0047751195808868096
SLC1A5,0.4649410166624032
PLS3,-1.4656598295423025
RPL36,-0.8983199035428381
MOGS,-0.1365681026278159
TOMM70,-1.6378675144607222
STK24,1.5598730542637436
MCM2,-0.3980877338808356
GIPC1,-0.5044099907939736
PFDN1,-0.9284965459487573
SUPT3H,-0.3913709136036118
ANAPC2,-0.8446479166598577
OXCT1,-1.5940945619587095
CPT2,-0.6822773645992188
GLRX,-1.6966660830804476
TOMM40,-0.6106849933808653
SEPTIN5,0.41998173490805163
HNRNPA3,1.7655982883189136
HMGCS2,-1.6234544075982735
SUPT5H,-0.07709884874947862
EIF2B2,0.10894868945576806
GCH1,-1.2617770547162759
H2BC5,-1.6065427933221856
XPNPEP1,-2.014444835994712
PLOD3,-0.6960349532253558
DDB1,-1.1058172818819931
NSUN2,-0.24687726666997684
ACAT2,-1.1177979929455153
ATP5PO,-1.4989745417111675
CEBPZ,0.23864939030369464
HMOX2,-0.5903316834986064
RFC3,-1.3770575644376353
NDUFA12,-1.499790435583243
PSMD4,-1.4882513208132848
MCCC1,-1.5897826476899446
GK,0.7015249382776768
THOP1,-1.056504300174258
TUBG2,-0.8287361768947007
VAPB,-0.3900638475469819
RNF123,-0.3685965885393813
GTF2F2,0.036723180435227334
H2AC25,-1.515316543676795
TCEA1,0.04659391420098426
CEP131,0.020019008645929568
SSBP1,-1.4270011836851761
AMDHD2,-0.2696534088845155
H2BC12,-0.7961835401996827
PSMA8,-0.8553013550483614
POLR2B,1.154570582630879
XPOT,0.7769468142368114
PLIN3,0.5554781684835273
MELTF,1.0886084081765068
RHOC,0.8715474577080093
ATXN10,-0.6758699644527878
BTAF1,-0.5633756882405192
RPL35,-1.4026319935150038
PHKA1,-0.8830342375097902
UBXN6,-1.0222803588464617
CLPP,-2.396107671315753
CDK16,-0.3886748404412971
PPP4C,-1.3682574785377808
GM2A,-1.0656782602202588
CCDC22,-1.0261946272081213
CHMP4B,0.43863345600948295
PPP2R5C,2.3942295344973146
PFDN4,-1.578524576618544
ASNS,-0.9893541357536615
ATG9A,-1.4936591205822873
YWHAB,-0.5843761345257739
SUPT16H,0.8603251074086327
TIMM13,-1.2113716647889274
NACA2,-1.056557995557602
SRPK1,0.43954736253294047
DHRS11,-1.5571746577890504
GUK1,-1.6421149146990712
KAT2A,-0.11887092214644233
MARK2,1.3328932466638679
GSDMD,0.9929293289012605
GNL3L,0.3232679002029943
TPM4,-0.7465480687307459
NDRG1,0.8617236675262481
PRKX,-1.3721064059886594
DNAJC21,0.9314986375727814
PSME1,0.3312296842892079
GNL3,2.0456251790031463
EIF2B3,-0.6686723218021119
RARS2,-1.1242678838054858
EIF3F,-0.6076169011212452
PRPS1,-0.44104779077272227
CDK12,0.6031183825606323
SGPL1,-0.3137824492431728
ACADVL,-1.7233736529645762
PRPF19,-0.9459542624271953
ANXA6,-1.3150188586010982
ADSS1,-0.6553002223067077
FAM162A,0.011791328392901977
NDUFA10,-2.0023962528001347
GSS,0.2795704980546122
PMPCA,-1.662954136743868
EIF3L,-0.12240196318167895
ETFB,-0.29379978521809685
PTMA,-0.7239770986170248
NUDC,0.9148311387825213
PEX6,-1.6959031781649252
STK11,0.45009670660989903
RAD23A,2.3134282016542183
DCXR,-2.065468534145356
TEX264,-2.264188989227513
PPP1R12C,-0.6291549507324077
LAMB2,-0.3228316197515549
RAD50,0.6880012614553724
TECR,0.5067475948152135
BCKDHA,-2.023873267123553
CTPS2,-1.544145548313572
H2AC14,-0.8742823939861097
H2BC9,-0.5833998259947806
ROGDI,-1.3757625672963736
SLC16A1,-0.9701045910470231
UBA2,-0.6026013016847304
TRMT61A,18.655092845063837
NSA2,-0.08079467717706565
SH3GL1,-0.2975620693421024
ALDH9A1,-1.462920660170722
BLVRB,-1.7923496457210848
DNPEP,-2.1526231849942925
SH3BGRL3,-0.8285460252264241
GMPPB,-1.3536633010070995
THNSL2,1.8157313805455844
GPN1,-0.009169971813741965
BYSL,-1.716496115806248
OPLAH,-1.7197984918505886
RTCB,-0.7138820667400881
UBE2L3,-0.28813645738514315
SMARCA5,2.0210997513287783
TMEM165,-1.0948698610118335
BRD3,1.3001768132691434
LAMP2,0.3740975185202821
SLC12A2,0.061742688091976
CPSF4,-0.722063730958516
TRMT1,-1.6333920139283795
INTS11,-0.7415250732282285
SF3B4,-0.956928292212802
DCAF13,-0.38115866759854566
LGALS1,-2.0346877514766346
SMPD1,-1.604970734367921
METAP1,-1.430260552343087
POLG,-1.1043502758835928
TUBA3E,-0.8490722636869661
ARSA,-1.3624436993545965
RPS24,0.8412771922811929
SRP72,0.5570523501999923
EIF4A3,-0.2031121820221037
DMXL2,-0.1877296844027197
PDCD5,-1.5661724134863941
H2AC20,0.37674936479786403
EPHB4,1.672710063708479
AKR1C4,-2.0400197981956447
MCM3,-1.8295059653685093
NHLRC2,8.322602841929903
DNAJC7,-1.1575186818893353
NPEPL1,-0.5573139824305691
B3GAT3,1.7304098524609883
CLN3,-0.7172305706449428
PPP4R3A,3.592301820874404
PES1,-0.7312807612179845
CCDC8,-0.591043218882065
FAH,-0.11379359160270401
CSK,-1.1472607446666123
AKR1E2,-1.3885004940043413
RABAC1,0.6668111039891786
DDT,-1.18994862952949
PUF60,-1.0306378489366217
LSM4,-0.8251682665604992
MVB12A,-0.7426114555778235
CDC7,-1.1077406564022778
PPP2R5E,0.11172201934849414
HIBADH,-1.4973521988033163
CLPX,-1.4665056738144149
PPP5C,-0.49641679926625915
PRMT1,-0.9639279869502474
HADH,-1.7392670615382084
CRYZ,-0.45163207807534894
NME3,-0.9210885879729375
RFC5,-0.284907961288208
ADHFE1,-0.561120192020164
DAAM1,-1.3790731877641194
MYO6,-0.07941691370962543
MCM6,-1.5815394615298937
PDCD11,1.5756476339355094
BIN3,-0.25968203580380605
VAMP2,1.2166660929695408
CPSF2,-0.5524776631245949
HSD17B7,0.8692018185748778
FTL,-1.3133124133314211
CDC23,-0.11377978865618682
AADAT,-0.512298453460821
PPP2R5B,-0.16276909452659416
GALT,-0.08259340407692344
CYBA,-1.5881361808454901
ADRM1,-2.006003411332789
GSR,-0.14852641276152145
PGM3,-1.1012233385779473
PTGES3,-0.23793293357480216
BRIX1,0.8738320836064877
PARP1,-0.7835548402934561
EIF2B1,-0.11482205291336865
CAPN2,-0.3877457659571287
CDC42BPB,0.7879645185278341
SHQ1,-0.45224117125650914
MTHFD1L,-1.3300164825795897
DYNLL1,-0.6353811383744897
KPNA6,-0.8088826068880927
NDUFV2,-1.7562004385473102
CHP1,-0.6572463660578646
DGAT1,-0.3837749068226231
SPTLC2,-1.3521009442155423
NDUFA5,-2.47721784285206
AUP1,-0.8835256467197858
MGRN1,-0.8823952918851589
PIGK,-0.379353668325411
SNRNP200,3.734214755698783
COPS7A,-1.7720481701308004
CLIC1,-1.5409716380983516
MINK1,-0.32685815854504174
MLF2,-1.4651386199000849
LRPPRC,-1.8216600862255563
SF1,1.7038737917338085
POLRMT,-0.9841883486573695
ANXA3,-0.744402950551209
EIF2S1,-1.3295420984670956
ABCD3,-1.2963173825373222
CTDSPL,-0.6275372440142354
CPSF3,-1.0248296791283855
TRAPPC5,-1.3566046877852678
PSMD5,-0.8576916013579955
SMARCD2,-1.1046667681255764
FZR1,-1.1193536309323817
KPNA1,2.41962805473111
ELOC,-1.2258035576878021
SAP18,-1.3723864291567818
SLC4A2,0.4189098393234388
VEGFB,0.1377828954748261
QARS1,-2.269585303312292
CHORDC1,-0.3943734501096241
PLCD1,2.306868014287365
PCYT2,-0.1688297035060635
PUM3,-0.6606977246384512
STK25,1.7414778740334376
CEP162,-1.074388031467369
TERF2,-0.20009030913803574
YWHAH,-0.8988404655703854
ETFA,-2.6233139328575956
KDELR3,0.1938329242111723
VPS45,0.17094771389897415
TPP1,-0.6776556706147557
CD2AP,0.7545142851303712
USP5,-1.280955159874937
GTF2H4,-1.78044990120806
TAF7,-0.02548767844220517
ZER1,-1.2681303094965124
COPS8,-1.0119013235380492
MRPL4,-2.9139765561175435
SERPINB9,-1.07643417820144
RAE1,-0.866586102737706
MARK4,-0.4952505425833231
KYNU,11.645635440668013
PPP1R7,-0.9160666068284493
ERO1A,-0.3889662269113874
GLRX2,-1.085631325303165
MACROD1,-0.7940521223485244
COX6A1,-1.3595701943563594
SYNGR2,0.6683925820943294
AIMP1,-0.06550638150106015
RABGGTA,-0.2898078121290412
PCBP2,0.3895459762398356
SORD,-2.2015651177413256
TSFM,-2.076403290393989
PIN1,-1.5025346855076505
MRPL38,-1.7487484293906186
TPD52L2,-1.0775607590494403
TRIP10,0.39803425067656834
LGALS3BP,-0.8185618353544725
AGPAT1,-0.4092506218819423
VIM,-0.9670624260120015
MAPKAP1,0.2952845497485997
DDX49,-0.4355697668389033
RAB18,0.4089265699164849
PPTC7,-0.2382499191385139
DDX41,-0.498639662345955
NCBP2,-0.20394164097502293
SREBF2,0.5478301850056723
PSMB10,-0.2537321027079843
CTDSP2,-0.22744076551090825
TOM1,0.29711817225640996
CIAO3,-1.439657476160115
HSPA6,-1.614309811731032
USP7,0.22991378569217175
GPT2,-0.934079279227826
EFHD2,-1.7121266123220722
MANBA,-0.9767268043604116
PMVK,-0.7919106863531484
IMPDH1,0.029600112640110348
CYCS,-1.9990960721662696
BLVRA,-1.231603053588103
ACSL1,-1.1561518535384698
TUBA3C,0.14914534307622118
ARFGAP2,-0.28162769724936176
PRRC2A,1.92486543893988
CD63,-1.6483637882569
CAMK1D,0.5076996440222618
TAF9,-0.4645660729663053
SNX17,-0.759127222651943
RPE,-0.7387015342223805
DDAH2,-0.24389937698239317
EIF2B4,-0.17447864212876663
SREBF1,0.10137810818114236
ERGIC2,1.4487419889738722
ING3,3.5923125270841427
MARK1,2.080649630855842
ATG4D,-1.3266295583753047
ENTPD6,0.06574766569321037
STX6,0.7365320869921141
EMG1,-0.18154308064303018
CD81,-0.7020791028423771
PISD,-1.1764862451796496
SIL1,0.9779475550472441
HIBCH,-1.8428914955624973
WDR46,0.5279546790851779
ZNF622,-0.12115907885365491
HPS1,0.04811290044732679
MYO5C,-0.8084113334992447
DDR1,0.22273026937580398
PSKH1,0.13618321175390105
CAMK1,0.8346083369292335
ANKZF1,-0.012640149602063923
AFG3L2,-0.8895339618821961
LMNA,1.0115724367179812
MEN1,-0.9252350831800339
DCAF11,-0.4674879001317324
LAS1L,-1.0629831060867374
CPVL,1.3774094156801426
CD47,-0.2724782871758771
RTRAF,-0.28460279584204723
EIF4B,-0.695493903143943
H2AC21,-0.719075820296075
HMBS,-0.15709481881125328
HADHA,-1.3958289882392212
DPM2,-1.1637805464813955
GPAA1,-1.0971567980125407
WDR12,-0.9202016723294558
RNF40,-0.25788263590762706
EXOSC8,-0.7316116013094702
PEX19,-0.6807621560594764
NDUFA9,-1.95580931165328
UQCRC1,-2.034248787144459
GNA11,0.7030855374071523
CAPNS1,-0.9617909923218086
TEX10,-0.06581659450940984
ATP2B1,0.7273251701232399
TAF5,0.22730254407328732
YWHAG,2.0113166983330775
MAGED2,0.14581184836683342
PDP1,-0.9316724770317497
NUDT1,-1.2845859551024477
TRIP12,1.057670857674225
ACP1,-0.30924082186236657
RCC2,-0.9041103229906443
PRPF40B,-0.2014760761231635
HSD17B12,-0.8260820170409241
NAT10,-0.882200992999165
MRPL2,-1.1659853028281943
HNRNPK,0.3297356846818093
ATAD2,0.2739017725098016
H2BC13,-1.1461441620825152
TMEM109,-1.1650429547186452
WASF2,0.6456400511007231
PHB2,-1.1753298384916664
PMPCB,-1.3789667339772025
IMPA2,0.639123941020272
STX10,-0.4244178223562847
TADA2A,-1.3708675381144573
IMPDH2,-1.3969070756489017
DCTN1,2.3943948764506904
MAD1L1,1.0502202764063202
PSME2,-0.10701799934078106
RAB3A,0.8756336569474776
GSTM3,-1.6895089584223677
GEMIN5,-0.20789127343412547
P2RX4,-1.4889353754135777
PTMS,-0.061902919347082426
MCM5,-1.8960231413888964
ALDH3B1,-1.048108648092995
GK2,-1.6078106040194762
SAE1,-0.5110370813833087
NOC4L,-0.41960046285731595
PPP4R3B,3.513631420110789
AP1G1,1.0366072777174402
RAB2A,0.012013296576989548
ITM2B,-0.16957081036371935
CLPTM1,-0.820141577251159
PDP2,-0.9748540151719238
YBX1,0.043208965940076
GALE,-1.770205718220632
AAAS,-1.6122807222102495
CXXC1,-0.633008178745117
NAGK,-0.8801042582161919
TECPR1,-0.6795531776302807
CNOT7,-0.09447824001634735
CUL3,0.06980567448361923
ATP1A3,10.812134276574554
PIK3C2B,1.4843591519908987
MECR,-1.413463558976715
DDRGK1,-1.0221645459658157
MTCH2,-1.4473002135373936
HEATR5B,-0.6102549003218212
AK1,-1.5645492472473876
GAS6,0.31128002522437526
RHOT2,-1.7357877209005528
ATG4B,-0.4975491537411692
PRPSAP2,-1.2147831028824772
ACOT7,-0.8128051099476946
CCDC124,-0.47177421473991177
RPIA,-2.525741106890864
NDUFS7,-2.0161637839458573
CUTA,-2.2554397408375593
H2BC14,-1.595748173845056
SLC37A2,0.159321441515709
SSRP1,-0.3012245565307592
SEC31B,-0.8549231229396977
SLIRP,-1.8203831014655147
NAA60,-0.8285076691064654
CCDC47,0.730207941871572
ARL1,-0.5768437782652223
EIF5,-0.5083002880581087
NMT1,2.9960466281458373
BIN1,0.8104022150950259
DCTN4,-0.777164579334677
STRIP1,1.9065557690994945
DHRS4,-0.043154075068513376
MFF,0.3338693916509438
LZTR1,-1.13345192904675
GINS2,-1.0549611443707418
MVD,0.6515807287804481
MRPS2,-1.6227375445183134
SEC61A1,0.07524840725102534
INF2,-0.24772490000108005
CDK9,-0.5353329570014643
HTT,9.449131702297274
TOP2A,-0.6755138749732691
COX4I1,-1.8266020452517222
SF3A2,-0.8527342119922328
VPS51,-1.0556294823992542
SGSH,0.005556777187176655
RPRD1B,0.2308595245001989
HNRNPF,0.7523942084533777
NACA,-0.8181729814519959
LMAN2L,0.0932895015396839
GOLGA2,-1.0585431240665608
KCNAB2,0.22043214572788453
KIF1A,1.8211070427804077
ACSL6,-0.7068279938790576
TOP2B,0.22902810543104082
PDXDC1,-0.25630310140797186
NDUFC2,-1.990636182185327
DRAP1,-1.7327489885729452
TMEM115,-1.644204070585407
DHPS,-0.1821573095210879
APMAP,0.11735996290630071
PHC2,1.1700961568681445
SNRPA,0.05758229083800362
NVL,-0.498626097720325
EXOSC9,-0.13632654377468137
ZFPL1,-0.2868052844878182
CAPZA1,-1.6972223468456293
ATP1B1,1.9076884207744231
TKTL1,-1.6757313308870407
UPRT,-1.396490419979849
CHCHD3,-1.625232318204856
H2AZ1,-1.2717286598231141
CNBP,0.5010094302903898
CC2D1A,1.400998879099014
ALDH1A2,-2.190995583730569
H2AC11,0.4275144213720941
AIFM1,-1.4773441126434046
STARD3,-0.7489456338235965
CBR4,-1.8252901393828622
BMP1,-1.2985444583569503
GPRC5C,-1.118103492524427
SPOUT1,-0.01631273390540501
MARCKSL1,-1.1564291451632605
PRKAR1B,1.9371996109102372
POLR3C,0.42307285821517854
SET,0.11829912309054144
RBFOX2,3.5422702185627934
DDX1,-1.0100208275839997
PNPLA2,-0.3266183527558854
GNL2,0.051102780834307845
PHKG2,-0.8302995789877864
SDSL,2.22720526493461
PDCD6,-1.323542325434984
WIZ,0.2765064007426853
ATP6AP1,-0.9438987425137304
SRPRA,-0.7017112273058786
GUF1,-0.7456911646802422
PNPLA6,-1.0657059773170117
EIF1B,-0.6547013297044484
CFAP20,-0.2752538750180687
IGF2R,-0.461727675558119
ARRDC1,-0.8025276369788376
AP3D1,0.06139089428947761
WDR20,0.31744703356211085
GLDC,-0.5068250940083814
ALG3,-0.9976278225188179
BRD2,-0.007037769546330589
H2AZ2,-0.521068049831284
HMGCR,0.36167504374809
H2BC18,-1.3188582279964287
SCAP,-0.49717681696118105
EPB41L3,0.1586704046435191
DHFR,0.20383119933537033
NAGA,-1.7804526912970242
VPS18,-0.17635257378374455
MAT1A,-2.0764394429464508
DDX6,0.6881238733524435
HSPA1B,-0.1929738829889454
PRKCSH,-1.2250229906639145
OTC,-1.1582051567138314
SYMPK,-0.03901851417265781
KLHDC3,-0.927384246534723
DR1,-0.8195040098060262
FSCN1,-1.0691343400533857
SLC7A5,0.28669452280131213
CLTA,-0.4268447198922806
RRM2,-0.2662621721228215
EIF1,-0.7828829087814495
SARS2,-2.043012223245076
TSPO,-1.792979520244694
TBCB,-2.2899877550606558
PRPSAP1,-0.5186639247164588
NTHL1,-1.8292156861166893
NDUFB9,-1.9884753636184676
GRINA,-1.3428566068073702
GORASP2,0.30842255248869027
HSPBP1,-1.2343691396076006
TCF25,-1.2810494467940194
STOML2,-1.211111837623563
ZNF598,-0.15640955028675424
SIPA1,-1.4393173311859149
DHX15,0.3938282818448494
MGAT1,1.3160821230532471
STX4,-0.3810272091760335
SRRT,-1.5189211532446965
LIPT2,0.2125162245927957
CRYAB,-0.5489244438098834
MED27,-0.07826885022475709
GLYR1,0.5155442509229389
SMARCD1,-0.23903154212077846
TAF1,3.213233614961321
SH3BGRL,-1.2215023440509558
EP400,0.6795301898640388
ERGIC3,0.21412092563457233
RCN2,-0.39098284392630106
CDC16,-0.09323871298334269
COX4I2,-1.3851062412247308
MRPL23,-1.956143698255497
RAB9A,0.7385421991680859
LANCL1,1.5494770478058022
SLC39A10,1.3007127615854892
H4C14,1.1363042819651048
PRPF6,1.4586748207057527
ARFGAP3,-1.3627980695500936
PCYT1A,-0.5319429721895758
KPNA5,-0.19893630045999253
KIAA0319L,1.5231691471536533
SRPK2,1.1863062313818147
DICER1,0.26659054717860936
NHP2,-0.7414930601617793
ERCC3,0.6254202478181006
DNAJC9,0.825180219354562
UTP4,-0.3503616798655413
YARS1,-2.0912713577818254
SUGT1,-0.7271714526733093
CTR9,2.449537032218931
POLD2,-1.4983224711729264
DAZAP1,-0.2544918009836111
TUBB8,-1.1989270380951993
NAMPT,-1.2802524180968866
DDX11,0.7932992907740856
NAA50,-1.4365482415369815
STX18,-1.260586424914777
DYNC2I2,-0.8443296751713572
AP1S1,-0.7645337945264286
FUT8,0.916453159829439
SRP14,-0.35131870390437475
GLG1,1.6840869141267252
GNG12,0.22979372686850544
SF3B5,-1.2473377512579031
TTYH3,-0.8824261704619557
TAFAZZIN,0.07105500314732048
RRP15,0.29731830437955453
EIF3K,-1.3835830471933108
AP2A1,1.6656329475922171
PTDSS1,-1.120073455053889
HNRNPM,0.3392643692581606
POLD1,-2.2219286076992555
RDH11,2.137619977792361
NRBP1,-0.5406216385400358
DNM2,0.8326118069639088
TXNRD1,-0.1450378147023562
KLF4,-0.6542183556099505
SYTL1,1.6728308714003615
LAMA5,2.0214092797628513
SDF2L1,-0.7591609563122489
NUP62,-0.9260308025502765
CKB,19.39099975076044
EEF1E1,-0.28885910476517823
DHX9,-0.21527617316407885
UAP1L1,-1.7853453398123218
CLINT1,0.011241588480453066
AP3B1,15.912708908782287
MNAT1,0.04771708479169451
CAMK4,0.41343559032230476
ITPA,-1.3973432600058933
MED24,0.3298786966344988
VASP,-0.08264251356579316
TMEM161A,-1.5240002875710197
SLC39A11,-0.010195214353148428
ECI1,-1.2553288949726558
IMPA1,1.0220724200078721
RFK,-0.2542670897814841
SRP9,-1.6661589348259214
BRCA1,1.5944306550459322
AKR1C2,-1.3165295789543867
H2AC12,-1.171472932594597
THOC3,0.14843473552511027
GFM1,0.4272510877872137
COMT,1.1333236422923338
EPS8L2,-1.2228891505957127
NXF1,-0.29414895178952155
PRPF8,1.4510894356235915
PSMD9,-2.150248624079876
PNKP,-1.4115747504433693
AAK1,2.1694888112942827
INO80,0.019282408635108737
PAFAH1B3,-1.1465986909199108
PDLIM5,-0.5679881862578008
PPM1G,-1.6008599795244476
POLR1E,0.08665035678793312
FIBP,-0.7814339206664717
FDXR,0.9319508510490766
SLC25A20,-2.5588008098499584
ISOC2,-1.9434802816284482
TBCD,-1.3672366423494873
PLA2G6,-0.06903299154936657
DNPH1,0.525607668327025
CLK3,1.9808679486514802
TRAPPC4,-0.7182819879133171
PLD2,0.01567234967699105
POLR3A,-1.2139282869903125
AKR1B15,-1.6766931135787555
CRLS1,-1.0470242909383978
CRYL1,-0.37543541877045555
EIF1AX,-0.19887129194203598
SCOC,6.760528114104311
TAPBP,1.4302530011471641
HNRNPA2B1,1.0515551741697562
LMF2,-0.282992577785229
EPS8,-0.6809350386484292
SNRNP40,-0.31952311759702706
HACD2,0.3849182717694658
ELOB,-1.929214945853717
AIP,-0.5459192951688501
NHERF1,-0.9524263610051993
BRD7,0.27677578695819777
MRPS23,-1.5981510881695697
PPIL2,0.4036432589547615
MTPN,-1.1522441855533307
AIMP2,-0.9750255375432082
PHKB,0.494864105519461
RCC1,-1.3925446795966507
GPX1,-3.0720645460303446
JUNB,-1.1657530080825198
GRPEL2,-1.530391481614508
DECR1,-1.4084893581481674
PCBP3,1.2155716863343307
HMGCLL1,0.5755768817856889
TOE1,-0.4512255908149566
POP7,-1.4229402847291963
ERCC2,-0.5092965800424686
TRMT112,-1.3786861515358806
ARFGAP1,-0.41506884766295093
PTCD3,-0.6356844795165392
IQGAP2,0.44990958489846233
AK4,-0.9370358725867254
CNP,1.5718303877295592
MRPL3,-0.41161453771915313
BCKDK,-1.9119925848956854
CSNK2A3,-0.04918623732961408
H2BC11,-1.1246175907719589
OSGEP,-1.178686181573087
TRIM27,-0.9200964381211687
SPINT1,-1.2334010045122024
SLC27A1,-2.554954932016636
RRBP1,0.4432212902608507
SMARCC1,0.5292924362897743
PCBP4,0.42941088004594663
ARG2,-0.002295289404299989
PDS5A,0.6045640271850219
ISCA2,-1.6277201668593437
TBL2,0.7086663546430979
TOMM22,-1.8696334561601349
TFIP11,0.5691051371155988
VPS72,0.2803645654615304
UGCG,0.15649620344445425
EIF2A,0.27855605730115135
ACAD11,0.13842060770321812
GIPC2,0.7693447640767458
EFEMP2,0.4679627841068986
TASP1,-0.5849324624988441
PLCB3,0.2528128564612481
MRPS14,-1.6947608372102818
CARM1,-0.3946852338996729
RPS27L,-1.5611620786343197
COL6A3,-0.6920377496263007
RBKS,-1.1927813397841618
PCNT,0.16516988600809177
CSTF3,0.9527935335410036
POTEF,-0.2999542287887622
SCAND1,3.778537964307868
SSNA1,-0.9002783391246829
FKBP8,0.21761439078227027
ADSL,-0.7801960099091545
ACSS1,-0.5519736413750759
PIGQ,-0.2810088282685087
ALPG,2.7487672117373703
KIF23,-0.08450828571853476
AK3,-0.6493055161785706
OXSM,-1.8591462132880388
ACAA2,-2.3439031901650487
MCAT,-0.6300455762774828
IMP3,-0.38470903150788993
TSC2,1.628935291901352
SOD2,-0.802998415612613
ZDHHC5,13.529209455509259
UBR5,1.2181569219945518
LRRK2,-0.1003318896391207
SMARCB1,-0.1308790866106884
GFPT2,-0.3863651916577656
NUPR1,-0.6952691150546293
PLEKHA4,-0.7215637885067165
TK1,-2.1998215148936002
POLR3B,-1.1391298798125322
PRC1,0.9548669320956951
CIT,0.18023693568011145
DISC1,2.010872398559066
VIRMA,-0.49024057705068397
TEX101,0.06497150578115338
FPGS,-0.6534271969187176
SUCLG2,0.06938617658900216
CLPB,-1.1181615343715794
SCD,1.0376665377937915
PALB2,-1.0408249930469622
HADHB,-1.0250612717421625
TRMT2A,-1.006028618847428
CKMT1A,0.19432568347793996
RANBP2,0.1696801589708081
PSMG1,-1.7400671266230647
ECI2,-1.6804542793023867
QTRT1,-1.4675950145644865
BNIP3,-0.6343204715546511
LGSN,-1.2425576174196755
AARS2,-1.7617339615629426
SLC37A4,-1.1149005462614192
INTS2,1.2809318876065452
SDS,-1.5508390827841332
NT5E,-1.8121468195453112
PRUNE1,-0.4898643835745788
DTYMK,-1.5280050496699873
SPPL2B,0.18703531505478785
TOP3A,-0.9220715424085921
TP53,0.577030890391484
NADSYN1,-0.49074813121299177
MRPS6,-1.458494705025271
KATNAL2,0.7484255903340742
UEVLD,0.22242394542320307
HAGH,-0.9323822142647882
CTBP1,-0.21571597816806248
SLC25A11,-1.473250951510358
PAPSS2,0.6048394750161014
ILVBL,-0.4835026586498913
ALDH16A1,-0.0853609865781582
RPS6KB2,0.3376426580376718
HMG20B,-0.9085875163483462
EIF5A2,-0.8188099193238936
LONP2,1.2651637981839268
EDRF1,-0.2914514359305831
SLC25A31,-1.8456873403016438
DDX10,0.857917390020926
CLPTM1L,-0.6017508372621599
DECR2,-1.8480873015722106
SPG7,-0.9046526488464535
DCK,-0.8903342679202586
RDH13,0.1265712490837903
ND5,-1.440312022638087
CA9,1.0017998267249595
YME1L1,-0.38369981223146665
HARS2,20.613480707091423
UCKL1,-0.6995542005359358
LSS,0.11790723778338412
P4HA2,-1.2446500302421601
CRYAA,-0.9561672804192556
ATP13A2,0.6565670608154176
PRKAA1,0.32281133413034224
NADK,0.2909367251318523
DROSHA,1.532128213257179
CEP97,0.09830963146580014
SRR,-1.190315086268921
HSD17B8,-2.2668936263152597
XPNPEP3,-0.5891045289466916
ATP5MG,-1.9229445453432297
DDX54,-0.1384138050344031
MAP3K3,0.1201230929696333
UNC45A,1.4631717896548007
ASMTL,-0.7868298902179905
GCDH,-0.7022427919405445
MVK,0.52034189635655
RXRA,-0.22272017809087535
UMPS,-0.7326872018423799
LTBP4,1.7733757613582677
COX10,0.791270454499367
DSP,-0.680306107328383
UBAP2L,-0.18161367539113582
EARS2,-2.6593312791939687
OGA,0.3409314519516031
ERGIC1,-0.19544537523504085
CD151,-1.1291878211936004
PDLIM7,0.2854475972760018
NIBAN2,-0.9775438754388988
BDH1,-1.8046508917564705
DHRS2,-2.123202679111673
RDH10,-0.14880447709916383
DDX56,0.19787618901237583
DDX17,1.865188426676296
NUMA1,0.6857757133769742
ARL6IP1,-0.8687904088381021
MRPS12,-1.3648574164755705
DDX51,0.21851116653116223
SLC3A2,-1.7554472842238789
RARA,-0.23067405736789345
GSTZ1,-0.9424406583198658
MRPS7,-1.3644004022506682
LHPP,-0.4613416638871408
ACAD9,-0.6568795910160904
HACD3,-0.3423916368978612
DDX28,-0.7435249253029049
DDX47,-1.246617712921278
DDX46,0.2426967442241871
DDX55,-0.2990807045719118
DDX42,1.2573236785024133
MAP3K11,1.0096034216924203
NR1H2,0.04355842503398518
DDX43,-0.7659031557957044
DDX21,1.340683366671492
DDX50,1.4456217115974803
DHCR7,-0.7785224958311291
DDX20,0.39579579377100066
DDX31,-0.49719420775292233
PRKAA2,0.05811337544115429
PPM1B,-0.2534516614767769
DNAJB5,-0.8620593158614486
DUSP16,0.8823151634539642
RNPEPL1,-1.379760555626655
JARID2,0.48233355184390775
MMP17,-1.0955864104928956
HMGN1,-1.1442499754285556
AKR1D1,-2.5136603339023553
MSH6,-0.1923678327054976
HMGN4,13.707111771207876
ALG1,-1.6859770134126841
PRP4K,1.4874953467277148
HMGN2,0.904501625232693
TADA3,0.2006247951040826
SMG1,-0.17714025852546605
PXDN,0.5651655900270979
TBPL1,0.6525342520841357
GATD3,-1.3966772595358539
SRP54,-1.389867787047456
PRKDC,1.0164080391934667
TRAPPC10,-0.3716940392129948
CDK5RAP3,-0.5770016203147935
HIGD1A,0.13335017205529384
ABCB8,0.6432094052642889
PIGW,-1.3761861044107428
GRK6,-0.7433377681926193
PGAM5,-0.2806044400867218
ANXA8L1,-1.036663059333807
TFAM,-1.0759168504023167
CTBP2,0.6288862139713717
ATP13A1,0.4836295829640482
UBA7,0.233661356865543
EIF5B,-0.7894238934667615
EIF2AK2,-0.8931897207507686
UCP2,-0.7906373785695754
DALRD3,-0.94042269370161
RMDN3,-0.6920225685220788
MRPS16,-1.3440807472712852
RGPD3,1.8728867839936314
OGT,1.1369403910173563
TUBAL3,-0.8407143407974932
HSPA1L,-0.19076108925834603
SUMO4,-0.6603580724140222
H2AC18,1.881781746062793
H2AC1,-1.668946188842198
FBL,-0.9052411047183685
H2AC7,-1.194392319615964
FBXO6,-1.44152212359829
H2AC4,-0.8179206667929279
NTRK1,0.3711132197364694
MYD88,-1.1166308708269275
TBL1XR1,0.1987436550732759
TAF7L,-1.163264900554129
CLP1,0.2172738205717485
TAF1L,1.5524124965129322
PAPOLA,1.287114006167236
KRTAP5-9,-1.3152947588306574
NME1-NME2,-0.9467137884028729
KRTAP10-7,-0.3409724881850109
TUBB1,-0.794226680831396
PPAN-P2RY11,0.989775006568216
UTP3,1.8531815475516833
SMC4,-0.7075459703255879
XRN1,-0.2523893536875868
NME4,-2.519903043252713
MAPK11,1.383944705584129
DNAJB1,-1.460598547036572
TMED10,0.038062194607605196
ARAF,0.03260648666024624
EMD,0.9868917517183089
DBN1,0.5646120837156495
PKP3,-0.07638934694888418
MYO18A,0.31725196841545783
HSPB1,-0.32779521265583
H1-10,-0.12612216197401005
RPL29,-1.408013396748045
FLII,-0.5322012996313564
TRIP6,-1.0463070879364476
CPNE1,-0.661501302414452
RALY,-0.09944158510948164
EIF4G1,-0.06298630244973215
ASCC2,-1.7012164978454236
NUP210,-0.47511944632899467
TM7SF2,0.5497995714493551
AGRN,1.2731137178496381
PBXIP1,1.5811036939017455
PANK4,-0.5322143322735156
HDHD5,-1.270183994866622
TRAPPC9,-1.073264015436596
ARHGEF1,-0.812643275856041
CNOT3,-0.8053088130050187
RRP1,-0.6172333783569393
BCL7C,-1.2490023893197244
RBM10,-1.4833822008872848
DCAF7,-0.47839559560768063
CAPN15,1.7700307138731795
ARHGAP35,2.4156710281882168
ABCA2,-1.6746790342422186
HNRNPUL1,0.8303405697661057
MAP4,-0.12036013580240533
TRIM28,-0.5654070732017544
UBE2S,-1.013766096355177
COLGALT1,-0.7320944396527871
CHD4,0.7979365299164222
SART1,-0.20627970692519026
TTLL12,-0.763937340960527
ARHGEF11,1.8065740772494125
BRD9,2.5798172367247547
MRPS34,-1.1767831801996
PIEZO1,0.3203513512893055
VKORC1,-0.698452144822311
MED15,-0.8825451584281647
MCRS1,0.6702722177808623
MBD3,-0.41377466923821676
ZBTB7B,0.16417663072467606
EDC3,-0.3544389379388104
ZNF787,-0.6321099514290588
SHKBP1,-1.266823563076289
VRK3,-0.7965681948480798
MED16,-0.340363013520604
PDLIM2,0.18799289734989635
TFPT,-0.8199174040636708
THEM6,-0.6806648451767638
MTA1,1.1116476750514206
KIF22,-1.7063366955250705
BOP1,-1.0809369823567214
MPG,-0.4828137696738046
STRN4,0.525070968486857
EPN1,0.8384272515736274
GTF2F1,-0.431064323540556
ZNF768,0.3936128109844106
INTS1,-2.0966126454687015
GTPBP6,-1.860393954008239
EHMT2,1.5324238432266672
RBM42,-0.8968078165969322
B4GALT7,1.9064652452598865
MAZ,-0.43195793529582593
TMEM120A,-0.020299903730190378
HIP1R,0.07595449089812152
NOC2L,-0.04397505586827426
LRCH4,-0.7583281030168721
OS9,-1.7773594405678892
UNC93B1,-0.6726425411963372
MBOAT7,-1.051566131523071
NHERF2,-0.6817640397571401
FBXL6,-1.187951087216718
RELA,-1.357098457723356
MOV10,-0.17554226859473862
TARBP2,2.1657185575004103
ACOT8,-1.1803482338740023
TAOK2,1.0797220761562683
INO80B,-0.784325084426809
REEP4,0.4726293191772389
DGKZ,-0.43314117442228545
EXOSC4,-0.47884947883488527
CIZ1,-0.972432938590233
TMEM214,0.01132474105449116
EDC4,0.6909578609143758
ZNF592,1.2900177938366482
CSNK1G2,0.1971362554120781
TRPM4,-0.47665812225748555
POLR2H,0.07259458480720636
CIC,0.5177080072495586
MYDGF,-1.0609862096813114
SMARCD3,0.9107207368342997
KRT8,1.7863335889756142
SFRP2,-0.27811889860440425
MYH7,-0.33509266287133455
CASQ1,0.1512618443726155
CKM,0.11775390876525167
EPB42,-0.9301821781056663
PHKG1,-0.2870581016316979
SLC6A5,1.4731342171473232
PDGFRL,1.3111827908962583
SFRP4,-0.0777816834465513
UBTD1,-0.9287474037640574
MIDEAS,0.3797589368958055
TEAD1,1.583676617912438
ATP6V0A4,0.5559012817901702
MYH2,-0.9258603114390686
ANKRD2,-0.890205562267046
NDUFB2,-1.6583201364271778
TCAP,-0.39996833577013885
ARHGAP44,0.9163194244176741
TEAD4,-1.2831247519934947
UROS,0.25509032971998485
MDH1,-0.7900478407889557
ATP2A1,0.7229826023786861
MYH1,-0.026413767173474472
DLC1,1.1952717701055111
LSM7,-1.1411183380156187
ZBTB7A,1.5699339443548146
DCP2,0.3963150614188301
NOS1,2.413915109410659
CAP2,-0.8210521299463837
DCP1A,-0.15124964909691657
AMT,1.7884399654632839
SLC7A1,-0.0735069209119406
ERG28,1.105510256649466
GBF1,-0.03786754066944233
NAA16,-1.45391615247902
MYH6,-0.20958477344048665
RRAS2,0.0776006559277843
ATP1A2,1.0730101851970903
RNPS1,5.230676283694339
ADA,0.2651748016630961
POLR2F,-1.2444947908408484
OXA1L,-2.3393544721141373
MAD2L1,-1.837048729444985
SQLE,-0.9895583609367746
COPS4,-0.006501482261530384
APOO,-0.46482672687269494
HIF1AN,0.6330314683433304
G3BP2,-0.4751092449500794
MINPP1,0.04057650739317363
KLHL7,-0.043899658204222515
EXOC6,0.8154196248138093
KIF11,-0.8644271750842093
ORC2,2.265653782739786
DHODH,-0.7510070878480852
ERC1,0.8475982099862023
ETFDH,16.60144529453138
ATP5PB,0.5076013259360863
HNRNPAB,0.32138949216887097
MRPL37,-3.0017089364425162
ABAT,-0.9137939038560169
SLC34A1,0.07227327228806506
RABGGTB,-0.00450958107042052
SAMM50,-2.0839370767344705
ATP5MC1,-1.1712736419158292
SIAH1,-0.5586068608005639
DYNC1I1,3.1352117345202775
NUP155,-1.107168216613334
FTSJ3,-0.7760393132023891
TMEM147,-0.5184258091962933
CAMKK2,11.699837589029235
SLC25A3,-2.8788526403010963
MGST3,-1.5677370532350898
C1QBP,-0.8099839434163373
XYLB,-1.5147050173042753
POLR3F,-1.018499955588697
DCAF8,-0.7387349499493
COPS3,-1.070006872380582
MRPS22,-0.9710037908272947
METAP2,0.16658861025358912
ELAC2,-1.4149626075861097
PFN2,0.7592204908915358
ACOT2,-0.2443317068514356
PARP8,-0.9022642635512954
INS,-0.41262775163429355
PDHX,-1.2588537957843526
CPPED1,0.6358975348909662
ADD1,0.6144625372407397
FERMT2,1.9885315161787955
BCKDHB,-2.3223378650032758
SCO2,-1.0508603646265036
AMPD1,0.2708120479543033
MRPL21,-2.053177344007053
MTHFD2,-1.5664893180407393
MAPT,1.9411358459347916
RBM45,0.25219707015017045
MYL6B,-1.4531389390052074
FHL2,-0.25325230083553535
BCS1L,-2.2723155189326354
EMC2,0.18650392673460667
CBFA2T3,0.595810907665852
CHMP4C,-0.6002202918353811
PNPT1,2.008860951135684
MRPS9,0.04008895912499627
MRPS15,-0.38897677060835845
MYH4,-0.6914012754055106
PPAT,-1.4577491694583158
MRPL19,1.5650228152366643
COMMD4,1.4144518617649282
PRKAG1,0.4887030430190823
NONO,0.1338322224968575
LZTS2,-0.7207652285402545
PRRC1,0.8314153871802391
MRPL1,-1.329191154783957
SLC25A12,-0.8956934869671589
H3-3B,0.5952190608547007
BDH2,-0.16648021917230035
GCLM,-1.3799058519091496
AURKA,0.48860729558326094
NARS2,-1.6030276162436623
PXDNL,-0.11647394488793161
PAICS,2.5801582276138224
MRTO4,-1.2016124728893431
XPO6,-0.9900444335802945
FAM98A,0.36879659300959416
PDPR,-0.5175374207006534
YOD1,-0.04874500051024173
NNT,-0.20040242491062124
ARFIP2,-0.230979450395822
MRPL44,0.22322565937025682
MCFD2,-1.5934127680701315
HPF1,-0.8888493821682779
NDRG2,-0.25079321937927324
CDIPT,-0.0663597976031202
TPM3,0.48620118371445603
NDUFB8,-2.014652413214629
COX2,-1.1424017033627065
ASB8,-0.6255708319272731
CDKAL1,-0.7997218435836004
LPL,1.0278695325943756
RPL26,-0.7731248313145129
TSC1,1.3421182595225731
DHRS7B,-2.346269480150197
CKAP5,-0.2465540285990039
SFPQ,1.1070242511606452
TRIM25,-0.5697996113986483
CDK5RAP1,-0.8466817289993186
RPS27,-1.563720407707868
UBAP2,-0.6645125978881727
ARFIP1,0.8100856421981877
DDX4,-0.5631224470081797
DDX24,-0.6911902462153112
UQCRH,-1.009530763437134
DHRS13,-0.802965687196918
USP13,-0.5209573670325387
GAMT,-1.2516204103313786
UQCRB,-1.9701975984802058
DHX30,-1.1041542406923082
GMPR2,-1.086375035142465
MYH3,-0.19828193612192851
MRPL11,-2.0572669292557753
COPS2,0.42501183811135324
DUT,-0.3498035877167359
PCCB,-1.4208535894568641
RAD51C,-0.7619953572929389
NDUFA4,-1.3717805978397273
GMDS,-1.8251520531197902
TOMM20,-1.9375485847560665
PRPH,-0.37707733475288724
MRPS11,-0.07592754144968183
FOXP3,-1.3902670853236256
PLA2G4A,-0.4050587079551571
PPP3CB,0.6306871303896527
QRICH1,-0.13964666881868612
MYH8,-0.5983727764667602
TARS2,-1.9086046345567829
SAV1,-0.481523638256705
MCC,0.6534205020926811
PLRG1,-1.3456846415051487
CEP78,-0.9626443364527302
HAX1,-0.09450319532244798
DFFA,-0.7543858463068941
GNAS,-1.2361847045761127
COQ8A,-1.3119240110603279
MLLT11,-0.6718632339812081
MAGED1,-0.6075917353263155
GCAT,-1.699795524089199
SUPV3L1,-1.5787661795916978
CIRBP,0.06817959957549945
SEPHS1,-1.4670084382021191
PCBD1,-0.43759967572339364
MRPS27,0.5373036788239253
GRSF1,1.0295167256802942
EIF2D,-1.2600727966904728
ASB13,-0.2827061988274332
ZMYM3,1.7926574153509753
NPRL2,0.6733636988568789
NPRL3,1.2117325923080926
SZT2,1.1393784869946975
WDR24,0.9169147693276805
MIOS,0.717821276980527
WDR59,1.033995596117524
ITFG2,1.7411698794063302
KPTN,1.8363778250882372
CASTOR1,1.1668318166483476
FNIP2,8.813073494039655
FNIP1,2.7938666138655033
CASTOR2,1.652433007904048
FLCN,1.4414787187620215
KICS2,1.6681963346128827
TBC1D7,0.4906322303290183
RRAGC,-0.06399495396004763
BMT2,1.4864901179059413
SESN2,0.6414910554434704
SEH1L,0.5814592609104019
SLC38A9,0.12160194139121187
DEPTOR,1.948740971238006
SH3BP4,0.12350463989337242
LAMTOR2,-0.41171334011208505
LAMTOR4,1.1772269458310696
KCNT1,0.1543860840912868
RNF152,0.48487121214558004
LAMTOR3,0.4587084416084928
TFEB,1.646661857923177
CHRNA2,1.8217542009740761
LAMTOR5,0.11952936372361314
STRADA,-0.8309718650249787
SCN1A,2.1965657915486836
CHRNB2,1.6717024781251681
ULK1,2.1713997313435964
CHRNA4,3.3215337179893236
SLC36A1,0.39474946461900406
DEPDC4,0.2762478530536926
DEPDC7,0.7420507439230605
ATP6V1G1,1.1024732031009483
ATP6V0E1,0.1590351387765024
ATP6V1G3,2.1149454265122594
ATP6V0D2,2.6816493397195162
TCIRG1,-0.5272463378679934
ATP6V1G2,1.417133320191298
SGK1,0.8426112075640183
KCNQ3,0.90220624437402
KCNQ2,2.8930683413970253
ATP6V1H,1.7496462761423226
SCN2A,3.0969531776221824
PCDH19,2.4580836340986267
SESN1,0.7517082135888599
SCN8A,2.273153080544127
GRIN2A,4.7222469329904735
KLHL22,-1.3404719994186607
DPPA3,-0.6766308286058625
LGI1,1.8807959680358517
MAP4K3,-0.7252207411903253
KCTD7,-0.9483156657296327
RRAGD,0.5082535854712976
SYT17,-0.6720651602975506
PRR14L,2.2407756907160534
CHD2,0.6565555370842336
TBC1D24,-0.8372482419812655
MCPH1,-0.7991849881087223
MTMR9,0.5711374013817906
BEND2,0.07060825867829401
ZNF414,-0.8033711322666962
SCN1B,0.3961790911774
GABRG2,2.2929223545538093
LMO1,0.24001309436555726
ZUP1,-0.22277652104604018
ATP6V0E2,1.290429556172762
POLE,-1.0118875993133989
MRPL15,-0.9487219659012747
VPS11,0.9480787967463807
STXBP1,2.2653327188379326
PIK3C3,1.1584487468074052
BRF1,0.38088379348326096
UBE4B,-0.28809743285454137
PIGO,-0.5518325225649015
PLAA,-0.76113197300701
EXOC4,1.4504242791216524
MCOLN1,1.2551121359330493
DHX38,0.19032813397165466
LSM5,-1.00218125302102
TTI1,-0.593635230783925
CLEC16A,2.484492300547784
ARFGEF2,-0.4375375096158371
SMC1B,-0.8318218985857564
UVRAG,0.6867300440980686
TCP11L2,-0.05560086878520208
HPS4,0.5198368821884252
LPIN1,0.5009867544728027
SMC1A,0.2921044127468465
MYO9B,-0.703921690687028
ZFYVE26,0.6600416104988995
SF3A1,0.7374981986559342
VPS33B,1.0093479385124948
SESN3,-0.5652419713087617
RECQL5,-0.6665158380775624
CHD8,3.545662092310999
MADD,-0.10860983763324267
HNF4A,-0.049802888983995916
ATG13,1.732601799394459
CACNA2D2,0.17089711184113773
HYAL1,-1.1694886724323157
TUSC2,-0.7032106091492768
NHS,0.21050763114254062
CYB561D2,-0.18533004193668862
MEX3D,-0.67271856674759
ZBTB5,-0.34955549221386056
ARL5B,0.5536826985750093
MAP3K6,1.9944231787193238
LRCH2,-0.8955681479912878
ZMYND10,-0.6038810704492361
GRB10,-0.8862142885111446
CHTF18,-1.6199943164460038
BRAT1,-0.0738121511519652
SEMA3F,1.3209214077188625
PEX1,-0.6420083766992775
ACTR5,-0.16726201520787232
RAD17,-0.04201076257490281
TNKS1BP1,-0.08209306532648908
PER1,-1.424593018692307
HERC2,-0.20847133856147576
VPS16,-0.6085306671503973
APPBP2,0.17853319001785997
ARL8A,0.2536229077366425
SNX1,1.7500923269256272
GNAI1,-0.3779016779742775
VPS53,0.5336286379431648
PAF1,-0.6754164355673098
XPA,1.792612841315203
LMBRD1,0.09576828772888797
CCZ1,-0.5975400462809252
CCZ1B,0.7097092812468236
PEX5,-1.3980143438809391
CTNNBL1,-0.45454117943378847
ACOX1,0.020196389488655063
BORCS6,-0.9068244589919806
NDUFAF3,-2.055864243581102
FAM32A,-0.9954993100777504
ATP6V0A1,-0.3164703083685034
INTS9,-0.5787801855819765
NOSIP,-0.45778493142330345
PAN2,-1.2244528626463729
UROD,-0.3340416025515924
ATRAID,-1.2832221969078126
NUP85,-0.36249222054131774
DHX16,-0.41682117352445563
EXOSC5,-0.9042974471158245
BAP1,1.5458517733132493
ARIH2,2.0019758214258188
COG2,1.6289596705721419
UBE2QL1,-0.8277622638919924
NISCH,-1.4792790350104372
VPS26B,0.4031168161305083
POP5,-0.869283280657327
CDKN1A,-1.4799188523425861
MCM9,0.0816369816036706
ANKRD37,0.14319342563435167
WDR19,0.18089094571633343
HIPK4,0.0797346932938822
NELL1,2.9903982748350955
SEC16B,1.811603725351053
IFT122,-1.2411494779471821
EID1,-0.15479470184954067
CDKN3,-1.027015129186045
WIPI2,-0.279243964720877
NIPSNAP2,-1.3211578401602257
BCAR3,-0.31576708200130166
GLS,-1.308287485715668
FBXO25,-0.621440231411354
TRIM21,0.08653159158514809
TLCD3A,-0.5145202398656942
RB1CC1,0.5947989845328248
COPS5,-0.8456219488727917
IFT140,-1.2272445214075864
RNF126,-1.9947098568967256
CAMSAP3,-0.3268218798232857
PIH1D1,-0.3485399227960671
WDR35,0.1079441947744309
MAPKAPK5,-0.45348796521372425
RIOK1,-0.30360662031965313
CCDC40,0.9092075497288187
GABARAPL2,0.2604450198146344
FLNC,0.7360930226066861
IFT43,-0.6561342965919155
FASTKD5,-1.22148763284798
NOP58,-1.1348173398860104
WARS1,-0.9626498303083958
NME2,-0.01409000312486246
CDC34,-2.3549016551499715
CALM1,0.23655870292725759
XPO5,0.13072038548604947
ACD,-0.8527639115127442
NAXE,1.633675971963019
TTC21B,-0.5951250802215271
KLHL9,0.0002694889627650687
SMS,-0.21298978163685126
ZBTB38,0.8040342369006315
SIRT7,1.047697797885781
PAPOLB,-0.7204025621158489
ARHGAP17,-0.28309926930467577
YKT6,-1.0183252579816864
CKS1B,-0.6737032050501499
NDRG3,0.16475941274329264
MTMR2,0.5727601004298117
GTPBP4,-1.4983088498534634
GGCT,-1.40052395928758
TINF2,-0.6649383384864952
CSTF2T,-0.5466204683972873
PSME4,0.31276785601091545
HCCS,-0.8643085866939465
ZMPSTE24,1.7472402466798833
CKS2,-1.5911638578045688
CCNC,-0.5188471652977437
POT1,1.5153574602927538
RSU1,-0.036297621174904156
TERF1,0.07858029177800538
ATP5MC3,-2.1368401345614556
UBE2V1,-1.2797868268118808
YEATS2,-0.0014445642436545377
UBE2D2,-0.13528673049910017
DYNC1I2,-0.2998506898207852
ZHX1,2.806408376342765
RMND5A,2.586825513873082
PSMB6,-2.545439030207539
CDC27,0.025946973082408425
G3BP1,0.5741384220159059
FBXO9,-1.2670297405666429
PITRM1,-0.6808044579185197
DPAGT1,-1.5966035526272753
ELAVL1,-0.254329663178739
MYH13,-0.1448755151018935
MAEA,-1.4389705605965875
DNAJC11,-1.5426828349255188
ZNF593,-0.8355577861338253
STT3A,-0.6161132932751106
GSPT1,-0.7298353761082362
RBM34,0.6183469963514243
PNPLA7,-0.6169277136790839
DIP2B,0.3125727737532301
WDR36,0.6009407595975494
AKAP11,-0.046048872186750266
RNF20,1.1720709333542652
ESF1,-0.30130069023924383
VPS4A,-0.5803266550232643
ANP32B,0.9502816165404069
RBM19,-0.2630706987855131
HDAC3,-0.29290431856581817
SLC20A2,-0.6070981617244766
SP2,-0.020596168729080756
MYH15,-0.8971965541433987
SRSF4,0.7052690680879311
KLHL20,0.4179542560129057
EXOSC3,-0.441783282483227
MBOAT2,0.38015647269043534
SLK,-1.1304186938969722
ZNF281,0.5985512975815807
ORC3,1.5348650480830952
NANS,-1.0413736163108627
NCS1,0.5592475211222153
WDR26,-0.10204298023392605
UTP14A,0.5752206892917607
RANBP10,-1.3129085037468464
AMD1,-1.0494446770982462
EXOSC1,-0.392727994216915
CARS1,-0.6939893584064409
OPA1,-0.644961001065428
KIF2A,0.3377674853126359
GTF2E2,0.6149017535590005
WDR82,-0.6530610861103632
STAG2,2.108191718552485
KMT2B,0.5191552991818651
SLC38A1,-1.9035631237888806
DCAF1,3.286610346854319
SYVN1,-0.29620609213957444
TRMT6,-1.9176721709477773
BMS1,0.6487348070654299
GTPBP1,0.4458866240440677
AMPD2,-0.9260849907806844
RIOK2,-0.7551716876072824
RPS4Y1,-1.3993320037784949
MRPL58,-1.888281726095471
THOC1,1.2289305551957184
RER1,-0.2277996715301504
NOP2,-1.19117815424401
APIP,-1.0213154341380553
NUP205,-0.7692590085447978
MAK16,-0.32028050395787444
CTSC,-1.7282356393751155
NSUN5,-0.3435947088422547
POLR1D,0.5040837521069065
ABI1,0.4675073555787592
KDM1A,0.19022330437697035
DNAJC13,-0.07867490946651913
NDUFAF4,-2.2162582038777843
WDR5,-0.4401770761399222
TIMM21,-0.9814538548127765
TCERG1,0.47573459465983436
KLC1,16.25590833436786
RPP30,-0.6278351000199631
CWC27,1.4093260298735684
EFR3A,-0.19061898779566344
PAPOLG,0.09923730820036014
GTF2H1,-0.9016341066167682
POLE2,-0.6557139089245866
SF3A3,-0.8311050311906171
LEMD3,0.8010801022478847
SPECC1L,-0.5929978733454271
QRSL1,-0.9321361644199787
RBM5,2.432737371109413
CD2BP2,1.3490182874632606
ANGPTL2,-0.1731665350052615
CERS2,-0.8383589762543585
SLC25A29,-1.171350220515471
TXLNA,-0.7923565123140364
GLOD4,-0.7789510910840545
POLR2I,-1.8571719216705722
SNAP23,-0.4857976646623182
CD109,-0.602055227880059
TMPO,-0.09640757700126537
DIDO1,1.573853164953313
CEACAM5,-0.3246023254189197
GTF3C2,-0.35584810772131337
SOX2,1.896044168649718
THY1,0.4548463954057669
TYMS,-1.198433862179659
ALPI,0.21503015969883943
CTTN,2.3519510961221632
SSR4,-1.5953780604328605
SENP3,-0.9804891096130781
PRPS1L1,-0.18514449388357346
METTL3,0.27326913868596103
UBA6,1.5140290441275526
UCK2,-1.5504983230251566
ANGPTL4,-1.7620052425191617
KHK,-1.456864577519611
BMI1,1.6380909008738749
DBT,-0.4882684578849925
TAGLN,-0.4920807370478464
LMBR1L,-0.40536530108956426
GAB1,-0.7934698594118166
STK38L,0.8966345690344071
NCAPD2,-1.3687677045407094
PLCG1,12.083255085852457
ALDH5A1,-2.047843018663534
HARS1,2.8103078974753055
SAMD9,0.6100792642997225
SLC20A1,-0.9025810300133399
METTL13,-0.09052576772738559
PLOD2,-1.2995708590198543
MCMBP,-1.0437652497035568
TTF2,-1.1643506744096477
CDA,-1.6435539381567188
ODC1,-1.892181931913691
FOXM1,-1.0446594014387105
ZC3H14,1.2525027460971387
ALDH8A1,-1.419296555753252
TARDBP,0.31216214723375707
RNF4,1.0282171544423968
ALB,0.12973861014320306
CDKN2A,0.15930982026715645
CAMKV,1.440468614464025
ACOT9,-1.5777009711000696
DDX3Y,-0.458767355932171
E2F1,-0.16829752117904556
HSD11B1L,-1.4540446504547833
KPNA2,-0.33340876393558033
EZH2,-0.5517974810389208
UPP1,0.10327279739616319
HACD1,1.3787992607012813
AHNAK2,2.4442132323736234
BIRC5,-0.932757606123555
PTTG1,-1.603227654378806
NANOG,-0.44967418035981027
RHOBTB2,-0.1199839469724664
FEN1,-0.6467369559478875
ACSBG2,-1.8143606964965018
LRRC42,-0.8382897591279093
TPM2,0.40362611169904755
LPCAT4,0.26416839441526846
DHX57,2.567701379985005
AGR2,-0.9201035472710595
H3C13,0.09422323750170167
PRNP,1.6129307364820566
SFXN1,-1.7193593576623534
H3-4,0.7772791095806422
H3-5,0.9206102467596401
MSH5,-0.7643778337072299
CAMK2G,0.6548925671592963
PAK1IP1,-0.2052988048471153
NCEH1,-1.036825564143384
KYAT3,-0.8306034933144121
ATP2C1,0.6959802803553113
KNL1,1.8329661122448757
DHCR24,0.6572936010369418
ZNF395,0.6970050772381791
NFIL3,-2.1343396139495923
STMN1,-0.9442189267743976
CASK,0.15711968605637877
PRKAB1,1.0088646199795215
NDUFB4,-1.4210181231911154
RNASEH1,-0.07114812771531712
SQOR,-0.5982701799752475
TRAPPC14,-0.9013120893355616
TACC3,-0.9467452293526134
PRAME,0.08085206974478953
HTR7,-0.7589092950849784
WNK1,2.9227508532163693
COPB2,-0.16250763330880852
TP53RK,-0.4989130446610422
DNAJB4,-1.215942184901825
H2BC3,-0.5688883218146283
EIF4E2,0.020829686065574022
H2BC1,-0.8652515987818805
PFDN2,-0.08590381533045652
MPRIP,-0.002741727445770543
TRIP13,-1.742958968825316
HNRNPU,0.4852350759691354
DCTPP1,-0.558447592478711
S100A6,-0.15159958833667517
FANCI,-0.920999892231805
HMGA1,0.6561733780954425
MYG1,-0.5718753509684452
CLTB,0.43080859874833727
RTN4,2.176643039523809
DNMT1,-0.011815586199368271
NASP,-0.38979450585185405
SEPTIN7,0.7867188506989042
PSME3,-1.949368136869999
EBNA1BP2,-0.6017546389382866
TUBA3D,0.4739596752636625
IRAK1,-1.2734190182255718
MAP1B,2.390739489538775
RIC8A,-0.2964559206069437
SNRPB,-0.4708383845593485
SYNCRIP,1.9304179615877077
FTSJ1,-1.1101904614030895
RFTN1,-1.3336773001251732
INTS13,-0.40090049699074426
PWP1,2.3379568261738544
TPX2,-1.9381011121494731
NSD2,0.41280124123725653
CDK7,-1.14876463585405
EXOSC7,1.1999469871720947
MBD2,0.482335540965988
SRSF2,0.78643089337804
MAP7D1,0.7955516126517402
NUSAP1,-1.3665641295905533
KIF2C,-0.15072045268337475
MACF1,0.32009569915240793
CEBPB,-2.2158497623848215
SNRPG,-0.4647088913328579
HDGF,-0.41811433461071323
DAP3,-0.773788116327968
CKAP4,1.3780089217652953
CCNA2,-0.6472576845142856
BUB3,-0.19871815352344013
DDA1,-0.5738911948526235
SNRPF,-0.12156219675060935
PEF1,-1.9991698103982165
SRSF9,-0.7587514414913425
SNRPA1,-0.4390888748622546
NT5DC2,-1.1490485037666984
UBE3C,1.7192598503295677
DERL1,-0.6966293257877104
HLA-A,-0.11079210546259702
MAPK10,1.0950477226776125
PCK1,2.4511119231579923
CPT1A,-0.34511570151876997
MPC1,-1.2556479296930303
EGLN1,0.03659648052397239
BNIP3L,-1.0434435387917471
HEXB,-1.8473065592097264
ADH7,-2.2409145088063336
F2,-1.8344196693967816
IFI44L,0.5303352699245869
ABCC9,-0.16259269852844924
PTER,1.269549774155974
PGC,-1.058898844272949
SDHD,-0.4114594103131161
APOL3,0.6922604468501903
USP38,-0.44162118646037907
PPM1K,-1.001357049701876
KCNJ11,0.17801864141852242
PHOSPHO1,-0.5758409361295539
MPC2,-2.0659273000378113
LACC1,-0.7545445242166403
HNF1A,-0.4248628126364001
RAB3GAP1,0.7777432769750809
PPT1,-1.5611738782176694
DBI,-1.3077562023713518
CACYBP,-1.7685464725171103
CNDP2,-0.7448316120667113
SF3B3,-0.11148020013901717
LYZ,-1.8163233784659605
NIT2,-0.7858471065533841
FABP5,-1.6604242319362386
SNRPD2,-0.7933230204339594
SNRPD1,-1.0202827759915616
RANBP1,-2.2103894786989833
RPA2,0.14592793825235906
FKBP3,-0.7507643796975174
TXNDC17,-0.4119201195691712
CA2,2.1094810449777355
SERBP1,-0.9051780983662793
BAG5,14.554243378675126
CIAPIN1,-1.6353608933397838
RPA3,-1.9854533087137602
UQCRQ,-1.9179790047009222
KPNA4,0.5799308214318944
ST13,-0.025661797919456348
BZW1,-0.7040515695163768
HNRNPC,1.6611747618372483
SNX3,-0.3934412290107338
ERCC6L,-0.541748263614832
EIF3D,0.3405472245382044
RPL18A,-1.6738752141576403
COX5B,-1.9874775476330193
UBE2O,-0.30981303559836654
SNRPD3,-1.0604611335950038
SERPINB1,-2.138477066131441
SUB1,-0.24128176433536466
HNRNPA1L2,1.1491003380351998
GCSH,-1.2979296786618408
UFM1,-1.6243998932480899
GNG5,-0.8343383838691537
TFAP2A,-0.22635551803558066
DOCK8,-1.0322925293507415
AAR2,-0.5254307975318768
KRT18,-0.8428893180011001
LYPLA1,0.6685046583655766
VTA1,1.6291543117100575
BZW2,-0.36553408836099993
GNAO1,2.430758469659296
MANF,-1.8178634303162569
AP1M1,-0.04409921566110133
PACSIN2,1.3914610129953764
COX7A2,-1.4427833957250824
NPM1,-0.6091520372315139
PLSCR1,-0.4118259180700414
NDUFB3,-1.4634002005906344
RAB5B,0.6749370964007428
NAPG,0.2063075904885873
HIRA,-0.2881871031414062
CHCHD2,-1.1125679964204878
SELENBP1,-1.4614259059518935
PDCD10,-0.061815372629394
UCHL3,-2.0836701321281073
MAPRE1,0.07735115544234542
CAPRIN1,1.1280130329925133
TAF6L,1.7901206140127535
TBCA,-0.6954974523237325
ERH,-0.6612668249579045
NDUFS6,-2.405551377139371
TIMM10,1.9216711369730435
LMAN1,0.882077938890013
VCAM1,-0.9603797364528945
SSR2,-0.6684321069433314
SSR1,0.269042321067883
NDUFA6,-1.825317022530074
MRPL17,-0.8831447715860893
APOE,1.2791887097265804
CARHSP1,-1.4003416334528587
POMP,-1.5146193709425246
BROX,0.10707633770891452
RDX,-1.2720782067199454
DAD1,-1.2259941822624238
ISG15,-0.14583016726776296
SEC61G,-1.5228564027132456
TAF5L,0.9196069365585331
HBS1L,0.4666717995831298
UAP1,-1.4975229653550168
HDAC5,1.0301411662394753
THRAP3,0.6972370306273533
RAB40C,0.09041015346342005
COX6C,-2.0378725382741663
COX15,-1.5252581995013013
ATG3,-0.005138702087907932
ALG8,-0.5856750352808217
TIMM8B,-2.7496986511578134
NIFK,-1.1245932535519787
ERP29,4.029767524136398
VMP1,-0.4625034300209361
APEX1,-1.1611749355410284
MYL6,-0.550472882351877
SRPRB,-1.1731585807054654
RAP1GDS1,-1.587876972515757
SNRPC,-0.6251515662626004
LETM1,-0.8695617083742339
MT2A,-0.9078098409960907
QPRT,-0.9195212733203397
PURA,1.9774651544987094
RSL1D1,0.5903121219600278
EWSR1,3.5015826825064096
PRCP,1.676233766352201
PDLIM1,-1.2025462997848055
RAB19,0.9623722691116374
PPIL1,-0.4271730519895939
SRP19,-0.2999986495938503
UBE2V2,-1.6711350445681417
EIF3J,-0.2251670894802954
GRWD1,-0.4961743511316662
CDH13,11.214491181698506
PELO,-1.4863864158724156
MRPL40,-1.6377168838924017
ECT2,-0.3958850220387955
NMI,0.00725586965219692
RAB5IF,-1.065604961265887
CNN3,0.2095505557444519
CACNA2D1,10.5978139863708
WDR74,-1.1751148045620812
NCLN,2.342212222920473
ATP5PF,-1.3031812572081685
RECQL4,-0.7987050001228817
TIMM50,-1.7103046759847156
PTRH2,-2.2933391350744414
TADA1,0.935367885770991
LIG4,-1.1458486254184863
SRSF7,1.5514688826062764
LMNB1,-0.19677403581074687
TPD52,-0.6345859137973681
SCFD1,0.5668032860599547
NUP107,-0.9210551449449486
NDUFC1,-1.3949609242487497
GHITM,-0.9479548737396034
CLNS1A,-0.4309512645316675
MRI1,0.4122096906627376
BCAS2,2.376644638099992
BOLA2B,-1.6193946882275208
EIF1AY,-1.3939345349648247
RNASEH2A,-1.0197282188747845
TMA7,-0.46050351800524986
CDC123,-0.30557683614527115
BASP1,1.916368435083234
RAB21,0.111193443223673
POLDIP2,-0.35765926312490937
VPS25,-0.524169095515277
AASDHPPT,0.8511143756143263
GPRC5A,-0.4769066768878515
CPS1,-0.8888431547581487
POLR3K,-0.511071533303111
HNRNPA0,-0.1448616814109309
ENY2,-0.3607417476476303
MYO1G,-0.6907946351381524
SMPDL3B,0.13977620442120864
HNRNPH1,1.238926009844052
CALM2,-0.14317991201972874
CYB5B,-1.605059920301996
UBE2K,-1.06302366363976
FUBP1,-0.31133752269909004
ATAD3A,-1.1309779909939297
MRPL51,0.03296918413098023
SRSF6,3.0366453230583472
ATAD3B,-1.687509196029214
PSAP,-1.087888917801479
BAIAP2,-1.0257309738450358
DNAJB12,0.24848298173608774
UBL5,-1.3395629187852693
LHX2,0.8754348746249574
TIMM17A,-2.430727635380575
BOLA3,-1.6498014207928293
TIMM9,-1.027739452489435
NUP50,-0.6287443534240347
SYAP1,-0.6221019189607337
ATP5MF,-1.1928584180188873
SFN,-0.8955152375737325
SERPINB8,1.2065438122981114
PITPNB,-0.8007531215382795
KPNA3,0.49923293955366993
CBX3,2.7541627654977394
VPS36,1.9866921186076485
MTX2,0.3945171664839232
TBRG4,-1.2225392549554126
NOP10,0.2518370134674969
VPS37B,0.1910785740957023
NOMO1,2.0972555225517637
MRPL14,-2.747424399387353
IFI30,-1.068806429984596
NLE1,-1.5358447865211295
RPL36A,-1.6854800063500273
FUCA1,-1.3825998347886235
FAM136A,0.15282048873824208
SNRPE,-0.35768709821589095
COX7B,-1.586927084683106
NMRAL1,-0.22635824775844812
KHDRBS1,0.7469333270636768
PPIH,-0.5342026927676966
MRPL22,-2.146324219210615
NOMO2,1.3705175277616002
SMC2,-1.035149359848035
MRPL49,-2.1120401086176805
GGH,-1.3580013434499325
BCCIP,-0.04102490510329367
MRPL13,0.37383415083026966
NOP16,-1.2879837906860436
PURB,1.6729139402608357
NDE1,-0.938785946689675
MGAM,-0.32606219581298446
GTF3A,-2.023206307911247
NDUFS5,-2.2947734850760404
SF3B1,24.092065099842273
ATP5IF1,1.1782376043955751
NCAPG,-1.3408953379021449
SNRNP25,-1.6139650698017767
LRRC59,-1.0746936840595687
UBL4A,-1.472263983913429
LYAR,-0.9389247313950303
CNIH1,-0.5432134252682256
COX7C,-2.4680037664415093
MRPS21,-1.051409937590843
CD36,-1.0278082746024728
CENPX,-1.451232985565589
PRELID1,-1.6727544351791301
MT1X,-0.450129651098506
CFTR,0.6881802537317115
COX17,-1.1764876812122282
LASP1,-0.389482811743008
RHOBTB3,0.21109063363815705
FUCA2,-1.8459405748397733
TMEM97,0.17807939355847918
CPM,2.237211121893606
API5,-0.572646802716733
SMC3,0.9633144309066534
H3C7,0.031406938966792794
RTF2,1.560648067555828
LSM2,-1.0259497559267965
MRPL45,-0.23237939969717525
TFDP1,-1.1824502533679477
SNX9,1.0820322522293981
MRPL24,-1.0523037254851706
SF3B6,0.6147484148521436
CMSS1,0.2284193643788635
TMA16,-0.7971547597195775
YES1,-0.5432198586303066
LSM3,-1.3465638475413215
RPL39,-1.6186347676713975
CMC2,-0.30619831263272296
DMAP1,0.2724963115663242
EEF1AKMT3,0.46165734835453703
LSM12,-0.27735982149838956
SGTA,0.009672532871541191
SSB,0.5801490432626931
HEBP2,-1.0527789341251714
COX8A,-1.8766476719154859
UHRF1,-0.7815863889659562
MEST,-1.391976535291564
LAGE3,-1.2327051409464613
SRSF3,2.0269604693165806
IARS2,-1.864222589883998
MRPL46,-1.036808636486826
DEK,0.33394519136701706
SRSF5,1.418039666748016
VPS26A,0.9450631958891849
CDC45,-1.7488868293922992
SEM1,-0.36041427431080836
TMOD3,0.3092932061312257
HELLS,-0.5165839460290479
RBM3,0.2607442411811113
GMFB,-0.5555846131224614
PNO1,-0.30817349144516365
UBE2C,-1.4495022208815784
GTF2A2,-1.5597768407031372
U2AF2,-0.29823727105494857
ARL6IP5,-0.2971515298112069
VIL1,0.13896636281956318
PAIP1,0.08462424471941692
DPY30,-0.23745330168049159
PTBP3,0.4485788848080347
SCCPDH,-1.6511398364187273
MRPS25,0.3953895836120018
DUX4L9,-0.6845690666843696
CEP290,1.1099318207183164
DUX4,-0.914609159907595
MAPK13,0.24378023682588754
ASB9,-0.2742578431807091
UPF2,0.470412103166855
UBE2E2,-1.53710032629371
PAXIP1,-0.39370046593307584
OBSL1,0.1832111968302761
TMEM33,6.452849956989522
MKI67,-0.7627691133794795
C11orf58,0.9090641776412594
BUB1B,-1.1579301601884546
UTP18,-0.526046852895802
RPL36AL,-0.8465567389881732
PTP4A1,-0.40519168722921045
RACGAP1,-0.0035031551621406923
EBP,0.25480267519455924
ZNF207,2.5785458352906887
MACROH2A1,-0.7804983044628004
EIF4G2,0.03944025385581141
TMSB10,-1.628952276033945
DPM1,-1.230673859662334
SNRPB2,-0.06344058396333364
SRSF1,0.8813514279690974
SRSF10,0.02930917151844096
NOLC1,1.247050056849925
RBMX,0.2639499853339632
AP3S1,0.3844340406390174
TRA2B,1.8565179532923006
HSPA14,-0.6400288383431789
MTDH,2.120040721437183
MRPL18,-1.2418960552016756
MCTS1,-0.5728072523300876
WSB2,1.0225334140331719
GPN3,-1.176251575347294
MRPL9,0.4780632714555844
SLBP,-0.8814079159756981
CDCA3,-1.5322350856841485
FDFT1,0.44532607746291303
AURKAIP1,-2.1000504686411516
EIF4H,0.8541970699113546
ANP32E,-1.1407499540512185
SEC61B,0.16307940318860553
ATL3,0.8630250922579319
TMX1,2.2316015281978294
FAU,-0.7926319386143873
FAM210A,-0.6752863399706555
MCF2L2,-0.3285155996849321
RPL41,-1.499798502628909
PPP4R1,0.2784184913632524
NEPRO,-0.41860691046248805
ARHGDIB,-1.4711252455469568
COQ2,-1.3940169967895872
ARHGAP24,0.409938322227817
RAD52,1.2857331970994947
RIDA,-1.6376276372982375
CMBL,-1.5523057647705294
H3-3A,-1.439302966947706
UFC1,0.014963728923073523
CHMP2A,0.37447764515174214
CUL4B,0.028263122929516733
CCDC6,1.5529613933336177
MYL12A,0.13580989760590836
CTNND1,14.396584198642755
MAP7,2.4378696622674885
NQO2,-1.9054233705675439
LSM6,-0.9698098464293593
ALPL,0.0012930473525735848
NDUFB5,-2.181865917316479
TXNL1,0.3235655975792677
DENR,-1.2997580756747196
NDUFB6,-1.4598708686698743
SHARPIN,-1.034894920167428
S100A4,-0.713376606233947
SRI,-0.030982152781059903
GLRX5,-2.2393066722378467
NUDT21,-0.7274183014993267
SNF8,-1.093770777445474
SUZ12,0.03603064111833316
COX7A2L,-0.2570230860289741
RSL24D1,-0.12186403461933529
MAT2B,-0.4572622158538828
MRPL48,-0.026335285565983458
TPRKB,-0.8633354063218572
TSPAN3,0.1694908499776337
ATP5ME,-1.1415732186173293
NDUFA7,-1.5541344008789106
MMADHC,2.496716946529502
ISCU,-1.3860500146276844
HEBP1,-1.7492785249022187
ERLIN2,-0.016031479214365648
PSMF1,-1.005010475834468
UCHL1,-0.061475412903510815
POLR2G,-1.288816551383826
GLB1,-2.5091239171791724
CISD1,-2.3543373588831082
HEXA,-1.4669458039809318
FERMT3,-0.2803321498164788
DCUN1D1,-0.9087389028031021
NTPCR,-1.836214336180099
PNN,1.5438035632408758
MARCKS,-1.5871620665926636
KRT6C,-1.4970642580195987
MRPL16,0.0656011232401642
KCNMA1,1.0916652214454676
HACL1,-1.8383414026183218
CWC15,1.130803784124723
IK,26.27354670985204
NDUFB11,-1.3146614982792906
TSN,-1.123501673295333
SERPINH1,-1.5599960627943463
NAE1,-0.6097664934911405
KRT10,-2.2093309275673993
MRPL42,0.017001300759244494
KRT5,-2.0213950644534053
ACOT13,-1.6229272530412042
ISOC1,-0.8643489061620447
HSBP1,-0.9357808371093038
MAGOHB,0.06546809933763599
UBFD1,-0.11838049855520501
PRKRA,1.8162000478152367
PSMG2,-0.8331156539172627
IFT25,-0.9741974680210722
MCCC2,-2.5612101072803495
VTN,-0.5219428265741767
C19orf53,-1.4696764440539778
FN3KRP,-0.6339502072176194
HMGB3,0.4008006359953079
RAC3,-0.7015061182066141
HDDC2,-1.9737546658618108
EPN3,-0.8100970379842654
SNX5,-0.6656921621450153
UQCR10,-0.9833674840003672
RBM39,0.544972407226855
TFCP2,-0.20631979388039323
NANP,-0.5835939036922427
SRSF8,-0.05565314962928775
BCLAF1,1.2719643886689027
HNRNPDL,0.4650457749126734
HNRNPH3,-0.11082901829053775
ILF3,0.010764255962098039
U2SURP,1.300116402435146
CPSF6,1.106149258084331
PSIP1,1.2585990875761968
HNRNPR,0.5254775833985793
BAG2,-0.9381441812561937
SMARCE1,2.0040136390712897
MRPS18B,-0.797978870759436
MRPS31,0.3328213219575138
TRMT10C,20.204200059799724
ABHD10,-1.4913914163146083
MAIP1,-0.9165422708911777
HLTF,0.14286882833456274
RECQL,-0.09421488991623946
MTREX,-0.2811034622155724
MRPL39,-0.7697682519425586
NCBP1,0.5463216170756953
YARS2,-1.1867804261866626
WDR3,0.4495190243552194
PRMT3,-0.9754851039460972
DIMT1,-0.48190076082697936
EXOSC2,-0.05631623067305491
MRPS33,-1.0825221748622227
NOC3L,-0.7360407026621215
LBR,-0.7884168282838131
GEMIN4,2.0926388101405062
FXR1,0.7635855041196317
RRS1,-0.7107531885601521
MTPAP,0.3263665999780855
FRG1,0.4005476076596556
CMAS,0.908795445921515
MRPS17,-1.9172700706453587
U2AF1,-0.3375108048806336
MRPS28,-0.6621587463311267
CETN3,-0.293974949876512
MDC1,1.16579511057468
GEMIN2,2.1279759081010248
LSM14A,0.49759989438094576
WDR77,-0.46917791702823797
KLHL42,-1.2873061452901142
BTBD1,-0.5075696968741634
NKRF,0.707217229177539
GAR1,-1.1749761709800395
NUP88,-0.39596149439958417
TFB2M,0.36356957078903607
C8orf33,-0.7417358403246559
HTATSF1,0.6219471682048554
MIPEP,-1.0733381008727885
SRRM1,1.7884619448469818
BUD23,-2.4292076360331922
UBE2E1,-1.2595158966661093
PIN4,-1.4499995930869944
NUP133,-0.729761534478133
TXNDC9,-0.3611472681176824
ORC4,-1.6877824607676268
CLASP2,0.10585941947673991
ADH1A,0.7206062990347298
ADH1B,0.6936014033085327
ADH1C,0.7334565026430974
ADH6,-2.555109284889367
ADH4,0.8351347652636423
ALDH3B2,-2.98155012475162
ALDH3A1,-2.9142713453696336
CYP26C1,-1.8200794475891877
CYP26A1,-0.8229306029863177
CYP26B1,-1.4080502792455785
CYP2A6,0.15599445379096774
SDR16C5,-1.866796179895851
CYP3A5,-1.205680644395263
CYP1A2,-0.526921615440459
CYP3A4,-1.5964074418563383
UGT2B10,-1.9687743803120166
UGT2B17,-2.133859198362795
UGT1A4,-2.2285541325141307
CYP2C9,-0.6396384424673145
UGT2B28,-2.1672832251482115
UGT2B15,-2.205344072152175
UGT2B7,-2.3146532021654664
UGT2A1,-1.7119508257184426
UGT1A6,-2.39026847429647
UGT1A1,-2.4411056386972896
UGT2B4,-2.35681329802575
UGT2A3,-1.9928243402285617
CYP2E1,-1.8944089641552868
UGT1A7,-1.9282955920024043
UGT1A9,-2.125314559033627
UGT1A5,-2.0120704039201667
UGT1A3,-2.12829819742382
CYP2A7,-1.7633873010739969
GSTA1,-2.5566688568185256
UGT1A8,-2.223177427286562
UGT1A10,-1.0153444995156826
RDH16,-1.8031269780909858
DHRS9,0.5957422660170737
RDH5,-0.7513533782645694
CYP2B6,0.39153369380398517
CYP2C8,-1.3037544116053614
GSTA2,-2.1434565524211084
CYP2A13,-2.493746315506542
CYP1A1,-0.9313770728895413
GSTA5,-1.7436573518386096
AOX1,-2.453110087677409
CYP3A7,-1.5177810096519393
GSTA3,-1.879209832343546
SULT2A1,-1.7057439645535013
GSTO2,-1.8969452435322833
GSTM5,-0.7663342675901479
MGST2,-1.9520210058907665
CYP2S1,-1.9617213855029012
GSTA4,-1.7809659102723978
GSTM4,-1.5732897125210115
CYP2C19,-1.1419146584893196
GSTM1,-1.8758338191963144
UGT2B11,-1.8910415878707203
UGT2A2,-1.4145400578787535
GSTM2,-1.7720068325973242
CYP2C18,-2.4582538872615176
CYP2D6,0.5044924486718948
EPHX1,-1.2461446681279515
HPGDS,-0.508830003732911
CRABP1,-0.2251360649953371
RDH14,1.9771072515971837
TP53I3,-1.8663264540320956
ACSM2B,-1.3767806760416583
ALAS2,-1.4914173577108223
SPTLC3,-0.160925734616469
ALAS1,-1.7905330020793897
SPTLC1,0.795474152057126
CYP4B1,-1.5486773642019462
MGST1,-1.0369540384246803
GSTT2B,-2.102499388839138
CES1,-0.43337467209521896
ACSM3,-0.4228975037148657
F13B,-1.9870419243873134
SULT1C3,0.5807538605960565
CYP4F3,-2.2388293633859764
SULT1B1,0.23322716575327487
CYP3A7-CYP3A51P,-1.384196560088669
SULT6B1,-0.4285051119429778
HSD11B1,-0.8536916785640547
PECR,-2.0117929750560686
ALDH1L2,-2.2497730800127633
ALDH1L1,-1.630909247200095
CYP4F12,-2.486288385607234
HSD17B14,-2.3644739044732552
FMO2,-2.536711402525613
CYP3A43,-2.5364472607411828
CYP4F8,-2.18866044513681
CES5A,1.0406978811649465
SULT4A1,1.7259332885341894
CYP4F2,-1.4511229282788631
ABCB4,-1.52707620985418
CYP4A11,-1.8512406483447892
SULT1A2,-1.0076593798410376
FMO1,-0.7922319683267846
CYP7B1,-1.2755357324895258
FMO5,-2.3406020455479037
CYP2W1,-1.5028638961810095
XDH,1.4713524652152932
ACSM1,-1.5733686202237869
AADAC,-1.8085044232604945
CYP27A1,-2.148932387182077
SULT1A3,-0.6024932457953749
SLCO1B1,-1.4110301020447713
SLC10A1,-2.420162562596141
SULT1C2,-1.2017063059982416
ACADL,0.062060135849130185
CYP1B1,-1.3849719375677796
FMO3,-2.664072892262211
HPGD,-2.0538975614941535
HPN,-0.3595135334645156
SULT1E1,-1.2312730470534654
DHRS4L2,-1.889637355717109
CYP4A22,-2.1708228473918556
PON1,-1.1936827107513406
NAT2,-0.48621018865561905
ABCB5,-1.6164311847616164
CYP8B1,-2.5332647995342685
DHRS1,-0.4308150469535238
ABCB11,0.44485773019369995
TPMT,-0.781936729456375
AGXT,-2.4721902317764917
CYP7A1,-1.6172478246743776
ACAD8,-1.2496054694789125
CES3,0.251642641644986
CHRM2,1.2084480644893396
TTC12,8.218934235444335
ACADSB,1.0836607356410328
EPHX2,-1.4844322817408377
FMO4,-0.40873621795383697
DPYD,1.723484800296008
ABCC2,-1.5879974415866371
NAT1,-1.5242599042670475
ABCC12,-1.3594322455339924
C8A,-1.1289287096313854
ACSF3,-1.2975317466202405
MAOB,-0.02960957274805633
ACSM2A,0.09422907933403386
ACSM5,-1.0614857137931275
GLYAT,-0.8333061205496922
BAAT,-2.1258859829364307
ACSM4,-0.5441832038555674
CYP4Z1,-1.6942144984546321
NNMT,-1.0765628311355255
MAOA,2.1655557783959756
MT1E,-0.6716160385494079
HSD17B13,0.13502108218493566
GABRG1,3.2129307857894114
SULT1C4,0.5746096751282449
GNMT,-1.7433459482125853
ABCC11,-1.835240882094961
NR1I3,-0.21603184499578873
SLC3A1,-1.8624947490656552
SLC28A1,-0.7017647760322273
HSD17B11,0.7513195397844322
ANKK1,8.987505509560581
SLC2A2,-0.712418662245324
GABRA2,3.960185263451519
ECHDC2,1.3591845450477515
DHRS7,-0.12464957587816151
ABCC3,-0.8677887073886532
FAHD2B,-1.630270966759724
FAHD2A,-1.668596539905248
ABCC10,-0.3378741708884194
TST,-0.5904093443205372
CYB5A,-1.5850856854774278
TTR,-0.8476827275050407
APOA1,-0.2978268253882546
TAS2R16,0.5494795044782597
LGALS4,0.3634379297415338
ADCY10,-0.8727327803151909
SLC6A4,2.9474600797008232
HAO1,-0.7082291757388441
C6,-2.0004710051779346
AOC3,-0.2380628184361538
TAT,-1.268112080461643
HAO2,-1.2755030342805473
BHMT,-1.2067240057126987
AQP7,-0.5980642500777282
APOB,0.49973184878461346
FABP4,-1.9651507466494218
PTGIS,-0.508053091918516
APOD,-2.0824156255016018
ABCA6,1.5878607717278983
ESR1,0.2394592296350144
HPD,-1.4040920366218375
RARB,1.587710737500036
KNG1,-1.8748440640223827
NR1I2,-1.3772012217453828
C7,-1.305747438892494
CIDEC,-1.4197465186469882
F9,-1.9772379164784475
DNASE1L3,-1.8911759572067335
PLG,-1.854473408136432
SVEP1,1.1312573171521951
IL2,-2.5258231292774735
HRG,0.3066124943767044
HSD17B2,-1.3982573548815342
ABCC6,-1.8966956358495954
DCN,0.5252228954393175
DRD2,14.990534102642608
FGA,-0.6267255159178837
RARRES2,-1.623434352049895
AQP6,-0.11357432377271272
GC,-0.4441295429113367
SERPINC1,-1.2852628333708516
TNXB,-0.18399922389604273
ADRA1A,0.0008176387599602073
HABP2,-1.3563347602813298
ABCA8,-0.48611942951775344
AFM,-0.24024450972509553
APOC4,-1.9554282658860147
SLC17A1,1.0686120832265977
ONECUT1,0.3283235254565462
CHRNA5,3.039429717768177
CHRNA3,2.1400105043264794
OPRM1,1.0709595098889764
CHRNB4,1.2097533279534547
ADIPOQ,0.7091735018943339
EDAR,-0.7779647268262684
IRAK3,-1.195823164775413
SERINC2,2.267208563267493
TAS2R38,-0.17277746477225575
ABCB1,0.21756655521359777
SLC24A5,0.9611490440831422
SERPINA3,-2.3306484773305325
CFD,-1.9941856682482788
MTHFR,0.6292705201800554
NQO1,-0.4661262102152777
CHRDL1,-0.171668094440914
PDE4DIP,1.2960416808003181
FGGY,-0.8340213702301553
MFAP4,-0.7643726968590144
HTR3B,2.0836597086347814
CYP2F1,-2.279101979473847
SCARA5,-0.27658017903283105
RBP4,-1.5405106666405504
AUTS2,3.7778765123281137
ACAD10,-1.0795359511314047
CYP2J2,-2.123282178995552
AKR7A3,-2.004246058589219
MT1M,-0.9899351403285489
INMT,0.7587803769530268
SLC22A7,-1.9364013137716816
DRD4,1.4146964055352036
KLB,-0.6035848607469455
SLC19A1,-1.0004928803955104
MMRN1,-0.5430144747768276
HGFAC,-0.8077650987988311
C14orf180,-0.7589521403283186
SULT2B1,-1.4208359433544155
ZBTB16,-0.1871309603554326
HNMT,0.24327390353255765
PLIN1,-1.5459520986389013
KIAA0040,3.0139635017704896
MCEE,-0.5722622977631927
CDO1,0.30465888519208806
DPT,0.4548220301259915
CLEC3B,-0.5183072891142639
PLCE1,0.8158510440109108
FAM107A,0.1744181070801339
OGN,-0.6060077978600035
SYNPO2,-1.0099347339494558
ACOX2,-0.3216070084206426
RERGL,-0.636001776695427
BHMT2,-1.3595689014632137
CXCL12,-2.128903849490409
TMEM100,-0.7705836161530085
FXYD1,-0.24362082084772482
GHR,-0.05434142116853169
ECM2,-1.164202563201619
PRELP,-0.1559602569512894
LYVE1,-1.7301512043054372
ADIRF,-1.1539515306550736
CFH,0.9352369300371381
RGN,-1.9163109690510105
HBB,-0.7747001710432749
CLIC2,0.006227080059505513
LIPE,-0.3618454589735135
LDHD,-1.2017035789544441
CLIC5,0.5258834015781209
OLFML1,0.8612685962648607
PPARG,-0.34884273599338184
PZP,-2.113991688992418
ACSS3,-0.8427385730509624
EMCN,-1.646356273969423
SELENOP,-0.8301981954556436
C1R,-1.0320080557430977
ANGPTL1,-1.0367057660513426
FGF7,-0.8042003768479344
TOX3,1.5659500904226984
SPARCL1,-0.41221012541248525
AQP1,-0.6410858613752277
CETP,-0.8749010066189683
PTGER3,-1.3381943804271765
CILP,-1.6474655271514997
FHL5,-0.7469083455073191
SERPING1,12.530844947987037
CCL21,-3.1538096971969583
LSP1,-2.1354241210563183
ASPA,-0.6740020979809404
VEGFD,-0.3800114434379313
ACKR1,-2.054680164794765
COL14A1,0.048152709622061717
EDNRB,0.639213877609122
PTGDS,-0.7701118450705579
SOD3,0.8220629306983055
ADGRF5,-1.6734657044383756
LUM,-0.40169693339334317
AASS,-0.3999102025779842
IL33,0.430679239045933
PLPP3,-0.1206670505098229
COL1A2,0.02292076953991957
TPSAB1,-2.5971030460024807
MFAP5,-0.70148276082326
HSPB6,-0.6767757647104116
OMD,-0.28743115929061386
MGP,-1.0332539691850187
MMP7,-0.45231005958429793
PLA2G2A,0.3927733799506025
SORBS1,2.3932225437770627
SLIT3,2.330989330322906
CA4,0.021651743683791334
LIAS,-0.827415763062766
LIPT1,-0.9023858966405288
AGXT2,-0.3358626227622205
DHTKD1,-0.5249831953500779
TXNRD2,0.08495723238719628
PPARD,0.25533430575123073
COQ9,-1.3551593224767065
SIRT3,-0.3655636465019949
NDUFA2,-2.033393439970619
MFN2,-1.0607973411240397
CA5B,-0.6020476520804561
AUH,-1.3110193951788547
NFU1,-2.6018058551747836
NLN,-1.4432070662631926
TMF1,-0.4031385877609362
KGD4,3.9601672600244995
NFS1,-1.513906264453119
USO1,-0.13114856790183
SURF6,0.9416519937329361
HNRNPUL2,0.2429218614733792
H1-0,0.881582798673701
SARNP,-0.760975967755879
TOP1,17.28551950088643
FMR1,1.7373019728287178
PHF5A,0.22729024178473922
FUBP3,0.58395864760391
UBR7,-0.017282239944979835
PRPF38A,0.4164400174073658
PSMB9,0.4513228270149647
BABAM1,-0.41595679045089345
TIMM44,-2.6395053755574627
SCP2,-0.7653706964605215
PQBP1,0.6933556375794513
TIPRL,-0.7589166604407016
TMED4,-1.1133847349355077
NIP7,0.3144377975409736
SMTN,-0.45272366492691046
AGTRAP,-1.1489779265762279
CPSF7,1.512710752848705
RBM23,0.474886107797374
DHX8,-0.0541139869553029
LCMT1,-0.6575535001039334
SAFB,-0.019017055392471213
DERL2,0.3347252191084362
LYRM4,-1.2038238827459407
HINT2,-0.027637054656537634
UBE2A,-0.4857072661792031
MRM2,-0.7926064535906003
NDUFB10,-1.689465905601461
POLDIP3,-0.7097453862731161
NDUFAF1,-2.541705150511848
IBA57,-2.248131680488787
HP1BP3,2.5125317065668757
KRR1,0.5446581490138946
UTP15,0.34758696185371984
PSPC1,0.3377775530003153
PABPN1,0.3426165810155404
STX5,-1.335292311059155
TXN2,-0.6870898010077974
AP1M2,-1.7210981521871567
TAF15,2.6916929229804496
AGPS,-1.4167230039195984
ITGB3BP,0.3031506276834339
PUS1,-1.2916403519454096
ACIN1,0.4746913203677598
MTIF2,-1.3385720672753787
PUS7,-0.43880780908393757
COQ5,1.0378613655867368
MRPL10,-1.2294672112719431
CWC22,0.6944046710706718
RTN4IP1,-2.350245499096967
FIP1L1,0.8009865707000992
MRPS10,-0.1491934488832961
POLR2K,-0.012862378924601984
PCCA,-0.6227603275284774
MRRF,4.356037035657384
ADAR,2.1730521049348877
MRPS24,-1.1187011381726533
COQ3,-1.4071990275636512
CHTOP,-0.24376797605100392
NOP14,-0.10566201343676856
SEC24A,-0.3734783481746429
MPHOSPH10,0.4812275123306165
FXN,-1.4946121492787219
MMUT,1.6907174160186607
MRPL28,-0.22601528037144752
ADRB2,-1.1963774491430723
IMP4,-1.6990975050022126
TRMT5,-1.0988494949856777
GOLGA3,-0.5940397103535958
SEPTIN9,1.1858413596724036
ERCC4,-0.8703181952899341
MTG1,-1.7844137211268707
PRPS2,-0.9746548362091076
EXOSC6,-0.6304161604720299
MTO1,-1.2911702288622509
ATPAF1,-1.567849051016057
ISCA1,-0.5268761662526312
GOLPH3,0.85353600627718
LSG1,-0.2960739378262752
FDX1,-1.685233173562535
DUS1L,-1.5983790449034896
ECSIT,-1.7505509533339603
MTRF1L,-2.11474864840682
ABCB7,-1.155517873348285
SMN2,-0.41617988486625995
NFX1,0.03788791138054076
GTPBP8,-0.9966215283071739
ATP5F1E,-1.4073657427265576
UBA5,-0.893492317039751
SEC24B,-1.0022924435421152
WARS2,-0.8137576241218082
EFL1,0.12021136372581011
UTP6,-0.35898785866121113
METTL17,-0.6111499348520301
GOLGB1,-0.4625595407515803
APOOL,-0.33553162653902174
ENDOG,-1.4592682857233032
EIF2S3B,0.09983284177424637
RAD1,-0.7331545687625619
MRPL27,-0.8899603105619275
PPP3R1,1.6025636781616817
MRPL43,-2.1833283185296057
METTL15,1.7042294723124358
EMC4,0.3590935244949022
MRPL20,-0.6974266887613007
RBM17,0.642017255689223
PRIM1,-0.5475884826919242
TTC4,-1.0844621882317664
DARS2,-2.0239221572188764
TEAD3,-0.7791742743680111
THOC7,-0.4726295809375132
DIS3,-0.6359610269323941
TIMM23,-1.9890445746344665
PREP,-1.4215163223636438
USP39,-0.09767041214085184
SCO1,-0.023176340550952256
YJU2,-0.02843840714036746
UTP11,-0.8164089785239727
MGME1,-0.7167364051194232
MRPL36,-2.4671818090756625
FARS2,-1.853002098714381
RBM22,1.2234488831545727
SLC1A3,-0.5145089015312438
GOLPH3L,0.8496158137613042
GGPS1,-0.7906646669847363
MPHOSPH6,0.03513827442289985
PPP1R9B,0.3907498876059534
NDC1,-1.7326044833707124
DMAC2,-2.4551357757301444
HSDL2,-1.75950338239952
PPP1R2,0.38416600844816473
COA7,-1.5557471202527107
ASF1B,-1.873935520782291
LLGL1,-0.013673345140369412
SFXN3,0.031113436227868427
STK26,1.1802708157390438
NUP153,1.120880842299368
PDSS1,-2.007405011050062
ASNSD1,-0.09292400741221246
MRPS18A,-0.010191739372475027
PATL1,-1.4467403368202691
MALSU1,-0.4562996061991648
NUDT9,-0.9747200937466725
ASF1A,0.42157155297832266
NTAQ1,0.859612285900012
STK3,-0.17435466375573247
RBM28,-0.3013189360089614
PDCL3,-0.7925607880321069
ECD,-0.8799175151932387
DGKE,0.7175658250771414
UPF3B,0.6303853429300157
NOL11,0.0394622496908273
SLC25A15,-1.7591355412310439
TFG,-0.39011128278643165
MTRES1,-0.2398392218378826
CUEDC2,-2.0274750323375663
MTG2,-1.4220865892140928
MTRF1,-1.2545929380909724
EI24,-1.1549074716840886
MRPS5,0.5638620311100134
ERAL1,-2.0799499592443067
CCAR2,-0.414906608172657
ZMYM4,2.4566005313366257
SMNDC1,-0.05686819663320809
ABLIM1,0.058737176724620914
TRUB2,0.5653122910399012
MICU1,-2.390545145442925
TFB1M,-0.46983994094284115
URI1,0.7941444427613596
LARP4,0.47231788646000317
NUDT19,-1.8081849290469418
LARS2,0.22092370833132194
EIF4E1B,-0.9481681115054454
ARMC1,0.09869263405877021
ATPAF2,1.6485614988335286
MRPL33,-1.1352007036073661
RPP40,-0.5321911216418006
DPH5,1.6830680273658714
MICU2,-0.5619609748682709
IDI1,-0.48363848638392143
GFM2,3.7374709741572607
NSMCE4A,-1.0277046365747045
SLC35B1,-0.6264414831230714
LRRC47,-0.3433193126885768
ALG6,-0.24798497742219477
DPP4,1.6415044616964882
USP16,0.7431315670427816
NDUFAF5,-1.8426047741324911
RNF14,0.5782769369632119
MRPL32,-0.2977933544246544
POP4,1.6268734795052768
VRK1,0.3238417278544354
MMAB,-1.3052271149101649
UNG,-0.18419225103019934
RNMT,-0.277336476998023
TSEN2,-0.5388643905736252
NDUFAF7,-0.5477857616822864
ATXN2L,0.29362268342994846
PCID2,-0.6298504123159034
ENSA,-0.5116304383743622
NOL7,0.22028279297373235
MRPS26,-1.7934520402865242
RRP1B,-0.385206304467117
KBTBD2,-0.3862608170254402
WTAP,-0.38346359086565296
DES,0.4431158710169988
SUGP1,2.4643983259409916
UQCC1,0.31282057033764976
LYRM7,0.17176636349557503
CUTC,-1.466203304478066
GPATCH4,0.4219239867335038
NAP1L2,-1.0820582550360045
PDCD2,-1.4500066706199826
ESRRA,0.8814782015144874
GATB,-1.6930977867685904
CHCHD4,-1.0947920663844912
GINS4,-0.9970446800805451
POP1,-0.9496701105036335
NDUFAF2,-1.7450128172786452
POLA1,0.4940971429909349
YTHDF1,-1.001306882901008
TRIAP1,-1.607141884558399
ORC5,-1.3988124489314329
DNLZ,-1.0213668049757176
TBCE,-0.4800892684594146
COMMD3,-0.9760646310221766
DHX36,1.094413043421777
PDSS2,3.3660212337448123
GMNN,-0.8509497753680735
WASHC5,0.05058378457103997
COA6,-0.510254160094275
CHAF1A,0.7137792844643203
UBQLN2,-0.1345257615479486
UGGT2,-0.22362398938560593
EMC7,-0.9272212697950882
THOC6,-1.0229879877344599
MRPL35,-0.3541932365546345
TNRC6A,0.9502703216518981
ACBD3,-0.33309860846047906
SURF2,-0.011730809351880582
NSDHL,-1.3760816666222069
MICOS10,-1.2995877106141211
MYCBP,-0.22103675105404286
NBN,-0.2888530436400829
UBAC1,-0.8106741050926308
NDUFA3,-1.1717706341541998
CTCF,1.8172139814390293
TWF1,-0.8017402038637483
ELP2,1.9339438269889737
PPM1A,-0.29276340257209527
SGF29,0.23833500360405938
RPL7L1,-0.34299472134170383
PPP1R11,-0.9002213470382494
ATXN2,0.34888379743421577
USP19,0.8380052131613451
CNTRL,-0.3999725101653738
NIPSNAP1,1.0674431216213032
TACO1,-0.9676567757774651
FASTKD3,-0.6168245489395334
MTERF3,0.9688624246858794
EMC8,-1.5051095648854855
NGRN,0.8294315930089002
TRIM3,-1.338868565184164
TRIM2,-0.17625711825039705
DIABLO,0.9445310143079206
IFRD2,-1.2875640898872274
WBP11,0.6007369348888504
FASTKD2,1.5475243032959236
MIEF1,-1.2755948511589674
BRCC3,-0.45911046947225564
AGK,-1.7452652922954452
TRMT61B,-1.3887122021216396
MRPS30,0.3150453721625745
TTC19,-0.6087608976735521
CPT1B,-1.0427804212014637
DUSP29,-0.9464289278977223
CRABP2,3.720672388268782
TXNRD3,-0.2058881617703005
CA5A,0.07458773991170722
CENPV,-0.42908762404400824
TRIM63,0.3731121266681089
H6PD,1.6015002815069446
PTS,-0.9851455362795045
EHHADH,0.07320655912386892
ABHD6,0.9215931663437039
FOXD4,-0.9540276238531435
FCER1A,-3.1037659501286434
ABCB10,-2.0379653046852644
HECTD1,-0.1328820124047041
CLASRP,-1.3781061170477733
ARL2BP,-0.6777350902543129
H4C15,-1.2495759509101916
H4C1,-1.195694077842706
H4C13,-1.3721418385692994
H4C5,-1.2338361395794761
H4C16,-1.3359330798473863
H4C11,-1.3878892532139084
H4C9,-1.3885214271786144
H4C12,-1.3623754696256312
H4C6,-1.5146675681267237
H4C2,-1.2214370304193547
H4C4,-1.516108288700642
H4C3,-1.5352821627029294
GID4,-0.9943043424173701
DNAJC19,-1.6596883733585999
WRAP73,1.6599947944537814
PLPBP,-0.7469945433009815
CKMT1B,0.14393387056984444
ADI1,-1.1156885227303024
IVD,-2.1788554851461632
ATP5MGL,-1.4113135554353888
NDUFAF6,-1.29900054419276
LACTB2,-0.8165853173826586
SEC61A2,0.0925020315902471
CLYBL,-1.178469826183256
HSPA1A,-0.6596411206870738
DYNLL2,-0.9032727641709536
SBDS,-0.290311630507243
DHX37,-0.01866839596205051
CDK20,1.3250159938872665
GTF2B,-1.2395075734412924
TNIP2,-0.8941434191954004
RWDD1,-0.11592010678367622
NDUFC2-KCTD14,-0.7836304249007465
L2HGDH,-1.9866679278527306
ARMT1,-0.5806590276539042
AKTIP,0.40688633353637765
CAB39,0.24912569798983272
PRIM2,-0.5598347926067885
BRF2,-0.7039436696272486
SACM1L,1.0032443001072011
CRNKL1,1.9821478563776962
ACTR6,1.5164687585787833
DNAJC15,-1.3170806184780668
KYAT1,-0.6657110475911905
SEC11A,0.7074098148175811
RNF7,-1.647065835105211
RPL10L,-0.5199733478090769
FDX2,-0.857206733735779
COMMD1,-0.5961503245633246
PICK1,-0.47333937219900496
CUL4A,-0.8138269793027647
CHMP5,-1.0150317787456846
MAPK9,-0.17408715626697177
RANGRF,2.1617431830400533
COX11,-1.4514288467216352
MBOAT1,0.25254223536612597
TRAPPC3,-1.4580813526687366
NUBP1,-0.24357543240607177
PPWD1,0.4306763259980907
TIMM17B,-2.0978963931793237
TIMM22,-1.5211835589683054
C1D,0.1626457348045811
RHOT1,0.3337029014728284
DDX52,0.8870487981884829
TRMT11,-0.017233772258212272
MLYCD,0.6132073683405899
ETHE1,-1.5561168232903657
DBR1,-0.39932488383965553
MTX1,-1.0074689604756986
SIRT5,-0.43510517002712645
ALG5,-0.9379282637609545
HIKESHI,0.9697204514406544
SRRM2,1.464571416793331
KDSR,1.2502056108494621
COMMD10,-0.9873328051888837
COA5,1.169190108884358
SKIC3,0.8924300034840634
ABHD11,-1.2739283840721969
FLAD1,-1.2038965962529078
TDP2,0.2208169659489558
CIAO2A,-1.372589968389153
YIPF1,-0.8717422436391647
VPS29,-0.880219410422111
PPOX,-0.160899310795076
SDHAF3,-0.7597037055268537
PCNP,18.520564146698938
AIFM2,-0.8338799601928529
CDC73,0.9107913455981904
PRORP,-1.36242682052979
PAFAH1B2,-1.0325552884621074
GTF2E1,-0.1726824639461532
NAA38,-0.4336030267346636
COMMD8,-0.23059221278341988
LCLAT1,0.6715116852141914
ELOVL6,-0.22280797588017892
ARIH1,3.349187706450461
UTP14C,0.03307960440027707
DDX27,0.4037668338386869
CRIPT,-0.348305453501554
AP3M1,3.5005495643531903
WDR76,-0.4283998695300108
STAMBP,-1.0319224393970698
ANAPC10,-1.4538294251262824
ABHD14A-ACY1,-1.525703408868021
MED7,0.21448237783951704
SEC22B,0.6328636405456065
C9orf78,0.8056936996080497
TOMM7,-2.2721231519111167
NCOA4,-0.21245750203190672
RPF1,-0.2310529805893192
PHYKPL,-1.0743919820430448
SCP2D1,0.024985144477997136
LARP7,1.345012634078811
NADK2,-0.5156843552410949
PEX3,-1.6069449080914264
SMARCA1,1.7348590355994093
GMPR,-1.533721480868835
MICOS13,-2.4071931471017094
TM9SF2,0.09876026518213123
MYL12B,-0.879117553688596
MRPL53,-1.7374018077352145
DHDH,-1.583154974972956
RBM8A,0.17939286718206354
MOCS2,-1.1661611117271384
FABP3,1.042306805310872
SDHAF2,-0.681691897826451
TIMMDC1,-1.4738482943126148
MSMO1,-0.27857716408341987
FMC1,-1.4588232081400547
DGUOK,0.45185027004458683
CCNH,-1.2548693244300968
POLE3,-1.5685324074082683
CHPT1,1.341658652454692
ANKRD46,-0.6471351566021465
PEX2,-0.8665919892184996
MED4,-0.4244521239322207
PGRMC2,-0.06581030542472958
PRELID3B,-1.1930893192879224
PPCS,-0.5698486892655346
EMC6,-0.44034142235757534
CRBN,-0.3455821243364101
SMAP1,-0.1105146516696282
TXNL4A,0.0474934521090348
NDUFA1,-1.534602299166124
NDUFA11,-1.3146538913428119
SRBD1,0.34456625104152394
SLC25A46,-1.7992745954846991
HSCB,-0.13703962881192733
OXCT2,-0.577693135465225
MRPS18C,-0.14780400558052184
PEX11B,-1.6172999585185777
SLC9A6,0.9987416567766614
METTL9,10.604010290317362
ATP5MJ,-1.6569809199714032
NEMF,1.8860587699540532
SLC25A16,-1.3702345955894442
UBA3,-0.8188438108638847
CZIB,0.056555065307087
CARS2,-0.6457924073143566
TSG101,-0.9726761000020513
ASCC1,0.36756668058200953
SUOX,-1.3219684920249721
UBE2G1,-2.081504469923127
TMEM50A,0.034754575552329504
SNRNP27,0.10425010385770875
SIRT4,-1.7608525341443142
DCTN6,-0.3224722020140235
CNDP1,0.35479648335637204
MRPL50,-1.52348682029192
RABEPK,12.900960858359877
GINS1,-1.4624226419255029
SEPHS2,-0.8532669983089649
WASHC3,-1.3965008427733534
BECN1,0.1014281639169705
MOCS3,-0.9897751067770368
CETN2,-1.4243733393263074
EBAG9,-0.21292044253976208
MMAA,-0.21361129143594393
TMEM41B,-0.4275269977565793
PTGES3L,1.260111419229324
STX7,-0.25955325289990766
CNPY2,-1.079430802391875
KCTD10,-0.4605870622899116
RCHY1,-0.485241078333557
TMEM50B,-0.9272715610737526
RPUSD4,-0.8075434337372842
TMEM70,-0.545288332997358
MRE11,-1.0872687200647417
GPR89B,-1.0174740020947102
ATP5MC2,-0.6854333085322097
UFL1,-0.23097665601193537
ACOX3,-0.76992429108893
ARPP19,0.8295535833318738
RBM7,-0.026308856111265932
KLHL8,-1.7010558467755157
ABHD5,-0.5679634581660788
MRPL34,-2.0772542660329374
GEMIN6,-0.2744293004784102
PRODH,0.03604444582207004
KCTD12,-0.9707793941232985
YEATS4,0.23175700974024582
MFSD1,-1.4211972511764241
OSBPL9,0.3710868370637032
PPP1R8,-1.0898205696299301
ATG7,0.1099605361580603
CBX1,2.1155056116677033
TPK1,-0.924510049469869
SCAF8,1.184683908806019
RPL22L1,-0.9446782425087074
ZRANB2,0.8143437062684139
ATP1A4,-0.8834054379964041
SLC25A32,-1.000690260708361
DIS3L,0.3045155818597226
SLC25A17,-1.2732842272341762
ERI3,-0.886943210932085
ABT1,15.469479731560712
MOB4,16.56019099453163
H1-5,0.5480770404604854
MRPL41,-2.040237565854885
PXMP2,-1.7250061212220933
METTL5,0.05032599052976411
SLC33A1,-1.2063362737151606
ITFG1,0.22793094678809125
H1-2,0.0913290160485398
SLC25A13,-0.5510042090564246
EIPR1,-1.3609644603100652
COMMD9,-0.094976967804193
ERLIN1,-0.10880419444402165
NSUN4,-1.0146343708252121
PIGN,0.01726708517494665
ACYP1,-0.5458457100300683
TRAPPC11,3.129938191768375
SH3GL2,1.1441606909377595
ANKRD17,2.590979615352882
RPRD1A,0.662067707309296
PTBP2,2.6813735940352363
USP1,-0.2946168274699782
SMU1,0.2106250008578769
CIAO2B,-0.14148843147124762
EXTL2,2.0456906112198396
NIT1,0.3378554612508246
RPL39L,-2.157480158916792
LACTB,-1.2179357638275252
SLC4A1AP,-0.26816018608464703
SLC25A28,-1.7260426849921469
COX16,-1.4799127919996544
NPC2,-0.2174244260151687
AASDH,0.023179148929970323
TIAL1,3.2132636269350296
RPUSD3,1.146410884711242
COA4,-0.8918027684921881
LIPA,-1.0592569494638069
SLC25A24,-1.4497158593431843
TM2D1,-0.5492747141694961
UBLCP1,-1.274270917232441
VAMP7,1.9887869931333755
UFSP2,1.7054173161393527
LUC7L2,1.3642645657859411
AP1S2,0.3970756278481863
NIPSNAP3A,-0.05187264903795284
SEC11C,1.355534867892816
FKBP5,-1.2346472094559597
PAXBP1,3.427059990481399
MTCH1,0.03159707015243934
DCTN3,-0.6707617616863737
IBTK,-0.3720959624084507
ACTR10,1.8994505126502716
NELFCD,-1.0237990837015751
BAG1,-0.3515771455725787
BET1,-1.590003081404884
ICMT,-1.5555738202350466
TUBGCP3,-1.1139790495501085
HCFC1,1.3467006077320087
MAGEF1,-1.117767115345063
GTF3C5,0.39159061995546807
ECHDC1,0.053707858148254274
THEM4,-0.9572055525688429
SMARCC2,0.3985856294434883
RAMAC,-1.4251876100126641
RBM4,1.0722299351683378
MPV17,-2.481335914907564
JTB,-0.7477617105802165
ZCRB1,0.7760147129644879
SYNE2,0.47369923325304814
COQ10A,0.6499634599450652
PLPP5,0.2370602642999405
AGO3,0.1274351683757138
DPF2,1.2834074778964855
KCTD9,-1.2179846095226508
MED21,0.3399974893314093
BPTF,2.7758950263867748
MRPL30,0.45532644061542055
MRS2,-0.9070614672991434
GTF2H5,-1.8487198525617112
CASC3,0.5960597353981409
BPHL,0.3284710674996352
NFYB,0.951681450592186
SPAG7,-0.5179590359079708
QPCTL,1.6332064882248323
WDR45B,-0.3712031470710592
HOOK2,1.426197947592183
ELOVL5,-0.3331220889484868
SLC25A19,-1.186352703109021
MTA2,0.26263484728829833
TMLHE,-1.0683798002021925
ACSBG1,-1.5621738756723214
FIGNL1,-0.21756839520683274
NRDC,-0.06658929767641934
ASCC3,27.252360058747477
ANGEL2,-0.24396463258386406
PBDC1,-1.0496004376679857
ACYP2,-1.0976592212225194
SNRNP70,2.6277601370007506
TBCCD1,-0.07669827531135379
TRNAU1AP,-0.37224450187276586
TIMM23B,-1.7292858225394903
APEX2,-0.5515664992119231
HYKK,0.8825685326708123
DMGDH,-0.21206439895499568
THG1L,-0.19249240890485764
TMEM258,15.661920395624492
SHLD2,-1.1076922208749944
ABTB1,-1.1248659746209515
SPRYD4,1.9242368673730863
TEFM,-1.029125755812297
SC5D,-0.472004228972367
GNPAT,0.6328348261825797
NDUFB1,-1.850814450615155
DNAJB6,-1.2925772052210431
XRCC1,0.285534224518174
MTHFS,-1.10514078774716
LEPROTL1,0.6646531156987557
MTHFD2L,-0.7047164582426957
COQ4,-1.8663292474547943
C2CD5,0.10943032536936331
DYNLT1,-1.0387582749629494
LRRC40,-0.4979943007327905
ZNF330,0.15906791518504287
TMX2,12.101742445326783
UQCR11,-0.5272323323296191
PARL,-0.3486278205054396
MTFR1,-0.3230941233768115
UQCC2,-2.0800194524088016
ZMYND11,1.7297950069671486
H1-1,2.2725838547886092
RWDD2B,-0.8258235642217153
KCTD13,-0.35807002015054923
KCTD6,-0.81149360518444
NME7,0.6314539448492846
BANP,-0.8848697788290442
PUDP,-0.5946845562376886
AMZ2,-0.7687129127176507
SPCS1,0.6276177911750247
ANKRD55,-1.1636784978831511
RNGTT,-0.35054328059867146
AHCYL2,-1.449660866836101
FAR1,-0.9952513184550354
ANLN,-0.09111950753903658
TMCO1,-1.50173622851341
KIF14,-0.2845308877176764
MKKS,-0.062402769623822685
BTBD8,-0.7322695648296457
TOMM5,-1.8512216874102507
CHMP2B,-0.13146902117287781
FOXRED1,-2.1829528578937825
ARMCX3,-1.5729992293004647
COA3,-1.3380113664737285
UNC50,-0.20524255328077357
PEX7,-1.189344825551257
PDF,-0.5462442842909351
SURF1,-0.13960046374867696
THYN1,-1.4708194573509696
THNSL1,-0.9659088791447915
MTNAP1,-0.3364334346996875
PRKAB2,-0.4578687681026098
ANKRD34C,2.3956020029669136
SLC35A1,-0.36238882421877855
AP5M1,0.8785540481481973
SNUPN,0.5778467615137169
RMDN1,-0.5206695464199728
TTC34,-0.5999750207610801
ZNF782,-0.6438259862916309
TMEM59,-0.8120742017382437
MAP1LC3B,-0.03444141768867105
TMEM126A,-1.1693455597650395
LGALS9,-1.1124211855620516
FBXO22,-1.5043308323979072
HDHD2,-0.5160446730156644
TCEAL4,0.8471315658900486
VARS2,0.05236598330678663
MYL1,-0.3844331003968381
ZCCHC10,-0.4257953647145019
SIRT1,-0.13117599369850277
TSEN15,-0.14683299095032035
BCDIN3D,1.3687482845718368
PHYH,-0.3910128867239162
ATAD3C,-0.5537480120918944
CCDC90B,0.8839773299935348
TUBA4B,-0.17641897132597364
GABARAP,0.7902559269399635
GRB7,-1.0581720639831782
GH1,-1.4573491809830204
EIF3CL,-1.2192409834076967
CAAP1,0.09790683467966457
ADD3,-0.33563911633183796
DHX29,0.01874605150758743
RTCA,0.21891850216927092
PREPL,-0.46693335584636575
DMAC1,-1.597925454253604
CHCHD10,-1.4367810474364118
NUBPL,-1.1747520408068648
COX19,-0.25927753623890437
COX8C,-1.252763058521645
TMEM126B,-1.3348180691092755
COX18,-2.0348388816611127
COX7A1,-2.0396064254172397
COX6A2,0.46267429810510735
COX7B2,-1.614264176548378
COX6B2,-1.1312629936390046
COX14,-1.9056476017482442
UQCC3,-1.8821150169221763
RMND1,-0.3429986802217147
NDUFA4L2,-1.3960750930003947
NDUFAF8,-1.3356165693154358
SLC25A51,-1.5963542531936914
GTPBP10,-1.0696556997134012
TMEM186,-1.185581432801676
COQ7,-1.3064034294669538
MTFMT,-0.7924501188080953
COA1,-1.7068698778842004
PET100,-0.9197599425707877
UQCRHL,-0.806489249090575
MARS2,-1.995932988699194
HRAS,-0.43224574475186406
PDE12,-1.5574074152003723
SDHAF1,-1.735077531023558
TWNK,-0.5679008859215174
GADD45GIP1,-1.9844142451521358
NOA1,2.3354060068319242
COQ10B,-0.217073923093748
COX20,-1.3956065050827842
HIGD2A,-1.7838654320150251
MTIF3,0.8480507290499553
COQ6,-1.4958927582932418
MRPL55,0.3959237285282837
CHCHD1,-0.2566550833293979
CMC1,-0.2787841094980665
TMEM242,-1.3911599495041282
ATP23,-0.24634438022041447
RCC1L,-0.08726022461505564
SLC25A26,-1.5134634365511488
GATC,1.5543732665573258
GLIPR1L2,-0.7774431964554925
CHCHD6,-0.7318153788168531
SDHAF4,-1.9676394399896087
MRPL54,-1.1570864244222308
CKMT2,-0.5492323661748562
MRPL47,0.03638401214601163
TIMM10B,4.501038207686445
MRPL52,-1.4790984010598276
HTRA2,1.1714249254642308
TMEM177,-1.652369357360182
JOSD2,-0.7596338225122273
NME6,-1.2921797770705596
PLGRKT,-1.6251049913214541
PINK1,-0.8938708104878653
SNCA,-0.37922179322881727
TIMM8A,-1.1994790952632495
ROMO1,-1.4976522544025028
PAM16,-2.0439353215107943
ATP5MK,-1.1882782802210412
SPCS2,1.2350938911817189
IMMP2L,3.354575286511364
DCTN5,-0.3269213653202887
MTX3,-0.6495764017220104
CISD2,0.8689019452211126
TMEM14C,-1.2705005747442462
SMDT1,-1.617247513048996
CAMK2B,1.661523607840347
CAMK2D,0.40489318042292044
ASAH1,0.17454854571385203
ATOX1,-1.424205119112814
MAGOH,0.12268757956403806
IMMP1L,2.7150260367779615
SPCS3,-0.4022204674272863
MTARC2,-1.7009725091006584
SUPT4H1,0.4728538826635661
ARL2,-1.4664903638145084
MCU,-0.08226725596771951
GATM,-1.0198430112870194
LSM8,-0.7016291613494751
MRPL57,-1.1412526653292472
SDF2,-1.2340425826821362
NSFL1C,-1.2493736367286639
ABRACL,-0.7942458804081398
COA8,-0.9088513757356148
PTPN1,0.5688793263026215
GFER,-0.4186051332083731
DNAJC2,0.7477896337561284
BOLA1,-1.0921068569869032
CCDC51,-1.325381558379464
TIMM29,-0.7924942473479173
FAM50A,0.17386557799259378
PTPMT1,-1.3758383920959245
FUNDC2,0.08067523155024756
ZMAT2,16.78445053982585
OCIAD1,-0.4571907623210045
BLOC1S1,-1.5621495786342336
EED,0.34217443805337244
SLC25A25,-1.9124726836912898
LLPH,3.3812660662658507
TMEM14B,0.1308875583619803
ARL3,-0.7126254586251978
OAZ1,-1.5684544533788012
CISD3,-1.0414561208869966
DNAJC30,-1.706740850030744
GPR89A,-1.2606397733431274
ELOF1,-2.27194517396702
NOL10,0.057104621864037745
USE1,0.070447077396949
TMEM11,-0.9512144184225075
TMEM205,0.30825324999143533
ORMDL2,-1.6794893549134762
COTL1,-0.4869827653709282
NUDT8,-1.6127610545273225
CLASP1,0.24220979782946608
TOMM6,-1.9613617248511381
CNIH4,-1.3262378712489231
TMBIM6,-0.44207259425716605
DMAC2L,-1.11415451435527
TOR1A,-0.9289132199087416
HABP4,0.6487123031535572
OSTC,0.5832904118091117
TBC1D4,-0.4212225269008606
SLC25A22,-1.2423065129975333
PHPT1,-0.8329511926968487
LRPAP1,-0.2704044700577185
RRP36,0.02841854600148544
ATXN3,-0.7818449132767732
GID8,1.9220602745609778
RPP21,-0.06382334640397162
BOLA2,-1.2245701813339256
ALKBH7,-1.3662714969696181
EIF4G3,1.4470584401857534
TMEM256,-1.1643103939212387
UXT,-0.5538943252751822
STARD7,0.292145084084155
ERCC1,-1.4527650690819465
WDR75,0.30241141989190834
TANGO2,0.1943843476833609
TMEM199,0.4396227769390858
TMEM208,-0.9113766477765107
RALGAPB,1.7753966992745356
PSMG3,2.425263744774223
SLC25A23,-1.5106674309930173
NOP53,-0.43920476688383137
EMC9,-1.7564054377389278
KLC3,-0.6039694468422148
MFAP1,-0.17430834299120188
OMA1,1.6600964140060654
SIGMAR1,1.0671536599896054
ABCD1,-1.156047178690647
STRN3,1.1584950984292348
DNA2,0.1528742836493268
NOB1,-1.6831249064280607
GET1,1.4953890464154191
RAB4A,0.33480696089899875
OSTF1,-0.5769356846583656
GOSR1,-0.7028923862236783
CNTROB,-0.6773139738630856
TM9SF3,0.88813246072295
VTI1B,-0.482430921293842
EIF4ENIF1,1.046073141737126
WDR83OS,-1.9682034320533108
SNAP29,-0.7221423921885018
TAF12,-0.3407959910517376
GYG1,0.03395281778682045
SFXN4,-1.479853659521714
NGDN,0.48948770340865083
JAGN1,-1.4579593194487177
TMEM14A,-0.7509577969829355
KLC2,-1.4376128823262082
HYPK,-1.0302347954938131
CHDH,-1.1585548909467285
BAZ1A,2.385601411555074
MCUB,0.869263117085754
C1orf50,0.9938348771221686
MED6,0.7270604470806205
WDR89,-0.7147178106962038
USP30,2.6790866677043756
DPCD,0.050727932063190734
BCL2L13,-1.514744403394092
ANKEF1,-0.83370828159989
WRAP53,-0.8946306328175099
RRP7A,-0.11831779977793935
SELENOW,-0.2912631338483305
SNAPIN,-1.5038701229248241
NMT2,2.7708110480295165
DUS4L,-0.7553220257859724
RNF121,-1.4013803714395798
TMED3,-0.5494017743717734
UTP23,0.6521794732078772
LIN7C,0.1434375637760121
KLC4,-1.305459642784259
CSTF2,-0.20944088844819156
ZSWIM7,1.4797437482831923
ACBD5,2.5278237023846923
UXS1,-0.3486699441952724
UBXN4,0.13258363007770466
ZNHIT1,-0.7088155697954142
ANAPC11,-1.137603482211006
SLC30A6,1.3024566680312097
NIPA2,-0.2969588562565534
MGLL,0.11732842329388703
PPCDC,-0.38410948042859083
DPM3,-1.0494380347841112
NUDT6,-0.8806843201343361
DEF8,-1.067147112735268
SLC27A4,0.3383990152016021
ANKRD26,1.0265324418938226
KIAA2013,2.303895434709322
MESD,-1.0708824373479287
SPG21,-0.8489694860068178
CIB1,-1.456940854369099
UBTF,-0.4680152492191671
TMED7,0.217161767461969
SYS1,-0.13898198200579934
LNPK,-0.2651857896243922
CMC4,-0.793901205313325
RNF113A,1.594616592418499
PIGF,-0.8477929372582664
SUPT6H,4.926829585737614
GATAD1,-0.11451699199787717
C15orf48,-0.2948182971113346
RBM27,0.29945281917334143
SPIRE1,-0.23207679914399354
MED11,-0.6614378463988734
WDR55,0.5288393823308692
BAD,14.975701468896837
CNOT9,-0.1947799048947777
GTF2H3,-0.6893743415252025
ZNRD2,-1.2347148023476875
KMO,-0.9373502594290779
JPT1,-0.10791045781055501
ANKRA2,0.7418544234807242
SDAD1,-0.14871332690678296
BLOC1S2,-0.19888978001646335
ND1,0.5247880955496731
ND2,-1.4480192709101212
ND4,-1.5703763016768186
ND3,-1.2547420060543155
ND4L,-1.2104466312419186
ND6,-1.3641891271222195
C1orf198,-0.42181667197268513
GGNBP2,0.45035186191439647
GATAD2B,0.4989957143389551
MEA1,-0.04158322126014884
PTCD1,0.7518698147743655
VWA8,-0.6159136445957544
EME1,-1.1740229074565136
ASTE1,0.7873522395924111
GON4L,2.686400643105073
WAPL,-0.03540940171516603
ZNF318,0.9410686915896311
HMG20A,0.9489188644276186
CRACD,-1.1069559863822467
GPRASP2,-1.3778944501566317
MBD1,1.0307975955883804
SHROOM3,-0.5881775195390059
FNBP4,0.2498818346529847
RIPK4,-0.43399595748152686
TRIM55,0.502054052140912
RFXANK,0.169682479809338
USP36,0.2737331300674922
ARMCX5,-0.9797298526142677
CRACDL,1.3750834498298552
CEP83,-0.9155939332279079
RAB11FIP1,0.445280507417722
ANKRD11,2.481190441861969
SPTY2D1,0.3085613904859877
LENG8,1.7475733012297185
TMEM160,1.146207219544965
PNISR,0.7368543526365807
PNKD,-1.8285767778027693
MPHOSPH8,0.9269377549077223
UACA,-0.25510256608962867
TANC1,-0.286676258891001
RAI14,-0.3467528461642978
BCOR,0.5921501286384269
PPP1R12B,-0.7387264765319403
KANK2,-1.2922312741383293
TMEM230,-0.10868642113166739
ATM,0.8291472092734541
OPTN,-0.41974644100303027
SCAF11,0.14761164815230976
TERF2IP,-0.5908182018801842
RBM33,1.6163743204694923
CDKN2AIP,3.61290237337353
SUPT20H,1.1582488624716376
C6orf132,-0.7851894937201498
CEP170B,-0.8738416631858407
TRAPPC2L,-0.7297227911952738
APTX,0.28435491919053907
DENND1A,12.616131831765877
MED1,0.40767159036079836
FADD,-1.2483602672977954
ARV1,0.025013774473414883
ZC3H7A,4.488061095808226
TMEM203,1.4355798428668223
REXO4,0.3839373283818697
PARP2,-1.0535879245711284
TRIM32,0.3253455997082039
CSTF1,-0.8552318967374004
AKAP1,-0.5148008233228587
INTS8,0.2878586999136672
TRIP4,0.20665502031390512
PET117,-1.9416576868336302
MIEN1,-1.4425198046598573
LCN2,-2.243149329782268
ANTKMT,-0.17118845463405138
OST4,-0.6429171907499199
REX1BD,-1.0606510627438845
SMIM7,0.5333358528033598
POLE4,-1.9762925681536987
LYRM2,-1.1313700262420157
SLC18A2,0.6198375640313661
IL4I1,-0.27558949167102537
DDC,0.48318348552036616
SLC6A3,1.6735202537426257
TPH2,1.4596040767084681
SLC18A1,1.5680097176101708
LRTOMT,-0.5909216296461463
TPH1,1.188215435479769
AOC2,-0.8500427531579182
DRD1,0.9677439078365508
PYROXD2,0.27245123680760114
SMOX,-0.9670718239050664
PAOX,-1.47831966652112
TH,0.6706299348495183
HTR2A,2.8086271533121248
AOC1,-0.007912808342513442
CRH,-0.17957956768583813
SLC22A2,-1.0550322828003533
HTR1B,1.6801510023909207
DRD3,0.7572292540813743
HTR1A,0.6838175908967005
DBH,1.4480082262978407
SLC6A2,0.6513623111232778
PPP1R1B,0.1855642775092342
BDNF,1.8290977554762666
CNR1,2.169357832905539
CRHR1,2.4442180342325415
DRD5,1.3331810515920695
CARNS1,0.3249633423159838
PNMT,-0.398015220536672
HTR2C,2.806384546104547
OXTR,-0.2533360584685476
ASMT,-0.16110760349698977
HTR3A,2.0570988907299665
FOSB,-0.6327392396218966
HTR3E,0.2373209379699145
HTR4,-1.5082960291324392
DAO,0.8357647503584645
SLC22A1,-0.9043584990112062
GABRA4,2.9697927887526925
GABRA6,2.150430460147901
GRIN2B,3.5159334838657865
GAD1,2.781915584014729
GAD2,2.4805893090449
SLC5A7,0.46012980097725836
GABRQ,2.915635924734907
GABRB2,3.9401282658300882
GRIN1,2.9357992235406347
PER3,0.8293185642817242
PER2,1.1814581873753929
GABRD,2.199923610293778
NPY,0.8907617836152935
DAOA,2.4766983035960313
P2RX7,-0.5352354614983333
HTR2B,-0.4858266218785876
APBB1,1.86310445652505
HTR3D,0.424898007825967
RGS4,1.5913050058958502
PTGS1,-1.1601662548367222
FAAH,0.47458924495417526
GABRA1,4.076998150043114
ZNF674,0.01284225007710969
ADRA2A,0.28309928662510814
PDYN,1.55428557762956
POMC,0.8119506712586098
GRIK3,2.163961978833014
GABRA5,2.9941688219533487
HTR1E,-0.01034362396713061
FUNDC1,-0.5737987093774966
SLC11A2,-0.11458064871591987
RETSAT,0.8227892771020575
MFN1,-1.0117485878707035
NTRK2,3.771769357112434
PPARGC1A,0.861673097571471
PCDH9,9.365078770630594
SLC1A2,2.5109267602587777
PIR,0.5728736416159763
ATP4A,0.3940212400852531
SYP,2.2357821946581264
CYP19A1,-1.3192148972733
KLF9,-0.8268917157028655
TSPAN7,1.038742892648749
MPO,-0.26217494652080103
ALPP,-1.5594327344976824
PTGR1,-1.5662284550188694
SLC7A8,-0.6504405473504551
SLC17A7,2.3955117747666863
NUDCD3,-1.5765325243156536
DDAH1,-0.3327191441449736
L1CAM,2.207303198401427
CA12,-0.7528209062894808
ANK3,3.453962682500646
RNF180,4.944510363247963
SCNN1A,-1.2805585613997161
SV2A,1.5366511035337624
FKBPL,-0.8641455844413956
YIPF6,-0.2070302549874618
MAP3K5,1.2834289023852687
FZD4,-0.6479199844182092
PLAAT3,-0.8990508484185378
HTATIP2,0.5621653781432973
CAPN6,-0.9220049417951118
CALCOCO1,0.0945549631442559
SLC35G2,-0.2851606282015884
BCHE,8.566572766453453
FGF14,1.8695717067158217
TM4SF18,-0.9724199972743912
GPR173,-1.290622687802856
ASB14,-0.49241536138725317
CYP46A1,1.3261496050416077
CD226,-2.4307531926573667
SCRN3,1.0397127714267995
KCNK1,-0.4059002088228054
RHBDD2,-1.4961632920538257
CHAT,0.32846593718322875
SYNGR1,1.10807678614137
CYP4X1,-1.6770717121081091
CNR2,-0.8517457068265271
GABRA3,2.4897507596993433
TACR1,-0.5208174308769372
GLE1,-1.263901615955563
ATP2B2,2.9527051342722435
CYP39A1,-2.023249222224697
ENPEP,0.14398439608989874
KLF11,-0.9830835615233349
SH3GLB1,-1.2363346704067446
CASP6,-1.288013949409092
NUP58,-0.9824490436243534
P2RY2,-1.4601530176296535
PON2,0.5118476188928206
CYP4F11,-2.330782705213321
REEP1,2.043778709240999
CA3,-0.3825006800241899
CYP2U1,-1.7396696844532322
FBXL4,-0.4283413969271459
TMEM176B,-0.919108228230766
TRIM14,-0.23573110676612138
ANPEP,-0.8616215288196387
ACTN2,1.060938286489832
AGT,-1.8851818810972725
PACRG,0.2628941257333126
AR,0.3267730122772458
CP,-1.1018028166380118
ABCC4,-1.1565740959711148
ENPP2,-0.328688736378194
SELE,-1.5041945011730633
SGCD,2.269598422069787
TRIM54,-1.1153017772662406
HSPB2,-0.668642700685532
SLC47A1,-1.1188585867936638
AGTR1,-0.2335638281901978
SYN2,2.647231196280214
CX3CL1,-1.6161249284488253
CALB2,2.2790478283866267
HSD17B6,-1.794157966884558
TF,-0.5346007506836575
ADCY2,2.3304759286329566
STAC,0.9554338867042927
RGS5,-1.6895505141366216
CHL1,3.3349658623850655
HLF,1.6758300637819117
SLC4A4,1.790250381899462
XYLT1,1.8544945434291917
IL36G,-2.022437199813258
NR1H4,-0.305654117709883
CPA4,1.7580756964350372
SDR9C7,-0.37866151162365463
SERPINB13,-2.0379821361017747
ABCA9,-0.36246320491181755
ALOX12B,0.34213554038431193
SERPINB2,-1.5674519896532177
CDSN,-1.0569793838605213
TGM3,-2.1320087440187954
FNDC5,-1.3464840792855823
LGALS7B,-0.6294583252822259
ITLN1,0.24423938707566714
POF1B,-0.47435213106522933
KPRP,0.3111851520330564
GUCA2B,-1.3864430824560414
MUC13,-0.6084678770234827
CYP17A1,-1.7229856160066939
KCNJ6,0.5115254814274707
HEPACAM2,0.8893666589066144
DEFA5,-0.9257616051724634
REG3A,-0.949115346459158
SLCO2A1,0.2909808851230202
CWH43,-1.3210037115786988
SLC22A3,-1.3104585535025828
XPNPEP2,0.43503011404836384
MAN1C1,1.35985570642331
PPP1R1A,0.03559464616915971
TMPRSS2,-2.6930528275777315
C1QC,0.16705111709964873
C1QB,-0.9813916924611371
C2,-2.311876435627191
C4A,-0.6538218554487379
C9,-1.13834450871599
C8B,-1.8911236245911516
C8G,-1.2304105940738082
MASP1,-1.4640444303665328
MASP2,-2.249685179410902
C5,-1.5753325968175622
C4B,-0.7458830405347753
MBL2,-1.419372787186255
CFB,-1.6082922539527793
C3,-0.6451041197746179
C4BPA,-1.4093993577981612
C4BPB,-1.4520502947952463
CFI,-0.8617974223904266
FCN1,-1.4912763169460888
TYROBP,-1.156169235720034
CRP,-0.8674178039099996
FCN2,-1.7160830231644904
C3AR1,-0.4609355052392219
FCN3,-0.6086040882292882
CD163,-1.4992594652682767
AIF1,-2.3176745409934654
CD68,-0.716244291062037
CR1,-2.057055626039905
CFHR1,-0.9236726071084601
CFHR2,1.2946720374674607
CD5L,-1.787172043005336
FCGR1A,-0.9403212071271491
CFP,-2.594333606555944
VSIG4,-0.1780569684665098
COLEC10,-1.2412720684052994
CX3CR1,-2.1829727005079365
MS4A6A,-0.5140695530941408
COLEC11,-1.2005462189927802
MPEG1,-2.1034448954485083
LY86,-1.409090367134627
MERTK,1.439138876386953
MRC1,0.1957765848445535
LGMN,-1.025568882890976
C1QL1,1.1438249386334138
C1QTNF9,1.5928404863109242
C1QTNF9B,1.7447264760051888
C1QTNF5,0.2968153822946614
C1QTNF7,5.912771827697951
COL8A1,2.6522167219805217
COL8A2,0.6500205993908329
COL10A1,1.387526024662077
C1QTNF3,1.3286577681365246
FCGR2B,-1.8085344591814414
CFHR5,1.1295908415816667
CFHR3,1.563752604694287
CR2,-1.127856936278612
CFHR4,-0.6422034509960725
ITGAX,-1.6575886718590176
C5AR1,-2.6617327475013677
GPNMB,-0.5318717709975963
MS4A7,-1.720246559903865
CD3D,-0.9109672833789878
CCL3,-2.448255567998304
SLC25A47,-1.2147962689640703
A2M,-1.2968864822413941
CLEC7A,-1.392999600357014
IRF8,-1.2813079008512764
LILRB2,-1.6976590061782257
LST1,-1.703655408824004
FOLR2,-0.28401279858229733
CST7,-2.2004681859015593
LAIR1,-2.317494044629335
FGG,-0.6675570011706707
FGL2,-0.4467312135198074
FCGR2A,-2.1148351882171097
SLAMF8,-1.8614539233497356
HLA-DMA,0.5757498549802104
OLFML3,-1.0342721275953763
ADGRE1,-1.1133855936666095
APOC1,-1.8224067448323087
PLA2G7,0.2351429684194572
CLDN5,-1.1418939368595988
CTSL,-0.596403446264086
RNASEL,-0.18600138386586806
SUSD1,-0.7781789737994294
TIMD4,-0.9263403691671531
FPR1,-2.706575438761335
GFAP,1.915712251937049
CSF2RA,-0.8817444438390143
PF4,-2.1629880542222613
ADAMDEC1,-0.8453307718284649
MSR1,0.24442413488265488
GBP2,0.33491965840725
ENPP1,-1.434316207770137
CD84,0.4250888323557006
TLR8,-1.0134186505878144
INPP5D,0.02626433711888125
SIGLEC1,-2.5774093882417772
CD33,-0.508002538090419
MRC2,1.93257291256372
GZMA,-0.41672959787346053
TNFSF13B,-2.156962467706203
NPTX1,1.0251100422940957
LY96,-0.34094119581772725
C5AR2,-0.88188575653142
ITGAL,-1.5988927498274603
SLCO2B1,-0.11058264203933689
CD3G,-1.882445406324126
A1BG,-1.1701274547863696
LILRB4,-0.7481759225736383
SPP1,-0.4805820150442235
BLNK,-0.6757738860120927
PLTP,1.2346902054721256
P2RY13,-1.617544975892744
MNDA,-1.7509640622321427
ELANE,-1.7896477979860037
S100A8,-3.2412043846612986
HLA-DPA1,1.664008097682119
WNT5A,1.2908916526333638
CLEC10A,-2.1995391850551886
TMEM215,-0.10442037654323302
PLXNA2,1.705388671895652
PRF1,-0.6892745768295655
NKG7,-2.482795922623245
SERPIND1,-1.8747285274616285
GBP3,0.3083183431035401
NFKBIZ,-2.402771516048284
GNLY,-1.2859545492452313
FCGR3B,-0.5223955225730282
IL10RA,-2.1706118516836685
HLA-DMB,0.10369258190932243
GZMB,-3.1945467771241174
TREM1,-1.7619926909998598
MAP2K6,1.1295990573379064
CTSZ,-2.3640594290694876
SDC3,2.2541164766047674
IGHV1-69,-1.0355168809422377
IGHV3-48,-1.0635406858238026
IGHV3-33,-1.033774815446898
IGHV3-30,-1.065567995603125
IGHV3-23,-1.064911713436665
IGHV3-13,-1.0683515505133554
IGHV3-11,-1.0629497657982119
IGHV2-70,-1.0664372480258941
IGHV2-5,-1.0363023966568663
IGHV1-46,-1.0840550046408253
IGHV1-2,-0.6660961866464532
IGHG4,-0.4228686444483277
IGHG3,-0.49429722988150276
IGHG2,-0.4638938774524914
IGHG1,-0.8570874407516598
IGHV3-53,-1.0689431677620005
IGHV3-7,-1.0662358813315742
IGHV3-9,-1.0587646778341997
IGHV4-34,-1.0648305977330828
IGKV1-39,-1.08069941190428
IGKV1-33,-1.069258232084583
IGKV1-17,-1.097625538480497
IGKV1-16,-1.0670609985071906
IGKC,-1.135831746699332
IGHV4-59,-1.0551997268431166
IGHV4-39,-1.0681865992567783
IGKV1-5,-1.0775277770688234
IGKV1D-12,-1.0615156894927844
IGKV1D-16,-0.6704603921670246
IGLC2,-0.7176716603314235
IGKV5-2,-1.0651000790407283
IGKV4-1,-1.1116434554713204
IGKV3-20,-1.1223230714836974
IGKV3-15,-1.0634494291166654
IGKV3-11,-1.1192917132087061
IGKV2D-40,-0.6988020607315127
IGKV2D-28,-1.1021504466488516
IGKV2-30,-1.0659377972303237
IGLC1,-1.0823832390867616
IGLC6,-1.0627995668387955
IGLV7-43,-1.0660915180354529
IGLV6-57,-1.0825320750107177
IGLV3-27,-1.06545076363152
IGLV3-25,-1.0630794211089294
IGLV3-21,-1.102760626176524
IGLV3-19,-1.1452115384144148
IGLV3-1,-1.062007266291091
IGLV2-8,-1.0585606329707038
IGLV2-23,-1.063246030382364
IGLV2-14,-1.0634876735182375
IGLV2-11,-1.0706371548710654
IGLV1-51,-0.918694838544677
IGLV1-47,-1.059205561133013
IGLV1-44,-1.0597495609509238
IGLV1-40,-1.111903282633193
IGLC7,-1.0811864977593684
CCR5,-2.430937366440297
MS4A4A,-0.31189389030174114
TNFAIP8L2,-1.4080862970300256
RNASE6,-1.6677163952945815
CD14,-0.9676886481738181
HAVCR2,-0.9065902314673532
IFITM2,-1.7466691607301814
PIAS2,1.0172108905521273
TIMP1,-1.9318578228795242
ALOX5AP,-2.251363914267293
CTSH,0.26925994850801194
MYO7A,0.9498026643571176
IFITM3,-1.250529994178527
ADA2,0.8670534101947107
ADORA3,-0.8489002298346046
HLA-DRB5,0.38759269987923956
SERPINF1,-0.9621566737334651
HLA-DQB1,1.1289973638031463
MFGE8,1.7466389806429168
CD180,-1.7802606065491395
CD53,-1.9345068380993478
STAB1,-1.5993458048452547
CD93,-0.7151008741381918
CCL4,-2.2810547225069735
PTX3,1.165746726299005
HCK,-2.223381959075304
CCR1,-2.933094514936003
MARCO,-1.0456007908425458
CCL18,-2.4947292337833646
CD300A,-2.019609041136157
F13A1,-2.1490767681178475
NCF2,-1.3020768860808742
CXCL9,-2.0264187616018408
HCLS1,-0.7202165802200712
HLA-DRB1,0.19665700238572922
RNASE1,0.7934552530761821
CCL19,-2.4920639029280203
MYO1F,-1.536764913789066
TMEM176A,-0.1317525726584736
LILRB5,-0.35314920588941145
CSPG4,1.5837985279232356
CD52,-1.6106476349170997
TLR7,-1.5536056861285934
CCL8,-2.3467678633783633
GIMAP4,0.4112979074865217
HLA-DPB1,0.8645948127475792
CD2,-0.19010550070635251
FPR3,-2.1323979768882513
MX1,-1.294435850336088
GZMK,-0.9256409671013679
CCL13,-3.248322419723194
CTSK,-2.2104755912006544
IGSF6,11.159099991405668
ADAP2,-0.5924658572996047
HLA-DQA1,0.8243647481297124
S100A9,-2.1570288176379617
IFI27,-0.9897084456943747
S100A12,-1.6561736498419335
GPR65,-2.683726152572557
RGS1,-1.866704226420363
LTF,-0.9142604544155385
SLC11A1,-0.5596929510168648
IFITM1,-2.270268792459856
GBP1,0.13720055686886537
MMP9,-1.4855917846427444
FGR,-1.381908336441579
SLC7A7,-0.4860723512042912
SFTPA1,-1.2944882085319636
CLEC5A,-1.5977299680766068
CXCL11,-1.116007695894797
SLC15A3,-2.2451558292592755
NCKAP1L,-1.1887104789069736
SAMSN1,-1.379088525865538
IRF1,-0.6500059642788063
FMOD,-0.9814841952230594
TFEC,2.0591252272051532
ACP5,-0.1470572783930234
CLEC4A,-1.1550806878071846
IFI6,-1.2213103851962996
HLA-F,1.0837135738768875
VCAN,0.6624929223680134
NR1H3,0.7050624564092096
CMKLR1,-1.2576068456918938
MX2,-1.4329872291320829
IRF5,0.09376349127542258
CCRL2,-1.6608238649432043
TNFAIP2,-1.8738946701038772
RSAD2,-1.8762195251717948
ALOX5,-1.898400211806224
OAS2,0.5325524858397866
CCL23,-2.8552933717362716
ISLR,-0.01235289994258911
TCN2,-0.8382713702664084
IRF9,0.8940018779139322
PTAFR,-2.561745346588061
TYMP,3.138832874426617
SIGLEC7,-0.963047855109465
HBA2,-1.2083397969132201
SLA,-1.1897808821665354
SMPDL3A,-1.1156210424079482
SERPINA1,-2.9847540328303626
THEMIS2,-0.6518389625646644
CD300C,-0.9591635687897797
SELL,-0.4406116087484897
BST2,-0.4681788052691767
LILRB3,-1.1960817016044654
LILRA2,-0.5950527015564484
DOCK2,-1.3828641293540347
C1orf54,-1.1788081484422892
ADGRE5,0.22467408382758008
GJA4,-1.0295778715044765
AOAH,-1.3098513640251772
LILRA1,-0.31707695329181823
SFTPA2,-1.1789370747727228
APCS,-2.2606837848312247
CD37,-2.643876298054555
DNTT,0.6581801837152911
AQP9,-0.9073261501315258
IL16,-0.5118846635625154
CRTAM,-2.0255813750796716
OLFML2B,-0.8654063011784251
PSTPIP1,-1.8244873338781735
BCL2A1,-1.2454287284233259
ADGRL4,-1.5069418344580037
TNFSF13,-1.5967916615779265
PILRA,-1.307725245203678
APOC2,0.6977781515429361
PLXDC1,0.22231500811065305
DOK2,-1.6776058242237428
EFEMP1,-0.13921825316176117
TNFSF10,-0.7105412650220533
RARRES1,-1.467829312984054
ADGRE2,-2.024427218699359
RASSF4,0.2743998453845824
PLAAT4,0.28931577450624246
CYTIP,-0.24181046628156788
APOC3,0.4264206503917782
GNS,-0.8529475728352651
KRT1,-0.6297298801580746
LILRA6,-0.742976884414955
NPL,-0.7862270757894031
TNS1,-0.4459768718059694
TPSB2,-0.49670021662823277
EVI2A,-0.5704065630546791
CHIT1,-1.8104791537411642
LILRB1,-1.151406301608332
TRIM22,0.5968732906741713
SASH3,-1.0982415727691126
IRAG2,-0.34895177568194197
GGT5,-1.709541410384333
COL2A1,-0.21593087923881693
C1QTNF1,1.2409957993238812
C1QL2,1.2747733067914677
C1QTNF6,1.5046322260015115
C1QL3,0.258150435137523
C1QL4,-0.34035139083579796
CBLN3,1.5723362128094072
CBLN2,0.11891428272044685
CBLN1,1.82404601677077
C1QTNF4,1.748503317634786
FCGR3A,-1.3176132650949108
ZNF534,-0.4799965114665042
KLKB1,-2.014240046589376
DDI2,-0.46481155569401084
MZB1,-2.078694473676008
COL5A1,-1.126351124076308
GPLD1,0.22488618016462958
COL4A2,-0.6665148795384364
CLEC4D,-1.909601407308719
FGB,-0.2938088786037802
APOH,-1.7365329572911432
PLD4,-0.29222005176409227
CCL3L3,-2.331966122195781
VAV1,-2.0120799938087983
HCST,-1.669719074134383
FKBP2,0.09988161854796541
ADGRB3,1.5933163642666284
PRSS35,-0.9021315645995821
BMP2K,1.9906383141584276
PAK5,1.5058015259976945
HTD2,-0.570055616162244
EPS15,0.36129717786446436
IQCB1,0.6870846162945559
MRM1,-0.20871433663139977
NCAPH,-1.5811142414109118
NCAPG2,-1.0163518281209278
TRAPPC6B,-0.8624169554312393
DTL,-1.159437185016851
SMC6,-0.7954770803966684
NDC80,-0.3606453216665542
SRA1,2.0752552613119186
GPAT4,0.5985111055255394
TPP2,1.5083155780649704
DGAT2,-0.058154089038030495
AP3M2,0.1513060295987229
SLC30A9,12.196466347347107
VAMP3,0.15248250530643634
UBXN7,0.09442894381795533
ZNG1B,-1.1972956901043235
NCAPD3,-0.6397711752913446
ACBD6,-1.0183808734945108
SCAF4,0.8332669549899572
S100A16,-1.4232197067283407
TMEM9,-1.0001768757584042
SEPTIN11,-0.061232164070063586
VMA21,1.5379384293588467
TOR1AIP1,0.674837101567631
SVIL,-0.40874512694223014
RLIG1,0.8082123455421957
SLC25A14,0.5363417621471633
AGA,-1.1304893550325161
YTHDC2,1.4087241764639902
FTMT,-1.0223802032182066
D2HGDH,-0.11932859382112117
ICAM5,0.6077293549720288
SEC14L6,0.19142582024859336
RHOU,1.3784298956127088
TMCO2,-0.18826548546658986
FNDC8,-1.0181378410447988
BMP8B,-0.020489108899520655
GCLC,3.729279596451683
AHR,-1.034847542860805
LCE3C,-0.27437857388454373
SCUBE2,-0.5063273773330098
ARL6IP6,0.7717720140059791
UCP1,0.02168488259904837
OR51A2,-2.789639729644326
NFE2L2,-0.4414633284909798
GSTT4,-1.0098409032359112
GPX2,-0.09470750299134263
HFE,0.6576989722667794
GSTCD,0.7306376267020308
LCE3B,-0.08088655148527091
OGG1,0.5372618206168791
ABCG8,-1.6895758962112606
AS3MT,-1.2859366135013297
IL17RC,-0.4361288505196764
SHBG,-0.943092126829078
MAFG,0.12556304726333098
GPX7,0.5482137857716042
FTH1,-1.5255916167781745
GGT1,-1.5714614920469887
MGMT,1.8902986413054297
HAUS7,-1.6016245361058723
MMP2,-0.4427614315712214
KCTD15,1.156140492935862
CYP2R1,-2.197935044153135
UGT3A1,-1.8835921513066465
GPX6,0.6585688851489261
UGT3A2,-1.1437485044776416
AZGP1,0.11338641535696398
GADL1,1.1162897718326763
HDC,-0.9581244238638298
SLC32A1,1.169393731822489
CSAD,-0.9485552580932161
SNAP25,2.0298745354515733
HAAO,0.07081011724461082
DNAJC5,0.7013419611451278
SYT1,2.725385633620356
CPLX1,1.2697369068596034
RIMS1,1.6506040739324435
CMTM5,-1.3436264023438116
STX1A,1.3622998863720557
PVALB,1.0656252948797944
DLX1,0.8655316580937352
SST,0.7971314815101002
TBR1,2.968324232662386
DLX2,0.5212178981862493
LHX6,1.0010446131312714
PAX6,11.527077119672233
RELN,4.639018179836
FOXG1,1.3057749037477464
SLC17A6,1.5453962600684295
MAL2,-1.281874086980674
NKX2-1,0.5833946183485984
MAP2,3.0894831501471156
ASCL1,2.5562765065061064
DCX,2.5243886136506486
DLX5,0.7738049087651934
SATB2,1.798178163379578
SLC6A1,3.6170344412941215
DLX6,1.0253608108989298
CALB1,1.7277939140064833
FEZF2,2.573998518897677
MECP2,2.0170612596036595
OTX2,9.625908420232014
SYN1,2.3736838289173865
NEUROG2,0.42148475069961155
NEUROD6,1.3536796063990795
GRIA2,4.513042892930838
OLIG2,2.49667284812324
VIP,0.08433235990647363
VSX2,1.0557333892765541
GRIA1,2.828705263899716
FOXP2,3.145129594412485
CA1,-0.3280462734064481
BCL11B,1.2148016652373101
EMX2,1.0877722751451753
RBFOX3,2.116357525234697
GRIK1,2.4162710265373764
NEUROD2,1.0859660696973858
EMX1,0.6206956894094221
NRXN1,4.721429648267728
GABRB3,3.686994318568637
CUX2,1.368231085465065
ARX,-0.386137561054501
MOBP,1.3612502824051376
SIX3,0.870463029247138
NRG1,13.145365046085393
GDNF,-0.21885735831317601
OLIG1,1.2397397392260887
NEFL,2.550341766513639
GBX2,0.47066306528709545
NEUROD1,1.3821742918683497
GABBR1,0.6101354379690958
ADO,-0.7323084894478666
CUX1,3.154733272919
CNTNAP2,4.569132903276641
GABBR2,1.3162370573911046
GAP43,3.0714717668434695
GLS2,-1.0320578278334582
ZNF804A,3.854545690171385
NEUROG1,0.3792723032432115
SOX1,0.7571675425778064
ETNPPL,-1.2766142257119018
GRM3,3.091606946642695
ISL1,0.21826009300162602
NRL,0.7731513544357066
GRIK5,10.117419272466671
NRGN,2.8322532167209777
STMN2,1.8200015002911154
LMX1A,0.744093313429364
NEFM,0.7583541809762206
EN2,0.8083571157991268
CACNA1C,2.6934608138091694
PCP4,0.02135088482623486
CABP5,0.67274780817639
GPHN,1.4176251574699903
RORB,1.7942365415330432
OPN1MW,-0.641325519246589
GRIN3A,1.2830245620360823
PDE6H,-0.06939725157661077
ARR3,-0.43224184977416585
PDE6A,0.5387304283901767
TAC1,-0.7958459178361894
GRIK2,4.367425967791455
LHX8,-0.28976901954432943
GABRG3,3.4931947430452164
GSX2,1.2660248474299167
ASRGL1,-0.6761232207807707
NAT8L,0.724640375683691
GRIA4,4.556675090606095
PENK,-0.07986595973514479
GABRB1,2.7432177714614943
GRM6,1.1810830242745116
DTNBP1,-0.40579412987934976
CPE,0.6287770916811569
ICA1,-0.25006892762777894
PTPRN2,2.0976542411762455
PTPRN,0.5952979211387494
PPP1R17,0.5158432548916504
NKX2-2,1.1225984139477847
LHX1,0.0006105549887168906
RLBP1,1.1009844400637017
CHRNA7,0.8713485905144603
KCNC1,2.235059074112625
ARPP21,1.4964072537268773
LAMP5,1.2299932324670073
NCAM1,4.126518125099819
SHH,1.3599553003646572
NEUROD4,0.8077012116649274
NTNG1,2.7415920843694694
MEIS2,1.8561817336085848
POU3F2,2.0479515722091626
GRIN2C,1.6125939645379912
HOMER1,1.843936369399792
VSX1,1.392076356192441
BHLHE22,1.9336417806818984
ERBB4,14.891642939429191
GRIN2D,1.4650952721741273
SNCG,-0.4069221418405516
GRM2,1.3498181273034489
SEMA5A,2.4422652944866856
GRM5,14.03977634048412
CRHBP,-0.461012921082846
GRIA3,2.8036753754849126
NNAT,-0.6798028096276166
ONECUT2,1.8474250925699731
KCNC2,0.8534883244034392
SHANK1,3.1934606245041657
SCN4B,0.3581080210427089
NR2F2,1.5558242630342207
SCG2,0.751294483213571
SHOX2,2.5233488813299205
KRTAP3-2,-1.7266394374220464
NRXN3,3.4174350417843566
CHRNA6,1.5319357541196716
SP8,0.42096387939843655
ROBO2,2.872522830384751
ADARB2,2.8554737656541147
POU4F1,0.2248268995774218
EN1,0.7169504109565055
MEF2C,12.262945361404386
KCNIP1,2.76903051849255
SOX10,1.0818833620343065
CRX,0.669334651734035
CRYM,-0.47105010007261866
CAMK2A,4.102188348174971
CARTPT,1.0752564568012246
SLC6A11,0.5893231948673266
NLGN1,3.720984637348648
NHLH2,1.7057919905414163
POU3F4,-0.031060272294934722
NRXN2,2.7883784104205693
SV2C,0.9167725917902221
NR2E3,1.0606035938485079
NR4A2,-0.05559031346067962
NFIA,3.1951899412414595
BLK,-0.8029425379870397
GRM1,3.430573037129996
KCNJ9,1.2333869633520183
SLC12A5,1.9816973825404907
ELAVL4,2.188381361566012
MOXD1,1.5760160266503378
CRHR2,-0.18355186512316127
HCN3,-0.9151243329079037
KCNC3,0.09394489145677197
ZIC1,-0.07420072672621146
NXPH4,2.479608486446314
FGF8,-0.22117997352877822
GRM7,3.098640292772561
SLC1A1,1.591997390657184
HOXB4,0.20090769526797167
SYNPR,0.3660941055879958
UNC13C,1.2979739939286865
SLC17A8,1.7860184088357405
RPH3A,1.5376149250846964
IGSF9B,2.316986233707614
STX1B,1.1679289994605397
UNC13A,1.5258611201685621
SYT4,1.9088794514338883
SYT11,1.6957281610038915
CDH8,3.878752323097499
NFASC,3.45132935453487
SYT2,1.224183218567438
ATP2B3,1.8442567210681597
UNC13B,1.1756528734510054
KIAA0319,1.896482808362911
SYT5,1.4558700415056842
CPLX2,3.0155449873364764
SLC4A10,2.7313736176983188
PACSIN1,0.6401309193759909
CHRM1,0.3645678123968911
FYN,-0.03358467665682013
SVOP,-0.04259003438620743
ADRA2C,0.09970930446635867
AP3B2,1.0124418511050455
KCNH1,1.112948858243382
RIMS2,2.7187070267898354
TRIM9,0.5403890949954818
CDK5R1,0.6045243185437168
ITPKA,0.1137632322032085
NEURL1,0.06957952036382163
BCAN,2.4344474064268207
ST8SIA2,1.7544483998485236
GRM8,14.325803743976254
SHANK2,4.3242175627899755
CACNA1B,3.4529896679919236
ADCYAP1,1.8017702680453316
ESR2,6.814941658451325
ELAVL2,10.838380294612632
PPM1E,0.047993814359003906
NPAS3,2.70487326724243
ZIC2,-0.32764498198737935
VSNL1,0.618297907884683
CACNG3,1.944722773965089
ADCY1,1.8762836899454862
FRMPD4,0.6144335803818237
INA,1.9650706493283288
TRIM23,-0.46047185610110714
FGF12,1.5904792005313078
KCNJ4,1.3677947590767874
CTNND2,4.2903694556585545
PCLO,11.817177379833991
PROX1,0.6294201612232779
SLC30A3,0.9803894152074443
KRT31,-1.598802742652203
FGF18,-0.5466231118489663
CABP1,11.999493735339508
RGS7,2.3713702298703274
EPHB2,14.226648941982576
ASIC1,0.8852848928157209
SEZ6L,3.238187811758655
PTPRT,2.941219926641665
CSPG5,1.9243100018183303
SCG5,-0.3707858574888272
RASGRF1,1.7340163454384865
ABL1,1.5532880806348142
KALRN,2.4308121092778068
SOX5,10.272832900194114
MYT1,3.0048189017253186
RGS6,1.3593515163474899
GPR6,0.2368264435987909
MPP2,3.082593887845021
AFF2,0.7140559242201433
SFRP1,-0.0832515148773798
MYRF,7.429207104500797
LDAF1,-0.7095002071169122
CYB561D1,-0.44036910379245714
SLC30A8,-0.07042804848561388
PCSK1,0.7068814854497202
HIGD1C,-0.8533192354872268
FADS6,1.5194084873709561
DMKN,1.3437347925067267
IAPP,-1.7850194612115597
RHEX,-0.7073932178183251
SYT6,-0.1017752703649327
DERL3,0.12350485623257754
RAX,0.25740590815048503
SYNGR3,0.5455206529218772
FAM163A,-0.6657200542409701
SYCE2,-0.7234463799266327
CHODL,1.7631331447561087
CACNG1,0.511147134837632
FAM114A2,-0.26619722538454405
DGAT2L6,-0.5855196472055327
PTF1A,-0.09679831692788893
KCNA6,-0.2110274821584157
MOG,1.6837304548916627
ARMC12,-1.1800860076510131
PDE6G,0.19445374642946897
LIME1,-1.4233920601360501
PNLIP,-0.5735495651129929
GLRA2,1.48331342207515
ABCC8,1.938143560793498
TSPAN33,0.9121517426197998
BSND,-1.3590244430693323
PLP1,1.2265253787256216
SMPD2,0.660590183744858
SCAMP1,0.6298948975631506
TMEM128,-0.9135594411558147
TNFRSF10D,0.9329330127825265
PBX3,0.17353411673654687
ST18,2.3667607362317606
PPY,-1.9684616968653408
RPRM,-1.042304556174438
INSM1,2.4918936032219343
TMEM120B,1.1273953593760078
CPLX4,-1.444084022048548
OTX1,-0.28560599125636954
LHX3,-0.3033675818776258
NPAS4,1.5630519400322216
S100B,0.47135577417172647
KCNA1,1.3886106210816629
CERK,-1.1883265584806288
SEC22A,-1.5544373560905662
ACHE,0.3551190203594754
CORT,-0.7083691782097342
TLE4,1.438178196724491
NKX6-1,-0.41515097093251874
CERS3,-1.4109333852119503
PDE11A,-0.28777791281838344
NMNAT2,0.5138584084466221
SV2B,1.5879717890543592
DGKI,1.933174178706586
OTOF,0.042715546946062694
SYN3,2.7907312424654935
CNIH2,0.4482923158780738
KCTD8,-0.096853309410545
PCDH8,3.50687730965995
IGSF21,3.033843188716482
SLC7A14,-0.5410416365396588
SFTPC,-0.11184450717441018
RAB3C,0.5732407439300441
WNT7A,-0.19300710147611225
CDH9,7.326934349838414
CACNG2,2.1773843234217747
SLC1A6,-0.19842268813016387
CDH10,4.519756904383162
RNF112,0.6247997770553264
KCTD16,-0.2282108846540745
SLC18A3,1.470210432017004
CADPS,3.168573215477244
DNER,0.34072775454769005
HPCA,1.0735868177579038
PCSK2,2.183539491090198
AMPH,2.5133057993753574
CAMK1G,0.8264480231413472
CLSTN3,2.2628403720091086
SLC6A17,0.21931335389952514
NEFH,2.4012307078966098
BSN,12.97163167714943
LRRTM1,3.373209416387186
CHRM5,2.3845297860549657
SFTPB,-0.8318136178759515
GLRB,1.977956099916603
LHFPL4,1.3416866275201975
PRRT2,-0.26780954313873295
KCNK9,-0.06020924955063387
OPRK1,-0.6804961133369279
CNTNAP4,4.334549044071841
RGS8,1.8707826909770804
DNM1,1.5417762881697759
MT3,1.229971091678871
ADCY8,2.164277176887632
UPB1,-1.2189567373668102
SLC30A10,0.1492796584296237
FTCD,-1.8202780799735778
PNMA2,0.14727276774724707
ZIC4,1.4215127832776555
DPP6,3.562436685042411
GLRA1,1.11887027605193
SLC6A13,0.22973006096390367
SLC6A12,-0.0941794042656323
CCK,-0.35279402619307826
ZDHHC17,0.4931412206614265
TG,-0.46763426136752034
HCRT,-0.6671297824067803
LHX5,0.3605638581413345
CACNB1,0.49555452110273535
SIM1,9.522712185089212
CNTN2,4.857633893408051
ELAVL3,2.507702179949742
KCNA2,3.0904528956272665
MC4R,0.38106492008581716
TRH,-0.5377032612550459
CACNA1A,1.8526154312323395
RBFOX1,9.823524309850429
POU4F2,0.032228979349062936
MPPED1,1.9192819759330644
ASTN1,3.748047615712807
GJD2,-0.04430064892095979
GABRR1,0.5051548187438899
HTR5A,1.577326323878511
ST8SIA3,1.7080261453554808
SNAP91,1.5032610536167024
ACTL6B,2.1796135615436523
KCND2,1.8370092015743733
AK5,0.22231818069317352
CPNE6,1.2365386718535236
TNF,-0.5855879921905174
DLG2,4.117727254781682
SLITRK3,2.7810961011814745
SLC8A2,2.6436137961716626
ADAM22,0.7922674688220573
HCRTR2,-1.1908279265671327
CACNB4,2.067359183861608
HPCAL4,2.3806245574025353
CACNA1E,11.95433913285297
HRH3,0.8396343453710648
TGM4,-1.8565935008056489
NCAN,2.968269666342549
PDX1,-0.5722367382641814
GRIP2,0.8471893685391862
KIF5A,1.2420910469453508
DLGAP1,2.24841675981807
MAG,1.9258349927267309
SCN10A,1.4296870656634748
SCN3B,1.1702714628526298
SPOCK3,1.2654640577543472
SLC6A7,1.4489574614108642
LY6H,0.84210150769396
LMX1B,0.22226866920657204
AGRP,0.7344383558610882
TSHR,-1.4946664989693412
CELF3,2.775948019952761
OPCML,3.5798888661761246
FABP7,1.3503334424578428
PLPPR4,0.2892152270371203
GABRR2,1.3058415272791224
DLGAP2,3.3216464182666545
KCND3,1.7713575608974077
PAX2,0.21781124248774103
SLC24A2,1.8882372356469708
ADAM23,0.7457159224617033
RHO,0.27522004318068455
CA10,1.8197160048110896
ECEL1,1.2106385523770458
DIRAS2,1.873545497682966
SLIT1,3.0293138113798506
NEUROG3,0.29603704555997773
NMBR,-1.550365533642855
CDKL5,2.237338559650222
SOX14,1.1465819860455793
STMN4,1.3058650969913101
GRP,-0.5604043606802689
RIT2,1.4528539966437974
CD80,0.383711432172574
MAGEB2,-1.4789904620250354
SPTBN4,2.536674724077756
CA7,0.5300116819893146
VGF,0.2620212598838636
PAX4,0.5282877026006934
SYT13,1.4890918511476672
CNTN1,4.571493478141864
TACR3,0.5842321451404355
SRRM4,2.0590453261732935
TAGLN3,2.301102769594472
NPY2R,-0.8496353244255956
ASIC2,12.304506218758538
DSCAM,4.943070447000549
NTSR1,0.6818662437649251
KCNB1,1.0468909413689345
TRHR,-1.5710859153285954
GPR88,-0.7493296416117272
GLP1R,-1.4383253634748299
KCNIP2,2.4433555977510144
CRMP1,1.8124705802691086
KLK6,-1.545433161790638
NOVA1,3.774513833817376
GFRA1,-0.5555439363290778
MCHR1,-0.916573243989249
KCNJ10,1.0778935630988513
MUSK,0.5415050797795224
CACNA1D,2.1069960729894377
H3C12,-0.43479441724305556
CHRM4,0.27906827133385514
LEP,-0.11801524681352722
OPRD1,1.7019159148479377
PRKG2,1.0466433015734227
PAX7,0.35783077741879404
PDE10A,-0.15323656523611434
KCNJ3,1.1801679330935502
RIMBP2,1.641055509082463
ADRA1D,-0.33624654972875345
CCKBR,0.43928078880560667
SLC5A2,-0.8315558347525687
PHOX2B,0.4787947735756457
ATOH1,0.19874628565318325
POU3F1,-0.28201240921837917
FGF17,0.1367868356032047
CELA3A,-2.205386765894248
TMPRSS5,-1.5071643703513142
CACNA1G,1.6329981963217048
CRISP1,-1.98436805845173
CNMD,-0.48875141404838024
OMG,1.1776585466529161
PITX3,-0.09058086759635142
CHRD,-0.8380010907641819
PAX3,1.0435240989031105
ABCG4,1.96655216585749
POU6F2,1.4696386150929222
TNR,2.2536677017197024
STXBP5L,2.9219059610836666
GNAT3,-1.5007044456247374
PPFIA2,3.119038221196846
DAAM2,-1.1391352482686006
GNG3,1.661159897567237
CHD5,2.2394170561172118
NTSR2,0.9551640021376888
SLCO1C1,1.0284224829135287
NOL4,0.9426583932849236
FAIM2,3.0776734100107057
CTRC,-0.7669585222179415
FGF9,0.11771646940766371
HTR1D,-0.24532453695223452
POU4F3,-0.3737716432393941
PCDH11X,2.8938047837369516
KLK13,-2.888931966349675
NTN1,1.5809616326610556
MYOZ3,-0.32877686062808464
TMPRSS11D,-1.502094700993575
TMPRSS15,-1.4137301890643543
ACR,-1.0050856897483806
TMPRSS6,-2.0678156194911277
F11,-1.5480468290771823
KLK7,-2.016019922388813
SLC1A7,0.3413087938717847
KCNB2,1.8741495238479153
KCNS1,1.2139240490711598
FEV,1.2786674928676063
ATP4B,-0.2281259252624618
BRINP1,1.5388100993757536
TRPA1,-0.6800095446076656
KLK14,-1.4843897008806015
KLK2,-1.1952973824013822
CTRB2,-1.8676804521569037
PRSS12,0.03854083316247883
KLK10,1.0373182122307576
CMA1,-2.061455386458567
F7,-1.211532338219836
F10,-0.3891576230493127
IL22,-3.183582941758599
PMP2,0.2178286116345389
DGKB,0.7897457213940984
PRL,0.04913008140699279
SLC7A4,-0.43798899599758145
ARHGEF4,-0.08881099097767428
IFNA14,-1.0981690451038713
DCC,8.960207577164942
SRY,0.7156464722562202
ATP1B2,1.1556463345783439
HCN4,0.6560415317965045
ADRB1,-1.2369566494235853
TNNT3,-0.048956440378312885
IFNA21,-0.8517945064382793
CTNNA2,3.9273681540311554
LBX1,0.27684682168251873
CLSTN2,3.395432108743001
SLC8A1,1.3247510432997747
EPHA5,3.6444397610396924
EFR3B,1.1560474865554984
GPR143,-0.002688327894141707
RALYL,3.0062417524603933
CETN1,0.6866107779434228
S100G,-0.8417847509166246
KCNAB1,1.4195272913383732
EPHB1,2.9568594970189523
IFNA5,0.4304557736719468
SIX6,0.3040534114696222
CLCN5,1.6412237789481543
SEC14L5,1.9169350451123228
SORCS3,10.345438392766104
PLCB1,3.850544736671924
CACNA1H,0.5676103014518137
CALCA,-0.05606626516214938
NGFR,1.0392875790298433
NR1D1,0.6211729124418405
IFNA16,-1.2402518419659787
CNNM1,1.4190840117795787
SPAM1,-1.304605732810403
SRGAP3,1.6917765000552814
JPH3,2.308799313384392
CLCNKB,0.1631895232670231
AVPR1A,1.4393270755047443
TBX21,-1.8409097825101997
EFNB3,1.9336070915685353
CHRNA1,0.19261082909872346
TRPC5,0.5838044521116799
SSTR1,-0.6848633302929756
ACAN,-0.47683250296179047
UBQLN3,1.0870157650495575
GFRA2,1.369858433160565
TTYH1,0.3397366224636681
LUZP2,2.546480088397163
SSTR2,-0.1168364649763562
GNAT2,0.72289593781081
GUCA1A,-0.12996944634590507
NPY5R,0.2993170456657144
PRMT8,0.4259966054772363
RUNDC3A,1.8101339919216086
SERPINB4,-0.6728976703142627
IFNA10,-0.9157844455003284
SLC17A4,-0.4659368823946281
SCN11A,0.10479658712749464
SH3GL3,0.8034323810558558
SLC17A3,9.965522710668985
AKAP6,2.890067333467709
CHRNB3,0.024111559093925556
LSAMP,3.302813517168628
GUCY1A2,-0.3049067320620078
DRP2,1.3650622340035277
CYP11A1,-0.5803325836248107
B3GAT1,2.0028081785485647
CACNB2,1.7126651720682073
BRINP2,2.18144676862663
ESRRG,9.372993238279841
HNF1B,0.008639624231279027
CTNNA3,7.876135109663203
SLC7A9,-0.9893938703494959
SLC12A3,0.5939470077986875
FOXA2,0.23644555970453068
IFNA4,-0.592772202749046
IFNA17,-0.8599160112278706
CLIP3,-0.27731275976137176
GRPR,-0.44938950587184195
AK9,-0.893691362459429
DCTD,-0.34093101970488165
AK7,-0.5102325307816348
AK8,-0.4308560088712625
NT5C1A,-1.2223460548286782
NT5C,-0.5587035983883512
NUDT13,-0.46414308841147994
AK6,-0.08810956412867693
UPP2,-0.9925176263393978
TK2,0.003841993089246458
UCK1,0.1038543722216442
DPYS,-0.9738866866370905
CANT1,0.7145916012828895
NUDT2,-0.589041824227798
ENTPD5,0.49656556852803685
NT5C1B,-0.3861077939678804
ENPP3,-1.294897079927954
ENTPD4,-0.9404003231969331
FXR2,-0.14003345230673514
ENTPD8,-0.872658603163407
ENTPD3,-1.100254944903687
NME5,0.6757716868855945
SYNJ1,1.726560750705691
BIN2,-2.277843339503707
BRMS1,-0.5119399676715914
NME9,-0.33316988408433956
KATNAL1,0.08555760311630596
ATAD2B,0.054132595557014725
SPAST,0.9134414497202001
ATAD1,-0.008894655610380104
KATNA1,-0.5494844824459874
SERPINB5,-1.1734854692168808
SOX30,2.2420790581899612
RRAD,-0.19753692906540915
PID1,-0.39080894818287637
ACP6,1.3611527068008356
ASB18,-0.7671226608160319
CD82,-0.054256274672362534
RORA,0.6072616737078533
NME8,-0.28590538795025505
SREK1IP1,0.9600180621809692
SMYD3,-0.25439753476358007
DUSP2,-1.1292335245747953
EYA3,1.0907324649513668
USP18,-0.6747981356262086
MCF2,1.205197693389271
TIAM1,0.4956544511120955
NME2P1,-1.2935431188529873
EYA2,0.39480834616603766
TOMM40L,-1.8531526967563727
FKBP1C,-1.689611433164345
KDM3B,2.008522898271932
TNPO2,-0.13111185827757285
DUSP22,-0.3738413607847915
BAX,0.00098790624698699
WIPF1,-1.430546096223563
ABCF2,-0.9180425558395019
EVL,0.9603884319623758
GABARAPL1,0.13715027753987594
RPL37,-2.1145811111236448
ZPR1,2.286972905120212
LIG1,-1.2428317243162237
PPIL3,0.0684310161216636
LMNB2,-1.5143688450246313
KNTC1,-1.3482770519857894
MSTO1,-1.164224468527872
PTRHD1,-1.4176147837422883
MPDU1,-1.7300822604889026
BUD31,-0.5537490022610619
SLC39A6,0.13770877196673578
NF2,-1.0099595377985178
RPL3L,-0.27850330328837986
AGPAT5,2.631832228438074
NUBP2,-2.061437176945319
MTFP1,-2.5242472786050065
CBX5,1.7357568671655406
GOSR2,-0.6996771538561986
METTL1,-0.3526529891415184
DUSP19,0.004906199204427927
MAP1LC3A,-0.8056343936649801
SNX12,-1.4194023426756586
DONSON,-0.992955170022575
GATA1,-0.5267456429755409
RPS4Y2,-1.1929872486763826
CHID1,-1.8062686623181465
NXT1,-1.3025624499276798
MARCHF5,-0.2980572508822705
SAC3D1,-1.0604765119359953
SPNS1,-0.5010081208107522
WDHD1,-1.9031028495413855
BNIP1,-0.613125640759702
AAMP,2.0666569583941725
KIF4A,-0.4116257337662057
PPAN,-0.21195190191927293
NUP43,-0.7257911642628337
TCEA2,-0.6990016394319896
NAA40,0.09377917008516708
NEK2,-1.5102552018183917
KIFC1,-0.7882253342301617
PTPN23,-0.03703562937933483
TIPIN,-0.3450407148157202
CENPE,-0.6605534047340123
KIF20A,-0.5885549413173012
KANK1,1.9288436879591677
ATF4,-0.6198855406421079
CDT1,-2.018082621136885
SLC39A14,-1.2130381318193342
TRIP11,0.31208789160199146
POLR2D,-0.9471699778721744
ITGB1BP1,-0.6007534189495276
CHAF1B,0.2751704922690822
PNCK,0.17028872578187496
NUP160,0.17230559173424267
NFKBIA,-1.9415949654976767
KIF15,13.542614229192981
PPIC,-1.1351152391517056
PIP5K1C,1.8468261883137245
N6AMT1,2.025709900439077
BBS7,0.49758636922832156
ORC1,-1.3623427931114818
DPYSL3,-0.41903992193162276
SLC29A1,-1.5623500255322227
BAK1,-0.14909995387955774
WAS,-2.69338287695493
DSCC1,-1.241261707453608
CHMP4A,-0.27335959578633373
MYL11,-0.4092495236926473
PSPH,-1.6533480912234138
TREX1,-0.568324949450714
PKMYT1,-1.2811923911005776
PCBD2,-1.1230519464018822
CDC25B,-0.3704835356387423
BID,-0.023864874702339483
RAD54L,-0.7844368939551858
ZNF131,2.210062303835209
POLA2,-1.0495771476785614
CCNE1,-0.4532955716457218
CENPF,-1.604058645830326
DCAKD,-1.0251365381216322
LRP8,2.051447525675328
TOPBP1,0.7242425686680978
GINS3,-1.1819456776850534
RBM15,-0.5831124202936976
PPIAL4A,-0.561218739642245
SKP2,-1.5937193037093966
KIF18A,-1.4297315731890423
MYBL2,-0.37552607212926703
MAPRE3,0.8174746423254574
DNAJC25,-1.2007995303325116
RITA1,-0.44226824801910875
MFSD12,-1.2750970257865792
OGFOD1,0.3378294836582927
DNAJC24,2.7594332113770297
LSM1,-0.5238779385053732
PTRH1,-1.436554357920497
PEMT,0.3887869115114452
EXO1,-1.011538349600301
ARHGDIG,1.637775330534854
TOMM34,-1.3244718576655998
IFT74,-1.52693460596974
ARFRP1,-0.4388646979713825
TNKS,0.011791928743337152
PCLAF,-1.5839100063336908
METTL26,-1.077562148363165
DNAJB14,-0.06596860652796191
SLC25A39,-1.863561674230601
KTI12,-0.43716227063178686
GTSE1,-0.583494853753144
WDR43,0.034888757378573
SCFD2,-1.0556363733897112
TNKS2,-0.9324597862718209
MEMO1,2.2817388851370475
ANKLE1,-0.9418751482365584
ZNF322,9.427377149937842
PRMT7,-0.5541710596832174
ESS2,0.6011540047296294
DPH3,0.7798832264025114
KIF1B,1.1899863977486296
GNPTAB,2.0320152087261807
CCDC86,-0.10831920021503524
ING4,0.6635513373399099
MAP2K4,-0.2436010609105254
YRDC,-1.0372575767857937
EXD2,-0.27480115606294897
TIMELESS,-2.093122000597799
CENPI,-0.5098486745346789
MZT2A,-1.837067835796972
RNASEH2C,-1.6506810492454465
KXD1,-0.6203872023998765
SLC7A11,-0.394656278508628
NDN,0.08577738190507342
BBS5,1.2249633059100586
CHD1L,-0.27342542995821884
SKA2,-0.8005113353852442
RGPD8,0.7691784711129042
RPP25,0.33655228613574095
AARSD1,-1.10056454638929
DLGAP5,0.6830500480645382
TTK,-1.6784490956971723
GPSM2,-0.6186998027779871
TESC,0.39768999862609294
CIP2A,-1.4095867657347236
TDP1,-0.18636098795952685
ASPM,-1.7986677547542247
NUP188,-0.8578736335709373
NPM3,-1.2679009256354279
AIF1L,-0.9460346252118196
TNPO3,-1.177186114274639
NUF2,-1.5806223266366188
CEBPG,-0.6033702793578806
POLR1H,-0.37610481622926484
FOXK2,1.1041502184285514
CDC25A,0.2646734621916891
RAPH1,0.13971968390789033
KNSTRN,0.54207314683527
SMG8,2.4773819675858135
S100A1,-0.9128498905229886
RBBP8,-1.2436529253598805
PLBD2,-1.6709120521730874
KIF18B,-1.6681139244174858
VAMP8,1.112530236517939
CRIP1,-0.5301862684979213
CDK2AP1,-0.8072098684010225
KLF16,1.2803102968315667
ENOPH1,-0.5423112841585238
DESI1,-0.6968121852080775
CENPU,-0.027359183571226246
TMX3,-1.0542570276970222
PALS2,-1.2304458827317528
KSR1,0.5122516575203537
CENPW,0.3029566211200158
CDCA8,-0.6984094939043527
SCIN,-1.123984920388498
NUDT15,-1.4988698330870318
H4C7,-1.2722615066209753
TIFAB,-1.1636484666328477
UBE2T,-0.908188344401424
CENPH,1.2928328763194201
SPAG5,-1.5398490363855826
NETO2,0.17101026448349227
ZWINT,-1.3947940936035395
MTAP,0.6817528400692032
PARPBP,1.6894759236153347
KRT77,-2.039639939863993
FBXO5,-1.0838160865425357
RCN1,-0.4322100956809877
BBS4,-1.5529138710246204
NOPCHAP1,1.4428086779062923
ARMC10,-0.9289101371006794
COPRS,0.08443300479774973
CHRAC1,-0.5297996587135075
DSN1,0.8958227247677364
BARD1,-0.47404836394843525
SIVA1,-1.56613997081287
ZNHIT3,0.228707840206109
HRNR,-1.6243476929899892
ZNF146,1.1310454821738503
FLG2,0.3333242017586052
EIF4EBP1,-0.7720194546919765
AZIN1,-0.8256686778851473
AMY1C,-0.6631877709579296
LAPTM4B,0.016774426428154722
ZSCAN25,2.423810096437077
APOBEC3B,-0.3953059824610406
SAAL1,-1.389672132662949
NTMT1,0.2724208482026074
NT5M,-0.7826841457869692
HERC6,-1.8445823244952353
SLC48A1,-1.1097550140702213
OR10H3,-0.08866222917953803
CELA3B,-2.1650173008628175
ZNF843,-0.7116457671394478
CSRP3,0.07045530957301545
WDR47,-0.14369572447774795
IER2,-1.5865643179473095
PHYHIPL,-0.2776675815606055
PILRB,-0.9624177444270147
SMOC1,1.1330792792240285
PREX1,-0.36670258770990005
TRABD,-1.1021896779484757
HERC3,-1.25548063162131
ARHGEF39,-0.8860197572029948
KDM4C,0.6442594819818771
PRKN,1.4526378429530513
TRAIP,0.16695801028601595
OPA3,0.7485915746968602
HSF1,-0.7640811851280767
DRG2,-1.3040767715377064
EPPK1,1.3018350578710574
HSF2,-0.36491253785290245
KRTCAP2,-0.3617761376125415
H2BC15,-0.9860623897145178
MAD2L2,0.4571585137242617
PGP,-0.9611630895116601
POLR2J2,1.8571689535532216
PYCARD,0.30319087395473604
TBXA2R,-1.5587428662235077
GMFG,-0.5807290719069759
HERC5,-1.2672842296513673
DOCK4,0.388053628215752
TOR3A,0.6697242202169377
IGBP1,0.45019819046203013
S100A13,-0.30255092297918984
NUDT3,1.2490988568425458
DYRK4,1.157998623576071
TXNDC12,-1.6470986012459907
ADISSP,-0.965284533072753
H2BC26,-0.6567556493959137
H2BC17,-1.2863494816540122
RP2,0.41542670921364805
PYM1,-0.4487374748739031
ANKRD24,-0.021398191524795992
PARVB,2.7943868976941437
LZIC,-0.5876454145210533
MTMR6,1.6250451402923207
TCEA3,-1.236819283924621
GPKOW,-0.7340761460151315
MYL9,1.1775956733000488
GCA,-0.9197944085686037
C11orf54,-0.2520244159513763
ZCCHC13,-0.8196935675351951
HSPA12A,0.20286913928862402
PSMG4,3.682556503100224
RWDD4,-0.35425868839745694
TMEM192,-0.12278445722062133
PARN,0.13188583419032665
ZNF511,-1.0176898730283808
GLOD5,-0.6849178576915591
VEZT,0.9734428755581784
TRIT1,-1.462515764144837
CNOT2,0.525566147196873
H2BC12L,-1.6557542597584565
AP4M1,-0.7038704566404062
CINP,1.0027725573355746
RABIF,0.8094913715922245
PLIN2,0.6783182951209467
FKBP15,-0.9111628154641662
OCRL,0.9337821188702179
MCRIP1,-0.8003054173940285
NUFIP1,0.6954189520593923
PPM1F,0.21474918644251967
URM1,1.3095874418055018
DNAJC18,-1.080131800088078
SCRN1,0.03305027369864581
ZNF232,3.0664903869460196
DNAJB9,-0.6743439723577587
ZNF706,-0.006081546195971472
ALKBH2,-0.19310151237427442
DVL2,1.2906484885287017
MTERF4,-1.5183082385171789
PTGES3L-AARSD1,-0.8576959378850244
PUM1,4.270536362273459
PCGF1,1.924822415310313
ANAPC15,0.42692470934620325
ANKRD13A,-1.1267154230615462
ARL6IP4,1.3491719937624163
ZBTB33,0.6235050571971448
SLC2A5,-1.2234369607811089
FEM1A,-0.8775159427634146
BBLN,-1.0946305389219306
NCALD,1.0664417050320794
PLCG2,0.7010026669729735
TTC5,-0.538592695371166
NOS2,-0.6704039815111482
SUMF1,-0.9969628664132663
SUMF2,-1.0275514186580494
MTSS1,-0.0758585615380237
PMF1,1.0195538710706027
SCNM1,-0.8763884316369331
RAD21L1,-0.4769143092701622
ZNF771,0.10967323252349831
ZBTB48,0.19306182370327893
TPGS2,2.54797575114108
DUSP3,-1.3646965487556602
FEM1C,-0.7978306044569345
PPP1R16A,-0.997608739196119
NINL,-1.3090663168700594
TRNT1,-0.6438399500393214
MFSD3,-0.6058477375796684
SLC38A2,0.26167916866954694
HGD,-0.5443358740616825
ABRAXAS2,-0.1387901840197114
NFKBIE,-0.7943627880768402
RPS19BP1,-0.8359605908448317
DUS3L,-1.3630081689869329
CABYR,0.4002350938420841
STK10,0.38603007014465784
PTCD2,-0.8084263466343915
PEDS1-UBE2V1,1.7380395013810284
FASTK,0.045900305514606284
AKAP13,1.9458600775942718
PEA15,2.1061587591342885
RSPRY1,-0.7402148886864781
ZNF445,5.77572118049306
ZNF724,2.337531904509311
ZNF107,-0.3233187794077324
ZNF431,-1.2142994058831686
ZNF92,0.5781314045005034
PNPO,-1.108968117765839
BRAP,-0.9935104557991129
LPO,-0.49508340291302194
HOGA1,-1.339343408852365
SARDH,-1.3917099704994176
PANK2,-1.0600452608053068
VNN1,-0.21469138968635176
PANK1,0.9660086504761526
VNN2,-1.1985501811400385
HAL,0.9303124961622095
AMACR,-0.6294377754199361
IDS,-1.1322442173537488
NT5C2,1.474329069463271
ABCA13,1.7125653575498279
DENND10,1.3539683701396499
AGMAT,-1.0570224012126601
TMEM116,-0.5784638907813258
XRCC3,14.532774811353287
ARID1A,2.9691625642527053
ATAD5,-0.7140862830793128
SLC27A5,0.07216927640955054
CDY1,-1.365704206506839
CDY1B,-1.150442566659779
CYP11B2,-1.7443789740838451
PKP1,-0.12142477035765539
FAAH2,-1.0896076139074586
ABCC5,0.06513092243533997
ACMSD,0.22322166698045354
GALNS,-0.9385655571085889
UNC119,0.011661620436159582
BBOX1,-0.09206515433840759
PBLD,-0.20878546083895125
NAXD,-1.3686996263155398
CREB5,3.9319021452383254
AQP5,-0.5988571396414859
CREG1,-1.0463692820487145
CPQ,-1.4261607067819655
RAB35,2.8922263850385974
LMAN2,-0.5238598992428153
TMT1A,0.9496999117149436
PTGR2,-1.039013012819993
ERAP1,0.44722601652789645
SLC25A35,-1.345719865116708
CPNE3,-0.3788665583693424
PAH,-0.32566188269531743
PHYHD1,-0.7308545832975192
PRKCH,-0.9366067956873864
ATF7,1.0638629284480687
ALAD,-1.4834767526027557
SORL1,0.7135917501575169
ATP7B,0.11639550594802792
SLC16A9,0.9460461584528035
SYPL1,0.12197524415233074
SLC5A8,0.752728786146867
BTG2,-1.1002649428207008
SLC22A5,0.48329162497007466
NAGS,-1.042044195102707
SLC25A34,-1.3427549035560375
VPS50,1.312368078592569
YPEL2,0.14009743324023438
SERINC1,0.3350703692370161
CTSF,-1.1721439033912977
TMBIM1,-1.6293895496847106
SAT1,-1.3958767242380627
F12,-2.03572539541543
TNS3,-0.13036576941714537
SLC7A2,-0.6454396750672515
SAFB2,0.4703700901421545
ETNK2,0.48588858426943377
ATL2,1.165210104766881
THOC2,0.5672670611322392
PLK3,-0.8827080119802911
SLC5A12,0.4237830073032841
SPINT2,-0.941999161008761
ERCC6,0.30996115897633564
MOCOS,-1.1101944719989805
PLK2,-0.8843869185726937
CRTAP,-1.004488020381362
GBA1,-0.34489577896974005
NBR1,-0.07305145181235535
STX12,-0.1159030863775528
CYP4V2,-0.34374057371750455
MAPK7,-0.8397774768213268
NMNAT3,-0.9459982737908742
YPEL5,1.8723643779238515
TTC13,2.45798170554144
HID1,1.1172778703088864
MON2,-0.3072735214554455
FHIT,8.09239768723473
TRAFD1,-0.9017643237495807
STIM1,-0.6438676667666549
GPX8,1.1175002316451224
PAFAH2,0.4737762258451067
HDHD3,-1.5019307399011024
KDM1B,-0.029930691317750027
PLBD1,1.8460414919191672
LYPLAL1,-0.9951181910842399
CEBPA,0.07028791305449053
PAAF1,1.0485150195002682
RTN3,1.0208082443461068
KRT14,-0.6428089671225354
MSRB2,0.10158177560053208
PGR,0.774473975067257
MTARC1,-0.40568852329952876
CCPG1,0.5613326860672816
FOXRED2,-1.249061923538864
NUP214,0.23258620183980125
ANKRD42,-0.16369833708367623
ANKRD39,-1.053641499168786
KTN1,0.870999699322352
SUN2,-0.474128122537596
KRT6B,-1.7215751750057562
GDE1,-0.24889235643335972
G0S2,-0.869116544289159
KRI1,-0.007270737234535532
NOM1,-0.3980783853122493
DENND10P1,-0.36164478065098826
FABP2,0.10758295826165552
PITPNM3,-0.6259091503137416
CARNMT1,-0.2601869809709641
SECTM1,0.4059178072732966
ZNF341,0.2688127265684923
COL6A6,-0.09715745561928124
L3HYPDH,-0.8840776650308071
AFMID,0.03785989075392462
TAP2,1.3424436211818016
C7orf50,-0.11458076460939251
SUFU,-0.8612081762407705
ELK1,1.36070519028606
SLC15A1,-0.8246727037186924
SGO1,0.8893376070908858
CTDP1,-1.052961258282043
C1orf146,-0.08937092031695863
SCD5,1.3345575404682892
ADIPOR2,1.1025318366202654
XRN2,0.05923400828457832
BPNT2,1.2275377953230135
OLAH,2.3956998327395165
ERO1B,-0.14897801398895627
PIPOX,-1.6065479437447454
UBE2D4,-1.0774963304139515
AMBRA1,-0.23083257616666653
TATDN1,-0.7950103325546272
CDYL,0.7880513607498674
CORO2A,0.2355760851228267
HEATR3,-1.2363141475394985
HPS5,-0.36006937248467147
APBB2,2.0343326220014015
CCDC110,0.1566226938282349
GPAM,0.49588657155522436
CLCC1,0.24689116168784722
GAPVD1,0.8516196739347162
SUN1,-0.8462826213659451
FAM98B,1.4718474807226192
ZC3H18,-0.0466811807490465
OFD1,0.42930668938978356
TCTN3,-1.0037694243521875
CAMKK1,1.4538232289538817
BRSK2,1.8106257371054586
SNRK,-0.478482726533301
PSD,0.9801701845573401
AURKC,0.41143819946126814
ULK2,1.079574196864815
BRSK1,1.699945525758724
NEK1,0.0031175065320577454
IL6,-2.721801643722053
MAP3K19,-1.0033668400054496
PAK3,4.056727110544414
SGK2,-0.2547475022882575
MAPK15,0.059846078941126465
DCLK1,3.042079649101271
CAMK2N1,1.7323150339056856
PSKH2,0.42009407175452324
CREB1,2.3395135515717613
MAPK12,1.0504832385289877
MAP3K10,0.5237270356511973
DCLK2,-0.32376053973804736
HYAL3,-0.31462825439570036
KRTAP23-1,-1.1792587636352356
PMFBP1,6.557948668605865
DAPK1,2.9385343715843226
MATCAP2,0.7283442202513352
KRTAP22-1,-1.5050250319847809
TNIK,1.7940465216608177
AGBL5,0.04245769975423291
KRTAP19-3,-1.641138484416706
PLPP1,-0.45589508292701725
TYRO3,-0.7167256722422183
EEF2K,2.0170670985918875
SECISBP2L,-0.14791119808401446
CACNG8,2.976523809182572
MOK,0.6806248523289501
DNAH14,-0.8877550250547835
LIMK1,2.0562592260292454
NBL1,-0.9210749346583315
MAP3K15,0.7235222253206917
ABCG1,-0.9243114859681317
CAPN3,-0.6168940673213391
TSR2,-0.6830542608776952
CDK18,-1.1104054071270122
HOMER2,1.2976562460138326
IFNG,-2.3954181360615063
KANSL3,0.5067842422430496
HPX,-2.044606953567455
PUSL1,-1.011847196447084
ATF6B,0.680858923317561
ATF1,-0.19709915372007528
CACNA1S,-0.17233893392923944
CACNA2D3,3.0153928773704273
CACNA2D4,0.8144366809841576
CACNA1F,0.07438913776742301
CACNB3,0.48802002155922036
CACNG5,2.098947120074727
CACNG6,0.3294191458252441
CACNG4,0.9463133182213951
CACNG7,0.694382155126852
CDC25C,-0.20310066622295808
CREB3,-0.16186133952980886
CREB3L1,-1.6788970632649545
CREB3L2,-0.47813641183617656
CREB3L3,-0.09373891319304502
CREB3L4,-0.3732794766554681
CREBBP,1.0057521590425473
DLG3,2.120634328902102
EPB41L1,0.34574004081849524
FBXO43,2.925545631481985
LRRC7,2.237468170050723
FGF13,-0.3691232918175514
NOS3,1.6721981400988464
PDE3A,-0.2000647233428143
PDE3B,-1.0181367156289005
PDE4A,-0.010667249552534173
ITPR2,-0.16263131482132528
FOXO1,0.0034721800303665487
IFNGR2,-1.9323602119790204
PDE4B,-1.285667367322816
PDE4C,-0.5889623255468251
PDE4D,1.6740868057959113
SLN,-0.1948702887314679
TRPV1,-0.6131081679479938
SCN7A,1.1572837143349373
SCN5A,0.4145668591322375
PLCB2,1.6769011498944904
PLCB4,1.555484604969391
RASGRF2,1.411933086335607
RIPK3,-0.6332926434293998
RYR2,0.8491750398494317
ADCY5,-0.7203903945225438
ADCY7,-0.2018016211178617
ADCY6,-0.6075010600562286
ADCY3,-0.3255529938084348
ADCY4,0.14920806096239386
ADCY9,1.6400420027569065
AKAP5,0.355255318049447
ARHGAP32,0.27298965632421274
SYNGAP1,2.84237479607444
GIT1,-0.10852440348317292
KCNH5,1.267264998062162
CNKSR2,2.3143338905539887
GRID2,3.9167098941587417
DNM3,3.0925442290983702
CNTNAP1,3.6882920271926336
CLSTN1,3.0915081904741966
KCNH6,-0.26108740962814264
KCNH7,-0.590540144184671
GRIK4,1.4607436701537564
PPP1R9A,0.476157691798216
STX3,-0.4379338782821475
PDGFRB,0.2774745925443066
SLC45A2,-0.02507590974077251
KCNN1,0.4715160414816208
PTPN5,0.021284656964348652
AGAP2,1.5196829713870692
KCNC4,0.8093620073861517
CRTC1,1.7902766906523302
H3C1,-0.302986596636207
MAPK8IP1,0.7626042462502953
CPEB3,-0.24652539934449327
CADPS2,1.5171274136817008
CHRM3,0.21706255045748146
SLC8A3,1.079936847954386
DPYSL5,-0.1627893053425747
ADD2,0.05670569391389838
GRID1,2.3191197040711833
PTK2B,1.2388797386255612
RAPGEF4,0.6996223534730434
NLGN4X,2.391814003072252
DSG1,0.6235747641358504
SYT7,0.6435841332413004
H3C14,0.3498733960897259
MPDZ,1.9699455681760412
PTPRR,0.3484358243071209
DAGLA,1.16842815164638
SSBP2,0.8920888570433004
KCNA4,0.4662347723422864
ARC,0.44783021939321815
HCN1,0.45227606941196175
DTNA,0.9028760616408021
CNGA3,1.2245173862350018
SHANK3,3.5309756898972604
KCNJ2,0.050621398376876015
HOMER3,1.8703218895654328
CLCN6,-0.7984735175730981
GNG2,-0.8921719783154967
OLFM1,1.359887840926247
IGF2BP1,1.4324708240439992
SCGN,-0.48899787474037254
ATP8A2,2.260233067961784
SIPA1L1,1.0194205486359724
NTRK3,1.9652030065615762
KCNH2,0.468707343327629
KCNH8,0.6617930733705261
JPH4,0.06896630042230695
KCNK12,-0.5645080876537584
SYNPO,1.3920772090038904
CNGB3,-0.05567016097809515
DLGAP4,1.3583647276829018
GNG4,1.7145173423979398
CADM2,2.3970493420386543
GPM6B,0.35111558790528086
APBA2,0.908778894802336
NCDN,0.05759154284176371
KCNH4,-0.04235676396277138
LRP2,2.078542667436167
ANKS1B,9.994177425551513
CELF4,7.261358864259806
ITSN1,0.8030019750525951
CAMK2N2,-0.3988272048118098
CPEB4,-0.03667173755530689
MPP3,1.4326050568754782
APBA1,2.127504705633965
DDN,2.0307215626269177
FAM131B,0.6396760833480917
CHGB,2.290870568464955
AKAP9,0.45446809013597367
QKI,2.0533433333968354
SCN2B,1.5266502864327578
ZC3HAV1,-0.398925810430442
SNCB,1.2957686684285377
MAPK8IP2,0.6296686688206861
ZBTB32,-0.06273062153466495
SRCIN1,1.1564688738643776
ITGA2B,-0.1267927490661514
GRM4,-0.16375588913653188
STAU2,1.9315276647585093
PEX5L,0.26406688213758134
NBEAL2,0.6912158679705454
SCRT1,2.178045571598226
HAPLN2,0.06897235977449183
AVPR1B,-0.005163090747055699
CDH22,7.871493847394092
KCNJ12,0.34311533168634756
RYR1,0.49895659938800285
NOS1AP,0.8600327118910162
PDE2A,-0.47949364280539103
TMEM151B,2.109840191726476
NTM,1.752014211238434
PPP1R3A,0.22818244154027
CDK5R2,1.982550981030864
ABI2,3.4589767359373518
RHOXF2,-0.7099202307275443
DNAAF2,-0.1543336009556122
ACTN3,0.3000186631404296
FAM168A,0.2799070623278869
MYL7,0.30631447467565454
FNDC3B,-1.0410685445633963
NDRG4,2.0331339073478896
NECAB2,0.14849027285840452
MYBPC1,0.2630271727232959
TRPC3,-0.519230257462685
ZMYM1,0.8538376319045295
DMTN,-0.035811384756881594
ADORA1,0.3066585669407723
EGR4,1.866314470226414
MAP1A,2.196028708934454
DUSP26,1.2467968502095117
IQSEC2,-0.16511245696963284
SAMD14,1.3707963281545785
AMER2,2.7289760973489288
RBPMS2,1.2389061685762834
SGIP1,9.939762900813816
CADM3,2.5889292938234267
MAGI2,2.3783821725796113
NAPB,1.2748092842447563
HRH1,-1.3988045499228208
MAPK8IP3,-0.5883399638022111
SYT12,1.6406494897828525
RBPMS,-0.1285514392150828
TMEM59L,1.7165572086727938
SPTB,-0.47634652467922156
RBM47,1.3567034634061736
WSCD2,1.9652589525717616
SAG,0.24895808897516702
GCG,-0.9539820311483134
SHC3,1.113733381613813
GJA1,-0.6896953709255178
ERC2,2.04481875475544
GLB1L2,-0.4503000431663048
KCNF1,0.9202249465196506
BAIAP3,0.8762323986834362
ADAM11,1.1189963954439446
DOC2B,1.422855637038225
NECAB1,0.8722361125020828
ADGRL3,1.590733057972611
LIN54,-1.8513087515758595
H1-4,-0.31278727209861396
C1orf94,0.3141959215213068
ZNRF4,1.429727911201144
SEPTIN3,-0.12780510463936134
TNNI2,3.19539589976717
WNT11,0.4387150650218662
PDIA2,0.9389849830647546
EXTL1,1.5076082214717341
HIF3A,1.282235861768034
PTPRZ1,1.4111821517471521
BCAS1,1.6299170940702916
NACAD,-0.0979853472006838
CLCN3,1.3183783402679712
GPR22,-0.29477966341022227
ADGRB1,-0.07134052693302344
SPTBN5,-0.7764307422134196
SCN4A,0.2120416645350263
APC2,0.8590104179842344
CHRND,0.27089239716366276
PIP5K1A,1.8694502722512245
NR2F6,0.17974047597577353
SRF,2.3456530015825914
PDC,0.39857585983443844
KRT76,-0.8139229177841982
CFAP410,-0.49863305612326625
IKBKG,-1.9145954393369753
DNAL4,-0.33911507981784916
RBM20,0.9869919345743857
ARHGAP25,-0.2386955472837329
PRKD1,2.825236509292914
STK39,-0.07396812245926908
EPHA10,4.639502480502887
NEK9,-1.32415167442351
LDB3,0.11453996482263318
FAM171B,-0.3378014993382416
SCRN2,1.269124576678329
FAM163B,-0.10335283901366579
ZRANB3,0.3424986712716614
SPATA2L,-0.8896665299475152
TP53INP1,-1.4532575336347817
MYO3B,-0.5259523177914868
LCK,-1.7479762372566796
DDHD1,-1.0946782178839183
CASQ2,-0.2630325514742235
SHISA6,2.388414196031861
TSR3,0.06148002254188842
CDC42BPA,1.216792961398169
WASF3,0.83567292061013
CAMSAP1,-0.04528623529482772
WNT4,-1.2372609681928963
MOAP1,-0.6321892866743106
IQCF1,-1.179430076727481
GPRASP1,-0.10374443646780253
LMTK2,1.3519325435736818
SPATA24,-0.8924137060751729
N4BP2,-0.04400197797509076
SSH3,0.25901520003700645
HES1,0.47869328343834927
PLN,-0.41374414793574726
DDHD2,0.17268887211387965
SEC23IP,1.5994785827824967
PCM1,0.7716817410306581
FAM168B,0.08256279126977704
TIRAP,-1.1935051633241316
CEP192,-0.5130208599080495
DPH1,-0.7453822136227535
SENP5,0.1453104046996064
ERCC8,-0.007164906011719953
ELP3,2.611552459544386
SPATA2,-1.4403671096815
SAMD4B,-0.3863651923184227
ZBTB2,-0.6151039251156356
THUMPD3,3.0552526147582695
CARMIL1,-0.016452689049889065
ADIPOR1,0.7384518235507052
TPRN,-1.2102061696097766
TAX1BP1,-0.24856054220038834
GIGYF2,2.1687251130176253
DST,0.6065464457489788
IFIH1,0.1745116481915603
DENND4C,0.4459170092260964
BOD1L1,-0.24761377412682822
ALCAM,0.6802780953377516
ARRB2,-1.6696287303837867
ARGLU1,0.8049311831715904
NACC1,0.08116779634280478
PIP4K2A,0.6887169437355579
DYRK1A,0.6208279289275161
EHD2,-0.2621493522424698
KCNIP3,0.8289844134294503
RYR3,2.2860951384234043
KCNH3,-0.6582380007067031
LDLR,2.5188094996518324
SEC16A,-0.16031160501578365
MPP1,-0.36637534191875043
NUDCD1,-0.7107398211282352
SH2D3C,-0.5415093969536496
ITPRID2,-0.5431457156237479
MAGEB4,-0.569271288383673
MAGEA3,-1.3343367524626417
CSAG3,-0.9191650174133201
LMO7,0.28288530374177406
MBNL1,2.169833438237981
NEDD1,0.5158113180639131
STIM2,-0.12823342965495313
NEURL4,0.7840807777181392
C6orf141,1.2672432301853884
CEP76,-0.515189305917652
ARHGAP29,0.528810064911707
NEBL,-0.9152507113873608
CDKN1C,0.236464291253438
HAUS2,-0.7068934992657245
NIN,-2.0093676581799618
SETD7,0.1138636127796241
MITF,3.4179195515805776
TBC1D9B,-1.5514626128132343
LRRFIP2,0.12218540578106112
AIM2,-0.7220605591496392
CEP170,-0.24337426000299184
CREM,-1.102385209233717
CD5,-1.9130510101362976
FOXP1,1.12369136726791
AFAP1,-0.9508326717546681
SLC37A1,0.21313901252732856
ST6GALNAC5,0.9661955501794122
TIGD7,1.4438364407799757
PCNX4,1.0038606458128052
ILDR1,-0.954331857077644
GIMAP2,1.9885177941216023
SAMD7,4.1296522706475
FABP1,-0.20703979890536633
CCDC68,2.036279242927702
CROT,-1.0590071285603555
PLEKHA6,-0.5047305731369893
ERAP2,2.2878501623864373
KRT72,-1.257369528172165
KCTD2,-1.2754008528495508
ACY3,-0.39062282140201776
GK3,-1.0622533554800078
H1-3,-0.4395783243356059
TREH,-1.7000674977803072
LAT2,-2.204841199971907
SLC27A2,-0.42972659588865697
SERPINF2,-1.4328734769858464
GALNT6,-1.0883508779237008
FADS3,1.5461799100348874
ACTR8,-0.031045123862394598
ITIH2,-0.6195893346229758
AMY1B,-1.1193906022687752
AMY2B,-0.15930874180397597
FBXW7,-0.6640595620019709
ST14,-0.31055183348841553
RNF183,-0.6317519739941201
ITPK1,1.0565909340048023
GCHFR,1.4223533009596094
LNX1,1.0679678832453774
CEACAM6,-0.5730198920720516
OASL,-1.802592947516433
BUB1,-1.6897586523725887
MLH3,-0.5524681854588797
BCL10,-1.377235515449596
KLRC2,-1.1947130499958978
ABTB2,-0.7039236579366226
NRAP,0.10485598182997392
ASB11,-0.9884973027719864
CSF2,-2.4122873867110557
DHRS7C,-1.342113603385632
TNNI1,0.8845199943595603
JPH2,-0.4499218215228864
ANKRD1,-0.27687596731720493
SLC9A3,0.6950319999723593
CHD3,1.446012059015556
ANKRD23,0.2043493021109489
MYOZ1,-0.6413128481400288
SLC22A13,0.7177702097294918
IVL,1.2109035998302655
CPN1,-0.43945580716172233
NMRK2,-1.0220509764656953
MYL3,0.07755846157619599
LBP,-0.2892914129746662
MYO15A,-0.16387526072233233
ITIH4,-1.8940337645578142
APOBEC2,-0.3537315422573763
UCP3,-1.4358992071440193
AMBP,-1.882938150203393
MYL2,-0.24935364563936166
HSF4,-0.15472227642457836
GCGR,-1.820249471959544
ARSL,-0.47813892749733117
SLC2A9,-0.611520505012161
FBXO40,1.2459881400466615
ASB4,-1.0916984376285812
KRT83,-1.956923162986175
MYOZ2,0.061208280192429236
MYBPC2,-0.22123183991118386
RIMKLA,-0.12353736566581376
RIMKLB,2.272108188766033
GOT1L1,-0.5114020311622958
SEC62,0.8649517029042503
KLHL29,2.3667583729366615
ORM1,-1.870307036484476
PPEF1,-0.41994498382564394
PTPN22,-2.2169563941292334
PTPRH,0.21611535340676905
ASGR2,-0.20689638413735797
DPYSL4,0.05498069839832766
NR4A1,1.8046244382336096
L3MBTL2,-0.03691506457238216
PCGF6,1.5158203660098617
UBR4,-0.05589121017307102
UBE2R2,-1.4939010393689278
USP8,0.17655916615001851
DPP9,-0.3555770163903782
E2F6,-1.2707888947221884
UROC1,0.6412556429553821
SLC38A3,-0.3251880095741748
ALG11,-1.067153906063262
GOLGA4,0.8423344609653227
RALB,-0.32540879423554453
KIF5C,0.6269759298654614
KLHL13,-0.3078679126886869
UNK,-1.3449289637738007
POU5F1,-0.07281751599276783
RNF13,-0.14528426253391474
CEP20,-1.441512707655804
RC3H2,-0.31655387021152676
KBTBD4,-0.0016925688807296
SIRT6,-0.4676237224948659
CCP110,-0.8408327946111125
PJA2,0.4728781001500875
PTP4A2,0.10983449733859464
L3MBTL1,1.7325375980700393
SERINC3,-0.5680799541191639
CCDC77,1.0336543644292344
NPHP4,-0.3616322917709174
CEP128,-1.2209832521052002
BIRC8,-0.6496681598173466
LETMD1,-1.4669474918413719
HNRNPH2,0.3832483338864923
ARFGEF1,4.3043581304117735
LRBA,0.9502999060023994
KCTD3,-0.24395888599805107
SS18,-0.9709758625074965
GMCL1,-0.8942171230798465
POLG2,-1.134730658056412
RFPL4B,-0.5523820881741898
TOM1L1,0.5024322291831258
GABRE,2.2194631459692635
TSPAN5,1.5218364268580467
CEP164,-1.3084398093179985
CEP135,0.01757208244788076
BCAP29,2.6221948153139127
PRKAG2,1.916973611194723
CLVS2,-0.39585479340630986
ZP4,-1.2218325272402701
ECT2L,-0.5389190621925417
FAM120B,-0.22377809014633376
GNB1L,-0.7993040158795391
ZP3,-1.5120730081687728
NLRP2,-1.177403704865238
AKAP4,-1.7508208866065667
LANCL2,-0.5813983109114105
SEMG2,-1.1743483403322865
EDDM3B,-0.5035578268650243
TFDP2,0.03373988911551777
LIN9,-0.21769018769392467
LIN52,-0.9852946749026497
DDTL,0.18616804478746904
BAG3,-0.03589936760300429
KRT7,-1.5341768706961425
PPP1R13B,-0.810647609346598
PLAAT1,-0.25562723262018017
ANXA9,-0.7309159463307344
ROPN1,-1.1811037137696458
TEKT5,-1.1143718501681485
ODF2,-1.6597879166457683
SEMG1,-1.5661298014600566
FOLH1,0.2956223212132655
ZPBP,0.28064102881623276
KLHDC10,-0.6019575662544171
ERMP1,0.4238390431851798
LTC4S,-1.4034594317115738
APLP1,2.491092052335804
GPX5,0.2213144652654897
TLE1,1.9004988419191502
MED31,-0.48580031838195176
LRIF1,1.3050695476728154
RIF1,1.300652274384977
DNAJC4,-0.07245281470725697
RPS6KA1,0.11187481585073486
PRKD2,-0.45656567272425674
SGK3,1.3580779700934298
SIK2,-0.41379097275228316
PAK6,0.7367745297566582
PRKD3,-0.4391088185885846
DCLK3,1.1106588252174616
ZNF488,1.2557098900702222
STK33,-0.731303397321302
GOLGA6L2,-0.1847993268628276
PRSS8,0.34710341445462156
CSNK1G1,0.3390596307815429
RIPK2,-1.1274911240544874
MLKL,-0.5978835531207995
KLHL26,1.1088573156070087
PRKAG3,0.09495039482238248
IQSEC1,0.09855083596151751
ARRB1,-1.5404744748533212
VAMP1,0.5017408696687421
TNRC6C,1.4639760148832357
KLHL12,0.2580255605384286
TMCC1,0.6696652253587436
MPP7,-0.4898618086769639
SLMAP,1.1582854355894658
TRAK1,0.16195455603603526
EPS15L1,1.1257324358372207
NFATC3,0.2766258175460254
CAMTA2,-0.3961219344036348
CABP2,-0.4152924696668832
REC8,-0.9289233386291181
CABIN1,0.08017465086126006
KIF3C,0.8820359072859514
ZFTRAF1,-1.433965348091591
CILK1,0.3297349849058958
PTGS2,-0.5186540385767379
ZNF839,0.058875052066830545
SNTB2,-0.6203162093332525
MPPE1,1.0452555524091045
KRT16,-2.244707182651117
STRBP,1.7261762985458229
LARP1,0.16008511118162896
SS18L1,0.43150981162399304
TNRC6B,0.34628331309239613
IL12RB1,-1.6647590676217219
IL12RB2,0.2405622187932029
IL12B,-2.4412834943419197
IL12A,0.013225137721061195
STAT4,0.8879911123217045
IL23R,-2.4864197177445324
IL23A,-2.9260763203939018
IL18R1,-0.057864971876898846
IL21,-2.0971877515538107
IL21R,-2.9745386589714027
IL2RG,-1.9446149469025134
IL4,-1.8358703488437513
IL2RB,-0.8204348447108882
IL17F,-1.6207236562544556
IL13,-0.8292355609246921
RORC,-1.702185948697808
IL17A,0.29334378929850896
IL5,-3.039716325238667
IL27RA,-2.2125236666682278
IL2RA,-3.1342941760907825
GATA3,0.19135582832805076
IL18,-2.1132249657410695
IL17RA,-1.499814110798867
ICOS,-1.6464964850995534
IL10,-0.9859491510079497
CARD9,-1.3592007599845495
TNFRSF13B,-0.6882128300346654
CCR6,-3.257768900646164
IL27,-2.0570310832660015
CD40LG,-2.079927996182657
AIRE,1.2801554540001097
IL9R,-2.119635474238022
IL15RA,-1.4243277436671817
IL18RAP,-2.3560806686935676
SH2D1A,-1.1214466030164896
IL22RA1,-0.9207138871526963
IL17C,-2.085253321585598
IL22RA2,-1.9657418623755467
IL15,0.08549943259289254
IFNA2,-2.4390830850568403
TNFRSF13C,-1.1587658167835642
IL17D,-1.5340412080788999
IL5RA,-2.4272135890935647
EBI3,-2.032177996216334
TNFRSF4,-1.2655274036876294
IFNW1,-1.5811358200246095
IL19,-2.331184684226372
IFNA1,-0.4607713183930167
TNFRSF9,-1.0624010130943327
IL7,-2.4117677933402684
TSLP,-2.207213717496127
IL1RAP,-0.4643233153344447
IL18BP,-1.8527531172391507
TLR3,-0.7366902593717422
CCR4,-2.277665930742654
IFNA6,-1.9018392717664354
IL31,-0.799195789402871
IL13RA2,-0.46690193092255783
TNFRSF8,-1.277108117023866
IL9,-1.7286710730688866
IFNAR2,-1.8740240848589498
CD27,-0.016471091030508714
NEU3,0.174876568001816
IFNA8,-2.2832077310269954
TNFSF14,-0.5963537731979334
TNFRSF18,-1.472290553160308
IL20RA,-1.9658455688024117
CTLA4,-2.391145752392723
IFNA13,-1.3668118079936593
CCR7,-3.1841883323604576
CXCR3,-3.271559242366759
IL3,-1.2993706632700632
IL3RA,-0.7873054138828647
IL32,-2.909198844123261
KLRC1,-2.182706062974538
LTA,-1.7489680199655158
IFNA7,-2.03127630910134
JAK3,-1.5077992088973455
CIITA,0.43578637891043864
TNFSF11,-0.027226372772692124
IL37,1.6102122956346419
LTBP3,9.603466977320801
IL31RA,-1.3462910574471385
CD209,0.9475666541842351
IL11,-2.016579069647923
IFNK,-1.0030148985286822
IL20,-1.2125137634615448
TNFRSF25,-0.5622028935033078
TNFSF15,1.0984217090483288
IL1R2,-3.6877628826037623
PDCD1,-1.4706331506251091
FLT3LG,0.28945230329301375
CCR9,-1.718449995832098
IL11RA,0.5278851204792857
IFNL3,-0.16267732962577264
TRMT44,-0.35191029922012523
TNFSF4,-1.8564129226188937
SPHK1,-0.8675997812724842
CCL1,-2.806688261748776
IRAK4,0.7243191725740882
KLRK1,-0.365489801244303
CXCR6,-2.830305221549164
TIGIT,-1.5739774119069159
KLRD1,-1.0281902583076339
IRF4,-1.9558524691385732
LTB,-2.2400158067165212
IL25,-1.3753341877969023
EOMES,-0.8495704326074596
BATF,-2.153449501073955
IL17RB,-1.6187839414021212
IL24,-2.037646950090787
NEU1,-1.8767328911589478
FASLG,-1.6140377243775474
RAG1,-0.2583686330805299
CSF3,-2.911567843574399
IL36RN,-0.5800120639074945
VWDE,-1.0042150059895767
TCP11L1,-0.35057723341291464
CD28,-2.7760779461623297
OSM,-2.858177609216814
BTLA,-2.453592872425278
TNFSF12,-0.7574315847159551
IL17RE,-1.1381859291906804
PDCD1LG2,-2.1790621460438295
CCR3,-2.6664673673415136
CRELD2,-0.907263857159856
LOXL2,-0.9928587270629716
CLCF1,-0.8987170888988824
CCL5,-2.7742517284228563
CD6,-3.073652110846529
TNFSF8,-1.9688661056474934
PCSK9,0.09743538672678503
IL1RN,-2.718300779256285
IL17B,-1.2585576719300513
PIK3R5,0.3492675946665141
JAG2,0.018193324637405334
TMC8,-1.4744373596315563
IL26,-1.2047879739259253
GBP5,-0.1302856033986849
ITGAE,-0.15383723820593945
CTF1,-1.1470538872715967
CD70,-1.9511815475166425
IRGM,0.09836718781401112
FCAR,-1.4555340694578582
CXCL13,-3.251600454951576
THPO,-1.2486205715947112
SLAMF6,-2.1546605145480027
CCR8,-2.5850605918653877
TLR10,-1.188046475567125
ITGB5,0.4560726609755371
ZNG1A,-1.4916112828778783
SOCS1,-1.9731694656253675
SPHK2,-1.3736414982044456
LIF,-1.6193265667621268
NFATC1,0.5905698226653748
NFATC2,2.73747063438089
IFNE,-1.3178806780205146
IFNL2,-1.1761388769305192
IFNL1,-1.9516865300948532
GH2,-1.5508834857135818
HLX,0.1228639503017605
IFNB1,-1.6082797171869725
CNTF,1.4226352836759038
CSH2,-0.9992289170777597
CSH1,-0.6775065785020643
CD247,-1.583376057002338
BCL3,-2.467250796920946
CD8B,-2.6752974095962254
CD8A,-1.9448238139918341
CD3E,-2.3624592419741686
EPO,0.7557521349463207
EGF,1.1691605803825262
CXCR1,-2.2679951995759025
CXCL8,-2.4171664610785215
SLAMF1,-0.6008021127127281
TAGAP,0.07706933093776754
SPN,-1.7869189693267316
SIT1,-2.3358935135040033
SIRPG,-2.031300264889548
CD79A,-0.7950290188226684
ZAP70,-0.8304674724007648
LAG3,-2.4120121331194975
CD69,-0.25707867545532465
PTPN7,-1.4079959186967583
LY9,-2.3914256144680963
MAP4K1,-0.9457110994260498
KCNJ5,0.27554246726336784
SH2D2A,1.7893569983333037
NCR1,-2.5960236360046536
CXCR2,-2.3153519833431284
GZMM,-2.498494098926543
NCR3,-2.1450917721695384
ITGB7,0.15464191964258645
NCR2,0.13602037804460934
BATF3,-1.457211662391828
CD22,-2.3312178738303984
EPOR,-0.08735783142023458
CASP10,-1.1165818668372511
CNTFR,-0.4033366429450976
PTPRCAP,-2.408202108014064
XCL1,-2.2088347435969706
IL1RL2,-1.335870950746407
KLRF1,-2.1028770763666196
IKZF3,1.156685508030919
IL36B,-1.941018853251221
KLRC4,-1.1766315252053599
IL1F10,-1.9189346782146608
CCL16,-1.756423286814447
POU2AF1,0.9511964029968514
CD7,-1.4858986993764787
CD244,-1.9734213441616615
CCL20,-3.2005590305916107
CCL17,-2.72494318907595
SPIB,0.8155169347409463
DENND1B,7.952091532785894
IL17RD,-0.8069896601733446
SIGLEC10,-1.5434614698219211
IL1RL1,-1.395443560309683
CD274,-0.7923559608482504
SH2D1B,-0.4073057598940681
LTBR,-1.478504692630864
CCL22,-3.0210875105043806
CYP21A2,-2.0779059758246143
CYP4F22,-1.6491323084623413
CYP27C1,-1.5358047129322945
CYP27B1,-1.8792391775424548
CYP20A1,-1.5280192593900512
DMD,2.282566068890596
SLCO1B3,-0.9107628669549203
CYP11B1,-1.91439171680267
AFP,-0.7482583570728967
SAA4,-2.122886660209107
CYP24A1,-2.0547593384032248
APOA5,-0.903544797056016
PON3,0.46329817803434303
UGT8,0.7238780019185446
SLC22A6,-0.14143504752253025
SULT1A4,-1.114291200848749
SERPINA7,-1.0245981182551125
FOXA3,-1.1805083508835696
ACRV1,-1.7113621023249903
SPATA45,-0.751467739319099
SLC15A2,-1.6917094971795015
CEACAM7,-0.9962559877143382
CEACAM4,-0.5482082229299655
CEACAM8,-0.3859073080135721
CEACAM3,-1.0742950469790429
ACE,-0.4411306997009011
FGF21,-1.2944452858886952
SLC22A8,0.3753277486306964
SLCO1A2,-0.5041481203340427
HSD3B1,-1.6425735617954675
HSD3B2,-1.611695623513273
L1TD1,-1.01930939577004
AVP,0.15460289097857718
HSD17B3,-1.4440773897601342
ATP12A,-0.12289472950504253
FAXDC2,-1.0932894755893112
SERPINA6,-1.448217762518155
RDH8,1.1655602318343805
TDO2,-1.0309223815714526
LECT2,-1.849881725278536
DHRS12,-0.9286456880650523
SRD5A2,-1.3824280631706303
NR5A2,0.3470500852225512
UTY,0.2695040056353097
LPA,-1.977215238773775
SLC34A2,1.4524715746229317
NR0B2,-0.6041506754484846
SPINT3,-1.0143302100292773
ZC3H7B,11.994392696784917
PROZ,-1.8564445418599553
ORM2,-1.5646586736590447
THSD4,1.5153168411651747
SPP2,-1.8801865661240726
DMBT1,-1.267968547060638
AHSG,0.14418213415526923
ITIH1,-1.7355324033025765
CHRNA10,0.11565653979635297
BCL2,0.2720746107486072
SLC22A11,-0.9254394360217323
SERPINA4,-2.1303323374509446
TTPA,0.2947551192219534
CHRNA9,0.5714166133708933
SERHL2,-0.8207681897960967
PROC,-1.8404211984518748
ABCG5,-1.9764898155703996
ITIH3,-1.2960106044069177
SERPINA5,-1.4406832217891852
APOA2,0.61032546304468
APOF,-1.661329012803286
IGFALS,-0.9374247361431862
AQP8,0.20777901274210403
ADAM21,0.6957361249201329
PIK3C2G,1.2295043688243867
CEACAM1,-1.536322845801587
ALOXE3,0.8146553607491016
PDE1B,-0.11083769328070252
PADI1,-0.7855788624642915
PLA2G2F,0.8010126079505295
PDE8B,-1.1984879513142126
DIO1,-1.1196516134998764
PLA2G2E,1.0434399702157762
PLA2G1B,0.5308601430591313
DIO3,-1.2607856694640762
PDE1C,1.5457826999426216
DPEP1,1.4997961918167122
ALOX15B,-1.4166667408121356
PLA2G2D,0.44711544147107013
PSG1,-0.37555420444533244
CH25H,-2.2738380993895007
TM4SF4,-1.8528773855258454
DCHS2,2.2424963336146
TM4SF5,-0.7307501516565712
OR2S2,-1.2692923019760654
C6orf120,-1.1328894597388792
EDA2R,-0.5049501844882003
DEFA1,-0.5569261221616689
NOCT,0.3266965810662641
P3H4,0.7502731638242766
COLGALT2,-1.0243360323554613
OAS1,0.6107276148266173
P3H3,1.96309583009858
ARSB,-0.8253410768920569
B4GALNT1,-0.13945871516737895
GBA2,-0.8012563352950952
NEU4,-0.5793406668497155
ARSG,-0.9249967866223472
NAGLU,0.9193664651070688
NEU2,-0.97231297458785
ST8SIA1,-0.9137227016625289
B3GALNT1,-1.1294850955446514
HGSNAT,-0.298483693700477
MAN2B2,-1.2358306855307954
HEXD,-0.759344208548612
SI,-0.482467810843327
ARSH,-1.011450789202173
ARSI,-1.1671125310670134
ST3GAL1,0.35285065531873483
ST3GAL2,0.12942685886477817
ARSD,-1.1669604429573002
ARSF,-0.9362106488478753
ARSJ,-0.9943916289602107
GBGT1,-0.9552715686903585
ARSK,-0.1360937396037407
ST3GAL5,-1.0603367999127933
MAN2C1,-1.6978465643976304
B3GALT4,-1.033957694162743
ENGASE,-1.3053802888427706
GLTP,-0.7813068425251709
ST6GALNAC6,-1.0117096982231146
ST8SIA5,1.2533825427050647
GLB1L,-1.1110582464988286
BGN,0.3627790456944146
A4GALT,-1.0419015547308919
B3GALT5,-0.6251141540973334
RENBP,-0.38310473535060946
CHIA,0.15956129598317967
M6PR,0.7603700516529659
DAP,-1.7933438683593284
ACP2,-0.4961146145593093
SH2D3A,-0.6097143958796502
FAN1,0.0794029957694109
DNASE2,-1.4634954814805068
SGTB,0.13718961935154997
B4GALT6,1.141055619088303
CTSV,2.387652835616437
P3H1,-1.2841359549808298
SLC17A5,0.24226453250290858
GLMP,1.0347783575277556
TRAPPC6A,-0.6641071898298297
RNASET2,-2.1256155695842462
CHI3L1,-2.0498923065787027
CYRIB,-1.095776383367915
RAB3D,0.6384074292373569
KIFC3,0.23382163791780522
CTSW,-2.601636832620887
HNRNPCL1,1.6507930765602807
GNPTG,2.424734000923798
GET4,-0.8380748585685451
ALG2,0.3540036753965526
TWSG1,-0.49764938767210753
TSPAN31,-1.4739910438842616
GOLGA1,-0.5073494093384955
MAN2A1,0.40817439046132536
WDR83,-0.8221531264867924
TOR1B,2.908435260755171
CTSO,-1.4427267474163508
FKBP9,0.4856269582189101
CEP170P1,-1.049739994714166
GALC,1.1312756026593214
SLC9A1,0.6541596111933309
SALL1,1.1114003146660836
POTEB2,-0.9594025118191795
ST6GALNAC3,1.0663111617691035
UBQLNL,-0.8476473685602556
UBL3,0.31268422286520386
VCPKMT,-0.862249860652154
KLHL36,0.7968599857033125
CTNS,-0.2614538197896219
FAM210B,1.3228531967917736
UBR1,-0.7351588116808011
MKRN3,-0.5356697054462257
PIAS1,1.6091526639750187
BRI3,-0.8531543107031231
RAB27A,0.2831631092030579
GLIPR1,2.2857992066195334
LAPTM4A,-0.8355760225344834
OSBPL1A,0.4926896045642249
WIPI1,-0.0696152194052848
NUCB2,-1.6054041276146553
MAN1A1,2.2471462231190196
TAX1BP3,-1.120542386161013
EXT2,2.1609770407902795
LEPROT,-0.9142062266292592
CMTM6,-1.3625758451377563
TMEM9B,-0.9336188993357345
OSTM1,-0.9662629073410206
SWAP70,1.15184245719288
PIGB,0.3966534972820118
EXOC1,0.7798876555169175
LHFPL2,0.024097299295226082
PAM,0.08929189340275748
NSMCE1,-1.295072607911843
NECAP2,0.3521020786560567
EDEM2,0.22632105023215146
PITPNA,0.5913084801351581
CTBS,-1.6240926673568656
ANKMY2,1.2407530494816443
ATP6AP2,-1.1294837070932922
SLC31A1,-0.08964352938753153
SELENOT,-1.3011272102571698
ERLEC1,2.4296980435502715
SLC35A5,-1.4705965000687178
GUCY1A1,-0.3148691233059319
GUCY1B1,0.47157938306941266
NPR1,-0.7384980598194862
EDNRA,-1.3429973141236313
TMEM40,-1.3723782387350236
NPPA,-0.24939691477384723
PDE5A,0.1871327364607959
PDE1A,0.633254431394582
PLA2G4D,1.152453144909771
PDE9A,-1.236166712428541
SBSN,1.2664031117965207
AGAP1,0.07594723585281894
S100A7,-2.067048919388764
RTBDN,-0.4016623809918066
TRIM29,-0.6726232641621737
GUCY1B2,-0.3817527402864207
PCDH17,1.6333029071441811
KCNMB1,-1.0245043830138012
MYCT1,-0.28333579517184404
TCF21,1.0151074240702895
ASPN,0.012246160674619486
VWF,-1.303539783131334
NPR3,-0.4585443562239884
PDGFD,-0.05044686721728873
SELP,-1.762024780230885
PBX1,0.9054962430208142
LIMCH1,0.6523303464554885
NOTCH3,0.4535675397263057
CNN1,-0.950823019658806
HEY1,-0.07671813162000364
RUNX1T1,1.5753087134293262
CD34,-1.9043444929184503
CYYR1,-0.6537210199497909
RASGRP3,1.2891617624898315
JCAD,1.1077912885105048
MEIS1,0.600980879504598
TIE1,-0.09497165150456888
MMRN2,-0.7044721385324012
LDB2,-0.5193800605423566
FRY,-0.4346605608582768
FRZB,-1.2905573570777151
MAST4,1.95729550365452
POSTN,-0.9503613005813877
DOCK1,-0.4202059528621929
KCNJ8,-0.5643966240920024
SPON1,-0.12236394087093444
FLT3,-1.0147262951538651
CD200,-0.12067249998473793
MXRA7,-0.1094918154878429
NOX5,0.5448647979886889
OR2M7,-2.0200971062789663
OR1M1,-1.47730500098295
GRIN3B,1.008360558636577
MTFR2,-1.7854065389845755
OR6T1,-1.4136464089759675
LIN7A,-0.24999090431677662
BBS2,0.3707280489730657
COL5A2,0.2432273671348729
USP28,-0.8722042394657744
TLR9,-1.9262012380294946
MUL1,0.7871561903627383
MYCBP2,2.9702802301225932
TSPOAP1,0.3764964263175024
LRRC4C,3.045192874526896
TPPP,0.44900735194077407
LTBP1,2.779920042288457
DNAJC6,2.640770675891784
MCTP1,-0.18945383063728488
GNAZ,0.20835650791763874
KCNMB4,0.7147923885906464
LRRN3,2.1347974741331828
RTN1,10.269327191805626
PLXNC1,1.7313672142899916
LAMA2,0.47802454027043734
SERPINE2,1.1689822169527937
IRAG1,1.27789607501189
RAP1GAP2,0.07892618428301709
LMO2,-0.5043120766809635
ZNF646,3.453871740329006
FAM124A,1.6411536785527223
TRIM39-RPP21,-0.16564980497943615
RAPGEF3,-0.43663028575998863
PRKCQ,-1.2928800277843318
STK32A,-0.2060661420165614
STK32B,1.6190221526424045
NUAK1,0.10189540547286269
CORO2B,2.9519758891360035
KCNMB2,-0.624629934300872
NPPB,-0.17611190091224788
BDKRB2,-1.2602042353798903
PAK4,1.0200399078696991
ARHGEF15,0.734945403442709
RBAK,-0.30621233831632794
MAP3K4,0.31220975145804963
ZKSCAN1,3.716285523996363
KCNMB3,-0.4856710190472951
MYLK3,-0.024723320472502287
RGS2,-2.1315495061721688
GTF2I,0.9380013363379024
KCNU1,-0.6269833147104721
FXYD2,-0.35102990260833256
GTF2IRD1,7.717415302166707
TRPC4,0.750443025491389
TRPC6,0.6252984727305435
TRPV4,-0.34948508545961365
ATP1B4,0.05167455874351515
CD38,-2.2710039943987326
BST1,0.3976284477684005
GKAP1,0.014367890492495294
EPHA3,2.90337007295014
FBN2,1.9838722907022686
ADRB3,-0.8322209119221259
HECW2,-0.5283047447043256
TNNI3,0.04781375388077123
ITGA8,0.1827892944324973
HSPB3,-0.2026343249529344
LMOD1,-0.11571940585037574
KCNA5,0.6548898201880016
DSC3,0.7427271361363023
CALCRL,-1.7406902265845448
SNTB1,-0.3837402727005243
TXNDC11,-0.7081005716103237
NEXN,0.17952310764920543
FHOD1,-1.4611543225909487
CRIP2,1.0333639478516952
NEK11,-0.7672866202973293
NPHP3,-0.8840832439869177
RPS6KA6,1.3289794158592974
CDKL2,0.244311707606347
NPR2,-0.7668692480920204
CHCHD7,-0.8278588078188394
LCORL,-0.21906462771956273
DCT,0.7828292288886931
FGF5,0.35534133259739703
SHOX,0.19489169180573285
AQP2,1.0279446970359494
A1CF,0.5427358569579598
ITGA10,-0.022461835517599674
IHH,0.9834459239948676
FRAS1,0.613735241376793
SLC10A2,-0.4057918714525466
DNAH2,1.7343507795615676
PDE8A,-0.17787245426469836
BMP15,-1.0587330110947677
CYLC1,-1.3974992491284541
BCAR1,-0.3347603101020506
EMP2,-0.21725982249250372
FRMD8,-0.36276796300055053
LPXN,-1.7518914508620094
ASAP1,-0.7286360558235068
ELMO2,-1.3162151447138672
BMX,-0.5767286428330805
TRIM72,-1.1861842236364164
PKD1,-0.020066808090656342
DEF6,-0.76291365258451
RAPGEF1,0.40469979740270623
CBLB,1.3360466545568623
PTK6,-0.19823657142149648
CASS4,1.8387091883169102
UNC5C,2.31246661633352
BRK1,0.9015272701639345
LIMK2,5.664038730544484
TP53BP2,-0.16586715289967538
STAP2,-0.865608600598906
ABLIM2,1.7628822885270712
BBS10,2.2338488627112545
NCK2,2.0117310364453376
NEO1,2.731083726310692
BSPRY,-1.227036067492293
ITGA7,-0.140529568666558
ITGAD,0.584643755355283
ITGA9,0.5862610388703537
ITGBL1,0.09831756888130662
ITGB6,10.929179945777479
ITGA2,0.5829363744037307
LAMA1,1.926888299672833
LAMA3,1.186214714762026
LAMC2,-0.6741788559234969
LAMB4,0.15213468093423227
LAMC3,-0.11283983421090446
LAMB3,-1.1885186016133509
GPER1,-0.1378674509460529
FLT4,0.25355218047729233
IBSP,-0.06557008853383994
HBEGF,-0.5004668238979569
SPTA1,-0.7202031016194937
SPTBN2,0.10477592785089052
THBS2,-0.5973194575749624
THBS3,0.2766241741775339
THBS4,-0.5317466398910388
TLN2,1.0244346127736441
TNC,0.639213380359828
TNN,0.41281934928459724
UNC5A,0.9716471001559844
SOS1,-0.6725266185741755
SHC4,1.0835049007866775
PTPN13,0.6536772250182987
PTPN21,0.7721571955885641
PTPRA,0.325298805347315
SHB,0.44267848338478677
SHC2,0.053542233042704494
UNC5B,0.5034849075935591
UNC5D,1.7724956983427862
VAV3,-0.01814318100568539
WASL,1.194350667894019
WIPF2,0.7417897009941022
WIPF3,-0.6869137564608864
NECTIN3,0.2723749363146771
NECTIN1,1.0600596019116328
NTN4,0.6442398521845284
NCKIPSD,0.6420085531158243
PIK3R6,-1.0414751978213352
PIK3CG,0.7681452301579976
PIK3CD,-0.19290689588555346
PARVA,2.0409372161308266
COL11A1,-0.1602134381527631
COL17A1,-0.3884993629652981
CHAD,-0.19165925573021464
COMP,0.27630438124415435
COL4A6,0.36403354326171816
COL4A5,-0.981164937463334
COL4A3,0.8930640867846215
COL4A4,0.7297640881865258
COL9A1,1.9068163203056754
COL9A3,1.127973658413616
COL9A2,0.1891839949030243
BTC,0.7326414263328435
CASP7,-0.4068991418231818
ELMO1,0.19387874257985246
EREG,0.7728512558131039
EPGN,1.618165956886466
EFNB1,2.1721663128247624
EDIL3,1.6195690529230582
ABLIM3,0.9677687296199579
AREG,-1.1998393310963489
APBB1IP,-1.9573113102201627
ARHGEF28,2.51918442015504
ARHGEF2,1.2129356856988835
ARHGEF12,0.2623168247996262
ARHGAP10,0.6305679341965026
ARHGAP26,0.7444686574884457
AFDN,1.9045515084294065
EFS,0.3323313200529571
DVL1,-0.4332227228651092
ERBB3,0.8679848256962692
DAG1,1.7321866279706224
MISP,0.10247462518062483
ZNF800,0.9775214369432078
VPS33A,-0.23188652318014327
VPS8,-0.21869636485070565
DOCK7,0.08968655148555657
VPS41,13.871842893626651
FERMT1,0.635539052804879
CCDC88A,3.0711546968774948
FOCAD,-0.6012837161681416
WDFY3,0.08981837098519263
ENAH,0.9914536227817028
TIA1,0.8971609939154668
PDLIM4,0.10737670085730024
KIFAP3,0.267332465151704
FNBP1L,0.9241253496665868
DOCK6,0.9709804264482319
ZMYND8,1.5898066926116454
EPHA7,3.0213855333891613
WASF1,1.2620120195881241
EPB41L5,1.089157764759321
ABL2,0.5694415591749958
EPHB3,1.7701885925451528
PKP4,0.7816647804596836
CYTH3,-0.6302945862441021
LPP,-0.2581462637220222
ARHGEF10,-0.38726717654773607
ROBO1,3.320837028798601
TCHP,-0.6900569603214196
SPG11,1.8540542848851607
SEPTIN8,0.47969161128252963
ASAP2,0.6455223837118063
CAMSAP2,1.6212335050120403
MYO10,0.10075038518314652
PROM1,1.321700036892162
AKAP12,-1.7832530907362611
RABGAP1,-0.790481936245394
SORBS2,0.675787917709031
ZNF331,-0.35612833353916273
ARHGAP21,-0.5324421399864179
SLC23A2,-1.7720959810211525
PHLDB2,0.31222286494556795
SORT1,0.48827288017401127
YTHDF3,-0.22841956339396804
SPART,1.3591918501644344
RAPGEF2,0.8408270417153759
ALMS1,1.5398718117499177
FOXO3,0.8924665854199836
ZFYVE21,1.3936104138055125
IRS1,0.46850739337043473
E2F3,1.1562570793135507
ATG12,-0.32043560061935417
MAL,-0.03977157005537996
FGD6,-0.9996593278683346
EFNB2,1.674512742137697
RBSN,1.3912500588204717
SOCS2,-0.2758268969896742
CDKN1B,-0.03710339158586201
CDCP1,-0.8831272842411972
ATG14,0.8932448139958683
KRIT1,0.01634154062822013
OTUD6B,0.37110832563110946
TRIM15,-1.56471469606135
RND3,-0.6315519189389998
HMGA2,0.8247316313119007
DOK4,-0.11785369835292316
FAM120A,14.011357986952738
PTPRK,2.076173416832307
RBM25,2.026850638041668
LIMA1,0.3860562681749069
GRB14,-0.8475295560935223
PDCD4,0.19853543786237476
F3,-2.2404021051005256
PLAT,-0.46891453521429405
TNK2,0.5914901109589076
LIMD1,-0.7722567829229351
IGF2BP3,0.7205957711684078
PKP2,1.9507430850975334
KLF5,-0.06388353038325767
FER,1.1775400705351793
MICAL1,2.675492705450378
CD79B,-1.419868819318574
DOCK9,-0.9740642900680124
MTUS1,-0.6298915664124112
FZD6,-1.1741137300655398
MAP4K5,0.15959179868747225
IGF2BP2,1.1467645575730803
DVL1P1,-0.47057726456660015
DLGAP3,0.4951467794910559
IGHM,-0.9243785598982431
IVNS1ABP,-1.046564575668288
FAM3C,-1.0910772459635114
ARHGAP12,1.5217054789402944
NPHP1,-1.3198999343294389
HBD,-1.1428047476430483
CFDP1,2.44687946349552
OVCH2,-1.280804630537835
MANSC4,-0.8467183764494403
TMEM170A,-0.1622528101242614
DOCK5,1.1004260956902887
FRK,0.46622898786932837
PWWP3B,-0.42581288624569985
SPATA32,-0.5280352058370802
R3HDML,-1.3046527662503058
GLIS2,-0.20074464324635446
APOBEC3H,-0.41975886892659664
ZC3HC1,-0.611292396856993
KRBA2,2.3287170339586094
SAMD9L,1.013924159624607
DOK7,-0.6187886063174097
DUS2,-0.5316238046019253
NLRC3,-0.26710876012288026
FNBP1,0.30046870693742705
SH3BGRL2,0.8232356220719711
OTUD7A,0.3972141738824876
DOK1,0.04706100607991634
EEIG1,-0.662604489943668
ARMCX1,-0.8654504731601104
GRK4,-0.719148212186986
ZNF337,-0.18647485033801844
NLRP10,-0.47658038515884055
CXXC4,-0.03388592352676341
SHROOM2,-0.7909171361105222
PEAK1,-0.5654401777671536
PTP4A3,-0.8262296074471238
PELP1,0.17743924117603713
INPPL1,0.19810301051543303
DCBLD2,0.14677013532986583
E2F2,0.39989254872250296
FES,-0.5356940828885776
PPP2R3B,0.3894276621668763
FGD1,1.6468629955570726
CLIP1,-0.06413274679925951
AJUBA,-0.8509061898563367
PTK7,0.11070210648139389
DAB2IP,1.2522124611709848
PTPRM,1.5140934247407432
PTPN14,1.1655484799625886
PRAM1,0.18551929957512883
EPB41,-0.14000306134887663
DIPK2A,-0.7013718617857617
ID2,0.25893271206743423
TET2,-0.005835664416285042
CHD7,1.079530004736979
PRAG1,0.08282529961155417
MEX3B,0.2551478821592825
FMNL3,-0.6442599978868806
FGD5,-0.786487989688078
KIF13A,-0.2933552371552898
SRGAP1,1.0495241218665636
HIP1,1.094958765600202
XAB2,0.4985704515866576
UHRF2,0.8757947479706939
ARID3A,-0.08663582602712952
GARRE1,-0.9557643027315663
IGSF8,-1.112921361983159
BAIAP2L1,-0.0016305357455057524
STAM,0.7890119580426278
MICAL2,0.21969642358004135
NAB2,-0.08295433757079555
WDR73,-0.5306666237279083
TSEN34,0.17117125342254313
KIF1C,0.0822620420378286
KIN,2.2812110836946644
IRS2,-0.010729771064923423
LUC7L,0.4027615772979374
PDIA5,-1.1931119095011549
SMC5,-0.2063692799954174
CDK11A,-0.7233790257201989
ANKS1A,0.2701855130535813
CEP250,-0.6358370935958374
LEMD2,0.23256732983593653
GNAT1,-0.803144151497731
FXYD6,0.7984297364510099
RCAN1,-1.305383463561116
C16orf74,-0.4639570941163683
RCAN3,-0.5448989043203376
RCAN2,-0.5905217378619503
TNS4,-0.3813178775112927
TXK,-0.8350212204422836
SPATA33,-0.679468979369658
LBH,2.7898692528493663
PARD3B,2.6592973702699334
PLAC8,-1.9496053876009214
SMPD3,-0.9144384804770874
NFATC4,-0.08804139966514042
SIK3,1.328122790986406
ITPKB,2.089534125090143
PHLPP2,2.259048045820127
AATK,-0.3740799163481255
CRTC2,1.1803967039923087
RASSF2,0.36119426888098755
KLHL3,0.9461837191585328
KLRG2,2.3086539570435827
UTRN,-0.4378411927814466
SSH2,-0.8534164529664093
CDC26,0.14308391077348917
DAPP1,-1.1104569579964045
ANAPC4,-0.9372553869606632
ANAPC7,-0.4268512807686098
ANAPC13,-1.152356760928479
PPP3R2,-0.4164410042695857
IRF2BPL,1.1016309381252987
HCFC2,1.0948530112085335
RXRB,-0.4156640481512176
PATJ,1.0509820957569067
IRF2,0.9564619600240225
IRF2BP2,2.1038932726724933
JPH1,-0.751075938774514
IRF2BP1,0.17608446360228008
STXBP5,1.8532323692967936
NPTN,2.636865631721179
BCL11A,1.7287592721943246
EPHA4,3.356680887319865
ZBTB18,0.8739028075556398
PTPN4,-0.46016822506597216
GALNT1,0.2099245760843593
PPM1H,0.35410173025678215
ATR,0.3549311422490133
MTM1,1.0327779766139626
FBXO11,0.18174624688881633
CAB39L,-0.8226317318123774
PPP4R2,-0.28852573328680264
UBE2B,-0.9370111841067755
SHOC2,1.106130431006149
MKLN1,2.74513617423873
SEZ6,1.7298708904330813
SYNJ2,1.4712747073324657
FARP1,0.4794637105256191
UBE2D1,-0.42136916396003676
TRIM33,0.04528065318989974
TANC2,0.7532931050540358
KERA,-0.6736194101047095
PABIR1,-0.7312264523103402
NCOR1,1.3302619032435046
PDXP,0.7575891257103722
DMXL1,1.6892614058869675
RBBP6,1.5560373834259713
SETSIP,0.41865994625268843
FBXO32,-0.9458601887120405
SLIT2,2.36887661974658
RHOQ,-0.7322061763686979
KLHL2,-0.23993644231728656
CBFB,-0.39231871691164216
CAPN7,0.270415178630685
PPM1D,-0.6988177529398366
GALNT7,-0.5885236239687204
ATRX,2.744024544606452
ENDOD1,0.08210787654461091
DEFA1B,0.048796001851542974
CCNI,0.33122388066371744
TRIB1,-1.0917761754753756
FAM167A,-0.7374700235799835
PAPSS1,-0.5986006010399042
NCOA1,1.7421932086595324
ZMYM2,2.383784178094643
FGFR4,0.02217222117866626
ERCC5,0.9877713117677163
CHD9,4.086155605532104
PNMA1,0.6825558037985244
MUC7,-1.6662559650482494
UBE4A,-0.2849612089683601
VEZF1,1.5101807842329444
JMJD7-PLA2G4B,-0.6329127697870031
MAPRE2,0.23035466460343484
LRRC49,2.0403873035396716
KRT17,-1.4473296014726684
FNTB,0.006591629460024783
RAB6C,1.3854215524340852
LRP12,1.6055700201697467
TMEM131,0.5444752481796783
EDEM3,0.5040859747107079
ATOH8,0.08326358854513098
NLK,2.3472412818640307
TBC1D10C,-1.7501964450344718
TRIM16,-1.1247836941850953
HOXC5,-0.017904249077404413
RSRC1,20.399795794795626
FAM149B1,-0.8951676680937061
FBXL17,-0.38216723770740146
ROR2,-0.25674408563562295
CDR2,2.1564247214766437
PJA1,-1.4219908427879377
UBR2,2.6299936634372214
CCDC85B,0.4471067969533993
AP5Z1,0.05925357186000881
GSPT2,-0.1867289317476864
PPP1R10,0.5420926884940065
STXBP3,-0.4782080598645667
PPP6R2,-0.5814159208813388
SLC4A7,-0.28346671964062553
ZNF25,0.3071197603289567
PHF21A,0.8390289561863445
TOX4,-0.47057167640728176
FPGT,2.1288805094575673
WDR37,0.857565733564973
MRTFB,0.3633631674013814
UBP1,1.0039003106146418
TPST2,0.09353601889294806
BRWD1,2.3148566010909395
ZNF189,2.877286599971707
OXR1,0.4721040954220513
UBE2Q1,0.04912132952174325
PPP2R3C,0.34014361870111587
SSX2IP,1.5749062183338933
SHTN1,1.510255771193145
HERC1,0.23553773033104727
RAB11FIP2,0.0918089863231106
PPIP5K2,0.8696810753374062
CCDC91,0.6844786122593947
UBE3A,0.5435526356804897
THAP12,-0.11911866004340808
CNOT6,-1.2239694403592996
SERPINI1,1.1289665806690228
RPAIN,-0.9264317203179488
RASSF5,-1.0446039347461265
DCAF15,0.13686104868561025
TNIP1,-1.4415555883851996
DHRSX,-0.9685380568909626
SLC19A3,0.7881621131774958
ANGPTL3,-1.0195756583729279
PRODH2,-0.6837403180862857
SLC38A4,-1.706105071759575
LIPC,-0.8560371809389534
MTTP,1.446627868755074
LAT,-2.2527102547180133
CD19,-1.8042795470135735
TRAT1,-1.6542040522286627
GZMH,-2.2563928559523587
EPS8L1,-0.7718986216234228
MS4A1,-2.0785597370063917
MLN,-1.0769565708826112
CD96,-2.26314159563499
TCF7,-0.15081583616011626
CD1C,-0.2386991826864021
ZNF831,-1.3483767651374798
EPS8L3,-0.9726265999149638
CCR2,-1.2285778039332875
KIR2DL3,-0.5200145497898551
PTCRA,-1.1191365651809784
XCR1,-3.1461471734520274
CD101,-1.6248965865240694
CD1A,-0.19319874754151914
VSIR,-1.9260695327728858
CRYGS,-0.18393419331081629
CD8B2,-0.6804947856908833
CD160,-2.1364277888318517
PAX5,13.200379018049421
IDO1,-0.8497477363497892
CD1D,1.2772587603563215
CLEC9A,-0.7253677404768075
CD24,-0.5494720235288761
ZBTB46,-0.2609306716938424
FGFBP2,-1.457970884386916
IGLL1,-0.7164206770162371
KIR3DL2,-2.207061941986413
VPREB1,-0.08240460322315601
ITPRIPL1,-0.021080500936385492
XCL2,-3.2242365170501195
GPR174,-2.4322280320973624
MUC15,-1.3057759069897552
ZNF683,-1.8309603416375537
VPREB3,-0.1373617803415698
GHDC,1.6792830634619724
LRRC8A,-0.9240090343650179
TMEM106C,-0.31721145948320234
THEMIS,-0.4513945059353087
DNAJC16,-0.7001558518324872
POLR1G,-0.19347558034128587
KIR3DL3,0.009387345003792374
ADAM33,-0.652148391357838
TM2D3,0.12358486878761005
GP1BB,-0.4804429937237703
FAM241B,2.17484280112259
ABCD2,-1.5005542019023508
KIR2DL1,-1.784586305563326
PAG1,-0.4448596476454327
HLA-DQA2,0.40960800591846647
HLA-DQB2,0.6234217902890288
SNTA1,-0.21623858330193318
UBASH3A,-0.4580676536984768
CD1B,0.7944408045881448
GRAP2,-1.3512139003979613
HLA-DOA,-0.10538438223676484
HLA-DRB3,-0.46451292637338426
HLA-DRB4,-0.491400911997064
HLA-G,-0.1845400605161341
HLA-H,-0.6939644082962164
SLA2,-0.5682116500900691
TRBV7-9,-0.23277528481422263
TRAC,-0.3372887741436882
TRAV19,-0.19948295321990295
TRAV29DV5,-0.20711229146848117
TRAV8-4,-0.22769026626650393
TRB,-0.7699078549115249
TRBC1,-0.3671041554594229
TRBV12-3,-0.2232114719548135
TRBC2,-0.5847555637329285
GPR171,-1.0595156736818792
SLAMF7,-1.4548052153625608
FCRL3,-1.8576393134638864
LAX1,-0.6129022988489896
SKAP1,-1.6823403177629843
P2RY10,-2.882411953645794
ICAM3,0.20726325382796845
EMB,1.583437794699971
SEPTIN1,-1.2881886788902255
TRAF3IP3,0.2793107653532455
JAML,-1.198597688117929
CD72,-0.3394819588105197
DENND1C,1.5557469103515995
AQP3,1.1243188184166117
KCNA3,-0.46517890254091115
S1PR4,-2.5893066324866774
MS4A2,-2.557896512148642
KIR2DL4,-1.8632006886661425
PVRIG,-0.3203699378208309
LEF1,0.04601945830383401
CD1E,0.5379353854270302
PIGR,0.02296351979139475
SPOCK2,-1.0974770103454847
GIMAP5,-0.5638832975589013
GFI1,-0.2751175323731595
CPA3,-2.2881949257457967
RUNX3,0.20511571631586453
FCMR,-2.267371355162731
HLA-DOB,0.3705736870342019
RASGRP1,0.19862019945394388
FCER2,-1.8167221137167444
PYHIN1,-0.2521273561603064
GPSM3,-0.56205587036094
CTRL,-1.0100562727426754
TCL1A,0.6342933426516572
GPR18,-2.3384571957115377
TRAF1,-2.52128744438514
FOXN1,0.7357167323980983
CLEC2D,-0.7456936052623357
TRA,-1.0601656899933787
CD177,-0.8215365723865719
TMEM262,-0.010700232987771586
TMEM54,0.35257748369814906
IFIT1,-1.5411007660176084
TMEM19,-1.3031917738818153
LILRA4,0.3329403561211957
PRDM1,-1.8347189420662953
PMP22,-0.7267501900215758
LMBR1,-1.046630095655845
KLRC3,-1.296048893872775
FCHO1,0.14838742256980111
FCHO2,0.9506142929379362
REPS1,0.7973563178884141
NECAP1,1.3321240862133408
CALHM6,-1.150033113013873
CLEC2B,0.5321323031863675
GPR183,-1.0503714740747718
LDLRAP1,0.5654058267239215
AGFG1,-0.06471883531276831
SLC2A8,-0.31477091916954136
TNFRSF17,-0.8188788568634603
RIPOR2,-0.33068440320313236
ACAP1,-1.6939861525641042
BTN3A1,2.699901525452996
DGKA,0.3035884464885152
GGTLC1,0.24964790018119065
SRXN1,-1.5410212664181715
USP51,-0.6650337931365465
TMEM68,0.11300291450885333
SSX2,-1.7744349320794293
MAFK,-0.3944246354185114
ZBTB21,0.07947990004903305
APOA4,1.0113199596395581
BCO1,-0.8754184917913277
SPDL1,0.3579241556537649
MUC4,-1.4893822009481918
SERPINB3,-1.9706700519370182
CA6,0.661416830970933
WDTC1,-0.65002227632831
NOX1,0.296382813470964
DUOX1,-0.043724843755199604
TFF3,1.4988850673900382
NEIL1,-0.1517014312277238
GIN1,1.049386291499993
MAFF,-2.009238933570286
STEEP1,0.7047460413635502
ATG4C,-0.3324590668337209
APOM,-1.2860552200115944
FETUB,-1.0181688633043096
SLC13A3,-0.8630512734300365
SPMIP6,-1.0357137687904234
DHFR2,2.0038611512294366
SLC46A1,-1.497897291636366
GLYCTK,-1.1983246592796333
MTRR,-1.1344485978235765
HYI,-0.06441953502856723
FOLR1,0.6640225445491139
TAMM41,-1.927185985236548
PRSS23,1.7840238708021845
DEDD,-1.111132536479957
HEMK1,-1.1771223950615315
FRMD6,-0.7844762536122258
FBXO7,-0.641700556756706
POLR3H,1.1950164633073723
NOP9,-0.3113048077335345
PMS2,-0.21700424810356228
NAF1,0.7854607744659471
ETNK1,0.5605182377773232
PSMC3IP,-0.5302368557005018
CDKN2C,-0.477834665512007
MCM10,-0.5995201331229089
ADAT3,-0.11090488045914683
PINX1,-0.4923643431628388
NDOR1,-0.5472277782354965
AZIN2,-0.8876916631352721
AMY1A,-1.3469189452178507
YLPM1,20.135017144451655
DUSP11,0.2771549554966328
RNF10,-0.8955288984626167
CDS2,0.712009468830354
PHAX,1.218222651209068
PRXL2A,1.0885274036791777
TRDMT1,-0.5661617555847115
PPM1L,-0.8871430283388083
SLC23A1,-0.959095615912915
MYB,0.861474012087211
NBAS,-0.5504662080622389
ADAT2,0.39725168951152584
CHERP,0.12691299697903788
POLQ,-0.9830020849065279
AFG2A,-0.24777518702585846
PRTFDC1,-1.0058526005690158
RBM4B,1.9639011325049234
HAUS3,-0.9841657346892684
POLD3,-0.8344414965542708
HIRIP3,-1.4569296124628153
HM13,-0.3217286852210351
TES,-0.3730206348499571
PARS2,-1.642092853238264
LPGAT1,2.176448741746528
SFXN2,-1.5118731462010246
ZC3H4,1.1552671180997927
PAWR,-0.494247239660729
PCMTD2,-0.7504315979638898
FADS1,10.820048496889758
DLEU1,-0.1974078717918623
GGCX,-0.15653432399850256
BABAM2,-0.15861729724884055
FLVCR2,-1.4148893982904065
CFAP119,-0.7370837969576757
ZNF860,-0.7425442755073896
TTC39C,-0.006894319899851485
RAPGEFL1,-0.36277235365759203
EVC,-0.3361667514615067
NT5C3B,-0.9083327740782221
GIPC3,-0.8152598184830124
ZNF419,1.1926833496682447
WDR27,0.218603681201213
ZBTB8OS,-1.2496135885767283
DTD1,5.86317347501963
ZNF623,-0.5721536456640861
RHBDF1,-1.246578420682584
ARMH3,-0.5980789989252994
KIRREL3,2.7118953569915467
FAM110C,-0.34882977629339895
DNHD1,-0.43964501400522016
SPIN4,-0.8203806426345587
MBNL3,1.555901069994759
BBIP1,-0.027553009041305122
DPH7,-0.9167710539817565
PALMD,-0.3703811913736186
ZNF544,0.14315457679066812
METTL2A,0.04254752815641578
BTBD6,1.5633233145276146
C9orf40,-1.3778475103822083
ADAL,-0.9664246596983852
NAB1,-0.642271485228765
ZNF215,2.676449392038121
C1orf21,-0.5130944913760386
KLHDC4,-1.3764767879869455
TRERF1,1.2784111728739893
MORC4,-0.6580884341722689
TNFAIP8,-1.0301754199576512
DGKQ,0.1123862116013038
DEGS1,-0.3548106125252151
FBXW11,-0.8452648888604928
EEFSEC,-0.8323679165849149
TLK2,0.04928340477621123
NRF1,-0.965901155754551
RNF214,-0.195245838796033
MORC3,0.7517477938721605
TMEM184A,0.8907182855960285
TOP1MT,-0.5601258962259611
SLC25A42,-1.2276790678241278
YAF2,0.03690467447849739
DPP8,0.6777680725084799
KDM3A,12.936139043235837
PIBF1,1.5958856721668846
PBX2,-0.2601498367276853
GOLT1A,-1.0134702361895032
SLC7A6,-1.8216558506245295
RAD18,3.509106447942066
SLC25A38,1.503490731351807
MKS1,-1.440782220326328
SHPK,0.17591544688627583
ISY1,0.856380565650002
ATF6,1.2036091607790709
AQR,0.5626828946374898
THOC5,-0.4523134513632453
AEN,-0.5321143706731417
NEMP1,1.665810178854605
IWS1,1.1865080583314036
LEO1,-0.05248191434680148
RPUSD2,-0.7040287416987133
HLCS,-1.0187649812302604
TYSND1,-1.5771316317587882
COMTD1,-1.7708895107195748
CHAC1,-1.488050182755367
TRA2A,0.33292334429141546
B4GALT3,-0.7810718409961876
KASH5,-0.19738983346674646
SLC1A4,-0.07570977501798815
AMOT,-1.1585471331654884
PGS1,-1.4324581505769534
HDAC8,0.6798599097204888
PUS3,-0.8564870584083066
RIOX1,2.25986668005173
BTBD10,-1.0687526164710264
EXOC7,-0.3993468919965386
LARP4B,0.026309916119187104
SEC24D,-1.8899763697381142
CWF19L1,1.443021634974199
SCLY,-0.1597117762679185
THAP7,-1.445960333511579
ELOA,0.3113191920106995
SLC35C2,-0.1258161793134762
MIB2,-1.5381565143775207
YBX3,-0.07711714936100059
GATAD2A,1.66901929600697
BLM,-0.5920782955797107
ATF5,0.15169029319220168
GTF2A1,-1.2005107069924383
ADCK5,-0.23312403989039235
SRSF11,2.006550124936833
GEN1,-0.9475546482895292
NKIRAS2,-0.5807043958655475
JPT2,0.09781695962174923
DPH2,-1.2037065233045634
HINT3,2.801287834546494
SPC25,-1.3567360132591375
AHCTF1,0.4078544002597068
NDEL1,1.7057704763097343
NOMO3,1.2087287205290465
SLC43A3,0.022053595102901266
IPP,0.5559053994545676
VIPAS39,1.573117284883255
HAUS4,-0.8837483167593707
TOM1L2,0.4198409704500605
MCUR1,-0.48443870039761666
NENF,-1.4016623588634667
SFXN5,-0.5174060823183314
GTF3C1,-0.511860951750371
MID1IP1,-1.2111530021306578
SLC5A6,0.25797392384521844
FAM117B,1.2473087824696452
TRIB3,-1.1173983354602177
RBCK1,-1.672354492096284
FBH1,-0.5689513643156929
SMCHD1,0.33691692386823996
METTL14,1.0216628886591486
NCBP3,0.8418981191861886
FAM161A,0.8814720921689467
CDK2AP2,-1.260815933729131
FANCE,-0.19865517040416916
CCNF,-1.3394550200834299
NLRP13,-0.6515892899157547
UIMC1,0.8244842562436193
TMOD2,0.9167557798003199
INHBE,-0.43011074495261437
DDIT4,-0.7930765083697225
LIN28A,0.9660785119511757
ATF3,-1.4917476115927046
CLUAP1,0.050350898320959125
ANKRD49,2.069223661374186
JMJD6,-0.5359045024172896
ZSWIM8,-1.2021130914007636
MRGBP,-0.7710286839801631
FLG,1.098396012616866
NT5C3A,-1.2869510366595887
GDAP1,-0.436330203671819
ACOXL,-0.9308327866319264
ISG20L2,0.06378486283942297
AKAP8L,-0.5957432971365063
FBXO38,0.23287772568804752
NOL8,3.9865930697848158
KIF21A,-0.13515980185506876
WDR81,-0.29276358616961057
HJURP,-1.2013617387220152
GPATCH11,0.04190049350840399
LUC7L3,2.012664827104601
TP53BP1,1.3480133787197952
RBM14,0.6527107764031714
THAP11,1.5353520742477664
NELFB,0.18222457637829018
MEPCE,-0.7246778362983132
KNOP1,1.7010895984769885
AMOTL2,-1.4358343823572335
SLC28A3,1.0820194858068972
EMID1,3.2622836017555503
PAMR1,-0.5237777551618038
FSHR,-1.202371468951204
RNF39,-0.8879077846122518
FBXL7,-0.22089674255915145
PDZRN4,1.9515384541133187
COL5A3,-0.8886174271449467
MAGEA10,0.10163347895285717
FXYD3,-1.2805895794636373
BPIFA1,-1.465981086734409
NID2,1.5352069004417053
COL16A1,-0.28268661780662435
COL7A1,-1.5679865774502149
COL12A1,-0.14886509320809574
MMP1,-0.9505732802686298
LOXL1,0.12273710870755017
ELN,-1.3121323236278077
LOXL3,-0.8928431480957877
HSPG2,1.1685153462311086
MMP10,1.7083096680712573
MMP3,-0.8865906693546294
COL13A1,-0.21400549846616929
FBLN2,-0.7558697846381173
COL21A1,-1.1415003237440131
DDR2,0.9598489230826449
MMP11,0.14143246661268122
COL11A2,-0.29533529860031793
COL24A1,-0.3677627684481831
FBLN5,-1.0671931543738185
ADAM12,-1.6595413995568815
ADAMTS2,-0.43783160438400753
LOXL4,0.20894483938723857
COL22A1,0.675506664732559
HAPLN1,0.34584429933265176
COL23A1,-0.7510031955521475
P3H2,-0.7190937143106215
TINAG,-0.9101289065319805
COL28A1,-0.6634020015920549
COL19A1,0.41900203855885815
ANGPT2,0.1750052296550905
COCH,1.5531672917189605
FOXE3,-0.6020475568174386
SRPX2,-0.8394086446987786
ADAMTS7,-1.3551370394084572
MMP8,-0.9280892552020211
ADAMTS1,-1.461502576318626
MFAP2,1.3645865244149968
LAIR2,-1.5277891001622774
TFPI2,-0.4213532741781078
MMP15,0.2964382907696323
MMP19,-1.574597016372908
PCOLCE,1.0396622183280098
MMP13,0.03601702192546935
NALF1,2.3769982340513285
PLVAP,-1.5185245204263658
IGFBP3,-0.7088533261745299
MATN2,-0.9886227321267985
MXRA5,-1.548818277469041
CTHRC1,-0.6137804791879861
PGF,-0.13562964401590694
COL20A1,-0.052287734108035056
GP6,-0.5263048336707219
SDC2,0.9764834658002519
ADAMTSL4,-1.0902114060101828
IGFBP4,-1.6705378014086834
CLEC14A,-1.4798579252531072
ADAMTS9,-1.4382006081926202
MXRA8,-0.49093339888216425
THBD,-2.4593322858800803
MCAM,-0.5687563544485262
ECSCR,-0.8150975487881994
HMCN1,1.834854306891936
COL25A1,-0.739456408124892
CD248,-1.83464675607018
FOXC1,-0.10701475623893354
PODXL,1.0459089692790082
EDN1,-2.047184369705867
SNAI2,0.7664634817718249
SULF1,0.6299649188923123
KIRREL1,2.443869829474487
ANTXR1,-0.7027733611067358
DKK3,-0.08847162594056449
FKBP10,-1.4786658015472338
ECM1,1.3321135376560262
VEGFC,-1.0446164061210719
HAS2,0.22060626050938967
IGF2,-0.7628613129896852
SOX9,0.7712154008313947
AEBP1,-0.6419385624283478
SOX18,3.0893707556164527
DYSF,-0.2794579677862279
PDPN,-1.6477931899541054
STC1,-1.5583591442307405
NOX4,10.97626081077896
NOTCH4,-0.6365670216518738
VWA1,0.6012412410193133
SRPX,-1.5402839579195755
SPON2,-1.6729611365820893
FXYD5,-1.484095327095552
IGFBP2,-0.6973460560213489
JAM3,-1.300844172310455
FOXF2,1.184778928370616
ESM1,-1.0593242202766826
SYDE1,0.6081693418866616
SCARA3,2.1784266307252502
GPC3,2.0762823709238796
LRRC15,-0.26614849379006206
PTPRG,2.816806013173956
HSPB8,-1.2662607771868284
ADGRA2,-1.092114856850704
FBLIM1,-0.3106348140814348
SGCB,1.673063500271517
TMEM47,-1.1480560854765542
FNDC1,-0.8321288832984445
LRRC32,0.8912139269358894
SOX4,1.471451466154707
FOXF1,-0.7069352893962813
CAVIN3,-1.103311879805465
FAP,-0.3196611948580748
TNFRSF11B,-1.1774223348945774
MSX1,0.1938099838470528
NAV2,3.1482525837019444
ACKR3,-2.585423855671098
FST,-0.5534075426582714
GPC4,1.9114038503753163
ID4,2.237615672927867
MDK,1.1525762109466688
STARD13,0.584807193764925
PAPPA,2.045924932417711
GPR4,-2.048618095869034
LHFPL6,0.43812435694559837
SAA1,-2.3012653303223276
SAA2,-0.7180212078493838
COLEC12,-0.8857643061322369
TENT5A,-0.8607105848640171
ADAMTS8,-1.0769965072849121
COLQ,0.493053102534187
COL27A1,0.019951159525699463
CLPSL1,-0.17102936029802204
CCDC80,0.10417599365007198
ADAMTS15,-1.1826688478787453
COL26A1,2.0858341188111527
CELA2B,-1.7732564455658322
SPOCK1,-0.8189074548233043
MMP16,0.9826125081629242
ITLN2,-1.254231419746568
EMILIN2,-0.13922381657447716
LYG2,-1.3418703194099142
STBD1,-1.2464946528739316
HHIPL1,-0.8078399540721216
ROBO4,0.6379675023235137
FGL1,-2.0288529917169815
MATN3,-0.36999628664382733
CNNM2,1.5680952591166533
ATF7IP,0.8925305857634096
C1QTNF2,-0.553629472666484
NTN5,1.0378727302960105
EGFL7,1.628444269600212
PCDH12,1.3285878356144967
APOLD1,-0.602862645744306
LRRC17,-1.018804732662737
ITM2C,-0.14773226454179617
RASIP1,1.0986380341115392
TCF7L1,0.5981201432886418
GATA6,0.010819757765336205
WNT5B,-0.24604787834659086
PROCR,-0.6158383721855514
LIMS2,-0.38649969526138217
FZD8,-0.6444508644169862
ASAP3,-0.013312434390855785
ARAP3,-1.1015789999888514
APLNR,0.6330790599327822
DZIP1,0.48678517018426537
RAB20,0.34290094677525224
SPRY1,-0.8050224932200937
STC2,-0.46353383488918143
CLIP2,1.1643235631594262
VASN,-1.13564767759385
PALM2AKAP2,1.2953139884951583
TMEM25,-0.8731062817182057
IGFBP6,-0.6962532507237734
HTRA3,-1.2444419276176564
ZFHX3,2.12307279485414
BCAM,0.3184911860490372
DAZAP2,0.3511387500470516
TCF3,-0.37358996261067795
CHST3,1.50127538737214
CEMIP2,-0.8510169051937098
PRAF2,-0.5708199785242277
AKAP3,-0.8962330553887385
ADAM2,-2.0943302798358046
PRM1,-0.8345985120911511
SPA17,0.6540445476031409
ACRBP,-1.5714168707325995
TCP11,0.07343097362692597
NPAP1,1.3444752148345223
ODF1,-1.76992245125922
ZNF675,-0.8590719041249529
ELMOD1,-0.37713318444550387
PRM2,-1.2389638857889769
SPACA3,-1.4621692427050414
TEKT3,-1.4599125194945866
SLC24A3,1.0056807921131183
KLK3,-1.1190820718260388
TNP1,-0.8602526594390096
OAZ3,-1.2943750639017761
SMCP,-1.8598493145711543
ACTL7B,0.8837995602945136
DNAJC12,0.18344245747771076
TEKT1,-1.5338608687564261
SPACA4,-0.9400174576859636
SPMAP2,-1.017473792650602
CRISP2,-1.3960545607102888
SPESP1,-1.3257659871179128
DAZL,0.034596848957452436
YBX2,0.07884867871253502
SYCP1,-0.574337737904698
ROPN1L,-1.482868773710417
TDRD6,-0.47656466813320014
TLE3,-0.18657776907165566
CALR3,0.5722716950445946
MAGEC2,-1.6497949308549908
FATE1,0.43911054408188255
TEX15,1.628360163190294
ADAM18,-1.4246288194377044
TSSK2,-1.1644124787860197
FTHL17,-1.1438568832322014
ZAN,-1.2647701898080825
IREB2,0.3896719207341951
MAGEA4,-1.690319658245704
NXF2,-1.1984972880918832
CATSPER1,-1.2528191781526077
MORC1,0.28209638478701726
MAGEB1,-1.2166731965150681
PIP,-1.4001378907311224
GGT7,-0.647677120183652
PIWIL2,-0.6895996734165176
RNF17,-1.1862946526853584
DMRT1,-0.9438169949517764
CABS1,-0.8034122493999545
CFAP161,-0.03935117734621275
SPACA1,-1.341930223481608
ACP3,1.2588236001537758
SLC2A14,-0.6788105047176071
TMX4,1.480663776398243
TDRD1,-0.22699591484098058
C2orf50,0.03820923513653555
STARD6,-0.2643415366488874
TRIB2,1.3792270649285259
HBE1,0.38872643876424307
GAS8,-1.5507864443267338
CHST8,1.3429139030373627
DMPK,0.6026190506395946
TNNT2,1.3181080285004612
ATP2C2,-1.1660917167688138
ATP13A4,-0.7729976368605241
ATP13A5,0.24286206026315338
CLCN1,1.7183705483600307
ATP9A,-0.22071266600496756
SH2B1,0.831347378731853
TNNC1,-0.45879639691219526
TNNC2,-0.5735115399303515
MBNL2,2.65751265133084
CELF1,1.8248046949585122
ATP9B,-0.8578858283318843
ATP11A,-0.3637085637445466
ATP11C,-0.46867162680574354
ATP11B,-0.6275758862243161
ATP10B,-1.3811190374584896
ATP8B3,-0.7281252567414851
ATP10A,-0.7156737594901407
ATP10D,-0.10519076391713365
ATP8B2,-1.1819248066805916
NFATC2IP,0.34577298306612086
MYOT,-0.6043104174823996
SGCG,2.1555903207332787
GRTP1,-0.9520287763776684
SRPK3,0.23756297546973318
CHRNG,-0.3814063355865458
B4GALNT3,-0.6228478287916722
TLCD1,0.21625508240974436
RABEP2,-0.7896887068273557
GCNT2,-0.5421355235032314
SLC10A7,1.2173880041672225
KLHL40,-0.7756789554376815
MYF6,0.4263084043227349
TRDN,0.9564898572527945
LRRCC1,-1.3143336837388926
TMEM143,-0.4477037317566204
RSPH6A,-0.8832286191749049
PEX10,-1.611479064839773
ST6GAL1,-0.12206020892797012
FAR2,0.7642827334726587
CHRNE,0.3486315696911254
TMEM18,2.062726547214182
RNF167,-0.9411119630843112
ALG10,0.39553441901435693
ATP13A3,1.6945544766291545
NAT14,1.2610461893461284
CLDND1,-0.14450254927831846
GPAT3,-0.19461623973908768
PEX16,-1.2954675090711056
UNC45B,-0.7185392099134094
MYOG,-0.015617737769361296
DUSP7,0.6523400651525963
ABCA4,1.062569205948502
CST6,1.3494057202977416
ENTPD2,-0.15872904689775263
ABCA12,-1.507892765954318
THRA,0.45436553427594695
HRC,-0.5572671174427384
ATP6V0A2,-0.15760021498237572
PIGS,-0.31184367687932907
THADA,-0.9715177506186148
TECRL,0.23472215486720457
TPCN1,-0.9551520011733959
MINDY1,-1.287792547074616
KLHL41,-0.7576847510072007
WDR7,-0.06475181104688624
SLC9A8,1.3351325908409404
GJA5,-0.2135212409331117
MYOD1,-0.007586773403091618
MB,0.3314785954388511
OBSCN,1.4727343384295464
PHF7,-0.8533367084031641
SETDB1,1.418340231764266
MYL4,0.44871302602570784
TBX6,0.021399979968088782
CHRNB1,-0.22830859416021337
TMOD1,0.3929666073846838
CDH15,3.561547664017435
EYA1,1.0138391108705649
SYNPO2L,0.5834596485958172
ALS2CL,-1.1219884466587853
KRT13,-2.250676530100287
TFAP2B,1.5990100902127586
HSPB7,-0.14010659422734625
CACNA1I,1.107535872528376
DIO2,-1.3783324645345052
LIM2,-0.5357938393004712
KRT24,-1.6768444205654431
SLC9A2,1.6329534485719583
TULP3,-0.13295338864411552
LGR4,0.5561456166259569
BTN1A1,7.771167566204224
KRT2,-0.618607473422665
KRT4,-2.4600524850447254
KRT75,-1.9026008751499608
CPNE7,-0.32697602619556243
TPTE,-1.017766847467291
ATP8A1,-0.5294683729381301
ATP8B1,-1.628357163714264
ATP8B4,-0.3849443467376242
TBX5,1.5309865693182767
PDZD11,1.6134733890331499
MYBPC3,9.737237966178023
TRAM2,0.22052145026326814
MESP1,1.2885137769187438
TMTC2,0.6614134573045648
KCNQ1,-1.1998640205057003
IRX4,-0.4638670032033532
MYOCD,0.9293768178824534
PPEF2,-0.5533506209524587
ASB17,-0.7405325084528814
ASB5,-1.0092846232910546
ABCA3,-1.1784082100304218
SLC35G1,0.42583605760570153
MYOM2,1.9837125478294757
ASB1,-0.8103938276285775
ELP4,4.0331641575794155
TRPC1,-0.2781686934065917
RIC3,0.5940594370597448
TRIM13,-1.316648484631207
KRT19,-1.8014920411944308
NHSL1,0.051545181088125294
THRB,1.19028792983881
SLC12A4,1.1585397302195266
MICAL3,0.08631823069582976
TAP1,1.4322151912066683
TMEM63B,0.928015236543893
SHCBP1,-1.0848520604258585
CLN5,0.8556830975484266
AP1G2,-0.04008956313371553
VPS54,0.7818500958038941
SUCO,0.09024851695026588
RIC1,2.177816302556007
GRAMD1A,-0.4646999191955291
SPRTN,-0.39238654344386426
TRAPPC8,0.08506116377876835
PKD2,-0.9797770794795918
VPS52,-0.19275434971542543
EPN2,0.07499224605053252
SELENOI,-0.20491460378079993
SLC12A6,0.3159479486792515
TAPT1,-1.3450020575640604
URB2,0.4959287317083514
EMC10,-0.5860075742913693
RBM26,2.653920906752443
SLC12A7,1.6434766062513622
ZMIZ1,0.5899260723128263
DOCK10,-0.19619376407980496
TRPV2,-0.6528981963939992
OSBP,0.44979538704307387
TBC1D22A,-0.6160837992161282
LMBRD2,-0.9760850303921355
AP4E1,-0.14530520020798374
RFT1,0.10806694706465632
PIGG,0.36616275753780364
NBEA,2.1030374088600037
PANX1,-1.4380383960084777
EMC3,0.8221516030591799
ZDHHC20,1.6234032638536215
EHD3,-0.23273999408934673
SLC35A3,0.3772296690255134
HEATR6,-0.4600899985900796
CCAR1,1.3766059708942242
COG6,-0.8828640227614811
MAN1A2,1.5666003191665319
RTF1,0.08369248426358565
TBC1D22B,0.0194829454982147
COG7,0.23162121531402663
TARBP1,-1.0152325830295788
CYTH1,-1.151315475428423
CHD1,-0.13291474326104796
FAM91A1,1.7107161775026831
COG1,0.31151756281004206
RINT1,-0.6526280201141359
CWF19L2,2.539377240204417
SKIC2,0.07479265465161365
XPO7,1.6786709078968691
ZBED4,0.3364808047612003
TM9SF4,0.3126811178649994
CNOT6L,-0.8646501085428121
ANO6,-0.08524241761171239
FSD2,1.5314821824240832
ZW10,0.0254433204663293
SLC16A10,0.09520702974669443
COG3,0.2695786301067477
CNOT10,-0.5222525316080715
SBNO2,-1.2903560658492548
PIEZO2,0.033364630183920004
LTN1,2.283665739474634
VKORC1L1,0.8213883841982415
MGAT2,0.9922505538302872
WDR11,0.19406755188132768
PLPP2,0.31945566467080544
MBTPS1,-0.1422985559001004
ABCD4,0.22711092939708838
PTDSS2,-0.1464467550733438
CDC40,0.9184880544461996
SLC30A5,1.5496016160745791
TMEM38A,0.030420852815534007
RGP1,0.7270592877088523
ABHD3,-0.9342204684320087
TMEM38B,-0.41446941462955783
CDH3,2.2204631365269414
MED23,1.6528610946762925
GNG10,2.3392743612648528
RPP38,0.35328050312270926
TMED5,-0.5036928126417666
CEP55,-1.33570379314212
BLTP2,0.05644357548118299
STX16,3.172934624559486
SLC30A7,0.7776596172521199
IPO11,0.9301894205813684
SACS,0.41400627434141285
SLC30A1,0.05991404364979886
SBNO1,3.1498491147795864
TRPM7,-0.19917661305983533
MLLT1,0.3440044110427425
DSC2,-0.13865615627690359
UBAC2,-1.48045000586638
CPT1C,0.7348492714664814
WFS1,-0.8295029332850734
NFE2L1,-0.9223215566719425
XBP1,-1.393804379472772
CAND2,-0.9044637162086778
WDR48,-0.81002623102772
RELCH,0.027151088584449017
ABHD2,1.2552404112056512
NUS1,0.7735794283819355
INSIG1,1.1945555154849579
ABHD1,-1.1169595355130828
PRPF39,2.734413875638557
MOSPD2,0.37602453910066697
ANO5,-0.5600094859234617
BAZ1B,1.45569696896453
SMPD4,-1.3488046637664879
REEP2,2.041818007450402
TMEM259,-1.237200441545258
UBIAD1,-0.6093969940345861
PLEKHA1,1.4691251742962623
TCTN2,-0.38915928992265714
OSBPL11,-0.06435573992090184
RBBP5,0.770220816711156
TMEM245,1.1491531321506299
ANKLE2,-1.0339105341085826
NUP98,0.6189219168996043
NFRKB,-0.6945166898016186
TMCO3,-0.027062380610923545
SLC6A8,0.14669861112145652
DESI2,-0.6095784663524239
RAB2B,0.9493768011283482
MACO1,0.2576803779590814
TRAPPC2,1.7092979730797286
SLC39A7,-1.538992457821211
ORAI1,-0.34045898577340244
TRIM37,-1.389480062025156
TBX2,-0.9860512329037379
CLN6,-0.17385951542561073
AMFR,-1.4364452681808757
FAM20C,-1.2952194426971422
RYBP,0.8493321025516596
LRRC31,-0.45014434537985365
SON,1.322753310861517
COX1,-1.281737910246513
RCN3,0.7544460056388465
EIF2AK3,0.7307312267316497
RHOF,-0.7799379001210056
SARAF,-0.9280037204199011
ORMDL3,0.9744851285501291
ESRRB,0.6526891243975957
ZCCHC8,0.9822845965784158
ATXN1,2.0421110736864883
GGA3,-0.9874931803470052
MSL1,1.1961670832918982
RIOK3,0.4228390191051116
MED13,1.7572450263271873
TRADD,-1.893220169045702
ESCO1,-0.7564728346661943
FBXO21,-1.4747327300107096
ZNF106,1.3840307599561739
ORMDL1,-1.5996487695682005
ZFP91,0.7840079897068926
CNNM4,1.9784983196523174
ACOT1,-0.25002474335897906
AKAP8,0.47492427103011875
PLCD3,1.9918156246122427
STEAP3,-0.1428011590775096
OSBPL10,0.6718495471657661
KRT9,-1.2795912149103017
HELZ2,-0.4431358847933837
SLC35E1,-1.009231919377483
RABL3,-0.6121602142966155
SPEN,1.7092562795451827
RCOR1,1.6006809761751224
MED17,0.1347258258072797
AKAP17A,-0.24462933422750816
VANGL1,-0.4792105283937246
POM121,-0.5267649071347049
POM121C,-0.3122608803556282
DPY19L1,-0.26262265314734806
KCTD5,-0.6181556523557652
TNFAIP1,-0.22403425585711761
ADNP,3.040628444428404
IDNK,-0.9879181895139676
RPEL1,-1.2120359847640108
GJB1,0.4194468329749107
CCDC17,-0.5222029684811986
PGLYRP3,-0.8853278814772978
ZNF296,-0.6303376677830137
SMPX,-0.5237411086856498
MPND,-0.8387279192277699
WHRN,-1.120137463223388
DTWD2,-0.868430295837732
C8orf48,-0.28814925660829943
TEN1,-0.4607036791440288
IQCF2,-0.9099137489879822
ZNF57,-0.45602879356232134
OTOA,-0.15780561216090913
RAI2,-0.5382225707094639
PJVK,-1.0142794064155916
ZNF366,0.4333383044536181
CITED2,-0.07982216501251917
ESPN,-1.0783426928662274
ELF2,0.8000904079185556
ZSCAN9,6.008265260677691
MLC1,-0.3838983408117874
AQP12B,-1.226394515561616
FEZ2,0.7168051736823987
ZNF829,-1.0766728077294063
ZXDC,1.188299029787561
PHETA1,0.7239423504321061
THTPA,-0.2509163472712557
FBXO31,-1.532320285151685
ZNF497,-0.3606448393733832
METTL27,0.3727331157758447
CRLF3,0.10644846833047898
ZNHIT2,0.3506787815575406
PDRG1,0.46192829147008874
POC5,-1.4539449118794154
SRFBP1,-0.5090780943906018
PIGA,-0.32577812556859215
DHDDS,-1.234834664505798
LTV1,-0.6355698786586433
POLR1F,0.3321926042932178
CDK5RAP2,-0.9014746001612111
POLR3E,-0.20824943591430198
DHX33,0.6363812000674274
TBC1D15,-0.8127267775479036
TXLNG,-0.8376767509988441
TRUB1,0.861509007732112
CCNE2,-0.7770773301812598
DUSP28,-0.4718526770534591
CTU1,-0.9414519205808952
ZNF280C,0.049473244858366204
WEE1,-0.6889146235098408
OSGEPL1,0.7065927941300748
TCTN1,-1.2629152162113113
TRMU,-0.9921468968090675
RPUSD1,-0.1359444503975338
STIL,-1.3709224096632229
PGGT1B,-0.833979814117362
ASB3,-0.7828448875797949
IP6K1,1.955572391938115
ZC3HAV1L,-0.15945206013469876
NUP35,-0.7375406212307583
HELQ,-0.20586747950203604
RADX,-0.9761024020233734
MRTFA,1.7228463771662044
MAGEE1,0.3481743476154165
PHF6,0.4437909366523016
CT47A1,-0.5153870739221226
NUDCD2,-0.6471202462722262
EOLA2,0.6036258579454477
CDC42SE2,-0.5845403769672045
RCL1,-0.34896091952505986
MIS18A,-1.214254767131743
MTMR14,0.4322805616643835
GLMN,0.6493343516910738
OIP5,-1.2816395116555146
XPO4,-1.3120956839047404
SELENOF,0.039885712196801065
LIG3,-0.18439953308072218
HAUS1,-1.3178739065997915
MPHOSPH9,0.3616064317194274
CEP85,-0.8366278070160068
ARHGEF37,-0.012129390163699955
FAM216A,-1.1888729185096918
PUS7L,-0.7196802535707029
IRF6,0.10740736123244067
CEP112,2.4107267378985386
HROB,-1.2095081684249884
ANKRD18A,-0.6969569178082081
EML1,-0.4402925408046319
CABLES1,0.4990126865949139
FIRRM,-1.1628249928151726
KIZ,0.6400814722710181
ADNP2,1.4994693076208718
INPP5A,1.1855934015950442
TASOR,1.016636821618194
ASXL1,4.315374434660149
SH2B2,-0.27088200868718226
ZNHIT6,0.3119379470840187
NKAP,1.1180632028369313
MAP7D3,0.7848462741604912
GDAP2,-0.5814957239866569
GAN,2.047883375838611
NOTCH2NLC,0.3737825829698705
CBY1,0.6887803236445835
TAF11,-0.9257822195210541
CTU2,-1.4254725786019344
NUP54,-0.467197660953018
METTL18,1.3372054236816886
ARHGAP19,0.8007210137437698
NXT2,-0.047047273531438234
MANEA,9.419676409341744
ALG13,-0.006757116464696232
RMC1,-0.98569202059815
SPANXN4,-1.2292704483103245
SMYD2,-0.49306766594817936
ATE1,-0.5227901558811842
THUMPD1,-0.6294920984206921
NEIL3,-0.7550101081081743
SLC25A43,-1.1552181824771857
ARMC9,0.24928843988285057
NUCKS1,0.012614267689933819
PMS1,-0.4359729390557453
TUBD1,-1.546735877273099
ZZZ3,0.7734126015981445
PIGX,-0.9005945950202091
WRN,0.9095842027090372
AMMECR1,-0.570730767652613
NOTCH2NLA,-0.10980638690864074
HMGN3,1.5642467086540985
KL,-0.5212670677126716
CHST4,-0.8244278236914724
CDX2,-0.17383496101476034
CHST7,0.8337672760722972
SLCO4A1,-1.0782291118816043
SLC28A2,-0.8245416136581399
SLCO3A1,-1.809587802845925
PSCA,0.021410034910925618
MLXIPL,0.9664950581244642
STRADB,-0.6498064488430357
DCLRE1C,-0.3355143700546781
CFAP91,2.0244042597307192
RFESD,-0.3104152583133841
EBLN2,0.7703971427262497
CIDEA,-1.318845987610454
MST1R,0.21792597660241325
HHIP,-0.5674332663567622
GAL3ST2,0.8283970133269984
RAB7B,0.32739983860652033
ALX4,-0.33768060789970145
SLC9A5,1.4934832273451975
CEP68,-0.9915469090308099
VWA5A,-0.03424400231912726
MDP1,-0.9635997228306427
GNG11,-1.2201225667318036
GNB5,-0.4152440087454519
GNG13,-1.4750062320307293
GNGT2,-0.09878155097060183
GNGT1,-1.9909065685382588
GNG8,0.6448203885862195
GNG7,-1.599712902180062
FOXO4,0.08124179959623017
TBC1D1,0.09553594992216838
CRY1,-1.5644129166487506
CRY2,-1.1383093498927783
AKT1S1,1.219373763929039
TRIM11,1.2649443255644381
PLP2,-0.8388893104015778
PPP1R3D,-0.7980767264370028
ENTR1,-1.1645100352080964
CASP9,0.25113359680792446
BBC3,0.10784223594194818
GADD45A,-1.4754420410764546
ZSCAN32,3.1036605636505743
DSC1,-1.329818241994333
CASP14,0.5008192625231604
KLF15,-0.05264482616506942
CDX4,-0.20119725888770545
CCDC33,-1.5291901542624076
BLZF1,0.3866886438846689
IHO1,0.18481896845104373
MDFI,0.9638756776219358
BEND5,0.359565684994033
SPRY2,10.003627039307913
RIMBP3,-0.5262647344124363
STX19,-0.8322099414991132
UBXN11,-0.9921378579156468
GJA8,-0.005889063953706631
BCL9,0.11095853046635445
EPM2A,-0.6307676135136102
PRDM14,3.6983444171344653
TASOR2,2.5015339393943745
NBPF10,-0.5411811124958931
ZNF236,-0.24142560544355934
GRAPL,0.11040856490182109
PRH2,-1.3474560750644191
KRTAP1-3,-2.3714808177781763
KRTAP9-2,-1.4975813318345
C2orf42,2.8080371341179866
STX11,0.10400695010041086
MAJIN,-0.36004065682475483
DDIT4L,-0.011578590237730077
GCSAML,-0.9314539713172731
IRAK1BP1,-0.5714147916340614
PPARGC1B,0.828067068428037
NHLRC4,0.31717891130018033
ZNF177,-0.6571099474093189
AUNIP,-1.342494511584971
RPH3AL,1.7262798950132139
KRBOX4,2.158762478649534
ZNF474,1.2909950982334542
CCDC28B,-0.7979407847172062
ZFP90,0.48430859836439594
KRTAP9-4,-0.8939950849253151
TCF19,-1.4425283724657687
TGM7,-1.152828813664626
SERTAD2,0.6989885903188247
BMP8A,-0.128597135410612
TRAK2,-0.11493892995148218
NET1,0.4562060975342473
KMT2D,1.6604053598340742
YY1AP1,0.12273035247549983
NR1D2,0.6077672447438642
SAMD4A,0.3247549260009983
TLE5,-0.5902549796265208
KHDC4,0.23358051576864566
PROKR1,-2.0610772714808387
NCCRP1,2.0921126016688736
SERPINA12,1.4710099959140646
TRIM35,-0.06546363351526449
TRIM10,1.971555791877939
REL,-0.4692055653703404
TCF4,9.369970587028497
CALCOCO2,-1.1813659637922727
KRT40,-0.6967900398424022
KRTAP4-2,-2.029061040751939
KRTAP10-11,-1.067623194714817
KRTAP10-8,-1.8108314325655306
KRTAP10-5,-0.5876197547067035
KRTAP10-3,-0.12430143637235605
ELL2,-0.18812379971100235
CCL24,-2.5645208639343196
CXCL2,-2.8600656974766125
CCL7,-2.984846836465302
EHF,-0.3749859317391718
VWA3B,-0.1603259379914346
SAMD12,-0.08592821600123204
PGLYRP1,-0.5490719779286715
CCL11,-3.0067619713557034
NLRP3,-1.4307128699829956
AMDHD1,-0.792192680067234
DEFA4,-0.8159420986784608
ALOX15,-1.2375984848536563
SLFN12L,-0.6325133945503868
USP53,-0.9036798683300659
UBE2J2,-0.8723395711248069
CFAP298,-0.9856762831387452
RETNLB,-0.7922015909634312
TSPAN6,-1.0176604874218789
GALNT9,-0.658237822588472
MREG,-0.6356689158104364
THAP4,-0.8899592429929076
KDM4A,0.35403052082804765
FCF1,12.06914285611323
CD200R1,-1.2284671917337762
SUV39H2,-0.06976968732331135
RIPPLY3,-0.7235974246329837
NOXRED1,-0.7839637235939897
CRISP3,-0.4773068464108263
HP,-0.8838601610273504
S100P,-0.7624831922932119
SERPINB12,-1.063237428871225
OLFM4,8.481196521878363
BPI,-1.6767528451449398
IYD,-1.430749490638503
CTSG,-1.6960211065864423
CAMP,-0.5312013135127271
PADI4,-1.5769951956420993
FPR2,-0.18428863229448453
MBP,1.1267471120736166
DCD,-1.4857478674516231
RHBG,0.21947927116471835
CEBPE,-0.5382166223864476
SLPI,-2.3506149200337765
CSTA,-2.326339004004324
RHAG,-0.803576638332224
F5,-1.5146498614446637
MUC5AC,-2.069804877377319
CLEC1B,-1.4606957110891354
HPR,-1.7203100195072105
STAB2,-1.335042575733926
ULBP1,2.0329688229945377
SPRR1B,-1.9471351357269413
TYR,11.948737876747735
PM20D1,-1.2320742561546456
RHD,-0.5509076056851229
SPICE1,0.6146594151479892
TCN1,-0.8218070445970058
GYPA,-0.20778395765687852
TANK,-2.013863244550538
CPB2,-0.27700465096926
IL1RAPL2,0.03834185482343847
SIGLEC6,-1.3949095496517034
HBZ,-0.8059258674735817
PAX8,-0.3099465221860034
GHRH,-0.634514301119537
DDX59,0.17982604970368973
DHX34,0.3464837663023904
MATN4,2.0921143328418843
PPP1R3C,-0.9919976593706704
FOXD4L6,0.7678485311855524
ING2,-1.2168466986059379
PDE7B,-0.29240977006729657
BCL6,-0.5350441328221441
SLC5A3,-1.8332392495792624
TPD52L1,-0.6586881456822703
FOSL1,-0.22057754907105795
RTL9,-0.35217858331420054
SUSD2,-0.6930366162349694
ARL10,-1.0906415467585784
NLGN2,1.6827845805937414
SLC47A2,-0.5676923781469871
RBFA,-0.6202262739857989
DHX32,-1.137821727776885
SNX11,-0.49723833278520485
ELK4,0.07243812079028629
MPV17L2,-0.9493917749301523
NUP42,-0.46562879470663665
TMED1,-0.8360763015314029
QTRT2,-1.24685382724839
CDC14B,1.3256398908819214
QNG1,-0.477314983030515
INTS14,-0.7063860714275527
UBL7,0.82566653072559
MTRFR,-1.5094542134945466
RMND5B,2.211679728427016
KLHDC2,-0.38429529986511723
URB1,0.32102006779938513
BUD13,1.6638803970046352
COMMD5,-1.1631949959595724
CYTB,-1.5898309437580307
RBMS2,2.1935553570305606
MTERF2,2.4795006448208565
LIN28B,10.856178447754234
MSLN,-0.7857648374285429
MAD2L1BP,-0.11802829166299053
NELFE,-0.9900538712739407
TMTC3,0.13159903202182552
NFXL1,-0.009325198925515001
OXNAD1,-0.678595577939503
ZNF644,2.2781819311981373
RIOX2,0.1392695261028042
SDR39U1,1.3180065714140607
KIFBP,0.2785316953639975
YBEY,-1.0319510880463607
PYURF,-1.1674591639337832
ZNF483,3.128301671286476
ZNF830,0.33900013713372723
MLX,0.5525423711318054
RRP8,0.48141176812504877
ZZEF1,-0.7494768244499612
TTC31,0.5374715513996127
FAM9B,-0.8707115053279517
ZNF317,-0.1456554285920483
DHX40,0.47564859908181667
AMY2A,-0.82435381062088
BCL2L12,-0.4390321166009058
GP2,0.3196048346441804
DUSP4,0.5997367213356488
LCT,0.4622535996133829
MGAM2,-1.1952303600361094
GYG2,-1.2201539646930029
CPA1,-1.4456335090405446
PCDHB10,2.19415315037223
ASGR1,-1.3230697667351234
SLC51A,-0.23157825730232431
SLC51B,0.36046117155223995
FGF19,-0.682290909517458
CLCA2,-0.013820268531319065
SLC5A1,0.2623397702031802
TACSTD2,-0.6397571196244439
ROS1,0.4243979434559716
B3GALT1,-0.5820832963774409
TMEM127,0.04560360522421518
OR7A10,-1.4015459081825006
CCDC62,0.48022064018345995
HOXB3,0.5882758984253093
H2BC7,-1.5093370827997492
RTP4,0.5388897874780375
NMNAT1,0.312139029927436
USF3,-0.3259848310354447
ABCA10,-0.9897572866337169
PDZRN3,-0.40783389358679034
DGKG,1.2911703100169265
UBXN10,-0.7959411046794808
WBP2,-0.7308453818324616
AFG1L,-0.6823849133588291
PTPN3,-0.17093501975030242
NDFIP2,0.0851702082927509
AIFM3,-1.3980665677874482
SLC25A36,-1.1711350151040152
SLC25A33,-1.9577606405725998
ADPRM,0.18649841467201644
GFOD2,-0.9876447425681061
POLL,-0.8364731122047907
NUDT12,-1.3815234857482541
SLC25A40,-0.8276696600272695
SH3YL1,-0.9664952196781635
TTC7B,-0.9620540236428525
SPSB3,-0.3211211436991297
DIS3L2,2.6595799662568185
XPC,-0.08527429301002297
SETD3,0.4226174421847603
PYROXD1,3.5355243642531047
MIGA2,-0.2960858944471536
CCS,10.482522254359088
PPP1R21,-1.0030987329483527
GFOD1,-1.1246228207733642
PEX14,-1.1297523003607643
ZCCHC9,0.5552974597153713
BRD8,0.8706139195376962
NRDE2,0.3799214585989946
APPL2,-0.01717746680536991
SECISBP2,-0.32075250372964054
MUTYH,-0.8866954271032795
SYNE1,2.735759709962129
DDB2,-0.633604096401058
CEPT1,-0.559347706949618
SLC25A44,1.4817089368057226
C8orf82,-1.2822315813885237
CYB5R4,-0.18505257875279257
WASHC2C,-0.613164193966925
TENT4A,0.22755179866891115
MTA3,0.3738516547613039
TBC1D17,-0.14648652252423103
TENT4B,-0.024327010385904624
PBRM1,0.7050175974415065
ATP8,-1.1288397343438845
HSDL1,-0.7819101474241855
INTS10,-0.5327591106895727
TRIR,-1.1702981098757312
TAF1C,-0.39366547681838737
TRIM4,-0.774779247881079
LRRC14B,0.5796972170591462
IFT46,-1.2625237768588562
BPNT1,-0.6196461000153555
DMC1,-0.7888118801907675
NAALADL2,2.613264621841143
CCDC127,-0.8786504355921971
SMIM12,-1.4565349684852191
CNOT11,-1.1352344499009621
NR3C2,1.338424890734578
TMEM67,9.237040525201657
RPGRIP1L,-0.6610292267194847
CEP72,-0.3350085466777372
PRCC,-0.37784530370842573
PAPLN,-0.20529163750799362
RSAD1,-0.2864546070163737
LYRM9,-0.46515451680853565
HAGHL,-0.8938991324221459
PTPDC1,0.5863530826353046
MPC1L,0.8616645434777839
GTF2H2,-1.2618472563651593
PI3,0.19095772302296074
KRT36,-2.0368091523220486
PITHD1,0.6158391141778766
SLC25A37,-0.9062312882615556
CCDC12,0.5380009285297894
ETFRF1,-0.08785200050647596
IPO13,-0.6583677858667089
RNASEH2B,-0.431251131838058
PAIP2,0.8652530597280761
CERS5,-0.10696031835242283
PRADC1,0.04526938292622963
BRI3BP,-1.3489072948075278
KRT6A,-1.745093331529712
NRM,-0.9748943486831952
PHRF1,-0.5206078155121072
POFUT2,-0.8226896549890377
REEP6,-1.2032587221321343
POLB,-0.30412749611419126
NUDT7,-0.8530775818834458
SLC39A8,0.4799617781133642
STX17,0.2936282592713726
TXNDC16,-0.6981016133052543
RO60,-0.20482405421942043
BTBD9,2.734007996864425
NKAPD1,0.9244038291731919
ZFP69B,1.914587439105977
ART5,-0.393566680956479
EVPL,0.5344652348023852
S100A7A,-1.6863197638116048
A2ML1,0.6522304154465057
PPL,2.483884939586985
SLC26A2,0.1841621314499487
SLC26A1,0.28312151089302595
SLC35B3,-0.3752046839428555
SLC35B2,1.3173063382426893
TBX18,0.12978449178025978
SPANXB1,-1.0228639058186206
CHST14,0.9974914546158372
CHST12,0.6671721624097864
RNF115,-1.187774006772451
TGDS,0.0422685980960557
HSF2BP,0.8927754709864063
DSE,2.352608264016893
CEP19,-0.8049000418726556
GLT8D2,0.789816956275967
GTF3C4,1.4733058411932936
AGGF1,0.04763163537058867
KIAA1549,-0.5636933197209764
ESRP1,1.1667276942297586
TRIM24,0.34087242973303045
GNL1,-0.7681083960578443
GALNT3,-1.5024148265478712
CCDC116,-0.4204924254062026
ODAPH,0.23579323427027
MCRIP2,-1.1566226851006662
FAM24B,-0.5353402807967449
WDCP,0.6436292089490961
TMEM132A,1.2308332580588484
ERRFI1,-0.08315390207709358
TPST1,1.3823312002752328
FANCG,-0.5364714379944256
RTEL1,-1.3920768656198466
HS2ST1,1.9055577622390623
NDST1,1.8347672890735747
FAM8A1,0.14741194906973684
BEX4,-0.6309200188858107
TTC9C,3.0459998306920717
TTC3,-0.05951479344672644
FTO,1.083117719683682
GOLGA5,-0.6177504132612819
THRSP,-1.092885298526087
ZNF585B,0.9814698324062839
ZNF501,9.3342693074451
SLC27A6,0.3856119505877478
ATPSCKMT,-0.7917217753943311
ZDHHC16,1.9563532984661445
RETN,-1.9758221328387409
CAPN10,-0.9867723613013792
MYEOV,-0.5863729920880594
ANGPTL7,-0.9214732665117431
DCUN1D4,1.755016705933696
MOGAT2,0.08349196676727853
CST5,0.5748478239058158
ZMYM5,1.555030118323916
ELOVL3,-0.13427545442401012
PLIN5,-0.60723017480136
DUSP15,-0.35559677576723986
NHLRC1,-0.33063662348859113
MXD3,-0.8246339379306666
CTCFL,0.22232355342277638
MOGAT1,0.6680752114942423
CDHR5,-0.06521394590628203
CIB3,-0.1875924098322993
TSC22D3,-1.7009590974032098
CIMIP1,-1.2278763865352254
TRIM8,-1.4511990449365595
FOXO6,-0.5565366796968969
RXRG,1.1670219803349218
IGFBP1,-0.7730171146921252
IRS4,-0.31292150414328695
WNT10B,-0.8207237425368945
GNA12,0.8186475816255849
BPIFB1,0.731634639035165
MUC5B,-0.9485067332609611
LACRT,-1.1043118525372553
RCOR3,0.6100072163240173
BBS1,0.2550573052503844
BBS9,-0.5100083970214679
SIDT2,-0.6754688187584466
SLC22A18,-1.098871689258911
INPP5K,0.8642897326897337
LAD1,-0.3942782628904973
DUSP9,0.32642818360381404
PASK,3.7025545561146087
DNAJC1,-1.3420417591059821
TEX9,-0.6780897371067449
ANKRD52,-0.6873696712366584
SLC22A9,0.9434999530371037
PLGLB1,-0.6944441284889012
GSTT2,-1.1600712728839804
MAMDC4,1.3042267053044738
TLL2,0.2695721398358401
PRPH2,0.696868206721831
FUT4,-0.8742723555396257
PRRG4,0.1462147099104115
CLDN9,-0.3461453198459359
ERF,0.8218942673015979
FNDC9,-0.17854632802646586
GANC,0.04104002100903172
REN,0.621758477889831
MEP1A,-1.2822579052536984
NTS,0.4010004692938962
F8,-0.26013968811066657
MOS,-0.45868183852888855
LTK,0.33157510178143457
TEC,-0.3208140574741292
LALBA,1.2307770560807678
LCTL,-0.5156819277604602
SCT,-1.3475700253813838
PTH,-0.9846333055303074
CDX1,0.3916731057134494
GIP,-1.830049691141555
VIT,-0.3737324800598085
CLCA1,-0.5311590305214408
BTNL3,1.9051916012281402
REG1B,-0.37640812839525334
CLRN3,-0.6473917675502594
KRT20,-0.2651242666556233
TAS1R2,-1.1715244611777342
ENPP7,-0.9674452078899904
PGGHG,-1.158681380916772
SLC5A9,-1.4511376064418284
SLC5A10,-0.052344993162721815
HS3ST1,1.773983527457806
GPR42,-0.938758163868514
CCM2L,-0.17762582831232834
AP5B1,-0.45783696141781943
ULK3,0.2562450622202656
HUNK,1.039511295575339
MAP3K9,0.006639251550135436
C20orf96,-0.2729899357034203
MAP3K12,0.08283758258445198
CDC42BPG,-0.05195195299490743
TTLL1,2.053396127286944
EPHA6,2.5460288026429607
RPS6KA4,2.004204781313281
SPEG,2.301512914374772
PALD1,0.21171967257731628
SPRYD7,-0.06435732412608232
LIPH,1.1171974882075537
ZSCAN1,1.9411070445119813
NAA11,-1.3407033098716596
NFIX,1.6571044154598416
ZNF397,3.350834130590187
EPB41L4B,1.9589690187395579
SEMA4G,1.2871396287918677
KRT86,-1.5365551741422976
MEF2B,1.229600962443214
KCNK3,-0.5571363345219486
RAB9B,0.8884813900577837
RAB11FIP3,-0.3608565551604324
GRIP1,1.0707980878551593
H3C6,-0.6828403187083162
SLC45A1,2.4214626677550504
GNAL,-2.048630845290569
KCNK13,-0.7531079055460467
ADARB1,-0.16506805657050622
SCN3A,0.7944121506278932
KCNAB3,0.0020914010498035342
GRK2,-1.8757616777417023
KCNIP4,1.9734175584487208
KRTAP19-5,-1.0742431365762592
TBL1X,-0.3132370368252782
EFCAB6,-0.9376876695700318
IL1RAPL1,1.8270370772784907
SCAMP5,1.2144593906481427
PURG,1.2223332049085915
CNGB1,0.9410363268379668
ARVCF,0.5593332385943124
GUCA1B,0.662468273300966
CLXN,-0.49481660822845064
MGAT5B,1.1353924905260144
RETREG1,-1.0511176745834927
MYL10,1.087017419678729
PHF24,0.8975563920450899
NEURL1B,-0.6630442019738986
CIB2,-1.1496852887012157
CHP2,-0.6165375302504741
SUSD4,4.117172521633861
STUM,0.13326090944354532
CELSR3,1.1794625820071147
IQSEC3,2.059119081990786
NGB,0.7447773001501106
PIP5K1B,2.610572140486768
RGS14,-1.3071495651178802
CALY,0.5747508710440478
PPFIA3,1.5031652835019937
NRCAM,3.4646282037311127
LRRN2,1.2027454384396754
ADGRL1,1.682741275703069
PHYHIP,1.1799151037726716
DSCAML1,2.6175340715805793
ADRA1B,-0.24564809051718406
RGS11,-0.08341218778226565
NPY1R,-0.2416672401910314
PHAF1,-0.902716075438002
PCSK1N,1.899047701196817
CAPN11,-0.5644057733788713
CBLC,0.6197842057634869
KAZN,0.06043617751984403
DUSP8,-1.0762068674438547
KRTAP19-7,-1.3624457877233538
HCN2,-0.4745746066484869
RAP1GAP,-0.07576439801918446
PDZD7,-0.7250084607548811
KCNG2,-0.05333849961808485
ITPKC,-0.5003074482644937
CHGA,0.09987681042880193
PPFIA4,0.7094233663720755
NGF,1.0102440023214365
NXPH3,0.05780730268682482
RAB26,0.9194703665250478
PLXNA4,2.5453438068776744
OXT,0.37335602159592435
FGF1,1.5181248677023018
FXYD7,2.667825910010578
KCNN3,-0.13641328409899312
LRRC3,-0.008792367366994154
MED18,0.22088215260019395
GREB1,0.11737915605793513
PRSS3,-1.9626102522577316
WDR62,-0.8812234628546813
TP73,0.33042714859866906
AGAP3,1.0548406880806889
FCSK,0.21223769378799232
MXI1,0.051546511856082104
MLXIP,-0.8902662791186301
MAGEA12,-0.5911063355024775
ADM,-1.6957305193463987
FOXI2,-0.7504396353328843
FOXL2,-1.1857228715029582
OTULIN,1.5078708585390903
LYPD4,-1.065491054447392
FOXH1,-0.38620814638572193
FOXL1,0.22919467837062288
SEMA4C,0.6158438256364517
FOXB1,0.5536951111342293
MYO19,0.028480795139257553
E4F1,-0.5090567336625408
NOL3,-1.425366528788667
IRF3,-1.507370014032723
SEPTIN10,-0.6715745469927638
SEPTIN6,1.0556038620329384
CRYBG3,-0.4628333456429763
RLF,1.6367784004952959
HILPDA,-0.19993475532539084
ZBTB17,-0.46096032034028883
SEC22C,-0.3243673155272629
SYCP2L,0.9011714180792956
MDH1B,0.3622905089561196
LRRC25,0.11327981254196579
IFT56,-1.4549058937603254
ACOD1,-1.5256921187717412
TPCN2,0.31701600350308046
C1orf162,1.1547511131525012
SUCNR1,-1.811133594982294
TMEM150B,-0.7410733101307723
TAS2R50,-1.5149939936820576
RNASE2,-1.2475029544766538
CLEC12A,-1.5792156409919957
PLEKHO2,-1.4959414140991234
MCEMP1,-1.398974764834923
GPR84,-2.612902543368468
SIGLEC9,-1.0949965743354846
APOBR,-0.24496187217266988
LILRA5,-0.08042619178147167
ADAM8,-2.184035044696144
CYTH4,-1.6046525175626885
PPBP,-2.5187151301479007
P2RX1,-0.4798005895256389
DPEP2,1.7835423390919867
DOK3,-1.684121721003955
RNASE3,-0.19790120887538176
CLEC4E,-0.48802471229135885
FOLR3,-1.5455300945892478
RASGRP2,0.345834202533918
TRPM2,-0.7168878190617379
FGD2,-0.7887728215830961
ARHGAP4,-1.552483571434699
ZNF467,1.3828254315798751
NFE2,-0.3102075919204479
APOBEC3A,-1.3609872677192496
NCOA2,0.7606344063121109
TDG,1.1766339980585727
NCOA6,1.0440608510983886
KMT2A,16.422481878538544
MYBL1,-0.42928284488440266
BAZ2A,1.6866865181934583
NSD1,1.267646266573742
KMT2C,2.8522911671664937
BRDT,-0.14505486313512644
ARID1B,2.0878771161347047
GCM1,-0.8743086675056226
SRCAP,1.2567453861159361
BRPF1,0.30982936422599755
KAT6A,3.68540644777228
HOXB7,-0.06708830712051332
KAT6B,3.5099601637879907
DOT1L,1.4920624122457355
KAT8,1.6458042712440444
EHMT1,1.7833702639338247
KLF13,0.003495801607345193
ASH1L,2.388491813949221
KLF1,0.15786902373294764
BAZ2B,9.612984291084528
CENPJ,0.6557976580824635
CITED4,0.012629002566882404
CITED1,-0.9610476017502128
NFYC,-0.41021951073161306
HOXB6,-0.5061242651626867
KDM2A,0.22864583794120785
GLI3,0.5987943747510431
CECR2,0.473862984841258
HDAC10,0.08117032448907463
TCF12,1.163129541385143
SETBP1,1.6678010712047224
KANSL1,1.2702364905104193
CARD11,-0.42856201743585476
NPAS2,-0.6254515552651501
BRWD3,0.6254966994177904
PIAS3,0.06026471058345611
MAML1,0.17321786368223885
TET1,-0.09248080161694475
POU2F3,2.0720562778730742
BRD1,0.6072701876322837
DNMT3A,1.51453527171102
HIPK2,0.6698047486039701
CSMD3,2.481988638265293
CLOCK,-0.581552409505132
PHOX2A,0.13318066019833213
TCF20,3.035204269329691
HOXB2,-0.3092419459706672
HES5,1.4203613297822821
BMAL1,-0.2100651646349
PRRC2C,0.9151363466320337
MED25,-0.26879515772563645
CDK8,0.19696476688909131
GATA2,-0.859277729535772
JMY,-0.20014419706948508
MEF2D,0.42008599178907324
MED28,-0.4821143671022076
MED29,-0.37225850089544493
MED30,5.320669587894028
MED8,-0.4913356824633215
MED9,0.05167359002412293
MSGN1,-0.37601128296183567
MTF1,-0.0006508296976407755
MYCL,0.9254041045705458
MYCN,0.5324013899275216
MED26,-0.24802407891025707
MAML3,-0.6342433650158789
MED10,0.7916068979938471
MED13L,2.616229191014691
MED14,1.39725028576424
MED19,19.959301117538573
MED20,-0.08951074791845054
MED22,0.34793838659945486
HDAC7,0.1646620380950986
DDIT3,1.2205393581215427
EBF1,0.3429602383056656
EGR2,1.196405078363617
EGR3,0.5317648890796359
GPS2,-0.38223386561934364
H3C15,-0.33463876369082113
SIK1,0.08505763921992664
RBPJL,-1.3081263773346214
SAP30,0.45964011952030304
TFAP2C,-0.8226381289364648
TGS1,-0.6405870221369306
RARG,1.92945908067811
PAGR1,-0.46334264511548495
PCGF2,2.4402760342757865
NFIB,2.7488272562119502
NFIC,2.57888591559155
POU2F1,1.5050610874263277
PYGO1,-0.23233086976451725
PYGO2,1.2440859289443322
PIAS4,2.002371073450969
VDR,0.8414800277691818
WNT1,0.25436662210836386
WNT3A,-0.18793654282331965
CDK19,-0.0010535447800983002
CDKN2B,1.5999426104023282
ARNT2,0.7735885045045842
SERTAD3,0.7184619112205244
SERTAD1,-1.164956572039779
HOXA9,0.12168705733437626
HOXA10,0.7006611565955572
FBXL19,-0.8849829847977497
TAF4,0.9467485074358056
NR5A1,0.10702183228161842
RBL1,-0.973243499864681
BRPF3,0.33644037965230306
PCGF3,0.5630655894805136
EPC1,0.0031907713987679755
MIER1,11.037252470566544
JADE1,0.33906147538771614
HELZ,0.5993733248734836
MAFB,-1.821357740296324
PTOV1,-0.1948362369704366
NPAT,-0.5622004050733687
HES6,-0.16613031170332943
HOXD4,0.573906001224728
EPC2,0.5644421789525816
ING1,-0.6469555852844724
MAU2,-0.25195824134941863
JADE3,0.710967684478172
STAG1,-0.24881742065393475
PDS5B,0.4292632976703891
MARF1,-0.7713739906779928
KAT7,3.106793544989973
KLF8,1.0699184215998405
CHD6,17.791447155264507
ETV6,-0.04884577515418895
RAD54L2,0.2887413388069041
TACC2,0.725491111786568
POU1F1,1.290109627260018
SAP130,-0.4033810099114175
HIPK1,1.4993534756600082
EID3,-0.7221902443403762
PHF12,1.1812637531867674
HOXD10,0.029736455839397682
PHIP,3.2530824543996117
MECOM,0.6252510969949371
ZNF639,-0.8370266294394416
RSF1,1.535075669477977
PRLR,-0.5795777343673436
SETX,-0.11088950961961844
SETD5,2.7123898210409996
KMT2E,1.7726377902450943
CCNT1,-0.2217252013550338
ELL,-0.15832932209872475
PCF11,1.3112541738066528
EZH1,0.825333998250431
ZNFX1,-1.1602453670872164
ZC3H13,0.41434721707162775
SUDS3,-0.15113770980439903
RERE,8.907638178192254
RFX1,0.37443860599625145
NSD3,0.8923788938770665
ATG2B,-0.05630755349397323
BICRAL,1.3248565511863224
SETD1B,0.19957645875265778
POGZ,10.781314135741573
ATG2A,-0.37628898261293997
PLAGL1,-0.09012469860505017
MSL2,-0.37581743843324056
LDB1,-0.05114532618761644
ASXL2,0.4499671712695308
XAF1,0.36278618301539395
FRYL,1.354001891347841
KDM4B,0.44400041793271905
KDM5D,-0.3411571086689757
RFX2,-0.8222455134917719
ING5,-0.5116575597659625
PHF8,0.1295953377790656
CBX7,0.4830262155055476
AFF1,0.7841658786635805
DVL3,-0.49554695594415743
TNRC18,0.36870285702154704
CCNK,-0.1609566715246343
PPP4R3C,0.2514823962994898
HOXD13,0.38070452334819305
CTDSPL2,-0.03409771069512104
HOXD12,-0.5653775095531807
CWC25,0.6739397840452476
UBN1,0.29436433184098837
R3HDM1,0.3392125910583808
USF2,-1.35875246866304
MTF2,-0.7473540713663601
PHF10,-1.0853728044681528
JMJD1C,1.3614891156274904
RFPL3,-0.8735002656721754
PHF1,-0.14780861259961037
MNT,-0.7848751711361615
UPF3A,0.5838291084021194
CAMTA1,1.1494508353664148
NR2C1,-0.6726067384412836
ZNF692,1.546423292567927
SETDB2,1.391053837984328
MGA,0.0683494050888332
USP34,0.732150776699343
PAN3,0.6026039610744833
BCL9L,-0.6210110454581503
ICE1,-0.3545542674003217
RSBN1,1.78079110273175
TLE2,0.2538675468492133
USP3,13.31539329050036
PRDM10,0.9330443514560253
SIAH2,-0.15227454677598565
GIGYF1,0.5206689646860151
CBX8,-0.14521311176847784
ARID4B,0.6139759644688129
REV3L,1.7398879016311013
EMSY,1.9841659784157948
TAOK3,17.820416705076955
MXD1,-1.548343230708841
FBRS,0.30829077115815195
HIVEP1,0.17214202305133688
MED12L,1.1674205393891293
ZNF609,0.26969221009769073
PI4KB,1.4103461219547513
SMG6,0.48484109957434346
FGF2,-0.6403442651888851
ZNF217,1.4687181142571966
C3orf62,0.08694996111759606
DYRK1B,0.07461139036146393
KLF2,-1.255996983087512
ARID4A,1.0359589461107839
GMEB2,0.38253548594943354
GSE1,0.25634338707466825
RREB1,0.582707578038134
BHLHE40,-0.9400668539403658
SATB1,2.7479839093536116
SP100,1.6215170818782418
FUT7,-1.1465885836231264
GPATCH8,1.2055115336662632
BRCA2,0.5219160930136933
NRIP1,1.4692541910899086
MLLT3,-0.0073841572193366015
CBX4,2.6367081934661636
USF1,1.3653688590496857
HBP1,-0.3605606093440371
BRIP1,-1.566391583331686
AKIRIN2,0.40716161560187647
FOXJ2,1.1360019789100109
PHF2,13.26944621983231
ZNF451,0.34517213934253965
SMG7,-0.014950433932730007
CRTC3,-0.2909919970894279
SYNRG,0.38930386069368234
HOXB9,-0.49454991404699555
CASP8AP2,1.4255415159838
ZCCHC12,0.5000222582002695
PPP1R13L,0.2145483521736156
GMEB1,1.0808495426465692
TOPORS,1.398021222828771
CEP350,-0.4874952259220695
ARID5B,1.8853895807865124
TSPYL2,-0.7955999066887105
ZNF143,0.03441540297608516
FOXJ3,1.1309610153341418
FOXN3,0.9748134740788098
ZCCHC7,16.003229309059794
BMAL2,1.5412387149777593
KISS1,-1.7084704364404573
HMGXB4,0.38924755446028897
PATZ1,0.9831992354622092
TRMT1L,2.1971331471845
TLX1,-0.03771623135154698
NELFA,-1.1844085877599382
MLLT6,0.6425499605316177
NSMCE3,-0.7865851531012514
PTPN2,-0.2467557888443696
TLK1,0.5680049391047781
KLF10,-1.0906716755792896
TRAF5,-1.1681295671002234
YTHDC1,-0.020910321783797342
ZNRF3,-1.0293073639592827
ZNF608,1.8122101657736827
ZBTB20,2.161864495566236
SAP30BP,-0.1325730819901976
KLF12,2.8743715282705384
EZHIP,-0.5634838628184259
MTMR3,1.2565232540435534
SPC24,-0.6159379241855295
ZNF521,0.6301664518972369
MKNK1,-0.03482165182191799
ZNF274,2.438298969247595
ZNF292,3.2326019183710653
SREK1,0.896242509802326
RING1,0.5373717684678508
FAM193A,0.49907398985516965
ZHX2,2.4498300121358123
PHF3,2.9258743490701566
KDM7A,0.5527409916874487
PITX2,-0.5547511549384926
SOWAHA,-0.5418159100778179
LEFTY2,0.17450382117274954
JDP2,-0.4058581454831892
CDK11B,0.8821730324861746
RSRC2,0.11852391953257475
PTGER4,-1.5393718731993442
SLX4,-0.84542524911118
ZFX,-0.4120320694838312
ANKRD12,0.3184403496334457
PERP,-1.285932772283953
TFF1,-0.25266866694497736
HOXA11,-1.0669266171645126
DACH1,1.6655497788196312
ALX1,1.4368109912935025
HOXB1,-0.8494484454103357
VCPIP1,-0.4417013317483337
KIAA0232,-0.7664297049655208
TAL1,12.099495812717525
ETV1,2.2168686340473593
BDP1,-0.03308024979022311
HDAC11,0.32037908993213005
ZNF384,1.5545670773989886
FAT4,3.0922836254489123
NABP2,0.5118759360053443
TADA2B,1.0037615646360256
NUTM1,-0.6100848064656685
PHF23,1.0031556612383254
ASCL2,0.44371699171835216
MUC1,0.2906358072382007
PCGF5,1.8837285924706813
CHFR,1.2110463541036722
CBFA2T2,1.06879353750509
BCL6B,-0.3640205192118254
BCAS3,0.33930851144429
KLF7,-0.09953977415588999
GRHL2,-0.781457225883266
FZD2,0.799404327355938
HEYL,-0.5146824048833363
HOXA1,-0.84558408212391
HDAC9,0.22146648362111163
TTC28,1.2791615743314682
UVSSA,1.6193828507934898
TP53AIP1,-0.16554425051482385
ZNF175,1.6549830055344568
ZBTB4,0.10204896678393362
ZFPM1,1.4038921405964329
ZNF750,-1.1697596296330148
SUPT7L,-0.8244268847698375
TAF1A,1.467702676214782
TAF1B,1.1983689182792934
TAF1D,1.7394207074305672
NR2F1,2.0074972545506697
NR6A1,-0.43537735218330037
PADI2,-0.22545096722714023
MDM4,1.600460946823455
MYSM1,1.984244656556923
MBTD1,-0.12551234297752836
LYL1,0.4736101391737563
MYF5,0.09861627291053227
SALL4,0.46725756761192644
SDE2,-0.33040528167023103
REST,0.7420445551810437
RNF8,-0.034940020806784045
SMARCAL1,-0.5050395139718518
SIX1,0.5698862050778921
POU2F2,0.5628255951082455
PKNOX1,-0.5912720917193094
PMAIP1,-0.5609877517949995
POLD4,-0.07820283360471292
POLK,0.37668390009423103
PRMT6,0.7382925439416326
EBF3,1.6544174049863856
DBP,-0.3433423475849766
DRAM2,-0.6145144838725191
AICDA,-0.8997391465851684
DLL4,0.12234540474982467
AMH,-0.2357382893727644
ATXN7,1.2363605217036189
ZFPM2,1.1382873759793806
MCM3AP,-0.5475841983159957
HPS6,-0.6390255251862483
SHPRH,1.1380927417673097
ZBTB49,1.8089227102515877
COMMD3-BMI1,2.1268445687559407
CCNL1,0.12256006939284185
CNOT4,0.17483686188758565
FBXL5,-0.7634016991527315
ALKBH4,0.5049071513278958
FBXW2,-1.1255377614809545
EID2,-0.30469077585556364
DTX1,0.09726737388388308
H2AC8,-0.19819356733206578
ZNF350,1.5627029891951159
MBIP,-0.22418149545407387
USP47,-0.5134828511674053
ZBTB8A,1.895231334990196
CDC14A,-0.797786591445991
FBXW8,-0.06746534166178053
SPATA1,1.7391264399811899
PLSCR2,-0.6549007665867964
ANKHD1,11.35530121155671
ZNF12,0.8905720063034911
NCOA5,0.7240079809663823
PHC1,2.13075986236041
TAF3,0.4214159040691777
TBL1Y,-0.4658072598552156
HAND2,0.9759322198244624
REV1,-0.4380785636217835
NEIL2,0.8499339965106616
ZNF76,-0.3705166312110664
HEMGN,1.0002078447577858
ZNF398,0.34862801396583853
KDM2B,0.4853686645947532
SPOP,0.13920398349352592
PHF20,1.3525186392481536
EDEM1,0.09009643852225248
USP24,0.03613899723629146
PELI1,-0.27624844187513997
RPRD2,1.1178094133081034
IKZF5,-0.2990003664134014
ELF1,0.8809597084197692
KAT14,0.19091720216727334
ZBTB40,-0.12026510249211551
BRMS1L,-0.7191682809046462
MBD4,0.41847354132368003
H1-6,0.1157232514543587
PHF19,-0.9221016926913154
ZNF148,0.14925582326113296
MAGEA11,-0.04744203293840721
PRDM6,-0.3494891842048889
TRIM68,1.2323554344234915
HIC1,1.8775870683046798
FYCO1,-1.1524064901201108
POLI,0.6006706248861452
GPBP1,-0.21817912374037862
NCOA7,1.0671318351671337
ZBTB1,-0.6435225242877737
ESCO2,-0.933931468302444
MN1,0.05310819216802025
BMF,0.42700804061538666
MLLT10,0.2941126996416192
GCKR,0.4953128709169695
GATA5,1.1555660373512078
ELSPBP1,-0.6904612759734212
MAP9,7.769262970881981
KMT5B,1.0211310086463163
PLAG1,0.48072695220435446
SENP6,0.19721393564988912
ZC3H12A,-0.775394715783066
LEFTY1,0.7490760929463125
ZNF24,4.764868653549657
SUSD6,-1.0736919249456593
COBL,0.21650663852720184
ZBTB10,1.2995320198645053
BACH1,-0.34336189944757384
ZNF638,12.03703731415892
HIVEP2,0.9845256126832667
ZNF687,0.30659882047871995
ZCCHC14,0.24657353621569353
PLAGL2,0.05075501421396403
GLCCI1,-0.1478667395300213
ILRUN,-0.2966545498141013
RNF169,0.2695130479892431
FAM117A,-0.2450270386435935
HYCC2,-0.05374577981619427
NOXA1,0.45792485180702813
TINAGL1,-0.8175058762669902
HSP90AA2P,0.7021373128728856
SAGE1,-1.1420350709277847
CFAP46,-0.540632836335738
MFSD4B,-0.12233442877611209
SOX13,0.8867056374915219
WDR45,-1.4897800290549816
KCNN4,-0.8785695750044324
AP1S3,-0.8180315179030762
KRTAP9-8,-1.9467427803602289
AMOTL1,-1.1614124266416768
CCDC85C,-0.4738535695378996
TEAD2,1.551064802558456
PLEKHA7,0.015938462604742215
SMUG1,-0.5569595774386253
MSRB3,0.14829205401430173
PLCXD2,0.014121198191153098
NLRP9,-0.9008192200556132
FKTN,0.8668994978426685
TBX20,0.3231904529444252
KCNE1,-0.46759908779417597
ZNF559,-0.7248566403211038
KCNT2,0.8714281256315815
NTF3,0.4828031672070815
SCNN1D,0.36183650439253245
PRSS16,8.050088425618798
WDR72,0.3931442615376653
UMOD,0.2949530259315291
PDILT,-0.18899590651597048
FKRP,0.4776649746300577
TRAF7,-0.8542904998444935
DOLK,0.2161517968931294
MFHAS1,0.3169977246700622
LRRC66,-0.2678815662333364
AFG2B,-0.21476670607107795
KIAA1671,-0.37820363970992427
PLA2G4E,0.805661283544346
PLA2G4F,-0.4318787199587681
PLA2G4C,2.2054817664933353
PLA2G4B,1.0505515584081153
PLA2G3,1.0661295765753103
PLA2G5,1.1097901117931877
PLA2G12A,1.2391526276651879
PLA2G10,0.3526180085558491
LPCAT2,-0.9662301332463776
PLB1,1.1671200981205132
PLA2G12B,-0.43610039368102044
PLAAT2,0.8730510224186566
PNPLA8,0.8396874956720195
PLA1A,-0.6690400452872418
TMEM86B,-1.3230121050333001
PLAAT5,-0.06223070509546093
ALOX12,-0.40135558639257113
PLA2R1,8.499683884040726
WFDC12,-1.0044547315044565
GPCPD1,0.377243819662945
SFR1,0.14524033075396448
NAAA,-0.7042793730836945
PLD5,0.23192909646779394
NIPAL4,-1.083224086992628
CDK15,0.04603237975647632
NAPEPLD,1.4919199213272534
DAGLB,2.1728427969685953
PTGES,-1.4647405855078721
PLCH2,2.6642237950793404
LCMT2,-0.0023353317696374813
WFDC5,-1.1750506371447371
PNPLA1,-0.20911285291721823
GDPD3,-1.0633812565289942
SERPINB7,0.567153282014048
CFAP97,-0.9284264139810564
SCMH1,0.5139355656958944
ZFP14,1.7765945753202255
DNAH6,0.12760631442145592
UCN3,-0.8249369244683463
IFT27,-1.114047073574635
ASPSCR1,-0.5321088148232404
PARP6,-0.6102657899958052
ASPDH,-0.7694977976052799
RUSC1,1.5078003819670236
SYNJ2BP,-1.3181838002179858
FBF1,-1.6177849637705533
TRIM69,-1.4247071522465042
LCAT,-0.12580590001948347
SULT1A1,-0.08110763405173946
SLC35D1,-0.9975194564295224
TIPARP,-0.9768256249325759
TSHB,-1.5721678180156033
NPC1L1,-1.8158858321788405
SLC5A5,-0.4064154036206668
MORN1,-0.6048459733157652
SCAI,8.994378317063571
MOCS1,0.23220894597836328
DBF4,-0.8015735196261207
GAL,1.7041550446057363
KCTD14,-0.0754808176618025
SHLD1,-0.5412115492625844
ORC6,-1.1337699267628505
HPS3,-0.6056071605946142
RGL3,-0.14025347981646658
SBF2,-0.35194561482107695
TRIM65,-0.7255963219722779
INTS15,-1.3614354238133346
PSG11,-1.0315771043708633
RGPD5,0.48564305147633563
DNAI2,-1.5473601917712614
MCM8,-1.5740514028661388
MTBP,-1.3673459891470336
SMN1,0.5337619139235772
LRR1,-1.463623257081132
LPCAT3,-1.095719910917673
TUBGCP4,-1.2338907773554775
METTL6,0.41763219910471483
RMI1,-1.1128992896143441
PIF1,-0.9457708125520096
MASTL,-1.1800430235012311
MACROD2,2.6627791261716127
PGPEP1,-0.9109028161211897
POC1A,-1.930425545390253
SKA1,-1.6793272596871074
MNS1,-0.9281738242260656
CENPK,-0.04943327512647744
IQGAP3,-1.050825200688682
RAD54B,-0.6174770244456332
ALKBH1,-0.9843810521511731
KIAA1143,13.60587626715114
MINDY3,-0.1806664230869219
PABIR2,0.051355386508429586
CHAC2,-1.0140438075134313
RFWD3,-1.435933394638645
CENPM,-1.2532485595197194
CLSPN,-1.1341673526583538
SASS6,-1.9457378865078858
CCDC34,-1.018860474636079
CDIN1,-1.0214780424527927
TSTD1,-0.2905274331546658
POLH,-0.6701349705251557
SPIDR,0.6255849574754363
E2F8,-1.569569741703645
ZWILCH,-1.5383805286891878
FANCA,-0.7496109021085271
MND1,-1.1508346592185186
CDCA7L,-0.6999238755540557
DNMT3B,1.360052103158404
CENPA,-1.10021282466914
E2F7,-1.2026613909385782
SKA3,-1.3534212539453117
DEPDC1B,-0.4041305602622413
ENOSF1,2.493229917358141
RAD51D,0.2614365573724617
CENPN,-0.4641695990917643
RAD51AP1,-1.024201933739987
CDCA5,0.37019494661088087
DEPDC1,-1.4202057362548635
CDCA2,-1.2175480791300666
SLF1,-1.3130193747189438
KIF20B,-0.9176970258249935
CENPQ,-0.3136473393924621
SGO2,-0.9196728317187064
CDCA4,-0.6455746908105789
COIL,1.7098184238517582
HAUS5,-1.2980209340745144
CKAP2,0.6250846093827355
CEP70,0.21217081285311137
ESPL1,-1.4410371435340104
CDCA7,-1.4343190938542618
DCLRE1B,-0.7345214375627497
ZNF367,-1.0380330057151343
TROAP,-0.6064019490045418
RMI2,-0.5896173174448527
HMGN5,-0.014944497335185084
TELO2,-1.8206837584706856
OGFOD3,1.5361997766969075
HAUS6,0.19760742023527866
BRINP3,1.4952234163870723
ERFE,1.3365163869703567
IGSF3,1.395111464052196
PCDHA12,2.3209766051726315
MR1,11.387118699353938
PCDH20,2.7979934557826693
POGLUT1,-0.4608276408308592
TMPRSS11B,0.09828168949412791
ST3GAL4,0.44958136148215133
CERCAM,-0.7249762051051869
CBLN4,1.5845117327802132
NKAPL,7.196188777563708
MAP1S,0.7198842639511106
SLC39A3,-0.8375021276465496
NPHS1,2.572985158532258
CRB2,2.5795423721225728
PTPRO,1.5001238241684507
CUBN,-1.1554450335886763
KANK4,-0.2674091479317307
APOL1,1.2733628261268637
CERT1,1.2995182892566939
TECTA,-1.1172190461834324
CTRB1,-2.2302611214752943
THSD7A,1.8520493877510251
GJB2,-1.4392327973546366
LOXHD1,-0.3921577764032999
HYDIN,-1.449903727375977
FGF23,-0.6483715286441063
USH2A,1.5168841030628009
MMP24,-0.8233950959268547
HOXD3,0.08453213877908194
ENTREP1,-0.3186976441635609
PHEX,-1.1246745674784444
ADAMTS6,-0.7579438716148164
FGF6,-0.6533717846003789
FGF3,1.1647611425779678
UPK1B,-1.5904063281336265
ADGRV1,1.2570678685246064
OSBPL7,-0.05736188745980947
KIF17,-0.4975191642992968
FCRL2,-1.0399577722003057
ZNF492,-0.9431618172096
CRYBB1,-0.6626263175513512
SCTR,-1.265479987928936
CDH17,3.4063406049322715
MMP23B,-0.8829148387436124
ANKH,-0.427384672017299
SLC26A4,-0.24241139666374936
OTOG,-0.8642021363273165
USH1C,0.948547458656734
BTNL2,1.510759944298072
ICOSLG,-0.44435547068956366
RFX5,1.836089616978113
PSORS1C1,-0.7288844494951637
IGLL5,-0.990365302423001
MICB,1.5849693973575563
RFXAP,-0.6273014396860902
KLK4,-0.9703984298778917
IFI44,0.5733201148334534
SERAC1,-1.211853271682338
SEMA6B,1.404258797189743
PRUNE2,-0.02037543059361961
CD276,-0.7957151002514015
VMO1,-1.324055345441869
TRIM39,-0.24874149717445387
NLRC5,-0.2499332126997168
CHST9,1.6330341678449878
BTN3A2,9.373853248097108
GSDMB,1.5893213211235167
GBP4,-0.027420007614291517
KIR3DL1,-1.4140079798072862
ST3GAL6,-0.3732235754429736
POMT2,2.740675384534653
KIF26A,0.01399004325293046
LRFN3,2.0159772823623916
MARCHF1,-0.5804084438824085
STING1,-0.8637340011499222
HVCN1,-0.131461289872398
DRAM1,-1.8000310846026422
LITAF,-1.7971814413981755
ARHGAP45,-0.09332644805632699
TAPBPL,1.4721155529528087
CD55,0.1677443958011985
VAMP5,-0.5911935172139064
WDFY4,-0.5080924121546331
CELSR1,0.17673760812475964
RASAL3,-1.3277519266617195
FMNL1,-1.4584217844845704
LAMP3,-0.3475526553875116
CNTNAP3,2.010023800914569
MLANA,-0.0914350785494274
TPBG,-0.30154916314932845
MARCHF8,-1.0289368950201974
ISG20,-1.690797949386712
SHFL,0.2876524012430639
PLEKHA2,1.3401894522720448
OLR1,-2.4158406600596467
LRIG1,1.4393922414791278
BANK1,-0.40818775478395314
LY75,2.1245575752409724
BTN3A3,10.807150147656044
FCGBP,-0.7386754389869137
UBE2L6,0.22387253849332872
IFI35,0.5090519891030559
BTN2A2,2.5141950516827904
MAN2A2,0.5612039084570875
ADAM28,0.20365315276380508
ITM2A,0.4530139843096126
RIGI,1.0553505824056906
IFIT5,0.3045618483918268
TMEM131L,2.512446637188647
LGALS2,-1.0399149391413305
BTN2A1,7.866393851064116
CHI3L2,-1.6878530349733207
PACC1,-0.0018102544711525702
PMEL,0.1305380314553456
PLXNA1,1.7136042604214112
MICA,1.5222419298806007
TRIM26,-0.9982309070138218
CCDC122,-0.9084005203044591
AFF3,0.015102865069781556
FUT2,-1.5812747263409668
ZCWPW1,0.029308775419278576
VWA7,-0.9057559155152286
MMEL1,2.5471299732363404
TPO,-0.3982350330294596
LY6G5C,-1.1713897157548712
IGLON5,2.212410382771341
GFRA3,0.7890934889253538
ZNF311,-0.3273966771582982
SLC24A4,0.9452929668067496
CCHCR1,0.7820573321902443
TSBP1,-0.09786886642239477
MPZL2,-0.09741680280488002
LY6G5B,-1.1521753184688264
FNDC4,-0.5275442105364643
DEXI,-0.4314259709746716
NFKBIL1,-1.1628587766372913
TMEM106B,10.084412877385073
RIN3,-0.5462169662637505
DSG3,-2.084631114926249
SEMA4F,1.6332758643542478
CLEC4C,-0.7558831238860314
CADM4,0.3871663791155975
GALNT5,-0.44234634331753325
ZFP57,0.42907271995170654
KIF4B,-1.0338733218713738
RILP,0.13720492603760331
TMC6,-1.4268024622858517
MFNG,-1.4408945122474106
TSPAN14,-0.736537286305191
BTNL8,2.1920431746785116
HHEX,-0.7322771019981346
SIRPB1,0.4190078336713027
BTNL9,2.5677457692881314
EPSTI1,0.007631309677646994
GIMAP7,-1.18068780261353
SP140,0.4323564581369262
CTAG1B,-0.2264212448916997
TMEM39A,2.143409928717112
RNF149,1.3945510045885832
RNF213,-1.3882890424559848
IGFLR1,-1.224491801212407
PNPLA5,-0.4613440774546376
OC90,-0.5659101576327373
PAPPA2,1.0580386497281988
BORCS8-MEF2B,1.1654666867291157
CDON,0.057768600853307525
BOC,-0.05111129225140264
CDH4,3.8875606714627478
HAND1,-0.11784742032714562
CCDC15,1.3657329343346714
SMYD1,0.230180401387901
TTLL7,-0.06797576348889632
SIX5,2.9447060988963227
VGLL4,0.3241670966912795
RTL1,-0.998010018632037
MZF1,1.0952841422059338
FOXI1,-0.7713413793584109
ZNF263,2.880579387937641
TAF8,0.16256745191116403
DNMT3L,0.2210133541550614
MEOX1,-0.938603999890081
SOST,-0.9642996299295568
ZFP36L1,-0.47552592921701614
SOX6,10.805075083488559
CLK1,1.3689472986328013
WASHC4,0.7437565046962678
RRN3,-1.0084522389506763
ZFR,1.558281249919426
MAP2K5,1.6078855126286504
ATF7-NPFF,2.341442626471509
ZNF436,1.068456738944359
LRRK1,-0.5693929877556866
LPIN2,0.5379118005590996
MINDY2,-0.774120880314333
RFX3,0.09765187102821021
PRDM5,1.698671117159162
HNF4G,1.897132875566941
DENND4A,0.04847014650721806
TBX3,0.16067324120098708
RBM6,-0.19778514654524243
DMTF1,1.1019474157990383
HOXC4,0.5695767418636737
FAM13B,-0.09368389085320622
FCHSD2,-0.296183860640944
SIX4,2.6542224243623944
OR4F15,-2.9272052290926913
CREBRF,1.2633811037872853
PHF20L1,0.7941642268387863
CSGALNACT2,2.1948565983504182
ZNF654,-0.4861925473082904
IFRD1,0.08925419850614467
SYNM,-0.5538319104540604
USP25,-0.39755001418014313
ZBTB11,1.7976053689922171
MTERF1,-0.6451073736266584
RBM24,2.6291082397536507
ETV3,0.49209463351933397
SP7,0.647080422372181
ZMIZ2,-0.545408060891929
SP4,1.6130868443797002
TGIF1,-0.8738226671487758
POU6F1,0.9946623773542114
NR4A3,-0.6765947614308138
LIMD2,-1.0343275509077987
SZRD1,-0.9036398606387395
CASZ1,2.300805422899105
ZFP36,-0.13841995274039523
FOXC2,0.8799578180924401
BCL2L11,-0.2093299214688019
EVX1,0.3270179156822235
ZBTB43,-1.0590666774272635
ARID5A,-0.338653408316221
RBM38,2.470951518315821
ZNF335,1.90532026454162
HIC2,-0.23475846384652369
ARID3B,1.9999747734546727
NOVA2,3.434456461952041
ELOVL2,-0.2966413874519459
ELOVL7,0.2508473871907552
HACD4,0.8493280554408372
C15orf40,-0.6079513869587995
ASCL3,-0.6165143573431457
TIGD6,1.6373672687552367
TTBK1,1.8756961006910553
DOCK11,1.48830903113135
ARMC5,-0.7285009204007388
CDYL2,0.4686085950862766
PNPLA3,0.07924969996074852
TMEM51,-0.6905019790048399
PAEP,-1.3084868490165298
EVC2,-0.3425624493139107
SLC44A1,-0.9701224010993317
TJAP1,0.0460006125116254
TEX2,-0.47454566743385945
ANKRD28,-1.0751753425182597
TMEM216,-1.365549765782019
FLVCR1,0.03911274714072158
ANKRD44,3.798196902564482
PCYOX1,-0.3361359112144818
RHBDD1,-0.48470310272313577
CERS6,-0.39692433992638015
TMEM135,0.5595084897683716
SCYL1,16.7624209437611
SLC27A3,-1.0488610851211422
CDS1,1.6971522896404165
PEX11A,-0.9332340430299141
HDGFL2,0.6781949841980163
VRK2,19.26010979035375
BSCL2,-0.04206959095422504
FITM2,-0.6865297677013779
RAB3GAP2,-0.21005580413391023
PANK3,0.5973161832359497
ELOVL4,1.1166822686711273
BICD2,-1.6079413376721416
GGA1,0.003334658640786196
LDAH,1.62900813207627
ALG9,-0.5948343135903232
ZDHHC6,1.1965938651530093
TMEM87A,-0.8799591630871518
BET1L,-0.4231794206570576
ELMOD2,0.8724438030602446
GALNT2,-0.8459745416267577
CD164,0.021488265518231006
INSIG2,0.9623862512968604
CHMP7,-0.6862198776521943
SLC19A2,-0.05217952347975059
RAB32,0.4044759306131393
JKAMP,-0.8054764249490876
SLC6A6,-1.030230460939865
SEMA6A,2.465734705993091
CLDN12,-1.0927288280715346
MDM1,1.254590095919469
VPS13B,0.7891042750215677
STON2,1.066196362600904
FGF11,-1.722653406523635
VPS13D,0.5239297657668053
SNX19,-0.30083977202205375
STEAP1,-1.0012948291855095
UBXN8,1.2360772827539346
ST7,-0.06894163797749686
FA2H,1.0046371329052624
ZGRF1,0.4491580052070772
CLDN1,-0.7364770682462111
C18orf32,-0.6893727600142102
HPDL,-0.47258325276589486
HERPUD1,-1.6147546884731863
CXADR,-1.037508025211823
RAB31,0.16747835425693328
PRR3,-0.3587336772830381
C5orf22,-0.5604835807123889
PAQR3,0.13061581823752177
SGMS1,-0.26639917858704554
H2AB1,-1.395345900362317
H2AB3,-1.2292651153206355
FBXO28,1.0627394660209495
TMEM17,-0.5265023136333464
LYSMD3,-0.6980049427547425
EHBP1,0.06953043078810854
TVP23B,-0.5740234558900041
THAP1,-0.4636518966336373
TCAF1,0.017987776081169544
ACAP2,1.0970238780462127
TMEM184C,-0.14306950649957464
SCML1,-0.8218591680970929
MIA3,-0.13979611572530437
GSDME,-0.5066198048612685
ACTRT2,-0.9956886938149933
TMEM164,0.2212179915754244
FOXJ1,-1.729868734626187
SLC6A15,1.5732335755453906
RSPH14,-0.26235118763238113
SPATA20,-0.08167312071235927
SLC39A12,0.339851537533676
KLHL18,-0.40373283392382814
FOXQ1,0.9760496052219102
TOR1AIP2,0.7792616801915075
PEX13,0.436081208894933
MOSPD1,-0.6692218504567601
EPHX4,-0.5358689300168842
SLC25A21,-1.2641880364001985
GLCE,2.314760746419884
DOP1B,-0.8401902797542861
ALG12,-0.044087340086271756
USP33,0.1297188845135723
ZDHHC9,1.3037748752706801
PEDS1,-0.5644784160025698
DIAPH2,-0.08674083298634065
CCDC115,-0.1672379415161989
ZFAND6,-0.2756738328685126
GCC2,1.3772474696886392
DENND5A,-0.33239164242179386
RNF145,-0.5811776743236008
SLC25A30,0.4537454742189405
RGPD4,0.37003093154268485
MEX3C,0.1220267238154662
BNIP2,0.6488162470819626
TMEM184B,0.4729033593120006
LPIN3,9.453282175143453
OTUD4,0.1717658501089292
MMD,1.7390567386981635
ABHD14A,-0.854178617687167
SLC38A6,-1.263235075842676
MAPK1IP1L,0.4660307750286642
SLC4A1,0.20184084227736576
RAB22A,0.7627649405969309
SVIP,-0.866053828427038
SLC12A1,0.4779358977356401
TM9SF1,-1.0691576005064465
MITD1,-0.877309558041668
CHMP1B,-0.8489818029194465
CHMP3,11.89957219721351
SLC9A3R1-AS1,-0.4018135822915164
RHCG,0.06477509471470613
SLC4A8,-0.35774028431671556
SLC13A2,0.13002308923660524
ZNG1E,-0.470360074536517
DNAJB13,-1.198428107339299
CDK3,0.5625074417558013
SLC35F5,0.7398383247564887
HSD11B2,-1.3152210748931232
AVPR2,-0.08168907379880704
GJB3,-1.2663252865188335
ZBED1,0.10660606401064059
ELF5,-0.6424933935640177
EPDR1,-0.5824625887260109
TLDC2,0.07549798065975816
LRRC57,-0.5794844636035784
CSAG1,-1.1485130677480928
COPZ2,-0.40379891571068605
MAGEA6,-1.5504651332409944
STK11IP,0.33285659186850836
PLEKHB2,-0.08943727089754437
PIP4P2,0.9626357939558519
SNX30,-1.035622528043701
COG5,0.38379911838109904
ZNG1C,-0.24333498079897917
PIP4K2C,1.712517986296504
GPR137B,-0.6857325041819794
SERPINB6,-1.3605043929391794
ZFAND5,-1.0784449172562738
SLC26A6,0.3046809834394466
AVL9,-0.31427978602530016
SPRY4,-0.17469778004947348
TMEM167A,-0.44588235975373774
SMAP2,-0.10244992174899292
ADCK2,-0.002927077137947333
NIBAN1,-1.1501628934678316
ANKRD27,-0.9542290676249351
SRD5A3,-1.1664109764002677
OSBPL3,-0.6057916698918011
GRIPAP1,1.3723702848754948
TMUB1,-0.9999910861656609
PCYT1B,0.6035079157335882
USP32,-0.4786322231664138
BORCS8,-0.28858889025148804
RNF44,-0.041454559848336354
MEAK7,2.179232011985856
AFTPH,-0.14579882181159212
STAMBPL1,-0.6677762467523384
MFSD5,-1.6425720895632998
JOSD1,-0.15442327807268033
RPS6KC1,-0.5888965599186545
OSBPL6,0.5235932204673698
PIP4K2B,0.3468697366171998
SLC26A3,0.7358077182522267
RUFY3,1.4451218589355184
BORCS5,0.20671978445527167
C9orf72,2.413269392979214
RUFY1,-1.0527253474932325
LUZP1,-0.7369946066157309
EEIG2,0.03099825788827851
ADPRS,-1.0038436904258907
RNF170,-1.439967414754233
CPNE8,0.4626242255926023
ARRDC3,-0.2844786624206324
IAH1,-0.6045403802137608
RNF19B,-1.9891961846799677
SLC26A9,0.33929708781800444
VPS26C,-0.8576219483565124
TBCC,-0.15015752825322332
BSDC1,-0.2664300961874455
POMGNT1,0.3298792403857794
TOP3B,0.0638731255809904
SLC4A11,0.8302929835417399
RAB43,0.6703281220618401
INTS4,-0.7420897753423773
RNASEK,-1.0586934159340644
GCC1,-0.7123737161108636
LYSET,1.6579293521697063
ZFYVE19,-0.6322246128502949
POTEE,1.5095762632319152
SLC31A2,-1.311403819949641
ABR,1.1215005337647623
TBC1D30,-0.6394520559768684
TTC7A,-0.6527763163454321
VPS9D1,-1.108394399909283
GTF2H2C_2,-0.728154258094721
SFSWAP,0.13676093317139443
CROCC,-0.03983169376280769
NOL9,1.7695762801379682
WASHC2A,-0.9816204173760508
INPP1,1.1887626276609247
SRD5A1,-0.9951875472413355
NKX3-1,-0.1963561060585616
LCE2D,-1.12190655720533
OR4C11,-2.7926283744503104
TTC39A,-0.9353864661053359
GPRIN2,0.5849046034225227
OR11A1,-2.3863011762671507
NOL4L,-0.36874014499722635
LCOR,0.045572779340438296
DMRTB1,0.12865112134625187
PRDM16,-0.9461126652619738
IKZF4,1.744210063262645
TLE6,-0.7670400659175031
BCORL1,2.635521892359466
CTNNBIP1,1.6860827195944097
LMO4,-0.15288110315018993
HOXB5,-0.7930608681216317
SOBP,0.5677360128266359
EBF2,2.9327764592319276
GK5,-1.4523277670546895
MARCHF10,-0.10098415649323614
TOR2A,-0.6045359250068808
ZNF516,-0.5915053191475892
IKZF2,-0.5721865128021736
RCOR2,1.2183512333936146
C15orf39,-1.1189587780541081
PHC3,-0.005381932778803699
CBX2,3.392556055701848
ATXN1L,0.47086833940069156
ZNF219,-0.8109273910531909
TRPS1,1.4984521514480709
PLXDC2,-0.9559327947920551
CDKN2D,-0.8949336768838909
FANCF,0.1365262108949582
DGCR6,0.04140858084762657
TSHZ3,1.065855034814958
MTMR7,2.956970000504325
GFI1B,-0.46874462140187795
USP46,-0.41917876862266695
AKIRIN1,0.8910433821280862
TMEM222,1.0907431703949297
POU5F1B,2.5304106636665833
SAP30L,0.29831789725078683
PPFIBP1,1.2113956412078506
PHF21B,1.0033585237844849
SKOR1,3.484380881418455
SNAI3,-0.332967740835455
SLC2A4RG,-1.1665675377399465
TFAP4,2.0130089960865547
NUMBL,-0.02182448277560701
ZBP1,-1.0877637159140894
SENP1,-1.287340140173969
R3HDM2,-0.1971582400779618
FBXL14,-1.3623296047280649
MBLAC2,0.12790780901440524
MRFAP1L1,0.8813508357864659
NR2E1,1.5733865266473286
PRR12,2.69460603748595
NCKAP5L,-0.6613751415740418
SCAF1,0.4430539751517645
SCML2,0.12922142503518289
SNURF,1.2836768245880947
REPIN1,-0.5198522745878512
GPBP1L1,0.6131111305191691
RBM15B,-0.7037985838563697
ZNF512B,1.2703386153636638
ZBTB42,-0.9295868997695101
FHL3,-0.8624678470722356
PRCD,1.6733441867089986
TMC3,-1.0400156859461371
CLRN2,-0.7134882890841581
TEX36,-0.050683355045028876
BNC2,1.5234722415360507
TMC1,-1.0782900567612
ZNF79,1.710527967952046
RBBP8NL,-0.4790834342249785
TTC39B,1.955360858399666
GGT6,-1.043027298407691
CDH23,1.6450842623236255
ZSCAN4,2.079301633876619
KCNQ4,-0.49689002428742823
VRTN,0.9542841766178928
MYLK4,-0.7614836457436203
HMX3,0.2860298263785411
CARD19,0.22566835448891667
SLCO4C1,-0.22405323817464143
GPALPP1,0.9495535109708175
DTX3,-1.0059667232701404
PGAP6,-0.8759731633524972
KLF14,-1.1507414230596342
SLFN11,-0.5662271301027823
RPE65,1.0477633293011257
LHX9,0.13701399649086618
MSX2,0.5888642543436534
HMX2,-0.35322660269334233
HOXB8,-0.6807499496284676
HOXD8,-0.7951973565143676
BARHL2,0.6065671100278195
BARHL1,0.0371424174647022
BARX1,0.3086026137017084
ZNF503,1.3276422507365266
FOXE1,-0.1632115846919656
ZC3H3,-0.21569448206118153
POMT1,2.839728935490962
HOXA5,-0.2268201113981132
HOXB13,0.38002986559676477
FANCM,-0.3722373716148877
ZRANB1,0.25866244054997395
ABI3,-1.6069176049969842
ZNF652,-0.805468416024462
RP9,1.5311932593808735
STN1,-1.2337546241969726
MSI2,1.0138792818066376
GCNT1,-0.491025582885344
ATRIP,-0.1630849554048475
BOD1,1.8319088146225417
FOXS1,-0.9932786583573763
RAD51B,1.4663810897065337
RNF135,0.35194186948128486
GORAB,-0.1523915126967345
DHX35,1.9949071181201445
MID1,-0.6445334021854048
INTS6,1.5420788967993113
BBX,3.0804480010219115
SIPA1L2,-0.29318499791576574
PADI3,0.4747877689410037
GUCA2A,-1.2583083376964013
REG1A,-0.1599787619353365
MEP1B,-1.798807155083807
CCDC25,-0.4628750971736397
ACBD7,-1.059729178847749
LENG1,-0.32422279620867445
QSOX2,1.2538619490562535
SLC36A4,0.4333244051796126
MMACHC,-1.1935717619043484
GDA,0.11917639458805898
SLC35A2,-0.6666281926621256
MSRB1,-1.2339916973836687
SAMHD1,-0.7946729778615067
POGLUT3,0.625098451480619
LRRC36,-0.8562080628411387
DIRAS1,-0.11608626948810831
NXPH1,3.604270700747858
FKBP7,-1.5146834060701038
ZMYND19,-1.6601075232873075
FHIP2A,-0.39853835215797234
ODR4,1.2111090795623145
CYB5R2,0.9170856208445877
TM7SF3,-0.2919849589746548
CDC37L1,-0.42391806198257226
SMIM15,-0.45706393036928755
PARG,0.7679124139245055
MTNR1A,-1.138120815067318
UBXN2B,0.8107425864709308
SERP1,-0.7457139779936025
UTP25,-0.1629717305759535
RCBTB2,0.6957752949164406
WBP4,1.0289454473126882
TRAPPC13,2.445585848943061
OBI1,0.30364695590103874
DIPK1A,1.011508675122678
NMU,1.6040189677881764
DRICH1,0.9127266135087841
ACOT12,0.017467927037698585
ECHDC3,-1.1239935092629667
STARD4,-0.47183338433706684
VAT1L,-0.6690708152118102
ABCA7,-0.48062371858486636
PTGR3,-1.6894617740161937
SLC13A5,-1.7576779733762478
ACCS,2.308828626774977
CHKA,0.600183960533295
PIGL,-1.304820415553247
SDR42E1,-0.7711480597682288
NAA25,1.9720652283199955
GPAT2,0.544163870565605
EGLN2,0.9246308214941799
TRPC4AP,2.467091912387907
PIGU,0.15333699935921966
TP53INP2,-0.7141789223891216
DSG4,-1.9630314332507643
OR4P4,-1.965121526636555
OR4S2,-2.2656798585549103
HMHB1,-0.04349071176558025
HMSD,0.21779234251478075
GUCY2C,-0.7394354495775882
COBLL1,-0.002643873479716502
B3GLCT,-0.6216363645038715
TMEM87B,-0.37629431738268493
NGLY1,0.2011800235582339
ELMO3,1.0564550395284695
GLT8D1,-0.985781176123726
ZBTB7C,0.16307584685230408
NT5DC1,-0.6489354939334743
ENPP4,-1.0757545718544819
CCDC88C,-0.8684819273901929
BTBD7,0.11470551086437587
COPS7B,-0.6652449444775301
GPSM1,-1.2913519352609115
MSI1,1.297864127580275
GAB2,-0.8463569569598739
GAREM1,-0.5622474251005625
GAREM2,-0.3997009711656388
PIK3AP1,-1.0918776335541542
PTPRE,-0.5020531798653636
ARHGEF5,-0.9310587700824566
GAB3,-0.8472609188351055
GRAP,-0.6719355489405814
ARHGEF35,-0.08185233181457485
RALGPS1,0.09087683224579955
NTF4,-0.0019933602348803127
NRG2,0.7120537926299847
NRG4,0.37282641607767997
SNX18,-0.7183030516761416
PSTPIP2,-1.237463248859832
EXTL3,1.6659513290800438
NUTM2F,-0.6650276378051775
PRR22,-0.2070079871302271
ARAP1,-0.22928869497211093
REPS2,1.1081926323694398
FRS3,0.6073848060219594
GJA9,-0.9414231829444276
GAB4,1.4644424158048224
RALGDS,-1.0955229744363266
GFRA4,-0.7091018062454533
ZBTB12,-0.5843052728673438
UBASH3B,-0.23522117798937764
RP1L1,0.9207769715994768
SH2D5,-0.33501507718880935
PLEKHS1,0.17404959976256917
LY6G6F,-0.9107148666044308
IGHD,-1.2963810608942505
IGHE,-0.7826674605313404
PSPN,0.13845280652685724
MUC20,-1.2344587171480115
NRTN,-0.2663501697767845
MRAS,-0.2433081602259028
IL34,-1.4787415612489345
INSRR,-0.14821289895163106
ARTN,-0.017894284373031064
FGF4,-0.19792037645543853
FGF10,-0.6044905149688237
FGF16,-0.6718580849462104
FGF22,-0.6403251631730721
FGF20,-0.09928847763775321
CYTH2,0.013119330154319639
SH2D4A,-0.1698685222867403
OTUD5,-0.21550316332057592
USP6NL,-0.5298744739920112
RIT1,-0.5536835082756391
PHACTR2,-0.22213381275475688
ARHGAP9,-0.03926800352335448
SLX1B,-0.22735621632805744
SNAPC3,1.3822708898582066
GTPBP2,-0.8963486190640497
GPANK1,-1.1437352177193554
SH3D19,-0.6362943740330372
KIF3A,-0.22795724792931077
PHACTR4,0.29050889726705953
MIA2,1.0737021927266206
TSPAN2,-0.8520749762772225
DENND2B,3.328967176041771
C21orf91,-0.5526993551526111
CPNE2,0.3385198802115546
PRICKLE3,-1.0559494472441906
HDGFL3,0.2713128483494199
ZMYM6,0.546725935702875
PDZK1,0.22129304611365466
CEP152,-1.3420221280174933
SLAIN2,-0.835016567170085
AP4S1,-0.9727697246894517
RGS3,1.2239737003518858
TTYH2,-0.5014952474755616
RADIL,-0.15971164902869475
SOCS4,-0.6507203397835588
CELF2,9.664943787827568
DOCK3,1.873047638652092
SNX7,-0.6635025076002141
PCDHB5,2.2406223281331745
PANX2,-0.7528452953964397
SH3PXD2B,-0.9587507743043516
TULP1,1.334897923304178
VPS37C,-0.4476582324780208
BICRA,0.10383394848310565
STARD10,0.07141458537052056
LNX2,-0.7119889720943784
INPP5B,0.970412187140514
MAGI3,-0.31636915248856706
TCEAL8,-0.6887852503239102
BTG1,0.1819074295484259
PRSS1,-2.0305900172128126
RASA3,-0.7043369247769944
APH1A,1.0717980089201649
TUT4,2.065771244711405
SH3BP1,-0.9425571000835914
MATK,0.029162449134135113
SPRED2,0.7346393522724771
RALBP1,-0.051353384226499085
ABI3BP,1.0847131328918609
ORAI2,0.6072188907193317
ZKSCAN3,6.947280103418434
TESPA1,2.0648521364659165
HOOK3,-0.5182696191166222
MAP4K2,-1.114025848355383
MICALL2,0.5740307658148519
COPS9,-1.6023839935747222
SH3BP2,0.0006925944170787293
SCIMP,-0.7575123238284384
PLXNB1,0.7855619692448685
SOCS7,1.2951017433719396
BAG4,-1.2403983358543889
PTPN18,-0.2522750428489501
CD300LB,-0.03948782676375433
PLXNB2,0.8573451490507547
CLNK,-1.2670212524437665
ARHGAP20,0.31059372942544605
RGL2,-0.4684191632090701
SEMA7A,0.9681074348286225
KRT33A,-1.9979396911562544
SPRY3,-0.10680356900439017
SPINDOC,0.9448432373497535
TBC1D3B,-0.9882996610888074
STK32C,1.44900174251078
GAS7,0.9739710504777394
EPHB6,1.5428522410346632
PACRGL,-0.46351339667417996
CRYBB3,-0.7336410901818153
DPPA4,0.15876785607311134
SNX33,-0.8839592207279332
ZMAT1,-0.6734775466723079
INCA1,-1.3194041892788773
KRT81,-1.8232197567471602
DNAJB2,-0.507089161781961
USP12,-1.0367810508800925
HOMEZ,2.5436658736512743
ASB16,-0.04951547190861113
KRT82,-2.081868845082127
KRT33B,0.18492509828750223
KRT15,-1.9993453080870256
KRT73,-1.1158235688981915
KRT32,-1.5476309802147392
KRT85,-1.5887585608518746
FCHSD1,-0.2844127328207462
CFAP300,1.0402435172090805
GPATCH1,-0.3940222043542344
NCKAP5,0.9192154652643555
DKK1,-0.5722259076925978
PRG4,0.5700898611081835
TBC1D3G,-1.1972834436335535
KHDRBS2,1.351005336984135
SLC24A1,0.8622736280297378
C21orf58,-0.6840950665280471
PRAP1,-0.4719940875103792
SCARF2,-0.8095645782972674
MEPE,-0.37313650491114164
APOL5,-0.8024206716135804
RAB1C,-0.1328731729187725
TSKS,0.2009306120082586
ZNF32,-0.45164739594267217
FCGR2C,0.8500266984281439
MYRIP,2.182396327613853
DLX4,0.5708974079385349
LY6D,-1.3499649918112708
FAM110A,0.4927854689084469
SELENON,-0.9531291914377544
SPECC1,-0.02803229695987417
MYO1A,-1.238800374461775
GPR45,-1.8219587290923405
SNX8,-0.3840240899448606
F2RL2,-1.496404769048111
CCR10,-2.5927273586557793
HOXC8,-0.07427757090802686
LOC100653049,1.7531139723284574
KRT35,-0.5855998493904025
KIAA1549L,1.4643481510386747
CSN2,1.4914031368796195
NAP1L5,0.5207471568820776
NKD2,-0.8352870924688582
PNMA5,0.5444140743291453
PNRC1,1.1316234203132713
TUB,-0.017303754088286074
RASGEF1B,1.305476862200631
RASGEF1A,0.7114409914953382
SH3BP5,-0.728138077313606
RASGRP4,1.0742105979673
CFC1,-0.04651624582939218
RIN1,0.9169112375779763
NOSTRIN,0.9184205254301875
NEK7,-0.2540446709835642
RGS12,0.019937097961670557
ARHGAP39,0.5069888611684863
EPG5,0.13186603318532003
TBC1D2,-0.026847418459816048
ALS2,-0.34485357152062823
PCNX1,-0.42477690801457757
TTBK2,-0.7557060281680403
RHOV,-0.2663913987985123
USP9Y,-0.9692296891739819
N4BP1,-0.2119206100480121
AKAP10,-0.07818349620794078
KANSL1L,1.2078849903366211
NEB,0.342388557355749
PPP1R3B,-0.9145940986290423
PPP1R3E,-0.5452403024438832
DCAF4L2,0.1679529003424125
HSD3B7,0.4418496901342784
SCLT1,-1.2482046265114688
AMMECR1L,0.14726869486291017
HPSE,2.040145022412812
YJEFN3,-0.8969891880794846
ADAMTSL1,-0.7624213623305562
RMDN2,-0.4982058042546341
NUDT14,-0.8796251276866675
LGALS8,1.09698459027894
MC1R,-0.20501602357586213
ZFP41,1.7977745086485173
FAM81B,-0.13731068946039227
MYBPH,0.9501071153822296
AGTPBP1,-0.5806562053133512
TRIM31,-1.812614124161015
FKBP6,0.2115799077390006
PGA4,-0.8177296430316047
PGA3,-0.7348166856882788
PDLIM3,-1.3536257261460551
CYGB,0.222840414214553
IDI2,-0.9606808754727538
MCCD1,0.9154868611992504
NECTIN4,0.029271514562129206
POLR3G,-0.838500286812546
BORA,-1.5709522663544988
FASTKD1,-0.7601189834005259
OXLD1,-1.3941436102305376
H2AP,-0.477375031962289
ANO10,-0.5958040531051071
ZBTB24,2.731603510241805
TMEM168,1.0718108869949026
TCAIM,8.433198975983792
AANAT,-0.017517144869291654
IDO2,0.37682070041589905
PYY,-1.6932129637393587
FFAR3,-2.1784950030210677
HTR6,-0.8590752353511241
GHRL,-0.7745828885581773
FFAR2,-2.536801657946103
GPBAR1,-1.4679404089255899
HTR1F,-0.9006970454643648
GAST,-0.4853580031681196
GPR119,-1.9025573340547317
PDE6C,0.5794963747166504
RFX6,-0.5851024422341008
FFAR1,-1.665887187661619
INSL5,-1.9329668150945127
SYBU,0.8206269993966375
PADI6,-0.9258564081042908
ACOT11,0.4156542487218499
MYO7B,0.33243887590242926
ENTHD1,-0.7599825674818066
RPA4,-0.5737027427275199
TMEFF1,1.2508896015884707
B3GALT6,1.7845196309799147
CCDC50,-0.28901258219350184
TEX261,0.0745589184941991
RELL2,0.2458813398460007
CUL9,-1.1379702452419547
RC3H1,0.23464227218664532
OCIAD2,-1.059823104122203
USP49,-0.06921426905782992
NCAPH2,-0.9391057452276571
CEP57,0.8164317421815742
ACOT4,0.7555694670456095
TNNI3K,2.1677427380091716
SYNDIG1,0.17156259579340916
LRRC46,-0.7524299037607606
PLEKHG6,-0.40752023995308684
CHKB,-0.2184882717796783
GRK5,0.27181457526856223
AGPAT4,0.5040660436406624
SLC25A45,-0.8987017387269963
POTEI,-1.1667739057354085
MAP1LC3C,-0.4558823645393987
DYM,-0.8580863409311266
LLGL2,-1.048914749278517
PCTP,0.8404026416089098
NES,0.06205955253994599
C5orf15,-0.3933506300965771
DUX1,0.0024767979560750223
SLC39A4,-0.2615165842569431
PARP4,0.5512861125664811
ZC3H11B,0.1443490345804269
ANKRD40,0.2909985124215993
KBTBD13,-0.3428364578429045
SGCE,-0.2989277664086581
MEGF9,0.11690392906248304
PRSS56,1.744027746883966
TEPSIN,-1.0332024567426819
ESAM,-0.8344852562819552
PRX,-0.38575257811472985
EGFLAM,-0.3310242014405398
ITIH5,1.182902347319876
SSPN,-0.9832255720030306
PEG3,-0.20129568575191184
IGHMBP2,0.46490873260093324
FLRT2,1.5762059752400568
EGFL6,0.5841362010209034
SORBS3,9.97325020708822
ZCCHC24,0.8486715861591929
SNED1,0.12236670948445304
NAV3,3.158062545179354
CDH19,2.235176511400091
VSTM4,-0.6606228896651808
TNS2,0.06962419670050503
TMEM204,-0.4382893079417195
ADAMTSL3,0.026277306514079685
NTNG2,2.4057684500329177
LRRC30,-0.314851992325013
LCN9,-1.209427619083852
FBXO15,-0.8133238358905376
ARHGAP28,0.48696997972642114
IGFL3,0.10840713467286844
ZNF408,0.9595527265042323
PLXNA3,1.7536264325276354
LRP1B,8.606655366644134
ADAMTS12,-0.03934568805250401
VLDLR,1.5861814504971155
CLDN11,-0.7873758987269834
SEMA6D,10.023702655178054
CLDN6,-1.1790221698442584
HSH2D,0.3958187580289435
ZNF276,-0.282873329500854
SHCBP1L,-0.8188175184488962
ACTL7A,0.7729557780548221
PSG6,-1.840875679408837
PSG3,-1.2911749238513368
PSG9,-1.6027102845326668
PSG4,0.340451149843496
DKK2,0.39830784422154913
DKK4,-0.7116950811894079
KREMEN2,-0.8610658271245455
LRP5,0.8266671564408139
KREMEN1,-0.8315083538968938
WIF1,-0.4958131821040023
NKD1,-1.0890273085882225
WNT8A,-1.1455921186415916
DKKL1,-0.7482067977384688
WNT8B,-0.08364059034503415
WNT3,-0.04831339480458918
FRAT1,-1.0738687208584399
WNT7B,-0.2559157777702942
WNT2,-0.5136030028567192
SFRP5,-0.24848689711145774
NODAL,-0.5751301224076183
WNT10A,-0.5079053089569361
PORCN,-0.31264246918359173
WNT6,0.36526997884225426
WNT16,-0.9864860061710018
LGR5,1.246456766651853
WNT2B,1.0048800885317144
KRTAP10-1,-0.5931221699430417
CER1,0.9534227150562835
MIXL1,0.546486817403137
WLS,0.6563095732720184
RSPO2,-0.7409506250283213
RNF43,0.8738202443015157
DMP1,-1.2622926095235332
RSPO3,-0.18006490422755972
WNT9A,-1.3293771991240841
RSPO1,0.6222218676588562
FZD9,0.023226462267388254
LRP4,0.48259494057716124
WNT9B,-1.4229542403159205
HES3,0.10539649358747301
FZD10,-1.0120883308125317
NOTUM,1.4815869750448245
FZD3,-0.2491733935044714
GSC,0.4341701852169363
RSPO4,-1.0934353195951216
BGLAP,-1.2931044915706946
PTH1R,-0.7778235172143075
SOSTDC1,-0.7607314782693081
GLI1,-0.911007122195662
OSR2,-0.7775940237973157
DLL1,-0.08097150097491061
SOX3,0.06301463800008533
APCDD1,-0.6674913794544699
GLI2,-0.6097382793577605
GREM1,2.865077642748098
DLL3,-0.16576893955360752
LGR6,-0.13704248783054881
EPCAM,-0.5577532616786876
DLX3,-0.9695038597435718
ROR1,0.024205199932878778
NOG,-1.0095890917586643
DLK1,-0.4334969224850102
TBXT,0.12433705196057332
HESX1,-0.22621374273366163
LFNG,-0.0769181496942368
SOX7,2.2529904417329183
PTHLH,0.4742754043142976
SEMA3A,1.5824086827298893
PHLDA1,-0.96940699109416
ULBP2,-1.128986405982094
AMIGO2,-0.8888683122179128
RGS20,-1.7030519450577448
KRT34,-1.526929818888157
TGIF2LX,-0.5310609966638451
PRSS2,-1.7792387939619592
ANXA8,-1.166241958907301
KRTAP10-6,-1.6350064280830454
RBM48,1.1276462064382788
CEP126,0.07236524864310089
CALHM1,2.3312594162207168
CLIC6,-0.22444426573910822
CLIC3,-0.8740592718142356
LSM10,0.08032059968323024
OSGIN1,2.0073803689205665
MOB2,-0.5601566437233108
CAPN9,-0.9600567641142698
PRR13,-1.205047952376896
NTAN1,-0.2099473921183556
KLHL10,-1.2854346796374807
RBM12,-0.6158884539023023
C10orf88,0.5255973326840289
ZNF595,-0.783392945126836
PWWP3A,1.2933312638024703
FOXN4,-0.07864207421467793
MAB21L1,-0.04767446324080837
VASH1,-0.2602252813599686
ZBBX,-0.9117629717610038
HTN3,0.780715034389262
FRMD1,-0.891313367291606
TRAPPC12,-1.2330867184184613
TNFRSF19,0.7704338810307619
RGPD6,-0.47924529798708493
ZSCAN30,2.834962662944387
MYORG,-0.9647564569642848
SCGB2B2,0.25382002190963704
DEFB107B,-1.1431214642162735
CST4,-1.1057411202030414
LYZL1,0.15370799207395894
PRB2,-1.4424192123642536
BPIFA2,-0.4032153389682066
CST1,-0.7817689743990691
BPIFB2,-1.3914079387697398
CST2,-0.7369497649651183
SCEL,-1.980645899316722
RASSF6,0.35553459644457136
KIR2DS2,-1.0028440594400574
TSTD3,1.2466814259702061
SERGEF,-0.7963031021932393
CHM,1.9022107495132194
SEC14L3,-0.7584865746922466
DEGS2,0.8951953254306995
MAF1,-1.6117013168134335
ZMAT5,0.2553664251183249
RAB11FIP5,-0.78732057414509
KCTD17,-1.4650307643140401
CEP41,0.8671693917072677
TMT1B,-0.5885654831949925
LRMDA,4.149875592638621
LMCD1,-1.3158667634214307
RAB15,0.45213398342279076
EXOC8,1.372176636159301
UNC13D,1.6460232822652876
CEACAM21,0.7191510887361253
RAB33A,1.088298404725581
LARP1B,0.5837151353657303
LZTS1,1.924083761890663
IER3IP1,-0.7101515296231411
RAB3IP,2.864644302262874
PDE6D,-0.4552910186749605
CHML,1.813526450337295
RAB39A,-0.004985648174569921
RILPL2,-0.5389974346350915
RILPL1,-0.050059117530294364
RAB28,0.4951187315825391
RAB29,1.2975609814720064
RAB17,0.724901815629835
RAB30,-0.6341618094566598
RAB39B,0.48222467821119047
RAB24,0.7490558768348851
RAB41,-0.12612828806733736
RAB42,0.8730795130458726
RAB40A,0.18792264326174277
SYTL3,2.8024245602154028
RAB40AL,-0.8121213855456656
RAB27B,8.755059979602269
MLPH,0.996853875512503
TMEM63C,1.1340443107527873
TBC1D5,-0.5996364597131455
EVI5L,-0.3377128761235262
IFT22,-0.8783508919101829
IFT70B,-0.963217057418365
EMP3,-0.3495874528711993
RFFL,1.9544911901492066
DENND4B,0.13405890346474153
RAB12,0.19745865335988944
PLEKHF2,0.8774129197162271
KIF16B,-0.5543688975983563
MON1A,-0.0023968753423290246
CCDC93,-0.9567530749707528
TMEM65,-0.4341832040513637
EVI5,-0.7476557169314751
PI4K2A,0.37068966672093123
GGA2,1.2529037542955106
C3orf38,-0.07659655516149261
ZFYVE1,-0.6447734181846903
KCMF1,-0.783152716881327
UBAP1,0.19886309776653263
VPS37A,1.35354308596906
SNX14,2.0773845866075056
BICD1,-0.9423361725736237
TBC1D20,-0.29403160371091325
ZDHHC3,1.6750670578246682
ZFYVE27,-0.9805670874734731
ATL1,-0.4614200388917402
STX2,-0.15630372250693644
REEP3,1.5961038507531145
MON1B,0.7131659500686488
RNF141,-0.8988906019788033
RABL2B,-0.22140940012870755
WASHC1,-1.0662944981377216
MMP25,-1.3054694517574774
TBC1D23,-1.7145383027416892
YIPF7,-0.9666955294671328
TRAPPC3L,-0.4788785841057087
PPFIBP2,1.3058608296483387
WDFY1,-0.953353099851615
ACER3,-0.48045891740162855
CAPN5,0.0967808955523381
RALGAPA2,0.8093472439269788
HYCC1,-0.6738186674246704
GSKIP,-0.37773777192792773
BACE1,1.648746031574161
DNMBP,-0.3603445989667701
ANKRD50,1.7392932859243713
KLHL21,-0.9582822106112681
TBC1D14,-1.2195520739973764
KIF13B,0.56145766044886
SEC14L1,0.9899034325994089
EXOC3L1,-0.7780901863287027
STARD3NL,1.1555462802631624
FGD4,0.1151157007639093
CABP4,-0.05173006719458078
C6orf89,-0.47474034492288986
SELENOS,0.20653963342241394
FARP2,0.46045909086729647
FAT2,2.459221360185952
WDR41,0.9538661296867318
SNAP47,-1.025850780139852
PPM1J,-0.7196637305063002
SYTL4,1.455268999863578
RBM18,-0.0842756769632248
CDC42SE1,-0.35898029131462184
DENND2D,2.772310433403487
NUFIP2,2.6793694276272553
FYTTD1,-0.6926224422440075
CNEP1R1,2.0978673020347856
ALG14,-1.4229566207908275
FKBP14,-1.6641593114129964
ZNF423,2.013778738809033
TRIM6,-1.5655793511541507
SVOPL,1.091798406142598
TYW1B,-0.5563474558480483
MBTPS2,0.08075036220594713
DNAAF5,-0.6192365804160439
TMEM181,1.5337473819829401
B4GALT4,-0.8637521013935571
MYBPHL,0.8909667212898252
GPHA2,-0.5129368604135144
SIAE,0.7487582603631774
SALL2,2.399716035440068
OIT3,-1.1349442622364692
NUDT11,-1.09838682532546
MAGEA8,-1.300495282904925
FSTL3,-1.3083726907515125
GAS1,-1.3314960719687168
UST,0.10527045034538667
HSD17B1,0.12950973531457732
LHB,-1.2524064039454323
CGA,-1.3106924530906316
MC2R,1.5983676609573694
STAR,-0.49562681472432124
LHCGR,-1.3965904021817888
MRAP,-0.8098387299666205
INSL3,-1.8569053367391262
NR0B1,0.11433982280449569
DHH,1.5442887423624612
CGB5,-1.1451704525924822
SLC16A13,-0.5815691095364921
PAGE4,-0.9964832875733448
TSPY1,-1.0512702549916764
LGALS13,0.5850023613810574
ISM2,0.8090122278734702
VGLL1,-1.4529856785968747
MAMLD1,-0.9945421684197552
GDF9,0.20334598631702006
INSL4,-1.4874991976017413
FIGLA,-1.0457423482294816
CGB3,-0.8894392025174526
FSHB,-1.0522402115730336
XAGE2,-0.9331354117844735
RXFP2,-1.919980050749215
GNRHR,-0.3646002013511236
PRB4,-1.4607193674257057
PRB1,-1.1345957558036748
ZP2,-0.4937343525779076
DGKK,0.16655497860132792
GNRH1,-1.0870413772053855
TSPYL1,-0.832414912568341
ANKRD7,-0.37914866332415653
YPEL4,-0.4355777388622986
DMRT2,-0.8377233756941848
HOXA13,-0.023300242150803178
H3-7,1.9584333993236613
TSPO2,-1.0544434258060909
RS1,-0.02351503344888068
THEM5,1.4466826250588647
ZNF157,-0.3607225826839665
SERF2,-0.5293796499114659
AAMDC,-0.9798624412610197
AP3S2,0.5305422932123586
TMEM209,-0.3300126353387277
FUOM,-0.5714045813070487
LRRC1,0.5096056104798807
PRIMPOL,-0.3366910535286866
PNPLA4,-0.7010511492336969
GON7,-0.749685281820904
CNNM3,-1.1564022434766448
ACCSL,-0.18935541454328644
ASPG,-0.49125332278827727
TPPP3,-1.0963952573551277
STEAP4,-1.0639079112709566
RBBP9,-0.5444194793345193
IL36A,-2.0697083889243904
EML2,-0.05293036146589288
NAPSA,-1.413647095452381
MAP1LC3B2,-1.1310112264717709
CLPS,0.9954470066650093
CPB1,-1.394587890856809
CTSE,-1.2380787028564921
PPT2,1.3960947942976656
DDI1,-1.095288808079151
SLC38A7,-0.4982762490012778
COG8,-0.2581309211383967
PDCD2L,-0.2648867411125739
ROBO3,2.99710131340951
GPR160,-1.470096116673383
FN3K,0.19381797776269266
FSCN2,0.6160743967775908
TMEM53,-0.3389933773604649
SNX10,-0.2832064136930194
MAST2,-1.0774412455438884
MAST1,0.28150835503851496
JSRP1,-0.5723764579725927
PPP1R14A,-0.418947519466988
SPAG1,-0.9226816203014662
PDE7A,-0.4789982139893347
WWC3,-0.2840052072788011
RGS9,-0.3249186072551106
CLDN10,0.282859402796926
TRPV6,-1.3513254642043941
TRPC7,0.4744987595112022
RGS9BP,-0.47695108830990623
ADAP1,-1.1022434709910558
WWC2,0.840654861259135
MAGEH1,0.9098424341931289
CCDC74B,-0.9835125206394083
TNP2,0.06114742463708949
TEP1,0.14502874042329578
TRPV5,-0.3100665077722753
TTF1,1.0155893393767712
PRR5,0.7383813784965817
NRG3,2.918306351346679
PLCD4,2.5386252196330883
PLCZ1,-0.42488987656188365
WWC1,-1.1987070236523731
MYH7B,1.59852329199124
SDCBP2,-1.0682300080526765
PLCL1,8.109225198099212
MVB12B,0.5940112347855376
GNA15,0.9407084540568647
CASR,-1.1001092011957283
TRIM41,1.4045604775592677
TAS2R7,-0.2686165049493799
PTGIR,-2.3767108012090112
HR,0.3121152770984856
ARFGEF3,-0.8881453820211378
SLC25A41,-1.130563374908811
PHLPP1,2.331808849156477
S1PR3,-2.0356999928057746
DGKD,0.6740352920797685
S1PR2,-2.239733568373513
CEMIP,-0.22577810906847764
MAB21L2,0.11833181425173231
ADORA2B,-0.2787844940654612
TMEM185A,-0.09775635414267429
SLC6A9,-0.11318120861217247
KCNE4,-0.3541529380295639
XK,0.1323939902608364
TCP10L,-0.7415614583260333
TRIM5,-0.5232972420344314
KCNN2,0.1073788036879804
GLRA3,1.5579413330290404
NGEF,1.9556411176965736
SHISA7,2.903896984909015
RGS17,-1.0743286440222362
DOC2A,-0.17478709527645916
DAB1,0.9886456555757976
ADRA2B,-0.2762853786607149
ARHGEF25,6.989291556163896
TGM1,-0.25440219690855087
GJA3,-1.2611965949531372
REM1,0.08564736005929441
CEND1,1.8221297887824563
GPR52,-1.821355945905956
P2RX2,0.979901596163424
ATXN7L1,-0.7003364167918361
DPF1,-0.3848282730003681
ENTREP2,1.340496005947876
NPTXR,-0.020262276955590474
MTNR1B,-1.4028059802571136
NTN3,-0.42148879931587524
ATG10,0.7156968183384214
CCDC160,0.13846369217114965
INPP4B,8.946897913262692
DACH2,0.3645746575171925
ANKRD35,0.15418708455098726
ANKIB1,-0.7065475605835339
DOK5,-0.3295332724397164
PHLDB1,-0.551994620146639
ZNF765,0.16204049669535456
MSANTD3,-0.4536222776395177
HECW1,0.8979043210211682
ASTN2,7.670256575859812
SAMD11,0.02397281894429267
FAM222B,-1.051112113185882
CCDC88B,0.14778862972875403
KANSL2,0.39989575544477446
IGFN1,-0.6079964797965602
GEMIN8,0.21855630463228973
DNAAF10,-0.508544741236127
SDCCAG8,0.8335305903008811
BEX3,-0.9928488530718771
ARB2A,-0.06695616444928211
LRIG2,1.225943668361895
MYO9A,0.006240195338936735
ATAT1,-0.6563572774723847
CEP89,-0.9525090203830535
FIG4,1.399749502853425
TBC1D13,-0.9446298335931533
FBXO45,-0.6812667039117184
SH3RF1,-0.6156808603493135
PSD3,1.6153902208922282
SLTM,0.6886379174031718
USP6,-0.2366896016061999
NKTR,0.9045341786474341
RASSF7,-0.8425355852648264
CXorf38,1.0309566374259371
PPP1R26,-0.27352765535733087
RUBCN,-0.5275936326941257
ID3,0.7228034552158414
HECTD4,0.483538194577528
AHI1,-0.7249716635400831
MYLIP,-1.7585636989244675
KATNIP,-0.25812799160247946
TMUB2,-1.2583883024421134
NPIPA1,0.6806963920862706
ZNF444,2.119657037735448
MRFAP1,-0.3691666116442275
SPAG8,-1.5319017090260378
OTUD7B,-0.15246045785207324
DZIP1L,-0.71355139914096
ANKRD36B,0.4138284903371949
ZFP2,2.529607367950302
MAP3K21,3.3444700014110156
OTUD3,0.40697772768876966
RNF103,-0.04850322549729341
RUFY4,-0.29594743428137377
RAPGEF6,0.0715966610293434
DNTTIP1,-0.7775801226288314
ZNF266,0.6119184146716747
FAM13A,0.9290209479438902
FAM53C,0.18292287620360814
ARHGEF17,-0.18656099211898627
INPP5E,1.041619864530579
CLK2,0.46217195116723275
DZIP3,-0.7059306372659583
CCSER2,-0.6095435916213446
TULP4,0.36246522982070406
ATG9B,1.6212564802799623
PIM3,0.7038107131567138
FAM221B,-1.1200294723679978
ATG4A,1.401917860136285
USPL1,-0.12507992321502032
MPL,-0.8319366844229745
SEPTIN4,1.9194597027001041
SSC4D,-1.0028779734601407
INTS3,0.05774581756611559
TUBGCP6,-1.42339365598999
DCP1B,-0.6333388629264068
PLEKHM1,-0.046154061890971716
TMEM94,-0.37859214110559314
PCNX3,1.4807853802418944
GPN2,-1.4867848659587115
P4HA3,1.6613789797458474
CDK10,0.1376756369926976
SIGLECL1,0.9706064570761944
CBY2,0.20231629031114157
PACS2,0.18724791315997183
EML3,0.06820915386067594
AHSP,0.24145385923423113
HBA1,-0.8612022545628505
ANKRD22,-0.729772079515442
HEPH,-0.6754527340375853
CCDC103,-0.645399466272483
TATDN2,0.8212586853812419
SLC40A1,-1.1339055125241084
METAP1D,-0.7281187741118881
JMJD7,0.9321102727185695
WDR4,-1.304769295958685
GP5,-0.15694907239001527
GYPE,-0.4163914311129279
GYPB,-0.48134936994493976
RHCE,-1.0752883334780923
CRPPA,-0.5209580937188731
TYW1,1.2527057695188015
UBE2F,-0.9277630883263446
ARL4A,-1.0025946194238489
MIX23,1.0199080749899991
SRRD,-0.3807937903926788
OGFOD2,-0.39789608864028164
TBX1,-0.2854328335677766
ETV2,3.354863273264501
HEY2,-0.13418885191299815
MYOM1,-0.071675334763647
MBD5,3.9807050195374263
MESP2,-0.07702615257747124
DPPA2,0.4435522851313902
TWIST2,-0.00743832967033315
TMEM161B,9.90545008283933
MS4A6E,-0.20502228984977344
IRX5,0.6866734155187908
PKIG,1.7849100210520366
ZBTB44,0.10924541877772034
RUBCNL,-0.05657800850740282
HOXA7,0.40867197056546123
PARM1,1.3774182009603215
VGLL2,0.989883348923785
BACH2,-0.3088597569051661
CYRIA,1.2493949003181295
BHLHE41,0.2689511424744707
HOXA2,0.8834601497253083
ZNF202,2.8283358341524627
RECK,0.9038232391956506
ADGRL2,0.24646945182668997
HOPX,0.34833284304853007
ARHGEF3,0.1050037932516788
RGCC,-0.3617895869733347
BAALC,0.21285005705589022
XKR4,1.6433299109070696
MS4A12,0.11242276094146608
TMCC3,-0.7157381741070085
CYS1,-0.07113868784217628
ERICH5,-0.3477339744801359
SLC14A1,0.3982646993876022
SLC35C1,-1.188535736629971
SFT2D1,-0.35701168224204377
ZNRF2,-1.214926909200878
PLPP4,0.05765914686393057
PCDH10,3.1421749590075683
TMEM63A,-1.2960374587397105
ECE1,0.7044435138273893
SLC15A4,-1.2890460497603335
SLC9A7,0.8217464307586544
PRPF38B,0.36002559927168504
METTL2B,-0.258778700168375
ATP6,1.064031318051713
LRCH3,0.3598538976057166
DPY19L3,-0.6105906991215689
ADGRG1,-0.771289839445952
DOLPP1,-0.7841049019782391
APBB3,0.2622891150824091
SLC26A5,0.54313601285194
SCNN1B,-0.2865293405567437
CLDN8,-0.3545214619947435
SLC44A4,-1.6293392985173765
TMEM213,-0.32007010626736954
CLDN14,-1.1962310728175267
PROM2,-0.9861643332109243
SLC34A3,1.3042426180329094
ZDHHC13,1.3444863841430121
SLC9A9,1.5210978691514307
LRFN1,1.2571315732085009
LRFN4,1.07762574611107
LRFN2,2.0113757900145908
NXNL2,-0.06215464529368077
NETO1,2.6947342550193496
CNTN4,3.7660454889249877
P2RX6,0.4542331045650935
CSMD1,6.281992043285392
SLITRK5,1.7345632082138516
P2RX3,1.364241793400747
ABCB9,0.6376726154654123
GABRP,1.6552138109092418
OPHN1,0.19578563954050404
HAP1,0.11808137501366951
BEGAIN,-0.7786949843050903
SORCS2,3.221805178944117
SHISA9,6.367676014732325
TENM2,9.53622825581237
ADCYAP1R1,-1.1703590059933449
CHRFAM7A,-0.20704651856826922
LRRTM2,2.2456582154240308
LRRC4B,1.4154991625706759
P2RY4,-1.709004043659334
SSTR4,-0.8928111938384777
NCAM2,3.0268474255477673
TRPM3,0.4918465428699188
GPR35,-1.3829863341899151
CDH7,3.456156367071986
KCNK2,-0.3558361103020343
LMO3,0.9740799850737031
CDH18,3.220194881880253
AJAP1,1.917621395413481
FUT9,-0.3019938783608695
LIN7B,-0.3843763082137492
SCN9A,0.2327942011424181
ADAM30,-1.1879626977248474
DGKH,0.05978966493270727
CALCR,-1.4743629620843761
POM121L2,0.8697421939055147
CNTN5,7.462368110649237
CCKAR,-1.3334631420986975
NYX,-0.814519351250391
KCNK10,0.6882741651264283
KCNJ13,-0.8644537516873121
PCDH11Y,1.5398543146190888
MYO16,1.4970104101200332
TAAR5,0.542194427935386
GPR12,-0.3381201263001999
PROP1,0.9109232539482313
TAAR2,-0.4609841265874091
TIAM2,-0.09270073942532098
PTH2R,-1.6390080883946754
FANCB,-0.1046828442085898
FAAP100,-0.035731514446973714
FAAP24,0.451435235155944
FAAP20,-0.3456182986367383
POLN,0.5163849238593742
MUS81,-1.206103384433688
EME2,0.2805486318116406
CENPS,-0.5392704323792925
SLX1A,-0.18687851879652548
DCLRE1A,-0.3512811505891319
XRCC2,-0.48876558301076123
HUS1,-0.8372314496181125
XRCC4,-0.013818410690636865
RAD9A,-0.15769027707500072
RNF168,0.11256170689778161
MSH4,-0.5278011055227677
USB1,-0.8415371975941995
CTC1,-0.7034027530205522
C6orf118,-0.5288683902525984
NHEJ1,-0.2197665882102161
HAUS8,0.9103584203922157
NUB1,0.10080489803432766
ABRAXAS1,1.3499393239959905
SPIRE2,-0.7858742271754996
TICRR,-2.035260299725003
TONSL,0.5005258089692717
RDM1,-0.2566708426275124
MMS22L,-1.97846298113096
INCENP,-0.6687650910111236
PIMREG,-1.379456619863112
ARHGAP11A,-0.6415053507715001
P2RY8,0.043700505630528845
FAM83D,-1.1600658036317102
TEDC2,-0.794765308671427
DBF4B,-0.991813057664801
ETAA1,1.5637593079339103
HASPIN,-1.3000402134546438
NSMCE2,-0.29958437454068276
CENPO,-1.0231801543655212
CKAP2L,-1.5036166846951258
SMCR8,2.231697177473104
LIPG,0.13240021233584756
PMS2P3,-0.17470748249426715
TEDC1,-0.1039164247977736
USHBP1,-1.393056035395028
GABPB1,-0.4368017926592844
TPRX1,-0.15436998264760424
SAMD3,-0.5696031273207872
ZNF329,-0.14916197802989967
RTN2,0.3907278598823889
ZHX1-C8orf76,-0.5093184037784733
KDM8,0.4461571739542065
TMSB15A,-0.06753122677111979
WDR54,-1.133200111040378
RHNO1,-1.2969973863758701
REXO5,0.045807733403371784
FAM228A,-0.7728730348649755
ZNF514,-0.7170510396370958
ZNF552,0.5389415316656101
ZNF212,-0.29723334663375767
KATNBL1,-0.849596442592227
TFAP2D,-1.3506225631777782
ZNF620,1.989737413601618
ZNF774,1.87268294831331
BEND7,-0.9202942476739568
PPP1R3F,1.9212382728567856
LONRF2,0.9050833216137512
ZNF282,-0.35834309239775985
FAM81A,-0.32001935514083685
OR52B2,-2.0408140561590478
IP6K3,0.22128702120870208
TRIM43,-0.9979628133581909
TBC1D25,-0.6361306907516381
HOOK1,1.9080698197598989
BTD,-0.8527221515245349
FTCDNL1,2.030685374983061
GTF2H2C,-1.2180039243837928
ZNF133,0.016350786610426372
TRMT10B,0.582700833379817
GSC2,-0.9594825184862164
ZNF707,1.5831649202181812
COMMD2,-1.0837672150660744
EEF1AKMT1,-0.9570236327048391
EIF1AD,-1.0062603177918008
C1orf43,2.650159293938912
SS18L2,-0.28418831891023494
DCUN1D5,-1.461719579091469
PSME3IP1,-0.8390755419979864
CGAS,-0.23662384562134853
INTS12,0.9923235198422545
ZFC3H1,0.987048862684124
C18orf21,-0.6683516847676212
CUEDC1,-0.7003085944267322
MORC2,0.43329102653306095
ZFAND1,-0.7918264611939656
ZNF574,0.317481994615741
ZNF324B,0.9878091214525612
CCDC43,-1.3448566755952933
ZNF121,0.7156268197303365
TM2D2,-0.9494481186325168
MSANTD4,1.796341944379363
CCDC59,-0.20620322236026128
RBIS,2.6424424494165697
MANBAL,-0.8751388507658672
ZC3H8,0.0017401389718601354
YAE1,-0.642946174541876
PCMTD1,0.37517943308750484
ZNF169,2.424436515873043
NOL12,0.7336483982962353
CHCHD5,-1.1963081151361203
RPP25L,-1.2405357323155806
FBLL1,0.13631359916861896
RBM11,-0.6874289888263422
SRSF12,0.694718863039049
RBMXL2,0.3299441517935204
ZNF576,0.6680735940971373
LBHD1,-0.7737260667793041
PPIL4,0.9915035861194138
ZKSCAN8,6.70929443147443
ZNF460,0.48266641148183526
DCAF5,-0.4764689987758718
ELP5,-0.31795053808763385
NSRP1,0.1309670095606111
ASB6,-1.188708947722697
TRIM71,-0.23479644464681884
SGMS2,-0.9241451217275389
SLC10A6,-2.237733186848729
SLC16A7,0.5927826446141005
PEX12,-1.3733096933206634
RETREG3,0.7809095653221929
ASCL5,-0.25282803608473214
ABCA5,-1.331048823904608
CERS4,0.9440122112288261
TRIM38,0.5420070849687707
ASAH2,-0.9120819724115684
ZNF415,0.0009928755403917854
MFSD2A,0.1277860737681056
TNFRSF10C,-1.6031149122108654
ZMAT3,0.1880468073498523
TNFSF9,-0.9097973488988895
CARD6,-0.5883322461450821
TNFRSF11A,2.3375132399398626
CRADD,-0.7439915811648881
IER5,-1.3586370454111443
DFFB,-1.1254997859368292
GPR3,-1.5830973789347085
CIDEB,-1.4694717276399172
PHLDA3,-1.0889535183666197
PCDHAC1,2.40194583050852
BIK,-1.622459439698231
TNFRSF6B,-0.43552940420993014
IER3,-1.2180058045427256
BCL2L10,0.2718830232066142
LRRIQ1,3.2138720204141147
TSPAN12,-0.8758492342934527
ZDHHC15,1.6420572535670173
MARCHF2,-1.1495516125585754
TMEM223,1.888150391671662
TMEM231,-0.4645574840437846
HRK,-0.027728092228410946
GINM1,9.178718054824278
PIDD1,-0.43499004918814516
ULBP3,1.5292187446333303
NECTIN2,-0.027030653125923284
GADD45B,-2.157130986336156
IRAK2,-1.6756971200612982
PPP1R15B,-1.0852597659501237
TRIM66,1.0437140603486332
CXCL3,-3.6228323855174414
SLC35F2,-0.01739385438985624
MPZL1,0.49470606091583597
CASP5,-1.0345770755523729
BCL2L2,-0.023226312311338558
NOD1,-0.2424631662719287
NAIP,-0.3040728994224811
BOK,0.5553452245391531
ST7L,-0.14428656934599982
ZNF16,0.31575796312150367
ZNF655,-0.4166463046116985
ACOT6,0.4241647253118904
SLC22A4,0.12709517502023784
MTMR8,0.9657282921560438
SLC25A18,-1.4225974616504433
PCNX2,-0.05209032709247026
MMD2,-0.43436697900085924
RDH12,1.5201776621319922
LRP2BP,-0.6170615899860372
PNLIPRP1,-1.2325492583274589
SBSPON,-0.9626138535066174
FABP6,0.15708192543898264
GDPD2,-0.3920948132958102
TFCP2L1,-0.3594836758620608
OPN1SW,-0.6522023522351674
PLCH1,0.5894502896811927
ART3,-0.3369881706176183
RPGRIP1,1.5040844183175697
SGCZ,7.598889849459008
CCDC71,-0.2924353168932704
FNDC11,0.38033335740757146
BEND3,2.6219432069956388
XPR1,-0.973688779027383
DIAPH3,-0.3657445276595804
SLC35B4,-1.1707503264821184
GRK7,-0.7235362015474093
TIMP4,-1.142173155607479
TMEM154,-1.0002368187190844
EVA1C,0.7814755667175136
CCDC107,1.0826879994287284
C2CD6,1.996295133942349
SLU7,2.1149930978565075
DGLUCY,-0.41086001595292604
CORO6,-0.1172976320090649
DIP2C,0.898377085167715
ACBD4,-0.8137855436490744
GYPC,-1.0521570894924237
KIF6,-0.2683033063785643
PLEKHH1,1.061798047620966
SLC66A2,-1.0623515422909056
FAM174C,-0.4781295844567114
IDUA,-1.3904087335903277
CCDC9,0.06564232350017414
PLD6,-0.9327758730679101
TYW5,0.5495108743969631
GLYATL2,-0.7934533440750022
GLYATL1,-0.8451671247829284
FAM47E,-0.2969950564837092
SLC5A4,-0.07163183272564275
SLC22A12,0.7069120780554887
DNASE1,-1.5013817777651792
JCHAIN,-0.9603888254579276
NFKBIB,-1.1560125566186183
CCL4L2,-2.54260418143067
B3GALNT2,0.16347560985137305
TMEM62,-0.35732091480715283
PRTN3,-1.4031298010119948
C16orf54,-1.287104970552473
IPCEF1,0.7188157494182641
ADGRG6,-1.1834524718058648
NSUN3,-0.5368753883844924
GJC1,0.08333072269948201
PIGM,-0.5754129167350337
SLC38A10,-0.6770296016981534
DSTYK,0.07598952507876465
VTCN1,-1.0409022878710097
SPINK2,-1.0549844625484668
NLRX1,-1.156549871627457
FKBP11,-0.5618804139600484
APOBEC3G,0.7314175327534324
RGS10,-1.030265680388799
IFNLR1,0.005645968943944104
TLR5,-1.6641488098799349
TRAF3IP2,-0.34369184047918333
NKX2-3,-0.0009187848250997274
CXCL6,-3.011309550210058
SP110,2.163813411610006
OR52A1,-0.19923783037381523
NDP,1.3902680442849273
VWC2,-0.8692469522180203
ZNF688,-0.5981532119534289
PLEKHG4,0.508243209351459
MOGAT3,0.9934705062223818
TTC36,-0.9994059196398154
TEX28,-0.8054975557003898
TMEM45A,-1.3274715496609102
FUT11,0.9983597656767081
CCDC102B,-1.0133900365361572
ZNF641,0.7088293174461713
SPAG4,-0.9937851632972795
PRDM8,-0.23484741790157154
PLEKHG3,1.514966239044777
HBG1,0.360671724014804
TLCD4,-1.462397164983675
C8orf76,-0.5742795076669716
TRIM58,-0.6271871334419145
UBL4B,-0.44496405473619366
TRIM74,-0.9708440692097337
MMP26,0.27306305337512465
TMOD4,0.16230758196905043
HBQ1,-0.5314329646650363
HBG2,0.6108178509388899
PRSS50,-0.70238310844333
HJV,-0.7803284777069092
STOML3,0.05050942536155419
USP42,-0.0537317936405286
OSBP2,-1.1532325793913092
B3GNT3,-1.4652586554737876
USP20,0.4593896596128151
FBXO42,-1.080956763718819
WDSUB1,-0.6919828945408848
MKRN2,0.3530550422883658
CNTNAP3B,0.018257310382148284
ANO7,-0.24992574104545595
LRATD2,0.6012610529121702
CPNE5,-0.4693535920608758
TSSK3,-0.14069139473056774
C1orf174,-0.416210132147328
NARF,-0.478130735929354
NSUN6,0.6176925428140129
NIPSNAP3B,-0.8725473650902758
AWAT1,1.120319008094092
AWAT2,-0.7198541029347716
ZSCAN5A,2.410180884635478
ZNF740,0.49862511737210946
ACTMAP,-0.6054136876170803
SUGCT,-0.9014130181900322
ZNF785,-0.4525230116252842
C7orf25,-0.13004889105753079
FBXL20,-1.576785323600872
KLHL4,-0.7916928845899026
DYNC2LI1,-0.4032471483087023
TMEM254,-0.4573646090455423
IFT80,-0.684426635441526
IFT88,-1.129941930387898
PPIAL4G,-0.07739868058920137
RASL11A,-0.7784238664583907
LRRC14,-0.5712448427802159
APOBEC1,0.13183416202559353
OLFM2,1.4692626609077288
GAS2,-0.8065928643616088
SLX4IP,0.029959383016643793
CYSTM1,0.9131442111753509
PDZD8,1.0697742655346045
ZNF789,1.198313897075363
ETV5,0.8515983010271341
C1orf116,-0.15673654166022083
TMC5,-1.34028354054021
ZSCAN26,6.488298336377329
HEPHL1,-1.3703893593792393
VSIG8,-1.3550882163410967
DUSP14,0.36983123463027
TUSC3,1.335765828930344
IP6K2,0.11749760834742536
PIGC,-1.0208157201223989
FBXL15,-1.26627101488898
SLC39A13,0.1352447991072912
SGSM3,-0.9914339650375514
MOSPD3,-1.4221323310703673
MXD4,1.6998425161337685
LIN37,-1.2475493108298423
SETD4,-0.1324110786699111
L3MBTL4,-0.5570129863257705
YIPF2,0.18179165810673015
TSEN54,-1.1150002364488145
METTL22,-0.7676391292906165
PGAP3,-0.28612125125668664
SMYD5,-0.4378379149478647
CHPF2,1.2622971783031667
RXYLT1,-0.5172370190289359
C11orf24,-1.1047442825374378
ARHGEF9,0.5738161733169189
GPR158,0.21277701848044475
NALCN,0.2209778805983714
DGCR2,-0.8303937420734026
PCDHB14,2.2306840132116186
LRFN5,8.179229091162284
NLGN4Y,0.9224016462509566
KCND1,-0.6226747188360486
KCNS2,-0.29583585114872074
LRRTM3,2.1334685725401834
FSTL5,2.83183196586183
FBXO2,-0.5184331509196185
FSTL4,-0.27494557799852176
VIPR2,-0.9161182076401341
KCNJ14,-0.7001572981808037
SNRPN,-0.9368980311699016
MAGEL2,1.596803665026149
GDF3,0.05857784668774277
NIPA1,-0.45751425940409546
ZFP42,-0.05822026242265008
FOXD3,-0.16174467406840423
UTF1,-0.1419233195617871
MCOLN3,0.8220939764720211
TUBGCP5,-0.682205640306926
RIMS3,0.0435529144090884
ASIC4,1.2176451661512273
UNC80,0.9194868349349448
KCNQ5,0.1313026466194376
MAFA,-0.2766058649373997
GLIS3,0.451230808277898
GIPR,-0.9875044408363727
MNX1,-0.0016746365202129345
JAZF1,-0.5077625194321832
SPDYE4,-1.319798430855816
C2CD4B,-1.158044328380595
ZBED3,-1.011096841626118
SLC26A11,0.8584672070543895
TM6SF2,-1.3551998938761654
GMIP,-0.6167769076066351
SOAT2,-1.2235399255030739
PRLH,-1.1097983311608752
STRA6,0.5261503303050693
TEF,-0.1188862791245204
GHRHR,-1.3141579734369582
SSTR5,-0.4996649356123196
SLC35D3,-1.2272976381698695
ZNF267,-0.14290795262351463
ADGRG5,-0.18380734308849223
SLC39A1,-0.9212720023290925
GRAMD1B,-0.8125878233900397
TBC1D10B,0.14499854346779112
RFNG,-0.21697813948395037
PCDH7,1.556805200925259
GPR107,-0.4640955003115965
SLC38A5,-0.1757871939917631
GPR108,-0.7686498972873401
GPR137,-0.8928365140162563
CCNY,0.24507909788268062
TMEM41A,-0.8784408136393319
MFSD8,1.3265814386421042
OCA2,0.2946698019764355
PCSK4,-1.2988901250994005
CCNYL1,-0.5193042956211126
TMEM175,-0.560393386101258
MGAT4B,1.2502983041781033
YIPF4,-1.208081191971066
SELENOO,0.8552029592609681
XKR8,-0.7050865588347744
PLPPR2,0.13502183048379132
PLPPR3,1.679901145658541
SH3GLB2,-1.1331045929988168
PALM,1.3013377007698992
CRELD1,-0.2639084776012809
RHBDD3,0.5371401375299917
ADPRH,-0.2801282149513648
MORN5,-1.1373628912025369
C17orf75,-0.5589151265187093
FLYWCH2,-0.3598002935871381
PROSER2,-0.20696673052601347
CCDC120,0.19798373981478454
ENKD1,-1.0753387661095972
SLC7A3,-0.6697751031543955
AQP4,-0.11755250841873036
PRXL2B,-0.7039854402528265
EEF2KMT,1.9879856053379914
SLC8B1,-1.0204216705900195
GPR37,-1.3237265931302702
SLC52A3,-0.6834771761248897
SLC4A3,1.5571379551298494
SLC52A2,-1.2787471004325153
SLC52A1,-0.031750696149158264
SLC41A1,-1.8656776119713152
SLC4A9,8.40594835015624
SLC13A1,0.1994845451416376
SLC35F1,0.3408295112289771
SLC4A5,0.502241323474567
SNPH,0.6085780177432674
ADAMTSL2,0.06537453922010336
RASAL1,-0.36013567900129717
SLCO5A1,-0.5932163924418348
NPAS1,0.42489256556764804
DNAH7,1.234281808396041
MTSS2,0.27201691432632863
SLC39A2,-1.0399497881330948
CHST1,1.0228798554718068
SLC13A4,-1.9085119179138597
SLC12A8,-0.8242429712126047
SLC26A7,0.14110924811357284
SLC10A5,-1.490173641491141
SLC35A4,-0.831727076655795
SLC16A5,0.058773479843098116
SLC43A2,-1.839053184573257
SLC17A9,-0.13168698182813546
SLC2A6,-0.8196720608429455
TMC2,-0.9100362612722334
TNFSF12-TNFSF13,-0.9566634451918343
ZC3H11A,0.531258978169208
ZNF579,-0.5276744150191182
INO80E,-0.3804765111515759
ZNF385A,-0.9584514933155488
ZNF48,-0.27838911944739814
GZF1,0.3966987283293295
ZBED6,0.5443668081038411
BNIPL,-0.5232889607877618
CPA2,-0.7005521449156642
SYCN,0.516479775207929
CUZD1,-0.9206760107863944
REG3G,0.20984570087167528
ERP27,-0.4069713007528524
SPINK1,-1.5190529964986232
KLK1,-2.0709201589724384
CELA2A,-1.1024550069651247
RNASE7,0.7836754552624973
SENP8,0.045660453436837216
PDZK1IP1,-0.6745760537347426
DEFA6,-0.5851785134648122
REG4,0.09054675010711451
CCN5,-1.6279129828476406
PDE6B,0.5262005455667742
GUCY2F,-0.7573599480825091
GRK1,-0.5943910055468995
GUCY2D,1.0781962733966197
GUCA1C,-0.5777267085833606
AIPL1,1.1075539425302148
ROM1,0.5907656964504999
RPGR,0.8682636530638845
RP1,1.5261599858142858
OPN1LW,0.890967653239984
RGR,1.850170334252836
RBP3,0.610225726067272
BEST1,1.7220190135319307
IMPG2,1.333546920286935
LRAT,1.2698841416269206
CERKL,1.7267078932002902
IMPG1,0.17978201170900093
RD3,1.210739702780815
EYS,7.511639606285631
KCNV2,-0.8757613168521615
WDR17,-0.18323651432177882
NXNL1,-0.1435170130358827
BBS12,1.1479506485642441
PCARE,0.926553697827155
MFRP,2.556433820400891
SPATA7,1.4902981906332295
MAK,-0.17818659309538282
ZNF513,1.111913623392395
CLRN1,0.16442332087398945
OPN4,-1.3556296910829846
CC2D2A,0.3114352338811555
CRYBA1,-0.5524653143520643
RAX2,2.4083862275084194
LCA5,2.1771449560471905
SEMA4A,1.4735267975179829
CCDC66,0.8081882423849868
EPX,-1.0748740771534433
PCDH15,2.635680336646251
CNGA1,-0.6697301431244388
MPP4,1.6092092953341337
GPR179,-0.6576847611333645
PIWIL1,-0.8448474408083929
CRYGD,-0.3444251837874045
USH1G,0.48496462345115854
CDHR1,1.959290500383641
KCNJ16,-0.4713931339069792
KCNJ15,-1.0903106519762165
KCNA7,-0.8204785616055125
KCNK17,-0.8691168774459803
KCNK6,-0.350137935028985
KCNK16,-0.938659932967696
KCNK5,-1.232619130249133
KCNJ1,-0.6560236597886077
KCNA10,-0.16780434444670217
KCNE2,0.21001015917801244
KCNK7,-0.8751733207537313
KCNV1,-0.31507963639651654
KCNE3,1.240715885978266
KCNS3,-0.4342539286938546
KCNK4,-0.365654508389371
KCNK15,-0.8641051151631545
TRPM8,-0.5942940690197315
CLCN2,-0.25926044524669545
ANO1,-0.48358193187013676
KCNG3,-0.6975402757099538
KCNG4,-0.24204597208379178
LRRC8E,-0.7539598775490431
KCNG1,0.210089310207668
KCNJ18,-0.603643380796322
NAV1,0.2265447836332239
LONRF1,-0.5410385111153542
CLCNKA,0.5009703101940008
PKD2L1,-1.2014659943219927
HS3ST2,1.9066794762234016
EYA4,0.28343251971735495
MLNR,-1.9044150023865518
SCNN1G,0.7659652345523791
DNASE2B,-0.6109479637398814
BEST2,-0.9884256048770731
RGS16,-0.11776318471849108
ANGPT4,-0.5021542103964166
SLC45A3,-0.820223025392117
AQP10,-1.1255247397752772
SCGB1D2,-1.185809871431956
WBP1,0.8585123302016832
VSIG1,-0.3659474473718217
SLC2A12,-0.038532236359094814
SEL1L2,-0.8844204696813867
STOML1,0.8297126446468881
MFSD4A,-0.7004833200962375
LIPF,-0.27107948627978595
FSCB,-0.8666659160386152
OR6A2,-1.2497371800429709
LARP6,3.175900366484017
MIS18BP1,0.924711685493346
PRR11,0.6914146307819632
THAP3,-0.29335529082021056
H3C2,-0.5975696648558917
H2BC8,0.2501511125169733
H2BC6,-0.46920139286250956
H2BC10,-0.35995798196709705
SPO11,-0.904583382176245
ZNG1F,-0.8287120880651702
MYEF2,0.5767083225954616
TEX30,-0.6760314891673227
RBMX2,-0.3208924171396668
METTL4,-0.22468342421619947
METTL16,-0.6180437182974629
PAQR4,-0.6885180929667905
TBC1D31,-1.3961893135651389
NUDT4,-0.7362468522107875
LSM14B,-0.37095647192005654
CENPL,-0.4889765704834043
KRT78,-1.881490900759365
TMEM237,0.4801018168033002
G2E3,1.5068137131328805
FIGN,0.532886761921636
PSRC1,-1.1158330145061413
KMT5A,-0.007366041995141243
CTNNAL1,2.93226878700706
THUMPD2,2.413640845528893
ERI1,0.7121559793525409
TMEM123,2.3647388639364166
ISL2,0.16981180111930266
BTG3,-1.4187486390308879
CEP43,-0.4946597406317479
KLHL23,-0.573791999401781
ENTPD7,-0.1919843751220286
TMEM263,-1.1369140991099267
MTMR10,-0.6887754762604903
RNF41,-0.13004988774146634
GCNA,-0.7563732682691
USP37,0.5489093048219404
UBE2Q2,-0.9755693432178519
FAM177A1,-0.37092922306588555
ZBTB41,3.7185284640793137
SPOPL,1.094645125172059
GADD45G,-1.1092363729449797
HSFY1,-0.6087949143989096
EEF1AKMT4,-0.5644913390281244
DELE1,0.2885960420733097
KNDC1,3.146937839432752
LRRC61,0.08722065448949677
HOXC9,-0.213202338571125
FGFR1OP2,1.5175550741640857
EFHD1,-1.059595694967541
CPA5,-0.6989258794399242
TNIP3,-0.13844192656499496
FAM185A,-0.1214124059077285
SPATA22,-0.712796009649933
NAP1L3,0.31448070401481376
ZNF19,0.6448826351849962
NSMF,0.41792510301044167
ZSCAN22,3.187272183026573
PRELID3A,-0.28843903043583946
PPDPF,-1.0521073090736128
FLYWCH1,0.7242316136276149
LGALS9C,-0.9606445306825077
PPHLN1,-0.6983654139003014
ITPRIP,-0.45810476661439037
SLC10A4,-1.4929346766292713
GJB6,-1.6614325883413905
FBN3,1.2450041231466331
CRYBB2,-0.31752619132915777
KIF21B,0.23214086369432033
SLC16A2,-0.18603756283392048
NCR3LG1,-1.1079000434065835
CLDN7,-1.3842725658427184
MID2,1.0399538465958373
IGSF1,0.4649157321587267
KLHL15,-1.0676091735831874
S100A3,0.006674303552389184
DNAH17,0.6926878571511661
EDA,1.1188100527444171
HEATR4,2.5668008797691186
ZNF277,0.28941045495884477
TMPRSS11E,-1.9299292139116182
HHATL,-0.1408262128578176
LIAT1,0.5355229706869203
H2AC13,-1.3250373329761462
MTCL3,2.6296645908331575
H3C3,-1.5365652094763096
H3C4,-0.5247152926709578
H3C8,-0.850134346437054
H3C10,-0.8600682601788531
H3C11,-0.8008434833785673
CARD14,-1.2239097564885653
CARD10,0.4778022482776698
PLCL2,3.0790442877877653
PHACTR1,-0.5998521699710467
APOBEC3C,1.2141516243182158
TM6SF1,-0.9985236603726018
SEMA4D,1.3543122695055216
B4GALT2,0.36294626038197597
ST3GAL3,-0.7487340764855315
B3GNT2,-0.678498554978581
B4GALT5,0.961874412079902
MGAT4A,1.3401080170004667
B4GAT1,-0.4335584972921512
B3GNT7,-0.8881799213597421
MGAT5,0.9308102319578738
B3GNT4,-0.9288019218669927
CHST2,0.039335782381489784
MGAT4C,6.9953855877374655
MGAT4D,0.3902267873516218
OVGP1,-1.18593850927534
ZP1,-1.4778990731300052
CHST6,0.873596820471852
MGAT3,-0.8689972998743836
ST6GAL2,0.8205583583558383
B3GNT5,-1.0655863279249516
FUT5,-0.9026201600850925
FUT6,-1.3281647901802727
FUT3,-0.7086336483756405
LARGE2,1.4998981219811296
XXYLT1,0.41162066494030064
LARGE1,0.2552282736415445
POFUT1,-0.4033785967880189
ST8SIA6,1.476036159325847
GXYLT1,1.4513289592386727
EOGT,0.17108371866989291
SLC35D2,0.28607499427860816
OR10G4,-0.9473600595595809
B3GNT8,-1.0732653802184233
POMGNT2,0.731812210776661
CHST10,1.1073634081762014
B3GAT2,2.1202783662207434
B3GALT2,-0.5939002132973691
B3GNT6,-1.0030000862200479
B4GALNT4,-0.5779899932685477
C1GALT1C1,-0.5969330971673413
C1GALT1,-0.7803238256495402
A3GALT2,-0.8404172461566952
FUT10,1.5441374719235708
FAM234B,1.9221087403790447
TMEM30B,0.46197573358132105
HTR3C,-0.6397814172642956
ST6GALNAC4,-0.6895769332794558
GALNT17,-0.7082973992475241
ADAM20,-1.5012934963979931
GALNT10,0.9132821002886998
ST8SIA4,0.35284273668711763
GALNT4,-0.9655009037242971
GALNT12,1.1670726156401183
GALNT18,0.27058538633317775
MANEAL,1.0628282558390991
GOLM1,-0.5225960475878435
XYLT2,1.7142397773268376
GXYLT2,1.9686889881168095
ASPHD2,-0.8890795756814982
LMF1,0.3016975141376311
ARL15,0.44244445865520665
CGRRF1,0.8070951702825698
PCP4L1,-0.12042838776401829
CHPF,0.23387326275057668
CYB5D2,-0.6287321823499179
GORASP1,-1.0385616255669363
CNIH3,-1.0984061936369671
FEZ1,0.6400618177413894
DPP10,2.7633323352129113
GSG1L,0.4564721533714778
NSG2,0.7507948371696075
LRRTM4,1.1458758900860517
EPHA1,2.2373748917640848
FLRT1,1.9715700162673515
TMEM130,1.7133158870521714
NSG1,1.0146845007817265
HCRTR1,-1.0689825014418333
BPY2,-0.9649230775414902
SIM2,0.22011921963469686
SCG3,1.5461225724976186
GDAP1L1,2.749998173891324
BLCAP,-0.49192244788675665
CPEB1,2.129963792087114
CDH20,2.395737647583213
PSD2,1.1863289007204896
TENM1,2.9674724199080234
BEX1,-0.3338760870485599
ADGRB2,-0.5819502373464421
ZNF536,9.740768335201215
CRTAC1,0.43821292472014556
JAM2,0.5920528528641915
MROH1,-1.1255051814402013
TTC8,0.1282745397609341
STK17A,-1.1289836291697528
DUSP23,0.050942822241240734
ZBTB22,-0.5445479095623513
PLSCR3,-1.347488498142396
HCFC1R1,-0.9768321740423399
ZNF358,0.3898003951216936
SIGIRR,-0.22722383882831093
P4HTM,-0.28694222671554576
PAXX,-0.9272596565042803
TMEM134,0.3014361972601874
CCDC106,-0.3906708601813632
METRN,1.5489786050714238
ZNF580,-0.5775188289789083
RUSF1,-0.7635870635457793
IFT172,-0.22591174577594902
ARMCX2,-0.948353213044555
ZNF648,-0.3847321597649127
ZNF530,-0.39465248861841934
EVA1B,1.9229813808078804
TPRA1,0.9617651042657493
SMIM20,0.18513465728844766
GRAMD2B,1.5578212176942778
RABL6,-0.3993388170976363
PIGP,-0.5938339904157289
MAGEA1,-1.2847044640858774
CIBAR1,0.768790040973865
CPN2,-0.9238858555606173
RSPH4A,-0.8949460436693412
SERPINA10,-1.1770619169740553
PGLYRP2,-0.58888614642578
LDLRAD3,1.245967502087691
CMIP,0.3823209102740598
SERPINA11,-0.3210671004858159
C1RL,-0.7655247087017957
GPR152,-0.11256366246344866
ATRN,1.0441089265227415
OR1F1,-0.8339857494371022
OR1E2,-0.34266929911077926
OR10H2,-2.0485113596623696
KRT37,-1.1734247846128465
ADAM29,0.36482613153494625
KRT38,-1.962484996873859
GDF2,-0.9154671675113771
OR2C1,-0.38070233985240287
ASIC5,0.26705277712802267
OR1E1,-0.40882548304609734
OR10H1,-0.6121315462346816
MAS1,-1.1477022192670043
SLC17A2,-0.315781284958252
INHBC,-0.08941429404279902
SHE,-0.8218086471463193
UBE2U,-0.16340092708784476
TRMT10A,-0.24895428238594122
OR2A4,-1.5267853803602045
PI4K2B,-0.2184854745074862
DDIAS,-1.3858885397201122
HACE1,0.07029408728198369
MFSD14B,-1.3162209186885103
NSMAF,-0.5634766196627702
RBP2,-0.6865494410365279
FBXL13,-1.32565184290698
HHAT,-0.6847925182041393
TRAPPC2B,3.1873529141632786
C14orf119,-1.0439889887148674
TSPYL6,-1.2029648916506712
ZNF581,0.16672304140510705
ZNF512,1.3195636513269358
PCSK6,-0.5686015774669975
CENPB,-1.2567360223640816
SLC44A3,-1.2386872034197363
MOB3C,0.13807395183948318
CFAP141,-0.9799749963613956
ZDHHC19,1.7987772649187428
RNFT1,-0.6581006139741742
SENP2,-0.49196203342198713
ASB7,-0.7649204284163945
AKNA,-0.45385220291564954
ZC4H2,1.2653627986594969
ZNF596,-0.42857857769657254
AQP11,-0.9888017488857436
CSN3,0.6147511025632133
CSN1S1,2.4703645983819906
STAP1,-1.1152856996322764
ELF4,-1.230228885993266
WASH2P,-0.10716430998118322
DMRTA1,0.7855498331546475
ADAM32,-0.6012371819464043
LGALS14,-0.8433603591263831
ZNF410,0.9695909887774803
ZIM2,-0.5766018365906277
ZNF362,2.013068757120217
TECTB,-0.8553145021540801
STK16,-0.41739503068042605
SLC7A10,-1.1548634398551834
HAS1,-1.1966849949192897
MST1,-0.6424742593593776
ALKBH5,0.29766358599069964
PLEKHG4B,-0.528740665066927
PLEKHG7,2.189236324721023
ARHGAP23,-0.618499824844381
YPEL1,-0.5759010852612987
CBLL1,0.02215664273419285
METTL8,1.2368270247005437
GABPB2,-0.494042247079482
TLX3,1.9975150334675107
SLC29A3,-0.4158380996805983
ATG16L2,-1.1861722034726558
CORO7,1.5330431032164487
NINJ1,-1.4798151327685525
EHBP1L1,0.725016276584921
PLEKHN1,0.5928674937457632
RHBDF2,0.964708902332413
RIN2,1.2553976184943916
SH3TC1,-0.6215951881282833
GPRC5D,-1.5300710427810496
PATE1,-0.5567128457479636
APBA3,1.2840919691073858
DUSP21,-0.303942355718673
STPG2,-0.7253160586990391
HMGB4,-1.0850755512656494
CIMIP4,-0.7470981767617856
H2BW1,-0.953725583960866
SPAG11B,-1.5221035380433174
KLHL17,-0.406822490241331
TEX13A,-1.008366540185874
ANP32D,-0.3792375481218265
ZFP37,0.17922145852099766
OR5M3,-2.7229280841227474
TTC33,0.004879152625398319
L3MBTL3,-0.8343307135848306
HMBOX1,0.1627724429509967
PXK,-0.9737373803771975
SENP7,-0.16181953672075175
AMER1,1.1070357788060043
TSC22D4,-1.3729722644157352
ZNF518A,1.0232271815041372
NRBF2,-0.09847401268581861
MTUS2,0.2836326716663632
CCNB1IP1,-0.8081868206555366
DNAAF6,-0.978044283320362
STAC2,-0.44713375287283763
C19orf47,-0.6519038914217308
KIF24,-0.7233860977312817
CCDC172,0.12008393363859954
CTAG2,-0.22973453554591103
ZSCAN23,3.23689517305327
AVPI1,-0.9519235157367313
KCTD1,-0.6923683125638115
GOLGA6A,-0.2985819143633517
KIAA1328,-0.993996127492073
TIFA,1.4196569450745657
EPHA8,2.2203440376024353
MORN3,0.5146967358234643
VANGL2,0.6838704993680417
CELSR2,0.07917860174385649
GDF10,-0.024344137073603216
CDH6,2.8053426954421585
DLEC1,-0.9894099515304677
ADORA2A,-1.0736240008807314
CGB7,-1.0208761390924508
EDN3,-0.5049035633062376
FRAT2,-0.771069110360271
TBX4,0.44782736846097754
AGTR2,-1.9837577492379659
TGIF2,3.0302574376434563
RANBP3,-0.6068627477721732
PTPN9,0.28923953985533596
PTPN20,0.2755857606055899
SKOR2,1.2949643084108822
ZNF83,0.5254840689531288
ZDHHC4,1.9251666765999225
CPTP,0.03017962171099964
SBK3,-0.9500054677495283
GDF1,0.0012180639988421274
ST6GALNAC2,-0.8414163780141534
CXXC5,-0.6367063378888804
DSPP,0.052944250252171386
ZNF8,1.251802343927293
PRDM4,-0.5227056498002498
PITX1,-0.6070261363879895
PCDH1,2.121589172013687
TOB1,-1.156715850472576
HOXC11,-0.4832309494002117
LRCH1,0.006411654537847876
FAM83G,-0.7954407546364369
TRIM62,0.25106413367829733
ZBTB3,2.297778662976615
LGALS9B,-0.9021579065611367
TOB2,0.5674243672205053
TEKT4,-1.59489459707723
ZNF251,0.3189555743702708
ZSCAN10,0.6206118934149852
ZIC3,0.5784989080516418
ELAC1,-0.23458466237697623
PSG2,-1.0943559758945125
SOX12,2.131241259264234
NKX3-2,2.3870749683324095
TCTA,-0.6609421633466017
DAND5,-0.4892837625562737
HAMP,-0.6735223733552176
AOPEP,-0.5642683320739512
LHX4,2.0667150768022915
TSTD2,0.9847943881461013
TENM3,2.554139213292265
CENPC,0.7144903512036472
CNKSR1,-0.16141422148117726
CREBL2,-0.24123190379342513
SNAPC1,-0.48591722156055517
TRIM47,-0.9837654259692987
NEK10,-0.08315836752111323
FBXL3,-1.417439057954927
CCDC180,-0.08322524897531593
LYPD3,-1.2628034149802518
ZBED5,0.22158107715315314
S100A14,-1.3473248189793277
FBXO30,-1.4765040305347263
PBK,-0.9741402926407745
C6orf47,-0.6832430449383001
ALX3,2.5477486395048663
NAT9,-0.7453221233840543
BMERB1,-0.117190654814435
RPL36A-HNRNPH2,-1.8152848011105074
TVP23A,-0.3987027510131627
YPEL3,-1.5221289386483345
TVP23C,-0.755804599848644
INPP5F,0.22261413678010533
CCDC92,-0.08184332887628719
TLCD3B,-0.13233379056087038
CCDC39,1.251715681044331
EXD3,0.36850835477117894
TCEAL2,-0.5388220940590575
SPATA21,-0.41827421105555285
POC1B,-0.746159672660178
RNF144B,-0.37106000073390333
LONRF3,-0.549386136390656
CMYA5,0.24694694991622135
KBTBD7,-0.9516954100573134
NEURL2,-0.7790298097907906
RCBTB1,1.5618966996806167
RUSC2,-0.6348607363837988
ACTRT1,-0.7731175420656315
NR2C2AP,1.150480705438613
KRT3,-1.1280776979380365
TRIM44,-0.9548162373058927
IKBIP,0.19380290837477868
ANXA2P2,-0.7384317998284312
PPP1R14B,0.2876925051831621
KIF2B,-0.6138488223210136
WFDC8,-1.3073682606760175
SLC36A3,-0.7618956682120666
SEPTIN12,-0.9002773103857352
CFAP276,0.10602740114473445
ULK4,0.6027412784807419
CFAP74,0.7280918212881061
CLDN18,-0.3666860110549674
RTL8B,-0.5195457097332907
ZNF564,0.3330222343067096
HSBP1L1,-0.5821392851143478
FBXL8,-1.2410011210674574
GRXCR1,-1.0812926885179919
LRRC45,-0.1310117729726392
JRK,-0.5545774934129389
SPMIP5,-1.0348512835664192
BCL7A,0.026269814079896456
TTC23,0.03497769102946944
HBM,-1.1634781130692469
TMCC2,-0.0875268988921058
CDAN1,-1.1292509119503096
IFIT1B,-1.1388947589811615
GP9,0.08744326446933938
ICAM4,0.25594134903507837
RWDD3,-0.8435577423897331
SUMO1P1,0.062066634539469395
SYF2,0.6336914315502941
PRPF18,-0.3961094275570853
RPAP2,-0.7154511611994676
ZNF567,2.477599856929508
CMTR2,0.7302018283887449
C2orf49,-0.8950670906316741
MEAF6,1.0708623040429868
NAA35,-0.21759255796827312
USP48,2.280393399669219
GRAMD1C,-0.2833079888523561
RGPD2,0.083652162290356
SINHCAF,0.23028419416997006
IMPACT,-1.0141730726241733
ZNF22,2.761062668887014
RNF6,-0.381356315065431
ZNF302,0.8369524346890516
DNTTIP2,1.0019117548982637
CDV3,-0.8782132914643549
MZT1,-0.7065979384184538
AIRIM,-0.5620040663532607
IFT57,0.17852589487759213
UNC79,0.2712791226394818
RNF34,-0.9807890997335594
FBXW9,-1.3614306956340447
FAM89A,-0.10801422495147733
BCL2L2-PABPN1,1.2930571742980388
OR12D3,-0.4387954954612176
MT1H,-0.47118558228481716
MIOX,1.3675206253132268
SLURP1,-1.7258974609243143
MT1G,-0.8766183399860684
MUC17,0.3676324237374875
SEC14L2,-0.9598387052795659
DNAJC22,-0.7084759488965467
CLTRN,2.132242965358277
SCGB1A1,-1.4760778641877952
RNF186,-0.7715902356426035
ODAD2,-1.1804343901212542
CDHR2,1.8477917238957946
LRRC19,0.5122366498925778
PODXL2,-0.7018805212361046
GPRC5B,1.6343831541326108
ERMN,2.171763782923896
PCYOX1L,0.005448860332112353
SPAG17,1.8410825986274302
SOX8,2.009841211054237
UPK1A,-1.1684143029025646
NLRC4,-1.1987531208771187
TICAM1,-1.7434023741863676
TICAM2,-0.08094117439853173
DEDD2,-1.0057323834562826
MEFV,-1.9091539632585612
CARD8,-1.6269040256484735
BLID,-0.26577698419449924
NLRP6,-0.7701802329181402
KLK9,-1.3887802810116117
BFAR,-1.16339568569756
TMEM219,-0.9209164618449531
DTX3L,-0.9651520301098463
PARP9,0.3690438012831285
HECTD3,-1.3184639735869532
PARP10,-1.3174452242560608
PLIN4,-0.29436513700246963
AGR3,-0.65479989944071
SCGB2A2,-0.3588427983069641
KLK5,-0.03539853764214898
ECE2,-0.8810702234073334
APOL6,0.9400586412840867
OMP,-0.47856347772837476
TMEM95,0.6711941767026279
CMPK2,-0.9081488100810111
SH3TC2,0.13535723015494738
PKD1L3,-1.183925841288518
CYB5RL,-1.0333162891366448
TRMT2B,-0.6458097368328148
SLC29A2,-1.0524931116466816
FAM86B1,-0.9762587850208202
ZCCHC4,-0.9854154630149654
DET1,-0.8344872195149553
PKDREJ,-1.4849845666838766
TXNL4B,0.6833744096535818
ZNF7,0.191313900578755
KIAA0586,0.44636095029386735
EPPIN,-1.5961314227064773
ZNF227,0.521003911689593
CDC42EP3,-0.3854922792277269
USP50,-0.07064792800389132
TPTE2,-0.48599828363662106
ZNF473,0.8844595500477762
ZNF200,-0.020167988820959444
CDC20B,-1.0492233674237887
PKIB,-0.6445686784637302
PSG5,-0.005186563481811629
EAPP,1.4724050901677697
BRME1,-1.1029788443314332
PRMT2,-0.48335291983178397
NPDC1,0.012351261421069048
TFDP3,-1.0967128730455176
PXMP4,-0.8235364197765286
RNF144A,-0.5717767421861818
SAPCD2,-1.5837312565269905
MCIDAS,-1.365900566804513
DCAF4,0.17569074331478182
RIBC2,-1.1321516828261802
NHLH1,0.6164705099136024
SPDEF,-0.559660136354212
TRMT13,1.5289903105905283
OAZ2,-0.4562969157763969
NAGPA,0.1507837313989197
CKLF,-0.7808359280064877
C9orf43,-0.29353161100621145
STK19,-0.47476351088462415
ZNF142,-0.24701432814439644
RLN1,-0.9748827590951121
FERRY3,-1.1787896421867077
CREBZF,1.2164388458922846
CDKL3,-0.6712904597139209
TESK2,0.9935940874015176
ZNF346,1.0891754759850891
AP4B1,-1.0713086563004481
RLN2,-1.5711845432857117
DIRAS3,1.2002383665646272
AP1AR,-0.22842872488885602
SSBP3,-0.2658899401906428
ANAPC16,-0.7556271024527479
RFPL2,-0.5219842502891082
ZNF454,-0.14642514837633083
C17orf49,-0.23427440809933014
KMT5C,0.8489060731965685
MSL3,0.58674458769637
KLK11,-2.018659028939373
RABGAP1L,2.6397541606492942
ZNF669,-0.7978946132078655
PHF11,0.39078833916354516
SFMBT1,-1.1304031418814369
ZNF45,0.7059232985271416
ZNF354A,0.34691931465132925
ZNF689,1.4485744969894667
ZNF184,7.819607058853871
MIS12,1.36319987209503
ASB12,-0.22861863501211502
PPIP5K1,-0.5947590233828036
CDKL4,-0.5136610917416462
TRMT9B,1.3610039253727295
IRGC,-0.3405421064562564
PABIR3,0.1488566730643541
ZNF41,0.8947368184602476
ZNF81,-0.458822714921437
TMEM139,-1.1119575454105897
COP1,-0.07468285983340837
ARHGAP18,0.17916526720021803
RGPD1,0.9060905010144318
SYNE4,0.2558829981837358
RBM12B,2.9096218090010972
WNK3,-0.6862397358487049
ZNF197,5.952649801684149
DNAI4,-0.7742168257341295
GREM2,-0.45954956990716833
BMPER,-0.2296081111190282
SAMD5,7.083983463872743
RANBP3L,0.9990435140805387
RGMA,0.74673711003716
NANOS2,-1.1081039933582288
PLEKHO1,-0.5841396310363611
IPPK,1.6314383353255106
SSMEM1,-1.7664794793932037
RGMB,1.0260855846024566
MIER3,0.5547869134752148
SYCP3,-1.1487503645655759
ANKRD13C,-0.8579874685194606
ARK2C,0.47047619720761025
RASL11B,-0.034287035439568736
SIX2,0.6932023171768665
PRRX2,2.773989415466518
MEGF6,3.138315789762311
SLC22A17,0.004236769738120286
TBC1D8B,-0.6259222281148642
LYRM1,-0.8479902739043917
CD99,-1.4553276903393246
ELL3,0.6443057366106593
TGM5,1.7398125977442722
ASB15,-1.0653906274741964
CAPNS2,0.17450634219949418
TREX2,0.3208602053657552
SNX21,-0.9302925916596589
CRNN,-2.433010434177006
NLRP12,-0.9133389776888059
SCHIP1,-0.2080776563554299
TPRG1L,-0.8479444133884639
MT1F,-0.32424012274447034
ZFAND3,-0.9142869290487671
NEK5,-0.7737364836750915
PGBD2,2.846444770870207
B3GNTL1,-1.018340364229661
MROH6,0.41973481202796803
PGBD5,2.6159105650031598
SBK1,2.0752630257744307
DCAF17,0.38617986620585915
ZNF558,-0.6511975335725789
SPINK7,-1.6934937739788551
CLEC4G,-1.4932901699858976
DCDC2,2.8514441820906726
PSENEN,0.4930520444515777
POLR2M,0.2534033732180359
MT1A,-0.16613212499752442
UBE2DNL,-0.9245569717197756
IGDCC3,1.094455544238279
ENPP5,-0.5058013622251829
NUDT16,-0.9884375065176306
TBC1D8,-1.0953202822887853
NMRK1,-0.8425597442136824
INSC,0.4955666822672765
STK36,-0.44033296253444115
UCMA,-0.4171829479492151
PARP15,-0.5899016281979279
SPINK13,-1.2710826176740235
HEPACAM,1.4381764003283035
MEGF10,3.041022067537871
NIM1K,0.7699656458580001
TDRKH,-0.636974485628688
ASB2,-0.45885298701144833
TBXAS1,1.5761957246870117
OSBPL5,-1.263523324209104
PTGER2,-2.4116883305637296
XAGE1A,-0.3164337962251658
CHTF8,-0.7302095311593166
RAD9B,-0.20275298936517613
FIGNL2,0.5119898754296793
OAS3,-0.5025255187879418
USP43,-0.622927046206691
DERPC,-0.7589896135797126
CACTIN,-0.4985048568071879
WDR53,0.48442666598596634
HMCES,-0.9099959400201686
WDR70,-0.7478132781849854
TBRG1,-0.17017364998488302
CENPP,-1.2498633428038544
STAG3,-1.5130437089990358
FAM111A,-0.9856276660917023
GCFC2,2.2495252916423243
CCDC137,0.3891483636351623
MZT2B,-0.5773256463988771
HUS1B,-1.042628637701927
SELENOH,-0.46841617285134557
ZKSCAN4,5.7703741106226145
REXO1,-0.9515163615785417
CEP44,-1.2843419920476047
FAM111B,-0.5526472850274359
ZCCHC3,0.8446826320048122
C5orf34,0.09510288212629579
ZNF326,0.653668315742339
CAPN12,-0.6195740963362384
N4BP3,3.3021263782066583
ZNF426,-0.4440111560061684
MKRN1,0.2827417001302209
ZGPAT,1.0597751573877463
TDRD3,-0.3525717934044219
ZNF691,2.981627557631265
LRWD1,-1.222345885775599
ELP6,-0.48955948607174865
UBN2,1.0121873018623075
SPIN2B,-0.8208811992041161
KBTBD6,-0.18438013523934443
ZNF556,-0.018358778123262764
ZNF485,0.037472339109849616
GPATCH3,-0.613737711612086
OR8B3,-2.7115792108242083
ASTL,-1.2364905429497834
ANO3,0.26358011954839106
RPL17-C18orf32,-1.0243396647058622
FREM2,0.8996064220388995
APOBEC3F,0.7915562290066507
PABPC4L,2.4363740344459415
ZNF770,2.3730512605954255
TATDN3,-0.9167007493511377
ENDOV,-0.9221753159630057
RBMXL1,-0.024604044274117054
TGM6,-0.7640043270696119
FYB2,-0.30041444829752845
CCNDBP1,-0.012088305120410736
ZNF550,-0.3560512639542884
ZNF2,-0.09655139845420796
ZFP62,0.8567103790441007
HTRA4,0.5235753812200828
ZNF777,0.4343704308842593
BHLHA15,0.1073793718280435
APOL2,-1.5310878353824149
C1orf131,0.6251646957629021
KBTBD8,-0.7702759804235109
UNC5CL,-0.6890126737075543
MACROH2A2,-0.6934210015628258
CASD1,-0.6065678014099205
VOPP1,-0.5750845163254863
ZCCHC17,-0.04093943447320087
LRRIQ3,0.027161116827286957
SLC25A2,-0.8020155147522576
CCM2,-0.3528317528375886
RIPPLY1,0.45592078065936026
BIRC7,0.09048902119872008
LENG9,-0.6023054126537173
CCDC24,1.3243855033674723
DCHS1,2.8021469295002435
GCNT3,-1.268344884054657
B3GNT9,-0.9489126149736605
GOLGA8J,0.23165354643002878
CHST11,1.0190904240582312
MTMR11,-0.5499918237413672
ZXDA,-0.25868585018885426
GPR83,-0.6847060649941715
OR2T35,-2.7255391580857724
EDDM3A,-0.9833676318682353
FAM27E3,-0.6045117583287504
MLF1,0.225048950582628
SPRR1A,-2.109408470947466
ARHGAP6,0.45260929600506733
FBXL18,-1.4928744050441678
KIR3DX1,2.675705280187371
EFCC1,1.4642626567441224
INS-IGF2,-0.9460056173592185
CCDC82,-0.8240295697834741
HS6ST2,2.0366545278336607
PELI2,1.1469847828030881
N4BP2L2,-0.5107079836944187
CCNP,1.1758335358244538
CCNJL,-1.0230650320901913
GMNC,-0.8330297485641495
USP27X,-0.0722056585777207
CCNJ,0.31112492589083146
SPDYA,-0.19498587244284782
PTGDR,-2.402663291294479
SPDYC,1.190093847890803
NEK3,-0.9153214257493111
TERB2,-0.2955142937235029
NOBOX,-1.2584976480196604
SPDYE1,0.010746222949101004
SPDYE2,-0.4995387406575137
SPDYE2B,-0.16173949516930525
SPDYE3,-0.059322143149053666
SPDYE5,-0.2467953811327311
SPDYE6,-0.19126459731590084
CCNO,-1.2816404860337234
KIF3B,-0.5169317962877279
TENT2,0.8399401901427264
BLTP3B,-0.8532375974447061
ACKR4,-2.0965792369861465
FAM133B,-0.4674992090593882
PCED1A,0.21015098052783374
CCNI2,-0.5589876203480187
NCBP2AS2,1.1415246278222726
KIF26B,0.07214872548681951
ATMIN,-0.3330832391094782
DCAF10,-0.6886877422908592
MS4A3,-1.5323642067732859
OTP,0.8527518244625515
CEP120,0.7195421557598325
SCAPER,3.6648988108475105
LRRC4,0.6570333069568988
SMTNL2,-0.034873242290280076
CCN3,-0.14913874311713374
RNF157,0.5545991988121222
CCNQ,-0.9905417019641376
CEP63,0.03995042890423323
FGD3,1.884819513533852
CAMLG,-0.2884186634624915
FAM174A,1.7830535397536313
RALGAPA1,1.434325729186481
PEAR1,3.474583407567606
NFAM1,0.34037912509195245
CARMIL2,-0.9380133460430454
DLEU7,0.8607993021985688
TOX,-1.003147427946696
SFI1,-0.5921737502999345
VILL,-0.7713355393613075
P2RX5,-0.6346137689768728
FAM78A,-0.9627769247913401
ETV7,-0.7541992503890698
ZYG11B,-1.1926071213034062
SNX29,-0.8513258709545138
RPP14,-0.46526084201439744
TOGARAM1,0.2171444014600064
CPEB2,0.7263425864716743
CSDC2,1.183117435654346
FAM72A,-0.6921841157328271
ALKBH8,-0.16557280870727561
FAM110D,-0.5096875770793972
B9D2,-0.5578260614250479
CENPT,-0.6057799647803367
UBE3D,0.022865713486827
CABLES2,-0.7376653297582989
GAS2L1,-0.1180340664957155
CNPPD1,-0.06565315019660806
CHST15,1.256411447250438
HYLS1,-0.3361824476597907
GAS2L3,-0.8446394310810194
POLR3D,-0.8095949873221538
AADACL3,-1.0494184974612106
CEP57L1,-1.1954307774747759
TRIM59,0.7827021593016952
ERCC6L2,-0.002980019854397168
AADACL4,-1.0724349006251421
WEE2,1.4735529740074857
C4orf46,-0.3274260380500345
TRIM36,0.19318912744997552
CEP95,0.011013384038998281
KIF7,-1.1796771878799486
FOXD4L1,-0.8474988540699679
FOXD4L3,-0.9930902415482545
FOXD4L4,-0.788870524519965
FOXD2,-0.9301450380243966
RFPL1,-0.21982925815563692
RFPL4A,-0.7507228410366212
CCDC138,-1.5672169123950181
C2orf69,1.1620707608838514
SPDYE16,0.4333133085212365
PLK5,2.86465327676253
USP44,-0.1276932230452573
DEUP1,0.002627488088784603
PITPNM1,-0.9747859805395465
B9D1,-1.0453836605490305
C2CD3,-1.2443499390777024
CCDC14,-1.1360035766382113
TUBE1,-0.6056399408816823
H2AC17,-1.4372792553656437
CNTLN,-0.1354376403201315
INIP,1.324760935817907
CIR1,1.9766197022919687
CEP295,-1.4679406949660663
FBXO33,-0.9923264944210326
POGLUT2,-0.8806771458077425
PTTG2,-0.7451387654844376
FAM72B,-1.065905991567643
HELB,-0.6165529780039661
FOXD1,0.16441379994775251
NFE2L3,-0.6283691697566467
KIAA0753,-1.4131861173755789
RNF25,-0.2234319902762896
CXCL14,-1.2553805540931156
MPLKIP,-0.6822909303149903
LRRC58,1.4787363840377106
KRT80,-2.1869631030460623
TTC17,0.4580748344559774
AMIGO1,0.17706052877213796
GABRR3,0.24719653524874619
ZACN,1.1051494133653978
SLITRK1,0.967510840453824
OLFM3,2.3301278451919574
PCDHB1,2.791882900787682
ZMAT4,0.47828589440129293
GPR50,-1.6529474531964512
SLC49A4,-0.7043883152967464
HEATR5A,-0.42421640927861015
SLC39A9,-0.3715160901424474
LRRC8D,-0.7568158304720503
RNF38,-0.28321451061934416
CMTR1,0.3484274763267256
ACTL8,8.54296127801837
ZFY,-0.8541147287497806
CBARP,0.05692953974650451
PPP2R3A,0.32434562345433166
NECAB3,-0.7423908852478536
ACAP3,-1.0736100436478708
EFHC2,-0.20607003887646091
TRO,-0.34468228419677743
N4BP2L1,-0.5347219419891893
NAA30,-0.28938804961668463
TBC1D9,-0.48175887922059446
ZG16,0.14845476575252242
ASIP,0.19112133837670917
ZDHHC8,1.4998006962067256
LRRC41,-0.1640258949197289
TAFA3,0.9129041124886063
STARD8,0.1717179441238422
CTXN3,1.087014279705316
ARHGAP22,-0.6236459728802928
UBE3B,-0.6974130706615803
WHAMM,-0.3286620005343422
TP53I11,-0.03779128266213059
ALPK2,-0.5591772041647874
MAGIX,-0.9711830296666394
CCT8L2,0.8475776176728673
CIART,-0.6035493485653031
PASD1,0.5623357079427692
CIPC,-0.3651618758986587
ZNF44,-1.109222447121044
PM20D2,0.8199720197803342
TUFT1,-0.7823058285940203
ZNF174,3.1382448403220744
PHLDB3,-0.862475303141034
ZMYND12,-1.0880152311181521
DELEC1,-0.4731881071924583
RABGEF1,-0.6585106977264751
ENAM,0.10835872062146315
RHOXF1,-0.6819981389577691
MEIOB,0.7879661604566758
ZMYND15,-0.8276635527038977
ALG10B,-0.5540621420546263
PGAP1,0.46733555059559245
PGAP2,-0.788453132540045
PIGY,0.48960502215444107
YDJC,0.3902886947569982
RESF1,-0.11498076267254044
LRATD1,-0.30539001962208073
ICE2,1.1118235107952974
TCEAL9,-1.177306789530418
PIGH,-0.6661379161059928
RNF139,-0.5482692145532795
OSER1,-0.2529604255278181
RNF114,-1.7022835605750362
C12orf57,1.994639410791293
PRR4,-1.4381506741722412
STATH,-1.1825275646677627
HTN1,-1.2711500594539995
RSRP1,-0.08933693407432412
FAM118A,-0.3340353766139747
MBD6,3.3709290213300473
STEAP2,0.6471730674058858
MT1B,-1.0996257204357216
TRPM6,-0.8797287262697485
MT1HL1,-0.8264811562254814
PRG3,-1.1189554397619856
TXNDC2,-0.46773801077479327
DUOX2,0.6255651008654136
SLC30A2,-0.8764074851771302
KLK12,-2.235023286349327
TSPAN16,-0.8501717476692201
SLC36A2,-1.354263840460613
LYST,1.2937121451024909
SLC50A1,-1.8505208252237229
SLC30A4,0.3047775170444796
MT4,-0.5922460234287927
RHBDL1,0.4147826124193444
VPS35L,-1.2716806823550566
SPPL3,12.183045621689923
DOP1A,1.1432675596694306
BACE2,-0.47814656996168636
MIGA1,1.1264923006702392
KLHL24,-0.7909141947934822
TMEM260,-0.10926796965780024
JRKL,-0.24384614692571438
YIPF3,2.176785463456907
TBC1D2B,-1.5635854543161731
SEL1L3,-0.007134475130367683
PLEKHA5,0.9960299005392376
RTL8C,-0.969428773402128
TMEM35B,-0.8814260786415009
PRSS53,-1.302604075861638
SPTSSA,-1.1578852518943379
ZNF747,1.4038448931075458
ZNF668,2.0625961884059225
TMBIM4,-0.0954155328945202
TMEM45B,-1.5213050270480433
CCDC167,0.07934450592494686
ANKDD1B,-0.8230966858651579
EBPL,-0.7578854706721933
CLMN,-0.5034798722106016
TXNDC15,-0.2567181711206669
TM4SF20,0.013502891026272928
TMEM248,-1.3070604434338968
SLC37A3,-1.332606764726342
PLPP6,0.5466533824296587
LRRC23,-1.218408946508136
SCAMP4,-1.435443784769664
NEMP2,0.7402204349026567
SEZ6L2,-0.8304960066808883
ADAMTS13,-1.0924075109163445
TLL1,-0.9709409461121833
CR1L,-0.8823593482480476
ADAMTS10,0.05880053730537399
PLSCR4,-0.34988519170307547
PTGFR,-2.0935504658284256
SMOC2,0.20262394776798484
PCOLCE2,-0.7673387392443638
CPZ,-0.544380854566383
FAM209A,0.360473901595217
FAM20A,-0.40206670147545426
LIPM,-0.9354396587349074
ARHGEF10L,0.8326993394055587
MTHFSD,-0.6966088614152809
DDO,-1.1466352276382101
FAIM,0.9777362043497352
CREG2,-0.5214822174884374
SEMA3E,1.627228952086898
SPATA13,0.13946770719223336
SEMA3B,1.6205730710276003
PALM3,-0.8298873590113456
PNLDC1,3.2848618379154444
DXO,-0.10968230092425325
GRHL3,-1.7883506304220902
PARP12,-0.7853471020204524
TET3,-0.0769763461420115
SPATC1,1.1404238051163598
CHAMP1,2.2483126550319588
UQCC4,-0.440054934181792
JMJD4,-0.9817677600037783
DNAJC17,-0.8996179702130987
TIGD5,-0.6813554927253919
TSSC4,-0.5104000747323094
TRMT12,-0.29467772307823825
SMG5,-0.005284355529285057
SPATS2,-0.19256792125817102
ZNF160,-0.45723500554599433
RUNDC3B,1.1360148645698551
DCST1,-0.8269474353971755
FOXI3,-0.32375258320250405
FAM83B,-0.7196141981121404
SPSB4,1.1583298362230834
PARP3,-0.7447824992788622
C2orf73,-0.6052173719943229
C4orf33,-0.403445253549514
HENMT1,-0.2826854285801947
TESMIN,-0.9794270505137355
MUCL1,-1.273997126791205
AREL1,9.794258957082217
POLM,-0.8477120508003897
UBALD1,0.343281345749767
LXN,0.8547372767723828
ZNF526,-0.5620771442841694
TECPR2,0.964872811849904
DENND2C,3.282306469727948
QRICH2,-0.5631043885727517
FUT1,-0.3885891599407128
B4GALNT2,-0.33062948582944174
CD300LF,-0.3566829898621485
CD300LD,-0.885538427312344
GLT6D1,-1.0276152481241378
ERMAP,1.747800400170844
MUC6,-0.39699149493400143
ST6GALNAC1,-0.9596783001889202
CDHR3,2.516025623996603
OBP2B,-1.0026718324615214
MUC12,-1.1015405916326029
FAM83E,-1.1966178610936193
MUC16,0.7071572863846082
GALNT14,-0.93658700798225
PRSS22,-2.0011514056120503
GGTLC3,-0.9331206828288733
CYSLTR2,-0.8758131381085338
CYSLTR1,-1.8807537151140272
GGT2P,-1.7706884556693654
CLDN3,-1.1044516894529428
GGTLC2,-0.08228116914378021
GCSAM,-1.0951169364975195
PPM1N,-1.1230910718813545
UPK3A,-1.161231911153521
CLEC11A,-1.0000483350450806
CALHM5,-0.06018678553111454
LPAR2,-1.9023714357834745
CCDC152,-0.6298886623109526
DPEP3,-0.5522257157569885
TMEM64,2.834385301761138
OSBPL2,-0.7620648563926039
OPN3,-1.325564250163689
CA14,-0.07878358649429137
ANKRD13D,-1.3024127642971004
DDX25,-0.5041938881702357
PRKRIP1,-0.12303514151269562
EIF4E3,2.1064425801695856
SMG9,-0.9780187857717149
TTI2,0.8302341283445985
SOHLH1,-1.5351273471933184
GOLM2,2.5470644187775475
EXOG,-0.6559230055423428
VTI1A,-0.15331830070405184
TMED8,-1.0252778509486131
NLRP5,-0.991474224186122
CRYGC,-0.5337514689822142
CSHL1,-1.1979969046803185
CRYGA,-0.13972009090306406
PTGER1,-1.4719705557016651
CYLC2,-0.83041560525349
GUCA1ANB-GUCA1A,-0.7713924504464102
CRB1,8.260891607807496
FRMD7,-0.26054122627552856
TULP2,-0.9013481951259256
KLHL25,-0.8227910474667297
TBC1D16,-1.2722249963659873
MTMR1,0.8267691518733072
DEFB1,-1.6963536939018602
SFTPD,-1.5057771586277338
CLEC6A,-0.27543462161891447
LCE4A,-1.066840389466935
AZU1,-1.0382371439141864
KIF25,1.8353358270664126
CLEC4M,-1.7600894279536115
OR12D2,0.17966762789904617
TPSD1,-2.17998673441879
LCN1,-1.6806744808392635
SLC22A14,0.9836827063796983
FAM3A,-0.6595742661744651
SLC10A3,-1.5915463586453895
SSBP4,-0.5428350266360911
EOLA1,2.9140074168852634
F8A1,0.5511212380969038
TRPT1,-0.9362572851545593
OSCAR,-0.9242259195691295
DCSTAMP,-0.6685564027892122
PLET1,-0.1975824616905298
CRACR2A,-0.06111001738909412
FRMPD1,-0.1063402196356656
ANKRD20A1,-0.6059609936839826
LRRC28,-0.5879791138591819
NRROS,0.8316421050134838
HOXC13,0.5834077591976888
SALL3,1.0869221998176144
RNF128,-0.7916778920287562
PRDM15,1.3830881473459236
GJC2,0.7489057389662537
TBKBP1,-1.0330619284641218
GPC6,7.624214858952398
PRR16,11.829978727533485
TYW3,1.8030079539510306
NOX3,1.0041153684682833
KLHL31,-0.572450919873222
TMEM26,-1.0561148073550577
TSPYL4,-0.8046805234781738
RNF216,-0.4607874791084076
H1-8,-0.41620219203101694
CCDC27,-0.8221010338679763
TRIM40,-0.8370494035762204
PYDC1,-0.8602607649907024
ZNF268,0.5738433933599657
NLRP4,-0.3129285889402701
ALPK1,-0.6046437745845956
COMMD7,-0.356129113748044
INSYN2A,2.0052244445935146
AZI2,2.7656590605148677
SASH1,3.7597841427623413
DYNLT3,0.001666837741530332
TLR6,-1.398818328802599
MAP3K13,0.12957637886262444
ANGPTL8,-0.9559488269122732
KHNYN,-0.8220777759079729
ARRDC2,-0.8354478628050542
NBPF14,0.013883253671949798
GSAP,0.6181312851244275
IRX2,2.021538323607271
CRYBA2,-0.04456063697828646
C2CD4A,-0.9026782078020524
DNAH3,-0.7724546085427079
NKX6-2,1.5561186756006433
SERPINI2,-0.9813754929431083
OBP2A,-1.366144110000928
TAS2R1,0.08241565936806089
CST8,-1.435495220013531
CENATAC,-0.3056112575004649
IPMK,0.27657020449269754
TTC38,-0.9157716916601798
PDCL,0.7871963455127154
DPH6,-0.5650330812312903
PPRC1,0.04746353294381089
KLHL28,-1.0715509211625402
PABPC5,0.6846119539851224
ARHGAP11B,0.3197423627996645
TMSB15B,1.6962733908596181
ALLC,-0.5551949896145734
GATD1,-0.8754172681140262
TBX19,0.007037984575514186
SP5,0.5518481787980071
VWA2,-0.7869513423397926
C12orf43,-0.8056875734176213
RPAP1,-1.2862712011297295
IFT52,-1.136980370945
TUT1,0.6770293647937253
SEPSECS,2.6154424178246924
CGREF1,0.08042279946020044
TYRP1,0.387858897171451
TRPM1,0.047144319919564255
ADAMTS20,-0.29497103778712985
TCHH,-1.7111932149225513
MAGEC1,-1.2570253423647466
MC5R,-1.1141267867345166
CD207,-1.8861032047244397
HHIPL2,-0.5549175851187939
ZNF280A,2.3159968038326157
SOX21,1.1502080943442363
BFSP2,-1.069993490743254
SPANXC,-0.03890014614555105
MIP,-0.8372930734948941
PRSS21,-1.5697211238382751
MIA,0.7682189254387812
MC3R,-0.8000976098915261
ART1,0.36706342728465546
OR1D2,0.4384747530810845
OR51E2,0.12329308527731571
SSUH2,0.9393823726728249
WDR88,1.3243612353006056
HRH2,-0.2604023626000345
NANOS3,-1.3189457006537855
KLF17,-0.37921850030100046
LRP3,0.9448834314333862
RIPPLY2,-0.7747572500028093
PAX1,0.39305548102304627
NKX1-2,0.5560627269341648
MEX3A,1.5657694545078944
TFF2,-0.4264473621714841
HOXA3,0.4297837037414347
TRABD2B,-0.09823991310603711
NT5DC3,-0.5486769106148425
METTL25B,0.9623367563017681
SLC25A27,-1.340475278606289
DGCR6L,-0.86748964850066
LRRC24,0.23502983151467174
IGDCC4,0.007452243425750195
CHSY3,1.898263389148254
A4GNT,0.060039289979082214
GALNT13,1.0566335959003705
ZDHHC2,1.8921337407384569
CSGALNACT1,1.8464096023827086
FAM241A,2.6068950304474474
SLC46A3,-0.914030959326643
WFDC1,-0.8988769935367934
TMEM255A,-0.8363319371178213
SPRR3,-2.08192672455672
DEFB4A,-1.9149365697744494
LORICRIN,0.21503604530507942
S100A5,-1.287158027318721
SPINK5,-1.9407047409903724
SPRR2A,-1.554741926667857
SPRR2D,-1.9120582473680645
SPRR2E,-1.9003525640010233
LCE3E,-1.5079953879455554
DEFB4B,-1.3807954890888834
S100Z,-0.8656597054404217
LCE1A,-1.3107135489047645
KRTDAP,-1.637807511593855
SPRR2F,-1.6091157024012346
CNFN,-1.9180073310791232
SPRR2B,-1.815061597134594
CCL27,-1.3391810144310998
LCE1E,-1.2841414537468772
SPRR4,-1.9468481162066444
LCE3D,-2.220047348894176
SPRR2G,-1.6428591980563385
LCE3A,-2.332609323681665
RPTN,-1.175122696920636
LCE2A,-2.031451349692064
DEFB103A,-1.3189147349430714
ELMOD3,-0.7910533027417911
LCE1D,-1.9345180600230756
LCE1F,-2.3126723880002857
LCE6A,-1.644561406729773
KRT84,-2.0413752084773753
LCE2B,-2.0883870524885606
KRT79,-1.2620572075061856
PLAC8L1,0.026535144170749796
ZNF354C,-0.5228603513244702
LCE1C,-1.0967364314772414
METTL23,-0.7379162662724456
RASSF9,1.2225779191983623
CA8,-0.7486809783013121
SUSD3,0.40507624380991686
PNLIPRP3,-0.661415884539827
LCE1B,-1.2979652303456264
RASSF10,-1.1260520358049637
PGLYRP4,-1.2954944016342818
LCE2C,-1.7582719362216435
AEBP2,0.5056203302751388
KRT23,-1.641644980542442
CRCT1,-2.187767927604783
SLC6A14,-1.8938683902638929
KIR3DS1,-0.5946314599799173
S100A2,-0.3936621297856228
RASGEF1C,-0.3746708226571268
CBLL2,3.21644717024151
FMNL2,-0.7998395569200579
SERPINB11,-0.33095804926987205
CARD18,-1.2446504850414468
SCGB1D1,0.8986527704152047
NIPAL1,-0.6203784332186665
TRHDE,1.2963826549686182
SIKE1,1.085785644516583
TMEM39B,0.9911394701394047
CDH24,2.4488313759733136
CDH12,2.4424554669764142
CADM1,2.042275416958963
SAPCD1,-0.037919945561232855
TDRD7,-0.4164407697042661
FMN1,0.08838430950806489
PCDHA1,4.488465462402699
PCDHA11,2.23326331459324
AFDN-DT,-0.17252102856412452
PCDHA2,5.006581709627758
PCDHA3,5.232842372703909
PCDHGC3,2.4833501728267295
PCDHGC4,2.6316324116625704
PCDHB8,2.2299280101058145
PCDHA4,5.338528561431601
PCDHA5,4.439791339080012
CRYBG1,-1.1149815025213994
CTTNBP2NL,1.5031008755484658
TJP3,-0.9455765850331258
SIMC1,0.21358311306436747
MARVELD2,-1.06342348926781
DTNB,0.12084711145829488
TRIOBP,-0.8117371737040269
PCDHA8,2.317488267424145
PCDHA6,4.673375219888692
PCDHA7,4.536645216379052
PCDHA9,2.2762101181953436
PCDHAC2,2.5267165565377816
PCDHB11,2.374288145575406
PCDHB12,2.2403055358036945
PCDHB2,2.164895773646492
PCDHB3,2.341504040997893
PCDHB4,2.225150185469834
PCDHB6,2.2553985164608936
PCDHA13,2.2015091436302985
PCDHA10,2.242078639332542
PCDHB7,2.3559008986713437
PCDHGA12,2.26001903086536
PCDHGA3,2.1457588539916914
PCDHGA5,2.4252326661275045
PCDHGA8,2.090967940859097
PCDHGB4,2.566667926649341
PCDHGC5,2.4175367547639848
LZTS3,0.5457116108109725
C11orf98,1.8902447038362764
CBLIF,-1.274764411626794
BCO2,-0.603999237983028
GPIHBP1,-0.9418064281820264
PNLIPRP2,0.12680006374490446
GKN1,-0.6374726935933788
TMPPE,-1.1367549939445127
GJB5,-1.7874641977092762
TSPAN8,-1.7093559644750551
TMEM31,-1.521170588636719
FOXR2,-1.0199200093434109
TRIML2,-1.2077426491344154
ZFAND2A,-1.13692871965486
FAM20B,0.6900607705209636
CLEC3A,0.3800941674853367
MSC,-0.06704142588977692
FCRL5,-1.14762230461448
FCRL1,-0.26627335898586024
SLC16A12,-1.0927170951624796
OTOP2,-1.0091193718066083
MYADML2,-0.7296407467273529
CEACAM20,-0.18446504734067076
TMEM187,-0.67222232796429
NIPAL3,-0.5820808830745355
CEACAM19,2.621695301363803
ZDHHC22,1.7702239159373896
FBXO27,-1.1487153106832353
CYB561A3,-1.0147294978678592
DEFB127,-1.4139861695448006
ABHD18,-0.8148436649911375
FCRL4,0.10597557138279849
TRAM1L1,2.0919680216451733
SLC41A2,-1.4902583364156168
TSNARE1,0.021142856899704843
WFDC2,-2.009493378803928
MFSD6,-0.49501575363887085
TM4SF19,1.8986394559202173
GALNT15,0.45850451421753746
TMEM229B,-0.9067634392415228
STRIT1,0.9772216404117281
TMEM243,-0.9163518906047257
CMTM7,-0.5985458445815238
TMEM86A,-1.3422945771841517
GIMAP1,-0.7127637387921548
TMEM107,-0.6106601879394722
TMEM42,7.198500476842639
IGKV1D-39,-1.144993809702709
IGKV1D-33,-1.1353971071514755
FCRLA,-0.8963860257388437
PNOC,-0.27162062537012116
LRIT1,0.14229981831404911
FCAMR,-1.4152422950193808
TMTC4,0.7623151808292019
ABHD17B,-0.3417141319759521
GAPT,-0.994603486220102
CYBC1,-1.072164369260824
C3orf52,-0.5673402587367751
ARMH1,-0.7537706216572253
C9orf85,1.8905147520208008
DTWD1,-0.7385050502739816
OPTC,0.49580343964716694
FBLN7,-0.8414555667346434
GDPD1,-1.0782074061713238
NXPH2,0.91706711637321
STMN3,0.526233288818169
PLLP,0.6784445457340327
FREM3,1.3085030531320851
MANSC1,0.4941185612811761
CCDC57,0.8908831917465828
LTO1,-0.9343950406613521
ZRSR2,-0.3895035192819744
VSTM1,-0.9428554625124436
C19orf12,-0.49775828343663375
LETM2,-0.679688195058211
SGSM1,-0.3237882312994697
SLC43A1,-1.227482753456975
SYCE3,1.3012680301560993
GUCD1,-0.7245114900242041
MFSD14A,-0.861489262807008
DPY19L4,0.2722199179891269
GRID2IP,-0.44358403531953794
TAMALIN,1.4781923447819554
SNTG2,2.348432991152067
SLC2A11,0.13244659324167077
TMEM171,1.6871827067760101
SLC22A15,0.013813836514305618
STS,-1.1502314723515994
C1orf159,-0.574563436076541
ARMC6,0.291126253864315
INPP4A,-0.16850463192642814
INPP5J,1.118390770085162
ABHD13,-0.6749118659663671
SNX16,-0.7760104803737333
NDST2,1.8917567310452583
TMPRSS3,-1.6555244486245935
PRSS55,-1.5529067688088012
PRSS38,-1.3916678060939465
PRSS48,-1.6112776748200273
PRSS27,-1.738593737386866
PRSS33,-0.45372504650811574
TMPRSS12,-1.7745698096173688
CELA1,-1.91857804910829
TMPRSS4,-1.163454898017021
TMPRSS11A,-1.5381454389679126
TMPRSS11F,-1.572006226041267
TPSG1,-1.8596516664515852
PRSS58,-1.5199100889722286
PRSS57,-1.6292753717564143
TMPRSS13,1.1345417306883285
PRSS36,2.157759770665688
LAYN,-1.2540310924137985
S1PR5,-1.256800146594121
TOX2,0.40005122845493407
TMIGD2,-1.2822489677625364
NFKBID,1.6359992822957972
SPRING1,0.9875676557738937
SIRPD,-0.8238067963869802
NBPF19,-0.7344823772604904
TRANK1,2.567299988098356
MBOAT4,0.8403173674483162
GHSR,-0.8535298870471743
NPPC,-0.848391026061767
CRLF2,-1.5332765612159145
MATN1,1.1909168924083076
AMELY,-1.1218844596709514
AMELX,-0.569816168092202
SSTR3,-0.7557935791506347
GNRH2,-1.9319153199563266
CALCB,0.8797081855507772
TAC3,-0.4806909569074147
ZNF507,0.7589479502646488
LRP11,2.1411969184623363
DYNC2I1,-0.4697606561475466
OAF,0.7848832741816327
VGLL3,-0.008054033191308124
MAPKBP1,0.07762889526745168
KRTAP26-1,-2.126705053969641
KRTAP11-1,-2.079776727504431
BEX2,-1.445372972279865
PCSK5,-0.5777726320490159
SWSAP1,2.267382653682762
VENTX,0.6886739652640373
HS3ST4,1.7590666332259781
ADAM7,0.20022259114148197
ABHD16A,-1.436951329847253
TEX44,-0.9207168437665932
TBC1D3,-0.81929176730151
PAQR6,0.10359632272656624
MORN4,-0.17530004414953942
FAM90A1,-1.0455185725093952
MACIR,-0.6035515405700462
RASD1,-1.1069974479267124
SPATC1L,-0.3276442100126829
SLAIN1,-1.098744786100138
DYNC2H1,-1.2068106138605468
ZNF420,0.4535293939338041
LCA5L,-0.8865868297775173
KIAA1217,0.3391150688468442
HDDC3,-0.9105221257595806
FAM120C,0.6487496868225657
TEX11,-0.8756190537621612
TLNRD1,-0.4209611314446866
SCRG1,-0.39098937017695395
MALL,-1.4192096424302345
CCL25,1.1390965865814577
GPR180,-0.8823106245756227
DEFB121,-0.7356242313252868
PSMB11,2.3666837878718483
GP1BA,-1.3040374920800244
LTB4R,-2.016015858669877
PIK3IP1,-1.1163012029678474
AKR7L,-1.266072013105099
MTMR12,-0.40548728330381284
KIAA1191,0.0552026447836538
MTFR1L,0.9792854730920272
KRTAP1-1,-2.3055812810509986
SMIM3,1.7870214269551994
PI16,-0.6480479724556975
RNF182,-0.4378061145865066
SLC35E3,-0.9188980642567499
CLEC17A,1.152748258598013
GPR25,-1.793191303860847
PLEKHM2,0.45384013968297177
CYB561,-0.6165020963230269
R3HDM4,-1.1714965981627654
DDX53,-0.9911443612294044
RNF208,-0.6197677693345235
ADGRG3,-1.4161236097896497
GPR61,-1.4951200547670902
EGFL8,1.0574186497753093
C6orf136,-0.6985109800427489
SGPP2,0.2874478822254618
ABHD8,-0.8317209853221101
FAM131C,-0.13838902938965883
MFSD11,-0.2961983134977581
SLC22A16,0.176151869641451
INTU,-0.4380143659562881
TSPAN17,-0.2416564440433723
TMEM179B,-1.0237341443385881
MYO15B,-0.07099174672224348
OVOL1,-1.5963759422515555
PWWP2B,0.6529818376538767
TMEM207,-0.36889153259395646
TMEM167B,1.9237168416079353
LEMD1,-0.02615362676181594
CLCA4,-0.45139999242976087
SNORC,-0.48920280320913967
PAGE1,-1.204246575894881
TMEM72,-0.6333860849556315
TMEM140,0.16362873304661343
SMCO4,-0.5151030158980866
NMB,-1.4388407217300618
PRAMEF12,-0.9831831637471168
GPR132,-1.9021153011224452
LGI3,0.0018466394726020104
SYTL5,1.7702262800082655
GPC5,6.944937647183663
ZNF865,-0.040307265984745475
SIGLEC12,-1.5479690812246545
LYZL6,-0.6808279777387408
SERPINB10,-0.5047828886518743
LRRC8C,-0.6782383761317605
SLC41A3,-0.9784584993785752
ASIC3,0.8948274038454423
TLX2,2.216206715755165
TSPAN15,0.17114374816380074
F2RL3,-1.8963587920627438
VWA5B2,-0.21634955294962566
FAM131A,-0.5530973116915456
NPW,-1.1660255294557138
MAP6D1,-0.4753752319240071
ZNF732,0.23970887891126766
SMIM19,0.16698483720583773
ATOSA,0.6304428504034728
POLR3GL,1.9808004874343315
LGI2,1.1005449047189106
PABPN1L,-0.5187836754237424
PPP1R18,-0.7881536670018229
TCEAL1,0.40387349378632525
FANK1,-0.38120731790751133
ZNF185,0.4918626053906665
R3HCC1,-0.738611013914446
C1orf74,-0.7556869071102701
SLC22A23,-0.3358154161653271
MRAP2,1.6781441419344605
SLC16A14,-0.4327296298815461
NAALAD2,0.8803875761447487
CTAG1A,-1.3477032030743106
GDPD5,-0.8042725847068425
ANKS3,0.865923855880802
MIER2,0.7109452942358037
GPR156,-1.334066471335254
SYNC,-0.07241798065092583
HS1BP3,-1.1109160816422954
BLTP1,0.9064984637887693
SNX22,-0.4124438253042329
SNX24,-0.5009073239336486
DYNLT2B,-0.4513236997150573
LPAR3,-1.573410437471099
CDC42EP1,-0.7745922309694051
KLHL6,-0.2520731369008422
TNMD,-0.5046945303212225
GTF2IRD2B,1.133041110444357
ERN2,-0.9988623371625632
CNTN6,3.3444590276207027
CSPP1,-0.6894263191865543
FAM89B,0.6082278531995536
SPTSSB,-0.49396743661363296
CAGE1,-1.1034442163162712
SYCE1,-1.404928967954628
FAM9C,0.2719603453058056
MYL5,0.28882312724215553
CFAP184,-0.9748751388772811
FHOD3,0.5726746134324979
LRRC10,0.39779950861380264
RUFY2,-0.9139778876511174
LMOD2,-0.2141561651608588
CCDC112,-0.7405997318233525
MYPN,-0.07651510134681129
CLIP4,-0.045549794189426285
CCDC102A,-1.1664760288415077
C1orf216,-0.5745943863403908
RNF181,0.0910120189054576
SPATS2L,-1.1613716295830752
LMOD3,-0.9750884571025445
ZNF229,-0.6058683795335424
CFAP97D1,-0.20774820636003777
AGBL2,-0.4935178805276612
STOX1,-0.9006146387020171
HAS3,-0.4389813165892918
CCDC78,-1.0250535937145402
ZNF704,-0.8150294847085352
SLC25A48,-1.183892742327478
POTEB3,-1.0512247165279778
ZNF250,0.32429826316181676
POTEB,-0.9845427342261912
POTED,-1.17025575804933
POTEC,-1.2154218591403971
ENTREP3,0.9475013158980481
TEX14,-0.7301941983186839
EXO5,-0.6712513411807319
APLF,-0.2419933101237899
HFM1,-0.9626091267590624
ADAMTS4,-1.0794543365018887
ALKBH3,-0.10232853343674422
FAT3,-0.03846045409137989
SCGB3A1,-0.5806956068492337
GEMIN7,0.19133123024157767
EMILIN3,8.394015501710737
TCEANC2,0.7580027474760539
LEAP2,-0.6987689994333143
RAMP1,-1.5596694140971714
TBCK,-0.23282267641291388
HOXD11,0.380814477769332
ZC2HC1C,-0.9999444675809259
SNAPC4,-1.3555248070601962
SGSM2,1.341580029638752
FHIP2B,0.958309956482658
FAM193B,-0.871637651554688
SUGP2,0.4411987565807827
CNPY3,-1.1356559205647192
C17orf78,-0.0839096119763515
WNK4,-0.5629443118369334
ANKRD10,1.4685466985736375
CLK4,1.5790899247883479
C19orf25,-1.1448498172125219
ANKDD1A,-0.2341618417007782
SLAMF9,-0.8264038841729421
PTPRQ,-0.5056928660245276
LYPD5,0.15018904077571232
STRC,-1.1839020432822134
PCDHGA7,2.251528076618181
GPR161,-1.0981590629591031
PCDHGB1,2.3881033720172358
LPAR4,-1.3065974519049004
SERINC5,-0.5669023096451042
RAPGEF5,1.0671379160771202
RGS7BP,2.2810117804504615
RIMS4,0.9382814794898208
ATCAY,2.700739510894583
CASKIN1,-0.02579555128440105
PI15,1.0868122068435424
CPNE9,1.3076302847137617
MPPED2,-0.40180865235147806
MAP7D2,1.3175558028106475
C2CD2L,0.18669078037590095
C6orf15,1.5097966888501697
PCDHGA9,1.8592133953580294
TMEM61,-0.22385105265720565
TMPRSS9,-0.6533377722225855
ICA1L,-0.48263331841911405
WBP1L,-0.46323675725777097
SPATS1,0.5484346838655081
TTC23L,-0.6404510974249485
TEX35,-0.714262069461329
TEX12,-1.0663706214115258
GALR2,-0.8563865615563607
SYNGR4,1.9526078456549711
FIBCD1,0.6229263488352818
NANOS1,-0.586302397789296
EFCAB5,-0.4034999133495163
LCN8,-1.644021464812285
LCN12,-1.3214468977808136
LCN10,-1.5726023317346132
LCN6,-1.3292813003706732
ZNF17,-0.06402176923422981
PRICKLE4,-0.7779306032662516
ZNF273,-0.7209380097606497
ZNF316,0.6653237298064231
TUT7,1.7323726960790382
RIBC1,-1.1589812084236628
BTG4,-0.7839885939558333
FANCD2OS,-0.1550014936891805
AKIP1,0.8541900733676944
CNKSR3,-0.3674387690109907
PNRC2,1.58494744205996
RSBN1L,1.2413079303723247
PATL2,-0.25080929615808195
RNPC3,0.36177116035777435
SCYL3,1.4775310144212594
GPATCH2,2.7184032058241
ANXA2R,-0.5460164383219991
RAVER1,-0.27646206050867217
PRR14,-1.1590954889813134
CDC42EP5,-0.36410899164144234
ZNF569,1.2446689942580529
BCL7B,0.6184094951330398
WASH3P,-0.4032280757885251
STYX,-0.27449486379133836
DCUN1D2,-0.8136461450027194
WDR5B,0.9521247302162961
ABITRAM,1.9831576960021258
CNGA2,-0.5849457532883056
CNGA4,-0.6967343916052608
GJC3,-0.9782377707661506
TGIF2-RAB5IF,0.9997681638881486
STMP1,-0.7033516282380522
COX3,-0.5337147591924486
SMIM8,-0.9374821420815417
FAM83C,-0.5895851778866756
PWWP2A,0.15751578904234126
ZNF827,2.6704292747131277
BAHCC1,2.005460884104599
AHDC1,2.4449934715671535
MBD3L2,-0.696792792320727
C16orf87,0.8171032020172053
C22orf31,-0.22756501928688724
CCSAP,-0.7579996840181331
MBD3L1,0.5123135818628155
ZNF382,0.7316902044575807
BAHD1,0.2669679393669291
H2AC15,-1.4815174802298652
H2AC16,-1.4319953869861854
H4C8,-0.9368260171852655
H2BW2,-0.6501135945549696
H2AB2,-0.9735137833808177
HERPUD2,-0.9188544945449921
TRIM56,-0.4635123743356457
KCTD11,-0.8300772062561153
PHF14,0.8980353064483078
CBX6,2.3294402370214455
ZNF711,-0.3243342263422098
INO80C,-0.7967140559213548
ZFP64,-0.11148414575932997
HINFP,-0.05662946041234057
EAF2,-0.22660085412157946
UNC119B,-0.9328985481098385
ZNF764,0.3431976931606247
SAP25,-0.8012488911208319
OVOL2,-1.3512895023557905
NACC2,-0.4222714843117984
PHF13,-0.31564183110320526
RAI1,0.5558821383100745
EID2B,1.476413634422944
MKX,0.7757950944811445
TBC1D32,0.6255385526831099
SAMD1,0.22505974362419545
BANF2,0.03586028968286073
ZNF541,-0.10707784229324611
ANKRD13B,-0.2508596036766744
YY2,0.6833319716329277
RBP1,-0.6173918756656438
NFE4,-0.38327537608316414
SSX2B,-1.020477231750031
PGBD3,-0.7530932093965637
ZNF461,-0.16096016693841092
RAVER2,2.735330920719833
CDADC1,-0.8832334020608483
ZFP1,-0.09203806154011719
EPOP,-0.1243777379652909
UBR3,0.2868386616639142
TSHZ1,1.6786118823072111
PARP14,-1.0189518993008193
USP17L2,0.026827611430679354
FAM50B,-0.32131094046072456
AVEN,1.194550126573396
TRPV3,-0.20976330491580378
PLXNB3,1.2711196847206079
ASPHD1,-0.6065511006467738
PTCHD1,3.6388428434009956
SLC22A24,0.20357012206077024
ELFN1,2.941648148983627
DTX2,0.9055787644060234
DLK2,1.001690877636401
NOTCH2NLB,1.8735529416854098
HES4,-0.6126238129916802
HES2,-0.8199496136318996
NRARP,0.03677619433937204
HES7,-0.8020902783400413
ZNF74,-0.8866924394558134
APH1B,1.7802694822431908
EFNA2,0.3404260229902782
CASKIN2,-0.0758832452260119
SDK2,2.6527516202504726
ARHGEF16,1.3366569240074309
APLN,-1.9272535104589819
CCBE1,0.8479573798942054
OTOP3,-0.24362827814693916
TIGD2,1.234075773217816
SLF2,0.7621387793277398
NT5DC4,-0.5582523153826794
TRAF3IP1,1.2312065417562221
GDPGP1,-0.5214767181159508
KLRF2,-0.41128002025793403
CLEC2A,-0.7353081109589885
CLEC1A,-0.9628646870564154
RAET1G,-0.5705816484539689
GJB4,-1.389615695061988
RAET1E,0.8932845735115974
RAET1L,1.7099780727244682
TMEM182,-0.7852799033858245
LSMEM2,-0.8398657643000488
MS4A13,-1.0119429971426817
SIGLEC15,-0.9677009616092942
KIAA1586,-0.6540643978143605
FCRL6,-0.9727165433069149
ACTR3C,1.2732542909547482
METTL21A,-0.6742036924138216
SYT9,0.8178903636452998
PFN4,-0.02552406495955667
DNALI1,-0.8018116769979378
CAPZA3,0.3132425050409033
CHURC1,-0.8585891651144693
ARPIN,-0.5785040398116077
ARPC4-TTLL3,-0.5275839595101349
RFLNB,-0.708854289638742
CORO7-PAM16,4.680574223027951
FAM9A,1.6694451400773092
CEP104,-0.34151865129317455
TTLL5,0.333588579924202
TMEM183A,-0.8358113520093404
PSD4,-1.049059639304995
DHX58,0.025071533449566235
BATF2,-0.8649188503163162
LY6E,-1.1060884384549954
WDR86,-0.6868484904033738
UMODL1,-0.787495481457072
CRYBA4,-0.8130565717626573
IQCN,-0.8825140323102849
WDR38,-0.8146951796438209
DAW1,-0.969058169083574
CASP12,-0.44208893796497073
TIGD3,-0.24703843978065926
SPATA46,-0.6842497333812483
EEF1AKMT2,-0.9465813825774745
ENPP6,1.78653393728368
FBXW10B,-1.173418111801277
STPG3,-0.636891490511606
ETFBKMT,-0.829195956054249
RASL10B,-0.8196642728499769
CCDC190,-0.212748440376618
LYNX1,-0.617205995957138
ILDR2,-0.44862235259645866
GPR27,-2.2128755817879537
ZDHHC21,6.990038805879703
NRN1,1.836298657262091
LYPD6,0.09864000089017982
PRIMA1,0.10294110110713219
ARHGAP36,0.7502482184492753
PROX2,6.000207618737136
SLURP2,-0.40934150454052237
LYPD1,-0.6866142136076695
BHLHE23,-0.09877646069195811
CPLX3,-0.4250655938433717
RXFP3,-1.6856390072468077
TACR2,-1.00413054523694
POU3F3,0.8931635318310989
NMUR1,-1.6927315001748702
NPBWR2,-1.9374164080943557
PNMA3,-0.48141548879693014
PKNOX2,2.66198633864732
TNK1,2.3783084053682044
LMAN1L,0.10490325549219914
STARD5,2.1034549987351303
RFTN2,7.61500721506695
TMEM92,2.0050324175541525
VWCE,2.217198345382384
TMEM129,-0.8383067010579204
ANGEL1,0.01225725602842094
ZNF324,-0.04121602914508159
ZSCAN21,3.395700364978765
GALNT8,-0.9086159719347001
GALNT16,-0.9646879605984132
CD300E,-0.2197335641721372
TMED6,-0.46797547525184574
PCDHB16,2.0329585708220383
DRAXIN,0.4721916234969344
FBXO4,-1.2790574066394744
FBXL2,-0.8266123818544755
FBXO17,1.1242030691028297
FBXL22,-0.49762249464721486
FBXO46,-1.124488941215302
FBXO10,-1.360647014245803
FBXO16,-1.243886432176713
FBXO8,-0.6106849893818637
FBXO36,-1.0392554951431443
FBXW12,-1.0617968783877079
FBXL16,-0.7487218011414377
FBXW10,-1.2551618832306661
FBXO48,-0.8971103991715864
FBXO41,-1.0006845849247241
FBXW4,-0.7121459062459055
HECTD2,-1.3587337249540492
RNF19A,-1.2235994861369364
RNF217,-1.3245511628588582
UNKL,-1.3709745572401348
ZNRF1,-1.5572039705285856
FBXL21P,-1.3151156952563885
DCUN1D3,-0.6182080377289957
AMN1,-0.6109630266077286
KLHL11,-1.0154878689018083
PRDM9,-1.2108435195462295
ZKSCAN7,6.192480581463004
ZNF763,1.2844939252623016
ZNF140,0.6945258880274575
PDCD7,-0.7808007910955891
PTAR1,0.8876537776660633
INAVA,-1.00258800258406
TTC21A,1.7888530718566265
ANKRD36BP1,-0.5850536048786279
CCDC168,-0.19689177961881257
QSER1,-0.6667835497880082
DCAF4L1,3.6532751332854985
PFN3,-0.17551592110773495
CCDC146,-0.7655768582160583
NUDT16L1,-0.7794957853840642
PRRT3,-0.05184707056143955
ELOA2,1.238500950804018
SPANXN3,-0.8421213026953078
TRIM49,-0.7413267018910574
KLHL5,-0.034598198387302416
ADAMTS17,1.4500639225222924
POGK,-0.7481793608863687
FAM199X,-0.7422603044085025
PLEK2,1.1929956059572575
CEP85L,-0.16286547501984935
TSGA10,1.2221509929094927
LRIT3,0.2188208377837677
UMAD1,1.5165722396765688
TRIM34,1.7240889207070025
C16orf92,-0.6304344442657702
BNIP5,-0.648062733268128
C19orf44,-0.3937466156781276
HAPLN3,1.591631244823588
EFNA5,1.8942666683351321
FSD1,-0.6996027666012576
CAPRIN2,-0.41570902584306824
TMEM117,-0.40649402802348344
CCDC38,1.3526604268050164
MISP3,2.121954111562879
DNAH10,-1.034224686538513
NABP1,-1.0185272945884674
TMEM156,-0.5906875173968203
KLHL33,-1.1239707240727883
DUXB,1.6224557462215075
DUXA,-0.3281102802827832
PRR30,-0.9628373636459797
FAM24A,1.37323526527272
ALKAL2,2.125348488565183
DEFB123,0.43921895438005737
SCGB1D4,1.378900892659918
KCNE5,0.9551707355757241
CACHD1,0.5800171035067405
INO80D,0.9119019301124401
PAGE2B,-0.3435336917762607
CTTNBP2,9.48387873952427
ASXL3,7.92581596317683
RNF32,0.14416598769866765
APOBEC4,1.705117483688751
P2RY1,-1.214467110439397
ANXA10,0.13646264469350083
TDRD9,-0.7704195844893402
CHIC2,-0.8372856236267414
TMEM266,0.504485579218317
MAGEA2,-0.3254464973719262
SLC35F4,-0.31043236749456016
KRTAP12-2,-2.048002678915253
ZNF713,0.8302266376623513
VSTM2A,-0.577402445814386
XIRP1,-0.637442456850177
GPR37L1,-1.6304183637643683
MAGEA2B,-1.0175275963505475
KIAA0408,0.681252600709837
TMEM253,-0.16040466981359564
RNF26,-1.2540670445232582
HIVEP3,-0.8418742439786006
PRICKLE1,-0.9745444331621094
ZFAND2B,-0.578483026586307
SHISA5,2.4933120736188057
PRY,0.8152204451990851
OTULINL,1.4957424743537362
HS3ST3A1,1.7044370329822225
NDST3,1.6626562997937289
HS3ST3B1,1.7539049180911788
HS3ST5,2.078760929394559
NDST4,1.866476375470856
HS6ST3,6.275424684902294
CHST13,1.1468686667876367
GPC2,2.2787498766843193
HS6ST1,1.94885046770398
HS3ST6,1.641126989959393
FRA10AC1,-0.15938044828322714
SUN3,-0.6413479579229387
GOLGA8O,0.8487472444348196
IFITM5,-1.124565455497134
GTF2IRD2,1.079452450920091
TRIM50,0.33304681041255924
ALKBH6,-0.62657711329171
VPS37D,1.901671961226526
CYREN,-0.6685423713953125
CRYGN,-0.16958376525404303
HOXD9,0.278367271154482
AMN,-0.9374184487810517
ARHGEF26,3.30868747960557
ZNF304,0.7128340926854473
ZNF280D,1.6117807902335115
EPM2AIP1,-0.1782781574263627
TMEM104,-0.9695900801486761
METTL25,-0.5342454889866467
DIPK1B,-0.4890800866693552
NHLRC3,1.9231292201773127
ARHGAP8,0.30332610826513073
PRR5-ARHGAP8,-0.2551236343033657
SLC22A10,-0.498507243185309
ZNF80,-0.1726261782910841
FAM187B,0.44456310358760426
SLC35G4,-0.8482085309715952
SLC22A25,-0.7418134538354637
PPP1R1C,0.3964999841079404
CFAP36,-0.9041981789299933
SLC9B2,-0.8517295237299628
SLC9B1,-0.3529927244729456
EPHX3,-1.1206449304041575
LZTFL1,-0.12591388046446686
SLC16A4,0.049433430642082714
ANKRD6,-0.49017404030674566
ZNF226,-0.03937058647341263
CATSPERE,-0.4067775034318589
GJB7,-0.7554972181249248
KRT12,-0.9742523560949481
BLOC1S3,-0.5112493652438463
KRCC1,3.2908469365222923
HECA,-0.08902479400195504
IQCH,-0.3155140847951316
SLC7A6OS,-0.6867270085872461
TTL,-0.5431753658502263
NICN1,6.391844074683415
NYAP2,0.4233819074801768
PTPRU,0.5032940681080877
ZDHHC18,1.1691846040285572
PABPC1L2B,0.27809342110782537
RTTN,-1.1422446065002985
CFAP65,-0.04915843021400373
ARHGAP42,-0.05698607268515741
DUOXA2,0.4343816061035936
P2RY14,-1.425073832000518
PTGDR2,-2.2860139098383376
STK40,1.272169693257857
PROSER1,-0.5225758190463544
C1orf141,0.0871420215914929
NPSR1,-1.687552927317396
RXFP1,-1.5971434173558925
GOLGA8F,0.8127031925457566
GOLGA8DP,0.5788539289337101
NKX6-3,-0.044934161195748404
IFT70A,-0.6239972785638409
GALP,2.253419589346422
DACT3,0.37113241471224473
UBTD2,-0.5870316095556827
KRTAP6-2,-1.0427482465853084
BOLA2-SMG1P6,-0.8627637723004746
PCDHGB5,1.6222414794201006
KLHL32,-0.5094335903232994
CIMAP1A,-0.5926748624742155
LRRC3B,2.0134416650131555
ISX,-0.35671186903744256
TMEM69,-1.1513339977270043
TRIM46,-1.0152356357709407
DCST2,-0.4835686088356554
BEAN1,-0.29875693188079744
CARF,-0.36850393875329907
DYRK3,0.05922396710765359
PCIF1,-0.2942688274050742
DIXDC1,-0.6267159880619172
C11orf68,-0.7313946471292267
SELENOK,-0.5204348517995702
INVS,-0.5320218556132525
STXBP4,-1.1420773577060137
OTUB2,-0.04986196045588266
WNK2,-0.7125275203905421
PIWIL4,-0.5502595794649854
SETMAR,2.569230597093939
POTEKP,0.03436935356047002
C1orf115,-0.06796997196869252
MINDY4,-0.01987028173587566
RNF113B,1.915972921400513
TTC14,1.5065895056884073
RFX7,-0.12868078229527644
MSANTD2,2.0420261161093136
ZNF84,1.0268284807694803
PATE2,-0.8479982860255609
DEFB107A,-1.1180040262036661
DEFB110,-0.5666520674339273
RNASE13,-0.09115282849113027
C3orf18,-0.5156853534863272
CA11,0.539706456728785
IGHA1,-1.3928977537261422
URAD,-0.650106554925595
TDRD12,-0.38856783953776114
CCDC191,-0.1078762400833092
TLCD2,-0.7800054267709868
KIAA0087,-0.026950590647119823
NUP210L,2.1962441739478282
TMEM201,-0.7455787234132497
FAM3B,-0.3827139415690139
PGA5,-0.8093455379292348
GKN2,1.248514100608007
SLC9C1,1.3547819604344404
SLC6A18,0.4181868841899671
ADPRHL1,-0.716957492956361
SLC6A20,-1.870184738050838
SLC6A19,0.5981010935760624
CAPN8,-0.7623626134708669
RNF103-CHMP3,1.3182682910554442
RBM14-RBM4,-0.2607455048622158
TOR4A,0.37036296633245375
ZCCHC2,-0.6232894050112553
CC2D1B,0.19272841899196225
RND2,0.47193562949540346
ZC2HC1A,-0.20171490328125805
DCAF16,-0.3572107501969197
NEGR1,7.302696489355512
SLC2A13,-1.4908539760981125
SLC5A11,0.1640901682684276
IFI27L2,-0.7268740195681145
NICOL1,0.3358004882538413
WFIKKN2,-0.363346656406697
HOXC6,0.16714750561297764
WFIKKN1,-0.8537349111804009
CMTM3,-0.5927710002182657
NREP,4.456305104247574
CILP2,-0.9261507988029025
KRTAP4-11,-1.1769641043045742
MADCAM1,-0.21783827133133057
EDN2,-0.580328167990412
FGFRL1,0.0648595379713144
ADAMTS3,-0.021128693065311625
FJX1,-0.06846607024976042
CCN6,-0.516149132833167
TCEAL6,-0.8125097666710976
GTF3C6,-0.9855442035968249
FAM161B,-0.40470226248151614
MCF2L,0.5870545883539005
BHLHA9,-0.42021592549849573
JMJD8,-0.6334219697149615
EDARADD,-0.585998258003144
SPATA6,2.2570077344481123
ATOSB,-1.1289592511426352
PRND,1.4989150884388664
NRN1L,-0.07876927145868805
LYPD6B,-0.7893616104857732
LYPD2,-0.9435537303489534
RTN4RL1,-0.14350589156027474
MDGA1,1.3499148052785912
LY6K,-0.8096449746673038
RTN4RL2,0.09043053058992745
LY6G6D,0.6046415702844039
LY6G6C,-1.3297991654273704
LYPD8,-0.9719636051090438
SPRN,-0.06369032250673044
IZUMO1R,-0.684371027250511
CNTN3,3.139726696520459
ART4,-0.30056801548458895
SPINK4,0.7440064487967192
ABO,-0.5006359161283973
TBX10,0.5251641840331449
SH3D21,-0.6109782212139766
MEGF8,-0.023873701817965592
ZSCAN31,7.672912724913806
ZSCAN16,5.769654036547268
PSG7,-0.8410200585522468
PGBD1,5.35169940109962
GPR15,0.06814778184633258
HYAL4,-0.7709217047060852
ANKRD53,-0.48436119423693436
FAM83H,-0.34261024795445466
TRIM67,0.3875962479179432
LRSAM1,0.2623892304764959
ANO8,0.5778473142726516
TENM4,2.8413405257219244
TMEM8B,2.067183761191077
GBX1,0.13636590842058963
HOXA4,-0.010351938238403788
C4orf17,2.063872997290361
FABP12,-0.798725142319419
DAPL1,-0.8745196748359807
HIGD1B,1.2390871738242029
GPR182,-0.8366317196363846
LRRC9,-0.43940881116159536
ABHD16B,-0.7684561611731573
OR14C36,-2.845054031925308
OR6J1,-1.338859623790467
IGSF10,0.5866208684184484
SETD9,-0.36839624457904635
DNAJB7,-0.7286995704477784
GLB1L3,-1.3353875060241065
DNAJB8,-0.9925017067930448
HSPB9,-1.0588503514723047
CIMAP1C,-1.2042734216960447
PRAMEF17,-0.9516099201817559
RSC1A1,-0.7998644214382956
ZNF703,-0.5267503589620086
FAM221A,-0.8064291084152796
AIDA,-0.5069107087075226
SELENOM,-0.9645960178568814
GBP7,-1.1619316617033248
RTP5,-0.8964476265617123
HSP90AB2P,-0.24714319095777768
HSP90AB3P,0.7709217763926222
HSP90AA4P,-0.25108695107647533
DNAJC27,-0.7856160062101283
BNC1,-0.747644169080474
CACUL1,-0.4614849570231842
OR51B6,-2.8239161767966157
MARVELD3,-0.9676138466133776
PF4V1,-1.0315927291369893
ACKR2,-1.152951530927857
HRH4,-1.4992603841590657
CTXN1,3.4248040705182383
NINJ2,0.5304301365598597
TMEM74,2.0962454152851775
PXYLP1,1.7106810578973393
PIGZ,-0.7603932080610841
ADAT1,-0.03373755567516522
GNA14,1.1192300877730426
RGS22,-0.3733163010285551
LPAR5,-2.3712055861043746
P2RY6,-1.2715326032424157
NMUR2,-1.4730334320945986
GPR55,-2.1774648726220476
GPR176,-1.7165970660435073
TSC22D2,-0.9353506811447281
GPR17,0.32821457509625157
SESTD1,-0.5863908163591997
DYDC1,-1.081370194287472
ERVV-1,-0.672271675198624
CCDC125,1.110229590420336
ERVV-2,-0.27006247667012606
FAM118B,-0.34265225625317813
SOX15,0.8920650836345904
FAM181A,-0.5091670873132864
FAM181B,-0.13703860499442538
TENT5B,2.2394693770225538
WTIP,-0.39363315959922396
C14orf39,1.2855637131684223
BCL2L15,2.625061352007499
GLIS1,1.2912327153611955
ZFHX4,8.684109573118024
SYCP2,-0.6968088337059527
TAFA1,0.43948571172330214
HSPBAP1,0.46679909097620614
TMEM35A,0.28160264454561357
NRSN2,0.4672506776428
TTC9B,0.8397742704047584
DAZ4,0.868367839020925
LDOC1,0.805098168894234
SNX15,-0.7473137151939062
CMTM2,-0.7059366732839276
CORIN,-0.06428249834949251
CNPY1,1.3506256040760958
EVX2,-0.003451433786218348
SCGB1C1,1.1225913417793032
GPR153,-1.9783200486631767
PCDH18,1.128562214803291
TMEM190,-1.3019304327793517
CRB3,1.1568435498827643
C5orf24,1.1934398733620684
PHTF1,1.647079373163745
INKA2,-0.11490383424596103
SH3RF2,-0.6822449129301572
PACS1,-0.8580688998268707
NHSL3,-0.7091034982108786
ZNF500,2.431308543729633
SYDE2,1.0572468059467335
SIPA1L3,0.1680577339466179
GIMAP8,0.9675145116939401
STK31,2.7584031112415337
OPRPN,-1.5309861703342502
OR1A1,-1.4971749129989997
RASSF8,0.05902602204660382
CCDC85A,1.8807531299158506
CLDN4,-2.1254170318462338
CLDN25,-0.9196634616475865
CLDN34,-0.8819843361177425
CLDN24,-0.9380367502223093
CLDN15,-1.0536556739292653
CLDN2,0.24749139766260497
CLDN20,-1.0555734755163597
CLDN22,-1.0885271701022536
CLDN23,-1.0382580388907123
CLDN19,0.0147003718767667
CLDN16,-0.38125178315853114
CLDN17,-1.2419710149554326
CGNL1,-0.8722935143481094
FRMD4A,-0.15067098517976815
PLEKHA3,0.4100116482605705
FAM184A,-0.683516648508189
FAM171A1,0.711052112271471
USP54,0.20476519500872456
NECTIN3-AS1,-0.16050855862128185
RASSF3,0.1838346770601753
BCAS4,-0.84258151161123
TREML2,-0.9541788277545026
LRRC8B,-0.8595194632004812
SIDT1,-0.18087401472744408
MCOLN2,-0.7917946276333789
RTP2,-1.8120300364081061
GASK1B,-0.4139298741741515
PODN,-0.5622608247007921
CRISPLD2,-1.026304230116086
NDNF,2.3908310028338637
CHIC1,-0.5131471115802246
NWD1,-0.3336006902155589
GARIN2,-1.3195287775509583
ZNF416,0.005954808682792192
ROPN1B,-1.106879256075846
TEKT2,-1.3760971263453772
SYT3,-0.32949066213428924
SPMIP4,-0.6712278680307632
SPEM1,-0.7787060793117007
ZPBP2,1.0203468264094728
GARIN3,-1.2060293209408826
ZSCAN12,7.96858495540978
SLC14A2,0.022096184807543048
IGSF9,0.996238178981427
MMP20,-0.3045884439271221
AMTN,0.27812746012348427
AMBN,-0.033716645402403614
SCX,0.4494479319859713
KHDRBS3,-0.293372194363017
EFHC1,-0.9142898006542763
STYK1,-0.17415408460064136
MACC1,-0.31860853444382686
RIMBP3C,-0.38272074503518516
CHRDL2,-0.7691088376139942
SYCE1L,-0.5281411401685479
ODAM,-0.05350222526681853
C6orf58,-0.7521580412122133
SMR3B,0.7256392423959376
ANXA13,-0.8117947148184077
OR10C1,-1.4132916350832563
FREM1,0.1384970114362084
MOB3B,1.1387505124550434
ZNF554,0.17855442830832305
SLITRK6,0.8833391697939915
ZNF718,-0.41955593664016516
ZNF695,-0.6561543513002545
CCDC174,0.3243319128818947
MOB3A,0.22126931274170064
HSPA7,-0.45537590710802395
RNF125,-0.49346096142038065
SETD6,1.3184734163612482
UBOX5,-0.6129421290083431
RNF212,-0.6659075625138903
MEI4,0.8507968633083973
MEI1,-0.3994446089299447
REC114,-0.6961804109543207
TSGA13,-0.23067365427970168
SHOC1,-0.3417422491168206
C9orf152,-0.38877294221097203
HORMAD1,-1.0063131044865472
RNF212B,-0.8061583626068864
PRR5L,-0.5469987505822052
IGLC3,0.2315431548442733
HORMAD2,-0.628503790337567
ZNF224,1.198178250241211
ZSCAN18,2.625194817803852
MUC2,-0.8786665556964884
ARHGAP30,-0.3954718756824959
CES4A,1.6464460856005194
MAP6,1.155293461020354
BDKRB1,-1.4459057900890908
PRRT1,-0.10767175185275046
NALF2,0.32142572491063204
GPR162,-0.45937321292525585
GPR78,-1.6842150250606966
PIANP,-0.42639713283052405
ARAP2,0.3316407885404863
OGFR,-1.7100508204468623
TTC22,-0.48911381444049723
NPNT,0.6392976014439686
KIFC2,-0.7184207102584736
DEFB125,-1.174364343807935
TAFA2,0.10495078443589584
GPR68,-0.7699402145524133
FGFBP1,-1.7299193055896838
VAX2,0.4105743992235517
KRT71,-1.7918538223103528
ATOH7,0.03437117328138548
CEACAM16,-0.6860436497098342
MPZ,-0.009184702537387091
PROKR2,-1.3731832902862968
DBX1,1.149486275957258
IRX3,0.7517367789750123
LINGO1,2.299325852264897
TFAP2E,-0.47801157964681157
ANOS1,1.7157725277738674
HMX1,-0.5949630382760572
HOXC10,0.48063778224143183
FAM162B,-0.29037234460098627
BARX2,-0.8116425480867702
HOXD1,-0.5504173925281669
MMP21,-0.918321019793101
DNAH11,-0.9174261361298175
UPK3BL1,1.5498671895100429
IZUMO1,-1.5173526355920302
PKD1L1,-0.20173525894698446
DNAI1,-0.31186238004789696
DISP1,-0.4905138336707946
GTDC1,0.09414206000230241
OR7A5,-1.401898174360224
NPY4R,-2.0365554883101646
NXPE4,-0.6588508699248884
CDNF,-0.48564915394640507
PRDM12,-0.4539106442485842
RTN4R,1.3414818891578923
SCGB3A2,-0.852284922084773
BEX5,-0.631198245538154
CCL15,-1.98198972378125
PELI3,-0.6565108659879755
CCL26,-0.20972475943876334
SLITRK2,0.7859705180278941
SWI5,-0.6107703944119913
RAD51AP2,0.8101002859959375
CENPS-CORT,-0.5649651821351864
KHDC1,1.2258305332007127
USP26,-0.6221688271639806
SNX32,-1.1122164761929052
WDFY2,-1.1123559716110587
IFI27L1,0.5913039201192943
ARRDC4,-0.6034958888021796
DDX60L,2.175706962512243
BLTP3A,-1.213542732477381
GBP6,-1.2664058318319886
ADAD1,0.3706365852869175
SLFN5,-0.7563695672490541
APOL4,0.4370447855512442
SLFN12,-0.3954197152814069
ZC3H12C,0.13095491036397675
LIPK,-0.6420948735966294
WDR25,-0.6988024737631198
TXLNB,-1.2166415935121968
IFT20,-0.9677217658918391
ZNF532,0.824163397858623
TMEM158,0.314371652945483
ARMC2,1.7482329896248037
GPR141,-2.1170281401590754
ARHGEF19,-0.32650185038112667
FAM124B,-0.9072107453631916
ARMC7,-0.5235348140802372
INKA1,0.848134730661514
PGAP4,-0.653890935300466
ZNF34,0.3873500845247452
SPPL2C,1.0208017930039337
ZDHHC7,1.705769984700926
ZDHHC12,1.7523711306481862
RETREG2,-0.9157772994658536
MAB21L4,-0.24766065316042365
AXDND1,-0.06102836821836624
BLOC1S4,-0.6162255021430216
FLACC1,-0.24144018865682448
CD99L2,-0.770047297286036
BTBD3,0.6218998307920194
GULP1,3.505469886981592
CLVS1,-0.5901156403625463
ADTRP,-0.5601827183528697
TMEM234,-0.6457821219101931
CACFD1,-0.43836463265400694
SLC49A3,-0.6585551919477617
LHFPL5,0.01775352061050968
CT45A10,-0.7133536371625872
PEX11G,-0.5357207260026146
ZDHHC11,1.777268813121665
CLDND2,-0.9176804653826529
ARK2N,-0.5351623514212152
CT45A6,-0.6757605897620477
TMEM239,-0.5022542731758058
TCEANC,1.8181631724430172
PLPP7,-0.40143708474023065
ACER2,-0.8258608543017122
SPNS2,0.2281875278823666
ACER1,-0.9137068097788826
ELAPOR1,0.7024357445657838
LUZP4,-1.2124461932959876
RASEF,-0.032220587640349685
HSF5,-0.939484466142542
KY,-0.6012379993827566
DENND3,-0.2678662666654769
LRIG3,3.5019177374933665
RPRML,0.05474114311876248
CMTM4,-0.8993373081598764
RND1,0.3439093008250776
DUSP18,0.53209894103453
DOK6,-0.5462908547796579
ODF2L,-0.28417935911378595
SHD,0.401444064594881
TSPAN1,-0.5986531484883021
ESRP2,2.086298622542392
TSKU,-0.3220782849630765
RWDD2A,-0.6273051745441154
RASA4,-0.2982208180612498
GRK3,-2.336809385360486
TMEM125,-0.9216713798327034
VIPR1,-1.4200769619327218
CTAGE1,-0.33788484096376536
TMEM98,2.8248668767769467
POPDC2,2.193511157456039
C10orf71,-0.8905826306257866
STYXL2,-0.8620632521286992
MYOM3,0.23279283345695603
FER1L6,-0.632482732831516
LRRC2,-0.687435163656482
KBTBD11,1.662610495468409
RAB40B,1.2808799492056215
TMEM60,-1.4523790921259458
EIF4EBP2,-0.47372117450813
EIF4EBP3,1.1980081955112791
CTIF,0.9558594695213107
NCBP2L,-0.5388358229670207
NBPF26,-0.273207108032241
FAM200C,0.28852898445115477
TMEM106A,1.9763331265266055
NKAIN1,-0.1328484629320286
CCDC134,-1.0228264016060342
NUTM2G,-0.7913640953311123
ZNF136,-0.7432557545553256
ZFAT,0.39099568172064564
FAM133A,-1.001868917345726
PLEKHG1,2.042863602338513
LGALS7,-1.0053400720987935
NPB,-1.1809403717820122
IQUB,-1.5805537741278812
NXPE1,0.06586034882154833
DRC7,-0.71965649980576
SPATA17,-0.20326306163662394
C11orf65,0.9170850502134957
PHLDA2,-1.3336023337443306
PITPNM2,-0.7235913645582442
SELENOV,-0.6829056514278724
PSTK,-0.8595927812411905
PRG2,-0.11235455555724849
GPR87,-1.1307399452145444
EXPH5,0.867455260558475
ARL14,-0.6535570799590498
ZBED2,-1.1482326856701606
MIF4GD,-0.99840111392378
LIPJ,-0.7215535066276201
TCFL5,0.6189455235997946
EEPD1,-0.4736601197314037
C5orf52,1.9774939988838518
GCNT4,-0.83214323373374
KIAA0930,-0.864924563719817
GALR1,-0.9953019962821037
MEGF11,7.279860333557685
ATXN7L3,-0.3550584345390506
CCDC97,-0.20822752884202833
TRIM51,3.836221401001655
CCDC186,0.7191955366655156
KSR2,-0.2573940428390681
MFAP3L,0.30693016096109815
NPTX2,0.15487809116961718
WDR91,-0.45250510183657805
TTLL11,-0.262295509566536
IRGQ,1.7070051695164732
SEMA3G,0.9736852590565142
RAMP2,-1.6136616375374013
KANK3,-0.2734835975064693
RAMP3,-2.023924351689753
DIPK2B,0.40553324183250816
C3orf33,-0.0595907088884089
NXPE3,0.1144197075903803
SIGLEC8,-1.5141583411748736
SAYSD1,-0.5538629203198938
PCDHB15,2.397528134702094
LRRN4CL,-0.6542344130739312
UBXN2A,-0.46401587335451056
ZBTB9,-0.37266208765613484
CST9L,-0.8857890112350354
KLHL14,-0.027488391669993072
TMEM52B,-1.1680016502708288
TSGA10IP,-0.9552405133095583
ZDHHC24,1.631336183445704
FAM72C,-0.5939455493496172
YJU2B,2.0144588590744754
OR6C2,-1.503029746879428
OR2G2,-1.6301680408364054
OR2AG2,-2.869975797756146
OR10V1,-1.4043824997628827
OR6Y1,-3.0836084899493255
OR5M9,-2.6000469970881293
OR4C5,-1.535211789264349
OR4D9,-2.8338317011283722
OR13C9,-1.1842173822311095
OR4C13,-2.943531361815495
OR10H5,-1.285755040305345
OR4M1,-2.533586441102467
OR4K1,-2.322178890195241
OR10A2,-1.5819065963941925
OR51G2,-1.5260480674779118
OR51D1,-2.728742861145547
OR2J3,-1.5564412287430847
OR5W2,-2.8449111214535803
OR13C2,-1.6281265332029642
OR10W1,-1.4499427108839023
OR6B2,-2.544744772008573
OR6C6,-2.9567914562164077
OR2AK2,-2.2670686924863346
OR1L6,0.2980148943392532
OR8H3,-1.8416592357802528
OR6F1,-1.8317971193062732
OR6V1,-2.9394668286309837
OR4A5,-2.7327556835523503
OR8D1,-0.9459705815650149
OR10K2,-0.19524573053613034
OR6K3,-2.9691528267435245
OR2T27,-2.7784743198171085
OR2Z1,-1.4940978097722173
OR4M2,-2.3776838655980295
OR1K1,0.7386855556873895
OR5M1,-2.8455987392415434
OR2AE1,-0.4528172474425943
OR2B3,-1.1874387456993032
OR1J1,-2.7714318045364434
OR5J2,-1.9442077151595052
OR6S1,-2.8644979029326927
OR2C3,-0.8521107444674815
OR2V2,-2.645749937339808
OR2L5,-2.789919381222044
OR6C75,-2.3543252287646705
OR8J3,-1.9558588912038077
OR51Q1,-2.7876823368306147
OR2AT4,-2.114826246566041
OR4A47,-2.8820364100803912
OR5H15,-2.8896997137275964
OR51I1,-0.31058668173818904
OR4K5,-2.830371065416767
OR14A16,-1.8268420354836057
OR4F6,0.7722619920006075
OR2G3,-2.815551836097126
OR6K2,-2.761041343775448
OR10G7,-2.782800111186626
OR5B12,-2.6004824240002167
OR6C65,-2.9747759112084045
OR13H1,-0.011075741311637459
OR5D16,-3.0435914075770745
OR10J3,-1.6057778435605605
OR4F17,-2.352490361070536
OR2B2,6.98983068387008
OR6N2,-1.3111890593585862
OR2J1,-2.8137948777374784
OR2M2,-2.7535600978784784
OR1G1,-1.531433915602197
OR5K3,-2.347349276773525
OR11L1,-1.9195141576341284
OR8B4,-2.6674505569989497
OR10R2,-2.725195293859503
OR4D10,-2.676099151888329
OR5K4,-2.345856186963708
OR5V1,-0.2971371130851889
OR5H14,-2.8090817750833534
OR4K13,-1.484070906127733
OR10K1,-1.131037165159733
OR10G6,-1.2299303899974783
OR51I2,-0.7339580551956084
OR6C76,-0.8476973529517419
OR2A7,-0.8453652184505502
OR14A2,-2.3428684773388593
OR2L3,-2.7499290452374363
OR8K1,-2.2772799203367473
OR2A5,-2.044487316035654
OR2T8,-0.7002735592987339
OR2T2,-2.6025625831509736
OR11H7,-1.6057778435605572
OR6C68,-2.8175374572546903
OR2T3,-2.671225950588655
OR4K2,-2.176716333259391
OR2A12,-2.808615518969112
OR2A14,-2.9378426329644585
OR5D14,-1.6145602195881956
OR1Q1,-0.10331350283762548
OR4F4,-1.6057778435605568
OR10T2,-2.579799508236931
OR5L2,-3.128627194026984
OR10A3,0.02819363197327063
OR8U1,-2.4245114973050392
OR5D18,-2.97423443340507
OR2V1,-2.2826149768209545
OR8B12,-2.684163431834563
OR10Q1,-2.664929942918776
OR2M4,-1.16809369763407
OR4K14,-3.0248583829693203
OR1L1,-2.2485856522509087
OR6P1,-2.7442918149323208
OR13F1,-0.3933037434691914
OR51A7,-1.5680662129485456
OR1I1,-1.5313694144210366
OR4E1,-0.6903458140042874
OR10A5,-1.655905061073184
OR2D2,-2.8649592432046673
OR1L4,0.14534380873137417
OR51S1,-2.7604648967052685
OR4D1,-1.1352652732546253
OR2M5,-0.7928248807397568
OR8K5,-2.098833481790623
OR6C3,-1.4367805305224646
OR13C4,-0.11045262232041213
OR2J2,-1.2564485700100116
OR5B21,-2.408464637490291
OR2L2,-2.8473086017233746
OR2B11,-2.596556344132813
OR2T34,-2.847220327441421
OR10AD1,-1.4289651933102019
OR9A2,-1.83081759070396
OR4D5,-1.9840845333737485
OR1J2,-1.0874070398378348
OR5B17,-2.8446903706890296
OR2B6,-0.5887477604469994
OR1L8,-2.7844507701401575
OR52J3,-2.325503425941582
OR8B2,0.2760915779300983
OR8H1,-1.7974145247843787
OR2D3,-2.7026360434776953
OR10P1,-1.1966058981978056
OR2AP1,-1.5211013592545921
OR9Q1,-1.5127544048149157
OR11H6,-2.177664196607737
OR9I1,-1.5269464269360664
OR1S2,-1.4018373753819942
OR4S1,-1.5676061676862507
OR8J1,-0.7651860687023412
OR4D11,-2.896057940402074
OR10G9,-2.3725223396860793
OR6C74,-2.7618497633607704
OR5I1,-0.6921154408282367
OR4C46,-2.7209479967126518
OR10H4,-2.1276784517908363
OR6Q1,-1.4322497307045694
OR10A7,-1.414317672137258
OR5P2,-0.5272383507901248
OR5K1,-2.709275123112533
OR5P3,-0.7927364813632278
OR10G8,-2.8189111368068156
OR2M3,-2.6361940864221163
OR6K6,-2.466380232164598
OR8G1,-2.077484899515723
OR8I2,-2.270273627216836
OR2Y1,-2.7769158911809964
OR4C6,-0.6484290747396669
OR1J4,-0.7249788548452296
OR51A4,-3.0396922426692528
OR51M1,-0.6696355633112591
OR5M10,-2.7460589224596323
OR6C1,-1.5897781551199202
OR2T5,-2.6863351580617216
OR51B4,-1.0186074950894464
OR4C12,-2.925144258517294
OR9G1,-2.308558219802049
OR4A15,-2.430649133982829
OR2A25,-2.317136243369213
OR7G3,-2.754485365980743
OR4N5,-2.929505753478427
OR2A2,-2.8408597258672152
OR4A16,-1.584941597409555
OR6C4,-2.8791490076857444
OR4X1,-2.890679976747081
OR6C70,-0.7450349536516243
OR51B5,-1.850132083149897
OR5B3,-1.0536897198583848
OR4N4,-0.8182270657671031
OR5T1,-2.0000162870800997
OR4F21,-1.3559571913978214
OR13A1,-1.6563388351030657
OR6X1,-2.6648220056670184
OR8D4,-2.6688743203288827
OR14K1,-2.761527105821295
OR5K2,-2.8308113986129624
OR5B2,-2.7334912605470456
OR2T29,-2.907975441183177
OR2AG1,-2.5563174219613174
OR2T12,-2.7296674108754337
OR10G3,-2.8903126239146872
OR2T6,-2.6703619265888907
OR9Q2,-2.0164301317505777
OR6N1,-1.4483116637998505
OR7E24,-0.7906928899354766
OR1N1,-1.4813258648562444
OR10J1,-2.2172177445763013
OR7D2,0.40881916206409474
OR7C1,-1.1259691220664532
OR2H1,-0.5818881977425728
OR1C1,-0.7494411977949976
MRGPRX1,-1.9637805138882263
OR13C8,-0.04397042675306246
OR4L1,-2.5324781905662435
OR10J5,-1.0384494801809023
OR1L3,-0.03513260637516406
OR4B1,-1.4615680827350364
OR7C2,-1.6498853308762007
OR9A4,-1.0083611518058693
OR2F2,-0.6957586559483132
OR5M11,-2.2232379171178334
OR10G2,-1.3623162607795711
OR51L1,-2.8193500989721088
OR7G1,-1.5610602122736574
OR56B1,-1.530895412808143
OR8H2,-0.6037088781541033
OR56A5,-1.6274439549937114
OR52A5,-2.861760843908238
OR2W3,-1.10007609097274
OR52K1,-3.0632008944709583
OR5AK2,-1.4468164898955236
OR5AN1,-2.934491286437305
OR4Q3,-2.152654492820239
OR2H2,-1.220306109652261
OR52B6,-2.974247839860375
OR52E4,-1.8248087287304835
OR2T33,-2.6772161519847604
OR3A1,-1.712417208975441
OR52D1,-1.0864428394735197
OR5AP2,-2.817517114520876
OR52N2,-2.7840462163241355
OR13C5,-0.35829995855095287
OR4E2,-1.6491502895283237
OR52I2,-2.815086669483921
OR52M1,-1.5702057026342728
OR51E1,-1.7406692360670988
OR52E2,-2.830584324161532
OR2W1,-0.846528320833666
OR7A17,-1.0437399109265229
OR52W1,-2.9119267544284124
OR5M8,-2.893598501963264
OR8B8,-0.3620112832139828
OR7D4,-1.7648259839498819
OR56B4,-2.452779683061554
OR6B3,-2.771115731948282
OR1A2,-1.5470052945942083
OR2T10,-2.235852811706749
OR5A1,-2.8830433461994094
OR5AS1,-2.9564301234753896
OR56A3,-1.458549801072127
OR52N1,-2.951642728729118
OR52E6,-2.9641630942840664
OR14I1,0.36751833708465986
OR14J1,-2.7155130457319667
OR5AC2,-1.6279416700347316
PLEKHG2,-0.33497954368669813
OR52L1,-3.0687840895097227
OR4D6,-2.7445275334419783
OR5A2,-2.657842461016785
OR2K2,1.1940811439543746
OR4D2,-1.5075743024154196
OR5C1,-0.15736894687317016
OR10A4,-1.258645063031518
OR6M1,-2.641893461347961
OR2L13,-1.5001939506437378
OR52N4,-1.3660311765168625
OR52K2,-2.841404805934107
OR52N5,-2.972173833758994
OR52I1,-3.017034186295791
OR6B1,-1.4037245391192834
OR10S1,-2.1517435928138786
OR5H1,-1.979357321636542
OR13J1,-1.8069159178410246
OR5F1,-2.0029857306110785
OR8U8,-1.4522272399759557
OR9G4,-1.4522272399759557
OR9K2,-1.4522272399759557
OXER1,-2.2177672888612463
OXGR1,-1.5398522896340203
P2RY11,-0.8422381824262465
OR8U3,-1.8939859477646268
OR8S1,-1.4522272399759557
OR7G2,-1.4522272399759553
OR8A1,-1.4090976932547716
OR8D2,0.5463282081848878
OR8G2P,-1.4522272399759557
OR8G5,-1.4522272399759553
OR8K3,-2.006580156712817
PROK1,-1.746681825953835
PROK2,-0.31716322514430717
PTH2,-1.5702109567362026
PMCH,-0.6721012818821972
OR56A1,-1.4522272399759553
OR56A4,-1.4512599032394813
OR5AR1,-1.1359874123275095
OR5AU1,-1.6168464583653714
OR5D13,-2.092358335140426
OR52R1,-1.7079045348097859
OR51T1,-1.524242686816862
OR51V1,-1.5111134689280485
OR52B4,-1.580082174559391
OR52E8,-2.0273837728128226
OR52H1,-1.676444108605338
OR5H2,-1.6403843304964907
OR5H6,-1.5761315358101848
OR5L1,-2.1154381653074195
OR5T2,-1.4522272399759557
OR5T3,-1.4522272399759557
TAAR1,-2.2753451315524913
TAS1R1,-1.0384457025081317
TAS1R3,-0.47777966306611513
QRFP,-1.8351749009601612
QRFPR,-1.589309260062795
RXFP4,-1.6474008425903437
RLN3,-1.4491577359425802
TAS2R10,-0.7147355777255725
TAS2R13,-1.7811732481486708
UTS2,-1.1277218511568168
UTS2B,-1.2377848217832013
UTS2R,-0.8689584817923469
TAS2R14,-0.6901552938921255
TAS2R19,-1.4625132564086005
TAS2R20,-1.2885574212841748
TAS2R3,-1.0429664143601303
TAS2R30,-1.2273111024299692
TAS2R31,-1.6395734588179194
TAS2R39,-1.5310138919400245
TAS2R4,-0.681917878523074
TAS2R40,-0.9060260413378666
TAS2R41,-1.0556842541454305
TAS2R42,0.34348245749066214
TAS2R43,-1.064207812286078
TAS2R45,-1.2928541596619734
TAS2R46,-0.998489528899549
TAS2R5,-1.6940222233239917
TAS2R60,-1.02029851350543
TAS2R8,-0.677906056929692
TAS2R9,-0.6512776975456867
OR51J1,-1.4522272399759557
GPRC6A,-1.0209866312553995
HCAR1,-1.1903494925743077
HCAR2,-1.4312878500875725
HCAR3,-1.8912282423576503
MCHR2,-0.6325110316746788
NMS,-1.7713267302473716
NPBWR1,-0.5324201282094428
NPFF,-1.458239120388001
NPFFR1,-1.6429449399620206
NPFFR2,-1.2986349175850251
NPS,-0.9818082265396523
KISS1R,-1.5244608379351814
LTB4R2,-1.6752726377551612
GPR39,-1.2845668451486572
GNRHR2,-0.4822186691888774
GPR150,-1.7053285520290236
GPR20,-1.8473244691499124
GPR32,-2.2532320453236436
OR51H1,-1.4522272399759553
OR2T11,-1.8639618034263485
OR2T4,-1.4522272399759553
OR2T1,-1.4522272399759553
OR3A2,-0.4320083418632658
OR3A3,0.7242866899278296
OR2F1,-1.1843960947638303
OR2G6,-2.722973700373807
OR2L8,-1.229728629331902
OR4N2,-2.4777845776616596
OR4X2,-1.7004449589462782
OR51B2,-1.5517544176379388
OR51F1,-1.4522272399759557
OR51F2,0.4288129712299744
OR51G1,-1.5151219500868043
OR4K17,-1.4522272399759557
OR4K15,1.9607596261679252
OR4C15,-1.3124590750035983
OR4C16,-2.1527499805648063
OR4C3,-1.5725770233648813
OR4F5,-1.4522272399759557
OR10X1,-2.0147822722503004
OR10Z1,-2.2772766345048665
OR11G2,-1.4522272399759553
OR11H1,-1.4522272399759557
OR11H12,-1.8382063368016393
OR11H2,-1.4522272399759553
OR11H4,-1.4522272399759553
OPN1MW3,-0.21635437233722293
OPRL1,-0.8261100716746947
OR10A6,-1.656859741311528
OR10AG1,-0.9237332119899873
OR1S1,-1.4522272399759557
OR1N2,-0.41407084197100125
OR13C3,-1.4522272399759553
OR13D1,-1.4522272399759553
OR13G1,-1.887607534076337
OR1B1,-1.236381671589279
OR1D5,-1.4753943355434977
GLP2R,-2.062523856703696
GALR3,-1.2439523613258126
CCL28,-2.3028611689737155
ADM2,-1.635610301920121
FFAR4,-1.7197261495931968
PDCL2,-0.9023519203140558
IGHV3OR16-17,-1.7605940685568904
UCN,-0.9458450874540243
OR52E5,-1.4736373931130426
OR2A42,-2.216864103677512
OR2AJ1,-1.649930018888421
OR4F16,-2.0567026782735223
OPN1MW2,-0.40315555512746426
GNG14,-0.515972126927765
ANKRD33,-0.5822940380194722
LRTM1,0.18227670753307176
PAQR5,-0.525953568685412
OPN5,-0.8229646655894619
KCTD21,-1.1054514488037157
ATXN3L,0.4070649039483298
BOLL,2.6398112393475155
AAGAB,-0.8067525325886132
PRMT9,-0.46272036965507574
PEX26,-0.6916016219251878
C6orf226,-0.8367746807401835
SPX,-0.9391503936092003
PAQR8,-0.4044097255288356
TMEM121,0.5619992414548883
ERVFRD-1,-1.3430388252720558
MAB21L3,2.341185219044353
SMIM5,-0.6691036915963409
ZBTB26,0.9227949449474867
CCDC13,-0.9772569628934272
NLRP7,-0.7050987102607404
PARVG,-0.2798266938189007
UCN2,-0.8744315144110052
LRRC37A2,-0.4794336329337015
PSORS1C2,0.07224343547193282
SLC39A5,0.40205585511109776
AGMO,0.39485651215356155
CATSPER2,-0.878400106950744
LRRC26,-0.29912166772258736
C19orf38,-0.7129811635011742
TCF15,0.147995643345655
MSS51,-1.2189759239525235
CDRT4,-0.13031439677090154
SMIM9,0.1961712562892044
SLC25A52,-1.0480542886035213
SLC25A53,-1.3819062877694976
SPNS3,0.4039883946965402
TNFSF18,-0.9257264069425332
GPR31,-1.8864630165860568
ZHX3,7.769186375324209
SH3RF3,1.1993115075746177
FAM53B,0.4330559973532584
NXF2B,1.158515464626565
NXF5,-0.5771491418334337
NXF3,-0.5307243463522031
BTBD18,1.503194396766284
SLC26A8,1.960461388447844
ANKRD33B,0.22483734595337523
XRRA1,-0.6508156042908311
ZNF761,-0.2983258300798013
DNAAF9,-0.41950231102056645
LIX1L,2.8410340964078546
TMEM141,-0.6870837890146925
U2AF1L4,0.6330181217029974
ZNF383,0.4153017403464202
RANBP17,3.127428309778213
CCDC7,-0.40213598880478824
GREB1L,-0.16055331122838704
ZNF69,0.11807725379880035
ARMH4,-0.5115444950278533
C19orf18,0.1855902085457648
RNF133,-0.5664471202755373
SHISA3,2.2898724815431017
CCDC89,-0.9083450772281946
PCDHGA2,2.154517185455566
AMIGO3,0.4691431650270235
ZDHHC14,1.6898955960776028
STRIP2,2.409377485991658
FRMD4B,0.6174290753071682
SNAPC5,-1.128565661249091
LHFPL1,-0.2763215494520759
CDIP1,-0.9008845120814664
GPR101,-2.0042294078078915
CXorf66,-0.10340325522350574
GPR151,-1.7799757654322106
GRXCR2,-0.5705789032534428
XIRP2,0.34366105913469797
ESPNL,-0.6764272004419167
FAXC,3.696531698050474
TREML1,-0.024195923238914972
ZSWIM2,-0.8123805580511714
R3HCC1L,-0.6932374079397566
FAM135A,-0.48842101566452895
DNAAF11,-0.592344169183332
GPRIN1,-0.27806241268761034
RAB11FIP4,1.1302876144500924
CLEC2L,0.6439495718440256
DEFA3,-0.2913602575563953
DEFB103B,-1.139848183165961
DEFB115,-0.9821237449882531
DEFB104A,-1.1138044875283863
DEFB108B,-1.2033904199279162
DEFB134,-1.2539228035111243
DEFB118,-1.2202152964180955
DEFB135,-1.0152814262821335
DEFB136,-1.0807152845887684
DEFB104B,-1.1212407496285133
DEFB129,-0.9634272730148746
DEFB114,-1.1147664591656627
DEFB130B,-0.9608913925969031
DEFB132,-1.1048511292825811
DEFB105A,-1.0832546732060302
DEFB119,-1.110015005924883
DEFB106A,-0.9052523578287087
DEFB128,-1.2261644269939178
DEFB105B,-1.0936850106282285
DEFB126,-1.3875362643661555
DEFB124,-1.0518415662165261
DEFB116,0.5827801305067429
DEFB106B,-1.088542177199533
DEFB113,-1.2192920266265235
DEFB130A,-1.0372441947948379
DEFB131A,-0.9482181515520967
SUSD5,0.2887468058107919
XAGE3,0.1675132627426975
METRNL,-0.9134354121569005
EAF1,-0.7186607187948202
XKR6,-0.9188817817009065
FAM169A,-0.11990189905354957
GRAMD4,-0.429395726874435
PPM1M,-1.300793804066395
ZNF26,1.0413734184400707
PPP1R35,1.7282956471350552
PPP1R37,-0.9674530827982754
SH3BP5L,-0.4080785383650744
RCCD1,-1.0974215493143027
BOD1L2,3.1178674768077603
CCDC60,-0.42185480489040117
SHROOM1,-0.6152679416597117
FXYD4,-0.049160431438438526
ANO2,-0.11769428898613084
TSPAN18,0.36179648859485025
TMC4,-1.0979793329020393
PRR15L,-1.2616565368708177
MIDN,-0.49886261172608704
CCDC74A,-0.8283608756619802
SNCAIP,-0.34889189780252505
PIPSL,-0.921813715122141
MYO18B,1.5981413010253818
BECN2,-0.2562272980278926
KPNA7,-0.8377542825257247
ENOX2,-0.34380846446630775
STKLD1,0.6035426492326894
IFITM10,-0.8163419366168057
BEST3,-0.7238992993450383
MCTP2,-0.19173671026158542
TOMM20L,-0.7579420215373782
MPV17L,-0.9320579641019962
CPA6,-0.4949725083956548
TMEM267,3.539492734948831
TMEM247,-0.21847596601234157
NUPR2,-1.2243501105532946
ZNF432,0.08589101902244486
S100PBP,2.0483260988739596
ARL14EP,-0.6953420385921626
ZFP30,0.6204625764246638
ZNF195,0.38652116835643074
ZNF14,0.4976734338646826
ZNF700,-0.1660514939181832
ZNF23,1.253867084014047
ZNF443,0.39424335038135216
FHIP1B,1.832248829712997
FAM78B,-0.4205388844498536
ZBTB34,-0.1347783841498768
RELL1,1.2851889180683147
RBMY1A1,-0.4482929993462118
ARL17A,-0.20353090197583779
C1orf210,0.5378150473781642
TMEM198,-0.604353536472114
MICU3,-0.8925980789591375
MRGPRX4,-1.2914705949824001
DBNDD1,-0.9636055747706511
GJA10,-0.9789001254249368
ATP5MF-PTCD1,-0.47781854810838065
ZNF629,1.4297877540192288
NRSN1,0.022130809580555653
IQCA1,-0.3040891480896208
KRTAP19-6,-1.0400374991369683
STIMATE,-0.4451257506911393
CHST5,-0.6134049600741825
FOXR1,-0.4897443437890958
CLEC12B,-0.8294185581905573
IFT81,0.31587290158502734
SMIM14,3.861184873802856
SERTM1,-0.41975955174161383
SCARF1,-1.5309442201078671
THSD7B,1.6283159007354258
MB21D2,0.3391200584226188
AIG1,-0.795447503850459
ATRNL1,1.226649908665416
TMEM218,-0.7242934466500308
PKD2L2,-0.7185752538427822
CFAP45,-1.0413435921367118
CATSPER3,-0.8887644114597404
CATSPER4,-0.8108969601469628
TCEAL5,-0.9444018989958478
NHERF4,-1.1063371622070057
PLGLB2,-0.3367877662100082
NAALADL1,-0.6384113646738433
CPXCR1,1.2670247807135857
MRO,-0.37613811928969537
HHLA2,-1.0954631901474225
ZNF365,-0.08026554768596147
KIF12,-0.1887233430180264
LINS1,1.6949636660073255
ZNF502,0.9062936779244466
MAGEA9B,-1.1072524828614068
RBP5,-0.8196723650916958
THAP10,0.5357666005604019
CCDC198,-0.7678121547544343
FAM107B,4.276162289448292
ZNF300,0.4275167850810897
ZNF442,-0.4706482358836242
ZNF155,-0.1966123716704682
HPSE2,1.9206630316891071
MSMB,-0.9365921546891627
IRX1,0.7659240446568272
UFSP1,-0.17327261572496713
HOXA6,0.6435187338137744
CCDC117,0.11814329296470201
PDIK1L,1.3250202795057338
ITGB1BP2,-0.7591628486294895
HSPA12B,-0.6361771926409991
MOV10L1,1.5447369437905523
MAEL,-0.5349925109394349
ASZ1,1.4204911894266061
HSP90AB4P,-0.4799573166402882
HSP90AA5P,0.6828301868552968
RPS6KL1,7.920076426047636
MARCHF9,-0.6431607748470318
TRIM17,1.0801747677826423
DNAJC5B,-0.8549171735771488
DNAJC5G,-0.2411928944969665
CAMKMT,-0.6253780047601326
TTC16,-0.5767471591610523
RPS10-NUDT3,-0.8736331602419528
KLHL38,-1.242860605171786
DTX4,-0.6088471444658048
AHSA2P,0.9182918594453955
MTRNR2L1,-0.04582042232382479
TRIM73,-1.0694268800182738
KLHL34,-0.47379246808659065
TRIM7,-1.1741096475686874
SLC66A1,-0.9067446816188337
DNAJC14,-0.7985938844750234
PRKY,0.8142410084794742
C8orf34,-0.39509047927776547
GAS2L2,-0.24399910967659486
C18orf63,-0.3163088958699081
OGFRL1,1.1960988318742387
HMGXB3,-0.5573794924388631
AVIL,0.240623101695962
ZNF101,-0.571773991412277
MLIP,0.2469770351577675
IFFO1,-1.2715414608492859
SYNE3,-0.4929554447601202
IZUMO2,-0.8335549135530206
PERM1,-0.6964633900851933
LVRN,-0.20978044646804686
SPANXD,-0.7566806419444984
ADGRG7,-0.86462207542932
ZNF345,-0.43742049574959707
DBNDD2,-0.581110408935697
MYMK,-0.680991179420761
ZNF649,2.117823120128043
NYAP1,-0.10810041675154444
C20orf141,-0.08775877566086203
ZNF3,1.941030792151693
C4orf3,-1.0293801923581198
ZNF239,-0.34876023690635005
C1orf52,-0.39893690903344364
RHPN1,-0.7233331553357609
ERICH3,-0.6396365382270657
BAIAP2L2,-0.8342127075605177
CCDC181,-0.5647569551171028
M1AP,1.5081929566788446
SARM1,0.42263300845935187
RPLP0P6,-0.17510943936388576
DRC1,-1.0456196783908087
ASB10,-0.9682861250246934
TMSB4Y,-0.8772521719575734
PLCXD1,-0.7797751434053675
RPS10P5,-0.9138784830777634
MTCL2,0.27236467686903265
BLOC1S5,-0.7138098307795706
TSNAXIP1,-1.0838161645295483
NUDT22,-0.6489193201784372
SMIM26,-0.936243452506616
RNF215,0.38355332131173336
UPK2,-0.9179599100332145
CPED1,-0.5812807365783405
GRHL1,-1.0615051455539901
TCL1B,-0.594212391863936
WDR90,-1.064813319795185
SLC9A4,0.26617481663773296
SLC9C2,-0.544153878768254
TBC1D12,-0.9092388605462496
ZNF75D,2.952522591850116
CPNE4,-0.011516767778756959
SEMA4B,1.4276140413938398
SEMA5B,1.7575222955774523
C1orf122,-0.5611059285882751
TCAF2,-0.6147414213371287
SOWAHB,0.36476906810640297
BRD3OS,0.1453218498776223
TMEM79,-1.299692836753418
PRRG1,-0.2069299148378202
KLK15,-1.8405760482469016
ODAD1,-0.5307319793972993
ANKRD61,-0.8231362345765788
TDRD5,-0.16191636002395612
SVBP,-0.4865953179761563
PRDM13,0.9457419255622485
CAPSL,-0.9685338346860307
SMYD4,-0.46275267129491277
TSPYL5,2.2311989410603927
AGBL4,2.367973379321562
MTCL1,-0.26316828018458166
TUBB8B,-0.52434771754699
FAM186B,-0.4816589872459614
NBPF15,-0.4190944507019725
CFAP47,0.3237696391947088
CCDC136,1.9126242504314999
POTEJ,-0.7182327121568287
ZNF211,1.2082467174648384
ZC2HC1B,-0.31682126246657777
COMMD6,0.6373220391597012
FRMD5,1.104250998745511
MEIKIN,1.3730144708010614
PRELID2,-0.5537522218112192
FAM72D,-0.9621377731002938
EFCAB11,-0.7856664803154328
GPR19,-1.6914024111030455
C18orf54,-0.8296071913244901
CCDC18,-0.8577401527714178
CCDC150,-1.0496578357332436
RPL39P5,-0.44733330080176786
ZNF343,-0.5883278026042207
FILIP1,2.4223332453132054
TRARG1,-1.4352829484304421
CPSF4L,-0.32109937360970836
CCDC170,-0.8186215923593968
HEXIM2,0.5002252179123575
SNAPC2,-0.5057503151701744
PRR7,-0.5994409337706733
FEZF1,0.7412130088355385
RNF220,-0.21830077126001227
FBRSL1,-0.49589525809693125
DEPP1,-1.044629471706928
CEMP1,-0.7751685894519263
SPAG6,-0.7885239315016115
SMIM1,-0.4871907268921875
MFSD9,-0.913693193708663
SYT15,-0.5494705072678412
SMAGP,-0.6217054782815383
CCDC185,1.1032236650616787
LIPN,-0.9242560370130323
DNAL1,0.8994678772255007
LCE5A,-1.8979737329275614
KPLCE,-1.1543200129837083
GSDMA,2.364306017522374
MGARP,-1.118629854531992
PARP16,-0.715534553065951
RGS18,-0.13285078496662484
HDX,1.7770587054691498
FAM114A1,-0.8486219216886605
NXN,0.6566152570779351
ENKUR,-0.8575092087774926
DNAH9,-1.3497012792839451
DNAH12,-0.5919561434557548
DNAH1,1.3495632668488877
DNAH5,1.6893085602924913
DNAH8,-0.9089196700767781
MAFIP,-1.2512344212590805
FICD,0.009865886571001865
RNF166,-0.6411039349183557
PNMA8A,0.2740025120459858
MAMDC2,-0.1014808506918004
PHACTR3,2.7246825754051764
ZNF446,3.3977498281456358
PROCA1,-0.2116467918326695
WDR31,-0.7984694059910716
PKIA,0.15323823079674978
TMEFF2,1.4170725868889174
LRRC56,-0.9082312666749518
SPATA12,-0.5547607155906406
ZNF597,0.3240207630713235
KRT222,-0.9747542548466361
MIEF2,-0.8444473763330775
OCM,-0.7267439524891283
SERP2,-0.08220565476611605
NRBP2,0.17716194745056588
MPZL3,-0.6549387798590496
FAM234A,-1.206671538976487
ARHGAP40,2.2030654497320294
CCDC141,2.115993996091762
MRGPRD,-2.1223439050903035
TP53TG5,-0.357308730272031
KRTAP13-2,-1.1138612771910321
GGN,0.6314523939463799
MFSD2B,-1.007956117213805
AGAP6,-0.5162890758390525
C2orf80,-0.42897373897021185
FNDC10,-0.42902227152849043
DCDC2C,5.31046271562234
AGAP9,-0.5841112466298306
AGAP5,-0.11819137078046077
AGAP4,-0.47994441577552943
RNLS,-0.9307589652137894
DRC3,-1.3575138385040357
LRRC27,-1.2580913422356752
ZDBF2,0.9210382386269416
ZG16B,-0.8991695763969233
AHRR,-0.5167456793625934
PRAMEF10,-0.8346299121013152
RIPOR3,0.5659826023187785
ZNF428,0.7513329243058599
LOC102724428,-0.641391382049586
PRR27,-0.05485245546829079
FAM120AOS,7.593993009514587
TBC1D21,-1.1684517368115717
ANKS6,-0.4157474963310097
EFCAB7,0.38171283583581633
LRRC38,-0.402055290846356
LRRC52,-0.47377102190786075
KCNRG,-0.9106184642227207
LGI4,0.19455060825060075
ZNF721,1.003966703581375
ZNF611,-0.6341319840512217
GAL3ST3,-0.046048364349397776
PPP1R14D,-0.9134551803739712
MUC3A,-1.1947490701932366
ADGRF1,-0.31201508206725487
TEDDM1,-1.318077818074312
NUDT10,0.06597619696745116
CLMP,-0.5680932545986863
RAB3IL1,-0.7869086801872771
IFFO2,-0.7118444131529348
CT45A2,-0.7180330033269019
MIIP,-1.0611546187673568
VAX1,1.4349918700405713
ZNF572,1.854865872891357
CARD16,-0.4832647926218642
MYCBPAP,-0.4158680096822814
IGSF5,-0.7547023189927834
RSPH1,-1.5418409283111794
SLC2A7,0.12170325894902942
NKAIN2,2.6090207944314776
VN1R1,0.6626050659212323
MCMDC2,1.5005004563659754
USP17L1,-0.5785395075023868
KRTAP9-9,-1.9049568036536983
KRTAP9-7,-1.3379322229229278
KRTAP9-1,-1.5492624485208242
USP17L5,-0.3920801046449117
TDRD15,1.2918170079141569
CFAP418,1.7411424782285057
NPM2,-0.8499969305403078
KRTAP3-3,-1.953925515100022
KRTAP9-3,-1.7375891449667258
ASPRV1,-0.06339405942151567
C1GALT1C1L,-0.5637744634447859
MUC21,-0.823133919806869
MUC19,-0.7797157112529471
MUC3B,-0.7801827047096996
GALNTL6,1.9062766986718092
LURAP1,-0.547658457945092
BLOC1S6,-0.9292588584718001
DCAF8L2,0.29620200404369584
MUC22,-0.9065901029768096
CST11,-1.4972190191993469
GSX1,0.26218012619233116
RIC8B,-1.3095759022404425
EPYC,0.6361222925144859
CPXM2,-0.5045369683920591
TRIL,0.69203869683302
OCEL1,-0.5350036308203562
ORAI3,0.411328296504645
GFRAL,-0.5002298954975191
TEX13D,-0.0020665340386510868
TEKTL1,-0.42358414550779616
CCDC159,3.2697938645908042
AP5S1,1.507385962727607
SYTL2,2.4039222704244474
STARD9,-0.10820223048814838
BPIFB4,0.37966308259014836
TOP6BL,0.5139701887342168
CLHC1,-0.8073896359689968
CFAP299,0.04642234501427518
MFSD13A,-0.9915154614336724
MDFIC,-0.17094438346632324
CFAP52,-1.1741644737881178
ZYG11A,1.519423965905447
SAXO5,0.1777963089588051
RABL2A,1.7819379382973897
PNMA6A,-0.2774606795613051
SPANXA2,-0.8318257581874621
CT55,1.2157893258544203
SHLD3,-0.47392179209370605
ECRG4,1.9121413909561868
AKAP14,-0.3568631946602277
TMEM145,1.183210434796021
SHISAL1,2.2691599136530893
ZNF20,0.8249904150954502
CLEC4F,-0.6056456638362692
ZNF561,-0.7204578156968469
RNFT2,0.11613577835846131
SLC29A4,-1.4693518596658919
TMEM169,1.8477256066411807
DNASE1L2,-0.9886794289881763
VWC2L,-1.4196589860224182
KLHDC8A,0.28207686372364177
USP29,-0.45485116551297333
MAGEC3,0.6747386261296413
PKHD1L1,-0.2227158286702786
RNF207,-0.6786285816105291
DNAAF4,-0.687765561874493
LDLRAD1,0.62932278661604
TPPP2,-0.817322855715601
KRTAP5-1,-1.3222410290074396
KRTAP17-1,-2.1767531281468435
ZNF33A,-0.40636906039971815
ZNF135,0.2722599876638843
PTGFRN,-0.9885833907454101
KRTAP13-3,-1.8705240781647603
PBX4,-1.102183429531012
GPR139,-1.5425008920952137
CIMAP3,-0.26170330129141345
SYT8,-0.0832415330932595
EFCAB13,-1.3058446076245729
RSPH9,0.2520844798477792
PKDCC,0.6049579318280903
SSX4,-1.1365341970953386
SSX1,-1.180355624506885
PAGE5,-0.9337782073590045
STOX2,-0.28749542529951483
SSX5,-1.4748959722680608
FMR1NB,-1.3099194367718534
GPRASP3,-0.9590477055006938
FREY1,1.3712367535261045
TGIF2LY,-0.3586870799176126
SSX3,-1.3148198218357225
GAGE10,-0.5908269407265714
SPACA5,-0.6697370888624782
SPANXA1,-1.2754751089453908
MEIOC,1.7328960375469593
ZNF248,0.8827783069396671
ASAH2B,-0.29022879826817694
KRTAP10-9,-1.5061406626230265
PCP2,-0.0211178981397229
TMEM170B,0.31450480760866695
ARMC3,-1.1714667687641824
ZFP82,1.517123928532407
PCDHGA1,2.0622140512799643
PCDHGA10,2.113939044634403
PCDHGA11,2.2099716441872936
PCDHGA6,2.0368411828576662
PCDHGB7,2.1583272434340945
TOPAZ1,5.3681316113643645
OTUD1,-0.9127201759249373
PARP11,-0.5409812354769821
KRTAP21-2,-1.9352336520608404
KRTAP7-1,-2.038322599774038
FOXD4L5,-0.8383523754460308
CELF5,1.9241766934047946
SLC7A13,1.0046997965562579
SLC35G3,-1.3011646142047508
SLC35G5,-1.0647524262835977
SLC35E2B,-0.921362827772624
SLC38A11,0.2891996922083079
CARD17P,-0.6877048401891589
NLRP14,-0.49230089518824416
DNAJC28,-0.5299614459996764
NLRP8,-0.707555428448928
NLRP11,-1.0630228657564693
TSHZ2,2.645291009416026
PYDC2,-0.5646081438135283
ERVK-19,0.3409244498498227
DPF3,-0.5972348324781409
SP140L,0.41163291183804906
TTLL4,-0.5975193995705729
FDCSP,2.3584884430794224
UBTFL1,0.13225560814624582
TCHHL1,-1.0168314960094462
SMIM32,1.5158937480657382
TMEM244,0.1407260351311934
LYZL4,-0.4799658007133555
CT83,1.6528642189377452
KIR2DS4,-0.2624986046682348
TCTE1,1.2071514975333761
TRBV6-5,-0.3726279881029451
TRAV21,-0.4391209130666965
ERVW-1,-1.0377875715937734
TAAR6,-2.3768791376813345
GPR157,-0.17599005762048237
GSDMC,-0.44461811383333055
ADGRE3,-1.6092231598829543
C2orf88,-0.21300606809165956
AKAP7,-0.8069981086327666
CFAP70,-0.5520049405570061
ZNF749,-0.6583327090786611
ZNF559-ZNF177,-0.1450575117309507
CCDC32,-0.2627533980100111
ZNF35,8.752074798650396
CCDC187,0.3982326426373864
GAL3ST4,0.14776305454416858
LEUTX,0.5152626810637754
LMNTD2,-1.2558701007896398
ZNF575,-1.106615435762311
NUDT18,-1.1821772293778627
MYPOP,-0.8908833717915391
DMRT3,-0.8116525628927015
BICC1,0.9580270701393735
SP9,0.700976314513606
PRDM11,-0.26790323317606685
SFMBT2,-0.48961244011553
GARNL3,-0.538897637523983
SLC16A6,-0.19689850626063712
CFAP44,1.0944246910286364
CYB5D1,1.972103416649826
GPR21,-0.7997212553814776
LELP1,0.021446263024978422
SIGLEC14,-1.1001638294918228
KRTAP6-3,-1.5775532380142052
SLX9,-0.20350661790214347
GPR135,-1.9719593104635755
SLC45A4,-0.8486021884776785
TAFA4,0.8591730101215072
KRT27,-1.6079701508146305
ACTL9,2.3204944495075805
TMTC1,0.3690158349008698
ZNF665,-0.08596098020142463
PRAMEF9,-0.6076853280291532
PUS10,-0.2540922277995312
NSUN7,-0.014753806664845772
PRSS37,-0.2951351281684305
OARD1,-0.4947140965924245
ANO9,-0.802295755441121
DCBLD1,0.14948420345928337
TMEM150A,-1.2144664193515546
DNAI7,-0.2752160266790905
POMZP3,-0.9499980942210797
CCDC148,-0.4838695855318467
LMNTD1,-0.22237913543166443
SPATA4,-1.2452286343418246
RTKN2,0.21541015439810524
CT45A3,-0.7976595569900872
FAM83A,-0.8030350208401308
ERI2,-0.3333058499937763
RTL10,-0.6853775878690684
CNRIP1,0.04776290234019852
CLC,-1.1817642069211736
GAL3ST1,1.4974330173820105
SPATA18,-0.5335824639069929
RGS21,-0.5184958971398289
AMER3,0.006842245517431631
KRTAP10-10,-1.3535845255781807
C2orf68,-0.9219439855148412
KRTAP4-5,-1.5731115779231026
ZNF124,4.054993612138955
ZNF587,0.2002949133972664
KLLN,0.5737044649243113
DISP2,0.30514874404351255
ITPRIPL2,-0.5531353601521765
RUNDC1,-0.23840446804012708
OOEP,-0.8517486673320465
C10orf67,-0.6804872023311461
PLEKHH2,-0.442258326468991
ZAR1L,0.5840303171207185
RIPOR1,0.9725167908202159
PRRG2,-0.8379403042050632
MRGPRX2,-1.947047850136062
STXBP6,2.6177321403022833
GJD4,-0.9069596127806586
EXOC3L4,-0.4515895011080665
PRH1,-1.366252677026148
SMR3A,-0.8163447054299935
C16orf89,-0.10230465831323944
PRR20C,3.6653892263347236
HIGD2B,5.407048034717672
LENEP,-0.4025262663437231
ZC3H10,1.5286662894672853
FAM53A,-0.45703973160420636
CCDC126,0.2992512006214392
LRRC73,-0.861992779174288
ZNF287,3.222707828217003
SOHLH2,-1.5344579436244152
MARCHF4,-0.7495062207546496
PIP5KL1,0.43854693485969765
PLEKHA8,-0.5481644842012252
ZNF653,0.2583708232212614
SERF1A,0.572132513813053
BRICD5,-0.6744190633212218
ZNF682,-0.5419317045728523
PPP4R4,-0.3923571640861011
CNST,-0.7643740764071565
PLEKHF1,0.18753300901174447
IQCE,-0.5436281113518548
ZFTA,-0.047777726811635744
FAM186A,-0.7921471171811408
ARL11,-0.8320344971082541
TEX13B,-0.1378924477959684
ZNF823,-0.09454550943574323
CARMIL3,0.8977985802537275
TSPAN9,-0.2198361633023521
LRRC37B,0.01796748679973275
MAS1L,-1.276112639339254
CRLF1,-0.7194818341133711
SIGLEC11,-0.6912868531964723
SIGLEC5,-1.386576487933107
CNPY4,-0.3582937686446142
ZNF462,2.595072169467483
ZNF605,-0.5820014068940992
SMCO3,0.960509075308313
ZBTB25,0.13145644777601156
C1orf105,-0.6673935455894285
ZNF138,-0.4953280658294219
NHSL2,1.1601775613563514
DMRTC2,-0.8664356121532073
DND1,-0.35141680828727
CSRNP1,0.9544529649559169
MIPOL1,0.6782877345738779
NYNRIN,3.2072091276912653
ANKRD9,-0.9463709019414094
KLHDC8B,-0.9054416093558314
C1QTNF8,1.6508401579999605
LINC02875,0.35786057385090625
CPLANE2,-0.7288552925432369
TANGO6,-0.9740051284357887
KRTAP12-3,-1.657279239155309
LILRA3,-0.44886951255319424
TEX19,-1.10999991981861
LMLN,-1.2308579592417086
CDR1,0.25673792517636235
AFAP1L1,-0.5968165419044879
FAM153A,-0.3336641799534706
PEAK3,0.005353317178570755
CSMD2,1.0102679623509763
ZNF557,-0.6634314982447957
SAXO1,0.21014939187023485
ARHGAP33,0.8147038832432603
ASCL4,0.21452720761955074
OFCC1,0.3192594089506417
PRRC2B,1.5180177162655306
LRRC74B,-0.8228096351737302
LINC02915,0.7366069876538139
APOBEC3D,0.9202263682842055
ZNF469,-0.1854350652795046
NAA80,-0.5979972064243925
C5orf46,-0.7853155218576326
C10orf55,-0.3172446954963858
ZNF837,0.9474637433399636
RBMY1J,-0.7505097874060589
TYMSOS,-0.47507124142174983
SLC18B1,1.4047256063324582
SLC6A16,-0.8822178070385545
SYT10,-0.0804190533004447
NTMT2,0.7139128515822251
CSKMT,-0.860557543983483
ZNF394,2.391460869694254
CYP4Z2P,0.05608698399900995
IQCD,-0.9789998902188468
SPEF1,-1.2872208164399128
FMC1-LUC7L2,2.452840190079816
SHROOM4,-0.5318507488012559
PLEKHG5,-0.7922411466582111
SLC23A3,-1.1150309673602203
RGL1,-0.6419713094134192
CA13,-0.3722199012536886
DISP3,0.549411224658533
SPACA9,-0.0656719795855831
BEST4,-0.6057012773900877
CRACR2B,-0.2603298184488463
KRTAP5-7,-1.724527936594294
LYSMD2,-0.781448919484725
KIAA1958,-0.2792643954226494
TRIM45,-0.8415823348433611
CLN8,-0.834935843068339
SNHG28,0.21381056019264258
GJD3,-0.9355682498265459
KIAA1755,-0.8550780699087569
KIR2DL2,-0.6983289249802884
NACA4P,0.04025074261860182
NUTM2A,-0.6013462208238924
CCDC183,0.9971212509199271
USP17L3,0.49840585153369493
FHDC1,-0.24590247666264212
MAGEB6,-0.17679899596669715
GARS1-DT,-1.130535580991469
SLCO6A1,-0.7059971186604302
SCGB2A1,-1.2166865498513824
OVCA2,-0.7157126499346553
ATXN7L2,-0.7748456518991191
PSG8,0.4183701658593121
FIBIN,3.346043191984575
LYZL2,0.08031521875071414
ACP4,-0.363229075154851
PRR32,-0.02583541497736601
ZNF85,0.6299063979902055
TBX15,-0.8327330905663981
KRTAP19-1,-1.3318165445447712
KRTAP15-1,-1.6071204921844857
MAGEA9,-1.020879088785962
DNAAF1,0.19442759031856383
GOLGA7B,1.1844861357543814
FAM220A,-1.0227679243749208
ATP5F1EP2,-0.35790315950009916
SPANXN5,-0.9047331635135899
CEL,-0.6291417832216936
KDM4D,0.7676754911277835
MROH2B,-0.8537487652544619
MAGEB10,-0.36283295460924797
LGALSL,0.597373091416314
WFDC6,0.3127478952827274
SPRYD3,-0.4161897420151529
SPSB2,0.4487171000126777
ZNF385B,0.13307979900842293
ENOX1,2.1279526096677506
ZIM3,-1.0040544435354093
C10orf53,-0.593594445883917
CIMAP1D,-0.24905514858365635
TMCO4,-0.28382783055538613
CFAP20DC,0.14432403508486868
ZDHHC23,-0.10252790438645487
VN1R5,-0.8783405800925407
PPP1R14C,-0.9265962690943204
PSAPL1,-0.6576096725319637
ZNF70,0.0851947852903353
KRTAP5-3,-1.742124548114916
KRTAP5-2,-1.4959684554044819
CRAMP1,2.3897489287561777
KIRREL2,3.192377939503178
NBPF1,-0.20765385660651176
FRMD3,-0.45272389259849044
ZNF524,0.2212909060250083
LINGO4,-0.29720087281994717
TSPAN32,-1.0066148381362956
SLFN14,-1.0116806676332863
C4orf19,-0.7810051312224568
MAGEB17,-0.36392918844192823
SLC66A3,0.6227074344430396
LHFPL3,1.7316775904761104
OSCP1,-0.7088277536864512
HSFX2,-0.8387324709807954
VCX3A,-0.34957587614944646
HSFX1,-0.24622936803572404
VCX3B,-0.5091713882642366
VCX2,-1.0094112701231592
XG,-0.8890662955729013
RNASEK-C17orf49,-0.17776838612471557
ZNF43,-0.37513554672286803
ZNF566,0.6960300204680013
SKIDA1,3.507461168663245
ZNF678,3.6787411587093057
CERS1,0.08870175209606927
RNASE4,0.8827324804334873
TAAR8,-2.6549491916483947
TAAR9,-2.425843356740145
GPR148,-2.017036509048663
GPR142,-2.0123703546266145
ADGRF3,-1.0430646787986544
CALHM3,-0.2720165419451983
ZNF396,2.3220323592490395
CCDC71L,1.6356850578559747
AGBL3,0.4100185586735634
C1orf127,-0.19686052005582785
KRT25,-1.8314170509731296
WDR93,0.21021558387472003
GALNTL5,-0.37331179570898676
TMPRSS7,-1.2983902045314055
CFAP157,-0.8826575068160494
ZNF582,-0.28070942147550326
SPHKAP,-0.2188840417099134
RBMXL3,-0.38173486523530176
DCAF12L2,-0.012160616291602248
DCAF12L1,0.9231151817177132
DCAF8L1,0.985092815800454
RGSL1,-0.7652019803983844
C4orf54,-0.5789530875846798
ZNF525,0.5262593569491919
ZNF407,0.35213043787279213
CDY2A,-0.624819227401598
NRK,1.1926421657022266
GPR149,-1.110584130651082
ZCCHC18,0.5287045915852197
RASA4B,1.095601003210458
KRTAP16-1,-1.9300461809511822
SWT1,2.645059825676118
STPG4,-0.3834141674602886
ZFYVE28,-0.15625310723191052
ATXN7L3B,-0.5283782854501066
USP31,0.12584066901071012
CMTM8,1.3990891835963326
RBM41,-0.7573522377391969
MMP28,-1.0867876000181735
SERTAD4,-0.008170150643582088
GSTT1,0.5662962740062772
RPS26P11,2.2520344853048617
ADAM5,0.564856375763396
C11orf16,-1.426661970717721
DNAAF8,-0.4447883749059146
IL17REL,-0.13800507575235613
ISLR2,-0.0700027443031894
PRRT4,0.19181806284167718
LEKR1,4.221924759127582
URGCP,-0.6847505907738577
EML5,-0.6963798460488937
ARHGEF40,0.4062736993620073
SNX31,-0.47136994304598734
TMEM88,0.9848865230865608
KRT28,-1.97689589847973
KRT74,-1.7923008745465496
ZAR1,-0.6609739904134481
OOSP2,-0.4215450396902898
DPPA5,-0.19023738481342242
DAZ1,-1.1841236317072812
DAZ2,-0.8345966151776765
IZUMO3,-1.4393380331260703
PLAC1,-0.617282856283611
SEMA6C,1.078474229237417
ZPLD1,-0.6102561881481728
MRGPRX3,-1.885424667933418
ANKRD34A,0.5886262451195086
RHBDL3,-0.6894088489030827
FAM110B,0.6163503008381854
GPA33,-0.8212077440091763
ZNF778,-0.5847973121321847
FSCN3,-0.8589228130043138
C15orf61,-0.9503927102556233
ZSWIM1,-0.7680078488184536
EVA1A,-0.7983770194771259
ANKRD29,-0.7117548041709961
CIB4,-0.7059118036191189
KRTAP8-1,-2.2553058868166107
DENND6B,-0.40181890883804294
ST13P4,-0.02449326800073912
CDR2L,2.049213251418155
C7orf57,-0.9483755356273839
PIWIL3,-0.578792143680148
ZNF471,-0.06272192133513184
BFSP1,-0.9049459395105564
FRG2,-0.48134923887113296
UQCRFS1P1,0.1411683057312866
C10orf95,0.5410660409167748
C11orf21,-0.12448904670443432
CCL14,-2.2664712357776233
PRM3,-1.0117779691091169
SPIN3,-0.5678984551207927
C16orf95,0.9599734644598985
ZNF260,0.686111287906842
EBF4,0.38441792179873213
SPINK14,-0.8847581073271709
TTLL9,0.9957193236901296
FAM86B2,-0.9200686003467187
TTLL3,-0.45784004743088774
CCDC61,-0.4428257448769162
ARL6,0.14805835592235883
TPGS1,2.264825893036326
SPMAP2L,0.7016757387493069
KRTAP19-2,-1.2051386173023788
DNAI3,-0.8382204763090707
CXCL17,-2.1156504508964438
CRISPLD1,-0.5607077909290799
CDKN2AIPNL,-0.768343563015609
SEC14L4,0.8770916790504266
CATSPERB,-0.921934373821976
SRGAP2C,-0.4191791322291928
TCIM,4.70247670698143
C12orf75,-1.1656733811631732
SLC35F3,1.467270622860486
KIAA0825,2.982901646944539
MRNIP,0.2547157454957362
FAM219A,0.5395075072456449
OSGIN2,-0.7374384901366937
LRRC39,-0.34450144484577105
VMAC,0.44822128218390733
DRC12,-0.6296349638628345
CSTPP1,1.9945089707562282
TRIM42,-2.03303048845137
GTSF1,-0.02577607686793965
RBM43,0.20731949230781635
INTS6L,-0.9370142320639662
ZNF205,-0.06290173383621701
RASL10A,-0.3336897478219458
RFX4,0.31472442383260524
PLCXD3,-0.04153420665898024
TRABD2A,-0.4000700134930807
RCSD1,-0.22856801261086507
KIAA0513,-0.34051350056226504
OCSTAMP,-0.43798237089586434
SHF,3.9755032129314896
SEMA3D,1.0486439224400481
ADGRD1,-1.0607940792374362
CSRNP2,-0.5242706019374849
PPP1R27,-0.39467048998844984
TMEM132D,1.44171086969564
TMEM225,-0.916844898873471
PPP1R3G,-0.26831982462845
PPP1R36,-0.2381512758500123
TMEM132C,1.4696158005872382
SAXO4,-1.037795233021393
CSRNP3,1.2301475887754576
SPOCD1,0.6503018078542839
PPP1R2C,-0.4953945432161311
C16orf96,0.6201909323390293
ZSWIM3,-0.22927823717475887
PPP1R2B,-0.4375622561895455
ELFN2,1.0056172010722368
CFAP92,-0.4795830545621469
TPTEP2-CSNK1E,-0.1420985690750645
SPZ1,-0.3479757604857492
LMTK3,-0.15864066106383068
C6orf62,-0.825519726118266
ZBTB37,-0.6813692632100733
INAFM2,0.1577560282683913
TEX50,0.40893052553754333
GOLGA6L9,1.5062834077349676
MAGEB16,-1.4768753790252207
MAGEB18,-0.5469734426155524
MAGEB3,-0.9046044371629772
TDRP,-0.48687330187232225
KIF27,-0.47291959533977873
XAGE1B,-0.6933394258576662
SSX4B,-1.0118806754008762
CSAG2,-1.148294940137153
TCEAL3,-0.9592989030851118
C4orf51,1.5709995425504493
ANKRD26P1,-1.104989617921046
SMIM13,-0.6078235535375615
JAKMIP3,0.3796980962980939
VCY,-1.0304744575501523
RBMY1B,-0.7194704631551003
TSPY2,-0.34570716089861314
DAZ3,-0.8563149123250983
TSPY8,-0.8885897000299608
RBMY1D,-0.8220972198390842
TSPY4,-0.8869654251467668
TSPY3,-0.8869274863903265
VCY1B,-0.7309495564367489
RBMY1E,-0.7964133916227683
RBMY1F,-0.7563214186940564
PRY2,-0.685311150438466
HSFY2,-0.8005265281635168
MEDAG,-0.8445461583027049
MAGEE2,-0.8645367250377328
UBE2NL,-0.8208107718152369
GOLGA8S,0.027342442099919664
GOLGA6C,0.3335662063873243
GOLGA6B,1.437305376126945
GOLGA6D,0.36691296121050465
GOLGA8A,-0.3526359324200838
H1-7,-0.6775771220383854
SIAH3,-0.7948591364030609
CCDC142,0.03092727040344336
CCIN,-0.4391809645143017
METTL21C,-0.9656783468459684
ABHD15,-0.05338522753103999
ZNF496,2.609794489951715
ZSCAN5C,1.0871451855014118
ZSCAN5B,1.4222220800961258
ZBTB39,0.04377218791645788
BSPH1,-1.1408335658110194
MMP27,-0.7051432193583443
ADGRG2,-1.0178761429699776
CCDC169,-0.6720552641254413
TRPM5,0.9131263216689676
KLHDC9,-0.6786120757076207
MILR1,-0.6000533231997875
ADAMTSL5,-0.8122682082912622
KIR2DS1,-0.5777360936708071
KIR2DS5,-0.6976895243833656
TMEM191B,0.6537810725489093
PI4KAP1,-0.30472053398480586
ZNF672,-0.5035297858669335
BPIFC,-1.026811421997565
TASL,-1.1103428738186871
C3orf20,2.7046724939324585
ADAD2,1.883644101776606
PIERCE1,0.8956168046567986
CFAP77,1.2302982032695404
CFAP57,-0.9101806168380436
FAM3D,-1.526127680491081
FUZ,-0.02030191435174012
NBEAL1,2.696836091961451
ZNF618,0.5801851579452781
DCDC2B,3.9484798988305605
C22orf15,-0.16947285150285374
UBAP1L,1.6634406174334246
GTF2A1L,0.21176920884338074
ANKHD1-EIF4EBP3,14.429390898354207
BRD10,-0.033709058584501746
FSIP1,-0.98005997756646
C2CD2,-0.32995013868110173
ZNF697,-0.9672539060256568
UBALD2,-0.28289369313982704
ZNF154,0.0945695361603178
TBC1D19,2.165314837518513
MEIS3,0.6184283861961272
CGB8,-0.8005527159955738
LGALS16,1.285169694203403
RGS13,-0.7502520642150656
ARMCX4,-0.9574470590688668
FSD1L,0.6920454691074837
ZC3H12B,-0.7338571833033873
LSM11,-0.6471379313880823
PLAC9,-0.6640595890937547
CD164L2,-0.18751371878097162
SYT16,-0.23434413743574087
PRR18,0.3353042142767665
ZNF117,-0.6680467913895357
ZBTB6,1.708619320323778
ZNF614,-0.09182096036245967
ZNF253,0.20341759563112263
TRIML1,-0.6860920500091748
OTUD6A,-0.38057750758158115
ZNF391,1.1772672063099252
HNRNPCL2,0.17510323929182373
WFDC11,-1.4136410544183322
TEC_100124696,1.6715142001171879
NKX2-8,0.22074486204768276
NKX2-4,0.24560319289328536
DBX2,0.3212633020001804
BSX,0.4683281976291462
FERD3L,0.6547879749147952
IRX6,0.8094297777213462
OLIG3,0.036088214824224876
HELT,-0.4775114129108811
ZNF100,-0.2760188959953434
ZNF430,-0.5471952330784018
SCRT2,-0.028387310994239988
TSACC,-0.8016942393535702
CPLANE1,-0.8478449290368724
ZNF418,-0.3801070685759051
CELF6,3.5701420517814766
C1orf226,-0.33943596111378677
ZBTB8B,0.1267345330809806
SPANXN2,-0.5342676220271255
MBLAC1,0.48551214928813835
CDPF1,1.7335976689189037
CCDC197,-0.8819726478750971
FITM1,-0.8812102666076944
ZNF254,-0.7913235942704678
ZNF568,-0.36124767330220364
SRMS,-0.48957011042410403
ANKRD54,1.1178654419706877
DZANK1,-0.43678213496063056
RTP3,0.774926869965498
CGB2,-0.9144526538917699
ZNF90,-0.3288397659672936
EPCIP,-0.7466490163207835
ABHD12B,-0.5621583740242785
ZNF275,0.3958046063702706
ADAMTS14,-1.3746817039137527
CRIP3,-0.9553823244144625
CHURC1-FNTB,-0.24118528420702037
KRBA1,-0.9500787934143389
PIR-FIGF,-0.4184741262842274
JAKMIP2,-0.017937386392046638
FAM217B,-0.26985433462305736
TRS-ACT1-1,0.17677867931686614
DENND2A,3.3576310366716076
RNASE10,-0.9701534337612242
RIMOC1,-0.49549706188144704
UQCC6,-0.4771078647852638
ANGPTL6,-1.0141126651942138
CAVIN4,-0.5558700383499687
H2AC19,-1.335672768179651
PANX3,-0.7875737749085917
GJE1,-0.88185765783616
ZNF284,-0.6800943426914493
WBP2NL,-0.6345752819721842
LRRC20,-0.5476514692954565
FAM227B,0.17664536763731686
HEPN1,0.5418056408004222
ABRA,-0.6809887505300266
UNCX,0.7354444646020497
PPIAL4D,0.29563974155295325
SNRNP48,-0.6872449840559377
CLEC18A,-0.8114601511121956
C1orf87,-0.4967968533206677
ZNF213,3.09995603742202
ZSCAN29,2.699683106305698
TMEM196,-0.4620275975184714
ARGFX,0.005536433568365061
CFAP90,-0.8560768978492299
PHOSPHO2,-0.60368800119868
ISM1,-0.14780335025121738
PEBP4,-1.013707188932753
ERAS,-0.6726057425254208
RNF175,-0.6418208965695299
SPATA31A3,-0.9233552758983323
CCDC196,-0.7066695809942397
ENDOU,-0.27845419754400624
SRARP,1.1500882359375537
ZNF234,-0.12541966974927105
PABPC1L2A,-1.0572615443688491
TENT5C,-0.6796159931364479
NUGGC,-0.6575946235022763
IGKV1D-8,-0.8758269254148301
ZNF783,-0.2959623075096605
ZNF587B,-0.4249827375053778
ZNF484,1.3311557451581373
MSANTD1,0.21260824040602788
NBDY,4.708291884288519
CT45A5,-0.7474964851851625
VCX,2.4007575569790847
CFAP43,0.7414133008360101
ZNF519,0.2614406233923315
PITPNC1,-0.8110888583735423
LRGUK,1.9011570914925688
PLEKHM3,-0.41744903602879374
TMEM102,0.23042696498416337
RNF187,-0.7514826597771308
TBC1D3F,-0.5767019426513722
VASH2,-0.3922889033218463
JAKMIP1,-0.0556259691513784
SCML4,-0.38652618902387725
CCDC69,2.35241134632517
NPVF,-1.318801880177144
INSL6,-0.7077158014529584
CNBD2,1.374068926869622
ZFAND4,-1.2610246929909832
ZNF804B,2.85075009435731
USP35,0.007225580484434627
SERPINA9,0.4040129541683895
ANO4,1.323455874542907
AADACL2,-0.6975293718118019
SLC35E2A,-0.3523421547142522
GPR15LG,-0.4186255667518755
RAG2,2.6774421174484373
SSC5D,-0.8513047534079128
SNN,-0.34113423349044986
TMEM236,3.226690686210789
ZNF821,-0.49834821649470484
ZNF506,-0.8834914053583033
C10orf90,-0.497970126927276
THAP8,-0.3096235504106031
NPIPB13,0.25355280017321097
MAGED4B,-0.8180272638403865
ZNF679,-0.49659881378728277
TSPAN10,-0.1515077124468844
GUSBP1,0.041422405937481914
ERICH6B,1.0655408670883506
ZNF439,-0.262587518942703
TRGC2,-0.782361772767534
NSUN5P2,-1.1168091017238224
IQANK1,-1.4563456345484103
SPIN2A,0.06979870364279522
ERICH2,-0.17042433491111636
PCED1B,0.031773602998729875
TMEM138,0.10386413200150749
ZNF776,-0.18450877293935303
H3Y1,-0.6183162976274283
ZNF730,-0.8813258144947376
ZNF333,-0.4251299655800576
SMTNL1,-0.7580254215160811
ALPK3,4.438058566479959
GRAMD2A,-0.057226193702033405
KRT39,-1.9232155197503338
TMEM108,-0.8046568443551471
EFCAB2,0.40739514886462225
DCDC1,9.703331939728754
NPIPB12,0.5678142585219241
RNASE9,-1.1020535132892266
HAPSTR1,1.2583422037581002
SPRED3,1.0719026894805395
CCDC175,-0.6935941858028901
KIF19,-1.004058764533547
CEP15,2.6303613768299217
RAP1BL,-0.5149271143726275
NRIP2,-0.49438138986779234
ZNF547,0.2889908035416844
RAB36,-0.20504525342621632
CAPS,-0.7227085342787721
CEP295NL,-0.5559670130961999
TRIM64,-0.8461949445723318
TRIM48,-0.6879436151106653
ZNF77,1.2920315397297892
CCDC63,-0.7800798227386723
GDPD4,-0.1881545634415347
C2orf78,0.12797489247026178
KRT26,-1.9908249449122732
ZNF708,0.6880982072632457
CCDC42,-0.013811972732524432
GLT1D1,0.4385047607462667
GSG1,-0.5796870023835057
ZNF684,-0.4881992617644771
REM2,-0.9695234107024585
SYPL2,-0.9152932109695103
TMEM132E-DT,-0.42265180962376225
SSX7,-1.3438657887304661
SPATA16,-0.918325884455204
SPEF2,-0.7798638604869799
TTLL6,-0.7790243115707244
TMIE,-1.1833235921659357
OTOGL,-0.47165023357374447
FIZ1,-0.19612620902221667
TSPY10,-0.6756193538390366
SPIC,-0.5590849329959485
BPIFA3,-0.7309038889683581
DYTN,-0.0038625317014541107
LNP1,-0.10227722658562778
ZNF816,-0.5001844792702931
ADIG,-0.9103734206647282
RNF24,0.4106713578855805
C14orf93,-0.19960588884155983
FAM98C,-0.5668091637421481
VCF2,-0.32745760899554927
ZNF717,-0.4515416678118635
TTC32,2.942262244999045
LRRC63,-0.9268675719371049
NIBAN3,-0.6362947875491186
DPY19L2,1.5370982518700214
CCDC171,3.22182324520289e-05
ZNF780A,0.7034430104867516
HSP90B2P,0.32897302264854555
TMEM74B,-0.29894243486533906
XKR3,-0.5775084539207823
MPIG6B,-0.9331819826220726
FAM156B,-0.7579902573670003
FAM156A,-0.7224028540065534
SRGAP2B,-0.3309591548559316
ZNF664,-0.5662372876095229
ZNF165,7.420694834023281
FAM13C,0.12350264253730994
CDH26,2.0329649955180957
CAPN14,-1.1456778578367857
FAM184B,-0.25146557443819473
WDR87,-1.0584603840736908
ABHD17C,-0.2948141985757022
TLCD5,-0.76591310312096
SATL1,1.953516282062884
ESYT3,0.8913157301649332
MS4A15,-0.8902823821496004
AMZ1,-0.32417822496755144
ZNF767P,0.9500796172542983
MBD3L3,-0.4129759583560501
MBD3L5,-0.4370944752926454
KLF18,-0.324592483466899
JADE2,0.8045857864930398
TMEM71,1.2360026408431355
DMRTC1B,-0.7264547945631796
ZNF627,0.19335060485358244
FAM83F,-0.8190179423532342
INSM2,0.2699802968122477
ONECUT3,1.3922554392240234
ESX1,0.5547637794247318
NKX2-6,0.7718007175908818
RAB44,-0.861938358549085
PRR9,-1.2336245175836966
KRTAP5-4,-1.3250559810064888
DUOXA1,1.5326432248375037
NCF1B,-0.5304488971886623
ZNF710,1.9923118473183903
MYZAP,1.9885860073696466
DYDC2,-0.1919513880761219
LRRC37A,-0.14006711428993807
ZNF562,-0.5559524682399577
SPDYE9,-0.5741513357207039
ZKSCAN5,2.461408804525968
POM121L12,0.4491717391254628
CCDC28A,-0.7899724128156184
LRTM2,-0.1254059777803847
RERG,-0.6684375575402629
SFTA2,0.9380981471867875
C19orf33,-0.2529870293776873
VSIG2,-0.725739805734344
ZNF257,-0.7249852255666508
ZNF385C,0.7299036568259092
TUSC1,-0.36475817543001077
TINCR,-0.6152053066192992
PCOTH,-0.6613615995066597
RUSC1-AS1,-0.6117397081198006
FAM218A,-0.6243818444996861
URB1-AS1,-0.22204416881652408
LINC02913,-1.1367167293245934
KIRREL3-AS3,-0.6149088320975243
SPATA8,-0.9320882684091264
MAP3K7CL,-0.5984894708338739
TBCEL,1.1935449913541765
DNAAF3,-1.2256557382605002
KRTAP12-1,-1.7064071317329672
FDXACB1,0.35985454735824474
KIF9,0.10730159002035039
PIH1D2,-0.11925755259359105
SRL,-0.2977580610856094
TENT5D,-0.8596843857486607
PAIP2B,1.1667454331496447
PRR20E,1.6911427780981847
DTD2,-0.7811546029077533
CFAP53,-0.845358803164944
BEND6,-0.7286878012772791
ZNF589,0.02533411813674135
TAL2,1.8431753891756884
ADGRA3,-1.2177861034058008
PRR20B,1.6142167176812081
PRR20D,3.31912987116649
ODAD4,-0.9239517752177812
FAM25C,-1.0475968442465429
GOLGA8G,0.20295537325958726
BRS3,-0.9610784943325512
CIMAP1B,-0.4904059097619168
TXNDC8,0.2858369145145894
ZNF91,0.5072200559960991
ZNF264,-0.43377719608471044
TMEM52,0.562475287682024
ZNF577,0.7928084759683383
NATD1,-0.698856404920575
STAC3,0.11727467261598698
GPATCH2L,1.627118628708963
ZNF670,-0.17921748441910834
XKRY,-0.24646342201541957
TCEAL7,-0.41762079165321614
ZNF784,-0.6342612576127944
ZNF71,1.9334448083876175
LRP5L,-0.20600263200073943
KRTAP5-8,-1.8695472235977055
KRTAP1-5,-1.9050775368744366
PRICKLE2,-0.4511889686735936
CYTL1,-0.3359758121208163
CHADL,0.3209154989297027
GRIFIN,-0.3698497470573571
ZSWIM6,0.15071116332141477
CIMIP2B,-0.08852678797964235
ERMARD,0.3958913049489223
TRNP1,0.7983355228212816
TMEM80,-0.5602970972217995
ZNF586,2.381747651328793
ERV3-1,-0.8055715828363316
RNF122,-0.8928245681229882
PPIAL4C,0.04555826497178957
TMEM200B,-0.8683715961076898
C1orf167,-0.5772699906335086
CFAP73,1.2106085356439036
LRRIQ4,-0.5851154947430988
FSIP2,1.8858922003185807
C8orf58,-0.46998777601365455
ZSWIM4,0.020351315916921322
KLHDC1,-0.621986459816965
NPIPB15,-0.2515703470748591
PINLYP,-0.9592879900595943
PATE3,-0.8832308848951792
PATE4,-1.0664513340218496
SERPINE3,-0.8323939910075154
FER1L5,-0.9208430110677595
SPATA9,1.671677145676055
PCDHGB6,2.244034905320111
OLFML2A,-0.6501523430672734
IFTAP,-0.475834331697452
ZSCAN20,2.820015447214266
CALHM4,0.9785563199976288
TMEM178B,0.368603660682185
TIGD4,0.02162376719860617
ZNF662,0.4798601595819338
LYSMD1,0.6837448178964529
ZNF417,1.5309059171875887
EXOC3-AS1,-0.7681822958846646
CABCOCO1,-0.7039945092238349
KRTAP4-4,-2.090799554453325
KRTAP3-1,-1.6730323648418468
KRTAP6-1,-1.7788373902697239
MIR9-1HG,-0.13697554141550836
KDF1,-0.9116868971045823
IER5L,0.0018588245740511855
ZNF114,-0.6163732545545721
WSCD1,0.6550669939122986
C9orf50,-1.0678084773680014
ZNF667,-0.8798263662020634
INSYN1,-0.5025189225871769
ZC3H6,-0.4088714631212913
RTL6,-0.49256006862955465
ZNF816-ZNF321P,0.01288288928017931
PRDM7,-0.8925403212145426
MTURN,-0.9059178631718019
SMKR1,-0.35570167804610586
H3Y2,-0.29402307612824385
ANKS4B,-0.1392687579898912
LINGO2,2.6094820460128196
C10orf120,-0.12699813868288412
SCAND3,3.050368442073393
ACP7,-0.8358563347396374
NOTO,-1.162115077223373
FRMPD2,-0.27584994449991485
SPATA19,-0.848418750025593
SORCS1,2.4035224294715807
MROH7,-0.5434399343160532
GPR75,-1.4911495344334924
ZBED10P,-1.0900606994713526
POTEG,-1.0158836423554878
C5orf47,-1.1535539261707846
THSD1,-0.5222218784920929
PRR35,-1.0557817933581846
MTCP1,-0.20324989805962485
PDPK2P,0.14927414606670278
TMEM250,-0.5067680075586986
PDZD2,2.069577354720327
GGACT,-0.7017468575801694
C11orf87,-1.069913435994109
TMEM44,-0.6919189806154518
ZNF628,0.18250825603768492
CCDC30,-0.9188211249807964
NAT16,-0.5030665627868298
MROH5,-0.2729648904268747
ANKRD16,0.21303818127137877
IZUMO4,-1.144987906922103
KBTBD12,-0.53961907512148
IQCC,-0.008456786979087381
SPAG11A,-1.44224368124927
ZNF766,-0.5983385603217171
NPIPB3,0.3377766444818759
MYMX,-0.4589567308229119
KHDC1L,-0.0584589525391256
FAM204A,-0.7946765132200118
ATF7IP2,-0.1250126794333476
TNFAIP8L1,-0.7923252520252624
GPRIN3,-0.43792444126540975
EPB41L4A,0.00881906815484549
CFAP68,-0.6630693986089009
LGALS12,-0.6710853155473782
NKAIN4,-0.7285706194076056
GLIPR1L1,-0.5116990519927015
CDRT15,-0.45776932746150567
ZNF37A,-0.16676579008607287
EFCAB12,-0.46238925518436635
RHBDL2,-0.936040006486245
CEBPZOS,-0.6954406956807648
VWA3A,0.29512793816874505
BBOF1,0.019191589694166785
SOWAHC,-0.6739912357279488
SMIM31,-0.3083112489459063
CNBD1,0.3124809560739229
KDM4E,0.8237238474383544
ZNF775,-0.22767305465633075
ZNF223,-0.4389350548935595
ZNF518B,-0.10381135011260852
ARID3C,-0.3375677835335015
ZBTB45,0.059190154377912724
PRAMEF1,-0.8437056242195912
ZNF490,-0.9376363452379061
ARHGEF38,1.3296438294254098
CPO,-0.09405324973737546
KIAA2012,0.9001328133780453
FAM76A,-0.5116890439821221
TMEM232,-0.19883643393538833
TERB1,-0.6537297466607033
VCF1,-0.63459319800436
CFAP206,-1.2118717623924875
ZNF93,-0.8264209195992333
LRRC70,-0.45456610256059626
LRRN1,1.8186722551525574
LINGO3,-0.1401433364650213
GPR82,-1.9530908544822765
GPR146,-1.8826679619694418
GPR33,-1.86581997895287
MRGPRE,-1.874515518828843
GPR26,-1.6477360880223275
RGL4,-0.6319560153844733
SHISA2,2.710585221954297
LIX1,0.9540582772027667
GCM2,-0.3831995605301931
PTCHD4,-0.3165446077145318
C3orf49,-0.5236151710168443
GARIN5A,-0.9541069765522331
TMEM220,-0.37767618032976824
KIR2DL5A,-0.9506320694048731
EML6,-0.3684648287485476
PCDHGA4,1.5986096810148123
PXDC1,-0.15300345324916007
KCTD4,-0.8459234266224945
C10orf62,0.9382321736460972
ZNF606,1.6680159882323564
ZNF180,0.07348971110279284
EBLN1,1.3873808948794404
ZNF613,2.0601162735458107
ZNF449,2.5720332100323415
TMEM37,-0.5129747742355284
TMEM268,-0.19194962211600544
ENHO,-0.3648298348823062
LURAP1L,-0.11735514333037592
DENND5B,1.0009031156262393
SMCO1,-0.7324842709423124
ZNF479,-0.43513257607446704
ZNF441,-0.38718997194600496
AARD,-0.5476171214713883
ZNF440,-1.2483156441578387
SDK1,7.1358061816981895
CFAP251,1.4308103744042473
TMEM89,-0.668586829097673
ZNF772,-0.16878032770399298
MUCL3,-0.21429851484915752
USP17L25,-0.2502577290729497
USP41P,-0.6525637353219665
VHLL,-0.12638555947997968
SPAG16,-0.5040557481804838
ZNF18,1.980690114921084
RBM46,-0.28635162864322544
TEX29,-0.9322088721622963
DIPK1C,0.0646113484589608
SBK2,-0.8758188365839135
RBP7,-0.3896000116437664
SPACDR,-0.033946964938381306
TMEM174,-0.7733511506346044
NEDD8-MDP1,1.2140505512333861
HNRNPUL2-BSCL2,-1.2444755613357477
CALN1,-0.6793710953968671
ZXDB,-0.49556203441801455
OTOL1,0.3419160285720105
WDR97,-0.41441794809296295
OPALIN,0.1461908866693265
FAM151A,-0.15408114216154425
NXPE2,0.9058351531187039
TRIM60,-1.0826219911730222
ZNF548,-0.039408380220967765
TRIM52,-0.651610335084061
TRIM61,-1.122986215390742
TRIM77,-0.7837366871331528
TMIGD1,-1.2181978359025194
CCL3L1,-0.9606532855921996
UNC93A,-0.4665784949487841
ZNF529,0.104983985810826
HOXC12,-0.002935285423023313
ZNF610,-0.7161963078708794
CCSER1,1.9111698679302613
REDIC1,-1.2665341389681732
NPIPB8,-0.4187589104741328
ERICH1,-0.011593909932495665
ZFP28,-0.563478190098189
BPY2B,-0.8049767693821942
BPY2C,-0.8406339307125821
CT45A7,-0.7870689431365961
NPIPA3,-0.6639214883464216
ARL9,-0.6290180022385012
ARL5C,-0.7454674618267052
GPR155,-0.38937321151393467
MRGPRG,-1.964310318717364
SIRPB2,-0.9771156040060257
CPXM1,-0.6329241543722206
TMEM150C,-0.6716222786015124
EFCAB3,-0.5693079448703293
C1orf56,1.4777793797077625
RNF150,-0.7760872096791059
C11orf71,-0.7550487721157564
ZNF75A,2.7305452997796817
ZNF10,-0.14768962383551149
RBM12B-AS1,-0.07160509852366329
CFAP263,-0.19417906184990683
ADGRA1,-0.9949982003399277
ADGRG4,-1.2195391798154032
TMEM252,-0.0755456579506787
ADGRF4,-0.6738027000510909
ZNF334,-0.3496465666207263
ELAPOR2,-0.496033733166618
TMIGD3,0.4254539086733098
GPR62,-1.2526544069000252
GPR85,-1.5901228359372546
CCDC157,-0.5751686316757364
GPR63,-1.3156978361306981
ZDHHC1,1.6387043638358358
TEX38,0.8073258321115807
GAGE12G,1.1966839493237824
GAGE12B,0.7997707432474255
ZNF517,0.37042233508764505
SGO1-AS1,-0.03937427351237721
ZNF846,-0.84709099754155
CCDC184,0.5390614507823739
C2orf76,-0.31838412018455803
CAPN13,-0.6073382691868011
IGSF11,0.2933643280051729
XKR7,1.1653444917628586
CSTL1,0.9649088685737605
CCDC177,0.21067308089443837
KRTAP2-4,0.007054584742207854
TPD52L3,-0.4437724910317161
STON1,0.022706610926673348
IQCG,-0.6424081500637079
FAM222A,-0.3198479131838765
LYSMD4,-0.6198028927258672
CST9,-0.8021959429924777
ADAMTS19,-0.6828591229895978
UPK3B,-0.8526813295153172
BTBD17,-0.7139330314238277
TMCO6,-0.4189949384189236
SPMIP10,-0.2577606970051982
ZKSCAN2,2.7167320843929152
NKX1-1,0.17054604765616999
NIPAL2,-0.7622973383123473
SANBR,3.294998766041471
SLC38A8,-0.7766650593976785
AGFG2,-0.7177744244168097
USP40,-0.1845765185641218
TC2N,-0.34244277484180885
CCDC154,2.5402083181550297
GMCL2,-0.44412230508118894
RNF151,0.1050302321332484
RTP1,-1.5991189738840086
OR2A1,-2.192338304668462
GFY,-0.319741982502576
ZIK1,-0.867712069547417
PRR15,-0.3319325611344401
ZNF607,0.22863076419896755
ZNF625,-0.669287578095649
CCER1,-1.1709202718968985
ZNF286A,1.4093057065382395
PRAMEF2,0.18852548100183758
PRAMEF13,-0.2696688647836689
PRAMEF25,-0.3939636392073409
PRAMEF8,-0.928603062878499
PRAMEF11,-1.0298352081819444
PRAMEF5,-0.7390215172508988
ZNF696,-0.11799520971654229
CDCP2,-0.9865415957399057
C17orf50,-0.2989279244597471
ADAMTS18,-0.861870453595139
ADAMTS16,-0.6838364378760127
GLI4,0.3994168571345606
NANOGP8,-0.3649006865003506
MOSMO,-0.5740316442865634
CFAP100,-0.8310840711606047
C8orf74,-0.6139179532107282
ODAD3,-0.9796205028954268
ZNF438,0.7008495423927044
RNF222,0.19491619582864303
CCDC9B,0.02243448282678618
TVP23C-CDRT4,-0.6569540125155482
NBPF11,1.1062956000887563
ZSWIM9,3.124170803998719
ZNF283,0.31293178592799636
ZNF585A,0.5602269367577684
ZNF621,2.247720964170031
ZNF726,-0.9354599642330045
ZNF584,-0.06269391729876721
ZNF773,-0.1910895471299696
WDPCP,-0.09457190233533667
TTC29,-0.40948307713510734
TTLL13,-0.2531035046406414
CCDC121,-0.7832782299624187
CCDC65,-0.9861308093750385
PAQR7,-0.4536552080533057
CCDC87,0.43843875064521054
TAFA5,0.956826496802373
DCANP1,0.9499235914162718
C22orf23,0.5928063265651031
THAP6,-0.4012108267167225
FAM74A1,0.16209725442893352
FAM74A6,0.28349704963153977
VSTM2L,-0.1414029990943459
NUTM2B,-0.03079621730370893
AFAP1L2,-0.3726837370743584
KRTAP13-1,-2.1301855152504205
SPMIP9,0.0692905426307283
DYNLT5,0.5748686103925342
ZCWPW2,-0.23788462298381788
LRRC69,-0.7095948420789362
ANGPTL5,-0.9097059060022943
TRIM49C,-1.0361292817917975
CT45A1,-0.7820729241404958
FOXO3B,-0.18767504509150634
MEIG1,-0.2387787478113844
GCOM1,1.410473168212594
INKILN,2.101511136658327
ZNF835,-0.4147053945075665
BORCS7,0.5028216185247828
ZNF555,-0.6481674306134432
FAM135B,0.3493184378159314
KRTAP10-4,0.17552669953168046
ZNF714,-0.4558785628730304
P3R3URF-PIK3R3,0.7937262286993135
ZNF853,-0.5072799604252942
FAM25G,-0.9678341276678658
KHDC3L,-0.3723049448654747
SUN5,1.535636427819931
XKRX,-0.5783852255579305
POU5F2,-0.18215806693903744
C20orf204,0.14056562360789848
RAB37,1.4541200052964964
GLTPD2,-0.5421664614211689
CFAP54,0.4841592115649966
ZNF181,1.7098270364597281
PRTG,0.6577909847463468
ZNF626,-0.7599346501685318
TSPAN13,-0.9714971836782805
MS4A14,-0.6928023032470487
MS4A5,-0.8457290802645753
RNASE12,-0.8961219489076725
SHISAL2B,-0.3127577573396956
CCDC83,1.526132998826562
KBTBD3,-0.30153389607672915
SERF1B,-1.0232928128273908
OR4F3,-2.770189722959717
PRAMEF14,-0.9543636634469121
TIGD1,-0.022449016138092404
TMEM101,0.07636444315420589
SFT2D3,1.6241144038258528
USP17L10,-0.45040261186337494
USP17L22,-0.6134557082225378
USP17L20,-0.5666893325688317
IGKV2D-29,-0.839529904145159
PKD1L2,-0.19172117050265655
SLC46A2,-1.1083214458844477
BIVM,1.9962252423468987
PDZD4,0.9760605270103908
C12orf60,0.05671019998233141
PRLHR,-0.6432336802530907
ZFHX2,3.3245469006350987
OTOP1,-0.61422042299178
TBC1D26,-1.2336269626944223
TBC1D28,-1.2478105226020455
ERVK-10,-0.31085567790368246
CXorf51B,-0.3935304593447757
PRR19,-0.6123341856045885
ZNF677,0.4040048046603837
FGFBP3,0.5230236993393389
ZNF112,-0.06345574507144879
SLC26A10P,0.24005625383796908
ARMCX6,-1.145754474793265
ZNF891,-0.512123398733567
C2CD4C,-0.09456740632994194
ZSCAN2,0.8919924179500442
HRCT1,-0.3660349766125417
ZNF790,-0.6036977273301724
NEXMIF,0.8190168100575379
PAGE2,-0.6813472637237143
OCM2,-0.3437250391481015
CFAP58,2.2366788911637174
NAIF1,0.03501552317652047
CTXND1,-0.06988829865453294
WFDC9,-1.449322047693692
WFDC13,-0.7997708181077612
SPINT4,-1.2521018798165682
WFDC10A,0.1739983865597647
PHETA2,-0.5312891802353105
SLCO1B7,-0.7238938039043475
PIGBOS1,-0.5308787767950899
CDHR4,2.321134508445926
VSIG10L,0.14528582943275742
GOLGA8B,-0.2896637097141673
SMIM22,-0.5259320926107587
PAQR9,-0.6229419085580886
NKAIN3,-0.3289853450869936
STH,0.7703027845283265
OTOS,0.1137052406183405
KRBOX5,-0.16794347110439267
LINC00518,-0.4428674871145314
LPAL2,-0.4428245436094898
BICDL2,-0.3468949822745558
ZNF565,0.1660019798826733
FHIP1A,0.1495937016245821
ZNF594,0.2389161736570309
ZNF480,0.07948175523096133
ZNF888,0.3525101169700926
ZNF709,-0.5517629050603112
ZNF235,-0.34252469358365334
ZNF813,-0.8583500733338616
ZNF791,-0.6270716892630606
TP53I13,0.06652379600508984
PHGR1,-0.1838120290983402
IQCF3,0.17395861991553402
ZNF599,-0.6296786891617182
ZNF844,-0.7044581477867727
ZNF285,-0.7603692468732313
ZNF230,1.0213243089837745
ZNF624,-0.08922306817308152
AJM1,2.617295061177809
FAM228B,-0.2637957120496265
CCDC158,1.0066132686011637
BEND4,10.205631941853088
ZNF880,-0.6988356686887917
ZNF852,0.2369637303233011
H2BC20P,1.9262124828846179
IGFL1,0.6348918021252412
SPATA31F1,-0.7528883939296714
CFAP69,1.6072138021731148
SPATA3,-1.4433024069921012
GARIN1B,-0.8141161315987696
SPATA31D1,-1.1770309119731006
GTSF1L,-0.9519738455925103
SPATA31A6,-0.7392594362050385
SEPTIN14,-0.536896401547523
COL6A5,-0.6789545954970663
LRRC34,-0.8841502051493461
TMEM178A,0.15264607790357185
ZNF616,-0.2107603870177827
ZNF583,-0.6579204713382129
KRTAP5-11,-2.232128454819948
KRTAP4-1,-1.451133563535078
NBPF6,3.1991933620392423
KRTAP12-4,-0.5960581927421775
ZNF792,-0.649792098257241
SPATA25,-0.570284334571561
PROSER3,-0.39141763984905376
C16orf78,0.28637342394725573
LCNL1,-1.2931508193927566
LCN15,-1.2031674373048915
EPPIN-WFDC6,-1.1329273198250958
GLYATL3,-1.756584457992415
ZNF671,2.514297626500431
SPATA31A7,-0.8842603723140329
ODF4,-0.9151312244829374
ZNF630,-1.1004925453039098
RNASE8,-0.6843448100268031
TMEM114,-0.8142593029617484
CRYGB,-0.0994348865855028
MSLNL,-0.6399156169375909
CDC42EP2,-0.44528859407777455
CCDC54,-0.9264424987127763
LIMS3,-0.7686459199717312
ZNF737,-0.862441408423781
CGB1,-1.1467347725118875
GPHB5,-1.3860769036039176
ZNF680,0.60877823851089
DQX1,-0.12327827180231558
TAC4,-1.1044675851202579
TSPAN11,-0.6898165788437797
CIMIP2A,-0.6816204411808915
CD163L1,-0.9398732925715896
C2CD4D,0.39910168046836647
MBD3L4,0.5022802654984382
ZNF256,-0.45278064328186163
DMBX1,0.8734823091450276
CC2D2B,-0.33815758312913774
RFLNA,-0.5308492454438223
PMF1-BGLAP,-0.7484729195446217
STON1-GTF2A1L,-0.18519860414023823
SMIM24,-1.133387740292692
LBX2,0.895013424387123
CFAP107,0.5742577986436387
ERICH4,-0.5899322132471605
ZNF658,-0.6332055309399707
TMCO5A,-1.4021336497799202
CNTNAP5,7.017535426516777
TCERG1L,2.0244743926694637
TBATA,3.9515544847373705
ANKRD36,-0.20589628727692164
C12orf50,-0.4144505268921362
NPIPB6,-0.11320163221411465
HAPLN4,0.02026858553504755
KCTD18,-0.782891490466347
ARPIN-AP3S2,-0.43117061852932825
AGAP7P,-0.13494547024372763
MARCHF11,-0.6423311220972446
SYNJ2BP-COX16,0.9350785183293726
SLITRK4,1.3977222118110886
PRR36,-0.8862742216520592
ZNF563,0.09268921453508278
PODNL1,-0.728682135352733
ZFR2,-0.3305541325816145
CES2,-0.06557233472906418
ZNF222,2.3657011920619984
ZNF701,0.35112319282329024
C11orf52,-0.20248925933780024
SLC22A18AS,-0.039297673740476866
ZNF134,0.246729686108698
RSPH3,-0.7056513612193569
NUP62CL,-0.4702410259647639
THAP2,-0.19996682247382522
NBPF3,-0.483227173855565
FAM86C1P,0.618727888824245
ZNF221,-0.8419412929097495
ZNF225,-0.7322895673268136
ZNF214,0.1366409633298638
CCDC70,-0.7315068522714231
ZNF233,-0.5123167907304227
PRRG3,-0.0883310575115095
CYSRT1,0.40527914550934474
FRRS1L,1.0651197921030628
PPP1R42,2.2498130761817428
ZNF705G,-0.4444914100745981
NEURL3,-0.23244022890275529
NBPF12,-0.4327317635774999
NBPF9,-0.7044276643788494
ZNF716,-0.9569258716323592
PNMA8B,-0.43291532496617674
TRIM49B,-1.060417056201116
HNRNPCL4,-0.36191465653205496
POTEM,-1.355497003553686
KIAA1614,-0.3815402294856058
ANKRD30A,-0.10199211672047276
POTEH,-0.6247652160684913
CCDC144A,-1.3871946128367858
TMEM276,-0.47277288198680917
PRR23B,-0.8781774550929887
AKNAD1,0.9099647526585283
TMEM82,-0.7252379827251437
IQCK,0.07451371444349862
ITIH6,-0.7971319276820692
BICDL1,-0.45044765794199165
RINL,0.08247026363783898
RFX8,-0.4273883082455118
RHOXF2B,1.5592774674147671
INSYN2B,-0.6849558712690687
NUDT17,-0.9212516038289049
MINAR1,-0.06127620029047765
KRTAP19-4,-1.6207675840470999
OVOL3,-0.917803371968255
CLEC19A,6.6138396954209515
CNTD1,-0.8271450411160012
CFAP126,-1.1152699200070852
CIMAP2,3.3554052805593146
BVES,2.6212798513362525
AGAP11,-0.6302562801570649
PPIL6,0.48762454535187455
NWD2,-0.4030670076199133
CFAP221,-0.5703806855310897
RSPH10B,-0.47931982818861013
CFAP61,-0.6434437870210691
TPRG1,0.08901332385380245
TMC7,-1.1227409788120433
EEF1DP3,-0.5122775684564603
SNTN,-0.44921934356008547
SAXO2,-0.20695098675304455
FAM43A,-0.8648783435202553
ZNF98,-0.8391221114571045
SAMD13,-0.30748852645863495
TMEM121B,0.5461009245255801
LSMEM1,0.45007620631230644
ZNF658B,0.9158695875220447
FAM219B,-0.5856618303765592
CLBA1,0.08815658272761445
UBE2L5,1.3693438571404521
PMS2P1,-0.24342593425489478
SHISA4,0.6713561459947861
IQCM,-0.6839935197459945
HMCN2,-0.3834730549038564
CD300LG,-1.0425706607933907
TREML4,0.07678007035626461
CPAMD8,0.11411703634335557
SH2D7,-0.9979148169334358
C3orf22,-1.0297152684610646
RD3L,-1.0623972450874937
ANKRD45,-0.16875078017094286
ZNF33B,0.7739503102610354
ZBTB47,1.8331147813113193
KRTAP5-10,-1.4111110651939234
RIIAD1,-0.07808156283758823
POM121L1P,-1.4626786866996613
LOC102724594,-0.24545192719272613
TCF23,0.28129195755500863
PRB3,-1.0344571112485208
C1orf53,-0.33632729308501186
CATSPERG,-1.2314998974784852
TTLL8,-0.8686198970446423
USP17L7,-0.5233121410861522
FXYD6-FXYD2,-0.180154269473639
C22orf42,-0.8458729011795525
ADGB,-0.8570360710677336
TRGV9,-0.22186956434532396
BTBD16,-0.45977096300303155
SERINC4,1.1817771156873786
OTOR,-0.35244942221404607
TSPEAR,-0.8149848478958985
IQCA1L,-0.42253811680252173
GASK1A,-0.9037690914474188
HARBI1,1.15805935052574
ZNF546,2.3759625345516486
ZNF735,-0.3210750258805819
ZNF699,-0.8103083517964962
KRTAP13-4,-1.1782507954345167
LRRD1,-0.8819618398817974
PRSS54,-1.17678358733374
NUDT4B,-0.9184267500108881
VSIG10,-0.4055101993708961
RIMBP3B,1.64026243552528
FAM229B,-0.9619321806143691
MAGEB5,-1.276703990024071
ZNF280B,-0.360485454432027
TARM1,-0.665591660224974
ARHGEF33,0.34774306218862405
ZNF491,-1.1210672066184677
ZNF208,-0.43723971294312675
ZNF676,-0.658464371656755
FOXB2,-0.7398591111115779
BPIFB6,-0.453367422603009
ZNF786,-0.06985634990387712
KRTCAP3,-0.8045492324245914
FRG2C,-0.24625073970022485
FAM178B,-0.658349484789426
TP53TG3B,-0.956154739667827
TPBGL,0.9163576475339397
LRRC3C,-1.0672970920182112
MARCHF3,-0.7828427749121634
TTC24,0.40671766896536105
TMEM229A,0.2915613691645744
DYNLT2,-0.1046263188179282
C2orf15,-0.06352083832777014
MS4A10,-0.8506810199235401
JHY,1.1218969226853301
C22orf39,-0.66755939675764
SLC35E4,-0.9292068074555339
PCDHGB2,2.2988237295629244
C12orf54,-1.2191960498149883
ANP32CP,-0.40468514941488687
KLHDC7B,0.020155982984943064
TTC9,-0.1500909035885868
PCDHB9,1.4326771651541819
C1QTNF12,1.707648755641524
REP15,-0.6358279582622705
ZNF132,1.9449130105620478
BCLAF3,0.2952687153142481
KCTD19,-0.09035416559955396
TNXA,-0.510292706683889
CENPBD2P,-0.3566906374165831
TMEM255B,-0.5896081965553293
TCP11X2,-0.07081520420186731
ZNF571,0.16261885982834498
CASTOR3P,-0.546361710138196
ZNF845,-0.15554085021105662
TMEM88B,3.4594311275130787
GOLGA8H,-0.49594244481028255
CTAGE6,-0.3190742675602175
SFTA3,-0.9007026984022838
ETV3L,0.6416967485974252
FAM170A,2.091079077092373
ZNF850,0.17470675805987215
PP2D1,-0.6431600807902795
SPINK6,-1.121151814791854
ZNF486,0.1299210154191693
SLFNL1,-0.8295654985422016
RNASE11,1.724330482362018
ZNF619,-0.6690193831864373
RSPH10B2,-0.6296548093161863
SMIM11,-0.12536605618150595
RTL8A,-0.46070519049422165
CATIP,-0.5168943476168144
MROH8,0.9295140026358824
FAM200A,3.3528293996000595
PDZD9,-0.5587883107401858
C3orf36,0.8553699755001447
CCDC144NL,0.9048652231329141
CCDC149,0.5867222649239539
GAGE1,-0.6762666536055159
FAM47B,0.3752326098242997
SERHL,-0.21919025532356257
SLC35G6,-1.016133584913414
ZNF600,-0.6953151239161353
ZNF28,-0.46112935956740225
DMRTA2,0.03863302254498226
PRAC1,1.204846586669892
ZC3H12D,-0.29799498353910536
VSTM2B,0.6962437478529518
ZNF182,0.850185662111065
LINC00312,0.1888698178435322
LINC02910,0.44157767090994093
DRGX,2.3720397483295583
FAM47C,-0.19947061368900554
MROH2A,-0.40315268811211963
DPEP2NB,-0.34697724481010783
AGBL1,0.8193973352578439
ZNF780B,0.44345936559249577
PROB1,-0.11762092798251239
KRTAP5-6,-1.088115493779928
ARL13A,-0.7646713436317191
GLDN,0.367106265593328
C7orf33,0.5725728054081386
ZNF433,-0.29587074118377105
GPR137C,-1.1835306536395007
TMEM235,0.2648996874824046
APELA,-1.013710373550968
PLSCR5,-0.7006631111855338
MYO1H,-0.613182412430879
ASDURF,4.803798561516333
SLC22A20P,-0.36380222364818376
BPIFB3,-0.22666117779454012
STPG1,-0.8727450059635602
ZNF137P,0.4332767822656467
LRRC18,0.6807499832001759
ARL16,2.5111692572920488
SMLR1,-0.25209241199428367
FCGR1BP,-0.6942752797096878
LOC102724652,-0.9321336057885419
PCDHB13,2.0351222157093822
ZNF736,-0.17539860635815305
PPIAL4F,0.3525044937028673
TMEM238,-0.1644427121227562
SPINK8,-0.715835841999528
CFAP96,-1.1777056892305713
CABP7,-0.7131525667277838
EXOC1L,-0.4426696842504936
ZNF320,0.08369997074588882
WFDC3,-1.0805904885124837
KRTAP24-1,-2.122453763552474
CLUL1,-0.01376916404477154
FAM187A,-0.5541463278280684
DENND11,-0.3719060787040672
ZNF347,-0.6912995029031853
ZNF99,-0.7857828115633047
DDX12P,-0.2796262020789455
DARS1-AS1,-0.5340268933477564
IGHA2,-0.13368579283093765
LY75-CD302,-0.9514234560888883
CCDC179,-0.551772092860846
TP53TG1,-1.3136708304251523
LRRC37A3,-0.49954371197144326
PIN1P1,2.443761891969789
CENPVL1,-0.5153498432383352
TMEM185B,-0.8157273319090976
TMEM200C,0.5506717764406646
ACTRT3,2.1342487240962873
NPIPA2,2.2346580880765536
KIRREL1-IT1,1.240757883036949
KLHL30,-0.1440228198876658
GARIN6,-0.9587838387542997
SPACA5B,-0.05011225081473283
THAP5,-0.064202001589221
CCDC3,0.04835209824815941
ZNF468,0.037355781267818355
VN1R2,-1.1721648737107595
EXOC3L2,0.9162713116026723
CTAGE8,0.03682387413603937
CTAGE9,-0.17322131594566045
CTAGE15,-0.34315783558560364
MAGED4,-0.738969275556727
PRAMEF6,-0.627025468768681
ANHX,-0.15449236401226932
TMEM241,-0.19245994751792642
ZFP69,-0.2885018199537378
TBC1D3K,-1.0450115653412262
TBC1D3D,-0.9750418180051501
TBC1D3H,-1.264441246984709
THAP9,2.0198324212464147
PGBD4,3.143024018629368
LRRC74A,-0.13441317800782698
RAB6D,-0.248837953255248
SPATA31H1,1.2017114256689672
SPATA31E1,0.5811441991428923
ZNF354B,-0.3257007712482874
ALKAL1,0.025296046173211902
APCDD1L,-0.5702990062710842
VN1R4,-1.5746220597534797
TMEM144,-0.4482920306071764
C9orf153,-0.6814518365398949
SMIM21,0.5472840201059088
C12orf56,-0.9500774298590019
KRTAP2-2,-1.9518040109041281
ZNF543,0.5009916693111807
MORN2,0.014948099920128433
FAM47E-STBD1,-0.866578518286131
BABAM2-AS1,-0.4951141319119993
VXN,-0.6276285226732385
TTLL10,-0.6415540947611252
ARL14EPL,0.023581324486511575
TRBV2,2.8397274225768676
C2orf72,0.14565006073156428
CDY2B,-0.9276665443586765
MS4A8,-0.8151161969448071
ARHGAP27,-0.21092017763879298
EXD1,0.4657397820250963
NPIPB9,-0.8693441251585945
C12orf42,-0.965668924934911
ANKRD60,-0.8531637135965816
SPACA7,-0.17732075800565159
ERICH6,0.5424752072174919
ARRDC5,-0.3814964743076132
TRIM49D1,-1.1804386656362602
SCUBE1,-0.44155535940421436
KRTAP4-7,-0.6589051704621519
PXT1,5.760003823593814
ZNF841,-0.7743152432267434
IGFBPL1,-0.08090275060650491
SHISAL2A,3.5075935073643105
KRTAP2-3,-1.8030479736574434
CMKLR2,-1.0443651061598809
ZNF425,-0.275594701224616
BTBD19,-0.38787113490388253
CMTM1,-0.48111116551070576
TCF24,1.4840597293773565
SPMIP7,-0.19681854917744088
SLFN13,-0.5900016321459436
EVPLL,-0.04042024739061801
NRIP3,-0.4571268054627509
TMEM132B,0.37787076661952085
TMEM132E,0.179457631882699
MAMSTR,0.11369232059575508
C10orf143,-0.13828165945299808
ETDC,0.03854841216374806
EEF1AKMT4-ECE2,0.5968128279144346
SPINK9,-1.1249067782245907
PRR20A,1.511124587262048
TMEM151A,0.017308883782149564
ANKRD30B,-0.8633730167219061
C2orf74,-0.06532133554082362
MYRFL,4.78480537342783
TMEM270,-0.5409826016350878
DNAJB3,0.6833405118602247
C5orf63,1.2904298198582713
TRIM64B,-0.7052039796347934
TSPAN19,-0.6993353692418588
ZNF30,-0.20884505696226777
ZNF814,-0.6533998891892906
FAM216B,-0.3671554990894824
SEBOX,2.7860577724168154
ANKUB1,-0.8620466403738394
FAM25A,-1.4309529244951915
TMEM91,-1.0419417253578094
TMEM233,-0.6460773906289494
SYNDIG1L,-0.6228883784276866
PCDHGB3,1.6281533823742953
ANKRD20A12P,-0.5832882065373461
TMEM81,4.07739616295057
USP17L30,-0.5265768943538163
ANKRD34B,-0.47215165494717504
CLPSL2,0.36492087249676236
C16orf46,-0.24043258227159583
TTLL2,0.41134184818017583
SPACA6,-0.9693724927376449
TMEM202,-0.5052911468826117
TMED7-TICAM2,-0.16847953556654746
CENPBD1P,-0.2818594563150877
ANKFN1,0.9443861982606174
CFAP210,-0.7802304999384055
CCDC81,-1.054019401638212
ERFL,-0.5763806333343621
TP53TG3C,-0.31691511677107187
LINC00526,-0.6566774586666382
FAM174B,-0.0786566592599067
SPATA6L,0.10480164854866038
TMEM212,-0.3551246193833992
RTL3,-0.4242462038925652
RTL5,-0.5229470973687915
RTL4,-0.5861989264377261
DPRX,0.4562971336597556
SPANXN1,-0.715924779454732
CHCHD2P9,0.14116705389015125
PIRT,0.929969757665464
KRTAP20-2,-1.7733967905980426
KRTAP20-1,-1.7927854641433567
KRTAP21-1,-1.7254842605415197
KRTAP1-4,-1.9351132273811698
KRTAP2-1,-1.9348134321763735
KRTAP27-1,-1.8539595246802028
KRTAP5-5,-1.9449479571501902
KRTAP4-3,-2.0019649061499485
KRTAP25-1,-1.8754242289691614
FAM177B,-0.0703509817326965
CRYBG2,-1.033025302115334
SMIM2,-0.17588552706860536
WFDC10B,-0.994298694247329
CTBP1-DT,-0.4451365089731036
ZNF875,-0.44807125116727187
HNRNPCL3,-0.31714041533562876
TEKTIP1,0.735506774422774
BIVM-ERCC5,1.345295420061055
ZNF319,-1.081463158279659
ANKRD62,-1.0634377960021553
VSTM5,-0.8069156235891797
REXO1L1P,2.238176176471482
C20orf202,0.0479773050446746
EEF1E1-BLOC1S5,-0.6532235240043942
ZIC5,-0.0200797524616805
KRTAP22-2,-1.351369988678631
ANKMY1,-0.4307685341593243
LRRC71,0.07311107902186628
UQCC5,-0.98516634636477
ZSWIM5,0.17002836292504456
CATSPERD,-0.48883821656106663
FBXO47,-0.8008944539941139
EFCAB9,-0.5753751199066469
SMIM23,1.0744513943729028
PRAMEF15,-0.5982751035855659
PAGE3,-1.1105264600898264
TEX47,1.3732298486623105
ZNF404,-0.400817461233238
FBXO39,-1.2271745781988257
NPIPB5,0.7917283536125522
SMIM17,-0.7433887131160003
ZNF487,8.926529176200457
NAT8B,4.203260189552989
FABP9,-0.3655552416316074
SNRPGP15,-0.42096811423843444
F8A2,0.8762748700103861
MRLN,-0.42434971806690763
F8A3,1.00934173150462
KRTAP4-9,-1.8464824948745453
KRTAP4-6,-1.5966844575478842
KRTAP4-8,-1.7960564266194807
KRTAP20-3,-1.4355633711681937
LRRN4,-0.37429885892629666
KRTAP21-3,-1.538053881118086
POPDC3,3.5532745416857074
TMEM179,-0.3065588936565539
ANKRD65,1.4603043335880619
RNF224,-0.17084987647598562
TRIM75,-0.5118215005046588
C12orf76,-0.7031645687503603
GAGE5,-0.6928348389730196
PPIAL4E,0.37389265836517904
PTX4,-0.13369228289540624
C14orf28,2.9531429017057396
CLEC18C,-0.6654578374494421
KAZALD1,-0.42032201299114
FAM151B,0.0006517275284573771
OR4C45,-1.6876293752149079
OR2I1P,-1.699153150860823
CROCCP2,-0.7282676525949346
PRAMEF4,-0.8275831650570158
LOC106627981,-0.9242511391576341
FRRS1,-0.6828576124472787
PDXDC2P,-0.7982753963917618
ZGLP1,0.9818720873682613
LOC128706665,-0.4934028390915084
SCGB1C2,-1.1852568701210535
PRAC2,-0.006537080158987295
NBPF4,0.8981338191684963
IGKV2-29,-0.005071724291293915
ZNF385D,0.1400868688724788
ZNF615,0.04006940295600605
ANKRD31,-0.3983857118567617
ANKRD13C-DT,-0.13075407654894913
YWHAH-AS1,0.2551343964293617
C17orf67,0.6677951261527679
ZNF549,-0.7998485568934948
GIMD1,-1.010487042493763
CFAP95,-1.106286358847639
RSKR,-0.7640658360217752
SPMAP1,-0.9693821321312233
SAMD15,0.35705905803009064
LRRC53,-0.1520100167662043
IQCF5,-1.012134937970344
TDRD10,-1.096013971155841
SPMIP3,-1.2042668611871696
KIF25-AS1,-1.7061186233434675
C5orf60,-1.195932993670223
CCDC182,-0.9016594107115512
TMEM163,-0.10594966475051011
GAGE12F,-0.5351694167755957
DSEL,0.8347816233107188
ZNF540,-0.4164914382976084
ZNF660,8.0081626109651
EFHB,-0.6403553533595263
PRR23D2,-1.4251181670820543
PRR23A,-1.517866614567961
CTXN2,0.6079863499500066
ZNF551,0.008834875411864522
EQTN,2.2994485376910023
ZRSR2P1,-0.3639951890414052
ABTB3,-0.028705909669029927
WT1-AS,-0.7605704701661804
ZNF836,-0.38497861377053066
ZNF862,-0.2647235103549226
SSPOP,0.49170407902053365
C10orf105,0.46443066370344915
IGIP,-0.011530250263861633
NANOGNB,-0.34262193636026167
LYG1,-0.3001638397976897
ZNF808,1.0055326131502889
PLPPR5,0.4807558373299208
C11orf91,0.5432856117931667
DSCR8,-1.0466353783315798
C11orf42,0.12520985960811323
ZNF729,-0.9824715941702663
KLHDC7A,-0.39001500391843374
CT45A8,-0.815904197846377
MSL3B,0.48930094049590217
ZNF878,0.3058181649048578
CLEC18B,-0.9912474903105378
ZNF738,-0.5055915097826476
ZNF141,-0.012334849918044526
ZNF527,0.26431052353262957
ZNF799,-0.39616410715143724
ZNF728,-0.12731600747321378
ZNF573,-0.02930849642885988
ZNF805,-0.3410542807246833
ZNF793,0.9756906322422852
ZNF528,-0.9504528586842343
ZNF560,-1.0629594327092229
ZNF429,-0.8190706234622944
ZNF470,-0.5254400599927677
ZNF879,0.5739832800397708
ZNF493,-0.5863836921411617
SMIM43,-1.1871946005899001
GAGE12D,-0.39744886342419283
GAGE12C,-0.3411722299229561
NSUN5P1,-0.6179869472824367
ARL17B,-0.6594393551952366
NPIPA5,-0.3446701982342727
CD300H,-1.3398037008722288
KIR2DS3,-1.1999234802903864
SIGLEC16,-1.220604423820882
CD200R1L,-0.7148801266683197
ANKAR,0.3449074769707498
CIBAR2,-0.3593828818381643
GAGE2A,-0.6116877423616077
PRPF4BP1,0.18373719945672393
SPATA31G1,-1.1078566698846406
USP17L24,-0.49577965163217325
CCDC178,0.24975908972675917
PRSS45P,-0.216041484271935
ANKRD63,-0.257787640966711
LIMS4,-0.5229366227175591
C20orf144,-0.263310679109259
FAM90A26,-0.9243105937541207
HEATR9,-0.23086565116957433
VWA5B1,-0.6119334119824293
TDH,-1.066454969520242
CXorf49,
CXorf49B,
C16orf86,1.4786094171882267
FOXL2NB,-0.430327559612306
LANCL3,-0.8901765156713067
HDGFL1,-0.2540313395586993
IQCJ-SCHIP1,6.673827415177346
GOLGA6L10,-0.11726102347704774
MYCLP1,0.8029680580608204
PRSS3P2,0.1332982198978516
ZNF705D,-1.3290646701715692
C17orf99,-0.40310824278926566
IQCJ,-0.24401822011841662
C5orf58,-0.5517150120694359
C20orf173,-1.1194816691560354
XKR5,0.016133609887626108
FAM167B,-0.27423562287322917
PNMA6F,-0.19602482128828966
PNMA6E,-0.6353978091176175
MINAR2,-0.4317506044253315
GSG1L2,-0.7377557624599214
C14orf132,3.959587382396285
CCER2,-0.9316267932352228
IGKV2-40,-0.7811446896123531
IGKV2D-30,-0.9386736483267344
RNF223,-0.39108539586843505
CFC1B,-0.09729893655804726
CCDC73,-0.40052038009536695
CFAP144,1.6848906031581439
CT47A11,-1.496019761723656
SPEM2,-0.70168072999839
CDRT15L2,-1.0213861512302205
CHCT1,-1.126987078640973
MFSD6L,-1.1986688463885489
SMIM6,-1.1221690698115623
FAM170B,-1.0552121395329819
USP17L4,-0.6130617812941761
USP17L8,-0.4363803742910418
SHISA8,2.7375975487361095
ERVK3-1,-0.40400574361752206
SERF2-C15ORF63,7.491412956069108
NLRP2B,-0.88294047465788
SPATA31D3,-0.2942290527665378
C19orf73,-0.9551778567803868
STEAP1B,-0.38463521567614234
RHPN1-AS1,-1.7899956192835507
C20orf203,-0.508424678213944
KRTAP29-1,-1.5373972338444422
RNF148,-0.48109287988425
HHLA1,-0.07284067489431459
METTL24,-0.5325461070557326
SPATA31D4,-0.888101783613048
ZFP3,0.5325864070207502
C11orf96,-0.12821776124278025
MRGPRF,-1.1411513624249798
TMEM225B,-0.7314926300789693
TRIM6-TRIM34,-0.07351191018635406
GVQW3,-0.2762221379081773
SAMD10,-0.6788865870815184
FHAD1,-0.2868260191891458
KRTAP10-2,-1.2370153107160748
CCDC169-SOHLH2,-0.7841928419481597
MTLN,-0.904633663613704
LRIT2,1.0220038550056336
ISY1-RAB43,0.1888436189131958
LRRC75B,3.9939808325767836
C1orf185,0.5032998087130975
XKR9,-0.3246402019241965
LLCFC1,-0.826371089450305
C16orf90,-0.18363264214535407
CT45A9,-0.8155101858209748
PBOV1,0.3793900564204054
MAP10,0.8865519757781093
GOLGA8N,-0.2952421725420242
NPIPA7,-0.8392560107138256
IGFL2,0.20284991729880694
IGFL4,0.004869194318445345
HSFX4,-0.5111583785110252
GAGE12E,-0.8157398582163323
TEX13C,-0.9532501135745385
AKR1C8,0.599791390079046
C9orf163,-0.6138254257167809
GBA3,-1.6900987495678927
CBY3,-0.39179426538986467
KRTAP19-8,-1.750015278694159
MROH9,-0.49545751996342485
WDR49,-0.28762309213678194
PRXL2C,-0.21252075688040659
GOLGA6L6,-0.7668268839149839
GOLGA6L1,0.11866652355793708
GOLGA6L4,0.3559472342520376
FAM47A,0.5325705256103247
GAGE13,-0.22728585107827984
TEX48,-0.7083245181353026
OR4M2B,-0.6226985865684115
GARIN1A,-0.9081088799498579
GARIN4,-1.1122991151318948
KRTAP10-12,-1.208883219150792
AKAIN1,-1.0330825730831066
KRT10-AS1,-0.34839227268250217
PGPEP1L,-1.0070600981362046
C14orf178,-0.1836492475536565
TRIM64C,-0.5433299232844229
FAM209B,0.3359169748679143
SLC15A5,0.36803654764310817
DMRTC1,-0.8161455342706715
ZNF578,-0.7528739842799437
USP17L27,-0.4272508970669898
USP17L26,-0.41789625942219133
USP17L28,-0.42913097379212367
USP17L29,-0.4277442645890368
PRR23D1,-1.4835277903933135
LKAAEAR1,-1.3508685003690697
NPY4R2,-1.2278923362016136
H2BK1,-0.5534899679467326
PRR23C,-1.3454449209329005
GOLGA8R,4.711644135404151
PRAMEF18,-0.7903289445258946
TOGARAM2,-0.21870281411083622
RFPL4AL1,-0.7793419720400431
CT47A4,-1.1466930585403197
PPDPFL,-0.45452463083695516
SRRM5,-1.740538626241674
FCRLB,-0.8525406558710259
LACTBL1,0.501839772004004
FAM149A,-0.23813753813512376
ZNF702P,-0.6368336737467202
LOC102724023,-1.8881437793029536
TMEM217,0.121820891111847
KIAA1210,0.54029598927385
MUSTN1,0.2095272566950045
TRIM16L,-1.164970687143661
USP17L17,-0.5084474191385185
USP17L18,-0.3967012012620903
USP17L21,-0.3923210642786617
USP17L19,-0.39523287894091585
USP17L11,-0.39377321612332816
USP17L13,-0.3995208467687531
USP17L12,-0.40775596049664464
GAGE12J,-0.03404592849173376
GAGE12H,-0.008000959962545283
KAAG1,1.104106610443753
SYT14,-0.2346193777920579
TMEM249,-0.8451696389489503
FRMPD3,-0.3518848730383943
OR10D3,-0.6211052162369083
EFCAB10,-0.654474197884245
C6orf163,-1.026994575957266
MALRD1,3.936895555911961
GAGE4,-0.7034086841155025
MDGA2,4.469316763567979
SPMIP2,-0.7267907298300891
DEFB131B,-0.9486232542092871
SMIM30,-0.40076283017218695
NBPF20,4.408177331240981
OR4K3,4.850315130446086
NBPF8,5.175689672387292
LOC102724334,4.8094664867403445
PIERCE2,0.5083941623268937
PLEKHD1,0.034833621362304536
ETDB,0.1807895877774828
SDR42E2,0.15187770490048097
POU2AF3,-0.3811404128061064
CT47A8,-1.0697478859429677
CT47A5,-1.4075027555297477
CT47A9,-1.2912260486906568
CT47A10,-1.2912260486906568
CT47B1,-0.8286167698028873
CT47A2,-1.2912260486906568
CT47A3,-1.2912260486906568
C2orf81,4.243992749281114
SMIM27,5.337121220915767
CKLF-CMTM1,-0.5813528035988736
MSMP,-0.798752993433191
C17orf58,-0.4644484229327016
ZNF570,-0.09724306063096454
ZNF781,0.22270594854443743
OR4F29,-2.13968849659552
SLC16A11,0.2874959598955886
SMIM10L2B,-0.5194722292704718
CIMIP2C,-0.04006266487478945
DUX3,-0.12823795973066787
ZDHHC11B,2.431530861601607
SMIM29,-0.8034049205146002
KRTAP9-6,-1.4735484532688519
GAGE2D,-0.6594881832425659
GAGE2E,-0.6594881832425659
LINC00482,-0.1842710313727549
LINC00588,-0.18426918256108824
FAM217A,-1.1350670913558154
MST1L,-1.1668720684415033
LRRC72,0.4042582006358226
ANKRD30BL,-0.933722522473633
KNCN,0.7323242741525943
MT1DP,-0.8722978764449097
LHFPL7,-2.151284582019057
GOLGA8Q,-0.9411191321443015
TNFAIP8L3,0.1474463036139927
TBC1D3C,-0.709843887798711
TBC1D3I,-0.4228288479656705
SPATA31A5,-0.7822529594655476
TRPC5OS,0.9650692818421757
CACTIN-AS1,-1.3853702501041545
TMEM210,-0.5555604415349249
GOLGA8M,4.438336994223732
GOLGA8K,-0.5999548240671784
FAM180B,-0.6679467112801981
OR51C1P,-0.7181612813548415
SNHG32,-0.271771523289821
ZNF681,-0.6672523979196565
STRA8,0.38439472622958276
C3orf70,-0.5380837706901714
MATCAP1,0.020636789274298347
ZNF727,-0.36269012327026223
TRIM43B,-0.3626396835121411
NPIPA8,-0.5679512097158463
LRRC55,-0.4655563908608478
SPATA31F3,-0.043071071456297245
GARIN5B,0.11383503616465843
ANTXRL,-0.8159212658024118
C9orf57,-0.47426931245268517
CROCC2,0.04403367846271547
LINC00242,-0.33354363807420523
LRRC75A,-0.6138652546136749
CFAP298-TCP10L,-0.04573988443717223
DDX11L8,0.5763386339325958
ZNF883,0.9643248891442248
PI4KAP2,0.10730185157530443
ASB16-AS1,-0.8006009506847525
PRSS41,0.17152714070005512
FRG2B,-0.7980893576973414
CT47A6,-1.075111068877457
FNDC7,0.04631706314915851
PTCHD3,0.8351828788549553
ANKRD18B,-0.6823852795983651
IGSF23,-0.6364482152588827
LINC00305,2.063649450627836
PRSS46P,-0.5958888238002978
C12orf71,-0.8230338381191316
HSPE1-MOB4,19.67623417506208
TRIQK,0.21755147064979316
FAM90A16,-0.3942503913816311
TP53TG3,-0.6491110443582176
TP53TG3E,-0.8284754357134756
TP53TG3F,-0.8284754357134756
TP53TG3D,-0.513505821936891
IGSF22,0.29834839372359095
ZNF705B,-0.9013282845055773
HOATZ,-0.9983269097154104
ETDA,-0.3790195791298286
C19orf81,-0.7439015918124655
FAM43B,-0.10153351747140889
KRTAP20-4,-1.1794177111983402
IGHV1-18,-0.7899701956797004
IGHV5-51,-0.8135522592698904
IGKV2-28,-0.27622522783033426
IGLV3-9,-0.8928431490120544
IGKV3D-15,-0.8943196385374163
IGKV3D-11,-0.8914944447000298
IGKV1-27,-0.8958642438627907
IGKV1D-17,-0.8973942348355546
IGKV1D-13,-0.8049203199779261
IGLV2-18,-1.1025141608344984
IGHV1-24,-0.7330874872835148
IGHV6-1,-0.8933822005872986
IGHV4-31,-0.9931301850959967
GLYCAM1,-0.36727286036122914
TRAV12-2,-0.3863365736324599
TRBV28,-0.3674025333672711
TRBV5-1,-0.44465748188581605
TRBV19,-0.4532564340379122
TRAV12-3,-0.4532564340379121
TRAV22,-0.33410114799503743
ARMCX5-GPRASP2,-0.5838663210047825
