,z
TGFBR1,2.0744391796577073
TGFBR2,1.8726904457669027
SMAD3,1.0407438847794297
TGFB1,-0.01993206582661878
SMAD2,1.0736535547419643
TGFB3,-0.10369523877191074
SMAD4,0.6917743533626556
TGFB2,1.0719352896991128
ACVR1C,-0.4823307766110246
SMAD7,-0.05939082809373249
ACVR1,0.04772937821587399
ACVRL1,-0.08840878145066754
ACVR1B,0.7035350061219375
BMPR1B,2.4581348795368534
BMPR1A,0.02587193023614935
ACVR2B,-0.4843719106326306
SMAD6,1.1816314566488708
ACVR2A,-0.04724804172982852
STRAP,-1.0522484911934962
SMAD1,0.8190410689382968
SMAD5,0.043509690318337485
BAMBI,-0.4238482559604537
FKBP1A,-0.8764012821780328
BMPR2,-0.2889142459308488
SMURF2,0.6364650031498826
ENG,0.25377587364795523
CD4,-0.048861599994402205
SMURF1,-0.36855717686934186
TGFBR3,1.5298590698206955
ZFYVE9,-1.021160928277845
MAP3K7,-2.2054615804216438
USP15,-1.0225420767521123
CGN,-1.117283941529582
PMEPA1,0.23816419701309488
TRAF6,-0.9025844196759898
FBN1,0.3586864132323216
ACTA2,0.15795407047732418
PARD3,0.09776461992229978
MTMR4,-1.6733936409307864
CAV1,0.7496091648612394
SNAI1,0.7015704741504475
TMEM119,0.5878539750638394
BMP2,-0.19260720960695976
SERPINE1,-0.36120952753217034
PDGFA,0.4420896281922775
AMHR2,-0.9904984208442622
SKI,1.8066974240285538
SNX6,1.9861556044616295
ARMS2,1.3667415366243336
NRP1,1.4703432707791206
DAB2,-0.5338180269032
PARD6A,0.8631510339400592
P2RY12,0.6592988404806799
INHBA,-0.628415323281953
PRKCZ,-0.6420341151137869
COL3A1,0.8959318341947966
USP4,-0.9488283279478839
SLC16A8,1.8572549095973188
COL1A1,0.7230306556984994
ALK,1.0141536793657238
CD44,1.593366072081512
IGF1R,1.274426578980966
SLC2A10,-0.3318502397203115
BMP7,0.6581558962466716
TNFRSF10A,-1.0312708326091893
LRG1,1.3331326491932383
MYT1L,1.2902035520767132
ID1,0.7185974520054723
FILIP1L,-0.18545443589457627
ITGA11,-0.005554545698560354
TWIST1,0.8074189052506088
PLK4,-0.5115390306743196
GPR34,1.1792217042717077
ITGB1,1.4482124829822673
PIK3R1,1.2927265648329531
ROCK1,-2.128010667444723
INHBB,-0.6033789822019572
IKBKE,-1.1290079821166676
PRKCI,-0.6827109391957393
MYLK2,-1.060863848078064
FKBP1B,-0.835276227760286
SMAD9,-0.19109554786149519
ITGB3,-0.38389922881922306
MELK,-1.3978631920796265
PIM2,-1.0487448762707345
PRKCB,1.1328331132303284
GSK3B,-0.056864913390078764
CDH1,0.8718441274785557
PIM1,-0.7936227618308871
EIF2AK1,-1.061688716910738
MAST3,-1.1912062473048592
INHA,1.2410935312284173
MAPKAPK2,-2.2101364262610845
PKN3,-0.9632307132644248
MAP3K8,-0.2964704393647979
MAPKAPK3,-1.5238176278457147
TBK1,-1.5520034979910795
HAVCR1,0.4042097366234075
PROS1,-0.9853522219028431
KCNK18,0.8857140880538353
BMP10,0.8857175221781558
STK38,0.9329463164461935
LATS1,-0.0001925177399084829
CHEK2,-1.5748828976886917
LATS2,-1.1969938656361327
PRKG1,-0.028989365419917104
VEGFA,-0.7077284334591023
TNFRSF1A,-0.9699681623494104
TSSK6,-1.163735702218734
GDF5,-0.7577756226416044
PDGFB,1.5623396056111134
GDF6,-0.4809931735533726
VPS39,-1.4283296566450288
TSSK1B,0.6544937733334791
MAP3K14,-1.3424797251910703
MARK3,-0.49928916385740685
ITGAV,0.7853119577874045
IL20RB,1.940624305144685
MSTN,-0.6949414321617532
CSNK1D,-0.9832826969506219
MAPK6,-1.7562353776028996
PLK1,-1.1344921024264807
CSF1R,-0.2946093987624179
TRIO,0.509571962417488
CSNK1G3,-1.5837688418678906
FBXO34,-0.8781173585402443
TGFBI,0.932664116704066
SNX4,-1.002808507276261
KLRB1,0.7463693374642493
DYRK2,-0.635229176499395
CSNK1E,0.08871180717582658
MAPK4,1.6598399136081392
ICAM2,-0.3528537827318906
GML,-0.461988025696961
MYOC,0.727331216147108
HSP90AA1,-0.02900221374005879
TGFBRAP1,0.846730945444601
ITGB8,0.1072254764992177
GPC1,3.0124297021645514
GDF11,-0.6266384781700733
RHOA,3.159370413192963
SPTBN1,0.9858535143467971
TAB1,-2.2098334443831966
TAB2,-0.6673341603613416
UBA52,1.0237533616129912
UBB,1.0668753560686197
UBC,-0.27780169585566533
UCHL5,-1.2900505375936222
WWP1,-0.8536446677075316
XIAP,-1.6159077901602894
YAP1,-0.8458976432413664
ZFYVE16,-0.8341197112405704
RPS27A,1.382397668309772
RPS6KB1,-1.448784749205265
SHC1,-1.4453586316403901
NEDD4L,-0.017381440903513155
PML,-0.6001128259991457
PPP2CA,-0.7623159775228825
PPP2CB,0.7837952460800711
PPP2R2A,-0.3127834179039565
PPP1CB,-0.4815054103331725
PPP1CC,-1.6211284539844446
PPP1CA,-0.7504607917271513
PPP1R15A,-0.18812863481425596
OCLN,-1.0266279334121742
PDPK1,-0.3850022018441165
AXIN1,-0.6917488773686491
CSNK2B,-0.4909909148613597
F11R,-0.1510613869560717
DAXX,-0.8035380283180313
CTNNB1,-0.2581257091783188
ARHGEF18,1.8386537582314375
AP2B1,-1.9346440743807034
PAK1,-0.3279949966436995
RASD2,0.12275983953468075
SQSTM1,-0.06354952951568092
EPHA2,0.5919945126364747
ITGA5,-0.5817006392778931
TRAF4,-1.2272071664957427
DLG5,1.0455896359228471
ITCH,-0.48479926853192085
SMARCAD1,-1.0168890701701296
VPS4B,-1.757371764332017
FNTA,-0.5004901631547038
MICALL1,-1.1504526029425335
PPP1R16B,-0.451290780288138
HSP90AB1,0.16305388202245047
NDUFA13,-0.29210956306728864
STK17B,1.1357373645868842
SCAMP3,-2.234120852539592
SSR3,1.7941777610775622
HEXIM1,-0.4715806909736503
ZBTB14,-0.8160713182028152
GOLIM4,-0.738800344005328
INSR,-0.34362304983787095
CCND1,-1.2385538473071158
PSEN1,0.6851492210266461
ADAM10,2.6101237979513336
ADAM17,0.6459179521537279
JAK2,-0.6224967994839575
SLC2A1,0.5007613050900365
DLG1,0.6535775992292808
CTNNA1,-0.6874946705189524
ACTR2,-1.7194257247132496
HMMR,-1.4057912162429729
BIRC2,-0.9184917100103187
MAPK3,0.2886225777925996
RAP2C,1.419336436240519
IKBKB,-1.8620423113431122
PARD6B,0.18275441350604216
CDK13,-1.2036400947359558
CDK4,5.213946673593407
PIK3C2A,-1.126218585279443
HSP90B1,0.5930326600013436
GRB2,-1.1024656387708442
PKN2,-1.847324860095926
ERN1,0.37401095708960336
RAP1B,0.877497258204393
FANCD2,0.9949197182660277
ATP1A1,1.0890486835064046
KRAS,-0.5024760292674906
PARD6G,-0.08552666056110042
CCND2,0.9603739518794318
STAM2,-0.31881863664707927
FZD5,0.29496483642341104
CBL,-0.500449206118695
ITGB2,0.41251832934336385
CHUK,-1.7462653736434854
LRP6,3.1500914778755296
SYK,-0.6122875039092537
GAK,-1.1617149225361865
SNX27,-0.81403051426809
CLIC4,-0.7222314176351466
MAP2K1,0.1424534965563068
MRPS35,-2.0516285604039024
USP14,-1.1627439091288931
MAP4K4,-0.7869013310465577
APP,0.6513802329309579
CLCN4,0.9680063236152068
SH3PXD2A,-0.6451295423861045
SNX13,-0.6344354884233021
STRN,0.04825030992906221
CRK,1.3519193184682958
SPPL2A,1.5643505603414025
RAP2B,-0.3904038485561247
CANX,2.0817654592537744
TLR2,-0.4847515759113975
CCND3,-0.14872232269756133
SEL1L,0.09920635661797231
CDC42,0.8054638909638308
GNB2,0.17139019851874573
SDC4,2.9580477243421344
KDM6A,1.1571622405352673
GNAI3,0.38091539361261006
BIRC3,0.44878088134326843
MAPK1,0.042660246186362306
PDCD6IP,2.2696849719169974
PSEN2,-0.04906053218936814
FLT1,0.5730624658221272
TAF4B,-0.3634823435662181
RAB5A,-0.812672104429688
CDK1,0.7229487125763883
NRAS,-0.6500713181844214
AGO2,-1.4348424830059596
SCYL2,-1.6065512366289605
GNB1,-0.33151531480114016
FRS2,0.16167580152242023
GNB4,0.6520228189456795
NFKB1,-0.3224334813418347
RAP1A,-1.0258055456316844
NCSTN,1.4949950410329509
RLIM,1.154416945459521
AGPAT2,-1.1177422972735827
PPP1R12A,-1.8426408408554429
HSPA5,0.7031385321496338
SDCBP,0.8294017281228541
MAP3K20,0.3888681779598975
PTPN11,-0.8145972778734376
CLCN7,-0.8186796144734476
CDK6,-0.18227053170661056
ATP7A,-1.9977445906093596
PGRMC1,-1.5093529058504136
MAGT1,0.2879812223078869
EGFR,0.9187887710275564
MAPK14,-1.429015470563738
HNRNPLL,-0.49217422832720764
TAOK1,-0.9871233159519583
PSMD2,-1.3625717128745023
APC,-1.5473761783304423
PTPN6,0.20169916753713987
SCRIB,1.6728418823713136
ATP1B3,-0.20610779198541737
WDR1,-1.6639755254841784
PDIA3,-0.4868605415181244
NCK1,0.42798412578685585
RAB11A,-0.04557752751068889
ROCK2,-0.811500293306264
KIT,0.4560305907746264
CCNT2,-0.894033829816746
VPS35,-0.671402902646583
IQGAP1,1.63394446575151
RHOG,1.7534913863122508
TJP1,1.0516091038414102
DNAJC3,0.5829427514557235
STT3B,-0.38424841061212
ARHGAP5,-0.2870186572079083
AFF4,0.260135499520986
RAB8B,1.5070739604069816
XPO1,-1.3280091490895203
NOTCH1,-0.061492062892301594
ACTL6A,0.1346347087040876
PKN1,-1.1446529617084997
RAB23,-1.1190752017929284
EZR,-1.2457520552701926
GOPC,-1.5100357693388795
PTPRJ,-0.3699482503404458
SLC2A3,-0.14822308598720516
PLD1,-0.20414501082333278
MLEC,0.6115869276038303
B4GALT1,1.6452552862195176
ADAM9,1.8931105670087476
DUSP12,-0.6384409682851057
DDOST,-1.400968135935671
SRC,1.2217651042720026
FLOT1,-0.4267386789597687
TNPO1,-1.6301711059513468
VAPA,-1.581698734148382
CDK5,1.6253309050331592
SUMO1,-0.7085130233682088
SPAG9,-0.5889394346915915
MAGI1,0.21679742418482773
VAV2,-0.8334582859731947
AKT2,-0.8196719396746378
FAM76B,-0.4950516986973621
NUMB,-0.6245985533187505
CAV3,-0.5353482402536727
PTPRC,0.06969862187725914
KIDINS220,-0.8244681614399221
TMEM30A,-1.056017801601293
MAP2K7,-0.4711064226485446
MYO1D,-0.6789640179220953
TRAF2,-0.2509790537252531
PICALM,1.193483545381718
FEM1B,1.7446292180684424
IMMT,-2.459603580606784
CDK2,1.4015396648894085
CDK14,-0.20265158787522541
CCNB3,-0.42344164736580703
MOB1B,-1.465075926299879
CCNA1,0.3546781949209914
HYOU1,-0.44322326016041436
SDC1,2.5073530959109616
TLR1,-0.39430314616948386
TREM2,1.143657305674909
WWP2,-1.2014968531191315
MIB1,-1.059840727479384
PIK3R3,-0.30113119006187067
TAB3,-1.6318625851897457
RAN,-2.424229268223086
FAS,-0.6795400235828767
NOTCH2,0.9154095406318389
JAK1,-0.11272072444958925
GNAQ,1.02281713173012
ANXA5,1.694811803842677
PPP2R1B,-1.3499719606603204
WAC,-0.35646822053844074
SETD1A,-0.7634019016171039
DGCR8,0.742170213916383
RAC1,1.902515595550728
TFRC,-1.5025183876727306
NEDD4,-0.9215017461711484
MAP2K2,-1.0911539230314544
RALA,-0.1953790346424649
KCTD20,-0.22560329163121784
BRAF,-0.8934823061834825
PAK2,-0.11803734891744896
ATP6V1B2,-0.5545804101474292
JUP,0.36494190745495947
CCNG1,-1.1582526316856196
CRKL,3.347367645059331
AP1B1,-1.8583107824188487
ANK1,0.7420812049603808
AKT1,0.09880106068473977
UBE2I,0.09175942556609355
PIK3CA,-0.5066418576918457
ITGA6,0.5887975486369544
HMGB1,-0.8266473179725524
PHKA2,-0.943940679590589
EP300,0.34069427778700734
ACTB,-0.27854609146587156
PRKCE,1.1159559242834467
RHEB,1.8278104965807056
SNX25,-0.4773864255019613
MEF2A,0.8616049476233726
ARL8B,-0.25923823433887294
CCNB1,-1.5830321386960715
ATG5,-0.6428798854425372
RPN2,-0.8115358817779609
MYO1B,-1.0268395920547195
TRAF3,-1.7206378359298244
CCNG2,-0.9886624513906301
STAT6,-0.7418861146934206
VAMP4,-1.3506551879396245
RPN1,-0.6393009535272811
NIPBL,-0.6090903477519652
RBPJ,-0.716355863512185
CCNL2,0.2422631586618675
SLC2A4,0.9062810370261549
RAB5C,-2.301969071167549
SRGAP2,1.9475656532555834
RYK,-0.4545976662006255
SFT2D2,-0.6145664054092111
CSNK2A1,0.16273789173096845
FLRT3,1.4099173854184566
FLOT2,-0.6287439546080902
HDAC6,-1.7192833081123244
BIRC6,-0.8717055517610508
RPTOR,-1.7730932848541159
RAD23B,1.596102837417582
BRD4,-1.3135528638393843
LPCAT1,-0.05037002542709028
STK4,-1.4946264022738427
IL10RB,-0.13223382092956906
RAB8A,-0.5005274312812295
RAC2,3.1305921377398453
SAMD8,-0.8949796737669774
MYO5A,-0.42405230232057356
PPIG,1.270347512297851
PUM2,-0.6407253918448308
PIP4P1,0.22473014932701804
ATP2A2,-0.04341073102095271
CASP3,-1.4769677819751486
E2F5,0.9844563412200934
ICAM1,-1.3555776451412205
SPRED1,0.16255994783082178
TJP2,-0.9814710004162138
NPC1,-0.07027110688747754
ABCA1,0.18620062496232645
VDAC1,-1.5803903621908286
RBL2,1.0829071299175923
ERP44,0.36748251250224356
ADAM15,-0.968335839991366
RABEP1,-1.774460338961644
CCNB2,-0.4653266706440121
PIK3R2,0.5197295150455472
P4HB,-0.392405316854579
SNIP1,-0.025085124543435117
DLG4,1.8434174941994217
RASAL2,1.2437315932236042
MDM2,-0.7054213820766133
PTPRD,1.3740859405461687
RAB11B,-1.1712947264760076
NR2C2,1.6751343538101002
OXSR1,0.7766366475812146
ITGA4,0.40945278105013755
ANKFY1,-1.0753086042166005
EXOC5,0.5037948598405799
PALS1,1.006802309507546
EIF2AK4,-1.449936027398828
IFNAR1,-0.42161526193072313
CUL1,-1.2227239354261215
FURIN,1.3172384010617022
MMGT1,-0.8596796628014212
PSMD14,-1.743012291238974
FLNA,3.098402802456521
EMC1,0.03508832519330319
YIPF5,0.6363172610819615
SOX17,1.2114497458354254
VCL,-1.4717637686494027
AGO1,-1.8376170550454594
RALGPS2,-0.7666039936559393
ACTG1,0.6184029730521996
PPP3CA,3.0424158624487587
UBE2N,-1.7171548788575797
ITGA3,1.0801532120120665
SNX2,0.9498020477726383
RASA2,-0.7856609234938307
ANK2,3.2811558717501192
BCL2L1,-1.869320387816769
AGO4,-0.7808676624411447
PIK3CB,-0.21867016914348866
ZEB2,1.3171824243882826
BSG,-0.6375769034363321
PPFIA1,0.2636339975946971
ILK,0.27740442843021973
USP9X,-0.3655696014298483
ITGAM,0.2973850234491369
ERBIN,-0.9115024962266549
CSDE1,0.7100439177724247
VDAC2,-1.8734809383927318
E2F4,1.4236483615808317
RBBP7,0.6583286859518852
MET,1.113575079740403
TLR4,1.5765802004236493
RAF1,-1.2770394161463172
CTSB,-0.5074585811518023
NLGN3,1.2717444845600996
UBE2D3,-1.2873897681824482
MED12,0.7989375131913654
S100A11,-1.6908587232867502
GNA13,2.331198344888144
KDM6B,0.13540734523668038
YWHAE,-1.5446000733220198
HERC4,-1.01200916687237
NCF4,1.6268239763679084
CISH,-0.5700744996361525
ATP6V1A,-0.9459327146451355
PTK2,0.21418933713329874
SPIN1,-0.586596873432737
HDAC4,-1.2911305484576427
RHOB,2.0548688221125104
ATP2B4,0.7842435618440425
RASA1,0.22429601042141126
GLA,-1.3386417245188185
PXN,-0.3532758143021765
DNAJB11,0.899983816179566
MOB1A,-1.0863238928086092
ITSN2,-1.835006583131748
F2R,1.517921852049025
RICTOR,-1.104107498183638
NMD3,-0.6555802537228993
BCAP31,0.8701396515710069
SKIL,1.4766385197684275
RUNX2,0.7786445229736781
DACT2,-0.44202801893238747
CXCR4,0.7961121504664757
SP1,0.5063694806660676
CDH2,12.764256322380497
SOS2,0.40333731487766067
ABCG2,-0.30165504242755947
USP11,-1.468980074185697
THBS1,0.40611791661023805
PTEN,-1.0294042755469186
EEF1A1,-2.7992140156289613
YWHAZ,-0.6096294257199575
KEAP1,0.22523007041820334
IL1B,-0.18351368331522422
IL13RA1,0.3585295062978572
RAP2A,0.49912833447618105
IGF1,0.8090159101951825
HIF1A,-1.3762209719262528
JAG1,1.0284672196314857
RNF111,-0.9095922433909984
CDH5,0.27158048331666923
MAP3K1,-0.4044164613055295
MAPK8,0.231060863547769
HSPA4,-1.337989179712084
TPM1,-0.44258608604272887
TSC22D1,0.08578734300052085
HGF,-0.19308189401868595
MAX,0.38080242001316134
CHSY1,1.3446886397889006
MMP14,-0.5863027921963911
RNF11,-0.8018136193574528
SMO,-0.6491668087777048
PTCH1,0.6453376148908405
CLU,0.7776131847534494
APPL1,-1.4360999071128089
VHL,-0.04803671696375549
OTUB1,-1.18436654573202
PLAU,0.9196454902192129
TOLLIP,-1.7633641020838269
RANBP9,0.9956507847815161
STAT1,0.06622050586079574
TIMP3,0.9540021873494345
STAT5B,-0.7578506420222196
RASSF1,-0.5575482978173639
SH3KBP1,0.34491359723245124
TGFA,1.0246020045182087
ADAM19,0.8549952459716423
PEG10,-0.35268578842326737
USP2,-1.284232085923879
EEA1,-0.23516252063188556
RUNX1,0.3853639089796086
NF1,0.7134287200941861
CSF1,-0.29598471938198045
ANGPT1,0.9749096386948597
TP63,1.861364602197883
ARHGEF6,2.7115755992064376
PRRX1,3.353456544669795
ETS1,0.8665511426539586
KITLG,1.0440082156416068
FZD1,0.6254250679260721
FZD7,0.955767415190069
IFNGR1,-0.2504082643723876
MAP3K2,-0.9528450911855277
CSNK1A1,-0.908927732342647
CXCL1,-0.7706508227147705
ALDH18A1,0.9776972793741475
RGS19,1.883604506900474
HDAC1,0.5295194782853402
CYBB,1.2157910602803013
MMP12,-0.6112424422224093
ADAMTS5,0.47477708361393384
SETD2,-0.14213391298334158
LIFR,0.5667304115929633
APAF1,-1.1447541126796628
DACT1,0.6746749049161317
SOCS3,1.1647261540366802
GOLT1B,0.8394223224937161
FGFR1,1.7132455626699337
LDLRAD4,-0.4777335288254522
RET,0.17456972704497115
SCARB1,-0.28390674290772383
RHOJ,2.7458504592279716
LAMP1,-0.08511947112035076
FOSL2,1.7751916887366042
CXCL10,0.6930680504481322
STUB1,-1.1617595301136445
EML4,-0.5471727000861923
CFLAR,-1.440230633296455
CXCL5,-1.103019076048337
SCARB2,0.3025576829255991
HIPK3,-0.06326208949048498
NCF1,0.893468313047584
CCN4,0.44005426637674494
VEPH1,-0.10860641240056085
OSMR,0.4085734298082723
TNFAIP6,-0.30119838393219256
ATF2,0.3726574589593395
PTCH2,-0.53903421624226
MEOX2,-1.0102203930315272
SOCS5,0.037745917912417576
CD86,0.12735437611595143
SULF2,1.7083727775135047
TTN,0.08369928046899591
MAP2K3,1.8893550452211239
MAML2,0.3051236283446016
WWOX,0.23865125611022855
LEPR,1.2042534259527347
STAT2,-1.5098311716995805
ARID2,0.6595063593315375
AKT3,0.3133108925648226
DSG2,-0.5737435364737609
EFNA3,1.534187284345115
UBE2Z,1.3191264026237732
IL6ST,0.28194212039500227
PHTF2,-0.11383696999431317
FBLN1,0.8484512103106536
RB1,0.17828260733442358
HGS,-1.4779992148945358
DAPK2,-0.6720265431444352
EFNA1,0.31006096702638275
CSNK2A2,-0.12521800957347617
COL15A1,-0.004523097747048723
UHMK1,-0.5701824887654128
IRF7,-0.7042223019539637
NRP2,2.176428200861016
CASP2,-0.74715917890526
NDUFS2,-1.3234071193464954
CDH16,1.4967210115550087
FOXN2,1.0679100925910918
DNAJC10,-0.30779217590836616
CALD1,-0.4232629701379595
CRIM1,1.8099114666748581
NDUFS8,-1.9055801026082178
CSF2RB,1.0472619396270493
CXCL16,0.7562548910717177
MME,-0.42971630822151674
HSPA8,-0.6354105957216509
IPO8,-0.6905655202653254
CSNK1A1L,-0.7766431791577426
TNFRSF10B,0.061830318033161406
HSPA13,0.9731131835970748
TRAP1,-1.0099420620965638
DAPK3,-1.4964612810272253
ARL5A,-0.8041009021821723
GNB3,1.6250534128850036
RPS6KA3,-1.1155099859551298
CLGN,0.9660501689092805
SOAT1,1.0827340399473757
TMEM43,-0.7145944125679644
LPAR1,0.7758807777956768
UBE2E3,-0.7636977491680923
UBE2W,-1.4934985491904764
PPP2R5A,-0.06743801714422563
NDUFS3,-0.9916670215891669
SOX11,0.89053558625991
RAB14,-0.552397982944844
HTRA1,0.0579285662882719
NDUFB7,-1.7393097263865256
CGGBP1,0.4767029299813362
CDK17,-0.8199353138034903
EFNA4,0.5901847686811658
OSBPL8,-0.4952386816949534
DUSP6,0.2978098038255712
ARL4C,-0.6074910920066063
RRH,0.31331695029492734
STK35,-0.10250508492593302
TTPAL,0.10330554615794076
PLEK,0.5594889245023408
ENC1,2.4557538184694123
FBXO24,-0.14257473579725324
DUSP10,-0.9350347276409957
STYXL1,-0.9949375812134599
WDR13,-1.049422479650776
CDC42EP4,-0.4737425306763019
ILKAP,-0.8373064102913185
PLEKHJ1,-0.9311221105910238
RASL12,0.05621765134953882
NKIRAS1,-0.6041759746891149
PLEKHB1,-0.13443834545114733
NAT8,-0.7819058647631972
DUSP13B,-0.39026026880176673
FBXO3,-0.5838929108855176
SNTG1,1.4449880184860808
PREB,-0.7339658780365127
KLHL1,9.401372219711366
ARL4D,-0.6980857557412392
CHN2,1.7634272114333942
RAB25,-1.496312533317879
RTKN,1.776198374538487
NUAK2,-0.023633366659988622
RAB34,0.5333892147742045
ARHGAP31,0.19928926054588095
ARL13B,-1.1644675314818953
ARHGAP15,9.43842535550232
DCAF12,-0.7033161868634284
TSSK4,-0.4645616178831456
PREX2,0.2664512580316931
CDKL1,-0.4712438904863118
RNF138,2.136014492831423
SAT2,-0.8535109688951258
RNF130,0.03163948824841096
RHPN2,-0.6158754228213124
MYO3A,0.5220541074795458
NOXO1,2.337141818789493
RHEBL1,-0.4599875945921214
OSR1,2.070571869882782
SKAP2,-0.49507895791260437
CHN1,0.9355449555818963
RHOD,2.688656363824862
SOCS6,-0.47325944549587096
PPP6C,-1.5183166575994311
RHOBTB1,2.310478781669366
TNNT1,0.4239671300165173
RAB3B,2.177782180876353
BCR,0.4855265141871091
UBXN1,-0.43133079232600624
ITK,-0.2884127394546289
CDC20,-1.1806828391502886
ATG16L1,-1.772131068240077
TTC27,-1.7361783955290637
USP45,0.28548438768696
NEK8,-0.9568695729414051
NUP37,0.2508067615892775
DCAF6,3.171845177630016
GIT2,-1.1550000041553719
RHOH,2.1384611902183543
LIMS1,-0.5795937068713358
PPP3CC,2.050762820862764
NAA20,-1.4915407568417032
RAB38,1.470018863424886
RAB13,-1.3004992713988994
FBXL12,1.1637236116687404
ASH2L,-0.30687434437143474
ANAPC5,-1.5657048502630424
USP21,0.9480346232155924
RPAP3,-1.6726693195305429
MKNK2,-1.0861386012485421
NEK6,1.803239265240988
RAB6B,0.7189974096514095
RNF146,-1.1364257020931068
FANCL,1.1302892161580194
STX8,-1.6041550292689153
WSB1,0.9068530462816602
POMK,-0.5183455506202438
FBXO44,1.2226475659629816
RNF185,0.07434192959549099
TTC1,0.6665851782723909
FBXW5,0.5721112809970721
WDR33,0.9394779612095934
POLR2J3,-0.7059182767712906
SKIC8,0.7785143781088817
RAB33B,-1.2633847128387625
RNF5,0.12814126622903446
KATNB1,1.9216127801323997
BTBD2,-1.451477746448685
PRPF4,0.21106965750388362
PPP2R2B,2.8150983034283428
AURKB,-2.2669602561689657
CUL5,-0.39319250459179234
UBD,-1.0930885125946694
HLA-C,-1.3004314035050728
HPCAL1,0.46636846695906786
INTS7,-0.9857519661361783
KLHL35,4.0119205198079255
CPD,-0.7163424305264501
PVR,-0.663200886915709
SGPP1,-0.6167921398643568
MYADM,1.9331387160211748
CYBRD1,-0.70832813942772
LNPEP,-1.2294713008347824
PRKACB,-0.7319020348310528
PRKACA,-0.8641868938113251
PRKACG,-0.24127290986151403
ITPR1,0.20009111309086153
MARCHF7,0.0327232473014505
CALM3,0.8765272367543815
CALML4,1.5375856155692842
CALML3,1.865828149461325
CALML6,1.3730645063359197
CALML5,1.6084378377344763
ZEB1,0.07130691714941398
TBX22,-0.25081993666084246
CALHM2,-0.41111582556742804
NFAT5,2.0258542899574294
FAT1,1.3663738859965733
NPLOC4,-1.0802454916386657
CXorf58,-0.46073411398986036
PIGV,-0.741694109934217
RCE1,0.7793169218831737
SCUBE3,-0.10937245705925638
PAX9,0.0029588894218085826
KLRG1,0.8294769852788919
PCSK7,-0.3724543357564882
GDF7,-0.5772266495489465
EIF3I,-2.4953442061263433
FGFR2,1.234733495246684
MFSD10,-0.7581628834931254
KEL,-0.6663832115127204
BMP5,0.3158341699850048
MLH1,-1.6750370738352331
FGFR3,0.33510377727138524
RPS6KA5,-0.9104549624840499
GALNT11,-0.6061450795642943
MYNN,-0.6566755065423873
ZNF510,-1.364281588999138
MSH3,-0.633645794836223
RAPSN,-0.22202665046324954
PRKCA,3.3854955544963548
RCVRN,1.6846368387434494
SLC44A5,-0.2963263967540475
PLPPR1,2.470057447591711
PRKCD,-0.6280879782842449
SP6,-0.4299409640546128
FMN2,2.8856303144887945
PRKCG,1.751835676527928
SNX20,-0.5231850332912105
BMP6,0.2189570902820446
TRMO,-0.6386725410132746
TMEM200A,-0.22423954408001195
KLK8,0.27512544974587894
DENND6A,-0.6456486432966045
SNRNP35,2.031892194536861
FADS2,-0.7078184939041107
JUND,0.7557190934812407
FLI1,1.410089882057834
FOS,0.34175193173824214
FOXA1,0.3678244297614874
GATA4,-0.05325936241099915
GDF15,-0.4719967626842557
SPI1,0.6496790652802122
SP3,-0.6988998791353721
TCF7L2,3.11094732625552
UBE2M,-0.8562982757995987
NKX2-5,0.35407549862869286
NEDD8,-1.5235483214353953
PPP2R1A,-0.1245831128068217
CCN2,0.4932577405728853
BMP4,0.13922569849638744
ERG,0.6260146658905101
EGR1,0.15291847465739028
ETS2,1.445365688007579
ETV4,0.21789199515709604
DYNLRB1,-1.5865291499831877
BMP3,-0.08945368405851398
SPARC,-0.10496785499487585
FSTL1,0.5071963578155345
NEDD9,0.35461214932795676
EMILIN1,0.6606944719310525
LYN,0.5357467033788899
DHRS3,0.5424084061609997
TNFRSF21,-0.6023725570725045
TNFRSF1B,-0.1024633496916645
CD83,0.45782511047861113
HMOX1,-0.7447690163049614
PRKAR1A,0.4772879151747352
SLC16A3,-0.6641393049959938
ITGA1,-0.20203938289642268
IL4R,-0.5091022874235417
AXL,0.49418586568581735
ANTXR2,9.756984184724606
MYOF,0.98687156139117
IL6R,1.8252255356009193
HYAL2,1.1372972716942658
CD48,1.2852142780209093
NOD2,0.33777236711870756
MYH9,-1.5787645064626585
EVI2B,1.8582812974518392
BTK,-0.2932551268587948
CALR,-0.9160585915728803
CAVIN1,1.0435963900925438
STAT5A,-0.016936530141571586
ELK3,2.4719324100719136
LCP2,1.005826956416855
SELPLG,1.5109271723071767
CD58,0.47750895257669745
RIPK1,-0.8492840471628199
CD9,-0.1465540857193239
CNN2,-0.6962295162134031
CTSD,-0.07255312044777917
ABHD12,1.8628691014303616
S1PR1,-0.18398810965194762
CD302,-0.37344449282509845
PLAUR,0.7979958463804923
CORO1C,0.7933284225973807
PGK1,0.0069589774004343965
IKZF1,0.7225614810605806
CSF3R,0.018083295486534465
LRP10,-0.3445540520908495
GLIPR2,-0.6214669199489871
LAPTM5,0.517127171632256
TFPI,-0.2859266004983545
HLA-B,1.076633823537939
MSN,-1.4694146922579663
B2M,0.7557219965041394
TLN1,1.9150192214914377
CAVIN2,-0.4543139412767411
ARHGAP1,-0.42728593115770513
SH2B3,1.823960805609202
GNAI2,0.28448915777455325
CD74,-0.65018529052778
HLA-DRA,1.5066788984525086
PLXND1,1.7350506348279158
PECAM1,1.302237926597321
ANXA1,1.2612383848750466
FCGRT,2.3069259721892346
TNFRSF14,-0.16248963153414142
S100A10,-0.4534854769535808
KDR,0.4364846774998992
TEK,0.9905328249664827
PDGFC,0.9254428927766357
TSPAN4,0.8547584082382687
LPAR6,1.8495597992872954
CD40,-0.1928066599333578
RELT,-0.6057191564695859
FN1,1.2930997302730756
DYNLT4,-0.9146563000527043
IL1R1,0.12460218361678066
MYC,0.5420721814830848
PDGFRA,0.1206487685595942
LGALS3,-0.08436885043395796
STAT3,0.08570647143543748
JUN,0.40673371947227116
MYLK,1.4941337948149307
LOX,0.22803195695160663
ERBB2,0.025245920585018622
CRIPTO,-0.34771699063905054
NLRP1,-1.2232680116864416
TERT,0.8029949190505195
CDC6,-0.5672894458607375
TM4SF1,0.956397005370376
SPSB1,7.596633915334992
AXIN2,-0.32156922834588536
LTBP2,0.49943052517279957
REEP5,-0.40270969672502016
CASP8,-0.8174634911129658
CCL2,0.21720543823166563
EPAS1,0.21256301807315117
TIMP2,0.26960990044186295
ACE2,0.8916327773648612
SIN3A,1.6402868228748617
PTPRS,1.392568978913138
COL4A1,0.04166028175443162
IL1A,-0.260329814488957
BTRC,1.192379659919857
PLEKHH3,-0.5191481966380395
MFAP3,1.1347928836888443
IL7R,0.3969074871231218
COL6A1,7.035808403835194
CASP1,1.1846980280430501
ELF3,-1.1526227549886092
SBF1,-1.1316534276006567
CD59,0.17851273466637377
MCL1,0.9272913283730922
FAF1,-0.24368292596164193
CTSS,0.006679452049075216
PKM,-1.9133536904436648
ENTPD1,0.10844325369523977
SIRPA,0.44051722711060864
MAF,1.2795772608249145
NR3C1,0.10588175861493365
TGFB1I1,-0.397934076260567
WT1,0.9817782231337677
SEC63,-0.6823646235313015
IDH1,-0.6589563284173877
FANCC,-0.9984758218786888
NFKB2,-1.660701043875562
PTPRF,0.8761205879604674
IDH2,-1.2375521757187817
RRAS,-0.5804451934857556
CCN1,0.2968455553508944
CDH11,3.2581579193825525
UBE2H,1.046416645426247
DUSP1,0.030233465258263273
C1QA,-0.11565917095221552
PPARA,0.21889675439078146
AHNAK,0.04185153180867765
LAMC1,1.6443842205846704
TGM2,-1.074319951832133
KLF6,1.0565405352034807
COL6A2,6.8898670759297485
HLA-E,-0.6532013017216195
VCP,-1.5957270378763908
LAMA4,3.328903135517283
UFD1,0.1727047556699068
NDFIP1,-0.6889922514300274
ITGB4,-0.28698664789634215
KLF3,0.5887966469255169
TNFAIP3,-1.6614579863250252
KHSRP,-1.3211954500939074
ZYX,-1.5496477569113747
PRDM2,1.0553667135704823
CYLD,-1.359343660860697
IGFBP7,0.2912933702639058
ACSL4,0.1893309090484812
CEBPD,0.4509826195663922
TYK2,-0.3430959297059407
GPX3,1.4934148077634353
CAST,-0.03756841271405367
CD320,-0.7737201095314387
DUSP5,-1.3942386032484366
RBMS3,2.0229992656423272
KAT2B,-0.31797833515887514
CDC5L,-0.6507867823662455
YY1,1.4206591752942272
TNFRSF12A,0.8431835311280612
HEG1,0.8913749290275026
LRP1,0.16355086580564024
RPL8,-2.0850297312972392
MALT1,-0.7855086224988531
TXNIP,-1.0794179391168315
CASP4,-1.2204996959843466
PTPRB,0.5231997684088315
COL18A1,1.1303278188729162
EMP1,1.2733969562839609
ATP2A3,-0.9664003574455324
CAV2,1.2111295355714944
CD46,-0.568487310632037
IGFBP5,2.097086100610632
CTDNEP1,-1.2733657565448055
CXCR5,0.7286358520242158
GEM,-0.9220736302208408
PKHD1,0.30943880974737736
LSR,0.6693137591232511
RPS6KA2,-0.03454101113916484
ASPH,-0.6902657945604423
TFE3,-1.4591414100650602
NCOA3,0.6723218987917868
SEMA3C,1.516540060594538
NFYA,1.145752121915593
LAMB1,1.6872550100939097
PDK4,0.335865143212448
WDR44,-0.5957554539709372
MTR,-0.878775335428653
SUV39H1,0.43898492833665204
RPS3A,-1.0125572130028058
NELL2,1.6741577898532132
NID1,-0.046539412865346776
TACC1,0.4281073024701806
TGOLN2,-0.469021656080623
RBMS1,0.5177897209817907
PTPN12,-0.8290691349241368
FCER1G,1.2215544488499837
EHD4,-0.7348135748925162
FNDC3A,-0.526137410955505
ZFP36L2,0.1716842567653213
C1S,-1.0655333400941542
IFIT3,-0.735122018205972
PSMC4,-0.20684125330745717
F2RL1,1.5335164695579615
DIP2A,-1.1911801344177475
YTHDF2,-1.5368463897496072
TCOF1,-1.644065835743566
MAVS,-2.0952590680235197
NCOR2,0.9365990525013865
ALDOA,-1.8360625899833534
PSMC1,-0.4190509249560857
RAB6A,-0.8719416445237536
PLEC,0.6363679163984184
EEF1D,-1.3254681030675248
BAG6,-1.7825627011833098
CYP51A1,-0.6544080892126591
GSN,-0.9634619643885466
SSH1,-0.7163384480533566
PSMB8,-0.6756750985596659
DDX18,-1.028520596490515
SGCA,0.5640418372744417
AGER,-0.7322724901313387
FAM171A2,-0.37408705123146085
IFIT2,-1.3150052852730088
DNASE1L1,-0.594161962993408
EFCAB14,-0.6542559694302549
WWTR1,-0.7056704490516236
TRAM1,0.18931945708435674
SMARCA2,1.6582308783345925
EXT1,2.8859932954480523
FHL1,0.14255841621072074
TMED2,0.10861794127741653
GIMAP6,1.3110783891455215
PALLD,-0.386709338849584
ABCC1,-0.6530456378571246
FYB1,0.2570154547779942
NPHS2,1.230871628047751
IFI16,0.07085170196742105
NSL1,0.19317364616679888
UBE2J1,0.20664928348376715
PTN,1.171315033668324
GPM6A,1.9182985004380289
SEC23A,-1.3983472259343717
SRGN,0.3399130342863281
COQ8B,-0.08602450668821163
ADCK1,0.4368303676707106
WDR6,-1.153166685558936
CCT6A,-1.82508552066552
DYNLRB2,-0.8680303820233102
ARHGEF7,1.9839610274188353
PFKL,-1.071191436928765
PFKM,0.5538151544982032
PFKP,-0.18001216255453475
ALDOC,0.23835215641117496
ALDOB,1.342018953355194
HK2,0.9501896557247457
HK1,0.24365356564879537
HK3,0.5101770541253574
ENO1,-0.3060546332607151
PGAM1,-1.4861842447560103
GCK,1.2645297560396438
ENO2,1.1888836042390485
ENO3,-0.21170612776534803
TPI1,-0.001919360649144319
GPI,-0.8774926509661329
PGK2,0.3278226998512243
PKLR,0.6704346144303542
LDHA,-2.0399948266677175
FBP1,-0.813638043180274
PGAM2,-1.2443259779827152
FBP2,-0.3261211630632739
LDHC,-1.2919847357878973
PFKFB3,-1.2297350908069693
GAPDHS,0.7058677408264844
GAPDH,0.516641368683998
PDHA1,-1.3161855425671958
PGAM4,-1.1992410530014512
PFKFB2,-1.0276701273825697
PFKFB1,-0.9149895999229073
LDHAL6B,0.04199688673597889
LDHB,-1.349235880773624
LDHAL6A,-1.2380733023607084
PGM1,0.063686394794408
PDHA2,-0.6482614454865757
PGM2,0.12943376412354846
PFKFB4,-1.0943103436264894
HKDC1,0.9807421880022814
G6PC3,-1.0990217721673623
PDK1,-0.9794688415599746
PDHB,-1.2505971563760934
GNPDA1,2.153726574993031
ADPGK,-0.4933453001327311
BPGM,-0.9848230312522805
GNPDA2,8.267864069924482
ENO4,0.8719931809614002
PGM2L1,1.3012486436766935
GALM,-0.9312500421030357
TIGAR,-0.021503211666047482
G6PC2,-0.08100142389334634
G6PC1,0.7274104453822228
G6PD,-0.5232295941546565
KRTAP4-12,-1.4578087284027843
GSK3A,-0.04293819397863023
AKR1B1,-1.4026722211118594
AKR1B10,-0.26714605617715453
FASN,-1.1202048080625377
GART,0.6974285354324485
ARF1,-0.8994097464667414
CRYZL1,-0.3797312887402633
CSTB,-1.766204724459006
PWP2,-1.5834013463710033
SH3BGR,0.2863645501528927
TESK1,-0.9786578130189748
ACADM,-1.2513860368802725
PDK3,-1.2981379544376643
GYS1,-1.6719417009262847
COPS6,0.9932963268628129
ACLY,-0.9568257891282529
NDUFV3,-1.4196401044913647
CBR1,-0.8809636481396064
TFR2,-0.6209240732317768
P4HA1,-0.5930460593083376
PDXK,0.15855071675077032
IDH3G,-1.3004681593488485
CBR3,-0.17072809990037746
RFC4,-2.245074855662553
CCT8,-1.5929211355898243
PTTG1IP,-0.9989460188905726
AGPAT3,0.3018251780838758
WRNIP1,-1.3906776846073021
OGDH,-1.8823871909252259
MRM3,-1.9243994083760343
TKT,-0.018707325491700674
FOXP4,0.0019635385085203416
SDHB,-2.177899187047327
GLUD1,-0.4004045919440621
LRRFIP1,-1.0375957560205848
PDK2,-1.4150887765869307
NEK4,1.0262967347430774
GNE,1.4043097628538337
HDAC2,0.15207018671601014
GABPA,-0.6471160827284943
TAF13,-1.4743215210259581
GYS2,-1.2290409080310014
PCK2,-0.4280677514396872
DMWD,1.2920907141833031
STAU1,-1.2208110633043732
DDX60,-0.9773477773973063
TKTL2,0.10902589361372439
GTPBP3,-1.3022047819243048
ATG101,-1.7483806076234165
EGLN3,-0.15486471049185851
CBS,-0.8253420313294386
ANG,0.22901282582006183
BCL2L14,-0.5856140800299712
RELB,-1.8052867833643822
ARNT,0.5185716369831523
FOXK1,0.11715506831036686
DYNC1H1,-2.317614430543996
PYGL,-1.2886388382488383
CAP1,-1.5180297871649666
PSMD3,-0.9035516695788538
NARS1,0.060467270017646485
PYGB,0.559340833038299
ATP6V1C1,-0.25617614619144846
RPS19,-0.7413324408951742
EEF1G,-1.8427058990187024
EIF4A1,-0.79830477196199
ABCE1,-1.6107600400465374
KPNB1,-1.693433212723692
RPLP2,-1.5185570910609063
LTA4H,-1.1730567569095711
MIF,-1.5352309106491269
VDAC3,-1.4432917488412418
DLD,-1.6802959974461373
EEF2,0.3601797560491062
RPSA,-2.162266864371961
SUCLG1,0.003259797666420863
UBA1,-0.24275858601989242
RPS2,-1.720113912211316
PRKAR2A,-1.346122726549627
ALDH2,-1.0295303547255203
PSMD6,-1.7583482910322583
IDH3B,-1.0791243869641949
RPS3,-3.2121443310535036
TAF10,-1.9650976401585172
TUBA1A,-0.7787802616753747
PSMD1,-2.419805607558965
PABPC1,-0.6338889602496324
TALDO1,-1.2517323067491686
ACAT1,-1.2184279225501482
SEC13,-0.7845423260729554
ATP5F1A,-1.7132784464760467
ADH5,0.7984352693952762
RPS18,-0.23455440045577264
SOD1,0.024299991570953836
CCT2,-2.016671480822644
CCT4,-2.011259670999547
PYGM,0.051147927341237936
SHMT1,-1.644136112533121
RPLP0,-2.8431804700434915
DPP3,0.10421122227291081
RPS16,-0.6109158949943098
AHCY,-1.45701034703547
TUBB,-1.9229201366415287
MARS1,-1.898216945402358
DARS1,-2.5869827140425303
CS,-0.47296406917055794
DNAJA1,0.11007752378092034
RPS9,-0.35234225016337645
EIF2S3,-0.7101773014238277
MDH2,-0.5755232508271667
CCT7,-1.8005125652130916
PRDX4,0.04239993369681477
PSMD13,0.3780096012361895
RUVBL1,-1.597673260637389
HUWE1,-0.5957973890013122
CFL1,-1.5781131721590782
GDI2,-0.8485377164606732
OLA1,-2.410127736374188
NPEPPS,-0.4307149016382736
EEF1B2,-1.748880330017091
PSMC5,-1.1098065848310796
PSMA5,-1.8363830114459365
TUBB4B,0.8066749838959963
PRDX6,0.5337705047208727
PRDX1,-0.7562117898467373
RPS8,-2.311312040175914
RPS4X,-0.40206005948359796
RPL12,-2.549850955737167
PSMD7,-1.5231618942005123
DNAJA2,-0.6010698017325946
ARPC5,-0.6549853717953433
GARS1,-0.4855158539531411
PSMB1,-1.2129359204433077
COPB1,-1.2829541724147449
TCP1,-2.0750963159390152
SNW1,-1.128730570961171
GALK1,0.9948852427814914
FAF2,-0.19477325789112918
CCT5,-0.5130286355614447
RPL23A,-2.3555435267318345
RPL32,-0.35640818532277807
RPL13,-2.2473698677251748
RACK1,-2.09390568860076
PSMD12,-0.3106353398458052
ACO2,0.09317868122818164
ATP5F1B,-2.2643149796262056
DCPS,0.40908118411419997
ATP6V0D1,-0.6058903201747383
BLMH,0.25996104758946775
EFTUD2,-0.9201717851062406
HDLBP,-0.5811725472344812
COPA,-1.2601876877853595
PPIA,-2.253184904447547
CLTC,-2.2210834840538913
EIF6,-2.223712111872582
RPL5,-1.7423361289877788
IARS1,-2.544949550205208
GOT1,-1.3491610200610593
PGD,-0.5659273229225785
PSMD11,-1.4383380708867126
CLUH,-1.1848677775362557
RPS15A,-0.5660500968621972
RPS11,-1.7283250615522219
PABPC1L,0.0068356843510604115
TPT1,-1.1831801095878896
ME1,-0.32471063389805843
TSNAX,4.329788138786861
CTSA,-2.2246654867029907
ISYNA1,-1.3541740191116625
FARSA,-2.6685835692103024
MTHFD1,-1.8468640778476735
RPS6,-0.7104580523710996
RPS17,-2.001268403881513
ABCF2-H2BK1,-1.8765742438499884
RPS5,-2.531232210355804
EIF3B,-1.2670943607673606
COPG1,-0.6644663461861597
PSMB7,-0.7966715767770185
RPL27A,-0.5187683862681218
ATP6V1E1,-1.424119721025574
ATIC,0.012287127176897193
TARS1,-1.3640345558758906
ARPC4,-2.1955520763886938
SHMT2,-2.258443402659401
ASL,0.023996461519344245
ME3,0.2792639809638134
RPL11,-1.7079921070992188
GOT2,-1.362088229910794
PEPD,-1.4912709326521003
ANXA2,-1.4917597515676833
PSMA4,-1.7117488149527031
AARS1,-1.9354839628299987
TUBA4A,-0.0033415669171256704
PPA1,-1.4458782093523117
CYB5R3,0.3981519260824394
UQCRFS1,-1.7908585668186934
PIK3R4,-1.1375205140558866
PSMC2,-1.7950045449611227
PFAS,-0.9121717403759169
ARPC1B,-1.7849388726449864
RPL7,-1.9985302233218167
RPL23,-0.6054912861715774
HSPD1,-2.266944533387747
PSMA2,-1.665835796430352
MPI,1.5147514307488876
RPS12,-1.9630017091371628
PDIA4,0.30806451677523944
YWHAQ,-0.5305076267110309
SPTAN1,0.15380272733011505
RPL14,-1.6347163207337827
RPLP1,0.02383540200175491
RPL3,-1.3412991571465138
SUCLA2,-0.6642669218912349
EIF3E,-1.8147447807168873
ATP6V1D,-1.796860820533891
RPL30,-2.0278586011502404
RPL4,-2.2422845013236037
ARPC1A,-1.6076339782623372
GRPEL1,-2.130040739088277
MAT2A,-1.0469094921624573
DLST,-1.1915511922198878
RPL27,-0.5802117189213051
ARPC2,-1.4127793838920466
PABPC4,-0.9032135616954424
SNU13,-0.7515011379102333
SARS1,-2.3113779044864904
SKP1,-0.6972799809310116
PSMB3,-0.48228218985906846
DNAJA4,0.820823438778784
RPL31,-1.9429558290651618
TUBA1B,-0.43195341388187247
PPIE,-0.249301510868845
KARS1,-2.6459501021039604
SEC31A,0.41230425550628186
CPSF1,1.4371938750680142
KDM5C,-0.7865379404992491
ATP5F1C,-2.3557306214777376
ATP6V1B1,-1.1575170282243394
TRAPPC1,0.1395939534994254
ACTR1B,-1.6721423453316293
SLC25A1,-0.570638165486829
PABPC3,-0.27266104818981135
PHB1,-1.651283673128059
VAT1,-1.2229134454384973
RAB7A,-2.1903952101491395
DSTN,-1.7137739597175685
GDI1,-0.7137947771716732
PSMC3,-2.1980081594413226
PIKFYVE,-1.17611550340315
ACTR3,-1.678178117601437
PC,-1.1621417497159872
IDE,0.0898540032596077
CAPZA2,-1.4733483590583207
COPE,-0.3804800229997084
PRDX5,0.27681154769656974
RPL18,-1.4806196889894048
PSMD8,-0.5456192349620862
ACACB,-0.688832316701156
NAA15,-1.189574858589748
UBQLN4,0.5891413554622256
PSMA7,-1.3199713679069536
SLC25A5,-1.9203485481233669
DOHH,-1.588420585768168
RPS25,-1.7855581355644874
IPO5,-0.8684933000775924
TUBA1C,1.2027933921691794
CSE1L,0.4156370586275118
PA2G4,-1.368481882033387
ALDH1B1,-2.0298944802228016
AGL,-0.11069495924377401
HSPA9,-1.1128864569033938
PSMC6,-0.8383088336415222
VAC14,-0.7848087992286152
TXN,-2.3238894484076416
PSMB2,-1.2820752108147346
PSMA3,-1.0966644703175585
ALDH1A1,-1.2950873800358602
DDX39B,-0.41717461780493414
PRKAR2B,0.9255926435065255
CAT,-1.269753150013877
ME2,-0.7348701551032731
UGP2,0.9072614423002796
STXBP2,-1.3016069650487812
RPL7A,-2.355089850916967
DDX3X,-1.3724386380912665
CAD,-0.7440751720650554
MMS19,2.157934118181697
RPL38,-1.3434254539390942
PRPF40A,1.5610862717246143
EIF5A,-1.897294538214929
ALYREF,-0.3761112907770589
PLOD1,-0.5989976321570034
KDM5B,-0.31880244068457764
RPS10,-2.075493582073039
OAT,-1.152620604653298
EIF3G,-2.1483884977361076
ARF3,0.13263411819598497
PGLS,-1.091798245982684
RPL15,-1.3454887605598462
CAND1,0.07041998256299947
RUVBL2,0.10706898283425123
RPS20,-3.0770742326254417
AKR1A1,0.512624001383188
ECPAS,-1.1147682503151846
POLR1B,-1.4676252820673021
ABCF1,-1.7507353267376398
HSPH1,-0.49693909118697627
CTDSP1,-1.3286753056645366
GPD1,-0.4930073704151541
SND1,-0.5701083339761704
PSMA1,-1.9115954500759604
SEC23B,-1.548985579358244
RNF2,-0.031060104798360105
ATP6V0C,-0.8138847574891308
MYH10,-1.082111596338937
CFL2,-0.8222264517994897
ACTR1A,-2.659148789647277
PRDX2,0.21127812930524364
RRAGA,-0.9278671323263492
COPG2,-1.0872467784265014
KDM5A,-0.4584681018202366
CNOT1,-1.0974356755856394
NUCB1,-1.263206959395165
SIN3B,0.6408870172903821
RPS7,-2.181280658810592
APRT,-0.8526514266057938
RPS14,-2.3978866471214437
GSTP1,-1.5851833443843393
CCT3,-2.037312796051637
DDX23,-0.4774263955174681
SLC25A4,-1.9781994186438676
ADSS2,-0.8952793373666399
IPO4,-1.8274171972185524
RPL10A,-0.4350496294334099
TAF6,-1.2593884553711887
CYFIP2,-1.2006388322021881
PRMT5,-0.7740266685908382
NME1,-0.7434354753228206
EIF3A,-0.99877899231155
GLUL,-0.15215557176976366
RFC1,-1.318621508037854
BCAT2,-1.6893089221646576
GLUD2,0.596986328586554
LARS1,0.6439797376534122
NUTF2,-1.1809720455658799
ACTA1,-0.5295072750916814
RPL24,-2.1326328747376344
RPS28,-1.3355911974721821
ACACA,-0.1165391030601384
ARPC3,-2.033188132276771
TUBB4A,-0.12014209867611873
RPL10,-2.1377479427219566
MORF4L2,-1.3891661106880036
FDPS,-0.3440025801735922
COPZ1,-0.6453543256833344
MORF4L1,1.6107431021666547
OGDHL,-0.17800347520354406
PSMB4,-1.2174659982990703
RPS26,-1.3355245392565607
ALDH1A3,-1.262167932305767
ACTG2,0.2695692209686515
LCP1,0.32082301355736415
ARCN1,-1.385434340415618
RPL22,-0.1683426101703484
PSMB5,0.18746099779922867
TUBG1,-2.4538742903779553
PPP2R5D,-0.9829373905979752
CTH,-0.6413598853764573
CLTCL1,1.1715426832311366
TPR,0.45719823815129407
ATP6V1E2,-0.7764596619054822
RAD21,-1.461991898778416
GPT,-1.6658857450716482
ACTN4,-0.5995809027741956
RPL19,0.3576198531262405
MVP,-1.7199606226868724
FUS,-0.7370279896696702
TBL3,-2.3089041117310742
LAMTOR1,-2.0689638457635597
ACTC1,0.2659293328656124
AK2,-1.9219141974710348
ARPC5L,-0.9180964197596136
CORO1B,-1.478108316793081
RPL6,-0.7449038771498551
DBNL,-0.1688978507533515
EIF3C,-1.531983336273741
APEH,-0.42900319028756656
DLAT,-2.5585414468982344
GET3,3.623216432656304
TUBB2A,-1.2979475827940228
ARHGDIA,1.2499145690509312
PPID,-1.3368146491628243
ATP5F1D,-1.9170222315579741
STIP1,-0.9377237137505662
TXNDC5,0.6666913152601456
VPS13A,-0.013697945620462696
NOP56,-1.2553482906311582
RANBP6,0.988065451582992
PEBP1,1.0449733351660504
EIF2B5,-0.8294396323349349
VBP1,-1.3083360640488428
MYO1E,-0.02392382434525257
RPS21,-0.25870646380440737
RPS15,-1.25850297355706
EXOSC10,-1.0346478910344632
VPS13C,0.3345292637387541
ZNF746,-1.0859482581078015
USP22,-1.5855833682584168
TBP,0.49813834312852606
NCKAP1,-0.6051941116522672
ACTN1,0.30998027623444596
ATP5PD,-0.6554777226236574
CALU,-0.10825167883772462
PDIA6,-1.116895234374482
PSAT1,-2.023998398006705
CUL7,-0.7806973325301951
POLR2A,0.17027298937379715
TAGLN2,-1.6092491905784565
HNRNPL,-0.6027573050253686
POLR1A,-0.906993098284349
IPO7,-1.8830081339668507
ATP6V1C2,-0.5554508071646825
PTBP1,0.6491487922026623
RPL17,0.46381122652298107
SEC24C,-0.9341888232623211
GANAB,1.3527978211576517
DNM1L,-0.6900593539183989
FECH,-0.8958721398203429
EIF4E,-0.6841606643631851
POLR2E,0.6824772442761654
MLST8,-2.0391581085264896
HEATR1,-1.6444688808549972
ARF6,-1.6017659805759241
TMED9,-1.6822309299023506
EIF4A2,0.37113238968876094
POR,-0.9312975287316979
SMARCA4,-1.0435855175981237
NUP93,-1.0332325235925297
TAF2,-0.5360676853901437
MSH2,-0.11495177442351134
EXOC2,0.7975311786745992
ATP6V1F,-0.8343381861148252
GPD1L,-0.054732293680629276
SEPTIN2,-0.9978605491461546
HSD17B10,-0.4391286904611654
PLA2G15,-1.2935807005968878
GCN1,0.5464777824974637
SRM,-1.1426031739728744
RPL9,-2.2897726618154026
CAPN1,0.2988730696371901
XRCC5,-0.4215681716957136
GSTO1,-1.2124270279744283
CPOX,-2.0983111069837097
NAA10,-0.9841163299375951
ACTBL2,0.5630324237464565
ILF2,0.08195624728599042
CRCP,-1.2785706211651602
LYPLA2,-1.6468441079708338
RPL21,-1.1685118034097564
H2AJ,-0.6485300872450235
DRG1,-2.909509980075708
RAB1B,-0.9669950633041285
SLC25A10,-2.084455294087201
RAB1A,-1.0497043660485514
RBBP4,0.5491996437456387
TUBB6,-1.9739018238366166
ESD,-0.873495425632519
COX5A,-1.8945753062548187
HSD17B4,-0.6494890455766479
CORO1A,1.216481593935163
ATN1,-0.3085173294089323
PDAP1,0.5296566307398797
FH,0.23004075277631528
ARG1,-0.5669786485706139
TRRAP,-0.4817573448970425
XRCC6,-1.7063781285329986
PGM5,1.3973562420112982
CMPK1,-0.1124394432000683
MTOR,0.18483817462144506
PCMT1,-0.6678601586874255
MYH14,-1.5043223269675163
ACSS2,-1.1985224661336562
FKBP4,-1.906655584562951
AKR7A2,-0.23802335754461737
IPO9,-0.8012510954257438
DKC1,-0.9690069955918287
UPF1,-1.099433913336216
ACO1,-0.30186208245990925
HMGCS1,-1.3529443767226554
RPS29,-1.7746009893470747
GRHPR,-0.9052110883364067
PPP6R1,-0.7650522886719668
MARCHF6,1.3942723959228354
ABCF3,-1.006214982954046
PMM2,0.5462414327725325
DERA,0.6906797047902903
MATR3,-1.459060095012463
RPS13,-2.4919211558965384
MYH11,0.932445611270566
UBQLN1,0.3290711637053222
GLO1,-1.147742944854188
CAPZB,0.5437260480946208
DNAJA3,-1.0075919214400084
APLP2,0.61998412886028
AKR1C3,-0.384868155284527
ACADS,-1.931149306227694
GPD2,-0.6194731373980253
SLC25A6,-0.4561847758608648
PRPF31,0.76588232503637
HNRNPA1,-0.34275580573074643
RRM2B,-1.417135754616595
UQCRC2,-2.659455229339789
RRAGB,-1.1303851984849818
EXOC3,-0.19418887486999292
ITPR3,-0.8061357899995494
ETF1,-2.084653211740419
CYB5R1,0.5279546393974304
ALDH4A1,-1.0743570680722443
GALK2,1.581029716122841
PHGDH,-1.8297982585307602
ALDH3A2,-1.38113121713213
TUBB3,0.07906556804749698
CYC1,-1.5592577005843529
SPR,-1.5058042727457315
EHD1,-1.390243656729467
SCPEP1,0.6876877132474879
PSMA6,-1.4205299220378702
NAPRT,0.36002746714552164
IST1,-0.2333062862555121
PYCR2,-1.6585819189684243
NSF,0.01642284438720598
DYNC1LI1,-2.2926559417942243
ACTR3B,-1.1002681914154486
AP2M1,-1.3911934198939682
IDH3A,-1.0030688648784485
ASS1,-1.1881148549218323
HINT1,-2.221691796682249
SAR1A,-0.906466694945687
PPP2R2D,-0.44283515802591067
ANXA11,-1.4993845387479812
ACAA1,-0.7049514464721647
CYFIP1,0.9352410497160539
RPL34,-1.8765828524769659
PCNA,-1.2035982215485572
AHCYL1,-0.0198612376572295
BTF3L4,-1.5614943243101034
UGDH,0.7878417602225608
AHSA1,-2.049060605344705
REXO2,-0.23346846688241343
PARK7,0.8362274693690915
ANXA7,-1.0510881500301048
ATP6V0B,-0.0934022031154472
GTF3C3,-0.42841445312874993
UTP20,18.783284786213144
RPS23,-0.6431966546093876
NAPA,-1.9647186502824938
BCAT1,-0.2311392290431213
PPP2R2C,-0.3683295073410675
KIF5B,-0.19665878302325648
CST3,-0.2315054386238967
VARS1,-1.1321268436522018
ADK,-1.7008233194739966
PTPA,-1.783092901048545
HPRT1,-1.9051038491529255
TAF9B,-0.9602141228977362
TUFM,-1.2169217142209812
DPP7,0.24804319130986394
MRPL12,-2.314206922704939
PTGES2,-1.406304657275499
PCBP1,-0.8476055593746228
HMGB2,0.3706742533172684
RPL37A,-0.22537898737355022
CSRP1,-1.144273635084384
NDUFS1,-0.5261338247119405
CDC37,-1.3923776036209046
GBE1,0.5372223335404864
PPP6R3,0.5498920918502994
DDX39A,0.7207479805832259
PFN1,1.9887690947590209
SLC12A9,-0.2684555181566212
MYO5B,-0.646721390249377
DYNC1LI2,-1.1882315911450925
DPYSL2,2.1656051348934082
CTPS1,-1.6034821035128999
PPIF,-2.0970622541539097
SLC44A2,-0.7667295767632444
NCL,2.405523010433747
VPS28,0.6566677306692409
TUBA8,-0.7888054788600031
CAPG,-1.3892789393891907
EPB41L2,1.2722026430553448
SURF4,-1.0472170820216282
RAD51,-0.8850051391602201
AATF,-1.981789333278916
QPCT,-0.8737195246063417
SUMO3,-0.1157529248040774
ANAPC1,-0.51560953545395
FLNB,-0.7889507741824126
ARF4,0.6340614827633643
FARSB,-2.3144190445667827
SLC35F6,-0.5442354145383206
ANP32A,-1.2624694945954726
GUSB,-0.503054564764688
ECHS1,-1.9327797511624758
RRP12,-1.4441866887092056
ECH1,-2.447539191422099
COX6B1,-0.9531331283441727
RPL28,-1.945936274082826
EIF2S2,-0.13038343920168477
ALDH7A1,0.017843801607727753
PPME1,-1.761476747933291
GFUS,1.4754104988688523
PAFAH1B1,-1.501251019758131
TKFC,-1.4365360788223078
RPL13A,-1.7168892479471745
SIRT2,-1.3401021052263984
FIS1,-0.9813612216049435
ARF5,-1.0199273876185468
GLRX3,-1.5881782180369775
EEF1A2,-0.6239731585130782
RPA1,-0.3476834535205298
NDUFV1,-1.4132283403232153
EIF3H,-1.7420552424015938
H2AX,-1.9435638357736298
MAN2B1,0.15953690795284178
COASY,-0.91243696232185
SSU72,-1.7255994958405942
SRP68,-1.522715067282141
ZC3H15,-0.8517944615193621
KDELR1,0.746458597151219
EIF5AL1,1.489562446832786
PACSIN3,-0.896599291258698
RRP9,-1.473856554380234
ALDH6A1,-1.021749885298017
PFDN5,-1.1849392205705338
EIF3M,-1.2489774036442596
GFPT1,1.2106074285352282
RAB10,-1.0022946796031338
SCAMP2,-0.5248079026851523
MPST,-1.6805456057860526
SDHA,-1.6216373331947094
DDX19A,-1.2298339509939527
TUBB2B,-1.0733823860522174
ABHD4,-0.6936539457070219
TWF2,-0.7999980063591423
RPL26L1,-2.3150743009055152
NAP1L1,-1.2977431954778569
GAA,-0.7784933458808846
GPX4,-0.0833376267889232
KDELR2,0.16421873901245224
PRDX3,-0.0851662859016511
H2BC4,-1.5692818794357761
HAT1,-0.7308537093904605
PPIB,-1.1402263187268242
AP2S1,-0.5646881017461577
NAP1L4,-1.2284689059921694
MSRA,0.6668861892681358
ABHD17A,-1.2863566975835237
MDN1,-0.823744670975696
DEAF1,-0.7968797632064791
CUL2,0.8758897845067459
HSPE1,-1.0788148431444202
CIAO1,1.188314692536236
C1orf35,1.548737901304412
NDUFA8,-2.3753597770673482
AP2A2,-0.24113107923731722
TUBGCP2,-2.0283275614714786
ABCB6,0.1625440657783011
ELP1,-0.49422512872486274
EPRS1,0.1253417407809561
SDHC,-1.812453916735248
TSR1,-1.0344311716094967
NDUFAB1,-1.8456002029190681
LAP3,-0.882390090529098
RAB4B,-1.160141606729964
RANGAP1,-0.7207690510359571
MAN1B1,0.5291008454914305
CHMP6,-0.3479665504539716
PI4KA,0.13923976482155997
BTF3,-1.6853583857135146
POLR1C,-1.5706469107938354
RNH1,-1.4445905533664727
USP10,-1.7332421548974872
PFDN6,-2.0908811572114323
MYBBP1A,-1.5437638352036933
SUMO2,-0.739157624498673
HMGCL,-0.2484045287606613
FAHD1,-2.0671286788892393
MCM7,-2.354090959784792
ELOVL1,-0.9116326308314623
SF3B2,0.520178924941113
PMM1,1.9408196374890276
QSOX1,0.5563864389180457
PYCR1,-2.125404754996905
RNPEP,1.1339072124851635
ACSF2,-1.1401966416844391
DEPDC5,-0.6526168656322471
RRM1,-1.7469074292092168
QDPR,-1.4000754137239282
TBPL2,-1.2660872238093883
EDF1,-0.3818482327756179
GNPNAT1,1.7135407461025476
SAR1B,-0.5961253952540106
CHMP1A,-0.9403474021416387
RNF31,-0.9794490411310168
MYO1C,-1.7614743937249264
STOM,-0.3780549729060495
GSTK1,-0.4699472155042469
ESYT2,-0.24158551756515056
ACSL5,-1.380201173022275
DDX19B,-0.7645302459197969
GMPS,-1.971720804028781
COG4,-1.3891342882850812
TARS3,-0.6530995629468432
PIGT,-0.702772246939175
PYCR3,1.1983987312438715
PSMD10,-1.9069377169342165
POLR2J,1.0693597759772402
PRPF3,1.8710765239231293
INTS5,-1.8255371593664138
RARS1,-1.28618618758844
NOL6,-0.8000840096953561
CNOT8,-0.1954140472481697
PLD3,-0.17026811620444274
ESYT1,0.5160901820169068
PPA2,17.297019138102552
ACSL3,-0.8812898493289227
AMPD3,-0.7621163672495176
PLS1,-1.3620314772337767
GRN,-0.36556419769517506
NIF3L1,-1.0775047287763966
HGH1,-1.1450596651647904
SDF4,-0.9313886997747365
AACS,-1.4238842617714338
CCT6B,-0.9389657781853872
LONP1,-1.2990187954084402
PNP,-0.7041437960787535
WDR18,-1.8826979854131343
CSRP2,0.10937550521860859
RBX1,-0.7533119304567012
H2AC6,-1.2375709551271217
DDX5,-0.25990979209004844
ABHD14B,-0.31594587379213834
DIAPH1,1.6933790690208776
DCTN2,-1.5620837607604365
AKR1C1,-0.418413318690819
NDUFS4,-1.501506662396394
YIF1B,0.20835204548733835
RFC2,-1.4129902231880622
POLR2C,0.11916649071553209
TMSB4X,-1.2309910028142559
HSPA4L,1.1317955093607672
BANF1,-1.3603335138215253
TBC1D10A,-1.2709689275526177
POLR2L,0.016394035002674435
GMPPA,1.0812949439468522
CRAT,-0.4157937269013534
CHEK1,-1.9767049172279767
ARMC8,-0.7953847611330442
NUDT5,0.3189197379118914
UBE2G2,-0.10769223735349333
MCM4,-1.5483370916013193
ANXA4,-1.3926531124520665
EXOC6B,-0.4614174035412059
ACY1,-0.3748738050410526
HSPA2,-0.08147856024051033
GPS1,-1.947494245131142
GOLGA7,-0.3256435393399941
SART3,0.10368643277283153
HNRNPD,-0.6640271637517096
UGGT1,-0.07305429560959077
YIF1A,0.8502020067818363
RPF2,-1.1034855958012166
H2BC21,-0.9949320651603307
KAT5,-1.8367101508004078
RPL35A,-0.641956438188143
DNAJC8,0.2510453305537899
SLC1A5,0.8185802725187884
PLS3,-1.700446486656017
RPL36,-1.4747511760735879
MOGS,-0.1428489527697384
TOMM70,-1.2239487135207687
STK24,-0.28586070786701157
MCM2,-0.8648295277473548
GIPC1,1.6320740690844853
PFDN1,-1.6941306798321487
SUPT3H,1.0770960255480746
ANAPC2,0.42811783323452846
OXCT1,0.01681914660835871
CPT2,-0.8470149182605132
GLRX,-0.8518696310494056
TOMM40,-0.8646580029093557
SEPTIN5,0.6186306827508499
HNRNPA3,-0.41585886603114236
HMGCS2,-1.1984352999539172
SUPT5H,-0.41239540329292146
EIF2B2,-2.044785912143558
GCH1,-0.45629177440230057
H2BC5,-1.5566199335214719
XPNPEP1,-0.3451741537976417
PLOD3,-0.7775587375962988
DDB1,0.5004578645792385
NSUN2,-1.2374687650485876
ACAT2,-1.4341469761423347
ATP5PO,-2.5223896984445195
CEBPZ,-1.228220436600832
HMOX2,0.7106081949993608
RFC3,-2.0585492424071616
NDUFA12,-0.712489482101791
PSMD4,-1.3351538725058787
MCCC1,-1.113464399092997
GK,0.17591831313301967
THOP1,-1.991555630968372
TUBG2,-1.1840052920744424
VAPB,-0.4756785159887437
RNF123,-1.1896225097455564
GTF2F2,-0.1802435012668721
H2AC25,-1.0481442344923682
TCEA1,0.47458356636018406
CEP131,0.935968666240291
SSBP1,-0.8666402073919114
AMDHD2,2.4765841784922844
H2BC12,-1.7411918966827578
PSMA8,0.1640355609365703
POLR2B,-0.813381915148129
XPOT,-1.6577977964229358
PLIN3,-1.155817491034455
MELTF,1.00027886070847
RHOC,2.398866074019575
ATXN10,-0.30401579429586534
BTAF1,-0.6958359940974137
RPL35,-2.678956309849817
PHKA1,0.927818743054684
UBXN6,-1.4182951165434885
CLPP,-2.0660305414587237
CDK16,-1.632540036475472
PPP4C,-2.456050542671593
GM2A,-0.14548643845358444
CCDC22,1.6306822678788613
CHMP4B,-0.29826199573471
PPP2R5C,-0.8147522859905973
PFDN4,-0.8529093148676925
ASNS,-0.2878952025903369
ATG9A,-1.350164507149323
YWHAB,-2.354404918956587
SUPT16H,-0.7309564830233425
TIMM13,-2.4016488570685346
NACA2,0.2684648317929959
SRPK1,-0.9546837650874217
DHRS11,-1.3650191742089177
GUK1,-1.2211070005071072
KAT2A,-0.9813976373441304
MARK2,-1.3890025643207258
GSDMD,-1.11120587954301
GNL3L,-1.6801066609223332
TPM4,0.6167237308170415
NDRG1,-1.1645160812931696
PRKX,-1.182577358871834
DNAJC21,-1.1187359206831358
PSME1,-0.863664443206413
GNL3,-1.1216129322744466
EIF2B3,-0.03895327696010551
RARS2,-1.001567718348731
EIF3F,0.7640581723221367
PRPS1,0.19034813879678705
CDK12,-0.5571230931942894
SGPL1,-1.059473037992197
ACADVL,-1.39025639958471
PRPF19,-0.8427094306279992
ANXA6,-0.693184117448241
ADSS1,-0.8115276850720952
FAM162A,-0.7816341628843887
NDUFA10,-1.2784829196154877
GSS,-0.5687716781110796
PMPCA,-2.0240492223480855
EIF3L,-0.8724422084276435
ETFB,-0.3775265239479513
PTMA,-0.17095755161301704
NUDC,-0.9570867438627341
PEX6,-0.5294463214223352
STK11,-0.20379154644974903
RAD23A,-2.3843143728273013
DCXR,-0.41468265949822813
TEX264,-1.0672637136825258
PPP1R12C,-0.07033230233392136
LAMB2,0.7618751169697817
RAD50,-0.05008118787513283
TECR,-1.4534110457512985
BCKDHA,-0.8726427511471774
CTPS2,-1.0522143104476918
H2AC14,-1.2423841834600011
H2BC9,-1.513053016167843
ROGDI,-0.904262660028293
SLC16A1,0.3031899072181988
UBA2,-0.8653377062710764
TRMT61A,-0.5023218963622094
NSA2,-1.7150181245126446
SH3GL1,0.19775047763049255
ALDH9A1,-0.6586490829959064
BLVRB,0.8179169887919401
DNPEP,-1.4736720987384555
SH3BGRL3,-1.0991644445372093
GMPPB,1.604801262757353
THNSL2,-0.3294567240451527
GPN1,-1.8068358336034207
BYSL,-1.5989982006657397
OPLAH,-1.0484095537562825
RTCB,-2.630370066729242
UBE2L3,0.3263396206244529
SMARCA5,0.07775059760886964
TMEM165,-0.1226533245396389
BRD3,1.038456008190283
LAMP2,-0.8922073666932829
SLC12A2,1.1311129329545933
CPSF4,0.3792031065754122
TRMT1,1.336159659439849
INTS11,-1.7140840708947411
SF3B4,-0.07057976842803793
DCAF13,-0.44432366853767413
LGALS1,-0.5282838812628948
SMPD1,-1.170874107455959
METAP1,-0.7160638569806599
POLG,-1.721127073263344
TUBA3E,-0.3002090176048757
ARSA,-0.4812620336619668
RPS24,-2.0579377535370416
SRP72,-1.3571350100267336
EIF4A3,-0.020451676148032647
DMXL2,-0.7439133470086772
PDCD5,-1.5188030677000885
H2AC20,0.07015770194413173
EPHB4,1.5197141044731042
AKR1C4,-0.17463157093926315
MCM3,-1.764946288455113
NHLRC2,0.2565134475464688
DNAJC7,-1.0929056713619445
NPEPL1,-1.1187074072794252
B3GAT3,2.1724838383098586
CLN3,-0.15499631195535754
PPP4R3A,-0.4525284887347202
PES1,-1.984601695228099
CCDC8,0.12840440236656767
FAH,-1.015751057208447
CSK,0.2593828224517725
AKR1E2,0.0038566901789886753
RABAC1,0.7762445627960151
DDT,-1.3090898254931975
PUF60,-0.7431078351495433
LSM4,-0.1699412274295425
MVB12A,-0.38641233953593745
CDC7,-0.6358157655772149
PPP2R5E,-0.6630368834070198
HIBADH,-1.121628973549985
CLPX,-1.6479225878904245
PPP5C,-0.8530776411807517
PRMT1,-0.5210167403391638
HADH,-0.5445379754014567
CRYZ,-1.270597223426079
NME3,-1.6318306117035721
RFC5,-1.3281691579497317
ADHFE1,-0.037234685306381986
DAAM1,1.685258581128965
MYO6,0.5476338742801302
MCM6,-1.689844265727474
PDCD11,-1.2320818553626283
BIN3,-0.8439049672580897
VAMP2,-0.1484618431728228
CPSF2,-0.6926115227472328
HSD17B7,0.10563694713493187
FTL,-0.22862034470043519
CDC23,2.765369660130994
AADAT,-0.5534383772966504
PPP2R5B,-0.4468274948004861
GALT,2.02936247107142
CYBA,0.6923624633205298
ADRM1,-1.3070364474605554
GSR,0.48860825035196753
PGM3,1.5152967682058789
PTGES3,-1.6259149401861732
BRIX1,-1.5516993879544065
PARP1,0.8075832579347182
EIF2B1,-1.7752156779718884
CAPN2,2.2482733938823305
CDC42BPB,1.3681134710304965
SHQ1,-0.29448615950459683
MTHFD1L,-1.9603957437087622
DYNLL1,-1.1259715866011983
KPNA6,1.4228096373826542
NDUFV2,-2.409161727740279
CHP1,-0.7845915650584597
DGAT1,-0.5176802450777628
SPTLC2,-1.4050037258232142
NDUFA5,-1.080253869812197
AUP1,-0.6194676312563946
MGRN1,-0.7080672669821731
PIGK,-1.8426258721448674
SNRNP200,0.11002401523479395
COPS7A,-2.0146324048824376
CLIC1,-0.9994027515009681
MINK1,-0.49476616944112156
MLF2,-1.9411292037961254
LRPPRC,-1.6625024803557478
SF1,0.7982469105249984
POLRMT,-1.3323737798774289
ANXA3,-1.4558536548675136
EIF2S1,-1.0925403840273809
ABCD3,0.9100974213353266
CTDSPL,-0.20460697885103865
CPSF3,-0.3852582509239644
TRAPPC5,-0.821806792505881
PSMD5,-1.3727537825622733
SMARCD2,-0.9645057541457109
FZR1,-0.8860452715032603
KPNA1,-1.9290089377492157
ELOC,-0.045043325120964615
SAP18,1.0797035133200796
SLC4A2,0.22634510022537285
VEGFB,-0.2560843499095845
QARS1,-0.9818774281313178
CHORDC1,-0.288287112353602
PLCD1,-0.03944962979305507
PCYT2,-0.613165171342987
PUM3,-0.8624999066528214
STK25,0.12909352124261167
CEP162,1.5905302107927488
TERF2,-1.255184779148043
YWHAH,-2.215813633887923
ETFA,-1.4539724265543923
KDELR3,-0.772205598798292
VPS45,-1.439325088996511
TPP1,-0.8664184386108633
CD2AP,0.36187570206666136
USP5,-0.8271862108452636
GTF2H4,-1.7372131661515473
TAF7,0.034397981944752
ZER1,-0.19269872864154577
COPS8,-1.5881588700825071
MRPL4,-1.5304744192450506
SERPINB9,-0.8170257889799323
RAE1,-0.9538371863751861
MARK4,0.22644267648470368
KYNU,0.43842783285419434
PPP1R7,-0.8560534131542576
ERO1A,-1.0146769359408645
GLRX2,-1.4825478688421596
MACROD1,-1.150451573998699
COX6A1,-0.43218228268122166
SYNGR2,-1.1313357686185475
AIMP1,0.18848965129046477
RABGGTA,-1.278379865457908
PCBP2,1.250278017019564
SORD,-0.6534795398853194
TSFM,-1.2564069118702277
PIN1,-0.9880909662689571
MRPL38,-1.4307062269795794
TPD52L2,-1.3175563347627866
TRIP10,-0.9759350214903412
LGALS3BP,-0.749811507912712
AGPAT1,-0.9041364673618938
VIM,0.3948905507344855
MAPKAP1,-1.6541341280073487
DDX49,-1.5166125272660465
RAB18,-0.7476010731753442
PPTC7,-1.0047216056225303
DDX41,0.19605965357037247
NCBP2,0.05966292722370437
SREBF2,-0.6625429869622816
PSMB10,1.4724723703439748
CTDSP2,-0.8530560378105977
TOM1,-1.269214643950108
CIAO3,-1.372572007883427
HSPA6,-0.9328874769975405
USP7,-0.8390886491276265
GPT2,-1.2778615298226061
EFHD2,-1.137952150484391
MANBA,-0.22252626207837456
PMVK,-1.2652287276671055
IMPDH1,0.8454893245125676
CYCS,-1.960664576100069
BLVRA,1.3264343844898014
ACSL1,-1.134964943513022
TUBA3C,-0.7533787600857426
ARFGAP2,-1.305613857577496
PRRC2A,-0.9425216584239215
CD63,-0.8752318377474785
CAMK1D,0.47511725075246997
TAF9,-1.4031585870295935
SNX17,-0.24313207305627252
RPE,0.21091515929355245
DDAH2,2.263776373925277
EIF2B4,-0.7728188338075123
SREBF1,-0.9182106342493099
ERGIC2,-0.580741446643794
ING3,-0.3346982539886253
MARK1,0.12548175074986484
ATG4D,-1.1704025867949452
ENTPD6,0.3966336257804577
STX6,1.675590619607987
EMG1,-1.6611212244183262
CD81,0.8174764295226895
PISD,-0.7230987170014825
SIL1,1.0707544224618686
HIBCH,-0.9344725389523679
WDR46,-0.5196615980510049
ZNF622,-0.7470470373384027
HPS1,-0.8265470277688827
MYO5C,1.4370541649682436
DDR1,0.5604362873497152
PSKH1,-1.2694361888875294
CAMK1,-0.45257228853976605
ANKZF1,-0.11841436403188284
AFG3L2,-1.8761349041312048
LMNA,-1.3527898958291265
MEN1,-0.7518677844832163
DCAF11,-1.7503634303690994
LAS1L,-0.97112349833179
CPVL,1.052210167973662
CD47,-0.933093350042999
RTRAF,-2.5503954889251945
EIF4B,-1.1119806698478814
H2AC21,-1.3049997573277237
HMBS,-1.8325751299681203
HADHA,-0.8199429034148783
DPM2,0.5523076079478291
GPAA1,0.04898788422649363
WDR12,-2.1059223432217884
RNF40,-0.1929804342329962
EXOSC8,-1.0600197529049675
PEX19,-1.5711729867771986
NDUFA9,-2.2194866690489015
UQCRC1,-2.3790061002757135
GNA11,0.6643591032983374
CAPNS1,-0.4840180932267535
TEX10,-0.259748665943946
ATP2B1,0.6192820381768214
TAF5,-0.9457925091716668
YWHAG,-0.646678280665992
MAGED2,-1.1149897195854417
PDP1,-1.2424229243203162
NUDT1,2.30699568300969
TRIP12,0.1354902054757747
ACP1,-0.4347937566289498
RCC2,-1.5032036655543606
PRPF40B,3.3346457886190746
HSD17B12,-1.9654674842111288
NAT10,-1.7656725280605372
MRPL2,-2.448753363008265
HNRNPK,0.607754159010305
ATAD2,-1.8512965149131597
H2BC13,-1.0594007255803994
TMEM109,-1.583083274387456
WASF2,-1.2327321722411944
PHB2,-0.16370687732317207
PMPCB,-2.2739493588636988
IMPA2,-1.1138970235030328
STX10,-1.4419805901967362
TADA2A,-1.2008368266225935
IMPDH2,-2.0280149901557665
DCTN1,-2.267201936110003
MAD1L1,0.26528097789059524
PSME2,-2.18444072512947
RAB3A,1.3828331474231144
GSTM3,-0.6577933250546131
GEMIN5,-0.6603167691292919
P2RX4,-0.2687510928769532
PTMS,1.2521969419469374
MCM5,0.7666259128941896
ALDH3B1,-0.8074084883467808
GK2,10.568316427245126
SAE1,-0.8719022429713741
NOC4L,-2.0373258488822166
PPP4R3B,-1.1147363869178153
AP1G1,-0.7059956540544197
RAB2A,-1.9346059258704775
ITM2B,2.3831944542454973
CLPTM1,-1.0914343498854242
PDP2,-0.3989974997358975
YBX1,1.0098934382299594
GALE,1.5371428132377511
AAAS,-0.20942184101573488
CXXC1,-1.4385249851931998
NAGK,1.8281191969299797
TECPR1,-0.5581739804122279
CNOT7,-1.2334004634367315
CUL3,-2.042083087582845
ATP1A3,1.6812772220102414
PIK3C2B,-1.1796849323287761
MECR,-1.2815507108261526
DDRGK1,-1.6752419304786097
MTCH2,0.03906441651991201
HEATR5B,-0.7032963384506451
AK1,0.6944866991257945
GAS6,0.5160746860925356
RHOT2,-1.3840047065592542
ATG4B,-1.7682104385511557
PRPSAP2,-1.2141634390700684
ACOT7,-1.5434937223696525
CCDC124,-1.5886776855615539
RPIA,0.3377674409380498
NDUFS7,-0.10566426733319781
CUTA,0.2344218113646469
H2BC14,-1.4087824834960898
SLC37A2,-0.20356448302633495
SSRP1,-1.4349288523230221
SEC31B,-0.7507274740186659
SLIRP,-2.0140046113198813
NAA60,-1.0020251791840105
CCDC47,-1.6355956755787169
ARL1,0.5857158494600543
EIF5,-0.3679090118978405
NMT1,-1.1536369205693362
BIN1,0.7974721827845531
DCTN4,-0.6723615374014928
STRIP1,-1.047431681700601
DHRS4,-1.2696453969137265
MFF,-1.1716986170747266
LZTR1,1.0820010645064257
GINS2,-0.6218973464955688
MVD,-0.8766065746911436
MRPS2,-1.4941241963990408
SEC61A1,0.73374822866304
INF2,1.8372395242650288
CDK9,-2.1431514811711523
HTT,-0.43795267244872477
TOP2A,-1.2573673423043346
COX4I1,-0.7853054002398768
SF3A2,1.1429112880275067
VPS51,-2.0835180763011962
SGSH,-0.823867909824577
RPRD1B,-1.0981835987808735
HNRNPF,-0.22679536195516672
NACA,0.5919221030103033
LMAN2L,-0.0916177932391062
GOLGA2,-0.04375878131616546
KCNAB2,0.23631238892226458
KIF1A,1.9107504707782508
ACSL6,1.935784130514095
TOP2B,-1.5036770090359775
PDXDC1,-0.6825624132372322
NDUFC2,-0.5284212122338487
DRAP1,-1.1822566364633285
TMEM115,-1.1985581603635729
DHPS,0.8815502478118125
APMAP,0.7293897159799775
PHC2,-0.3882170721700143
SNRPA,-0.5385936051648614
NVL,-1.9818729959008843
EXOSC9,0.3252443214693381
ZFPL1,-1.638637206756996
CAPZA1,1.4064603278211978
ATP1B1,0.6892999112531845
TKTL1,0.36294441003328065
UPRT,-0.7374143287357395
CHCHD3,-1.433762003576987
H2AZ1,-2.328068116125535
CNBP,-1.5449088619970832
CC2D1A,-1.1098759653880468
ALDH1A2,-0.6831633833184511
H2AC11,-1.2198850651419255
AIFM1,-0.3697163984636637
STARD3,-1.7164095635951941
CBR4,-0.9913746054901162
BMP1,0.5893828540851682
GPRC5C,1.0957332549311087
SPOUT1,-0.8594214900854827
MARCKSL1,1.0137410955128066
PRKAR1B,-0.38581865802369975
POLR3C,-0.17287081388849682
SET,0.09347892798050635
RBFOX2,2.0570094318064616
DDX1,-1.5501375173134555
PNPLA2,-1.5768674823261815
GNL2,-1.6542142112994018
PHKG2,-0.9961100613615981
SDSL,-0.5586258615843023
PDCD6,-0.35852856887272966
WIZ,0.008087662556518672
ATP6AP1,0.1061814830542733
SRPRA,0.0676719858358111
GUF1,0.8951663571241163
PNPLA6,0.48239655487078353
EIF1B,-0.9694252180612267
CFAP20,-1.174509031541259
IGF2R,-1.0938028361799266
ARRDC1,-0.80921963008883
AP3D1,-1.7365809845864637
WDR20,-1.953262313288026
GLDC,-1.7134984687478338
ALG3,-0.04254177812806965
BRD2,0.8089232191805825
H2AZ2,-1.129572777586192
HMGCR,-2.0645512031013387
H2BC18,-1.2475891726890997
SCAP,-0.7965337578382059
EPB41L3,1.7697026678463006
DHFR,-1.0596690735299157
NAGA,2.1776397341996643
VPS18,-1.829441634388887
MAT1A,-0.48541391241289344
DDX6,-0.6952827153511589
HSPA1B,-1.1472450282729105
PRKCSH,-1.4528300706401933
OTC,-0.35388464367806177
SYMPK,-1.636834749074606
KLHDC3,-0.5101735524117643
DR1,-1.6420550212007647
FSCN1,3.248587387456379
SLC7A5,0.9895775136325295
CLTA,-2.098964686471746
RRM2,-1.5610562381486146
EIF1,-1.0207089856440081
SARS2,-1.1623912103119187
TSPO,-0.16105503729377008
TBCB,-0.4561449689779379
PRPSAP1,-0.24934513434484762
NTHL1,-1.8037716278647282
NDUFB9,0.24951331728319784
GRINA,-1.1073873244384065
GORASP2,-1.7504144678431786
HSPBP1,-1.3548421327986426
TCF25,-1.7621243858775488
STOML2,-1.5545069179044695
ZNF598,-0.7013200963378139
SIPA1,2.1054964960193927
DHX15,-0.7311880011365007
MGAT1,0.2602023423001871
STX4,-0.6760096855354557
SRRT,-0.4608490505889987
LIPT2,0.13425206922388397
CRYAB,0.03307436479985322
MED27,0.7336966974457018
GLYR1,-0.6535685037677998
SMARCD1,-0.09527927944192076
TAF1,-0.3914533168106682
SH3BGRL,-0.11891966383901982
EP400,0.41389308859817986
ERGIC3,-1.1477892092124262
RCN2,-0.09744164385578612
CDC16,-0.552215504343992
COX4I2,-1.566401227834646
MRPL23,-1.5183625499253104
RAB9A,-0.368868008895386
LANCL1,-0.9376490486039857
SLC39A10,2.3242377638033718
H4C14,-0.9199628620860054
PRPF6,0.11263274838337818
ARFGAP3,-1.1610517882084548
PCYT1A,2.4229764553491617
KPNA5,0.05770771169804643
KIAA0319L,1.2244942277332995
SRPK2,-1.2491256754733084
DICER1,-0.8217733310111679
NHP2,-1.8377323996198867
ERCC3,-0.07731569246575612
DNAJC9,-2.451675617920847
UTP4,1.7979863079411065
YARS1,-1.4136285902536436
SUGT1,1.9582697492406722
CTR9,-1.0200131993385633
POLD2,1.0217739912050812
DAZAP1,-1.5251181403657805
TUBB8,-1.348442888864496
NAMPT,-0.10712153562143993
DDX11,0.05630211843493506
NAA50,-1.1060161202850398
STX18,-0.29453202251900035
DYNC2I2,-1.060018857554559
AP1S1,-1.3631115862447278
FUT8,1.741222620832031
SRP14,-0.4216709344747415
GLG1,1.052342387467961
GNG12,0.8063305169294505
SF3B5,-0.7771126291775124
TTYH3,-0.4290389004145525
TAFAZZIN,-0.14551450126022217
RRP15,-0.21956328466254155
EIF3K,-0.23249448732215985
AP2A1,-0.551392738998793
PTDSS1,-0.7893580453896469
HNRNPM,-0.27414791465153865
POLD1,-0.774227456482113
RDH11,-0.1405148795627376
NRBP1,-1.0977592733309813
DNM2,-1.446262114647191
TXNRD1,-0.7302695795430801
KLF4,0.8239085878398013
SYTL1,-0.38857533504505265
LAMA5,1.1970691041390897
SDF2L1,0.4068814697288072
NUP62,-0.3948060615737285
CKB,-1.5199074851630152
EEF1E1,-1.578496303912981
DHX9,-0.8701572518295002
UAP1L1,1.5785346405349154
CLINT1,-1.6858291016542921
AP3B1,-1.1010929902239297
MNAT1,-1.2230339176352807
CAMK4,1.8615334201384144
ITPA,-1.7981335112805126
MED24,0.014695475538420799
VASP,-0.4618161206938274
TMEM161A,-1.078051998918134
SLC39A11,-0.9534328875720394
ECI1,0.03107967046861982
IMPA1,0.1369597922418494
RFK,-0.932158136445802
SRP9,-0.49607780887918523
BRCA1,-0.9439881896731309
AKR1C2,-0.0034601335915713516
H2AC12,-1.037554952799655
THOC3,-0.24811812728656585
GFM1,-0.11285784054836961
COMT,1.2569864298438997
EPS8L2,-1.0628393014507453
NXF1,0.4033791679364252
PRPF8,0.7373125877774964
PSMD9,-1.8948548031518861
PNKP,0.312697897720471
AAK1,0.8863140280986307
INO80,-0.9658003692444344
PAFAH1B3,0.21239628915978667
PDLIM5,0.5407994292207046
PPM1G,0.14763604604070743
POLR1E,-0.7029307760998138
FIBP,0.4922419723644446
FDXR,-1.066464883878739
SLC25A20,-1.7875676470226727
ISOC2,-0.7561400336553297
TBCD,-1.451475402432175
PLA2G6,-0.81777955990641
DNPH1,-0.480575541632314
CLK3,0.027859139146644164
TRAPPC4,-0.7698857349564836
PLD2,-0.2771614590616354
POLR3A,-1.2229468700152741
AKR1B15,-0.10343139279450907
CRLS1,-1.0736734784202984
CRYL1,-1.4984738256377284
EIF1AX,-0.5037093389815146
SCOC,1.2478093421744902
TAPBP,0.12825139786759074
HNRNPA2B1,-0.18284661091581658
LMF2,-0.26620804273406806
EPS8,1.3420828790634973
SNRNP40,-0.060669788493884005
HACD2,0.10866704693235733
ELOB,0.5182837792482546
AIP,1.0283642880312451
NHERF1,1.6539108551649395
BRD7,-0.28432577439271706
MRPS23,-2.6446008083970307
PPIL2,-0.26763643431210576
MTPN,-1.4077119223922328
AIMP2,-0.20062309752564333
PHKB,-1.018349180485448
RCC1,-0.6366188936376769
GPX1,-0.36245155008244234
JUNB,0.5805460275045184
GRPEL2,-0.8124414353722842
DECR1,0.1937121688758545
PCBP3,2.7955400541644417
HMGCLL1,-0.7667890465433368
TOE1,1.1699563648797298
POP7,-1.912440842523432
ERCC2,-0.5306558400942879
TRMT112,-0.2877622605925704
ARFGAP1,-1.8564809795694117
PTCD3,-1.9367925426095558
IQGAP2,-1.0299999649888423
AK4,-1.2819238507054866
CNP,-0.9873384267435226
MRPL3,-1.3222801003144198
BCKDK,-1.3679355380949552
CSNK2A3,-0.9228582922289579
H2BC11,-1.5661214093080293
OSGEP,-1.4816482581319115
TRIM27,-0.8537016719978161
SPINT1,-0.7843845558477144
SLC27A1,-1.2120080082151372
RRBP1,0.5935890895762108
SMARCC1,-1.9748943005469217
PCBP4,-0.2201918486530618
ARG2,-0.79399990062242
PDS5A,-0.7549077213386058
ISCA2,-1.5081239262623118
TBL2,0.32693316770538355
TOMM22,1.3650984047312735
TFIP11,0.1387295477008576
VPS72,-1.7018448688644618
UGCG,-1.1482836677705661
EIF2A,-0.09693051093890127
ACAD11,-1.6436724237049414
GIPC2,-0.3693049178551952
EFEMP2,0.5170909014776458
TASP1,-0.3345049822774898
PLCB3,0.3259686466564399
MRPS14,-0.4783038378348523
CARM1,-1.5901789206438568
RPS27L,-1.0556699711831483
COL6A3,0.19002186421864886
RBKS,-0.9082320508695554
PCNT,-0.5571277588391222
CSTF3,0.8998743766912798
POTEF,2.640514744416989
SCAND1,-1.1481546559462057
SSNA1,-1.7658202669063292
FKBP8,-1.2050698287436918
ADSL,-2.8980790906271774
ACSS1,-1.1895012634430082
PIGQ,-0.7747436157623535
ALPG,-0.752149078951154
KIF23,-0.9034785726382718
AK3,-1.5359883756158388
OXSM,-1.2925530910606429
ACAA2,-0.3425197828971654
MCAT,-1.958523269137134
IMP3,-1.789305005079711
TSC2,-1.1720428679064532
SOD2,0.8401429562375782
ZDHHC5,-0.4237348003553923
UBR5,-1.331979486563249
LRRK2,-0.3437855273524058
SMARCB1,-0.29892127892846476
GFPT2,0.4672631006693181
NUPR1,-1.2106136874560716
PLEKHA4,-1.830105170529525
TK1,-0.8191380539340731
POLR3B,-1.6981827371483815
PRC1,1.0532304078107475
CIT,0.13185255613353458
DISC1,1.8748113656600087
VIRMA,0.2736610404284785
TEX101,-0.5683547190847165
FPGS,-0.9185822058093458
SUCLG2,0.7369624386598977
CLPB,-1.9838116654687532
SCD,-1.0588808987512734
PALB2,-1.6229632735701094
HADHB,-0.7723781508163992
TRMT2A,0.3275839184212832
CKMT1A,-0.6800784390607663
RANBP2,-0.8196492576084833
PSMG1,-1.0651128306222217
ECI2,-1.0279828154201411
QTRT1,0.5157475248968425
BNIP3,-1.285537900884155
LGSN,-0.8858700006337005
AARS2,-0.7416099061586161
SLC37A4,-1.1371029438355154
INTS2,-1.7767829913109365
SDS,1.9846466427847511
NT5E,1.4804619149801568
PRUNE1,0.05064326772540511
DTYMK,-0.614613062587115
SPPL2B,0.15644041828855124
TOP3A,-0.25916121001509584
TP53,0.3827341785291458
NADSYN1,0.3403691230324157
MRPS6,-1.5432516730116916
KATNAL2,-0.9946717448476983
UEVLD,-0.3795132171238389
HAGH,-1.6900135884516212
CTBP1,-0.49692382193484275
SLC25A11,-0.7317947751966413
PAPSS2,-0.05510472933644445
ILVBL,-1.068351384010984
ALDH16A1,-1.3194366316010657
RPS6KB2,-1.629372051920459
HMG20B,0.2593392883819751
EIF5A2,-1.238170919482659
LONP2,-0.7361758749444929
EDRF1,-0.557017765178264
SLC25A31,0.039221653910588655
DDX10,1.3799754904636359
CLPTM1L,-0.8995733090271023
DECR2,-0.2881296422134534
SPG7,-0.559866619870917
DCK,1.5060676485396867
RDH13,-0.7789507047967894
ND5,-1.432335174531247
CA9,1.8766476025350445
YME1L1,-1.7719372527870132
HARS2,-1.813997936727242
UCKL1,-0.9478850927523789
LSS,-1.388939450665803
P4HA2,-0.41748438828938833
CRYAA,0.806612495201101
ATP13A2,-1.2898099456815006
PRKAA1,-1.4244345641802492
NADK,-0.16425308822334725
DROSHA,-0.8102155150860554
CEP97,1.184866338582519
SRR,0.10825616263518287
HSD17B8,-1.4943793013631113
XPNPEP3,-1.6877644333250803
ATP5MG,-1.858225195994479
DDX54,-2.1848315887624175
MAP3K3,-1.435435412197396
UNC45A,-1.6766167089167199
ASMTL,-1.0925801749961437
GCDH,-1.574491775640093
MVK,0.046759609748784056
RXRA,1.2917923512837717
UMPS,0.7014022375840755
LTBP4,-0.7164998960660595
COX10,-1.4463388544189848
DSP,-1.4055268420703246
UBAP2L,-0.2789284992232427
EARS2,-1.5281485816723603
OGA,-0.010357334821589103
ERGIC1,-1.0790808145604551
CD151,1.402729095066979
PDLIM7,0.0013387373497955478
NIBAN2,-1.0816539396807927
BDH1,-1.6055693629105379
DHRS2,0.8637399133602621
RDH10,-0.2454125236775301
DDX56,-1.2687232183176353
DDX17,0.291260277806017
NUMA1,-0.10194841333695549
ARL6IP1,-0.2639269559408145
MRPS12,-2.209113917576053
DDX51,0.10850233809204005
SLC3A2,0.3918962919208201
RARA,-0.02666075481669872
GSTZ1,0.3838984719528736
MRPS7,-2.94342640683195
LHPP,-0.15741928871621763
ACAD9,-1.4643229160551634
HACD3,-1.6701317826932451
DDX28,-0.13958097255830273
DDX47,-1.691262654942833
DDX46,-0.5907711278339354
DDX55,-1.0947093791134406
DDX42,0.5641573701295157
MAP3K11,-1.0510062864586438
NR1H2,-0.9457249475876954
DDX43,0.07082468943286434
DDX21,-1.4631048908131654
DDX50,-0.9533562716568432
DHCR7,-0.8002075300558451
DDX20,-1.2626257844086735
DDX31,-1.4641892510248273
PRKAA2,-0.23793443452053673
PPM1B,-0.9125732351769342
DNAJB5,-0.5120193285471357
DUSP16,-1.0026073106549835
RNPEPL1,-1.0508672176751697
JARID2,1.2543546326309865
MMP17,-0.42930020661694757
HMGN1,-0.8863050241448653
AKR1D1,0.41614751824831037
MSH6,-0.7718005499605182
HMGN4,-0.7359094734941944
ALG1,0.16131021567968112
PRP4K,-0.5205553853163403
HMGN2,-0.2430918521520027
TADA3,-0.9684268383154618
SMG1,-0.9901297868369405
PXDN,0.9060673741761278
TBPL1,-1.5231835331468835
GATD3,-0.9751352353351962
SRP54,-1.9429518498745453
PRKDC,1.2911609737916574
TRAPPC10,-1.3354074552811548
CDK5RAP3,-1.2702540395884743
HIGD1A,-1.4128535964768254
ABCB8,-2.0643787212182674
PIGW,-0.7533800343996827
GRK6,-0.04591066187512092
PGAM5,0.48866115739316657
ANXA8L1,-0.1750714334526665
TFAM,-2.213061865118438
CTBP2,0.1836726827754597
ATP13A1,-1.4316647350981169
UBA7,2.0541807103707677
EIF5B,-2.0638504042290924
EIF2AK2,-1.961983480776519
UCP2,-1.5056651627118278
DALRD3,-0.870925266444236
RMDN3,-0.5104091011914831
MRPS16,-2.384788693064178
RGPD3,-1.0438337077892244
OGT,-1.1027451909413695
TUBAL3,-1.085720568879339
HSPA1L,-0.813355813825093
SUMO4,-1.2506061804444675
H2AC18,-1.830423988827439
H2AC1,-1.3426363155889258
FBL,-1.441474269023095
H2AC7,-1.2390592872118542
FBXO6,0.4193789197901694
H2AC4,-1.5996536674003043
NTRK1,1.258526554601258
MYD88,-1.139999696542635
TBL1XR1,-0.9257358856191922
TAF7L,-1.0082698886315844
CLP1,1.2946731190814431
TAF1L,-0.21022117378788527
PAPOLA,0.018212029951186842
KRTAP5-9,-1.2591819441931258
NME1-NME2,0.17732009121774323
KRTAP10-7,-1.5722798929969333
TUBB1,-1.0240634637464128
PPAN-P2RY11,-1.0439188458976068
UTP3,-0.2170579849805044
SMC4,-1.190110078664045
XRN1,-0.9967501504729065
NME4,-1.8962015300315385
MAPK11,0.439026376127355
DNAJB1,-0.6219267946291893
TMED10,-0.5399873611179534
ARAF,-0.6396850331896502
EMD,0.29708361589750665
DBN1,-0.18831780302431197
PKP3,-1.3521643594897235
MYO18A,2.2602846240511605
HSPB1,-0.7040960146997192
H1-10,-1.8786230054191841
RPL29,-2.0633528641043335
FLII,-1.869341431374287
TRIP6,-1.0716582410949762
CPNE1,-1.3187359878321414
RALY,0.3083680311996635
EIF4G1,-2.2097279303558497
ASCC2,0.4526915461941082
NUP210,-0.3424839512214642
TM7SF2,-1.297946952401839
AGRN,2.273785434166389
PBXIP1,1.4506268225666554
PANK4,-0.9265590302119682
HDHD5,-1.5432676458452363
TRAPPC9,-0.5052069792731138
ARHGEF1,-0.36873747637708987
CNOT3,-1.2085179374835886
RRP1,-0.6237297394901097
BCL7C,-0.9509572433620912
RBM10,0.7763411656123089
DCAF7,-1.2267675047854996
CAPN15,0.27661004828711244
ARHGAP35,-0.27625667050296576
ABCA2,0.7625185297407944
HNRNPUL1,-0.3937615336071588
MAP4,0.032658762870796026
TRIM28,-2.2071162446340096
UBE2S,-1.148078012132285
COLGALT1,-0.10015800102389162
CHD4,1.0456913109941923
SART1,0.7160981348657901
TTLL12,-1.4378210481396188
ARHGEF11,2.310325318517269
BRD9,-0.7393251034573833
MRPS34,-2.394969828108542
PIEZO1,-1.101371752572665
VKORC1,0.31802135857118274
MED15,-0.8571308942501077
MCRS1,1.86671902419543
MBD3,-0.5661578190447346
ZBTB7B,-0.5794111557395261
EDC3,-1.2498677707580423
ZNF787,-0.026218914146525753
SHKBP1,-0.7897457999302384
VRK3,-0.9893492638041479
MED16,-1.2714071570235612
PDLIM2,-1.131847439706074
TFPT,0.4038517420732345
THEM6,-0.43470235190622564
MTA1,1.117969171473801
KIF22,-1.5648976275043496
BOP1,-2.158360947082975
MPG,-1.82325604140074
STRN4,0.20118858853560345
EPN1,-0.33544334269627846
GTF2F1,0.6741075157800055
ZNF768,-1.3637253886702303
INTS1,-0.8927793565736222
GTPBP6,-1.5773308678883844
EHMT2,1.219400541873166
RBM42,0.43656352844988383
B4GALT7,1.9721032205997846
MAZ,0.39164168628879276
TMEM120A,-1.1215200789470359
HIP1R,0.44810743604189224
NOC2L,-2.382358504758727
LRCH4,1.2766494065591438
OS9,0.934639437752666
UNC93B1,-1.3639118238383063
MBOAT7,-1.2167465011178815
NHERF2,-0.9208100513147282
FBXL6,-0.8207449201513668
RELA,0.1667843015371889
MOV10,-1.0002235532899086
TARBP2,-1.8474119498788484
ACOT8,-1.4324397719571125
TAOK2,0.39233938607102775
INO80B,-0.09491706047732365
REEP4,0.5199094460633727
DGKZ,-0.9473165382160443
EXOSC4,-0.4860843380002023
CIZ1,0.49740237754232824
TMEM214,1.2295911902121812
EDC4,0.2371938406803569
ZNF592,0.9003059128876649
CSNK1G2,-0.26635173020995895
TRPM4,-0.431835787173298
POLR2H,1.9452907318845056
CIC,0.296691177427012
MYDGF,0.20478785876675726
SMARCD3,-0.437082361079458
KRT8,-1.187683917370014
SFRP2,-0.3126765366823784
MYH7,-0.13010162306431822
CASQ1,0.8063890215406129
CKM,-0.9453859474998314
EPB42,-0.6013465786436545
PHKG1,-0.4938512082860211
SLC6A5,1.9234433721559532
PDGFRL,0.238819093112397
SFRP4,0.96810942577368
UBTD1,-0.28891059450307033
MIDEAS,1.2598373754427856
TEAD1,0.5349330105934615
ATP6V0A4,-0.8344523106672169
MYH2,-0.8901587371902935
ANKRD2,-0.6893159800227234
NDUFB2,-1.407387067282598
TCAP,-0.4707938327072727
ARHGAP44,0.17860205979756996
TEAD4,0.1093490383784029
UROS,-1.0865285158530869
MDH1,-0.9561093284130712
ATP2A1,-1.075040785808058
MYH1,-0.9366543457132797
DLC1,0.34115836053709503
LSM7,-0.18707828922509315
ZBTB7A,1.9181106908872334
DCP2,-1.2936547383991641
NOS1,2.1934057890715923
CAP2,1.113763629505154
DCP1A,-1.210850859453501
AMT,-1.2365617415556658
SLC7A1,1.636112088855199
ERG28,-0.7311684308796139
GBF1,-1.2955676691153164
NAA16,-0.3021666915556362
MYH6,-0.8437351407226459
RRAS2,-1.102549806962035
ATP1A2,1.800683090928874
RNPS1,0.10458215086390682
ADA,-0.3475932146465357
POLR2F,0.988509664591756
OXA1L,-1.004401842536329
MAD2L1,1.9752655333544797
SQLE,-1.2451675035598628
COPS4,-0.1263738120802031
APOO,-0.9470676264064983
HIF1AN,-0.04749126377281213
G3BP2,-1.7247682807476752
MINPP1,-0.5168191214157996
KLHL7,3.0325470334122633
EXOC6,1.4263687219115064
KIF11,0.8776553885997627
ORC2,-0.011450572747950439
DHODH,-0.35358214439425373
ERC1,-1.2922275480272398
ETFDH,-0.2308910111010944
ATP5PB,-2.425709516891252
HNRNPAB,-0.2995722307508268
MRPL37,-1.9651907269463749
ABAT,0.3707039638825995
SLC34A1,1.4444120878475002
RABGGTB,-1.2147104821656656
SAMM50,-0.8014559314428226
ATP5MC1,-0.3463405981163972
SIAH1,0.5343443817949324
DYNC1I1,1.5235595771849357
NUP155,-0.6474109067620903
FTSJ3,-2.018083145896678
TMEM147,-0.5792244780756265
CAMKK2,-0.9441051377890453
SLC25A3,-0.8819787314947125
MGST3,-1.1890762194306819
C1QBP,-1.668645565004201
XYLB,0.6383062608571178
POLR3F,-0.40505767661076025
DCAF8,-1.1215827240134348
COPS3,-2.1959079628661815
MRPS22,-2.164204967163752
METAP2,1.730277306850664
ELAC2,-2.0563137083122234
PFN2,0.47517727940859117
ACOT2,-1.27568535327061
PARP8,1.5717903915370197
INS,0.5329362572293157
PDHX,-1.2081428000115255
CPPED1,-0.5369347298830048
ADD1,2.335933492392754
FERMT2,-0.27330181597231773
BCKDHB,-0.08985187860288685
SCO2,-1.56432853213057
AMPD1,-1.0112776758578603
MRPL21,-2.257972988465509
MTHFD2,-1.2199918388499247
MAPT,1.001328849974864
RBM45,-1.1826471543164894
MYL6B,1.052552826542474
FHL2,-0.8809690935438969
BCS1L,-1.5739878220723156
EMC2,19.307345405410913
CBFA2T3,-0.5698383659685611
CHMP4C,0.04634357317425145
PNPT1,-0.4982667978377829
MRPS9,-1.5869640579497857
MRPS15,-0.31141991888686615
MYH4,0.38134302903594663
PPAT,0.00024626893330269696
MRPL19,-2.2785665319232384
COMMD4,-0.3194469607533077
PRKAG1,-1.5967304883558244
NONO,-1.6673539648247047
LZTS2,1.0206904876540823
PRRC1,-0.6494504180000972
MRPL1,-2.029836354832548
SLC25A12,-0.8788204465293965
H3-3B,1.2527273334017328
BDH2,0.640903689592082
GCLM,-0.48183428758230096
AURKA,-0.41180129816061595
NARS2,-0.4758807044297964
PXDNL,1.6459469327347702
PAICS,-0.5783026066767173
MRTO4,-2.0394843976370205
XPO6,-1.2294613337190123
FAM98A,-1.4065209838628092
PDPR,-1.1566468259499558
YOD1,-1.0460978937302756
NNT,-0.7147119838237699
ARFIP2,-1.2180185200254392
MRPL44,-2.0974240453292587
MCFD2,1.4917190603941535
HPF1,-0.3744990884842828
NDRG2,0.007083138821510506
CDIPT,-0.7450450665269691
TPM3,-1.6055206440922616
NDUFB8,-1.31889606360716
COX2,-1.7770463739913003
ASB8,-0.7715290213278809
CDKAL1,0.7121202738100242
LPL,-0.08524308295777419
RPL26,-1.9201259439991611
TSC1,-0.21708982272967745
DHRS7B,-0.35342406156303974
CKAP5,-1.619737425369402
SFPQ,1.9932729061695496
TRIM25,-0.9493004517554671
CDK5RAP1,-0.637238939492233
RPS27,0.31452088595532496
UBAP2,-1.1730107786142558
ARFIP1,-1.2468794236298688
DDX4,0.4947650074076864
DDX24,-0.9006878399358716
UQCRH,-0.11579211997295072
DHRS13,-0.9483257455612435
USP13,-1.4508373024762693
GAMT,-1.2274808828142627
UQCRB,-0.49327532182791356
DHX30,-1.6892747403502058
GMPR2,-1.1395580103546084
MYH3,0.3569784558290506
MRPL11,-2.4665418595885047
COPS2,-1.6568724249957814
DUT,-0.1963278827548442
PCCB,-1.0286091824447439
RAD51C,-1.1725211603824757
NDUFA4,-1.862206109586692
GMDS,12.844093070161197
TOMM20,-2.2548211431678262
PRPH,1.553122783668226
MRPS11,-1.83612214693285
FOXP3,0.3795451409262534
PLA2G4A,0.21782782707693718
PPP3CB,0.9890342700568056
QRICH1,-1.072710428767545
MYH8,-0.8026874656380152
TARS2,-1.8497151758016293
SAV1,-1.1594359327044688
MCC,-0.492599241099813
PLRG1,-0.46612719088274773
CEP78,0.655676815581222
HAX1,0.010789754792339864
DFFA,-0.793490138764626
GNAS,1.090135559653669
COQ8A,-1.2352875513887456
MLLT11,-0.20373831281886773
MAGED1,0.15123950953093734
GCAT,-2.0459759380945965
SUPV3L1,-0.23778202707495633
CIRBP,-0.22241775951122414
SEPHS1,-0.8834433831714265
PCBD1,-1.5343432421497398
MRPS27,-1.8123489430848145
GRSF1,-0.7939319158700751
EIF2D,-0.9509483748657124
ASB13,-0.8955742050471187
ZMYM3,0.9000282972523321
NPRL2,-1.0725866476589574
NPRL3,-0.9138688292321978
SZT2,0.4742171162528518
WDR24,-1.1475451182158745
MIOS,0.025000563817503044
WDR59,-0.5263321680975453
ITFG2,-0.5579951004472872
KPTN,-0.724842050136287
CASTOR1,-0.6323975820406624
FNIP2,-0.7359256644200358
FNIP1,0.35791926549886743
CASTOR2,-0.6087734718424681
FLCN,-1.059297420708695
KICS2,-0.6985091472681204
TBC1D7,-1.1819593282690768
RRAGC,-1.7155855907307815
BMT2,-0.7618193990243308
SESN2,-0.9327546864921028
SEH1L,-0.5069094894969189
SLC38A9,-1.108635327760329
DEPTOR,-1.066887092289222
SH3BP4,-0.7817457764814233
LAMTOR2,-0.39840584871222473
LAMTOR4,0.7498068661161499
KCNT1,0.5814795842232159
RNF152,2.135466874272163
LAMTOR3,-1.264746730293859
TFEB,-0.7888596984133985
CHRNA2,2.0637962633369935
LAMTOR5,-0.022546331601187568
STRADA,-0.8730021126397453
SCN1A,1.3139376341243272
CHRNB2,1.782946755138811
ULK1,-1.8360747442479166
CHRNA4,1.9999833483421487
SLC36A1,1.09988946303725
DEPDC4,-0.4802396396996965
DEPDC7,0.36881837048167454
ATP6V1G1,-1.4249073885771628
ATP6V0E1,0.18584483872319926
ATP6V1G3,-0.6265918215954593
ATP6V0D2,1.3294187861791087
TCIRG1,1.2018861373223717
ATP6V1G2,1.4922297437172247
SGK1,0.44668591500088145
KCNQ3,1.6734971261313238
KCNQ2,2.4056231732451034
ATP6V1H,-1.8357573407429097
SCN2A,2.222752213151665
PCDH19,1.6133100728099712
SESN1,-0.9027555713883987
SCN8A,2.1976633334373377
GRIN2A,3.0458094880970443
KLHL22,2.234524247335001
DPPA3,-0.9473325445792052
LGI1,2.9575408045725933
MAP4K3,-1.170004296537614
KCTD7,-0.19741067107169327
RRAGD,-1.0819872473538625
SYT17,-0.2699387420886746
PRR14L,-0.7564242318409767
CHD2,1.0481714269119746
TBC1D24,-0.5227794695007624
MCPH1,-1.1553065557468116
MTMR9,-0.19772120348031857
BEND2,-0.007093512343073761
ZNF414,-0.8706758105823389
SCN1B,0.35419575679317666
GABRG2,1.8683339279353635
LMO1,-0.10632191541295444
ZUP1,-1.4004328575730105
ATP6V0E2,-0.8205014460507633
POLE,-0.7776036884709795
MRPL15,-2.039576027044191
VPS11,-1.904359854114396
STXBP1,2.2515066959484935
PIK3C3,-1.920054197249575
BRF1,0.31204034373662987
UBE4B,-1.2519478113030904
PIGO,-0.23440062606671697
PLAA,-0.3920272388563162
EXOC4,2.084705272191479
MCOLN1,-0.8964260542000719
DHX38,-0.22183581446728698
LSM5,-1.1928358329432767
TTI1,-0.026537846473405884
CLEC16A,0.347072102713167
ARFGEF2,0.3523771867064331
SMC1B,0.12325185453658645
UVRAG,-1.8963254208622449
TCP11L2,-0.7328713141886909
HPS4,-0.5685055929630154
LPIN1,-1.001185328144296
SMC1A,-1.0585728521366513
MYO9B,0.9709385807978466
ZFYVE26,-0.01447782267550754
SF3A1,0.6046457351250247
VPS33B,-1.5012204932355786
SESN3,-0.763238152566758
RECQL5,-0.5787407163773656
CHD8,0.7668566937019987
MADD,-1.1943051982797028
HNF4A,0.7053175628908651
ATG13,-1.560848993627482
CACNA2D2,0.40636842326760175
HYAL1,0.6567460743568684
TUSC2,-0.5460825314344143
NHS,-0.5183763666176407
CYB561D2,1.2936670638795287
MEX3D,-0.5067032255079513
ZBTB5,-0.6537083841519985
ARL5B,0.7353404689825699
MAP3K6,-0.844481883435502
LRCH2,-0.7307913041491523
ZMYND10,-1.0542282170861383
GRB10,-0.492739753259494
CHTF18,-0.6678401752046715
BRAT1,-0.5055201404183376
SEMA3F,1.8432670097283144
PEX1,-0.6928426191785998
ACTR5,-0.2572789943722421
RAD17,-0.8722908197019936
TNKS1BP1,0.1819835605134466
PER1,0.7099977116642457
HERC2,-1.1053325034930261
VPS16,-2.288811124764773
APPBP2,-0.732298804051613
ARL8A,-1.538836248950112
SNX1,1.4289098491483179
GNAI1,0.5740541438199002
VPS53,0.118870607605782
PAF1,0.3084396030558945
XPA,-1.055794165993276
LMBRD1,-1.183337563364127
CCZ1,0.36702898151647667
CCZ1B,-1.356412044109283
PEX5,-1.4550171020969156
CTNNBL1,-0.07150571095396578
ACOX1,-1.0626049040199246
BORCS6,-0.7734525343763664
NDUFAF3,-1.3399334954113893
FAM32A,1.0176419655692786
ATP6V0A1,-1.4058228806577666
INTS9,-1.2215783033116525
NOSIP,-2.131636434753512
PAN2,-0.48582186357251034
UROD,-1.7568936213184085
ATRAID,-0.861333306556279
NUP85,-0.6332416636660005
DHX16,1.4853640269310127
EXOSC5,-1.0112994393654653
BAP1,-0.823952092312978
ARIH2,1.7206113799600324
COG2,-0.8193219884649521
UBE2QL1,0.045925350674670094
NISCH,0.038062897030595594
VPS26B,-0.5022867545494216
POP5,-1.4057284192165105
CDKN1A,0.16650673297099852
MCM9,0.07492909461258945
ANKRD37,-0.6345959615570652
WDR19,-0.9569673745031235
HIPK4,-0.6946842851560577
NELL1,1.512184566616853
SEC16B,1.2611134813433353
IFT122,-1.0550045549719607
EID1,1.3547088704783354
CDKN3,-0.7976017284869962
WIPI2,-1.869057092391146
NIPSNAP2,-0.7437236119594672
BCAR3,-0.37282867789976437
GLS,-0.2686919545811923
FBXO25,-0.5099119033467154
TRIM21,0.13677911141026344
TLCD3A,-0.3312614707940234
RB1CC1,-1.3133283178269002
COPS5,-2.122336268589496
IFT140,-0.32353153942884927
RNF126,-1.242287609582584
CAMSAP3,-0.9927258285081109
PIH1D1,-0.8403729068338786
WDR35,0.444763320774761
MAPKAPK5,-1.0127029014666633
RIOK1,-0.38309063782605446
CCDC40,-1.0050092116342566
GABARAPL2,-0.038276608068774635
FLNC,0.4628436488871173
IFT43,-0.8469851650504139
FASTKD5,-1.1059353105070633
NOP58,-0.5693959231089235
WARS1,-0.9238656395476857
NME2,-1.4089973517165562
CDC34,-0.7218817342973826
CALM1,-0.4817696004534283
XPO5,-1.2978468650537016
ACD,-0.8646767454431779
NAXE,-0.6428230084113876
TTC21B,-0.9182818209275598
KLHL9,-0.15706373943404667
SMS,-0.7861152645144055
ZBTB38,0.4789617114489432
SIRT7,-1.1105129109257124
PAPOLB,-0.12341095794394086
ARHGAP17,-0.21882732793590723
YKT6,0.03524004361971132
CKS1B,2.210341135080174
NDRG3,-0.1737562002987494
MTMR2,-0.31226980173274915
GTPBP4,-1.3800207124318429
GGCT,0.3268950188188929
TINF2,-1.2034768360780856
CSTF2T,-0.4252155744738102
PSME4,-0.9340214387540086
HCCS,-0.937664958440187
ZMPSTE24,-1.7771134517393021
CKS2,2.1863316392394854
CCNC,-1.5337383485607037
POT1,-1.3806982348970103
RSU1,-0.7806113189953168
TERF1,-0.6137425936917963
ATP5MC3,-1.7464345462479713
UBE2V1,0.4179810996533418
YEATS2,0.6710768154589938
UBE2D2,-1.2196833455400702
DYNC1I2,-1.4002038285234297
ZHX1,0.6670658748914178
RMND5A,0.841702448380212
PSMB6,-1.6985996781039467
CDC27,1.3245382766034048
G3BP1,-2.0798164741644793
FBXO9,0.9665316318605794
PITRM1,-0.7311438740976138
DPAGT1,0.1512412164653529
ELAVL1,-0.26276018632018316
MYH13,-0.7570701774998982
MAEA,-0.15373593573762678
DNAJC11,1.9954385460326025
ZNF593,-0.8188584371691089
STT3A,0.018978433732624273
GSPT1,-0.6399625067115727
RBM34,-0.918585951912932
PNPLA7,-1.0183780238598406
DIP2B,-0.8348888568905415
WDR36,-1.1950928653658361
AKAP11,-0.7620033597405516
RNF20,-1.244206133210719
ESF1,-1.6116882092291123
VPS4A,-1.6971424712668148
ANP32B,-1.162328684646124
RBM19,-1.428902007429798
HDAC3,1.5180304384345888
SLC20A2,0.6403073001575148
SP2,-0.7981157399433382
MYH15,-0.5551507089446093
SRSF4,0.1342135858573604
KLHL20,0.9245246861813874
EXOSC3,-1.0835727245579372
MBOAT2,-0.6453262368907674
SLK,-0.2786081874105378
ZNF281,-1.2251661771911069
ORC3,-1.3660744584619484
NANS,1.3364826037511655
NCS1,1.6057223776562677
WDR26,0.1524852692364359
UTP14A,-1.6155504514332428
RANBP10,-0.23700715804878258
AMD1,-0.23092332941122795
EXOSC1,-0.8663078970231499
CARS1,-1.280293197731478
OPA1,-1.3424373788529098
KIF2A,0.4001768864098448
GTF2E2,0.6338198671320205
WDR82,1.043247360815144
STAG2,-1.090912833082019
KMT2B,12.66864706007203
SLC38A1,1.0598216077132885
DCAF1,0.0968803793679953
SYVN1,0.9911376872614222
TRMT6,-0.7621984696072853
BMS1,-0.09006074773651399
GTPBP1,-1.1570001466877833
AMPD2,-0.09927287982491784
RIOK2,-0.6862318040682099
RPS4Y1,-0.9390982719118508
MRPL58,-1.5927213302310814
THOC1,0.24057603917713646
RER1,0.6187540679426725
NOP2,-2.0441963881684195
APIP,-0.5200427415512896
NUP205,-0.2859205316462646
MAK16,1.6733663372353509
CTSC,-1.085549354684283
NSUN5,-0.4507716874143493
POLR1D,-1.2450104351509803
ABI1,0.32315942663549496
KDM1A,0.9068499098414559
DNAJC13,-1.3446177697581592
NDUFAF4,-1.7393413099145731
WDR5,0.018618979110021916
TIMM21,-1.4625121633771268
TCERG1,1.1250632339955278
KLC1,-0.6703099589166711
RPP30,-2.147520647658507
CWC27,0.40907654414290384
EFR3A,0.24613229656207072
PAPOLG,-0.9058131542265186
GTF2H1,-0.14830069635425122
POLE2,-0.8453779602745682
SF3A3,1.4772324396041963
LEMD3,-0.7207431332400613
SPECC1L,1.6898267609964965
QRSL1,-1.3596485702011953
RBM5,2.0431120942836474
CD2BP2,-0.12926413201838993
ANGPTL2,0.882151507393259
CERS2,-1.4671525453487186
SLC25A29,-0.6832168461007374
TXLNA,-1.2845171296001305
GLOD4,-0.758480323978443
POLR2I,0.5854146309535229
SNAP23,2.1768633113734235
CD109,1.5797020105989943
TMPO,0.4260838160837791
DIDO1,1.390944553795618
CEACAM5,-0.7226046820388679
GTF3C2,1.1648028270837234
SOX2,1.5099334734762935
THY1,1.1115726564771355
TYMS,-0.7975772991861589
ALPI,0.06096532929375856
CTTN,-0.6245787879498097
SSR4,0.36340811845126686
SENP3,-0.0673209067879838
PRPS1L1,-0.501327176496065
METTL3,-0.19270022052067495
UBA6,-0.9454091314669664
UCK2,-0.7585767680862872
ANGPTL4,-0.9555886562494449
KHK,0.509742723515564
BMI1,2.3268664462369086
DBT,-1.5059198716801754
TAGLN,0.5918212852536349
LMBR1L,-0.21100432497962965
GAB1,-0.48008129160657753
STK38L,0.9749495347040938
NCAPD2,-1.3492409046793976
PLCG1,-0.5239758518643552
ALDH5A1,-1.1197519432613043
HARS1,-1.7729793746284548
SAMD9,-0.8866348909633761
SLC20A1,0.294220422001709
METTL13,-1.5152924746395922
PLOD2,0.06890274694492193
MCMBP,-1.18121675523659
TTF2,-1.6074530074051139
CDA,-0.9763791390327005
ODC1,-1.635447716217065
FOXM1,0.20094440021594462
ZC3H14,-0.6988504368145682
ALDH8A1,-0.48486394109145625
TARDBP,-1.2896062773858057
RNF4,-1.1207125010447985
ALB,0.9634307695819707
CDKN2A,0.3072160702455567
CAMKV,0.9324175257695622
ACOT9,-1.6371035482478686
DDX3Y,-0.2647274939748831
E2F1,1.0797937890885043
HSD11B1L,0.329376788362628
KPNA2,-1.7449482293904177
EZH2,0.22134561721479937
UPP1,-0.970493004993302
HACD1,-0.596670106218146
AHNAK2,-0.6397253498576743
BIRC5,-1.5772994009474892
PTTG1,-0.6449987019898517
NANOG,0.6630163555258773
RHOBTB2,2.5987499562394567
FEN1,-1.921614247696875
ACSBG2,-0.11539183070364875
LRRC42,-0.5191439529313764
TPM2,-1.137192613544789
LPCAT4,-1.1129755804638022
DHX57,-0.5586351275998326
AGR2,-0.3505131092613594
H3C13,1.9606629845642805
PRNP,0.08727504766276993
SFXN1,-1.4442497292427023
H3-4,-1.312887890250734
H3-5,-1.8712941923576452
MSH5,0.473285342428785
CAMK2G,0.4208526934285258
PAK1IP1,-1.8609544384310912
NCEH1,-0.4514482424824038
KYAT3,-0.26681693621735797
ATP2C1,-0.7240629596731329
KNL1,-0.5381339646774671
DHCR24,-0.594922753599128
ZNF395,1.1146302877915024
NFIL3,0.3377504316912351
STMN1,-0.4608048652387252
CASK,1.5089966559919252
PRKAB1,-0.007042103240343471
NDUFB4,-2.211339507919256
RNASEH1,-0.2816615160604535
SQOR,0.8949382983278816
TRAPPC14,-0.7432436226220014
TACC3,0.070247461384555
PRAME,-1.0721632776298198
HTR7,1.4305146061134395
WNK1,-0.05113778006767578
COPB2,-0.8226999727324894
TP53RK,-1.1850788933181253
DNAJB4,-1.0197127903569894
H2BC3,-1.993133136627534
EIF4E2,-1.640100228300371
H2BC1,-1.6090186528323598
PFDN2,-1.307221901054252
MPRIP,1.801850124630199
TRIP13,-1.0833064606631904
HNRNPU,-0.5896638204290638
DCTPP1,-0.9483913799611385
S100A6,-0.2576725172724037
FANCI,-0.7158382038924259
HMGA1,-0.3727646314603356
MYG1,-1.4914978868830722
CLTB,-1.3552102077737473
RTN4,1.3045958244965379
DNMT1,-0.8062436612308255
NASP,-0.2586869523832496
SEPTIN7,-1.3183675225768796
PSME3,-1.7001834893361878
EBNA1BP2,-1.6960663100987585
TUBA3D,-0.5996995155327781
IRAK1,-1.7059064385029805
MAP1B,2.3711871463384377
RIC8A,-0.7904400119967692
SNRPB,0.3282337037447518
SYNCRIP,-0.2245725068933285
FTSJ1,-1.6400053503382752
RFTN1,-0.2727782389100076
INTS13,-1.026260844828259
PWP1,-1.922541418238741
TPX2,-1.072353530309635
NSD2,0.8358775453044082
CDK7,-1.4338300240047075
EXOSC7,0.28809782213335106
MBD2,1.830207244734252
SRSF2,-0.05551468219149716
MAP7D1,1.3959548059548514
NUSAP1,-0.17575920693237626
KIF2C,-1.381781180251243
MACF1,0.5826005181149163
CEBPB,0.9814578465324333
SNRPG,-0.4362555783292064
HDGF,0.07535058463611259
DAP3,-2.644062372623363
CKAP4,1.1973860994980163
CCNA2,0.540600044841367
BUB3,-0.46777582946238033
DDA1,-1.2916757806105004
SNRPF,-0.35302700339797366
PEF1,-1.5513760093246016
SRSF9,0.2090501998337564
SNRPA1,0.8362807351136345
NT5DC2,-0.5616483437633747
UBE3C,0.0029994301538717313
DERL1,0.06729573424484284
HLA-A,-0.7219179214425236
MAPK10,1.0150987929890933
PCK1,-0.8090349356776884
CPT1A,-0.5358342161570362
MPC1,0.41062315803218363
EGLN1,-0.790499063526027
BNIP3L,-1.5628296668604815
HEXB,0.5237048407061369
ADH7,0.03058082504312515
F2,1.3009434876979509
IFI44L,-1.0432511284229096
ABCC9,3.094230488270247
PTER,2.135613946773562
PGC,1.1318527215226843
SDHD,-1.3643564438149638
APOL3,-0.6607588535233028
USP38,-0.22347820448611938
PPM1K,-0.9533030749609988
KCNJ11,1.0472529143603622
PHOSPHO1,-0.3779526824611942
MPC2,-0.5613478054448204
LACC1,-0.6129785196974917
HNF1A,0.007672341342459379
RAB3GAP1,-0.8241140681049945
PPT1,0.39393869834964856
DBI,-0.927856248154311
CACYBP,1.8239544369769374
CNDP2,-1.2557823303100626
SF3B3,1.0437904026002711
LYZ,-0.4752969420182446
NIT2,-1.0806930964652912
FABP5,-1.2814141062427373
SNRPD2,-0.7011468858152978
SNRPD1,-1.1885017293888887
RANBP1,0.8001607126873689
RPA2,-0.9560393388453106
FKBP3,-1.8183281723722253
TXNDC17,-1.3791846420089044
CA2,0.6596322606087517
SERBP1,21.273704968334247
BAG5,-1.3192240578900087
CIAPIN1,-1.5981549373185324
RPA3,-1.9665128279913002
UQCRQ,-2.341520292040924
KPNA4,-0.8395888211661529
ST13,-0.35648361837221165
BZW1,0.3266160131390445
HNRNPC,-0.48601627275953124
SNX3,-1.959731383718734
ERCC6L,-0.6577886587544124
EIF3D,-1.766255989532019
RPL18A,-1.65530056192723
COX5B,-2.2147212812311885
UBE2O,-1.3337973328290316
SNRPD3,-1.037110346502518
SERPINB1,-1.4220938222389843
SUB1,-1.4371640883149115
HNRNPA1L2,0.45594922159584667
GCSH,-1.4970359230196644
UFM1,-0.7173514219893454
GNG5,0.13074922156832328
TFAP2A,0.4488346236797816
DOCK8,0.47519092230089144
AAR2,-0.0583081877648219
KRT18,-0.919225565461328
LYPLA1,0.5170256965809518
VTA1,-0.6649572113052915
BZW2,-0.6743072707001848
GNAO1,2.4009283375108863
MANF,-0.43858034388934136
AP1M1,0.8622985724966562
PACSIN2,-0.6459075113420623
COX7A2,-1.1127873695505164
NPM1,-1.8257815987264734
PLSCR1,-1.5500416128887884
NDUFB3,-1.2998083736966135
RAB5B,0.2862532407976621
NAPG,-1.3835413078081658
HIRA,-0.4671192269529828
CHCHD2,-1.4611805107889482
SELENBP1,3.9264834081177233
PDCD10,-0.9933818349695323
UCHL3,-1.0833310994612606
MAPRE1,-1.3000356252314154
CAPRIN1,-1.0755851937997098
TAF6L,-1.0085379960631067
TBCA,-1.0856483142086655
ERH,-1.3499211270107239
NDUFS6,-2.1974268623982733
TIMM10,-1.968177074043855
LMAN1,0.005805608364409799
VCAM1,0.1969980882399236
SSR2,0.4009729338550447
SSR1,-0.10787193195890175
NDUFA6,-0.44098353178233934
MRPL17,-1.7521445663910902
APOE,0.26137509841121315
CARHSP1,-0.8610729571126083
POMP,-1.1983564259126636
BROX,1.6403370530923924
RDX,-0.41429101011121233
DAD1,-0.36842448304542846
ISG15,-0.18305567967411607
SEC61G,0.20495861539878785
TAF5L,-0.6387361959046367
HBS1L,0.5880092439816669
UAP1,2.1055577754525694
HDAC5,-1.8055228181647365
THRAP3,0.6416339142497512
RAB40C,-1.0326171302606988
COX6C,-1.7232511601385105
COX15,-1.9230001471400022
ATG3,-1.2646830106420885
ALG8,-0.12194534089160393
TIMM8B,-0.39741448403452245
NIFK,-1.5576988566833079
ERP29,-0.4495782730999783
VMP1,0.3572778215840325
APEX1,-0.3485754779956915
MYL6,-1.4497678247706645
SRPRB,-0.35968822141001716
RAP1GDS1,0.21277129749358886
SNRPC,-0.5057340762126876
LETM1,-2.100903828583204
MT2A,-0.9921574922013892
QPRT,-0.9761048850876208
PURA,-0.2777467311599073
RSL1D1,-0.7124083282001025
EWSR1,1.1784542693840905
PRCP,-0.6245269015695437
PDLIM1,-1.1511641682757305
RAB19,-0.8653529736136688
PPIL1,0.14213547453564848
SRP19,-1.6529372673597011
UBE2V2,0.3804839536622316
EIF3J,-1.5693044151584572
GRWD1,-1.4289808149923624
CDH13,1.3026190071312962
PELO,-1.6748499742596807
MRPL40,0.7380814300848966
ECT2,-1.4606845331009393
NMI,-1.4651454227714782
RAB5IF,-1.6504616745090261
CNN3,-0.3075170058877194
CACNA2D1,1.569209606925338
WDR74,-0.9975989058593766
NCLN,-0.6126011834532287
ATP5PF,-0.3389116468434873
RECQL4,1.0946731141655224
TIMM50,-2.1737883977375425
PTRH2,-0.6527374303022109
TADA1,-0.8789883438966178
LIG4,-0.36693900816025066
SRSF7,0.4924067940164708
LMNB1,-1.614010628538089
TPD52,-1.129491283625219
SCFD1,-1.8823961563371392
NUP107,-0.3124329177672856
NDUFC1,-1.305425615763518
GHITM,-1.702748303089215
CLNS1A,-1.5526170642764
MRI1,-0.526714203519039
BCAS2,-0.6776469962962521
BOLA2B,-1.7741965436655787
EIF1AY,-1.0805881864907487
RNASEH2A,1.905158467894561
TMA7,-1.698088782773873
CDC123,0.428575363228584
BASP1,0.3802331511345123
RAB21,-1.5626814585706275
POLDIP2,0.9048795204869257
VPS25,0.04549250378097485
AASDHPPT,-1.4360017130121432
GPRC5A,-0.9869214755030744
CPS1,0.43921317109468166
POLR3K,-0.49046026487464195
HNRNPA0,0.08417099977476221
ENY2,-1.456258245591059
MYO1G,0.3288869568031658
SMPDL3B,0.4078966691468882
HNRNPH1,-0.034599716372357814
CALM2,-0.7749156961072736
CYB5B,-1.309589814433548
UBE2K,1.2728753180238825
FUBP1,-0.667958576857001
ATAD3A,-0.5436142501270254
MRPL51,-1.5483716222667605
SRSF6,0.028159208635063566
ATAD3B,-1.9849975548653127
PSAP,-2.0435835564826275
BAIAP2,1.959467622352623
DNAJB12,1.0096161329303328
UBL5,0.014765642892457508
LHX2,1.3853769766337283
TIMM17A,-1.1207746445548772
BOLA3,-1.1422536983826737
TIMM9,-2.013825246895927
NUP50,-0.389999466171327
SYAP1,-1.6088399596155158
ATP5MF,-2.2691291722543534
SFN,2.4111878012807653
SERPINB8,-0.7670887675341448
PITPNB,-1.1022900045702186
KPNA3,-1.3120800912627053
CBX3,-0.8134964973340243
VPS36,-1.5431658903663994
MTX2,-1.6627465130564987
TBRG4,-1.5135732107024304
NOP10,-1.0178407188147498
VPS37B,-1.2300737903890988
NOMO1,-0.055235694259485595
MRPL14,-1.78436519441315
IFI30,1.5038713915229145
NLE1,-1.5936264514075156
RPL36A,-0.1309691909270905
FUCA1,-1.3028318555736662
FAM136A,-0.7478487169790549
SNRPE,0.12876884707311337
COX7B,-0.8592230171553348
NMRAL1,-1.263352651658008
KHDRBS1,0.8444477853576176
PPIH,-0.0485777985059368
MRPL22,-1.8060152023908758
NOMO2,1.3487637415323948
SMC2,-1.6446673394273814
MRPL49,-1.9463273233258755
GGH,-0.6777322661474084
BCCIP,-1.1133398766641058
MRPL13,-1.7313369193878816
NOP16,-2.1099686065945185
PURB,-1.333852677441058
NDE1,-0.25373082932501373
MGAM,-0.8567563403006534
GTF3A,-0.5365340268227952
NDUFS5,-1.5418581163413259
SF3B1,-0.43455198209332385
ATP5IF1,-0.8080350858154612
NCAPG,-1.0883226382828135
SNRNP25,-1.6324073472187302
LRRC59,-0.351904018306481
UBL4A,-1.1930918987063652
LYAR,-1.2507118061297755
CNIH1,0.5831773360660506
COX7C,0.07637938061539953
MRPS21,0.08503372180766004
CD36,0.20034010228965235
CENPX,-0.6115396599257485
PRELID1,-1.296167810454547
MT1X,-0.5115835791601223
CFTR,0.19765407046350472
COX17,-1.386533378996853
LASP1,-1.5733414701975388
RHOBTB3,1.07189649334337
FUCA2,-0.6194309023422346
TMEM97,-0.20303446061506172
CPM,-0.805616136443941
API5,-0.9800696850973156
SMC3,-1.320863819191385
H3C7,0.19847771409116738
RTF2,-1.508233077023983
LSM2,0.11094467473152367
MRPL45,-1.6007289408302476
TFDP1,0.7475238647356668
SNX9,-1.0623389231096212
MRPL24,-2.1855364274328384
SF3B6,-0.12491088648750256
CMSS1,-0.5795771006335424
TMA16,0.3315868758451986
YES1,-0.17692171852710592
LSM3,-0.6274125676800185
RPL39,1.690220988999356
CMC2,-1.7685627608697851
DMAP1,-1.293800905772993
EEF1AKMT3,-0.7177660756310478
LSM12,-1.5231908995088264
SGTA,-0.9428532861418549
SSB,-1.4855194739719206
HEBP2,-0.11211485598532162
COX8A,-1.3437628844333371
UHRF1,-0.9672990504193352
MEST,-0.39001012819362696
LAGE3,-1.3261861591551987
SRSF3,2.197963123724104
IARS2,1.231318714096334
MRPL46,-1.5623903116106528
DEK,0.1948985424251783
SRSF5,0.8589802977614538
VPS26A,-0.7114603047067374
CDC45,-0.021859903142437905
SEM1,-1.7042495898381909
TMOD3,1.783415653898807
HELLS,-1.2033740758141063
RBM3,-0.1608603039626441
GMFB,-0.8583118298442162
PNO1,-1.310883340592986
UBE2C,-0.44333051868302437
GTF2A2,-0.7133028225069675
U2AF2,1.265564961308968
ARL6IP5,0.30723664077124146
VIL1,0.43036028080100414
PAIP1,-1.093706551601461
DPY30,0.7727182195253848
PTBP3,0.07129004139148602
SCCPDH,-1.030245459461624
MRPS25,-1.4661477001337169
DUX4L9,-0.3293842452706602
CEP290,1.534683677742882
DUX4,0.014952745477578749
MAPK13,-1.0618518471336287
ASB9,-0.3668212335106479
UPF2,0.1655540880602613
UBE2E2,-0.9806847764185936
PAXIP1,0.47067711390072375
OBSL1,2.8793058513044496
TMEM33,-0.8955736788396207
MKI67,0.9402625427473315
C11orf58,-0.6219927678930909
BUB1B,-1.3356177436126246
UTP18,-1.1232110954492098
RPL36AL,-0.006415792858320875
PTP4A1,5.490979759041102
RACGAP1,-1.6845434433348072
EBP,-0.8216024167466206
ZNF207,-1.4498699980567904
MACROH2A1,-0.3032099515343732
EIF4G2,-1.0771129986932266
TMSB10,0.44586648517179195
DPM1,-1.2687085660109532
SNRPB2,0.18414307091487023
SRSF1,-0.13866725768854712
SRSF10,0.4229961274622575
NOLC1,-1.212302457218666
RBMX,-0.2372838617610265
AP3S1,-0.8808554618024179
TRA2B,-0.15145529584177975
HSPA14,0.5355274267723314
MTDH,-0.6274693038154198
MRPL18,-0.8979569081183867
MCTS1,-1.5905617714274587
WSB2,-1.0095275941400166
GPN3,-0.8911326975021475
MRPL9,-1.2581310983981622
SLBP,-1.0340372546267642
CDCA3,-0.7267879872885791
FDFT1,-1.1079773188964275
AURKAIP1,-2.144385405400901
EIF4H,-1.1674546571277233
ANP32E,-0.3336834589969238
SEC61B,0.38456009392260104
ATL3,1.471144820853221
TMX1,-0.7537099249441107
FAU,-0.13004431658342366
FAM210A,-0.7653319302164562
MCF2L2,-0.04666019495671581
RPL41,-1.2127070026686297
PPP4R1,-0.9324375226498659
NEPRO,-1.2258565265008121
ARHGDIB,0.38426069916875305
COQ2,0.4835141183380867
ARHGAP24,1.6490635518789782
RAD52,-1.2484909547451404
RIDA,-1.312155560153417
CMBL,-1.0880640204282843
H3-3A,1.329261071929894
UFC1,-1.3052779479206489
CHMP2A,-0.1724708645661245
CUL4B,-0.8810012440244156
CCDC6,1.4035623885941906
MYL12A,-0.24603061516879957
CTNND1,1.1685824609170394
MAP7,0.42736821074582504
NQO2,-0.15337760887411542
LSM6,0.12867831395692286
ALPL,-0.316036341012859
NDUFB5,-2.029096693731654
TXNL1,0.29149894159009165
DENR,-1.629818488151512
NDUFB6,-1.526242149229471
SHARPIN,-1.5117633153473284
S100A4,0.737598892657583
SRI,-0.7704721852376445
GLRX5,-1.2054730581777857
NUDT21,0.22585433449663214
SNF8,-1.191709284502238
SUZ12,1.6821142089453307
COX7A2L,-1.036495498078839
RSL24D1,-1.072620533675313
MAT2B,1.8922847442780109
MRPL48,-1.142556876210585
TPRKB,-1.4917767777134137
TSPAN3,-0.4378118423211272
ATP5ME,-0.840151162652857
NDUFA7,-0.32642623098678303
MMADHC,-0.8853267476252262
ISCU,0.2708947177189982
HEBP1,0.5127196188926306
ERLIN2,-0.3067579858495324
PSMF1,-1.1300552540727111
UCHL1,1.6995022519031961
POLR2G,0.5325930714768167
GLB1,-1.3929272141000677
CISD1,-1.3493377295718594
HEXA,0.5353372162429706
FERMT3,0.29972772976051687
DCUN1D1,0.2181286782021201
NTPCR,-1.5836301983658199
PNN,1.1340703696104026
MARCKS,1.4650408010550198
KRT6C,-1.0129821669334345
MRPL16,-1.5871446779282667
KCNMA1,3.5550481321877183
HACL1,-1.4370002332961005
CWC15,0.28507732250949214
IK,0.08336955285809695
NDUFB11,-1.2545259690752026
TSN,-1.194231769054567
SERPINH1,-1.26622239543936
NAE1,2.085650282003533
KRT10,-1.4010464293765452
MRPL42,-1.3915646196244311
KRT5,1.9973649373401032
ACOT13,-0.6756677554949009
ISOC1,-1.286220389388002
HSBP1,-0.6369203680159216
MAGOHB,1.2024508643212937
UBFD1,-0.2759789283027602
PRKRA,-1.2015240937181468
PSMG2,-0.5171322128795708
IFT25,1.454931732090728
MCCC2,0.9701549733849801
VTN,0.5352671368814034
C19orf53,-1.5630905793381862
FN3KRP,-1.4751982356558346
HMGB3,-0.12897812693027835
RAC3,2.3562571065833384
HDDC2,-0.6692295737286291
EPN3,-0.213193994984989
SNX5,-1.200269423024335
UQCR10,-1.799555417847937
RBM39,-0.5890729563068602
TFCP2,-0.7597220690066258
NANP,1.2873945269855358
SRSF8,1.104310067204083
BCLAF1,-1.1193960291732992
HNRNPDL,-1.0147968506444247
HNRNPH3,0.05455296276789417
ILF3,-0.6695512441423351
U2SURP,0.23602756829488353
CPSF6,0.4223514056800872
PSIP1,-0.1291945923051765
HNRNPR,-0.41287527245666056
BAG2,1.632614721419493
SMARCE1,-1.1404916167548798
MRPS18B,-2.1541985644840387
MRPS31,-2.371250685128322
TRMT10C,-1.4283979675309235
ABHD10,-0.7806088891068687
MAIP1,-1.2537299490954008
HLTF,-0.5999882884329442
RECQL,-0.7905886859652643
MTREX,0.37243866550955684
MRPL39,-2.1697366862923184
NCBP1,-0.3402825200548329
YARS2,-1.9406627625570747
WDR3,-1.6986517412787154
PRMT3,0.6429448988124075
DIMT1,-2.1225870505619575
EXOSC2,-0.0880630358871112
MRPS33,-1.7478336400985168
NOC3L,-1.905739042554053
LBR,-1.2925380646711548
GEMIN4,0.8591186044005777
FXR1,-0.5330553991777137
RRS1,-2.025333662666355
MTPAP,-1.5447175255946057
FRG1,-0.34984399751524403
CMAS,0.3701313723591946
MRPS17,-2.003824926117081
U2AF1,0.41698600840615324
MRPS28,-1.8242299401141835
CETN3,-1.1409413741380505
MDC1,-0.21656438163701655
GEMIN2,-1.3518665218697097
LSM14A,-0.5054150384416635
WDR77,-0.8632394494268728
KLHL42,-0.2120617748858018
BTBD1,-0.9430626562391443
NKRF,-1.2889832634444414
GAR1,-1.0388327824563632
NUP88,-0.45525736209548523
TFB2M,-1.5662278658789581
C8orf33,-1.4651869813557923
HTATSF1,-0.5416926569915477
MIPEP,-0.9826737008635461
SRRM1,1.4124361463112491
BUD23,-2.14372892081187
UBE2E1,-0.5385146060374923
PIN4,-1.5052662170742985
NUP133,0.4295620710507525
TXNDC9,-0.8517026162026051
ORC4,-0.6649885454647413
CLASP2,0.18318437983312014
ADH1A,0.3999277061131104
ADH1B,0.690986845442398
ADH1C,-0.44719996993648803
ADH6,0.27072416247492137
ADH4,0.7048990456730534
ALDH3B2,-0.10953453712432276
ALDH3A1,-0.7781150584347365
CYP26C1,-0.13751409358094066
CYP26A1,0.9116946761753245
CYP26B1,-0.2835055715747633
CYP2A6,-0.702723118861275
SDR16C5,-0.5811969699139937
CYP3A5,-0.3710246246052049
CYP1A2,-0.6051449965667611
CYP3A4,0.17145035540492934
UGT2B10,0.04614433250150577
UGT2B17,-0.04344734026603625
UGT1A4,-0.06210000136960037
CYP2C9,0.2952796279017061
UGT2B28,-0.02601880899738514
UGT2B15,-0.1864695019984511
UGT2B7,-0.12622492262037124
UGT2A1,0.34046023826235877
UGT1A6,-0.2018646546388218
UGT1A1,-0.20706433397274332
UGT2B4,-0.021160651215358716
UGT2A3,0.006251546184940956
CYP2E1,0.5211146103280189
UGT1A7,0.02790679804753644
UGT1A9,-0.09363252660941986
UGT1A5,0.05368532946628681
UGT1A3,0.014038408883309839
CYP2A7,0.5366057623000943
GSTA1,-0.20511133225823294
UGT1A8,0.01336404680513889
UGT1A10,-0.09812198194764608
RDH16,-0.8854570206516362
DHRS9,0.33608374456065626
RDH5,1.534210342701492
CYP2B6,0.7564619667201534
CYP2C8,-0.4715061465249812
GSTA2,-0.10986032170450453
CYP2A13,-0.27467387717088715
CYP1A1,0.4014102500827256
GSTA5,0.17499331312523864
AOX1,-0.9762203897145277
CYP3A7,-0.5998940684276668
GSTA3,0.045098412956032216
SULT2A1,1.9303298611304005
GSTO2,-0.2720670925783656
GSTM5,1.3803755435398117
MGST2,-0.15831083772968868
CYP2S1,-0.21097988859587044
GSTA4,0.04866655455313571
GSTM4,0.10478231571367913
CYP2C19,-0.388580002525206
GSTM1,-0.17507294599455525
UGT2B11,0.258760435895677
UGT2A2,0.6152395004469026
GSTM2,0.10626181117716803
CYP2C18,0.6552922529205565
CYP2D6,-0.5878947755534515
EPHX1,-0.2626229724000265
HPGDS,0.27467930766514786
CRABP1,-0.26304700257357727
RDH14,-0.9678698818584605
TP53I3,-1.2873808630524826
ACSM2B,-1.0642863525387571
ALAS2,-0.30096287623534657
SPTLC3,-1.2079800926529922
ALAS1,-1.6330666256489306
SPTLC1,-0.6336074297571108
CYP4B1,-0.10178955794640897
MGST1,-0.31729026150298756
GSTT2B,-0.08611362965402874
CES1,-0.9214270977317232
ACSM3,-1.3535262654940758
F13B,0.5609432414451566
SULT1C3,2.0702719083820367
CYP4F3,-0.2537677601129017
SULT1B1,1.891861990709593
CYP3A7-CYP3A51P,0.27551599951426425
SULT6B1,1.688399194183997
HSD11B1,-0.6335770968337855
PECR,-0.6338772767865483
ALDH1L2,-0.6288027278040597
ALDH1L1,-0.054583382270600916
CYP4F12,-0.3542865055584817
HSD17B14,-0.5300914977813016
FMO2,-0.09415660123496085
CYP3A43,-0.4891513435410312
CYP4F8,-0.23329300620226395
CES5A,0.022331044149862825
SULT4A1,1.8459713357277523
CYP4F2,0.25402555977205893
ABCB4,-1.1873312116254449
CYP4A11,0.1895762578642859
SULT1A2,1.4464465448230315
FMO1,-0.24069691033417848
CYP7B1,-0.33138422928731043
FMO5,-0.19904439810163854
CYP2W1,-0.06347492027327603
XDH,-0.7698436326150585
ACSM1,-1.3792276874190523
AADAC,-0.8082169608198616
CYP27A1,-0.6274654507125236
SULT1A3,1.6050189493250209
SLCO1B1,0.07033411963680394
SLC10A1,-0.3586380004309392
SULT1C2,1.097157645057577
ACADL,-1.7208072136427097
CYP1B1,10.427812427183799
FMO3,-0.3522173910978203
HPGD,0.04122423213790244
HPN,2.034539173065138
SULT1E1,0.8808514358597812
DHRS4L2,-1.2305753919812448
CYP4A22,-0.15803183937393453
PON1,-1.0704853075646845
NAT2,-0.20656012577593044
ABCB5,-0.6636953649428241
CYP8B1,-0.37921150642682755
DHRS1,-1.2687811254257009
ABCB11,-1.1307469786907687
TPMT,-0.06276918180247017
AGXT,-0.058022596052840006
CYP7A1,-0.7861137866572288
ACAD8,-1.5202402812590807
CES3,0.4222243783856929
CHRM2,2.485174072894768
TTC12,1.473036900124892
ACADSB,-1.4444151774117817
EPHX2,0.6275161148407663
FMO4,-0.8980917433735328
DPYD,1.6236268148468564
ABCC2,-0.23409355457175313
NAT1,0.24800110375567605
ABCC12,-0.4496486820306541
C8A,-0.003101172718071076
ACSF3,-1.7226273753638675
MAOB,0.9291198334315599
ACSM2A,0.896923979796955
ACSM5,0.8066184031661956
GLYAT,0.1127828860155761
BAAT,0.2256985108149006
ACSM4,-1.1322386844827914
CYP4Z1,0.294462157541072
NNMT,-0.537768034785952
MAOA,0.773314773074173
MT1E,-0.5985668082141175
HSD17B13,-0.14621579702538326
GABRG1,8.397027534693207
SULT1C4,2.0202620599327257
GNMT,-1.074903958927644
ABCC11,-0.7583472305493681
NR1I3,-0.37785171940991985
SLC3A1,0.8417040808378385
SLC28A1,1.2053217543110286
HSD17B11,0.09485787209595362
ANKK1,1.6241196822529078
SLC2A2,0.2166718924400552
GABRA2,2.373628356029672
ECHDC2,-1.2511160320655548
DHRS7,-0.9070255066613864
ABCC3,-0.7100176540461605
FAHD2B,-1.0344993186350033
FAHD2A,-1.691013160770373
ABCC10,-0.8980672660946151
TST,-1.0435067400567661
CYB5A,-1.3625299403699718
TTR,0.25164488527792983
APOA1,0.14141086275768117
TAS2R16,2.0171325345116147
LGALS4,-0.664908490352167
ADCY10,2.0553061212055415
SLC6A4,2.4887272919744623
HAO1,-0.10388050922250701
C6,-0.18905628722847673
AOC3,-0.5151532134912052
TAT,1.2825170816542872
HAO2,-0.12361704620445457
BHMT,0.3179396699228061
AQP7,1.6610613949147117
APOB,-0.4606710134637592
FABP4,-0.5947467273160336
PTGIS,1.2708958165338593
APOD,0.27245836818908176
ABCA6,-0.6742381906776463
ESR1,0.3711693881065279
HPD,-0.2556620665035696
RARB,1.5589216713046616
KNG1,1.9877719032779553
NR1I2,-0.7019743257959018
C7,-0.246168358224428
CIDEC,-0.861935396967437
F9,0.03272138953400946
DNASE1L3,1.1658052899194953
PLG,-0.34696484617475665
SVEP1,1.400717980399292
IL2,0.5639806769124744
HRG,-0.3882270312703368
HSD17B2,1.5028981976860953
ABCC6,0.21545535202854377
DCN,2.6582008294736057
DRD2,2.554869487284285
FGA,-0.019463384921650444
RARRES2,0.004141539456454555
AQP6,-0.12125729218553188
GC,-0.7298904765574702
SERPINC1,0.1853600798120797
TNXB,0.5920789711391672
ADRA1A,2.5659130647844455
HABP2,0.7371917494144331
ABCA8,-0.7163942792457845
AFM,0.4802209607155553
APOC4,0.4064254698416703
SLC17A1,1.500701644030203
ONECUT1,0.2128940629818351
CHRNA5,1.3199569996851883
CHRNA3,1.9683237288984732
OPRM1,1.8624424801762933
CHRNB4,1.2007946411307826
ADIPOQ,-0.2685118948723798
EDAR,-0.9258373201369352
IRAK3,-0.0033042455534369078
SERINC2,-0.44301844823329556
TAS2R38,0.3108115448353325
ABCB1,-0.016980726501901015
SLC24A5,-0.04073448203876912
SERPINA3,-1.0842066539715862
CFD,-0.8281265137202034
MTHFR,-1.2513043372337207
NQO1,1.0146129337253789
CHRDL1,0.8603596439181181
PDE4DIP,0.17415108140948268
FGGY,-0.567960497578271
MFAP4,0.8913194142583699
HTR3B,1.3123120940886934
CYP2F1,-0.13986363915352906
SCARA5,1.9692877878597503
RBP4,0.09408229904817653
AUTS2,0.4865389453575737
ACAD10,-1.0733483827521952
CYP2J2,-0.16667399398068838
AKR7A3,-0.9126468445973498
MT1M,-0.8773872222824857
INMT,-0.44489059447822016
SLC22A7,0.3591614678490667
DRD4,2.013789148708812
KLB,0.3498834485036902
SLC19A1,0.23901460293578705
MMRN1,1.7239724125792413
HGFAC,0.2583833030369879
C14orf180,-0.4883225902058589
SULT2B1,1.8398808756925853
ZBTB16,0.6026406445871066
HNMT,0.4286043861061704
PLIN1,0.20384654621873638
KIAA0040,-0.30849211345185445
MCEE,-1.2315381292707983
CDO1,1.577327921971362
DPT,0.8444290592467247
CLEC3B,-0.018295723617790305
PLCE1,1.5368572378245131
FAM107A,-0.022485747502194085
OGN,-0.3753359580952865
SYNPO2,1.1498424403150451
ACOX2,-1.318806339479355
RERGL,-0.35765276404785123
BHMT2,-0.7527542381171911
CXCL12,0.7367137428245469
TMEM100,-0.45240756057725495
FXYD1,1.1394774280489606
GHR,-0.6142406670727565
ECM2,-0.10440228819321075
PRELP,0.9219029671839613
LYVE1,-0.17357317850978493
ADIRF,-0.46696526258032267
CFH,1.054794019885654
RGN,1.6086759237141597
HBB,2.7696137400260303
CLIC2,-0.004003603819798343
LIPE,-0.9257458897545114
LDHD,-0.4597649958279998
CLIC5,0.783434253090285
OLFML1,0.16939485100286159
PPARG,-0.7116610134772676
PZP,-0.8274776890694031
ACSS3,0.7892988651298726
EMCN,0.532584919066346
SELENOP,0.340518137796852
C1R,-1.368435540869093
ANGPTL1,0.13369818439357803
FGF7,0.7886249151510872
TOX3,0.9550917452005956
SPARCL1,0.6474939775583574
AQP1,0.8577313799331102
CETP,-1.0955944554638946
PTGER3,1.2103980855311378
CILP,0.21697821833409497
FHL5,1.0243354017935353
SERPING1,-0.7703987718310751
CCL21,-0.8040869275409401
LSP1,-0.02268190635109891
ASPA,0.2651356812973713
VEGFD,-0.19225024011548858
ACKR1,1.5320800963081416
COL14A1,-0.01346580255260581
EDNRB,1.5842667485885304
PTGDS,-0.14539235029312336
SOD3,1.821306844888614
ADGRF5,0.7660620041328754
LUM,2.826139886645231
AASS,-1.13299701526582
IL33,0.012798408991437867
PLPP3,-0.23653246364579542
COL1A2,2.887382031253395
TPSAB1,0.15298155174673755
MFAP5,1.1477126039085879
HSPB6,10.394229530801846
OMD,0.13849684440831217
MGP,0.09372874090514335
MMP7,-0.10621054179625754
PLA2G2A,-0.28275545454206763
SORBS1,1.091887431048758
SLIT3,2.874876179674328
CA4,2.655058016516491
LIAS,-1.3372577794727063
LIPT1,-0.5945443714946479
AGXT2,-1.1738257051012921
DHTKD1,-0.9622721317568382
TXNRD2,1.9908713139245042
PPARD,-1.1072611226681437
COQ9,-0.008843763430103483
SIRT3,-0.6791400268942417
NDUFA2,-0.6071056245824942
MFN2,-0.5621700500146747
CA5B,0.3672538594672358
AUH,-1.3455298172962356
NFU1,-1.344557165865635
NLN,-1.1463989708446345
TMF1,-0.6220886979268874
KGD4,-1.3116098527335986
NFS1,-0.8335856288998195
USO1,-1.612211439385801
SURF6,-1.7262767921767248
HNRNPUL2,-1.5688198017332318
H1-0,-0.08121515942073672
SARNP,0.6146025601266913
TOP1,-0.8098854292532482
FMR1,-1.4925287712064215
PHF5A,0.8484659732145953
FUBP3,-0.8635771352534267
UBR7,-0.16042520686980688
PRPF38A,0.2261342520559285
PSMB9,1.300792231530637
BABAM1,-1.8078391568489551
TIMM44,-1.9345888207534503
SCP2,0.41877491813162115
PQBP1,1.1382148634981324
TIPRL,-0.5001749837245024
TMED4,-0.7678205895211047
NIP7,-1.873635609921124
SMTN,0.3410265649784039
AGTRAP,0.5595379994524136
CPSF7,0.45653357366838515
RBM23,0.3455477351980406
DHX8,-0.06356499308252711
LCMT1,-1.4755072523007167
SAFB,0.002966130062237798
DERL2,0.009037694875378522
LYRM4,0.029600641317692116
HINT2,-1.61978825546476
UBE2A,0.00022772941917447622
MRM2,-1.377542981310127
NDUFB10,-2.0530614957634223
POLDIP3,0.6668653811900284
NDUFAF1,-2.1286462971183733
IBA57,-1.554085041632438
HP1BP3,-0.6723961743370875
KRR1,-1.6985720107134028
UTP15,-1.3200888787754617
PSPC1,-0.6242835736656476
PABPN1,0.29004124301506934
STX5,1.824498789663446
TXN2,-1.9098464008679454
AP1M2,-1.494349821382996
TAF15,-1.4456551127226778
AGPS,-0.5881643883849186
ITGB3BP,0.80732789571429
PUS1,-1.7058468456593232
ACIN1,0.5399160999527762
MTIF2,-1.2195058347257266
PUS7,-0.46751658812679575
COQ5,-1.7445800317337958
MRPL10,-1.1291073276607655
CWC22,1.6730802730714112
RTN4IP1,0.8365886778160716
FIP1L1,0.677272553305492
MRPS10,-1.9802689953323795
POLR2K,0.2435934677090392
PCCA,-1.1797640521669113
MRRF,-1.8788823732131088
ADAR,-1.427983551747322
MRPS24,-1.6012523775692622
COQ3,-1.6151042947084147
CHTOP,0.45426900833405337
NOP14,-0.896120491556911
SEC24A,0.4126740334761634
MPHOSPH10,-0.6401672173469597
FXN,-0.9756511724535438
MMUT,-0.8124288440404207
MRPL28,-1.49619901754936
ADRB2,0.5556730247558876
IMP4,-0.9769640140299579
TRMT5,-0.8013063062165813
GOLGA3,-1.2505906736885355
SEPTIN9,3.4412837590710375
ERCC4,-1.5176363915368842
MTG1,-1.6364979223559961
PRPS2,-1.2781389125195577
EXOSC6,-0.16542475536135312
MTO1,-1.8005401564613621
ATPAF1,-1.4422768968609934
ISCA1,-1.7051390447745383
GOLPH3,-1.3740567661330614
LSG1,0.05558287017037415
FDX1,0.06023757811505345
DUS1L,-1.80430938017135
ECSIT,-1.9478181854982253
MTRF1L,-1.3995900045855825
ABCB7,-0.6393994746133299
SMN2,-1.1960230233037896
NFX1,-0.7895180882860631
GTPBP8,-0.6693673256938425
ATP5F1E,-1.738094477276691
UBA5,-0.8012687958722596
SEC24B,-0.7366691717352815
WARS2,-1.182927796115954
EFL1,-0.8011159035545975
UTP6,-0.13151982054035408
METTL17,-0.7708889031932752
GOLGB1,-0.9069878243114597
APOOL,-0.1780479691740474
ENDOG,-1.7083439453816704
EIF2S3B,-1.4910945665320003
RAD1,-1.6956238333540887
MRPL27,-1.9403423061563838
PPP3R1,-0.6531079634754763
MRPL43,-1.6815854761251547
METTL15,-0.5807798726296914
EMC4,-0.41739426860277723
MRPL20,-1.4399787269464845
RBM17,1.11175921846765
PRIM1,0.04195244165770449
TTC4,-1.6105155581373534
DARS2,-1.5576643512926769
TEAD3,-0.7534974074026246
THOC7,0.08213616363151083
DIS3,0.18228074111451442
TIMM23,-2.0781073137498103
PREP,0.47490768249682247
USP39,0.12052746179652492
SCO1,-1.7939667259182497
YJU2,0.9675742320196239
UTP11,0.22898621376174802
MGME1,-0.005361458145156834
MRPL36,-1.6555419907353965
FARS2,-1.4052642543547218
RBM22,0.025228017329664718
SLC1A3,2.179042214293433
GOLPH3L,-0.9219116253616707
GGPS1,-1.301864332063364
MPHOSPH6,-0.42777135919549253
PPP1R9B,-0.07105482787276059
NDC1,-0.07330417663429187
DMAC2,-1.2598602566733628
HSDL2,-2.010493976510416
PPP1R2,-1.3165005210154719
COA7,-1.2146515974403267
ASF1B,1.251943904187624
LLGL1,1.1908768690336733
SFXN3,-1.2097003794928427
STK26,-1.0554656384462282
NUP153,0.53639485148512
PDSS1,-0.1204894986759837
ASNSD1,-0.7478709597843505
MRPS18A,-1.1465252609314862
PATL1,-1.5850160632652663
MALSU1,-1.399931912027159
NUDT9,-0.7398976651730317
ASF1A,1.0310451623715855
NTAQ1,0.8419390552908502
STK3,-1.1426991224032228
RBM28,-1.6850896182824124
PDCL3,-0.9110475278040348
ECD,0.0768493372071152
DGKE,0.5883160688813756
UPF3B,0.24379013078345815
NOL11,0.20702497838850267
SLC25A15,-0.6178431245351729
TFG,-1.1585148210894414
MTRES1,-1.550138659905297
CUEDC2,-1.2163920381498299
MTG2,-1.6589023043388376
MTRF1,-0.992322317238245
EI24,0.889550605964632
MRPS5,-1.7620955862995793
ERAL1,-2.2333690108973308
CCAR2,-1.1938283145094692
ZMYM4,-1.4308437650725585
SMNDC1,-0.07453174911535637
ABLIM1,-0.819564394897907
TRUB2,-1.3328433574389535
MICU1,-1.5782406007986003
TFB1M,-1.3175646874698728
URI1,-0.39071801094881
LARP4,-0.6839198112462815
NUDT19,-1.0882592463868193
LARS2,-1.5818522637090042
EIF4E1B,-0.5370024598910392
ARMC1,0.5967946757434084
ATPAF2,-1.4575748601135228
MRPL33,-1.7203781673603835
RPP40,-1.5608495895314232
DPH5,-0.8486508261724666
MICU2,-0.7646924674338421
IDI1,-0.7845860921920499
GFM2,-1.5861084820648055
NSMCE4A,-0.3257473908061301
SLC35B1,0.4428562077375578
LRRC47,-0.4607521171824111
ALG6,0.33571666425705704
DPP4,-0.8274118678645023
USP16,-0.8388396597940682
NDUFAF5,-0.5552142538946002
RNF14,2.6402367383443597
MRPL32,-1.4848303957840834
POP4,-1.773364336087193
VRK1,-1.1012920079515618
MMAB,-1.0962113377858274
UNG,-0.32876836241897867
RNMT,0.3890107924761016
TSEN2,-0.7002697984442513
NDUFAF7,-1.4472790021425441
ATXN2L,-1.3202408262892926
PCID2,-0.30529819904448224
ENSA,-0.3376178834336875
NOL7,-0.9571656881540536
MRPS26,-1.9778156207177138
RRP1B,-1.349629064921369
KBTBD2,-0.08070530242453627
WTAP,-1.195630713737077
DES,0.6828182305785196
SUGP1,0.9199813980229464
UQCC1,-1.4489382927978047
LYRM7,-1.5717205928636173
CUTC,0.3080552850834388
GPATCH4,0.22273060509748108
NAP1L2,-1.0746130812435786
PDCD2,0.054040224823706795
ESRRA,0.28509227177171204
GATB,-1.6708546346997313
CHCHD4,-1.6932962170549501
GINS4,-0.3225432752815181
POP1,-0.23619370233760006
NDUFAF2,-1.4250118210852785
POLA1,-1.0625446344814469
YTHDF1,-0.6423781478637242
TRIAP1,-1.6925036917736425
ORC5,-1.4213310022230157
DNLZ,-1.254993590748403
TBCE,-0.7730828747787105
COMMD3,-1.5396061290846637
DHX36,-0.4645614696468127
PDSS2,0.33325135650232157
GMNN,-0.3644688483542512
WASHC5,-1.0398662306506354
COA6,-0.8830714963552612
CHAF1A,-0.06187255509337336
UBQLN2,-0.2886523607547734
UGGT2,0.9073971299089466
EMC7,0.02054831950086222
THOC6,0.05761447757006806
MRPL35,-1.3619257384972334
TNRC6A,-0.904141781714104
ACBD3,-0.38750635622475404
SURF2,-1.1655356879943148
NSDHL,-0.11535404005018673
MICOS10,-1.4715003548944539
MYCBP,-1.149459310229395
NBN,-0.8211353448704007
UBAC1,-0.8617629797143135
NDUFA3,-1.208188217176965
CTCF,1.0845006505940182
TWF1,-0.39427694996592316
ELP2,-1.6911541524066076
PPM1A,-1.6707790796383681
SGF29,1.4196191067992805
RPL7L1,-1.4944742391641397
PPP1R11,-0.44064198111793595
ATXN2,-0.500343850246948
USP19,-0.5772268434520971
CNTRL,-1.324096852838563
NIPSNAP1,-1.6373241970151047
TACO1,-1.1761979521880022
FASTKD3,-0.37359472603900873
MTERF3,-1.8912561857560803
EMC8,0.02156743839772819
NGRN,-1.13496448264717
TRIM3,-0.6236217394667875
TRIM2,1.999527510438428
DIABLO,-1.2869082064030677
IFRD2,0.02842971877507431
WBP11,0.9746416617847681
FASTKD2,-0.08311773617164181
MIEF1,-1.2391013232891033
BRCC3,-0.525899941755492
AGK,-0.9132683965536609
TRMT61B,-1.3707097218045396
MRPS30,0.009459515039370944
TTC19,-0.1758780711158273
CPT1B,-1.1133027741945378
DUSP29,-0.7154398810196458
CRABP2,-0.6655162444523409
TXNRD3,-0.3658152027159061
CA5A,1.5823678220190303
CENPV,-0.72827297214776
TRIM63,0.8095777806024264
H6PD,-0.5512493029937306
PTS,-1.2663974801628004
EHHADH,-1.7863463032993092
ABHD6,-0.23644765161059603
FOXD4,-0.760603167046144
FCER1A,-0.64535821971583
ABCB10,-0.5327123716899588
HECTD1,-0.9030618372404147
CLASRP,-1.1283903147366254
ARL2BP,-0.7248165212520401
H4C15,-1.5404495760024868
H4C1,-0.9560844457442393
H4C13,-1.5730117336660976
H4C5,-1.5653553955387072
H4C16,-1.6037633129802378
H4C11,-1.5632532477558823
H4C9,-1.5742806671501757
H4C12,-1.5753224870335987
H4C6,-1.850299833783674
H4C2,-1.6009354593587055
H4C4,-1.6176392527448997
H4C3,-1.877307125413463
GID4,0.328458680774592
DNAJC19,-0.04756194595479325
WRAP73,1.8096189534014642
PLPBP,-1.688589148197138
CKMT1B,-0.7888679770895707
ADI1,2.2473131024809065
IVD,-0.7961495866453392
ATP5MGL,-1.235788319429501
NDUFAF6,-0.9642130114227053
LACTB2,-1.0564094764401035
SEC61A2,-0.0447489746174565
CLYBL,-1.2278267297527203
HSPA1A,1.36665071661037
DYNLL2,0.022192789882157574
SBDS,-1.5816213465787534
DHX37,1.1671092767741464
CDK20,-0.4516453974842183
GTF2B,-1.067881863287348
TNIP2,-1.5263763663532846
RWDD1,-0.509800182826437
NDUFC2-KCTD14,-1.0444002230415992
L2HGDH,-0.10971193038509912
ARMT1,-0.5896366949842112
AKTIP,-0.9091239830868689
CAB39,-1.8766668697568405
PRIM2,-0.4872696595609428
BRF2,-0.8265376624181466
SACM1L,-0.8180658816499635
CRNKL1,-0.28903621875839985
ACTR6,-1.6047521949983774
DNAJC15,-0.9516424532382639
KYAT1,1.583925166260434
SEC11A,0.5636697283315245
RNF7,0.4549905236856419
RPL10L,-1.2366748948814406
FDX2,-0.606997191825585
COMMD1,0.052308542210107584
PICK1,2.154988785333298
CUL4A,-0.8393430404760046
CHMP5,-1.5722365088697587
MAPK9,-1.1599727766957673
RANGRF,-0.5286257548804869
COX11,-0.9028317726500426
MBOAT1,-0.9709126904933689
TRAPPC3,0.07664178725011166
NUBP1,0.6831225808887336
PPWD1,1.1642124033250614
TIMM17B,-1.807679725642725
TIMM22,-1.790606204637142
C1D,0.13874061707024968
RHOT1,2.54970984544888
DDX52,-1.5767135586398895
TRMT11,0.5636952029941639
MLYCD,-0.3769391608823249
ETHE1,-1.5169577524881084
DBR1,-0.9982540603427537
MTX1,2.455787373751972
SIRT5,-1.3555190793150809
ALG5,-0.7955131753517964
HIKESHI,-0.8032871701924853
SRRM2,0.5975674471863855
KDSR,-1.312922311481491
COMMD10,-0.6407761356056034
COA5,-1.4323931959720666
SKIC3,-0.1731283592747952
ABHD11,-1.1801419923912102
FLAD1,-0.5515009431357839
TDP2,0.6002155401744673
CIAO2A,-1.2036104386524875
YIPF1,-0.8535812033214746
VPS29,0.11416748993064471
PPOX,-1.5349992391286564
SDHAF3,-0.6036920584048897
PCNP,-0.9460039099371682
AIFM2,-0.9714755854571636
CDC73,-1.1899480772129294
PRORP,-1.7398658382290888
PAFAH1B2,1.1735187981380302
GTF2E1,-1.6255676656779163
NAA38,-1.3446733416676304
COMMD8,-0.24754003403317865
LCLAT1,-1.3513219997438102
ELOVL6,-1.5349710497056512
ARIH1,1.7404384094674654
UTP14C,-0.15870695524897196
DDX27,-0.828471785805389
CRIPT,0.4777585143098207
AP3M1,-1.0415252641570685
WDR76,-0.35436694808330754
STAMBP,-0.40054573060543835
ANAPC10,-1.2851112772840692
ABHD14A-ACY1,-1.0906135239700476
MED7,-0.23780929585977723
SEC22B,-0.9006327505915074
C9orf78,0.2847945826153402
TOMM7,-1.8168950600068865
NCOA4,-0.9860765609777565
RPF1,-0.9063554409444576
PHYKPL,-0.8752287931618976
SCP2D1,-0.6474880241865633
LARP7,-1.5087473642644722
NADK2,-0.2882464311849211
PEX3,-0.3711476243776376
SMARCA1,1.428882348885353
GMPR,-1.061567845202833
MICOS13,-1.7300711544993617
TM9SF2,-1.1681372361881697
MYL12B,-1.3291647831830398
MRPL53,-1.4456360881087582
DHDH,-0.8607872542271411
RBM8A,-0.24979624711171497
MOCS2,-0.8634460667579026
FABP3,1.2679094865442808
SDHAF2,-1.3996817133557988
TIMMDC1,-1.949267054562473
MSMO1,-0.2977875544036146
FMC1,-0.9318601995053551
DGUOK,0.9343301792400384
CCNH,-1.0893120037614883
POLE3,-1.1241234318946813
CHPT1,0.25915761177033586
ANKRD46,-0.21228365580225705
PEX2,-0.8907830969012469
MED4,-1.1333573028553807
PGRMC2,0.08718703847973483
PRELID3B,-0.3785035070593236
PPCS,-0.5059492410284114
EMC6,-1.133110560612048
CRBN,-0.9504829106285355
SMAP1,3.304593677733758
TXNL4A,0.7086654155823354
NDUFA1,0.2624991481471148
NDUFA11,-1.8988205584452715
SRBD1,0.37741154050205705
SLC25A46,-1.4796784098058084
HSCB,1.1575272900365947
OXCT2,-1.1773138320955336
MRPS18C,-1.626179768725862
PEX11B,-1.5021473648812596
SLC9A6,1.0274202732924393
METTL9,-1.201906402810423
ATP5MJ,-1.7843537662897266
NEMF,0.2155006590117212
SLC25A16,0.3667776568626702
UBA3,0.0530880905884558
CZIB,-0.6662765343208655
CARS2,-1.3560411877069327
TSG101,-1.0182864877335274
ASCC1,-1.8402057930219877
SUOX,-0.7500435380699726
UBE2G1,1.8047748231444918
TMEM50A,-1.5015462809173323
SNRNP27,0.8518380248828021
SIRT4,-0.8922349092201238
DCTN6,0.3102221049100025
CNDP1,2.2361620440001957
MRPL50,-1.219082098991018
RABEPK,-0.895225027259931
GINS1,-0.8949026579185521
SEPHS2,-0.3709674842214771
WASHC3,-1.2056929316596692
BECN1,-0.2992206274130357
MOCS3,-0.6818603684728048
CETN2,-1.9827889375647785
EBAG9,-0.9943780160545378
MMAA,-0.9513283732879889
TMEM41B,0.7653541520449239
PTGES3L,-0.7431274183818173
STX7,-1.1944006516999628
CNPY2,-0.6623465604399091
KCTD10,0.21206311674594763
RCHY1,-1.3331552813237617
TMEM50B,-0.5546025819823452
RPUSD4,-1.806063459533757
TMEM70,-1.8645504494897072
MRE11,-1.5647493218997963
GPR89B,-0.7934267170847149
ATP5MC2,0.5304453256059412
UFL1,-0.8644551481485048
ACOX3,-1.521986740789442
ARPP19,4.15080522782198
RBM7,-1.2064336608581925
KLHL8,-0.33276917029835906
ABHD5,-1.0869899750322154
MRPL34,-1.6423604285099498
GEMIN6,-1.1415669375594508
PRODH,1.3349939344811261
KCTD12,3.786189886683643
YEATS4,-0.9032408693692534
MFSD1,-0.298317323006607
OSBPL9,-1.1925110817242168
PPP1R8,-0.3389203135580549
ATG7,-0.18908429673062255
CBX1,-1.2339138108662444
TPK1,2.640108798037465
SCAF8,-0.7077442338790216
RPL22L1,-0.8967452116018608
ZRANB2,-0.9419015442392806
ATP1A4,-0.399498428669462
SLC25A32,-0.4375100057678694
DIS3L,0.6564683934096088
SLC25A17,0.04415333965439236
ERI3,-1.1414206738233243
ABT1,0.3857440058880033
MOB4,-1.5910434474908561
H1-5,-1.421900783638461
MRPL41,-1.6485125781752175
PXMP2,0.24985615918077825
METTL5,-1.0407516787115694
SLC33A1,0.6310778215273435
ITFG1,0.5615098922759748
H1-2,0.1491528253866693
SLC25A13,-0.8623184423691543
EIPR1,0.2572823748955677
COMMD9,-0.18422536128607056
ERLIN1,0.9318658630320307
NSUN4,-0.4923996635582675
PIGN,-0.07832052826769471
ACYP1,0.8791274755536709
TRAPPC11,-0.9937632853492221
SH3GL2,1.3707256167250088
ANKRD17,-0.4651657479215972
RPRD1A,-0.7476253736441506
PTBP2,3.266954222741941
USP1,-0.4803563886220299
SMU1,-0.21495754468184136
CIAO2B,2.306569040660815
EXTL2,1.8260227497053607
NIT1,-1.4279429333900142
RPL39L,-0.9370321147601578
LACTB,-0.7116962547138883
SLC4A1AP,-1.5479621104406636
SLC25A28,-1.1924783083372241
COX16,-1.800270898334175
NPC2,0.5697024785313427
AASDH,-1.4184257290807956
TIAL1,2.3772042461489513
RPUSD3,-1.502221125704746
COA4,-1.7803172680962014
LIPA,-1.4478578776165862
SLC25A24,-0.7282690924014462
TM2D1,-0.04427244612802836
UBLCP1,-0.508056253899577
VAMP7,-0.9949974962266099
UFSP2,-0.5491873387667099
LUC7L2,-0.3671848330900597
AP1S2,-0.9719696128432782
NIPSNAP3A,-0.4255362645402803
SEC11C,-0.9600903136511406
FKBP5,1.5366908600566749
PAXBP1,0.017642599641830122
MTCH1,1.0504257421980547
DCTN3,-1.5802058253858235
IBTK,-0.8230266069873915
ACTR10,0.17725884841807232
NELFCD,-1.659790190175486
BAG1,-0.8813725800255358
BET1,-0.10857028991847423
ICMT,-1.0774989817354679
TUBGCP3,-0.2525052033119001
HCFC1,-0.7771991532246553
MAGEF1,-0.9628166899654924
GTF3C5,-1.3638705560598272
ECHDC1,-0.7468955154952649
THEM4,-1.2096399963927695
SMARCC2,-0.3656806346893543
RAMAC,-0.9700847533188713
RBM4,0.2332345110856345
MPV17,0.6103670423363952
JTB,-0.6771641067824001
ZCRB1,-0.12715988346816567
SYNE2,0.27694039666350934
COQ10A,-1.2079159195158218
PLPP5,-0.9158043758967812
AGO3,-1.4076030723644857
DPF2,0.2933312342538696
KCTD9,-0.8206070516301173
MED21,-1.869431167549084
BPTF,0.9183001840695463
MRPL30,-1.3719214024001254
MRS2,-0.35084209149604234
GTF2H5,-1.5995043615091655
CASC3,0.8981984711862492
BPHL,-0.9525833635839103
NFYB,-0.7630535708932704
SPAG7,-0.3487380039590589
QPCTL,1.1365550415772256
WDR45B,-1.2851256611063357
HOOK2,-1.492800818390683
ELOVL5,-0.3196245208739285
SLC25A19,-0.4102949879697004
MTA2,0.6882733918271482
TMLHE,-1.3265948112584602
ACSBG1,-1.0800556466308333
FIGNL1,-1.1581439481995124
NRDC,-0.9511035701745927
ASCC3,0.5932697670340653
ANGEL2,-0.9503801044706599
PBDC1,-1.1694503513550787
ACYP2,-0.7793232593008415
SNRNP70,-0.5184014655289169
TBCCD1,-0.8544949061014417
TRNAU1AP,-1.1441735895730962
TIMM23B,-1.6432895704049642
APEX2,-1.152065682671631
HYKK,-0.5667220447337055
DMGDH,0.17307435323134424
THG1L,-0.8976863909704865
TMEM258,0.1032938747291322
SHLD2,-0.8459953080072888
ABTB1,-0.8441500750340145
SPRYD4,-0.7995211349041138
TEFM,-1.2624550892275392
SC5D,-1.045001495855383
GNPAT,-0.6317750232909752
NDUFB1,-0.1845226176458274
DNAJB6,0.5722191483241034
XRCC1,0.8188664211096061
MTHFS,-0.8495780930642591
LEPROTL1,-0.743674805706553
MTHFD2L,1.7334995083080713
COQ4,0.255830260926444
C2CD5,-0.9382311132372855
DYNLT1,-0.3246972552059636
LRRC40,-1.300010132748944
ZNF330,-0.24407413586354784
TMX2,-1.5371411497458582
UQCR11,-1.1304333843380416
PARL,0.41457028099786775
MTFR1,0.3422824856654587
UQCC2,-1.843870742617217
ZMYND11,-0.8000891290059516
H1-1,0.4288045194882991
RWDD2B,-0.2492294408445309
KCTD13,0.6246657222959946
KCTD6,-0.5126016699663337
NME7,1.688678589347423
BANP,-0.9853099547143549
PUDP,-0.9052646072128585
AMZ2,-0.34337929826340113
SPCS1,0.588308198989947
ANKRD55,-0.9529843388129587
RNGTT,-0.4464563820513883
AHCYL2,-1.2410178445863707
FAR1,-1.9029533732357544
ANLN,-0.7743030819281054
TMCO1,0.27716684677465736
KIF14,-1.35178837849836
MKKS,0.47301898520820645
BTBD8,-0.8303758490009054
TOMM5,-1.2130450115884508
CHMP2B,0.48144577679281425
FOXRED1,-1.8983266094919515
ARMCX3,-0.7743726990225359
COA3,-1.8075095139478998
UNC50,-1.0384401353023247
PEX7,-0.869752965988275
PDF,0.09707633996317754
SURF1,-1.899616239961556
THYN1,-1.3553986409662697
THNSL1,-1.1740688095215055
MTNAP1,-1.307526768650387
PRKAB2,-1.4729915551525583
ANKRD34C,2.610432280528976
SLC35A1,-0.7471010243022614
AP5M1,-1.1240167584385903
SNUPN,-0.988586359281653
RMDN1,-0.2030204199193879
TTC34,0.4685546623826998
ZNF782,-1.4133223926150225
TMEM59,-0.3024608246730493
MAP1LC3B,-1.8244633211849204
TMEM126A,-0.64345356103869
LGALS9,-0.3351957058146913
FBXO22,1.0646339614993603
HDHD2,2.0034098335137727
TCEAL4,-0.9713071932261488
VARS2,-1.2552843221394099
MYL1,0.5394588929019767
ZCCHC10,1.2458384687064625
SIRT1,0.6818145338689419
TSEN15,-0.9534674768827547
BCDIN3D,1.4479336800502458
PHYH,-1.4079598098228097
ATAD3C,-0.8860746561287234
CCDC90B,-0.1912478667722326
TUBA4B,-0.829293098084387
GABARAP,-0.4624084743925388
GRB7,-0.3068784376247602
GH1,1.4284760631454276
EIF3CL,-0.024665376371800187
CAAP1,-0.03428761868185049
ADD3,-0.43544011399533855
DHX29,0.5687809244616764
RTCA,-1.0176352820094812
PREPL,-0.5094724569759216
DMAC1,-1.2897012914830812
CHCHD10,-1.3945836300910115
NUBPL,-1.7323283325320376
COX19,-1.7005083425496155
COX8C,-0.8820474813623301
TMEM126B,-1.0640948750759127
COX18,-0.9643627800632203
COX7A1,1.0004169744846951
COX6A2,0.026400265644058323
COX7B2,-0.7393761302646273
COX6B2,0.4092508633929891
COX14,-1.7247980976629034
UQCC3,-1.4929892745184048
RMND1,-1.0956508175023212
NDUFA4L2,-1.0014242967593658
NDUFAF8,-0.9462753105392285
SLC25A51,-0.9753860603377086
GTPBP10,-1.1576199071455757
TMEM186,-1.143633349702774
COQ7,-1.2964756799851826
MTFMT,-1.3679704029183344
COA1,-1.1302915928129247
PET100,-1.5665173539291597
UQCRHL,-0.9477181868857447
MARS2,-1.479845610531816
HRAS,-0.3080973505939255
PDE12,-1.8335545762148824
SDHAF1,-1.5226230858481704
TWNK,-1.3373058737510957
GADD45GIP1,-1.7123757799891648
NOA1,-1.830709432167797
COQ10B,-1.1633879785424728
COX20,-1.4095410383508502
HIGD2A,0.5714822014962169
MTIF3,0.9251540454669337
COQ6,-0.5294130907596329
MRPL55,-1.5104744918933048
CHCHD1,-1.7201513460470703
CMC1,-1.4526406984671758
TMEM242,-0.9597690008237038
ATP23,-1.5402190479472604
RCC1L,-0.8813642948903787
SLC25A26,-1.1564457363704674
GATC,-0.9274122857891901
GLIPR1L2,-0.35356374939845314
CHCHD6,-1.3830870188065367
SDHAF4,-1.1875730027849885
MRPL54,-1.59064781170088
CKMT2,-0.9123337254276577
MRPL47,-1.5384235986629422
TIMM10B,-1.1451718719355068
MRPL52,-1.6304673099999751
HTRA2,-0.8310409545201003
TMEM177,-1.3123220548687669
JOSD2,-0.9213787984288017
NME6,-1.1919251402785473
PLGRKT,-1.1176146476140874
PINK1,-1.8466876206352145
SNCA,1.7604980950749836
TIMM8A,-1.5830670736687875
ROMO1,-1.9514197413489331
PAM16,-2.0212657520118547
ATP5MK,-1.6794019358183534
SPCS2,1.505816142499692
IMMP2L,-0.0737211176666918
DCTN5,-1.7185277481321277
MTX3,-1.2410616265617311
CISD2,-0.9255011496656186
TMEM14C,-1.122328064223824
SMDT1,-1.4025440405964034
CAMK2B,1.9604819010623111
CAMK2D,0.5311160101014789
ASAH1,-1.3804413544036034
ATOX1,2.153145001341641
MAGOH,-0.0984664622094206
IMMP1L,-0.5856220994375213
SPCS3,0.7441385498145187
MTARC2,-1.356039633365558
SUPT4H1,-2.1104570079384444
ARL2,-1.5394145209235874
MCU,-1.1013394894674027
GATM,-0.3491180904478591
LSM8,0.75460748892578
MRPL57,-1.0854039791247536
SDF2,1.2003437755323534
NSFL1C,0.5193617421971969
ABRACL,-1.1102638096153201
COA8,-1.0089542598389576
PTPN1,-0.42630200846360633
GFER,-1.5985897763828687
DNAJC2,-1.1135407307647651
BOLA1,-1.4092528165923146
CCDC51,-1.328973782838174
TIMM29,-1.2208446709370913
FAM50A,0.27361593943442997
PTPMT1,-1.5541955522368995
FUNDC2,-1.0439591120667988
ZMAT2,0.40531943609701104
OCIAD1,-0.4839363280843283
BLOC1S1,0.09171532631915019
EED,1.051101451183127
SLC25A25,0.43975423907231437
LLPH,-0.9419040319811308
TMEM14B,-1.0469725592805048
ARL3,-0.18303147410756834
OAZ1,-1.466765834304599
CISD3,-1.2059484669297305
DNAJC30,1.140914025010951
GPR89A,-0.13921297251315015
ELOF1,-1.890974455926894
NOL10,-1.609707475351713
USE1,-1.0840452790650301
TMEM11,1.0762964620620679
TMEM205,-0.866987018340092
ORMDL2,1.3155493045550366
COTL1,0.005807545640224696
NUDT8,-0.33654969030940673
CLASP1,-0.4712776270974874
TOMM6,-1.3094502660150356
CNIH4,-0.32620138119615644
TMBIM6,-0.42074229392707685
DMAC2L,-0.5528273348707172
TOR1A,0.9271747913688118
HABP4,-0.10564922207596349
OSTC,-0.1934213484314106
TBC1D4,0.9755674952087365
SLC25A22,1.1253165325560295
PHPT1,-1.3134677540680573
LRPAP1,15.838384694006375
RRP36,-1.0730326971829025
ATXN3,0.8919114127195474
GID8,-0.6296930604362895
RPP21,-0.5619555501318194
BOLA2,-1.1115020470641142
ALKBH7,1.045963584093602
EIF4G3,-1.0727545553629179
TMEM256,-0.27443535505087285
UXT,-0.014190513022596617
STARD7,-0.676516983296839
ERCC1,0.12440128539421769
WDR75,-1.083510420113623
TANGO2,2.413509749167518
TMEM199,-0.7518659178360312
TMEM208,1.0629370687288024
RALGAPB,-0.10809267657965298
PSMG3,-1.1324661477357074
SLC25A23,-1.094177534199537
NOP53,-1.4259099256598717
EMC9,-0.649971465061866
KLC3,-1.0903039789737858
MFAP1,0.41765851935294857
OMA1,-0.6931642334444317
SIGMAR1,-0.5811920539117299
ABCD1,-1.3729082416966198
STRN3,-0.18643536344250305
DNA2,-0.5401720770505515
NOB1,0.029744361944459022
GET1,-1.0335227773303985
RAB4A,-0.09495143288345702
OSTF1,-1.0372152914487278
GOSR1,-1.9355802933336685
CNTROB,2.1367546544691485
TM9SF3,-0.7239831134830215
VTI1B,-1.9936681377556473
EIF4ENIF1,0.17165384544914716
WDR83OS,-1.5791507562865603
SNAP29,0.3331372845778748
TAF12,-0.36027644763516414
GYG1,-1.1342422001449997
SFXN4,-1.6151419494680856
NGDN,-0.21446150112528906
JAGN1,-1.369507083436559
TMEM14A,-0.41296857260308645
KLC2,-0.8157261220872516
HYPK,-1.2239415351929932
CHDH,0.6560931857364685
BAZ1A,-0.5193276037198892
MCUB,-1.0201788286849378
C1orf50,-0.8698902683658942
MED6,-1.9301837632833976
WDR89,-0.36958703024913403
USP30,-1.0168542956437594
DPCD,-1.0203304684732786
BCL2L13,-0.9478727765635676
ANKEF1,-0.26007438488636125
WRAP53,-0.6758355672199783
RRP7A,-1.146011587424445
SELENOW,-0.12931661662081037
SNAPIN,-1.4301324111672002
NMT2,-1.227579117373192
DUS4L,-1.0436222428991975
RNF121,0.22994424104015898
TMED3,-0.5526415701869534
UTP23,-0.25975078886983854
LIN7C,0.5636847963325547
KLC4,-1.2634757564170418
CSTF2,-0.003450301526262827
ZSWIM7,-0.6093328445386377
ACBD5,-1.1590999980476953
UXS1,1.09646670055055
UBXN4,-0.14783089477141098
ZNHIT1,0.11573903789055998
ANAPC11,-1.1548272444922114
SLC30A6,-0.46555607132909954
NIPA2,-0.32674036609492074
MGLL,-0.4268260921768292
PPCDC,-1.03971081437003
DPM3,-1.2158883494778692
NUDT6,0.9436588100512938
DEF8,-0.7682112237528362
SLC27A4,-1.3412215342610678
ANKRD26,-0.5185266360640467
KIAA2013,-1.1862494346784203
MESD,-0.4595890206194233
SPG21,-1.1884758745777153
CIB1,0.7835851470641101
UBTF,-0.7518041625844891
TMED7,-1.709387388027888
SYS1,-0.3159228320079249
LNPK,-0.2934226582056513
CMC4,-0.9688427060664595
RNF113A,1.4909860544381854
PIGF,-0.4635229898470628
SUPT6H,-0.9871524819752266
GATAD1,1.129401843948316
C15orf48,-1.2736222220080022
RBM27,0.05690881252565406
SPIRE1,2.7655298481525032
MED11,1.1934002964358341
WDR55,-0.9267780417045651
BAD,-0.9008364207259683
CNOT9,-1.0776147081953646
GTF2H3,-1.5532854084893213
ZNRD2,-1.6740415234758081
KMO,0.933080950247246
JPT1,-1.2697582922137154
ANKRA2,-0.23613350805537658
SDAD1,-0.9947315122893505
BLOC1S2,-0.7654765611722816
ND1,-1.3128005853517948
ND2,-1.1304287752085636
ND4,-1.3492012996651597
ND3,-0.9568505663815061
ND4L,-0.808851554994543
ND6,-0.9752484519101973
C1orf198,0.10074136105835288
GGNBP2,-0.013286994924565365
GATAD2B,0.895502963421035
MEA1,-1.4148050991030967
PTCD1,-1.2114876971323076
VWA8,-0.7421355037226515
EME1,-1.0711173140867296
ASTE1,0.9696913538805424
GON4L,1.1673452283677304
WAPL,-0.7094354313201003
ZNF318,0.6409160217513438
HMG20A,-0.14464517312552458
CRACD,-0.5267580081362171
GPRASP2,-0.7714659224012114
MBD1,-0.5768656121189393
SHROOM3,-0.6860178762816284
FNBP4,1.3619586787919904
RIPK4,-0.4967637445395408
TRIM55,1.0223178379809557
RFXANK,-1.2540654799818973
USP36,0.40235758260386956
ARMCX5,-0.6996512315740403
CRACDL,1.1777078267413508
CEP83,-0.8818220374450907
RAB11FIP1,-1.09813916957097
ANKRD11,-0.13479760947073297
SPTY2D1,-0.7064234777721449
LENG8,0.04286422711129315
TMEM160,1.5074687121569545
PNISR,0.7348772210412582
PNKD,-1.2809004170669482
MPHOSPH8,-0.6687528387995365
UACA,-0.14019395866655426
TANC1,0.16837538146840825
RAI14,1.8865340302356102
BCOR,-0.7624924920606326
PPP1R12B,0.3765036927585524
KANK2,0.21985405673100036
TMEM230,-1.3834971643737561
ATM,-0.45054265241568364
OPTN,0.16461838090646425
SCAF11,-0.9246004746346089
TERF2IP,-1.585361565365722
RBM33,-0.16480927867600437
CDKN2AIP,-0.051862793876036616
SUPT20H,0.5257375570176904
C6orf132,-0.43174656390266236
CEP170B,1.0120401628317215
TRAPPC2L,-0.36378636545116355
APTX,-1.4021821503278762
DENND1A,-0.07642313796672921
MED1,0.346217936722704
FADD,-1.4913073253871056
ARV1,-1.1490141794685658
ZC3H7A,0.5474614815502374
TMEM203,-1.060226894155337
REXO4,-0.8516424351619172
PARP2,-1.2821755197833662
TRIM32,-1.5142132097481793
CSTF1,-0.4699570514398483
AKAP1,-1.1345076000063044
INTS8,-0.9077486515392006
TRIP4,-2.1076513040056595
PET117,-1.1818565341181162
MIEN1,-1.1081946262345113
LCN2,-0.14530149086146682
ANTKMT,0.514705128127025
OST4,-0.8942747309761814
REX1BD,-0.4143453621593185
SMIM7,-0.3215769777281988
POLE4,-1.3855650508344661
LYRM2,-0.7860835396898377
SLC18A2,1.7036415219075545
IL4I1,-0.6727545812309956
DDC,2.1341933195389133
SLC6A3,1.284017653617058
TPH2,0.06644405676729076
SLC18A1,1.5382976995160338
LRTOMT,-0.18339884452718117
TPH1,1.769818978639022
AOC2,1.5128127803948026
DRD1,2.2234228063559693
PYROXD2,-0.6990707804122431
SMOX,1.304368428122173
PAOX,-0.9679251280232424
TH,2.1136280299574266
HTR2A,2.7522975297764707
AOC1,-0.6012947059978996
CRH,1.8272095756714584
SLC22A2,0.2234164546773232
HTR1B,1.0677151499540183
DRD3,2.2624811376035
HTR1A,1.8223725401069022
DBH,1.8046126877711057
SLC6A2,1.9296304007362075
PPP1R1B,1.3799600481911025
BDNF,2.333798625442685
CNR1,1.9456864383965717
CRHR1,2.3809603094391623
DRD5,2.2217741569257026
CARNS1,2.765758220280317
PNMT,-0.09511101242368972
HTR2C,2.9104426908867502
OXTR,1.3930080595353187
ASMT,-0.5306731894635782
HTR3A,1.5024899861542091
FOSB,0.9944610648755023
HTR3E,1.1263734506713798
HTR4,2.4154282622020524
DAO,1.2900076613690696
SLC22A1,0.5285571365737777
GABRA4,2.721574451951071
GABRA6,2.11190885953385
GRIN2B,2.4815490101507947
GAD1,2.5872134320757225
GAD2,2.826075772166525
SLC5A7,2.4491304697875265
GABRQ,2.1191109749136365
GABRB2,2.231933350956699
GRIN1,1.8551374257788502
PER3,1.1504650989653318
PER2,1.0899865864362113
GABRD,1.6279725402368996
NPY,3.3201653443508907
DAOA,2.8321153479296606
P2RX7,-0.48295258492116766
HTR2B,1.117070878517184
APBB1,0.42648066918170274
HTR3D,1.622531041495151
RGS4,3.232407859869906
PTGS1,1.0997437203974954
FAAH,-0.9005463781713827
GABRA1,2.4785465306902656
ZNF674,-0.9989380908364128
ADRA2A,2.375837209732495
PDYN,2.1928669334805426
POMC,1.3518138377486784
GRIK3,2.500709621686984
GABRA5,2.5250741506441723
HTR1E,1.0922726076085139
FUNDC1,-1.5353927372426524
SLC11A2,-0.9108798087551206
RETSAT,-1.2505325662466436
MFN1,0.15087961770482716
NTRK2,12.66366088872002
PPARGC1A,-1.0923573522082897
PCDH9,1.3541613767736764
SLC1A2,2.9142193805451133
PIR,1.5869246313874483
ATP4A,1.4956935168946581
SYP,1.890580197567958
CYP19A1,-0.26662306953075277
KLF9,2.4372015689684634
TSPAN7,1.129359348192883
MPO,1.0201405296813255
ALPP,-0.7848126042393708
PTGR1,-1.0389665107625012
SLC7A8,0.7991788573509034
SLC17A7,2.496298673602575
NUDCD3,2.1374456048003156
DDAH1,-0.574994643837283
L1CAM,2.0290882263720866
CA12,1.0123460909398398
ANK3,1.9022895142995053
RNF180,0.36884442986966975
SCNN1A,0.6476808753617295
SV2A,2.277442101303858
FKBPL,-0.895446430912296
YIPF6,-1.6144857973923343
MAP3K5,-1.5235247683955195
FZD4,0.3872497186255301
PLAAT3,-0.7947074734464674
HTATIP2,0.5441098974588888
CAPN6,0.5746284660744144
CALCOCO1,0.4456406189397819
SLC35G2,0.05193440582327269
BCHE,-0.034542469660753285
FGF14,1.0782779445152781
TM4SF18,-0.6500445186272611
GPR173,0.7426469048414415
ASB14,-0.5695391234949669
CYP46A1,0.599547198457871
CD226,0.05464089549746233
SCRN3,-0.7433176748879093
KCNK1,0.4501064007174564
RHBDD2,-0.7455617458154947
CHAT,0.3527437805549371
SYNGR1,0.7930663726973779
CYP4X1,0.3990550921644502
CNR2,0.8284347311650044
GABRA3,2.067226015550283
TACR1,1.6561832669514873
GLE1,-1.5039978234401101
ATP2B2,1.7741213477849174
CYP39A1,0.03307242367192766
ENPEP,0.8095720209170507
KLF11,0.33473418380115366
SH3GLB1,-0.268739699346195
CASP6,0.5164079622692694
NUP58,-0.11489344651641524
P2RY2,0.9970047542981197
PON2,-0.3304705042127922
CYP4F11,-0.24237291087490864
REEP1,0.3979822792414945
CA3,-0.23219917029542653
CYP2U1,0.21803240326823004
FBXL4,0.524881337151967
TMEM176B,-0.506072171912776
TRIM14,2.489415200445963
ANPEP,-0.11240068846861805
ACTN2,1.0398965079879592
AGT,1.4083861408741913
PACRG,1.190160049473157
AR,0.627587720132049
CP,-1.3048756396323147
ABCC4,-0.7264775315148809
ENPP2,0.5917370971830558
SELE,-0.37260293989388765
SGCD,0.5136556245697157
TRIM54,-0.2240968629081201
HSPB2,0.7951834353093
SLC47A1,0.33109838161330746
AGTR1,2.8198585516101136
SYN2,3.3133990459041955
CX3CL1,1.239364113386173
CALB2,1.5477508321201714
HSD17B6,-0.7265362861915607
TF,-0.32893065276382233
ADCY2,10.649580932462944
STAC,-0.09892156335800939
RGS5,0.3943626989720566
CHL1,2.3475605819006806
HLF,1.4101275257200327
SLC4A4,1.7756172782022799
XYLT1,2.800262377802555
IL36G,-1.0446456968111435
NR1H4,0.7667634743270741
CPA4,-0.792471771435715
SDR9C7,2.233685704823851
SERPINB13,2.1859662240221778
ABCA9,-0.6507021772900691
ALOX12B,1.1422720325798095
SERPINB2,-0.8222425658415516
CDSN,-0.27048064070433503
TGM3,-1.184853457507307
FNDC5,-0.7176767626234201
LGALS7B,2.1689543819016253
ITLN1,-0.5782072241096504
POF1B,-0.7583960109643583
KPRP,-1.271166252108807
GUCA2B,1.1009839338185847
MUC13,-0.7965954656253471
CYP17A1,0.7340324242231904
KCNJ6,1.2023522849829613
HEPACAM2,0.8448755285184778
DEFA5,0.13181692049364047
REG3A,2.0364006560952874
SLCO2A1,0.31210049889051744
CWH43,-0.6569987600934684
SLC22A3,0.3302349871596952
XPNPEP2,-0.5129346922462953
MAN1C1,1.1624302532248247
PPP1R1A,2.213543836881154
TMPRSS2,0.10320462683071713
C1QC,-0.37335880008089384
C1QB,-0.06048534544664365
C2,-1.3224070794540457
C4A,-0.8636944422019672
C9,-0.84510752470079
C8B,0.23962365841949412
C8G,0.40128473998100644
MASP1,-0.7198612269408118
MASP2,0.063668307607111
C5,0.2955019087898211
C4B,-1.2136946580629642
MBL2,0.8809245833147926
CFB,0.15322748483196907
C3,-0.9965910087010694
C4BPA,-0.9630313610217639
C4BPB,0.18148527825828498
CFI,-0.6114954535759954
FCN1,-0.13134519019965035
TYROBP,0.8803900425986382
CRP,-1.2300781169598423
FCN2,-0.7876599115042675
C3AR1,-0.042336097261809584
FCN3,-0.6942610975689152
CD163,0.13340118778647334
AIF1,1.6096914298697675
CD68,0.041372016891400944
CR1,-0.6232135571925128
CFHR1,-0.7482653206882507
CFHR2,-0.6161208950521309
CD5L,-0.8524599613221703
FCGR1A,-0.6594442176926866
CFP,-0.46004109255091435
VSIG4,0.045209910112722455
COLEC10,-0.6553880632455624
CX3CR1,1.1673515740507612
MS4A6A,0.8240636042525568
COLEC11,0.08725989627508603
MPEG1,0.5178503472898701
LY86,10.559604126493047
MERTK,1.4813445224457864
MRC1,0.508614150346124
LGMN,-0.4954024471890821
C1QL1,0.48694798354757945
C1QTNF9,0.30144623370166657
C1QTNF9B,0.6989380739546036
C1QTNF5,2.2909291776224467
C1QTNF7,1.233440272122439
COL8A1,-0.20384303661931386
COL8A2,0.3944533581067959
COL10A1,0.5089455495466908
C1QTNF3,-0.44177658459164537
FCGR2B,-0.04930330996484974
CFHR5,1.1491888474891743
CFHR3,-0.5382804309046573
CR2,-0.8159185876949862
CFHR4,-0.5802283491058776
ITGAX,0.11103162635937076
C5AR1,0.749531239697448
GPNMB,0.7635604937754011
MS4A7,0.7702050825719874
CD3D,0.5950705547456542
CCL3,0.6748358212545588
SLC25A47,1.6119906845685896
A2M,-0.8553486832662078
CLEC7A,-0.19802590074660414
IRF8,1.0230061349384996
LILRB2,-0.14016716192039647
LST1,1.7945931772779307
FOLR2,0.12479651561603163
CST7,0.9976106282143646
LAIR1,-0.05857312259363928
FGG,-0.8517088656133555
FGL2,0.7356874416109658
FCGR2A,-0.8629432513748233
SLAMF8,1.7876772583902418
HLA-DMA,2.17986584290943
OLFML3,-0.09647500041174392
ADGRE1,1.3133973381247899
APOC1,-0.3687576577875616
PLA2G7,1.3381804472839063
CLDN5,1.0520661990502773
CTSL,0.6676186411380008
RNASEL,-0.9020623051431435
SUSD1,-0.4038415963895491
TIMD4,1.1854438017197142
FPR1,0.2367472916264592
GFAP,1.4162453290693298
CSF2RA,0.4067372287499087
PF4,-0.4235839758652116
ADAMDEC1,0.42169662740082425
MSR1,1.8386879539281777
GBP2,-0.2533350751289636
ENPP1,-0.23864170873489118
CD84,0.8839749896205109
TLR8,0.47087558200565777
INPP5D,0.3330894327754561
SIGLEC1,-0.22951657319712307
CD33,-0.2107870068027892
MRC2,-0.15527561959963318
GZMA,0.36598769375932505
TNFSF13B,-0.40832050698948763
NPTX1,2.1495933914728407
LY96,0.395694965777912
C5AR2,0.47039915260006576
ITGAL,1.5760424839765386
SLCO2B1,0.19061085613509998
CD3G,-0.008803789260727012
A1BG,-0.6910858930513315
LILRB4,-0.07159149671456426
SPP1,-0.23294396361963285
BLNK,0.11772426227422884
PLTP,-0.9395493735336852
P2RY13,1.2896374532470927
MNDA,0.5614824416487844
ELANE,-0.8202714427420374
S100A8,-0.6955316245097509
HLA-DPA1,0.3787163785146227
WNT5A,0.8492529544343134
CLEC10A,-0.017492032853741922
TMEM215,0.3920356441024579
PLXNA2,9.761341153929196
PRF1,0.547265570819099
NKG7,0.5607413192894588
SERPIND1,1.223159040714676
GBP3,-0.9075634265545887
NFKBIZ,-0.11966995115176678
GNLY,0.0364243224043361
FCGR3B,-0.653253792695203
IL10RA,0.43041025968305385
HLA-DMB,1.9026736081498992
GZMB,1.2345979926641517
TREM1,-0.44558240115404885
MAP2K6,1.1169246691245212
CTSZ,0.05051175426638105
SDC3,2.7636149310461096
IGHV1-69,-0.8016815441153681
IGHV3-48,-0.7944219277052476
IGHV3-33,-0.8032006814640432
IGHV3-30,-0.797470783664485
IGHV3-23,-0.7955888537289482
IGHV3-13,-0.7916487085487457
IGHV3-11,-0.7954477341590274
IGHV2-70,-0.7995317889002944
IGHV2-5,-0.8024585330343765
IGHV1-46,-0.8376852563088083
IGHV1-2,-0.8067020476600401
IGHG4,-0.7902120888503918
IGHG3,-0.8414385573818812
IGHG2,-0.8121648656825482
IGHG1,-0.34887036708714286
IGHV3-53,-0.7986941798995684
IGHV3-7,-0.7955548338590603
IGHV3-9,-0.8013201974807559
IGHV4-34,-0.7904335653813065
IGKV1-39,-0.8109631266020507
IGKV1-33,-0.7989771367176128
IGKV1-17,-0.8364755923907045
IGKV1-16,-0.7924130165970237
IGKC,-0.9314434781347409
IGHV4-59,-0.7990007821660264
IGHV4-39,-0.7956372616096086
IGKV1-5,-0.817691419038662
IGKV1D-12,-0.7997964495604256
IGKV1D-16,-0.7955586572201245
IGLC2,-0.8144448154907316
IGKV5-2,-0.800483042788152
IGKV4-1,-0.813684111088488
IGKV3-20,-0.8432567204898224
IGKV3-15,-0.7900453050342325
IGKV3-11,-0.8406792342185505
IGKV2D-40,-0.8029284861711463
IGKV2D-28,-0.8186602329978341
IGKV2-30,-0.7964928905383974
IGLC1,-0.8192831174644113
IGLC6,-0.7935766886008134
IGLV7-43,-0.7975050351203699
IGLV6-57,-0.801048966282233
IGLV3-27,-0.7954446847687272
IGLV3-25,-0.7964727115522595
IGLV3-21,-0.8385824884894804
IGLV3-19,-0.8823887816522797
IGLV3-1,-0.7904322185987769
IGLV2-8,-0.796028332115589
IGLV2-23,-0.7925687021506373
IGLV2-14,-0.7946251322057467
IGLV2-11,-0.7986344925193216
IGLV1-51,-0.7480868107802229
IGLV1-47,-0.7999661863847347
IGLV1-44,-0.7954770353344455
IGLV1-40,-0.8539040193875553
IGLC7,-0.8174249971718107
CCR5,0.12191532167697268
MS4A4A,0.30682859776791377
TNFAIP8L2,1.1392803501808095
RNASE6,0.9136640596003028
CD14,-0.35433602382003787
HAVCR2,1.5565084174940074
IFITM2,-1.1568109408582234
PIAS2,-0.9555942060342785
TIMP1,-0.8175979755611568
ALOX5AP,0.6418429267956299
CTSH,-0.27174101014832674
MYO7A,1.4979345701636295
IFITM3,-1.0148099148414267
ADA2,0.18950421259902198
ADORA3,1.0515275864511124
HLA-DRB5,-0.1438867706426905
SERPINF1,-0.4681567023470169
HLA-DQB1,1.156687745007157
MFGE8,-0.03406422905981001
CD180,-0.12339539656833871
CD53,-0.17548413589648443
STAB1,0.5100384626888904
CD93,0.9564425437357097
CCL4,-0.20682468505373067
PTX3,-0.433933145124747
HCK,1.3546429244772376
CCR1,0.20059370335303844
MARCO,0.2983105514175149
CCL18,1.0646999783445146
CD300A,0.40919466770000373
F13A1,0.5064735445418588
NCF2,0.7608062581544676
CXCL9,0.46724633570847074
HCLS1,1.5499389539711474
HLA-DRB1,1.0518346782313768
RNASE1,0.0939527733389377
CCL19,0.5570903551606834
MYO1F,1.9912272422361246
TMEM176A,-0.5405298073754541
LILRB5,1.6544435269579685
CSPG4,2.83774988335424
CD52,0.6647927530876208
TLR7,-0.14159984394786498
CCL8,-0.22731885315541772
GIMAP4,1.1928198916494321
HLA-DPB1,-0.047386313818579114
CD2,0.06739958275456544
FPR3,1.432270194566613
MX1,-0.3753687863533023
GZMK,0.2059225460652242
CCL13,0.3831691018502776
CTSK,0.6216652125747647
IGSF6,0.664813285206993
ADAP2,2.750274328356514
HLA-DQA1,-0.08596828671236269
S100A9,-0.8404503467654783
IFI27,-0.7810016820199909
S100A12,0.6852536951822945
GPR65,1.5304998058656696
RGS1,0.9796461290033026
LTF,0.4162517818090542
SLC11A1,0.2788366776722184
IFITM1,0.6008496116682498
GBP1,-0.7156731447965979
MMP9,0.07795149301787714
FGR,-0.4356975129039665
SLC7A7,1.0886487834223026
SFTPA1,-0.5368991568783659
CLEC5A,-0.16544259564269417
CXCL11,0.7706327189053853
SLC15A3,1.7671552688879661
NCKAP1L,0.6116491616902481
SAMSN1,2.5082743698968804
IRF1,-0.48328920448440355
FMOD,-0.005795043703268266
TFEC,1.5878304956687506
ACP5,1.2773310669555655
CLEC4A,0.9473904511690131
IFI6,-0.6607947751454284
HLA-F,-1.3915571267473246
VCAN,3.1479362488832603
NR1H3,-1.1226081190657662
CMKLR1,0.27553942427547845
MX2,-1.371198921334574
IRF5,0.3409039890647904
CCRL2,-0.8060404633106816
TNFAIP2,-1.2935711587305818
RSAD2,-1.238799333151226
ALOX5,-0.5608260999130397
OAS2,0.5528186331706197
CCL23,0.6308957836352874
ISLR,0.9728306833815947
TCN2,-0.8532225695518622
IRF9,-0.7033499293585901
PTAFR,0.776387562729522
TYMP,1.5481489317182187
SIGLEC7,-0.10953311680993479
HBA2,-0.09420337551786352
SLA,1.7657938023770325
SMPDL3A,-0.6850143089252234
SERPINA1,0.1516031947316832
THEMIS2,0.44293415964149935
CD300C,0.037741852976491234
SELL,0.5276762585621189
BST2,-1.10210196009417
LILRB3,0.45018536450543634
LILRA2,6.186458426816335e-05
DOCK2,0.26169234292951177
C1orf54,0.11306037629278586
ADGRE5,0.5177948240407844
GJA4,-0.05632779569592561
AOAH,1.373114395054447
LILRA1,-0.0669749616945963
SFTPA2,-0.5685298511995815
APCS,1.030547042610888
CD37,0.6474707978536957
DNTT,1.7530853285080876
AQP9,0.3300645937939497
IL16,1.865067704044555
CRTAM,-0.46448157984425076
OLFML2B,0.07432926285371379
PSTPIP1,2.250633346508704
BCL2A1,0.3937400259910795
ADGRL4,1.076683672534008
TNFSF13,0.12000882979169623
PILRA,0.4195504256369577
APOC2,-0.8549021338856782
PLXDC1,0.3427434881284555
DOK2,0.58967704752257
EFEMP1,0.08921376835218248
TNFSF10,0.1318453223033987
RARRES1,0.3092736281709478
ADGRE2,1.194075104823188
RASSF4,1.2970772498331415
PLAAT4,1.5401863231432962
CYTIP,0.6422245727950104
APOC3,0.3800410298485544
GNS,-0.7238258073031538
KRT1,0.08106739495587896
LILRA6,0.38720307141907245
NPL,1.9760072623280898
TNS1,0.020508661291127914
TPSB2,-0.4527765389622985
EVI2A,1.7449030868530788
CHIT1,2.133299966957257
LILRB1,-0.32231294113878944
TRIM22,-0.5303758668583806
SASH3,0.5723962707214483
IRAG2,0.9499547114632034
GGT5,-0.44325160787351564
COL2A1,0.2634937442811776
C1QTNF1,0.6876909150256484
C1QL2,0.07118300874446863
C1QTNF6,-0.21244151066358316
C1QL3,0.14169135987611592
C1QL4,0.9521543835872207
CBLN3,0.08889785311887118
CBLN2,0.9177972325349808
CBLN1,1.2210321369104584
C1QTNF4,-0.4450292154349354
FCGR3A,-0.8462200538293293
ZNF534,-1.3962449942028607
KLKB1,-0.8918357627705952
DDI2,-0.9313008467925707
MZB1,1.2391762074331767
COL5A1,0.048903280664491504
GPLD1,0.05001003413925281
COL4A2,1.3092078837749943
CLEC4D,-0.6309101463050618
FGB,-0.29325099089403117
APOH,0.30369185418192224
PLD4,0.4109288022728705
CCL3L3,0.5235524380901977
VAV1,-0.17332220672610194
HCST,0.15779216641543647
FKBP2,-0.3979080111598139
ADGRB3,1.9676686663016514
PRSS35,-0.10602736372259
BMP2K,-1.591428012767343
PAK5,1.4718490210618451
HTD2,-0.277258024958965
EPS15,-0.603817486649806
IQCB1,0.47650060827189605
MRM1,-0.2514976306015793
NCAPH,-1.2312431295688673
NCAPG2,-0.7345735188785976
TRAPPC6B,0.5572563126579743
DTL,-1.0177197796365025
SMC6,-1.2477222960581407
NDC80,-1.7958014211183326
SRA1,-0.6653444285189752
GPAT4,-0.0392138233106188
TPP2,-0.3308170265736101
DGAT2,0.8398535452505753
AP3M2,-1.2010590532199177
SLC30A9,-1.2337393403423564
VAMP3,-0.7007979010677865
UBXN7,0.8624287624646015
ZNG1B,-0.8873881649047808
NCAPD3,0.3733714741294086
ACBD6,-0.9412066604288625
SCAF4,-0.09256601967036045
S100A16,-0.6463624805662858
TMEM9,-0.9211558928100146
SEPTIN11,0.6842693143201013
VMA21,1.0548148655951275
TOR1AIP1,1.4465020268483053
SVIL,0.9561190696567882
RLIG1,-0.8959647852548764
SLC25A14,-0.7822180576614294
AGA,-1.1169947593957745
YTHDC2,-0.4435062425171338
FTMT,-0.6210810546107988
D2HGDH,-1.5065994053767062
ICAM5,-0.15455535338909568
SEC14L6,-0.7450970509196108
RHOU,0.7391240235161484
TMCO2,0.06350873726513814
FNDC8,-0.4347889713520685
BMP8B,-0.01842718242684138
GCLC,1.4498275197371908
AHR,0.8304477721065434
LCE3C,-1.275655330301015
SCUBE2,-0.4087860104926789
ARL6IP6,-0.6482086283938061
UCP1,-0.8816926446943009
OR51A2,-2.1759652856946285
NFE2L2,0.17079772627181847
GSTT4,-0.27711437860543253
GPX2,0.8117012293929787
HFE,-0.42591999330541136
GSTCD,-0.7183383061923277
LCE3B,-1.2993512462573524
OGG1,-0.08644460004934128
ABCG8,-1.0386817760541827
AS3MT,-0.6545705495931475
IL17RC,0.5906288970164274
SHBG,0.2588687828921263
MAFG,0.3180081751195185
GPX7,1.593597806228807
FTH1,-0.6250867839208484
GGT1,-1.1461046861864441
MGMT,-0.9900076635061271
HAUS7,-0.4562055919896365
MMP2,0.4426435612200611
KCTD15,1.0312948086534832
CYP2R1,-0.022565441519441322
UGT3A1,0.1642413355417505
GPX6,1.5138203657176545
UGT3A2,-0.4148268780367198
AZGP1,-1.4137106319349257
GADL1,-0.17490091500767796
HDC,0.2364090111459607
SLC32A1,2.824653691357302
CSAD,-0.6844444234299436
SNAP25,2.5969016386822528
HAAO,-0.48660989493026424
DNAJC5,1.3110986738447274
SYT1,3.5617802874010596
CPLX1,2.777008453686678
RIMS1,1.945238693222008
CMTM5,-0.8067683645578355
STX1A,0.867207295186002
PVALB,1.4906284965025756
DLX1,0.562146940533254
SST,3.359325927788681
TBR1,1.6836657073288825
DLX2,0.19571287734359258
LHX6,-0.2047080758237091
PAX6,2.78101052381793
RELN,1.8336383220160506
FOXG1,1.472763499865753
SLC17A6,2.106946579933079
MAL2,-1.1053845408415917
NKX2-1,1.345409842330214
MAP2,1.34517453010509
ASCL1,0.9350212341584212
DCX,1.7786983257699824
DLX5,-0.33986318831132273
SATB2,1.7372551873145998
SLC6A1,2.2652488757193003
DLX6,-0.3663025320555611
CALB1,2.620901414108339
FEZF2,0.9814046902331622
MECP2,0.5808778347409976
OTX2,1.2249649175806068
SYN1,2.620824766067493
NEUROG2,0.4023082053314003
NEUROD6,1.8781997361408993
GRIA2,2.4809425961741702
OLIG2,1.498912187843242
VIP,1.9920275529986646
VSX2,1.0928349870194483
GRIA1,11.167194917149772
FOXP2,1.034047191814504
CA1,0.0604740405822012
BCL11B,1.7941084297707137
EMX2,1.6924553495856918
RBFOX3,3.0215443025888873
GRIK1,2.4391070978798712
NEUROD2,1.214007490887432
EMX1,1.5966067237593986
NRXN1,1.860521675873547
GABRB3,2.3166735292113128
CUX2,1.656078734045144
ARX,1.5796325068772583
MOBP,1.937043836800764
SIX3,1.873908183320214
NRG1,2.241719513472027
GDNF,1.889982088384624
OLIG1,0.4438344590732801
NEFL,1.911169373593768
GBX2,0.9400305374837281
NEUROD1,1.3530222894040143
GABBR1,1.9897673572483259
ADO,1.123897857849401
CUX1,1.7925066375695047
CNTNAP2,1.9427273133173877
GABBR2,2.343511988607822
GAP43,2.4076597915872457
GLS2,0.6116913076456574
ZNF804A,0.7899476411489722
NEUROG1,-0.24734191872344416
SOX1,1.4302668013611715
ETNPPL,-0.8094324293494968
GRM3,2.086114650542915
ISL1,1.5671688732456786
NRL,1.5354599828293511
GRIK5,2.37369171252275
NRGN,1.5523873575045717
STMN2,2.1379390996014296
LMX1A,0.8176905781479296
NEFM,2.8813681728920337
EN2,0.1698531183074875
CACNA1C,1.5702902743067633
PCP4,2.730003116444692
CABP5,1.5992111268199893
GPHN,2.972086946901172
RORB,10.503489748194706
OPN1MW,1.646793364392783
GRIN3A,2.4204851466444177
PDE6H,1.7416498360263213
ARR3,1.5414697854684942
PDE6A,2.0492806062438333
TAC1,2.410037266391047
GRIK2,2.300099137204796
LHX8,-0.13549831099567972
GABRG3,2.0296501301538377
GSX2,-0.19666945944672048
ASRGL1,-0.4750428695278643
NAT8L,-0.6526738074313919
GRIA4,2.4018278220099183
PENK,2.972010902597956
GABRB1,2.2580097694657626
GRM6,1.863462724540478
DTNBP1,1.3045919126368324
CPE,1.709623499881382
ICA1,-0.3011378896543536
PTPRN2,2.3931828104794644
PTPRN,2.318714091835596
PPP1R17,0.09413685456066705
NKX2-2,1.6518697880683926
LHX1,1.0338580788861411
RLBP1,1.0367571089777354
CHRNA7,1.4415164949318922
KCNC1,1.8231256069793547
ARPP21,1.4310875731497137
LAMP5,2.7180394736623565
NCAM1,3.188585543741832
SHH,0.9071028104434607
NEUROD4,-0.30338909673823866
NTNG1,2.088151928472371
MEIS2,1.2524175386929393
POU3F2,0.4164651706438991
GRIN2C,1.7952295049720324
HOMER1,0.6865348425635286
VSX1,0.26342643141456734
BHLHE22,-0.1317978022004048
ERBB4,2.222913781787539
GRIN2D,2.0021738094687827
SNCG,-0.14288422226232314
GRM2,1.2523470491566873
SEMA5A,1.769850577317848
GRM5,2.1523905831248955
CRHBP,1.556995403761817
GRIA3,2.565351327193623
NNAT,1.0812426334582992
ONECUT2,0.9704760264251748
KCNC2,2.255204867567441
SHANK1,1.3712057879224842
SCN4B,1.7003309294389957
NR2F2,1.8640105012871147
SCG2,8.979029683573003
SHOX2,0.2539767160491429
KRTAP3-2,-1.0969926084851658
NRXN3,2.412670126890576
CHRNA6,1.0665987031753983
SP8,-0.04376727511507965
ROBO2,1.3520078823950221
ADARB2,2.0333717633398902
POU4F1,0.4875385587698137
EN1,0.827157317776133
MEF2C,1.2025108778389768
KCNIP1,2.2640296523217396
SOX10,0.6502896403796736
CRX,0.8053154386424596
CRYM,1.5099604829026658
CAMK2A,3.270674590750394
CARTPT,2.4367506125251244
SLC6A11,9.246742198185276
NLGN1,1.8709660714255745
NHLH2,0.5938524699115354
POU3F4,-0.004974435858115186
NRXN2,2.782578487190221
SV2C,1.889335744043402
NR2E3,1.2354443807935342
NR4A2,1.5861346730760093
NFIA,0.37590250970213046
BLK,-0.7744537903472997
GRM1,2.5742438734069073
KCNJ9,1.333537057333216
SLC12A5,2.6294679714365605
ELAVL4,1.451591579788957
MOXD1,1.693566426261261
CRHR2,1.658997325180488
HCN3,0.29275031736200624
KCNC3,1.1256809739169038
ZIC1,0.3949135625429018
NXPH4,0.2358501488192679
FGF8,1.4257533176674073
GRM7,13.084273919781232
SLC1A1,1.3747682562306442
HOXB4,1.3260914144775278
SYNPR,2.01606960904442
UNC13C,2.366150107534581
SLC17A8,1.45214217709713
RPH3A,2.9978103256317943
IGSF9B,1.4303256022328692
STX1B,1.7792831364223938
UNC13A,1.1800537461490959
SYT4,2.9864672336707208
SYT11,1.5950687130119625
CDH8,9.66007148256272
NFASC,1.5282920124718928
SYT2,1.5081444036154545
ATP2B3,2.0037387876347466
UNC13B,0.5814988640515427
KIAA0319,1.0606682922017028
SYT5,2.1055935472011202
CPLX2,2.662662697937141
SLC4A10,1.9279996893901123
PACSIN1,1.5107951534033683
CHRM1,1.6690895764147626
FYN,2.3535559418429637
SVOP,0.21568377920458073
ADRA2C,0.8668111900967044
AP3B2,1.8489464191316425
KCNH1,1.432360216657453
RIMS2,1.9992331943683512
TRIM9,1.656839476287383
CDK5R1,1.9085310624661713
ITPKA,1.6630071150319692
NEURL1,0.927747280746467
BCAN,3.4984544572905407
ST8SIA2,1.0687563232918125
GRM8,2.458264480188077
SHANK2,1.3434930571910246
CACNA1B,2.249276165602249
ADCYAP1,2.665215393631939
ESR2,0.13691441113113176
ELAVL2,2.646185717464738
PPM1E,-0.3226038540824764
NPAS3,2.0356852309939697
ZIC2,1.0613969732296864
VSNL1,9.144804746089832
CACNG3,2.387624252993269
ADCY1,2.746153096296759
FRMPD4,0.8172429497977073
INA,2.2906187345982745
TRIM23,-1.5026445518119682
FGF12,2.806134513699816
KCNJ4,1.5712240392549224
CTNND2,1.6697888557919232
PCLO,1.6918186215117228
PROX1,-0.17486057584116252
SLC30A3,2.4828928443779694
KRT31,0.2404777447517034
FGF18,1.130924839597286
CABP1,1.7431260551470498
RGS7,2.5234362147111393
EPHB2,2.339351381135655
ASIC1,2.6307659821484797
SEZ6L,1.8871796318310774
PTPRT,2.0925912975559102
CSPG5,2.9064902057616755
SCG5,2.780002885997103
RASGRF1,1.6048658702020169
ABL1,-0.03976305627181454
KALRN,1.683887428983931
SOX5,1.1800039714444748
MYT1,0.6222123392381421
RGS6,2.160426373258725
GPR6,1.7617373236259093
MPP2,2.461551158546899
AFF2,0.9505670177773511
SFRP1,0.8815643869959274
MYRF,0.17661681639273383
LDAF1,-0.2158784483155466
CYB561D1,0.07563238149612596
SLC30A8,1.038245209608187
PCSK1,2.732423927848577
HIGD1C,-0.4051127219141051
FADS6,-0.9914087496271579
DMKN,-0.6260348338845816
IAPP,2.116655792563823
RHEX,-0.01872835920948774
SYT6,2.122690145357648
DERL3,1.4283109210683378
RAX,0.3844071269464975
SYNGR3,1.2397071956939614
FAM163A,-0.2541429924298862
SYCE2,-0.4618406405720818
CHODL,1.5107333543365171
CACNG1,0.32853008316289684
FAM114A2,-0.8061456574788256
DGAT2L6,2.194947682986313
PTF1A,-0.08367641408010515
KCNA6,0.919053384855079
MOG,1.801681732480034
ARMC12,0.6518021277620525
PDE6G,1.6927587356582916
LIME1,-0.782814173893557
PNLIP,-0.4045850053999012
GLRA2,1.965429442590238
ABCC8,1.5034311584294155
TSPAN33,2.114771154545712
BSND,-0.5220505978817801
PLP1,1.1636474100690213
SMPD2,0.5277387539458409
SCAMP1,-0.8064218640763612
TMEM128,1.3876920374032375
TNFRSF10D,-0.8208129590098839
PBX3,0.5251671273847675
ST18,0.6061592734883853
PPY,1.9518591148356403
RPRM,-0.6685675621666615
INSM1,2.1616601663957145
TMEM120B,-0.6211518901903719
CPLX4,-0.4072827588093093
OTX1,0.7072684346885851
LHX3,0.41232755437393537
NPAS4,0.3339170025858574
S100B,0.3635652873661285
KCNA1,2.9833598595956596
CERK,-1.0132289203392688
SEC22A,1.655941652493178
ACHE,1.6977740664804861
CORT,0.8662138619458857
TLE4,0.2710658889047098
NKX6-1,1.0300839979526104
CERS3,-0.9757565688184292
PDE11A,2.0418545846550136
NMNAT2,1.0540375259849404
SV2B,1.4713398379623364
DGKI,1.8759739469187229
OTOF,0.9437798771086793
SYN3,2.4223724149473154
CNIH2,1.578873167565174
KCTD8,0.43046829928046304
PCDH8,1.3652671286284397
IGSF21,0.45270795859086105
SLC7A14,1.2525584737026265
SFTPC,0.16143976903963472
RAB3C,1.1921269477336092
WNT7A,0.5127983827792673
CDH9,1.6693491019659863
CACNG2,1.472615577210455
SLC1A6,2.5907348239318058
CDH10,1.7708069803372115
RNF112,2.0452380687767064
KCTD16,0.9905820672941124
SLC18A3,1.3926352408530185
CADPS,2.4139388388414362
DNER,1.5313948471621484
HPCA,1.8256733275694825
PCSK2,3.259104683842484
AMPH,1.4002987806755063
CAMK1G,1.5387796012679724
CLSTN3,1.1701752093085804
SLC6A17,1.6811785972778388
NEFH,1.2557609356886528
BSN,2.0371084080765334
LRRTM1,1.8129318372309386
CHRM5,1.3552667658004869
SFTPB,-0.17201188206819754
GLRB,1.6369904111393443
LHFPL4,0.7745700255997867
PRRT2,0.6676358859634303
KCNK9,1.395089936153323
OPRK1,1.3143520116124694
CNTNAP4,1.853706436146262
RGS8,0.889712361752526
DNM1,1.3801359726456348
MT3,1.896287677237879
ADCY8,2.6596858822182328
UPB1,1.4617979257031832
SLC30A10,0.8020105279020161
FTCD,0.4351592471582423
PNMA2,2.105373730130535
ZIC4,0.09822159031219772
DPP6,1.769292715619539
GLRA1,1.5829931854982153
SLC6A13,1.6117342801706216
SLC6A12,1.4748568339256631
CCK,2.595468825680291
ZDHHC17,-0.43411743244350204
TG,1.2282495395024433
HCRT,1.406975698564823
LHX5,0.8560226608317022
CACNB1,1.0648436393737821
SIM1,0.5343205700894947
CNTN2,1.6280687233537576
ELAVL3,2.398362911773008
KCNA2,1.3590725388020681
MC4R,1.3443637294992636
TRH,1.9166657596248218
CACNA1A,2.596142102815331
RBFOX1,2.6843699751093
POU4F2,0.15170575930545702
MPPED1,1.1924805564263814
ASTN1,2.0846276441942426
GJD2,0.45682055879478345
GABRR1,1.8788622404442632
HTR5A,1.4410798604346005
ST8SIA3,1.3812268580628846
SNAP91,1.5277598607320462
ACTL6B,1.4491386166376332
KCND2,3.0919557067233425
AK5,0.6301245854746026
CPNE6,1.612655229372736
TNF,2.2811941158343036
DLG2,10.189241588636913
SLITRK3,1.181395553844928
SLC8A2,1.8643696958883185
ADAM22,2.2784439876288403
HCRTR2,1.0847863579991108
CACNB4,2.592210901553233
HPCAL4,1.0520511449617806
CACNA1E,1.592548718732954
HRH3,1.5912543122925469
TGM4,-0.5305912543280836
NCAN,3.4091683204399494
PDX1,0.9016137086201582
GRIP2,1.2082304586276025
KIF5A,2.2515235865845877
DLGAP1,2.2040687049472134
MAG,2.5778260065025873
SCN10A,0.9282598495369656
SCN3B,0.7067651856310286
SPOCK3,1.404829171799465
SLC6A7,1.4184077884562665
LY6H,1.2417530986592817
LMX1B,1.318723385666655
AGRP,1.2554097105574569
TSHR,2.1005007617848452
CELF3,2.2322945497743847
OPCML,2.439416955527623
FABP7,1.7519598875444902
PLPPR4,1.447064617435381
GABRR2,2.0695227963188176
DLGAP2,1.9847842396104514
KCND3,1.8908370157832999
PAX2,1.6931755566537325
SLC24A2,3.1037416843631385
ADAM23,1.6940300558844295
RHO,2.2793541151457095
CA10,0.5635600243434218
ECEL1,0.6479362976083576
DIRAS2,1.032902877737715
SLIT1,2.4091513983582455
NEUROG3,0.10474884897424859
NMBR,1.1659032625579806
CDKL5,1.1573091572190133
SOX14,-0.5871663880186441
STMN4,1.9916468065110275
GRP,2.8463812391371883
RIT2,1.5136693800166812
CD80,1.0747991314313992
MAGEB2,-0.9515524932758684
SPTBN4,2.2212184009510674
CA7,0.09107651497239333
VGF,2.071700321292384
PAX4,1.780341557652985
SYT13,1.3254995401594658
CNTN1,2.139301696326219
TACR3,2.3598875354341295
SRRM4,0.23536996028569526
TAGLN3,1.4621339491136434
NPY2R,1.5929600936581771
ASIC2,2.119166646477143
DSCAM,1.0818110823468057
NTSR1,1.2943727638622609
KCNB1,1.7887317902105973
TRHR,8.563893088723187
GPR88,1.348176430046382
GLP1R,1.4112194846521855
KCNIP2,3.6973468117081887
CRMP1,1.508946642340144
KLK6,-0.9450044693833918
NOVA1,3.1986184457396902
GFRA1,0.8788713515602453
MCHR1,2.01243876391634
KCNJ10,0.5005352856765911
MUSK,0.4296917957938771
CACNA1D,1.0458101997894194
H3C12,-1.47236667984616
CHRM4,1.5573451333808956
LEP,1.2199412370224414
OPRD1,1.5772021832058822
PRKG2,1.589328497688151
PAX7,0.2644733517657487
PDE10A,2.0799605845775813
KCNJ3,1.329430169225015
RIMBP2,2.5170808381516467
ADRA1D,2.1441542774723126
CCKBR,1.961941680152502
SLC5A2,1.2298388087525343
PHOX2B,0.49024546534079055
ATOH1,-0.8349453301324881
POU3F1,0.11314257362305782
FGF17,0.8096366153687328
CELA3A,1.255001481718759
TMPRSS5,1.980271526683896
CACNA1G,2.140786454223224
CRISP1,0.004944992567722456
CNMD,-0.33803671538340246
OMG,1.8499010862268759
PITX3,0.6428175808479291
CHRD,-0.19946995951113583
PAX3,0.5839806388041103
ABCG4,1.2514708690164928
POU6F2,1.127465999210989
TNR,3.0170204778940084
STXBP5L,2.3815856677142127
GNAT3,0.816260758654332
PPFIA2,2.326328377745777
DAAM2,2.8544635291418676
GNG3,1.6600562626481203
CHD5,0.24118265960081042
NTSR2,1.723404089814653
SLCO1C1,2.2702072682021774
NOL4,1.1028024165324064
FAIM2,1.5942823139751148
CTRC,1.685713819580612
FGF9,1.275877545129212
HTR1D,0.7248486064999795
POU4F3,0.3745806193491265
PCDH11X,0.286962782612852
KLK13,1.2260931435848084
NTN1,1.6935539452695874
MYOZ3,-0.8146559249253387
TMPRSS11D,1.7236755873769
TMPRSS15,8.454327840082643
ACR,-0.7344264094443169
TMPRSS6,1.8432845018495754
F11,0.6900609221831725
KLK7,-0.10304665374319581
SLC1A7,1.8990528736223438
KCNB2,1.910819320101727
KCNS1,0.6488031358185223
FEV,0.3540979086833444
ATP4B,0.8764763532184442
BRINP1,2.7569482733399195
TRPA1,1.0989847587210542
KLK14,-0.4118931368547679
KLK2,1.3706153647402346
CTRB2,1.9580762687143494
PRSS12,0.4327294549742171
KLK10,0.43844412941302335
CMA1,1.7337252479968888
F7,0.19044966647258207
F10,-0.5949819893397962
IL22,0.24507088532400573
PMP2,1.1881326152688119
DGKB,1.8479929830734112
PRL,1.2404339287975048
SLC7A4,0.553535230114289
ARHGEF4,1.1542051604229342
IFNA14,1.3087260266880885
DCC,2.1739526148055295
SRY,-0.1224407464926171
ATP1B2,2.1303702665357283
HCN4,0.9399647864750145
ADRB1,1.8078824403767928
TNNT3,0.5612163861077208
IFNA21,0.8475194071561049
CTNNA2,0.8897777005333546
LBX1,-0.4776732698285235
CLSTN2,1.245175917825797
SLC8A1,1.743860395910021
EPHA5,2.235902783383656
EFR3B,1.4202706477272145
GPR143,0.9344221209347378
RALYL,2.2751664752552085
CETN1,0.622193621396781
S100G,-0.37916922401636466
KCNAB1,1.5630328906829885
EPHB1,2.542394185139568
IFNA5,0.8735273930867876
SIX6,1.3553064805421005
CLCN5,1.010311606888204
SEC14L5,0.5256265234385633
SORCS3,2.6469556212207803
PLCB1,2.8091661700155512
CACNA1H,1.9941845439230823
CALCA,2.4788313811766725
NGFR,1.8483194094218378
NR1D1,0.8324432985468574
IFNA16,1.18948559555811
CNNM1,1.7729505965182026
SPAM1,-0.32416586950102155
SRGAP3,2.347508049096574
JPH3,2.045552474752749
CLCNKB,1.627863856940716
AVPR1A,1.8334102929019833
TBX21,0.3622837407910926
EFNB3,0.5917894473131551
CHRNA1,0.9737631602006446
TRPC5,0.38012376372909584
SSTR1,1.4207266937264367
ACAN,0.025217734152923013
UBQLN3,-0.8200276021905224
GFRA2,1.89079564771402
TTYH1,1.162859697398159
LUZP2,2.7168725905307443
SSTR2,1.631367350655079
GNAT2,1.254719930552734
GUCA1A,1.8277793350956015
NPY5R,1.7327410632422324
PRMT8,1.2506715654659941
RUNDC3A,2.1507430372676346
SERPINB4,-0.8725790014104953
IFNA10,1.3363271532943892
SLC17A4,-0.26853585539789593
SCN11A,1.0069327327123312
SH3GL3,9.151535146981956
SLC17A3,1.331543565518945
AKAP6,2.633614320106711
CHRNB3,1.7588836497617173
LSAMP,1.7696290122833416
GUCY1A2,2.666971613650275
DRP2,0.5406462505190721
CYP11A1,-0.48290272094308884
B3GAT1,2.614946853374844
CACNB2,1.6942564981648518
BRINP2,1.6425955898264581
ESRRG,1.6287895953859788
HNF1B,0.6762301149914395
CTNNA3,0.7376450885373894
SLC7A9,1.189923698550164
SLC12A3,1.3925333546143484
FOXA2,0.7315734304627751
IFNA4,1.3083369801225544
IFNA17,1.211385866065587
CLIP3,0.7514607496915928
GRPR,1.1434770086231152
AK9,-0.6626384933523791
DCTD,1.3846537393035934
AK7,-1.030155568149759
AK8,-0.9321822271719593
NT5C1A,-0.04406508316534713
NT5C,-0.38577192883361117
NUDT13,-0.3870497337090178
AK6,-1.1335308118220413
UPP2,-0.4512863151731246
TK2,-0.16341387342206
UCK1,-1.117619544628833
DPYS,0.39849983282908696
CANT1,-0.37432166851144333
NUDT2,-0.5077745093876088
ENTPD5,1.3997816510243253
NT5C1B,-0.32209234414848675
ENPP3,-0.4204433117954469
ENTPD4,-0.3293921013698392
FXR2,-1.0544405980167733
ENTPD8,-0.11164220299992891
ENTPD3,0.8903791062613198
NME5,-0.9635421673505373
SYNJ1,0.0402718440244737
BIN2,0.5252288351752434
BRMS1,-1.3672802040563838
NME9,-0.8047825693869209
KATNAL1,1.6817290943097294
ATAD2B,-1.2675592232511865
SPAST,-0.8765116607625146
ATAD1,1.2238744827920662
KATNA1,0.6684064106678593
SERPINB5,-0.17402904531142663
SOX30,-0.18525648746351817
RRAD,-0.2392308064150364
PID1,1.215747832483225
ACP6,-0.7486430457654203
ASB18,-0.1435932631022033
CD82,-0.6959633278452596
RORA,1.8022228895477939
NME8,0.3415424601332845
SREK1IP1,-1.0033674759232398
SMYD3,-0.3542239376027381
DUSP2,-0.9725756289244434
EYA3,2.043474433919521
USP18,-1.2798520650584353
MCF2,2.757738677077119
TIAM1,2.2630499287150223
NME2P1,-0.6731269834771125
EYA2,1.5747234719903178
TOMM40L,-1.5295263552531666
FKBP1C,-0.7370231613251921
KDM3B,0.05364740884891885
TNPO2,-1.0053910887307111
DUSP22,-0.9713480974022589
BAX,-1.1065543043714727
WIPF1,0.6105624310940717
ABCF2,-1.360910616551253
EVL,0.6479019867524234
GABARAPL1,-0.7341045114353423
RPL37,-0.4537827743168715
ZPR1,-1.4688081450007824
LIG1,-0.5344873552949139
PPIL3,-0.1483213470552064
LMNB2,0.7786929422604351
KNTC1,-0.24954989521398957
MSTO1,-0.8774296692849096
PTRHD1,-1.0533710602251487
MPDU1,-0.1531981768523785
BUD31,-0.012265523514239223
SLC39A6,1.3687012867657091
NF2,0.9931063431281878
RPL3L,-0.5849172311328622
AGPAT5,0.17579423180643108
NUBP2,-2.2128837045598715
MTFP1,0.042257812839299476
CBX5,1.1640411879894912
GOSR2,-0.24034988743193553
METTL1,-0.1371463431177086
DUSP19,-0.7791400333456675
MAP1LC3A,-0.30105942564910443
SNX12,1.6344554959577398
DONSON,-0.7803131585112277
GATA1,0.24790914112610038
RPS4Y2,-0.6917734140315921
CHID1,0.13979808716302053
NXT1,0.6990099656116036
MARCHF5,0.8418461104492658
SAC3D1,-0.2513418868857362
SPNS1,-0.46014445378239416
WDHD1,-1.15503482636403
BNIP1,-0.9842130521316925
AAMP,0.11205890050330464
KIF4A,-1.3700628290188974
PPAN,0.2983086084902415
NUP43,0.2383194260107563
TCEA2,1.4042135391082418
NAA40,-0.6095967063318591
NEK2,-1.6058008113242233
KIFC1,-1.4045126945748039
PTPN23,-0.8587641424333059
TIPIN,-0.8648057278994563
CENPE,0.1514642425951876
KIF20A,-0.7769730759782504
KANK1,1.0934222960113835
ATF4,0.5253809940688848
CDT1,-1.2658093879057897
SLC39A14,1.076352569285615
TRIP11,-0.023021426037336944
POLR2D,0.7159196743433615
ITGB1BP1,0.9163232727530806
CHAF1B,0.08257004272324854
PNCK,-0.6880712288642811
NUP160,0.5862704990212031
NFKBIA,-0.8283885464550459
KIF15,-0.7831621914803362
PPIC,-0.6705588841882443
PIP5K1C,0.14569740863454028
N6AMT1,-0.45461012093168884
BBS7,1.0464120943171011
ORC1,-0.5265084383180351
DPYSL3,2.216675582395565
SLC29A1,1.0427354844143868
BAK1,-1.1451488275102082
WAS,0.4648686857351036
DSCC1,-0.7953908739276172
CHMP4A,-0.2919227627711429
MYL11,0.4602998304159519
PSPH,-0.7248427931849808
TREX1,-1.483359969249369
PKMYT1,0.07904329399291957
PCBD2,-0.25800758555783465
CDC25B,0.9948405456927345
BID,3.8140941363566236
RAD54L,-0.5690638473016605
ZNF131,-0.2150883407832163
POLA2,0.02066905893180411
CCNE1,-0.14483681687924016
CENPF,1.6559088679661504
DCAKD,-0.043503941624127254
LRP8,1.0410701552906336
TOPBP1,-0.8190623471922256
GINS3,0.7578299673549816
RBM15,-0.9836585607205184
PPIAL4A,-1.320300387213834
SKP2,1.3621731808942312
KIF18A,-0.9523772619259449
MYBL2,0.38068776013176414
MAPRE3,1.0348571353256324
DNAJC25,1.7056753795743669
RITA1,-0.5554458112012423
MFSD12,-1.0268266207853691
OGFOD1,-0.7719842054460737
DNAJC24,-0.6208264625450736
LSM1,-0.524563377145647
PTRH1,-1.0133027946224844
PEMT,-1.4049413188110258
EXO1,-1.173045563927263
ARHGDIG,1.4549364776180749
TOMM34,-1.1128906351233991
IFT74,0.2478284524446042
ARFRP1,-1.1847628716263725
TNKS,0.8149619094579272
PCLAF,-0.5711659808725209
METTL26,-1.0295950778389336
DNAJB14,0.5901320285896103
SLC25A39,-1.2058110262072994
KTI12,-1.3013323617894301
GTSE1,-1.3493575710417907
WDR43,-1.5437823240816393
SCFD2,-0.9163854369077403
TNKS2,0.09443583865234809
MEMO1,0.6201326129427907
ANKLE1,-0.23378531174753667
ZNF322,-1.1358359044334916
PRMT7,-0.3144977794270592
ESS2,-0.1842067300562282
DPH3,-0.6732310894049276
KIF1B,0.7445515954231355
GNPTAB,-0.3584400557312533
CCDC86,2.661246672962664
ING4,-1.3158178924118646
MAP2K4,0.2451142392161533
YRDC,-0.8452432963481034
EXD2,-0.05518850655242368
TIMELESS,2.765380856600855
CENPI,-0.877413134730463
MZT2A,-1.2364344367013413
RNASEH2C,-1.0058508129478372
KXD1,-1.0668778516082773
SLC7A11,0.47203484152546676
NDN,-0.11864874357405339
BBS5,1.0962313466920166
CHD1L,1.0498646062249195
SKA2,-0.010295490579421269
RGPD8,-0.9279891469477213
RPP25,-0.9158517600723958
AARSD1,-1.2123112381336636
DLGAP5,-0.6460382145220911
TTK,-1.0561191324107333
GPSM2,-1.1390724262509346
TESC,-0.443896905161324
CIP2A,-0.5517737343614486
TDP1,-1.6581955603432255
ASPM,-1.2054807361733684
NUP188,0.7841674420188488
NPM3,-0.9111193051591759
AIF1L,1.5746793935253693
TNPO3,-1.6054981786475904
NUF2,-0.8089679098726476
CEBPG,-1.1057466312806405
POLR1H,-2.271989842284871
FOXK2,0.27473415334891954
CDC25A,0.1247686829230907
RAPH1,1.2778341128814104
KNSTRN,0.7106476811435586
SMG8,-0.2642892298069879
S100A1,-0.6360228221585426
RBBP8,-0.6264033515535559
PLBD2,0.16618091539470797
KIF18B,-0.7129286157830175
VAMP8,-1.6502178304908668
CRIP1,1.0849622901962461
CDK2AP1,2.5639217927931095
KLF16,-0.8787186350406073
ENOPH1,-0.49770199594009146
DESI1,-0.1850491859297529
CENPU,-0.8866617674261926
TMX3,0.8462167094722683
PALS2,1.2683301418955006
KSR1,-1.0618667173170866
CENPW,1.2130593469797455
CDCA8,0.13876861191626813
SCIN,1.1080445217911195
NUDT15,1.7007167189008612
H4C7,-1.156944943436373
TIFAB,1.3127298072413711
UBE2T,-1.3164243554843331
CENPH,-0.5253868478781902
SPAG5,-1.2857247520299038
NETO2,-0.1423550964717321
ZWINT,11.991879490716466
MTAP,1.7690039658332903
PARPBP,-0.5684987125090912
KRT77,-0.9776368683912795
FBXO5,-0.9791641212507536
RCN1,-0.7304952910048351
BBS4,0.9175189324756681
NOPCHAP1,0.11914069945686248
ARMC10,-0.572760927096531
COPRS,-0.6150132520483597
CHRAC1,-0.5728285103164542
DSN1,-0.5781310165393958
BARD1,-1.7004412451507085
SIVA1,-1.3652503920488035
ZNHIT3,-0.4399499594597876
HRNR,-1.256895935937924
ZNF146,0.16123555618719065
FLG2,-1.3213076949721663
EIF4EBP1,-0.01276602257335721
AZIN1,-0.6651443761149959
AMY1C,-0.9008010663760398
LAPTM4B,-1.1262645800755209
ZSCAN25,-1.187002122387264
APOBEC3B,0.05478117200841092
SAAL1,-0.4568437315088252
NTMT1,-1.8401933439247709
NT5M,-0.21991873397392087
HERC6,0.8396952997802047
SLC48A1,1.2067631770635125
OR10H3,-1.146703858874556
CELA3B,0.04818887537869755
ZNF843,-0.34539795231410353
CSRP3,0.43785938891008946
WDR47,-0.9041682001543554
IER2,0.6410770069821485
PHYHIPL,0.2707727362846096
PILRB,-0.7512361717515689
SMOC1,1.581010656364917
PREX1,-0.3495321090050605
TRABD,-1.162923422055074
HERC3,-0.34391526118393334
ARHGEF39,-0.7977137727621733
KDM4C,2.128900584303505
PRKN,0.9024543700277029
TRAIP,-0.34433378887927935
OPA3,-0.7780070385585172
HSF1,0.7830417754524281
DRG2,-1.5432281003114618
EPPK1,-0.7475548015561554
HSF2,0.5684421629719248
KRTCAP2,1.3748676958376984
H2BC15,-1.3076415023264065
MAD2L2,0.743641167768116
PGP,-0.7796955649109675
POLR2J2,-1.5462570094157009
PYCARD,1.4581285147879555
TBXA2R,1.1831084355036212
GMFG,2.340339497487202
HERC5,0.5868946803872396
DOCK4,1.7151305205234904
TOR3A,-0.7944567044937242
IGBP1,-1.644774922065906
S100A13,-0.7419922265579639
NUDT3,1.2773513054952281
DYRK4,-0.07805316359667955
TXNDC12,-0.33088221092364223
ADISSP,-0.8869980884294162
H2BC26,-1.3498818366662646
H2BC17,-1.463947981696554
RP2,0.07594970932183662
PYM1,-0.8779597251670244
ANKRD24,0.023267057365143354
PARVB,-0.6042231452692958
LZIC,1.9621102701355402
MTMR6,-1.103895246293281
TCEA3,0.7195996013854731
GPKOW,1.66738532896711
MYL9,0.33816411541841573
GCA,-0.7677328993300182
C11orf54,2.8099945842325913
ZCCHC13,-0.880941996785392
HSPA12A,1.0302930200909453
PSMG4,1.4192349943531322
RWDD4,-0.3396895257564228
TMEM192,-0.9070740276442963
PARN,1.0325363197538748
ZNF511,-0.8612993678373418
GLOD5,-0.7418254819703787
VEZT,-0.34652355223287123
TRIT1,-1.3853185928522533
CNOT2,-0.16163188423026575
H2BC12L,-1.3512254656069178
AP4M1,-0.9009766471320938
CINP,-0.5829407721871593
RABIF,-0.722754858936948
PLIN2,-0.6007729877337835
FKBP15,-1.1645369780150765
OCRL,-1.1478606088233796
MCRIP1,-0.8087294526573832
NUFIP1,2.8937359849239814
PPM1F,-0.9656510695039028
URM1,-0.902809404537709
DNAJC18,1.670366104874586
SCRN1,-0.7602480886284665
ZNF232,-0.9790927756781541
DNAJB9,-0.0325020239025629
ZNF706,-0.9885171563581528
ALKBH2,-1.2769349526935523
DVL2,-1.7461440861487871
MTERF4,-1.634872749819176
PTGES3L-AARSD1,0.8228749519299946
PUM1,-0.5716212444248703
PCGF1,1.574879971872544
ANAPC15,-0.852602547367131
ANKRD13A,-0.8837589038208243
ARL6IP4,-0.49747374798533817
ZBTB33,-0.9174258114583096
SLC2A5,-0.7833073666535011
FEM1A,-0.9641983091685903
BBLN,-0.6978941529601431
NCALD,1.1946297062212923
PLCG2,-0.09665602979713453
TTC5,1.2329258433633092
NOS2,1.7768871210102053
SUMF1,-0.5158223869041595
SUMF2,-0.5192251796032967
MTSS1,1.3551336002825383
PMF1,-0.7543082604697342
SCNM1,1.457194151755562
RAD21L1,2.128420978512334
ZNF771,-0.9066686549645053
ZBTB48,0.47546442612283757
TPGS2,0.7656134455317826
DUSP3,-0.5655808880558928
FEM1C,-0.9774079455606531
PPP1R16A,-0.8689936654085914
NINL,1.4123308301674513
TRNT1,-1.582596093795372
MFSD3,3.151663744579696
SLC38A2,0.9605091381264514
HGD,-0.1428641188326417
ABRAXAS2,-1.0133881326616363
NFKBIE,-1.3470214384259216
RPS19BP1,-1.1515365904153585
DUS3L,-0.40044619926187613
CABYR,-0.7455446894138701
STK10,1.65834466867321
PTCD2,1.119042748330956
PEDS1-UBE2V1,-0.6011416378684842
FASTK,-1.2685179624002403
AKAP13,-0.6740611385011991
PEA15,-0.9647043592749039
RSPRY1,-0.519380478008454
ZNF445,-0.7885458088871145
ZNF724,-0.5625025895304362
ZNF107,-1.4768000068050426
ZNF431,-1.3603302491868887
ZNF92,-1.0923150853474133
PNPO,-0.9443509560584707
BRAP,-0.9298850767105339
LPO,1.2826391040327016
HOGA1,-0.9971385860108526
SARDH,0.4097210026518708
PANK2,-1.3035927413015647
VNN1,-1.055285039485638
PANK1,-0.8979926314958548
VNN2,0.9256375381336556
HAL,0.44203816717732936
AMACR,-1.460123033222982
IDS,-0.5174999184552793
NT5C2,0.8343344195196876
ABCA13,-0.823803882491688
DENND10,-0.804184901089985
AGMAT,0.792765590663594
TMEM116,-0.5223213046279158
XRCC3,-1.5978626694117717
ARID1A,0.03138317393260747
ATAD5,-0.534893587058165
SLC27A5,0.15840784074630201
CDY1,-0.9393987809297739
CDY1B,-0.881092416680831
CYP11B2,1.0944192772103676
PKP1,-0.957322437681582
FAAH2,-0.9017345254379641
ABCC5,-0.20826221426873476
ACMSD,-0.7492020516411233
GALNS,-0.7020859225623777
UNC119,1.1836927119205776
BBOX1,0.8512287821160057
PBLD,-0.4294389891967243
NAXD,-1.4728848179713157
CREB5,-1.1489970650311603
AQP5,0.024320393325097375
CREG1,-0.10718413510876587
CPQ,-0.04522171664196488
RAB35,0.5953383205281448
LMAN2,0.4209047495917907
TMT1A,-0.2745730343612922
PTGR2,-0.7764549052596844
ERAP1,2.6060542291616016
SLC25A35,-0.667819977956246
CPNE3,-1.19019840371526
PAH,0.5201975349949606
PHYHD1,-0.7307969592828057
PRKCH,1.6728118754386792
ATF7,-0.9321871993548272
ALAD,-1.273674126186193
SORL1,-0.24589414597968257
ATP7B,-0.49475573291959485
SLC16A9,0.6675363879754186
SYPL1,-0.5579314576088538
SLC5A8,0.6307469040708286
BTG2,0.7020935023180829
SLC22A5,0.14157738127631367
NAGS,-0.7152987694099778
SLC25A34,-0.5959169181073919
VPS50,-0.36417104656813365
YPEL2,-0.4024081147054657
SERINC1,-0.2756644127232568
CTSF,-0.7047219098006875
TMBIM1,-1.080538473616775
SAT1,-1.0211117975405393
F12,-0.9518395524689556
TNS3,-0.015628082007104697
SLC7A2,1.3135659338409202
SAFB2,0.8066738979400504
ETNK2,1.4894052010848062
ATL2,11.844874752204241
THOC2,-0.21484306768910957
PLK3,-1.4145253248629994
SLC5A12,0.9454241498485889
SPINT2,0.3298316839030075
ERCC6,0.29671743496568076
MOCOS,-0.9972159270506407
PLK2,-0.33010010580188903
CRTAP,-0.14565240469814683
GBA1,-1.3932006358373052
NBR1,0.024883759232268664
STX12,-0.7707889194580791
CYP4V2,1.139265567418835
MAPK7,-1.1883467842654891
NMNAT3,-0.6506344036209747
YPEL5,-1.4662940041907555
TTC13,-0.7735756672895937
HID1,-0.27510313438705425
MON2,-0.5002356537329401
FHIT,0.9515643762031182
TRAFD1,-1.1865268399351987
STIM1,-0.211120758975349
GPX8,-0.6199075119553479
PAFAH2,-0.6963227021222991
HDHD3,-0.9019115438733469
KDM1B,-1.0263829375216684
PLBD1,-0.864102077909004
LYPLAL1,1.5165765188919962
CEBPA,0.2813462253191452
PAAF1,-1.0798128597467112
RTN3,-0.18335891417779254
KRT14,2.2707184152608417
MSRB2,-0.7536712701851657
PGR,-0.2630532445852164
MTARC1,0.8034170491067505
CCPG1,0.10074173680225303
FOXRED2,1.8382296925660047
NUP214,0.7622906965927894
ANKRD42,1.1836796090205026
ANKRD39,-0.8011198885667439
KTN1,-0.7864469625393397
SUN2,0.13888446520562178
KRT6B,-0.030265488400674292
GDE1,0.7681865275172427
G0S2,-1.1288835114461624
KRI1,-1.1192448032950675
NOM1,-1.695270712558314
DENND10P1,-0.504298842623821
FABP2,-0.9081280739687175
PITPNM3,0.07973197132851435
CARNMT1,-0.1573234596427266
SECTM1,2.1799363643368874
ZNF341,-0.5227211523259847
COL6A6,0.0795905238476425
L3HYPDH,-0.434860098275011
AFMID,-0.6031350391491157
TAP2,-1.0842101317774075
C7orf50,-0.17073699872477283
SUFU,0.10867890225823058
ELK1,0.941882450062897
SLC15A1,0.5010626312374489
SGO1,-0.07951032392280052
CTDP1,-1.6944856473347802
C1orf146,-0.882891388317704
SCD5,0.9510557182226815
ADIPOR2,-0.8247298268575586
XRN2,-0.878942704568879
BPNT2,0.046941174123697936
OLAH,-0.6145078393123308
ERO1B,1.1442632630537308
PIPOX,0.6534088393146517
UBE2D4,-1.1437923617701542
AMBRA1,-1.0526681982024078
TATDN1,0.9336559551750275
CDYL,-0.007672729055853218
CORO2A,-0.811654990823324
HEATR3,-1.364917583014092
HPS5,-0.5912218660587214
APBB2,-0.6022515008847177
CCDC110,-0.9813803473237869
GPAM,0.1718283548898847
CLCC1,0.13155467289133296
GAPVD1,-1.2843943916925744
SUN1,0.7200864396986548
FAM98B,-0.4752336190970711
ZC3H18,-0.11656214549168474
OFD1,0.6428728842084814
TCTN3,-0.7294696944084943
CAMKK1,-0.5875493596324038
BRSK2,0.21896511386480386
SNRK,-0.6659074518369242
PSD,1.4781278279998136
AURKC,-1.4362841423845913
ULK2,1.1213660551020612
BRSK1,0.7709928391637549
NEK1,-1.5694396614275772
IL6,-0.1981817512136284
MAP3K19,-0.8941580143437028
PAK3,2.8505882832857865
SGK2,-0.8054241724969908
MAPK15,-1.0889354204898136
DCLK1,1.785288019387575
CAMK2N1,1.9770842334671985
PSKH2,-0.8008418071446504
CREB1,0.39379232560870575
MAPK12,-0.35873551313961693
MAP3K10,0.07080994198575077
DCLK2,0.46822113067459714
HYAL3,0.6495508431506681
KRTAP23-1,-0.5158328965006421
PMFBP1,-0.548829136970835
DAPK1,2.0278135940795647
MATCAP2,0.8817273680477349
KRTAP22-1,-0.9057092216734757
TNIK,0.238778011706399
AGBL5,-0.397701783768631
KRTAP19-3,-1.1165007534688494
PLPP1,-0.9228123476133396
TYRO3,0.03412743466678498
EEF2K,-0.6981779238660354
SECISBP2L,-1.2319005858562786
CACNG8,1.1074794038184015
MOK,-0.8582894554519975
DNAH14,-0.5822663244891777
LIMK1,0.6979008816345799
NBL1,-0.06006854832952579
MAP3K15,-0.3821410401028559
ABCG1,0.2734819607422179
CAPN3,-0.016750847358861152
TSR2,0.6525411666958952
CDK18,-1.030195806390871
HOMER2,1.5242009300626904
IFNG,-0.5153601442866456
KANSL3,-0.0005379020530938345
HPX,-0.10485236658837783
PUSL1,-1.175235556858941
ATF6B,0.7657191190616384
ATF1,0.42918970849626076
CACNA1S,0.5529133098607935
CACNA2D3,0.9047206192932387
CACNA2D4,1.9297323509248592
CACNA1F,0.9435873429853987
CACNB3,0.05957157134597075
CACNG5,1.3532828480342538
CACNG6,-0.07595784650118352
CACNG4,0.5132820541813659
CACNG7,2.137012476777425
CDC25C,2.345238679171416
CREB3,-0.044719510196146776
CREB3L1,-0.553701447287306
CREB3L2,-0.5530989623430399
CREB3L3,-0.8122549055768994
CREB3L4,-0.5243976935201201
CREBBP,0.6405915051181327
DLG3,0.6038573252157236
EPB41L1,1.7441030300121048
FBXO43,0.8965616325590771
LRRC7,2.271753745192265
FGF13,0.8434855917267092
NOS3,0.9681400150197459
PDE3A,8.30632009576309
PDE3B,1.621478270379741
PDE4A,2.4289350632313425
ITPR2,-0.8590089570961229
FOXO1,0.9038536523571296
IFNGR2,-0.353048937118738
PDE4B,1.9123695218689563
PDE4C,2.2513007809168344
PDE4D,2.1635214364253192
SLN,0.3928335168848062
TRPV1,-0.3604916369693073
SCN7A,0.1548443601605131
SCN5A,0.7638794638314694
PLCB2,1.249301342566534
PLCB4,1.5869964424983105
RASGRF2,0.8603066780686927
RIPK3,-1.0386488559180442
RYR2,1.0719640249935773
ADCY5,2.1712226371661036
ADCY7,1.8761338511793784
ADCY6,1.4001197458488888
ADCY3,1.7073434109802486
ADCY4,1.7079984327661262
ADCY9,1.8412944175859984
AKAP5,1.719923236104811
ARHGAP32,2.7187368696810332
SYNGAP1,0.3865699036417635
GIT1,1.9395927364492855
KCNH5,1.3596529237653403
CNKSR2,1.1826727074050938
GRID2,2.3101794701960876
DNM3,1.739002343866624
CNTNAP1,2.0053201183758227
CLSTN1,1.4966873300700747
KCNH6,1.4203908817689608
KCNH7,0.4531906694244369
GRIK4,2.456816825420742
PPP1R9A,-0.11501825107394331
STX3,-0.7685428675276004
PDGFRB,1.4364892778447753
SLC45A2,-0.19576743071466432
KCNN1,1.7467377042881869
PTPN5,1.0551780861817823
AGAP2,0.6093840010209081
KCNC4,0.8614392540062515
CRTC1,3.222099153555504
H3C1,1.3935946744186003
MAPK8IP1,1.606582453041276
CPEB3,-0.4158690228029962
CADPS2,0.8392039664159067
CHRM3,1.5111814270091386
SLC8A3,2.0759249723790036
DPYSL5,2.556722606018862
ADD2,1.50156981085529
GRID1,2.574141602528724
PTK2B,0.6619349934395591
RAPGEF4,1.4797760663552477
NLGN4X,1.6673938841956728
DSG1,-0.7775054391582257
SYT7,0.24529144633099229
H3C14,-0.48113373356902017
MPDZ,0.10639144310003523
PTPRR,1.7266450962924909
DAGLA,0.6922455724681147
SSBP2,0.5030319458809214
KCNA4,1.4528586715993606
ARC,1.9444655149968837
HCN1,0.695260061416157
DTNA,1.482402332852501
CNGA3,1.6601811678732508
SHANK3,1.6270360604883791
KCNJ2,0.5557326687845455
HOMER3,0.04303778328455496
CLCN6,1.4100250090045068
GNG2,1.0407372923129212
OLFM1,1.4892097268004614
IGF2BP1,-1.403330316789135
SCGN,1.68691398148762
ATP8A2,2.7401371667222456
SIPA1L1,1.7061300622360749
NTRK3,1.7838201611059608
KCNH2,0.584334184734134
KCNH8,0.5600107094553195
JPH4,-0.3582354160555919
KCNK12,1.187604705796836
SYNPO,1.403338808564622
CNGB3,1.3349267870743227
DLGAP4,0.6084238197663094
GNG4,0.9325181705657668
CADM2,1.8456792060408542
GPM6B,1.0747386308431135
APBA2,1.1432347962670546
NCDN,-0.29709981804222974
KCNH4,0.36020453247420453
LRP2,0.952122510150113
ANKS1B,1.3988813926306436
CELF4,9.44149261181984
ITSN1,-0.32817690063476884
CAMK2N2,0.36566702898462866
CPEB4,-0.8545205642446323
MPP3,0.4080121846118041
APBA1,1.8110524827296257
DDN,2.2684112874434303
FAM131B,-0.14450691389263304
CHGB,2.8833296995843503
AKAP9,-0.4073872122364233
QKI,1.6893629379309376
SCN2B,2.0136491276332116
ZC3HAV1,-1.8917997476890613
SNCB,1.2916539385092018
MAPK8IP2,0.4332435163711628
ZBTB32,-0.6502941070471809
SRCIN1,0.6218869656799014
ITGA2B,0.3257977425421464
GRM4,11.31273342065062
STAU2,-1.4300682987357256
PEX5L,-0.05382643036520276
NBEAL2,-0.8999070426880382
SCRT1,0.476685653976428
HAPLN2,0.060982564113048525
AVPR1B,1.3976111531279884
CDH22,1.2194604969401506
KCNJ12,1.1285915369234865
RYR1,-0.6324945730261841
NOS1AP,1.5894979183831677
PDE2A,2.0633401059165903
TMEM151B,1.020088814605782
NTM,1.3721518766219531
PPP1R3A,-0.5354962530824259
CDK5R2,1.9042486121916402
ABI2,-0.06927346730470856
RHOXF2,-0.6907836812420279
DNAAF2,0.5837686257966531
ACTN3,0.9763383145794696
FAM168A,-0.5087021112948237
MYL7,-0.6942255571484991
FNDC3B,0.826392884166687
NDRG4,2.063380618320743
NECAB2,2.424085594579757
MYBPC1,-0.224065202750627
TRPC3,-0.17435955832060712
ZMYM1,-1.0226917182673998
DMTN,-0.5033760949592676
ADORA1,2.2024843707163613
EGR4,0.8637047746295448
MAP1A,1.1113700638777146
DUSP26,0.9551553676045633
IQSEC2,0.8492931945315869
SAMD14,0.5250575127315423
AMER2,1.6388352814971496
RBPMS2,2.489592684496841
SGIP1,3.0441922743353076
CADM3,2.0415977807543886
MAGI2,1.6118761035080242
NAPB,1.1891172748821068
HRH1,1.7468063381033794
MAPK8IP3,-0.2137500256898413
SYT12,0.39497997660664014
RBPMS,-0.1585478390874288
TMEM59L,1.5935987307619013
SPTB,0.7566811714352681
RBM47,0.35789660804117995
WSCD2,1.4323330569714097
SAG,1.350420220561285
GCG,1.0438659534330998
SHC3,1.1624621121488714
GJA1,0.41782995558883346
ERC2,1.676429649995294
GLB1L2,-0.03173322511880754
KCNF1,0.808509851586381
BAIAP3,1.3576666897837115
ADAM11,1.4128563801695886
DOC2B,0.6650934423544893
NECAB1,8.272236192774022
ADGRL3,1.612769877347657
LIN54,1.1696488511479433
H1-4,2.03777815935401
C1orf94,-0.5631348098085048
ZNRF4,1.6775296485080382
SEPTIN3,1.6161023042135076
TNNI2,0.5666991060010846
WNT11,1.3021397488734228
PDIA2,0.8377260764602183
EXTL1,2.7135385119252033
HIF3A,0.33248277110303215
PTPRZ1,2.40742862487074
BCAS1,0.0651588040024922
NACAD,1.820113293861918
CLCN3,-0.00154973896533426
GPR22,0.9600075947706425
ADGRB1,0.8609853511483289
SPTBN5,-0.18707029957433902
SCN4A,0.2168270352134935
APC2,1.709638147839915
CHRND,1.764604426343323
PIP5K1A,-0.8980464232423763
NR2F6,-0.4428379695459264
SRF,-0.10741830984787269
PDC,2.013088413220224
KRT76,1.382302673186181
CFAP410,-0.7174197993572411
IKBKG,-1.610484822272032
DNAL4,-1.0301713098106395
RBM20,-0.28603091724874746
ARHGAP25,0.6960443237111072
PRKD1,0.9014380692714474
STK39,0.0591000061529813
EPHA10,0.21260228496566033
NEK9,-1.5158917578773048
LDB3,0.726897404163835
FAM171B,-0.4009933300933001
SCRN2,-0.7504440318149045
FAM163B,0.5160625656788912
ZRANB3,0.5081526141995979
SPATA2L,-0.5127920671421712
TP53INP1,0.6511943526074672
MYO3B,-0.5002431767907601
LCK,-1.0290437038146667
DDHD1,-0.8729712854233723
CASQ2,0.36426121506145454
SHISA6,1.0472302850253372
TSR3,-1.415711667893605
CDC42BPA,0.8639754791836077
WASF3,0.16879866152093487
CAMSAP1,-0.8633065416570163
WNT4,0.8626833112905409
MOAP1,-0.9193527456397804
IQCF1,-0.9503915275505973
GPRASP1,-0.3635517355852219
LMTK2,1.7266728893216297
SPATA24,-0.4375728918648696
N4BP2,-0.6628706379572608
SSH3,-1.050442353666163
HES1,0.9907122552325913
PLN,-0.5749919248533454
DDHD2,-0.35747858579071046
SEC23IP,-0.9627245355549922
PCM1,-1.2814839990544997
FAM168B,-0.8312632410597571
TIRAP,0.3902294812577287
CEP192,-0.5715482541776716
DPH1,-0.8317523754234004
SENP5,-0.9836792433805195
ERCC8,-1.089796196209472
ELP3,-1.538338275058993
SPATA2,-0.8245305523425895
SAMD4B,-0.33268998283193046
ZBTB2,-0.7911864163872118
THUMPD3,-0.41650311798873146
CARMIL1,1.5404007008140463
ADIPOR1,-1.472977947980763
TPRN,-0.593087514973541
TAX1BP1,-1.3270565332744586
GIGYF2,-0.18507617551985336
DST,0.668308194002734
IFIH1,0.36680306401074897
DENND4C,-0.7190949507737502
BOD1L1,0.42103868566643154
ALCAM,0.1551047987282287
ARRB2,-0.4858028301815289
ARGLU1,15.682219064297314
NACC1,-0.8090699049205887
PIP4K2A,0.5342069102760953
DYRK1A,1.2431365432727983
EHD2,0.9534082931304638
KCNIP3,3.076463614138429
RYR3,0.784100598186959
KCNH3,0.5418699224241578
LDLR,-0.4304372889836933
SEC16A,-1.8166515836094916
MPP1,-0.949669764387742
NUDCD1,-1.5748652364830742
SH2D3C,-0.8531383627335017
ITPRID2,0.2951995990426373
MAGEB4,-0.7202754731009946
MAGEA3,-1.1214639681912104
CSAG3,-0.5557586614086906
LMO7,0.6665086655979418
MBNL1,3.4550856824803926
NEDD1,-1.162146362273098
STIM2,-0.5186882062793301
NEURL4,-1.0332589204590321
C6orf141,-0.6368808497878117
CEP76,-1.0396107283248612
ARHGAP29,0.7072814525028567
NEBL,0.6370780536590679
CDKN1C,1.4504468132410906
HAUS2,-1.1993552022678227
NIN,1.4012138819798787
SETD7,-0.15622195974550943
MITF,1.166052792319705
TBC1D9B,-1.3773155884848198
LRRFIP2,-0.7491300442919042
AIM2,-0.46090073598558656
CEP170,-0.14901260546594364
CREM,0.1907956355383687
CD5,-0.46084514977721
FOXP1,0.8948931024373092
AFAP1,1.314869806048361
SLC37A1,0.7523839129412193
ST6GALNAC5,2.174321145138499
TIGD7,-0.9478431868486429
PCNX4,-0.2592259274054127
ILDR1,-0.4777652785734526
GIMAP2,-0.22543408547785293
SAMD7,2.1793372062907856
FABP1,0.5230942729156088
CCDC68,-0.3373714090467198
CROT,-1.1290729820302339
PLEKHA6,-0.39559114642294585
ERAP2,-0.6206362748206985
KRT72,-0.8729404323868061
KCTD2,-0.9399172264214499
ACY3,-0.7617009443299471
GK3,0.9932830608012566
H1-3,-0.7865502178277771
TREH,0.853982059352965
LAT2,0.023286072842998003
SLC27A2,-1.3349221495753705
SERPINF2,0.44444611298653636
GALNT6,1.460218433180796
FADS3,-0.9170333415201684
ACTR8,-2.2051035666834147
ITIH2,0.17443337188767763
AMY1B,-0.46394633705988
AMY2B,-0.6170082846662964
FBXW7,0.24098342059619404
ST14,1.484129243469032
RNF183,0.3005857996909207
ITPK1,-0.48116457379161576
GCHFR,-0.6744614043145136
LNX1,1.225204051420274
CEACAM6,0.5443525677773559
OASL,-1.5774113946196573
BUB1,-0.1609448638057928
MLH3,-1.0053978483199595
BCL10,-1.3383499014795508
KLRC2,0.39882767747556824
ABTB2,-0.40698427375033003
NRAP,-0.24063750379438908
ASB11,-0.19252122555145543
CSF2,-0.10043681217900184
DHRS7C,-0.8126623640963364
TNNI1,-0.7462271550561007
JPH2,0.6582524825855397
ANKRD1,-0.6972388023620487
SLC9A3,1.8708991600101335
CHD3,1.0479600358746604
ANKRD23,-0.7662285578817558
MYOZ1,0.4918364259154146
SLC22A13,0.4903689284448573
IVL,1.648313327604814
CPN1,1.0069777673062275
NMRK2,-0.6236235396954284
MYL3,-0.7128496085331101
LBP,-0.11636597731437265
MYO15A,1.0184230156287906
ITIH4,-1.0291798853053673
APOBEC2,1.0181542544700626
UCP3,0.45149946947655895
AMBP,0.8569167149158643
MYL2,0.26797843412049743
HSF4,0.8419865491882688
GCGR,1.3958241462647436
ARSL,-0.5784160918869321
SLC2A9,1.2544647783558243
FBXO40,1.0532313002016682
ASB4,0.4567886726227197
KRT83,-1.383663525136381
MYOZ2,0.404345637944039
MYBPC2,-0.3248887577569911
RIMKLA,0.11059452337882236
RIMKLB,-0.15900827410480325
GOT1L1,-0.8210768953568053
SEC62,0.9199221385295117
KLHL29,0.8256179781244659
ORM1,0.32357615767569625
PPEF1,-0.04561482359676959
PTPN22,0.3284284447795275
PTPRH,-0.5168954164074527
ASGR2,1.7066660442105444
DPYSL4,1.3188281621888562
NR4A1,-0.6529733614361659
L3MBTL2,0.36714699389443406
PCGF6,-1.054061652853897
UBR4,-1.003883822018567
UBE2R2,-1.2325747935879139
USP8,-1.6542777063805743
DPP9,2.6059224286244596
E2F6,1.3125212931657504
UROC1,-0.33586009483108265
SLC38A3,1.6127463727631526
ALG11,2.529490844410033
GOLGA4,-1.0499418141372279
RALB,-0.7412134160700623
KIF5C,0.2675215171431382
KLHL13,0.23511225025190377
UNK,-0.608768000907185
POU5F1,0.6070023242568869
RNF13,-1.4320736762840744
CEP20,-0.6780629218291552
RC3H2,-1.223482647378081
KBTBD4,-0.46181717241332576
SIRT6,0.9722722200770182
CCP110,1.3878258712687714
PJA2,-0.9381073262367023
PTP4A2,-1.0828796986758547
L3MBTL1,-0.8904501681563725
SERINC3,-1.4263147470847113
CCDC77,2.19347114179496
NPHP4,2.1706031169864537
CEP128,1.7658552768808604
BIRC8,-0.6890902255336421
LETMD1,-0.6849834147404235
HNRNPH2,0.11462322500509342
ARFGEF1,0.3142127828906464
LRBA,-1.0033979216086337
KCTD3,-0.6770924141621895
SS18,-0.9823910183159873
GMCL1,-0.9037597112412515
POLG2,-0.7007270221048073
RFPL4B,-0.5877087977546979
TOM1L1,-1.060920852314302
GABRE,2.035547689978873
TSPAN5,0.15248558909885954
CEP164,1.2918128949258205
CEP135,1.0934812902202407
BCAP29,0.06721292634407255
PRKAG2,0.6093955804076996
CLVS2,1.4056233775128553
ZP4,-0.739208157205746
ECT2L,-0.34866121971313807
FAM120B,-0.9411347426672024
GNB1L,1.6505074948283782
ZP3,-0.8743210574790835
NLRP2,-0.7749771529400993
AKAP4,-1.1549535205037407
LANCL2,-0.840074805013616
SEMG2,0.7497305709532911
EDDM3B,-0.7794387887773312
TFDP2,1.7819315700605858
LIN9,1.3166756692049169
LIN52,2.334173016315718
DDTL,0.40329297997909086
BAG3,-0.150330798285833
KRT7,-0.9602502136535082
PPP1R13B,-0.10368711691609954
PLAAT1,0.16252243708622632
ANXA9,-0.5699601632226114
ROPN1,-0.835572559549676
TEKT5,1.103240847976969
ODF2,-0.26897984455959134
SEMG1,-0.9266136935305299
FOLH1,-0.70871080102717
ZPBP,0.35597014081337597
KLHDC10,-0.6208088605972799
ERMP1,-0.6521170584446014
LTC4S,0.29745246115783913
APLP1,1.8148390297574934
GPX5,0.911382779509495
TLE1,-0.27323493912366326
MED31,-1.165912451249478
LRIF1,0.10029579127771228
RIF1,-0.361769906047606
DNAJC4,1.2049901723713239
RPS6KA1,-1.442503670315667
PRKD2,-0.1126244690867994
SGK3,-1.0653968066447406
SIK2,-0.6790991500343724
PAK6,0.6643268968903723
PRKD3,-1.1313634509719215
DCLK3,-0.6539804191384256
ZNF488,0.16803408832706185
STK33,-0.5158300055172171
GOLGA6L2,-0.12464105464016714
PRSS8,-0.7690626430706293
CSNK1G1,-0.9204482025172771
RIPK2,-0.6157217442767021
MLKL,-1.2008245756625202
KLHL26,2.1233236151934243
PRKAG3,-1.1719265606510343
IQSEC1,-0.7797155734748433
ARRB1,-0.9051789131534898
VAMP1,0.2233558554611599
TNRC6C,-0.4152766546618035
KLHL12,-0.2976001794234345
TMCC1,1.34483422645553
MPP7,-0.8764123962502375
SLMAP,0.8708098645497513
TRAK1,-1.1263562096910922
EPS15L1,-0.034032422697504984
NFATC3,-1.1452700690096902
CAMTA2,-0.7463670024748492
CABP2,0.5599272211955414
REC8,-0.5355137802501968
CABIN1,-0.8097069328194142
KIF3C,-0.29671141865069695
ZFTRAF1,-0.8086842039650106
CILK1,1.7318675752474701
PTGS2,-0.5251190415712795
ZNF839,3.3324342098832735
SNTB2,0.8399444110928287
MPPE1,1.2802377193371661
KRT16,0.6784584154421749
STRBP,-0.6278545251292168
LARP1,-0.16705711777378665
SS18L1,-1.0901512337199106
TNRC6B,-0.19644008783141773
IL12RB1,-0.2461106162492899
IL12RB2,9.179982064595114
IL12B,0.8950011332737907
IL12A,0.5599147102949161
STAT4,-0.49786463852566065
IL23R,-0.03604185067909618
IL23A,0.06762181150614588
IL18R1,-0.027927351582151386
IL21,0.0987471699470703
IL21R,0.7652374570038005
IL2RG,0.5096575863875099
IL4,0.1856885004267735
IL2RB,-0.15040312071194922
IL17F,0.2748944357286557
IL13,0.686368252019475
RORC,1.6623674468547587
IL17A,0.2098689543361227
IL5,0.38887259497099763
IL27RA,0.17168958376633842
IL2RA,-0.342548752108231
GATA3,1.8921346283369331
IL18,-0.5296616058863195
IL17RA,0.15859719588945193
ICOS,0.1852931371166062
IL10,0.18198882719779835
CARD9,-1.5572308453715846
TNFRSF13B,-0.9394605445986266
CCR6,-0.14271089436539117
IL27,0.6589685715393051
CD40LG,0.1595641503393468
AIRE,0.6231408131127764
IL9R,0.06534292978020241
IL15RA,1.387657378967893
IL18RAP,-0.24225756110015015
SH2D1A,0.0665464181965655
IL22RA1,0.053843134971602424
IL17C,0.6771890232156015
IL22RA2,0.49253660848816694
IL15,-0.37690346999613694
IFNA2,-0.09941233169552677
TNFRSF13C,-0.8866063721597949
IL17D,1.0612379991610326
IL5RA,0.29253160734613387
EBI3,0.7195043215832898
TNFRSF4,0.2717138159095754
IFNW1,1.6124020333383753
IL19,0.3347369540282978
IFNA1,-0.14301326502194125
TNFRSF9,-0.746050880085382
IL7,0.2112475061376399
TSLP,0.8553709153797789
IL1RAP,0.5919722071408352
IL18BP,0.9025712822951983
TLR3,-0.040309086122560164
CCR4,0.14501641567291892
IFNA6,0.308983029132385
IL31,-0.45040856353724007
IL13RA2,1.4663415484445206
TNFRSF8,0.1164417954987453
IL9,0.6870806277416536
IFNAR2,-0.16836508545380746
CD27,-0.08312567756530603
NEU3,0.8454985050745893
IFNA8,0.33947424022713246
TNFSF14,-0.16904404585964833
TNFRSF18,0.26483862810061604
IL20RA,0.3545776034948405
CTLA4,-0.2938493378579025
IFNA13,0.800827937602472
CCR7,0.6322069667158563
CXCR3,-0.1686746895634094
IL3,1.0777883980394731
IL3RA,0.15735769571260552
IL32,0.04134074394955505
KLRC1,0.08507302023105237
LTA,0.1942438026480065
IFNA7,0.9094270672204816
JAK3,-0.6938111427498538
CIITA,-0.1787589022919209
TNFSF11,0.043308220119186905
IL37,0.1819182839854583
LTBP3,-0.4356298972602591
IL31RA,-0.48470659343720246
CD209,-0.7689645436239994
IL11,0.13114081590046656
IFNK,0.8023850803606714
IL20,1.1447077368859129
TNFRSF25,0.4728211273244072
TNFSF15,0.36008388381714473
IL1R2,0.4460188243126734
PDCD1,-0.3130293096252351
FLT3LG,-0.46802463901104446
CCR9,2.5187675950567487
IL11RA,0.4674376233892286
IFNL3,0.4087862188450816
TRMT44,-0.9495004162022698
TNFSF4,0.4817460068186281
SPHK1,-0.7781436176435323
CCL1,0.24284853358901443
IRAK4,-1.03058070496528
KLRK1,-0.1993615193542567
CXCR6,0.41695582403249887
TIGIT,0.020841397985880323
KLRD1,0.4786819400918563
IRF4,0.8117563679789289
LTB,1.6248702993764523
IL25,-0.42336753052613124
EOMES,0.4489072179528303
BATF,1.997958296397581
IL17RB,0.6724599930122727
IL24,0.12916882473122088
NEU1,-0.21358340428377492
FASLG,0.48142404344417433
RAG1,1.1073481756108619
CSF3,1.0552598621178748
IL36RN,0.2616545276046279
VWDE,0.15688386306817834
TCP11L1,-0.9722113423705938
CD28,0.1640493724683571
OSM,-0.06300147758806576
BTLA,0.7112906535013059
TNFSF12,-0.864207380417779
IL17RE,1.1299415809639062
PDCD1LG2,-0.9350628098843589
CCR3,0.594496872058371
CRELD2,1.2346597454472639
LOXL2,0.47003798385996726
CLCF1,-0.45544935289010396
CCL5,-0.9649378068867258
CD6,0.4655561898173959
TNFSF8,0.3429073252200438
PCSK9,-0.939294211213537
IL1RN,0.16470993428354927
IL17B,-0.3162253164957353
PIK3R5,0.061195765211740576
JAG2,0.9621045419850975
TMC8,-0.39294031577409866
IL26,0.9679942605932103
GBP5,-1.0477319239499496
ITGAE,-0.5642796542238349
CTF1,1.2621733050106807
CD70,0.17078899178750856
IRGM,-1.276027075805732
FCAR,-1.0830927397116334
CXCL13,0.21085605251967596
THPO,1.207033826136827
SLAMF6,-0.5482142289686001
CCR8,0.8995402212240098
TLR10,0.9322419259486743
ITGB5,0.765675696107652
ZNG1A,-0.4064571284529155
SOCS1,-0.5987909507282532
SPHK2,-0.11029681305099938
LIF,-0.1066071223944352
NFATC1,-0.12388153135494076
NFATC2,0.343665175466429
IFNE,0.7829339899732541
IFNL2,0.4805512946140928
IFNL1,0.2869485970824384
GH2,1.0889232059040463
HLX,0.8673098891529151
IFNB1,0.4063381413037803
CNTF,1.1932304070302424
CSH2,1.7777055992384785
CSH1,0.4423948924375209
CD247,0.16424301717093354
BCL3,-0.7286869251744122
CD8B,0.14260388217228598
CD8A,-0.028217769578644584
CD3E,0.4010544008568709
EPO,1.0576220293921814
EGF,0.40237341835556767
CXCR1,1.290169325698419
CXCL8,0.643520530528779
SLAMF1,0.6355759702561523
TAGAP,1.1144413506457544
SPN,0.6677083891604019
SIT1,-0.5194291781988926
SIRPG,1.798456270596671
CD79A,-0.7933216571287268
ZAP70,-0.45658220005166933
LAG3,-0.14333352382426648
CD69,0.740728090155751
PTPN7,-0.42631638763023944
LY9,0.7660861670832775
MAP4K1,1.7621185507024688
KCNJ5,1.6904205672140256
SH2D2A,-0.7389944260009218
NCR1,0.05038077424705745
CXCR2,0.647266213462292
GZMM,0.37356693891550097
NCR3,-0.9249770806369149
ITGB7,-0.17274182315161293
NCR2,-0.303786923247193
BATF3,0.8762608305317575
CD22,-0.5622768756301023
EPOR,-0.5398370566479326
CASP10,-0.020611923057115396
CNTFR,0.7907321773200582
PTPRCAP,1.4477357235430615
XCL1,1.0752705139380976
IL1RL2,0.8595644154769925
KLRF1,1.3044340580559972
IKZF3,0.36010422279819315
IL36B,0.7294169472956924
KLRC4,0.776638639581425
IL1F10,0.7979222228808722
CCL16,1.0466699485685689
POU2AF1,0.9023946142155
CD7,0.7579758431398108
CD244,0.6048782709307596
CCL20,-0.7339682500854118
CCL17,0.21252909614300444
SPIB,1.7051643875188494
DENND1B,1.8479048434139156
IL17RD,1.2789208609523006
SIGLEC10,1.3529992666513286
IL1RL1,0.25405896081347906
CD274,-0.27613244911088786
SH2D1B,0.9329380169187504
LTBR,1.110655684375591
CCL22,0.6091934725925079
CYP21A2,-0.2675071659978257
CYP4F22,-0.14008000382853794
CYP27C1,0.3256511848956798
CYP27B1,0.12558298354546277
CYP20A1,0.29451169853900877
DMD,0.029732439414986656
SLCO1B3,0.43832891681475017
CYP11B1,0.3225602167948965
AFP,0.9160718970012304
SAA4,0.6404356905969887
CYP24A1,-0.10792901386492386
APOA5,0.07844151455634164
PON3,-0.6673552728621506
UGT8,0.06852484931590119
SLC22A6,1.7184722463848394
SULT1A4,0.08861655055199652
SERPINA7,0.3388476919757787
FOXA3,0.050325262766702065
ACRV1,-0.09898254287650658
SPATA45,-0.6202184934598858
SLC15A2,0.8365671188804931
CEACAM7,1.009112198757341
CEACAM4,-0.5652782368509327
CEACAM8,-0.7112714382530541
CEACAM3,-0.9972259549721063
ACE,0.3426128272569051
FGF21,-0.6855410682124221
SLC22A8,0.9347489827490151
SLCO1A2,0.4197886340538236
HSD3B1,0.9731973570549579
HSD3B2,0.9115139758949913
L1TD1,0.7490743157984536
AVP,1.0410221507229236
HSD17B3,-0.9918601844460961
ATP12A,-0.23936028661762182
FAXDC2,0.3260321996130133
SERPINA6,0.40206134333160204
RDH8,-0.225009521765365
TDO2,0.6060475531122489
LECT2,-0.742367195096561
DHRS12,-0.6928958228234308
SRD5A2,-0.602840113796212
NR5A2,1.3255187083516837
UTY,0.2780361818649689
LPA,-0.718613236454598
SLC34A2,-0.31761156870044
NR0B2,0.8686389509335138
SPINT3,-0.43169920096059006
ZC3H7B,0.38114014736387813
PROZ,0.6453588566896206
ORM2,0.6132796243470674
THSD4,-0.24706530163967788
SPP2,1.1991777996004227
DMBT1,0.5409868086722989
AHSG,0.8086578889168053
ITIH1,0.29116675273488807
CHRNA10,1.8650968752704433
BCL2,1.178660394575258
SLC22A11,0.8938964839724052
SERPINA4,0.18838321172804473
TTPA,-0.7606993583709802
CHRNA9,1.4893735833952397
SERHL2,-0.42292521732283195
PROC,0.5563831899953074
ABCG5,0.3686370429289802
ITIH3,0.4095661416890148
SERPINA5,-0.7357204864194121
APOA2,0.16592623918242222
APOF,-0.8023803215606654
IGFALS,1.3128739929572537
AQP8,-0.6461126143488758
ADAM21,0.8347886831841932
PIK3C2G,-0.7129078290323247
CEACAM1,-0.8655399926253777
ALOXE3,-0.9399238882019871
PDE1B,1.808065260793175
PADI1,-0.23807963475342026
PLA2G2F,-0.2981058243726854
PDE8B,2.374721992791302
DIO1,0.0073715867345072895
PLA2G2E,-0.5491062013181113
PLA2G1B,-0.2682629271712065
DIO3,-0.2686441463775731
PDE1C,2.0699011757068173
DPEP1,0.34999526896045846
ALOX15B,-0.7229345363395715
PLA2G2D,0.5688352297394638
PSG1,-0.7882349240523892
CH25H,0.6616547186490791
TM4SF4,-0.6860682032850746
DCHS2,-0.7794148989566313
TM4SF5,0.667778739982802
OR2S2,-0.6881667101311104
C6orf120,-0.9926966513422624
EDA2R,-0.6389546015857275
DEFA1,-0.597153969750454
NOCT,1.0181346771158593
P3H4,1.932936598096261
COLGALT2,-0.2706208238710186
OAS1,0.22012305073479096
P3H3,1.4043256131831667
ARSB,-0.31606155854329315
B4GALNT1,1.0213187425033605
GBA2,-1.0268356402688132
NEU4,-0.24317653170175224
ARSG,2.3466310589475348
NAGLU,-0.6741662935341085
NEU2,1.6793670949012902
ST8SIA1,0.46968392101151624
B3GALNT1,-0.24422095727637938
HGSNAT,-0.31732018551381197
MAN2B2,-0.09006538925812516
HEXD,-0.03242263862791558
SI,0.912462931790645
ARSH,-0.2249010239051063
ARSI,-0.3040181409850076
ST3GAL1,-0.33247699776777295
ST3GAL2,-0.2799000325707648
ARSD,-0.537709534397952
ARSF,-0.2111230849749794
ARSJ,-0.3984822423911885
GBGT1,-0.013274036355977929
ARSK,0.9793086630733265
ST3GAL5,-0.1829533312842024
MAN2C1,0.13148830807627734
B3GALT4,-0.0036852792485825626
ENGASE,1.0632923513286536
GLTP,-0.9699627397386088
ST6GALNAC6,-0.4941209711126784
ST8SIA5,1.122751860503627
GLB1L,-0.23303410512672623
BGN,2.4282240464869354
A4GALT,-0.4371164982866635
B3GALT5,-0.28500893861453547
RENBP,-0.15296953615265643
CHIA,1.4748400579342338
M6PR,-1.0388641052996255
DAP,-1.0503226335156806
ACP2,0.43490401778176846
SH2D3A,-0.8292080063674122
FAN1,-1.2766782446916345
DNASE2,-0.8718135381597006
SGTB,-0.012744694730400621
B4GALT6,-0.44864434996065294
CTSV,-1.1690185979763312
P3H1,-0.3038941595303008
SLC17A5,0.8785175069675707
GLMP,-1.042522162876814
TRAPPC6A,-0.4090751162984055
RNASET2,0.09097775215154873
CHI3L1,-0.5501274248664807
CYRIB,-0.46073177301011675
RAB3D,-0.6941772048982952
KIFC3,0.8612142251594112
CTSW,0.6999684644462086
HNRNPCL1,-0.3373010351078392
GNPTG,0.13335271799738654
GET4,-1.5648988363929213
ALG2,1.6942631668757142
TWSG1,0.3440669226487916
TSPAN31,0.9390364806487875
GOLGA1,-1.2667822647330553
MAN2A1,0.22148715039805772
WDR83,2.5145164332929784
TOR1B,0.4826748930609174
CTSO,-0.4769993069358744
FKBP9,-0.10135683945292485
CEP170P1,-0.48093088445520454
GALC,-0.6652775492921871
SLC9A1,0.5609594856161573
SALL1,1.655423112464383
POTEB2,-0.6257990333379941
ST6GALNAC3,-0.10474393071744115
UBQLNL,-0.895989898070502
UBL3,0.0797784461181708
VCPKMT,-0.8327288168106989
KLHL36,1.1021101121548784
CTNS,-1.202388895349989
FAM210B,-0.7512348271235001
UBR1,0.17769679867165253
MKRN3,-1.0256864878765657
PIAS1,-0.2819395745318448
BRI3,-0.7445711152665482
RAB27A,-0.7065326427891829
GLIPR1,4.2053394058930325
LAPTM4A,-0.5391116027305816
OSBPL1A,-1.000436789950155
WIPI1,-0.14407374653634183
NUCB2,0.4207774919986261
MAN1A1,0.25780955488012447
TAX1BP3,2.1029943089379
EXT2,2.5714960725582467
LEPROT,-0.4884699489800189
CMTM6,-0.9034065580710757
TMEM9B,-1.3723282024750436
OSTM1,-1.0359546516576577
SWAP70,-0.7088710761197693
PIGB,0.7515066254152148
EXOC1,0.03299197545119662
LHFPL2,-0.4704011105590272
PAM,-0.13883941093182772
NSMCE1,-1.697249455444062
NECAP2,-0.800526567968235
EDEM2,2.298051968719599
PITPNA,-0.7400034688761131
CTBS,-0.016722431348104846
ANKMY2,0.5830830737198078
ATP6AP2,-0.6853346663935134
SLC31A1,0.05005776283083937
SELENOT,0.08894906546431967
ERLEC1,0.9168648252206056
SLC35A5,0.39993403590255006
GUCY1A1,1.593149237176929
GUCY1B1,1.6134002028819936
NPR1,1.330431563950927
EDNRA,1.657026954096961
TMEM40,-0.4473643872067733
NPPA,1.3305579872355353
PDE5A,1.923599229335272
PDE1A,2.0520446869593716
PLA2G4D,-0.5262712707132609
PDE9A,1.2346692954977323
SBSN,-0.5573587867049846
AGAP1,1.0797758813940002
S100A7,0.858589347844578
RTBDN,3.4053978182148947
TRIM29,-1.3462734225260296
GUCY1B2,2.7077378702186627
PCDH17,1.9637344256282656
KCNMB1,0.8903362595479083
MYCT1,0.7190348896151824
TCF21,2.7724133422933654
ASPN,3.080738180523546
VWF,0.8236862774773783
NPR3,2.3160995127769257
PDGFD,0.6883123836699421
SELP,-0.3333353377169679
PBX1,10.528670821515023
LIMCH1,0.39301199179690366
NOTCH3,1.0218905343004767
CNN1,1.0315511771573902
HEY1,0.7801528834461283
RUNX1T1,1.3579006075106708
CD34,11.577804838148896
CYYR1,0.33547874089587526
RASGRP3,-0.12065474678302149
JCAD,1.359386757552739
MEIS1,1.8794605388473953
TIE1,0.3331211567139123
MMRN2,0.4592974799720725
LDB2,0.5959289097687822
FRY,-0.5036684437165027
FRZB,0.5023045410371783
MAST4,-0.4325916699423253
POSTN,0.25123409596815255
DOCK1,1.8124812240805466
KCNJ8,-0.019579175714629447
SPON1,0.7164376373617642
FLT3,0.8448348018372688
CD200,-0.05875002268856759
MXRA7,-0.18371032780398674
NOX5,2.0632501176263456
OR2M7,-2.0102510305910672
OR1M1,-0.6385154326147118
GRIN3B,1.4349923203928328
MTFR2,-0.6131575556691605
OR6T1,-0.8302217641737515
LIN7A,1.573254298987986
BBS2,0.7831198510250066
COL5A2,0.525776417185952
USP28,-1.511951965040153
TLR9,-1.4958623969632565
MUL1,0.4383706120361756
MYCBP2,-1.2084381117827587
TSPOAP1,0.3157326434432605
LRRC4C,1.6485014030636866
TPPP,0.19964560193839848
LTBP1,0.6354746189632354
DNAJC6,1.5741108751506627
MCTP1,0.35659493471885956
GNAZ,1.123920536447124
KCNMB4,1.8817133979440113
LRRN3,0.7735592155658313
RTN1,0.5007533793011525
PLXNC1,1.7756238515530842
LAMA2,1.0171712422553458
SERPINE2,1.2365691779154802
IRAG1,0.5671074433476493
RAP1GAP2,-0.028347233125855038
LMO2,0.15858817112268447
ZNF646,-1.1394748641872092
FAM124A,-0.8258993953638922
TRIM39-RPP21,-0.7490256461973559
RAPGEF3,0.9781026206237678
PRKCQ,-1.2133455080213693
STK32A,-0.5424203276350053
STK32B,-0.45482647322750125
NUAK1,0.47272555344804773
CORO2B,-0.30291502190673786
KCNMB2,0.45160747520149486
NPPB,-0.5979981266490649
BDKRB2,1.2462412812757775
PAK4,-1.3685466837440379
ARHGEF15,0.8442876349278097
RBAK,-1.4331869960785584
MAP3K4,-0.800776642049075
ZKSCAN1,-0.8612044403897302
KCNMB3,0.16935611328093592
MYLK3,-0.8750646065344134
RGS2,0.14687014659545009
GTF2I,0.39292519822602123
KCNU1,0.1886764529595096
FXYD2,0.7131303286452836
GTF2IRD1,-0.8359870347351359
TRPC4,-0.11128884382852858
TRPC6,0.3831823952020688
TRPV4,0.45648478714372925
ATP1B4,-0.49598147438702517
CD38,-0.002805973286265824
BST1,-0.5547982575834954
GKAP1,-0.3128386808225902
EPHA3,2.0626954503929427
FBN2,0.75590735789194
ADRB3,1.481335418984672
HECW2,-1.126114701591838
TNNI3,-0.6438699882390024
ITGA8,0.9708071818664331
HSPB3,1.6013114198818617
LMOD1,1.1289059233218248
KCNA5,0.5150741538178949
DSC3,3.1910145098619096
CALCRL,0.9783031858192318
SNTB1,-0.4366665519172709
TXNDC11,1.596374256817216
NEXN,-0.8422948748857985
FHOD1,2.784124267680363
CRIP2,2.6888868069139806
NEK11,-0.5283263961883405
NPHP3,-0.04330171730274368
RPS6KA6,-0.766371370829513
CDKL2,1.5273397639093447
NPR2,1.9109703891526768
CHCHD7,1.3766654995126288
LCORL,-0.2763622326178085
DCT,2.6131213291880018
FGF5,0.1574318422812227
SHOX,-0.07967277041153067
AQP2,1.1284650444359887
A1CF,0.40364640603432894
ITGA10,0.3893119985050025
IHH,0.3163882260371683
FRAS1,1.9764235746025174
SLC10A2,0.18226727633948528
DNAH2,0.11707285394793487
PDE8A,2.172559099279661
BMP15,1.0062414955931012
CYLC1,0.11756533770998118
BCAR1,1.2862713279637075
EMP2,-0.4252821075317627
FRMD8,-0.7211584927961294
LPXN,0.24148630009553082
ASAP1,0.2678565886650895
ELMO2,-0.624799593315555
BMX,-0.7557179140754958
TRIM72,-0.7592615070994725
PKD1,1.1822853021522655
DEF6,0.7172968001176612
RAPGEF1,-0.0813795289897662
CBLB,-1.1088031444418471
PTK6,-0.8613433442907685
CASS4,-0.4650078131693622
UNC5C,3.141365334845296
BRK1,-1.1848851359883448
LIMK2,-0.6348590487113132
TP53BP2,-0.8866055543207576
STAP2,-0.7695572173594771
ABLIM2,-0.15894933204101547
BBS10,0.9771157129077729
NCK2,0.6518782066892385
NEO1,2.1609839534251707
BSPRY,-0.7185010640398637
ITGA7,0.8259805964698733
ITGAD,-0.36684883377000205
ITGA9,0.8030201917805416
ITGBL1,0.2426427916342392
ITGB6,-0.45310567844140187
ITGA2,-0.528024926523775
LAMA1,0.8042882851752409
LAMA3,0.04138532332032069
LAMC2,-0.32294717169520015
LAMB4,0.09143411439593649
LAMC3,-0.13340109994076274
LAMB3,-0.8085783965618271
GPER1,0.715600603695435
FLT4,0.5752024783998483
IBSP,0.5825826909839196
HBEGF,-0.5811021684609959
SPTA1,-0.5278393253159602
SPTBN2,0.14551182359098466
THBS2,0.7758884045613954
THBS3,0.9013544042880285
THBS4,1.34933931804546
TLN2,1.9715319376154423
TNC,2.3548718785576743
TNN,-0.19867078966349314
UNC5A,2.120691012847664
SOS1,-0.41970927864937435
SHC4,1.3992052631530532
PTPN13,0.6806444223962477
PTPN21,-0.8397245469402385
PTPRA,1.511458683352743
SHB,-0.6240131916077404
SHC2,0.5471264324817209
UNC5B,1.0659996745538498
UNC5D,2.6038393432383313
VAV3,0.7972972177697532
WASL,1.0132170970894234
WIPF2,-0.9370356298942998
WIPF3,-0.5322083367529561
NECTIN3,1.4031554794394459
NECTIN1,1.9181690895860721
NTN4,1.3657906089954357
NCKIPSD,0.7821168206653478
PIK3R6,-0.3239237374023356
PIK3CG,-0.9098415464550231
PIK3CD,-0.2955590038223424
PARVA,-0.6689680051432036
COL11A1,-0.2138635360583154
COL17A1,-0.48059883748845045
CHAD,1.5999846606447787
COMP,-0.26219695573330676
COL4A6,0.08730513754527156
COL4A5,2.1101012963694608
COL4A3,1.5208766685200568
COL4A4,1.758103448923732
COL9A1,-0.3307756494406658
COL9A3,-0.12384312627690723
COL9A2,-0.2849304949279981
BTC,-0.49887241298208673
CASP7,-1.177715643703842
ELMO1,0.5012935034226388
EREG,-0.3950923107467444
EPGN,-0.6035730353851155
EFNB1,-0.48462319578867996
EDIL3,3.241245540034866
ABLIM3,-0.4529067432274906
AREG,-0.332424384074665
APBB1IP,1.185677952345243
ARHGEF28,-0.34684289158386167
ARHGEF2,-0.5741164180199099
ARHGEF12,0.8882770604209488
ARHGAP10,1.5034599869650587
ARHGAP26,1.3978571318894357
AFDN,1.1286257439807235
EFS,0.45224810882050775
DVL1,-0.7864858199639513
ERBB3,-0.41406142671064206
DAG1,1.0108188170118662
MISP,2.474888754184876
ZNF800,-0.6780898524617325
VPS33A,-2.0542305287034797
VPS8,-1.3240485847593628
DOCK7,-1.1254161994653118
VPS41,-0.9916991879595954
FERMT1,-0.8164698362857482
CCDC88A,1.0048283586841151
FOCAD,-0.8780936551091073
WDFY3,-0.5034618457288031
ENAH,0.6377684680483762
TIA1,0.04426071836756605
PDLIM4,0.1673871842812068
KIFAP3,-0.7200289817238885
FNBP1L,-0.707308573332569
DOCK6,-0.777790038965041
ZMYND8,1.2929512015537223
EPHA7,2.182506866864263
WASF1,-0.3173513583162168
EPB41L5,-0.10260592895549826
ABL2,0.41317674815585587
EPHB3,1.619500735837223
PKP4,0.8701099903173191
CYTH3,-0.68844175477305
LPP,-0.6618546193805404
ARHGEF10,1.7912124381637657
ROBO1,1.0408602660279385
TCHP,0.10872124438939815
SPG11,-1.1523426602123197
SEPTIN8,1.224013794394296
ASAP2,1.4068204870383925
CAMSAP2,-0.28183991051002444
MYO10,-0.6789692968597442
PROM1,1.793095043729518
AKAP12,0.612288920481155
RABGAP1,-0.6868080463741949
SORBS2,-0.006859764874662621
ZNF331,-1.275985627226857
ARHGAP21,0.8305542885746846
SLC23A2,1.4100420916733047
PHLDB2,-0.9127714330035166
SORT1,0.405149599990158
YTHDF3,-1.1638246483796888
SPART,-0.38024413213808866
RAPGEF2,-0.3736528198891854
ALMS1,0.41329998432012616
FOXO3,-1.0472527079157694
ZFYVE21,-0.8930745043285071
IRS1,0.5261668417200588
E2F3,2.089935719314566
ATG12,-0.5195689959901901
MAL,-0.47042121867727327
FGD6,-0.39635565351890023
EFNB2,2.1291690798509224
RBSN,-1.6994299382463998
SOCS2,1.147680743464898
CDKN1B,0.14348256164509568
CDCP1,0.22258945421296403
ATG14,-1.6244755822170502
KRIT1,-0.38878731007117434
OTUD6B,-1.2142571505254862
TRIM15,-1.0479814181896208
RND3,-0.21946021062223153
HMGA2,0.048753083591912987
DOK4,-0.13873113667909562
FAM120A,0.32355445149806067
PTPRK,0.8652745268671574
RBM25,1.4461086154045362
LIMA1,1.288756303028835
GRB14,-0.29458702811437937
PDCD4,-1.2443119359296642
F3,-0.9738316879654408
PLAT,0.5404294382599115
TNK2,-0.4678725103300941
LIMD1,-1.0010765941058497
IGF2BP3,-0.8616531218750377
PKP2,-0.4360930797233179
KLF5,0.32644525974794425
FER,1.0639967048766334
MICAL1,-0.567566921220035
CD79B,-0.8145140593155543
DOCK9,-0.8420496210303212
MTUS1,-0.8539558344172195
FZD6,-0.5648165988129261
MAP4K5,0.1457539557385144
IGF2BP2,-1.3218351358948326
DVL1P1,-0.7633474943725393
DLGAP3,0.7519119867223645
IGHM,-0.831136412363903
IVNS1ABP,2.778542375561288
FAM3C,-0.8119548423522789
ARHGAP12,1.521773403162316
NPHP1,-1.004887274683438
HBD,-0.9958259531928745
CFDP1,0.9164420562670669
OVCH2,-0.4130900205758945
MANSC4,-0.4130481657003714
TMEM170A,2.6655697131492118
DOCK5,0.4962848630719867
FRK,-0.5658818953904341
PWWP3B,-0.08579386642302184
SPATA32,-0.15469045921661148
R3HDML,-0.06871542362980108
GLIS2,-0.7737221900708617
APOBEC3H,-0.7037039789098268
ZC3HC1,-0.6779761261221554
KRBA2,-0.08088979360957887
SAMD9L,1.6498815997681033
DOK7,-0.3610095137009957
DUS2,-0.8514806689235794
NLRC3,-0.8634178295478904
FNBP1,-0.5713069881464389
SH3BGRL2,-0.09668933903929708
OTUD7A,-0.8198814273576486
DOK1,-0.25387562640583894
EEIG1,-0.6978689978265717
ARMCX1,-0.4899132371231334
GRK4,2.023410576015337
ZNF337,-1.3129993912003621
NLRP10,-0.9361759441924832
CXXC4,1.8936368442920193
SHROOM2,2.325211978117312
PEAK1,0.21629245934871857
PTP4A3,1.9481794789483353
PELP1,-1.0279068676297394
INPPL1,-1.3680771953875552
DCBLD2,2.4295798821648655
E2F2,2.8819154290044637
FES,1.3840749092527238
PPP2R3B,-0.2506206056343168
FGD1,2.714162173405618
CLIP1,-0.9023860775095583
AJUBA,-0.8965109894099763
PTK7,1.210545359509651
DAB2IP,-0.8029517336633168
PTPRM,1.3877225153465313
PTPN14,-1.082388667361998
PRAM1,-0.4813216878774358
EPB41,0.1947996621959634
DIPK2A,-0.44559992260534853
ID2,11.098722637476008
TET2,0.303682125524772
CHD7,1.3664550212030846
PRAG1,-0.1797485638490604
MEX3B,1.8219681762944464
FMNL3,11.435860293341928
FGD5,3.476434997218472
KIF13A,-0.7647773674113163
SRGAP1,0.9208725639765475
HIP1,0.5408073438975348
XAB2,1.6407303062380012
UHRF2,-0.7202232955059478
ARID3A,0.8502229895909631
GARRE1,0.7562939854956229
IGSF8,-0.7810450500745044
BAIAP2L1,-0.09773371542206863
STAM,-0.37854749894069667
MICAL2,-0.04362719673936433
NAB2,0.42687228390421006
WDR73,1.1192771709549312
TSEN34,-0.9302229759272966
KIF1C,-0.9235373199718472
KIN,0.3148985903161727
IRS2,-0.8595521783863312
LUC7L,0.2532274537611665
PDIA5,0.7386839059658629
SMC5,-1.4431243383625294
CDK11A,-0.6586188822890564
ANKS1A,0.09842690179317731
CEP250,-1.3571907169682753
LEMD2,1.1853594643759502
GNAT1,0.8896863968912699
FXYD6,-0.29004154702039536
RCAN1,-0.4357238954537929
C16orf74,0.5754496299366637
RCAN3,-0.010875395015619679
RCAN2,-0.13928580145289138
TNS4,-0.9196703462373477
TXK,-0.7877832193665049
SPATA33,-0.23972425698088848
LBH,0.16741721843813318
PARD3B,1.6018896168277323
PLAC8,1.7946556011718442
SMPD3,-0.7493194867588259
NFATC4,1.5218836836299612
SIK3,0.5116714220014106
ITPKB,0.4652722139235464
PHLPP2,-0.6501644135599575
AATK,-0.38237600294959734
CRTC2,-1.1282569345756865
RASSF2,1.4552544448606526
KLHL3,0.578603772005809
KLRG2,-0.10966519833389148
UTRN,0.31892636700719873
SSH2,-0.6264562255890992
CDC26,-0.5506330624322778
DAPP1,-0.8371280271175493
ANAPC4,-0.3326556216257944
ANAPC7,-0.5482554624450886
ANAPC13,-0.5315088042645103
PPP3R2,-0.3556030071735613
IRF2BPL,-0.4480160123456343
HCFC2,-0.06682285079462819
RXRB,0.16006505372068378
PATJ,-0.3018911847265359
IRF2,-1.3589750598944443
IRF2BP2,-0.5321557114431575
JPH1,-0.03353541053720129
IRF2BP1,-0.6142464860528468
STXBP5,0.46776807776657303
NPTN,0.8653007191491342
BCL11A,1.0374911456319276
EPHA4,2.783511405539661
ZBTB18,-0.541357892387114
PTPN4,0.10286209752050295
GALNT1,0.15999083449029194
PPM1H,1.1529467719732347
ATR,0.3891960469342795
MTM1,0.01779423164178667
FBXO11,1.2018054660824493
CAB39L,-0.5264439542581899
PPP4R2,-0.8528069548528964
UBE2B,-0.989556454814453
SHOC2,-0.7760694051370666
MKLN1,-1.2369982219879259
SEZ6,2.0923496323639306
SYNJ2,0.32971228025391336
FARP1,0.7346701476136267
UBE2D1,0.16511411373997037
TRIM33,-0.9512132912611893
TANC2,0.14435790559324563
KERA,0.1312468002187769
PABIR1,-0.5708024309695479
NCOR1,2.243153954458328
PDXP,-0.5540524200348242
DMXL1,-1.193489920126145
RBBP6,0.5538967388853555
SETSIP,-0.4207231800262069
FBXO32,1.3036091049129932
SLIT2,9.954833188826571
RHOQ,2.6278914128173425
KLHL2,-0.13273117607725987
CBFB,0.8162168239844235
CAPN7,12.974407071169361
PPM1D,-0.3363080390864364
GALNT7,-0.002005410337815196
ATRX,-0.07107180131649966
ENDOD1,1.2441341137032362
DEFA1B,0.6279471030942941
CCNI,-0.9501173554127675
TRIB1,0.4624080279202394
FAM167A,0.17432787075607323
PAPSS1,-0.17454828386528193
NCOA1,0.843195691382353
ZMYM2,0.41732836824454267
FGFR4,1.4250982555000866
ERCC5,-0.5676785520681878
CHD9,0.19248091685879473
PNMA1,0.19072257699353765
MUC7,-0.722238864619485
UBE4A,-0.6991600191315681
VEZF1,0.4214968012935029
JMJD7-PLA2G4B,1.8235646434933606
MAPRE2,2.2669785760596364
LRRC49,1.8360105938626332
KRT17,-0.12920255982682408
FNTB,1.9690557982820205
RAB6C,-1.0754453319296673
LRP12,-0.17069332442158333
TMEM131,-0.6706741937493941
EDEM3,1.832748419195898
ATOH8,0.017758589526137437
NLK,-0.8785688353054548
TBC1D10C,-0.7785804726225252
TRIM16,-0.8269569725941881
HOXC5,0.10882730539993733
RSRC1,0.8900082777822943
FAM149B1,-0.780182662603658
FBXL17,-0.5675994351266299
ROR2,-0.2316709920749811
CDR2,0.6269861572884278
PJA1,-0.9796754165685844
UBR2,12.101842877390215
CCDC85B,-1.0574046376554953
AP5Z1,-0.9169628247875923
GSPT2,-0.8130112693870994
PPP1R10,0.1922978855272263
STXBP3,-0.6928539018131806
PPP6R2,-1.4269627030397338
SLC4A7,0.8663938906456162
ZNF25,-1.1284824955214257
PHF21A,0.3957694709108582
TOX4,-0.4777934990752806
FPGT,-0.7790115275463425
WDR37,-0.09993243929136947
MRTFB,1.3164749066964163
UBP1,0.4789210091339393
TPST2,-0.2733232014009562
BRWD1,-0.5861945888577731
ZNF189,0.2744543767297226
OXR1,1.3195463530720735
UBE2Q1,-0.924866348639367
PPP2R3C,-0.5148438213723985
SSX2IP,0.8016286815637793
SHTN1,-0.6337967783643531
HERC1,2.154298051212958
RAB11FIP2,-0.7990031371783799
PPIP5K2,-0.3744460739914584
CCDC91,-0.39868609583463976
UBE3A,-0.7328711741414898
THAP12,-0.7417039132277274
CNOT6,-0.46159276569851837
SERPINI1,0.46095619664255805
RPAIN,-0.744520755547352
RASSF5,-0.46244697807345503
DCAF15,-1.3643816404146647
TNIP1,-1.508662070485367
DHRSX,-1.1296885961114254
SLC19A3,1.3024251422313906
ANGPTL3,0.4151095332221108
PRODH2,8.880287963969693
SLC38A4,1.0025881426474568
LIPC,0.3773618212954938
MTTP,1.4091066591461745
LAT,-0.29639729638070067
CD19,-0.22768280296699386
TRAT1,0.603872392139226
GZMH,0.3043223649074124
EPS8L1,-1.059731333268793
MS4A1,0.11182066805622852
MLN,10.285448408081951
CD96,0.6473869804879815
TCF7,0.13895905326625105
CD1C,0.6770099304112979
ZNF831,0.06376571346449585
EPS8L3,-0.6346501001219685
CCR2,-0.29081901178191216
KIR2DL3,-0.15468937308323535
PTCRA,0.9254036719107778
XCR1,1.288480103416973
CD101,0.7834946554277835
CD1A,0.9581319567669235
VSIR,-0.7068478996780864
CRYGS,-0.1976389177595781
CD8B2,-0.6220880673709384
CD160,-0.7545059368660959
PAX5,0.8350722828025451
IDO1,0.27307044665717384
CD1D,-0.3625827429130486
CLEC9A,1.1679078599025223
CD24,1.2143442355612037
ZBTB46,1.8934035649421612
FGFBP2,1.40419911179295
IGLL1,-0.42363009646285094
KIR3DL2,0.6001444948359873
VPREB1,1.7333635600320643
ITPRIPL1,-0.23129591334448804
XCL2,1.1876125548526626
GPR174,1.0564199884128704
MUC15,-0.5616845623927198
ZNF683,-0.41456447872102103
VPREB3,-0.2597961775920182
GHDC,-0.3659497700982138
LRRC8A,-0.6001679811614475
TMEM106C,-0.9106954391177803
THEMIS,-0.4008166645957768
DNAJC16,-0.6166416459797163
POLR1G,0.353919098766257
KIR3DL3,-0.6712326225608797
ADAM33,-0.45881165142306185
TM2D3,-0.6868758813513787
GP1BB,1.4742923509377674
FAM241B,1.0761921788194995
ABCD2,-0.7628649185780406
KIR2DL1,-0.06691342327302789
PAG1,-0.7360755668079145
HLA-DQA2,-1.0401852823346702
HLA-DQB2,-0.9257523316214609
SNTA1,-0.35046172264891706
UBASH3A,0.3435966411561868
CD1B,-0.2891601334616414
GRAP2,0.3829831077823443
HLA-DOA,-0.15268880924440004
HLA-DRB3,-0.4734723513611326
HLA-DRB4,-0.6757759555363348
HLA-G,-0.056878623810439094
HLA-H,-0.40093875075005087
SLA2,-0.36944098567249856
TRBV7-9,-0.4823118827497174
TRAC,-0.4287225360041528
TRAV19,-0.4855257744829249
TRAV29DV5,-0.4760949680082329
TRAV8-4,-0.4840759914650578
TRB,-0.15106968319478004
TRBC1,-0.4864456384305182
TRBV12-3,-0.4812748645173987
TRBC2,-0.28819652142723906
GPR171,0.61916404077343
SLAMF7,-0.17682785471411258
FCRL3,-0.583764388676376
LAX1,-0.5731899731513965
SKAP1,-0.7348960345003629
P2RY10,0.6800815701529558
ICAM3,-0.8129112026453412
EMB,-0.044453875512656116
SEPTIN1,-0.266751968649603
TRAF3IP3,0.47271757340155934
JAML,-0.4296247540844946
CD72,0.10913960969127064
DENND1C,2.0577200791098944
AQP3,-0.05972259438656998
KCNA3,3.0019541862488506
S1PR4,1.6474950950479685
MS4A2,-0.5584767555044325
KIR2DL4,-0.6314376958921012
PVRIG,0.7411390083313322
LEF1,0.3559915823584822
CD1E,1.1780071322024068
PIGR,0.7782078778215906
SPOCK2,-0.3067528562042294
GIMAP5,0.5651019697868052
GFI1,1.8257963654426883
CPA3,0.1576235566519979
RUNX3,1.9993051278461422
FCMR,1.17114538723235
HLA-DOB,-0.171253554685564
RASGRP1,-0.47250893810788785
FCER2,0.09987058269794112
PYHIN1,0.19770231657205284
GPSM3,1.7962723563435945
CTRL,2.017955743031856
TCL1A,-0.0037247772609453403
GPR18,0.6489148059807871
TRAF1,-0.8888161508419444
FOXN1,-0.5249354831010891
CLEC2D,-0.8504529214911083
TRA,-0.18994816503106762
CD177,1.9101017651521617
TMEM262,0.4751780447435327
TMEM54,0.008675069809891177
IFIT1,-1.2998938476417676
TMEM19,-0.7557669742983748
LILRA4,-0.5869267766307663
PRDM1,0.10553546011575106
PMP22,-0.43318724227258876
LMBR1,1.420635689451723
KLRC3,-0.544967270528515
FCHO1,-0.8532394529634644
FCHO2,0.1255713408712192
REPS1,0.4877623135853597
NECAP1,-0.5966766052985059
CALHM6,0.9372819953618288
CLEC2B,0.8284658237265512
GPR183,0.42847085179079175
LDLRAP1,-0.8330036020949894
AGFG1,-1.338141921574072
SLC2A8,0.41389584993327305
TNFRSF17,0.13101959396821533
RIPOR2,0.8389686590420371
ACAP1,0.4813845914337079
BTN3A1,-0.34617096559903404
DGKA,-0.8648201667697112
GGTLC1,-0.20034448095532886
SRXN1,1.7716645542569827
USP51,-1.2471032356836536
TMEM68,-0.8203108224607709
SSX2,-0.9147142043582247
MAFK,0.3797771530632444
ZBTB21,-1.1711500509925439
APOA4,0.11303234920516936
BCO1,-0.637964084771743
SPDL1,-0.9216409040255069
MUC4,0.9851436549843592
SERPINB3,-1.0570303081195818
CA6,-0.38385352887835583
WDTC1,-1.2875651882369172
NOX1,1.7690027335939913
DUOX1,1.4568267403973858
TFF3,-0.6583736993781757
NEIL1,0.4023862627688396
GIN1,-1.009144818393917
MAFF,-0.2097762515826444
STEEP1,0.9127296922918119
ATG4C,-0.9497210243004358
APOM,0.3594166151121531
FETUB,-0.9523579913048337
SLC13A3,0.37335633388625605
SPMIP6,-0.9777754851103162
DHFR2,-0.17814485245907105
SLC46A1,-0.5124201561021202
GLYCTK,-1.0400910737941271
MTRR,0.36232705040322927
HYI,-0.7914795033848205
FOLR1,0.41526486573768606
TAMM41,-0.5627445820255897
PRSS23,1.1555208095689813
DEDD,-0.7051746510108394
HEMK1,-0.46729188422017304
FRMD6,-0.7782263599061298
FBXO7,0.723099122805393
POLR3H,-1.6235722421861745
NOP9,-1.2867389887730656
PMS2,-0.6939440218713085
NAF1,-0.8531516909672485
ETNK1,0.7490509556323386
PSMC3IP,-0.14574807185909322
CDKN2C,-0.10698788324598453
MCM10,-1.1269277775952902
ADAT3,-0.18987602958846422
PINX1,-0.5992878026166367
NDOR1,-1.0777973559003793
AZIN2,-0.7533450842433321
AMY1A,-0.44832098587836405
YLPM1,-0.8395443951683378
DUSP11,-0.7501088879700454
RNF10,-0.9091971316757067
CDS2,0.4166912394779631
PHAX,-0.48673474541594436
PRXL2A,-0.4831743618289378
TRDMT1,-1.0372301751920043
PPM1L,-0.5884423201137948
SLC23A1,1.3276686650582985
MYB,2.0737051403466076
NBAS,0.15588307341035082
ADAT2,-1.093763559811208
CHERP,1.0242370009086499
POLQ,-0.47275840421305
AFG2A,-0.42611547421095003
PRTFDC1,-0.8466804949442278
RBM4B,-0.9662168415272552
HAUS3,-0.7775803882297988
POLD3,-0.8685261678602461
HIRIP3,-0.7699873487736719
HM13,1.7483887259818263
TES,-1.3402662415352835
PARS2,-1.0895051178873232
LPGAT1,0.6885869641793292
SFXN2,-1.1330941091728126
ZC3H4,-0.23931988139661026
PAWR,1.8700712336145775
PCMTD2,-0.8432335692530807
FADS1,-1.3235440864864385
DLEU1,-0.579714897123142
GGCX,-1.1947958633755313
BABAM2,-1.4566127830878828
FLVCR2,-0.1864963378228494
CFAP119,0.8591580598055986
ZNF860,-1.5849198540392386
TTC39C,0.06535904044881669
RAPGEFL1,1.986139717647656
EVC,-0.5064341646826213
NT5C3B,2.8781837107026553
GIPC3,-0.30554627659877887
ZNF419,-1.0414265743022504
WDR27,0.7852908538061507
ZBTB8OS,-0.9900883874356493
DTD1,-0.7486652846763824
ZNF623,-1.2371197818517472
RHBDF1,-0.5674469593471297
ARMH3,-0.8167399131293648
KIRREL3,1.6418208319596759
FAM110C,-0.5758441712109498
DNHD1,-0.7734058371038208
SPIN4,0.14787336824090583
MBNL3,1.1805240786746671
BBIP1,-0.583953062690384
DPH7,-1.1354031064472005
PALMD,1.6233279176798447
ZNF544,-1.1132748494517726
METTL2A,0.2271195038520325
BTBD6,-0.3395887734822535
C9orf40,-0.9060724900496305
ADAL,-0.5916226276055108
NAB1,1.2149769665456696
ZNF215,-0.5194688212352836
C1orf21,-0.49853945926445614
KLHDC4,-0.0625166802991232
TRERF1,-0.17170760695900275
MORC4,-0.5159789678991478
TNFAIP8,-0.7871703139919632
DGKQ,0.16091524128144416
DEGS1,-1.4767003094118656
FBXW11,0.843789454088792
EEFSEC,-0.9306743027936166
TLK2,-0.5383101398509589
NRF1,-1.302394530214633
RNF214,-0.7920234883799459
MORC3,-1.0824988863307556
TMEM184A,-0.23993533461037433
TOP1MT,-0.002542920483053974
SLC25A42,-0.8733851677373933
YAF2,1.6483220919923642
DPP8,0.20767523094048335
KDM3A,0.01988502311533726
PIBF1,1.7528245657662427
PBX2,-0.1638373786512511
GOLT1A,-0.6404795819714
SLC7A6,0.9931180669386216
RAD18,-1.1812979321817612
SLC25A38,-1.0961768276918367
MKS1,-0.373910733046582
SHPK,-0.7370035067318703
ISY1,0.3927537651070418
ATF6,1.4946732462490524
AQR,0.02146720251675052
THOC5,0.43205961582064845
AEN,-0.3073919786831223
NEMP1,-0.18095052276828727
IWS1,-0.2719033602273853
LEO1,-1.2602100614836487
RPUSD2,-1.1375875883174467
HLCS,-0.7275239491235044
TYSND1,-1.0226909621858797
COMTD1,-1.3274150086487067
CHAC1,-0.6030702212044013
TRA2A,0.46265672136402963
B4GALT3,2.196099809907331
KASH5,-0.5596254361277859
SLC1A4,1.3812184711989373
AMOT,-1.1280418963529084
PGS1,0.5698553241965212
HDAC8,-1.3760813541731247
PUS3,-1.1214622546920145
RIOX1,-1.037616760236046
BTBD10,-0.8391281465462594
EXOC7,0.12766547634814548
LARP4B,-0.8654870102261677
SEC24D,0.4736844274336989
CWF19L1,-0.8270559849120838
SCLY,1.8970111650880972
THAP7,1.327722365978806
ELOA,2.018560197930152
SLC35C2,0.8756126245285434
MIB2,0.7509078864520884
YBX3,-1.328044062679885
GATAD2A,2.153541808832164
BLM,-1.545869182464063
ATF5,0.6362917597595956
GTF2A1,-1.4594996771458508
ADCK5,-0.5719911952361804
SRSF11,-0.16749544941165545
GEN1,-0.6304279601021187
NKIRAS2,-0.8184454833820372
JPT2,0.03859076860346652
DPH2,-1.5727417958822882
HINT3,-0.6030729634997691
SPC25,-0.49740118566732117
AHCTF1,0.05725905541189818
NDEL1,-0.8482204922403632
NOMO3,0.5519400451879074
SLC43A3,0.8480119993799788
IPP,-0.09486019783427951
VIPAS39,-1.5751071442000182
HAUS4,-0.2748605536283457
TOM1L2,0.18339088822955513
MCUR1,-0.50129625705361
NENF,0.4538739339704403
SFXN5,2.3493849034675076
GTF3C1,0.35915821309821155
MID1IP1,-0.8690771102780233
SLC5A6,1.0133158423829298
FAM117B,-0.31097494140140114
TRIB3,-0.939169153531582
RBCK1,0.5550610545118247
FBH1,-0.7439133527439257
SMCHD1,-0.4823136704713989
METTL14,-0.4385428202268192
NCBP3,-0.44276247294990606
FAM161A,0.9064479097788019
CDK2AP2,-0.36799717754212674
FANCE,-1.0443924638120585
CCNF,0.8389818803860063
NLRP13,-0.41309102703078954
UIMC1,-0.3692989569370555
TMOD2,-0.4551711369449901
INHBE,-0.6643944900164509
DDIT4,-0.8705265505499652
LIN28A,0.21180234435404152
ATF3,1.5562542741514143
CLUAP1,0.7803130419638626
ANKRD49,-0.054648353369910425
JMJD6,1.6490659196308142
ZSWIM8,-0.35847785336258825
MRGBP,-1.3273664270594845
FLG,-1.3169213543987675
NT5C3A,-0.48721844499487915
GDAP1,0.27497692680342667
ACOXL,-1.0110200799754725
ISG20L2,-0.6948526237051705
AKAP8L,0.4850696345985958
FBXO38,-0.3469509398835945
NOL8,-1.3914412842370287
KIF21A,-1.0716432098323503
WDR81,-1.2089599469092946
HJURP,0.6596959566810897
GPATCH11,-0.3662462598404711
LUC7L3,0.21781177362510057
TP53BP1,0.13204349033495133
RBM14,-0.9204522498084055
THAP11,-0.2835023423110479
NELFB,-1.8473831612973441
MEPCE,-0.02422844428160841
KNOP1,-0.2910195953833309
AMOTL2,-0.982214443719678
SLC28A3,2.2265188516632
EMID1,-0.21544810766527517
PAMR1,1.818721446050927
FSHR,1.3062253627943095
RNF39,-0.8499721274532452
FBXL7,1.3275956706346512
PDZRN4,0.766451562977024
COL5A3,-0.2942425721649324
MAGEA10,1.1959014258011078
FXYD3,-0.750041873976509
BPIFA1,-0.9101510338782919
NID2,0.7978279820909877
COL16A1,-0.3510717015048096
COL7A1,-0.03430362386275527
COL12A1,-0.0668101261115592
MMP1,-0.2803760229441942
LOXL1,0.18095852125264575
ELN,0.029078428407158595
LOXL3,1.8357642658262525
HSPG2,2.1713252211990137
MMP10,-0.3031250641483007
MMP3,-0.2025984509064183
COL13A1,0.614325858433861
FBLN2,-0.2064589147788004
COL21A1,0.1365793848538273
DDR2,1.6560526174959644
MMP11,0.08677800950188466
COL11A2,0.4739805329539997
COL24A1,0.03278781160996464
FBLN5,0.4671854559304396
ADAM12,-0.073745859319009
ADAMTS2,-0.5549164364860034
LOXL4,-0.5556701109004077
COL22A1,0.17893410414285557
HAPLN1,0.4164080674047761
COL23A1,0.18180904095214734
P3H2,-0.13698497320948275
TINAG,-0.45347474808498744
COL28A1,0.2762143340374973
COL19A1,1.1184641378341542
ANGPT2,0.22875457874767197
COCH,-0.37237583835748933
FOXE3,0.08624998284065387
SRPX2,-0.0023095100559085567
ADAMTS7,-0.4407027312223551
MMP8,-0.5641598252351825
ADAMTS1,0.6606071562090264
MFAP2,-0.24070409055333045
LAIR2,-0.5874580378934795
TFPI2,0.5577383619032018
MMP15,-0.39197500932359686
MMP19,-0.3438997691346727
PCOLCE,-0.4690725750272448
MMP13,-0.40247587002894475
NALF1,0.9288347506600321
PLVAP,0.22987594477616485
IGFBP3,0.5459902399016805
MATN2,-0.31298562391898005
MXRA5,-0.1810266700663016
CTHRC1,0.22043352598638638
PGF,0.4382336435928663
COL20A1,-0.09025181897437719
GP6,0.2068893136271621
SDC2,2.5214115427525163
ADAMTSL4,-0.1563704097787848
IGFBP4,1.2371798895189972
CLEC14A,0.0014147669509497474
ADAMTS9,1.2598507262195466
MXRA8,0.3567351310969873
THBD,0.8390041349067865
MCAM,-0.04034918577899333
ECSCR,-0.29333714267086586
HMCN1,-0.10620377787777906
COL25A1,0.13790546321372896
CD248,1.0367739333830615
FOXC1,2.0895584408455323
PODXL,0.9575345907518408
EDN1,1.1733579697273921
SNAI2,1.866077904857095
SULF1,1.9180311981226204
KIRREL1,0.6589230890569652
ANTXR1,2.349157765190807
DKK3,0.3915655424127253
FKBP10,0.35049139453104683
ECM1,-0.8611338518426849
VEGFC,0.3956592016889058
HAS2,1.663520473711575
IGF2,0.5150002518214644
SOX9,1.470974549604079
AEBP1,-0.3569649814012567
SOX18,0.4595834919799322
DYSF,-0.3771853714176915
PDPN,0.2052540868682752
STC1,2.8914021319776677
NOX4,1.9097755445030749
NOTCH4,0.8077618244432168
VWA1,0.15763200715205203
SRPX,0.9179480969897711
SPON2,1.3269534810851866
FXYD5,0.7663340026152278
IGFBP2,0.9682619442666837
JAM3,0.7406849490388409
FOXF2,0.4393212609085187
ESM1,-0.6038520982515964
SYDE1,0.09422107084554218
SCARA3,1.9484944551047352
GPC3,2.6104649641291147
LRRC15,2.0110998095519736
PTPRG,0.5561730925680451
HSPB8,0.963516118676334
ADGRA2,2.006399522103579
FBLIM1,-0.5784866111911929
SGCB,0.04522282079182846
TMEM47,0.7462399388833826
FNDC1,-0.1271510680088539
LRRC32,1.6120534884826085
SOX4,1.727331538606447
FOXF1,0.7130369936799418
CAVIN3,0.278776312238283
FAP,0.05173598563251008
TNFRSF11B,-0.15875663611652882
MSX1,0.5554891744035365
NAV2,-0.11322348644811842
ACKR3,2.3125148675404543
FST,0.5860986611954667
GPC4,2.4805844702154527
ID4,1.3407670191282197
MDK,0.10952571667642363
STARD13,0.12335270445486077
PAPPA,-0.022185881472478543
GPR4,0.8618476339036528
LHFPL6,0.8236425049033425
SAA1,1.198562554288188
SAA2,-0.7256697019938738
COLEC12,-0.08538373763754876
TENT5A,-0.8288060637489314
ADAMTS8,-0.1331700328330411
COLQ,0.46102185443901406
COL27A1,0.03927601287118054
CLPSL1,-0.20255871617889962
CCDC80,-0.11976707844125484
ADAMTS15,-0.4364678379124148
COL26A1,-0.0990357002000474
CELA2B,-0.3410797096817703
SPOCK1,2.351627063443899
MMP16,0.050231503459858065
ITLN2,-0.5345225063893568
EMILIN2,0.3686824890379619
LYG2,-1.0344497747646528
STBD1,-0.9196814793873418
HHIPL1,-0.4251135125575422
ROBO4,1.5337799189996124
FGL1,0.6151407286024244
MATN3,0.006471439289555306
CNNM2,0.7205009694404304
ATF7IP,-0.2766330298333087
C1QTNF2,2.5115305585194756
NTN5,-0.02782456854469788
EGFL7,0.12586155245117653
PCDH12,0.27114248548071135
APOLD1,-0.21722044695524936
LRRC17,1.0687691055375497
ITM2C,-0.49966676472273364
RASIP1,1.2434142683623621
TCF7L1,0.8423525076855982
GATA6,0.5088303287219298
WNT5B,0.5602188918865486
PROCR,-0.8567047020452353
LIMS2,-0.10145827481839607
FZD8,-0.1794115962745495
ASAP3,-0.5649795085965904
ARAP3,1.7395797101129875
APLNR,0.9942448867023282
DZIP1,0.9558356851480858
RAB20,-0.9713484318652862
SPRY1,0.8965618751885372
STC2,-0.380993153172974
CLIP2,-0.3680097993261848
VASN,1.3467158327365223
PALM2AKAP2,3.310847376712714
TMEM25,-0.31865771481316324
IGFBP6,0.5514310379921977
HTRA3,-0.06278575903417886
ZFHX3,10.420477112926246
BCAM,1.1199497330108685
DAZAP2,-0.7079964171298727
TCF3,1.3704789634844008
CHST3,2.234640992882534
CEMIP2,1.158392734681586
PRAF2,-0.279789595093574
AKAP3,-1.002242004707991
ADAM2,-0.9709785327367546
PRM1,-0.896622483372969
SPA17,-1.1256546586160134
ACRBP,0.19920273087674778
TCP11,0.9334444721077233
NPAP1,-0.039959362583867716
ODF1,0.6982760883105172
ZNF675,-0.25900995598080584
ELMOD1,2.3079210625961672
PRM2,-1.009077107145803
SPACA3,-1.040412949919982
TEKT3,-1.2282363706835484
SLC24A3,0.7297788574076207
KLK3,-0.2587303095394878
TNP1,-0.716119365459902
OAZ3,-0.7435586239744114
SMCP,-1.2366364905352265
ACTL7B,-0.0982572666032564
DNAJC12,-0.3610793108008679
TEKT1,-0.9997457350973459
SPACA4,-0.6157783810737909
SPMAP2,-0.8983531743018177
CRISP2,-0.8308120594970793
SPESP1,-0.6706021519929916
DAZL,-1.23235035238949
YBX2,-1.0531088043286827
SYCP1,-0.38563972760478177
ROPN1L,-1.1740092147699976
TDRD6,-0.549178534449293
TLE3,-0.0653430021062582
CALR3,0.2751405798244822
MAGEC2,-0.8915403906314603
FATE1,-1.0086944329939471
TEX15,-0.7256192572498824
ADAM18,1.436199136940004
TSSK2,1.6317990677708556
FTHL17,-0.7199795439751487
ZAN,-0.5054722248765957
IREB2,-0.680864578886583
MAGEA4,-1.1323728029097033
NXF2,-0.8364702097678123
CATSPER1,0.23114893602466094
MORC1,-0.9645847306683394
MAGEB1,-0.9706085401221375
PIP,1.337107121485294
GGT7,-0.9378647145877719
PIWIL2,-1.006792400605153
RNF17,1.7696850154260757
DMRT1,-0.7002724595960862
CABS1,-0.7255222538777377
CFAP161,0.8617710987615018
SPACA1,-0.7313824928251502
ACP3,-0.7915175717512309
SLC2A14,1.1676843389071667
TMX4,0.6206101464508692
TDRD1,-0.055571998981685945
C2orf50,-0.5520621347447277
STARD6,-0.5646401365133179
TRIB2,0.7111449851170334
HBE1,1.9437612863316966
GAS8,-1.293897245575765
CHST8,2.7648304614778287
DMPK,-0.13413284680865065
TNNT2,1.4854012176586664
ATP2C2,-0.9411355455287875
ATP13A4,-0.02320532238903325
ATP13A5,1.1196526231052004
CLCN1,2.4693169098429615
ATP9A,0.9190740778999026
SH2B1,1.5160423538749135
TNNC1,-0.6672464020773212
TNNC2,-0.7440881900084559
MBNL2,2.555031236417572
CELF1,1.9543679187743788
ATP9B,-0.5775657603295674
ATP11A,-0.3024734409391293
ATP11C,0.11405483323916721
ATP11B,-0.130887583254353
ATP10B,-0.4214916629014301
ATP8B3,-0.20131791871107402
ATP10A,-0.4245866923182751
ATP10D,0.32628661738144266
ATP8B2,0.8532748662197511
NFATC2IP,-0.2680185982097659
MYOT,-0.3907366554787513
SGCG,-0.15222956940035287
GRTP1,-0.7947720574342275
SRPK3,0.6921469883478324
CHRNG,1.2023340683805548
B4GALNT3,2.030860082190852
TLCD1,1.9063301789159885
RABEP2,0.8541405220704459
GCNT2,-0.5382158142638215
SLC10A7,1.1935068335354906
KLHL40,1.7718986781988666
MYF6,0.27967759117103347
TRDN,3.051754385792305
LRRCC1,-0.5147594960173562
TMEM143,-0.1736858515359124
RSPH6A,-0.19907877139454577
PEX10,-1.091769136987715
ST6GAL1,-0.1965061544440114
FAR2,-0.8452757673882169
CHRNE,1.3636895390278416
TMEM18,1.1758125282205445
RNF167,-0.708327230563323
ALG10,0.514297891191237
ATP13A3,0.4270309509100573
NAT14,-0.3025234323632388
CLDND1,-0.7529255881473093
GPAT3,0.18854123478198814
PEX16,-0.28960820343676114
UNC45B,1.6659735131972024
MYOG,0.367439299874482
DUSP7,-1.28493940457698
ABCA4,1.7465641223032422
CST6,-0.9431768150601433
ENTPD2,0.7132802326170985
ABCA12,0.2663738888342243
THRA,1.7026972111392842
HRC,1.2809697266474063
ATP6V0A2,0.062107984892336814
PIGS,-0.3506306748263097
THADA,-1.0005026965585415
TECRL,-0.4595365120836606
TPCN1,-0.8185568597393503
MINDY1,-0.36749224985376017
KLHL41,1.8000738755342116
WDR7,-0.7104368840519016
SLC9A8,1.1409078670859247
GJA5,1.3511304370699941
MYOD1,0.006787483404756519
MB,-0.5101512308531984
OBSCN,0.709225692702897
PHF7,0.592048113890673
SETDB1,-1.434577781192688
MYL4,0.7402949839783297
TBX6,-0.010580757958917997
CHRNB1,1.6169287490139104
TMOD1,1.4898694205982268
CDH15,1.1028757898455288
EYA1,1.823712355847143
SYNPO2L,-0.42831660906955277
ALS2CL,-0.78667982232142
KRT13,-1.131864783827697
TFAP2B,1.0529618006217119
HSPB7,1.0527312482276645
CACNA1I,1.530711512259651
DIO2,-0.2582836936070308
LIM2,-0.3349648154068646
KRT24,-0.7717502304602489
SLC9A2,-0.20079244239046928
TULP3,-1.163424838453001
LGR4,1.7630625622095561
BTN1A1,-0.6570256596903751
KRT2,-0.03493604238779836
KRT4,-1.2203154340854812
KRT75,-0.8995614686610925
CPNE7,2.024559915455193
TPTE,-1.031882110371574
ATP8A1,-0.6799294299565601
ATP8B1,-0.49239180899129426
ATP8B4,0.4569171512156297
TBX5,0.6607308521617378
PDZD11,-0.4969986186382761
MYBPC3,0.5725082199183114
TRAM2,0.29428458061315477
MESP1,-0.3513302189593474
TMTC2,1.6295039290375166
KCNQ1,2.9062784404450706
IRX4,-0.30616741308102924
MYOCD,-0.35180572564352747
PPEF2,2.364417555733533
ASB17,0.044169218530136244
ASB5,-0.3375572530529724
ABCA3,-1.0813732388154416
SLC35G1,1.0534698257470205
MYOM2,-0.37370449592368543
ASB1,-0.5871226165856729
ELP4,0.37013293691224175
TRPC1,0.7071319711943206
RIC3,-0.2949190990239198
TRIM13,1.1919843544344393
KRT19,-1.0616520978690738
NHSL1,-0.685492140035343
THRB,1.6268796344522727
SLC12A4,0.9798965926732998
MICAL3,-0.5082232441007848
TAP1,1.3839362171484726
TMEM63B,-0.9038196781742727
SHCBP1,-0.5911300007868248
CLN5,-0.8457269687862097
AP1G2,-1.5014445472851277
VPS54,-2.015368810182612
SUCO,-1.2353648907899193
RIC1,-0.8041327029814254
GRAMD1A,0.7872180955593571
SPRTN,-0.792684578481951
TRAPPC8,-1.162269780427776
PKD2,0.7936955016444845
VPS52,-1.5867294422834421
EPN2,-0.5059181285734995
SELENOI,-1.197347047927244
SLC12A6,1.269105593475039
TAPT1,-0.21008010809093147
URB2,-1.1236054488495837
EMC10,-0.32872888669099104
RBM26,-1.1350865879285479
SLC12A7,1.351963991333991
ZMIZ1,1.4862718559278567
DOCK10,2.810024733946134
TRPV2,0.36335523161431266
OSBP,-0.6023069843982584
TBC1D22A,-1.3201010879539008
LMBRD2,-0.5304574207200847
AP4E1,-1.4387578534372527
RFT1,1.7919761571618773
PIGG,-0.9016566727812756
NBEA,0.04810554166261967
PANX1,-0.8463054714863787
EMC3,0.06211210971416973
ZDHHC20,-0.8186597050487224
EHD3,1.1033699018314194
SLC35A3,-0.6312422701476318
HEATR6,-1.0289068257681102
CCAR1,0.6775969021489587
COG6,-1.1242081489760452
MAN1A2,0.10366263849443187
RTF1,-0.23845251991167765
TBC1D22B,-1.6721093727607628
COG7,-0.9905509259955829
TARBP1,-1.0523628862666523
CYTH1,0.38194082178470473
CHD1,-0.8305140660841667
FAM91A1,-2.062440412740311
COG1,-1.0346901159127735
RINT1,-0.26830649555738023
CWF19L2,-0.9573502440663448
SKIC2,-0.887060882119718
XPO7,-0.7310839952086843
ZBED4,0.45237603592515957
TM9SF4,-0.47139784800935797
CNOT6L,-0.9704219275679542
ANO6,-0.4904910223431187
FSD2,-0.8175888354754428
ZW10,-0.8303684858292932
SLC16A10,0.8988929572611561
COG3,-0.5818160504271087
CNOT10,-0.6649336195497848
SBNO2,0.03628842316305371
PIEZO2,0.5141648387009325
LTN1,-1.5365894017270727
VKORC1L1,-0.8161923324525637
MGAT2,-0.3570425224962157
WDR11,-0.5711761700840698
PLPP2,0.5104293809994457
MBTPS1,1.0600187979827727
ABCD4,-0.8835677408469883
PTDSS2,-0.9392574387812701
CDC40,0.3486982270770032
SLC30A5,-0.6576686732878796
TMEM38A,-0.3788559197176095
RGP1,-1.0027205608605607
ABHD3,-0.5760754919977051
TMEM38B,0.6198166184816579
CDH3,1.1832464901118236
MED23,0.013819239111929924
GNG10,0.5279846321727544
RPP38,0.001102727695570583
TMED5,-1.6231138299565098
CEP55,1.4649765161426347
BLTP2,-0.3464900501066342
STX16,-0.8906295161017553
SLC30A7,-0.9768254959531416
IPO11,0.3384447633264472
SACS,-0.9999357388995058
SLC30A1,0.6604253437071752
SBNO1,-0.7827701818516211
TRPM7,-0.3400438225941851
MLLT1,0.22992031059117712
DSC2,-0.614297995175625
UBAC2,1.2947344719895089
CPT1C,0.7615178434985919
WFS1,-1.0001630332794869
NFE2L1,0.3316507454628851
XBP1,0.898271014734092
CAND2,-0.430136712558931
WDR48,-1.2320186100642432
RELCH,-1.4424888609610218
ABHD2,-0.6034441864039888
NUS1,-0.32456328699603276
INSIG1,0.9869388650017155
ABHD1,-0.5130645901833388
PRPF39,-0.16880806742884902
MOSPD2,-0.49539671412259834
ANO5,-0.11389784810896089
BAZ1B,1.2638230905053278
SMPD4,-0.9686056760149985
REEP2,1.234511580146564
TMEM259,0.4674160554573076
UBIAD1,-0.9456064702799352
PLEKHA1,-0.9306790338910269
TCTN2,-0.04430012990610529
OSBPL11,-1.3958375797867748
RBBP5,-0.42668696281890134
TMEM245,0.6590202605929959
ANKLE2,0.08474770855023919
NUP98,0.4165121819312247
NFRKB,-0.7168203383439776
TMCO3,-0.7594242709503536
SLC6A8,0.03748565015266937
DESI2,-1.0445456646527178
RAB2B,-1.1065383522783043
MACO1,0.12803718310283738
TRAPPC2,-1.1152911206889744
SLC39A7,-0.3187159765322515
ORAI1,-0.5825316279801874
TRIM37,0.618702606476843
TBX2,0.6176274774983707
CLN6,-0.8049977694557209
AMFR,0.8018559406659167
FAM20C,1.7744739597315318
RYBP,1.4954674526828797
LRRC31,-0.33543857114580067
SON,-0.11833020102811458
COX1,-0.8834248851505295
RCN3,-0.0010084506741758203
EIF2AK3,-0.2308847674773698
RHOF,2.4109741107822393
SARAF,0.43047395844518505
ORMDL3,-0.3121486021637695
ESRRB,-0.07184917220204838
ZCCHC8,0.1480094125586685
ATXN1,-0.2656159553529643
GGA3,-0.031724110684812935
MSL1,0.42413020793095846
RIOK3,-0.950707328568626
MED13,-0.6283265214764667
TRADD,-1.509022145107552
ESCO1,-1.0048336284405215
FBXO21,0.9719956553012294
ZNF106,-1.0256480929891418
ORMDL1,-0.6770043911257301
ZFP91,-0.693753863326533
CNNM4,-0.6747434158338903
ACOT1,-1.2446650470707727
AKAP8,-0.2500505067741405
PLCD3,1.4686255306446176
STEAP3,0.2322772907751137
OSBPL10,-0.6776692312323686
KRT9,0.024830174843826748
HELZ2,-1.1664186732655801
SLC35E1,-0.6840030064216448
RABL3,-1.5699413267525293
SPEN,-0.10307382666049979
RCOR1,-0.03420241199690722
MED17,-1.0668899129843212
AKAP17A,-0.5232960957014742
VANGL1,-0.13909214482647247
POM121,0.5777686682821809
POM121C,0.041259135248053296
DPY19L1,0.4060173927943416
KCTD5,-0.8001323632797638
TNFAIP1,0.8272444413793669
ADNP,0.0418846182396897
IDNK,2.8610134065595214
RPEL1,-0.4116730834175624
GJB1,0.09410120549680487
CCDC17,-0.7728804048838747
PGLYRP3,-0.886744342596916
ZNF296,2.114140867228344
SMPX,-0.5081295824537486
MPND,-0.7580921023289978
WHRN,-0.5465067092350518
DTWD2,1.3483805112887497
C8orf48,-0.3644671625617959
TEN1,-0.6378879650405083
IQCF2,-0.6471984361018959
ZNF57,-0.8936969344185867
OTOA,-0.49956734227625316
RAI2,-0.0877952562973332
PJVK,-0.5008214711284378
ZNF366,-0.7945264912152176
CITED2,1.4108291357053708
ESPN,-0.4548277834019977
ELF2,0.24292815542848697
ZSCAN9,-0.8413010490065485
MLC1,-0.1059942025134504
AQP12B,-0.6948154986179695
FEZ2,-0.632882040928792
ZNF829,-1.335202916537875
ZXDC,-0.6331390324834252
PHETA1,-0.4758663257308475
THTPA,-0.35916360403472114
FBXO31,1.3153945482837768
ZNF497,-1.0861105364436672
METTL27,-0.6325828088702758
CRLF3,-0.5293322790118107
ZNHIT2,0.6854940004309333
PDRG1,-1.0319908775833193
POC5,-0.8387069482864293
SRFBP1,0.06668394920458265
PIGA,1.000926209747012
DHDDS,-1.0478704439681856
LTV1,-0.4787198526247693
POLR1F,-0.08431895876682503
CDK5RAP2,-1.112433147763011
POLR3E,-1.338117424292433
DHX33,0.7219534852146254
TBC1D15,-1.1603787475954774
TXLNG,-1.2361571654768801
TRUB1,-0.8423579772513042
CCNE2,0.8922056659361863
DUSP28,-0.7533020409780368
CTU1,-0.9521473849455598
ZNF280C,0.6303434546213835
WEE1,0.855408709646648
OSGEPL1,1.1656251939602396
TCTN1,-0.6504968904121179
TRMU,-1.6158507077645528
RPUSD1,-1.038764783533935
STIL,-0.9048291182913718
PGGT1B,-0.6238760915792236
ASB3,-0.3047530434627533
IP6K1,-0.3734294989741518
ZC3HAV1L,-0.6508497655791933
NUP35,1.0354006001878224
HELQ,0.44857868003466506
RADX,-0.4599403136233488
MRTFA,1.6955567847366164
MAGEE1,-0.3868636689773606
PHF6,1.0859153995703992
CT47A1,0.19034813879670814
NUDCD2,3.381504129902067
EOLA2,-0.4618315911672325
CDC42SE2,-0.7264978876732003
RCL1,0.6076275917650755
MIS18A,-0.9448196201829904
MTMR14,-1.249429296876744
GLMN,-0.9906908322090465
OIP5,-0.9452800646966674
XPO4,0.3818793798302467
SELENOF,-0.8740521741889783
LIG3,-1.0786047224243915
HAUS1,-1.2029155479830698
MPHOSPH9,-0.3613214497923204
CEP85,2.0445310831624126
ARHGEF37,-0.3898174559696277
FAM216A,-0.8460341431231547
PUS7L,-0.756163116361011
IRF6,-0.04191258191284444
CEP112,-0.07932528259279314
HROB,-0.6361971595428605
ANKRD18A,-1.0611974434935514
EML1,1.389783523589655
CABLES1,1.6106015417844786
FIRRM,-0.3137614554060863
KIZ,-0.7137894236872501
ADNP2,-0.7944036732023704
INPP5A,-0.7984638028158475
TASOR,-0.6278023592645136
ASXL1,0.3664255902962449
SH2B2,0.5691883508567923
ZNHIT6,0.34878701919611876
NKAP,0.4542845172751954
MAP7D3,2.127794902675
GDAP2,-0.8391530790449683
GAN,-0.26408726744786526
NOTCH2NLC,-1.144748179822434
CBY1,-0.8971767483007909
TAF11,-1.3832286564977736
CTU2,-1.2444533476889275
NUP54,0.14545490583072157
METTL18,-0.6729172200425563
ARHGAP19,0.9422447384756837
NXT2,-1.0050163174630613
MANEA,0.15511182551812064
ALG13,-0.27624065543586
RMC1,-1.0069942014249822
SPANXN4,-0.9285019665143945
SMYD2,1.3044060646239077
ATE1,0.5090119093871758
THUMPD1,-1.0968529557697142
NEIL3,-0.5529780776275874
SLC25A43,-0.8627971682500623
ARMC9,-0.6737602502296388
NUCKS1,0.31219268287763985
PMS1,-0.9464750471696155
TUBD1,0.02013263436747075
ZZZ3,-0.47501988588161204
PIGX,-0.6016338533557698
WRN,-1.3248327385769092
AMMECR1,-0.7613938068872255
NOTCH2NLA,-0.637521105871585
HMGN3,-0.862013937237331
KL,0.2175933974296974
CHST4,2.160610285141076
CDX2,-0.619658633939478
CHST7,2.226417552229282
SLCO4A1,-0.4286397810191947
SLC28A2,1.0257495346387069
SLCO3A1,-0.3370164558031307
PSCA,-0.850765576775292
MLXIPL,-0.8868426901843799
STRADB,-0.7110754031994964
DCLRE1C,-0.3161632522645697
CFAP91,-0.6928858961176034
RFESD,-0.6557307938385366
EBLN2,-0.9131306655865052
CIDEA,-0.8392319139627018
MST1R,0.9659294731581355
HHIP,-0.4725945612590445
GAL3ST2,0.9752889773017356
RAB7B,-1.2085970357948044
ALX4,0.07680713886664182
SLC9A5,1.8231764583204693
CEP68,-0.6643536899683065
VWA5A,2.4166072229477233
MDP1,-0.9087236135581732
GNG11,0.1834295979302028
GNB5,1.5237995219888743
GNG13,-1.0731464647551705
GNGT2,1.620029751403942
GNGT1,-0.2715534846457663
GNG8,0.6458776532775858
GNG7,-0.46267615224203307
FOXO4,-1.1508815374900374
TBC1D1,-1.221417528894926
CRY1,0.4431584999769498
CRY2,1.0126062087608223
AKT1S1,-0.8629927823293541
TRIM11,-0.9109363374813783
PLP2,-0.7450641482589133
PPP1R3D,-0.6049669425693845
ENTR1,2.1191079990605397
CASP9,-0.8407960108143392
BBC3,3.286391895339171
GADD45A,0.08905316736153297
ZSCAN32,-0.9934368279239008
DSC1,-0.7741351756386895
CASP14,-1.1267683120455338
KLF15,0.15370256505808308
CDX4,0.6420838930002849
CCDC33,-0.5034057225147722
BLZF1,-0.8525725765595689
IHO1,-0.45254368910824644
MDFI,-1.5133054691965075
BEND5,-0.3592733183918022
SPRY2,1.3924414018592175
RIMBP3,0.3631788692590526
STX19,0.8817630236053664
UBXN11,-0.47189617094594166
GJA8,-0.7704280157069006
BCL9,0.6415465813572108
EPM2A,-0.9602654270466437
PRDM14,-0.3409895460538013
TASOR2,-1.3718847277280812
NBPF10,-0.8683913114809538
ZNF236,-0.6547281155920649
GRAPL,-0.21129471342343664
PRH2,-0.764150249651848
KRTAP1-3,-1.2362564687160182
KRTAP9-2,-1.2772981184053018
C2orf42,-1.14007889119258
STX11,-0.5983306870982318
MAJIN,0.43215678299523175
DDIT4L,-0.8452182848711722
GCSAML,-0.24647713448838132
IRAK1BP1,0.08946225962125737
PPARGC1B,-0.7082749388272424
NHLRC4,-0.6303752835416548
ZNF177,-1.0981423395986838
AUNIP,-0.0036677554789863506
RPH3AL,0.12623804110399012
KRBOX4,-0.2675247863363542
ZNF474,-0.11145938696177704
CCDC28B,-0.2243346556371564
ZFP90,-1.0938591028957831
KRTAP9-4,-1.2453726972717907
TCF19,-0.33565114187647727
TGM7,-0.7933892007929064
SERTAD2,-0.7383479069766135
BMP8A,-0.2116660830115582
TRAK2,1.0542942737452186
NET1,1.6635387931575443
KMT2D,2.142553278363158
YY1AP1,0.5361209080301876
NR1D2,0.7378790690463288
SAMD4A,-0.800311481323862
TLE5,-0.42155951876932607
KHDC4,-0.9008670708743665
PROKR1,1.0540707079869494
NCCRP1,-0.5745562381376206
SERPINA12,-0.6940041073734166
TRIM35,-0.7563465296868938
TRIM10,-1.0453247788781876
REL,-1.1046544695196843
TCF4,0.306519974744016
CALCOCO2,-1.1380455764285076
KRT40,-0.16227943021020796
KRTAP4-2,-0.3362659431523072
KRTAP10-11,-1.4689181217415168
KRTAP10-8,-1.4026137778093828
KRTAP10-5,-1.4323727552295262
KRTAP10-3,-1.5207730659611736
ELL2,0.6484376558502054
CCL24,-0.6622860526260108
CXCL2,-1.0780739936909638
CCL7,-1.0647377002810585
EHF,-0.5680584178097032
VWA3B,-0.6331495269692251
SAMD12,-0.13317112096983438
PGLYRP1,0.41886424669123534
CCL11,-0.43696789073090875
NLRP3,-0.9552682524496975
AMDHD1,-0.4093973476001788
DEFA4,-0.8744855472728218
ALOX15,-0.9377207823772413
SLFN12L,-0.8115965274893038
USP53,-0.4488708791207032
UBE2J2,0.3321411396023753
CFAP298,-1.2881883858715497
RETNLB,1.6493111716002273
TSPAN6,-0.6870394818845287
GALNT9,-0.3711665413493569
MREG,-0.29580071357873194
THAP4,-1.0118101538319848
KDM4A,-0.4068605877975495
FCF1,2.760254815424521
CD200R1,-0.6860592358475416
SUV39H2,1.0847529480896763
RIPPLY3,-0.14798615588338218
NOXRED1,-0.398202859888398
CRISP3,-0.8368988223039185
HP,-1.2680764375964089
S100P,-1.111783475518747
SERPINB12,-1.0154080696190815
OLFM4,0.6949445646893883
BPI,-0.6361416807167911
IYD,1.9114737598090212
CTSG,-0.3980903455671126
CAMP,-0.6376056552195556
PADI4,-0.8706869935080375
FPR2,0.6751209337246853
MBP,-0.318054703952032
DCD,-1.1368764204993687
RHBG,-0.15370540156841112
CEBPE,0.3443634282852487
SLPI,-1.2927017970267847
CSTA,-0.45959419704074617
RHAG,0.43983538068647576
F5,0.6942266888614055
MUC5AC,0.48153182540928974
CLEC1B,-0.5585303226117551
HPR,-0.7054130189844702
STAB2,0.5696167746867116
ULBP1,-0.7141325546557239
SPRR1B,-0.8304959651119299
TYR,0.6826020907904223
PM20D1,-0.49606204615340477
RHD,-0.5591847875749203
SPICE1,1.7726114568213134
TCN1,-0.9570814587459133
GYPA,-0.13649053349260912
TANK,-1.6188319005040295
CPB2,0.3787752816007216
IL1RAPL2,-0.14122386588650543
SIGLEC6,-0.24348251447741748
HBZ,1.8005237212017613
PAX8,2.0384728796656515
GHRH,1.370570344573435
DDX59,0.7412585136351814
DHX34,-0.11659061721004477
MATN4,-0.25743192338247245
PPP1R3C,-0.45535767426581614
FOXD4L6,-0.6960467354029289
ING2,-1.1045698272325681
PDE7B,2.3548837886988614
BCL6,0.05695418115827115
SLC5A3,1.072575083212164
TPD52L1,-0.28623617367818305
FOSL1,0.34981250300582795
RTL9,0.1543534129798228
SUSD2,-0.3835642429693158
ARL10,2.0045527367875455
NLGN2,2.78918615090427
SLC47A2,0.6207835075756769
RBFA,-1.04302389475954
DHX32,0.6850895638863137
SNX11,2.633565609978754
ELK4,0.8984602117941952
MPV17L2,-0.4772666192920743
NUP42,0.30406435065809273
TMED1,1.2163779936895578
QTRT2,-0.971332065424266
CDC14B,0.583272173158781
QNG1,-0.6911804201268246
INTS14,-1.6805389533487156
UBL7,0.12157955491927172
MTRFR,-1.3842003665677822
RMND5B,-0.9277201329857269
KLHDC2,0.7899980730055924
URB1,-1.257284824794851
BUD13,0.45853579064984723
COMMD5,-1.0392540691816516
CYTB,-1.1698967763998585
RBMS2,-0.702933348856566
MTERF2,-1.028053473372707
LIN28B,-1.0329846225696522
MSLN,0.3258500527082217
MAD2L1BP,-0.7647891457435659
NELFE,0.6624392406792917
TMTC3,-0.43369075542979635
NFXL1,-1.3437586206958687
OXNAD1,-0.47712895036352587
ZNF644,-0.5404639726804393
RIOX2,-0.2929606680288491
SDR39U1,-0.8432713619908438
KIFBP,-0.7165517469237457
YBEY,-0.09608782144214133
PYURF,-0.9940559741817157
ZNF483,-1.0709478032209043
ZNF830,1.6465251193763268
MLX,-0.9515714412166602
RRP8,-1.0019651575471493
ZZEF1,-0.20649520602971078
TTC31,-0.8985677160723278
FAM9B,-1.0447146595233057
ZNF317,-1.36658312710144
DHX40,0.5938248538586061
AMY2A,-0.6167924082594509
BCL2L12,-0.6879230573234303
GP2,-0.7275312342801141
DUSP4,-0.9580450935629874
LCT,0.8380053127806033
MGAM2,-0.44541435721415984
GYG2,-0.7636973886936598
CPA1,0.6899264590414259
PCDHB10,-0.09588763213426675
ASGR1,0.3394668136207372
SLC51A,-0.41589996546445396
SLC51B,-0.3488474144197385
FGF19,-0.18305770496261725
CLCA2,2.405337370629201
SLC5A1,0.9459276851251065
TACSTD2,-0.6671073113921462
ROS1,0.8145852492119341
B3GALT1,0.11177925060687292
TMEM127,-0.39433244524655237
OR7A10,-1.9941824959542696
CCDC62,0.8245483746385635
HOXB3,0.6595006238766603
H2BC7,-1.3136842719978168
RTP4,0.07502784741429379
NMNAT1,1.1478216686628118
USF3,-0.12753242289225136
ABCA10,-0.6716300193456128
PDZRN3,-0.0629813581549295
DGKG,2.2160353101303425
UBXN10,-0.413855919238536
WBP2,-1.2544271287279252
AFG1L,-1.0789241184445937
PTPN3,-0.9836881353542098
NDFIP2,-0.20223576217556416
AIFM3,1.2187175230522505
SLC25A36,-0.6145884289987034
SLC25A33,1.0216624796344074
ADPRM,-0.9838244308776072
GFOD2,-0.7761023765357827
POLL,-0.9622352327513792
NUDT12,-0.8433445452296854
SLC25A40,-1.0804356662085073
SH3YL1,-0.6735015569397185
TTC7B,-0.4806651617398546
SPSB3,0.9400125168279112
DIS3L2,0.311289721980579
XPC,-0.7601755197309232
SETD3,0.33742669365480815
PYROXD1,0.8640478211054373
MIGA2,-1.03836200097947
CCS,2.4741230329655464
PPP1R21,-1.1202283693430535
GFOD1,-0.80833426422113
PEX14,0.48419497060279915
ZCCHC9,-0.04565501476536517
BRD8,1.0705666721605713
NRDE2,1.1468055877562333
APPL2,0.4023948877757949
SECISBP2,-1.0489996283597427
MUTYH,-1.1095085222898502
SYNE1,0.003913459230835463
DDB2,-0.747649466714319
CEPT1,0.6732838486832707
SLC25A44,-0.7626367856308407
C8orf82,-0.9633708866608378
CYB5R4,5.320112442992507
WASHC2C,-1.60306528564186
TENT4A,14.051057110064452
MTA3,0.4150000664968144
TBC1D17,-1.5482346292942057
TENT4B,0.36764239103146795
PBRM1,0.8402411776627527
ATP8,-0.5401154868410083
HSDL1,-0.08278777868720152
INTS10,-0.7981654552737587
TRIR,-0.01677839951768081
TAF1C,0.16845143431707163
TRIM4,-0.8894872851333167
LRRC14B,0.6336960860608823
IFT46,0.1818365729456079
BPNT1,-0.4756427538924776
DMC1,-0.8190021258171628
NAALADL2,1.7520056476479415
CCDC127,-0.7169357950977584
SMIM12,-1.0443180890757744
CNOT11,-1.2295341778604165
NR3C2,-0.5205192923007818
TMEM67,0.155018708906815
RPGRIP1L,-1.3330649681007105
CEP72,1.4601009826140559
PRCC,1.258717505949139
PAPLN,-0.4883515618263288
RSAD1,-1.1478654345395005
LYRM9,0.37807350199606915
HAGHL,-0.5641893737118272
PTPDC1,-0.3455486356590704
MPC1L,-1.145589558218098
GTF2H2,-1.9315128035697677
PI3,0.8766440284066848
KRT36,-1.1421399992396954
PITHD1,-0.2934633016143628
SLC25A37,-1.1426903635717436
CCDC12,0.8485845831174577
ETFRF1,-0.6613103875432618
IPO13,-0.6443439276536488
RNASEH2B,-1.5424397597024708
PAIP2,-0.7948342729220235
CERS5,-0.2995400977574876
PRADC1,-0.8285490377659864
BRI3BP,-1.0217497353536626
KRT6A,2.448145192170149
NRM,1.9739997294305416
PHRF1,0.7561751196228713
POFUT2,-0.5966209009901224
REEP6,1.0967659140289296
POLB,-0.4086277776464339
NUDT7,-0.7504731161917492
SLC39A8,1.120844542898776
STX17,-0.27628813302588906
TXNDC16,1.2471936597915705
RO60,-1.137252748202618
BTBD9,-1.0045773794580284
NKAPD1,0.4017697169421374
ZFP69B,-0.7027536663456584
ART5,-0.6963494476520597
EVPL,-1.171891507822255
S100A7A,-0.785393990523891
A2ML1,-0.8162668969838486
PPL,-1.3048514348031957
SLC26A2,0.9029817293791771
SLC26A1,1.5477063843241081
SLC35B3,0.4461591338694988
SLC35B2,2.707788712536204
TBX18,2.9473368391116814
SPANXB1,-1.0156591453472505
CHST14,2.4527863135811834
CHST12,2.1663466427099696
RNF115,0.9801558544391715
TGDS,1.6121267766805358
HSF2BP,-0.43073046089337924
DSE,0.7663855576833334
CEP19,-0.7407227702242233
GLT8D2,0.36475251738738856
GTF3C4,-0.41823431438095926
AGGF1,-0.6769838715324188
KIAA1549,-0.6969788795514775
ESRP1,1.8794055918679469
TRIM24,-1.3937328627133898
GNL1,-0.7223962905937349
GALNT3,-0.7219224089632785
CCDC116,-0.06557052531670216
ODAPH,-0.4601623394601288
MCRIP2,-1.259005126048043
FAM24B,-0.3146393820154813
WDCP,-0.8437321403492202
TMEM132A,1.4714716149808977
ERRFI1,0.931587595238996
TPST1,1.118231907883451
FANCG,-0.3679693738968213
RTEL1,-1.1498839721680936
HS2ST1,2.6062806428718686
NDST1,1.5107442013778383
FAM8A1,-0.2814622312554352
BEX4,-0.6041387664129984
TTC9C,1.924842721690868
TTC3,-1.2751873226420944
FTO,1.564453689406188
GOLGA5,-0.5203985533921748
THRSP,-0.6697475472311534
ZNF585B,-1.4235319876548893
ZNF501,-1.0413660497519635
SLC27A6,-0.7108051846167411
ATPSCKMT,-1.0686626486798787
ZDHHC16,-0.2662407065709539
RETN,-0.759289899124043
CAPN10,0.3683491156958072
MYEOV,-0.40658753320863694
ANGPTL7,-0.40299052228989507
DCUN1D4,-0.01502997697865577
MOGAT2,0.2417697417399471
CST5,-0.5820170293237593
ZMYM5,-0.6789320618592904
ELOVL3,-0.9937359530027423
PLIN5,0.594722316978518
DUSP15,-0.657443585435735
NHLRC1,0.17518959479081775
MXD3,-0.7552223497451277
CTCFL,-0.7161566705469734
MOGAT1,0.7215181919425445
CDHR5,1.8776890540236684
CIB3,-0.9354362529955053
TSC22D3,-0.14053112771930368
CIMIP1,-0.8988967314346317
TRIM8,-1.0991533648023852
FOXO6,-0.8996684370942878
RXRG,1.3066956520788309
IGFBP1,0.8761199444596027
IRS4,0.45611949367721744
WNT10B,-0.050525692991864296
GNA12,2.2251677131082586
BPIFB1,-0.9094738401976131
MUC5B,-0.907745467469309
LACRT,2.3182604862166527
RCOR3,0.15885754355649234
BBS1,1.1282407619682977
BBS9,0.5374165338039152
SIDT2,-0.9701143585165821
SLC22A18,-0.7696433812290071
INPP5K,0.41136592758038104
LAD1,-1.1572687697901896
DUSP9,-0.9296149404804983
PASK,-1.118616940122079
DNAJC1,0.3963774243838427
TEX9,2.309602738611796
ANKRD52,-0.903339003382759
SLC22A9,-0.6385557165755393
PLGLB1,-0.4737207068988625
GSTT2,-0.38764802003086674
MAMDC4,-0.504770237163926
TLL2,-0.0269741065303754
PRPH2,6.854521185919231
FUT4,0.5840344847920722
PRRG4,-0.7854531600494176
CLDN9,-0.13001468862802162
ERF,-0.8556141576488488
FNDC9,-0.6444771194782031
GANC,-0.5706867819125399
REN,0.24477899103285708
MEP1A,-0.28590907214703554
NTS,1.6006628414301651
F8,0.07020182912396368
MOS,0.10815368322305502
LTK,0.8189076937483319
TEC,0.9308970063786297
LALBA,-0.366656704457828
LCTL,-0.32274685495656075
SCT,2.248476258026433
PTH,0.743953487850698
CDX1,-0.3824672249950178
GIP,0.5983506861804752
VIT,-0.5524569357956751
CLCA1,-0.6023241293132923
BTNL3,-0.6525872224566146
REG1B,1.2372468128929164
CLRN3,0.8681274757734524
KRT20,-0.23409749369991947
TAS1R2,0.4321390395235092
ENPP7,-0.9581931315104588
PGGHG,-0.4260046477769429
SLC5A9,-0.24553450425460174
SLC5A10,0.04682202293989108
HS3ST1,1.7404649787308126
GPR42,0.025182226792137802
CCM2L,0.2928725416178535
AP5B1,-0.7792013851525973
ULK3,-1.0528579634808732
HUNK,-0.7771003052827713
MAP3K9,1.14490171508351
C20orf96,-0.3942514947620974
MAP3K12,-0.2676118942551753
CDC42BPG,-0.6213227844163743
TTLL1,-0.45940854275601123
EPHA6,1.9920469748840968
RPS6KA4,-1.0948410182880426
SPEG,2.398132535484475
PALD1,-0.14672143432469578
SPRYD7,-0.4313231788037037
LIPH,-0.5026545711247077
ZSCAN1,-0.448764177149913
NAA11,1.7133798081720633
NFIX,2.5114754347182866
ZNF397,-0.8206402161097774
EPB41L4B,-0.6562436913341286
SEMA4G,0.957452762605508
KRT86,-0.999556132976924
MEF2B,0.5643963338375856
KCNK3,1.1525030082897143
RAB9B,0.7379837229424718
RAB11FIP3,0.9947887277741599
GRIP1,1.6644819246008284
H3C6,-1.407819658081761
SLC45A1,1.6470107810927492
GNAL,-0.8858617165064597
KCNK13,1.1518800798359567
ADARB1,-0.5348962193023274
SCN3A,1.1251019439580718
KCNAB3,1.0669731736511927
GRK2,-0.28928370754303895
KCNIP4,1.7746088519656282
KRTAP19-5,-0.748218574406155
TBL1X,-0.12392354119742084
EFCAB6,0.3259655031541843
IL1RAPL1,0.72923183279559
SCAMP5,0.2752881321138757
PURG,1.3666151748908628
CNGB1,8.199136796064849
ARVCF,2.2318127673900405
GUCA1B,1.7893070410230223
CLXN,-0.5831408560850578
MGAT5B,0.913249838478833
RETREG1,1.4988426972102769
MYL10,-0.6197491933238505
PHF24,0.3955370762404784
NEURL1B,0.012871319275377987
CIB2,0.009109179764344812
CHP2,2.419645344777807
SUSD4,2.0102364109096342
STUM,-0.25608952754282377
CELSR3,1.3517244778347475
IQSEC3,1.5938338452658793
NGB,2.206792507371364
PIP5K1B,-0.5144267108067356
RGS14,2.402917625980025
CALY,1.8019877742018688
PPFIA3,0.5300441289700789
NRCAM,2.370891795868094
LRRN2,1.0630194108599258
ADGRL1,1.0608080302627232
PHYHIP,0.8160759828031838
DSCAML1,0.6322624201911576
ADRA1B,1.65837454914012
RGS11,1.2734566656178374
NPY1R,1.2885981573890455
PHAF1,1.645988992389093
PCSK1N,2.641176832245384
CAPN11,1.8733582415467116
CBLC,0.3552030434117939
KAZN,-0.09995847762515116
DUSP8,-0.8330307576953018
KRTAP19-7,-0.7719034494376741
HCN2,1.6955193792529661
RAP1GAP,0.02788666897248839
PDZD7,-0.29544431960167294
KCNG2,0.26666654214268776
ITPKC,1.2947328683085724
CHGA,1.8938157991521423
PPFIA4,0.2568504022298196
NGF,1.5133057397049994
NXPH3,1.9252474707863023
RAB26,0.8941738419923947
PLXNA4,2.0525974390675312
OXT,1.8071915481507566
FGF1,0.1418000206318082
FXYD7,0.472759655713578
KCNN3,0.8563534144780287
LRRC3,-0.04017111922504854
MED18,-0.34915843936474517
GREB1,0.5994465923958615
PRSS3,1.7211538700490676
WDR62,0.8290917239392249
TP73,0.313574291093562
AGAP3,2.4057161930655147
FCSK,1.3522262685932949
MXI1,-0.08782449246788039
MLXIP,1.2922474698823296
MAGEA12,-0.8270329417692084
ADM,-0.7541916345751356
FOXI2,-0.5287391153298612
FOXL2,-0.7605209166830579
OTULIN,-1.1512567477474998
LYPD4,-0.4980740699967983
FOXH1,-0.6878322442650728
FOXL1,0.7048512925652212
SEMA4C,1.4143424458263036
FOXB1,-0.5680903271157778
MYO19,-0.7222805466976219
E4F1,0.9441176356822429
NOL3,-0.3993043890052546
IRF3,-1.3847828816280052
SEPTIN10,-0.9186360675385431
SEPTIN6,0.7057357777763235
CRYBG3,-0.6049288963852854
RLF,-0.13439239400517453
HILPDA,-0.6795813561911159
ZBTB17,0.05590429351756012
SEC22C,-0.5771787982883823
SYCP2L,-0.40517211925926044
MDH1B,0.9380855916536425
LRRC25,0.633704477909923
IFT56,0.7042694553799114
ACOD1,1.108636606502242
TPCN2,-0.6544348733204888
C1orf162,-0.16380663536923884
SUCNR1,0.8441914141944793
TMEM150B,-0.542769989803284
TAS2R50,0.46539283771914747
RNASE2,1.1293136814792604
CLEC12A,0.247167005898921
PLEKHO2,0.01831060761908163
MCEMP1,-0.24066095394523832
GPR84,0.7560068646625946
SIGLEC9,-0.6443990963386407
APOBR,-0.41955904853136533
LILRA5,1.5635236250064455
ADAM8,-0.8662940746099334
CYTH4,1.7388452862510562
PPBP,-1.020582961293679
P2RX1,-0.32919492136715844
DPEP2,0.3214264490175182
DOK3,-0.526838748390518
RNASE3,0.12252380858864839
CLEC4E,-0.19519169088924726
FOLR3,-0.6918704859862047
RASGRP2,0.8646959005322493
TRPM2,-0.4407927151491171
FGD2,1.311968126749348
ARHGAP4,2.935522262554478
ZNF467,-1.065379308020907
NFE2,0.287774341752908
APOBEC3A,-0.9928556298059361
NCOA2,0.2905547927474831
TDG,-0.8282649087712601
NCOA6,1.1515414137159947
KMT2A,0.27443449619563326
MYBL1,1.7323382597814663
BAZ2A,1.2316040802882373
NSD1,0.7078293588562613
KMT2C,1.0913755145878155
BRDT,-1.0965305470854163
ARID1B,0.2425893536147716
GCM1,0.3146278833489524
SRCAP,0.9918178010272602
BRPF1,2.023553820889239
KAT6A,-0.08725912448237254
HOXB7,0.8069686757640949
KAT6B,-0.3932834980706003
DOT1L,1.1220728748703008
KAT8,0.24451231258719094
EHMT1,0.03524774270754107
KLF13,-0.5052903485472318
ASH1L,-0.6754186923349733
KLF1,-0.14860199219516843
BAZ2B,-0.6112129550663766
CENPJ,-1.2315561763518021
CITED4,-0.23984406474711314
CITED1,1.24139659684332
NFYC,0.5518477630334763
HOXB6,0.5029131061773151
KDM2A,0.2712590911054433
GLI3,0.10703272863303857
CECR2,-0.7014359243677493
HDAC10,-0.20798352054259567
TCF12,0.6854005120450216
SETBP1,0.6989067000304771
KANSL1,0.04738162757472743
CARD11,-1.1238685683947958
NPAS2,1.436201178326362
BRWD3,0.7295988998196631
PIAS3,0.6721728999615234
MAML1,0.0817869626855121
TET1,-0.06229552360112013
POU2F3,-0.20212756642639748
BRD1,-1.0465311951565126
DNMT3A,-0.2498805186643596
HIPK2,-0.7611753369584919
CSMD3,0.5830522030693667
CLOCK,1.9295676968751443
PHOX2A,-0.3340482210914843
TCF20,0.6500882409686426
HOXB2,1.0053818359210287
HES5,1.064639765849214
BMAL1,0.9038066629431389
PRRC2C,-0.5605672770004729
MED25,1.3828679336008507
CDK8,-1.5899451464655667
GATA2,0.6672998216277722
JMY,-0.29477775774213044
MEF2D,0.22573272310280593
MED28,-1.0494209892701816
MED29,-0.9077725365244523
MED30,-1.1607727378295847
MED8,0.3414007391463722
MED9,-0.8154138822478861
MSGN1,0.7606832230439123
MTF1,-0.8116325255669957
MYCL,-0.4647053123090967
MYCN,0.9739358090090647
MED26,-1.0812543971878519
MAML3,-0.30368914565908506
MED10,-1.5119227172189385
MED13L,-1.1124433506199747
MED14,-0.8134007944647871
MED19,-1.3627447534836141
MED20,-0.777780553630159
MED22,-1.615408584176294
HDAC7,-1.2501855644195423
DDIT3,0.6049211132592252
EBF1,1.1101146718507893
EGR2,1.018684717257419
EGR3,1.2703460240510098
GPS2,-1.110343298904632
H3C15,1.8495872218439064
SIK1,-0.9016959569286985
RBPJL,0.35358520882626904
SAP30,0.8343852520709142
TFAP2C,0.674476832460955
TGS1,-0.28156917120623465
RARG,2.609812919795584
PAGR1,1.7061016892934338
PCGF2,-0.7197158531694033
NFIB,1.8453892974417387
NFIC,2.123046345440802
POU2F1,0.5877685919441784
PYGO1,-0.3520692585506948
PYGO2,-0.4970309728899884
PIAS4,1.49303587968657
VDR,-0.6772870759952087
WNT1,0.5469665778706367
WNT3A,-0.02885262834977806
CDK19,-1.4920741206568964
CDKN2B,0.8751519403484685
ARNT2,1.2977080613839695
SERTAD3,-0.718334541968374
SERTAD1,-0.8427146885247595
HOXA9,1.912395342314845
HOXA10,1.3882242824251994
FBXL19,1.436068967629563
TAF4,-0.633745990998282
NR5A1,0.40837377508028405
RBL1,1.7497984648799287
BRPF3,-1.1876175414529513
PCGF3,0.21975611525276287
EPC1,-0.4800928584835958
MIER1,1.9891579760351283
JADE1,-0.7986655010648326
HELZ,0.3526289053848012
MAFB,13.230859390476319
PTOV1,-1.1216906109736604
NPAT,-0.04783669727790105
HES6,-0.38630763468099305
HOXD4,1.0026337576079403
EPC2,-1.2359163049805364
ING1,-0.6091430096672474
MAU2,-0.4868601399955353
JADE3,-0.9299800561042502
STAG1,-0.7696162907529719
PDS5B,-0.6514916065020445
MARF1,0.2932771760810849
KAT7,-0.9255285621414151
KLF8,-0.3261324055127498
CHD6,0.8782761499833619
ETV6,1.3132193303928976
RAD54L2,-0.703570751595236
TACC2,-0.7262589882492361
POU1F1,0.5404841492573305
SAP130,-0.6170277622665613
HIPK1,-1.181464017135282
EID3,-0.9434647617101106
PHF12,1.20825997388203
HOXD10,0.7221334667478654
PHIP,0.4166284962856624
MECOM,1.932035720649134
ZNF639,-0.9089999146927444
RSF1,-0.8945217513803738
PRLR,-0.5454075980510692
SETX,-0.7822166527163957
SETD5,-0.38355396017293203
KMT2E,-0.050946934885668864
CCNT1,-0.25981624631157896
ELL,-0.17578248559716828
PCF11,0.9160177788833922
EZH1,1.8893815406783767
ZNFX1,-0.19580690918138574
ZC3H13,-0.14113902910992415
SUDS3,0.8995215336613845
RERE,1.604923242775941
RFX1,0.5648007598084765
NSD3,0.9054356340696019
ATG2B,-0.7252401715500326
BICRAL,-0.08297588004139285
SETD1B,-0.8103045465689143
POGZ,-0.03092926666448316
ATG2A,-0.8584174197585698
PLAGL1,1.204912768860913
MSL2,-0.20478166403099618
LDB1,-0.012955637427385806
ASXL2,2.713878747809774
XAF1,-1.0662561053634854
FRYL,-0.7202193687146985
KDM4B,0.7008994587952988
KDM5D,-0.21665814623616467
RFX2,-0.9134919866602552
ING5,-1.340727081353311
PHF8,-0.4714359656891943
CBX7,-0.882891007018288
AFF1,1.6173022098138838
DVL3,-1.065678126981338
TNRC18,1.219703736630578
CCNK,0.09785619766381057
PPP4R3C,-0.5872274740832092
HOXD13,0.9575486479146085
CTDSPL2,-1.3611792804849874
HOXD12,0.11278383627996051
CWC25,1.3689838804389236
UBN1,-1.0536860151377903
R3HDM1,-1.0786582872955712
USF2,-0.45707231900825807
MTF2,1.9140078666223175
PHF10,0.06400282905208905
JMJD1C,0.21620864720105984
RFPL3,-0.34020422986596577
PHF1,1.8096734916037691
MNT,0.6851793151297563
UPF3A,0.10145600530229595
CAMTA1,-0.003511146644644525
NR2C1,0.8383329703967332
ZNF692,-0.9439905484498186
SETDB2,0.03234408233035018
MGA,-0.34090126678012633
USP34,-1.1199859169852573
PAN3,-0.40080201083552075
BCL9L,1.2414172555933705
ICE1,-0.09053810164468905
RSBN1,-0.6733612215207885
TLE2,0.48011727644951113
USP3,-1.4412273041683052
PRDM10,0.9598109413749141
SIAH2,0.9559181230092204
GIGYF1,2.0433527066897885
CBX8,-0.6423871529053249
ARID4B,1.605177096497645
REV3L,-0.4615636595691869
EMSY,-0.6902738408357623
TAOK3,-0.8706884322141292
MXD1,-0.9011851241129726
FBRS,0.2409464100539777
HIVEP1,0.655613110412797
MED12L,-0.4177577067065798
ZNF609,-0.7419212468263722
PI4KB,-1.9206211216901536
SMG6,-1.1202521631282139
FGF2,0.7204659280342086
ZNF217,1.2892852641598829
C3orf62,-0.5194836366682198
DYRK1B,0.7896143760183708
KLF2,0.5031286246067406
ARID4A,-0.6809984084309981
GMEB2,-0.713516619447658
GSE1,0.8374333072104833
RREB1,9.599929033501434
BHLHE40,1.289694491115416
SATB1,0.23356410883180329
SP100,-0.33917669226985836
FUT7,0.40285558104287533
GPATCH8,0.16193002770699713
BRCA2,-0.9092803599687457
NRIP1,1.1504151835210326
MLLT3,1.2494977830440068
CBX4,-0.8262109128000134
USF1,-1.0547393151590259
HBP1,-0.34212463110487296
BRIP1,-0.48157095245284515
AKIRIN2,-0.9560143573129761
FOXJ2,-0.7520388391249653
PHF2,-0.31034185148621996
ZNF451,-0.38693876829288615
SMG7,0.6479494373944974
CRTC3,-0.9719199409109325
SYNRG,-0.4864945232296549
HOXB9,-0.279741923956149
CASP8AP2,-0.7128271910581886
ZCCHC12,-0.4471637066576344
PPP1R13L,-1.0362375529956578
GMEB1,-0.5066642644665179
TOPORS,0.9922209599280216
CEP350,-1.1632035471221118
ARID5B,0.23470782542532703
TSPYL2,1.1348927615746471
ZNF143,-0.9736837523879525
FOXJ3,-0.5092589654093215
FOXN3,-0.7263234964304107
ZCCHC7,0.6991386398779792
BMAL2,1.5686616047565989
KISS1,1.0931488335609165
HMGXB4,0.9949846667934326
PATZ1,0.7366911435855843
TRMT1L,-1.2583653144522347
TLX1,0.16269329823156942
NELFA,0.07923471667602519
MLLT6,-0.6363629745197871
NSMCE3,-1.079188192353257
PTPN2,-1.1618064403812058
TLK1,-0.30153733963462137
KLF10,0.8920432334047996
TRAF5,-1.1539937600126744
YTHDC1,-1.1448659044967626
ZNRF3,-0.4855645053553789
ZNF608,2.240238642533577
ZBTB20,0.7336782302862146
SAP30BP,-0.6935159996958924
KLF12,1.2775136517318813
EZHIP,2.9709492110838323
MTMR3,-1.32901577015074
SPC24,-0.3977743922001667
ZNF521,1.0042961216702884
MKNK1,-0.03582629733698308
ZNF274,0.18151803112025985
ZNF292,-0.8631563710287636
SREK1,-0.24568377262193866
RING1,0.9188599603642152
FAM193A,-1.0010971944486968
ZHX2,-0.2101966421152336
PHF3,-0.1990991052418896
KDM7A,0.188803315894378
PITX2,0.1802458506617519
SOWAHA,0.41816425795515105
LEFTY2,0.18139682461209375
JDP2,-0.39878575901785657
CDK11B,1.6824583110386104
RSRC2,0.6625224068760518
PTGER4,-0.33011343997631637
SLX4,-1.522849418975903
ZFX,-0.4721211551707648
ANKRD12,0.6992573120499255
PERP,-0.8229109928424353
TFF1,0.3796828197470362
HOXA11,1.3422315204147335
DACH1,9.425457128951754
ALX1,2.5054586895674524
HOXB1,0.7944062007351129
VCPIP1,-0.956688102502883
KIAA0232,-0.19186297876787597
TAL1,1.3147500318113179
ETV1,1.2731327244870967
BDP1,-0.9602157402949277
HDAC11,-1.362052475565745
ZNF384,0.20764403476507992
FAT4,0.17203558553278614
NABP2,0.0008270094302229232
TADA2B,-0.3609284461054896
NUTM1,-0.20930141754535753
PHF23,1.0450981676824265
ASCL2,-0.41184542141054203
MUC1,-0.9556336792344996
PCGF5,3.0028911583326194
CHFR,1.0023746638519475
CBFA2T2,-0.6898703618886474
BCL6B,-0.7619028014500093
BCAS3,-0.07910980916088489
KLF7,-0.39875017591624085
GRHL2,-0.42744941805593495
FZD2,0.5350182646610226
HEYL,0.9831638571215172
HOXA1,-0.515281144578543
HDAC9,-1.252640771349036
TTC28,-0.7492855715778844
UVSSA,-0.9337025610852513
TP53AIP1,0.2452451356873814
ZNF175,-1.2553244807454007
ZBTB4,2.52828790136019
ZFPM1,1.2426883524762264
ZNF750,0.43980899186975814
SUPT7L,-0.5765814623301834
TAF1A,0.2740061439192266
TAF1B,-0.4487210088380413
TAF1D,0.4277906338646574
NR2F1,2.4491726068514743
NR6A1,0.76201061149158
PADI2,-0.6721598042430321
MDM4,0.0029129080885642385
MYSM1,1.738255838840658
MBTD1,-1.1634745506496549
LYL1,1.8411827308288267
MYF5,0.2668060605173093
SALL4,-0.0655892191697414
SDE2,1.627674015957627
REST,-0.5793345837817507
RNF8,-1.253887421049271
SMARCAL1,0.26906199642389117
SIX1,1.4488583418949614
POU2F2,-0.298052558951719
PKNOX1,1.1930803186798034
PMAIP1,-1.0630949396495752
POLD4,-1.0757873107020086
POLK,0.03787595805173133
PRMT6,1.2154744201074001
EBF3,2.629958784938205
DBP,1.5037710087528484
DRAM2,-1.190647518233576
AICDA,-0.8417122411278188
DLL4,0.4577592842737376
AMH,-0.8941885847349529
ATXN7,0.5466492928835408
ZFPM2,0.8001561695929488
MCM3AP,-0.08587828025727344
HPS6,-0.5593724500032023
SHPRH,0.19816980447300414
ZBTB49,-0.9537646768907152
COMMD3-BMI1,-1.0631298375764129
CCNL1,-1.789240766181623
CNOT4,-0.2276216400087178
FBXL5,1.0557304517495125
ALKBH4,1.484283561098128
FBXW2,1.2388956901372659
EID2,-0.7026609855609366
DTX1,1.29128249074787
H2AC8,-1.3522201535994436
ZNF350,-1.4340421788970614
MBIP,0.11234270172509919
USP47,0.10210738523198597
ZBTB8A,-0.8813347998166362
CDC14A,-0.11324606645672883
FBXW8,0.7709609491294421
SPATA1,-0.11575366250387731
PLSCR2,-0.8007459454331668
ANKHD1,-0.9817519326927167
ZNF12,-0.8090102112889479
NCOA5,-1.1615457423807873
PHC1,-0.8796591392461972
TAF3,-0.0956699813845499
TBL1Y,-1.0265552777104783
HAND2,0.7237433468603387
REV1,-0.35010760087726706
NEIL2,-0.9477838118245101
ZNF76,1.0277710329720824
HEMGN,-0.5449119485858335
ZNF398,-0.9771862965229018
KDM2B,1.0394482555748412
SPOP,-0.8729114986938059
PHF20,-0.41432326213508414
EDEM1,9.44012512111392
USP24,0.4527432557118269
PELI1,-0.00850199647512224
RPRD2,-1.1446853483417774
IKZF5,0.13844524546200454
ELF1,-0.9159323791146575
KAT14,-0.3457554638574978
ZBTB40,-0.5347316297071678
BRMS1L,1.3151884671287914
MBD4,1.1075887675609821
H1-6,-1.2554899348691206
PHF19,1.6781991940195917
ZNF148,-0.28712392662284236
MAGEA11,-1.0818696500389808
PRDM6,0.3008729979158071
TRIM68,-0.887347369118605
HIC1,1.5767073096960649
FYCO1,-1.275613081103094
POLI,-1.5331055206199473
GPBP1,-0.91808195638251
NCOA7,-0.7081281030669194
ZBTB1,-0.2834259535674371
ESCO2,0.8963502963592889
MN1,1.436412894126234
BMF,-0.07050007154294845
MLLT10,-0.7686911015980639
GCKR,1.614919348043942
GATA5,0.7144724806979342
ELSPBP1,0.7206789419741467
MAP9,1.6545777373267976
KMT5B,0.2886193408526808
PLAG1,-0.17245070097234053
SENP6,-0.1670092542827581
ZC3H12A,-1.2255157929195717
LEFTY1,0.3002364695649569
ZNF24,0.17402862161491356
SUSD6,-0.5947938659907144
COBL,-0.547624414132908
ZBTB10,-0.5647186824581335
BACH1,0.09765502891780388
ZNF638,-1.0732185592084362
HIVEP2,-0.4794902684501196
ZNF687,2.2878243984275284
ZCCHC14,1.9723082629431044
PLAGL2,-0.7935168306054524
GLCCI1,-0.7099403648209042
ILRUN,-0.4290577348849164
RNF169,-1.037481412383977
FAM117A,-0.1168753107834323
HYCC2,-0.7550539110383102
NOXA1,1.6008200075983783
TINAGL1,0.012308868872928893
HSP90AA2P,-0.6998443184526076
SAGE1,-0.9692349949049053
CFAP46,1.5578517117775774
MFSD4B,-0.49274799180539464
SOX13,0.5033630785092132
WDR45,-1.7317550436785405
KCNN4,0.08354874041646382
AP1S3,-0.8556677043333071
KRTAP9-8,-1.0404692507479116
AMOTL1,-0.9948063099655632
CCDC85C,0.30496593375904
TEAD2,0.8317753352564322
PLEKHA7,-0.5073214791494273
SMUG1,-1.0777851274463417
MSRB3,-0.7884346220719595
PLCXD2,-0.5633767378100086
NLRP9,-0.796541271318721
FKTN,-0.12323581763235875
TBX20,0.35329053494814927
KCNE1,0.947200831335281
ZNF559,-1.484869959279256
KCNT2,0.2111236238949319
NTF3,0.9960228869115907
SCNN1D,-0.1951502109169588
PRSS16,-0.6313538640614419
WDR72,-0.6826630462663127
UMOD,0.834088046687802
PDILT,-0.4086395440272628
FKRP,-0.0020680722265332165
TRAF7,0.3854035805357789
DOLK,1.0499091701564258
MFHAS1,-0.5781983044597047
LRRC66,-0.2917352208112536
AFG2B,1.487363327350117
KIAA1671,2.2567040317314158
PLA2G4E,-0.6336753454560231
PLA2G4F,-0.4340015650015437
PLA2G4C,-0.5569499847194608
PLA2G4B,0.8296163725232178
PLA2G3,-0.6702604856399553
PLA2G5,0.8319752474902911
PLA2G12A,-0.9518056814167347
PLA2G10,-0.47586889214049666
LPCAT2,-0.9647406170350242
PLB1,-0.6278722073580808
PLA2G12B,-0.6997764297290451
PLAAT2,-0.564703290312647
PNPLA8,-1.131650528928186
PLA1A,-0.6604911767180573
TMEM86B,-0.8541109242756794
PLAAT5,-0.6005493470012656
ALOX12,1.4160880731277232
PLA2R1,1.4384436219737522
WFDC12,-0.6483393591908745
GPCPD1,-0.628338659023203
SFR1,-0.9594084639012166
NAAA,0.38510898730958437
PLD5,2.8624230031079003
NIPAL4,1.2861109303562097
CDK15,-1.026016169670534
NAPEPLD,-0.680879702029909
DAGLB,-1.3472199403535725
PTGES,-0.7825243681586764
PLCH2,-0.29121076740066865
LCMT2,-0.7388947504582304
WFDC5,-0.6016786067772696
PNPLA1,-0.6441893933417067
GDPD3,0.6438436960892343
SERPINB7,-1.259325701633079
CFAP97,2.4151861229242484
SCMH1,1.1572222865224637
ZFP14,-1.010744599464807
DNAH6,-0.12980490468494754
UCN3,0.6185224931121698
IFT27,0.33171079320176006
ASPSCR1,-1.320386353656138
PARP6,-0.6393296352695305
ASPDH,-0.14394386589757635
RUSC1,-1.242041386006723
SYNJ2BP,0.12855861920333617
FBF1,-1.3998984547605176
TRIM69,0.8550698700348355
LCAT,-1.2152762671888033
SULT1A1,2.1705681397949452
SLC35D1,1.304065913288198
TIPARP,0.35614780727619305
TSHB,2.1640897885962094
NPC1L1,0.9042831652243495
SLC5A5,2.19023250452552
MORN1,-0.3780629193627188
SCAI,-0.3879184731716516
MOCS1,-0.7033945582083342
DBF4,-0.5253431662890773
GAL,1.555907011789479
KCTD14,-0.23910144586104723
SHLD1,-0.7613941194054369
ORC6,-0.48996236728027837
HPS3,-0.6012997921939338
RGL3,-0.5822470163878403
SBF2,-0.9256792187470303
TRIM65,-1.0214634757823429
INTS15,-0.9199465189876547
PSG11,-0.6672592840407547
RGPD5,-0.7921736619128045
DNAI2,-0.3558677237472194
MCM8,-0.15710659397092447
MTBP,-0.9239621921995919
SMN1,-0.25281044938430197
LRR1,-0.5347310318406524
LPCAT3,-0.49964016500357605
TUBGCP4,-0.8863580103370006
METTL6,-0.5038028292920712
RMI1,-0.716678815867693
PIF1,-0.5011183556523086
MASTL,-0.7862170464285697
MACROD2,-0.2150007683499939
PGPEP1,-0.747942589627406
POC1A,-0.8161494788005398
SKA1,-0.020873136115813082
MNS1,-1.2450186025155354
CENPK,-0.5377779374936618
IQGAP3,-1.0364797433072945
RAD54B,-0.8025175900629818
ALKBH1,-1.271558255494504
KIAA1143,0.4759578141305651
MINDY3,0.29098934947918936
PABIR2,-0.5343963022642926
CHAC2,-0.8387361743749063
RFWD3,0.29234041356579915
CENPM,-0.5931951865052293
CLSPN,-0.31968984531943
SASS6,0.42841280813345634
CCDC34,0.9138490785353621
CDIN1,-0.6939902114242599
TSTD1,-0.8250990939206574
POLH,-1.0183636049923201
SPIDR,-0.8600011581980939
E2F8,1.1596604042453942
ZWILCH,-0.7312122413282424
FANCA,-0.8176650554467811
MND1,-0.5171564178655205
CDCA7L,0.5783533539462488
DNMT3B,-0.4390010006298971
CENPA,-0.9029340476395579
E2F7,-0.050883496417986986
SKA3,-0.6111037056188008
DEPDC1B,-0.02475984792970941
ENOSF1,1.5073277480819327
RAD51D,-1.4241341769894258
CENPN,-0.5911664895875753
RAD51AP1,-0.7292713644516325
CDCA5,-0.7845440239409933
DEPDC1,-0.1789239403866347
CDCA2,-0.5835423629917581
SLF1,-1.321720073524143
KIF20B,-0.07730191242125248
CENPQ,-0.5400118087091469
SGO2,-0.8893254597312813
CDCA4,0.1362459736226544
COIL,-1.2731200329081276
HAUS5,-0.41450582150047943
CKAP2,-0.6908605958290276
CEP70,-0.18546144339999276
ESPL1,-0.91324305391413
CDCA7,-0.30583089222032017
DCLRE1B,-1.18325638870629
ZNF367,0.4345623414379442
TROAP,-0.33953032137941846
RMI2,-0.5406547051985556
HMGN5,-0.5911572833756337
TELO2,-0.8572542264796379
OGFOD3,-0.48844413792767033
HAUS6,1.5587984334030893
BRINP3,0.7119232888340452
ERFE,-0.4288094317754936
IGSF3,1.5910820779398596
PCDHA12,-0.36654638682914686
MR1,1.0690156275678102
PCDH20,1.8520665391203477
POGLUT1,0.7944948574335848
TMPRSS11B,0.049721619252217734
ST3GAL4,-0.23252926293852577
CERCAM,0.1541951234369347
CBLN4,0.024384130248006064
NKAPL,-0.7968421384693093
MAP1S,-1.0257245335410115
SLC39A3,-0.4903890551880092
NPHS1,9.06294421882909
CRB2,1.5648315373053043
PTPRO,1.5851920254444498
CUBN,1.0337303168175234
KANK4,1.6334266892875027
APOL1,0.39135781853907636
CERT1,-1.2734203179902606
TECTA,-0.6293843311145977
CTRB1,1.6881667513293885
THSD7A,3.1442817442138016
GJB2,0.08780700086776622
LOXHD1,-0.4300458513556321
HYDIN,-0.43299816145909154
FGF23,0.17572491355698824
USH2A,1.179650925246966
MMP24,0.7416964039347216
HOXD3,-0.2341462009903847
ENTREP1,-0.3041671612373896
PHEX,-0.41166989524193476
ADAMTS6,-0.041226265060347336
FGF6,0.606565899343399
FGF3,0.6883434730222172
UPK1B,2.595091627946062
ADGRV1,1.203591415650866
OSBPL7,1.8849528768474322
KIF17,-0.21099890031240637
FCRL2,-0.697925315077205
ZNF492,-1.2333203696719444
CRYBB1,-0.35498106518809186
SCTR,1.8420234609672408
CDH17,0.6590521232773265
MMP23B,-0.47790980361338986
ANKH,0.2848031982714186
SLC26A4,1.757022103845276
OTOG,-0.23933207550720012
USH1C,0.8437361301226499
BTNL2,-0.7991460020150517
ICOSLG,-0.8421296363765727
RFX5,-0.8124471058027419
PSORS1C1,-0.8912827721199721
IGLL5,-0.830960980500645
MICB,-0.9220095129477598
RFXAP,-0.41113718986820813
KLK4,-0.31576954382906597
IFI44,-0.49295596723691854
SERAC1,-0.876122397735485
SEMA6B,1.948090100314015
PRUNE2,0.08155790375862412
CD276,-0.12084464353568614
VMO1,-0.656465525063106
TRIM39,-1.3003419520228365
NLRC5,-1.0409291938580323
CHST9,7.350311895159184
BTN3A2,-0.8864780941448144
GSDMB,-0.6067811244701657
GBP4,-0.9113433496260821
KIR3DL1,-0.04449523614021819
ST3GAL6,-0.1067999370572922
POMT2,-0.29036753278729655
KIF26A,-0.9353854056123666
LRFN3,2.0672445597843474
MARCHF1,0.41892190810831104
STING1,-1.2735579365929797
HVCN1,1.034343278519092
DRAM1,-1.0107015785510816
LITAF,0.2735159816659374
ARHGAP45,0.662258623433479
TAPBPL,-0.13670965897599655
CD55,0.20834296622559986
VAMP5,-1.0067423808528313
WDFY4,1.01067086134287
CELSR1,1.0940733505153666
RASAL3,0.8629344007507813
FMNL1,2.089173933154452
LAMP3,-1.040424344621495
CNTNAP3,0.09841278394262601
MLANA,-0.2266817552281754
TPBG,0.9221467839024106
MARCHF8,-0.7472824381362158
ISG20,-0.4966790787454834
SHFL,-1.36411677209151
PLEKHA2,0.6959474040046087
OLR1,-0.15772284018989227
LRIG1,0.9612428831807085
BANK1,0.6415208503302968
LY75,-0.6539885107841907
BTN3A3,-0.8863878092307106
FCGBP,-0.35089342618084085
UBE2L6,2.523906737356665
IFI35,1.2694743221884068
BTN2A2,-0.7215652428263237
MAN2A2,0.3745356416188211
ADAM28,0.5175577307605543
ITM2A,1.2453962157822662
RIGI,0.12469191157142524
IFIT5,-1.1187544464439991
TMEM131L,-0.31919915712361807
LGALS2,-0.4274525157453153
BTN2A1,-0.7563693277404763
CHI3L2,-0.5477983996362846
PACC1,-0.5546898577288536
PMEL,-0.8332297296208815
PLXNA1,1.3872104291234453
MICA,-0.7325237180932019
TRIM26,-1.358291380447776
CCDC122,-0.7046423698039126
AFF3,-0.4971615341596772
FUT2,0.7711098308851891
ZCWPW1,-0.5704495403819013
VWA7,-0.3885798374093082
MMEL1,-0.33671417932455217
TPO,1.536717515510692
LY6G5C,-0.619423132824371
IGLON5,0.9797421152185855
GFRA3,0.16793954412790887
ZNF311,-1.1904080526192446
SLC24A4,-0.23908244954219213
CCHCR1,1.7457178357419059
TSBP1,-0.5905497511835488
MPZL2,-0.6607615568045241
LY6G5B,-0.35071314652740776
FNDC4,-0.011426944318413765
DEXI,-0.29055120403097145
NFKBIL1,0.7914348618058348
TMEM106B,-0.575932670472461
RIN3,-0.07384650193049533
DSG3,2.7909766165671304
SEMA4F,1.5789820382328421
CLEC4C,0.9002688798511465
CADM4,1.5857426755210045
GALNT5,-0.4279858033479547
ZFP57,-0.5403332098783866
KIF4B,-1.19723006502775
RILP,-1.2890936439200127
TMC6,-0.9036498375766421
MFNG,1.5728347300489707
TSPAN14,0.5612831336677745
BTNL8,-0.6898717148826361
HHEX,0.24135629167167014
SIRPB1,-0.5612743495291425
BTNL9,-0.7032575479192501
EPSTI1,-0.8562570970858274
GIMAP7,1.4049909494566566
SP140,1.1014526150563206
CTAG1B,-0.9256664869411096
TMEM39A,1.2229867392244673
RNF149,0.24434084512538995
RNF213,0.4504886479723427
IGFLR1,7.544471951492985
PNPLA5,-0.8036040061924702
OC90,-0.8306946271525422
PAPPA2,0.3196877971824392
BORCS8-MEF2B,-0.6329927971678404
CDON,0.33194560939882056
BOC,0.3573890591390504
CDH4,1.3892736800806722
HAND1,0.32087526847216447
CCDC15,0.18755325243624765
SMYD1,-0.1675031318819581
TTLL7,-0.3779507089481299
SIX5,-0.316847582837075
VGLL4,-0.8053121772332802
RTL1,-0.5439746091957087
MZF1,0.4962477606944443
FOXI1,0.1186015063188434
ZNF263,-0.5026964391613131
TAF8,-1.5462979032058586
DNMT3L,-0.569926910989541
MEOX1,0.4446749600571458
SOST,-0.5882448894156247
ZFP36L1,-0.24922732296926578
SOX6,-0.5517608217633567
CLK1,-0.9485035865626219
WASHC4,-1.369231973417388
RRN3,0.472452233617618
ZFR,-0.24532888795379876
MAP2K5,1.1283600787215478
ATF7-NPFF,-0.023589171798331504
ZNF436,-0.9913739186773497
LRRK1,-0.6391692794718389
LPIN2,-0.09166711540061662
MINDY2,-1.1603668986653577
RFX3,-0.11492649252065747
PRDM5,1.0260424227531446
HNF4G,1.5343142600620796
DENND4A,-0.24435679962488163
TBX3,1.4862079401954256
RBM6,1.7326888919653287
DMTF1,0.009602335125094117
HOXC4,0.5078866702243201
FAM13B,-0.47984777915427873
FCHSD2,-0.912665585030342
SIX4,1.5034601381635833
OR4F15,-2.0611727758868317
CREBRF,-1.0166760864618505
PHF20L1,-0.13991235177500055
CSGALNACT2,3.0418094166012355
ZNF654,0.17958136718047749
IFRD1,-0.4343749171930468
SYNM,0.07592670661105162
USP25,-1.2472058631854188
ZBTB11,-0.034063779901234735
MTERF1,-1.1104553632408345
RBM24,2.1626024211451194
ETV3,0.6146040880977992
SP7,-0.1668313582058597
ZMIZ2,-0.09688140868624041
SP4,-0.5865943319775336
TGIF1,0.6305605487990839
POU6F1,0.38022421344897667
NR4A3,0.4548945665999186
LIMD2,-0.02517725744432089
SZRD1,-0.4028274052312561
CASZ1,0.8324065780383259
ZFP36,-1.3545259237225216
FOXC2,1.5909254849450227
BCL2L11,0.5042746800049976
EVX1,-0.5944213600249424
ZBTB43,-0.9119214249084684
ARID5A,-0.6917850947942741
RBM38,2.7224349278320896
ZNF335,0.3163455293019427
HIC2,1.8390370257649848
ARID3B,-0.5822606733524056
NOVA2,2.724753548719302
ELOVL2,-1.0312970347743668
ELOVL7,-0.9530372136617752
HACD4,-0.48753489703882524
C15orf40,-0.564354288111392
ASCL3,-0.23145585740949506
TIGD6,-0.8467153364813923
TTBK1,2.9179292020585668
DOCK11,1.3636605747806743
ARMC5,-0.594685614889741
CDYL2,-0.19011351686307804
PNPLA3,-0.9623228413360136
TMEM51,-0.7777308249065047
PAEP,-0.8937398415515455
EVC2,-0.5495858469060826
SLC44A1,0.8305500390414398
TJAP1,0.9785305968244961
TEX2,0.8432757521637624
ANKRD28,0.2836794908173638
TMEM216,-0.24356452486009092
FLVCR1,0.22288727380178078
ANKRD44,-0.5811358171590141
PCYOX1,-0.4825307360282356
RHBDD1,1.6062484576304554
CERS6,-0.36162355495179727
TMEM135,-1.1953823070514074
SCYL1,-1.1237677190146669
SLC27A3,3.5478073412548325
CDS1,-1.163669271709856
PEX11A,-1.193157910220025
HDGFL2,1.033429916040681
VRK2,-1.3512331697654718
BSCL2,-0.9495354778102525
FITM2,-0.02045591001002546
RAB3GAP2,0.9395469551680563
PANK3,-0.9346760877405152
ELOVL4,0.7989300763137903
BICD2,-1.712681304212769
GGA1,-1.9705934494989192
LDAH,-0.8706278919258831
ALG9,0.30854611924205705
ZDHHC6,-1.0217009106723791
TMEM87A,-0.9883159183439136
BET1L,-0.8173788629638028
ELMOD2,-0.6489485623205167
GALNT2,-0.5607024434285337
CD164,-0.5056923970584575
INSIG2,1.579206611446678
CHMP7,0.21151223153710205
SLC19A2,1.2288099662123602
RAB32,-1.2256987305139042
JKAMP,-0.13625768694920867
SLC6A6,1.3245450284922184
SEMA6A,1.873676403856432
CLDN12,-0.697557962586931
MDM1,-0.8395700225379604
VPS13B,-0.6556922068953062
STON2,-0.8442625720327974
FGF11,-0.6158348629415507
VPS13D,-0.12437732625368582
SNX19,-0.625073027555208
STEAP1,0.4736132333680476
UBXN8,-0.03487803137274011
ST7,-0.7592690115241975
FA2H,-0.4694129779734194
ZGRF1,-0.35221765962543267
CLDN1,0.334541520215499
C18orf32,1.2488839452158151
HPDL,-0.2945502959363081
HERPUD1,1.2746999490007258
CXADR,0.5230071887466107
RAB31,0.274706451152999
PRR3,-0.8539563676887304
C5orf22,-0.8538341719180276
PAQR3,-0.7244955015020562
SGMS1,-1.0833680416134936
H2AB1,-1.306814807010679
H2AB3,-1.202593625246141
FBXO28,-0.9068522053773882
TMEM17,-0.08448729232405876
LYSMD3,-0.8986482766531462
EHBP1,-1.1335442380259986
TVP23B,-0.6341723535653033
THAP1,1.3817272733154078
TCAF1,-1.01021962180316
ACAP2,-1.1524256261785173
TMEM184C,0.16113893395288445
SCML1,-0.5851681123693268
MIA3,-0.6983153659507306
GSDME,-0.7834166212428394
ACTRT2,-1.2967151522642986
TMEM164,-0.192452168737561
FOXJ1,-1.2276218740798968
SLC6A15,8.882095699977949
RSPH14,0.23053038450961832
SPATA20,1.014608837861888
SLC39A12,1.6711040377567719
KLHL18,-0.20559288959042013
FOXQ1,2.6716448769207917
TOR1AIP2,0.9631187166689229
PEX13,-1.2042656910954326
MOSPD1,-0.15833235289821204
EPHX4,-0.5577887819423435
SLC25A21,1.046506507562927
GLCE,1.6622188407253273
DOP1B,0.48532296080104764
ALG12,2.2151757659297964
USP33,-0.08817068897225816
ZDHHC9,-0.8317409557591932
PEDS1,-0.7301975547266605
DIAPH2,2.837252726016868
CCDC115,-1.420207384644206
ZFAND6,-0.7681082308239728
GCC2,-0.39982473175061756
DENND5A,-0.8480519627451524
RNF145,0.1421829813818908
SLC25A30,-0.8994111965392148
RGPD4,-0.7676090603151166
MEX3C,-1.2030328231639364
BNIP2,1.1028081513059624
TMEM184B,-0.8832974918295896
LPIN3,-1.2059812399973489
OTUD4,-1.0905917703652397
MMD,-0.5960795475254267
ABHD14A,1.0255418694420195
SLC38A6,-0.08918392712552287
MAPK1IP1L,-1.0998179173481708
SLC4A1,0.6059936376379281
RAB22A,-1.5991188032982642
SVIP,-0.5002137840395312
SLC12A1,1.7287977752400678
TM9SF1,-0.6375587320258258
MITD1,0.4261665487569919
CHMP1B,-0.5470539640878477
CHMP3,-0.5649788637266131
SLC9A3R1-AS1,0.22699040695644956
RHCG,-0.5771750636799503
SLC4A8,1.4786132767812525
SLC13A2,0.2922004061374206
ZNG1E,-0.7328974100627341
DNAJB13,-1.1334660397984178
CDK3,-1.3378615133020886
SLC35F5,-0.7504838348072913
HSD11B2,-0.5535558159865974
AVPR2,1.9489481428990785
GJB3,-1.0137215438316232
ZBED1,-0.8751682080312021
ELF5,-0.6354866686974333
EPDR1,-0.3090657096772979
TLDC2,-0.8137644731710943
LRRC57,-0.517151582786246
CSAG1,-0.9128642086947721
COPZ2,1.052922233004165
MAGEA6,0.3248965846779703
STK11IP,-1.1638948594756715
PLEKHB2,-1.2265208236522849
PIP4P2,-0.9009914127207093
SNX30,-0.9305821046249182
COG5,-0.9869970165561684
ZNG1C,-0.5697848096899111
PIP4K2C,0.05890448164937273
GPR137B,0.03867976032723514
SERPINB6,-0.5330586407885503
ZFAND5,0.031203310516224325
SLC26A6,0.34265666874487316
AVL9,0.6495433871366185
SPRY4,0.07475798531239315
TMEM167A,-1.2960112465433082
SMAP2,-0.2161904214626793
ADCK2,1.3658816388608876
NIBAN1,-0.5251754005621121
ANKRD27,-1.3505714837782483
SRD5A3,-0.5835983347634506
OSBPL3,-0.9402560309768961
GRIPAP1,0.1644766759589494
TMUB1,-0.5518530483446892
PCYT1B,-0.8735506887578264
USP32,1.3951454725810073
BORCS8,-0.9046705740477724
RNF44,0.4915215691223094
MEAK7,-0.8951989953737602
AFTPH,-0.9714837681590273
STAMBPL1,-1.2572032863330667
MFSD5,1.2213875166360668
JOSD1,0.015007104682328291
RPS6KC1,-1.6114800778427036
OSBPL6,-0.7669384949351267
PIP4K2B,-0.906080044224547
SLC26A3,0.6389099310678185
RUFY3,-0.7207013402440514
BORCS5,-0.9321794811571369
C9orf72,-1.123749236242971
RUFY1,-1.0527471268960662
LUZP1,1.9477928439356225
EEIG2,-0.2779928817356
ADPRS,-0.4086526571596721
RNF170,-0.736135861384729
CPNE8,3.0047197614516157
ARRDC3,-0.6013079072615587
IAH1,-0.8124740750318238
RNF19B,1.5409105855500014
SLC26A9,0.7721919423964954
VPS26C,-1.0022195538628766
TBCC,-0.9652317683696452
BSDC1,-1.100696464501838
POMGNT1,-0.24700432213616744
TOP3B,-0.3821692237832685
SLC4A11,1.273556654642408
RAB43,-1.1026789636232468
INTS4,-1.414445023528427
RNASEK,-0.8754063631631687
GCC1,-0.30358396827896766
LYSET,-0.6932018090289105
ZFYVE19,0.7703173362202006
POTEE,0.9245369309666738
SLC31A2,0.36959858527783546
ABR,1.0654808994202611
TBC1D30,-0.7005541604065215
TTC7A,-0.5492912736534623
VPS9D1,-0.9885163119895455
GTF2H2C_2,-0.881850742028503
SFSWAP,-0.08456396479454409
CROCC,0.4045853220473801
NOL9,-1.041537371471472
WASHC2A,-1.5172381338218597
INPP1,-0.5395645176742229
SRD5A1,-0.5239848504043715
NKX3-1,-0.24571917819365222
LCE2D,-0.464025633814592
OR4C11,-2.0860171458996524
TTC39A,-0.26000393438676545
GPRIN2,0.9627102689420367
OR11A1,-1.7077886874430923
NOL4L,0.5990423977465923
LCOR,2.240544357374318
DMRTB1,-0.7606306557592407
PRDM16,-0.6773682206280676
IKZF4,1.4228054452257548
TLE6,-0.7076293964157665
BCORL1,1.0868388949300467
CTNNBIP1,0.4777934238197563
LMO4,-0.8745271277153005
HOXB5,0.1563034590387445
SOBP,4.07470217270971
EBF2,1.6582831122627824
GK5,1.2512250782449952
MARCHF10,-0.33208686315264635
TOR2A,-0.5462021043962567
ZNF516,1.3868177452132817
IKZF2,-0.600852139398198
RCOR2,1.5762749780573848
C15orf39,0.9777254620171811
PHC3,-0.1482676025885526
CBX2,0.9374106116115424
ATXN1L,-0.9632577336345267
ZNF219,-0.6027359475001691
TRPS1,2.0264322690715284
PLXDC2,2.691836127979026
CDKN2D,-0.719982117566708
FANCF,-1.0499006643217919
DGCR6,1.633533513045219
TSHZ3,0.665925632501294
MTMR7,0.12757484465233712
GFI1B,1.0966562207417752
USP46,-0.32620378152408774
AKIRIN1,-1.0561981165699528
TMEM222,-1.422669132729913
POU5F1B,1.4815714677396488
SAP30L,1.650618059263193
PPFIBP1,0.5564917829943892
PHF21B,1.4761234286960654
SKOR1,0.2340907443381034
SNAI3,1.3045767328266666
SLC2A4RG,-0.6717455859000228
TFAP4,1.0364061267989775
NUMBL,0.06340784189230592
ZBP1,-1.2502019022622717
SENP1,-1.0894469696199276
R3HDM2,-0.8883933584858941
FBXL14,1.0916023638892107
MBLAC2,-0.7480645741567634
MRFAP1L1,1.2504704431865268
NR2E1,1.3300563578919626
PRR12,2.1544357026116625
NCKAP5L,-0.7195858020728154
SCAF1,0.6372153150817697
SCML2,0.18401900809412564
SNURF,1.138185411076905
REPIN1,1.5317626202885215
GPBP1L1,-1.209600819088056
RBM15B,-1.6985043931032122
ZNF512B,0.9045139710825901
ZBTB42,-0.672574828299152
FHL3,-1.0435920912311925
PRCD,2.2112480850586835
TMC3,-0.5832108436459407
CLRN2,-0.41491027331709723
TEX36,-0.6883395188017374
BNC2,3.0487775948643883
TMC1,-0.5875720693781733
ZNF79,-0.5994930642579034
RBBP8NL,-0.3254414897837012
TTC39B,-0.7240585947474468
GGT6,-0.678517656383136
CDH23,1.5272007275321886
ZSCAN4,-0.9595777986558913
KCNQ4,0.5634914486759072
VRTN,-0.46040023206324515
MYLK4,-0.942306185835112
HMX3,-0.32915996037551304
CARD19,-0.46076918621892293
SLCO4C1,0.7766122090765838
GPALPP1,-0.06307357872400256
DTX3,-0.40065157098148296
PGAP6,-1.098697166737763
KLF14,-0.5858582106003243
SLFN11,-0.7665240212858742
RPE65,1.3663208310047126
LHX9,-0.09214463972896417
MSX2,0.4007771880710578
HMX2,-0.24578140334834542
HOXB8,0.06403080178407068
HOXD8,0.43693419489833224
BARHL2,0.41254490579212216
BARHL1,0.1116262094152415
BARX1,-0.4000497172059464
ZNF503,2.3151284197457733
FOXE1,1.6737875452816338
ZC3H3,-1.0666467737159024
POMT1,0.6120292912363494
HOXA5,0.45568631424327427
HOXB13,0.13388444024155344
FANCM,-1.1874530887352195
ZRANB1,-1.244211631283912
ABI3,0.38517443642227306
ZNF652,-0.9058217248220228
RP9,2.56497237942861
STN1,-1.1256517796938095
MSI2,0.43615227708584114
GCNT1,-0.16995097969112802
ATRIP,1.9792060604706319
BOD1,1.5484980804214175
FOXS1,-0.6898932566626022
RAD51B,-1.3158175385785729
RNF135,-1.031263543387971
GORAB,-1.1789669602581836
DHX35,12.418427298993436
MID1,-0.7515568194066912
INTS6,0.31593923523873757
BBX,0.3195315720118806
SIPA1L2,-0.5711879822705244
PADI3,-0.3590208826768556
GUCA2A,0.012553336226547616
REG1A,-0.18424488225667102
MEP1B,-0.40938499599012335
CCDC25,-1.0879159073008924
ACBD7,-0.8537505700980147
LENG1,-0.10525248498150895
QSOX2,1.0075139244184828
SLC36A4,0.7588913979733957
MMACHC,-0.56525542383775
GDA,-0.7011510684501818
SLC35A2,-1.0225316718603028
MSRB1,-0.43405602446700264
SAMHD1,-1.0155878270196896
POGLUT3,-0.36935686912279286
LRRC36,-0.5721606830833743
DIRAS1,-0.21988467851269564
NXPH1,3.9755496178566676
FKBP7,-0.5276375663593807
ZMYND19,-1.2858132581286341
FHIP2A,-0.5150980592895553
ODR4,-0.08543969761702484
CYB5R2,0.965253196388723
TM7SF3,-0.48616173724563205
CDC37L1,-0.4350725796294498
SMIM15,-0.40678366466443416
PARG,-1.2069914514467726
MTNR1A,0.3429388406519956
UBXN2B,0.5510010877178338
SERP1,1.082272204646018
UTP25,-0.664553598561325
RCBTB2,1.547204100429468
WBP4,1.7680138308816011
TRAPPC13,-0.6815020218222951
OBI1,1.1856526751892702
DIPK1A,-0.12814734126893812
NMU,1.4190056873039063
DRICH1,-0.2967904487883179
ACOT12,-0.9448744665184308
ECHDC3,-0.913059036585647
STARD4,-0.7106721360159672
VAT1L,-0.08516688297919463
ABCA7,-0.9311500275665144
PTGR3,-1.2447052835496313
SLC13A5,0.632343120978056
ACCS,-0.5578866030048032
CHKA,-0.7738089340800981
PIGL,-0.5073520275280514
SDR42E1,-0.609386970146286
NAA25,1.433306595157853
GPAT2,0.8193330033595558
EGLN2,-0.6000578544029399
TRPC4AP,-1.0538837660714493
PIGU,0.20376142550018791
TP53INP2,-0.9759079609587314
DSG4,-1.1256827872178332
OR4P4,-1.9879767982642333
OR4S2,-1.9547156761701556
HMHB1,-0.2335145732646156
HMSD,-0.41091946754018505
GUCY2C,0.13613896472335088
COBLL1,-0.7771467832573995
B3GLCT,-0.10191025804984952
TMEM87B,-0.9425228262004433
NGLY1,2.6097017292365203
ELMO3,-0.7214945320055232
GLT8D1,-0.8575228057852969
ZBTB7C,-0.32954070167115407
NT5DC1,-0.528042236311099
ENPP4,-0.793305353630793
CCDC88C,-0.7406271626657414
BTBD7,-0.6411786632415463
COPS7B,-1.2782265935893167
GPSM1,1.3655488222592502
MSI1,-0.4366039168903954
GAB2,-1.1729888226417367
GAREM1,-0.3150525194148699
GAREM2,-0.4207947050576532
PIK3AP1,-0.5897085206704218
PTPRE,0.15486684738609818
ARHGEF5,-0.7377998637112654
GAB3,-0.5341114674088446
GRAP,-0.6140498667194414
ARHGEF35,-0.8550991739980535
RALGPS1,-0.5018892893071807
NTF4,0.5596044653917814
NRG2,0.8982535184569989
NRG4,-0.38927815972934454
SNX18,-0.259508246935752
PSTPIP2,-0.2892018771194784
EXTL3,1.9869350807674764
NUTM2F,1.0208286599565612
PRR22,-0.9354408172684566
ARAP1,-0.656580928060139
REPS2,-0.7744926546552473
FRS3,-0.12076452029491382
GJA9,-0.35885730225987
GAB4,-0.8719060641519932
RALGDS,0.26282531807095594
GFRA4,0.7631931126501705
ZBTB12,-0.17632869845114477
UBASH3B,-0.6185096984969277
RP1L1,1.6095451576651758
SH2D5,0.8709455602350846
PLEKHS1,-0.6773792212029223
LY6G6F,-0.22034224145753012
IGHD,-0.8243564174236782
IGHE,-0.7635506245010301
PSPN,0.40564925221824394
MUC20,1.1902357523499703
NRTN,-0.14887361518422493
MRAS,-0.41866065992253765
IL34,-0.4628452689682305
INSRR,0.37739363041919927
ARTN,-0.2692460040846479
FGF4,-0.8105263372153007
FGF10,0.19839349159854475
FGF16,-0.304819554719219
FGF22,-0.24812049268582118
FGF20,0.04834166942416257
CYTH2,-0.88127572963991
SH2D4A,-0.8635135198693923
OTUD5,-1.2594780398026197
USP6NL,-1.249502684377494
RIT1,-0.5711089702574386
PHACTR2,-0.5381630257372684
ARHGAP9,1.2337482107506152
SLX1B,-0.9941966500302558
SNAPC3,-0.07705063062993989
GTPBP2,-0.9964415811359987
GPANK1,-0.5388390395392815
SH3D19,3.6779545599725463
KIF3A,-0.9680163589795104
PHACTR4,2.038122038426293
MIA2,0.8596452736389232
TSPAN2,-0.49287935985258324
DENND2B,-0.3154145495110036
C21orf91,-0.519748928705582
CPNE2,-0.43660371487067806
PRICKLE3,0.6764895284179098
HDGFL3,-0.6461502448607991
ZMYM6,0.04704148185014338
PDZK1,-0.4697312963110043
CEP152,-0.38716841581657246
SLAIN2,-0.4989879954159656
AP4S1,0.8026549191961376
RGS3,-0.3068300352840392
TTYH2,0.1342566156332283
RADIL,-0.7231779120992298
SOCS4,-0.5622472067486509
CELF2,3.1792295903341765
DOCK3,1.966940674087245
SNX7,-0.8588522449820307
PCDHB5,-0.1541959644084884
PANX2,-0.5246056574983978
SH3PXD2B,-0.3586042472587582
TULP1,1.2635092557773475
VPS37C,-0.9685381887834381
BICRA,-0.5324169240226061
STARD10,-0.6764717794478263
LNX2,-0.7016872863600442
INPP5B,-0.8003208528712358
MAGI3,0.25448548029592083
TCEAL8,-0.8361792380452325
BTG1,-0.7190267819680769
PRSS1,1.9767837449366947
RASA3,-0.5967042310920113
APH1A,1.104365600545631
TUT4,0.40576509754629686
SH3BP1,-0.3775899581438732
MATK,0.3333893296291189
SPRED2,1.1287389270903612
RALBP1,-1.0033832898579722
ABI3BP,0.2639470058920515
ORAI2,-0.527310436846592
ZKSCAN3,-0.971315107790723
TESPA1,-0.5045901788085486
HOOK3,-1.4528079170842036
MAP4K2,-0.974669088615254
MICALL2,1.4281285817361609
COPS9,-1.2125594889757243
SH3BP2,-0.5217819893750756
SCIMP,1.2633533342833991
PLXNB1,1.4390379429300413
SOCS7,-0.35908490093969997
BAG4,-1.1219608034309867
PTPN18,-0.7126412125609182
CD300LB,-0.394871875495966
PLXNB2,1.636769432175967
CLNK,-0.3328047157776776
ARHGAP20,1.6026606916147763
RGL2,-0.8001353857388256
SEMA7A,1.6532861188538737
KRT33A,-1.060229843270197
SPRY3,1.3748589265336235
SPINDOC,2.3189073204068755
TBC1D3B,-0.8224827359622559
STK32C,-0.025677401279293483
GAS7,1.9701262989398356
EPHB6,1.2036707680115775
PACRGL,-0.008201503789909262
CRYBB3,-0.5946097951420027
DPPA4,0.377690510048213
SNX33,-0.3636189480809971
ZMAT1,-0.2757773828378577
INCA1,-1.1334747552409847
KRT81,-0.9475701281224709
DNAJB2,0.537337101416995
USP12,-0.5595033637800756
HOMEZ,-0.7217603223771112
ASB16,-0.0852296836743281
KRT82,-1.16372183578511
KRT33B,-1.1184255866222663
KRT15,-1.3551714548256164
KRT73,-0.8907199351113481
KRT32,-1.0034896562993665
KRT85,-1.0795938476406974
FCHSD1,-0.18640659102398757
CFAP300,-1.0617714643016407
GPATCH1,2.3722694017968204
NCKAP5,0.01570752853932702
DKK1,-0.9875180699908405
PRG4,-0.30588297681004945
TBC1D3G,-0.7307021129712429
KHDRBS2,0.7517025112415818
SLC24A1,1.459476573980433
C21orf58,0.24463046664801064
PRAP1,-0.048954408610101224
SCARF2,2.699761982774739
MEPE,-0.22677142897188554
APOL5,-0.626677175953078
RAB1C,-1.6992070505538184
TSKS,-0.6451695110509102
ZNF32,-1.163237365584215
FCGR2C,-0.02172791279696721
MYRIP,-0.059140668771894604
DLX4,0.9410435359768685
LY6D,-0.49624641091561106
FAM110A,-0.17537128687782508
SELENON,2.6054927288739687
SPECC1,1.8367657260796348
MYO1A,-0.6446289939322255
GPR45,0.9091090142073707
SNX8,-0.9362319890762952
F2RL2,1.6189468188174914
CCR10,0.06120002795053978
HOXC8,-0.02874512148740307
LOC100653049,-0.5612122012214092
KRT35,-1.0219858503934571
KIAA1549L,1.2278848307704635
CSN2,-0.6510446295126389
NAP1L5,-0.6819152878027607
NKD2,-0.24556975493259933
PNMA5,-0.39549328897813407
PNRC1,1.5055421406578633
TUB,1.6949630272319463
RASGEF1B,0.05650115921241754
RASGEF1A,3.254270101879715
SH3BP5,-0.5087372933283559
RASGRP4,0.3326776386861429
CFC1,-0.42855524541970963
RIN1,0.11150466006019638
NOSTRIN,0.01447862535631366
NEK7,-0.43024687491839325
RGS12,0.7258912256510608
ARHGAP39,0.7911932573695637
EPG5,-0.813469896599485
TBC1D2,-1.1153892951305402
ALS2,0.9437611719272377
PCNX1,-0.3825666317401297
TTBK2,-0.6031662272253355
RHOV,2.3570368984972574
USP9Y,-0.9189849393736211
N4BP1,-0.8594191015385736
AKAP10,0.05222258120700068
KANSL1L,-0.34917569506260776
NEB,-0.5046430208434355
PPP1R3B,-0.49669895684613324
PPP1R3E,-0.5063028745810126
DCAF4L2,-0.7601489628304933
HSD3B7,-0.8174903471427625
SCLT1,1.5693987937541263
AMMECR1L,-1.0052137207352378
HPSE,1.8644192483266295
YJEFN3,-0.5458310925037289
ADAMTSL1,-0.27575251829063185
RMDN2,-0.8457859946788884
NUDT14,1.1364723463540958
LGALS8,0.11477330739003305
MC1R,-0.12889612614431553
ZFP41,-0.15774723949646463
FAM81B,-0.5853453177614798
MYBPH,-0.5345243263828872
AGTPBP1,0.771379238401244
TRIM31,0.7842769600615265
FKBP6,-0.7740930886886681
PGA4,-0.344581915512069
PGA3,-0.5527374899046738
PDLIM3,0.6893620313773805
CYGB,2.0135495511988144
IDI2,-0.7044834251178398
MCCD1,-0.9882074268862304
NECTIN4,0.6623062819719099
POLR3G,0.2567935112194582
BORA,-0.6923189345919702
FASTKD1,-0.8675104756336016
OXLD1,-1.2062973178143304
H2AP,1.062917744700496
ANO10,-0.14273142250002874
ZBTB24,-1.05768645419595
TMEM168,0.3691802463046515
TCAIM,-0.7673415951928282
AANAT,0.9030815762849191
IDO2,0.868576716560866
PYY,1.6917053692536734
FFAR3,1.0093061144557722
HTR6,0.975175371325035
GHRL,2.0546528723038913
FFAR2,0.772626450652007
GPBAR1,0.31741864334297576
HTR1F,1.7646343106809894
GAST,2.842474973594646
GPR119,0.7069914896606738
PDE6C,1.9874727003912613
RFX6,0.36502737981305017
FFAR1,1.463335203032392
INSL5,1.2291153118980065
SYBU,-0.3670942487600615
PADI6,-0.6993615810735399
ACOT11,-0.8378953044614308
MYO7B,0.7583588351002025
ENTHD1,-0.5113436463336796
RPA4,-1.1305235787074943
TMEFF1,-0.1192670681306377
B3GALT6,2.4867468001844784
CCDC50,-0.6832094564170598
TEX261,-0.835878003704685
RELL2,-0.3084709031979896
CUL9,-0.7289524356297966
RC3H1,-1.200412236687839
OCIAD2,-0.656140047796432
USP49,-0.9020224681222124
NCAPH2,-1.4133973782902767
CEP57,-0.9627736529129308
ACOT4,-1.1260241069126147
TNNI3K,1.9412329172282332
SYNDIG1,0.8518989856101185
LRRC46,-0.7460051869710104
PLEKHG6,-0.7635685809442981
CHKB,-0.9673398534979253
GRK5,0.5420525622292556
AGPAT4,-1.0674583321515325
SLC25A45,-0.5337080456203611
POTEI,-0.6819181524915258
MAP1LC3C,-1.059665995177236
DYM,0.9068153721948065
LLGL2,1.0740489610406427
PCTP,-0.9311838710924918
NES,2.168876989709073
C5orf15,-0.17873247589887864
DUX1,0.23848622693184526
SLC39A4,-0.8054844034501163
PARP4,-0.8181218897203492
ZC3H11B,2.0716106045230855
ANKRD40,-0.23947270879072396
KBTBD13,2.158060189930095
SGCE,-0.36308205926658976
MEGF9,0.17729762578843442
PRSS56,0.5861080751710686
TEPSIN,-0.9919933559398603
ESAM,0.06082285987856283
PRX,0.04970401699454548
EGFLAM,1.8237241522599092
ITIH5,0.5978616827021214
SSPN,0.2884140440948166
PEG3,1.1419165211872586
IGHMBP2,0.15588933602828303
FLRT2,0.6960077058155978
EGFL6,1.453317816831881
SORBS3,-0.8850806885853604
ZCCHC24,-0.009579276402466193
SNED1,0.3186449672758618
NAV3,2.0687645619287225
CDH19,1.108185988125713
VSTM4,2.4401392866170957
TNS2,0.23486159504013074
TMEM204,0.5086129672050969
ADAMTSL3,1.4165313480890704
NTNG2,0.593933089846773
LRRC30,1.3818350239154218
LCN9,-0.42975646104097387
FBXO15,0.9402555247108267
ARHGAP28,3.296035889149076
IGFL3,5.66911698388623
ZNF408,1.8003557490370523
PLXNA3,0.9964290662924834
LRP1B,1.38214323635126
ADAMTS12,-0.0880660749434364
VLDLR,0.9228086915507114
CLDN11,1.425699725508158
SEMA6D,2.5803932093304005
CLDN6,-0.6255719153608279
HSH2D,-0.5900731150244065
ZNF276,-0.5604361088462994
SHCBP1L,-0.6250642806884044
ACTL7A,0.398242601942473
PSG6,-0.823206333744301
PSG3,-0.5298005357513825
PSG9,-0.7643276171212554
PSG4,-0.4829650637671171
DKK2,0.12509090393610056
DKK4,0.046726591116807804
KREMEN2,0.9694557953319174
LRP5,1.6619416362271513
KREMEN1,-0.16395939443507165
WIF1,-0.080478108703988
NKD1,-0.6384210694635434
WNT8A,-0.7475350155759047
DKKL1,-0.39907598316471166
WNT8B,0.8673444802795061
WNT3,-0.4153676488262306
FRAT1,-0.3954030312076527
WNT7B,-0.5798071492564838
WNT2,1.7877304868905792
SFRP5,-0.6333797073605839
NODAL,0.45880473152433676
WNT10A,-0.4278905791043425
PORCN,-0.59042770651165
WNT6,0.5930642392640584
WNT16,-0.6120550504000994
LGR5,0.6419246371696881
WNT2B,0.42333549612626536
KRTAP10-1,-1.3653208647481179
CER1,-0.6722592516336182
MIXL1,0.19604902219875586
WLS,0.19031418737195518
RSPO2,-0.6306298238688098
RNF43,-0.705415599650363
DMP1,0.19058314027977055
RSPO3,-0.3955825223687613
WNT9A,-0.5290595274461398
RSPO1,-0.4194872788743347
FZD9,1.6811747924090081
LRP4,0.4589858650202058
WNT9B,0.9321173340913127
HES3,-0.4162888000485367
FZD10,-0.14580564048714068
NOTUM,-0.2083825645487957
FZD3,-0.5621750662741829
GSC,0.4770778797033986
RSPO4,-0.3808209713751716
BGLAP,0.8977722577707998
PTH1R,1.163084167870387
SOSTDC1,-0.2992682690377903
GLI1,2.3535616441534244
OSR2,-0.17816760345516336
DLL1,0.7703051311833709
SOX3,0.5902797738552783
APCDD1,-0.11058503460012085
GLI2,-0.8345001669964281
GREM1,0.6177885519580036
DLL3,-0.023347010782193423
LGR6,0.9745061307168972
EPCAM,-0.47447620991775263
DLX3,-0.7863057025060167
ROR1,0.007701252098862781
NOG,-0.12318212260762265
DLK1,-0.13440568367634403
TBXT,-0.08256099499968382
HESX1,0.5625538602073286
LFNG,1.125564356676218
SOX7,-0.4006271062307342
PTHLH,3.124179183721492
SEMA3A,2.247069015031858
PHLDA1,-0.19302077944208224
ULBP2,1.1599032954974426
AMIGO2,-0.1760262420544062
RGS20,0.43464974638358045
KRT34,-0.7475886032342122
TGIF2LX,-0.66132159996146
PRSS2,1.5931626352093147
ANXA8,-0.19419963585875386
KRTAP10-6,-1.3488052871537937
RBM48,1.9125839615834626
CEP126,-0.658821833720058
CALHM1,-0.2218880439412758
CLIC6,-0.06995941975847764
CLIC3,1.4212190583329378
LSM10,-0.03395632692720474
OSGIN1,-0.5194462923162474
MOB2,-1.0307137798040396
CAPN9,0.2788905532068782
PRR13,-0.9231802331106136
NTAN1,1.5981921220919628
KLHL10,-0.304971631631871
RBM12,-0.9967071954072417
C10orf88,-0.6809042874246893
ZNF595,-1.0363718239406037
PWWP3A,-0.642471475509966
FOXN4,-0.47906258398727386
MAB21L1,1.2065161422504767
VASH1,1.0839928931842069
ZBBX,-0.7688446975295042
HTN3,-0.6910358204925924
FRMD1,-0.6692177317490711
TRAPPC12,-1.0369454989786686
TNFRSF19,1.6366821032469916
RGPD6,-0.42593435124987067
ZSCAN30,-1.0540185892975253
MYORG,-0.6076297387532782
SCGB2B2,-0.2783021433544343
DEFB107B,-0.5996059526866482
CST4,-0.9001546234966215
LYZL1,1.8005468084085086
PRB2,-0.9489684540870608
BPIFA2,0.38133258742746184
CST1,-0.7654497038139653
BPIFB2,-0.7368581033262686
CST2,-0.8402323490390351
SCEL,-0.25114344418810136
RASSF6,-0.6237327598138874
KIR2DS2,-0.31800115057612194
TSTD3,1.5169395553584875
SERGEF,-0.5227577931549923
CHM,-0.9388559774858939
SEC14L3,-0.4090315465702005
DEGS2,-0.9767548690448683
MAF1,-1.5394851627797537
ZMAT5,1.9967249143609118
RAB11FIP5,-0.9817551233541971
KCTD17,-0.7174780520576461
CEP41,-1.0099691494563432
TMT1B,-0.5757069298758423
LRMDA,-0.9848621492135733
LMCD1,0.3834538062440813
RAB15,-0.4312596682166439
EXOC8,-0.1444003280974517
UNC13D,-0.2555375829859754
CEACAM21,-0.4073035079993776
RAB33A,-0.7649018134298782
LARP1B,-0.650771140462513
LZTS1,2.8763761628498936
IER3IP1,0.32852179288370265
RAB3IP,-0.09659582211890308
PDE6D,1.489487824089242
CHML,-1.0392751869106722
RAB39A,-0.924849047385885
RILPL2,-0.3084542606271693
RILPL1,-0.525642818864846
RAB28,-0.48597997497085094
RAB29,-0.9908963625468992
RAB17,-0.9534709710395327
RAB30,-1.021161657912506
RAB39B,0.1968875982394058
RAB24,-1.302556987326288
RAB41,-0.9702206143711917
RAB42,-0.5747520356207519
RAB40A,-0.6663039669035802
SYTL3,-0.0017149344439742944
RAB40AL,-0.8228634829854767
RAB27B,-0.7501497606269633
MLPH,-0.26765672330213175
TMEM63C,-0.494542657142232
TBC1D5,-1.5601972977175351
EVI5L,-0.8648270467294318
IFT22,0.5385998724821404
IFT70B,-0.6718909212266622
EMP3,2.0444347405510137
RFFL,-0.7892185229125563
DENND4B,0.29494830208261574
RAB12,-0.3144357617183454
PLEKHF2,-0.4482906414493612
KIF16B,-1.3963937816724057
MON1A,-1.0747042507991473
CCDC93,-1.4198224062359794
TMEM65,-0.9233683726917765
EVI5,-1.1022056685171544
PI4K2A,-1.4694380103299751
GGA2,-1.0154269791595645
C3orf38,-0.5249176001241382
ZFYVE1,-1.2035192007608149
KCMF1,-0.2648403998238246
UBAP1,-0.8639385821567905
VPS37A,-1.1534280389225042
SNX14,-1.285921045669395
BICD1,1.421756272439586
TBC1D20,-0.02725795998909992
ZDHHC3,-0.45809706195150973
ZFYVE27,0.8814479431458694
ATL1,0.7330654216133253
STX2,-0.5544582940547257
REEP3,-0.6476989237667876
MON1B,-1.0052908806049479
RNF141,-1.07786699556315
RABL2B,-0.9415384338745831
WASHC1,-0.8101335609277284
MMP25,-0.6285726752683238
TBC1D23,-0.7038058949297089
YIPF7,-0.6675576788764006
TRAPPC3L,-0.3931515028574365
PPFIBP2,-0.17909706252590885
WDFY1,-0.935919144573493
ACER3,-0.8228636807954728
CAPN5,0.3995308261053776
RALGAPA2,-0.8975139606066627
HYCC1,-0.7850614267661388
GSKIP,-0.8712346558902784
BACE1,0.5373956467082636
DNMBP,-0.6373535829349556
ANKRD50,0.09385604232992839
KLHL21,0.2261816775520539
TBC1D14,-1.0125772811588623
KIF13B,-1.2779986617405246
SEC14L1,-0.31833412102678244
EXOC3L1,-0.4457002847219442
STARD3NL,-0.9400246528526498
FGD4,1.530857293490284
CABP4,1.8522752167565761
C6orf89,-0.0805034690391841
SELENOS,-0.17288630260524313
FARP2,1.2640443601989344
FAT2,1.0564878003137104
WDR41,-0.6055441475593475
SNAP47,1.7762581534134616
PPM1J,-0.644043448662925
SYTL4,-0.23186593272249237
RBM18,2.829850081348457
CDC42SE1,-0.2632454240490338
DENND2D,-0.5741570577785047
NUFIP2,-1.0294976099921616
FYTTD1,-0.6425392569744647
CNEP1R1,-0.8685064730625004
ALG14,-0.4569173552361112
FKBP14,0.9528667742124546
ZNF423,1.098388575378272
TRIM6,-0.9384131952178211
SVOPL,-0.6241446846955209
TYW1B,0.4346448424548819
MBTPS2,1.6967740486916452
DNAAF5,-0.7507213842462442
TMEM181,1.4882560247404342
B4GALT4,0.0099317706012494
MYBPHL,-0.39907293865908533
GPHA2,2.173409528430805
SIAE,-0.40188738876869806
SALL2,0.6297360313841408
OIT3,-0.29364215912889996
NUDT11,1.1453719648204683
MAGEA8,-1.1806620827813312
FSTL3,-0.4540143580084707
GAS1,-0.13379467345029938
UST,0.935536840853275
HSD17B1,0.21677798055065392
LHB,-0.17462059398355176
CGA,-0.1963958461336861
MC2R,2.1238706156017044
STAR,0.9904062143099646
LHCGR,2.2261982275935974
MRAP,-0.19737210251853202
INSL3,-0.2852738800611202
NR0B1,0.22025918518574716
DHH,-0.8228002471646265
CGB5,-0.30385374285600075
SLC16A13,-0.3888417426796686
PAGE4,-0.9136029477825597
TSPY1,-1.1869151035096828
LGALS13,-0.6091461437814021
ISM2,-0.6133881984095308
VGLL1,-0.9817143235219166
MAMLD1,0.5688177854699035
GDF9,0.8735413059343603
INSL4,-0.5273010202256252
FIGLA,-0.7018676885261507
CGB3,-0.08448627581776562
FSHB,1.3564984176279566
XAGE2,-0.8464955087811759
RXFP2,0.5437234780324229
GNRHR,1.0413248115100133
PRB4,-0.8034044045678114
PRB1,-0.3540295175573953
ZP2,-0.10053749420069688
DGKK,-0.28910834675912417
GNRH1,1.2363803408253136
TSPYL1,-0.42306404249216323
ANKRD7,1.3103279358238904
YPEL4,-0.037973834664856015
DMRT2,-0.45723461108435176
HOXA13,0.2648525155730377
H3-7,-0.5142991782092743
TSPO2,-0.7314508469888235
RS1,1.3993114764837435
THEM5,-0.6718843035719112
ZNF157,-0.4257851171605189
SERF2,-0.47032969959895965
AAMDC,-0.649319456050781
AP3S2,-0.8102320675581693
TMEM209,-1.1516942266333914
FUOM,2.274525624686635
LRRC1,0.38148383886426895
PRIMPOL,-1.2937916684366635
PNPLA4,-0.6759666212913389
GON7,-0.8730627219281167
CNNM3,-0.4243003546820583
ACCSL,-0.7695180531109237
ASPG,-0.7527320501351454
TPPP3,-0.7101408812090049
STEAP4,-0.4420717241139502
RBBP9,-0.46131687650968695
IL36A,-0.6149527232335709
EML2,1.9551807269309782
NAPSA,-0.5572275091392936
MAP1LC3B2,-0.9952190305628127
CLPS,0.3692646633380738
CPB1,-0.034756875514957396
CTSE,-0.7406025954239575
PPT2,0.03416694411010823
DDI1,-0.8552201030248738
SLC38A7,1.297073885268656
COG8,-0.9238156167785886
PDCD2L,0.4026258317662256
ROBO3,1.8302883069472362
GPR160,0.06801388411146704
FN3K,0.18405157763294994
FSCN2,1.2083925967546594
TMEM53,-0.6494679384756128
SNX10,-0.23225691162614515
MAST2,-1.0240641897626126
MAST1,-0.3497760069874723
JSRP1,-0.405628994318658
PPP1R14A,-0.19022807490033744
SPAG1,-0.9912377690551111
PDE7A,2.1952997717827434
WWC3,-0.4788873372788752
RGS9,1.5973181045502602
CLDN10,-0.47844609596759163
TRPV6,-0.5163560498173702
TRPC7,1.2487592135615504
RGS9BP,1.3247923377728275
ADAP1,-0.6191528066966064
WWC2,-0.7461025712098917
MAGEH1,-0.8904798761111008
CCDC74B,-0.6722762715883842
TNP2,-1.1790360171153798
TEP1,0.9381666101102878
TRPV5,0.5851930714687789
TTF1,-0.17782014619674585
PRR5,-0.2937802768580351
NRG3,1.1672609709626705
PLCD4,0.7744146641813812
PLCZ1,-0.7978123833893872
WWC1,-1.0592318827294847
MYH7B,-0.7349784691904563
SDCBP2,-0.6829254234775622
PLCL1,2.2984770527723914
MVB12B,-0.5913444983364029
GNA15,1.204243195491465
CASR,1.4833757201832198
TRIM41,-1.211949414475908
TAS2R7,0.7479390831626161
PTGIR,-0.5837153887402694
HR,-0.6468211656778577
ARFGEF3,-0.5924419256968552
SLC25A41,-0.7508488534614524
PHLPP1,-0.5537571763084868
S1PR3,0.6256000724722519
DGKD,-0.674714368770728
S1PR2,0.7826195262238689
CEMIP,1.3198572460370308
MAB21L2,0.9269272848353581
ADORA2B,0.7135112036982729
TMEM185A,-0.4199521713805954
SLC6A9,1.271354715570933
KCNE4,10.482500266151236
XK,-0.5518088099925438
TCP10L,-0.47067056622594156
TRIM5,-0.6056814195993483
KCNN2,0.8488737913391451
GLRA3,1.4102594644785214
NGEF,3.4176408243512895
SHISA7,2.077041630097296
RGS17,-0.3988848096678357
DOC2A,0.6964687987583896
DAB1,-0.3181841092018128
ADRA2B,1.067021022303664
ARHGEF25,2.4004111487027364
TGM1,-0.8534845028698007
GJA3,-0.5092215367341888
REM1,0.9587111250008247
CEND1,0.971232404263517
GPR52,1.002337006170083
P2RX2,0.41551841712594884
ATXN7L1,-0.742015752088675
DPF1,0.480592473456737
ENTREP2,0.13938130774650345
NPTXR,0.5370432558513117
MTNR1B,0.8968332536570282
NTN3,1.700587897853609
ATG10,-1.2226700757997013
CCDC160,-0.9206347303585414
INPP4B,-0.7771147383317751
DACH2,2.941270463967964
ANKRD35,-0.21222366400820603
ANKIB1,2.6963601647071633
DOK5,3.0465206471939865
PHLDB1,0.17710182288182214
ZNF765,-1.289184253575019
MSANTD3,-0.12461870341418366
HECW1,0.2636167826423313
ASTN2,1.311723266492075
SAMD11,-0.16460455736639232
FAM222B,-0.6364904012493069
CCDC88B,-0.7259473981957391
KANSL2,3.0766258248735783
IGFN1,-0.6932014341900746
GEMIN8,-0.5646172503781196
DNAAF10,-0.7023400003393833
SDCCAG8,0.4254055904062956
BEX3,-0.6834774903740256
ARB2A,-0.9873486831813163
LRIG2,2.4028123843022393
MYO9A,-0.4120775004278373
ATAT1,3.7281304126337975
CEP89,1.6745436899718946
FIG4,-1.0791573276245436
TBC1D13,-1.404533107710587
FBXO45,1.246833988245264
SH3RF1,-0.2955855426915329
PSD3,0.29207571557686673
SLTM,0.9692062855413679
USP6,-0.09823897319714768
NKTR,-0.45357191336910246
RASSF7,-0.7001774422751221
CXorf38,-0.11440969849385721
PPP1R26,1.2327086405387597
RUBCN,-1.2349774344653845
ID3,0.5140302006241918
HECTD4,-0.70720024697296
AHI1,0.2910413184273801
MYLIP,0.9702706653603155
KATNIP,10.118811701299176
TMUB2,-0.7226793133716671
NPIPA1,-0.6685127003028649
ZNF444,-0.4167490658734755
MRFAP1,-0.64595482307656
SPAG8,-0.6234509201079713
OTUD7B,0.6273028742164763
DZIP1L,-0.6687900235218398
ANKRD36B,0.18754203397092842
ZFP2,-0.5433419911723231
MAP3K21,-0.8586589710645408
OTUD3,0.8157135848037793
RNF103,1.2330353724766567
RUFY4,-0.34272441217006466
RAPGEF6,-0.5683182658852745
DNTTIP1,-0.8595758719851592
ZNF266,-1.4747762883589268
FAM13A,0.2599702873150373
FAM53C,-0.7085795755361759
ARHGEF17,2.838933646378004
INPP5E,0.1761358435503393
CLK2,-0.33605440445411444
DZIP3,-0.041625233690681746
CCSER2,-0.988600148332194
TULP4,-0.19111404893623807
ATG9B,-0.8841526690814582
PIM3,-0.654512089821189
FAM221B,-0.5451820702168104
ATG4A,1.4500956986636295
USPL1,0.178697090393619
MPL,-0.10068992176166695
SEPTIN4,0.03205902179497811
SSC4D,2.6249312147961783
INTS3,-0.9136666095030401
TUBGCP6,-1.2277859104933255
DCP1B,-1.0482299955074479
PLEKHM1,-1.20408402842809
TMEM94,-0.9140789733001236
PCNX3,-0.004755135637644093
GPN2,-0.2039012087179394
P4HA3,-0.1393818419042411
CDK10,-1.3712623938505637
SIGLECL1,-0.7994771023013966
CBY2,-0.8374051582586954
PACS2,-1.163999856844751
EML3,0.3473141064085957
AHSP,0.26321357170197235
HBA1,-0.31834167808355174
ANKRD22,-0.8792632364836921
HEPH,0.009074158512046428
CCDC103,-0.9920665262436844
TATDN2,-0.7191169580776327
SLC40A1,-0.6581191857541255
METAP1D,-1.0681027952154551
JMJD7,-0.5372996721652427
WDR4,-1.3687242633429573
GP5,1.8911209980222385
GYPE,-0.3913922191210645
GYPB,-0.07509346215435024
RHCE,-0.5363997949652763
CRPPA,4.958049993451466
TYW1,0.17531082149934435
UBE2F,1.0923942636079922
ARL4A,-0.7444592873616941
MIX23,-1.5807146626153123
SRRD,-0.6343693865835126
OGFOD2,-0.46105910571637376
TBX1,2.7502987301503516
ETV2,1.0560164703109192
HEY2,-0.5938877182502057
MYOM1,0.3663081467774292
MBD5,-0.15577188604017117
MESP2,-0.579787053472455
DPPA2,-0.6004378232228176
TWIST2,0.2591750947247752
TMEM161B,0.32862998130279875
MS4A6E,-0.5128592066853157
IRX5,-0.2059286488296231
PKIG,-0.8988168783563667
ZBTB44,1.1153465739764348
RUBCNL,2.2899290827135474
HOXA7,1.6131613248790155
PARM1,0.8380489959320102
VGLL2,0.014226638144725445
BACH2,-0.2541844934908721
CYRIA,1.3974153696592957
BHLHE41,1.1673299950022165
HOXA2,0.9929911658988296
ZNF202,-0.23159223588270078
RECK,0.03629451190768093
ADGRL2,1.5048807899779177
HOPX,0.9918316110419781
ARHGEF3,2.756489526349771
RGCC,1.6420942314511073
BAALC,1.4438538898732622
XKR4,-0.02150272175318283
MS4A12,-0.4957667832367966
TMCC3,-0.31489594395906406
CYS1,-0.3071418220750467
ERICH5,-0.7704876996149501
SLC14A1,-0.4722649245235056
SLC35C1,0.21446752097697583
SFT2D1,-0.6516741654763518
ZNRF2,1.0808588093246017
PLPP4,-0.6147756692544928
PCDH10,0.728568869074669
TMEM63A,0.10512704068211526
ECE1,-0.7866243905763259
SLC15A4,-0.5580647073132756
SLC9A7,1.1586904261034627
PRPF38B,-0.015783708134872367
METTL2B,-0.769823133386167
ATP6,-0.6949567527260995
LRCH3,-0.7979935254579835
DPY19L3,-0.15039164596879173
ADGRG1,8.914912274759516
DOLPP1,-0.6420108418092632
APBB3,-0.34503118686647843
SLC26A5,0.9392830094545458
SCNN1B,-0.4763981313889093
CLDN8,-0.5154357312839302
SLC44A4,-0.8426538082530953
TMEM213,-0.06258716055992147
CLDN14,-0.6666222377319523
PROM2,-0.6327035291255197
SLC34A3,-0.14264035485590637
ZDHHC13,-0.010697143271819054
SLC9A9,1.292614901489546
LRFN1,1.4870964434347806
LRFN4,1.443363243731862
LRFN2,2.948836468926373
NXNL2,0.5440054773266716
NETO1,2.540112977721114
CNTN4,0.7671762765629682
P2RX6,1.8237890347033192
CSMD1,1.2454112897860259
SLITRK5,1.3439378264252082
P2RX3,0.7455176710364306
ABCB9,-0.7851537830764019
GABRP,1.2223014662594283
OPHN1,1.9061889732474817
HAP1,2.2275870089171157
BEGAIN,0.8118536703041813
SORCS2,1.6535302884529681
SHISA9,0.9807604102006076
TENM2,2.003663476401993
ADCYAP1R1,1.6348491003819199
CHRFAM7A,1.4164304364234934
LRRTM2,1.9022182406081165
LRRC4B,1.267463387154482
P2RY4,1.8016536647651953
SSTR4,1.2275976502003445
NCAM2,2.3557349111218917
TRPM3,0.8038140457234644
GPR35,-0.3413941048341422
CDH7,1.4768154603530583
KCNK2,1.0249073020126398
LMO3,1.2724911662185086
CDH18,2.25352699700076
AJAP1,2.1721172238480992
FUT9,0.5527869039459059
LIN7B,1.0182273471272498
SCN9A,0.4339427439387448
ADAM30,1.154596927134572
DGKH,-0.18939956302760982
CALCR,0.17842897567709995
POM121L2,2.5724274691640754
CNTN5,1.2160852044483963
CCKAR,2.2643242245108346
NYX,0.7573886082920784
KCNK10,1.687873748372461
KCNJ13,1.0737630920052357
PCDH11Y,0.3845683248854399
MYO16,2.4331663175420752
TAAR5,0.7902773139237412
GPR12,1.9618731494831954
PROP1,0.4001319882128465
TAAR2,1.3543732472648355
TIAM2,-0.10383759751054189
PTH2R,0.563140868266128
FANCB,-0.9301866794582198
FAAP100,-0.6068545276487907
FAAP24,-0.9259215384633929
FAAP20,-1.0028503391665673
POLN,-0.8641361415220329
MUS81,-0.5387803624999817
EME2,-0.9627375419069689
CENPS,-0.5209484079099178
SLX1A,-0.8954164450878563
DCLRE1A,-1.0595758642270858
XRCC2,-1.1354075924849523
HUS1,-0.08435422738332765
XRCC4,-1.1598405070208049
RAD9A,-0.6740010840626341
RNF168,-1.352736803114885
MSH4,-0.38020788878332834
USB1,1.3287490430198448
CTC1,-0.9134443347952016
C6orf118,0.05342358818984749
NHEJ1,2.5670614521338426
HAUS8,-0.6828737241759739
NUB1,-0.7990860011619875
ABRAXAS1,-0.9985085887964498
SPIRE2,-0.33439231093413474
TICRR,-0.08047006855685943
TONSL,-1.4282760143119428
RDM1,0.09223461053003487
MMS22L,-0.35515018551782707
INCENP,-0.8080465281282537
PIMREG,-0.4120957757784547
ARHGAP11A,-0.14399617886411845
P2RY8,1.1708928710292228
FAM83D,-0.690263443493658
TEDC2,0.20639495964019375
DBF4B,-0.8037282351809737
ETAA1,-1.2576866539537839
HASPIN,-1.2181987729683539
NSMCE2,-1.2511658593864434
CENPO,-0.2716114538720059
CKAP2L,-0.2706606939345505
SMCR8,-1.0393450575042467
LIPG,-0.7722406395832275
PMS2P3,-0.883930062248607
TEDC1,-0.8261255498825101
USHBP1,-0.8814849161418153
GABPB1,-0.6202379609121191
TPRX1,0.02959558351289783
SAMD3,-0.06807731053421759
ZNF329,-1.3430787842626686
RTN2,0.39153618901888276
ZHX1-C8orf76,-0.7081210715079418
KDM8,-0.3132689439853196
TMSB15A,1.0229974512879474
WDR54,-0.7519356986751486
RHNO1,-0.897035479301022
REXO5,0.5132223299566018
FAM228A,-0.6143017715339557
ZNF514,-1.2086649387195005
ZNF552,-1.046530476214616
ZNF212,-0.850409667145549
KATNBL1,1.6759139308379476
TFAP2D,-0.788634605211843
ZNF620,0.8727733452999361
ZNF774,-0.4585260891979142
BEND7,1.6016480928843617
PPP1R3F,-0.0525813960776498
LONRF2,0.07966683196806894
ZNF282,-0.9911649186271194
FAM81A,-0.6633478132834201
OR52B2,-1.9543367784971108
IP6K3,3.527153682914405
TRIM43,-0.6180205593993162
TBC1D25,-1.328441295038907
HOOK1,-1.1856091069093588
BTD,-0.09044366105392251
FTCDNL1,-0.4702261698214109
GTF2H2C,-1.3192292857412602
ZNF133,-1.4930120328657943
TRMT10B,-0.9344610645672183
GSC2,2.05035529557913
ZNF707,-1.200636211509765
COMMD2,-1.0700138137181758
EEF1AKMT1,-0.796181617006264
EIF1AD,-1.1888444641508962
C1orf43,-0.2308963560819184
SS18L2,-0.37100844528455496
DCUN1D5,-0.8530299780095825
PSME3IP1,-0.8193985334804378
CGAS,-0.9843424513840046
INTS12,-0.5041127299388114
ZFC3H1,0.4496236881563913
C18orf21,-0.5833483634011722
CUEDC1,-0.9914984883831737
MORC2,-0.8039588455965796
ZFAND1,-0.1751620193694558
ZNF574,-0.15913748613627773
ZNF324B,-1.4695827378213528
CCDC43,-0.03233967677726818
ZNF121,-1.2776896281129093
TM2D2,-0.6446332595630345
MSANTD4,-0.5814938245456083
CCDC59,-0.8545241430451667
RBIS,-0.7627736219243635
MANBAL,-0.5112895979547599
ZC3H8,-1.1427440685514785
YAE1,-0.7472440439215204
PCMTD1,-0.5913374050376018
ZNF169,-1.2622673559724078
NOL12,-0.8306198821151614
CHCHD5,-0.9716425903567728
RPP25L,-1.265470236309771
FBLL1,-0.8152585576852086
RBM11,1.3010282786935161
SRSF12,1.1628130977394093
RBMXL2,-1.1078013148038042
ZNF576,-0.6548651671057155
LBHD1,-0.467642450982229
PPIL4,0.4141753502975453
ZKSCAN8,-1.0662926877551513
ZNF460,-1.397675532595789
DCAF5,-1.0056704368293006
ELP5,-0.8855834797488716
NSRP1,0.8819407400735045
ASB6,-0.27523313671502164
TRIM71,-0.8018979024575467
SGMS2,-0.888948259856139
SLC10A6,0.040006448641589705
SLC16A7,0.9600566339431268
PEX12,-1.0217605332453623
RETREG3,0.07984827212411573
ASCL5,0.2954228963049458
ABCA5,-0.716909099021747
CERS4,-1.092658333157417
TRIM38,-1.181143637831071
ASAH2,-0.9523951278690569
ZNF415,-1.518754637532371
MFSD2A,-0.5023273463720628
TNFRSF10C,-0.6533767749688812
ZMAT3,0.2785656985563626
TNFSF9,-0.9569851050827208
CARD6,-0.6302633274581136
TNFRSF11A,2.374511183854651
CRADD,-0.6049777427354209
IER5,0.6418586106790006
DFFB,-0.6669090981437853
GPR3,1.761379216709199
CIDEB,-0.7365740551635637
PHLDA3,-0.7224765058583782
PCDHAC1,0.7204948755989261
BIK,2.4164849509582575
TNFRSF6B,-0.7027349230063004
IER3,0.11769551038627157
BCL2L10,-0.5717493784743528
LRRIQ1,-0.013150036282319671
TSPAN12,1.1538165157127958
ZDHHC15,-0.3701488709052322
MARCHF2,-0.8852425980329303
TMEM223,-0.4644189318184303
TMEM231,-0.9279031416248956
HRK,3.929520263615922
GINM1,1.7930638608072185
PIDD1,-0.1887655130170365
ULBP3,-0.6210261568592156
NECTIN2,0.800094618728189
GADD45B,0.7357898191915458
IRAK2,-0.5907134140221911
PPP1R15B,1.5256054074350947
TRIM66,-1.1066291659429952
CXCL3,-1.3023617830107161
SLC35F2,-0.41131603748965057
MPZL1,-0.7319470261261847
CASP5,-0.8119593147474155
BCL2L2,-0.39660917460697526
NOD1,-0.4760721306069328
NAIP,-0.8204521220986722
BOK,-0.10525186091769018
ST7L,-0.07017619210644253
ZNF16,-1.0712492261512492
ZNF655,-0.08810713807751289
ACOT6,-0.5665195208739964
SLC22A4,0.8475956094058086
MTMR8,-0.7481401802042542
SLC25A18,0.7202579360057465
PCNX2,0.00037480976396506925
MMD2,0.9462949938621465
RDH12,1.0930143337089315
LRP2BP,-0.2782022498375189
PNLIPRP1,-0.011217929708752404
SBSPON,-0.26510040729957446
FABP6,-0.4650752004896122
GDPD2,1.3305610485182247
TFCP2L1,-0.7182422368842686
OPN1SW,1.7528471336806934
PLCH1,0.6045986825841801
ART3,-0.633089275905474
RPGRIP1,1.188868830493156
SGCZ,0.02867111295104319
CCDC71,-0.1634691312615704
FNDC11,1.7929304540837958
BEND3,1.6468105614517594
XPR1,-0.6820799189183177
DIAPH3,1.816155041187662
SLC35B4,1.319194509228613
GRK7,1.3534493384078123
TIMP4,-0.5588745021444211
TMEM154,-0.30012152053387203
EVA1C,-0.29515411734189945
CCDC107,-0.2668680350567539
C2CD6,-0.4456994272303118
SLU7,0.15628909680312209
DGLUCY,0.15516208602956583
CORO6,-0.7398176557583565
DIP2C,-0.4524581616306827
ACBD4,-0.8208425505219414
GYPC,1.716948769554789
KIF6,-0.9893251785690594
PLEKHH1,-0.5795710712716212
SLC66A2,-0.6654051719167194
FAM174C,-0.5698182005895
IDUA,-0.07085416016642844
CCDC9,0.6398549136717054
PLD6,-0.42307862455385953
TYW5,-0.6488286107321377
GLYATL2,-0.3893093325841655
GLYATL1,-0.40759617207152443
FAM47E,-0.23586407428378006
SLC5A4,1.1989284938524452
SLC22A12,1.398882804069655
DNASE1,1.690890643475503
JCHAIN,-0.8297446348887034
NFKBIB,-1.011422044538503
CCL4L2,-0.8363561894478279
B3GALNT2,2.427988861898543
TMEM62,-0.48078508200384007
PRTN3,-0.5738649303885838
C16orf54,-0.09957278908945674
IPCEF1,-0.12237412404132027
ADGRG6,1.2184479966255772
NSUN3,-1.1039466170519883
GJC1,0.2909583231080353
PIGM,-0.9714191960510239
SLC38A10,-0.6197600995200905
DSTYK,-0.6352742811099392
VTCN1,-0.7111681506855011
SPINK2,0.2621241965339791
NLRX1,-1.4186488911047388
FKBP11,-0.4532942984774987
APOBEC3G,-1.0985215289387613
RGS10,-0.15744802222748805
IFNLR1,-0.7697016537168828
TLR5,0.8685646095531975
TRAF3IP2,-0.7873187552308663
NKX2-3,0.034639057255382674
CXCL6,-0.9336325670874139
SP110,-1.367148453263312
OR52A1,0.053971504596638645
NDP,0.2573256104421452
VWC2,-0.42540561564460416
ZNF688,-0.817841009864352
PLEKHG4,-0.3544229790203694
MOGAT3,0.7360337839169754
TTC36,-0.1311019749172511
TEX28,-0.3420452326340395
TMEM45A,-0.6831563524697641
FUT11,-0.06549040543765915
CCDC102B,-1.0062729352389421
ZNF641,-0.3922130345543567
SPAG4,-0.2786175055364301
PRDM8,-0.28258149182179343
PLEKHG3,-0.6225350029367712
HBG1,0.40984532961512604
TLCD4,-0.8686851680956996
C8orf76,-0.6410732625144074
TRIM58,-1.057636272952517
UBL4B,-0.8223196458149047
TRIM74,-0.5438064960027051
MMP26,-0.7035995718892082
TMOD4,-0.6738351509687333
HBQ1,-0.3415320349771986
HBG2,0.4516327943935497
PRSS50,-0.3805617838967163
HJV,-0.44174798049775343
STOML3,-0.2061364353140604
USP42,-0.22527540262246631
OSBP2,-0.4325643543418383
B3GNT3,-0.3354336579921431
USP20,-1.4275710492703024
FBXO42,-0.7386766316154445
WDSUB1,-0.6358671716858395
MKRN2,-0.9736466949783736
CNTNAP3B,0.035297073742392764
ANO7,-0.5211808728880774
LRATD2,-0.7283566668843666
CPNE5,-0.06612231445817504
TSSK3,-1.2674589937256877
C1orf174,-0.5519649277033881
NARF,-0.9445393208355473
NSUN6,-1.3294257071819637
NIPSNAP3B,-0.7137103753630633
AWAT1,-0.5317817620244859
AWAT2,-0.4117502336338371
ZSCAN5A,-0.6676960049337661
ZNF740,1.9753138130529926
ACTMAP,-0.6646221211216444
SUGCT,-0.6529609604242491
ZNF785,-1.1913782636748513
C7orf25,-0.3686894897493703
FBXL20,1.191229168971367
KLHL4,0.7835878408978676
DYNC2LI1,-0.844828526648853
TMEM254,-0.6614077228782076
IFT80,0.8072750900888809
IFT88,0.11560078356447999
PPIAL4G,-0.3731732798739473
RASL11A,0.24595307625334523
LRRC14,-1.0422712235397034
APOBEC1,-0.8611363356953183
OLFM2,0.7706850313626512
GAS2,-0.41032537952378423
SLX4IP,-0.7673991806529945
CYSTM1,-0.6322679953445103
PDZD8,0.854761987278131
ZNF789,-1.221528625200587
ETV5,1.7067482302643104
C1orf116,-0.7821265483671809
TMC5,-0.8862841498038033
ZSCAN26,-1.578764828126903
HEPHL1,-1.1566384015871078
VSIG8,-0.7573477840755118
DUSP14,-1.0232587456408355
TUSC3,1.156264436103163
IP6K2,0.8804285159576186
PIGC,-0.004455131124304068
FBXL15,1.3575705562487321
SLC39A13,-0.34530665140509226
SGSM3,-1.0629827883236163
MOSPD3,-1.0217077943849895
MXD4,-0.6863647238629701
LIN37,10.678821906103368
SETD4,0.7084831387095658
L3MBTL4,-0.26365917859168936
YIPF2,-0.7903437138187802
TSEN54,-0.8979368101026225
METTL22,-0.5190180272157014
PGAP3,-0.9511072123104003
SMYD5,-0.03609154956124808
CHPF2,2.3810557940282044
RXYLT1,0.41192747095612947
C11orf24,-0.7684544401201396
ARHGEF9,2.7278264271228845
GPR158,1.484137034421889
NALCN,0.3507381067083608
DGCR2,2.145591673884545
PCDHB14,-0.13362359434469567
LRFN5,1.7511838296780677
NLGN4Y,0.6495682484422078
KCND1,0.5037539073993696
KCNS2,0.473170772761218
LRRTM3,1.0596936049377472
FSTL5,1.3158345259830417
FBXO2,1.4552260200650249
FSTL4,0.17546948825231692
VIPR2,1.9322502290272596
KCNJ14,1.735430292230005
SNRPN,1.0308073727917924
MAGEL2,-0.3289754472871286
GDF3,-0.7995703031309851
NIPA1,-0.09324653464810811
ZFP42,-0.5623422744577113
FOXD3,0.35458934653939456
UTF1,-0.5970161854274305
MCOLN3,-0.39037646532638626
TUBGCP5,-0.9885721194195832
RIMS3,0.057315924250383295
ASIC4,2.0173023557847864
UNC80,1.7944098178306604
KCNQ5,3.7754429757372616
MAFA,0.001533943471051478
GLIS3,0.4403634084655742
GIPR,1.0594189934330442
MNX1,0.17911011603805657
JAZF1,1.079471938811636
SPDYE4,1.5924594595397703
C2CD4B,-0.27581503644514205
ZBED3,1.6370619947224962
SLC26A11,0.9726395128018591
TM6SF2,-0.6355926196349878
GMIP,2.28397645765392
SOAT2,-0.8172717737805886
PRLH,1.5175298489831455
STRA6,-0.2549151709853106
TEF,1.0932590089274303
GHRHR,1.0278098445526291
SSTR5,1.5852332389764006
SLC35D3,0.9212905725559076
ZNF267,-1.1783852356273592
ADGRG5,0.8693052957038212
SLC39A1,-0.9100929915718239
GRAMD1B,-0.515284488968403
TBC1D10B,-1.3716909367378864
RFNG,0.552589046625972
PCDH7,3.3506730689913446
GPR107,0.7195909583353765
SLC38A5,1.2882178122230659
GPR108,-0.860810759891562
GPR137,1.7085207870857781
CCNY,-0.902264216715624
TMEM41A,-0.4352564080408777
MFSD8,-1.061186315610292
OCA2,1.2549433878120078
PCSK4,-0.3792093032335823
CCNYL1,-0.6744535056396294
TMEM175,-0.5509524291299519
MGAT4B,-0.6164498937069636
YIPF4,-0.7416065305846259
SELENOO,-0.6910896935439558
XKR8,-0.3369976765937884
PLPPR2,-0.6835219349677942
PLPPR3,3.254979944653638
SH3GLB2,-1.3107746407876693
PALM,2.1085885091938863
CRELD1,-0.3848518547641974
RHBDD3,-0.6158145631168187
ADPRH,3.480186354437135
MORN5,-0.6674657995637355
C17orf75,-0.2853785142925572
FLYWCH2,-0.6744799558700372
PROSER2,-0.471478724891349
CCDC120,0.5933414958469704
ENKD1,-0.9587345057497426
SLC7A3,0.9597305870953967
AQP4,0.31546170510973187
PRXL2B,-0.6477505374189253
EEF2KMT,-0.23015077175442505
SLC8B1,-0.44518305772689626
GPR37,0.7967358052482805
SLC52A3,0.7708422664260416
SLC4A3,8.601524452851033
SLC52A2,0.43385433309925914
SLC52A1,1.1322051800274346
SLC41A1,1.2344128555919391
SLC4A9,1.31176059012586
SLC13A1,0.8966616248227566
SLC35F1,0.611790991517927
SLC4A5,1.2433894918438604
SNPH,0.44714154062142436
ADAMTSL2,-0.1565594753296243
RASAL1,0.008216989283296814
SLCO5A1,0.1548477163407979
NPAS1,-0.2861263590226583
DNAH7,0.004118309086517775
MTSS2,1.6005738596153276
SLC39A2,0.7874627756054494
CHST1,2.4259520992283807
SLC13A4,0.8245962019973433
SLC12A8,0.7181668344226863
SLC26A7,1.1129052599841724
SLC10A5,1.1717260375317238
SLC35A4,0.5256537058697343
SLC16A5,1.1728376298765664
SLC43A2,0.9641574867007662
SLC17A9,1.3481001517557714
SLC2A6,0.6785837499446767
TMC2,-0.38660906829494895
TNFSF12-TNFSF13,-0.20980667759087832
ZC3H11A,0.5499827150462113
ZNF579,-0.8767020945870813
INO80E,-0.41571888074343133
ZNF385A,1.757902517167666
ZNF48,-1.066294799440564
GZF1,-0.9354404664356586
ZBED6,-0.5211567928877663
BNIPL,-0.7164269177328392
CPA2,1.7792670932611132
SYCN,0.22820406776922422
CUZD1,0.009951253091193431
REG3G,1.8258456105832903
ERP27,-0.5676340722914371
SPINK1,2.0712541041756922
KLK1,1.4402437091630704
CELA2A,-0.16413171126824413
RNASE7,-0.887424363708296
SENP8,-0.7088259382569567
PDZK1IP1,-0.6673029493776903
DEFA6,-0.6805469429726122
REG4,-0.3867311478289529
CCN5,0.5244674544331402
PDE6B,1.6844871068995584
GUCY2F,1.5170189196638477
GRK1,1.648104070060702
GUCY2D,1.4868266730583124
GUCA1C,1.855827177940313
AIPL1,1.000059483472131
ROM1,1.277476082622952
RPGR,1.0899946290644826
RP1,2.174312620311859
OPN1LW,1.50100543244045
RGR,1.74788321758558
RBP3,1.541451433994025
BEST1,1.5452532344614551
IMPG2,1.8305986136849897
LRAT,1.4725585517365358
CERKL,1.62589636057165
IMPG1,1.6591086585649095
RD3,1.9603224749411616
EYS,1.6755679334597595
KCNV2,1.3717624544029106
WDR17,0.5968253033541833
NXNL1,1.704294700977666
BBS12,0.8562005563976662
PCARE,1.555934953887896
MFRP,1.8881426703420243
SPATA7,1.4564419687687644
MAK,1.4629048029432512
ZNF513,1.6290500952680391
CLRN1,1.285208389485805
OPN4,1.7492797212761966
CC2D2A,0.7101907066854012
CRYBA1,1.4751634889583645
RAX2,1.6369893369094117
LCA5,1.1968719125858795
SEMA4A,2.0777774890504017
CCDC66,2.2900207745797068
EPX,0.20651780882676254
PCDH15,1.2756452742462236
CNGA1,2.0632729845515323
MPP4,1.8245991711706606
GPR179,1.9849433158485386
PIWIL1,-0.35431994041656306
CRYGD,-0.19071923612359185
USH1G,1.471852633473119
CDHR1,1.9105081243836946
KCNJ16,0.32984712736011834
KCNJ15,0.7056912086844974
KCNA7,0.3029191173675218
KCNK17,0.22987815477707332
KCNK6,0.33438265727997973
KCNK16,0.8822430979080234
KCNK5,0.08117313053827302
KCNJ1,1.0117511209742065
KCNA10,2.166169202136706
KCNE2,0.3163107121256669
KCNK7,0.9959482081327844
KCNV1,1.6075050679878506
KCNE3,2.886260118206438
KCNS3,0.2755579010037632
KCNK4,0.24296969588095088
KCNK15,0.3227850355969828
TRPM8,-0.2705694264968842
CLCN2,0.6090999829219711
ANO1,1.1016318628688342
KCNG3,0.4648893581450645
KCNG4,0.3446270197859973
LRRC8E,0.8371710217938823
KCNG1,1.0815997367299748
KCNJ18,0.2451511597156424
NAV1,-0.018521713513709123
LONRF1,0.9967973361638204
CLCNKA,1.0260362528954756
PKD2L1,0.6408813245035235
HS3ST2,7.485433878720092
EYA4,0.12074771541786122
MLNR,1.777706205317418
SCNN1G,1.602915802519805
DNASE2B,2.40122391036588
BEST2,0.04627737363015512
RGS16,0.23034361139375004
ANGPT4,0.24697639954041323
SLC45A3,-0.4886565434838843
AQP10,0.9697804870190454
SCGB1D2,1.5947123811049306
WBP1,-0.1719639640391284
VSIG1,0.09617158353693063
SLC2A12,0.4143156696000495
SEL1L2,-0.478814243551739
STOML1,-0.24273045246552807
MFSD4A,-0.5440012296893646
LIPF,0.6828837302157429
FSCB,1.0599123051674832
OR6A2,-0.9823661561860059
LARP6,0.012520388466989035
MIS18BP1,-0.5287513912242625
PRR11,0.9905978927419056
THAP3,-0.24778745296619237
H3C2,-1.5338422177622955
H2BC8,-1.516931705444796
H2BC6,-1.2816182620402594
H2BC10,-1.3569812309301157
SPO11,-0.9946285527744301
ZNG1F,-0.7779498307157754
MYEF2,1.5554029678384704
TEX30,-1.0567058184647633
RBMX2,0.4893116905737456
METTL4,-0.6312930577077714
METTL16,-0.40447745972385607
PAQR4,0.0029764303273378356
TBC1D31,1.9488070310024193
NUDT4,-0.16394768589189485
LSM14B,-1.1063337902632562
CENPL,-0.08623902089750853
KRT78,-1.0364186711615686
TMEM237,-0.750957319136976
G2E3,-1.1585028859509268
FIGN,-0.5858433728459489
PSRC1,-0.13185383047515967
KMT5A,1.9660550304761186
CTNNAL1,0.6180693382155551
THUMPD2,-0.7109942359479083
ERI1,-0.7634359364900365
TMEM123,-0.6841138150764953
ISL2,-0.6075684683613254
BTG3,-0.6948374344238251
CEP43,-1.1909607364434334
KLHL23,-0.29538601395598846
ENTPD7,-0.2539933511755124
TMEM263,-0.7617701238608253
MTMR10,-0.8193482740756274
RNF41,-1.2297223652588636
GCNA,-0.8076831758869795
USP37,-1.027377061234216
UBE2Q2,-0.9948551625065976
FAM177A1,-0.5522245387280034
ZBTB41,-1.0375264443737415
SPOPL,-0.017360922519111956
GADD45G,-0.5786886291438674
HSFY1,-0.33607646486341697
EEF1AKMT4,-0.47030529541250105
DELE1,-0.4493121665324439
KNDC1,-0.23813926420341416
LRRC61,-0.4740634774205028
HOXC9,0.13691225864739823
FGFR1OP2,-1.131640784670961
EFHD1,1.7804296342951427
CPA5,0.003036687371646207
TNIP3,-0.968629423284719
FAM185A,0.09197617678552134
SPATA22,0.1172139650294384
NAP1L3,0.7351007793645267
ZNF19,-0.9135408800321554
NSMF,-0.24878259744507092
ZSCAN22,-1.018226955304059
PRELID3A,-0.8558688416902832
PPDPF,-0.7456462828873469
FLYWCH1,-0.7265207080126742
LGALS9C,-0.4092292339862176
PPHLN1,0.4906364035021224
ITPRIP,1.234448148113822
SLC10A4,1.0985597922117842
GJB6,-0.5444967345499747
FBN3,-0.452223550514107
CRYBB2,-0.15555958887591415
KIF21B,-0.892907649343077
SLC16A2,0.7956681955067461
NCR3LG1,-0.7971018160237788
CLDN7,-0.8278557992542939
MID2,0.029382631703625442
IGSF1,1.487319690029916
KLHL15,-0.22240288901627606
S100A3,-0.695971614320547
DNAH17,-0.2827362680871763
EDA,-0.5728698827739431
HEATR4,-1.3889258835268659
ZNF277,-1.2507101854761227
TMPRSS11E,1.7502500990359844
HHATL,-0.4630342771180185
LIAT1,-0.19084069845717488
H2AC13,-1.1643416550834522
MTCL3,-0.47495220901557245
H3C3,-1.4957494474270294
H3C4,-1.4889720327388234
H3C8,-1.498225890472774
H3C10,-1.5217318329547305
H3C11,-1.5236957847500345
CARD14,1.1695696162316211
CARD10,-1.2461348957642475
PLCL2,0.01400226161310777
PHACTR1,-0.05923558079336892
APOBEC3C,-0.33748292808254626
TM6SF1,1.3984960797449855
SEMA4D,1.3705586762264246
B4GALT2,1.745712760436715
ST3GAL3,-0.2116902796393535
B3GNT2,-0.39346984158250115
B4GALT5,-0.2300046251098521
MGAT4A,-0.11118018414249331
B4GAT1,-0.2505319660743925
B3GNT7,-0.10808564857060542
MGAT5,0.5246778593938008
B3GNT4,-0.1751349556106509
CHST2,2.1069431010517006
MGAT4C,2.317084928794832
MGAT4D,-0.13625025526761947
OVGP1,-0.5553283851155687
ZP1,-0.7831687506247598
CHST6,2.4421059294395113
MGAT3,-0.10294709989596523
ST6GAL2,1.244370345194752
B3GNT5,-0.06538621213715677
FUT5,-0.21183285322883552
FUT6,0.4471540953891213
FUT3,-0.7522231472844214
LARGE2,0.1411329565687338
XXYLT1,-0.10440316697506957
LARGE1,0.23529375509360959
POFUT1,1.1593055713958265
ST8SIA6,0.0864526029124229
GXYLT1,-0.02375628913608833
EOGT,-0.5573221735958103
SLC35D2,0.7122796143908041
OR10G4,-2.0135004042781244
B3GNT8,-0.2138218844858407
POMGNT2,2.3871978900113424
CHST10,2.8478471100817337
B3GAT2,7.64108081580978
B3GALT2,-0.14499339785631382
B3GNT6,-0.09384425300584252
B4GALNT4,2.8615042075644235
C1GALT1C1,-0.4588077411965124
C1GALT1,0.17602703446244106
A3GALT2,-0.1783016598190946
FUT10,0.04669712721878152
FAM234B,-0.12020743186810788
TMEM30B,0.6698269311028925
HTR3C,0.9819109097828472
ST6GALNAC4,-0.31767993777079667
GALNT17,-0.3939151058840821
ADAM20,-0.4039017056332534
GALNT10,1.4442721849706575
ST8SIA4,0.8132431439179308
GALNT4,1.0054133885398457
GALNT12,-0.542040096351403
GALNT18,-0.2280309865446322
MANEAL,1.8856640026647038
GOLM1,0.4324706039367002
XYLT2,2.3456322983912297
GXYLT2,0.18880300205576142
ASPHD2,-0.46510777926503105
LMF1,-0.5231620051056723
ARL15,1.5741451150798684
CGRRF1,-0.5603627768002383
PCP4L1,0.6237425879647991
CHPF,2.68002008511283
CYB5D2,2.4734665257419697
GORASP1,0.05660271945850683
CNIH3,0.39545427592448973
FEZ1,0.5547969731093478
DPP10,1.9008925759482123
GSG1L,3.0853436284210263
NSG2,1.4052291536133386
LRRTM4,2.72096130485505
EPHA1,-0.18491718462761955
FLRT1,2.205936334109708
TMEM130,1.1983188868724914
NSG1,1.5395489836982286
HCRTR1,1.5967452489278677
BPY2,0.26999109480496736
SIM2,0.1459546859627917
SCG3,2.8563029374947484
GDAP1L1,3.2742065005800174
BLCAP,-0.5364024494034614
CPEB1,-0.060583059420233065
CDH20,2.131290449325959
PSD2,2.1371698918449837
TENM1,0.10874907927725565
BEX1,0.31401233524685235
ADGRB2,1.5398604914556595
ZNF536,1.776228069803609
CRTAC1,0.4962042806623688
JAM2,0.8443781790441873
MROH1,-0.7118810277365619
TTC8,-0.5108033222573101
STK17A,-0.7183143002842319
DUSP23,-0.8997906296239297
ZBTB22,-0.5954521009174891
PLSCR3,-1.0108303914726635
HCFC1R1,-0.6538109344213057
ZNF358,-0.8438003581251623
SIGIRR,1.8340200988199877
P4HTM,2.1681520729674966
PAXX,-0.44512887417669156
TMEM134,-0.8344512655736566
CCDC106,1.0534908858005856
METRN,0.03529407977939773
ZNF580,-0.8068879192656321
RUSF1,-0.8467974642305731
IFT172,-0.0015746642323907908
ARMCX2,-0.8869931504080937
ZNF648,-0.8420807911166465
ZNF530,-1.3397880497331145
EVA1B,-0.5069639805482175
TPRA1,-0.6635194322708986
SMIM20,-0.8078720958720088
GRAMD2B,-0.28335847347643417
RABL6,0.8747988760827399
PIGP,-0.5904861863130806
MAGEA1,-0.08995706446266562
CIBAR1,-0.6602310155375066
CPN2,1.3581277325957495
RSPH4A,-0.956347154386846
SERPINA10,-0.7636161310948539
PGLYRP2,-0.4937196731093286
LDLRAD3,0.695872679792056
CMIP,-0.20647329650837853
SERPINA11,-0.5417970907844657
C1RL,0.5733333595845398
GPR152,-0.2362423091429935
ATRN,1.1003313225734808
OR1F1,0.8448549529312646
OR1E2,0.528824831423897
OR10H2,-0.9827734001214077
KRT37,-1.0461941779297967
ADAM29,-0.42069815765131396
KRT38,-1.2291797864355976
GDF2,0.5566223070124755
OR2C1,-0.008722512598021526
ASIC5,-0.10180143160967885
OR1E1,-1.3590172538984895
OR10H1,-0.5109319257434592
MAS1,0.833766877792366
SLC17A2,0.7407808517926735
INHBC,-0.49872662457009725
SHE,-0.0013949432101575808
UBE2U,-0.922109081767735
TRMT10A,-1.2794506686614715
OR2A4,1.0916033194552068
PI4K2B,-1.0369310280645785
DDIAS,-0.11618879064167796
HACE1,1.3428373450761548
MFSD14B,-1.0061495102994429
NSMAF,-1.038350893685375
RBP2,-0.4362561962291042
FBXL13,1.3100789213216761
HHAT,-0.47842983904827285
TRAPPC2B,-0.8594253277882408
C14orf119,-0.5781337667472696
TSPYL6,-0.9923181183552245
ZNF581,-0.8376913196163698
ZNF512,-1.3334208163982453
PCSK6,0.638461409703285
CENPB,-1.1715918147352424
SLC44A3,1.2613844145265665
MOB3C,-0.015796925918121683
CFAP141,-0.8726884238241529
ZDHHC19,-0.333674548921072
RNFT1,0.3823939617448751
SENP2,-1.2597685955736615
ASB7,-0.8433529723342615
AKNA,-0.44543810087755137
ZC4H2,-0.5029471332377242
ZNF596,-1.1686661641509475
AQP11,-0.2494838246483822
CSN3,-0.42310219423172013
CSN1S1,0.031060660796150403
STAP1,1.2922311165750373
ELF4,-0.7011453306387433
WASH2P,-0.37862627674584964
DMRTA1,-0.5935581828250104
ADAM32,0.9848729644737167
LGALS14,-0.6437945853688326
ZNF410,-0.7847006679393049
ZIM2,-0.8602846849956785
ZNF362,1.8914667576142694
TECTB,-0.5006801411100273
STK16,-1.0002173933746719
SLC7A10,2.0470906976336596
HAS1,0.20738992769447467
MST1,-0.6246317402615484
ALKBH5,0.2980574654708772
PLEKHG4B,-0.05269861276850718
PLEKHG7,-0.4625407818063031
ARHGAP23,1.7655948634696013
YPEL1,-0.6287761855535005
CBLL1,-0.934938049929431
METTL8,-0.034353090666877965
GABPB2,-0.26674924912977765
TLX3,0.5632294187927466
SLC29A3,1.0131665335412634
ATG16L2,-0.7259676524745308
CORO7,-0.7395497873622555
NINJ1,-0.933170040457783
EHBP1L1,-0.7469299969139971
PLEKHN1,-0.6643174923263047
RHBDF2,-1.056092915217395
RIN2,0.89392013711503
SH3TC1,0.2649119101792152
GPRC5D,0.5351705825658473
PATE1,-0.43398353938127887
APBA3,-0.4915256009588651
DUSP21,-0.7713376978914918
STPG2,-0.5128392997253272
HMGB4,-0.921401152023915
CIMIP4,2.352302610348482
H2BW1,-0.8907372024051594
SPAG11B,-0.8274672946828904
KLHL17,0.22897638149923724
TEX13A,1.9609884528469923
ANP32D,-0.12927096154903298
ZFP37,1.0622607834247368
OR5M3,-2.109315442996584
TTC33,-0.4385052423418929
L3MBTL3,-0.5467580619556276
HMBOX1,1.112115187986574
PXK,-0.570696460311357
SENP7,0.609560692076382
AMER1,-0.4768531690064797
TSC22D4,-0.6336889273869127
ZNF518A,-0.28704152235176655
NRBF2,-1.179411964853032
MTUS2,-1.31743282932731
CCNB1IP1,-0.8129844393278303
DNAAF6,-0.9268004288491603
STAC2,-0.09901486312049983
C19orf47,1.6082922160949973
KIF24,-1.1989658466944164
CCDC172,-0.4040776560790672
CTAG2,-1.2452554213643576
ZSCAN23,-1.1786715418008753
AVPI1,-0.672014331926746
KCTD1,-0.21710273935189658
GOLGA6A,-0.6097704503341601
KIAA1328,-0.5380519835930517
TIFA,-0.8779613838660608
EPHA8,1.5848617983123028
MORN3,-0.5944965992296518
VANGL2,-0.9320763241830075
CELSR2,1.2894195665376857
GDF10,1.4531194389567395
CDH6,1.7293316090161495
DLEC1,0.3316397507651973
ADORA2A,0.8396026366138214
CGB7,-0.17333212135673431
EDN3,2.5322684967841367
FRAT2,1.966251247569541
TBX4,-0.5340961161925806
AGTR2,0.976799162471291
TGIF2,-0.42282971451382223
RANBP3,-0.7720143377534927
PTPN9,-1.0577641399599058
PTPN20,-0.5257913006532448
SKOR2,0.21367272315983293
ZNF83,-0.1657977300945513
ZDHHC4,-0.5864520777805
CPTP,-0.640533665242941
SBK3,-0.5935129828664536
GDF1,-0.5554296720280488
ST6GALNAC2,-0.13401789623177626
CXXC5,1.0760257760609837
DSPP,0.4897603453311929
ZNF8,-1.3473946993961916
PRDM4,-0.4270392727863343
PITX1,-0.002390039707075829
PCDH1,0.7270083869649827
TOB1,0.8521554195451764
HOXC11,0.21332373838792285
LRCH1,-0.8148567512568621
FAM83G,-0.4322866483246857
TRIM62,-0.5660485268274107
ZBTB3,-0.6117486556331772
LGALS9B,-0.45727795527182163
TOB2,-0.7120950983527904
TEKT4,-1.1876681615243843
ZNF251,-1.2188914416772072
ZSCAN10,1.0532878977479796
ZIC3,0.07979003180646967
ELAC1,-0.9674770885673489
PSG2,-0.58065791950948
SOX12,-0.24856501583161864
NKX3-2,-0.4604168694373079
TCTA,-0.03884181406229795
DAND5,-0.49315807242140075
HAMP,-0.6164628516463277
AOPEP,-0.3625100316520108
LHX4,-0.17688640659697816
TSTD2,-0.714612433868273
TENM3,1.4632762702259596
CENPC,-0.12790804832619704
CNKSR1,-0.6176007473464303
CREBL2,-0.6987564113682421
SNAPC1,-1.3127140815879395
TRIM47,-0.7205139939363835
NEK10,-0.3962499310769411
FBXL3,1.6096529762230904
CCDC180,-0.5264405510491249
LYPD3,-0.9236798452561609
ZBED5,-0.34685018020661196
S100A14,-1.145913600694731
FBXO30,1.1120584929272037
PBK,0.11228449316914528
C6orf47,-0.4962877602731096
ALX3,-0.3321949176762338
NAT9,-0.8432002115224669
BMERB1,-0.23013473912780316
RPL36A-HNRNPH2,-1.2345917603035714
TVP23A,-0.5898018729756576
YPEL3,-1.0021966935059416
TVP23C,-0.3975301006027634
INPP5F,-0.8247574977248725
CCDC92,-0.22914922576553565
TLCD3B,-0.2081401186368009
CCDC39,-0.9506530323425811
EXD3,0.20832945402334394
TCEAL2,-0.5788557910766204
SPATA21,-0.2891608065185745
POC1B,1.600958443642936
RNF144B,1.1132763498899088
LONRF3,-0.09172099097526167
CMYA5,-0.47983280444004534
KBTBD7,1.1667944047831982
NEURL2,-0.07952163725721989
RCBTB1,-0.8862091302742161
RUSC2,-0.7346019796963941
ACTRT1,-0.3427712608651644
NR2C2AP,0.010887319989142878
KRT3,-0.2482261106447271
TRIM44,1.2993674891217983
IKBIP,2.2268465700017366
ANXA2P2,-0.29789262146833084
PPP1R14B,-0.8861025302277743
KIF2B,-0.44490872137665205
WFDC8,0.6648262816016995
SLC36A3,1.7889940143905225
SEPTIN12,-0.06746289368093329
CFAP276,-0.3232035471611849
ULK4,-0.6618276182122522
CFAP74,1.045626011611918
CLDN18,-0.7610060328037149
RTL8B,-0.18706887421338378
ZNF564,-1.6842221238269772
HSBP1L1,-0.607934814618051
FBXL8,1.3562843942578815
GRXCR1,-0.36997951373594035
LRRC45,-0.8342949281992175
JRK,-0.33172144801474013
SPMIP5,-0.44349922276996945
BCL7A,-0.9217579710144452
TTC23,0.8375446714911388
HBM,1.3310643882745878
TMCC2,-0.3895018162441343
CDAN1,-0.7280070857357961
IFIT1B,-0.7860684432886497
GP9,1.1810067886436344
ICAM4,-0.4846333458950896
RWDD3,-0.7011785362916586
SUMO1P1,-0.5729454240319399
SYF2,1.3080286819185776
PRPF18,0.0451161938440862
RPAP2,-1.482231065612296
ZNF567,-1.348942406608252
CMTR2,-1.0382821744101047
C2orf49,-0.7171769738648393
MEAF6,-0.7778244636113104
NAA35,-0.6740738675963449
USP48,-0.7801530575918834
GRAMD1C,-0.521176225516285
RGPD2,-0.7799494945560457
SINHCAF,3.388632137882463
IMPACT,-1.1434734651447296
ZNF22,0.030010862269486353
RNF6,-0.55494409422985
ZNF302,-0.7685295697524919
DNTTIP2,-1.1792087629230308
CDV3,0.5328209291254138
MZT1,-1.2896099117451938
AIRIM,-0.8900621631067481
IFT57,0.14660536663382506
UNC79,-0.22513135554160657
RNF34,-1.1586400087955138
FBXW9,1.4908966207997993
FAM89A,-0.13431879843350977
BCL2L2-PABPN1,0.4288488216853312
OR12D3,-1.2092999210691142
MT1H,-0.551658171129981
MIOX,-0.10156000751426447
SLURP1,-0.5735403057140053
MT1G,-0.3978485807745008
MUC17,-0.5460194726166296
SEC14L2,-0.7447813620576358
DNAJC22,-0.24812295256755823
CLTRN,1.7874400457923685
SCGB1A1,0.4501820808828156
RNF186,0.14895915347363806
ODAD2,-0.03865158976571807
CDHR2,-0.13102148393110563
LRRC19,-0.16123122031134482
PODXL2,1.4510471547150496
GPRC5B,1.405538352445143
ERMN,0.21932130740634345
PCYOX1L,-0.43482041689460565
SPAG17,-0.8982235271480263
SOX8,-0.4313429235887257
UPK1A,-0.49135636944355754
NLRC4,-1.1242015720954623
TICAM1,-0.2180350943512995
TICAM2,0.26174599048579333
DEDD2,-0.7123236289711141
MEFV,-1.2398372439267333
CARD8,0.8685571563095674
BLID,0.1974283487855397
NLRP6,-0.8068276989350712
KLK9,-0.14576101440456957
BFAR,-0.3511394210175208
TMEM219,-0.23062767741245602
DTX3L,0.6657584063298757
PARP9,-1.0870586915779745
HECTD3,-0.370671361017348
PARP10,-0.845850869246422
PLIN4,-1.5805909950420027
AGR3,-0.8264563437982339
SCGB2A2,-0.17597974458131643
KLK5,-0.7189950721593401
ECE2,-0.09080684487055875
APOL6,-0.7746172553574853
OMP,0.6118235146358011
TMEM95,-0.2233051309139007
CMPK2,-0.8680792950926213
SH3TC2,-0.2913756550131529
PKD1L3,-0.3735275890642601
CYB5RL,3.039990376395034
TRMT2B,-0.707787065646081
SLC29A2,0.9896698576986953
FAM86B1,0.6807006008699826
ZCCHC4,-0.15894943094890687
DET1,0.13849005419488047
PKDREJ,-0.37232217268261336
TXNL4B,-0.19948706538279512
ZNF7,-1.42664655853425
KIAA0586,-0.8607852606557093
EPPIN,-0.2843525892685668
ZNF227,-1.556213449139944
CDC42EP3,-0.005000406453000193
USP50,-1.0493953349256544
TPTE2,0.0054914642286199924
ZNF473,-1.5466690540958057
ZNF200,-0.9457178048023015
CDC20B,-0.9210033800717755
PKIB,-0.30023928306205244
PSG5,-0.5678460322518095
EAPP,0.5983332487097592
BRME1,-0.6336512867070697
PRMT2,-0.9664681129391113
NPDC1,-0.8208330049992834
TFDP3,-0.6216813449949862
PXMP4,-0.8928256078932183
RNF144A,9.372740123761304
SAPCD2,-0.9113499904143889
MCIDAS,-0.9003659566449049
DCAF4,-0.948533558288651
RIBC2,-0.8218253179647043
NHLH1,1.2433755078188824
SPDEF,-0.21167723283397938
TRMT13,-1.1196190412118514
OAZ2,-0.6879737261316883
NAGPA,-0.6105447726891465
CKLF,-0.17913234250714463
C9orf43,-0.6841319334581537
STK19,-0.8248300813448782
ZNF142,-0.7056365469744083
RLN1,0.35225470811662574
FERRY3,-0.35297633686100305
CREBZF,0.27403143335288643
CDKL3,-0.7559453855379994
TESK2,-0.7658389459134953
ZNF346,1.0176352932177561
AP4B1,-1.0993514500068062
RLN2,0.04173399051674833
DIRAS3,-0.6478133336186714
AP1AR,-1.0808619827776809
SSBP3,0.4737479569893691
ANAPC16,-0.2757739584262847
RFPL2,-0.31233901059848646
ZNF454,-0.979764239718186
C17orf49,1.955473585906405
KMT5C,0.4988121677246775
MSL3,-1.2743206002811434
KLK11,1.3957816214869379
RABGAP1L,-1.0541089548569837
ZNF669,-1.463527266460975
PHF11,-0.9914591376190209
SFMBT1,1.3226445748475928
ZNF45,-0.9169111113539212
ZNF354A,-0.875817454693068
ZNF689,-1.4659542842346902
ZNF184,-0.9998802112336832
MIS12,-0.5794416953233343
ASB12,-0.36840803907107345
PPIP5K1,0.36986770539096225
CDKL4,-0.7766393560455243
TRMT9B,-0.5846166990866044
IRGC,-0.490373581616051
PABIR3,-0.49365834766349737
ZNF41,-0.4907486953974031
ZNF81,-0.13343499354045044
TMEM139,-0.3774079911252949
COP1,-0.9100918651331875
ARHGAP18,2.891794889121997
RGPD1,-0.6649098894124192
SYNE4,-0.8176806079307359
RBM12B,-1.138351559183186
WNK3,-0.26999033648470894
ZNF197,-1.005202542429293
DNAI4,-0.9625448048088082
GREM2,-0.2573377969889259
BMPER,-0.21886304950057803
SAMD5,0.5701612843630129
RANBP3L,-0.15040814115802076
RGMA,0.2872380010490495
NANOS2,-0.5480674782955207
PLEKHO1,-0.3836579518208992
IPPK,-0.645568488073308
SSMEM1,-0.6676332255885205
RGMB,-0.25419259953095896
MIER3,0.2855625486585126
SYCP3,-0.9510886647647904
ANKRD13C,1.9921929669102185
ARK2C,-0.16501666856400637
RASL11B,2.259330555397907
SIX2,1.46552816324172
PRRX2,-0.09866473872760453
MEGF6,0.30912001646126525
SLC22A17,0.19411303583310327
TBC1D8B,-1.175776238804377
LYRM1,-0.8767995580230252
CD99,0.5068827301129315
ELL3,-0.8294949851462574
TGM5,-0.8576782056392072
ASB15,-0.8240984868919972
CAPNS2,0.7681675407510107
TREX2,2.1071180707189887
SNX21,-0.7983114836328734
CRNN,-1.035954758339167
NLRP12,-0.7958567827096737
SCHIP1,2.6175943434946727
TPRG1L,2.4652342291409584
MT1F,-0.6363510426770511
ZFAND3,-0.8501530243467869
NEK5,-0.5738535236046197
PGBD2,0.0988438557295147
B3GNTL1,-0.5228061192835783
MROH6,-0.9284306688352804
PGBD5,-0.6272842722551601
SBK1,0.4220637113027762
DCAF17,0.26685214099161797
ZNF558,-1.484757296207155
SPINK7,-0.5594211277004884
CLEC4G,-0.36619501359256584
DCDC2,-0.7737379721595996
PSENEN,12.604144682749977
POLR2M,0.08622376770956543
MT1A,-0.4061638430951313
UBE2DNL,-0.5214169978030576
IGDCC3,-0.004250350194014042
ENPP5,0.13268724862637654
NUDT16,0.43844508343382443
TBC1D8,-0.9467556007961015
NMRK1,1.3758549276879044
INSC,-0.22494629571225927
STK36,-1.0156814675710912
UCMA,-0.46022550510533783
PARP15,-0.5246669541046451
SPINK13,-0.40486229975526056
HEPACAM,0.3735297077634751
MEGF10,0.03752157912231985
NIM1K,-0.8963046196402688
TDRKH,-0.8167204684377055
ASB2,-0.512429608136952
TBXAS1,1.0422502441927666
OSBPL5,-0.6477152574557606
PTGER2,-0.2833725353936209
XAGE1A,-0.6347250226374801
CHTF8,-0.07468437372597693
RAD9B,-0.8895434579797357
FIGNL2,0.5773235870018091
OAS3,0.6316688186813814
USP43,-0.8363855751413722
DERPC,-0.7350883529161059
CACTIN,0.48278404117005297
WDR53,0.9482467753059882
HMCES,-0.9009121063617894
WDR70,-0.12731559064998785
TBRG1,-0.7016788507756078
CENPP,-0.02019578456363369
STAG3,-0.16175428672528824
FAM111A,-0.5663213233822594
GCFC2,1.5497617437803108
CCDC137,-0.018314840787879285
MZT2B,-1.0733735330179601
HUS1B,-0.4818836478780821
SELENOH,-0.5892214422778539
ZKSCAN4,-1.1656010398382755
REXO1,1.573873990651769
CEP44,-1.258413715135025
FAM111B,1.7196780477396092
ZCCHC3,-0.9622908737488963
C5orf34,-0.9807744734894169
ZNF326,-0.20318700888081037
CAPN12,1.189367880354918
N4BP3,-0.5462165039430686
ZNF426,-1.3036635735815738
MKRN1,-1.2156609336797268
ZGPAT,0.17046898770943222
TDRD3,0.135647230192645
ZNF691,-0.18350648937899283
LRWD1,-1.1091870315674568
ELP6,-1.1391184301187032
UBN2,-0.9123094502919082
SPIN2B,-0.5578185047508597
KBTBD6,-0.5551503866820775
ZNF556,-0.8822577941981928
ZNF485,-1.4479361261888373
GPATCH3,2.2891517974888016
OR8B3,-2.1134385807926934
ASTL,-0.7432494281556905
ANO3,1.0512470015257322
RPL17-C18orf32,-0.987487085776065
FREM2,0.6127864876658315
APOBEC3F,-0.9811351534515218
PABPC4L,-0.561677199143985
ZNF770,-1.0903566924838912
TATDN3,-0.7335073778526017
ENDOV,-0.9158904832759296
RBMXL1,2.0327017045363767
TGM6,0.0609241572209579
FYB2,-0.6605777355413661
CCNDBP1,0.18178934950530726
ZNF550,-0.9657511922921166
ZNF2,-1.411593857057086
ZFP62,-1.098114872906028
HTRA4,-1.0925811428216492
ZNF777,-0.8794954698323683
BHLHA15,-0.5909889966552391
APOL2,-0.8873441245468578
C1orf131,2.02057154317353
KBTBD8,0.1390597088986947
UNC5CL,-0.5934855792300164
MACROH2A2,-1.4820040259821063
CASD1,-0.2679155895596681
VOPP1,-0.3420940837569574
ZCCHC17,-0.643858909784662
LRRIQ3,-0.07640481212223095
SLC25A2,-0.4549941692872854
CCM2,-0.7123512759311689
RIPPLY1,-0.5336270873706831
BIRC7,-0.5415048043514534
LENG9,0.30358529423692027
CCDC24,-0.6464121308522792
DCHS1,0.5854438827248979
GCNT3,-0.4184009026603992
B3GNT9,-0.39818178742652693
GOLGA8J,-0.464904089686138
CHST11,2.496688105361337
MTMR11,-0.5408899742286302
ZXDA,0.1661502606430685
GPR83,0.6467811366377798
OR2T35,-2.108667345461184
EDDM3A,-0.4921105988618273
FAM27E3,-1.1638834428751919
MLF1,0.2204582269924127
SPRR1A,-0.9253446503982004
ARHGAP6,0.17111903599480466
FBXL18,1.0171833055106472
KIR3DX1,-0.03237031301570755
EFCC1,0.03416831729831896
INS-IGF2,0.2078977201093449
CCDC82,-0.8261370746667689
HS6ST2,1.8121498037926658
PELI2,-0.5332709042921083
N4BP2L2,0.05911845696119702
CCNP,-0.542239658704181
CCNJL,-0.4991300904739803
GMNC,-0.510881761708449
USP27X,-0.09367725335727321
CCNJ,-0.549567455707851
SPDYA,2.498611884418836
PTGDR,0.38217025378351543
SPDYC,5.68566218195621
NEK3,-0.9174946458875183
TERB2,0.30068599476240676
NOBOX,-0.6239035644671527
SPDYE1,5.60566884903373
SPDYE2,3.5328110932603414
SPDYE2B,4.240957867665717
SPDYE3,4.176838579915746
SPDYE5,4.066762976805709
SPDYE6,4.209016821744311
CCNO,-1.122198818803478
KIF3B,0.4432820086583585
TENT2,-0.7527208976237536
BLTP3B,-0.7940178710137714
ACKR4,-0.40489707245607576
FAM133B,1.1561215234517364
PCED1A,-0.9449197616093178
CCNI2,-0.33547030389434357
NCBP2AS2,-0.7679285239616593
KIF26B,-0.7454016545184227
ATMIN,0.6348677593198936
DCAF10,-0.9092163159995362
MS4A3,-0.8310171606776103
OTP,0.3521742343111461
CEP120,-0.09648902173432757
SCAPER,-0.7763295792937767
LRRC4,0.9968286762058277
SMTNL2,-0.4339493407146624
CCN3,-0.059407658926622565
RNF157,0.0918735900306149
CCNQ,-0.7445212496954311
CEP63,-0.2000995145987656
FGD3,1.48594988937232
CAMLG,4.0013315290562605
FAM174A,-0.7784978838767039
RALGAPA1,-0.8387088877674198
PEAR1,-0.1376705258114158
NFAM1,-0.2301739998000251
CARMIL2,-0.5074736523535074
DLEU7,2.785442636367731
TOX,1.2070270345723042
SFI1,-0.8827237883780057
VILL,-0.3973148888641481
P2RX5,-0.3250702834492052
FAM78A,-0.2935063084540233
ETV7,-0.07167401395911403
ZYG11B,-0.27533100745682576
SNX29,-0.11372352741505544
RPP14,0.9941021795370205
TOGARAM1,-0.9688849334420967
CPEB2,-0.13986505690472714
CSDC2,-0.17088016575418077
FAM72A,-0.3616475620079276
ALKBH8,-0.9356649162778438
FAM110D,-0.42906299409832266
B9D2,-0.7027482488705586
CENPT,-0.17363704140275774
UBE3D,0.1580218137377692
CABLES2,-0.631168605363444
GAS2L1,-0.291922299418747
CNPPD1,-0.9298700820540808
CHST15,3.1009857123575095
HYLS1,-0.7972967089825026
GAS2L3,-0.7201317343607258
POLR3D,0.079204180467356
AADACL3,-0.7582560901747076
CEP57L1,-0.959550902246716
TRIM59,-0.8147273640555788
ERCC6L2,-0.7632435872348912
AADACL4,-0.6342504836859715
WEE2,2.0506073397443036
C4orf46,-0.6253428790498997
TRIM36,0.7917008228343607
CEP95,-0.8044063417003691
KIF7,-1.2464261571501265
FOXD4L1,-0.5373018056077093
FOXD4L3,-0.49154818545701423
FOXD4L4,-0.0747148705875751
FOXD2,-0.2919177797044757
RFPL1,-0.48658222559411285
RFPL4A,-0.0572711958761511
CCDC138,1.7495656646111124
C2orf69,-0.6743566319285339
SPDYE16,5.389718766317982
PLK5,-0.3635004851027454
USP44,-0.8228857573964976
DEUP1,0.6535905463780276
PITPNM1,-0.9059687820465198
B9D1,-1.0397411988853003
C2CD3,1.746059479208651
CCDC14,2.138752580364293
TUBE1,-0.830971991008227
H2AC17,-1.2395019475623086
CNTLN,-0.43733927121337296
INIP,-0.7250576873295826
CIR1,-0.6413686967534523
CEP295,0.6704639921233693
FBXO33,0.3999852150338554
POGLUT2,-0.461785222542019
PTTG2,-0.12772548590119034
FAM72B,-0.8028281805714534
HELB,-0.7760328573194863
FOXD1,1.8984766824477959
NFE2L3,-0.3967512807705902
KIAA0753,2.1194959744166337
RNF25,1.3530728176126179
CXCL14,0.6947600117081363
MPLKIP,-0.5572846599540264
LRRC58,-0.3910187613707474
KRT80,-1.2052719185511356
TTC17,0.08010190219820675
AMIGO1,-0.2787444262846967
GABRR3,2.077168063339395
ZACN,1.2132891124989749
SLITRK1,0.7542656545003171
OLFM3,2.395655545531342
PCDHB1,1.1684387512524
ZMAT4,1.3194076473690506
GPR50,1.2067861882882451
SLC49A4,-0.47924739866112004
HEATR5A,-0.8279230303142956
SLC39A9,0.35041584282659816
LRRC8D,-0.2915008623003992
RNF38,-1.1808366369629582
CMTR1,-1.3234166299635657
ACTL8,-1.054186223242046
ZFY,-0.7073353988808445
CBARP,1.6782337174170394
PPP2R3A,0.9782320160479776
NECAB3,2.205676542077432
ACAP3,-0.6687042580537199
EFHC2,1.103907009546336
TRO,-0.4594106706738041
N4BP2L1,-0.18206700486448724
NAA30,-0.7227876795118632
TBC1D9,-0.7972856098788303
ZG16,-0.13185130567889694
ASIP,-0.04777614270507522
ZDHHC8,1.6561052016624502
LRRC41,-0.7179119783776617
TAFA3,0.018001079871185748
STARD8,0.23051637402763117
CTXN3,-0.5720554086595695
ARHGAP22,1.4124525971329207
UBE3B,-0.32189318366034375
WHAMM,-0.5686849593199877
TP53I11,1.4178409380684973
ALPK2,-0.4591677022395018
MAGIX,-0.10570838188944885
CCT8L2,-0.5623559469539714
CIART,0.08890125294481419
PASD1,-0.5957636183270582
CIPC,0.024744791609464734
ZNF44,-1.4341709558446227
PM20D2,-0.6831839607948677
TUFT1,-0.7114764075120875
ZNF174,-0.967180584036157
PHLDB3,-0.4702564162660803
ZMYND12,-0.9805547579976625
DELEC1,3.1015620708338316
RABGEF1,-1.2756537791536942
ENAM,-0.5095964912332398
RHOXF1,-0.24434025488978836
MEIOB,1.6194752652420554
ZMYND15,-0.35293145773978074
ALG10B,-0.3512543688032353
PGAP1,1.0644865725607822
PGAP2,-0.8557758838183641
PIGY,-0.6678787847059324
YDJC,0.8366374453257664
RESF1,-0.658871578951563
LRATD1,-0.20502112366221414
ICE2,-1.4510037696259994
TCEAL9,-0.7783638250637083
PIGH,-0.7280655076993259
RNF139,1.4383230348991172
OSER1,-0.502939389996441
RNF114,0.9936046748819904
C12orf57,-1.1292231754973567
PRR4,-0.5255230071883401
STATH,-0.8130233258929571
HTN1,-0.5849444565440213
RSRP1,0.449179824058681
FAM118A,-0.6705165320647298
MBD6,-0.28011572001039214
STEAP2,0.49314661995791303
MT1B,-0.6744072536659849
TRPM6,-0.23306795660175764
MT1HL1,-0.770601023745949
PRG3,1.1325316876908122
TXNDC2,-0.1267324985498936
DUOX2,8.43670840389461
SLC30A2,-0.6633932691270653
KLK12,-0.34718466987645313
TSPAN16,-0.48180219861059703
SLC36A2,1.5076531597241323
LYST,2.626624465953226
SLC50A1,0.6444814851708415
SLC30A4,1.1400582222813183
MT4,-0.3983068726872688
RHBDL1,0.8284738203999855
VPS35L,-1.1309333943354354
SPPL3,0.6263112851713739
DOP1A,-1.026159556011461
BACE2,-0.5716642074740425
MIGA1,-1.0377498126199973
KLHL24,2.2365421264571497
TMEM260,-0.8553956272116835
JRKL,-0.8546515511853694
YIPF3,-1.0056803468208801
TBC1D2B,-0.9356907588171312
SEL1L3,1.7313425811083263
PLEKHA5,-0.9974885597910832
RTL8C,-0.6091896054974095
TMEM35B,0.43078013286974387
PRSS53,0.20505321645793526
SPTSSA,-1.0265806186904125
ZNF747,-0.8508153795355735
ZNF668,-1.1426354061906616
TMBIM4,-1.0700590479428256
TMEM45B,-0.4660156658906005
CCDC167,-0.8114397782560085
ANKDD1B,-0.6462528084292035
EBPL,-0.5062277384374412
CLMN,-0.3442137543961093
TXNDC15,-0.5284517376220158
TM4SF20,-0.6070096817946851
TMEM248,-0.5829994913472287
SLC37A3,0.8643003123357104
PLPP6,-0.04235943908342752
LRRC23,-0.6417670027952898
SCAMP4,-0.7730935789723056
NEMP2,-0.15542420188415396
SEZ6L2,0.24961711209060022
ADAMTS13,-0.599149636534819
TLL1,-0.17888023308467182
CR1L,-0.5676036716454542
ADAMTS10,0.7010856859741809
PLSCR4,-0.6462086543816896
PTGFR,1.240590363191344
SMOC2,0.029190210315706393
PCOLCE2,1.4010254191858047
CPZ,0.39468486516683193
FAM209A,-0.781854969866488
FAM20A,1.9564911433565089
LIPM,-0.8636434765059737
ARHGEF10L,0.05994591623180125
MTHFSD,-0.6632890490640427
DDO,-0.7149776558481377
FAIM,-0.5623123973121372
CREG2,-0.6544205991309164
SEMA3E,2.7229486539157506
SPATA13,0.16132102426755832
SEMA3B,1.5018822612244453
PALM3,-0.2842066653646842
PNLDC1,-0.006540132363565106
DXO,1.483739981918255
GRHL3,0.3409490541434786
PARP12,-1.1419570478950936
TET3,0.3242553728361232
SPATC1,-0.8192058210476825
CHAMP1,-0.49912688247391285
UQCC4,-0.49206434557460715
JMJD4,-0.5054201667247056
DNAJC17,-0.027900861430810487
TIGD5,-0.829535290513122
TSSC4,-0.10324678151422043
TRMT12,-0.936566335408062
SMG5,-0.02304836867014185
SPATS2,3.4901291299197275
ZNF160,-1.3052525033780276
RUNDC3B,0.1128104067083923
DCST1,-0.2745611259144994
FOXI3,-0.15027287058628103
FAM83B,-0.17190622773537748
SPSB4,1.7423088644056404
PARP3,-0.6741083895359851
C2orf73,-0.7558132444605523
C4orf33,-0.6019070761102898
HENMT1,-0.938555169990468
TESMIN,2.1724529930449186
MUCL1,-0.5288137951712004
AREL1,-0.5750289614045907
POLM,-0.8297859770844389
UBALD1,-0.8589174351584498
LXN,0.44356155794603447
ZNF526,-0.8813835034458128
TECPR2,-1.011188384909751
DENND2C,-0.4052169810166903
QRICH2,2.2068887314644487
FUT1,-0.15089664460841082
B4GALNT2,-0.13970363079709
CD300LF,-0.38994777861623436
CD300LD,-0.29280083143679847
GLT6D1,-0.8209798332406413
ERMAP,-0.4862017899789706
MUC6,-0.6583799184438884
ST6GALNAC1,-0.32534072561675426
CDHR3,1.63380384171206
OBP2B,-0.8062816694023398
MUC12,-0.3381612413955726
FAM83E,1.7641901479498632
MUC16,-0.7093158714533301
GALNT14,-0.2563871438959632
PRSS22,-0.6129549074466083
GGTLC3,-0.7602276241408984
CYSLTR2,1.6581176642856184
CYSLTR1,1.0402966000242349
GGT2P,-0.9332516262632107
CLDN3,-0.3832585812663642
GGTLC2,-0.7979765253058707
GCSAM,-0.1539396645151269
PPM1N,-0.21081925223748532
UPK3A,1.9340119779947447
CLEC11A,0.5707112089134614
CALHM5,-0.7206703134694429
LPAR2,0.9721031524229027
CCDC152,-0.659039281758218
DPEP3,-0.4474928920135525
TMEM64,0.12346521468617913
OSBPL2,0.24519284506221845
OPN3,1.8785297511477204
CA14,0.9974815297312153
ANKRD13D,2.5522004918360746
DDX25,1.8303440170814698
PRKRIP1,1.9706568481587434
EIF4E3,0.042266241906105104
SMG9,0.35309721350322115
TTI2,-0.8291959783488035
SOHLH1,-0.699046728985911
GOLM2,-0.5920750549784753
EXOG,1.9267923855359208
VTI1A,-0.12407761932490839
TMED8,0.9639364082956186
NLRP5,-0.6979637799723365
CRYGC,-0.2360520214322671
CSHL1,0.7488213225754294
CRYGA,-0.04234991869861302
PTGER1,1.193180115996316
CYLC2,-0.13968299327567124
GUCA1ANB-GUCA1A,0.4122799722591363
CRB1,1.1475068735081062
FRMD7,0.24471755937386372
TULP2,1.772715086113561
KLHL25,0.0739928591079357
TBC1D16,-1.2509128213248237
MTMR1,-1.0576599873209438
DEFB1,-0.9000033896325267
SFTPD,-0.5889631172756654
CLEC6A,-0.47402270880794006
LCE4A,-1.2404084171518401
AZU1,-0.4072816910491038
KIF25,-0.2361709920702022
CLEC4M,-0.7634789469479497
OR12D2,-0.9453964829824978
TPSD1,-0.04248879667435253
LCN1,-0.7173899726142384
SLC22A14,-0.3054153317879977
FAM3A,-0.8013475283406409
SLC10A3,1.102554833965478
SSBP4,-0.392588495247112
EOLA1,-0.6464975838481202
F8A1,-0.2714990024060785
TRPT1,-0.8737449536076266
OSCAR,-0.07180868572301323
DCSTAMP,2.3708523504517967
PLET1,1.145544570932891
CRACR2A,0.927514791542966
FRMPD1,0.10715442756703278
ANKRD20A1,-1.1015117624701645
LRRC28,-0.4010332093497959
NRROS,0.30085207109434503
HOXC13,0.1584419026041712
SALL3,-0.13098264683611602
RNF128,0.08693360280686872
PRDM15,-0.9336287699465758
GJC2,0.6319377289012561
TBKBP1,-0.8231867258936149
GPC6,2.510365412355542
PRR16,0.7134672862532437
TYW3,0.23137763113569473
NOX3,2.490800941373924
KLHL31,2.9526718054055
TMEM26,-0.24109737864913458
TSPYL4,-0.7767700606794502
RNF216,2.1794920048592306
H1-8,-0.7609482726562362
CCDC27,-0.7923349083331123
TRIM40,-0.9334179057313164
PYDC1,-0.7030397646951129
ZNF268,-0.35127251143241933
NLRP4,-0.8786665949516165
ALPK1,-0.4206045443470195
COMMD7,-0.5961550016332561
INSYN2A,-0.8954874004954024
AZI2,-0.2716428494230141
SASH1,-0.7761147117714076
DYNLT3,-0.8146520622890219
TLR6,-0.5137568887482932
MAP3K13,2.226425673257422
ANGPTL8,-0.2593152258352601
KHNYN,-0.7183814271841485
ARRDC2,-0.753075313638858
NBPF14,-0.5639526159044006
GSAP,2.9949454276707987
IRX2,0.4345041057032566
CRYBA2,0.35428720449070755
C2CD4A,-0.24945810180813707
DNAH3,0.4276949946400817
NKX6-2,0.572842375755765
SERPINI2,-0.21644385620167053
OBP2A,-0.5236917940260312
TAS2R1,0.1923148248633573
CST8,-0.6490282019887443
CENATAC,-0.4506942621831747
IPMK,-0.6021836921830128
TTC38,-0.5606267286296297
PDCL,-0.9722829881142127
DPH6,-0.3509292605521816
PPRC1,-0.6333187322879237
KLHL28,0.6217611105498161
PABPC5,-0.9023584312199543
ARHGAP11B,-0.2630817566102337
TMSB15B,0.21178134665662024
ALLC,0.1473961060065867
GATD1,1.258589599040617
TBX19,1.5119263824031701
SP5,-0.19685827945284978
VWA2,-0.3802806376384735
C12orf43,1.0223937468707684
RPAP1,0.2604977109398573
IFT52,0.20474206604715506
TUT1,0.949905591111744
SEPSECS,-0.7237608446922394
CGREF1,-0.3949777490156428
TYRP1,1.212659642805805
TRPM1,2.3442133727947665
ADAMTS20,1.3454474480731913
TCHH,-0.7203142766440329
MAGEC1,-1.0797154337816015
MC5R,0.8882289317525657
CD207,0.6876908876785134
HHIPL2,0.9707345723482129
ZNF280A,-0.11360370529317022
SOX21,-0.39208424011992427
BFSP2,-0.8141106471078331
SPANXC,-0.8638053495801254
MIP,1.164478450542806
PRSS21,-0.09794348506934084
MIA,-0.32169453377294394
MC3R,0.8651354368663063
ART1,-0.6124944831810482
OR1D2,-1.0219733927372414
OR51E2,0.26167257829147295
SSUH2,-0.180201237785791
WDR88,-0.019579811057356754
HRH2,0.03597681217609982
NANOS3,-0.6710585583926918
KLF17,-0.49521842833646257
LRP3,-0.17958054811039736
RIPPLY2,-0.27261303127146047
PAX1,0.6146155535919093
NKX1-2,-0.31981602075326543
MEX3A,-0.4411449625664473
TFF2,-0.5728536905488464
HOXA3,0.3380400373138356
TRABD2B,-0.4707829828998021
NT5DC3,1.3580124738329309
METTL25B,-0.6141641023445905
SLC25A27,-0.5915896133291141
DGCR6L,1.8410967071270985
LRRC24,0.0914086331524227
IGDCC4,1.3608464130180955
CHSY3,1.0359246978036314
A4GNT,1.1871396674550927
GALNT13,-0.44144247507500123
ZDHHC2,0.8739628665245363
CSGALNACT1,3.276462970267542
FAM241A,-0.18466990980535336
SLC46A3,-0.36046713740457503
WFDC1,-0.36114327997823364
TMEM255A,1.2359097608088574
SPRR3,-0.5570074153614563
DEFB4A,1.222996683983508
LORICRIN,-1.1259499823027652
S100A5,-0.5963634908282226
SPINK5,-0.5722717948935455
SPRR2A,-0.9676434826424009
SPRR2D,-0.9720570687754208
SPRR2E,-1.0375792513690294
LCE3E,-1.1246606037970208
DEFB4B,-0.6991505649738015
S100Z,-0.4638971112012847
LCE1A,-1.1198112163774656
KRTDAP,-0.6796062286444389
SPRR2F,-0.8974653717320823
CNFN,-0.8525977975824675
SPRR2B,-0.6123487814120095
CCL27,0.061712625188091556
LCE1E,-1.2406172760288297
SPRR4,-0.9502086878308333
LCE3D,-1.1683151518230763
SPRR2G,-0.8709130159558355
LCE3A,-1.1220294500864594
RPTN,-1.2237212442741225
LCE2A,-1.2516548707152761
DEFB103A,-0.7795204064316362
ELMOD3,-0.1564580480793294
LCE1D,-1.1510983284946164
LCE1F,-1.2000677197655587
LCE6A,-0.5619670897056722
KRT84,0.8566730181650352
LCE2B,-1.2491964057286207
KRT79,-0.8662000192402795
PLAC8L1,-0.34243814856918897
ZNF354C,-1.0165357936841894
LCE1C,-0.969948879468999
METTL23,-0.6124776842746228
RASSF9,-0.28603810331011886
CA8,-0.4411303802152502
SUSD3,-0.39054881641949674
PNLIPRP3,-0.45387370060700116
LCE1B,-1.3525505497794812
RASSF10,-0.7640712473977193
PGLYRP4,0.0016859288172879976
LCE2C,-1.297807765965543
AEBP2,10.032734442981043
KRT23,-0.8170707106312993
CRCT1,-0.49311409390553335
SLC6A14,1.3037553099025883
KIR3DS1,-0.5436001451480295
S100A2,-0.4058948634412904
RASGEF1C,2.382277592874526
CBLL2,-0.696368188294225
FMNL2,3.7000725067281026
SERPINB11,-0.5886514613127142
CARD18,-0.812219247397806
SCGB1D1,0.8206066698803011
NIPAL1,-0.5094714098944922
TRHDE,0.2317702783611239
SIKE1,-1.1122121217291527
TMEM39B,-0.35751518184766273
CDH24,1.5278296309730943
CDH12,1.9029644710093527
CADM1,1.1689740744934256
SAPCD1,1.4007753176147608
TDRD7,-0.7141865746887933
FMN1,1.4260279484196645
PCDHA1,0.004931100527301455
PCDHA11,-0.0024676603916356245
AFDN-DT,-0.0679390314279609
PCDHA2,0.7044535661127602
PCDHA3,0.6257261015449376
PCDHGC3,0.5387770439142099
PCDHGC4,-0.15383676563548362
PCDHB8,0.0038822250615749305
PCDHA4,-0.23614655725359057
PCDHA5,-0.028277555349986522
CRYBG1,1.4404839318122402
CTTNBP2NL,-0.5277514861247403
TJP3,-0.3200547153618876
SIMC1,-0.5228256404299736
MARVELD2,-0.691311333014316
DTNB,0.6712907080392463
TRIOBP,-0.9727157175629539
PCDHA8,-0.16070027785351065
PCDHA6,-0.00909446900305252
PCDHA7,-0.016227435174993036
PCDHA9,-0.03814757105726663
PCDHAC2,-0.32038398047633476
PCDHB11,0.46959862670463925
PCDHB12,0.13878343510728897
PCDHB2,0.06958717356047946
PCDHB3,-0.12406900277021218
PCDHB4,0.9176688276580212
PCDHB6,-0.19551528373794855
PCDHA13,-0.03701896602040075
PCDHA10,-0.0515835657145531
PCDHB7,1.0124382988928038
PCDHGA12,-0.04899395141803322
PCDHGA3,-0.037812919804030024
PCDHGA5,-0.4427392160992863
PCDHGA8,0.005359906403566325
PCDHGB4,0.3500542013997236
PCDHGC5,-0.19099144583949162
LZTS3,0.33844627730913085
C11orf98,-0.6272845622120319
CBLIF,-0.3259431117557202
BCO2,-0.4634268523121062
GPIHBP1,-0.43069291478960803
PNLIPRP2,-0.037661954405943186
GKN1,-0.12040706443532584
TMPPE,1.101017767179859
GJB5,-0.6883740703166095
TSPAN8,0.1410690526310405
TMEM31,-0.8285126977129753
FOXR2,-0.6361203645564498
TRIML2,1.1633555471219867
ZFAND2A,-0.703481337467615
FAM20B,2.569240279124449
CLEC3A,-0.7116868856787422
MSC,3.2209234059630147
FCRL5,-0.7597073882313
FCRL1,-0.36471624944117675
SLC16A12,-0.2270223758048836
OTOP2,-0.3115854822432249
MYADML2,-0.5618262240766859
CEACAM20,-0.6446670563303762
TMEM187,-0.7955467046915745
NIPAL3,-0.3939675314736958
CEACAM19,-0.7599339716893699
ZDHHC22,-0.6999545456163957
FBXO27,1.3577008007344011
CYB561A3,-0.902801519388639
DEFB127,-0.8154252375221213
ABHD18,-0.5684693225347573
FCRL4,-0.7606302922657618
TRAM1L1,-0.08921946807414988
SLC41A2,1.052884825338657
TSNARE1,-0.695834770632194
WFDC2,-1.120850009636894
MFSD6,-0.7583061372875214
TM4SF19,-0.6798861566962906
GALNT15,0.302425595987364
TMEM229B,-0.6817464879731868
STRIT1,-0.5915705734847874
TMEM243,-0.4771205177041339
CMTM7,-0.18956637495384845
TMEM86A,-0.39821635523347343
GIMAP1,1.3527972306316132
TMEM107,-0.8947214621199164
TMEM42,-0.8958890483543467
IGKV1D-39,-0.8072220519034977
IGKV1D-33,-0.8230414014421937
FCRLA,0.5157076149059648
PNOC,1.2644771198990168
LRIT1,-0.17163553197525616
FCAMR,-0.733926519691911
TMTC4,2.580662790588861
ABHD17B,-0.415069796698173
GAPT,-0.30166420435784835
CYBC1,-0.5993102813618849
C3orf52,-0.4790205919602734
ARMH1,0.13483634747574075
C9orf85,0.3882645997566058
DTWD1,-0.6775757806721453
OPTC,-0.4457210988579398
FBLN7,-0.0022156588700734574
GDPD1,-0.8252840403373011
NXPH2,1.7287147394083908
STMN3,0.12205682209722032
PLLP,-0.07281527719413372
FREM3,1.2285261528337057
MANSC1,-0.7214224824930443
CCDC57,1.3821006438038808
LTO1,-0.33731270997111934
ZRSR2,1.0462804797867888
VSTM1,-0.2987266957892867
C19orf12,-0.7735589322427604
LETM2,-0.24097959250452483
SGSM1,1.4234524684484422
SLC43A1,1.296992581683406
SYCE3,0.3481962401844346
GUCD1,-0.9010326135550947
MFSD14A,-0.6882871250824616
DPY19L4,-0.8284317726841859
GRID2IP,3.0269441175249328
TAMALIN,0.2054751144272971
SNTG2,1.748694632499329
SLC2A11,-0.05552184783220155
TMEM171,-0.4251017920839444
SLC22A15,-0.22679761475072147
STS,-0.24739861776250544
C1orf159,-0.5907883079186772
ARMC6,-1.2337500944937883
INPP4A,-0.7582811876466303
INPP5J,-0.5390842579310167
ABHD13,1.1548311146832428
SNX16,-0.7831269974853707
NDST2,1.4510329857790578
TMPRSS3,1.4754496561961998
PRSS55,0.2515550356088859
PRSS38,0.22918451415151628
PRSS48,0.1907884523665599
PRSS27,0.23398791580554318
PRSS33,-0.0989271953516249
TMPRSS12,-0.0975635895112413
CELA1,0.013042987416357555
TMPRSS4,1.5168330372712486
TMPRSS11A,1.9086507769921057
TMPRSS11F,2.20407809594052
TPSG1,-0.07556086556263324
PRSS58,0.04824555716268378
PRSS57,0.11573022464276093
TMPRSS13,2.0239852735849064
PRSS36,0.3441743760218285
LAYN,-0.3620812340165877
S1PR5,1.1738041861212112
TOX2,-0.6528603929472556
TMIGD2,-0.4387478839164818
NFKBID,-0.8485004251168043
SPRING1,-0.6256729601750266
SIRPD,-0.28777602781849954
NBPF19,-0.8713625853226892
TRANK1,-0.6722787023764707
MBOAT4,1.0920253350992635
GHSR,1.313690224371997
NPPC,2.423808300612974
CRLF2,-0.2765785207649703
MATN1,-0.18666212427983211
AMELY,-0.5886581012274278
AMELX,0.16626286779658106
SSTR3,1.0080575657963562
GNRH2,1.3140212971949683
CALCB,0.9372429022608416
TAC3,1.7603015747389898
ZNF507,1.4807038451153232
LRP11,0.047538467068570796
DYNC2I1,-0.9429589575725191
OAF,-0.2781509758436753
VGLL3,-0.7829639114144838
MAPKBP1,-1.1417118094879677
KRTAP26-1,-1.0632536549918812
KRTAP11-1,-1.1881456695413153
BEX2,-1.1026201941698044
PCSK5,0.41481940965817915
SWSAP1,-0.6266609083259262
VENTX,-0.6743720415077938
HS3ST4,1.805350580551387
ADAM7,-0.47174430224937475
ABHD16A,-0.032021293090690996
TEX44,-0.821795298737846
TBC1D3,-0.8185613876138212
PAQR6,2.7429930929709387
MORN4,-0.5652497440995826
FAM90A1,-0.8000502759394651
MACIR,-0.6167234765824798
RASD1,-0.5722199870858448
SPATC1L,0.09391110831527022
SLAIN1,-0.7290402072544158
DYNC2H1,-0.4172029531855945
ZNF420,-1.3371982813922618
LCA5L,-0.7804991505160133
KIAA1217,-0.18340524103044226
HDDC3,-1.0643061887887013
FAM120C,-0.7601796294451321
TEX11,0.239797980526213
TLNRD1,0.8463683575037381
SCRG1,2.4890887961272674
MALL,-0.8077189237911354
CCL25,0.170706436963218
GPR180,-0.45055511558608347
DEFB121,-0.5781116384930095
PSMB11,-0.8870752568993293
GP1BA,0.9510900131826775
LTB4R,0.8417867791134676
PIK3IP1,-0.28562607091189873
AKR7L,-0.4952401997304905
MTMR12,-0.8956005919548446
KIAA1191,2.3617406379748322
MTFR1L,2.1594503144270685
KRTAP1-1,-1.2216745730693535
SMIM3,-0.5209168566380236
PI16,0.13506429973169884
RNF182,4.121940501054524
SLC35E3,-0.3353712441502969
CLEC17A,-0.5091492890777699
GPR25,-0.2952846771133098
PLEKHM2,-1.1138616089305722
CYB561,-0.828795481800097
R3HDM4,-0.7570546275740736
DDX53,0.20644338945935992
RNF208,-0.2713564840132106
ADGRG3,1.177098292195914
GPR61,1.2447454529955082
EGFL8,-0.7759576465320246
C6orf136,-0.47460692293509527
SGPP2,-0.8386820700334375
ABHD8,0.5160036125389938
FAM131C,3.1096990643112616
MFSD11,-0.9249060052148687
SLC22A16,-0.3524100770401172
INTU,-0.8208140085010004
TSPAN17,-0.4707313489318217
TMEM179B,-0.9882317727877107
MYO15B,-0.599473665740625
OVOL1,-0.8645066876498654
PWWP2B,-0.16418072013718515
TMEM207,-0.15939064795983646
TMEM167B,-0.78794095830129
LEMD1,-0.5843806789798034
CLCA4,0.160654812212281
SNORC,-0.7693383024790075
PAGE1,-0.8813247793824128
TMEM72,-0.34896556939428963
TMEM140,-0.9400255854432851
SMCO4,-0.6100701986282074
NMB,1.7206245400695435
PRAMEF12,-0.13879245975526783
GPR132,0.5403314269412332
LGI3,3.0320454467530373
SYTL5,-0.5331604758495139
GPC5,2.808782610138385
ZNF865,-0.617991348686946
SIGLEC12,-0.8880341216538257
LYZL6,-0.21342058170011946
SERPINB10,-0.5570853528107811
LRRC8C,-0.44922178917701955
SLC41A3,0.6670329914282789
ASIC3,-0.0011610762125584153
TLX2,-0.54569854257723
TSPAN15,-0.24039786988955
F2RL3,1.8176969833830627
VWA5B2,0.04184320735445119
FAM131A,0.5422445363250852
NPW,0.6179718792796005
MAP6D1,0.813232497673688
ZNF732,-0.5514141915136356
SMIM19,-0.42501556850588823
ATOSA,-0.5866048306194876
POLR3GL,-0.756163045320669
LGI2,2.9019471717953933
PABPN1L,-0.5802936876146978
PPP1R18,-0.9191071519761961
TCEAL1,-0.9606491946879022
FANK1,-0.8746207651698675
ZNF185,-0.45738204015731154
R3HCC1,-0.7124842491368718
C1orf74,-0.6699606680140028
SLC22A23,-0.5691722902566383
MRAP2,-0.2751737531427894
SLC16A14,-0.2698096234997445
NAALAD2,-0.5010577045372807
CTAG1A,-0.5345415272768859
GDPD5,-0.7337746795482568
ANKS3,-0.9306580287980116
MIER2,-0.4205561940003682
GPR156,-0.38394074409939805
SYNC,0.15911509938378474
HS1BP3,2.373723030123556
BLTP1,0.2876209163460941
SNX22,-0.2551303258484348
SNX24,1.448780184514598
DYNLT2B,-0.5952761676150586
LPAR3,0.9814802858886328
CDC42EP1,-0.435554454684562
KLHL6,3.175234438276125
TNMD,-0.5610677123669172
GTF2IRD2B,-0.7461387423766003
ERN2,1.5620726677537191
CNTN6,1.6459630156821812
CSPP1,1.6435709569316224
FAM89B,-1.0307855662301928
SPTSSB,-0.48169932078555844
CAGE1,-0.14930319434027986
SYCE1,-0.6398494179689314
FAM9C,-0.6409347248451526
MYL5,-0.6470496278036361
CFAP184,0.4885010993184012
FHOD3,3.2225599712895354
LRRC10,0.033925769651820835
RUFY2,-0.7617174666269596
LMOD2,-0.1228352033385304
CCDC112,2.8042274385759947
MYPN,-0.4300461270850046
CLIP4,-0.6475520741449655
CCDC102A,-0.7219493228476291
C1orf216,-0.9459565638662638
RNF181,-1.1944920895225712
SPATS2L,-0.3710142745804093
LMOD3,-0.16797176700276212
ZNF229,-0.6350440374029485
CFAP97D1,-0.4437295637203769
AGBL2,-0.5397688741004469
STOX1,-0.568874127626743
HAS3,3.9766743016316726
CCDC78,-0.6065313159413396
ZNF704,-0.22141531193943007
SLC25A48,-0.7921707187806626
POTEB3,-0.6950973151270229
ZNF250,-1.6408678118653086
POTEB,-0.5284231808093989
POTED,-0.7732911025557524
POTEC,-0.7915112893914074
ENTREP3,-0.5095677500463899
TEX14,-0.2624084726023857
EXO5,-0.47708213279404116
APLF,-1.1074946489510555
HFM1,1.9744667432586904
ADAMTS4,-0.5737822910506355
ALKBH3,-1.0114662099946363
FAT3,0.7862250760695795
SCGB3A1,-0.5525047471907265
GEMIN7,-0.920677782451366
EMILIN3,-0.38201761959714287
TCEANC2,-0.4850668436052234
LEAP2,-0.10000741696898417
RAMP1,0.48017154445768473
TBCK,-0.9330630263959231
HOXD11,1.2669647763209613
ZC2HC1C,-0.5899513864434702
SNAPC4,-0.533875519431524
SGSM2,-0.9642275766902925
FHIP2B,-0.7457643963511377
FAM193B,-0.5047516414220085
SUGP2,-0.5736224543903223
CNPY3,0.948827529354816
C17orf78,0.19656265362000166
WNK4,-0.3800916970185237
ANKRD10,0.45845317978092903
CLK4,-0.519506270051549
C19orf25,0.5475198855539276
ANKDD1A,0.028920652642027315
SLAMF9,-0.17078413949498422
PTPRQ,-0.2462442335016744
LYPD5,-0.411192266980152
STRC,-0.6024369392186555
PCDHGA7,-0.01427928989865988
GPR161,-0.13733874386817596
PCDHGB1,-0.3140641069946771
LPAR4,0.9839685449471702
SERINC5,-0.5515931940910732
RAPGEF5,0.1493767749016107
RGS7BP,0.6667505314856041
RIMS4,0.6657946416329258
ATCAY,0.6541360755556157
CASKIN1,2.4788351052931072
PI15,0.21908390953513351
CPNE9,2.9460115610204904
MPPED2,2.574098769160031
MAP7D2,2.5591846879345255
C2CD2L,-0.7729401179257844
C6orf15,-0.5884388260792904
PCDHGA9,1.0322014325661324
TMEM61,-0.23832648494693182
TMPRSS9,2.9280077847264483
ICA1L,1.8728088044089948
WBP1L,-0.45533322824087
SPATS1,-0.4017903518630037
TTC23L,-0.5232503145823868
TEX35,-0.5745847410969086
TEX12,-0.38000492003217196
GALR2,0.8614908927845336
SYNGR4,2.1769494666182885
FIBCD1,-0.23689016104372765
NANOS1,-0.3225046185712911
EFCAB5,0.11892774976782976
LCN8,-0.8633794304230747
LCN12,-0.7115481760254992
LCN10,-1.1047715757614414
LCN6,-0.746249330180728
ZNF17,-1.377308441476775
PRICKLE4,-0.5399191897689477
ZNF273,-0.5451495435273377
ZNF316,-0.9185412122259807
TUT7,1.0970549175886075
RIBC1,-0.5319601329455181
BTG4,-0.07341960644100039
FANCD2OS,-0.45254542480685284
AKIP1,-0.36944764813940756
CNKSR3,-0.6094565649683484
PNRC2,1.4602167126007395
RSBN1L,-0.8874990561919534
PATL2,-0.4739121848081313
RNPC3,1.069938957780832
SCYL3,-0.7042165733079848
GPATCH2,0.4006092306370157
ANXA2R,-0.6867448590920128
RAVER1,-0.4193221694592604
PRR14,-0.7053226515359616
CDC42EP5,-0.15869147033724149
ZNF569,-1.2884441666181898
BCL7B,1.5495025313407897
WASH3P,-1.2244140594002169
STYX,-0.6662686723170744
DCUN1D2,-0.7651599818992197
WDR5B,-1.1506665345825735
ABITRAM,-0.5836763647115046
CNGA2,0.4930629308677918
CNGA4,0.7332634609480212
GJC3,-0.2371431323866508
TGIF2-RAB5IF,-0.9206942772262053
STMP1,-1.2761314622796796
COX3,-0.7780583471357253
SMIM8,-0.7639792621585012
FAM83C,-0.5061662762855589
PWWP2A,1.831639650505149
ZNF827,-0.583647933269817
BAHCC1,0.3889739679013341
AHDC1,1.4604201880706298
MBD3L2,-0.5176434568532428
C16orf87,2.156701914805292
C22orf31,0.8888818747183974
CCSAP,-0.31236477341708574
MBD3L1,-0.6197972030097401
ZNF382,-1.557281808151718
BAHD1,0.13479561545766536
H2AC15,-1.2127613435750382
H2AC16,-1.2052553517170643
H4C8,-1.1894598166346007
H2BW2,-0.9620251243263614
H2AB2,-1.1125100178918224
HERPUD2,-0.504670393450323
TRIM56,-1.3820749930786462
KCTD11,0.006938103358615333
PHF14,-0.9926025628856813
CBX6,-0.6018710880230626
ZNF711,1.4978565951344158
INO80C,-0.9685144349426295
ZFP64,1.1747256592811857
HINFP,-0.9228099846930077
EAF2,-0.8002580207406993
UNC119B,-0.5730478442786714
ZNF764,-1.331415972954498
SAP25,-0.3955509884480402
OVOL2,-0.7023184058712334
NACC2,0.15742338200526257
PHF13,-0.27818525018004725
RAI1,0.8921766129870439
EID2B,-0.583185067885179
MKX,-0.147483885203323
TBC1D32,-0.46495686018150767
SAMD1,1.373340929635332
BANF2,-0.5603966475491755
ZNF541,0.03460772997230095
ANKRD13B,5.310483815484821e-05
YY2,-0.16738054210331596
RBP1,-0.18830384884044646
NFE4,-0.29269869248077107
SSX2B,-0.9499328957839546
PGBD3,1.136261007275164
ZNF461,-1.3250629967674965
RAVER2,0.27927345752386434
CDADC1,-0.5679312656045514
ZFP1,-1.4044333138352039
EPOP,3.644530620708344
UBR3,1.7918774771336976
TSHZ1,1.3700736109012128
PARP14,-1.1574436515197999
USP17L2,-0.8256605642601044
FAM50B,-0.6024291791993582
AVEN,-0.24776493773794964
TRPV3,-0.23190597537665913
PLXNB3,1.3193855562539107
ASPHD1,0.30905197486530545
PTCHD1,0.09874826962910159
SLC22A24,-0.41257241951623647
ELFN1,0.32935460906824693
DTX2,1.053578957905939
DLK2,0.38639769365550725
NOTCH2NLB,-0.1667501483119169
HES4,-0.17240393900108356
HES2,2.8772046755257277
NRARP,0.8903948025115453
HES7,-0.11975482980697784
ZNF74,2.2256214724440224
APH1B,1.8149787324794076
EFNA2,0.46675571936358795
CASKIN2,-0.1790124053383531
SDK2,1.726470292568252
ARHGEF16,-0.5304601437273851
APLN,0.6661675961563511
CCBE1,-0.3306211912525551
OTOP3,-0.1683402685440146
TIGD2,-0.8141449854170537
SLF2,0.4787299992763487
NT5DC4,-0.678494476940602
TRAF3IP1,0.4154030522021433
GDPGP1,-0.5041744543048103
KLRF2,-0.34322561109356525
CLEC2A,-0.3397847125191798
CLEC1A,-0.5145550723653103
RAET1G,-0.4807258235192192
GJB4,-0.4496620838589448
RAET1E,-0.01731565455048774
RAET1L,1.9463837534562416
TMEM182,-0.5294972655875428
LSMEM2,-0.34109413193319377
MS4A13,-0.452487286208945
SIGLEC15,-0.10364473651142683
KIAA1586,-0.7362897610620934
FCRL6,-0.6122611890112765
ACTR3C,-0.621841216725808
METTL21A,-0.5879952987219007
SYT9,0.23756960844484967
PFN4,-0.21571533912124508
DNALI1,0.7235537445575839
CAPZA3,-0.8066952786793026
CHURC1,-0.9061823928260749
ARPIN,1.7588949412539785
ARPC4-TTLL3,-0.9298785244489984
RFLNB,-0.4009718558899944
CORO7-PAM16,-1.1952056067143244
FAM9A,-0.12305309437289234
CEP104,-0.4319035382235789
TTLL5,1.7118492278949038
TMEM183A,-0.7959683863918064
PSD4,-0.20258596415313257
DHX58,-1.3663203703627336
BATF2,-0.8275391007488436
LY6E,-0.9693632766212147
WDR86,-0.714648927655403
UMODL1,-0.17443462279471214
CRYBA4,-0.2688901660363119
IQCN,-0.7574001478641224
WDR38,-0.4862865803605331
DAW1,-0.9787014306256908
CASP12,-0.514261443972784
TIGD3,-0.44311100029561146
SPATA46,-0.6638646275002864
EEF1AKMT2,-0.7647437636837628
ENPP6,-0.31209612928936326
FBXW10B,-0.5137422938648817
STPG3,-0.5730297912379667
ETFBKMT,-0.7198418386433012
RASL10B,-0.5472250399679096
CCDC190,-0.4457507173568317
LYNX1,0.11026973714977875
ILDR2,-0.2084339135477505
GPR27,0.3606238227047884
ZDHHC21,-0.4749053840335439
NRN1,1.3293925873916612
LYPD6,-0.17178087098421257
PRIMA1,2.0595499910533297
ARHGAP36,0.1865807066283398
PROX2,0.10892714723030258
SLURP2,0.3200135083600775
LYPD1,0.8807599271459976
BHLHE23,-0.22574453904398326
CPLX3,0.09170867856470563
RXFP3,0.899226648177627
TACR2,1.6509769942944283
POU3F3,0.7629531396053354
NMUR1,1.191454247994389
NPBWR2,0.7623283894456078
PNMA3,-0.16427978147979327
PKNOX2,1.3950027605445243
TNK1,-0.7630849926754782
LMAN1L,0.1275606712376771
STARD5,-0.548182421113246
RFTN2,1.9914753770301086
TMEM92,-0.5308462879994554
VWCE,-0.8640321700758011
TMEM129,2.646447768775092
ANGEL1,-0.6337225122219143
ZNF324,-1.3919616523578502
ZSCAN21,-1.100939401214583
GALNT8,0.9394854035231395
GALNT16,-0.38596165053179576
CD300E,-0.8480144447239314
TMED6,-0.33910375071195825
PCDHB16,-0.1868466653506521
DRAXIN,3.7489329655331463
FBXO4,1.2457490115564824
FBXL2,0.4829346281801014
FBXO17,1.2054051661220968
FBXL22,1.4349926376009392
FBXO46,-0.5218532973414018
FBXO10,1.3647104968491757
FBXO16,-0.1435749256625233
FBXO8,1.6444882144186765
FBXO36,-0.11200571975386626
FBXW12,1.1403917156337826
FBXL16,1.1734727824609366
FBXW10,1.4633274366167954
FBXO48,0.18926679063587531
FBXO41,1.3445056268555136
FBXW4,1.2155068018478095
HECTD2,1.532429122622368
RNF19A,2.1646561859183353
RNF217,2.211436597623647
UNKL,1.1459274612348158
ZNRF1,1.3640541909642112
FBXL21P,1.5191245350685256
DCUN1D3,-0.05103812002949978
AMN1,-0.38114448449109295
KLHL11,0.3161119218462981
PRDM9,0.0327631694583817
ZKSCAN7,-0.8547215871804905
ZNF763,-1.3829184813626012
ZNF140,-0.7499463804856589
PDCD7,0.2124174843021391
PTAR1,-0.5111558204196691
INAVA,-0.5203422105796287
TTC21A,-0.8961205189943242
ANKRD36BP1,-0.8035917593415618
CCDC168,-0.717786277681093
QSER1,-0.6296191506959676
DCAF4L1,-0.37771865986663583
PFN3,-0.06505360240509783
CCDC146,2.373399543678737
NUDT16L1,-0.5741739855228258
PRRT3,0.24355129114056556
ELOA2,-0.6779618471202348
SPANXN3,-0.40292460237576244
TRIM49,-0.8391564475951361
KLHL5,2.643192292965435
ADAMTS17,-0.1093098921126762
POGK,-0.6528368584339382
FAM199X,-0.7924077700241321
PLEK2,-0.45638530448683223
CEP85L,-0.07875032680793496
TSGA10,-1.138129409420076
LRIT3,0.7319459018864546
UMAD1,-0.6051419548265502
TRIM34,-0.7743902056150155
C16orf92,2.3524728208448393
BNIP5,-0.90694268580093
C19orf44,0.030404311183122847
HAPLN3,0.09076709069373444
EFNA5,1.9916337870405216
FSD1,-0.10220856482671557
CAPRIN2,-0.21801820489547902
TMEM117,0.39615852107192356
CCDC38,0.5175961829452848
MISP3,1.7709913105260313
DNAH10,-1.0219663065077758
NABP1,-0.6199640320970744
TMEM156,1.125475750149668
KLHL33,2.013387320545738
DUXB,-0.27814984446556895
DUXA,-0.7511461378016817
PRR30,0.1570262338786591
FAM24A,-0.650885844092088
ALKAL2,0.5891522858621644
DEFB123,-0.19299906096964078
SCGB1D4,0.49679612028653447
KCNE5,0.7346061548738508
CACHD1,-0.1565977587954676
INO80D,2.047444757150752
PAGE2B,-0.6914165945840178
CTTNBP2,-0.20937979148924182
ASXL3,-0.4066505129325552
RNF32,-0.4874358005100341
APOBEC4,-0.6227285775767614
P2RY1,0.9263775948114565
ANXA10,-0.7779043571228328
TDRD9,0.7773925204191034
CHIC2,-1.3015094878421725
TMEM266,1.4158146891846084
MAGEA2,-1.0760863062957629
SLC35F4,0.059024837405697396
KRTAP12-2,-1.2441584358098805
ZNF713,-0.7014023535412176
VSTM2A,-0.06940330945612665
XIRP1,1.4040221625778615
GPR37L1,1.4929573553883035
MAGEA2B,-1.0880152670197252
KIAA0408,-0.49361495824338114
TMEM253,-0.3482983713956212
RNF26,-0.9737679334185436
HIVEP3,-0.5976280786284192
PRICKLE1,1.1191986080096936
ZFAND2B,-0.8807260372669463
SHISA5,-0.5839940016885883
PRY,0.47666348717937596
OTULINL,-0.7906478528396185
HS3ST3A1,2.632208179505782
NDST3,3.144295446557838
HS3ST3B1,2.544793828497415
HS3ST5,2.4587548562385266
NDST4,2.0775189019562283
HS6ST3,1.834032063362766
CHST13,2.506461182682189
GPC2,3.1266957439550165
HS6ST1,1.8803857715149088
HS3ST6,1.884634391026083
FRA10AC1,2.0693228053180226
SUN3,0.07076985466858106
GOLGA8O,0.6449837883164159
IFITM5,-0.11167256906989853
GTF2IRD2,-0.6765333144053458
TRIM50,-0.8594402471600309
ALKBH6,-0.4326465180124477
VPS37D,-0.7652465114001734
CYREN,-0.9261758784251236
CRYGN,-0.24465780556666558
HOXD9,0.2405768857436087
AMN,1.2027148555864926
ARHGEF26,-0.18415623045898533
ZNF304,0.010602861966360696
ZNF280D,0.029082663821510223
EPM2AIP1,0.24898596744689244
TMEM104,-0.4864190406389327
METTL25,0.011554567972790275
DIPK1B,-0.6153870966174527
NHLRC3,-0.5770156221676057
ARHGAP8,1.5786050872365198
PRR5-ARHGAP8,4.439640610072842
SLC22A10,0.6597309596377897
ZNF80,-0.8277862404394393
FAM187B,-0.9156896159995223
SLC35G4,0.064206020117442
SLC22A25,-0.09149631712268749
PPP1R1C,0.12734565784871146
CFAP36,-0.4575589291753784
SLC9B2,1.2508155838755592
SLC9B1,-0.017516739835344474
EPHX3,4.3230098106446935
LZTFL1,-0.7760965099851537
SLC16A4,-0.10787923502179152
ANKRD6,-0.19374582838187476
ZNF226,-1.433816827860197
CATSPERE,0.02469679615744964
GJB7,-0.5697630017156466
KRT12,0.11550054207834311
BLOC1S3,-0.4552207392191015
KRCC1,-0.6075177579277768
HECA,1.0020485726736412
IQCH,0.5644926172207716
SLC7A6OS,-0.43599697141996047
TTL,-0.473280678883379
NICN1,-0.04193762332739701
NYAP2,0.28919189816275015
PTPRU,1.2523676280026779
ZDHHC18,1.5580787243674974
PABPC1L2B,-0.8554877880865083
RTTN,0.31308437473162826
CFAP65,-0.7236966600562952
ARHGAP42,0.06691013409164402
DUOXA2,1.874056832370396
P2RY14,0.6444078896252834
PTGDR2,0.3740860486556445
STK40,-0.48424418701016503
PROSER1,-0.49686093395790754
C1orf141,0.49989614447215036
NPSR1,1.054984350935924
RXFP1,1.1024587176986238
GOLGA8F,-0.4089458424451075
GOLGA8DP,-0.6868553215474784
NKX6-3,-0.22766988394665078
IFT70A,-0.4519653759638872
GALP,0.20064033574978057
DACT3,-0.5031666784448399
UBTD2,-0.1731518180921621
KRTAP6-2,-0.9793554206605142
BOLA2-SMG1P6,-0.785772603486119
PCDHGB5,-0.3258377869759414
KLHL32,2.656253762529087
CIMAP1A,-0.8552045561777712
LRRC3B,0.49032281065359923
ISX,-0.41954748667147923
TMEM69,-0.5437455964767067
TRIM46,-0.5115447338965058
DCST2,0.3283495858339683
BEAN1,2.1128953866997393
CARF,-0.4553679608455679
DYRK3,-0.3964378790159421
PCIF1,-0.7918970265769216
DIXDC1,-0.6224591311358694
C11orf68,1.5586146770308225
SELENOK,-0.5222415800477314
INVS,-0.8885568923305062
STXBP4,-0.6007848561291311
OTUB2,-1.2402789077380953
WNK2,-0.27823831345910005
PIWIL4,-0.528719983115894
SETMAR,0.24242913763640708
POTEKP,-0.21524792405579277
C1orf115,0.1329492657744347
MINDY4,-0.7382121272264087
RNF113B,-0.12650101365826383
TTC14,-0.16857651533548404
RFX7,-0.6493310760801569
MSANTD2,-0.8742988591289131
ZNF84,-0.5737777665456132
PATE2,-0.2215706915462752
DEFB107A,-0.6473995602279015
DEFB110,0.021454871383014662
RNASE13,-0.056286690394664565
C3orf18,-0.4127989401391184
CA11,0.3561764677109508
IGHA1,-0.8725717853708791
URAD,-0.5382269087812303
TDRD12,0.2207820909476795
CCDC191,-0.8481742826792532
TLCD2,-0.2595175715401176
KIAA0087,-0.32128066631810537
NUP210L,2.5270812361100243
TMEM201,-0.6581665094140525
FAM3B,-0.36687961621400506
PGA5,-0.2923847482554955
GKN2,-0.44326016571759386
SLC9C1,0.2712726255125177
SLC6A18,0.9483152053991274
ADPRHL1,-0.30888367574454745
SLC6A20,0.9627834832539309
SLC6A19,0.640030152965378
CAPN8,1.70794858122944
RNF103-CHMP3,-0.498518643888913
RBM14-RBM4,-0.4998376257469029
TOR4A,-0.38041252626773
ZCCHC2,1.018666888625868
CC2D1B,-0.4871903074226637
RND2,0.6502084352303147
ZC2HC1A,-0.45433687707499987
DCAF16,-0.6859413983351195
NEGR1,1.210671263836489
SLC2A13,1.0479618879585448
SLC5A11,0.6610345240138747
IFI27L2,0.24810701094398133
NICOL1,0.5504171771808076
WFIKKN2,-0.4774616481320422
HOXC6,0.3356138776268805
WFIKKN1,-0.7669317174527709
CMTM3,-0.31708805799317186
NREP,1.6358875101759782
CILP2,0.022541423026141417
KRTAP4-11,-1.1670066945030586
MADCAM1,0.9970197762479638
EDN2,1.59309357489512
FGFRL1,-0.21762039962521262
ADAMTS3,0.27414990319144694
FJX1,-0.09272596590517058
CCN6,0.5357165734207825
TCEAL6,-0.6179764742594731
GTF3C6,-0.5978167053975125
FAM161B,-0.022215013845211854
MCF2L,0.07153571935602901
BHLHA9,3.0518569548207033
JMJD8,0.4560805002793601
EDARADD,0.02538518700289953
SPATA6,-0.7911020272110126
ATOSB,-0.8906945726414985
PRND,-0.5386827706088924
NRN1L,-0.49832397255299904
LYPD6B,0.8054280989761139
LYPD2,0.9940733753217853
RTN4RL1,1.9377813606151826
MDGA1,1.9259972805397696
LY6K,-0.09225230235207427
RTN4RL2,2.1608750397058922
LY6G6D,-0.1303997930016246
LY6G6C,-0.4880004638323261
LYPD8,1.9091315532898954
SPRN,-0.2666109022036325
IZUMO1R,-0.08727159677055389
CNTN3,1.4313804845507354
ART4,-0.48143618397089927
SPINK4,1.597157123457325
ABO,-0.055531226638280834
TBX10,0.9393149159366682
SH3D21,-0.18104297058534177
MEGF8,0.7305697684121607
ZSCAN31,-0.98062301565399
ZSCAN16,-1.0298424669458894
PSG7,-0.6434273379146854
PGBD1,-0.32456558277157843
GPR15,0.5386202346593985
HYAL4,-0.10654980310565834
ANKRD53,-0.20350647477203604
FAM83H,-0.976188341893269
TRIM67,-0.5083072071976792
LRSAM1,-0.7628073722290373
ANO8,-0.01105521698791767
TENM4,1.7283688268306798
TMEM8B,0.18136851932932443
GBX1,-0.526169758246032
HOXA4,1.0860824003344423
C4orf17,3.19884843941738
FABP12,-0.21021629034576905
DAPL1,-0.1544396640776089
HIGD1B,0.06817403195550369
GPR182,0.35557520418341854
LRRC9,-0.48823700810326803
ABHD16B,1.1418643763407916
OR14C36,-2.1042055121066228
OR6J1,-2.0901601560516725
IGSF10,0.38495495261503443
SETD9,-0.2673657922359362
DNAJB7,3.014175416013732
GLB1L3,-0.6916301281553393
DNAJB8,-0.4473537536669742
HSPB9,2.626404122832086
CIMAP1C,-0.9127553197465377
PRAMEF17,-0.42764568029758376
RSC1A1,-0.32728977768227335
ZNF703,-0.41593845206791596
FAM221A,-0.9802689201765945
AIDA,-0.3509976687591826
SELENOM,-0.484255118605382
GBP7,-0.8594109339156278
RTP5,-0.8996576219797969
HSP90AB2P,-0.31295056381338715
HSP90AB3P,-0.5550882605460029
HSP90AA4P,-0.8367457265367092
DNAJC27,2.8753602471144952
BNC1,9.356782262800316
CACUL1,0.03919244014488226
OR51B6,-1.9487759019319602
MARVELD3,-0.6991997123366313
PF4V1,-0.5508869080787955
ACKR2,-0.5574993191350407
HRH4,2.0862092767279825
CTXN1,-0.22814402843801707
NINJ2,-0.6578733219295826
TMEM74,-0.6208042985613872
PXYLP1,0.8507834929361443
PIGZ,-0.2601767642357922
ADAT1,-0.6153420176448803
GNA14,1.2394222969075677
RGS22,-0.5192888830441098
LPAR5,1.6799769049241828
P2RY6,1.2756712094670322
NMUR2,8.541317846601896
GPR55,0.6640731342414192
GPR176,0.8126211712661322
TSC22D2,-0.83981071906931
GPR17,1.3275893110592591
SESTD1,-0.7268566004733107
DYDC1,-0.8629224933335006
ERVV-1,-0.46307559568487233
CCDC125,-1.0702628656057367
ERVV-2,-0.5539405047164169
FAM118B,-0.508230798380836
SOX15,2.7743993735835493
FAM181A,-0.43138570512780783
FAM181B,0.7791943372870856
TENT5B,-0.2661880760701712
WTIP,-0.6768148483536554
C14orf39,2.323351481824731
BCL2L15,-0.004781482958137093
GLIS1,0.04552569647943798
ZFHX4,1.4306619427431446
SYCP2,-0.3836697707263482
TAFA1,4.489976839708523
HSPBAP1,-0.7648881697374331
TMEM35A,0.3828421464183141
NRSN2,-0.20070256640362438
TTC9B,0.5352859767855589
DAZ4,1.712697542006138
LDOC1,1.4359965678245805
SNX15,-0.319112218616242
CMTM2,-0.4578892403666364
CORIN,0.2555933684676477
CNPY1,1.116234655186354
EVX2,-0.3379564652567007
SCGB1C1,-0.08983337677475364
GPR153,0.357417364062745
PCDH18,0.5734064797062935
TMEM190,-0.8496577685669048
CRB3,1.0875642765455886
C5orf24,1.4823273968941708
PHTF1,-0.6278532287767356
INKA2,0.13290792880530314
SH3RF2,-0.9132790813286881
PACS1,-0.9378472555240283
NHSL3,-0.6544386052768532
ZNF500,1.2519242111146582
SYDE2,1.2148912634761837
SIPA1L3,0.049292326547653684
GIMAP8,-0.35036665365117686
STK31,-0.21764322449226828
OPRPN,-0.534414549368004
OR1A1,-1.687983496557906
RASSF8,-0.727698648246899
CCDC85A,-0.10359743392664962
CLDN4,-0.7181483769749059
CLDN25,-0.5698444687042657
CLDN34,-0.5570253388978167
CLDN24,-0.6692264102960073
CLDN15,0.30939869727411146
CLDN2,-0.7653840721479134
CLDN20,-0.4090372735900507
CLDN22,-0.6016660956979677
CLDN23,-0.6654025860615189
CLDN19,-0.6990085555033841
CLDN16,-0.5632516433424234
CLDN17,-0.377421585097345
CGNL1,-0.45075665201574266
FRMD4A,1.882675539614548
PLEKHA3,-0.7194418506845185
FAM184A,-0.16067559211432153
FAM171A1,-0.3262048799475215
USP54,1.5476649771446738
NECTIN3-AS1,0.13899428199665503
RASSF3,-0.5601362019917949
BCAS4,0.952540293460548
TREML2,-0.6426578486927815
LRRC8B,-0.44809778757628355
SIDT1,-0.4263283673542602
MCOLN2,-0.39175420050248505
RTP2,-0.06814595380267843
GASK1B,0.2163932690614762
PODN,0.9613757448681245
CRISPLD2,0.8380727680996106
NDNF,0.2360028158537021
CHIC1,-0.4525050719965778
NWD1,-0.3335162139068744
GARIN2,-1.0066056418506473
ZNF416,-1.4127076642768366
ROPN1B,-0.4564962089952736
TEKT2,-1.1563528627732471
SYT3,0.5289399306164015
SPMIP4,0.9782481316591316
SPEM1,-0.3713520435058495
ZPBP2,-0.558597323469016
GARIN3,-0.6597972880423641
ZSCAN12,-1.1760268025652005
SLC14A2,1.1528250863008662
IGSF9,0.1008160811897719
MMP20,-0.642752694185249
AMTN,-0.2035798147462268
AMBN,-0.5505459313346626
SCX,0.32514931830623806
KHDRBS3,-0.5711625540545157
EFHC1,-0.1401374928972455
STYK1,-0.2271018273660882
MACC1,-0.540950693566495
RIMBP3C,2.407902645817424
CHRDL2,0.5051678616755586
SYCE1L,-0.2759475785091644
ODAM,-0.5972090459181899
C6orf58,-0.7789593789095887
SMR3B,-0.5695557824114896
ANXA13,-0.42347805398792704
OR10C1,-1.7652126412954314
FREM1,4.565265604964338
MOB3B,-0.1360799759170494
ZNF554,-1.495361485480142
SLITRK6,2.5593764983802085
ZNF718,-1.2449408479971869
ZNF695,-1.3510828360276752
CCDC174,0.9301904224870348
MOB3A,-0.4416853244270373
HSPA7,-0.831120906365003
RNF125,-0.5620958559929601
SETD6,0.6525928550918788
UBOX5,-0.5359823480553637
RNF212,-0.011818549458064806
MEI4,-0.17646820588815268
MEI1,-0.3937866475542079
REC114,0.035089815656805017
TSGA13,0.3853480493153441
SHOC1,0.30098866701162125
C9orf152,-0.6238711848977667
HORMAD1,-0.24325166454690583
RNF212B,-0.4749270590072898
PRR5L,-0.5204557593394464
IGLC3,-0.866412380372949
HORMAD2,0.20386786443731061
ZNF224,-1.2215528711244013
ZSCAN18,-0.7778075586244015
MUC2,-0.222799557897829
ARHGAP30,1.1383599032169736
CES4A,0.27934880153673963
MAP6,2.44806000381042
BDKRB1,1.0695300436078754
PRRT1,1.5299725274451037
NALF2,0.5784778646968953
GPR162,0.6747724346271315
GPR78,0.5419344379654288
PIANP,-0.1383478021275268
ARAP2,0.13733769237573673
OGFR,-1.2092071384174268
TTC22,-0.23585762725466886
NPNT,0.42353599843272594
KIFC2,-0.9112126828311133
DEFB125,-0.16336198032798147
TAFA2,-0.1261493947872811
GPR68,1.3894225574990178
FGFBP1,-0.38131814573768896
VAX2,-0.4473515006716312
KRT71,-1.1034700817541476
ATOH7,0.5586581499850104
CEACAM16,-0.5011943106248852
MPZ,0.43627809054692085
PROKR2,1.2904296951769756
DBX1,-0.39327407656906666
IRX3,1.5130184457517208
LINGO1,2.532351345485739
TFAP2E,-0.11942323461359917
ANOS1,1.9426246190920378
HMX1,-0.4227133015893696
HOXC10,0.34676849239950963
FAM162B,1.0106115575760524
BARX2,0.47162929088376315
HOXD1,0.12576645368866365
MMP21,-0.6754162821455435
DNAH11,-1.0554201717448415
UPK3BL1,-0.3010952796336142
IZUMO1,-0.7242852725301139
PKD1L1,-0.6685392312198752
DNAI1,-0.5281769883538513
DISP1,-0.5244170383655342
GTDC1,2.93475847263259
OR7A5,-0.7795196741201807
NPY4R,0.9037065409632606
NXPE4,-0.2548742587085413
CDNF,0.05305691553388358
PRDM12,-0.39824870230461246
RTN4R,7.006689047458919
SCGB3A2,-0.3862165830904989
BEX5,-0.6069731811142529
CCL15,-0.29185334295072535
PELI3,3.251310438156745
CCL26,-0.6698854437660754
SLITRK2,1.1929201179558115
SWI5,-0.8781077923939314
RAD51AP2,0.6197177477170948
CENPS-CORT,-0.7551985336556568
KHDC1,2.496622228778298
USP26,-1.0794641385529506
SNX32,-0.36952226593486903
WDFY2,-0.7576733392402257
IFI27L1,2.900029308039528
ARRDC4,-0.21629836268530314
DDX60L,-0.5460055501463319
BLTP3A,-0.8849600484676434
GBP6,-0.8093699226166033
ADAD1,-0.6707178255557521
SLFN5,-0.8022372766914184
APOL4,0.06084987117726458
SLFN12,2.5186214616265397
ZC3H12C,-0.29515266223083453
LIPK,-0.922235145842363
WDR25,-0.37103978413658434
TXLNB,-0.8672223969198992
IFT20,-0.014568230683159359
ZNF532,-0.18821656619020632
TMEM158,-0.3293057541628275
ARMC2,-0.8933962268897448
GPR141,0.2446566976488875
ARHGEF19,-0.18079498167125052
FAM124B,-1.0028124658185082
ARMC7,-0.8709217822466899
INKA1,0.6958186760360009
PGAP4,-0.41683026697991005
ZNF34,-0.5400085262082442
SPPL2C,-0.4890181920166982
ZDHHC7,-0.7646790345963741
ZDHHC12,-0.5827273392406686
RETREG2,-0.7386293599140621
MAB21L4,-0.3817019517689152
AXDND1,0.615350720043908
BLOC1S4,-0.9673939403413253
FLACC1,-0.48503810789411267
CD99L2,-0.6186922701912587
BTBD3,-0.46483806625441165
GULP1,1.2391918148404486
CLVS1,-0.6570645101771633
ADTRP,-0.5176536746417185
TMEM234,-0.3999713318202419
CACFD1,3.1651535321168778
SLC49A3,0.0070976778763559316
LHFPL5,-0.7942941812099572
CT45A10,-0.4959575649394542
PEX11G,-1.0123298269654646
ZDHHC11,-0.46055996723067577
CLDND2,-0.6237025702600795
ARK2N,-0.6986325061317816
CT45A6,-0.5160469616064367
TMEM239,1.1892444663416828
TCEANC,2.08740633674002
PLPP7,-0.7491733175101857
ACER2,-0.9072982074797143
SPNS2,-0.743876634441809
ACER1,-0.9587662251103489
ELAPOR1,1.2374542075677566
LUZP4,-0.8610525824276356
RASEF,-0.9495869294139069
HSF5,-0.5118023335228975
KY,-0.24738666925518246
DENND3,-0.5334866541860955
LRIG3,2.571226353900911
RPRML,-0.48679533461962193
CMTM4,-0.43779195407268173
RND1,1.5190896042662638
DUSP18,-0.5020352301687341
DOK6,-0.5329487584245161
ODF2L,-0.31828148394904415
SHD,-0.37353296897702987
TSPAN1,-0.9333322653746721
ESRP2,1.8443389989078363
TSKU,0.5759541270481378
RWDD2A,0.06265583098190994
RASA4,-0.45892804563383394
GRK3,-1.2208073169196498
TMEM125,-0.7326980099598198
VIPR1,0.17514509142580723
CTAGE1,-0.02853210222397136
TMEM98,-0.06992813626028851
POPDC2,-0.2371685201022001
C10orf71,0.06310889107389107
STYXL2,-0.17949689182645803
MYOM3,-0.5617438161319224
FER1L6,-0.4841739476951769
LRRC2,-0.5429643394885129
KBTBD11,1.3652529345743591
RAB40B,-0.7396873570967576
TMEM60,0.7815712270191266
EIF4EBP2,-0.48217033823312366
EIF4EBP3,-0.6976271129780508
CTIF,-0.6707423351231232
NCBP2L,1.3772866061385054
NBPF26,-0.25855637562359046
FAM200C,-0.2590594455153197
TMEM106A,-0.31181520566473736
NKAIN1,0.13010484337621964
CCDC134,-0.5659212292689254
NUTM2G,-0.613290118197443
ZNF136,-1.1275290898760262
ZFAT,-0.8057597113519076
FAM133A,-0.711731569242702
PLEKHG1,0.20133067676843858
LGALS7,1.9945365825926984
NPB,0.7909655054890321
IQUB,-1.2169528392497566
NXPE1,0.4348578231754063
DRC7,-0.9029510701867627
SPATA17,-0.822774762078716
C11orf65,0.5951577202135027
PHLDA2,-0.703224876089958
PITPNM2,-0.317197238062149
SELENOV,0.0008101495762654428
PSTK,-0.3942551070616811
PRG2,-0.46423324743909794
GPR87,0.332937097172528
EXPH5,-0.7067694905010238
ARL14,-0.9023603072975493
ZBED2,-0.20747361558053745
MIF4GD,-1.0121999780967113
LIPJ,-0.6195036203196435
TCFL5,-0.6772827251737951
EEPD1,-0.3365260085557945
C5orf52,-0.423616019151431
GCNT4,-0.31304531420111065
KIAA0930,-0.5047544375286137
GALR1,0.7034875212397346
MEGF11,0.5211936760643462
ATXN7L3,-0.9225285485501276
CCDC97,-0.7499624225053708
TRIM51,-0.1994148094484401
CCDC186,-0.8158054181787534
KSR2,-0.37819028273239214
MFAP3L,0.48259822292758137
NPTX2,2.5098117898459957
WDR91,-1.0218982172909419
TTLL11,-0.33182776677111414
IRGQ,-0.526865686428836
SEMA3G,0.8666760516299212
RAMP2,1.0142406591114301
KANK3,0.24178976285984002
RAMP3,0.8999030270847918
DIPK2B,1.0702805735163445
C3orf33,-0.2856485274113392
NXPE3,-0.37934503993022073
SIGLEC8,-0.58758571128976
SAYSD1,-0.5874025848698198
PCDHB15,0.8385822774132796
LRRN4CL,-0.6185971921957009
UBXN2A,-0.35066705147919536
ZBTB9,-0.008065757276670945
CST9L,-0.7627944631282019
KLHL14,0.39903220737173584
TMEM52B,0.8400035430468021
TSGA10IP,0.8508404422557653
ZDHHC24,-0.6396510741388668
FAM72C,-0.888420536923346
YJU2B,1.1389197445885597
OR6C2,-2.1392994475389346
OR2G2,-2.137322761679415
OR2AG2,-2.17487594856536
OR10V1,-0.9396613605613383
OR6Y1,-2.087045288678271
OR5M9,-2.1056114758510116
OR4C5,-2.125329713175014
OR4D9,-2.03010720032503
OR13C9,-1.0395583991500916
OR4C13,-2.122856502422805
OR10H5,-1.0853523203261983
OR4M1,-1.6884766684589516
OR4K1,-1.8361946415428814
OR10A2,-2.0927011087980096
OR51G2,-2.0957723931940926
OR51D1,-2.1692933527340115
OR2J3,-1.8058572671436763
OR5W2,-2.12286377373429
OR13C2,-1.5756970247644628
OR10W1,-2.061856250388248
OR6B2,-2.1025890335091244
OR6C6,-2.1199970508500217
OR2AK2,-1.8818062266092206
OR1L6,-1.7275715317970703
OR8H3,-1.408884138145192
OR6F1,-1.350520550466171
OR6V1,-2.1172548897821635
OR4A5,-2.119327755210469
OR8D1,-1.8519887404962838
OR10K2,-2.1039766703149083
OR6K3,-2.1499405668450664
OR2T27,-2.1354149447137125
OR2Z1,-2.107356662323631
OR4M2,-1.9001516198973192
OR1K1,-1.2048275490488396
OR5M1,-2.0681868184572316
OR2AE1,-0.6354994356806094
OR2B3,-1.9620804032365688
OR1J1,-2.030172928434127
OR5J2,-1.4012807517788357
OR6S1,-2.147523587787003
OR2C3,-1.9004542893919836
OR2V2,-2.037610484128971
OR2L5,-2.032312372487094
OR6C75,-2.056451292197821
OR8J3,-1.4401452838163213
OR51Q1,-2.0905575005278645
OR2AT4,-1.7706351823634654
OR4A47,-2.172936912305374
OR5H15,-2.0608864594092675
OR51I1,-1.6727740275688692
OR4K5,-2.063262701747516
OR14A16,-1.3197399838206758
OR4F6,-2.122015415545635
OR2G3,-2.046070911068948
OR6K2,-1.8640870325433647
OR10G7,-2.010533067719616
OR5B12,-2.057247900243889
OR6C65,-2.1259604243134076
OR13H1,-1.5365447291495924
OR5D16,-2.2050582128534675
OR10J3,-0.6860208184501991
OR4F17,-1.8166996404337123
OR2B2,-1.5230379692100973
OR6N2,-2.1609593911192895
OR2J1,-2.1427025369681143
OR2M2,-2.1617971083008163
OR1G1,-1.841201771633938
OR5K3,-1.9270690783088347
OR11L1,-1.1637671577103041
OR8B4,-1.8376959812355282
OR10R2,-2.2082841707593155
OR4D10,-2.13936701044848
OR5K4,-1.9657599512381723
OR5V1,-1.187377086837142
OR5H14,-1.886018130056482
OR4K13,-2.0927730190594493
OR10K1,-2.0276961854596007
OR10G6,-2.099444204516884
OR51I2,-1.741666421178203
OR6C76,-1.8679520289179246
OR2A7,-1.6220798601327329
OR14A2,-0.2015932829699226
OR2L3,-2.1663789301884346
OR8K1,-1.5805735888095596
OR2A5,-1.253420759925327
OR2T8,-2.0597709583343424
OR2T2,-2.0793704320475084
OR11H7,-0.6860208184502027
OR6C68,-2.0662028541888002
OR2T3,-1.9272826890594872
OR4K2,-1.8849462113547377
OR2A12,-2.0579825698203145
OR2A14,-2.0934106705616085
OR5D14,-2.176344333709255
OR1Q1,0.1881279241771326
OR4F4,-0.6860208184501991
OR10T2,-2.035261041343232
OR5L2,-2.141344312414063
OR10A3,-1.5268633736025654
OR8U1,-1.970499620540613
OR5D18,-2.1106244843751414
OR2V1,-2.0937148678403066
OR8B12,-1.932661575216443
OR10Q1,-2.015858786405204
OR2M4,-1.977885081749433
OR4K14,-2.212236131916026
OR1L1,-1.9895512949171568
OR6P1,-2.090746850669239
OR13F1,-1.040207302340988
OR51A7,-2.0460838840704834
OR1I1,-1.9641256477301088
OR4E1,-1.8308595695380365
OR10A5,-2.152849630413754
OR2D2,-1.9467301281502716
OR1L4,-1.8342116224699854
OR51S1,-2.055843611491152
OR4D1,-1.9852481755561653
OR2M5,-1.849852107276101
OR8K5,-1.5828480283320914
OR6C3,-2.130703222321588
OR13C4,-1.486305211811496
OR2J2,-1.9280397756135594
OR5B21,-1.8394338960835708
OR2L2,-2.0509913878237476
OR2B11,-2.0542006606450047
OR2T34,-2.1260671742753328
OR10AD1,-2.0206839326723003
OR9A2,-1.2802351625169501
OR4D5,-1.6206526898122955
OR1J2,-0.7144091403409246
OR5B17,-2.143819636735759
OR2B6,-1.7762960282715603
OR1L8,-2.1685120841195418
OR52J3,-1.8566233827401635
OR8B2,-1.6560352149330284
OR8H1,-1.204778532043216
OR2D3,-2.053365165594495
OR10P1,-2.104806811591729
OR2AP1,-2.065763207025539
OR9Q1,-1.1005295345252304
OR11H6,-1.6923931557996423
OR9I1,-1.2792864131409223
OR1S2,-2.056511949074067
OR4S1,-2.116538840434385
OR8J1,-1.059271774155822
OR4D11,-2.1165074194478657
OR10G9,-1.8780921217798912
OR6C74,-2.1627012407648287
OR5I1,0.06732293232323945
OR4C46,-2.0065074800425444
OR10H4,-1.937623772206787
OR6Q1,-2.1114018889728516
OR10A7,-2.127696347420724
OR5P2,-0.2513597981891738
OR5K1,-2.0720188844112992
OR5P3,-1.715366625722037
OR10G8,-1.9156205797810237
OR2M3,-2.1242266952463966
OR6K6,-1.9702749405148516
OR8G1,-1.8897950426382535
OR8I2,-1.826601417903115
OR2Y1,-2.0706418527784725
OR4C6,-1.9384523423129507
OR1J4,-1.9171309091974578
OR51A4,-2.14428115781308
OR51M1,-1.7246603121930202
OR5M10,-2.0531786087946
OR6C1,-1.950551055421894
OR2T5,-2.1273792332216734
OR51B4,-1.761597080228619
OR4C12,-2.21857857864323
OR9G1,-2.0221397374184216
OR4A15,-2.0508024742187305
OR2A25,-1.8623199770101067
OR7G3,-2.2466131600281396
OR4N5,-2.2112837584117213
OR2A2,-2.1848519574434557
OR4A16,-2.0801034380885914
OR6C4,-2.1279507379044094
OR4X1,-2.1119380430491708
OR6C70,-1.8398826694440793
OR51B5,-1.46715724903247
OR5B3,-2.1053554016567184
OR4N4,-1.6821835304161517
OR5T1,-1.5438714130572173
OR4F21,-1.9741372915983888
OR13A1,-0.865227512668742
OR6X1,-2.045573077537836
OR8D4,-2.045881702372352
OR14K1,-2.1454029869467295
OR5K2,-2.059990963588054
OR5B2,-2.116959216200343
OR2T29,-2.120249648942806
OR2AG1,-1.7553230002713274
OR2T12,-2.139918290856529
OR10G3,-2.1399645554556956
OR2T6,-2.0975853214790203
OR9Q2,-1.4825492028540033
OR6N1,-2.0694807223353173
OR7E24,-1.8150895649989567
OR1N1,-0.9616275298799272
OR10J1,0.23837105551404347
OR7D2,-1.2459896374437485
OR7C1,-1.9420450748158788
OR2H1,-1.2817523735846763
OR1C1,-1.6616587167087271
MRGPRX1,0.6055600172120746
OR13C8,-0.5131844561429814
OR4L1,-2.1532140986423154
OR10J5,-1.3998687250909059
OR1L3,-1.6619262588337296
OR4B1,-2.1031479309793024
OR7C2,-1.9632906324327948
OR9A4,0.636402032313685
OR2F2,-1.7284571847160062
OR5M11,-1.4864027645339066
OR10G2,-2.161218080864329
OR51L1,-2.187771050759527
OR7G1,-2.0929618326886623
OR56B1,-2.0572488924756307
OR8H2,-1.6146839629487137
OR56A5,-1.0049878165090358
OR52A5,-2.171639287793024
OR2W3,-0.36865648609231
OR52K1,-2.28103010396796
OR5AK2,-2.0925929005705384
OR5AN1,-2.017914995484569
OR4Q3,-1.7825401252163142
OR2H2,-0.4719705432389964
OR52B6,-2.0488665979201577
OR52E4,-1.406375526018125
OR2T33,-1.8540693355988396
OR3A1,-1.9449454713612746
OR52D1,-1.8699239497487947
OR5AP2,-2.0687891382096257
OR52N2,-2.179556418081014
OR13C5,-1.7731305890963953
OR4E2,-2.064621087913035
OR52I2,-2.2336371382185427
OR52M1,-2.0332089259682076
OR51E1,-1.4928757809845536
OR52E2,-2.115431049216804
OR2W1,-1.5803753166863956
OR7A17,-1.7806133075617694
OR52W1,-2.070986806574298
OR5M8,-2.1097408760922014
OR8B8,-1.7133433738138188
OR7D4,-1.9407267718062127
OR56B4,-1.7970745230264895
OR6B3,-2.0161380991048374
OR1A2,-1.7390678423297703
OR2T10,-1.78781500215393
OR5A1,-2.1149000608654633
OR5AS1,-2.110331912850347
OR56A3,-2.1332451467413414
OR52N1,-2.150727507157781
OR52E6,-2.221793982222275
OR14I1,-1.688357951177766
OR14J1,-2.072694789217377
OR5AC2,-2.151258220236484
PLEKHG2,3.8072662941368303
OR52L1,-1.9785724795078588
OR4D6,-2.167837873884788
OR5A2,-2.0044918634677105
OR2K2,-1.5962816226625611
OR4D2,-2.023691463286449
OR5C1,-1.6840244440858914
OR10A4,-1.9705671864907452
OR6M1,-2.0467701626946924
OR2L13,-1.8008831655837512
OR52N4,-2.0327926343453733
OR52K2,-1.9009778083056412
OR52N5,-2.1763255857836925
OR52I1,-2.087722530300453
OR6B1,-2.0677724694327853
OR10S1,-1.9750445237358132
OR5H1,1.4181298446534207
OR13J1,-1.460314880732334
OR5F1,-2.218025002871195
OR8U8,-0.720369948544589
OR9G4,-0.7250195354728887
OR9K2,-0.7222338909951396
OXER1,0.7713233586396101
OXGR1,0.8475732790675545
P2RY11,1.0969851795201504
OR8U3,-1.6223935678271442
OR8S1,-0.7232563844089638
OR7G2,-0.7204055978941294
OR8A1,-1.1929139822913764
OR8D2,-1.3044773420342326
OR8G2P,-0.7186144207769207
OR8G5,-0.7232073000666797
OR8K3,-1.6343340968469928
PROK1,1.5234644588785358
PROK2,1.5262017366053164
PTH2,0.12262648541256287
PMCH,1.3482363955312877
OR56A1,-0.7213431059157855
OR56A4,-0.9041430260510217
OR5AR1,-0.7461677795032086
OR5AU1,-1.0578566797588256
OR5D13,-1.7549771378728922
OR52R1,-1.3050173029045211
OR51T1,-1.387151631624297
OR51V1,-0.9667519233609658
OR52B4,-1.2231483632224422
OR52E8,-0.9575166703101476
OR52H1,-0.9303987294833268
OR5H2,-1.218913632042263
OR5H6,-1.0565362560022815
OR5L1,-1.7124425635285607
OR5T2,-0.7184920663778842
OR5T3,-0.7194543057212228
TAAR1,-0.33601247619740654
TAS1R1,0.9152634095700846
TAS1R3,0.1861614022447582
QRFP,1.2196876697989554
QRFPR,0.7584629175786031
RXFP4,0.3205088509133733
RLN3,0.8071183104081082
TAS2R10,0.48961201889720374
TAS2R13,0.4214270843278624
UTS2,1.6476759990577452
UTS2B,1.4242810970425566
UTS2R,1.3103120875939438
TAS2R14,0.3831573602416252
TAS2R19,0.7298686980771225
TAS2R20,0.8206690338851146
TAS2R3,1.0084360106948316
TAS2R30,0.9113820731666213
TAS2R31,0.5333852181536666
TAS2R39,0.6976976003468579
TAS2R4,0.9862142334666291
TAS2R40,0.9589315971711712
TAS2R41,0.9357210143011095
TAS2R42,0.6655089316975626
TAS2R43,0.9559390622990722
TAS2R45,0.02761273799738657
TAS2R46,0.9810443752029172
TAS2R5,0.43895586239709344
TAS2R60,0.6854725009931042
TAS2R8,0.6497144210546879
TAS2R9,0.8560227547502547
OR51J1,-0.7203540242706505
GPRC6A,1.5204993049150615
HCAR1,0.5915594292901553
HCAR2,0.6864324924637655
HCAR3,0.1451364528437135
MCHR2,1.2258903635092706
NMS,1.1974678568210424
NPBWR1,1.1660900792461673
NPFF,1.1229227115382836
NPFFR1,1.369834809376829
NPFFR2,1.0680397333812786
NPS,1.5065378321031353
KISS1R,1.1433347220566452
LTB4R2,0.6221824452150033
GPR39,-0.11176243997188443
GNRHR2,0.5839048549277878
GPR150,0.7345383151440761
GPR20,-0.007389454720933221
GPR32,-0.08075288111506296
OR51H1,-0.7222635118506766
OR2T11,-1.396063155717661
OR2T4,-0.7241470139319885
OR2T1,-0.7222768468561039
OR3A2,-0.38754221887432283
OR3A3,-0.6905191520822889
OR2F1,-1.0618857346071744
OR2G6,-2.245962561688698
OR2L8,-1.2849537880716502
OR4N2,-2.071830605420225
OR4X2,-1.448542115648491
OR51B2,-1.1110806333133225
OR51F1,-0.7224176489287252
OR51F2,-1.6996633170046764
OR51G1,-1.4126992003484717
OR4K17,-0.7194571487614426
OR4K15,-1.0483208482496835
OR4C15,-0.9527845790500937
OR4C16,-1.7616482277153604
OR4C3,-1.1443975723585602
OR4F5,-0.722239764341068
OR10X1,-1.4573758000206685
OR10Z1,-1.880680144309526
OR11G2,-0.7221869448562335
OR11H1,-0.7269101967963334
OR11H12,-1.6532862111669004
OR11H2,-0.7176204423164421
OR11H4,-0.722238733242444
OPN1MW3,0.9669313971380934
OPRL1,1.0061629882777883
OR10A6,-1.2241995913952612
OR10AG1,-1.201248945092009
OR1S1,-0.721306538040754
OR1N2,-0.8502999014355901
OR13C3,-0.7250315332850988
OR13D1,-0.7223116363097724
OR13G1,0.6053912851363654
OR1B1,2.372355462432681
OR1D5,-1.4316065498671284
GLP2R,0.16364339207238507
GALR3,0.8333599314692631
CCL28,1.023039618836628
ADM2,0.11502620209118546
FFAR4,-0.224104666542163
PDCL2,-0.22863463262421832
IGHV3OR16-17,-0.07031595241809775
UCN,-0.03503815046903991
OR52E5,-1.249774892964001
OR2A42,-1.7605920904165981
OR2AJ1,-1.7084059701537546
OR4F16,-1.6208356974626366
OPN1MW2,0.7458396123909091
GNG14,-0.09666245537056517
ANKRD33,0.24250085177088376
LRTM1,1.7825328942949912
PAQR5,-0.4242382662812022
OPN5,0.9677634367399184
KCTD21,-0.3858756565544861
ATXN3L,-0.9469881828313061
BOLL,-0.3616630805394978
AAGAB,-0.8873383856383611
PRMT9,-0.6854875091760891
PEX26,-0.9137513729519258
C6orf226,-0.5828724704574189
SPX,1.790428127431941
PAQR8,0.07829066788497634
TMEM121,-0.7662011820696984
ERVFRD-1,-0.5917611570876953
MAB21L3,-0.9357172362421224
SMIM5,-0.6533674742245801
ZBTB26,-0.9369914321152573
CCDC13,-0.40013789485631
NLRP7,-0.7858085403427346
PARVG,0.5309023767989065
UCN2,1.3265897391222794
LRRC37A2,-0.14988245284606602
PSORS1C2,-0.8818096662561086
SLC39A5,-0.3572260677562319
AGMO,-0.21921047496400264
CATSPER2,-0.34208126828026275
LRRC26,0.740809850944972
C19orf38,-0.3695136479331048
TCF15,-0.4766985416461913
MSS51,-0.7409968549563892
CDRT4,0.8361035593364772
SMIM9,-0.8265469302567809
SLC25A52,-0.8301888937837628
SLC25A53,-0.5926268108159062
SPNS3,-0.5757232445284763
TNFSF18,-0.09781912649867704
GPR31,0.8077501501661298
ZHX3,0.9520297076935276
SH3RF3,-0.37534212379424975
FAM53B,-0.8510575802698506
NXF2B,-1.1382774789577697
NXF5,-0.6141410823035635
NXF3,-0.7375477050560896
BTBD18,2.341274544980817
SLC26A8,2.133274259285398
ANKRD33B,0.7416809484268406
XRRA1,-0.18751583183047243
ZNF761,-0.6935095852108968
DNAAF9,0.1438497385903671
LIX1L,-0.048264204944884585
TMEM141,-0.3226342294390901
U2AF1L4,16.647392445639166
ZNF383,-1.3749712555084115
RANBP17,0.3670450046391679
CCDC7,-0.0721337003036977
GREB1L,-0.15471258850374303
ZNF69,-0.9640533934923065
ARMH4,-0.4103384784402074
C19orf18,-0.3103699724410694
RNF133,-0.5086368835474203
SHISA3,-0.4091121724204621
CCDC89,-0.6638168979409118
PCDHGA2,-0.1321548803903784
AMIGO3,-0.4241221926171532
ZDHHC14,-0.31302883688437877
STRIP2,-0.2442373528800849
FRMD4B,0.1487412035549564
SNAPC5,-1.052483927320493
LHFPL1,0.0629954364147926
CDIP1,-0.7218596297117691
GPR101,1.1167151849365187
CXorf66,-0.5314184787361486
GPR151,-0.2987427170569063
GRXCR2,-0.2215158149616867
XIRP2,1.4750117562535794
ESPNL,-0.304077424221665
FAXC,3.0611948979477592
TREML1,-0.32804211563702795
ZSWIM2,-0.37106669171041906
R3HCC1L,-0.6688775554039021
FAM135A,-0.7553880496704815
DNAAF11,-1.146550786697789
GPRIN1,0.32095033364823283
RAB11FIP4,-0.06918843057955516
CLEC2L,4.303428767818983
DEFA3,-0.7783490848587971
DEFB103B,-0.8122138294108615
DEFB115,-0.5254104624729815
DEFB104A,-0.6525652329107542
DEFB108B,-0.6708725099893036
DEFB134,-0.6373203056618092
DEFB118,-0.5648916612266665
DEFB135,-0.5174128702455226
DEFB136,-0.5501568359252089
DEFB104B,-0.5578800264152396
DEFB129,-0.6360671084271458
DEFB114,-0.5898629662843187
DEFB130B,-0.486986322775358
DEFB132,-0.6329935732103636
DEFB105A,-0.6031049198535345
DEFB119,-0.5295394412957929
DEFB106A,-0.6877479370268368
DEFB128,-0.69286680130362
DEFB105B,-0.6374480966642565
DEFB126,-0.6429041754396373
DEFB124,-0.5832717796151751
DEFB116,-0.3885039948170893
DEFB106B,-0.6090862400447395
DEFB113,-0.7369782127784755
DEFB130A,-0.5379519819734127
DEFB131A,-0.5826084496341847
SUSD5,1.5477643766856677
XAGE3,-0.9494440301756724
METRNL,-0.3307559631029778
EAF1,-1.2705395486600293
XKR6,-1.0767532113339964
FAM169A,2.123507795424448
GRAMD4,-0.17799097459266272
PPM1M,-0.6039628314625122
ZNF26,-1.0697631217083496
PPP1R35,-0.5779370932645499
PPP1R37,-0.5641601256437871
SH3BP5L,0.2404589393108764
RCCD1,-0.192685556662841
BOD1L2,-0.2266856727618657
CCDC60,-0.8489925787447834
SHROOM1,-0.04974472738603302
FXYD4,-0.12257069805364387
ANO2,0.8163226387188373
TSPAN18,-0.12098454051549994
TMC4,-0.9834251051179833
PRR15L,-0.818894276621451
MIDN,-0.5023113690309857
CCDC74A,-0.6445814966898956
SNCAIP,0.759529949022662
PIPSL,-2.2618801831467485
MYO18B,-0.21400153575766928
BECN2,-0.9333139261880536
KPNA7,-0.6602838693874005
ENOX2,-0.6834939008267702
STKLD1,-0.8449406156757447
IFITM10,0.30372010495970947
BEST3,0.009838774925154909
MCTP2,-0.017136939290709856
TOMM20L,-1.0438393419239358
MPV17L,-0.5348402763337561
CPA6,0.1375334761737956
TMEM267,0.6009830413846698
TMEM247,-0.6718468017001028
NUPR2,-0.6994151444353374
ZNF432,-1.5390264377250316
S100PBP,0.37414231429236294
ARL14EP,-0.940031397958386
ZFP30,-1.3424693531521088
ZNF195,-1.3687818376539818
ZNF14,-1.5516562866773005
ZNF700,-1.5391899652838612
ZNF23,-1.2070427460860103
ZNF443,-1.2939047793584435
FHIP1B,-0.21894746857695677
FAM78B,1.2725607988750318
ZBTB34,-0.3353616320172907
RELL1,-0.3304311863328657
RBMY1A1,-0.5673430887954654
ARL17A,-0.3617660674375334
C1orf210,-0.7920575915510992
TMEM198,0.8830174113602203
MICU3,-0.831829849309741
MRGPRX4,0.9076182330314629
DBNDD1,-0.5833165801057253
GJA10,-0.4032490997711864
ATP5MF-PTCD1,-0.22313106354378143
ZNF629,-1.3758441123241356
NRSN1,0.3995430431506317
IQCA1,-0.5059675152098879
KRTAP19-6,-0.7598589123979667
STIMATE,-0.2991276316032474
CHST5,0.7081591273150517
FOXR1,-0.6284289394453346
CLEC12B,0.1835295648362666
IFT81,0.1972703730223445
SMIM14,-0.455397715930615
SERTM1,-0.4552732574106778
SCARF1,-0.5849765239173781
THSD7B,-0.7448404040159374
MB21D2,-0.7098757584223666
AIG1,-0.21938532734511043
ATRNL1,0.2775722508081937
TMEM218,0.6066760883158262
PKD2L2,1.003551022627055
CFAP45,-0.6983547238701675
CATSPER3,-0.010446062134719682
CATSPER4,-0.027364760768328597
TCEAL5,-0.39577736742234654
NHERF4,-0.19823878745334286
PLGLB2,-0.3037476989387241
NAALADL1,-0.3321439375974212
CPXCR1,-0.9584591691136782
MRO,0.2259047347047339
HHLA2,-0.6292201025299398
ZNF365,0.9162626619042171
KIF12,-0.3271642678902745
LINS1,-0.613619671232952
ZNF502,-1.175778912832042
MAGEA9B,-0.9116668891514647
RBP5,-0.38705161431908525
THAP10,-0.6692045367569784
CCDC198,-0.5930555380815087
FAM107B,0.16339541678819275
ZNF300,-0.13510402904666755
ZNF442,-1.4854020646712087
ZNF155,-1.4189568412612634
HPSE2,0.501628611866423
MSMB,1.09767536329866
IRX1,0.26609795318007556
UFSP1,-0.3225640944221919
HOXA6,0.20641446743453376
CCDC117,0.49211165546050106
PDIK1L,-0.22891995083973762
ITGB1BP2,-0.4420460844663139
HSPA12B,1.677850346838565
MOV10L1,-0.29827821806342525
MAEL,-0.5383590200864176
ASZ1,-0.9106741100879193
HSP90AB4P,-0.34082971463878153
HSP90AA5P,-0.8089968648155693
RPS6KL1,-0.520160489496103
MARCHF9,-0.41523326638523117
TRIM17,0.1915698450318115
DNAJC5B,-0.09542671918449737
DNAJC5G,-0.17087442546061493
CAMKMT,0.6436535373572224
TTC16,-0.6780164252485383
RPS10-NUDT3,-0.853356698106478
KLHL38,2.232350291626954
DTX4,-0.2195236698956877
AHSA2P,-0.49723145898205706
MTRNR2L1,0.0011793511370979486
TRIM73,-0.7742515026248078
KLHL34,0.8119808778832739
TRIM7,2.268372604934719
SLC66A1,-0.4812758468141137
DNAJC14,-0.1548223967874332
PRKY,-0.5378840358995057
C8orf34,-0.11617326150181168
GAS2L2,1.234280267980723
C18orf63,0.1470349760102265
OGFRL1,10.58654740978557
HMGXB3,-0.1786344891031347
AVIL,-0.43939413662222676
ZNF101,-1.1818237407925272
MLIP,0.8539975586097963
IFFO1,-0.4864922554086374
SYNE3,-0.2961109835654235
IZUMO2,-1.0915096714679209
PERM1,0.606150957015463
LVRN,-0.4852803642031628
SPANXD,-0.6806058748672601
ADGRG7,1.7271138946545836
ZNF345,-1.2247138034631944
DBNDD2,0.18119082393974456
MYMK,-0.018353746320078433
ZNF649,-1.4600584536676364
NYAP1,-0.3303166909295392
C20orf141,-0.1643776278241319
ZNF3,-0.43021012479242204
C4orf3,-0.5333450510126656
ZNF239,-0.7011846007889586
C1orf52,-0.28070895272042556
RHPN1,-0.4750409031113306
ERICH3,-0.9855630103190064
BAIAP2L2,0.25062205048344516
CCDC181,-0.5026407280791463
M1AP,2.330945945802381
SARM1,0.8519034902058881
RPLP0P6,-1.1983320864647906
DRC1,-0.9313759120290439
ASB10,-0.547524161656836
TMSB4Y,-0.5957297051234596
PLCXD1,-0.45330324963394253
RPS10P5,-1.1159126125929058
MTCL2,-0.14578187650133714
BLOC1S5,-0.6469344112856261
TSNAXIP1,-0.564086548280173
NUDT22,-0.6873604720239275
SMIM26,-0.6676314583391397
RNF215,0.38564689384810846
UPK2,0.03476585597636076
CPED1,2.941376603507767
GRHL1,0.7397288651059297
TCL1B,-0.44135850106302965
WDR90,-0.8053078469218088
SLC9A4,0.32280230534534926
SLC9C2,1.200102513562189
TBC1D12,-1.0121240317165616
ZNF75D,0.10975532144254159
CPNE4,3.2839367096224503
SEMA4B,1.9175059638775214
SEMA5B,1.9823396947402598
C1orf122,-0.4576423170292629
TCAF2,-0.2694787570381527
SOWAHB,0.13313696285284674
BRD3OS,0.7738255627069324
TMEM79,-0.7063832726935355
PRRG1,-0.34558833970303743
KLK15,-0.2907080806908762
ODAD1,-0.7269220825879618
ANKRD61,-0.9327972922092241
TDRD5,0.2223603051908168
SVBP,-0.1557634976898731
PRDM13,-0.16690752307786513
CAPSL,-0.8770205568429953
SMYD4,0.9263479426909031
TSPYL5,-0.6976222971750438
AGBL4,0.9997586035778149
MTCL1,-0.6947232572057087
TUBB8B,-0.611725656176472
FAM186B,-0.5639386041168923
NBPF15,-0.3402812346147332
CFAP47,-1.0312545213471838
CCDC136,0.4989419088353989
POTEJ,-0.5391314707726786
ZNF211,-1.3333334083290835
ZC2HC1B,-0.861356331064777
COMMD6,-0.7336598036387322
FRMD5,-0.39416292824935767
MEIKIN,2.212532763447519
PRELID2,-0.5512546711496159
FAM72D,-0.7738677246588703
EFCAB11,-0.619858759856177
GPR19,0.5479598735682044
C18orf54,-0.8223605069639011
CCDC18,1.8041488888007922
CCDC150,-0.039289076232212734
RPL39P5,-0.897651070457986
ZNF343,-1.02603783086092
FILIP1,1.183101923733286
TRARG1,-0.5584384184855918
CPSF4L,-0.600814795337072
CCDC170,-0.8784174310114554
HEXIM2,-0.9976263559849828
SNAPC2,-0.7713097082745894
PRR7,-0.35439923040133986
FEZF1,-0.10513934933516697
RNF220,-0.5829864152636287
FBRSL1,1.1545515501937662
DEPP1,-0.5981006989532792
CEMP1,1.507548838485401
SPAG6,-0.2952704450322713
SMIM1,-0.6652231772838082
MFSD9,-0.4729375161928653
SYT15,0.11922675188613664
SMAGP,-0.8136739917654365
CCDC185,-0.699104168952745
LIPN,-0.33976047891517863
DNAL1,-0.9964300734939014
LCE5A,-1.1231464262465383
KPLCE,-0.9526761480682937
GSDMA,-0.9925150742608502
MGARP,3.6397580055240994
PARP16,-0.6027010930827499
RGS18,1.1653300874042058
HDX,-0.17779806319996355
FAM114A1,-0.29900495864661364
NXN,-0.6527455871761797
ENKUR,-0.719796221733742
DNAH9,-0.4320340965484181
DNAH12,-0.8898389647970275
DNAH1,-1.0054055041639893
DNAH5,-1.195708143446043
DNAH8,-1.145142954585821
MAFIP,-0.7197445962882018
FICD,2.698028434556014
RNF166,0.31639887677527545
PNMA8A,-0.48864470208749766
MAMDC2,0.05734560715235258
PHACTR3,0.0115359254228401
ZNF446,-1.0922847615179243
PROCA1,-0.19097184102675174
WDR31,-0.42619900829560486
PKIA,-0.29504049315928094
TMEFF2,3.3872129782891314
LRRC56,-0.9294479368873018
SPATA12,-0.1549822017194795
ZNF597,-0.6737267482810898
KRT222,-0.457388574885879
MIEF2,-0.6224904924661105
OCM,-0.3280065071500437
SERP2,-0.6893414049882098
NRBP2,-0.734771872217349
MPZL3,-0.2429170685958094
FAM234A,1.3604757342583753
ARHGAP40,1.0648495112931498
CCDC141,0.5675956810844699
MRGPRD,0.8022607983845448
TP53TG5,-0.1227189705580069
KRTAP13-2,-0.954153085035584
GGN,-1.0404894861171283
MFSD2B,-0.6070681357262602
AGAP6,-0.3653557507270855
C2orf80,-0.19616433741467149
FNDC10,-0.19616433741467149
DCDC2C,0.06932011385440306
AGAP9,-0.3269454969959778
AGAP5,-0.42968642885967584
AGAP4,-0.4666583814832001
RNLS,-0.7180180995672826
DRC3,-0.930168478354301
LRRC27,-0.17205314898525348
ZDBF2,-0.551990085661106
ZG16B,-0.5989064272010555
AHRR,2.3284163411447767
PRAMEF10,0.005458565444806021
RIPOR3,-0.09916875015488433
ZNF428,-0.639894613386598
LOC102724428,-0.6295833162444606
PRR27,-0.7151523866166464
FAM120AOS,-0.9037175274684051
TBC1D21,-1.1963426757314994
ANKS6,-0.8401239997616482
EFCAB7,-0.6426217693387177
LRRC38,0.8223470149194864
LRRC52,-0.2576370203078557
KCNRG,0.0267860369965758
LGI4,0.9581774104284694
ZNF721,-1.2525627429450954
ZNF611,-1.2704860936004063
GAL3ST3,1.0369521411610396
PPP1R14D,-0.3901973172022725
MUC3A,-0.022855086691454706
ADGRF1,2.210062729563751
TEDDM1,-0.9428897597097057
NUDT10,-0.12348449549239057
CLMP,1.6185273528829602
RAB3IL1,-0.932714097611147
IFFO2,-0.6378646473000918
CT45A2,-0.22580703665680038
MIIP,-0.6429923703636602
VAX1,0.5348951983525341
ZNF572,-0.6641021683142911
CARD16,0.00890099848659311
MYCBPAP,-0.6727782471907311
IGSF5,-0.39809880277557924
RSPH1,-1.1241555410513067
SLC2A7,-0.1422634071722088
NKAIN2,4.310894262093861
VN1R1,-1.1105729063377907
MCMDC2,2.3647292669954174
USP17L1,-0.8004496648244442
KRTAP9-9,-1.1531083979206826
KRTAP9-7,-0.8621530738747272
KRTAP9-1,-0.9359106102012438
USP17L5,-0.8948971887600153
TDRD15,2.159152723984137
CFAP418,0.05288426757940085
NPM2,-0.7497220196588145
KRTAP3-3,-0.9734893065980015
KRTAP9-3,-1.0638607116547505
ASPRV1,-0.7369588915931194
C1GALT1C1L,-0.19960019217289346
MUC21,-0.4014328627160393
MUC19,-0.08400772475375877
MUC3B,-0.08400772475375877
GALNTL6,-0.04414406867497812
LURAP1,0.1663347877940858
BLOC1S6,-1.022399128467852
DCAF8L2,-0.772213357560915
MUC22,-0.532274925909168
CST11,-0.9211018900857094
GSX1,0.09717706348976113
RIC8B,-0.8997523781601846
EPYC,-0.05227427806353375
CPXM2,0.03571152123569203
TRIL,0.6362017972180267
OCEL1,-0.8051461251915549
ORAI3,-0.4839061721625323
GFRAL,-0.09031183195317614
TEX13D,-0.10994665033528057
TEKTL1,-1.1069426759424545
CCDC159,-0.9357559676630375
AP5S1,-0.7566514271109622
SYTL2,-0.5145335446317469
STARD9,-0.6739918143676251
BPIFB4,-0.8296895794193065
TOP6BL,-0.909280359968753
CLHC1,-0.019063757584961222
CFAP299,-0.3661736017439492
MFSD13A,-0.9633318239462244
MDFIC,-0.6906114653191906
CFAP52,-0.9084066747118407
ZYG11A,-0.9050111381887894
SAXO5,-0.3649006929223526
RABL2A,-0.852602882424758
PNMA6A,0.4618086125963716
SPANXA2,-0.3864114305381365
CT55,0.03602372661142361
SHLD3,-0.8104040479824272
ECRG4,-0.18914223052225607
AKAP14,-0.7537923802958724
TMEM145,-0.6461708449547987
SHISAL1,-0.14276151143659963
ZNF20,-0.9530854872007876
CLEC4F,0.6948095654511114
ZNF561,-1.0848654005879081
RNFT2,0.8047791105111568
SLC29A4,0.7418533299130369
TMEM169,0.4260926947265647
DNASE1L2,-0.3970200469307639
VWC2L,-0.7861045031255471
KLHDC8A,0.25620709934912395
USP29,-0.8116413288016144
MAGEC3,-0.4964368727440052
PKHD1L1,-0.05839598405266899
RNF207,-0.14415345007982722
DNAAF4,-1.0239272199505207
LDLRAD1,-0.6432887067264292
TPPP2,-0.23963745716613105
KRTAP5-1,-1.187145326170252
KRTAP17-1,0.0014659665109602665
ZNF33A,-1.3696487917755908
ZNF135,-0.3322865375109657
PTGFRN,-0.21417234341062313
KRTAP13-3,-0.025738439120033405
PBX4,0.531085692513241
GPR139,1.1935044516174316
CIMAP3,-0.7414001632223611
SYT8,0.7815577266998169
EFCAB13,-0.7267973005468682
RSPH9,-1.0737669844035331
PKDCC,0.46332688359792384
SSX4,-0.9789506308822276
SSX1,-0.7290429853799075
PAGE5,-1.0884481771880328
STOX2,-0.4995576311073217
SSX5,-1.1137243049714465
FMR1NB,-0.9750996042388571
GPRASP3,-1.2764775063130327
FREY1,2.2387294764641137
TGIF2LY,-0.09387158140367075
SSX3,-0.9889247654355001
GAGE10,-0.8285394042020399
SPACA5,-0.9705050348616202
SPANXA1,-0.6711658059261144
MEIOC,0.5135608135275587
ZNF248,-0.941022663275424
ASAH2B,-0.7096198174730332
KRTAP10-9,-1.2336101660071246
PCP2,0.47582930126022044
TMEM170B,-0.4397760192316854
ARMC3,-1.0199941234806857
ZFP82,-1.2269476947239941
PCDHGA1,0.04816899374131631
PCDHGA10,-0.0521197233204371
PCDHGA11,-0.056880544226387796
PCDHGA6,-0.11645464621990026
PCDHGB7,-0.01344343120149587
TOPAZ1,2.4886224909046817
OTUD1,-0.7483368474808749
PARP11,-0.7163832597811929
KRTAP21-2,-1.1139619534870504
KRTAP7-1,-1.1044713533557915
FOXD4L5,-0.2651693960234708
CELF5,2.5905949746058208
SLC7A13,1.5270594582663832
SLC35G3,-0.36310834555033533
SLC35G5,-0.20511836816289955
SLC35E2B,-0.18342210207793694
SLC38A11,0.18122936010576662
CARD17P,-0.1948143818347396
NLRP14,-0.3722113839698982
DNAJC28,-0.1735753673349266
NLRP8,-0.6573435150793406
NLRP11,-0.8481823738209332
TSHZ2,1.7184850852629927
PYDC2,-0.3815492465707344
ERVK-19,0.8503224322076195
DPF3,-0.48731869484694423
SP140L,-0.9918374986546946
TTLL4,-0.5661826729720322
FDCSP,-0.5369510281475923
UBTFL1,-0.5982487679327395
TCHHL1,-1.163311109197641
SMIM32,0.3875893378420043
TMEM244,0.5943567400736706
LYZL4,-0.3135488515666603
CT83,-0.48931330115729355
KIR2DS4,-0.1587612311954757
TCTE1,0.07947320556174102
TRBV6-5,-0.47656596211558255
TRAV21,-0.4442289201562187
ERVW-1,-0.5722933749870014
TAAR6,0.6352126767150196
GPR157,1.1355129167927411
GSDMC,-0.8733594461730385
ADGRE3,1.2132174626251198
C2orf88,-0.2978966850531198
AKAP7,0.08258767392617052
CFAP70,-0.907537052893315
ZNF749,-1.4265063252181693
ZNF559-ZNF177,-0.3354276271518295
CCDC32,-0.531935388101556
ZNF35,-0.3795858065935703
CCDC187,-0.5718772924755446
GAL3ST4,2.5455323923196493
LEUTX,-0.2507527745937411
LMNTD2,-1.1705356872308372
ZNF575,-0.7418024054738434
NUDT18,-0.8206781830284998
MYPOP,-0.5877500350903163
DMRT3,-1.1074893055494999
BICC1,-0.4782779149919933
SP9,-0.12440277587443317
PRDM11,-0.2431077672975474
SFMBT2,-0.43185672734919517
GARNL3,-0.5354000391082276
SLC16A6,1.141057355411702
CFAP44,-1.0409737965391062
CYB5D1,0.5324071706136448
GPR21,0.10571962631806547
LELP1,-1.1516329702756058
SIGLEC14,-0.4979922603281313
KRTAP6-3,-1.0321187964838465
SLX9,0.6078161778684137
GPR135,1.1285883590828387
SLC45A4,-0.415648326716193
TAFA4,1.794266034665156
KRT27,-1.1268657456542697
ACTL9,0.13787834220958153
TMTC1,1.1696288353367696
ZNF665,-1.3341528980689887
PRAMEF9,-0.30667594108626217
PUS10,-0.8084065364372978
NSUN7,-0.779474499006908
PRSS37,0.6253304339167878
OARD1,-0.6837834774614155
ANO9,-0.07256370734455038
DCBLD1,0.2683778274461367
TMEM150A,-0.38210139878942395
DNAI7,-0.7620900721039173
POMZP3,-0.8513628636520433
CCDC148,0.9667891603605662
LMNTD1,0.49393711055287853
SPATA4,-0.5950896327847207
RTKN2,0.26816657544386996
CT45A3,-0.7739407492956499
FAM83A,-0.8080463338212388
ERI2,-0.48445718535570675
RTL10,-0.646798308703598
CNRIP1,0.027065876667785246
CLC,-0.369839095844744
GAL3ST1,2.499659003039743
SPATA18,-0.5790015420360215
RGS21,0.30401929888100443
AMER3,-1.0619218014624974
KRTAP10-10,-1.5077536565021574
C2orf68,-0.7485922186989552
KRTAP4-5,0.37935851143380755
ZNF124,-0.976675286668631
ZNF587,-0.018002809501963285
KLLN,-0.4356540333246189
DISP2,-0.20477136964977755
ITPRIPL2,-0.4585073305987659
RUNDC1,-0.32666532925942227
OOEP,-0.26552431731807374
C10orf67,-0.3141065866448712
PLEKHH2,-0.42103413632936726
ZAR1L,-0.3925527138510118
RIPOR1,-0.37985034801665146
PRRG2,-0.8920598986026201
MRGPRX2,0.7692902216347305
STXBP6,0.16720151411335304
GJD4,-0.44172142628108946
EXOC3L4,-0.1817319208619444
PRH1,-0.6224542414486457
SMR3A,-0.6703305070959445
C16orf89,0.08999803988234958
PRR20C,0.6602960356931301
HIGD2B,-0.4136225976907009
LENEP,1.0353779707012807
ZC3H10,-0.5794168028978037
FAM53A,-0.58615611976034
CCDC126,-0.18207950795908595
LRRC73,-0.8351557299203625
ZNF287,-1.2875351056288564
SOHLH2,2.4637849378268912
MARCHF4,-0.4533038572401749
PIP5KL1,-0.5116099925350537
PLEKHA8,-0.8563000551111682
ZNF653,-0.9208187511803981
SERF1A,-0.13061577815430653
BRICD5,-0.19917352889711168
ZNF682,-1.4216918456404477
PPP4R4,-0.6782027310737397
CNST,-0.6071325626190064
PLEKHF1,-0.5178342136934431
IQCE,-0.386107879782667
ZFTA,0.9861512761131818
FAM186A,-0.7219338164652838
ARL11,-0.1755142332117297
TEX13B,3.027002235159604
ZNF823,-1.529765347631144
CARMIL3,0.22264555752571852
TSPAN9,1.4042669112201223
LRRC37B,0.14936325872036177
MAS1L,-0.15068886236338694
CRLF1,2.0480586188590415
SIGLEC11,-0.5557884426302357
SIGLEC5,-0.612592519534353
CNPY4,0.23052166317099018
ZNF462,0.9047032802915536
ZNF605,-1.4067329105549633
SMCO3,-1.0304916359725018
ZBTB25,-0.9982114722041496
C1orf105,-0.28696777474080626
ZNF138,-1.3820493396317732
NHSL2,-0.7111082433606867
DMRTC2,-0.6060788365822718
DND1,-0.32878561354044966
CSRNP1,-0.6333661878486212
MIPOL1,-0.6183215574393829
NYNRIN,2.0819036314160484
ANKRD9,0.15239443127411625
KLHDC8B,2.9273179109220124
C1QTNF8,-0.08610473445101681
LINC02875,-0.1168841244005089
CPLANE2,-0.6580582153550446
TANGO6,-0.7484083504554802
KRTAP12-3,-1.1684005005362441
LILRA3,-0.4187097959180504
TEX19,1.1444741312091786
LMLN,-0.46590608886455936
CDR1,-0.09881281069208979
AFAP1L1,0.39318229429105245
FAM153A,0.2657411268032249
PEAK3,-0.21445513362277482
CSMD2,0.374627826194732
ZNF557,-1.2950816597192687
SAXO1,-0.431176092002347
ARHGAP33,8.36000747719231
ASCL4,1.4556985339662742
OFCC1,0.05657772528853658
PRRC2B,-0.5493556879633402
LRRC74B,0.6817287643183461
LINC02915,3.347367645059386
APOBEC3D,-0.7933481031565752
ZNF469,-0.6218152491025526
NAA80,-0.49321925391757687
C5orf46,-0.9485353743823443
C10orf55,-1.1125982722539611
ZNF837,-1.041515351592544
RBMY1J,-0.5732905069370503
TYMSOS,-0.9468840541290506
SLC18B1,1.2165549579687451
SLC6A16,1.5996708391741954
SYT10,0.6197989158079201
NTMT2,-0.7857304328280555
CSKMT,-0.8473907547363702
ZNF394,-0.9698930253524094
CYP4Z2P,-0.734104511435314
IQCD,-0.9461772485251705
SPEF1,-1.0449931056963702
FMC1-LUC7L2,-0.5154956692075564
SHROOM4,-0.22224196021738746
PLEKHG5,-0.12979838653729145
SLC23A3,1.3687851569546694
RGL1,1.413955675076605
CA13,0.1475578733438142
DISP3,-0.6727378370967242
SPACA9,-1.0980169121322718
BEST4,0.3632705634837796
CRACR2B,0.013719497343634769
KRTAP5-7,-1.2731594324457538
LYSMD2,-0.6990182955024212
KIAA1958,0.059012622903799605
TRIM45,-0.5046355586699602
CLN8,-0.3481519207577837
SNHG28,-0.5605417727337149
GJD3,-0.17839228285033246
KIAA1755,-0.12272418816192525
KIR2DL2,-0.17283326687604017
NACA4P,-0.24735345185353735
NUTM2A,-0.6620434862723977
CCDC183,-0.24975290631596514
USP17L3,-0.4878682226615313
FHDC1,5.868549527310602
MAGEB6,-0.764022426048273
GARS1-DT,-1.3254681030675244
SLCO6A1,-0.5293427378011131
SCGB2A1,1.5833696756031637
OVCA2,-0.007294712064227111
ATXN7L2,-0.5460643960979681
PSG8,-0.3085248644452924
FIBIN,5.838004196996335
LYZL2,1.7597900570033356
ACP4,-0.5135524345247728
PRR32,0.40980582985812386
ZNF85,-1.1668942175399237
TBX15,-0.31272749824768115
KRTAP19-1,-0.9363162111840294
KRTAP15-1,-1.2040956300109982
MAGEA9,-1.087788509290744
DNAAF1,-0.8475692499572848
GOLGA7B,-0.23151790117718363
FAM220A,-0.25929159237413923
ATP5F1EP2,-0.090751706448284
SPANXN5,-0.9075643103123676
CEL,0.07813789078025164
KDM4D,0.5754770633699402
MROH2B,-0.35317991483411787
MAGEB10,-0.9983540587638792
LGALSL,-0.10746381771003446
WFDC6,-0.3350220842938036
SPRYD3,-0.812648421696696
SPSB2,0.0019852960387927486
ZNF385B,-0.7094776903070176
ENOX1,0.21864995150240563
ZIM3,-1.005053491093507
C10orf53,-0.3654897251535134
CIMAP1D,-0.6900039089444723
TMCO4,-0.655372922661042
CFAP20DC,-0.8999824731043939
ZDHHC23,3.475336235455524
VN1R5,-0.9641611845838792
PPP1R14C,-0.7541347882529364
PSAPL1,0.4413546470353973
ZNF70,-0.5772294853843893
KRTAP5-3,-1.1749358939819976
KRTAP5-2,-1.1102379924666308
CRAMP1,-0.4328569957052436
KIRREL2,2.5199991333516114
NBPF1,-0.4833689336637695
FRMD3,-0.413515525014129
ZNF524,1.3594488768061999
LINGO4,2.3742214426053976
TSPAN32,-0.2232277346141826
SLFN14,1.0418464417401827
C4orf19,-0.5821310259403422
MAGEB17,0.424913421255564
SLC66A3,-0.33185743032841813
LHFPL3,0.18161749345723585
OSCP1,-0.37140847758262935
HSFX2,-0.4554619942933181
VCX3A,-0.6464167100189971
HSFX1,-0.43223530600187415
VCX3B,-0.5291127582923761
VCX2,-0.4910759402992356
XG,-0.6770344768927379
RNASEK-C17orf49,-0.13655808189784951
ZNF43,-1.3146862205814782
ZNF566,-1.3039166323548763
SKIDA1,3.6505512348832
ZNF678,-0.9230156859736172
CERS1,0.01719886809120909
RNASE4,-0.43636742306149173
TAAR8,0.2830380596991407
TAAR9,-0.15687967743421885
GPR148,0.40465381266618033
GPR142,1.145524035545933
ADGRF3,1.5396638059647851
CALHM3,-0.0846524051771211
ZNF396,2.1732043258905858
CCDC71L,-0.2588771153106749
AGBL3,-0.18452154910886376
C1orf127,-0.8820780045081043
KRT25,-0.8847721212652561
WDR93,-0.3290582385341832
GALNTL5,-0.12171247118030068
TMPRSS7,2.3852047762575475
CFAP157,-0.8791578963639778
ZNF582,3.317644770967202
SPHKAP,-0.3201889462653545
RBMXL3,0.2707959938337235
DCAF12L2,-0.8431898928477547
DCAF12L1,-1.1116061970705349
DCAF8L1,-0.8828598074877901
RGSL1,0.019233788369532823
C4orf54,-0.5319580250418021
ZNF525,-0.39862103812463745
ZNF407,-0.6824019693538221
CDY2A,-0.580671739896155
NRK,-0.62235320561269
GPR149,0.14801408979120872
ZCCHC18,0.9187887710275564
RASA4B,-0.8586723504579017
KRTAP16-1,-1.1481694654109835
SWT1,0.07500433073242063
STPG4,0.10760871405384037
ZFYVE28,0.5827087916968112
ATXN7L3B,-0.6711000432113197
USP31,-0.7147605724629464
CMTM8,-0.6758984927206778
RBM41,-0.47766041330180803
MMP28,-0.6576878774926912
SERTAD4,-0.4821352161675108
GSTT1,0.9187887710275563
RPS26P11,-1.4550420088715335
ADAM5,0.9187887710275564
C11orf16,1.6018415072211891
DNAAF8,2.709325714627388
IL17REL,-0.28931235325343035
ISLR2,0.4042558223246353
PRRT4,-0.36382194774858323
LEKR1,0.7480949359465316
URGCP,-0.7641881837509774
EML5,-0.35559848405615646
ARHGEF40,-0.1829333035855198
SNX31,0.08210663977770391
TMEM88,-0.5747740444223307
KRT28,-0.9455767724047572
KRT74,1.2408192193851526
ZAR1,-0.6734652312473236
OOSP2,-0.7974656571870679
DPPA5,-0.43269665396258883
DAZ1,-0.780254336426616
DAZ2,-0.7509180825104581
IZUMO3,-0.770908817935816
PLAC1,-0.7137977050073794
SEMA6C,1.9627502866327564
ZPLD1,-0.6364660577815275
MRGPRX3,0.8597276644222994
ANKRD34A,-0.46351961002551567
RHBDL3,-0.0740998526891377
FAM110B,-0.5314153686056676
GPA33,-0.5807593048593459
ZNF778,-0.7031697514374001
FSCN3,-0.03943048919607035
C15orf61,-0.1926341807976678
ZSWIM1,-0.18492615024733675
EVA1A,-0.08265489553369346
ANKRD29,-0.18180365502452864
CIB4,-0.49351784071403326
KRTAP8-1,-1.134444445563444
DENND6B,-0.8214461507486007
ST13P4,-0.8736618500831482
CDR2L,-0.7306904785489899
C7orf57,0.023303452547532567
PIWIL3,0.37265218223388213
ZNF471,-1.399487221924522
BFSP1,0.39475449554550146
FRG2,-0.5463411114611024
UQCRFS1P1,-0.6344134886406956
C10orf95,-0.3245632869960327
C11orf21,-0.5076895112602214
CCL14,0.27650104629350464
PRM3,-0.6824541075647361
SPIN3,-0.7166109628374728
C16orf95,-0.29892039802438786
ZNF260,-1.4178420336310604
EBF4,0.309763196335519
SPINK14,0.11641855222318952
TTLL9,-0.8388802780821155
FAM86B2,-0.77395247674039
TTLL3,-0.2364093006341179
CCDC61,-0.3948096394849797
ARL6,0.9263122065076795
TPGS1,2.1465590044437755
SPMAP2L,-1.208439041305017
KRTAP19-2,-0.857495918489315
DNAI3,-1.0906409637248615
CXCL17,-0.5649730273535917
CRISPLD1,1.9868919341780977
CDKN2AIPNL,-0.5715196403161956
SEC14L4,-0.5523588596407668
CATSPERB,0.17168767417080985
SRGAP2C,-0.4535432887157803
TCIM,-0.3974069969206001
C12orf75,-0.06008963075182427
SLC35F3,-0.04067084121273078
KIAA0825,0.6262073689354496
MRNIP,-0.3279836402801692
FAM219A,-0.0987734252716916
OSGIN2,-0.6134914160522992
LRRC39,-0.019786779916595013
VMAC,-0.10128540062052592
DRC12,-0.5548754319510533
CSTPP1,2.638980583252294
TRIM42,-1.330626802437889
GTSF1,-0.44865184564086596
RBM43,-0.5056561304753363
INTS6L,-0.7326340963544857
ZNF205,-1.2165208134180137
RASL10A,0.7251411243086314
RFX4,0.9566856163988076
PLCXD3,2.926652238256469
TRABD2A,-0.36525063325923096
RCSD1,-0.2419107131881827
KIAA0513,0.3679570131982954
OCSTAMP,0.3507454030480248
SHF,0.42659775163882213
SEMA3D,2.6706019762228945
ADGRD1,1.5655736968749114
CSRNP2,1.5404046916355811
PPP1R27,-0.8904991541155629
TMEM132D,0.8477022598271211
TMEM225,-0.8953906320897338
PPP1R3G,-0.4505152466890468
PPP1R36,0.7045826441040212
TMEM132C,0.002646374720734381
SAXO4,-0.3559670268846772
CSRNP3,0.691064064154364
SPOCD1,-0.22621280114205955
PPP1R2C,0.48005385049521027
C16orf96,-0.7683487295557128
ZSWIM3,-0.32021823841710934
PPP1R2B,-0.5992592299147914
ELFN2,0.291559738289282
CFAP92,-0.6927676624237121
TPTEP2-CSNK1E,-1.0162939218291522
SPZ1,-0.1749099148070391
LMTK3,0.14407589557797812
C6orf62,-0.7018684830301248
ZBTB37,-0.4980855924066392
INAFM2,-0.7521990192281613
TEX50,-0.20491538963260306
GOLGA6L9,0.43245548903091224
MAGEB16,-1.243933937775855
MAGEB18,-1.044385539921712
MAGEB3,-0.8182509537311333
TDRP,0.8846455905293329
KIF27,-1.0432458042854735
XAGE1B,-0.9322407570028947
SSX4B,-0.37211000466017313
CSAG2,-0.6570989601788687
TCEAL3,-0.47913676217418727
C4orf51,-0.4337657889551137
ANKRD26P1,0.24146156185012022
SMIM13,-1.3166609378238143
JAKMIP3,0.04683978314832367
VCY,-0.5738750054372423
RBMY1B,-0.2237781090215632
TSPY2,-0.6185674067277784
DAZ3,-0.6429971607246381
TSPY8,-0.6966619039936743
RBMY1D,-0.35541096788331955
TSPY4,-0.5931847133040572
TSPY3,-0.7439166463500672
VCY1B,-0.3632939650763303
RBMY1E,-0.5243526153723073
RBMY1F,-0.36384211288652507
PRY2,-0.39281352102968725
HSFY2,-0.4023114442157467
MEDAG,-0.44620697915726254
MAGEE2,-0.8887237539048579
UBE2NL,-0.3775444411143543
GOLGA8S,-0.06930323349386075
GOLGA6C,-0.3090197327588542
GOLGA6B,-0.587343942092233
GOLGA6D,-0.35834184783168177
GOLGA8A,-0.7330839561350421
H1-7,-0.1756227141867126
SIAH3,-0.6644112390556894
CCDC142,0.2932261877749464
CCIN,-0.4986341234853194
METTL21C,-0.2921829003188798
ABHD15,2.2164461893436385
ZNF496,-0.02884385672417205
ZSCAN5C,-0.38595909024911396
ZSCAN5B,-1.2992111801491435
ZBTB39,-0.5559596147268696
BSPH1,-0.7568096848744112
MMP27,-0.5158065971985198
ADGRG2,2.2727216431476465
CCDC169,-0.29437211528231927
TRPM5,1.2352579098458418
KLHDC9,-0.34627194958407487
MILR1,-0.2020637624719286
ADAMTSL5,-0.31231534625611673
KIR2DS1,-0.05182134471479442
KIR2DS5,-0.20867000382910325
TMEM191B,1.0693219208288582
PI4KAP1,0.13923976482158962
ZNF672,-0.9097009072828965
BPIFC,-0.8313854862732734
TASL,-0.30333249840431764
C3orf20,1.7050300089761077
ADAD2,0.6273703551295498
PIERCE1,-0.7644287393319141
CFAP77,-0.7399803999543423
CFAP57,-0.9475367133577601
FAM3D,-0.44150174492178723
FUZ,-0.6963974501299919
NBEAL1,0.10169684500904314
ZNF618,-0.7359043059629516
DCDC2B,-0.0710628349910365
C22orf15,-0.3675739624444197
UBAP1L,-0.7014677970100969
GTF2A1L,-0.5145688902387018
ANKHD1-EIF4EBP3,3.118429742953549
BRD10,-0.3449621739115117
FSIP1,-0.8440480601138272
C2CD2,0.19162576064909964
ZNF697,-0.9651857020973705
UBALD2,-0.5819758918097868
ZNF154,-0.7106144932960928
TBC1D19,-0.2617250001423315
MEIS3,0.5904248006530929
CGB8,-0.08048371985225643
LGALS16,-0.1421860266293439
RGS13,0.23358675671475557
ARMCX4,-0.5067837093848702
FSD1L,-0.42501877633425733
ZC3H12B,-0.7636797358351137
LSM11,1.4394705590303025
PLAC9,-0.11826190266590651
CD164L2,-0.5583721874428962
SYT16,0.016532576410579255
PRR18,0.7421120058173403
ZNF117,-0.02696325447689383
ZBTB6,0.35375586785352636
ZNF614,-1.2133951347845138
ZNF253,-0.8624427334635932
TRIML1,-0.6951717363745527
OTUD6A,-0.8123418343036605
ZNF391,-0.8285765055219875
HNRNPCL2,-0.9061211542072032
WFDC11,0.9096494235602759
TEC_100124696,-0.3411156065615876
NKX2-8,-0.4151372391843788
NKX2-4,-0.3736562539349001
DBX2,-0.44745001776953797
BSX,-0.27421284813202
FERD3L,-0.31029556535376446
IRX6,-0.39298554602161656
OLIG3,-0.5662732743185402
HELT,-0.22907410570983114
ZNF100,-1.3632197769378638
ZNF430,-1.2103940393253774
SCRT2,-0.16479922237121827
TSACC,0.20412236072975543
CPLANE1,-0.32239404986567094
ZNF418,-1.5230923437643085
CELF6,4.551939333225998
C1orf226,-0.07896602381525444
ZBTB8B,-0.14887727436694811
SPANXN2,1.6578324895308274
MBLAC1,-0.6585075451372019
CDPF1,-0.6450677572923434
CCDC197,0.29166094075911103
FITM1,-0.7429568477342232
ZNF254,-1.2191595514462192
ZNF568,-1.5225986735116168
SRMS,-0.5063274698989626
ANKRD54,-0.6247201325590688
DZANK1,0.8953839652248476
RTP3,-0.22542515694129012
CGB2,-0.34609228190316677
ZNF90,-1.3603306261776684
EPCIP,-0.031214594868815386
ABHD12B,1.1509106421550497
ZNF275,-0.8528107862635836
ADAMTS14,-0.4246968925647151
CRIP3,-0.850954890902079
CHURC1-FNTB,1.8853413060644968
KRBA1,-0.7116208095862838
PIR-FIGF,0.4576396771936097
JAKMIP2,-0.30383188452493126
FAM217B,-0.25767226368396806
TRS-ACT1-1,-0.7398774382662322
DENND2A,-0.1689410342304424
RNASE10,-1.000549881033027
RIMOC1,-0.5126600091426373
UQCC6,-0.8107332075572902
ANGPTL6,-0.4267994301066558
CAVIN4,-0.35467021703200946
H2AC19,-1.0969794004167484
PANX3,-0.47971222233581134
GJE1,-0.42283555741184686
ZNF284,-1.1227099124982913
WBP2NL,-0.4746542780026255
LRRC20,-0.3463591423184936
FAM227B,-0.5988825165956655
HEPN1,-0.7565335886944349
ABRA,-0.7091011511095161
UNCX,-0.5126462404881954
PPIAL4D,-0.0001371070370938105
SNRNP48,1.0530686533048759
CLEC18A,-0.41433273909569396
C1orf87,2.195731475731048
ZNF213,-0.7679622105209873
ZSCAN29,-0.7283147815569733
TMEM196,-0.16101163525631515
ARGFX,-0.5863126660785146
CFAP90,-0.8092265206008106
PHOSPHO2,0.23014022200186968
ISM1,0.3127827007750753
PEBP4,-0.23396301058803823
ERAS,-0.2765257683470678
RNF175,0.5647265577320221
SPATA31A3,-0.7173308639501148
CCDC196,-0.7425291921912002
ENDOU,-0.6500001700925444
SRARP,-0.5592724913623328
ZNF234,-1.4408466072861363
PABPC1L2A,-0.848430446953623
TENT5C,-0.20896732146534266
NUGGC,-0.11610164836743954
IGKV1D-8,-0.4785213852260535
ZNF783,-0.5103252497868229
ZNF587B,-0.38227988963695425
ZNF484,-1.433356739304887
MSANTD1,-0.4896771300031672
NBDY,-0.7629217979241147
CT45A5,-0.6801222678002349
VCX,-0.9995185912607232
CFAP43,-0.9093372202018746
ZNF519,-1.3168036661637177
PITPNC1,0.05369071793737024
LRGUK,0.2959968837880969
PLEKHM3,-0.22782668455421123
TMEM102,-0.5671016974511136
RNF187,-0.7944877747891362
TBC1D3F,0.7163929152592465
VASH2,0.29928417630562487
JAKMIP1,-0.43589645345435907
SCML4,-0.032058118347830046
CCDC69,-0.582776882231363
NPVF,1.0944005242554018
INSL6,-0.2798977116864773
CNBD2,2.3050728541704495
ZFAND4,-0.1488911925753214
ZNF804B,0.5547662881537168
USP35,-0.8126787021379932
SERPINA9,-0.6024107647489151
ANO4,-0.10632859575771667
AADACL2,-0.6026792524882532
SLC35E2A,0.09163274014468681
GPR15LG,0.1920294464587429
RAG2,0.22633305161922299
SSC5D,-0.22037737367947052
SNN,0.040333898063714145
TMEM236,-0.13455830175147868
ZNF821,-0.3741077822861332
ZNF506,-1.4173602569206039
C10orf90,0.10026790615993647
THAP8,-0.7839081550943341
NPIPB13,0.3863286578078846
MAGED4B,-0.7283606663215814
ZNF679,-1.3785157265561776
TSPAN10,0.6775068128681626
GUSBP1,-0.06240487564626871
ERICH6B,0.04296577322618969
ZNF439,-1.8307323338155737
TRGC2,-0.1382492353967318
NSUN5P2,-0.15391278025058838
IQANK1,0.08376888037697981
SPIN2A,0.13739866424689717
ERICH2,0.11739506363951355
PCED1B,-0.3883863529566768
TMEM138,-0.5387391782143269
ZNF776,-1.4077371042590452
H3Y1,-0.6168385942313426
ZNF730,-0.6760803990129057
ZNF333,-0.8162714206304093
SMTNL1,-0.5829763068467078
ALPK3,0.14539315973647055
GRAMD2A,-0.369095959244145
KRT39,-0.9499632282745619
TMEM108,-0.21863605819965373
EFCAB2,-0.645840917942262
DCDC1,-0.7590048667524991
NPIPB12,-0.7787802616754055
RNASE9,-1.9496270424958346
HAPSTR1,1.3659406945487937
SPRED3,-0.13817870832394571
CCDC175,-0.9530404246886398
KIF19,-0.8602630281890634
CEP15,4.889925484135237
RAP1BL,-2.016671480822736
NRIP2,3.7514978569024136
ZNF547,-0.4011220769143963
RAB36,-0.5163955559570663
CAPS,-1.226211242108017
CEP295NL,-0.5767336253651619
TRIM64,-0.592443805376925
TRIM48,-0.4068403063835335
ZNF77,-1.4832290287412018
CCDC63,-0.07130729360257235
GDPD4,-0.43178197385702854
C2orf78,-0.9524172603201648
KRT26,-1.1055147644681163
ZNF708,-1.5042064647433564
CCDC42,3.041659519144954
GLT1D1,-0.1067270328057943
GSG1,-0.20261393046450824
ZNF684,-1.2243590289324222
REM2,-0.556841505265569
SYPL2,-0.41792114701444183
TMEM132E-DT,-0.03983394517429486
SSX7,-1.1089251866247156
SPATA16,-0.03642231587531252
SPEF2,-0.9338297463223347
TTLL6,-0.8425668891938783
TMIE,-0.4939954263948521
OTOGL,-0.13435602341900169
FIZ1,-0.47322895835231377
TSPY10,-0.601131020564182
SPIC,-0.16953398383837512
BPIFA3,-0.0024986475822841824
DYTN,0.8891413033816337
LNP1,-0.525946386003744
ZNF816,-1.126027755324234
ADIG,1.4483617935626878
RNF24,-0.39418983156383147
C14orf93,-0.8050687540874097
FAM98C,-0.011193851163549427
VCF2,-0.9341161218214047
ZNF717,-1.0646314785550626
TTC32,-0.6349877665341458
LRRC63,-0.9001526838677718
NIBAN3,-0.689415136177572
DPY19L2,-0.4604749809982993
CCDC171,-0.16076656122166397
ZNF780A,1.2577444111616543
HSP90B2P,0.5930326600012207
TMEM74B,-0.07163162933704731
XKR3,-0.8252666281535879
MPIG6B,-0.040565533502491584
FAM156B,-0.12786323222852808
FAM156A,-0.38250646055721155
SRGAP2B,-0.5266409539757511
ZNF664,-0.7273648934792257
ZNF165,-1.3134243661172567
FAM13C,0.1556866364037525
CDH26,1.7419979767882945
CAPN14,0.48447429204060155
FAM184B,0.7517981954646622
WDR87,-0.053316275368003437
ABHD17C,-0.16340502722623138
TLCD5,0.31028476496636115
SATL1,-0.4448036217014922
ESYT3,-0.28987812403946145
MS4A15,1.8338544383967301
AMZ1,0.07866232356573322
ZNF767P,3.082869047976445
MBD3L3,-0.5518997986971136
MBD3L5,-0.23440996746572643
KLF18,-0.3544675713051007
JADE2,0.5508410040749422
TMEM71,-0.2234424376135834
DMRTC1B,-0.06220012996107543
ZNF627,-1.364713871903603
FAM83F,-0.07459502869281362
INSM2,0.06170742656459464
ONECUT3,-0.16928108398186428
ESX1,-0.2687371467088903
NKX2-6,-0.1360920490399845
RAB44,-0.6621168446415676
PRR9,-0.9430048267045876
KRTAP5-4,-1.1701223141462305
DUOXA1,2.5361096251381485
NCF1B,1.706571729399882
ZNF710,-0.1273510891927172
MYZAP,-0.28169756339283425
DYDC2,-0.32269452021187556
LRRC37A,0.8433570656637426
ZNF562,-1.388655406033668
SPDYE9,-0.4169925081575528
ZKSCAN5,-0.838006036884623
POM121L12,1.0958363007213443
CCDC28A,-0.3407236494675839
LRTM2,2.754584469807056
RERG,0.16078753199174148
SFTA2,-0.844993501810847
C19orf33,-0.4953527610799596
VSIG2,-0.6919443203305298
ZNF257,-1.3742520804117822
ZNF385C,-0.32462432548855225
TUSC1,-0.9784333888678304
TINCR,-1.0966644703176096
PCOTH,-1.0966644703176096
RUSC1-AS1,-0.7532782845366711
FAM218A,-1.0966644703176096
URB1-AS1,-0.5347875800467925
LINC02913,1.2509665256598168
KIRREL3-AS3,-1.0966644703176098
SPATA8,-1.4701431892679337
MAP3K7CL,0.10922782614236072
TBCEL,-0.4316526262648658
DNAAF3,-1.0570308965911814
KRTAP12-1,-1.22420313979116
FDXACB1,-0.5563330722414642
KIF9,-0.579053136234179
PIH1D2,-1.0844567270748517
SRL,3.070681904618631
TENT5D,-0.9069047971656655
PAIP2B,0.18171016226183836
PRR20E,2.1376652265828033
DTD2,-0.662596784595775
CFAP53,-1.0294961621140999
BEND6,0.04902492597266742
ZNF589,-0.8479823333632175
TAL2,-0.19353271258718038
ADGRA3,1.358626023138507
PRR20B,1.3337633230870405
PRR20D,3.9938572964861963
ODAD4,-0.869792307173346
FAM25C,0.35745814583514957
GOLGA8G,-0.7028336191418536
BRS3,0.9511419825440928
CIMAP1B,-0.5896030050815152
TXNDC8,-0.31962090915866304
ZNF91,-1.4018907481930127
ZNF264,-1.6155820158084007
TMEM52,0.004689427871624098
ZNF577,-1.1381468503045868
NATD1,-0.8302964877268333
STAC3,-0.6755900382878195
GPATCH2L,-1.1476865588425622
ZNF670,-0.8622578180712395
XKRY,0.16273789173102587
TCEAL7,0.9793112155175173
ZNF784,-0.9387681662305039
ZNF71,-0.9036674360212279
LRP5L,-1.488927906875879
KRTAP5-8,-1.0753917528121926
KRTAP1-5,-1.177835380179451
PRICKLE2,-0.16299689145804497
CYTL1,2.0920599993030176
CHADL,2.369700536462663
GRIFIN,1.3995566178498309
ZSWIM6,0.7741161969620912
CIMIP2B,0.47265287766929465
ERMARD,-0.076433617867442
TRNP1,0.4914791878268243
TMEM80,-0.34933872302347097
ZNF586,-0.5892932839997208
ERV3-1,-0.812712002120963
RNF122,-0.012858083709299882
PPIAL4C,-0.15710253755861228
TMEM200B,-0.30431206156234064
C1orf167,0.6323217906538318
CFAP73,2.0259261919979523
LRRIQ4,-0.47221443378910877
FSIP2,-0.7969568773876254
C8orf58,-0.3406402133599499
ZSWIM4,-0.08261191308058106
KLHDC1,-0.0827362797973912
NPIPB15,-0.3845354524002355
PINLYP,-0.18387397695953459
PATE3,-0.12073188377478059
PATE4,-0.1833237434255204
SERPINE3,-0.5100959147951429
FER1L5,-0.33755347368364164
SPATA9,-0.41247487031513175
PCDHGB6,-0.06006434163435425
OLFML2A,1.6300415330276226
IFTAP,-0.6633609453853457
ZSCAN20,-0.7595199277089336
CALHM4,-0.3093729408181399
TMEM178B,0.8108008351232705
TIGD4,-0.7179363129404996
ZNF662,-1.205220487803891
LYSMD1,-0.25522164398945346
ZNF417,0.31792712064509804
EXOC3-AS1,-0.7052652080764044
CABCOCO1,2.83834662310674
KRTAP4-4,-1.2367649110783259
KRTAP3-1,-1.1484964497538719
KRTAP6-1,-1.029242365349024
MIR9-1HG,1.6253309050331268
KDF1,-0.7321764198200487
IER5L,-0.16474238530007237
ZNF114,-1.0154580492344223
WSCD1,0.6857612876857049
C9orf50,-0.001256039845037124
ZNF667,-1.1840350561690198
INSYN1,-0.18467179329175945
ZC3H6,-0.6583578339819658
RTL6,-0.4457666445164723
ZNF816-ZNF321P,-1.6574298615774257
PRDM7,-0.6912754020554449
MTURN,-0.28839246619806275
SMKR1,-0.23633840568496692
H3Y2,-0.49379981179038346
ANKS4B,-0.4830250172536308
LINGO2,1.261270377493234
C10orf120,-0.9361990640605976
SCAND3,-0.506538507634253
ACP7,-0.03413613635911938
NOTO,-0.5039234545625978
FRMPD2,0.1953246206559954
SPATA19,-1.128719434845076
SORCS1,1.2141884828249148
MROH7,-0.015885723659911297
GPR75,1.1026632876633087
ZBED10P,-0.8873238626443334
POTEG,-0.8663748476800306
C5orf47,-0.8650563060978731
THSD1,-0.16447966165496747
PRR35,-0.5687374817955165
MTCP1,-0.3985465678886094
PDPK2P,-0.5211216352199832
TMEM250,-0.5838996792837926
PDZD2,2.4790040284762522
GGACT,-0.6673474916211336
C11orf87,-0.64129710587546
TMEM44,-0.4301138677689046
ZNF628,-0.48868015069666954
CCDC30,-1.206460700934308
NAT16,-0.6409859800992608
MROH5,1.7066660442105606
ANKRD16,-0.3135670048847143
IZUMO4,-0.8985679235951272
KBTBD12,2.797269767015408
IQCC,3.55569762280278
SPAG11A,-0.9635407826944427
ZNF766,-1.490133158184969
NPIPB3,-0.7074164694875257
MYMX,-0.3649374159860248
KHDC1L,-0.7530313546074224
FAM204A,-0.14172979427200366
ATF7IP2,-0.6884306609688535
TNFAIP8L1,-0.6630108778775835
GPRIN3,4.62093398398322
EPB41L4A,-0.3673210852494057
CFAP68,-0.5150605785383053
LGALS12,-0.30439693519583383
NKAIN4,1.0699758068061371
GLIPR1L1,-0.21931204722349867
CDRT15,0.39868422822334415
ZNF37A,-1.1724919957894362
EFCAB12,-1.0984527276146223
RHBDL2,-0.6194346475767738
CEBPZOS,-0.4288002324885081
VWA3A,-0.8266834541326779
BBOF1,-0.7357112812126011
SOWAHC,-0.24290010391797434
SMIM31,-0.6999053344466653
CNBD1,0.7668993703894769
KDM4E,-0.605221517350521
ZNF775,-0.5365673630499543
ZNF223,-1.1430594449434037
ZNF518B,0.2658806708789697
ARID3C,-0.6656641202525019
ZBTB45,-0.5538156906098751
PRAMEF1,-0.58458662433104
ZNF490,-1.2950090404066519
ARHGEF38,-0.18395253409066953
CPO,0.42641753256611115
KIAA2012,-1.665073557780258
FAM76A,0.936571690095032
TMEM232,-0.466137219265367
TERB1,0.26451990204495535
VCF1,-0.7571657625038251
CFAP206,-1.1378661225170332
ZNF93,-1.599322975954988
LRRC70,0.2815079688559272
LRRN1,2.8340709711128342
LINGO3,2.754763410212694
GPR82,0.4612675203020464
GPR146,0.5031289525136011
GPR33,0.6698414129935192
MRGPRE,0.4351898504745351
GPR26,0.7752008604203169
RGL4,-0.2891846885543781
SHISA2,-0.3626724179082746
LIX1,2.1849661692620335
GCM2,0.937408911389087
PTCHD4,0.3114725942996447
C3orf49,-0.5302360592971654
GARIN5A,-0.8193470173880887
TMEM220,-0.3790021156825748
KIR2DL5A,-0.13910816466473125
EML6,-0.09386670492488187
PCDHGA4,-0.23542180924609818
PXDC1,3.849689662650126
KCTD4,-0.06758866174762798
C10orf62,-1.6551849200125237
ZNF606,-1.4505081359071406
ZNF180,-1.2487235300107922
EBLN1,-0.5525711188357743
ZNF613,-1.5799093879302486
ZNF449,-0.7590960553663785
TMEM37,0.17700178763530597
TMEM268,-0.23961947789747343
ENHO,-0.04029060090788051
LURAP1L,-0.2080046381984554
DENND5B,-0.5934746836028704
SMCO1,-0.5496168212833976
ZNF479,-1.0605104266860867
ZNF441,-0.9743559431720137
AARD,-0.5419229730851877
ZNF440,-1.7123921003078366
SDK1,1.7743100775216807
CFAP251,-0.7305836941492606
TMEM89,-0.9248808542304614
ZNF772,-1.565485148641037
MUCL3,-0.3699819757723185
USP17L25,-1.0252383971540016
USP41P,-1.1336005442567882
VHLL,-0.7267804801038492
SPAG16,-0.7025111637336224
ZNF18,-0.780540972581804
RBM46,3.4002907523088726
TEX29,1.7352057365276536
DIPK1C,-0.4438493046029606
SBK2,-0.6386847185000535
RBP7,-0.23238001362103397
SPACDR,-0.565176576681722
TMEM174,-0.33716159132751683
NEDD8-MDP1,-0.6817235687077018
HNRNPUL2-BSCL2,-0.7533119304567011
CALN1,-0.3183227372985682
ZXDB,-0.626225649517865
OTOL1,-0.08162666374703345
WDR97,-0.26226631136357714
OPALIN,0.43363221281438813
FAM151A,2.232683179784641
NXPE2,-0.5160184624548035
TRIM60,-0.8254755999179626
ZNF548,-1.5361774276915177
TRIM52,-1.0523509311710173
TRIM61,-0.3559707577349392
TRIM77,-0.4838059670210733
TMIGD1,-0.22096190864735898
CCL3L1,-0.29129679065886527
UNC93A,-0.8722198236842553
ZNF529,-1.4339485137495516
HOXC12,0.4540163505059982
ZNF610,-1.3259482783012193
CCSER1,1.9546580612522513
REDIC1,-1.0793312347154775
NPIPB8,-0.3453522546927659
ERICH1,3.9804881672540224
ZFP28,-1.4267184911695692
BPY2B,-0.42995205499314965
BPY2C,-0.44274243331730884
CT45A7,-0.23112462082981494
NPIPA3,0.19558378518461417
ARL9,-0.6588084774378725
ARL5C,-1.0416092248420843
GPR155,-0.4095668061465542
MRGPRG,0.44834537902630317
SIRPB2,-0.21053207145637862
CPXM1,0.14523555595479165
TMEM150C,-0.2360992818426884
EFCAB3,-0.709443093917196
C1orf56,-0.3680213215021609
RNF150,0.5988100945009822
C11orf71,0.19842130826336493
ZNF75A,-0.18168549651317462
ZNF10,-1.1970929172134002
RBM12B-AS1,-1.1120596219992653
CFAP263,-0.6176588525073761
ADGRA1,1.5640278459194445
ADGRG4,1.4259966335035943
TMEM252,0.09361286239237415
ADGRF4,1.9491911743897823
ZNF334,0.5741507936164714
ELAPOR2,-0.7162341879358294
TMIGD3,-0.47986295558391373
GPR62,1.1739813700948631
GPR85,1.2683574775688462
CCDC157,0.6357327896160335
GPR63,0.21656206754057228
ZDHHC1,-0.894421992114011
TEX38,2.156272519199401
GAGE12G,-0.9365012343890811
GAGE12B,-0.7693571861811209
ZNF517,-1.1524441399786702
SGO1-AS1,-0.49214023084386943
ZNF846,-1.448452225751259
CCDC184,-0.001883372343226513
C2orf76,-0.8951447400972196
CAPN13,1.4479959204600394
IGSF11,2.200384809305353
XKR7,-0.22074534164563508
CSTL1,-0.3107146454830142
CCDC177,0.23495214906453427
KRTAP2-4,-1.2291424877794908
TPD52L3,-0.16101629093459843
STON1,-0.7402353590405083
IQCG,-0.9031071688973302
FAM222A,2.1407433514123926
LYSMD4,-1.3993615701421458
CST9,-0.7103475255632997
ADAMTS19,-0.4164579802392208
UPK3B,5.32476385235924
BTBD17,0.9021947636846923
TMCO6,-0.23695856058579584
SPMIP10,-1.0004470346943293
ZKSCAN2,-0.7459383149170591
NKX1-1,-0.11171170326373432
NIPAL2,-0.5073591629009194
SANBR,1.0465141418130193
SLC38A8,1.997317378452396
AGFG2,-0.22819546014012151
USP40,-0.5518754101240764
TC2N,0.009912182434434704
CCDC154,-0.45334299082935564
GMCL2,-0.5888173804759237
RNF151,-0.2129218489107081
RTP1,0.19979267083339527
OR2A1,-1.9083492408494354
GFY,-0.558616005519331
ZIK1,-1.0629623472536256
PRR15,0.23569664629394158
ZNF607,-1.5177625122596556
ZNF625,-1.1079287103717546
CCER1,-0.5153042334177765
ZNF286A,-0.4498562427888802
PRAMEF2,0.5784413369627988
PRAMEF13,-0.7293136966997995
PRAMEF25,-0.04134462522462902
PRAMEF8,-0.6844768022957427
PRAMEF11,-0.3869642103287903
PRAMEF5,-0.6909728506824669
ZNF696,-1.0656792595291975
CDCP2,4.089554488105725
C17orf50,-0.7740038258028019
ADAMTS18,-0.34493803139408463
ADAMTS16,-0.417461904127444
GLI4,1.501234004169675
NANOGP8,-0.028367328922035036
MOSMO,-0.3977098751999655
CFAP100,-0.2725538479702462
C8orf74,-0.1365458407723738
ODAD3,-0.9200872318025171
ZNF438,-0.7651127148305888
RNF222,-0.6677839765476301
CCDC9B,0.1159602764064911
TVP23C-CDRT4,-0.2959155508367478
NBPF11,-0.6000790962942762
ZSWIM9,-0.1773026064790705
ZNF283,-1.430441922605801
ZNF585A,-1.5668988144564637
ZNF621,-1.4234533866304615
ZNF726,-1.309602275006817
ZNF584,-1.2382620966862314
ZNF773,-1.4473906217464232
WDPCP,-0.6297288269645483
TTC29,-0.9362076330800257
TTLL13,-0.42960749476532234
CCDC121,-0.2869844794499446
CCDC65,-1.0348787931438805
PAQR7,-0.004573378842567081
CCDC87,-0.8091890856598899
TAFA5,0.7827532729535144
DCANP1,0.13054280013160321
C22orf23,0.26889433254686307
THAP6,-0.6253198259474654
FAM74A1,0.22345869832879509
FAM74A6,-0.7695853634997186
VSTM2L,-0.23046802804013153
NUTM2B,-0.6049975154241359
AFAP1L2,-0.604758179092586
KRTAP13-1,0.055462245571901554
SPMIP9,-0.4863364095397577
DYNLT5,-0.7656318898133885
ZCWPW2,-0.629044817715124
LRRC69,-0.9497827198548651
ANGPTL5,1.3577496179557846
TRIM49C,-0.8216029231854584
CT45A1,-0.7653848540987437
FOXO3B,-0.5275528573739863
MEIG1,0.6267974987544149
GCOM1,-0.6186554037945177
INKILN,-0.36397577927721286
ZNF835,-0.718996306998605
BORCS7,-0.8127790724908261
ZNF555,-1.3074578830013757
FAM135B,-0.6680519010156527
KRTAP10-4,-1.2825849996111272
ZNF714,-1.267202223032967
P3R3URF-PIK3R3,-0.5066418576918398
ZNF853,-0.4703719194729471
FAM25G,-0.7071167659840399
KHDC3L,-0.39414467560092264
SUN5,1.7237557539198092
XKRX,-0.786061393830889
POU5F2,-0.3119849462697043
C20orf204,0.37816087205926935
RAB37,-0.6557681024011625
GLTPD2,-0.8456733949795217
CFAP54,0.4102423273074455
ZNF181,-1.2120222381361416
PRTG,-0.06382460343640355
ZNF626,-1.3959432271694385
TSPAN13,-0.16117758755795827
MS4A14,-0.2527215053309135
MS4A5,-0.18950671167538052
RNASE12,0.01866847561164296
SHISAL2B,0.06284544140319887
CCDC83,-0.736169014450544
KBTBD3,-0.3205893304011243
SERF1B,-1.4778783915447806
OR4F3,-2.247591554669537
PRAMEF14,0.5770127911575405
TIGD1,-0.5481347143869226
TMEM101,-0.41886761297087877
SFT2D3,4.332070601130749
USP17L10,-0.9244053008133164
USP17L22,-0.8076825060088211
USP17L20,-0.8724868081255912
IGKV2D-29,-0.9568879156552965
PKD1L2,-0.14213922310090962
SLC46A2,-0.4620677804684492
BIVM,-0.4364786343945176
PDZD4,-0.40913101857067496
C12orf60,-0.5537889123848705
PRLHR,1.0230028991732467
ZFHX2,2.278899027779157
OTOP1,0.32932688692499884
TBC1D26,-0.9292235337748075
TBC1D28,-0.9430500455311465
ERVK-10,0.01870313045407383
CXorf51B,0.09246352610156972
PRR19,-1.0417618367481767
ZNF677,-1.3258218427543167
FGFBP3,-0.16175709924534382
ZNF112,-1.1960882463248095
SLC26A10P,1.3145774272138075
ARMCX6,-0.8904989590330014
ZNF891,-1.2009001945405209
C2CD4C,-0.5790418332907155
ZSCAN2,-0.9772749886338927
HRCT1,0.150461234564511
ZNF790,-1.5605500528240708
NEXMIF,0.6729694699254073
PAGE2,-1.1432785017528262
OCM2,-0.6963173240891847
CFAP58,-0.39281101341367197
NAIF1,-0.3170648517561282
CTXND1,0.46450293712367136
WFDC9,-0.858865983448303
WFDC13,-0.18046418896023395
SPINT4,-0.7899811158655373
WFDC10A,-0.65369175853569
PHETA2,-0.6801710050795636
SLCO1B7,0.6732549111685334
PIGBOS1,-0.39910594404774763
CDHR4,1.2095481365850353
VSIG10L,-0.27449013948295325
GOLGA8B,-0.32535018519070424
SMIM22,-0.24867274782070795
PAQR9,-0.047504578821500575
NKAIN3,3.034359899643014
STH,-0.4982934731587289
OTOS,-1.291070892545533
KRBOX5,-0.5074122794523875
LINC00518,-0.5632168404576283
LPAL2,-0.5632168404576284
BICDL2,-0.6181136404749568
ZNF565,-1.420398765232672
FHIP1A,-0.5460826458640197
ZNF594,-1.2206449402196409
ZNF480,-1.188365163882576
ZNF888,-0.764430830737606
ZNF709,-1.008163177022916
ZNF235,-1.396749433390587
ZNF813,-1.4753864393369365
ZNF791,-1.2157233215057761
TP53I13,1.0039682485754717
PHGR1,5.243411488772438
IQCF3,0.8605425519688138
ZNF599,-1.4567347992642106
ZNF844,-1.3441074992462068
ZNF285,-0.7483179241002935
ZNF230,-1.3705512650283955
ZNF624,-1.4167083428889562
AJM1,1.301612220608143
FAM228B,1.810900006865032
CCDC158,-0.439310623328969
BEND4,-0.7193283549973819
ZNF880,-1.0391622318024625
ZNF852,0.03728279735778679
H2BC20P,0.40673371947231385
IGFL1,3.335780425247663
SPATA31F1,0.009611599253904902
CFAP69,-0.4288645343595118
SPATA3,-1.1713318508365107
GARIN1B,-0.05771265655533696
SPATA31D1,-0.4847740775545174
GTSF1L,-0.6059552320592514
SPATA31A6,0.22054111690755462
SEPTIN14,-0.48555004360862286
COL6A5,15.107061291502417
LRRC34,-0.8039043663755179
TMEM178A,0.5102195093912518
ZNF616,-1.4986979088220878
ZNF583,-0.6685476930256679
KRTAP5-11,-1.3837368038333078
KRTAP4-1,-0.9214059660577066
NBPF6,-0.40588766400267084
KRTAP12-4,-0.8347649705476167
ZNF792,-0.843583220028987
SPATA25,-0.7105418775312397
PROSER3,7.766610322009057
C16orf78,-0.09134535720588083
LCNL1,-0.503452586423869
LCN15,-0.7188959377505703
EPPIN-WFDC6,-0.5817495907472657
GLYATL3,-1.6013231234974141
ZNF671,-1.0040594499256403
SPATA31A7,-0.6810196948006223
ODF4,0.06709920936353717
ZNF630,-1.5156945787692633
RNASE8,-0.8984895799962215
TMEM114,-0.4003684132360802
CRYGB,-0.11123825032548122
MSLNL,-0.8522028653806636
CDC42EP2,0.004889659933089753
CCDC54,0.13202306894636712
LIMS3,-0.0533382711289235
ZNF737,-0.7494942172699021
CGB1,0.2940030464117789
GPHB5,0.2420924993141329
ZNF680,-1.2573261031158132
DQX1,1.8110490387171778
TAC4,-0.19571460264956583
TSPAN11,-0.11552651001673751
CIMIP2A,0.188387500688793
CD163L1,-0.06237489195236589
C2CD4D,0.28025715848136573
MBD3L4,-0.3893520685283687
ZNF256,-1.5551513148274083
DMBX1,-0.2591298750518544
CC2D2B,-0.08122575847021267
RFLNA,-0.053276511433986436
PMF1-BGLAP,-0.45832303115156675
STON1-GTF2A1L,-0.6583470541115867
SMIM24,-0.7418911523514327
LBX2,-0.30156796869023167
CFAP107,-0.5498288808826186
ERICH4,-0.5629584266049298
ZNF658,-1.2931067787786874
TMCO5A,-1.1915472472514406
CNTNAP5,1.0171223394081972
TCERG1L,0.02955705812580048
TBATA,0.32657879907750925
ANKRD36,-0.44393783335780257
C12orf50,-0.1801042384839591
NPIPB6,-1.2006772354083028
HAPLN4,0.9435755318728788
KCTD18,-0.07924362709025447
ARPIN-AP3S2,0.7173619525517488
AGAP7P,-0.2233034038343847
MARCHF11,-0.23866493001503136
SYNJ2BP-COX16,-0.3003990821994494
SLITRK4,0.7168134120712636
PRR36,0.9108906395797663
ZNF563,-1.253020769809441
PODNL1,-0.20925736699032893
ZFR2,-0.8272341139589613
CES2,0.7888888676573597
ZNF222,-0.868067856360592
ZNF701,-1.353998834426323
C11orf52,-0.36241831968421556
SLC22A18AS,0.7053175628908652
ZNF134,-1.178409382252003
RSPH3,-0.5630341057405656
NUP62CL,-0.4707353433843518
THAP2,-0.6004069218700875
NBPF3,-0.4198183360012112
FAM86C1P,-0.5891746569927095
ZNF221,-1.4062724937959323
ZNF225,-1.4332655905430207
ZNF214,-1.293186928924451
CCDC70,-0.33919335439526205
ZNF233,-1.1108834821553815
PRRG3,0.45736655392354547
CYSRT1,1.5842646166411936
FRRS1L,1.672591022869092
PPP1R42,0.7448511770529238
ZNF705G,1.3844948040432252
NEURL3,2.224535511143496
NBPF12,-0.745619746803529
NBPF9,1.9436144167078033
ZNF716,-1.413853369611557
PNMA8B,-0.07667208917773433
TRIM49B,-0.6015431203545168
HNRNPCL4,-0.8850060002095722
POTEM,-1.096837443219929
KIAA1614,-0.30427677652598784
ANKRD30A,-0.42410809415452905
POTEH,0.6354086658228743
CCDC144A,-0.5403760240239268
TMEM276,0.07687320767090194
PRR23B,-0.7680831218951784
AKNAD1,-0.5615062866831935
TMEM82,-0.05825463437834792
IQCK,0.37738540024977174
ITIH6,-1.083209343058474
BICDL1,-0.021079704160139382
RINL,-0.8518006008978096
RFX8,-0.18086004192854607
RHOXF2B,-0.36964470788110404
INSYN2B,-1.743012291239087
NUDT17,-0.24728689033103357
MINAR1,0.06865483264184856
KRTAP19-4,-0.7376305758349376
OVOL3,6.002063706466373
CLEC19A,1.0861588375126168
CNTD1,-0.36859890303524134
CFAP126,-0.8311534776648808
CIMAP2,-0.07250083263749432
BVES,-0.1141563089622158
AGAP11,0.410806016137803
PPIL6,-0.9429142310590574
NWD2,-0.28152558677242434
CFAP221,-0.8939111324813018
RSPH10B,-1.0145969260758325
CFAP61,-0.9043133687969256
TPRG1,-0.42234862102280923
TMC7,-1.0810425457648718
EEF1DP3,-1.8427058990188196
SNTN,-0.6236825090603935
SAXO2,-0.7090488029489694
FAM43A,-0.7073500127582575
ZNF98,-1.4214289827509712
SAMD13,-0.005474599017768905
TMEM121B,-0.27886283507386544
LSMEM1,-0.8261435618561944
ZNF658B,1.221765104271913
FAM219B,-0.04514934347288411
CLBA1,-0.38685981825164034
UBE2L5,-0.08779323377419493
PMS2P1,-0.47936462570086075
SHISA4,0.8853598856098286
IQCM,0.7427983850039375
HMCN2,1.5916917043411505
CD300LG,-1.0423331008815642
TREML4,0.1524637252152501
CPAMD8,0.6939059391399087
SH2D7,0.12947826080949856
C3orf22,0.08888491223775098
RD3L,0.035210905826217345
ANKRD45,-0.40784622391543085
ZNF33B,-1.457375385116719
ZBTB47,-0.9097309253217044
KRTAP5-10,-0.926234306833792
RIIAD1,-1.2039712539090206
POM121L1P,-1.125770910347441
LOC102724594,6.326167585888222
TCF23,0.041895076370595245
PRB3,-0.39393799870107077
C1orf53,0.1514160514847285
CATSPERG,-0.8993423056256922
TTLL8,-0.049739722983003845
USP17L7,-0.91984119074819
FXYD6-FXYD2,2.90591896406876
C22orf42,0.16011145037971602
ADGB,-0.5791330688609571
TRGV9,0.06739958275458509
BTBD16,0.0032205603474916517
SERINC4,-0.941035033017198
OTOR,0.07159941080324198
TSPEAR,-0.6492499271852891
IQCA1L,0.16454246701953706
GASK1A,0.1268108518614162
HARBI1,-1.0319123542531012
ZNF546,-0.8834259588723349
ZNF735,-1.0924522070715212
ZNF699,-1.2184423308261034
KRTAP13-4,-1.0730270728606415
LRRD1,-0.8475536501618325
PRSS54,0.37549120807860137
NUDT4B,-0.15499296560079767
VSIG10,-0.44547834637045314
RIMBP3B,2.6825242492011427
FAM229B,0.02848719977913475
MAGEB5,-1.3701654305473567
ZNF280B,-1.0392766939444826
TARM1,2.9128436283995143
ARHGEF33,0.202274156364082
ZNF491,-1.054370288032752
ZNF208,-1.38881106453055
ZNF676,-1.4002604460043604
FOXB2,-0.2271016951022332
BPIFB6,0.08027153630856221
ZNF786,-1.423089017057684
KRTCAP3,-0.39249721311476676
FRG2C,-0.7114738781699866
FAM178B,-0.7168012471310201
TP53TG3B,-0.9617874093067772
TPBGL,-0.1184244078821
LRRC3C,-0.627817805564494
MARCHF3,-0.44457648728562954
TTC24,0.0962288408918436
TMEM229A,-0.1442839579945772
DYNLT2,-0.9035747060177727
C2orf15,-0.6910169312135839
MS4A10,0.198579628803247
JHY,0.3466780205827221
C22orf39,-0.9393346567096065
SLC35E4,-0.20022234568026295
PCDHGB2,-0.11957221519189244
C12orf54,0.5089052155545489
ANP32CP,0.3442175278988079
KLHDC7B,1.0866650799499935
TTC9,4.950852327848959
PCDHB9,-0.018868501957401487
C1QTNF12,-0.21741687678435667
REP15,-0.4389561900941564
ZNF132,-1.2551870565112968
BCLAF3,-0.3955519347838424
KCTD19,-0.06264482527525245
TNXA,0.6356227409115492
CENPBD2P,-0.4296165534764269
TMEM255B,0.3900201779343011
TCP11X2,-1.0558956339217973
ZNF571,-1.242995384355439
CASTOR3P,0.30350672415230634
ZNF845,-1.4231988000619535
TMEM88B,0.30574262614056436
GOLGA8H,-0.21558557552908716
CTAGE6,-0.3020844374058893
SFTA3,-0.09398502466502459
ETV3L,-0.2713666350713417
FAM170A,-0.9157073057816933
ZNF850,-1.103628837872897
PP2D1,-0.6740707483936225
SPINK6,-0.15655024144169957
ZNF486,-1.4894728558688828
SLFNL1,-0.053587220640580045
RNASE11,0.8685586970339108
ZNF619,-1.442376145659426
RSPH10B2,0.013270513191979949
SMIM11,-0.5818979890038896
RTL8A,-0.07475555673509446
CATIP,-0.791919480892426
MROH8,0.6513802329309363
FAM200A,-1.4445010964120737
PDZD9,0.9577383914178726
C3orf36,0.6513802329309363
CCDC144NL,0.6513802329309364
CCDC149,0.1468229281922601
GAGE1,-0.7824910261785506
FAM47B,-0.6794175625228075
SERHL,0.44883462367978455
SLC35G6,-0.5279270544971667
ZNF600,-1.1654585446538197
ZNF28,-1.23596196106039
DMRTA2,-0.057000377880443806
PRAC1,0.2932629003675431
ZC3H12D,-0.46462180578160217
VSTM2B,0.5494001159288954
ZNF182,-1.2941980525951686
LINC00312,-0.09796973985377878
LINC02910,0.3711693881064992
DRGX,-0.30649109452076334
FAM47C,-1.2782959469864172
MROH2A,-0.5305267180055837
DPEP2NB,-0.5439360696492788
AGBL1,-0.32318881367946045
ZNF780B,-1.375393924704044
PROB1,0.10055053435538683
KRTAP5-6,-1.1697159815569893
ARL13A,-0.36013989245666456
GLDN,0.9880088831184901
C7orf33,-0.7050854400051992
ZNF433,-1.702418510911288
GPR137C,-0.6497856919157928
TMEM235,0.053244597568669796
APELA,0.2341040649457484
PLSCR5,-0.3474598823898362
MYO1H,0.49595672557210574
ASDURF,-0.8748523072797955
SLC22A20P,-0.24021507109511533
BPIFB3,0.15987905207612305
STPG1,-0.7774194697277182
ZNF137P,0.7479879277829113
LRRC18,-0.7923931533420189
ARL16,0.6091451905310101
SMLR1,-0.6129350675933835
FCGR1BP,-0.24407707327111153
LOC102724652,0.8066124952011243
PCDHB13,0.04522589876865398
ZNF736,-1.0724167267192293
PPIAL4F,-0.23130862785277537
TMEM238,-0.41984187695360525
SPINK8,0.27275369445931213
CFAP96,-0.631472937328573
CABP7,-0.5624061244355639
EXOC1L,-0.10543867466062348
ZNF320,-1.2993489941609204
WFDC3,-0.5891088495522675
KRTAP24-1,-1.20852581829551
CLUL1,3.7272560258678276
FAM187A,1.0624867432019125
DENND11,-0.3733759328649985
ZNF347,-1.4229515520982745
ZNF99,-1.1885433363732654
DDX12P,-0.1137223754040276
DARS1-AS1,-0.2036706953603455
IGHA2,-0.8081003924606546
LY75-CD302,-0.4156299630336127
CCDC179,-0.32196834181168954
TP53TG1,-0.7144869161937717
LRRC37A3,2.3296219064772514
PIN1P1,1.0013288499749036
CENPVL1,0.6755396682922554
TMEM185B,-0.4393256603492539
TMEM200C,1.1067002575475968
ACTRT3,-0.5845480866627158
NPIPA2,-0.21452172627218713
KIRREL1-IT1,5.681599355441992
KLHL30,1.0898424095708137
GARIN6,-0.6591066715815179
SPACA5B,-0.7115343627426306
THAP5,-0.2851920819539501
CCDC3,1.0766415208434759
ZNF468,-1.3552451218516421
VN1R2,-1.1876260539953678
EXOC3L2,1.1735353625684597
CTAGE8,-0.3082972516413483
CTAGE9,-0.4592668523186044
CTAGE15,-0.6053546662338908
MAGED4,-0.8656554994653723
PRAMEF6,-0.545497843839048
ANHX,-0.41250283565165
TMEM241,0.017413282755344435
ZFP69,-1.3633467390619884
TBC1D3K,-0.6741755708889284
TBC1D3D,-0.7084411821586494
TBC1D3H,-0.3755979832729803
THAP9,-0.5861800376052472
PGBD4,-0.7384176756292667
LRRC74A,-0.009476800420260029
RAB6D,-0.9489909472746724
SPATA31H1,0.5420721814831421
SPATA31E1,-0.4509377717518258
ZNF354B,-1.41533054303354
ALKAL1,-0.23705266586369172
APCDD1L,-0.26012226214559714
VN1R4,-1.3687213060631138
TMEM144,0.1587001074364037
C9orf153,-1.137507893408346
SMIM21,0.03552521252990928
C12orf56,0.27318950545630516
KRTAP2-2,-0.9581745054812028
ZNF543,-1.6631071400150652
MORN2,-0.6106186448140136
FAM47E-STBD1,-0.7740266685908037
BABAM2-AS1,-0.941266592058589
VXN,-0.01169989474194883
TTLL10,-0.422771418993645
ARL14EPL,-0.5065041660999448
TRBV2,-0.30211319590489927
C2orf72,-0.18872153716055404
CDY2B,-0.8702292801332971
MS4A8,0.025029034151997358
ARHGAP27,0.8295813225786037
EXD1,-0.4480773094135949
NPIPB9,-0.9003690177876099
C12orf42,-0.5806461373195669
ANKRD60,-0.5079216989153834
SPACA7,0.22228348301658726
ERICH6,-0.16382824884593608
ARRDC5,0.12234724080129437
TRIM49D1,-0.6327025322915749
SCUBE1,0.016704677531675625
KRTAP4-7,-1.0963101105090112
PXT1,-0.7497443018208758
ZNF841,0.12197527648975871
IGFBPL1,0.037026440037581376
SHISAL2A,-0.38974402177999823
KRTAP2-3,-0.8288282625859594
CMKLR2,0.200242358239349
ZNF425,-1.5622400753967522
BTBD19,0.8580456370010627
CMTM1,-0.31519656995695505
TCF24,-0.4387430486586197
SPMIP7,0.13456749738338106
SLFN13,0.3585407956878325
EVPLL,-0.33850561851967786
NRIP3,0.4355544038991832
TMEM132B,0.13401349202921004
TMEM132E,-0.16294552039210405
MAMSTR,0.16792905352111168
C10orf143,-0.7959991722842873
ETDC,-0.8682675551864847
EEF1AKMT4-ECE2,-0.4447759973263017
SPINK9,-0.08887526786196086
PRR20A,2.6620398738787774
TMEM151A,0.024948003671874414
ANKRD30B,1.1832697950818365
C2orf74,-1.0816931050655618
MYRFL,-0.12365768406875956
TMEM270,-0.3415592593325335
DNAJB3,0.07154499331311806
C5orf63,0.15842853967884424
TRIM64B,-0.6779410079126374
TSPAN19,-0.13451672954089708
ZNF30,-1.372241766189182
ZNF814,-1.433610763702292
FAM216B,-0.6460390757830341
SEBOX,-0.5234148737290137
ANKUB1,-0.6482280983910945
FAM25A,-0.6288255072377764
TMEM91,0.3265058522428013
TMEM233,0.38101126327952434
SYNDIG1L,0.4660089743782599
PCDHGB3,-0.08305748716100958
ANKRD20A12P,-0.7636977491680962
TMEM81,0.4838505504838053
USP17L30,-0.6493901191922492
ANKRD34B,-0.6554365532674328
CLPSL2,0.12631090388960148
C16orf46,-1.2000604124082095
TTLL2,-0.9558702714732845
SPACA6,-0.8215003784800373
TMEM202,-0.03464090842117841
TMED7-TICAM2,1.3527978211575997
CENPBD1P,-0.19744006779066853
ANKFN1,-0.281486026978562
CFAP210,-0.7739594403508099
CCDC81,0.05692004971694962
ERFL,-0.6251251446410742
TP53TG3C,-0.46520168364748615
LINC00526,-0.22153632600739173
FAM174B,0.4471552021847711
SPATA6L,-0.615784907545176
TMEM212,-0.6160523085877272
RTL3,-0.08874197097526068
RTL5,-0.2824622432577098
RTL4,-0.3807683081409471
DPRX,-0.433911595475972
SPANXN1,-0.2577992642659392
CHCHD2P9,1.0098934382298892
PIRT,-0.6907992329612999
KRTAP20-2,-1.1917350887891471
KRTAP20-1,-1.1288095921332335
KRTAP21-1,-1.1747211362079422
KRTAP1-4,-1.0182114523998202
KRTAP2-1,-1.0988765499614779
KRTAP27-1,-1.0573212636286784
KRTAP5-5,-1.0604424176150162
KRTAP4-3,-1.213587949670714
KRTAP25-1,-1.0524180629284934
FAM177B,2.2015140012969447
CRYBG2,-1.050595308363863
SMIM2,0.005968215893245113
WFDC10B,-0.5493478380812794
CTBP1-DT,-1.5500416128887387
ZNF875,-1.5404548509073175
HNRNPCL3,-0.19744049266638913
TEKTIP1,-0.03459971637232508
BIVM-ERCC5,-0.4556213057710141
ZNF319,-0.8993416959202428
ANKRD62,-0.011620262674306919
VSTM5,-0.010551570821609584
REXO1L1P,-0.4130738746094636
C20orf202,-0.4687004744524731
EEF1E1-BLOC1S5,-0.16119417211826695
ZIC5,-0.1634365687735551
KRTAP22-2,-1.196230081996901
ANKMY1,-0.8437346476039498
LRRC71,-0.2947152627148319
UQCC5,-0.5089001418552507
ZSWIM5,1.9784713072456324
CATSPERD,-0.510039362785997
FBXO47,0.3918837969560507
EFCAB9,-0.34698592381971743
SMIM23,-0.5572580499220002
PRAMEF15,-0.6589188014050552
PAGE3,-0.8924944162268779
TEX47,-1.440395926395792
ZNF404,-1.3315900713043636
FBXO39,-0.2943535038812961
NPIPB5,-0.4957883740276302
SMIM17,0.27359695250945015
ZNF487,-0.8098854292531403
NAT8B,0.1265191217434395
FABP9,-0.7928070726654004
SNRPGP15,-0.5773125435986639
F8A2,-0.25289007349726234
MRLN,0.14644486630854187
F8A3,0.011384892918986996
KRTAP4-9,-0.8727475977765662
KRTAP4-6,-1.1257352361841078
KRTAP4-8,-1.080593686515202
KRTAP20-3,-1.0917315602169375
LRRN4,1.3848169411548699
KRTAP21-3,-1.3733174574302147
POPDC3,0.8955710037630178
TMEM179,0.30855476495879414
ANKRD65,-0.4037152347069319
RNF224,-1.2196833455400455
TRIM75,-1.546978284674393
C12orf76,1.2214917014523923
GAGE5,-0.8402171047851211
PPIAL4E,0.02283386509347968
PTX4,1.0605848246728855
C14orf28,-0.20244984764288232
CLEC18C,-0.40831736104543315
KAZALD1,-0.6995069127312942
FAM151B,-0.5859374390552594
OR4C45,-0.8858617165064526
OR2I1P,-0.8858617165064526
CROCCP2,-0.014568230683159357
PRAMEF4,-0.3704624482583413
LOC106627981,-1.2543258270221425
FRRS1,1.6406012531398277
PDXDC2P,-0.8265376624181497
ZGLP1,-0.2066529612357756
LOC128706665,0.038279149881385505
SCGB1C2,-0.4408505609084465
PRAC2,0.046975180487849065
NBPF4,-0.5737895453290692
IGKV2-29,-1.761474393724978
ZNF385D,-0.6167603138856961
ZNF615,-1.2322722696555202
ANKRD31,-0.6136236964534921
ANKRD13C-DT,-1.46514542277152
YWHAH-AS1,0.21289406298183142
C17orf67,1.2891780807642625
ZNF549,-1.4906448816221676
GIMD1,0.6824772442762309
CFAP95,-0.4724257732744406
RSKR,0.7261745710586923
SPMAP1,-0.4674896588086991
SAMD15,0.21991788760686687
LRRC53,1.22048597814105
IQCF5,0.018065979556881585
TDRD10,-0.5619478622623918
SPMIP3,-0.3274653155299531
KIF25-AS1,-1.0969926084851582
C5orf60,-0.8983094152276979
CCDC182,0.15279904574716652
TMEM163,-0.2006495088835471
GAGE12F,-0.8686735090788978
DSEL,2.29530218924913
ZNF540,-1.4376082606336276
ZNF660,-1.2235312686036746
EFHB,-0.6013075046003867
PRR23D2,-1.07553553680115
PRR23A,-1.0072456708398763
CTXN2,-0.13182256414311386
ZNF551,-1.3111485129528329
EQTN,0.10389616352410148
ZRSR2P1,1.0462804797867367
ABTB3,-0.21239685759434346
WT1-AS,-0.8196016724977463
ZNF836,-1.4923586418557195
ZNF862,0.016224920143858044
SSPOP,-1.0008025271197014
C10orf105,0.5000067464080594
IGIP,-0.794061322329924
NANOGNB,-0.45834458806692907
LYG1,-0.856818385797196
ZNF808,-1.304056379591176
PLPPR5,0.2312679556392775
C11orf91,-1.178264997762037
DSCR8,-0.15637040977875657
C11orf42,-0.08297807794568572
ZNF729,-1.2474589740838555
KLHDC7A,0.743165325146702
CT45A8,-0.8047598438162763
MSL3B,0.12325294693814035
ZNF878,-1.3663039283376144
CLEC18B,0.07166821715974854
ZNF738,-1.4782572745591633
ZNF141,-1.4875922277950469
ZNF527,-1.4474400242647647
ZNF799,-1.6489777242991008
ZNF728,-1.3869568288207668
ZNF573,-0.81872265196558
ZNF805,-1.3073708234295733
ZNF793,-1.4999024606049196
ZNF528,-1.3049815926796293
ZNF560,-1.513177560924443
ZNF429,-1.4710803022375039
ZNF470,-1.50096370675519
ZNF879,-1.4629853427278479
ZNF493,-1.4223860890550077
SMIM43,0.7613772657623613
GAGE12D,-1.1108463145087226
GAGE12C,-1.1918390464426007
NSUN5P1,-0.41797737577549887
ARL17B,0.6689877666379489
NPIPA5,-0.19546411387596221
CD300H,0.13221904940844575
KIR2DS3,0.38202522946423967
SIGLEC16,0.3820252294642396
CD200R1L,-0.35914095940660073
ANKAR,-0.1804983708672919
CIBAR2,-0.3619110554955851
GAGE2A,-0.899998276613965
PRPF4BP1,0.31449715618378776
SPATA31G1,-0.8662633918432067
USP17L24,-0.5915416365343991
CCDC178,4.211195568061273
PRSS45P,-0.9360777266215707
ANKRD63,-0.1490126054659346
LIMS4,-0.5667904974583979
C20orf144,1.52121099794393
FAM90A26,-0.8000502759394593
HEATR9,1.0499315195676444
VWA5B1,-0.6566458232440724
TDH,-2.0459759380945304
CXorf49,
CXorf49B,
C16orf86,-0.7165363189111151
FOXL2NB,-0.8536034886008284
LANCL3,-1.4738384553527022
HDGFL1,-0.3763436710531434
IQCJ-SCHIP1,-0.14387562566688045
GOLGA6L10,2.5765167989820874
MYCLP1,0.38080242001310033
PRSS3P2,0.9634307695820051
ZNF705D,-0.9612746428514441
C17orf99,-0.9150173661030031
IQCJ,2.617594343494654
C5orf58,-2.495344206126323
C20orf173,-0.3403824972854671
XKR5,-0.326171336633223
FAM167B,-0.39960433207658413
PNMA6F,-0.5554338428270611
PNMA6E,-0.3500904223593132
MINAR2,-0.4199298981694186
GSG1L2,0.3872289609662146
C14orf132,-0.5427025709103804
CCER2,0.4392936797170192
IGKV2-40,-1.0370825869730964
IGKV2D-30,-1.1478335642200834
RNF223,3.6088094521450387
CFC1B,-0.34771699063904316
CCDC73,-0.30893523718815274
CFAP144,-0.14457477727988752
CT47A11,-1.105406072982139
SPEM2,-0.6242672906969124
CDRT15L2,-0.6504617837114393
CHCT1,-0.7033013966126668
MFSD6L,-0.5191266185867182
SMIM6,-0.5472455175373934
FAM170B,-0.8077838411065245
USP17L4,-0.9217382408630143
USP17L8,-0.720641166979101
SHISA8,-0.21277168843665445
ERVK3-1,-0.7999542450614924
SERF2-C15ORF63,-0.43795267244863223
NLRP2B,-0.7030397646950801
SPATA31D3,-0.8441026642038613
C19orf73,-0.2538087040130248
STEAP1B,-0.05654317547392171
RHPN1-AS1,-1.2291797864355978
C20orf203,-0.4614456173723302
KRTAP29-1,-1.3105761775718283
RNF148,1.3101213425448073
HHLA1,-0.9034785726383817
METTL24,0.41005745210259176
SPATA31D4,-0.5553423330461215
ZFP3,-0.1941802443067922
C11orf96,-0.6601778584461045
MRGPRF,1.517921852049015
TMEM225B,-0.33742046958984845
TRIM6-TRIM34,0.019224510409229754
GVQW3,-1.351788378498365
SAMD10,-1.0222780012797124
FHAD1,-1.351788378498365
KRTAP10-2,-1.5132634997182688
CCDC169-SOHLH2,-0.4546100340534439
MTLN,-0.7028191345515942
LRIT2,0.7753388825923584
ISY1-RAB43,-0.38671949593544125
LRRC75B,0.9988861089347273
C1orf185,1.2876039755806294
XKR9,-0.46366968507887674
LLCFC1,-0.36071614391727147
C16orf90,0.42183375973602055
CT45A9,-0.7339269428677558
PBOV1,-0.6058234226328231
MAP10,-0.5896638204290202
GOLGA8N,-0.8896877860493946
NPIPA7,0.029829084777812907
IGFL2,3.8693448946322273
IGFL4,5.6579501565012915
HSFX4,-0.4743449810471157
GAGE12E,-1.0042766592128711
TEX13C,1.3801927783544554
AKR1C8,0.8625976559267138
C9orf163,-0.7392122439639814
GBA3,-1.4528300706401753
CBY3,-0.6469086133423012
KRTAP19-8,-1.114716663088022
MROH9,-0.9059370009495652
WDR49,-0.22656058121956693
PRXL2C,0.43282437803324175
GOLGA6L6,-0.9917026355697327
GOLGA6L1,0.22321636506029932
GOLGA6L4,0.8509726103181642
FAM47A,-0.4072067543158054
GAGE13,-1.0446973266074864
TEX48,-0.37764436372736027
OR4M2B,0.42544974490776755
GARIN1A,-0.19478953747597044
GARIN4,-0.6532963359476507
KRTAP10-12,-1.5047674954523067
AKAIN1,-0.7180395986195941
KRT10-AS1,-0.9705934990895749
PGPEP1L,-0.4773607671865758
C14orf178,-0.7822166527163429
TRIM64C,-0.678475495143349
FAM209B,-0.7818549698664934
SLC15A5,-0.46973129631100746
DMRTC1,-0.062200129961055894
ZNF578,-1.0915550340602023
USP17L27,-0.8426951825972417
USP17L26,-0.9655231974001802
USP17L28,-0.8374639308908567
USP17L29,-0.8374639308908567
PRR23D1,-1.0853833171296792
LKAAEAR1,-1.1268657456542583
NPY4R2,0.5836185633090136
H2BK1,-1.0340372546268168
PRR23C,-1.1454179949615069
GOLGA8R,-0.44759117336737997
PRAMEF18,-0.3152577121079591
TOGARAM2,-1.6197374253693135
RFPL4AL1,-0.05727119587615435
CT47A4,-0.9652479194582659
PPDPFL,-0.7158905192883043
SRRM5,-1.0925237941980148
FCRLB,0.7737391427830664
LACTBL1,1.053230407810721
FAM149A,-0.6688121460294382
ZNF702P,-0.17422777361768663
LOC102724023,-0.6293980923332444
TMEM217,2.0716106045230966
KIAA1210,-1.1543830008909608
MUSTN1,0.007830419565457962
TRIM16L,-0.8269569725941839
USP17L17,-1.1103659181531045
USP17L18,-0.8582728420156116
USP17L21,-0.8582728420156115
USP17L19,-0.8582728420156115
USP17L11,-0.8582728420156115
USP17L13,-0.8601964413221225
USP17L12,-0.9685929985263909
GAGE12J,-0.8103454435117224
GAGE12H,-0.36612345371168525
KAAG1,0.7391240235161194
SYT14,0.016532576410571872
TMEM249,-0.8207449201513852
FRMPD3,-0.7211584927961026
OR10D3,-1.3250818492256051
EFCAB10,0.24364141817488214
C6orf163,1.1986170558132887
MALRD1,0.06680745401207597
GAGE4,-0.7824910261785447
MDGA2,1.1099881059552745
SPMIP2,2.181453302809244
DEFB131B,-0.519192704866383
SMIM30,-0.13755171064246538
NBPF20,0.17774686310080617
OR4K3,0.13691441113114095
NBPF8,0.13691441113114092
LOC102724334,0.13691441113114092
PIERCE2,-1.133910283191633
PLEKHD1,-0.36215057388351235
ETDB,-0.7159591919162342
SDR42E2,-0.508664817586277
POU2AF3,1.3833704525907087
CT47A8,-0.9282939254272947
CT47A5,-0.9593484519740799
CT47A9,-1.0638074013099625
CT47A10,-1.0638074013099625
CT47B1,-0.9562582278816992
CT47A2,-1.0638074013099625
CT47A3,-1.0638074013099625
C2orf81,-0.9341066519650767
SMIM27,-0.2811617588403774
CKLF-CMTM1,-0.2828890347856314
MSMP,1.0976753632986453
C17orf58,-0.6548047035407975
ZNF570,-1.4620978238692544
ZNF781,-1.4279760763281921
OR4F29,-1.5147228230985215
SLC16A11,-0.186324747153525
SMIM10L2B,0.27366104042839956
CIMIP2C,0.4726528776692497
DUX3,-0.3437855273524405
ZDHHC11B,-0.31038691713747535
SMIM29,-0.9835526720122267
KRTAP9-6,-1.2450813734285597
GAGE2D,-0.8013253702942421
GAGE2E,-0.7457233130849021
LINC00482,-0.15854783908741119
LINC00588,-0.15854783908741119
FAM217A,-0.13460685172883802
MST1L,0.5095284862314844
LRRC72,-0.5617880723417955
ANKRD30BL,1.0834154918991705
KNCN,-0.2591298750518599
MT1DP,-1.5032919076960922
LHFPL7,-1.1632497626753302
GOLGA8Q,0.42455279752144603
TNFAIP8L3,-0.4661200342685373
TBC1D3C,-0.5806831379227887
TBC1D3I,-0.7741717690460673
SPATA31A5,0.22054111690754805
TRPC5OS,-1.2576866539538114
CACTIN-AS1,1.79459317727789
TMEM210,-0.5655691909133369
GOLGA8M,0.5210103035030511
GOLGA8K,-1.2163805839799426
FAM180B,-0.457889240366638
OR51C1P,-0.45106084970187366
SNHG32,-2.0939056886007803
ZNF681,-1.4447369411912216
STRA8,1.0387756847207268
C3orf70,0.09040327529907663
MATCAP1,-0.4759017967499064
ZNF727,-1.43224982617688
TRIM43B,-1.0390770906534925
NPIPA8,0.06083754244894541
LRRC55,-0.2576370203078394
SPATA31F3,-0.07606234149155877
GARIN5B,-1.171163038023723
ANTXRL,0.5941418849314974
C9orf57,0.9203454799601319
CROCC2,2.879305851304342
LINC00242,-1.268273132690203
LRRC75A,-0.8942640950829276
CFAP298-TCP10L,-0.5344691747901414
DDX11L8,0.05630211843500177
ZNF883,-0.9562665468863795
PI4KAP2,-0.5656215109602906
ASB16-AS1,0.2588687828921045
PRSS41,-0.024127334436499934
FRG2B,1.5738739906517725
CT47A6,-0.9018629553558489
FNDC7,-0.025085124543456305
PTCHD3,1.21489431863481
ANKRD18B,-1.061197443493598
IGSF23,-0.47246499934945796
LINC00305,0.5538967388853612
PRSS46P,-0.3724548811417454
C12orf71,-0.784940023429639
HSPE1-MOB4,0.25651344754647143
TRIQK,-0.8284317726841923
FAM90A16,-0.14288422226229927
TP53TG3,-0.7444656359569226
TP53TG3E,-0.8260808524268597
TP53TG3F,-0.8260808524268598
TP53TG3D,-0.7385859426038524
IGSF22,0.8238664297255521
ZNF705B,-0.2051183681629069
HOATZ,-1.03631767351549
ETDA,-0.6424762524087574
C19orf81,0.9021947636846734
FAM43B,0.3920356441024459
KRTAP20-4,-1.1962300819968956
IGHV1-18,-0.8149721643441676
IGHV5-51,-0.8562655965836086
IGKV2-28,-0.9100336215254308
IGLV3-9,-0.7480868107802097
IGKV3D-15,-0.7480868107802097
IGKV3D-11,-0.7480868107802097
IGKV1-27,-0.7480868107802097
IGKV1D-17,-0.7480868107802097
IGKV1D-13,-0.8697790232420037
IGLV2-18,-0.823041401442196
IGHV1-24,-0.9123874197513379
IGHV6-1,-0.9056130750757422
IGHV4-31,-0.6238172389892064
GLYCAM1,0.5276762585620867
TRAV12-2,-0.4255582533750096
TRBV28,-0.4348626151583741
TRBV5-1,-0.3946179697359645
TRBV19,-0.37398548857627717
TRAV12-3,-0.37466706797682614
TRAV22,-0.42134229664387385
ARMCX5-GPRASP2,-0.8684933000775517
