association_id,study_id
63831052,GCST90012110
63827589,GCST90012111
36502520,GCST007066
35135014,GCST006433
131330528,GCST90321120
93470665,GCST90018739
93516282,GCST90018959
47844766,GCST008839
103275689,GCST90245848
103275694,GCST90245848
97857241,GCST90024452
90740738,GCST90020026
162811592,GCST90422153
97986333,GCST90100220
191873065,GCST90662902
191187339,GCST90399398
214496857,GCST90572789
35967656,GCST006979
36157157,GCST007324
135011644,GCST90428446
135014398,GCST90428447
87294386,GCST90019506
188417375,GCST90471077
94185617,GCST90086548
191865633,GCST90662899
104572011,GCST90249648
188362692,GCST90470388
63148977,GCST006585
63945768,GCST90002406
64191095,GCST90002385
191851489,GCST90662893
215535372,GCST90501225
191186121,GCST90399396
104516516,GCST90246866
93548471,GCST90018979
188417445,GCST90471077
104519751,GCST90247016
188417520,GCST90471077
188417380,GCST90471077
215519346,GCST90501192
162804348,GCST90421312
215521761,GCST90501199
215587635,GCST90501307
56276324,GCST010244
63948821,GCST90002405
90740742,GCST90020026
131758890,GCST90428730
215586313,GCST90501305
215548628,GCST90501244
217566660,GCST90832992
215563698,GCST90501268
102700986,GCST90244680
101333566,GCST90239661
215471041,GCST90501119
102531376,GCST90242879
193159993,GCST90441189
215588932,GCST90501309
215553515,GCST90501257
215462392,GCST90501110
188353609,GCST90470279
188332436,GCST90470005
93496804,GCST90018947
191863843,GCST90662899
192548721,GCST90624107
138235688,GCST90444487
62179796,GCST010557
134409967,GCST90435144
163333323,GCST90479632
34970642,GCST006476
119089818,GCST90301650
102496230,GCST90244189
35339731,GCST006940
31671883,GCST006950
164637429,GCST90492734
163431759,GCST90480671
163432655,GCST90480672
35339146,GCST006940
90800953,GCST90020025
90760814,GCST90020027
191861899,GCST90662898
31671391,GCST006948
188098298,GCST90468097
118329746,GCST90281223
163327845,GCST90479606
136014292,GCST90309353
98442575,GCST90131903
106216742,GCST90277988
47109872,GCST007988
31670203,GCST006944
40930928,GCST007269
165217799,GCST90461957
55299770,GCST009379
10060032,GCST002539
47702930,GCST008595
15059922,GCST003048
99814258,GCST90132260
21966089,GCST004521
62252261,GCST010645
38451444,GCST007201
38449506,GCST007201
47450851,GCST008459
35723233,GCST006803
24729884,GCST004946
165015131,GCST90503210
55291669,GCST009337
100544192,GCST90128471
104119766,GCST90255621
91626715,GCST012355
93491073,GCST90018943
101661786,GCST90239706
62253732,GCST010640
30578368,GCST005839
91687465,GCST90027241
27440072,GCST005323
55592468,GCST009600
163363535,GCST90479705
62519256,GCST90002292
163048643,GCST90475291
163326153,GCST90479604
163327267,GCST90479605
163051445,GCST90475297
118329449,GCST90281222
163324672,GCST90479602
191018917,GCST90559264
163323658,GCST90479601
163053621,GCST90475300
36474833,GCST007065
163046642,GCST90475288
118330178,GCST90281224
64202836,GCST90002381
34941776,GCST006250
34970157,GCST006476
98157216,GCST005232
17682238,GCST004017
41310751,GCST004988
165217205,GCST90461957
188262024,GCST90469357
36459543,GCST007074
188103457,GCST90468099
31672558,GCST006952
163362407,GCST90479704
41540960,GCST008258
34721926,GCST006570
191305154,GCST90565842
191018923,GCST90559264
98436006,GCST90131901
218406982,GCST90841193
64335245,GCST90002404
24659,GCST001652
36157091,GCST007324
164776079,GCST90314414
98157535,GCST005232
27440914,GCST005326
106035121,GCST90270074
165147936,GCST90503115
91627065,GCST012354
119955521,GCST90319327
88937008,GCST90020095
104373086,GCST90264172
98442570,GCST90131903
98436012,GCST90131901
98437423,GCST90131902
98379596,GCST90094726
98384710,GCST90094846
55314400,GCST009577
36503104,GCST007066
35135771,GCST006433
35968301,GCST006979
105708409,GCST90271327
131084335,GCST90328131
35793897,GCST006926
104372872,GCST90264170
47259649,GCST008357
62170730,GCST010416
31558728,GCST006041
36594284,GCST007338
36596441,GCST007340
36595315,GCST007339
27439323,GCST005324
36592450,GCST007341
103289685,GCST90245848
62741210,GCST90002369
62505904,GCST90002372
102117389,GCST90243988
102097585,GCST90243980
63099689,GCST90011296
191302506,GCST90565839
31669340,GCST006941
34712726,GCST006569
96767264,GCST90029070
188037239,GCST90468064
62000144,GCST009777
62204654,GCST010555
34967950,GCST006477
62252797,GCST010642
62708642,GCST010647
188403498,GCST90470906
104374336,GCST90264174
214527315,GCST90726344
132480484,GCST90429186
135078252,GCST90448999
31671888,GCST006950
41174068,GCST007325
218088925,GCST90838669
218088585,GCST90838669
47432147,GCST008521
31660239,GCST005907
93085363,GCST90085816
61691599,GCST010002
98379170,GCST90094716
165147920,GCST90503115
56274642,GCST010245
55997754,GCST010144
166099052,GCST90572712
31672563,GCST006952
19251810,GCST004199
35793902,GCST006926
91687013,GCST90027240
64638980,GCST011126
31670208,GCST006944
191909846,GCST90624049
91688223,GCST90027243
101054671,GCST90162547
64733481,GCST012089
165218629,GCST90461958
34971437,GCST006478
98436018,GCST90131901
98437428,GCST90131902
98436023,GCST90131901
36156904,GCST007324
102117384,GCST90243988
41174920,GCST007325
118330865,GCST90281230
41136388,GCST007342
63922156,GCST90011875
218411794,GCST90841196
214527310,GCST90726344
62499216,GCST90002296
188207128,GCST90468776
64203748,GCST90002380
214080089,GCST90693212
214080094,GCST90693212
104373853,GCST90264174
102693370,GCST90244660
21755830,GCST004624
100374241,GCST90134621
64204701,GCST90002379
188044414,GCST90468069
62498439,GCST90002302
118331162,GCST90281231
21793737,GCST004606
21792262,GCST004600
21798054,GCST004617
21886268,GCST004623
188042217,GCST90468068
101286465,GCST90002382
62515625,GCST90002298
93553861,GCST90018999
45615272,GCST007941
191859025,GCST90662897
188086098,GCST90468091
35230013,GCST006442
88929335,GCST90000046
41380665,GCST007576
102115091,GCST90243987
47386862,GCST008555
47386906,GCST008556
35723576,GCST006803
41378808,GCST007576
88927810,GCST90000047
38449338,GCST007201
36005010,GCST007257
24729784,GCST004946
119118667,GCST90301659
90520450,GCST90020227
93513722,GCST90018959
102116509,GCST90243988
102097015,GCST90243980
100282245,GCST90134330
188005617,GCST90016618
88936443,GCST90020095
64732502,GCST012091
64733174,GCST012089
21966001,GCST004521
62252876,GCST010641
55592396,GCST009600
88936076,GCST90020094
189867312,GCST90565742
55290799,GCST009337
106036067,GCST90270074
36528205,GCST007084
36592530,GCST007341
34723107,GCST006570
34709182,GCST006571
41248291,GCST007463
34719086,GCST006568
35225669,GCST006442
164568756,GCST90492678
164572411,GCST90492679
164565255,GCST90492677
191273341,GCST90651358
214166449,GCST90704954
95986960,GCST90100570
56258835,GCST010017
88936436,GCST90020095
34969747,GCST006476
35338896,GCST006940
131815088,GCST90428866
106034294,GCST90270074
36594251,GCST007338
98425374,GCST90131901
36596401,GCST007340
62252871,GCST010641
36595274,GCST007339
88936069,GCST90020094
36593798,GCST007337
35230017,GCST006442
134156723,GCST90435412
94874190,GCST90032195
102118231,GCST90243989
97470736,GCST90105038
35225665,GCST006442
164568751,GCST90492678
164572406,GCST90492679
34709177,GCST006571
164565250,GCST90492677
131331353,GCST90321120
41137889,GCST007841
130448569,GCST90320053
214163591,GCST90704952
214161049,GCST90704949
10059751,GCST002539
15059397,GCST003048
62253271,GCST010640
188005959,GCST90016620
62251874,GCST010645
38450720,GCST007201
47450919,GCST008459
100544120,GCST90128471
102118225,GCST90243989
102098202,GCST90243984
214163585,GCST90704952
214166443,GCST90704954
189882325,GCST90624574
104172862,GCST90255366
214163598,GCST90704952
214166454,GCST90704954
26993805,GCST005081
94037914,GCST90044700
73197372,GCST011377
97060129,GCST90103929
97470725,GCST90105038
97470731,GCST90105038
97470741,GCST90105038
61934301,GCST010084
47430019,GCST008306
47429928,GCST008295
98079281,GCST90015645
47701976,GCST008595
165013752,GCST90503210
55290794,GCST009337
97470747,GCST90105038
15059744,GCST003048
217834328,GCST90837575
36050105,GCST007037
62310453,GCST011427
63922612,GCST90011875
34696501,GCST006572
99813860,GCST90132260
34942781,GCST006250
129690962,GCST90104171
103235230,GCST90245848
129422426,GCST90319540
102096087,GCST90243976
131348565,GCST90321121
118724240,GCST90296428
188243577,GCST90469183
31672427,GCST006951
61684514,GCST010123
165776471,GCST90568644
191323619,GCST90565843
216864458,GCST90827928
131332313,GCST90321120
188325377,GCST90469913
40269,GCST002385
34941211,GCST006250
106034966,GCST90270074
34710190,GCST006571
34702992,GCST006573
23465,GCST001368
98439016,GCST90131903
98427144,GCST90131901
25796,GCST001712
97475267,GCST90105038
131340558,GCST90321120
103225561,GCST90245846
47433377,GCST008526
100400485,GCST90137459
191276691,GCST90651620
134259542,GCST90448423
188005258,GCST90016607
91774486,GCST012465
191136815,GCST90627995
218406104,GCST90841193
36479265,GCST007068
34907478,GCST006417
34710185,GCST006571
103242590,GCST90245848
103214735,GCST90245844
35230261,GCST006442
34991110,GCST006287
27438940,GCST005328
61933846,GCST010085
119955674,GCST90319327
34723500,GCST006570
34719870,GCST006568
34714877,GCST006569
98439011,GCST90131903
98427138,GCST90131901
102088821,GCST90243968
64638847,GCST011126
64639020,GCST011125
102096262,GCST90243976
100083862,GCST90132984
102115324,GCST90243987
15745536,GCST003075
98439021,GCST90131903
191908613,GCST90624046
98427150,GCST90131901
188265144,GCST90469357
102105259,GCST90243985
189867525,GCST90565742
93476535,GCST90018759
191872035,GCST90662902
93547431,GCST90018979
191274481,GCST90651450
27440598,GCST005325
17439450,GCST004002
97475273,GCST90105038
80725045,GCST012464
104957401,GCST90267274
191901836,GCST90662911
93514557,GCST90018959
103242585,GCST90245848
36524356,GCST007080
131332318,GCST90321120
163392432,GCST90480084
191880847,GCST90662905
93525849,GCST90018966
93523231,GCST90018964
97484443,GCST90105038
35230729,GCST006442
98431286,GCST90131901
188156651,GCST90468220
134408832,GCST90435144
188343432,GCST90470173
188156771,GCST90468220
188156776,GCST90468220
188266394,GCST90469357
98431292,GCST90131901
88924748,GCST90000514
102109832,GCST90243985
102092148,GCST90243968
47434560,GCST008512
35228129,GCST006442
62315961,GCST011427
188156731,GCST90468220
63839459,GCST90012104
62070594,GCST010343
62068934,GCST010343
98428747,GCST90131901
98428753,GCST90131901
47507439,GCST008413
47507433,GCST008413
35227001,GCST006442
34710758,GCST006571
134430845,GCST90059900
134430857,GCST90059900
100545298,GCST90128471
188158004,GCST90468234
105954022,GCST90271575
97478106,GCST90105038
97478112,GCST90105038
97478118,GCST90105038
98428741,GCST90131901
188157934,GCST90468234
93499262,GCST90018949
188158014,GCST90468234
188158044,GCST90468234
103247651,GCST90245848
43981,GCST002468
191898447,GCST90662910
102119399,GCST90243989
102098961,GCST90243984
165283910,GCST90565152
188157879,GCST90468234
188157904,GCST90468234
188157909,GCST90468234
188158134,GCST90468234
188158179,GCST90468234
188158184,GCST90468234
188158174,GCST90468234
188158069,GCST90468234
188158099,GCST90468234
188158104,GCST90468234
188158109,GCST90468234
188158119,GCST90468234
106774762,GCST90281114
104955729,GCST90267268
62717268,GCST010721
119091978,GCST90301650
191900731,GCST90662911
88192580,GCST012490
41275710,GCST007474
36060014,GCST007039
217552540,GCST90832989
100084677,GCST90132994
106067976,GCST90274863
165285020,GCST90565160
165388276,GCST90454231
188158159,GCST90468234
188158234,GCST90468234
188158239,GCST90468234
165283439,GCST90565151
165284547,GCST90565159
165282315,GCST90565147
165282929,GCST90565148
188158154,GCST90468234
188157984,GCST90468234
165818538,GCST90569458
188157949,GCST90468234
188157999,GCST90468234
188266364,GCST90469357
188157939,GCST90468234
188157929,GCST90468234
188158189,GCST90468234
188158149,GCST90468234
188158199,GCST90468234
188158204,GCST90468234
188158144,GCST90468234
55975855,GCST010134
55731804,GCST009871
132521271,GCST90432063
102119394,GCST90243989
104111946,GCST90255621
104111952,GCST90255621
188158029,GCST90468234
188158034,GCST90468234
88916651,GCST90020036
35037309,GCST006368
41251618,GCST007468
104111940,GCST90255621
63784754,GCST010988
101967495,GCST90179150
119091972,GCST90301650
55731459,GCST009871
134167504,GCST90435413
62081828,GCST010340
134430850,GCST90059900
101967500,GCST90179150
49130645,GCST009004
138229941,GCST90444487
132520025,GCST90432061
188157989,GCST90468234
188157994,GCST90468234
188158059,GCST90468234
188157864,GCST90468234
188158129,GCST90468234
138723257,GCST90446645
188157884,GCST90468234
188157889,GCST90468234
188158164,GCST90468234
188158074,GCST90468234
188158219,GCST90468234
188158209,GCST90468234
188157944,GCST90468234
188158049,GCST90468234
36501792,GCST007066
13743,GCST000475
103267294,GCST90245848
35231658,GCST006520
188158346,GCST90468235
188158316,GCST90468235
188158436,GCST90468235
188158451,GCST90468235
188158431,GCST90468235
87275819,GCST90019516
36525900,GCST007080
188158361,GCST90468235
162828591,GCST90424098
105733017,GCST90235763
188158296,GCST90468235
87275384,GCST90019516
188158301,GCST90468235
188158326,GCST90468235
191861619,GCST90662898
191355925,GCST90565843
103267304,GCST90245848
41452228,GCST007661
39731,GCST002337
188158421,GCST90468235
14070,GCST000451
191903291,GCST90662911
191186156,GCST90399396
95126787,GCST90000025
217560126,GCST90832990
188145726,GCST90468178
191187369,GCST90399398
165772140,GCST90568484
188133273,GCST90468172
188135321,GCST90468173
188158351,GCST90468235
188158336,GCST90468235
188158341,GCST90468235
188158441,GCST90468235
217630467,GCST90833051
188153199,GCST90468184
55314105,GCST009577
193133068,GCST90437539
87275546,GCST90019516
188158406,GCST90468235
35134001,GCST006433
35966871,GCST006979
103267299,GCST90245848
191355930,GCST90565843
45532358,GCST007841
103223424,GCST90245845
62085980,GCST010340
63831399,GCST90012110
101167271,GCST90140134
56273491,GCST010241
188202916,GCST90468735
190051028,GCST90502437
190057477,GCST90502463
189943577,GCST90502075
190043788,GCST90502411
190053076,GCST90502441
190011888,GCST90502259
190059324,GCST90502467
190045574,GCST90502415
119769373,GCST90245375
99813848,GCST90132260
190054098,GCST90502450
189971833,GCST90502142
190040354,GCST90502398
190006007,GCST90502233
189936361,GCST90502062
189896726,GCST90501978
215475626,GCST90501130
190108295,GCST90502753
103987144,GCST90255357
190046614,GCST90502424
189899134,GCST90501984
101320579,GCST90239649
93206747,GCST90025953
93207630,GCST90025957
93206899,GCST90025954
164631459,GCST90492734
190001696,GCST90502225
189951701,GCST90502090
189949850,GCST90502088
189932706,GCST90502056
189905193,GCST90501999
190085232,GCST90502623
189945535,GCST90502077
189940776,GCST90502069
189938840,GCST90502064
189900816,GCST90501986
189947364,GCST90502082
190004078,GCST90502231
96139951,GCST90092834
103987489,GCST90255357
190103192,GCST90502736
93508286,GCST90018955
138523471,GCST90444202
34603228,GCST006290
119264421,GCST90302926
188282775,GCST90469499
188365427,GCST90470438
100344388,GCST90134497
100344534,GCST90134504
119759774,GCST90244996
102451871,GCST90102779
103205376,GCST90245889
188282465,GCST90469499
188305351,GCST90469732
188381510,GCST90470637
218073811,GCST90838669
188252799,GCST90469252
218408506,GCST90841196
119033418,GCST90271558
87290088,GCST90019508
119031814,GCST90271557
34709578,GCST006571
62316186,GCST011427
188282705,GCST90469499
62084228,GCST010340
97472667,GCST90105038
214366861,GCST90453318
215478016,GCST90501135
218406400,GCST90841193
215487439,GCST90501143
101326649,GCST90239655
215483165,GCST90501139
218091303,GCST90838671
62079302,GCST010340
95126538,GCST90000025
165807595,GCST90569420
162647874,GCST90449056
62080622,GCST010340
104934255,GCST90244098
103264844,GCST90245848
127875739,GCST90293732
131472658,GCST90054795
191865743,GCST90662899
191872275,GCST90662902
17658129,GCST003855
62079956,GCST010340
165283623,GCST90565151
165282507,GCST90565147
188126304,GCST90468165
36525768,GCST007080
131787481,GCST90310296
131787486,GCST90310296
62068772,GCST010343
100046499,GCST90132905
132634781,GCST90432152
163393608,GCST90480119
165780818,GCST90568860
134279105,GCST90448448
162647880,GCST90449056
103264834,GCST90245848
103264839,GCST90245848
131781586,GCST90310295
131775054,GCST90310294
35587685,GCST006627
36525763,GCST007080
41134037,GCST007431
119123379,GCST90244094
36101760,GCST007087
134279112,GCST90448448
162653741,GCST90449057
217559687,GCST90832990
47722918,GCST008708
34894312,GCST006195
34893810,GCST006186
97465177,GCST90105038
97465183,GCST90105038
105988050,GCST90271727
104865688,GCST90267424
62319033,GCST011427
62311744,GCST011427
188263639,GCST90469357
25367,GCST001713
62319146,GCST011427
102100624,GCST90243985
41379390,GCST007576
216825885,GCST90827800
98423334,GCST90131901
103987109,GCST90255357
165387290,GCST90454203
131330058,GCST90321120
93509340,GCST90018956
97487874,GCST90105038
98441438,GCST90131903
93515937,GCST90018959
98441443,GCST90131903
47109603,GCST007988
47108114,GCST007988
98433176,GCST90131901
55726065,GCST009867
98441448,GCST90131903
98433182,GCST90131901
62078894,GCST010340
98441453,GCST90131903
98441458,GCST90131903
98433199,GCST90131901
62084618,GCST010340
104374348,GCST90264174
104868140,GCST90267519
102121044,GCST90243989
102099976,GCST90243984
98433205,GCST90131901
191276331,GCST90651590
102121049,GCST90243989
98433153,GCST90131901
98433159,GCST90131901
98433165,GCST90131901
98433171,GCST90131901
27409025,GCST005316
117765667,GCST90275136
103268984,GCST90245848
102111929,GCST90243985
102093672,GCST90243968
103268994,GCST90245848
36526003,GCST007080
104933784,GCST90244098
93038979,GCST90061435
49136633,GCST009001
189881590,GCST90624553
163446815,GCST90480728
64720159,GCST90013707
30500587,GCST005580
30500592,GCST005580
47433417,GCST008526
217418802,GCST90559230
98784452,GCST90132229
191684398,GCST90624412
191680698,GCST90624411
162643527,GCST90449054
98437145,GCST90131902
104116392,GCST90255621
191304742,GCST90565842
35123036,GCST006414
34616906,GCST006061
162643522,GCST90449054
216301670,GCST90705072
119123847,GCST90244094
166098032,GCST90572702
163401285,GCST90480255
165818180,GCST90569458
165797627,GCST90569309
135078481,GCST90449001
164571091,GCST90492678
34616949,GCST006061
34616944,GCST006061
214064192,GCST90668076
93500232,GCST90018949
191846470,GCST90662887
93496184,GCST90018947
163447481,GCST90480729
134773799,GCST90091821
216853736,GCST90827895
10087081,GCST002774
97487885,GCST90105038
49134089,GCST009003
105855769,GCST90269796
62204390,GCST010555
191284870,GCST90565836
105911220,GCST90271560
64669021,GCST011320
189885808,GCST90624667
30524340,GCST005951
217455545,GCST90832185
101950845,GCST90179146
131625923,GCST90428121
55299347,GCST009379
21715671,GCST004558
100353692,GCST90134549
21706932,GCST004559
21705472,GCST004557
21705136,GCST004557
49129169,GCST009004
138233406,GCST90444487
131613342,GCST90428119
73197727,GCST011331
35037619,GCST006368
34832681,GCST006269
35228773,GCST006442
218978477,GCST90832687
217553770,GCST90832989
100283758,GCST90134330
34832126,GCST006269
27409029,GCST005316
34942531,GCST006250
218978422,GCST90832687
104373992,GCST90264174
100283726,GCST90134330
38451217,GCST007201
24729874,GCST004946
63372483,GCST90012046
62082020,GCST010340
62018411,GCST010321
35228777,GCST006442
119358835,GCST90308743
163263609,GCST90476460
163178094,GCST90475759
163385011,GCST90479952
55726070,GCST009867
62017413,GCST010320
34994286,GCST006287
34651387,GCST006414
102723767,GCST90204201
98433188,GCST90131901
98433194,GCST90131901
62318712,GCST011427
55592800,GCST009600
132478650,GCST90429151
104934094,GCST90244098
49101129,GCST004904
88192463,GCST012490
31588321,GCST006014
102724154,GCST90244769
55977128,GCST010146
131330053,GCST90321120
93479270,GCST90018796
165684429,GCST90455657
62078696,GCST010340
192548051,GCST90624107
188149312,GCST90468183
34722152,GCST006570
47702690,GCST008595
95034297,GCST90095131
163309076,GCST90479522
63098426,GCST90011293
34831427,GCST006269
163015941,GCST90475156
101970345,GCST90179150
34717320,GCST006568
27409033,GCST005316
119087965,GCST90301650
191304747,GCST90565842
34704299,GCST006574
191910286,GCST90624050
93931136,GCST90091061
163019141,GCST90475159
36061386,GCST007039
34941611,GCST006250
131625872,GCST90428121
163309852,GCST90479523
163170800,GCST90475658
63922212,GCST90011875
34701915,GCST006573
218978436,GCST90832687
34707143,GCST006571
34697068,GCST006572
163273082,GCST90476466
34713157,GCST006569
188129339,GCST90468170
63101037,GCST90011298
138724778,GCST90446645
163385378,GCST90479955
163172607,GCST90475667
100283736,GCST90134330
47757518,GCST008744
163011354,GCST90475153
188148165,GCST90468182
163268754,GCST90476463
218978447,GCST90832687
100283742,GCST90134330
189867064,GCST90565740
34831704,GCST006269
34943376,GCST006250
162783849,GCST90446169
218978459,GCST90832687
100283747,GCST90134330
218978468,GCST90832687
100283753,GCST90134330
165775446,GCST90568592
165773599,GCST90568532
62070246,GCST010343
127921949,GCST90295353
163191640,GCST90475970
163397102,GCST90480168
163397590,GCST90480170
163190946,GCST90475967
35903701,GCST007448
63949456,GCST011704
217630527,GCST90833051
101054526,GCST90162547
101322437,GCST90239649
188171003,GCST90468411
218060056,GCST90838680
104546914,GCST90248369
56280871,GCST010242
101325322,GCST90239652
191868216,GCST90662901
191852838,GCST90662894
188291997,GCST90469585
188317231,GCST90469832
102077981,GCST90133183
131347970,GCST90321121
64668674,GCST011122
55592296,GCST009600
34942536,GCST006250
88928932,GCST90000047
189868032,GCST90565742
19568283,GCST003992
97487891,GCST90105038
97487880,GCST90105038
97487897,GCST90105038
93014550,GCST90032654
131330063,GCST90321120
165785839,GCST90569029
88193063,GCST012490
106004221,GCST90271798
106002270,GCST90271790
103268979,GCST90245848
134158183,GCST90435412
45532653,GCST007841
138233411,GCST90444487
103268989,GCST90245848
97487902,GCST90105038
34707148,GCST006571
19702400,GCST004348
41247983,GCST007462
41252604,GCST007468
88192584,GCST012490
102724027,GCST90244768
119085323,GCST90301649
63778310,GCST010989
34832933,GCST006269
100283731,GCST90134330
100085226,GCST90133001
62319658,GCST011427
93038974,GCST90061435
165148241,GCST90503115
162783498,GCST90446168
41553564,GCST008129
104116386,GCST90255621
165780729,GCST90568855
27409942,GCST005316
134250550,GCST90448240
163372375,GCST90479770
191903216,GCST90662911
163275381,GCST90476469
63785527,GCST010988
218410812,GCST90841196
64668670,GCST011122
98544570,GCST90132183
163308147,GCST90479521
214079426,GCST90693212
34603164,GCST006290
191303183,GCST90565841
163445703,GCST90480727
163444451,GCST90480726
163179151,GCST90475765
62178990,GCST010557
164635974,GCST90492734
163384830,GCST90479951
55734003,GCST009871
191895432,GCST90662910
34603993,GCST006291
136009471,GCST90309342
98546145,GCST90132184
61690957,GCST010002
165014810,GCST90503210
191904645,GCST90662912
62087733,GCST010378
104373406,GCST90264174
100544200,GCST90128471
218404407,GCST90841193
191019974,GCST90559264
41311876,GCST004988
218077795,GCST90838669
191019951,GCST90559264
191019957,GCST90559264
41311808,GCST004988
191019963,GCST90559264
95025333,GCST90095129
64081605,GCST90002388
35230501,GCST006442
136012103,GCST90309345
106269755,GCST90270118
191293227,GCST90565837
63915854,GCST90013420
41172121,GCST007841
188141266,GCST90468178
90812089,GCST012227
191019968,GCST90559264
191346644,GCST90565843
191346650,GCST90565843
191346656,GCST90565843
191019939,GCST90559264
131619353,GCST90428120
22074759,GCST004630
22675169,GCST008163
104965142,GCST90267304
132557860,GCST90387203
136014787,GCST90309353
64195537,GCST90002383
191346662,GCST90565843
191346667,GCST90565843
191293215,GCST90565837
191346673,GCST90565843
191019945,GCST90559264
104963531,GCST90267285
104960106,GCST90267284
36507770,GCST007069
188042809,GCST90468069
41172117,GCST007841
188145281,GCST90468178
191346678,GCST90565843
191293221,GCST90565837
93510529,GCST90018957
93517646,GCST90018960
218078571,GCST90838669
104165741,GCST90250905
93076256,GCST90085815
93083866,GCST90056183
87269849,GCST90019522
93081976,GCST90056182
100085111,GCST90133001
131331258,GCST90321120
131624765,GCST90428120
96779620,GCST90102517
214163546,GCST90704952
101155615,GCST90139390
131331233,GCST90321120
131331208,GCST90321120
131331188,GCST90321120
131331193,GCST90321120
131331198,GCST90321120
131331203,GCST90321120
131331273,GCST90321120
97469714,GCST90105038
97469726,GCST90105038
97469731,GCST90105038
47228739,GCST007983
97469743,GCST90105038
93541834,GCST90018976
93531111,GCST90018969
64339738,GCST90002402
93544842,GCST90018978
131331178,GCST90321120
64077900,GCST90002389
188089582,GCST90468093
64402570,GCST90002399
64080709,GCST90002388
188063385,GCST90468082
188065152,GCST90468083
93551332,GCST90018988
218071471,GCST90838669
45608487,GCST007930
35225493,GCST006442
34709003,GCST006571
27407577,GCST005316
55492372,GCST009524
119259183,GCST90301396
55975432,GCST010136
34941906,GCST006250
101157093,GCST90139483
131331238,GCST90321120
101789193,GCST90239828
97469720,GCST90105038
98425134,GCST90131901
64668508,GCST011122
98425139,GCST90131901
98425129,GCST90131901
95124272,GCST90000025
62081210,GCST010340
27407597,GCST005316
100842221,GCST90162121
41394994,GCST007565
47228743,GCST007983
131331288,GCST90321120
91686526,GCST90027240
62081858,GCST010340
134168651,GCST90435414
119119108,GCST90301664
63369122,GCST010866
101975838,GCST90132314
131331248,GCST90321120
191872765,GCST90662902
188149517,GCST90468183
27407571,GCST005316
191302573,GCST90565840
104374907,GCST90264174
188304276,GCST90469722
131515647,GCST90399687
162845908,GCST90426079
64077890,GCST90002389
188089042,GCST90468093
64402560,GCST90002399
64080699,GCST90002388
188064537,GCST90468083
191847560,GCST90662892
191855032,GCST90662895
34969727,GCST006476
105052849,GCST90269769
91685959,GCST90027239
91687962,GCST90027243
188304246,GCST90469722
164776575,GCST90314438
119778062,GCST90245760
218090839,GCST90838671
188217340,GCST90468862
165719928,GCST90566795
136813475,GCST90451690
163318218,GCST90479580
34718914,GCST006568
166088830,GCST90570610
164793135,GCST90315265
163195597,GCST90476071
163405093,GCST90480333
34723016,GCST006570
34832338,GCST006269
34718909,GCST006568
27407582,GCST005316
191303559,GCST90565842
163318670,GCST90479581
64721729,GCST90012790
63922564,GCST90011875
164568627,GCST90492678
164572286,GCST90492679
34708995,GCST006571
34696449,GCST006572
98174963,GCST007044
164565151,GCST90492677
63100017,GCST90011298
36049988,GCST007037
191875069,GCST90662903
63148937,GCST006585
62061625,GCST010900
191374096,GCST90652250
94167410,GCST90088740
191284402,GCST90565836
47432624,GCST008522
36158272,GCST007328
34968156,GCST006475
215517269,GCST90501190
27407587,GCST005316
215467868,GCST90501116
101346944,GCST90239676
215514471,GCST90501188
215455730,GCST90501098
34968548,GCST006475
215515332,GCST90501189
101341603,GCST90239673
215513570,GCST90501186
100282141,GCST90134330
218071859,GCST90838669
218405497,GCST90841193
162783699,GCST90446169
35046229,GCST006479
47196164,GCST008105
34708991,GCST006571
103234630,GCST90245848
119901915,GCST90199960
62313691,GCST011427
101976847,GCST90132314
131760571,GCST90428732
117821073,GCST90293096
55899333,GCST009716
36516494,GCST007075
55611681,GCST009717
62497251,GCST90002302
136011693,GCST90309345
163442708,GCST90480725
64200440,GCST90002381
90538359,GCST90002393
216301337,GCST90705072
62427769,GCST90002355
36523742,GCST007080
131331283,GCST90321120
191909916,GCST90624050
27561054,GCST005389
62408117,GCST010545
119124033,GCST90244094
34970277,GCST006476
191371871,GCST90565845
34968528,GCST006475
131331223,GCST90321120
131331228,GCST90321120
193154247,GCST90440404
35130656,GCST006433
35225485,GCST006442
98082745,GCST90016032
95158278,GCST90095190
104374631,GCST90264174
17469309,GCST003676
64731922,GCST90012792
93488354,GCST90018942
80641767,GCST90013473
119774920,GCST90245602
131331293,GCST90321120
62081900,GCST010340
98425123,GCST90131901
100842227,GCST90162121
104543768,GCST90248219
131331173,GCST90321120
119258408,GCST90301393
191883241,GCST90662906
101170950,GCST90140454
102118104,GCST90243989
34704819,GCST006574
47701933,GCST008595
102118114,GCST90243989
62506428,GCST90002378
62748436,GCST90002346
64415276,GCST90002395
191888515,GCST90662907
21892663,GCST004610
21840590,GCST004627
62737694,GCST90002374
62429622,GCST90002349
64395849,GCST90002401
163347039,GCST90479664
188100203,GCST90468097
188093874,GCST90468095
93504623,GCST90018953
188076930,GCST90468087
36472320,GCST007065
62499908,GCST90002361
63940404,GCST90002407
218071119,GCST90838669
62514235,GCST90002298
62745916,GCST90002357
98438132,GCST90131903
47261477,GCST008257
47447031,GCST008256
217551339,GCST90832989
106036132,GCST90270074
80731645,GCST012436
117820990,GCST90293093
117821049,GCST90293095
188267769,GCST90469357
163406247,GCST90480361
119124624,GCST90244095
188137446,GCST90468176
188116444,GCST90468125
61739456,GCST010042
188304261,GCST90469722
64630728,GCST011096
191876483,GCST90662904
188028577,GCST90103953
119910357,GCST90200543
102518389,GCST90241721
163404818,GCST90480330
163196117,GCST90476076
163404755,GCST90480329
215543532,GCST90501238
98380251,GCST90094743
98385415,GCST90094863
98383252,GCST90094824
62630585,GCST90002304
64194925,GCST90002383
64192320,GCST90002384
214160964,GCST90704949
55491727,GCST009524
214160971,GCST90704949
62285974,GCST010544
102496006,GCST90244188
102118109,GCST90243989
41276717,GCST007461
118724214,GCST90296428
102098120,GCST90243984
62286354,GCST010543
102496171,GCST90244189
163448883,GCST90480767
41248836,GCST007472
47717478,GCST008757
216681632,GCST90728589
218090835,GCST90838671
34942756,GCST006250
218977125,GCST90832687
217565920,GCST90832992
100282136,GCST90134330
97469749,GCST90105038
218072367,GCST90838669
218072411,GCST90838669
31670413,GCST006944
93466910,GCST90018729
165796968,GCST90569294
192546170,GCST90624107
101965203,GCST90179150
104108196,GCST90255621
49130566,GCST009004
138227562,GCST90444487
138722172,GCST90446645
35037333,GCST006368
131331213,GCST90321120
131331218,GCST90321120
163404619,GCST90480328
163196176,GCST90476077
88192734,GCST012490
88192339,GCST012490
131331278,GCST90321120
104958349,GCST90267280
62657835,GCST90002340
64077894,GCST90002389
188088657,GCST90468093
64402564,GCST90002399
62431667,GCST90002344
21840595,GCST004627
62491036,GCST90002320
136020806,GCST90309369
64080703,GCST90002388
62649736,GCST90002316
163346484,GCST90479663
64395853,GCST90002401
188098323,GCST90468097
188062200,GCST90468082
188064097,GCST90468083
63940408,GCST90002407
93519629,GCST90018962
188082666,GCST90468090
93527558,GCST90018967
90538364,GCST90002393
62743881,GCST90002351
100399176,GCST90137415
119334253,GCST90100568
119335440,GCST90308682
36498982,GCST007066
35964279,GCST006979
93494414,GCST90018947
17698586,GCST003989
103283486,GCST90245848
97469737,GCST90105038
97469754,GCST90105038
35225489,GCST006442
34708999,GCST006571
97469760,GCST90105038
117821017,GCST90293094
119118661,GCST90301659
102098126,GCST90243984
163372497,GCST90479772
216642907,GCST90266347
216642890,GCST90266346
191904675,GCST90662912
119955416,GCST90319327
36055844,GCST007020
102098132,GCST90243984
63784171,GCST010988
119089904,GCST90301650
36058966,GCST007039
55729148,GCST009871
49133945,GCST009003
100526080,GCST90137875
55974591,GCST010142
95986910,GCST90100570
191901056,GCST90662911
103234635,GCST90245848
119118985,GCST90301663
118723536,GCST90296425
131331243,GCST90321120
131331268,GCST90321120
131331253,GCST90321120
131331263,GCST90321120
163441542,GCST90480724
163110377,GCST90475429
163152326,GCST90475517
163257894,GCST90476457
163154986,GCST90475520
163255559,GCST90476454
41538547,GCST005038
163109829,GCST90475426
64080695,GCST90002388
21890155,GCST004616
22008955,GCST004599
188063350,GCST90468082
36465008,GCST007070
163211836,GCST90476299
163108716,GCST90475423
131760434,GCST90428732
119258402,GCST90301393
165282121,GCST90565147
119118812,GCST90301660
27407592,GCST005316
95154224,GCST008811
102086973,GCST90243968
88927750,GCST90000047
93037141,GCST90061435
131778312,GCST90310295
131771103,GCST90310294
162644584,GCST90449056
162650506,GCST90449057
35585388,GCST006630
63097958,GCST90011293
191129067,GCST90627735
21512676,GCST004364
21316204,GCST004364
191130265,GCST90627736
25569197,GCST005142
25569711,GCST005141
36465012,GCST007070
96079322,GCST90101241
163448947,GCST90480768
93498262,GCST90018949
191895577,GCST90662910
41395494,GCST007565
191129001,GCST90627735
41380376,GCST007576
36103033,GCST007083
215509846,GCST90501182
218408123,GCST90841196
95026319,GCST90095129
64721932,GCST90012793
62309707,GCST011427
188190119,GCST90468614
191358020,GCST90565843
191358032,GCST90565843
47088919,GCST007841
191298075,GCST90565837
191888590,GCST90662907
216889948,GCST90828013
188190139,GCST90468614
119970349,GCST90302230
132634870,GCST90432152
191358026,GCST90565843
165811523,GCST90569451
218084959,GCST90838669
103271389,GCST90245848
103271394,GCST90245848
191370511,GCST90565844
165782688,GCST90568910
131341023,GCST90321120
102532805,GCST90243001
41247064,GCST007459
106058402,GCST90274728
103283761,GCST90245848
218091219,GCST90838671
131340598,GCST90321120
101706611,GCST90165291
105708293,GCST90271324
218091223,GCST90838671
218073059,GCST90838669
214312181,GCST90624094
104108902,GCST90255621
55716719,GCST009858
55729924,GCST009871
104536761,GCST90247877
101284409,GCST90002382
191018985,GCST90559264
101323398,GCST90239650
214362160,GCST90453212
164568956,GCST90492678
164572596,GCST90492679
164565462,GCST90492677
36499234,GCST007066
217563014,GCST90832991
214526530,GCST90726344
104960870,GCST90267284
131344433,GCST90321120
131630149,GCST90428121
131614084,GCST90428119
102096104,GCST90243976
132207016,GCST90428893
102096110,GCST90243976
191303682,GCST90565842
129339036,GCST90308774
95158350,GCST90095190
63923716,GCST90011874
188328925,GCST90469952
188356695,GCST90470327
62497351,GCST90002302
62514354,GCST90002298
101965729,GCST90179150
119090742,GCST90301650
191185826,GCST90399396
131630843,GCST90428121
104108907,GCST90255621
131614372,GCST90428119
188373561,GCST90470570
34704966,GCST006574
188328960,GCST90469952
55729919,GCST009871
191018990,GCST90559264
104374947,GCST90264174
17469712,GCST003676
90708045,GCST90020029
62737799,GCST90002374
191333122,GCST90565843
106267280,GCST90270118
131622764,GCST90428120
41395709,GCST007565
102118400,GCST90243989
188056025,GCST90468077
188108551,GCST90468101
188106679,GCST90468100
63048296,GCST010701
100876220,GCST90179153
104538565,GCST90247968
35225897,GCST006442
47691126,GCST008733
47691996,GCST008734
55722812,GCST009867
100840447,GCST90162064
21755888,GCST004624
191288132,GCST90565837
191367190,GCST90565844
102096116,GCST90243976
191288126,GCST90565837
217562955,GCST90832991
103956417,GCST90165318
41248303,GCST007463
188328995,GCST90469952
163325416,GCST90479604
191018996,GCST90559264
47108794,GCST007988
131622914,GCST90428120
191332909,GCST90565843
215550583,GCST90501251
215553190,GCST90501257
215562557,GCST90501269
64399238,GCST90002400
218073783,GCST90838669
102103538,GCST90243985
88191872,GCST012490
143805960,GCST90455676
143807125,GCST90455677
103237340,GCST90245848
102118406,GCST90243989
191186442,GCST90399398
98446957,GCST90131905
102118394,GCST90243989
98448662,GCST90131906
98445877,GCST90131904
191288143,GCST90565837
88192293,GCST012490
163322987,GCST90479601
35225901,GCST006442
218062749,GCST90824108
188043079,GCST90468069
95022888,GCST90095129
47259645,GCST008357
87297870,GCST90019502
87288049,GCST90019509
191302210,GCST90565839
87293400,GCST90019506
87314945,GCST90019494
87287869,GCST90019509
191302610,GCST90565840
63947172,GCST90002405
63944053,GCST90002406
134162298,GCST90435412
163324778,GCST90479603
163327463,GCST90479606
131629707,GCST90428121
188328975,GCST90469952
131614032,GCST90428119
188328865,GCST90469952
189867409,GCST90565742
188389003,GCST90470726
191332956,GCST90565843
214467733,GCST90432175
94190787,GCST90088777
143802482,GCST90455669
21542084,GCST004433
131723231,GCST90319906
101954577,GCST90179147
214161162,GCST90704949
131720933,GCST90319904
191333017,GCST90565843
191288138,GCST90565837
64183463,GCST90002387
103232970,GCST90245848
47497594,GCST008413
47497585,GCST008413
103232965,GCST90245848
98424466,GCST90131901
97862372,GCST90024755
62307845,GCST011427
94079401,GCST90001499
188383020,GCST90470652
88923555,GCST90014293
188383145,GCST90470652
188248339,GCST90469209
97466826,GCST90105038
104539708,GCST90248022
36506099,GCST007069
63408522,GCST010796
63408518,GCST010796
63408514,GCST010796
188383165,GCST90470652
188383180,GCST90470652
188248264,GCST90469209
188383060,GCST90470652
35294616,GCST006482
188248484,GCST90469209
188132193,GCST90468172
191371617,GCST90565845
188130651,GCST90468171
188128592,GCST90468169
218068137,GCST90838667
88923549,GCST90014293
188286802,GCST90469540
101374961,GCST90239635
165782809,GCST90568917
165782826,GCST90568918
165784526,GCST90569011
188248369,GCST90469209
188248284,GCST90469209
218068165,GCST90838667
34842092,GCST006867
35229309,GCST006442
36157922,GCST007329
138944067,GCST90278637
93516277,GCST90018959
166098357,GCST90572703
24227783,GCST004773
131758885,GCST90428730
101957291,GCST90179147
41344850,GCST007517
103227568,GCST90245847
27240539,GCST005196
36474421,GCST007065
101286090,GCST90002382
55491805,GCST009524
47717580,GCST008757
53502739,GCST009096
136015463,GCST90309355
93379868,GCST90019515
21442941,GCST004278
119392961,GCST90295951
56279545,GCST010242
214079842,GCST90693212
56276114,GCST010244
119389919,GCST90295949
98434965,GCST90131901
102714094,GCST90244709
216282042,GCST90246230
191844218,GCST90662886
190003745,GCST90502225
137654593,GCST90451698
103275634,GCST90245848
131610219,GCST90428117
90731382,GCST90020028
188142711,GCST90468178
134160205,GCST90435412
163383205,GCST90479927
55735041,GCST009871
36610270,GCST007063
164571477,GCST90492678
164574822,GCST90492679
164567782,GCST90492677
188149832,GCST90468183
188152409,GCST90468184
188129714,GCST90468170
188121547,GCST90468159
87273767,GCST90019518
87296807,GCST90019504
217630767,GCST90833051
217628923,GCST90833050
98507609,GCST90131910
131788685,GCST90310296
131782850,GCST90310295
101322928,GCST90239649
131776583,GCST90310294
98544823,GCST90132183
62204530,GCST010555
93931435,GCST90091061
163315186,GCST90479552
214079847,GCST90693212
135011639,GCST90428446
101325635,GCST90239652
163173773,GCST90475676
62178636,GCST010557
164636724,GCST90492734
55299546,GCST009379
35917489,GCST007267
98434975,GCST90131901
98546320,GCST90132184
93486730,GCST90018926
135017453,GCST90428448
163073422,GCST90475356
218975166,GCST90838681
163032876,GCST90475229
100082377,GCST90132934
17484,GCST000998
189886441,GCST90624681
131621498,GCST90428120
103218975,GCST90245844
102121705,GCST90243989
55734981,GCST009871
101963654,GCST90179149
103275624,GCST90245848
94111279,GCST90087053
63158436,GCST006585
104515117,GCST90246799
80734156,GCST90013406
64674859,GCST90011900
162649087,GCST90449056
47843978,GCST008839
98510269,GCST90131910
95987935,GCST90100570
27239075,GCST005194
95127487,GCST90000025
55490510,GCST009523
190072021,GCST90502554
190086503,GCST90502632
163383549,GCST90479929
31385675,GCST005716
35231049,GCST006442
163394437,GCST90480128
163394034,GCST90480125
189983437,GCST90502173
41380975,GCST007576
162654898,GCST90449057
188134456,GCST90468173
191902006,GCST90662911
90615790,GCST012226
189962202,GCST90502121
103224234,GCST90245845
80733647,GCST90013406
191361880,GCST90565843
188147641,GCST90468180
191361864,GCST90565843
162808411,GCST90421780
191361870,GCST90565843
105855774,GCST90269796
93509485,GCST90018956
134163903,GCST90435412
95127483,GCST90000025
191361847,GCST90565843
188153099,GCST90468184
188122025,GCST90468159
191299883,GCST90565837
218086471,GCST90838669
218089890,GCST90838670
218062646,GCST90824108
97490604,GCST90105038
34707858,GCST006571
36102456,GCST007087
62745064,GCST90002351
102121711,GCST90243989
137655018,GCST90451699
137654461,GCST90451698
119461917,GCST90310232
27457901,GCST005414
188092331,GCST90468095
10079559,GCST002647
103275629,GCST90245848
103212610,GCST90245843
98510248,GCST90131910
188097381,GCST90468096
163422246,GCST90480651
90731378,GCST90020028
131617833,GCST90428119
90814143,GCST012227
98434970,GCST90131901
104118261,GCST90255621
163088159,GCST90475362
163338687,GCST90479635
163340978,GCST90479636
163336258,GCST90479634
163342753,GCST90479637
163095305,GCST90475365
163081149,GCST90475359
163175335,GCST90475715
163315470,GCST90479553
163175773,GCST90475718
55726753,GCST009867
64193929,GCST90002384
93507407,GCST90018954
191854538,GCST90662894
191361858,GCST90565843
217561310,GCST90832990
47089763,GCST007841
98510232,GCST90131910
188140666,GCST90468178
191299888,GCST90565837
64401357,GCST90002400
64342255,GCST90002402
61999772,GCST009777
188197029,GCST90468669
188179783,GCST90468531
191361853,GCST90565843
191361875,GCST90565843
191299894,GCST90565837
191864688,GCST90662899
191361842,GCST90565843
191299878,GCST90565837
138948335,GCST90278650
189975453,GCST90502147
189928033,GCST90502043
64669049,GCST011320
218086231,GCST90838669
188101025,GCST90468098
192544634,GCST90624105
103218815,GCST90245844
188033458,GCST90468061
134164796,GCST90435412
93525100,GCST90018965
64196331,GCST90002383
64094414,GCST90002391
163351163,GCST90479671
36509572,GCST007069
188081914,GCST90468089
64410187,GCST90002397
119762028,GCST90245089
103218820,GCST90245844
88620681,GCST012072
107266524,GCST90271609
56279918,GCST010242
34702087,GCST006573
34713456,GCST006569
62316684,GCST011427
62314790,GCST011427
62314146,GCST011427
62312391,GCST011427
62308558,GCST011427
62308375,GCST011427
62306551,GCST011427
188058824,GCST90468079
103288712,GCST90245848
55670302,GCST009838
191875094,GCST90662903
191360940,GCST90565843
134160733,GCST90435412
191360928,GCST90565843
217561177,GCST90832990
47089575,GCST007841
188143331,GCST90468178
217561183,GCST90832990
36102390,GCST007087
24746,GCST001697
90520344,GCST90020227
119955269,GCST90319327
102094604,GCST90243968
165106746,GCST90503749
36528642,GCST007084
101322861,GCST90239649
101325584,GCST90239652
106035817,GCST90270074
106237162,GCST90278198
41395775,GCST007565
41380519,GCST007576
101447208,GCST90002403
22076376,GCST004601
14221463,GCST003303
21838945,GCST004615
93518306,GCST90018960
21837433,GCST004604
61936741,GCST010083
104327845,GCST90258653
191877853,GCST90662904
188143856,GCST90468178
10079556,GCST002647
97490337,GCST90105038
34722410,GCST006570
34717759,GCST006568
36095023,GCST007081
34713452,GCST006569
131623689,GCST90428120
191299372,GCST90565837
191838447,GCST90662873
103274919,GCST90245848
165218683,GCST90461958
165148246,GCST90503115
41407130,GCST007561
106047730,GCST90272876
134409962,GCST90435144
165216746,GCST90461957
103212580,GCST90245843
56272675,GCST010241
188048590,GCST90468072
191840757,GCST90662878
215598735,GCST90501327
47713068,GCST008648
218094735,GCST90838671
218086027,GCST90838669
218067420,GCST90838663
64184515,GCST90002387
101371075,GCST90239623
104961702,GCST90267284
21884138,GCST004605
138941946,GCST90278634
102226119,GCST90244004
47229443,GCST007983
36103609,GCST007083
103274909,GCST90245848
103596948,GCST90245995
218978789,GCST90832687
34707757,GCST006571
218086427,GCST90838669
62079620,GCST010340
62078342,GCST010340
163435347,GCST90480703
62488589,GCST90002332
62655038,GCST90002328
163331263,GCST90479629
165219085,GCST90461958
138234588,GCST90444487
103274914,GCST90245848
214457744,GCST90709782
216546553,GCST90627749
131782765,GCST90310295
131776434,GCST90310294
35585285,GCST006630
47229439,GCST007983
64187541,GCST90002386
191879647,GCST90662905
188050949,GCST90468074
100082392,GCST90132934
93528833,GCST90018967
134410262,GCST90435144
163443354,GCST90480725
192544708,GCST90624105
191360934,GCST90565843
218411315,GCST90841196
165401996,GCST90474900
165403341,GCST90474922
165401662,GCST90474897
165401115,GCST90474888
165403199,GCST90474921
88620776,GCST012072
88620782,GCST012072
103282366,GCST90245848
103282376,GCST90245848
188099408,GCST90468097
103289695,GCST90245848
103289700,GCST90245848
188111139,GCST90468105
94038345,GCST90026371
130459228,GCST90268476
103289705,GCST90245848
64398246,GCST90002401
163418785,GCST90480640
36467980,GCST007070
63346487,GCST90011822
64401997,GCST90002400
188096161,GCST90468096
64342812,GCST90002402
21891024,GCST004616
14237,GCST000488
10625422,GCST002890
118865435,GCST90274714
64606570,GCST011048
118865899,GCST90274715
163165950,GCST90475591
163024221,GCST90475187
163024134,GCST90475185
80446006,GCST011957
163312876,GCST90479536
191183731,GCST90651052
93484686,GCST90018905
165098900,GCST90503489
63347723,GCST90011808
165096698,GCST90503487
131610290,GCST90428117
92411871,GCST90027060
15014682,GCST002944
15014669,GCST002944
40767718,GCST006085
163203880,GCST90476277
163416862,GCST90480590
118862973,GCST90274713
64607866,GCST011049
63346447,GCST90011822
163374854,GCST90479803
165822672,GCST90569500
165801687,GCST90569338
63942959,GCST90002407
188181197,GCST90468563
188098378,GCST90468097
191018063,GCST90559260
217565739,GCST90832991
103282371,GCST90245848
188086288,GCST90468091
118865429,GCST90274714
118865893,GCST90274715
118862967,GCST90274713
64607861,GCST011049
188097988,GCST90468097
101978369,GCST90132314
118329891,GCST90281223
188072795,GCST90468087
191366297,GCST90565843
188073540,GCST90468087
118322878,GCST90281194
36510396,GCST007069
163360922,GCST90479702
93529063,GCST90018967
165403702,GCST90474930
62508040,GCST90002378
22001927,GCST004625
188082636,GCST90468090
90541002,GCST90002393
188264949,GCST90469357
188093714,GCST90468095
93543144,GCST90018976
163366451,GCST90479708
163153151,GCST90475519
163150464,GCST90475516
163367410,GCST90479709
163365294,GCST90479707
218088873,GCST90838669
218602993,GCST90830087
218645193,GCST90831000
88191543,GCST012490
188402783,GCST90470901
104568043,GCST90249459
93379893,GCST90019515
163359921,GCST90479701
163361663,GCST90479703
64421086,GCST90002394
163144094,GCST90475505
191882971,GCST90662906
130459045,GCST90268467
130460510,GCST90268498
130459953,GCST90268497
131610296,GCST90428117
21844505,GCST004609
36481781,GCST007068
191842643,GCST90662881
131344038,GCST90321120
214313406,GCST90624094
188231210,GCST90469012
134159550,GCST90435412
217562324,GCST90832990
188231180,GCST90469012
93077471,GCST90056177
62659529,GCST90002340
62433183,GCST90002344
62739407,GCST90002374
62745323,GCST90002351
218088665,GCST90838669
103271664,GCST90245848
103271674,GCST90245848
90615268,GCST012226
97371329,GCST90104631
106260865,GCST90270116
97371567,GCST90104633
97371449,GCST90104632
103288292,GCST90245848
103288297,GCST90245848
55726252,GCST009867
62078594,GCST010340
62078252,GCST010340
217566531,GCST90832992
90730474,GCST90020028
80500079,GCST90016585
90730469,GCST90020028
90730479,GCST90020028
93039094,GCST90061435
133180330,GCST90399876
191358465,GCST90565843
102112553,GCST90243985
102112558,GCST90243985
41276301,GCST007474
41252729,GCST007468
102094163,GCST90243968
102112564,GCST90243985
90730501,GCST90020028
62318963,GCST011427
119756973,GCST90244906
90615233,GCST012226
218084907,GCST90838669
131782409,GCST90310295
191358487,GCST90565843
191298323,GCST90565837
90615248,GCST012226
90615253,GCST012226
90615257,GCST012226
55726242,GCST009867
214162990,GCST90704949
214166175,GCST90704953
191370570,GCST90565844
90730484,GCST90020028
191370575,GCST90565844
191370581,GCST90565844
191358432,GCST90565843
191358438,GCST90565843
191370587,GCST90565844
55314724,GCST009577
90740301,GCST90020026
106260870,GCST90270116
90730443,GCST90020028
62085122,GCST010340
62084258,GCST010340
91265996,GCST90026598
103288302,GCST90245848
90813561,GCST012227
90813565,GCST012227
131626839,GCST90428121
90730509,GCST90020028
106269265,GCST90270118
131342628,GCST90321120
104117166,GCST90255621
80501410,GCST90016594
80500810,GCST90016590
80501083,GCST90016591
103271659,GCST90245848
62074884,GCST010341
90730488,GCST90020028
55726422,GCST009867
102112547,GCST90243985
47088995,GCST007841
106005782,GCST90271809
162861877,GCST90427763
163319190,GCST90479581
21289782,GCST004185
191358471,GCST90565843
191358449,GCST90565843
191298300,GCST90565837
191370558,GCST90565844
106374295,GCST90239821
214162997,GCST90704949
36598692,GCST007094
62313325,GCST011427
62309354,GCST011427
137867360,GCST90454173
216805524,GCST90809870
90712750,GCST90020029
90615277,GCST012226
90813595,GCST012227
90730526,GCST90020028
106260835,GCST90270116
103226771,GCST90245846
118724128,GCST90296427
162654512,GCST90449057
36097109,GCST007082
106377525,GCST90239824
102094158,GCST90243968
118725372,GCST90296430
106258270,GCST90270116
55726417,GCST009867
63949725,GCST011703
90730453,GCST90020028
90730458,GCST90020028
55726282,GCST009867
55726427,GCST009867
47088991,GCST007841
90730505,GCST90020028
90712708,GCST90020029
55726412,GCST009867
90712721,GCST90020029
90615238,GCST012226
166099655,GCST90103773
35792686,GCST006988
104961516,GCST90267284
191358454,GCST90565843
90730463,GCST90020028
55726493,GCST009867
191358444,GCST90565843
191358459,GCST90565843
90712713,GCST90020029
90813557,GCST012227
90730493,GCST90020028
106260960,GCST90270116
191358477,GCST90565843
10079547,GCST002647
90712741,GCST90020029
169092981,GCST90590341
90813585,GCST012227
191358482,GCST90565843
90740307,GCST90020026
90730513,GCST90020028
106268980,GCST90270118
188126916,GCST90468166
90787908,GCST90020024
191298317,GCST90565837
163428558,GCST90480667
163427693,GCST90480666
163402686,GCST90480285
36502120,GCST007066
55966833,GCST009823
62492271,GCST90002320
62651103,GCST90002316
191358426,GCST90565843
191892113,GCST90662909
191904510,GCST90662912
191298306,GCST90565837
191370564,GCST90565844
191298312,GCST90565837
216296211,GCST90705070
216301644,GCST90705072
41133703,GCST007432
188125699,GCST90468165
41134460,GCST007431
119122245,GCST90244094
90644112,GCST012231
105734377,GCST90235928
36595408,GCST007339
36087303,GCST007078
36050219,GCST007037
87287841,GCST90019509
34723217,GCST006570
191288176,GCST90565837
17469835,GCST003676
97471968,GCST90105038
99814108,GCST90132260
63922668,GCST90011875
104373907,GCST90264174
191849194,GCST90662893
36050211,GCST007037
62489149,GCST90002326
191334633,GCST90565843
93062120,GCST90056174
130481234,GCST90320256
62061582,GCST010900
100526464,GCST90137901
34702764,GCST006573
97471974,GCST90105038
97471980,GCST90105038
102532815,GCST90243001
191019068,GCST90559264
22666510,GCST004628
95291089,GCST90012880
191019042,GCST90559264
191019063,GCST90559264
104536766,GCST90247877
191019047,GCST90559264
103283766,GCST90245848
104550425,GCST90248544
93510144,GCST90018957
55541537,GCST009536
214362101,GCST90453212
102532790,GCST90243001
214362091,GCST90453212
191014586,GCST90559255
118897286,GCST90301328
118896977,GCST90301325
34941981,GCST006250
100842676,GCST90162152
93209229,GCST90025969
93210902,GCST90025988
93208699,GCST90025964
164563539,GCST90446160
100840318,GCST90162064
55716710,GCST009858
90793648,GCST90020025
27407806,GCST005316
55716714,GCST009858
90752667,GCST90020027
63950290,GCST011702
80446028,GCST011957
35225921,GCST006442
191334558,GCST90565843
191288181,GCST90565837
63836120,GCST90012107
63837814,GCST90012106
134134427,GCST90446794
165283328,GCST90565151
163330304,GCST90479628
134133321,GCST90446792
134131919,GCST90292538
105052170,GCST90258638
105052630,GCST90258642
106271595,GCST90270118
98438485,GCST90131903
93521683,GCST90018963
35416320,GCST006620
100842665,GCST90162152
94171808,GCST90088680
188328750,GCST90469952
214527478,GCST90726346
100840417,GCST90162064
189881691,GCST90624551
63619163,GCST010859
17716872,GCST003991
24774135,GCST005013
90612520,GCST012226
189866546,GCST90565739
100840482,GCST90162064
95124550,GCST90000025
188047740,GCST90468072
191303710,GCST90565842
34831835,GCST006269
21893810,GCST004611
27407802,GCST005316
62061413,GCST010901
216424443,GCST90807940
64183467,GCST90002387
34941976,GCST006250
63947176,GCST90002405
55491500,GCST009524
104373364,GCST90264174
165093841,GCST90503485
100282351,GCST90134330
97037708,GCST90103635
97034595,GCST90103633
10067844,GCST002598
104571002,GCST90249596
193173286,GCST90442997
93501271,GCST90018950
104538254,GCST90247953
93483879,GCST90018887
104577072,GCST90249901
97471962,GCST90105038
188161364,GCST90468264
35748518,GCST006922
191889489,GCST90662908
118863527,GCST90274714
118860641,GCST90274713
218408407,GCST90841196
36100122,GCST007087
131771556,GCST90310294
163435095,GCST90480703
95158376,GCST90095190
191876239,GCST90662903
191878818,GCST90662904
188395269,GCST90470824
188328870,GCST90469952
103237360,GCST90245848
188329010,GCST90469952
188328890,GCST90469952
41394611,GCST007565
94171802,GCST90088680
87287875,GCST90019509
188328930,GCST90469952
135988306,GCST90256420
104374366,GCST90264174
191019074,GCST90559264
47233246,GCST008058
31671235,GCST006947
164775319,GCST90314381
98385155,GCST90094853
134250798,GCST90448240
164765363,GCST90313910
34968184,GCST006475
95987010,GCST90100570
47234591,GCST008059
12827453,GCST003097
164775147,GCST90314374
34719319,GCST006568
191840844,GCST90662879
214161181,GCST90704949
214165126,GCST90704953
214161188,GCST90704949
214165132,GCST90704953
93517296,GCST90018960
94168102,GCST90087893
90612536,GCST012226
214526556,GCST90726344
218089186,GCST90838670
218073183,GCST90838669
119090752,GCST90301650
34704971,GCST006574
163401173,GCST90480254
34709427,GCST006571
102525199,GCST90242336
104551657,GCST90248605
143786070,GCST90455643
41430493,GCST007615
118329087,GCST90281221
98438490,GCST90131903
189913464,GCST90502017
215504293,GCST90501171
100842687,GCST90162152
190022811,GCST90502320
30568554,GCST005830
90737977,GCST90020026
191129425,GCST90627736
191019079,GCST90559264
64185919,GCST90002386
104964262,GCST90267286
64189442,GCST90002385
119190824,GCST90257050
96222700,GCST90092820
94157221,GCST90088208
102511565,GCST90241104
10064930,GCST002541
55729864,GCST009871
64606831,GCST011049
191019085,GCST90559264
163235152,GCST90476364
163432887,GCST90480673
104544432,GCST90248251
162846237,GCST90426111
97471951,GCST90105038
97471957,GCST90105038
27407831,GCST005316
55491089,GCST009524
61936512,GCST010083
55492368,GCST009524
64399243,GCST90002400
36485528,GCST007067
47434451,GCST008512
104013743,GCST90245879
24297751,GCST005537
191302621,GCST90565840
163351500,GCST90479672
163449039,GCST90480769
163352718,GCST90479673
36594356,GCST007338
36596529,GCST007340
36593311,GCST007337
36478920,GCST007068
214362096,GCST90453212
100842660,GCST90162152
104536756,GCST90247877
104577067,GCST90249901
94190793,GCST90088777
100874248,GCST90027093
188124920,GCST90468163
105993641,GCST90271783
131625438,GCST90428121
131612967,GCST90428119
131621142,GCST90428120
162820234,GCST90423111
217739188,GCST90837384
162650800,GCST90449057
218977232,GCST90832687
218977225,GCST90832687
191014576,GCST90559255
191019057,GCST90559264
100842711,GCST90162152
104526441,GCST90247336
102534446,GCST90243149
106265103,GCST90270117
17535,GCST000964
164751583,GCST90313215
55490293,GCST009523
214527483,GCST90726346
164751507,GCST90313214
100044166,GCST90132904
165283333,GCST90565151
63923733,GCST90011874
165284424,GCST90565159
165282165,GCST90565147
102501410,GCST90240222
193132212,GCST90437422
104566671,GCST90249393
164800891,GCST90315658
134250782,GCST90448240
164778379,GCST90314528
55722788,GCST009867
55722793,GCST009867
102504415,GCST90240487
21542099,GCST004433
169094336,GCST90590347
95158369,GCST90095190
95158383,GCST90095190
61934337,GCST010084
102518232,GCST90241705
61933826,GCST010085
6101,GCST000039
6078,GCST000042
14221,GCST000527
164789063,GCST90315063
164787967,GCST90315019
96077628,GCST90101095
64407890,GCST90002397
96222967,GCST90092821
166014741,GCST90570207
62017463,GCST010320
214362086,GCST90453212
191334102,GCST90565843
90708041,GCST90020029
188281862,GCST90469495
136019605,GCST90309362
90783547,GCST90020024
188328760,GCST90469952
188328955,GCST90469952
90708059,GCST90020029
55722798,GCST009867
90783565,GCST90020024
191367200,GCST90565844
166089413,GCST90570623
165093836,GCST90503485
191128435,GCST90627735
96083446,GCST90101592
214163667,GCST90704952
165284419,GCST90565159
15078849,GCST003043
165282160,GCST90565147
64185914,GCST90002386
64189438,GCST90002385
80641846,GCST90013473
64732833,GCST012090
87297882,GCST90019502
87288064,GCST90019509
87296962,GCST90019504
87293412,GCST90019506
34831230,GCST006269
87297878,GCST90019502
87288059,GCST90019509
87296958,GCST90019504
191302220,GCST90565839
87293408,GCST90019506
188323471,GCST90469895
98425918,GCST90131901
27407819,GCST005316
104108918,GCST90255621
96768660,GCST90102486
34719314,GCST006568
63923728,GCST90011874
34714545,GCST006569
191334277,GCST90565843
191334434,GCST90565843
143786086,GCST90455643
214161194,GCST90704949
214165138,GCST90704953
191019052,GCST90559264
214467754,GCST90432175
93492801,GCST90018945
47384614,GCST008996
131613594,GCST90428119
27407764,GCST005316
34832625,GCST006269
214526551,GCST90726344
35225917,GCST006442
98425912,GCST90131901
162817005,GCST90422750
106191670,GCST90270262
105747777,GCST90237637
41394604,GCST007565
100842705,GCST90162152
163428108,GCST90480667
165298819,GCST90565218
47749032,GCST009449
98425896,GCST90131901
35130949,GCST006433
141941519,GCST90454586
55491449,GCST009524
87288394,GCST90019509
191303704,GCST90565842
131626186,GCST90428121
63840744,GCST90012102
164754267,GCST90313341
164794339,GCST90315326
102097026,GCST90243980
118822938,GCST90103484
104541727,GCST90248124
98425901,GCST90131901
164757931,GCST90313527
129699170,GCST90319897
62652747,GCST90002322
138942973,GCST90278637
188127376,GCST90468166
165719763,GCST90566795
129339041,GCST90308774
188328815,GCST90469952
188328835,GCST90469952
191840472,GCST90662878
105721478,GCST90234279
31671240,GCST006947
63150983,GCST006585
63150558,GCST006585
63150278,GCST006585
63148385,GCST006585
63147215,GCST006585
188329000,GCST90469952
36598929,GCST007094
17628628,GCST003818
35934577,GCST007064
101727673,GCST90085761
191014581,GCST90559255
191367205,GCST90565844
96781740,GCST90102518
214161174,GCST90704949
214347810,GCST90708780
214163661,GCST90704952
214166489,GCST90704954
94178374,GCST90087831
25569766,GCST005141
87273518,GCST90019518
87265675,GCST90019524
36457295,GCST007074
163431208,GCST90480671
163234656,GCST90476361
55490297,GCST009523
163232521,GCST90476357
98425906,GCST90131901
163026123,GCST90475197
55491186,GCST009524
163431932,GCST90480672
218405029,GCST90841193
216604222,GCST90568443
188378484,GCST90470614
106263241,GCST90270116
106266128,GCST90270117
165382314,GCST90565438
63579654,GCST90006900
90726293,GCST90020028
21964852,GCST004521
34832519,GCST006269
27408239,GCST005316
214165473,GCST90704953
218977715,GCST90832687
191374101,GCST90652250
104374403,GCST90264174
35131588,GCST006433
106270230,GCST90270118
90640458,GCST012230
106271290,GCST90270118
106264656,GCST90270116
34831976,GCST006269
90621180,GCST012228
90640463,GCST012230
27408311,GCST005316
191341369,GCST90565843
191341363,GCST90565843
34831735,GCST006269
35338269,GCST006945
135079018,GCST90449007
131723502,GCST90319906
131618147,GCST90428119
119086259,GCST90301649
131721279,GCST90319904
63777126,GCST010989
104325938,GCST90258652
104327187,GCST90258653
191368170,GCST90565844
97477452,GCST90105038
102115363,GCST90243987
169093317,GCST90590343
188175851,GCST90468480
100818818,GCST90054805
188126274,GCST90468165
106266805,GCST90270118
55468046,GCST009456
131337393,GCST90321120
103246421,GCST90245848
63923886,GCST90011874
102115374,GCST90243987
90810254,GCST012227
191341374,GCST90565843
191290774,GCST90565837
36594465,GCST007338
27439988,GCST005323
90613210,GCST012226
90613204,GCST012226
165261641,GCST90565134
56272231,GCST010241
64668583,GCST011122
47430082,GCST008306
47429852,GCST008295
88936581,GCST90020095
103212060,GCST90245843
98428039,GCST90131901
189960729,GCST90502121
90621174,GCST012228
216830477,GCST90827810
189924297,GCST90502038
188037014,GCST90468064
90643343,GCST012231
188175941,GCST90468480
55975629,GCST010135
162839581,GCST90425438
55974890,GCST010140
133715217,GCST90435380
93077386,GCST90056177
93084126,GCST90056184
21964973,GCST004521
38450260,GCST007201
218603907,GCST90830126
218639910,GCST90830912
218604780,GCST90830127
218647427,GCST90831043
218645794,GCST90831040
218642827,GCST90830928
218611514,GCST90830015
218647882,GCST90831046
218647408,GCST90830930
218607995,GCST90830133
218599723,GCST90829999
218607056,GCST90830130
218645599,GCST90831039
218615370,GCST90830017
93550843,GCST90018987
80656609,GCST011656
90613220,GCST012226
189915245,GCST90502023
189913614,GCST90502017
90542431,GCST90016674
34832192,GCST006269
218977707,GCST90832687
93553726,GCST90018999
93553915,GCST90019000
97477458,GCST90105038
103955955,GCST90165318
165656837,GCST90565588
137867744,GCST90454177
119462633,GCST90310223
93054034,GCST90085695
119462249,GCST90310212
41249576,GCST007464
165262411,GCST90565134
165704904,GCST90302863
191341357,GCST90565843
90726273,GCST90020028
106264616,GCST90270116
80056941,GCST006613
98428021,GCST90131901
103227206,GCST90245846
98439386,GCST90131903
215399330,GCST90728571
104514034,GCST90246750
119091768,GCST90301650
162645882,GCST90449056
162651829,GCST90449057
134091885,GCST90446215
38450308,GCST007201
98428045,NA
41247718,NA
98428033,NA
106273552,NA
22674822,GCST008163
118723600,GCST90296425
118723947,GCST90296427
41378963,GCST007576
189867621,GCST90565742
93037841,GCST90061435
214163849,GCST90704952
61731394,GCST010043
118724323,GCST90296428
214161729,GCST90704949
214165467,GCST90704953
214166592,GCST90704954
98509023,GCST90131910
34710664,GCST006571
214347916,GCST90708780
90613216,GCST012226
162645876,GCST90449056
34833034,GCST006269
90621192,GCST012228
90640473,GCST012230
137867318,GCST90454173
118831431,GCST90297545
15059668,GCST003048
164758219,GCST90313543
61936661,GCST010083
164758287,GCST90313547
188404491,GCST90470915
22002822,GCST004748
164758259,GCST90313545
164758243,GCST90313544
136013849,GCST90309352
165298456,GCST90565218
191284540,GCST90565836
188167530,GCST90468342
136198756,GCST90451657
193161681,GCST90441421
100045190,GCST90132904
191341351,GCST90565843
106272435,GCST90270118
191005222,GCST90559244
131779667,GCST90310295
131772713,GCST90310294
27454061,GCST005337
90726312,GCST90020028
132681751,GCST90432180
96189091,GCST90092971
214526725,GCST90726344
36596653,GCST007340
34967770,GCST006477
62252583,GCST010642
62708472,GCST010647
165704954,GCST90302863
164758195,GCST90313542
137867607,GCST90454176
104514029,GCST90246750
52124119,GCST009123
188345723,GCST90470196
52116228,GCST009109
191341380,GCST90565843
106193900,GCST90277236
34723738,GCST006570
34720276,GCST006568
191284535,GCST90565836
34705287,GCST006574
102116656,GCST90243988
102097161,GCST90243980
36594469,GCST007338
63922888,GCST90011875
34696727,GCST006572
191302299,GCST90565839
162651819,GCST90449057
104514019,GCST90246750
165298257,GCST90565218
102115369,GCST90243987
188175831,GCST90468480
217739161,GCST90837384
16478541,GCST003496
119967652,GCST90302227
165705094,GCST90302863
136011097,GCST90309344
90810258,GCST012227
90810236,GCST012227
22002817,GCST004748
90613226,GCST012226
165704894,GCST90302863
47790187,GCST008832
162831744,GCST90424478
105735975,NA
27408285,NA
36593550,NA
104177216,NA
218977711,NA
36595534,GCST007339
36593536,GCST007337
188324471,GCST90469905
104374150,GCST90264174
34967635,GCST006477
21965821,GCST004521
62251996,GCST010645
90613187,GCST012226
90810231,GCST012227
102114804,GCST90243986
164632954,GCST90492734
131625280,GCST90428121
131619427,GCST90428120
56270503,GCST010173
191005212,GCST90559244
93076047,GCST90085815
93077271,GCST90056177
93079736,GCST90056180
93079146,GCST90056179
93084051,GCST90056184
93078431,GCST90056178
188149197,GCST90468183
188122534,GCST90468160
90726307,GCST90020028
188147046,GCST90468180
106260085,GCST90270116
188129229,GCST90468170
162819611,GCST90423036
105725199,GCST90234742
188176083,GCST90468481
188310544,GCST90469776
102096303,GCST90243976
98428027,GCST90131901
102115379,GCST90243987
162828140,GCST90424051
164668888,GCST90492692
188175963,GCST90468481
188176063,GCST90468481
188176098,GCST90468481
188176168,GCST90468481
188068204,GCST90468084
62435570,GCST010640
62435543,GCST010641
188324436,GCST90469905
105732636,GCST90235715
188378886,GCST90470615
191130054,GCST90627736
188175804,GCST90468479
131625667,GCST90428121
131621366,GCST90428120
27408231,GCST005316
191304068,GCST90565842
34715148,GCST006569
188238295,GCST90469117
188010251,GCST90624214
34831781,GCST006269
90621167,GCST012228
214161735,GCST90704949
137867832,GCST90454178
191290769,GCST90565837
214161742,GCST90704949
218077031,GCST90838669
162832254,GCST90424538
27409800,GCST005316
98277750,GCST90129543
134250879,GCST90448240
164668915,GCST90492692
35226933,GCST006442
17470747,GCST003676
188175876,GCST90468480
214308906,GCST90624094
191302974,GCST90565841
189933079,GCST90502056
189993712,GCST90502207
162807972,GCST90421733
119462628,GCST90310223
127944430,GCST90295751
22003514,GCST004750
55965185,GCST009735
127932827,GCST90295549
188062610,GCST90468082
188404217,GCST90470913
80431848,GCST012213
127944379,GCST90295751
127953711,GCST90295835
131333583,GCST90321120
127932702,GCST90295549
41310679,GCST004988
131618001,GCST90428119
188380459,GCST90470634
127954460,GCST90295836
36592727,GCST007341
188253386,GCST90469260
188156848,GCST90468221
47884574,GCST008973
47886035,GCST008972
188198747,GCST90468688
105736475,GCST90236197
40931983,GCST007268
22003520,GCST004750
218950345,GCST90841373
214359634,GCST90453157
162859504,GCST90427512
191005243,GCST90559244
165656827,GCST90565588
169091961,GCST90590340
80725065,GCST012464
188187929,GCST90468604
162814641,GCST90422503
190096290,GCST90502701
169093332,GCST90590343
214166597,GCST90704954
105297728,GCST90270083
188287283,GCST90469548
188287605,GCST90469549
100043652,GCST90132904
188126681,GCST90468166
162651824,GCST90449057
191368175,GCST90565844
191005206,GCST90559244
90542426,GCST90016674
191005237,GCST90559244
188395970,GCST90470837
191005232,GCST90559244
218066212,GCST90838663
106273567,GCST90270119
103246416,GCST90245848
90613197,GCST012226
189931457,GCST90502051
106403540,GCST90269629
216875696,GCST90827964
98439380,GCST90131903
106402308,GCST90269623
106380325,GCST90269502
218089366,GCST90838670
96170969,GCST90092918
96179033,GCST90092943
134163809,GCST90435412
189928979,GCST90502049
106403353,GCST90269628
106425666,GCST90269696
189973478,GCST90502147
96146264,GCST90092849
90810242,GCST012227
106402722,GCST90269625
21792648,GCST004501
21792644,GCST004501
106382066,GCST90269510
106380153,GCST90269501
106406128,GCST90269643
96170145,GCST90092916
136015188,GCST90309355
106428939,GCST90269699
96141439,GCST90092838
106404076,GCST90269632
96141092,GCST90092837
214161723,GCST90704949
96140408,GCST90092835
96139619,GCST90092833
106403712,GCST90269630
106383757,GCST90269518
189925652,GCST90502043
35793650,GCST007225
98428015,GCST90131901
96213521,GCST90093033
93487897,GCST90018939
106406684,GCST90269646
96141756,GCST90092839
189844019,GCST90454489
47088833,GCST008057
106403899,GCST90269631
216820937,GCST90827785
21791325,GCST004500
21791099,GCST004500
106402515,GCST90269624
19259174,GCST004063
19258049,GCST004063
93086350,GCST90085818
106398168,GCST90269603
96134605,GCST90092810
96138765,GCST90092831
216840097,GCST90827843
106401869,GCST90269621
191016350,GCST90559258
98507030,GCST90131910
47259705,GCST008377
30568211,GCST005830
164758147,GCST90313540
21965412,GCST004521
218647901,GCST90831046
218647419,GCST90830930
104373561,GCST90264174
93476178,GCST90018758
80705797,GCST011766
134250620,GCST90448240
164668956,GCST90492692
164668876,GCST90492692
101054331,GCST90162547
90520291,GCST90020227
188257559,GCST90469307
103246431,NA
34720280,GCST006568
27408222,GCST005316
80501295,GCST90016594
134131367,GCST90446654
80500715,GCST90016590
80500968,GCST90016591
191341397,GCST90565843
34832051,GCST006269
214526730,GCST90726344
27408214,GCST005316
214161779,GCST90704949
162645887,GCST90449056
100041467,GCST90132903
100043099,GCST90132904
34941306,GCST006250
104373180,GCST90264174
103246426,GCST90245848
188125714,GCST90468165
188067599,GCST90468084
21964630,GCST004521
100343625,GCST90134481
134105550,GCST90328150
134105254,GCST90328148
165656987,GCST90565588
27408268,GCST005316
218977719,GCST90832687
47657565,GCST008396
214165503,GCST90704953
96080416,GCST90101317
118831381,GCST90297545
63950056,GCST011703
80676896,GCST011704
218615385,GCST90830017
104326045,GCST90258652
191341391,GCST90565843
214163855,GCST90704952
93062276,GCST90056174
90726302,GCST90020028
214161785,GCST90704949
106268025,GCST90270118
214165497,GCST90704953
106259675,GCST90270116
214166602,GCST90704954
104327211,GCST90258653
90542394,GCST90016674
191290779,GCST90565837
55974381,GCST010142
169092693,GCST90590341
80499979,GCST90016585
214209325,GCST90243964
106267265,GCST90270118
104373244,GCST90264174
88924930,GCST90000514
102106161,GCST90243985
118723952,GCST90296427
191368187,GCST90565844
191005267,GCST90559244
27408320,GCST005316
143786212,GCST90455647
21966166,GCST004521
214161767,GCST90704949
137867197,GCST90454172
214496050,GCST90572789
188175809,GCST90468479
34831813,GCST006269
27408264,GCST005316
188311113,GCST90469778
36595538,GCST007339
88936588,GCST90020095
169091972,GCST90590340
135078778,GCST90449004
30547877,GCST005902
62253400,GCST010640
56259164,GCST010011
21966013,GCST004521
188288409,GCST90469556
62252960,GCST010641
90643338,GCST012231
191910491,GCST90624051
34715153,GCST006569
141941559,GCST90454586
129241204,GCST90319499
131335923,GCST90321120
129241319,GCST90319500
190016972,GCST90502294
189998482,GCST90502218
190079178,GCST90502606
189909987,GCST90502010
189906934,GCST90502004
189965979,GCST90502134
189954127,GCST90502095
165382319,GCST90565438
141941809,GCST90454588
91774395,GCST012465
189995304,GCST90502212
189969346,GCST90502140
189918618,GCST90502030
91502712,GCST90027168
137868266,GCST90454181
189922008,GCST90502036
191341386,GCST90565843
217557183,GCST90832990
191005249,GCST90559244
214161773,GCST90704949
191368181,GCST90565844
191005261,GCST90559244
188175926,GCST90468480
188175968,GCST90468481
188292042,GCST90469585
162847554,GCST90426246
80431854,GCST012213
188175936,GCST90468480
191005255,GCST90559244
188278549,GCST90469457
188215052,GCST90468848
188152154,GCST90468184
188143281,GCST90468178
90726321,GCST90020028
106262325,GCST90270116
191005272,GCST90559244
34831629,GCST006269
27408277,GCST005316
104014270,GCST90255370
164758171,GCST90313541
214161748,GCST90704949
214165479,GCST90704953
104373689,GCST90264174
103595690,GCST90245995
27408281,GCST005316
214161754,GCST90704949
214165485,GCST90704953
214161761,GCST90704949
214165491,GCST90704953
96187503,GCST90092967
96172125,GCST90092921
216855173,GCST90827896
96170507,GCST90092917
96153545,GCST90092867
96142872,GCST90092842
96215863,GCST90093039
96207898,GCST90093019
216876347,GCST90827966
96173598,GCST90092925
96139187,GCST90092832
96193449,GCST90092979
96211184,GCST90093027
96188307,GCST90092969
96212727,GCST90093031
96211923,GCST90093029
96171316,GCST90092919
216866140,GCST90827929
96191578,GCST90092977
96185216,GCST90092961
96189850,GCST90092973
96169768,GCST90092915
191005227,GCST90559244
106445564,GCST90269725
96207044,GCST90093017
96174457,GCST90092927
96151378,GCST90092861
162656627,GCST90449061
216876780,GCST90827968
191860260,GCST90662897
188174370,GCST90468462
33150,GCST001956
10079579,GCST002647
36502940,GCST007066
35968127,GCST006979
191364673,GCST90565843
191364684,GCST90565843
93470810,GCST90018739
191845018,GCST90662886
47845107,GCST008839
93527129,GCST90018966
98510439,GCST90131910
36481595,GCST007068
131783419,GCST90310295
35587666,GCST006627
63829513,GCST90012110
97327794,GCST90104273
63836209,GCST90012107
63838952,NA
163439867,NA
97329012,GCST90104277
63826434,GCST90012111
100043984,GCST90132904
97332352,GCST90104297
162655431,GCST90449057
63832744,GCST90012109
63835375,GCST90012108
191186393,GCST90399398
188356964,GCST90470334
23900,GCST000817
103280466,GCST90245848
103212725,GCST90245843
105297928,GCST90270083
90732024,GCST90020028
103227131,GCST90245846
191301062,GCST90565837
191909809,GCST90624049
62318879,GCST011427
55314908,GCST009577
95127872,GCST90000025
188151869,GCST90468184
106269730,GCST90270118
47169892,GCST007841
188121227,GCST90468159
163329872,GCST90479626
215574821,GCST90501292
93541590,GCST90018975
215533715,GCST90501221
163426307,GCST90480661
90814507,GCST012227
214080019,GCST90693212
56276391,GCST010244
188047275,GCST90468072
162991626,GCST90475094
164637194,GCST90492734
163238692,GCST90476395
188091396,GCST90468095
163203824,GCST90476277
163216656,GCST90476307
163250599,GCST90476439
165027172,GCST90461907
163416847,GCST90480590
163219276,GCST90476322
93513138,GCST90018958
163198706,GCST90476153
102701159,GCST90244680
162993725,GCST90475097
101963900,GCST90179149
191371375,GCST90565844
218088125,GCST90838669
87273776,GCST90019518
87288501,GCST90019509
106375099,GCST90239822
215587445,GCST90501307
138524697,GCST90444202
215454353,GCST90501096
87268991,GCST90019523
101336249,GCST90239664
87316644,GCST90019492
101333851,GCST90239661
87305252,GCST90019498
98198530,GCST90104785
90616138,GCST012226
134159462,GCST90435412
191364678,GCST90565843
217561982,GCST90832990
131618814,GCST90428120
101724610,GCST90239776
191364689,GCST90565843
191301057,GCST90565837
217630939,GCST90833051
217629028,GCST90833050
106269595,GCST90270118
188149812,GCST90468183
97985187,GCST90100220
98198535,GCST90104785
106270605,GCST90270118
131756848,GCST90428729
191185541,GCST90399396
191850174,GCST90662893
214080024,GCST90693212
93533201,GCST90018969
106374107,GCST90239821
35135537,GCST006433
188096296,GCST90468096
188143586,GCST90468178
138944163,GCST90278637
165027167,GCST90461907
215583736,GCST90501303
36480333,GCST007068
131787283,GCST90310296
191666861,GCST90296018
191666808,GCST90296017
188366412,GCST90470453
215571849,GCST90501285
217626435,GCST90824106
94187271,GCST90089873
216824966,GCST90827800
95024890,GCST90095129
162825630,GCST90423756
62749326,GCST90002346
64416711,GCST90002395
103261687,GCST90245848
101789894,GCST90239828
101792409,GCST90239829
162836330,GCST90425035
188364700,GCST90470412
164754759,GCST90313369
164750083,GCST90313130
164798943,GCST90315557
106058106,GCST90274724
87297874,GCST90019502
87288054,GCST90019509
87293404,GCST90019506
34702760,GCST006573
102115124,GCST90243987
165147899,GCST90503115
36596525,GCST007340
189843123,GCST90454488
191186785,GCST90399398
91626488,GCST012355
214200540,GCST90002244
130276495,GCST004612
218089174,GCST90838670
47190174,GCST007954
94064587,GCST90061432
22489015,GCST004619
22072209,GCST004622
63944057,GCST90002406
96083451,GCST90101592
36472492,GCST007065
97471940,GCST90105038
101661168,NA
97471929,GCST90105038
93542039,GCST90018976
191019008,GCST90559264
95158362,GCST90095190
17485808,GCST003677
103237350,GCST90245848
191333619,GCST90565843
21891429,GCST004621
136020166,GCST90309364
21542094,GCST004433
134455410,GCST90444393
191303693,GCST90565842
53502242,GCST009096
63619151,GCST010859
64090612,GCST90002392
188328965,GCST90469952
22007086,GCST004602
22074448,GCST004630
163448953,GCST90480768
191019014,GCST90559264
191872030,GCST90662902
191019002,GCST90559264
104955643,GCST90267268
101054196,GCST90162547
16478450,GCST003496
61935628,GCST010083
214347805,GCST90708780
104544237,GCST90248241
34833529,GCST006269
94190782,GCST90088777
98174996,GCST007044
188325454,GCST90469914
100526253,GCST90137887
94089343,GCST90020190
218073595,GCST90838669
191302616,GCST90565840
97471934,GCST90105038
47794107,GCST008849
106259855,GCST90270116
101397365,GCST90239693
36594352,GCST007338
36593527,GCST007337
188395254,GCST90470824
34943176,GCST006250
131631993,GCST90428121
188048275,GCST90468072
106034927,GCST90270074
164563533,GCST90446160
104373191,GCST90264174
41247594,GCST007462
118723562,GCST90296425
118724250,GCST90296428
64080858,GCST90002388
62649851,GCST90002316
163355022,GCST90479675
163356149,GCST90479676
163357343,GCST90479677
163353917,GCST90479674
131614943,GCST90428119
163448266,GCST90480750
63619146,GCST010859
34968736,GCST006475
34962792,GCST006943
130448580,GCST90320053
103237355,GCST90245848
164789135,GCST90315066
188132938,GCST90468172
188131371,GCST90468171
188134921,GCST90468173
102532810,GCST90243001
102525209,GCST90242336
118723843,GCST90296427
118724735,GCST90296430
188059249,GCST90468079
191185206,GCST90399396
63923720,GCST90011874
164564411,GCST90446163
164563528,GCST90446160
17469758,GCST003676
27440064,GCST005323
36595403,GCST007339
36592565,GCST007341
98438475,GCST90131903
188055480,GCST90468077
98425890,GCST90131901
102103544,GCST90243985
214161168,GCST90704949
191367195,GCST90565844
214163654,GCST90704952
214166484,GCST90704954
189882219,GCST90624571
41136057,GCST007342
166089348,GCST90570622
16772,GCST000880
163448299,GCST90480751
41274566,GCST007460
104108912,GCST90255621
27440586,GCST005325
98425879,GCST90131901
131084808,GCST90328131
101724685,NA
90520216,GCST90020227
119955560,GCST90319327
90783561,GCST90020024
131343703,GCST90321120
188107976,GCST90468101
188106164,GCST90468100
136813525,GCST90451690
34941966,GCST006250
191302215,GCST90565839
100282330,GCST90134330
98438480,GCST90131903
35225905,GCST006442
27407760,GCST005316
63923724,GCST90011874
164568966,GCST90492678
164572606,GCST90492679
55491102,GCST009524
164565472,GCST90492677
17469797,GCST003676
97471945,GCST90105038
35225909,GCST006442
164568971,GCST90492678
162850274,GCST90426517
98438470,GCST90131903
41230543,GCST007387
47108800,GCST007988
47107759,GCST007988
98425884,GCST90131901
41230247,GCST007388
164568961,GCST90492678
164572601,GCST90492679
55492615,GCST009524
164565467,GCST90492677
214527468,GCST90726346
131336243,GCST90321120
193165615,GCST90441957
100840307,GCST90162064
214526541,GCST90726344
100842740,GCST90162152
214527473,GCST90726346
93511873,GCST90018958
131613544,GCST90428119
189866947,GCST90565740
214526546,GCST90726344
27409719,GCST005316
34941971,GCST006250
189867377,NA
218977217,GCST90832687
34968620,GCST006475
104375058,GCST90264174
35584884,GCST006624
100282335,GCST90134330
216813581,GCST90827760
131626865,GCST90428121
218977221,GCST90832687
100282341,GCST90134330
62739894,GCST90002369
189867393,GCST90565742
64333039,GCST90002404
62504717,GCST90002372
188103387,GCST90468099
191019025,GCST90559264
191019031,GCST90559264
64074649,GCST90002390
188068504,GCST90468084
93523071,GCST90018964
36478916,GCST007068
188389028,GCST90470726
191019019,GCST90559264
31669520,GCST006941
130448385,GCST90320049
214163647,GCST90704952
214166479,GCST90704954
102115118,GCST90243987
104518417,GCST90246949
93506887,GCST90018954
99812653,GCST90132260
64081846,GCST90002388
62650573,GCST90002316
103596133,GCST90245995
134159628,GCST90435412
106269680,GCST90270118
217552959,GCST90832989
188142541,GCST90468178
191185556,GCST90399396
63831825,GCST90012110
63827193,GCST90012111
63833325,GCST90012109
63834723,GCST90012108
191186671,GCST90399398
100372515,NA
162652749,GCST90449057
163421619,GCST90480651
163441955,GCST90480724
62658611,GCST90002340
21890457,GCST004616
62432357,GCST90002344
64396779,GCST90002401
188098808,GCST90468097
93545757,GCST90018978
90539423,GCST90002393
35132828,GCST006433
93520504,GCST90018962
188179327,GCST90468518
164634259,GCST90492734
188367057,GCST90470463
100383920,GCST90134591
188179332,GCST90468518
93499657,GCST90018949
119904280,GCST90200105
119904975,GCST90200145
191348862,GCST90565843
62491809,GCST90002320
62500794,GCST90002361
62746766,GCST90002357
188194738,GCST90468646
188194733,GCST90468646
163423207,GCST90480652
191903121,GCST90662911
191845853,GCST90662886
103222514,GCST90245845
191888675,GCST90662907
218079699,GCST90838669
103286396,GCST90245848
191348868,GCST90565843
93909512,GCST90091060
95024269,GCST90095129
134159726,GCST90435412
162843980,GCST90425877
90812334,GCST012227
62749150,GCST90002346
97860831,GCST90024607
119900197,GCST90199846
102455517,GCST90103001
102693269,GCST90244660
64651757,GCST011119
103255822,GCST90245848
64400217,GCST90002400
163420054,GCST90480650
188096936,GCST90468096
188093519,GCST90468095
188194718,GCST90468646
138947528,GCST90278647
62507145,GCST90002378
64184059,GCST90002387
62738453,GCST90002374
188062705,GCST90468082
191883806,GCST90662906
36466282,GCST007070
63941527,GCST90002407
62740371,GCST90002369
41172865,GCST007841
104113746,GCST90255621
36458167,GCST007074
191294096,GCST90565837
93470040,GCST90018739
93515247,GCST90018959
47844422,GCST008839
131758053,GCST90428730
191863613,GCST90662899
93532131,GCST90018969
64340969,GCST90002402
101789771,GCST90239828
132520175,GCST90432061
191851893,GCST90662894
162853575,GCST90426874
117751179,GCST90281349
163359594,GCST90479701
163360452,GCST90479702
104960237,GCST90267284
131780641,GCST90310295
163347754,GCST90479665
163346679,GCST90479663
163347256,GCST90479664
97866321,GCST90025217
62179843,GCST010557
63047442,GCST010703
62505149,GCST90002372
188179337,GCST90468518
188367022,GCST90470463
188265264,GCST90469357
162857121,GCST90427253
63051576,GCST010699
101688703,GCST90239729
63050377,GCST010702
63052677,GCST010698
119904449,GCST90200117
215399965,GCST90728573
188056622,GCST90468078
93373942,GCST90019511
188408285,GCST90470952
188408290,GCST90470952
63148525,GCST006585
63148097,GCST006585
104578860,GCST90249985
104578865,GCST90249985
102534224,GCST90243128
218067987,GCST90838665
134161436,GCST90435412
188266874,GCST90469357
36102202,GCST007087
188087975,GCST90468092
192540181,GCST90624103
64406256,GCST90002398
100835347,GCST90161765
35586819,GCST006629
100046800,GCST90132905
218411162,GCST90841196
218404272,GCST90841193
34722289,GCST006570
95987840,GCST90100570
188408233,GCST90470951
64420411,GCST90002394
188380519,GCST90470634
103272729,GCST90245848
55726641,GCST009867
95127185,GCST90000025
100835383,GCST90161765
131788274,GCST90310296
134171150,GCST90435415
35967263,GCST006979
34701987,GCST006573
100835443,GCST90161765
103272744,GCST90245848
34717547,GCST006568
35229021,GCST006442
164571275,GCST90492678
164574641,GCST90492679
164567606,GCST90492677
36051607,GCST007037
90799693,GCST90020025
90759428,GCST90020027
97489233,GCST90105038
188408068,GCST90470951
188408315,GCST90470952
118331592,GCST90281236
93372192,GCST90019511
100835419,GCST90161765
94190173,GCST90090686
216281972,GCST90246230
103272724,GCST90245848
188407913,GCST90470951
214313516,GCST90624094
35917802,GCST007267
193146547,GCST90439360
188407918,GCST90470951
188407928,GCST90470951
188408143,GCST90470951
191359563,GCST90565843
188408048,GCST90470951
188408218,GCST90470951
94190179,GCST90090686
188408003,GCST90470951
188407878,GCST90470951
188408008,GCST90470951
100086530,GCST90133018
34707487,GCST006571
105989150,GCST90271767
94190126,GCST90088366
94190108,GCST90087910
95127181,GCST90000025
191359574,GCST90565843
94190150,GCST90090686
218085607,GCST90838669
47089175,GCST007841
106774893,GCST90281115
102534214,GCST90243128
102534219,GCST90243128
102534234,GCST90243128
131788279,GCST90310296
131776080,GCST90310294
162648659,GCST90449056
40930810,GCST007269
188408238,GCST90470951
35673311,GCST006660
188408275,GCST90470952
93487660,GCST90018936
104578180,GCST90249955
104578185,GCST90249955
193141161,GCST90438628
102534204,GCST90243128
188408188,GCST90470951
188408203,GCST90470951
63149105,GCST006585
100835425,GCST90161765
100835431,GCST90161765
100835365,GCST90161765
100835371,GCST90161765
94880035,GCST90032613
100835353,GCST90161765
90799698,GCST90020025
90759434,GCST90020027
100835437,NA
165724938,NA
100835359,GCST90161765
100835455,GCST90161765
90787963,GCST90020024
95127177,GCST90000025
188408325,GCST90470952
100835467,GCST90161765
100835413,GCST90161765
162815339,GCST90422577
218094535,GCST90838671
62428752,GCST90002355
188408158,GCST90470951
94190132,GCST90088366
162862285,GCST90427803
104578200,GCST90249955
162842677,GCST90425745
104578855,GCST90249985
188407953,GCST90470951
134120205,GCST90446531
188407948,GCST90470951
104578190,GCST90249955
164636359,GCST90492734
105745592,GCST90237362
188408038,GCST90470951
62299636,GCST011382
94190167,GCST90090686
188407958,GCST90470951
94190156,GCST90090686
188407978,GCST90470951
188408193,GCST90470951
188408163,GCST90470951
188408118,GCST90470951
188408083,GCST90470951
188057657,GCST90468078
36502160,GCST007066
35134482,GCST006433
96768365,GCST90029070
164636354,GCST90492734
191871990,GCST90662902
55726636,GCST009867
188286100,GCST90469529
188408078,GCST90470951
191359557,GCST90565843
188144086,GCST90468178
188408018,GCST90470951
188407893,GCST90470951
105721598,GCST90234294
193136548,GCST90438003
100525794,GCST90137856
96083835,GCST90101628
188408228,GCST90470951
102534229,GCST90243128
104578850,GCST90249985
188407938,GCST90470951
191885016,GCST90662906
188408280,GCST90470952
164636364,GCST90492734
188408305,GCST90470952
102097469,GCST90243980
104166346,GCST90250905
104578880,GCST90249985
188407873,GCST90470951
100835377,GCST90161765
100835389,GCST90161765
93372287,GCST90019511
191298724,GCST90565837
47845640,GCST008839
90712979,GCST90020029
90787968,GCST90020024
188408153,GCST90470951
100835461,GCST90161765
97489238,GCST90105038
36474177,GCST007065
64202171,GCST90002381
188408310,GCST90470952
100835407,GCST90161765
93505673,GCST90018953
100835395,GCST90161765
119841276,GCST90310300
103272739,GCST90245848
62515251,GCST90002298
188408133,GCST90470951
34713304,GCST006569
188407908,GCST90470951
188407923,GCST90470951
188408128,GCST90470951
163371690,GCST90479751
188408073,GCST90470951
188300916,GCST90469692
188408198,GCST90470951
188407988,GCST90470951
93211094,GCST90025989
93373217,GCST90019511
189844481,GCST90454489
165397516,GCST90565360
100835401,GCST90161765
215596069,GCST90501321
34704358,GCST006574
215594767,GCST90501319
215492713,GCST90501151
215537497,GCST90501230
215531556,GCST90501219
102534209,GCST90243128
188057487,GCST90468078
191359569,GCST90565843
217560875,GCST90832990
217455614,GCST90832185
62507657,GCST90002378
62739017,GCST90002374
93546252,GCST90018978
62744947,GCST90002351
36467078,GCST007070
63942276,GCST90002407
93530472,GCST90018968
218085519,GCST90838669
97483384,GCST90105038
97483389,GCST90105038
62253044,GCST010641
100876458,GCST90179153
100877397,GCST90179154
100878806,GCST90179158
100877994,GCST90179157
106184097,GCST90275372
34632902,GCST006166
192547569,GCST90624107
104114205,GCST90255621
134168896,GCST90435414
134171570,GCST90435415
162646905,GCST90449056
162646916,GCST90449056
162646933,GCST90449056
162646922,GCST90449056
162646962,GCST90449056
63426000,GCST010796
63425996,GCST010796
63425992,GCST010796
91774426,GCST012465
55534982,GCST009538
55538947,GCST009540
55532999,GCST009539
56278142,GCST010243
34632370,GCST006170
34633882,GCST006167
165284205,GCST90565155
188138143,GCST90468177
191872555,GCST90662902
47702475,GCST008595
104965476,GCST90267304
29643,GCST001877
87305892,GCST90019497
87305384,GCST90019498
165014482,GCST90503210
55592503,GCST009600
34632137,GCST006434
104965481,GCST90267304
36101314,GCST007087
45604825,GCST007928
93515367,GCST90018959
55534976,GCST009538
55538931,GCST009540
164674009,GCST90301695
10059890,GCST002539
88936743,GCST90020095
15059876,GCST003048
62253529,GCST010640
64733324,GCST012089
21965161,GCST004521
62252088,GCST010645
38451069,GCST007201
38449574,GCST007201
35723222,GCST006803
24729920,GCST004946
100544000,GCST90128471
165284657,GCST90565159
165285132,GCST90565160
165283581,GCST90565151
165284276,GCST90565156
55540042,GCST009540
165282453,GCST90565147
165283047,GCST90565148
165284025,GCST90565152
100028756,GCST90093177
192901698,GCST90623790
188117039,GCST90468135
100039743,GCST90132903
100046593,GCST90132905
138939482,GCST90278625
19310,GCST001227
19364,GCST001228
165369980,GCST90310304
36500939,GCST007066
131329078,GCST90321120
188212710,GCST90468827
188035152,GCST90468063
55536904,GCST009538
55536910,GCST009538
55538936,GCST009540
191899511,GCST90662911
214314076,GCST90624094
104114193,GCST90255621
104114199,GCST90255621
131786764,GCST90310296
131780806,GCST90310295
131774121,GCST90310294
162652838,GCST90449057
188233288,GCST90469041
188317713,GCST90469843
188034882,GCST90468063
188181222,GCST90468563
162646995,GCST90449056
162652922,GCST90449057
162652928,GCST90449057
87305389,GCST90019498
98449505,GCST90094400
104893857,GCST90267390
87305810,GCST90019497
162646910,GCST90449056
162652849,GCST90449057
162652855,GCST90449057
162652865,GCST90449057
87305677,GCST90019497
87304576,GCST90019498
191273929,GCST90651401
87306275,GCST90019497
87306279,GCST90019497
87304892,GCST90019498
215148638,GCST90651073
188327529,GCST90469939
27199775,GCST006258
27199463,GCST006259
162646968,GCST90449056
45608387,GCST007930
162646894,GCST90449056
131786754,GCST90310296
36101309,GCST007087
131774109,GCST90310294
162646899,GCST90449056
131786759,GCST90310296
131780811,GCST90310295
131774127,GCST90310294
131786774,GCST90310296
131774133,GCST90310294
55291269,GCST009337
100044729,GCST90132904
119087016,GCST90301650
36060666,GCST007039
55732750,GCST009871
97201340,GCST90003865
97201429,GCST90003866
97198507,GCST90003783
97198246,GCST90003769
164674472,GCST90301698
87306093,GCST90019497
35919,GCST002149
47450931,GCST008459
63051432,GCST010699
188124690,GCST90468163
63052583,GCST010698
93499757,GCST90018949
93495739,GCST90018947
13108,GCST000396
27289573,GCST006231
36600247,GCST007099
36598178,GCST007094
36604457,GCST007098
55538942,GCST009540
103258167,GCST90245848
103258177,GCST90245848
55540924,GCST009540
131786779,GCST90310296
131780816,GCST90310295
131774139,GCST90310294
162646984,GCST90449056
134170395,GCST90435414
162652912,GCST90449057
134119833,GCST90446531
134173282,GCST90435415
45605665,GCST007927
93466451,GCST90018727
188171227,GCST90468413
38450436,GCST007201
191861194,GCST90662898
162647007,GCST90449056
101792334,GCST90239829
188035562,GCST90468063
188035577,GCST90468063
36600253,GCST007099
36598184,GCST007094
189879976,GCST90244037
36604475,GCST007098
36604469,GCST007098
189880340,GCST90624422
101968912,GCST90179150
49128678,GCST009004
93550504,GCST90018986
214063811,GCST90668075
162646979,GCST90449056
93551707,GCST90018988
162652907,GCST90449057
93550978,GCST90018987
45608264,GCST007930
188374116,NA
62710334,NA
55536916,NA
162646956,GCST90449056
162652891,GCST90449057
162647001,GCST90449056
131341798,GCST90321120
163404668,GCST90480328
163195859,GCST90476073
162646927,GCST90449056
35046381,GCST006479
119258757,GCST90301393
163404876,GCST90480330
163196070,GCST90476076
188028637,GCST90103953
188034797,GCST90468063
188034947,GCST90468063
188327509,GCST90469939
188035247,GCST90468063
32216,GCST002031
162652860,GCST90449057
104481623,GCST90266934
162646939,GCST90449056
162652876,GCST90449057
188265254,GCST90469357
188132128,GCST90468172
188035027,GCST90468063
191846755,GCST90662887
214063412,GCST90668074
163436535,GCST90480706
163242957,GCST90476404
104956944,GCST90267272
34633511,GCST006168
49100304,GCST004904
162652844,GCST90449057
34632559,GCST006166
163424531,GCST90480654
163424937,GCST90480655
162646950,GCST90449056
100044701,GCST90132904
162652886,GCST90449057
100042535,GCST90132904
17650845,GCST003870
103258182,GCST90245848
189880050,GCST90244038
56274575,GCST010245
163315105,GCST90479552
34992741,GCST006287
191896377,GCST90662910
93467320,GCST90018729
191905705,GCST90662912
191847340,GCST90662892
191854802,GCST90662895
36518971,GCST007072
100040313,GCST90132903
100043017,GCST90132904
97201821,GCST90003869
97201925,GCST90003870
88936239,GCST90020094
134173277,GCST90435415
45604796,GCST007928
87305888,GCST90019497
87305018,GCST90019498
100041162,GCST90132903
100042060,GCST90132903
19079,GCST001236
45606778,GCST007929
131786784,GCST90310296
131780821,GCST90310295
188124685,GCST90468163
36101318,GCST007087
164674269,GCST90301696
131774144,GCST90310294
55532303,GCST009685
134168559,GCST90435414
136012466,GCST90309346
164674004,GCST90301695
188146139,GCST90468179
93503884,GCST90018952
191892293,GCST90662909
100039536,GCST90132903
40932636,GCST007267
191889454,GCST90662908
93538053,GCST90018972
164674786,GCST90301699
100042327,GCST90132904
188117149,GCST90468135
93522067,GCST90018963
164674462,GCST90301698
134119786,GCST90446531
134171220,GCST90435415
40931469,GCST007269
36518975,GCST007072
93550050,GCST90018985
93534325,GCST90018970
104166131,GCST90250905
100045604,GCST90132905
163427432,GCST90480666
131329073,GCST90321120
49100717,GCST004904
55976979,GCST010146
64732603,GCST012091
134119823,GCST90446531
188035157,NA
80725110,GCST012464
165815389,GCST90569455
188351968,GCST90470266
164674467,GCST90301698
87306411,GCST90019497
188035012,GCST90468063
188035162,GCST90468063
87305799,GCST90019497
16504921,GCST003321
162646989,GCST90449056
162652917,GCST90449057
31587511,GCST005999
163394347,GCST90480128
163393944,GCST90480125
163215972,GCST90476306
163185704,GCST90475918
163186383,GCST90475921
163318970,GCST90479581
163036039,GCST90475252
163315379,GCST90479553
104844804,GCST90101829
163029110,GCST90475216
163028526,GCST90475214
34656541,GCST006188
34632081,GCST006434
22107985,GCST004776
34656325,GCST006187
22107496,GCST004777
162652871,GCST90449057
162646945,GCST90449056
162652881,GCST90449057
162652897,GCST90449057
162646974,GCST90449056
162652902,GCST90449057
191304862,GCST90565842
163309142,GCST90479522
101970961,GCST90179150
163308225,GCST90479521
163309894,GCST90479523
104117391,GCST90255621
49129437,GCST009004
138234127,GCST90444487
138725123,GCST90446645
64622483,GCST011882
131343193,GCST90321120
165791475,GCST90569242
47702075,GCST008595
41251114,GCST007468
214161295,GCST90704949
55492648,GCST009524
95158409,GCST90095190
17470092,GCST003676
40930501,GCST007269
34942811,GCST006250
100282463,GCST90134330
104109248,GCST90255621
55730024,GCST009871
55730029,GCST009871
98384257,GCST90094838
104109254,GCST90255621
102115142,GCST90243987
102115154,GCST90243987
63923782,GCST90011874
35226089,GCST006442
34709568,GCST006571
41275428,GCST007474
36156899,GCST007324
104954733,GCST90267268
162650873,GCST90449057
36059294,GCST007039
55730038,GCST009871
55730043,GCST009871
34723279,GCST006570
34719443,GCST006568
34624331,GCST006097
136018322,GCST90309357
100041489,GCST90132903
131473234,GCST90399470
104964639,GCST90267298
100345712,GCST90134530
36157503,GCST007324
165804498,GCST90569381
191848969,GCST90662893
36098481,GCST007085
19208005,GCST004065
102103742,GCST90243985
102096170,GCST90243976
35226085,GCST006442
98378777,GCST90094700
35148807,GCST006421
31671551,GCST006948
27460395,GCST005415
10895265,GCST002850
98380725,GCST90094759
35148782,GCST006421
41174005,GCST007325
131622431,GCST90428120
131613648,GCST90428119
98384550,GCST90094841
41174803,GCST007325
71814615,GCST011494
36157748,GCST007329
97472638,GCST90105038
131630981,GCST90428121
131615803,GCST90428119
97472621,GCST90105038
102087795,GCST90243968
102118523,GCST90243989
102087801,GCST90243968
93037392,GCST90061435
102087806,GCST90243968
102095729,GCST90243972
102098394,GCST90243984
164563958,GCST90446162
164564438,GCST90446163
35220488,GCST006810
35220700,GCST006812
35220744,GCST006811
100041116,GCST90132903
55975810,GCST010135
95154278,GCST008811
55975103,GCST010140
34705010,GCST006574
41453130,GCST007710
41453139,GCST007710
34971577,GCST006478
41453143,GCST007710
34971685,GCST006478
188131983,GCST90468172
98383593,GCST90094830
102115166,GCST90243987
97472627,GCST90105038
97472632,GCST90105038
41173526,GCST007323
80641218,GCST90013473
97472615,GCST90105038
34705015,GCST006574
97472605,GCST90105038
97472610,GCST90105038
41276737,GCST007461
41275424,GCST007474
34971693,GCST006478
31671774,GCST006949
34971697,GCST006478
55730067,GCST009871
98385605,GCST90094872
119086056,GCST90301649
36099151,GCST007086
119086066,GCST90301649
102115184,GCST90243987
102115189,GCST90243987
31671779,GCST006949
131517143,GCST90399726
93554073,GCST90019002
34969792,GCST006476
214165210,GCST90704953
164563964,GCST90446162
98379976,GCST90094737
193098679,GCST90102553
96113476,GCST008810
131615882,GCST90428119
102114743,GCST90243986
41173561,GCST007323
100345459,GCST90134528
119450037,GCST90310210
55974711,GCST010142
131630393,GCST90428121
131618096,GCST90428119
191681678,GCST90624411
106069670,GCST90274865
24553467,GCST004887
31671541,GCST006948
131622919,GCST90428120
136018289,GCST90309356
100282469,GCST90134330
36059290,GCST007039
16478528,GCST003496
36159998,GCST007326
104964770,GCST90267302
98378899,GCST90094706
98378871,GCST90094705
102096146,GCST90243976
102096140,GCST90243976
102096152,GCST90243976
102096158,GCST90243976
80772808,GCST011908
21715018,GCST004558
21705356,GCST004557
101397445,GCST90239693
41173502,GCST007323
36157927,GCST007329
101397450,GCST90239693
41174581,GCST007325
36157177,GCST007324
101397455,GCST90239693
41174035,GCST007325
36157096,GCST007324
101397470,GCST90239693
101965959,GCST90179150
55730502,GCST009871
131784819,GCST90310296
131778744,GCST90310295
131771635,GCST90310294
35917485,GCST007267
188124563,GCST90468162
31960788,GCST006098
34971441,GCST006478
102115148,GCST90243987
98382103,GCST90094791
62313445,GCST011427
106058226,GCST90274726
62027709,GCST010546
118723573,GCST90296425
118723864,GCST90296427
118724265,GCST90296428
31672023,GCST006950
102496176,GCST90244189
118724770,GCST90296430
47228823,GCST007983
165804869,GCST90569383
34971193,GCST006478
41174018,GCST007325
36157038,GCST007324
36157043,GCST007324
102096164,GCST90243976
102096176,GCST90243976
102096182,GCST90243976
131631743,GCST90428121
131614480,GCST90428119
34971645,GCST006478
131621040,GCST90428120
63776900,GCST010989
136009028,GCST90309341
24553411,GCST004886
102096134,GCST90243976
100282475,GCST90134330
98382823,GCST90094807
104964776,GCST90267302
104109225,GCST90255621
34723274,GCST006570
101965949,GCST90179150
100399878,GCST90104339
104109236,GCST90255621
55730034,GCST009871
55730052,GCST009871
98383496,GCST90094828
34971705,GCST006478
34723269,GCST006570
34719447,GCST006568
27407872,GCST005316
35226077,GCST006442
164569077,GCST90492678
164572701,GCST90492679
34709560,GCST006571
164565573,GCST90492677
102097048,GCST90243980
100282458,GCST90134330
34832912,GCST006269
100282480,GCST90134330
102087789,GCST90243968
36158188,GCST007328
34832967,GCST006269
62313556,GCST011427
97971846,GCST90105049
36157854,GCST007329
16478659,GCST003496
41251118,GCST007468
104955243,GCST90267268
98381375,GCST90094774
98381120,GCST90094767
34719451,GCST006568
63923778,GCST90011874
35226081,GCST006442
164569082,GCST90492678
164572706,GCST90492679
34709564,GCST006571
164565578,GCST90492677
136628646,GCST008373
30500307,GCST005580
131620953,GCST90428120
31671255,GCST006947
93533795,GCST90018970
214165203,GCST90704953
98384677,GCST90094846
47503974,GCST008413
47503968,GCST008413
97472594,GCST90105038
97472599,GCST90105038
36156949,GCST007324
165804760,GCST90569383
25786,GCST001712
131622664,GCST90428120
41174660,GCST007325
36158125,GCST007328
36595436,GCST007339
80725035,GCST012464
166089251,GCST90570619
36157247,GCST007324
98380374,GCST90094747
62085038,GCST010340
31672648,GCST006952
34971677,GCST006478
134166529,GCST90435413
163390447,GCST90480066
100353531,GCST90134547
45616572,GCST007944
41380390,GCST007576
88927957,GCST90000047
34719456,GCST006568
164569087,GCST90492678
106035521,GCST90270074
131617364,GCST90428119
102118529,GCST90243989
102115178,GCST90243987
100086298,GCST90133012
188138378,GCST90468177
34971609,GCST006478
104865391,GCST90267393
98426138,GCST90131901
98426144,GCST90131901
98426150,GCST90131901
131615116,GCST90428119
55997136,GCST010144
104958469,GCST90267280
131331798,GCST90321120
138228243,GCST90444487
104954422,GCST90267266
95154194,GCST008811
31669525,GCST006941
36156865,GCST007324
41453668,GCST007709
36158783,GCST007327
36098476,GCST007085
41429656,GCST007603
41276733,GCST007461
41248884,GCST007472
163309534,GCST90479523
49136388,GCST009001
49100603,GCST004904
47384219,GCST008996
103595283,GCST90245995
98382320,GCST90094794
63949967,GCST011703
215459963,GCST90501107
41173226,GCST007323
102115172,GCST90243987
41448140,GCST007687
102098376,GCST90243984
102096188,GCST90243976
34971473,GCST006478
214166501,GCST90704954
102118518,GCST90243989
102098418,GCST90243984
36157013,GCST007324
24553406,GCST004886
31671536,GCST006948
98383461,GCST90094827
34635035,GCST006395
163391243,GCST90480069
163390768,GCST90480067
36528253,GCST007084
34970312,GCST006476
36601390,GCST007099
191891034,GCST90662908
98380276,GCST90094744
41247606,GCST007462
103595288,GCST90245995
63784337,GCST010988
41220311,GCST007458
131626503,GCST90428121
131613670,GCST90428119
34714600,GCST006569
36050301,GCST007037
163275309,GCST90476469
102698964,GCST90244674
163447244,GCST90480729
138228237,GCST90444487
21705005,GCST004557
17470119,GCST003676
35748774,GCST006920
31671250,GCST006947
36157009,GCST007324
99813559,GCST90132260
102115160,GCST90243987
132478719,GCST90429151
34971701,GCST006478
131626202,GCST90428121
31671546,GCST006948
31671784,GCST006949
22679244,GCST008152
22684276,GCST008158
34971665,GCST006478
119086061,GCST90301649
97472589,GCST90105038
98381967,GCST90094788
98379584,GCST90094726
98380426,GCST90094750
100354101,GCST90134550
41174939,GCST007325
105708449,GCST90271329
41173894,GCST007325
34971617,GCST006478
131620437,GCST90428120
100085258,GCST90133002
162644965,GCST90449056
41173981,GCST007325
36156934,GCST007324
35148778,GCST006421
62307815,GCST011427
47775014,GCST008802
136009381,GCST90309342
93494799,GCST90018947
98380874,GCST90094762
98383741,GCST90094833
98384416,GCST90094840
130448591,GCST90320053
130448397,GCST90320049
132480757,GCST90026480
119090929,GCST90301650
36160227,GCST007326
55730464,GCST009871
132480762,GCST90026480
98380818,GCST90094761
40882234,GCST007335
98385430,GCST90094863
101965944,GCST90179150
138228232,GCST90444487
101397460,GCST90239693
41173137,GCST007323
101397465,GCST90239693
41173929,GCST007325
88926121,GCST90000050
24552925,GCST004886
47717649,GCST008757
131342183,GCST90321120
131331793,GCST90321120
118724271,GCST90296428
143805181,GCST90455676
143806273,GCST90455677
131631120,GCST90428121
98383886,GCST90094835
98378673,GCST90094698
98382561,GCST90094799
98382062,GCST90094790
98381870,GCST90094785
55975145,GCST010138
93342583,GCST90016564
55974333,GCST010142
165278643,GCST90565135
97028864,GCST006461
136019723,GCST90309363
30341255,GCST005809
62310193,GCST011427
34833075,GCST006269
191284456,GCST90565836
56258934,GCST010018
55492600,GCST009524
162644971,GCST90449056
188120380,GCST90468158
188119458,GCST90468157
41453125,GCST007710
36100159,GCST007087
134173208,GCST90435415
34971649,GCST006478
34943211,GCST006250
63922704,GCST90011875
101965938,GCST90179150
101397440,GCST90239693
55975472,GCST010136
41174615,GCST007325
163445076,GCST90480727
163443802,GCST90480726
102098412,GCST90243984
62285983,GCST010544
102098423,GCST90243984
62286371,GCST010543
102098429,GCST90243984
36592594,GCST007341
106216571,GCST90277988
34702792,GCST006573
34714595,GCST006569
104109242,GCST90255621
138722513,GCST90446645
95986273,GCST90100569
34832162,GCST006269
191284451,GCST90565836
191303776,GCST90565842
214131091,GCST90693318
131626297,GCST90428121
191898227,GCST90662910
131613888,GCST90428119
191907710,GCST90662912
214161302,GCST90704949
30524624,GCST005951
34942031,GCST006250
63922708,GCST90011875
34696560,GCST006572
63922712,GCST90011875
34696565,GCST006572
93481784,GCST90018852
95988142,GCST90100571
12223366,GCST002783
12223149,GCST002783
12223025,GCST002783
21795996,GCST004497
101965954,GCST90179150
21794976,GCST004495
35038117,GCST006368
49133950,GCST009003
19283816,GCST004066
93498732,GCST90018949
34702796,GCST006573
103238040,GCST90245848
41453135,GCST007710
98380800,GCST90094760
165702983,GCST90000618
189866958,GCST90565740
189867440,GCST90565742
134454615,GCST90448682
105683535,GCST90270936
189867446,GCST90565742
217551838,GCST90832989
131616297,GCST90428119
131621579,GCST90428120
189866563,GCST90565739
189867435,GCST90565742
34723265,GCST006570
61689489,GCST010002
91778265,GCST90020232
36158787,GCST007327
188122764,GCST90468160
188147356,GCST90468180
217551735,GCST90832989
132679760,GCST90432179
55492120,GCST009524
188135982,GCST90468174
91781859,GCST90038594
214163680,GCST90704952
218408476,GCST90841196
55690435,GCST009726
34602358,GCST006065
119451512,GCST90310211
31960844,GCST006100
98383925,GCST90094836
98381981,GCST90094789
36157147,GCST007324
131617679,GCST90428119
118723870,GCST90296427
118724775,GCST90296430
118724781,GCST90296430
98379775,GCST90094729
36160286,GCST007326
47432565,GCST008522
98384876,GCST90094851
98380119,GCST90094742
102098382,GCST90243984
102098388,GCST90243984
80428920,GCST90011766
119090919,GCST90301650
119090913,GCST90301650
119090924,GCST90301650
21715539,GCST004558
55730047,GCST009871
49131332,GCST009004
191371999,GCST90565845
31672188,GCST006950
163344482,GCST90479644
131629532,GCST90428121
104109231,GCST90255621
188137139,GCST90468175
47757040,GCST008744
100400284,GCST90104341
31669530,GCST006941
35038113,GCST006368
95987040,GCST90100570
138722508,GCST90446645
101965965,GCST90179150
30500543,GCST005580
61934367,GCST010084
165702384,GCST90000616
27407868,GCST005316
102098406,GCST90243984
41275419,GCST007474
96113262,GCST008810
34971681,GCST006478
188148640,GCST90468182
138228254,GCST90444487
36159213,GCST007327
138228248,GCST90444487
166089500,GCST90570624
93037387,GCST90061435
34512,GCST001953
16454,GCST000830
117665553,GCST90292477
117662260,GCST90000062
163308665,GCST90479522
163307695,GCST90479521
163446315,GCST90480728
218406272,GCST90841193
91302873,GCST90026658
91302879,GCST90026658
62082080,GCST010340
62314861,GCST011427
62069735,GCST010343
103236735,GCST90245848
191884986,GCST90662906
91302893,GCST90026658
188175710,GCST90468477
62074164,GCST010341
188175760,GCST90468477
188175665,GCST90468477
100082818,GCST90132967
31669515,GCST006941
217562949,GCST90832991
131622892,GCST90428120
100877182,GCST90179154
62018101,GCST010321
55722807,GCST009867
191333216,GCST90565843
162783208,GCST90446168
101976947,GCST90132314
31670423,GCST006944
95158356,GCST90095190
90708032,GCST90020029
166098347,GCST90572703
191288154,GCST90565837
188070863,GCST90468086
93062116,GCST90056174
106004685,GCST90271801
40901470,GCST007294
40901015,GCST007294
40902632,GCST007295
40902130,GCST007295
214526535,GCST90726344
27238873,GCST005194
41453663,GCST007709
214527462,GCST90726346
100840429,GCST90162064
191303687,GCST90565842
63922659,GCST90011875
101965734,GCST90179150
214467740,GCST90432175
77341935,GCST011365
191288148,GCST90565837
41394597,GCST007565
87273509,GCST90019518
87265710,GCST90019524
191333326,GCST90565843
55729892,GCST009871
191333521,GCST90565843
63950284,GCST011702
93525654,GCST90018966
101334663,GCST90239664
101331839,GCST90239661
101396819,GCST90239692
214165120,GCST90704953
163361894,GCST90479704
90708055,GCST90020029
98438465,GCST90131903
98425874,GCST90131901
90783556,GCST90020024
90752663,GCST90020027
131340688,GCST90321120
103237345,GCST90245848
103214075,GCST90245844
164794827,GCST90315356
98425869,GCST90131901
21542089,GCST004433
95125226,GCST90000025
36157946,GCST007329
164765251,GCST90313904
17345707,GCST003580
21965383,GCST004521
165704475,GCST90302862
191011658,GCST90559251
118896336,GCST90301318
191011669,GCST90559251
35614407,GCST007023
35614401,GCST007023
100478552,GCST90137503
35614458,GCST007023
35614452,GCST007023
131554713,GCST90428109
21965306,GCST004521
162814661,GCST90422503
91505150,GCST90027168
93471077,GCST90018740
93468746,GCST90018737
10078464,GCST002702
105954215,GCST90271580
169093501,GCST90590343
93076176,GCST90085815
36005028,GCST007257
189882077,GCST90624567
188243254,GCST90469179
90726645,GCST90020028
188156746,GCST90468220
104014248,GCST90255370
131809174,GCST90428574
104014338,GCST90255371
64014622,GCST012156
140847463,GCST90454507
140847476,GCST90454507
165704729,GCST90302863
191304212,GCST90565842
189973503,GCST90502147
135078318,GCST90449000
91505128,GCST90027168
191011647,GCST90559251
35613731,GCST007023
165298312,GCST90565218
91505158,GCST90027168
90795252,GCST90020025
90810444,GCST012227
191341971,GCST90565843
90726627,GCST90020028
188142421,GCST90468178
191341977,GCST90565843
103285141,GCST90245848
188401726,GCST90470895
188077517,GCST90468088
131554730,GCST90428109
133893776,GCST90302161
64014627,GCST012156
21964913,GCST004521
99812452,GCST90132260
90810434,GCST012227
64745248,GCST90013410
189998568,GCST90502218
189936645,GCST90502062
189995410,GCST90502212
61975261,GCST010104
31579351,GCST005973
100478530,GCST90137503
35614338,GCST007023
61936492,GCST010083
100478590,GCST90137503
35614738,GCST007023
35614725,GCST007023
35614692,GCST007023
35614581,GCST007023
35614356,GCST007023
35614350,GCST007023
35614344,GCST007023
35613868,GCST007023
35613773,GCST007023
62401574,GCST011426
98314173,GCST90129592
98316034,GCST90129627
189954269,GCST90502095
106002407,GCST90271791
106003928,GCST90271797
106006432,GCST90271814
106003673,GCST90271796
166099906,GCST90103761
106002678,GCST90271792
106004334,GCST90271799
102519263,GCST90241793
62320539,GCST010653
35760608,GCST006899
169093495,GCST90590343
100478559,GCST90137503
35614529,GCST007023
35614522,GCST007023
35614515,GCST007023
35614509,GCST007023
35614503,GCST007023
35614496,GCST007023
35614490,GCST007023
104014072,GCST90255368
127898276,GCST90294658
127935195,GCST90295573
127898020,GCST90294657
104957689,GCST90267278
165785143,GCST90569029
43174020,GCST007839
18864,GCST001186
35614394,GCST007023
35614388,GCST007023
35613955,GCST007023
103285131,GCST90245848
100843977,GCST90162217
98314509,GCST90129592
41238455,GCST007446
41238267,GCST007446
189960739,GCST90502121
20564,GCST001401
190093588,GCST90502671
189933166,GCST90502056
189936650,GCST90502062
190062352,GCST90502503
190031610,GCST90502359
189907072,GCST90502004
190091246,GCST90502659
190083697,GCST90502619
190049960,GCST90502436
190101533,GCST90502723
190028665,GCST90502347
190080874,GCST90502607
190009775,GCST90502254
189918721,GCST90502030
190098723,GCST90502711
164765159,GCST90313900
188324571,GCST90469905
35614007,GCST007023
35613923,GCST007023
35613874,GCST007023
131619134,GCST90428120
90643408,GCST012231
91505180,GCST90027168
31580798,GCST005995
131556006,GCST90428109
97477616,GCST90105038
214209357,GCST90243964
127948311,GCST90295777
90795193,GCST90020025
164732811,GCST90428405
90754382,GCST90020027
103246536,GCST90245848
188099028,GCST90468097
56279689,GCST010242
191011675,GCST90559251
81144229,GCST011956
138524167,GCST90444202
90810478,GCST012227
90726640,GCST90020028
94050981,GCST90093351
10092626,GCST002837
35614600,GCST007023
35614593,GCST007023
35614587,GCST007023
35614557,GCST007023
100836193,GCST90161812
90726593,GCST90020028
164788395,GCST90315036
35614077,GCST007023
164788459,GCST90315038
91505143,GCST90027168
73192437,GCST011773
191372308,GCST90565845
188270733,GCST90469369
90784593,GCST90020024
169092803,GCST90590341
169092813,GCST90590341
90795143,GCST90020025
134249031,GCST90448187
47462074,GCST008474
90784549,GCST90020024
93458080,GCST90061371
90754339,GCST90020027
131554754,GCST90428109
90810385,GCST012227
90810365,GCST012227
55992091,GCST010001
94160084,GCST90088260
94160056,GCST90087784
188378761,GCST90470615
16990,GCST000863
21965026,GCST004521
90810418,GCST012227
164758175,GCST90313541
191368413,GCST90565844
90810426,GCST012227
191368402,GCST90565844
100831251,GCST90161584
90795265,GCST90020025
166152110,GCST90572749
90754446,GCST90020027
34028,GCST002068
96205366,GCST90093013
104014435,GCST90255372
102518194,GCST90241701
131554736,GCST90428109
93493925,GCST90018946
118896409,GCST90301319
118896585,GCST90301320
118896249,GCST90301318
100841448,GCST90162093
90726615,GCST90020028
90726570,GCST90020028
24774898,GCST005000
47268340,GCST008054
35613967,GCST007023
132491236,GCST90320093
132491405,GCST90320097
190018389,GCST90502295
92410693,GCST90027058
96217261,GCST90093043
190095750,GCST90502697
189991327,GCST90502194
188276847,GCST90469436
189980538,GCST90502166
96216657,GCST90093041
24333,GCST000589
104014265,GCST90255370
64200998,GCST90002381
188055590,GCST90468077
164765223,GCST90313903
164773135,GCST90314279
188082851,GCST90468090
131554944,GCST90428109
90810381,GCST012227
191011663,GCST90559251
47785593,GCST008794
47785307,GCST008790
102508422,GCST90240818
91505231,GCST90027168
91505247,GCST90027168
91505254,GCST90027168
36593702,GCST007337
165260815,GCST90565134
166118059,GCST90483497
166115448,GCST90483486
165704869,GCST90302863
164799895,GCST90315611
93082896,GCST90056183
165787658,GCST90569089
100828450,GCST90161446
103246526,GCST90245848
35614032,GCST007023
35613798,GCST007023
35613792,GCST007023
35326380,GCST006575
93485348,GCST90018918
13544,GCST000448
164767595,GCST90313998
92411581,GCST90027060
164767563,GCST90313996
164767579,GCST90313997
102714159,GCST90244709
90784616,GCST90020024
216789139,GCST90448634
90795214,GCST90020025
191341961,GCST90565843
90754405,GCST90020027
10079474,GCST002647
56277616,GCST010243
101329854,GCST90239658
90795218,GCST90020025
103212065,GCST90245843
22674989,GCST008163
134156519,GCST90435412
90810398,GCST012227
191341966,GCST90565843
101337369,GCST90239667
101339825,GCST90239670
103215230,GCST90245844
90726587,GCST90020028
101327010,GCST90239655
164790675,GCST90315156
90754409,GCST90020027
64419311,GCST90002394
35613936,GCST007023
47821102,GCST008879
101374840,GCST90239635
14122,GCST000529
90810422,GCST012227
41333868,GCST007515
41345284,GCST007518
41344791,GCST007517
41344616,GCST007516
35278238,GCST006524
90795202,GCST90020025
90726566,GCST90020028
191011632,GCST90559251
90754391,GCST90020027
189896906,GCST90501978
64634115,GCST011917
192477430,GCST90128424
188382853,GCST90470651
105680244,GCST90270934
106068364,GCST90274862
100372886,GCST90134596
100373015,GCST90134597
21277,GCST001474
64419302,GCST90002394
188065804,GCST90468084
188071353,GCST90468086
105751761,GCST90238136
103246521,GCST90245848
62309076,GCST011427
103966068,GCST90250833
103965808,GCST90250832
103966343,GCST90250834
216789109,GCST90448634
127945337,GCST90295765
191341988,GCST90565843
189971904,GCST90502142
24777073,GCST005009
105012407,GCST90257012
22002953,GCST004748
90810511,GCST012227
43174114,GCST007839
31580421,GCST005997
189943694,GCST90502075
190018394,GCST90502295
94050948,GCST90093349
100041639,GCST90132903
24778260,GCST005001
22003649,GCST004750
80431998,GCST012213
94089232,GCST90002119
93076771,GCST90085815
93081436,GCST90056181
93077221,GCST90056177
93084776,GCST90056184
93078991,GCST90056178
216202938,GCST90728686
90810474,GCST012227
90726619,GCST90020028
189966119,GCST90502134
189954274,GCST90502095
190063596,GCST90502514
190097147,GCST90502710
190030180,GCST90502358
190100161,GCST90502722
189966114,GCST90502134
190019531,GCST90502306
190082296,GCST90502618
91505239,GCST90027168
188074695,GCST90468087
35903373,GCST007043
21964484,GCST004521
36594516,GCST007338
63922933,GCST90011875
36596703,GCST007340
36595581,GCST007339
91505195,GCST90027168
189963090,GCST90502127
98280637,GCST90129556
106212726,GCST90274798
164790543,GCST90315147
133715377,GCST90435380
127944233,GCST90295751
127950178,GCST90295788
131333668,GCST90321120
127931839,GCST90295549
127947849,GCST90295773
31585142,GCST005985
25417,GCST001768
18926,GCST001200
47464599,GCST008365
164771819,GCST90314218
127909780,GCST90294967
90805362,GCST90026455
164771971,GCST90314223
162818602,GCST90422923
188359576,GCST90470350
188271064,GCST90469372
189976312,GCST90502153
63944538,GCST90002406
131554062,GCST90428109
131554085,GCST90428109
80605797,GCST011568
94088165,GCST90002066
94088187,GCST90002067
35613855,GCST007023
35613724,GCST007023
35613718,GCST007023
96080401,GCST90101317
35614045,GCST007023
90726578,GCST90020028
165025683,GCST90461907
35613892,GCST007023
35613886,GCST007023
15059632,GCST003048
18600,GCST001146
90621453,GCST012228
164793227,GCST90315270
90640706,GCST012230
35614705,GCST007023
35614636,GCST007023
35614630,GCST007023
35614624,GCST007023
35614544,GCST007023
93078861,GCST90056178
90754431,GCST90020027
44510525,GCST007847
127953106,GCST90295835
127954026,GCST90295836
36592754,GCST007341
91505202,GCST90027168
12557,GCST000321
45627116,GCST008096
25414,GCST001768
81146895,GCST011938
131722587,GCST90319905
165260042,GCST90565134
62310849,GCST011427
90726664,GCST90020028
34274,GCST001137
100843954,GCST90162217
127954832,GCST90295837
127873561,GCST90293580
26134,GCST001737
90795180,GCST90020025
191021396,GCST90559265
90810414,GCST012227
90726611,GCST90020028
191021401,GCST90559265
188407183,GCST90470936
191021411,GCST90559265
90810465,GCST012227
10071455,GCST000984
218987060,GCST90278201
105012403,GCST90257012
75416051,GCST011328
35613837,GCST007023
22002948,GCST004748
91505216,GCST90027168
191021426,GCST90559265
61975866,GCST010104
164773083,GCST90314276
164763903,GCST90313839
191021437,GCST90559265
131554748,GCST90428109
188160201,GCST90468250
188285267,GCST90469515
21964981,GCST004521
188042097,GCST90468068
165260058,GCST90565134
166067110,GCST90551867
166069499,GCST90551872
45600330,GCST007922
127953188,GCST90295835
93548845,GCST90018980
127947868,GCST90295773
24777029,GCST005009
91505275,GCST90027168
35614649,GCST007023
35614643,GCST007023
35613766,GCST007023
10070340,GCST001181
118896590,GCST90301320
118896256,GCST90301318
98316442,GCST90129627
91505166,GCST90027168
134151331,GCST90447296
165704480,GCST90302862
169092126,GCST90590340
127941320,GCST90295710
127947514,GCST90295772
91505223,GCST90027168
104327613,GCST90258653
90621480,GCST012228
90640730,GCST012230
90621460,GCST012228
90640712,GCST012230
188299490,GCST90469684
188299747,GCST90469685
191291024,GCST90565837
190017052,GCST90502294
190079268,GCST90502606
189907066,GCST90502004
190060897,GCST90502502
191291029,GCST90565837
93464569,GCST90018706
118896748,GCST90301321
190046754,GCST90502424
191021432,GCST90559265
133715382,GCST90435380
188180149,GCST90468539
190089976,GCST90502658
90795282,GCST90020025
90810496,GCST012227
100841390,GCST90162093
90754465,GCST90020027
31583775,GCST005991
191021386,GCST90559265
35614575,GCST007023
35614382,GCST007023
35614376,GCST007023
35614370,GCST007023
35614363,GCST007023
40090,GCST002352
188116084,GCST90468120
55611713,GCST009717
63346155,GCST90011822
217557205,GCST90832990
100873855,GCST90027092
188286448,GCST90469533
163359521,GCST90479701
188321275,GCST90469877
163140243,GCST90475499
165260289,GCST90565134
94086315,GCST90001959
133848519,GCST90444407
127892710,GCST90294392
127892956,GCST90294403
105954221,GCST90271580
18730,GCST001181
24645628,GCST004894
24645286,GCST004894
164750855,GCST90313177
90726649,GCST90020028
104176298,GCST90129505
164786683,GCST90314949
38356,GCST002302
94080866,GCST90001686
189995421,GCST90502212
191021421,GCST90559265
90810483,GCST012227
90726635,GCST90020028
100826713,GCST90161342
35613818,GCST007023
90795229,GCST90020025
191011642,GCST90559251
90754421,GCST90020027
35730,GCST002140
103966073,GCST90250833
90795242,GCST90020025
91633821,GCST012396
103965803,GCST90250832
103966348,GCST90250834
188314938,GCST90469813
35567711,GCST006696
188192819,GCST90468634
218076359,GCST90838669
91505261,GCST90027168
105964754,GCST90267927
98279815,GCST90129548
98279551,GCST90129547
165704844,GCST90302863
131553603,GCST90428109
18738,GCST001148
131554068,GCST90428109
188374096,GCST90470575
164783955,GCST90314796
62069976,GCST010343
62069868,GCST010343
62070884,GCST010343
35674834,GCST006660
131332353,GCST90321120
102105300,GCST90243985
166141997,GCST90565695
62082170,GCST010340
62080280,GCST010340
62068748,GCST010343
103242705,GCST90245848
62236652,GCST010570
97475374,GCST90105038
97475362,GCST90105038
97475368,GCST90105038
102088863,GCST90243968
163433838,GCST90480680
106034977,GCST90270074
104867873,GCST90267519
104867593,GCST90267518
163404503,GCST90480326
41429660,GCST007603
41251402,GCST007468
62310627,GCST011427
188010406,GCST90624218
188010296,GCST90435442
62081618,GCST010340
62317126,GCST011427
62319662,GCST011427
62318641,GCST011427
165794097,GCST90569258
134086168,GCST90446205
162823982,GCST90423553
216864979,GCST90827928
216826969,GCST90827800
94878532,GCST90032513
96113371,GCST008810
34703000,GCST006573
34714890,GCST006569
102105294,GCST90243985
102088857,GCST90243968
47505923,GCST008413
21714448,GCST004568
216890727,GCST90828013
191662086,GCST90651078
103225566,GCST90245846
88192851,GCST012490
117663313,GCST012378
97475356,GCST90105038
191275996,GCST90651563
164613950,GCST90492711
134086174,GCST90446205
134086196,GCST90446206
162582815,GCST90472773
162582728,GCST90472772
163409287,GCST90480428
163371273,GCST90479734
163404444,GCST90480325
163392601,GCST90480090
10063816,GCST002772
100670837,GCST90162631
100670774,GCST90162631
100670795,GCST90162631
35674625,GCST006660
100670823,GCST90162631
102105289,GCST90243985
119955679,GCST90319327
103990476,GCST90255358
91625669,GCST90027234
41248978,GCST007472
62079314,GCST010340
131328186,GCST90321119
102105283,GCST90243985
102119056,GCST90243989
163402794,GCST90480287
102119068,GCST90243989
100670781,GCST90162631
100670788,GCST90162631
100670802,GCST90162631
165822258,GCST90569500
62084324,GCST010340
62071262,GCST010343
34991259,GCST006287
100670809,GCST90162631
103242690,GCST90245848
15728721,GCST002487
163377853,GCST90479864
62315468,GCST011427
143802756,GCST90455669
62315262,GCST011427
163415621,GCST90480565
188264864,GCST90469357
119119133,GCST90301664
216824608,GCST90827799
216828362,GCST90827803
216818235,GCST90827774
216828794,GCST90827804
216823015,GCST90827794
216829192,GCST90827805
216823758,GCST90827796
100670830,GCST90162631
102088851,GCST90243968
102119073,GCST90243989
102098757,GCST90243984
100670816,GCST90162631
100670767,GCST90162631
163403423,GCST90480300
55914850,GCST009730
97846330,GCST90024104
102098763,GCST90243984
102119062,GCST90243989
188267314,GCST90469357
97491036,GCST90105038
24950365,GCST005077
61691325,GCST010002
35231081,GCST006442
62087527,GCST010378
131348530,GCST90321121
188262834,GCST90469357
188197292,GCST90468673
191893683,GCST90662909
217751781,GCST90837546
97491024,GCST90105038
218411499,GCST90841196
218406804,GCST90841193
218411504,GCST90841196
63411276,GCST010796
63411272,GCST010796
63411268,GCST010796
63411264,GCST010796
63411260,GCST010796
63411256,GCST010796
63411252,GCST010796
63411248,GCST010796
63411244,GCST010796
63411240,GCST010796
63411236,GCST010796
63411232,GCST010796
63411228,GCST010796
63411224,GCST010796
63411220,GCST010796
63411216,GCST010796
63411212,GCST010796
63411208,GCST010796
63411204,GCST010796
63411200,GCST010796
63411196,GCST010796
63411192,GCST010796
63411188,GCST010796
63411184,GCST010796
63411180,GCST010796
63411176,GCST010796
63411172,GCST010796
63411168,GCST010796
63411164,GCST010796
63411160,GCST010796
63411156,GCST010796
63411152,GCST010796
63411148,GCST010796
63411144,GCST010796
63411140,GCST010796
63411136,GCST010796
63411132,GCST010796
63411128,GCST010796
63411124,GCST010796
63411120,GCST010796
63411116,GCST010796
63411112,GCST010796
63411108,GCST010796
63411104,GCST010796
63411100,GCST010796
63411096,GCST010796
63411092,GCST010796
63411088,GCST010796
102113517,GCST90243985
97491030,GCST90105038
119759717,GCST90244993
119770307,GCST90245407
163428641,GCST90480667
163426793,GCST90480665
163223165,GCST90476338
163427829,GCST90480666
131336028,GCST90321120
34704480,GCST006574
55492467,GCST009524
55309961,GCST009462
131348500,GCST90321121
131348505,GCST90321121
163403025,GCST90480289
164571512,GCST90492678
164574852,GCST90492679
164567820,GCST90492677
34717920,GCST006568
35229377,GCST006442
34707947,GCST006571
217752446,GCST90837551
217750725,GCST90837544
97850421,GCST90024237
34722518,GCST006570
27409287,GCST005316
97491018,GCST90105038
101791231,GCST90239828
101793458,GCST90239829
188137893,GCST90468177
71815109,GCST011494
47785804,GCST008792
103277261,GCST90245848
103277266,GCST90245848
17627790,GCST003818
188138013,GCST90468177
188197322,GCST90468673
189868131,GCST90565742
188197282,GCST90468673
36594414,GCST007338
36596587,GCST007340
36595471,GCST007339
36592652,GCST007341
35226541,GCST006442
34710199,GCST006571
35226545,GCST006442
101966725,GCST90179150
34967690,GCST006477
62708447,GCST010647
188267979,GCST90469357
101661282,GCST90239706
191905345,GCST90662912
131084538,GCST90328131
103242730,GCST90245848
47429876,GCST008295
104957970,GCST90267280
62085770,GCST010340
62084336,GCST010340
97475391,GCST90105038
35226553,GCST006442
164569427,GCST90492678
164572986,GCST90492679
34710203,GCST006571
164565866,GCST90492677
36050478,GCST007037
192546834,GCST90624107
49134683,GCST009003
49130633,GCST009004
138229143,GCST90444487
106035412,GCST90270074
106183548,GCST90275371
103242735,GCST90245848
97475397,GCST90105038
104955695,GCST90267268
191302675,GCST90565840
90520443,GCST90020227
119955684,GCST90319327
102105312,GCST90243985
36059674,GCST007039
55731298,GCST009871
104866677,GCST90267467
103242740,GCST90245848
217552269,GCST90832989
64626041,GCST012069
95987165,GCST90100570
93499037,GCST90018949
93495049,GCST90018947
34719888,GCST006568
34710208,GCST006571
34723509,GCST006570
34719884,GCST006568
34942861,GCST006250
63922790,GCST90011875
35230269,GCST006442
34696645,GCST006572
34714894,GCST006569
104374393,GCST90264174
36593269,GCST007337
104110488,GCST90255621
138722898,GCST90446645
35226549,GCST006442
102105306,GCST90243985
119091453,GCST90301650
62319918,GCST011427
93211307,GCST90025993
129339107,GCST90308774
165810258,GCST90569450
165808914,GCST90569450
63923576,GCST90011874
106036166,GCST90270074
34969652,GCST006476
31671476,GCST006948
41455106,GCST007709
55491621,GCST009524
34971477,GCST006478
164564310,GCST90446162
164564595,GCST90446163
16478645,GCST003496
34717949,GCST006568
91626681,GCST012355
100345681,GCST90134530
34722523,GCST006570
41455086,GCST007709
34968696,GCST006475
47383887,GCST008996
47702867,GCST008595
96755131,GCST90102283
55492003,GCST009524
102693341,GCST90244660
97491143,GCST90105038
97491149,GCST90105038
104959094,GCST90267280
103956795,GCST90165318
55534340,GCST009539
103955424,GCST90165317
130946186,GCST90302777
130943839,GCST90302665
130943555,GCST90302651
131345043,GCST90321120
101689523,GCST90239729
34970922,GCST006476
34968484,GCST006475
36592292,GCST007341
34838884,GCST006268
63099302,GCST90011294
34970947,GCST006476
34839814,GCST006268
62073090,GCST010342
34963189,GCST006946
34962667,GCST006943
35338309,GCST006945
34970247,GCST006476
135078708,GCST90449002
136813751,GCST90451690
41174242,GCST007325
100400195,GCST90104339
95127623,GCST90000025
34967805,GCST006477
189867109,GCST90565740
34970507,GCST006476
55490514,GCST009523
27440056,GCST005323
55491897,GCST009524
27439355,GCST005324
34970587,GCST006476
34971481,GCST006478
118822994,GCST90103484
106035961,GCST90270074
36596298,GCST007340
34970897,GCST006476
98157373,GCST005232
55315055,GCST009577
34970907,GCST006476
31671789,GCST006949
41455096,GCST007709
34968612,GCST006475
34971377,GCST006478
100085676,GCST90133006
95159107,GCST90095190
16013938,GCST003264
135078492,GCST90449001
36595171,GCST007339
15000077,GCST002956
34970902,GCST006476
55491922,GCST009524
62309692,GCST011427
36594166,GCST007338
36593541,GCST007337
214163130,GCST90704949
97491155,GCST90105038
98157204,GCST005232
17548627,GCST003770
91687410,GCST90027241
91688176,GCST90027243
136011047,GCST90309344
36595166,GCST007339
34970137,GCST006476
27440866,GCST005326
35338961,GCST006940
29015864,GCST005835
191373653,GCST90565845
31670333,GCST006944
35229393,GCST006442
34707956,GCST006571
104321248,GCST90258647
100345650,GCST90134530
36592288,GCST007341
165776379,GCST90568642
189866847,GCST90565739
189868148,GCST90565742
61934881,GCST010084
134455569,GCST90444395
166089524,GCST90570624
96763902,GCST90102253
35231085,GCST006442
164571522,GCST90492678
164574862,GCST90492679
164567831,GCST90492677
17472716,GCST003676
101661750,GCST90239706
135079225,GCST90449008
41136346,GCST007342
56259239,GCST010011
53502758,GCST009096
88924820,GCST90000514
55490518,GCST009523
34968356,GCST006475
55491218,GCST009524
100345511,GCST90134529
131084177,GCST90328131
135079409,GCST90449009
90520409,GCST90020227
191300363,GCST90565837
119955295,GCST90319327
36051789,GCST007037
62310829,GCST011427
31672372,GCST006951
96755136,GCST90102283
34971425,GCST006478
189882002,GCST90624564
214164699,GCST90704952
214163123,GCST90704949
136017026,GCST90309355
217561548,GCST90832990
41249739,GCST007464
216295492,GCST90705070
41455111,GCST007709
163448533,GCST90480756
163448463,GCST90480753
103277381,GCST90245848
97491131,GCST90105038
97491137,GCST90105038
15000069,GCST002956
31671948,GCST006950
34971637,GCST006478
106216712,GCST90277988
130445552,GCST90129461
134455373,NA
41252999,NA
55492324,NA
34971457,GCST006478
17485779,GCST003677
35229389,GCST006442
103277386,GCST90245848
56258653,GCST010017
36528672,GCST007084
34967585,GCST006477
91688577,GCST90027244
62252772,GCST010642
64733047,GCST012090
101044710,GCST90058037
118796423,GCST90104572
27440442,GCST005325
91686354,GCST90027239
62708607,GCST010647
118796757,GCST90104573
41455082,GCST007709
95987955,GCST90100570
106760887,GCST90281044
191371200,GCST90565844
61684674,GCST010123
100084699,GCST90132995
97491161,GCST90105038
93039369,GCST90061435
102094917,GCST90243968
134455647,GCST90444395
97210397,GCST90004358
130946347,GCST90302787
97202492,GCST90003908
164571517,GCST90492678
164574857,GCST90492679
164567826,GCST90492677
31671145,GCST006947
47259596,GCST008357
91687860,GCST90027242
91686941,GCST90027240
216863585,GCST90827928
188046750,GCST90468072
188152859,GCST90468184
188121877,GCST90468159
131621585,GCST90428120
163359819,GCST90479701
163369178,GCST90479712
163442292,GCST90480724
163048527,GCST90475291
163252400,GCST90476451
163257502,GCST90476457
64079582,GCST90002389
188088677,GCST90468093
64404054,GCST90002399
163255138,GCST90476454
163158875,GCST90475529
188087295,GCST90468092
62739219,GCST90002374
163139976,GCST90475499
62492448,GCST90002320
136021001,GCST90309369
64406564,GCST90002398
163443419,GCST90480725
163142245,GCST90475502
93546487,GCST90018978
163368488,GCST90479711
163360796,GCST90479702
62745152,GCST90002351
163157786,GCST90475526
64203656,GCST90002380
163441185,GCST90480723
163159994,GCST90475532
163046505,GCST90475288
93530672,GCST90018968
163367807,GCST90479710
163349039,GCST90479667
87274729,GCST90019518
63829808,GCST90012110
97327694,GCST90104273
36502752,GCST007066
63836632,GCST90012107
35135299,GCST006433
63838863,GCST90012106
191363431,GCST90565843
63826604,GCST90012111
97332232,GCST90104297
63832842,GCST90012109
63835306,GCST90012108
188418404,GCST90471084
35229533,GCST006442
34708092,GCST006571
31579346,GCST005973
31579483,GCST005974
31579365,GCST005973
62507835,GCST90002378
62659304,GCST90002340
62428934,GCST90002355
94078107,GCST90001651
62432980,GCST90002344
130460335,GCST90268498
64082876,GCST90002388
62651272,GCST90002316
188041757,GCST90468068
188064592,GCST90468083
93505893,GCST90018953
191883766,GCST90662906
63942618,GCST90002407
101286204,GCST90002382
64202528,GCST90002381
188083481,GCST90468090
93528908,GCST90018967
90540576,GCST90002393
21430376,GCST004247
102071504,GCST90091137
102071570,GCST90091202
21844375,GCST004609
64401545,GCST90002400
188094601,GCST90468096
87289636,GCST90019509
93513098,GCST90018958
103278271,GCST90245848
62654038,GCST90002322
93085252,GCST90085816
47845665,GCST008839
10079569,GCST002647
103278266,GCST90245848
93207231,GCST90025955
63830858,GCST90012110
93207867,GCST90025958
93207558,GCST90025956
103278231,GCST90245848
134156700,GCST90435412
191363452,GCST90565843
93533106,GCST90018969
217561655,GCST90832990
106267970,GCST90270118
103289175,GCST90245848
34718078,GCST006568
34713656,GCST006569
103278241,GCST90245848
103278246,GCST90245848
164636994,GCST90492734
35967916,GCST006979
104960778,GCST90267284
95023614,GCST90095129
64410457,GCST90002397
102071631,GCST90091160
163363423,GCST90479705
163145816,GCST90475508
163364108,GCST90479706
103597090,GCST90245995
106269780,GCST90270118
47169428,GCST007841
106261540,GCST90270116
188142686,GCST90468178
218087747,GCST90838669
163338789,GCST90479635
163341078,GCST90479636
163336370,GCST90479634
163342836,GCST90479637
163090014,GCST90475364
188418339,GCST90471084
104118916,GCST90255621
36157844,GCST007329
103278251,GCST90245848
191300529,GCST90565837
214308991,GCST90624094
188287353,GCST90469548
191363437,GCST90565843
191363442,GCST90565843
191300535,GCST90565837
191363447,GCST90565843
191300541,GCST90565837
191363426,GCST90565843
188142886,GCST90468178
100876665,GCST90179153
131783115,GCST90310295
100877608,GCST90179154
188247303,GCST90469206
188292982,GCST90469600
136198678,GCST90451657
104177736,GCST90255669
100878965,GCST90179158
193105138,GCST90624747
193104183,GCST90624737
100878155,GCST90179157
193105091,GCST90624746
188335036,GCST90470055
217565508,GCST90832991
218095091,GCST90838671
36481373,GCST007068
35231129,GCST006442
64577424,GCST011011
191300547,GCST90565837
163348493,GCST90479666
163111298,GCST90475432
163323570,GCST90479601
163112302,GCST90475435
106270325,GCST90270118
93500762,GCST90018949
188082576,GCST90468090
90540581,GCST90002393
104959123,GCST90267280
103278236,GCST90245848
103224444,GCST90245845
64401540,GCST90002400
35053316,GCST006426
106268950,GCST90270118
191896252,GCST90662910
93467580,GCST90018729
103278276,GCST90245848
36526518,GCST007080
134160760,GCST90435412
136015907,GCST90309355
106262175,GCST90270116
34702207,GCST006573
103212680,GCST90245843
163396305,GCST90480150
64420766,GCST90002394
90540561,GCST90002393
93931512,GCST90091061
103278226,GCST90245848
165776940,GCST90568658
93085257,GCST90085816
188085813,GCST90468091
64420770,GCST90002394
188083396,GCST90468090
90540566,GCST90002393
101054646,GCST90162547
93470760,GCST90018739
47845453,GCST008839
217565540,GCST90832991
106271465,GCST90270118
103988154,GCST90255357
55714982,GCST009850
55883719,GCST009798
136011943,GCST90309345
36075873,GCST007076
81451456,GCST90014325
61740047,GCST010042
188083781,GCST90468090
64413932,GCST90002396
95032868,GCST90095131
106262180,GCST90270116
36467525,GCST007070
188092699,GCST90468095
188287930,GCST90469549
35737874,GCST007505
61783828,GCST010303
36474557,GCST007065
64202532,GCST90002381
218067516,GCST90838663
188150292,GCST90468183
191888640,GCST90662907
136198684,GCST90451657
64342400,GCST90002402
191854543,GCST90662894
62501785,GCST90002361
218087623,GCST90838669
62747737,GCST90002357
64092764,GCST90002392
164760639,GCST90313676
62086076,GCST010340
24030,GCST000817
64191268,GCST90002385
191867736,GCST90662901
106267405,GCST90270118
138947639,GCST90278647
36055475,GCST007020
106260745,GCST90270116
104865737,GCST90267425
97491763,GCST90105038
97491768,GCST90105038
63923586,GCST90011874
103278256,GCST90245848
103212675,GCST90245843
103219220,GCST90245844
36467517,GCST007070
36467521,GCST007070
95127669,GCST90000025
102071546,GCST90091180
64406560,GCST90002398
63942614,GCST90002407
188184803,GCST90468586
93910753,GCST90091060
95030540,GCST90095130
95292791,GCST90012941
191841256,GCST90662880
93476373,GCST90018758
93473683,GCST90018748
93473501,GCST90018747
62512271,GCST90002352
62511476,GCST90002375
191910653,GCST90624051
191857346,GCST90662896
163152367,GCST90475517
163155032,GCST90475520
163326072,GCST90479604
163327165,GCST90479605
163051631,GCST90475297
163324560,GCST90479602
163053846,GCST90475300
217724333,GCST90837324
101323070,GCST90239649
188170608,GCST90468406
192544992,GCST90624105
215511488,GCST90501184
56280022,GCST010242
101325723,GCST90239652
80057970,GCST006611
106267960,GCST90270118
215509666,GCST90501182
56272930,GCST010241
21755680,GCST004624
100374085,GCST90134621
62749833,GCST90002346
64401535,GCST90002400
216546700,GCST90627749
188044129,GCST90468069
64417674,GCST90002395
188086238,GCST90468091
62498303,GCST90002302
188089322,GCST90468093
64404050,GCST90002399
21793608,GCST004606
21792191,GCST004600
188096546,GCST90468096
64184696,GCST90002387
217724089,GCST90837324
188252169,GCST90469250
64420774,GCST90002394
216548979,GCST90627750
62430980,GCST90002349
21797992,GCST004617
21886203,GCST004623
188042032,GCST90468068
188075790,GCST90468087
63945938,GCST90002406
36474553,GCST007065
101286200,GCST90002382
64187763,GCST90002386
64202524,GCST90002381
218087255,GCST90838669
62515454,GCST90002298
188083896,GCST90468090
90540571,GCST90002393
64191263,GCST90002385
102118376,GCST90243989
102118382,GCST90243989
103941109,GCST90239647
41394725,GCST007565
47228799,GCST007983
98316019,GCST90129627
47457667,GCST008465
143786080,GCST90455643
41395702,GCST007565
162839893,GCST90425468
131632236,GCST90428121
55729955,GCST009871
131614683,GCST90428119
101952290,GCST90179146
119263567,GCST90308590
55249547,GCST009325
24651800,GCST004902
97471918,GCST90105038
104538575,GCST90247968
35225893,GCST006442
164568946,GCST90492678
34709423,GCST006571
34832615,GCST006269
93538922,GCST90018973
93929693,GCST90091061
214362138,GCST90453212
188389068,GCST90470726
191018973,GCST90559264
101952284,GCST90179146
61998624,GCST009777
93908375,GCST90091060
95028039,GCST90095130
97471907,GCST90105038
103237335,GCST90245848
35130930,GCST006433
63784284,GCST010988
119090737,GCST90301650
131614166,GCST90428119
191288120,GCST90565837
21542079,GCST004433
191018967,GCST90559264
188005530,GCST90016613
215542435,GCST90501236
215599190,GCST90501327
215455074,GCST90501097
102525642,GCST90242375
188050382,GCST90468073
215541113,GCST90501234
191869291,GCST90662901
215546461,GCST90501242
93492796,GCST90018945
188034383,GCST90468061
215545199,GCST90501241
96181996,GCST90092952
215544523,GCST90501240
80642274,GCST012232
40882209,GCST007335
106267760,GCST90270118
64399233,GCST90002400
188096606,GCST90468096
64339884,GCST90002402
105734372,GCST90235928
188328905,GCST90469952
188379338,GCST90470626
90708036,GCST90020029
88926087,GCST90000050
41275355,GCST007474
64731933,GCST90012792
217555950,GCST90832990
103944760,GCST90244702
41251050,GCST007468
98425858,GCST90131901
55491302,GCST009524
102087625,GCST90243968
95158344,GCST90095190
17469675,GCST003676
162845359,GCST90426029
215517019,GCST90501190
191885735,GCST90662907
215514196,GCST90501188
56272130,GCST010241
214526520,GCST90726344
95158338,GCST90095190
55717036,GCST009858
215457529,GCST90501102
215543792,GCST90501238
21542074,GCST004433
215537096,GCST90501228
215473150,GCST90501124
94038100,GCST90026371
34942796,GCST006250
25569760,GCST005141
101054211,GCST90162547
90708050,GCST90020029
36472488,GCST007065
90783551,GCST90020024
97471913,GCST90105038
104108896,GCST90255621
164568941,GCST90492678
164572586,GCST90492679
164565451,GCST90492677
131331718,GCST90321120
96077623,GCST90101095
191302205,GCST90565839
100842717,GCST90162152
36095703,GCST007082
27407823,GCST005316
191303672,GCST90565842
34942801,GCST006250
191302605,GCST90565840
55729928,GCST009871
218977213,GCST90832687
55722821,GCST009867
214467726,GCST90432175
104373593,GCST90264174
77341916,GCST011365
117831587,GCST90292604
100282325,GCST90134330
191288114,GCST90565837
189867383,GCST90565742
34719305,GCST006568
35225889,GCST006442
41138309,GCST007841
188389078,GCST90470726
87298550,GCST90019502
188395019,GCST90470824
188328880,GCST90469952
188110332,GCST90468104
87273801,GCST90019518
87266022,GCST90019524
165283323,GCST90565151
165284414,GCST90565159
165284912,GCST90565160
162650795,GCST90449057
165282155,GCST90565147
165282815,GCST90565148
165283819,GCST90565152
90620841,GCST012228
134158101,GCST90435412
191332860,GCST90565843
97471923,GCST90105038
101965723,GCST90179150
191332865,GCST90565843
164568951,GCST90492678
164572591,GCST90492679
55722905,GCST009867
164565456,GCST90492677
191303677,GCST90565842
96083456,GCST90101592
102532795,GCST90243001
191018962,GCST90559264
90612509,GCST012226
214526525,GCST90726344
214362149,GCST90453212
163239140,GCST90476397
100842670,GCST90162152
129339031,GCST90308774
47454166,GCST008549
163435441,GCST90480704
163238819,GCST90476395
64732154,GCST90012794
100831990,GCST90161612
100840301,GCST90162064
131614784,GCST90428119
218073455,GCST90838669
17469631,GCST003676
131622802,GCST90428120
36599372,GCST007094
63922654,GCST90011875
90793639,GCST90020025
34714540,GCST006569
90752653,GCST90020027
101688053,NA
106004680,GCST90271801
63046340,GCST010703
188094561,GCST90468096
34723209,GCST006570
34719310,GCST006568
99813946,GCST90132260
100840547,GCST90162064
100842764,GCST90162152
131331713,GCST90321120
90612514,GCST012226
41138313,GCST007841
98425863,GCST90131901
55492086,GCST009524
165093813,GCST90503485
63922649,GCST90011875
214467719,GCST90432175
15071250,GCST003045
41473506,GCST003044
15078900,GCST003043
55716976,GCST009858
188079597,GCST90468088
47457228,GCST008550
164797123,GCST90315460
164786395,GCST90314930
90612525,GCST012226
136012701,GCST90309346
191332870,GCST90565843
80058302,GCST006611
64200622,GCST90002381
214362144,GCST90453212
214362155,GCST90453212
98313964,GCST90129592
163390746,GCST90480067
189882256,GCST90624572
191900841,GCST90662911
188204136,GCST90468745
188204141,GCST90468745
188204156,GCST90468745
188204166,GCST90468745
188204091,GCST90468745
188204101,GCST90468745
188204081,GCST90468745
62070714,GCST010343
104551896,GCST90248617
102071142,GCST90091152
97471409,GCST90105038
34709326,GCST006571
36095683,GCST007082
34719214,GCST006568
105730839,GCST90235474
34704923,GCST006574
34990240,GCST006287
188204071,GCST90468745
62319029,GCST011427
188204031,GCST90468745
188262394,GCST90469357
188204036,GCST90468745
165791940,GCST90569243
100836981,GCST90161848
34702719,GCST006573
165775942,GCST90568620
41174721,GCST007325
35792544,GCST006988
188204176,GCST90468745
188204061,GCST90468745
188204026,GCST90468745
214353657,GCST90453011
214353663,GCST90453011
214353669,GCST90453011
163405128,GCST90480334
34714470,GCST006569
41175335,GCST007325
131808638,GCST90275760
104522032,GCST90247124
188210138,GCST90468806
165795019,GCST90569274
165796274,GCST90569280
188204041,GCST90468745
214353680,GCST90453011
102505492,GCST90240583
41311531,GCST004988
35794047,GCST007230
93548521,GCST90018979
63151768,GCST006585
103277251,GCST90245848
162655044,GCST90449057
94120748,GCST90086834
104543525,GCST90248208
131340768,GCST90321120
104520020,GCST90247028
47233177,GCST008058
47232140,GCST008064
31585096,GCST005985
97982985,GCST90100220
93476785,GCST90018759
93511244,GCST90018957
41203619,GCST007344
47099824,GCST007876
93518316,GCST90018960
93536919,GCST90018971
62494150,GCST90002308
62427118,GCST90002314
31585481,GCST005984
131722251,GCST90319904
93544378,GCST90018977
62073174,GCST010342
162806701,GCST90421582
188302254,GCST90469701
218411495,GCST90841196
218406113,GCST90841193
191897577,GCST90662910
93983583,GCST90091246
131782994,GCST90310295
131776732,GCST90310294
162649206,GCST90449056
35587152,GCST006628
34691,GCST001937
93928548,GCST90090980
41310892,GCST004988
24725042,GCST004950
103277256,GCST90245848
47230011,GCST008062
62317251,GCST011427
106213383,GCST90274847
93479582,GCST90018799
163316921,GCST90479562
87297719,GCST90019502
87264716,GCST90019525
163311484,GCST90479526
97981851,GCST90100220
191874244,GCST90662903
188114920,GCST90468108
163041751,GCST90475280
97036453,GCST90103634
135011722,GCST90428446
188039705,GCST90468067
135014464,GCST90428447
163310472,GCST90479524
87296201,GCST90019504
163311047,GCST90479525
97037548,GCST90103635
163317654,GCST90479563
191870840,GCST90662902
163034589,GCST90475232
135017525,GCST90428448
163061149,GCST90475338
87293215,GCST90019506
97034505,GCST90103633
97033375,GCST90103632
163032730,GCST90475229
163021355,GCST90475165
143804038,GCST90455669
166018599,GCST90566734
166020674,GCST90566737
41310603,GCST004988
104520005,GCST90247028
94120698,GCST90086834
188350645,GCST90470252
104520010,GCST90247028
92409491,GCST90027052
131341983,GCST90321120
162831377,GCST90424433
165662352,GCST90451693
166016605,GCST90566733
93497838,GCST90018948
55492658,GCST009524
104555553,GCST90248809
34970172,GCST006476
163365987,GCST90479708
64416664,GCST90002395
163152118,GCST90475517
163367016,GCST90479709
134157938,GCST90435412
164570690,GCST90492678
164574134,GCST90492679
164567063,GCST90492677
188268244,GCST90469357
10059903,GCST002539
15059914,GCST003048
38451110,GCST007201
24729702,GCST004946
55291319,GCST009337
100521195,GCST90137540
34970537,GCST006476
102097365,GCST90243980
104961290,GCST90267284
64341270,GCST90002402
188092051,GCST90468095
163356605,GCST90479676
163357761,GCST90479677
163353166,GCST90479673
35230753,GCST006442
163354307,GCST90479674
35966440,GCST006979
62430456,GCST90002349
188364730,GCST90470412
188376741,GCST90470600
188177085,GCST90468492
64075752,GCST90002390
62408173,GCST010545
188071388,GCST90468086
93523756,GCST90018964
188376776,GCST90470600
64091809,GCST90002392
36480293,GCST007068
63157078,GCST006585
63153446,GCST006585
63151616,GCST006585
63148032,GCST006585
63147600,GCST006585
62027781,GCST010546
163421787,GCST90480651
163420199,GCST90480650
134099248,GCST90319321
131787221,GCST90310296
131774730,GCST90310294
36593293,GCST007337
193170313,GCST90442597
162812956,GCST90422317
100841262,GCST90162091
214539750,GCST90570825
163364857,GCST90479707
134158928,GCST90435412
94117253,GCST90090133
102524530,GCST90242274
94169985,GCST90090044
162845576,GCST90426051
188268814,GCST90469357
188235582,GCST90469068
100841280,GCST90162091
188376686,GCST90470600
188411258,GCST90471001
103217240,GCST90245844
102092390,GCST90243968
34716737,GCST006568
35228189,GCST006442
34706462,GCST006571
34970387,GCST006476
31672292,GCST006951
191129543,GCST90627736
191352730,GCST90565843
34721811,GCST006570
191836417,GCST90662868
98440698,GCST90131903
34963129,GCST006946
104583711,GCST90250243
98431503,GCST90131901
216300806,GCST90705072
188072485,GCST90468087
104509710,GCST90246533
218081359,GCST90838669
218624142,GCST90830356
218639687,GCST90830368
218626991,GCST90830357
218622064,GCST90830355
218093627,GCST90838671
218658655,GCST90831268
218659250,GCST90831269
193133609,GCST90437608
95026702,GCST90095129
63426832,GCST010796
63426827,GCST010796
63426822,GCST010796
63426817,GCST010796
63426812,GCST010796
63426807,GCST010796
63426802,GCST010796
63426797,GCST010796
63426792,GCST010796
63426787,GCST010796
63426782,GCST010796
63426777,GCST010796
96081568,GCST90101420
96081573,GCST90101420
103261247,GCST90245848
100044509,GCST90132904
162653532,GCST90449057
93491997,GCST90018944
188415739,GCST90471054
188319262,GCST90469863
100841315,GCST90162091
100545590,GCST90128471
93526444,GCST90018966
36593960,GCST007338
135078928,GCST90449006
36101625,GCST007087
191897197,GCST90662910
163351954,GCST90479672
88922654,GCST012114
62252662,GCST010642
88937481,GCST012111
61684602,GCST010123
63948214,GCST90002405
106035356,GCST90270074
136018347,GCST90309357
62501046,GCST90002361
62746985,GCST90002357
56258691,GCST010017
97484807,GCST90105038
36528490,GCST007084
34967560,GCST006477
34970002,GCST006476
98157589,GCST005232
35338936,GCST006940
62708522,GCST010647
41454766,GCST007709
134119973,GCST90446531
91626972,NA
166020098,GCST90566737
191880832,GCST90662905
191128396,GCST90627735
191129231,GCST90627736
62489784,GCST90002326
62434680,GCST90002338
36525619,GCST007080
104514551,GCST90246771
188172336,GCST90468430
188141751,GCST90468178
62656500,GCST90002334
191889319,GCST90662908
62653462,GCST90002322
162860368,GCST90427604
47233550,GCST008058
47234895,GCST008059
97035189,GCST90103633
191295698,GCST90565837
21965763,GCST004521
214164243,GCST90704952
136813663,GCST90451690
35723537,GCST006803
214358118,GCST90453118
216220788,GCST90383909
216220683,GCST90383906
215399740,GCST90728572
218081435,GCST90838669
93023034,GCST90032674
214527026,GCST90726344
97484813,GCST90105038
45531519,GCST007841
117751246,GCST90281350
117750548,GCST90281345
93532381,GCST90018969
64732198,GCST90012794
94141889,GCST90087537
93489184,GCST90018942
94108490,GCST90088290
104514254,GCST90246760
188065844,GCST90468084
102116982,GCST90243988
102116988,GCST90243988
165014552,GCST90503210
100841292,GCST90162091
62749304,GCST90002346
162857960,GCST90427337
63157082,GCST006585
63153450,GCST006585
63151620,GCST006585
63148036,GCST006585
63147604,GCST006585
63945184,GCST90002406
64187031,GCST90002386
119118856,GCST90301660
93544078,GCST90018977
104560862,GCST90249086
117751017,GCST90281349
166016117,GCST90566733
188411248,GCST90471001
36596003,GCST007340
36594859,GCST007339
36591980,GCST007341
188411253,GCST90471001
188177239,GCST90468494
163355440,GCST90479675
163131410,GCST90475466
163116503,GCST90475442
104527139,GCST90247375
188399648,GCST90470871
214162462,GCST90704949
214497325,GCST90572790
87290813,GCST90019507
93507352,GCST90018954
41470839,GCST007692
62317638,GCST011427
90535953,GCST90013664
90541681,GCST90013663
26565,GCST001784
19236,GCST001248
80735823,GCST90013407
163407825,GCST90480393
119122947,GCST90244094
62498175,GCST90002302
165790965,GCST90569240
191863548,GCST90662899
162814446,GCST90422483
216295230,GCST90705069
216853860,GCST90827895
162843189,GCST90425799
162839438,GCST90425422
162845651,GCST90426055
41471294,GCST007692
131758784,GCST90428730
119123499,GCST90244094
188045546,GCST90468070
36526279,GCST007080
216302200,GCST90705072
119122185,GCST90244094
138940576,GCST90278630
105008871,GCST90246320
64676275,NA
41134469,NA
188125544,GCST90468165
188125749,GCST90468165
104932696,GCST90244098
62312404,GCST011427
165779521,GCST90568771
162813753,GCST90422408
162813824,GCST90422416
162816060,GCST90422658
188269409,GCST90469357
63414167,GCST010796
63414163,GCST010796
63414159,GCST010796
63414155,GCST010796
63414151,GCST010796
63414147,GCST010796
63414143,GCST010796
63414139,GCST010796
63414135,GCST010796
63414131,GCST010796
11546,GCST000189
97486095,GCST90105038
63155987,GCST006585
94123680,GCST90088159
104955610,GCST90267268
100830729,GCST90161565
191900626,GCST90662911
188209587,GCST90468803
188209552,GCST90468803
119263724,GCST90308590
134133747,GCST90446792
134132439,GCST90292538
49910460,GCST009159
95033156,GCST90095131
47757431,GCST008744
93930943,GCST90091061
164770751,GCST90314162
164752019,GCST90313235
105591615,GCST90179267
100830723,GCST90161565
165811295,GCST90569451
165809789,GCST90569450
62179164,GCST010557
164635534,GCST90492734
165314684,GCST90296478
165313478,GCST90296468
188209442,GCST90468803
188209447,GCST90468803
163395745,GCST90480142
216296887,GCST90705070
95030559,GCST90095130
188209542,GCST90468803
188209532,GCST90468803
47469656,GCST008338
80604138,GCST012322
119263357,GCST90308590
165799900,GCST90569317
165813396,GCST90569453
188209512,GCST90468803
62081216,GCST010340
162811323,GCST90422123
30524287,GCST005951
35037531,GCST006368
163309797,GCST90479523
62203489,GCST010555
93496029,GCST90018947
188209437,GCST90468803
188209422,GCST90468803
214364797,GCST90453274
165810896,GCST90569451
165815429,GCST90569455
104521988,GCST90247122
104521983,GCST90247122
100523604,GCST90137706
105962706,GCST90267898
104115471,GCST90255621
42715,GCST002455
119263362,GCST90308590
93910005,GCST90091060
95023937,GCST90095129
188209487,GCST90468803
91778511,GCST90020232
55733657,GCST009871
91782083,GCST90038594
188147945,GCST90468182
163382216,GCST90479911
165314160,GCST90296478
165312853,GCST90296468
188209602,GCST90468803
188209402,GCST90468803
188209407,GCST90468803
191272537,GCST90651287
216889738,GCST90828013
19683308,GCST004203
103990276,GCST90255358
165819733,GCST90569462
94880388,GCST90032639
62070450,GCST010343
165671354,GCST90566348
17678351,GCST003875
17678337,GCST003875
216854337,NA
62071388,NA
62070054,GCST010343
62078258,GCST010340
104865981,GCST90267431
165791711,GCST90569242
103988374,GCST90255357
163388929,GCST90480038
165321162,GCST90296482
165317218,GCST90296472
216441587,GCST90809415
216441424,GCST90809400
131336593,GCST90321120
216809862,GCST90275131
100086855,GCST90133033
35674596,GCST006660
119392756,GCST90295951
119389650,GCST90295949
119391569,GCST90295950
98314365,GCST90129592
98315871,GCST90129627
165262514,GCST90565134
215497407,GCST90501158
215601865,GCST90501330
215602877,GCST90501332
215604530,GCST90501336
215550283,GCST90501251
215587771,GCST90501306
215606343,GCST90501338
215470516,GCST90501119
215603779,GCST90501334
191361524,GCST90565843
62492382,GCST90002320
103275424,GCST90245848
93500572,GCST90018949
188151999,GCST90468184
106270040,GCST90270118
188121342,GCST90468159
90800097,GCST90020025
35586844,GCST006629
90759874,GCST90020027
214079826,GCST90693212
93521084,GCST90018962
192540312,GCST90624103
138524803,GCST90444202
136017266,GCST90309355
90800088,GCST90020025
47846049,GCST008839
103224209,GCST90245845
214363631,GCST90453245
215454148,GCST90501096
93509470,GCST90018956
163329059,GCST90479625
163380417,GCST90479885
163298910,GCST90479500
214365904,GCST90453300
134157560,GCST90435412
36486837,GCST007067
88182702,GCST011991
192896394,GCST90128425
44510724,GCST007847
47381602,GCST008994
64719135,GCST90013693
62194612,GCST010553
165261561,GCST90565134
133850531,GCST90301949
93486720,GCST90018926
103275429,GCST90245848
163340973,GCST90479636
41309053,GCST004988
56246099,GCST009963
97198546,GCST90003784
165702649,GCST90000616
134454930,GCST90448682
188165905,GCST90468322
214154508,GCST90667550
93470640,GCST90018739
217561268,GCST90832990
214365932,GCST90453300
166117529,GCST90483487
56279355,GCST010242
93546347,GCST90018978
101957263,GCST90179147
188033838,GCST90468061
56272286,GCST010241
218086555,GCST90838669
62655048,GCST90002328
166069795,GCST90551873
191268569,GCST90651113
131330513,GCST90321120
131330518,GCST90321120
188048907,GCST90468073
90800083,GCST90020025
90759859,GCST90020027
90800093,GCST90020025
90788125,GCST90020024
90759870,GCST90020027
103594286,GCST90246234
90788121,GCST90020024
90759865,GCST90020027
163319215,GCST90479581
163036304,GCST90475254
105872230,GCST90269792
87268691,GCST90019523
47383256,GCST008997
192544746,GCST90624105
191361518,GCST90565843
103218930,GCST90245844
55720086,GCST009858
47089707,GCST007841
191299606,GCST90565837
215566178,GCST90501274
189842195,GCST90454485
162973946,GCST90482706
97198522,GCST90003783
215571964,GCST90501285
102113064,GCST90243985
97490121,GCST90105038
104374931,GCST90264174
216853878,GCST90827895
63922333,GCST90011875
34697176,GCST006572
36159346,GCST007327
41252857,GCST007468
34702055,GCST006573
34713413,GCST006569
34722384,GCST006570
102094501,GCST90243968
101322811,GCST90239649
64699350,GCST011348
163402360,GCST90480281
20815,GCST001413
163415773,GCST90480567
188222721,GCST90468905
104117897,GCST90255621
214164654,GCST90704952
163417100,GCST90480596
165821991,GCST90569498
165822772,GCST90569504
127958154,GCST90295923
192548215,GCST90624107
138234456,GCST90444487
138234450,GCST90444487
131610599,GCST90428117
63785754,GCST010988
101971253,GCST90179150
119088534,GCST90301650
36061778,GCST007039
55734883,GCST009871
93496429,GCST90018947
131328176,GCST90321119
214163063,GCST90704949
218085711,GCST90838669
97490127,GCST90105038
192548265,GCST90624107
104117892,GCST90255621
138725219,GCST90446645
15005869,GCST002957
214164647,GCST90704952
214163056,GCST90704949
162849383,GCST90426426
104117886,GCST90255621
34717695,GCST006568
34707694,GCST006571
189867075,GCST90565740
189868082,GCST90565742
55734796,GCST009871
191853783,GCST90662894
90725161,GCST90020028
47504221,GCST008413
47504213,GCST008413
103238600,GCST90245848
41158,GCST002301
216890572,GCST90828013
62081006,GCST010340
62429753,GCST90002349
103238610,GCST90245848
62283975,GCST010478
163406663,GCST90480367
62080364,GCST010340
88193464,GCST012490
131344868,GCST90321120
93466049,GCST90018726
103238605,GCST90245848
217556112,GCST90832990
62318011,GCST011427
62316937,GCST011427
62308259,GCST011427
47497041,GCST008413
47497031,GCST008413
189935898,GCST90502056
62074242,GCST010341
34702215,GCST006573
188212695,GCST90468827
97491920,GCST90105038
119085589,GCST90301649
47233626,GCST008058
97984245,GCST90100220
105993539,GCST90271780
105993496,GCST90271779
105993333,GCST90271777
47384116,GCST008996
188148822,GCST90468183
163263115,GCST90476460
163275299,GCST90476469
63785928,GCST010988
93500742,GCST90018949
62203633,GCST010555
188123301,GCST90468161
131625969,GCST90428121
188150694,GCST90468184
62180333,GCST010557
188146751,GCST90468180
136009638,GCST90309342
163447610,GCST90480729
188136459,GCST90468175
188135498,GCST90468174
163272889,GCST90476466
131613479,GCST90428119
188128949,GCST90468170
93496634,GCST90018947
188120632,GCST90468159
163268559,GCST90476463
63770909,GCST011461
63770883,GCST011461
104955154,GCST90267268
36088529,GCST007078
36860,GCST002231
190094206,GCST90502671
190102266,GCST90502723
88924841,GCST90000514
63152716,GCST006585
94128136,GCST90087917
55735499,GCST009871
188212705,GCST90468827
104119013,GCST90255621
101971948,GCST90179150
104119007,GCST90255621
55735536,GCST009871
165298858,GCST90565218
47429923,GCST008295
45600350,GCST007922
188130761,GCST90468171
188134180,GCST90468173
188212675,GCST90468827
188212685,GCST90468827
43174369,GCST007839
47790258,GCST008832
119088952,GCST90301650
36062090,GCST007039
217554330,GCST90832989
131630675,GCST90428121
165813243,GCST90569453
62017566,GCST010320
188258607,GCST90469321
62018530,GCST010321
164793963,GCST90315306
87275848,GCST90019516
188212755,GCST90468827
188313824,GCST90469801
188313859,GCST90469801
188313869,GCST90469801
63370092,GCST90011998
100644184,GCST90140994
190052035,GCST90502437
190065586,GCST90502515
190084456,GCST90502619
164771219,GCST90314190
164771195,GCST90314188
214131154,GCST90693319
103278991,GCST90245848
103278986,GCST90245848
103278996,GCST90245848
192548523,GCST90624107
49136170,GCST009001
103278981,GCST90245848
16760,GCST000880
10065128,GCST002541
136020394,GCST90309365
163403170,GCST90480294
163055230,GCST90475320
163055253,GCST90475321
217561763,GCST90832990
104521944,GCST90247120
30524964,GCST005951
163445977,GCST90480727
163444719,GCST90480726
21715715,GCST004558
21715174,GCST004558
16471897,GCST003435
21705508,GCST004557
21705180,GCST004557
138725598,GCST90446645
163447035,GCST90480728
47757737,GCST008744
165684477,GCST90455657
104522925,GCST90247163
131336508,GCST90321120
163328352,GCST90479620
131336833,GCST90321120
218062582,GCST90824108
101336157,GCST90239664
101333746,GCST90239661
15788890,GCST003740
162768236,GCST90258657
162768102,GCST90258656
101971943,GCST90179150
164637044,GCST90492734
191906565,GCST90662912
214131644,GCST90693324
101162661,GCST90139842
163309286,GCST90479522
163308385,GCST90479521
163310000,GCST90479523
163385072,GCST90479952
134166858,GCST90435413
188330467,GCST90469983
49133738,GCST009003
55735550,GCST009871
49128319,GCST009004
214309361,GCST90624094
94125503,GCST90090009
217752468,GCST90837551
188212690,GCST90468827
217750754,GCST90837544
104521939,GCST90247120
217751809,GCST90837546
188132443,GCST90468172
103205806,GCST90245894
218087451,GCST90838669
132629128,GCST90432131
103205937,GCST90245895
163403073,GCST90480290
163194914,GCST90476047
163403100,GCST90480291
163194732,GCST90476045
103205601,GCST90245892
100644178,GCST90140994
163194958,GCST90476048
163328327,GCST90479619
163194831,GCST90476046
132629142,GCST90432132
100644173,GCST90140994
162830777,GCST90424356
162815404,GCST90422583
64668743,GCST011122
188119790,GCST90468158
188122409,GCST90468160
188118873,GCST90468157
188147980,GCST90468182
131330758,GCST90321120
102113881,GCST90243985
55735541,GCST009871
55735546,GCST009871
131336848,GCST90321120
214308976,GCST90624094
88925043,GCST90000515
104119002,GCST90255621
138235243,GCST90444487
104957636,GCST90267278
36508574,GCST007069
98315811,GCST90129627
189882397,GCST90624575
36603837,GCST007096
36601397,GCST007099
131342583,GCST90321120
162647640,GCST90449056
93538193,GCST90018972
98314132,GCST90129592
214311236,GCST90624094
34963134,GCST006946
104965852,GCST90267305
93534465,GCST90018970
98157665,GCST005232
134091917,GCST90446215
191369884,GCST90565844
165661755,GCST90451692
135010908,GCST90428446
135013798,GCST90428447
40931542,GCST007269
119452280,GCST90310211
119450655,GCST90310210
45531523,GCST007841
191295703,GCST90565837
218647551,GCST90830912
218654300,GCST90830930
218604776,GCST90829999
218620557,GCST90830017
218658659,GCST90831268
218659254,GCST90831269
218637118,GCST90830363
218624154,GCST90830356
218639703,GCST90830368
218627003,GCST90830357
218622076,GCST90830355
35339606,GCST006940
95987610,GCST90100570
55725437,GCST009867
64732961,GCST012090
88937827,GCST012088
131084950,GCST90328131
55491910,GCST009524
93548011,GCST90018979
165815329,GCST90569455
214165866,GCST90704953
100041595,GCST90132903
163448523,GCST90480756
100544607,GCST90128471
97060224,GCST90103929
101661552,GCST90239706
41136244,GCST007342
90520331,GCST90020227
88935967,GCST90020093
119954925,GCST90319327
31672297,GCST006951
34701603,GCST006573
34712785,GCST006569
100841268,GCST90162091
100383366,GCST90134625
191870210,GCST90662902
100841304,GCST90162091
100086030,GCST90133008
163426665,GCST90480665
163427486,GCST90480666
93062532,GCST90056174
130448638,GCST90320053
55592662,GCST009600
163388591,GCST90480030
214527032,GCST90726344
214527037,GCST90726344
34963139,GCST006946
192543578,GCST90624105
34704117,GCST006574
218082239,GCST90838669
78852960,GCST90014130
99812642,GCST90132260
130945946,GCST90302765
165132259,GCST90455726
131607803,GCST90044773
191852928,GCST90662894
35737892,GCST007505
131086717,GCST90328134
103232960,GCST90245848
163164199,GCST90475578
36099127,GCST007086
93485440,GCST90018921
131085758,GCST90328132
36523614,GCST007080
47741610,GCST008871
119125308,GCST90244095
163164067,GCST90475577
64745184,GCST90013410
163373274,GCST90479794
61991253,GCST90000654
47742144,GCST008870
97179329,GCST90103971
61783644,GCST010303
163163822,GCST90475575
165192687,GCST90310136
36075459,GCST007076
61783465,GCST010304
92410501,GCST90027058
102818666,GCST90137411
102819029,GCST90137412
41441401,GCST007713
165702928,GCST90000618
134455068,GCST90448682
36472184,GCST007065
64200349,GCST90002381
41137469,GCST007841
97024905,GCST004142
14892738,GCST003061
62514170,GCST90002298
104868649,GCST90267532
191316757,GCST90565843
93504708,GCST90018953
30827909,GCST005897
191343468,GCST90565843
41171301,GCST007841
163398819,GCST90480199
63049205,GCST010700
95125307,GCST90000025
103247216,GCST90245848
164633119,GCST90492734
97852658,GCST90024303
103225771,GCST90245846
103247186,GCST90245848
34991556,GCST006287
103247191,GCST90245848
103247201,GCST90245848
188392136,GCST90470785
134158793,GCST90435412
191343463,GCST90565843
41171297,GCST007841
217629729,GCST90833051
63839319,GCST90012104
101058630,GCST90179477
105613115,GCST90270397
62746429,GCST90002357
34996676,GCST006412
191901076,GCST90662911
93469765,GCST90018739
47844702,GCST008839
62500404,GCST90002361
103247206,GCST90245848
103247221,GCST90245848
103285291,GCST90245848
103285296,GCST90245848
62299585,GCST011382
191343458,GCST90565843
188140406,GCST90468178
188262134,GCST90469357
216854631,GCST90827895
166099011,GCST90572711
36499901,GCST007066
35131661,GCST006433
35965090,GCST006979
44310,GCST002563
93514707,GCST90018959
191886270,GCST90662907
97857076,GCST90024447
103247196,GCST90245848
103221859,GCST90245845
119763670,GCST90245158
103247211,GCST90245848
102454270,GCST90102922
191845008,GCST90662886
188266889,GCST90469357
188133293,GCST90468172
62310738,GCST011427
80605720,GCST011568
25832,GCST001712
163414074,GCST90480527
62311594,GCST011427
188264659,GCST90469357
93910176,GCST90091060
95030104,GCST90095130
138233138,GCST90444487
214533733,GCST90011733
95024198,GCST90095129
34722061,GCST006570
104116026,GCST90255621
80636898,GCST012397
80636918,GCST012396
62082944,GCST010340
104572732,GCST90249686
101690375,GCST90239729
136198720,GCST90451657
118862109,GCST90274713
88192847,GCST012490
102111456,GCST90243985
10093810,GCST002762
10093795,GCST002762
34701819,GCST006573
34713032,GCST006569
36056252,GCST007020
34704234,GCST006574
36043755,GCST007038
165026533,GCST90461907
62079182,GCST010340
62319300,GCST011427
216889816,GCST90828013
217455512,GCST90832185
61690874,GCST010002
62088244,GCST010378
218410686,GCST90841196
218407292,GCST90841193
15442,GCST000700
17915830,GCST004137
17915431,GCST004137
97486930,GCST90105038
35228613,GCST006442
103267629,GCST90245848
62078198,GCST010340
35230869,GCST006442
34706965,GCST006571
102111450,GCST90243985
102120922,GCST90243989
55271732,GCST009412
55688894,GCST009724
98313553,GCST90129592
55271446,GCST009404
55689430,GCST009723
98315188,GCST90129627
131340803,GCST90321120
34717133,GCST006568
191277994,GCST90651722
188369217,GCST90470508
188369227,GCST90470508
188369242,GCST90470508
168923051,GCST90503881
188212792,GCST90468828
188369202,GCST90470508
102528519,GCST90242633
214516785,GCST90428938
165796929,GCST90569293
104563177,GCST90249206
62078240,GCST010340
163385222,GCST90479953
104563167,GCST90249206
164803919,GCST90315813
164803439,GCST90315784
164799183,GCST90315571
47657454,GCST008478
36057729,GCST007020
103289645,GCST90245848
100845280,GCST90162298
105593626,GCST90179410
94182224,GCST90088927
189881819,GCST90624559
64733300,GCST012089
188005685,GCST90016618
191906220,GCST90662912
102090718,GCST90243968
90812158,GCST012227
216281752,GCST90246230
191887780,GCST90662907
41174107,GCST007325
100345675,GCST90134530
100086095,GCST90133008
97480469,GCST90105038
165014302,GCST90503210
103252242,GCST90245848
103226031,GCST90245846
191848625,GCST90662892
47266235,GCST008045
191856462,GCST90662895
100522149,GCST90137606
63784914,GCST010988
103252247,GCST90245848
88936693,GCST90020095
55288976,GCST009336
63048277,GCST010701
63047014,GCST010703
106035385,GCST90270074
138230666,GCST90444487
191844903,GCST90662886
216299123,GCST90705071
101321556,GCST90239649
101344489,GCST90239674
117711385,GCST90292529
101327258,GCST90239655
101342343,GCST90239673
90710394,GCST90020029
103252232,GCST90245848
188361464,GCST90470374
188361469,GCST90470374
164566626,GCST90492677
101792250,GCST90239829
55724482,GCST009867
188031691,GCST90468060
101328739,GCST90239656
102227506,GCST90244008
188009251,GCST90570703
188006926,GCST90570653
63155963,GCST006585
62320021,GCST011427
93930390,GCST90091061
103252262,GCST90245848
188057392,GCST90468078
93514812,GCST90018959
188130861,GCST90468171
103215985,GCST90245844
163342030,GCST90479637
36603399,GCST007096
215102007,GCST90702452
90539218,GCST90002393
134159015,GCST90435412
191347078,GCST90565843
217558052,GCST90832990
41172277,GCST007841
188142126,GCST90468178
93373177,GCST90019511
191901356,GCST90662911
218092695,GCST90838671
80734224,GCST90013406
218409467,GCST90841196
218406244,GCST90841193
47738255,GCST008676
117710496,GCST90292527
47144144,GCST008078
47141725,GCST008079
47141457,GCST008079
47731387,GCST008691
47731379,GCST008691
47728250,GCST008687
164573713,GCST90492679
63923971,GCST90011874
95022277,GCST90095129
90710390,GCST90020029
90786043,GCST90020024
191347073,GCST90565843
138946501,GCST90278644
94179614,GCST90088204
36060318,GCST007039
103252237,GCST90245848
10059868,GCST002539
15059656,GCST003048
21965873,GCST004521
38450949,GCST007201
38450447,GCST007201
47451143,GCST008459
35723415,GCST006803
24729794,GCST004946
34711289,GCST006571
104112799,GCST90255621
191667075,GCST90296036
191667042,GCST90296035
102524811,GCST90242297
35227465,GCST006442
93469820,GCST90018739
47845024,GCST008839
131335278,GCST90321120
55724487,GCST009867
191857451,GCST90662896
55724477,GCST009867
101323451,GCST90239650
93909290,GCST90091060
101688653,GCST90239729
95027766,GCST90095130
95291662,GCST90012884
61690168,GCST010002
163337712,GCST90479635
163340053,GCST90479636
163335256,GCST90479634
191274169,GCST90651421
36156954,GCST007324
98440088,GCST90131903
35339206,GCST006940
47109240,GCST007988
47107910,GCST007988
131815315,GCST90428866
98429797,GCST90131901
188134946,GCST90468173
90613847,GCST012226
95033631,GCST90095131
165015232,GCST90503211
62253499,GCST010640
55592544,GCST009600
55291169,GCST009337
47702365,GCST008595
95158663,GCST90095190
17471290,GCST003676
100543949,GCST90128471
93030191,GCST90034521
192547183,GCST90624107
101968033,GCST90179150
119092082,GCST90301650
55731943,GCST009871
49131044,GCST009004
217563869,GCST90832991
100545353,GCST90128471
103252257,GCST90245848
103252267,GCST90245848
103252252,GCST90245848
93488854,GCST90018942
103222279,GCST90245845
35227469,GCST006442
164570222,GCST90492678
95987405,GCST90100570
138723571,GCST90446645
104562614,GCST90249177
163106515,GCST90475415
163345550,GCST90479660
163438460,GCST90480716
163245512,GCST90476426
163105880,GCST90475411
163438026,GCST90480715
163243742,GCST90476419
163107195,GCST90475419
163345903,GCST90479661
163244636,GCST90476423
163437529,GCST90480714
163346225,GCST90479662
136018241,GCST90309355
34995234,GCST006287
104868320,GCST90267519
163404137,GCST90480317
106374030,GCST90239821
63833279,GCST90012109
63835383,GCST90012108
165815967,GCST90569455
119259088,GCST90301393
62313892,GCST011427
47741806,GCST008871
103280606,GCST90245848
103280611,GCST90245848
103280616,GCST90245848
188306208,GCST90469743
92913016,GCST90026526
63830214,GCST90012110
63827543,GCST90012111
64092984,GCST90002392
36051889,GCST007037
88192681,GCST012490
191277668,GCST90651697
47499245,GCST008413
165135880,GCST90528065
47109443,GCST007988
47384978,GCST008996
24651727,GCST004902
163377981,GCST90479865
163393004,GCST90480103
99812539,GCST90132260
102071157,GCST90091152
103261842,GCST90245848
131347010,GCST90321121
62088302,GCST010378
62314829,GCST011427
21608027,GCST004490
189866759,GCST90565739
24956451,GCST005083
131347295,GCST90321121
88194098,GCST012490
101969494,GCST90179150
34712823,GCST006569
163307399,GCST90479520
163307158,GCST90479519
163306779,GCST90479518
131347550,GCST90321121
191353349,GCST90565843
63049634,GCST010702
98440788,GCST90131903
63785288,GCST010988
97485085,GCST90105038
104115066,GCST90255621
138232488,GCST90444487
131346925,GCST90321121
101687898,GCST90239729
62082254,GCST010340
134165329,GCST90435413
163411792,GCST90480477
93038688,GCST90061435
102092507,GCST90243968
38451120,GCST007201
188267139,GCST90469357
163401482,GCST90480259
191894782,GCST90662910
218410261,GCST90841196
218404963,GCST90841193
218410266,GCST90841196
218410271,GCST90841196
218410275,GCST90841196
218404154,GCST90841193
218410280,GCST90841196
12973639,GCST003125
15759269,GCST003124
103991281,GCST90255358
119263713,GCST90308590
218404258,GCST90841193
192547697,GCST90624107
101969488,GCST90179150
104115060,GCST90255621
49129834,GCST009004
138232482,GCST90444487
131617471,GCST90428119
138724295,GCST90446645
53689835,GCST009518
53688006,GCST009518
15728604,GCST002487
163415429,GCST90480558
88929353,GCST90000046
102071789,GCST90091156
10082646,GCST002756
191353343,GCST90565843
131348725,GCST90321121
21920,GCST001500
106049610,GCST90272881
137798775,GCST90432154
93499922,GCST90018949
35301666,GCST006606
55249709,GCST009325
20830,GCST001414
217553288,GCST90832989
97485068,GCST90105038
191910216,GCST90624050
63046252,GCST010703
98431690,GCST90131901
16014313,GCST003264
131348835,GCST90321121
35228249,GCST006442
34706521,GCST006571
102110259,GCST90243985
80604855,GCST011567
100083068,GCST90132977
131758337,GCST90428730
188005888,GCST90016619
217553246,GCST90832989
55675591,GCST009668
24553003,GCST004900
217455446,GCST90832185
34602993,GCST006290
34603740,GCST006291
61690635,GCST010002
62088011,GCST010378
17944584,GCST003997
136019387,GCST90309361
218082275,GCST90838669
99812067,GCST90132260
53689682,GCST009518
103287201,GCST90245848
36088069,GCST007078
94882423,GCST90094983
55975762,GCST010135
55975045,GCST010140
119087398,GCST90301650
49136799,GCST009001
36060954,GCST007039
55733162,GCST009871
119087404,GCST90301650
34701623,GCST006573
93495924,GCST90018947
103261847,GCST90245848
100084575,GCST90132993
104955848,GCST90267268
64731858,GCST90012792
138232477,GCST90444487
191906075,GCST90662912
191273749,GCST90651389
102110265,GCST90243985
53687896,GCST009518
62082098,GCST010340
98431684,GCST90131901
97485074,GCST90105038
97485079,GCST90105038
34716786,GCST006568
34716791,GCST006568
62082242,GCST010340
62069487,GCST010343
88192165,GCST012490
131347605,GCST90321121
163418489,GCST90480634
131348610,GCST90321121
55733132,GCST009871
61744056,GCST010049
191894962,GCST90662910
191904135,GCST90662912
62931580,GCST011407
216862669,GCST90827928
62490250,GCST90002326
62435210,GCST90002338
14940015,GCST003448
103276951,GCST90245848
103276956,GCST90245848
93026719,GCST90058972
100372773,GCST90134620
62083826,GCST010340
102113451,GCST90243985
35322195,GCST006522
64076661,GCST90002390
188079482,GCST90468088
64410366,GCST90002397
64413855,GCST90002396
41252975,GCST007468
188085658,GCST90468091
62659241,GCST90002340
62432921,GCST90002344
106251477,GCST90244308
103219085,GCST90245844
102094841,GCST90243968
101119157,GCST90132225
101117664,GCST90132222
166118694,GCST90483497
62653986,GCST90002322
188266254,GCST90469357
63822761,GCST90012114
63825244,GCST90012112
62082584,GCST010340
100214284,GCST90134192
64410376,GCST90002397
64413864,GCST90002396
64413860,GCST90002396
19538385,GCST003993
87264861,GCST90019525
188115210,GCST90468108
93497843,GCST90018948
36517096,GCST007075
64092698,GCST90002392
165800764,GCST90569321
10065120,GCST002541
192544890,GCST90624105
36088466,GCST007078
93526969,GCST90018966
62657030,GCST90002334
64092702,GCST90002392
163415889,GCST90480569
216825694,GCST90827800
216863543,GCST90827928
163363397,GCST90479705
218094955,GCST90838671
163145558,GCST90475508
64420716,GCST90002394
163053571,GCST90475300
218086935,GCST90838669
93528848,GCST90018967
90540491,GCST90002393
163148133,GCST90475511
218087027,GCST90838669
165776434,GCST90568643
102113445,GCST90243985
64410371,GCST90002397
41274361,GCST007385
106207798,GCST90276149
103276946,GCST90245848
117666238,GCST90292477
117665291,GCST90292476
117662005,GCST90000061
62428884,GCST90002355
117662950,GCST90000062
96780573,GCST90102517
64406479,GCST90002398
131724209,GCST90319906
188114098,GCST90468107
62745093,GCST90002351
119335193,GCST90100568
188031976,GCST90468060
131722240,GCST90319904
93544383,GCST90018977
80733857,GCST90013406
117828787,GCST90012088
47169272,GCST007841
103991411,GCST90255358
104176833,GCST90129505
101330864,GCST90239658
101398389,GCST90239693
100735650,GCST90054779
166116126,GCST90483486
163414287,GCST90480531
163417118,GCST90480596
165815605,GCST90569455
188232270,GCST90469032
100580820,GCST90026878
35673539,GCST006660
34989910,GCST006287
35225417,GCST006442
34708912,GCST006571
62077297,GCST010339
95986890,GCST90100570
36049960,GCST007037
131340203,GCST90321120
34708917,GCST006571
97469319,GCST90105038
103234410,GCST90245848
188232280,GCST90469032
102102600,GCST90243985
188232290,GCST90469032
188232190,GCST90469032
188232185,GCST90469032
47196271,GCST008099
104867707,GCST90267519
136463464,GCST90451679
165778270,GCST90568713
27407566,GCST005316
188232220,GCST90469032
47461846,GCST008339
102262404,GCST90205225
62083628,GCST010340
34718850,GCST006568
97469313,GCST90105038
102102594,GCST90243985
41250862,GCST007468
102086879,GCST90243968
104959310,GCST90267281
188232195,GCST90469032
188232285,GCST90469032
188232205,GCST90469032
188232200,GCST90469032
188232210,GCST90469032
188232180,GCST90469032
218090779,GCST90838671
218090783,GCST90838671
62307251,GCST011427
34943685,GCST006431
188232165,GCST90469032
188232170,GCST90469032
188232175,GCST90469032
97469296,GCST90105038
97469302,GCST90105038
94878194,GCST90032487
97853298,GCST90024333
188232230,GCST90469032
188232225,GCST90469032
188232235,GCST90469032
163406062,GCST90480355
165803277,GCST90569373
165806210,GCST90569393
191303544,GCST90565842
102108677,GCST90243985
98440331,GCST90131903
98430513,GCST90131901
131343723,GCST90321120
34832901,GCST006269
34943331,GCST006250
100283432,GCST90134330
102108667,GCST90243985
97482361,GCST90105038
162582764,GCST90472772
97482349,GCST90105038
97482355,GCST90105038
102108661,GCST90243985
34721005,GCST006568
34703541,GCST006573
35227761,GCST006442
34711630,GCST006571
34715723,GCST006569
34831808,GCST006269
15000118,GCST002956
98440326,GCST90131903
88922626,GCST012114
34967765,GCST006477
101661468,GCST90239706
41136199,GCST007342
106216657,GCST90277988
101044635,GCST90058037
36594638,GCST007338
62708502,GCST010647
36596854,GCST007340
131084532,GCST90328131
36595835,GCST007339
36592949,GCST007341
119956029,GCST90319327
36593485,GCST007337
34832264,GCST006269
98430518,GCST90131901
34967550,GCST006477
98440320,GCST90131903
98430501,GCST90131901
102108683,GCST90243985
98382198,GCST90094791
91265969,GCST90026598
214162172,GCST90704949
214165722,GCST90704953
214162179,GCST90704949
191271865,GCST90651231
216550518,GCST90627764
34833229,GCST006269
93909507,GCST90091060
164570409,GCST90492678
164573883,GCST90492679
164566814,GCST90492677
36051022,GCST007037
41230624,GCST007387
34942471,GCST006250
97482343,GCST90105038
35227757,GCST006442
34832541,GCST006269
63100795,GCST90011298
41247839,GCST007462
102108672,GCST90243985
41275923,GCST007474
41252004,GCST007468
102091346,GCST90243968
36528418,GCST007084
34969957,GCST006476
62252630,GCST010642
35338856,GCST006940
35338314,GCST006945
61684582,GCST010123
95035048,GCST90095131
98383818,GCST90094833
35227765,GCST006442
34711639,GCST006571
191304463,GCST90565842
34941486,GCST006250
63923098,GCST90011875
218978289,GCST90832687
34696914,GCST006572
100283437,GCST90134330
93038299,GCST90061435
191905190,GCST90662912
163379337,GCST90479880
165805995,GCST90569390
34833558,GCST006269
97482366,GCST90105038
27408689,GCST005316
164570414,GCST90492678
164573888,GCST90492679
164566819,GCST90492677
100083897,GCST90132984
34831714,GCST006269
34943336,GCST006250
100283442,GCST90134330
97482372,GCST90105038
97482377,GCST90105038
34721009,GCST006568
34711635,GCST006571
97482383,GCST90105038
36594643,GCST007338
36596858,GCST007340
36595839,GCST007339
162783811,GCST90446169
102091341,GCST90243968
98430496,GCST90131901
98436888,GCST90131902
98430507,GCST90131901
98436893,GCST90131902
103255727,GCST90245848
41249102,GCST007472
88191843,GCST012490
98430490,GCST90131901
34724158,GCST006570
34832356,GCST006269
34705526,GCST006574
34942466,GCST006250
106035916,GCST90270074
100283427,GCST90134330
163418483,GCST90480634
62310854,GCST011427
105594266,GCST90179457
134235268,GCST90277674
138946214,GCST90278642
101960734,GCST90179148
105594271,GCST90179457
64342425,GCST90002402
104578353,GCST90249964
54190140,GCST009240
104578368,GCST90249964
188154762,GCST90468203
138939552,GCST90278625
35293964,GCST006536
104534117,GCST90247740
94097929,GCST90088282
214313326,GCST90624094
93474909,GCST90018751
104515582,GCST90246819
36481414,GCST007068
131783165,GCST90310295
131776979,GCST90310294
162649410,GCST90449056
100044338,GCST90132904
162655202,GCST90449057
191843012,GCST90662883
45606718,GCST007929
131788998,GCST90310296
27286792,GCST006229
93550629,GCST90018986
62271651,GCST011141
131783170,GCST90310295
134074705,GCST90335168
188124760,GCST90468163
93467881,GCST90018732
36102641,GCST007087
164674319,GCST90301696
131776984,GCST90310294
27289717,GCST006231
214498258,GCST90572791
216546748,GCST90627749
93475141,GCST90018752
55532440,GCST009685
162649415,GCST90449056
93471693,GCST90018743
134168906,GCST90435414
136012211,GCST90309346
134075100,GCST90335169
98158980,GCST006020
45604772,GCST007928
164674144,GCST90301695
216442313,GCST90244601
188146229,GCST90468179
134072729,GCST90335162
27286171,GCST006228
93504334,GCST90018952
104844874,GCST90101829
217723697,GCST90837324
164674895,GCST90301700
101978228,GCST90132314
191892618,GCST90662909
100039602,GCST90132903
36603110,GCST007096
36600624,GCST007099
36598540,GCST007094
164674423,GCST90301697
165388308,GCST90454232
33507161,GCST006023
40933005,GCST007267
105702884,GCST90271317
191889824,GCST90662908
93538603,GCST90018972
134073470,GCST90335164
103156419,GCST90245819
27286472,GCST006227
45605636,GCST007927
164674826,GCST90301699
100042337,GCST90132904
188117209,GCST90468135
93552022,GCST90018988
162655207,GCST90449057
93522512,GCST90018963
98159182,GCST006021
191684833,GCST90624412
134073109,GCST90335163
164674592,GCST90301698
134120319,GCST90446531
134171586,GCST90435415
105702806,GCST90271316
93551188,GCST90018987
191681098,GCST90624411
216442197,GCST90244599
36519526,GCST007072
45608194,GCST007930
93550245,GCST90018985
106051005,GCST90269904
93534910,GCST90018970
134073852,GCST90335165
191909745,GCST90624049
134235263,GCST90277674
162649421,GCST90449056
62747754,GCST90002357
134168890,GCST90435414
134171565,GCST90435415
19142973,GCST004279
162655213,GCST90449057
162655219,GCST90449057
188154832,GCST90468203
188154792,GCST90468203
131783175,GCST90310295
27199675,GCST006258
131776989,GCST90310294
100833609,GCST90161683
64076767,GCST90002390
64092806,GCST90002392
218087399,GCST90838669
163420619,GCST90480650
163422317,GCST90480651
163207336,GCST90476296
17369247,GCST003563
101369073,GCST90239615
101369301,GCST90239616
101369853,GCST90239619
104578363,GCST90249964
102532439,GCST90242973
162841899,GCST90425665
93533071,GCST90018969
131783160,GCST90310295
131776974,GCST90310294
162649405,GCST90449056
100043935,GCST90132904
162655197,GCST90449057
163423777,GCST90480652
62501803,GCST90002361
132498253,GCST90429697
191874154,GCST90662903
191877083,GCST90662904
103266459,GCST90245848
96223896,GCST90092830
134134160,GCST90446793
191355137,GCST90565843
34993682,GCST006287
62071743,GCST010343
134133763,GCST90446792
103287641,GCST90245848
93910097,GCST90091060
103266454,GCST90245848
95025021,GCST90095129
95294285,GCST90013083
95029086,GCST90095130
17416732,GCST003798
93515807,GCST90018959
133270357,GCST90316496
163168540,GCST90475647
217724409,GCST90837324
163169112,GCST90475653
163378707,GCST90479870
163378390,GCST90479869
15743343,GCST003786
62320670,GCST010653
118817733,GCST90296333
36525849,GCST007080
131781804,GCST90310295
162653969,GCST90449057
35585196,GCST006630
218083015,GCST90838669
134161736,GCST90435412
191355131,GCST90565843
136017661,GCST90309355
217559969,GCST90832990
45532176,GCST007841
188144076,GCST90468178
191296837,GCST90565837
214496524,GCST90572789
216546182,GCST90627749
62320665,GCST010653
134099273,GCST90319321
188409744,GCST90470974
216548554,GCST90627750
118817728,GCST90296333
104512941,GCST90246696
62085452,GCST010340
62068496,GCST010343
35131419,GCST006433
104512926,GCST90246696
104512931,GCST90246696
103243745,GCST90245848
188361918,GCST90470381
35964908,GCST006979
103225641,GCST90245846
103243750,GCST90245848
165813334,GCST90569453
216865027,GCST90827928
131086504,GCST90328134
131085395,GCST90328132
103243740,GCST90245848
36499674,GCST007066
118330795,GCST90281230
35674844,GCST006660
93908817,GCST90091060
191901286,GCST90662911
95030534,GCST90095130
191339344,GCST90565843
41170745,GCST007841
162816284,GCST90422682
62077910,GCST010340
188325337,GCST90469913
93908300,GCST90091060
191834196,GCST90662860
62083634,GCST010340
104529081,GCST90247475
62084042,GCST010340
47498817,GCST008413
47498806,GCST008413
102103193,GCST90243985
102103217,GCST90243985
102103211,GCST90243985
62307674,GCST011427
36095641,GCST007082
41138025,GCST007841
35792276,GCST006988
95026628,GCST90095129
36499126,GCST007066
35130815,GCST006433
35964402,GCST006979
62309438,GCST011427
47498777,GCST008413
103235870,GCST90245848
102087380,GCST90243968
102118269,GCST90243989
134158972,GCST90435412
104561319,GCST90249112
94170967,GCST90089107
188260272,GCST90469341
188325217,GCST90469913
165803405,GCST90569374
102071285,GCST90091194
131336143,GCST90321120
163415841,GCST90480569
191327090,GCST90565843
93929641,GCST90091061
104108521,GCST90255621
191896822,GCST90662910
188325277,GCST90469913
97471196,GCST90105038
35230049,GCST006442
164568839,GCST90492678
164572486,GCST90492679
164565335,NA
102525913,GCST90242398
188236183,GCST90469081
218091035,GCST90838671
191674662,GCST90568466
61933821,GCST010085
102103205,GCST90243985
103283606,GCST90245848
188239503,GCST90469131
91686541,GCST90027240
34989846,GCST006287
36095646,GCST007082
36095651,GCST007082
35793265,GCST006989
35793048,GCST006988
35793269,GCST006989
35225749,GCST006442
34709265,GCST006571
188239508,GCST90469131
104529086,GCST90247475
35792288,GCST006988
97471179,GCST90105038
97471185,GCST90105038
91687547,GCST90027242
41403369,GCST005586
103595175,GCST90245995
93498367,GCST90018949
62309296,GCST011427
103235860,GCST90245848
91688305,GCST90027244
91685974,GCST90027239
91687977,GCST90027243
103235855,GCST90245848
103235885,GCST90245848
88181285,GCST012012
94878347,GCST90032499
103235875,GCST90245848
191905955,GCST90662912
102087368,GCST90243968
131331413,GCST90321120
131331418,GCST90321120
61934322,GCST010084
216271454,GCST90449155
102098232,GCST90243984
216826490,GCST90827800
95292992,GCST90012959
53768718,GCST009246
91687100,GCST90027241
188239453,GCST90469131
62309466,GCST011427
191850304,GCST90662893
102103199,GCST90243985
95034737,GCST90095131
93929636,GCST90091061
62307351,GCST011427
36095632,GCST007082
35793052,GCST006988
30548169,GCST006075
36095636,GCST007082
164563921,GCST90446162
138939674,GCST90278628
97471173,GCST90105038
97471202,GCST90105038
103235865,GCST90245848
192541103,GCST90624105
131335588,GCST90321120
100086105,GCST90133008
164750515,GCST90313156
63047533,GCST010703
102087374,GCST90243968
131344113,GCST90321120
191857746,GCST90662896
93908296,GCST90091060
95023716,GCST90095129
95029450,GCST90095130
165282150,GCST90565147
101689498,GCST90239729
188239423,GCST90469131
93494499,GCST90018947
216826484,GCST90827800
106268190,GCST90270118
100874884,GCST90027095
214163089,GCST90704949
191848210,GCST90662892
35849330,GCST007134
54095948,GCST009145
63050517,GCST010702
54995563,GCST009146
191361337,GCST90565843
191361343,GCST90565843
93549409,GCST90018981
188142486,GCST90468178
214167026,GCST90704954
188152089,GCST90468184
188121377,GCST90468159
191907805,GCST90662912
93540186,GCST90018974
104555034,GCST90248782
41173939,GCST007325
118724464,GCST90296428
106374674,GCST90239821
34958428,NA
93507382,GCST90018954
93492317,GCST90018944
163423685,GCST90480652
41249302,GCST007472
191268294,GCST90651113
191865363,GCST90662899
93519235,GCST90018961
95127425,GCST90000025
215568303,GCST90501279
98544791,GCST90132183
102121603,GCST90243989
98547107,GCST90132185
218094779,GCST90838671
214079793,GCST90693212
164636654,GCST90492734
214131413,GCST90693321
138234610,GCST90444487
138725296,GCST90446645
64401298,GCST90002400
64342200,GCST90002402
64420602,GCST90002394
131620470,GCST90428120
97327604,GCST90104273
63836521,GCST90012107
188212725,GCST90468827
63838781,GCST90012106
214164672,GCST90704952
97332124,GCST90104297
80637731,GCST90014033
106263656,GCST90270116
214132686,GCST90693330
56272994,GCST010241
191361349,GCST90565843
191361354,GCST90565843
47089663,GCST007841
41277029,GCST007461
166055962,GCST90503313
61968297,GCST010118
214166224,GCST90704953
98442137,GCST90131903
106270000,GCST90270118
98434851,GCST90131901
63778619,GCST010989
101688923,GCST90239729
97984515,GCST90100220
63829657,GCST90012110
106375784,GCST90239822
191857131,GCST90662896
63826346,GCST90012111
106267935,GCST90270118
93486705,GCST90018926
102094643,GCST90243968
90540378,GCST90002393
215457284,GCST90501102
215569520,GCST90501281
215566985,GCST90501276
102100269,GCST90243984
191361365,GCST90565843
102113216,GCST90243985
214163075,GCST90704949
214163082,GCST90704949
87315252,GCST90019494
62179049,GCST010557
36502440,GCST007066
97035761,GCST90103633
63822753,GCST90012114
90814129,GCST012227
93489534,GCST90018942
191842183,GCST90662881
188173190,GCST90468447
36157018,GCST007324
31671451,GCST006948
188038803,GCST90468066
166120012,GCST90483498
165723701,GCST90566802
191361359,GCST90565843
191299502,GCST90565837
131620487,GCST90428120
93083436,GCST90056183
163437756,GCST90480714
64677329,GCST90011899
190000127,GCST90502218
190080121,GCST90502606
189988299,GCST90502186
189911473,GCST90502010
189908555,GCST90502004
189967829,GCST90502134
190061651,GCST90502502
189958637,GCST90502101
189955726,GCST90502095
189997121,GCST90502212
189971024,GCST90502140
19283991,GCST004066
192540266,GCST90624103
218059909,GCST90838680
87274715,GCST90019518
87291908,GCST90019507
87309346,GCST90019496
87274710,GCST90019518
87292180,GCST90019507
214079788,GCST90693212
64719120,GCST90013693
62204514,GCST010555
62286226,GCST010544
62286632,GCST010543
163382540,GCST90479919
191870415,GCST90662902
63370568,GCST90012010
193137239,GCST90438096
63149041,GCST006585
93502465,GCST90018951
188074955,GCST90468087
188217141,GCST90468860
188217031,GCST90468860
188217046,GCST90468860
188038116,GCST90468065
191008272,GCST90559247
191906080,GCST90662912
191008278,GCST90559247
191008284,GCST90559247
188072710,GCST90468087
218075895,GCST90838669
94127596,GCST90089265
93083716,GCST90056183
98197034,GCST012398
95018375,GCST90095049
188074110,GCST90468087
163300738,GCST90479503
191008295,GCST90559247
131338168,GCST90321120
23535,GCST001335
95293745,GCST90013023
163149938,GCST90475515
95023999,GCST90095129
93523226,GCST90018964
163152595,GCST90475518
163422954,GCST90480652
36479304,GCST007068
164764575,GCST90313877
188217071,GCST90468860
191868326,GCST90662901
21890275,GCST004616
93492981,GCST90018945
136019836,GCST90309364
188217051,GCST90468860
191008260,GCST90559247
165816969,GCST90569456
214362007,GCST90453209
104522739,GCST90247155
188217395,GCST90468862
62748778,GCST90002346
130276562,GCST004612
188066329,GCST90468084
188242482,GCST90469168
105593191,GCST90179380
164782955,GCST90314738
164782907,GCST90314736
164782751,GCST90314730
164782859,GCST90314734
164782935,GCST90314737
164765403,GCST90313912
164782983,GCST90314739
164775155,GCST90314374
164772579,GCST90314254
164782815,GCST90314732
47506198,GCST008413
163328141,GCST90479614
188217111,GCST90468860
188073145,GCST90468087
23571,GCST001337
36485787,GCST007067
55717348,GCST009858
55723505,GCST009867
10085859,GCST002555
102508205,GCST90240797
191008289,GCST90559247
87269869,GCST90019522
188217081,GCST90468860
188217061,GCST90468860
188217151,GCST90468860
188217096,GCST90468860
188217021,GCST90468860
191008254,GCST90559247
188217036,GCST90468860
218091915,GCST90838671
218075067,GCST90838669
191008266,GCST90559247
103243775,GCST90245848
191864108,GCST90662899
162850699,GCST90426564
90713038,GCST90020029
90713042,GCST90020029
55719868,GCST009858
55726501,GCST009867
64076460,GCST90002390
93210026,GCST90025975
64410076,GCST90002397
64092479,GCST90002392
93210138,GCST90025976
93208637,GCST90025963
64413582,GCST90002396
10069365,GCST000974
97024604,GCST004207
63948687,GCST90002405
63945624,GCST90002406
64187472,GCST90002386
64190975,GCST90002385
218085123,GCST90838669
91625676,GCST90027234
64699344,GCST011348
96072121,GCST90100627
21717019,GCST004563
22007965,GCST004602
119765249,GCST90245220
93526834,GCST90018966
188069858,GCST90468086
36481053,GCST007068
163306856,GCST90479518
163005044,GCST90475145
163005824,GCST90475148
64410085,GCST90002397
134432321,GCST90059945
36075297,GCST007073
104117754,GCST90255621
90644188,GCST012231
134435340,GCST90060072
163338606,GCST90479635
163340908,GCST90479636
163336175,GCST90479634
163083256,GCST90475361
163090049,GCST90475364
218094647,GCST90838671
117710746,GCST90292527
117711648,GCST90292529
134164828,GCST90435412
93207216,GCST90025955
93207543,GCST90025956
63153571,GCST006585
36055691,GCST007020
62435083,GCST90002338
64410080,GCST90002397
64413586,GCST90002396
36481045,GCST007068
64076464,GCST90002390
188066229,GCST90468084
62656923,GCST90002334
188077982,GCST90468088
188080224,GCST90468089
64092483,GCST90002392
35967437,GCST006979
163132062,GCST90475469
163128422,GCST90475465
163355694,GCST90479675
163117118,GCST90475445
163120531,GCST90475449
163135546,GCST90475473
188407822,GCST90470948
104578146,GCST90249953
217560999,GCST90832990
106268080,GCST90270118
47089363,GCST007841
87286003,GCST90019510
87311479,GCST90019495
90623537,GCST012228
62088927,GCST010376
131330363,GCST90321120
21792712,GCST004501
21792708,GCST004501
21794514,GCST004504
21791429,GCST004500
21791005,GCST004500
19259715,GCST004063
62432805,GCST90002344
191905110,GCST90662912
188070908,GCST90468086
103273724,GCST90245848
188340102,GCST90470123
136014272,GCST90309353
62082086,GCST010340
192544495,GCST90624105
188144866,GCST90468178
90713029,GCST90020029
214496783,GCST90572789
35134648,GCST006433
102534270,GCST90243131
103226896,GCST90245846
94099372,GCST90088082
64413591,GCST90002396
24657429,GCST006288
24656538,GCST006288
24655478,GCST006288
36502300,GCST007066
35136124,GCST006433
191858915,GCST90662897
93546292,GCST90018978
36474265,GCST007065
118865021,GCST90274714
118862462,GCST90274713
106072270,GCST009696
103273729,GCST90245848
61937410,GCST010083
94190088,GCST90087236
97371573,GCST90104633
104117749,GCST90255621
131330358,GCST90321120
64076468,GCST90002390
188070968,GCST90468086
64410089,GCST90002397
64092487,GCST90002392
64413595,GCST90002396
188347490,GCST90470227
94041779,GCST90093297
163356888,GCST90479676
163358020,GCST90479677
163327054,GCST90479605
191895892,GCST90662910
216544062,GCST90627746
188055070,GCST90468077
188228851,GCST90468970
47759404,GCST008746
165298300,GCST90565218
101332197,GCST90239661
169092818,GCST90590341
135078572,GCST90449002
91504970,GCST90027168
165259964,GCST90565134
93084286,GCST90056184
29763,GCST001884
41470819,GCST007692
30547969,GCST005902
21964881,GCST004521
141941544,GCST90454586
165704131,GCST90302861
137867339,GCST90454173
191011606,GCST90559251
137868444,GCST90454182
64675429,GCST90011900
80500197,GCST90016586
80500539,GCST90016589
165298406,GCST90565218
80501325,GCST90016594
80500741,GCST90016590
90726517,GCST90020028
80500005,GCST90016585
80500998,GCST90016591
21965569,GCST004521
90795154,GCST90020025
127935301,GCST90295573
131555484,GCST90428109
24303628,GCST004861
103246501,GCST90245848
91505001,GCST90027168
91505008,GCST90027168
80431982,GCST012213
90810308,GCST012227
90810312,GCST012227
191341858,GCST90565843
131556569,GCST90428109
34831776,GCST006269
104326781,GCST90258652
36160394,GCST007326
119086335,GCST90301649
91504978,GCST90027168
90726531,GCST90020028
191290991,GCST90565837
62307181,GCST011427
190062342,GCST90502503
24779556,GCST005014
24778084,GCST005001
166066306,GCST90551863
130276636,GCST004612
21894008,GCST004611
191290986,GCST90565837
35903358,GCST007043
10083354,GCST002711
218076391,GCST90838669
47267759,GCST008053
55468071,GCST009456
132629191,GCST90432132
191303064,GCST90565841
27578687,GCST005541
104326878,GCST90258652
189989478,GCST90502192
127947899,GCST90295773
162833911,GCST90424737
189922079,GCST90502036
93082556,GCST90056183
40767795,GCST006085
127898109,GCST90294657
34832869,GCST006269
189995400,GCST90502212
104327398,GCST90258653
90621369,GCST012228
90640633,GCST012230
100828438,GCST90161446
24779240,GCST005014
101337364,GCST90239667
90640629,GCST012230
169092792,GCST90590341
190019516,GCST90502306
21965042,GCST004521
90726522,GCST90020028
30578486,GCST005839
216842725,GCST90827853
216812398,GCST90827753
216868325,GCST90827937
216839830,GCST90827842
216851161,GCST90827885
216848567,GCST90827874
216849592,GCST90827879
216841024,GCST90827847
216869450,GCST90827942
216834120,GCST90827820
93054131,GCST90085695
100372355,GCST90134620
21964617,GCST004521
188313346,GCST90469797
190085283,GCST90502623
188299797,GCST90469685
17347488,GCST003538
90726536,GCST90020028
22009235,GCST004599
47758490,GCST008747
47757985,GCST008747
91505022,GCST90027168
91505029,GCST90027168
191011499,GCST90559251
93464202,GCST90018695
218066156,GCST90838663
35613994,GCST007023
191011481,GCST90559251
135078768,GCST90449004
135078846,GCST90449005
162859524,GCST90427512
216786925,GCST90448617
130945817,GCST90302760
47819276,GCST008820
21965958,GCST004521
55468076,GCST009456
188228891,GCST90468970
64014617,GCST012156
38450365,GCST007201
100828398,GCST90161446
93054126,GCST90085695
10722724,GCST002876
127941351,GCST90295710
127947612,GCST90295772
127931095,GCST90295547
91504985,GCST90027168
134432156,GCST90059941
189899259,GCST90501984
24778228,GCST005001
80402856,GCST90010427
103285116,GCST90245848
90621381,GCST012228
130947370,GCST90302848
11583032,GCST002884
191304207,GCST90565842
189992185,GCST90502199
189993788,GCST90502207
191302406,GCST90565839
189992814,GCST90502205
80605688,GCST011568
47821090,GCST008879
119350931,GCST90301252
189954248,GCST90502095
191011493,GCST90559251
21964796,GCST004521
216547743,GCST90627750
91504993,GCST90027168
165259902,GCST90565134
193098743,GCST90102553
100828580,GCST90161446
106760760,GCST90281043
22002933,GCST004748
93080241,GCST90056180
90621364,GCST012228
162853723,GCST90426892
103246506,GCST90245848
91505015,GCST90027168
191341863,GCST90565843
104327839,GCST90258653
189966082,GCST90502134
189954237,GCST90502095
191284674,GCST90565836
100044244,GCST90132904
189971899,GCST90502142
190078592,GCST90502597
127931943,GCST90295549
190020864,GCST90502307
96194168,GCST90092981
190018378,GCST90502295
190096355,GCST90502701
190080869,GCST90502607
103246496,GCST90245848
127938349,GCST90295638
218977837,GCST90832687
93485131,GCST90018915
127898365,GCST90294658
106002402,GCST90271791
127873641,GCST90293580
106006427,GCST90271814
127935236,GCST90295573
166099951,GCST90103761
191290980,GCST90565837
127898103,GCST90294657
189929019,GCST90502049
189973493,GCST90502147
190030170,GCST90502358
189925725,GCST90502043
189918706,GCST90502030
64415957,GCST90002395
127932228,GCST90295549
127941345,GCST90295710
127954131,GCST90295836
189986775,GCST90502186
189995394,GCST90502212
103594206,GCST90246234
166068459,GCST90551869
55468108,GCST009457
35614090,GCST007023
127931107,GCST90295547
218066088,GCST90838663
55966855,GCST009823
55737117,GCST009826
55873303,GCST009822
55737566,GCST009825
191011511,GCST90559251
191011517,GCST90559251
47821114,GCST008879
162812280,GCST90422237
191011601,GCST90559251
191011559,GCST90559251
22488397,GCST004619
101321273,GCST90239649
101324565,GCST90239652
131723537,GCST90319906
131721315,GCST90319904
188300121,GCST90469687
188279098,GCST90469459
191011475,GCST90559251
189981295,GCST90502168
127944245,GCST90295751
127953242,GCST90295835
131620066,GCST90428120
127954095,GCST90295836
191011571,GCST90559251
166097774,GCST90572700
190098713,GCST90502711
191011487,GCST90559251
127948038,GCST90295774
127948123,GCST90295775
34832275,GCST006269
191341884,GCST90565843
191341890,GCST90565843
188228881,GCST90468970
188228791,NA
216545259,GCST90627749
216547748,GCST90627750
216545265,GCST90627749
218076259,GCST90838669
119363236,GCST90295946
191011457,GCST90559251
133715367,GCST90435380
189966093,GCST90502134
190028655,GCST90502347
164782231,GCST90314702
90621386,GCST012228
90640647,GCST012230
97330117,GCST90104296
166118404,GCST90483497
63822272,GCST90012114
90795148,GCST90020025
63824740,GCST90012112
90810321,GCST012227
90784554,GCST90020024
90754344,GCST90020027
97325947,GCST90104272
90640643,GCST012230
191011565,GCST90559251
191011553,GCST90559251
188310549,GCST90469776
165704340,GCST90302862
188176153,GCST90468481
189907050,GCST90502004
191011547,GCST90559251
188313482,GCST90469800
188278689,GCST90469457
169092121,GCST90590340
169093484,GCST90590343
191368381,GCST90565844
191011523,GCST90559251
191011529,GCST90559251
190063581,GCST90502514
189933156,GCST90502056
189998553,GCST90502218
190079253,GCST90502606
189936635,GCST90502062
190097137,GCST90502710
190092418,GCST90502670
190100151,GCST90502722
189910080,GCST90502010
189966087,GCST90502134
190027137,GCST90502346
190060882,GCST90502502
189957314,GCST90502101
189954242,GCST90502095
190089966,GCST90502658
190082286,GCST90502618
190049950,GCST90502436
189969436,GCST90502140
190046744,GCST90502424
191011463,GCST90559251
191341868,GCST90565843
191290975,GCST90565837
188228806,GCST90468970
191011595,GCST90559251
189998548,GCST90502218
188336557,GCST90470078
189986769,GCST90502186
189989473,GCST90502192
189995389,GCST90502212
189918700,GCST90502030
164753771,GCST90313324
38450314,GCST007201
34833250,GCST006269
137868439,GCST90454182
127887788,GCST90294243
131333663,GCST90321120
90621374,GCST012228
90640637,GCST012230
63916056,GCST90013421
127944251,GCST90295751
127953261,GCST90295835
80705828,GCST011766
127947691,GCST90295772
61937369,GCST010083
162828161,GCST90424051
119086330,GCST90301649
131620963,GCST90428120
189896901,GCST90501978
188161304,GCST90468264
190048359,GCST90502425
91504963,GCST90027168
137867857,GCST90454178
191011541,GCST90559251
191011535,GCST90559251
131555443,GCST90428109
191011589,GCST90559251
188314968,GCST90469813
164668851,GCST90492692
188327214,GCST90469929
191011577,GCST90559251
191011583,GCST90559251
188406396,GCST90470930
191011505,GCST90559251
188198807,GCST90468688
191011469,GCST90559251
191011451,GCST90559251
53502521,GCST009096
131335978,GCST90321120
102110866,GCST90243985
34833351,GCST006269
35133842,GCST006433
36608939,GCST007097
36604067,GCST007096
36601612,GCST007099
131329683,GCST90321120
131339818,GCST90321120
131329678,GCST90321120
93038789,GCST90061435
132774420,GCST90320056
103265459,GCST90245848
164570857,GCST90492678
164574269,GCST90492679
164567203,GCST90492677
131345068,GCST90321120
97486186,GCST90105038
34721969,GCST006570
102110871,GCST90243985
34716972,GCST006568
88926350,GCST90000050
188005095,GCST90016598
98378719,GCST90094699
41252405,GCST007468
35228445,GCST006442
34706764,GCST006571
102092966,GCST90243968
134173381,GCST90435415
61684618,GCST010123
162647975,GCST90449056
101349436,GCST90239676
101337942,GCST90239667
101327648,GCST90239655
101342864,GCST90239673
100042127,GCST90132903
136017206,GCST90309355
62316129,GCST011427
191833454,GCST90662859
96645458,GCST90094889
96645465,GCST90094889
47702615,GCST008595
188124578,GCST90468162
100083471,GCST90132981
138724451,GCST90446645
214310671,GCST90624094
41276144,GCST007474
104954974,GCST90267268
102110877,GCST90243985
131476476,GCST90321079
27408887,GCST005316
131787582,GCST90310296
36101808,GCST007087
131775179,GCST90310294
131337088,GCST90321120
214348119,GCST90708780
88191792,GCST012490
62312974,GCST011427
218075931,GCST90838669
103245135,GCST90245848
106035505,GCST90270074
119955781,GCST90319327
88193179,GCST012490
88193097,GCST012490
93527868,GCST90018967
97476935,GCST90105038
97476941,GCST90105038
102104615,GCST90243985
102104621,GCST90243985
102104627,GCST90243985
36156909,GCST007324
107266627,GCST90271614
41173948,GCST007325
136019738,GCST90309363
188057827,GCST90468078
103240635,GCST90245848
188009583,GCST90570707
135744414,GCST90449362
163308742,GCST90479522
163011838,GCST90475155
163006515,GCST90475152
163258326,GCST90476459
163264040,GCST90476462
163016372,GCST90475158
102098565,GCST90243984
102088364,GCST90243968
103240630,GCST90245848
102118796,GCST90243989
35080792,GCST006462
102104609,GCST90243985
165817111,GCST90569456
35804679,GCST007353
106034644,GCST90270074
162783229,GCST90446168
62309418,GCST011427
41138869,GCST007841
16493726,GCST003427
93037554,GCST90061435
132478598,GCST90429151
104110063,GCST90255621
191906665,GCST90662912
105964811,GCST90267928
103270324,GCST90245848
35230949,GCST006442
35228893,GCST006442
164571189,GCST90492678
164574556,GCST90492679
164567516,GCST90492677
164571195,GCST90492678
164574561,GCST90492679
93014789,GCST90032655
101970572,GCST90179150
93500317,GCST90018949
36061482,GCST007039
10072798,GCST002730
165807123,GCST90569411
119088086,GCST90301650
55734313,GCST009871
104116781,GCST90255621
191895437,GCST90662910
49100839,GCST004904
62085890,GCST010340
62080496,GCST010340
62077814,GCST010340
34722213,GCST006570
95987820,GCST90100570
164567521,GCST90492677
36051526,GCST007037
100082865,GCST90132968
35230945,GCST006442
163328147,GCST90479614
62085116,GCST010340
62084366,GCST010340
62083364,GCST010340
62082248,GCST010340
62082050,GCST010340
62079470,GCST010340
62079188,GCST010340
62078726,GCST010340
62078474,GCST010340
62077970,GCST010340
119763574,GCST90245153
191908140,GCST90662912
97488563,GCST90105038
35228897,GCST006442
34707315,GCST006571
93496254,GCST90018947
34717426,GCST006568
34707311,GCST006571
34717431,GCST006568
62082722,GCST010340
62078330,GCST010340
163413522,GCST90480519
165808822,GCST90569450
218410953,GCST90841196
218406533,GCST90841193
88193175,GCST012490
98427868,GCST90131901
191729863,GCST90105056
162783280,GCST90446168
97476911,GCST90105038
102089367,GCST90243968
102105887,GCST90243985
98439273,GCST90131903
102105905,GCST90243985
97476929,GCST90105038
102105910,GCST90243985
218408946,GCST90841196
34720172,GCST006568
98439278,GCST90131903
41275641,GCST007474
41251514,GCST007468
98427873,GCST90131901
102089372,GCST90243968
93037776,GCST90061435
34710573,GCST006571
97476923,GCST90105038
102105882,GCST90243985
97476917,GCST90105038
102105899,GCST90243985
100399963,GCST90104339
188008406,GCST90570693
98439284,GCST90131903
98427862,GCST90131901
47434493,GCST008512
188269449,GCST90469357
80621831,GCST012332
102105893,GCST90243985
165776952,GCST90568658
17687338,GCST004083
165798181,GCST90569312
165811036,GCST90569451
165815588,GCST90569455
163413504,GCST90480519
104868170,GCST90267519
35673796,GCST006660
118805494,GCST90296672
97488558,GCST90105038
62085218,GCST010340
97474136,GCST90105038
34709914,GCST006571
102104597,GCST90243985
102104603,GCST90243985
35226341,GCST006442
164569252,GCST90492678
164572841,GCST90492679
164565711,GCST90492677
95987100,GCST90100570
35080786,GCST006462
102085465,GCST90243966
103240625,GCST90245848
36526135,GCST007080
41134719,GCST007430
41133263,GCST007432
41134080,GCST007431
93502945,GCST90018951
36526130,GCST007080
103288127,GCST90245848
100393164,GCST90134661
104932755,GCST90244098
216546389,GCST90627749
216548737,GCST90627750
62749600,GCST90002346
62430744,GCST90002349
216301370,GCST90705072
119122329,GCST90244094
163378905,GCST90479873
188409649,GCST90470974
191272045,GCST90651250
216825423,GCST90827800
30285,GCST001856
30253,GCST001856
64417186,GCST90002395
188073105,GCST90468087
24218550,GCST004744
131516374,GCST90399695
163378113,GCST90479867
41134715,GCST007430
41134076,GCST007431
119122935,GCST90244094
18128,GCST001069
18125,GCST001069
188397803,GCST90470851
163167530,GCST90475637
93482206,GCST90018860
163377551,GCST90479861
163167939,GCST90475642
163167846,GCST90475641
118817923,GCST90296333
118817929,GCST90296333
94157912,GCST90088712
24218537,GCST004744
137868176,GCST90454180
93519190,GCST90018961
93548286,GCST90018979
95035028,GCST90095131
24218541,GCST004744
63158336,GCST006585
118851277,GCST90297562
101338127,GCST90239667
101340456,GCST90239670
97035733,GCST90103633
188039965,GCST90468067
219075549,GCST90482692
47820010,GCST008836
141943610,GCST90455518
141943892,GCST90455519
219075409,GCST90482691
90518044,GCST012201
100393309,GCST90134662
24218533,GCST004744
214209423,GCST90243964
22003202,GCST004748
166016373,GCST90566733
98196527,GCST012398
188037491,GCST90468065
134098016,GCST90319319
163377367,GCST90479859
163377906,GCST90479864
216541898,GCST90627738
163378085,GCST90479866
93481963,GCST90018853
163377670,GCST90479862
163167801,GCST90475640
118817934,GCST90296333
216543429,GCST90627744
163168013,GCST90475643
216543922,GCST90627745
214496691,GCST90572789
163167715,GCST90475639
62320732,GCST010653
218946152,GCST90837519
134099344,GCST90319321
216789199,GCST90448634
163275915,GCST90476479
216542883,GCST90627741
216541840,GCST90627737
163377465,GCST90479860
214497374,GCST90572790
216542339,GCST90627740
163167465,GCST90475635
35760419,GCST006897
218945524,GCST90837435
163167643,GCST90475638
97472802,GCST90105038
97472808,GCST90105038
35673464,GCST006660
191335764,GCST90565843
191288558,GCST90565837
62080010,GCST010340
34719496,GCST006568
104109378,GCST90255621
214294866,GCST90672009
163332663,GCST90479632
163333481,GCST90479633
163331851,GCST90479631
62203201,GCST010555
103238410,GCST90245848
98384154,GCST90094837
62179466,GCST010557
104867766,GCST90267519
104865987,GCST90267431
103283901,GCST90245848
101688413,GCST90239729
95290909,GCST90012880
98382186,GCST90094791
165804661,GCST90569382
138228313,GCST90444487
191846910,GCST90662887
214294860,GCST90672009
63047153,GCST010703
131784829,GCST90310296
131771645,GCST90310294
35917694,GCST007267
98445914,GCST90131904
62069174,GCST010343
101966049,GCST90179150
40930510,GCST007269
34719501,GCST006568
41251150,GCST007468
102087887,GCST90243968
163329258,GCST90479626
163058992,GCST90475332
163328602,GCST90479625
93533710,GCST90018970
100084555,GCST90132993
55975814,GCST010135
55975108,GCST010140
98380171,GCST90094742
191857866,GCST90662896
98384892,GCST90094851
138228319,GCST90444487
93908463,GCST90091060
95031978,GCST90095131
95022195,GCST90095129
93929776,GCST90091061
95028057,GCST90095130
214077618,GCST90693212
215399256,GCST90728571
96822598,GCST90102601
64401278,GCST90002400
64397640,GCST90002401
62312720,GCST011427
138945285,GCST90278640
105008561,GCST90246318
36502412,GCST007066
35134862,GCST006433
35967567,GCST006979
64397635,GCST90002401
119450998,GCST90310210
62089266,GCST010376
215461090,GCST90501108
217554130,GCST90832989
119452652,GCST90310211
47702824,GCST008595
131330463,GCST90321120
188243853,GCST90469186
191360968,GCST90565843
106006142,GCST90271812
106006324,GCST90271813
191887065,GCST90662907
188183800,GCST90468577
188096696,GCST90468096
218086519,GCST90838669
55689738,GCST009725
35278112,GCST006524
62501614,GCST90002361
62747583,GCST90002357
164636624,GCST90492734
43957,GCST002580
55687850,GCST009722
34602496,GCST006065
119452657,GCST90310211
55690463,GCST009726
34602033,GCST006067
188116567,GCST90468129
163390624,GCST90480066
27270164,GCST005170
131473107,GCST90399470
119451003,GCST90310210
34634887,GCST006395
163391521,GCST90480069
80402511,GCST90011770
62089335,GCST010376
80392502,GCST011438
96779499,GCST90102517
217765320,GCST90624635
45616554,GCST007944
30499147,GCST005580
34601950,GCST006066
163391049,GCST90480067
119335123,GCST90100568
93463051,GCST90018632
55689578,GCST009725
163104701,GCST90475384
136018576,GCST90309360
93481889,GCST90018852
34996944,GCST006412
34634681,GCST006394
19602861,GCST004074
19602857,GCST004074
131517323,GCST90399726
80392400,GCST011439
93554123,GCST90019002
96781396,GCST90102518
119335883,GCST90308682
80428986,GCST90011766
62180241,GCST010557
97490349,GCST90105038
97490343,GCST90105038
165821296,GCST90569483
119763455,GCST90245147
103274979,GCST90245848
93516237,GCST90018959
104118063,GCST90255621
24227778,GCST004773
188366323,GCST90470451
100879862,GCST90179162
62088962,GCST010376
80616488,GCST90016993
88192977,GCST012490
103274969,GCST90245848
119452662,GCST90310211
119451009,GCST90310210
96793905,GCST90010726
24943703,GCST005167
101351453,GCST90239676
163422199,GCST90480651
163405648,GCST90480344
96780855,GCST90102517
215542400,GCST90501236
215541078,GCST90501234
215545164,GCST90501241
217765426,GCST90624635
119335118,GCST90100568
100353463,GCST90134547
98316176,GCST90129627
96646612,GCST90101969
96646636,GCST90101971
47089583,GCST007841
80605684,GCST011568
69089293,GCST011369
100879478,GCST90179161
119452646,GCST90310211
119450992,GCST90310210
62088810,GCST010376
34996940,GCST006412
34634677,GCST006394
188048500,GCST90468072
101328034,GCST90239655
191898527,GCST90662910
93513038,GCST90018958
101343306,GCST90239673
55299514,GCST009379
62204506,GCST010555
103274984,GCST90245848
103274964,GCST90245848
21522,GCST001506
95034340,GCST90095131
27270160,GCST005170
62080820,GCST010340
103274974,GCST90245848
163344656,GCST90479645
163182987,GCST90475869
136628681,GCST008373
163104534,GCST90475383
191360962,GCST90565843
80392158,GCST011441
30499151,GCST005580
163344549,GCST90479644
163183738,GCST90475872
55271811,GCST009413
163184134,GCST90475875
188274906,GCST90469418
101971336,GCST90179150
138234593,GCST90444487
188325222,GCST90469913
64397645,GCST90002401
188097793,GCST90468097
188143236,GCST90468178
218094739,GCST90838671
106273187,GCST90270119
10060015,GCST002539
15059619,GCST003048
38449844,GCST007201
47450979,GCST008459
163324575,GCST90479602
163323586,GCST90479601
165015052,GCST90503210
64414022,GCST90002396
190094236,GCST90502671
214354635,GCST90453034
163196508,GCST90476089
216248619,GCST90501352
163320015,GCST90479588
216248642,GCST90501353
190000385,GCST90502218
214079973,GCST90693212
21842274,GCST004632
134765952,GCST90091555
190021572,GCST90502307
190065631,GCST90502515
190032501,GCST90502359
189911819,GCST90502010
163023410,GCST90475176
134765979,GCST90091556
189990998,GCST90502192
189958988,GCST90502101
100043867,GCST90132904
190104326,GCST90502736
162655240,GCST90449057
134765925,GCST90091554
190001370,GCST90502220
190084511,GCST90502619
189959820,GCST90502103
189972736,GCST90502142
190102321,GCST90502723
134766006,GCST90091557
189971402,GCST90502140
163349070,GCST90479667
134766060,GCST90091559
189900709,GCST90501984
189923944,GCST90502036
188332376,GCST90470005
129241381,GCST90319500
93928582,GCST90090980
41308912,GCST004988
63778819,GCST010989
106273027,GCST90270119
214133035,GCST90693337
93544423,GCST90018977
102714144,GCST90244709
96166733,GCST90092905
119085595,GCST90301649
190080338,GCST90502606
190098223,GCST90502710
131789035,GCST90310296
188155475,GCST90468212
63118664,GCST90011738
131546476,GCST90428111
163173329,GCST90475673
131546407,GCST90428110
131755268,GCST90319878
188274282,GCST90469411
188383356,GCST90470660
134771304,GCST90091721
163433934,GCST90480682
134772158,GCST90091748
134766737,GCST90091580
63118578,GCST90011737
134773224,GCST90091781
188331504,GCST90469994
134766673,GCST90091578
63118137,GCST90011735
133852806,GCST90301966
137654713,GCST90451698
134771159,GCST90091716
134772212,GCST90091750
97852533,GCST90024298
134772131,GCST90091747
163103700,GCST90475376
188323461,GCST90469895
97863699,GCST90024911
134771132,GCST90091715
134771186,GCST90091717
134767997,GCST90091620
134769459,GCST90091666
188254918,GCST90469276
134771528,GCST90091728
134772185,GCST90091749
131755217,GCST90319877
188254194,GCST90469274
215571007,GCST90501283
188225537,GCST90468918
163237211,GCST90476371
62750181,GCST011052
134767739,GCST90091611
163061384,GCST90475338
134766705,GCST90091579
134766801,GCST90091582
134766769,GCST90091581
134770801,GCST90091707
119088969,GCST90301650
93931545,GCST90091061
64342473,GCST90002402
190000355,GCST90502218
189990978,GCST90502192
189958968,GCST90502101
190102301,GCST90502723
190099568,GCST90502711
189923918,GCST90502036
188005216,GCST90016605
188005320,GCST90016609
88936343,GCST90020094
189971372,GCST90502140
190007412,GCST90502233
214131251,GCST90693320
164769835,GCST90314114
62088125,GCST010378
164792075,GCST90315218
119630895,GCST90300368
189877363,GCST90565128
189881595,GCST90624553
188139816,GCST90468178
188160631,GCST90468255
215443402,GCST90499302
216789042,GCST90448633
214079968,GCST90693212
135011786,GCST90428446
215445316,GCST90500061
216786808,GCST90448616
216788813,GCST90448631
135014524,GCST90428447
215606077,GCST90501339
215433147,GCST90500053
96212550,GCST90093030
135017597,GCST90428448
216785753,GCST90448599
215431488,GCST90499299
62655109,GCST90002328
93470745,GCST90018739
47844650,GCST008839
106273502,GCST90270119
104568189,GCST90249467
93503090,GCST90018951
93490928,GCST90018943
80056751,GCST006613
188154747,GCST90468203
102363734,GCST90134521
188217621,GCST90468865
106375024,GCST90239822
191681118,GCST90624411
191363883,GCST90565843
119390991,GCST90295949
190094231,GCST90502671
190062978,GCST90502503
189988492,GCST90502186
190091934,GCST90502659
189997363,GCST90502212
190029568,GCST90502347
189920863,GCST90502030
190099563,GCST90502711
190000360,GCST90502218
189988503,GCST90502186
190065621,GCST90502515
189911803,GCST90502010
189908879,GCST90502004
189968196,GCST90502134
189990983,GCST90502192
189958973,GCST90502101
189956070,GCST90502095
190018959,GCST90502295
190084501,GCST90502619
189997373,GCST90502212
190102306,GCST90502723
189971382,GCST90502140
190081675,GCST90502607
189920873,GCST90502030
189923923,GCST90502036
12314,GCST000286
87307085,GCST90019496
87303500,GCST90019499
87298060,GCST90019502
189953412,GCST90502090
190052100,GCST90502437
87298871,GCST90019501
87312167,GCST90019494
190056410,GCST90502451
87305728,GCST90019497
189951601,GCST90502088
189936008,GCST90502056
95025821,GCST90095129
190049638,GCST90502425
190085618,GCST90502623
189938695,GCST90502062
189947228,GCST90502077
190108949,GCST90502753
189943365,GCST90502069
189940623,GCST90502064
190009592,GCST90502243
87294701,GCST90019505
87315672,GCST90019493
190058420,GCST90502463
189902106,GCST90501986
189898892,GCST90501978
190011252,GCST90502255
93375109,GCST90019512
190042724,GCST90502399
189949676,GCST90502082
189945426,GCST90502075
87267017,GCST90019523
87316366,GCST90019492
190016618,GCST90502285
190044670,GCST90502411
190105340,GCST90502737
190053975,GCST90502441
87271330,GCST90019521
190012482,GCST90502259
87302085,GCST90019500
190060244,GCST90502467
190046428,GCST90502415
190014097,GCST90502269
87260360,GCST90019526
87293783,GCST90019506
87304518,GCST90019498
189953422,GCST90502090
189940634,GCST90502064
63050486,GCST010702
131616087,GCST90428119
63615788,GCST012020
101336502,GCST90239665
102363673,GCST90134521
62492494,GCST90002320
165689299,GCST90528079
163305494,GCST90479515
62741046,GCST90002369
63949046,GCST90002405
63946033,GCST90002406
64187870,GCST90002386
64191363,GCST90002385
47169576,GCST007841
191300771,GCST90565837
189935998,GCST90502056
189943360,GCST90502069
119392846,GCST90295951
119389760,GCST90295949
188078672,GCST90468088
119391659,GCST90295950
188080934,GCST90468089
190067353,GCST90502528
163406376,GCST90480363
189988498,GCST90502186
102113886,GCST90243985
102095175,GCST90243968
191300766,GCST90565837
34718115,GCST006568
34704562,GCST006574
34708116,GCST006571
189935966,GCST90502056
190000350,GCST90502218
189938665,GCST90502062
190065616,GCST90502515
189911793,GCST90502010
189968186,GCST90502134
189990973,GCST90502192
189958963,GCST90502101
189956060,GCST90502095
190084491,GCST90502619
189997358,GCST90502212
189971366,GCST90502140
190049628,GCST90502425
190021567,GCST90502307
190065626,GCST90502515
190032490,GCST90502359
189908885,GCST90502004
189968206,GCST90502134
190009587,GCST90502243
189956080,GCST90502095
190084506,GCST90502619
190102311,GCST90502723
190081680,GCST90502607
189953407,GCST90502090
190052095,GCST90502437
189936003,GCST90502056
189964448,GCST90502127
190049633,GCST90502425
190000375,GCST90502218
189938690,GCST90502062
189947223,GCST90502077
189940618,GCST90502064
189968211,GCST90502134
190042719,GCST90502399
189945421,GCST90502075
190044665,GCST90502411
190053970,GCST90502441
189997383,GCST90502212
190046423,GCST90502415
190102316,GCST90502723
189971397,GCST90502140
190099578,GCST90502711
189923939,GCST90502036
214496960,GCST90572789
190052085,GCST90502437
190056400,GCST90502451
190064374,GCST90502514
189951591,GCST90502088
189935987,GCST90502056
190017940,GCST90502294
190000365,GCST90502218
189938680,GCST90502062
189943350,GCST90502069
190093194,GCST90502670
190031149,GCST90502358
190101033,GCST90502722
189911808,GCST90502010
190020358,GCST90502306
190058415,GCST90502463
189898881,GCST90501978
190042709,GCST90502399
189949666,GCST90502082
190061858,GCST90502502
189990988,GCST90502192
189958978,GCST90502101
189945411,GCST90502075
190090896,GCST90502658
190044660,GCST90502411
190083183,GCST90502618
189971387,GCST90502140
189900698,GCST90501984
189923928,GCST90502036
96169154,GCST90092913
216892910,GCST90828020
190090901,GCST90502658
215427869,GCST90497206
96210585,GCST90093025
97037743,GCST90103635
90731902,GCST90020028
96795630,GCST90010805
96796253,GCST90010832
119904241,GCST90200103
24645804,GCST004894
24645502,GCST004894
97034365,GCST90103633
80640714,GCST011639
218640604,GCST90830828
36502796,GCST007066
218631584,GCST90830733
218632244,GCST90830737
218087435,GCST90838669
119757393,GCST90244921
218946307,GCST90837525
216788793,GCST90448631
188132428,GCST90468172
14220969,GCST003301
47266287,GCST008045
47264773,GCST008037
47266862,GCST008046
103279001,GCST90245848
98435524,GCST90131901
103279006,GCST90245848
103219345,GCST90245844
61934902,GCST010084
31960879,GCST006100
188042417,GCST90468068
134161424,GCST90435412
106273337,GCST90270119
217722637,GCST90837210
214166280,GCST90704953
47169572,GCST007841
191363894,GCST90565843
22489707,GCST004618
189953417,GCST90502090
190052105,GCST90502437
190056415,GCST90502451
189951606,GCST90502088
189936013,GCST90502056
190049643,GCST90502425
190000380,GCST90502218
189938700,GCST90502062
189947233,GCST90502077
189943370,GCST90502069
189988513,GCST90502186
189940628,GCST90502064
189968216,GCST90502134
190058425,GCST90502463
189898898,GCST90501978
190042729,GCST90502399
189949681,GCST90502082
189956085,GCST90502095
189945431,GCST90502075
190044675,GCST90502411
189997388,GCST90502212
190081685,GCST90502607
189920883,GCST90502030
164790463,GCST90315142
38451399,GCST007201
131615849,GCST90428119
22001812,GCST004625
64202578,GCST90002381
188084121,GCST90468090
90540686,GCST90002393
188391724,GCST90470779
97491931,GCST90105038
100873730,GCST90027092
35229561,GCST006442
214310676,GCST90624094
166096067,GCST90572694
50756932,GCST009356
40901527,GCST007294
40902681,GCST007295
101790308,GCST90239828
101792750,GCST90239829
100511841,GCST006804
106775102,GCST90281121
191684858,GCST90624412
214311311,GCST90624094
103597139,GCST90245995
119763281,GCST90245141
189962299,GCST90502121
55280479,GCST009365
189914722,GCST90502017
189931220,GCST90502049
189964453,GCST90502127
190069284,GCST90502540
189975544,GCST90502147
190008599,GCST90502242
190080343,GCST90502606
134766033,GCST90091558
189988518,GCST90502186
163405453,GCST90480340
189908890,GCST90502004
190055211,GCST90502450
189968221,GCST90502134
189978179,GCST90502153
190103007,GCST90502727
190075631,GCST90502567
190085154,GCST90502622
190043745,GCST90502410
134766087,GCST90091560
163196496,GCST90476088
189928129,GCST90502043
189956090,GCST90502095
190070148,GCST90502541
190039132,GCST90502385
190053044,GCST90502440
190091939,GCST90502659
190083193,GCST90502618
190036233,GCST90502373
190041499,GCST90502398
189997393,GCST90502212
190050940,GCST90502436
163045045,GCST90475285
190029573,GCST90502347
163030926,GCST90475226
190057435,GCST90502462
80640718,GCST011639
190010476,GCST90502254
119757830,GCST90244935
190048088,GCST90502424
189920888,GCST90502030
190099583,GCST90502711
190068303,GCST90502529
101960773,GCST90179148
134164271,GCST90435412
191363899,GCST90565843
64082985,GCST90002388
62651316,GCST90002316
36604091,GCST007096
131339018,GCST90321120
132480438,GCST90429186
193099015,GCST90102553
131616022,GCST90428119
163391970,GCST90480074
36459291,GCST007074
101690050,GCST90239729
188098753,GCST90468097
190052090,GCST90502437
190049623,GCST90502425
190000370,GCST90502218
190080332,GCST90502606
190098218,GCST90502710
189988508,GCST90502186
189911814,GCST90502010
189968201,GCST90502134
189990993,GCST90502192
189958983,GCST90502101
189956075,GCST90502095
190083188,GCST90502618
189997378,GCST90502212
189971392,GCST90502140
189920878,GCST90502030
189923933,GCST90502036
189943335,GCST90502069
189949651,GCST90502082
80056072,GCST006614
34702219,GCST006573
214131041,GCST90693318
62505763,GCST90002372
188103922,GCST90468099
102228064,GCST90244009
106265548,GCST90270117
164789559,GCST90315088
164761499,GCST90313713
164792347,GCST90315223
164771835,GCST90314218
164794691,GCST90315349
164753219,GCST90313292
164791915,GCST90315214
164792147,GCST90315220
189886619,GCST90624687
5918,GCST000138
14755027,GCST000134
11811,GCST000132
5935,GCST000139
189981548,GCST90502168
216787820,GCST90448622
97301470,GCST90104007
189994296,GCST90502207
189906280,GCST90501999
97300559,GCST90104004
190078445,GCST90502596
190107395,GCST90502749
97301213,GCST90104006
189903793,GCST90501991
190076102,GCST90502570
190096153,GCST90502700
190089254,GCST90502648
190005876,GCST90502231
190003837,GCST90502225
189985825,GCST90502181
97300466,GCST90104003
97300876,GCST90104005
190007417,GCST90502233
189979103,GCST90502155
190108238,GCST90502752
216787815,GCST90448622
100869511,GCST90027079
40931818,GCST007269
188337406,GCST90470085
90542505,GCST90016673
63831044,GCST90012110
63826920,GCST90012111
189953402,GCST90502090
190052080,GCST90502437
189951586,GCST90502088
189935982,GCST90502056
189938675,GCST90502062
189943345,GCST90502069
189898875,GCST90501978
189949661,GCST90502082
189945406,GCST90502075
190078705,GCST90502597
190089461,GCST90502649
190062989,GCST90502503
190018964,GCST90502295
190096541,GCST90502701
190081690,GCST90502607
88936972,GCST90020095
64733460,GCST012089
133181518,GCST90399896
188008250,GCST90570687
165688985,GCST90528077
62498323,GCST90002302
62515480,GCST90002298
190052075,GCST90502437
189935977,GCST90502056
190049613,GCST90502425
189938670,GCST90502062
189943340,GCST90502069
189911798,GCST90502010
189968191,GCST90502134
190058410,GCST90502463
189898869,GCST90501978
190042704,GCST90502399
189949656,GCST90502082
189956065,GCST90502095
189945401,GCST90502075
190044655,GCST90502411
190084496,GCST90502619
189997368,GCST90502212
189971377,GCST90502140
190081670,GCST90502607
189920868,GCST90502030
218095151,GCST90838671
64397913,GCST90002401
218087191,GCST90838669
218606710,GCST90830050
218631821,GCST90830750
218607862,GCST90830043
218640622,GCST90830828
218633644,GCST90830782
218635948,GCST90830853
218636350,GCST90830860
218614095,GCST90830224
218632166,GCST90830753
218608411,GCST90830044
218612645,GCST90830213
218634666,GCST90830791
218632259,GCST90830737
218635183,GCST90830846
218635359,GCST90830801
218637271,GCST90830865
218667137,GCST90831766
218633946,GCST90830785
218637053,GCST90830859
216901177,GCST90828050
94870802,GCST90094908
216850022,GCST90827881
216815294,GCST90827765
216816463,GCST90827769
216818444,GCST90827775
216841172,GCST90827848
216823269,GCST90827795
63838896,GCST90012106
216815026,GCST90827764
90543038,GCST90016666
214369790,GCST90453398
100354338,GCST90134423
216878566,GCST90827975
216840661,GCST90827846
216830980,GCST90827813
216845942,GCST90827865
133850955,GCST90301953
216841837,GCST90827850
216846533,GCST90827867
216869849,GCST90827944
215468864,GCST90501117
191183330,GCST90651047
216831538,GCST90827815
216839504,GCST90827840
216824000,GCST90827797
216847867,GCST90827872
216853069,GCST90827893
216845372,GCST90827863
216815883,GCST90827767
216814237,GCST90827762
218975170,GCST90838681
216822185,GCST90827791
216855315,GCST90827897
96140970,GCST90092836
216832821,GCST90827817
96177548,GCST90092935
96158846,GCST90092881
21887933,GCST004607
93494115,GCST90018946
34713681,GCST006569
162973455,GCST90482704
190056405,GCST90502451
189951596,GCST90502088
189935992,GCST90502056
189938685,GCST90502062
189943355,GCST90502069
189898887,GCST90501978
190042714,GCST90502399
189949671,GCST90502082
189945416,GCST90502075
190048083,GCST90502424
41310403,GCST004988
63547782,GCST010797
190049618,GCST90502425
190021562,GCST90502307
190009582,GCST90502243
63615783,GCST012020
27398487,GCST005308
103224499,GCST90245845
118832132,GCST90277253
106250543,GCST90244251
106257869,GCST90244546
106249757,GCST90244203
64732690,GCST012091
191857011,GCST90662896
103219340,GCST90245844
16573814,GCST003486
64401612,GCST90002400
104963339,GCST90267284
106253091,GCST90244387
34604052,GCST006291
163039344,GCST90475265
163163364,GCST90475569
97982163,GCST90100220
188008034,GCST90570681
163372905,GCST90479784
97036824,GCST90103634
188009342,GCST90570703
94175891,GCST90089422
188040275,GCST90468067
163372943,GCST90479785
166016677,GCST90566733
163170911,GCST90475658
162991844,GCST90475094
188007656,GCST90570673
163163347,GCST90475568
215519602,GCST90501195
188009112,GCST90570701
188007493,GCST90570671
162993925,GCST90475097
166020736,GCST90566737
163172727,GCST90475667
162989311,GCST90475091
100544054,GCST90128471
188134135,GCST90468173
35924,GCST002149
64334989,GCST90002404
188331063,GCST90469991
118835163,GCST90277400
118831952,GCST90277247
106257822,GCST90244545
106257387,GCST90244531
188168547,GCST90468368
106389154,GCST90269544
188385233,GCST90470686
106389665,GCST90269547
106257748,GCST90244544
106257409,GCST90244532
100111038,GCST90133361
106374337,GCST90239821
188317950,GCST90469844
188343710,GCST90470177
106257864,GCST90244546
100111287,GCST90133362
188384799,GCST90470684
118835397,GCST90277408
101166069,GCST90140066
188281011,GCST90469482
133851230,GCST90301956
118835636,GCST90277416
118835547,GCST90277413
106390893,GCST90269556
163306117,GCST90479516
129241157,GCST90319499
98448163,GCST90131905
35723320,GCST006803
188005928,GCST90016619
191185106,GCST90399396
191186205,GCST90399398
98446765,GCST90131904
105595015,GCST90270342
64410568,GCST90002397
189877368,GCST90565128
10079573,GCST002647
188006226,GCST90016624
63785932,GCST010988
55735531,GCST009871
190060239,GCST90502467
93083171,GCST90056183
106257832,GCST90244545
106250812,GCST90244266
106257753,GCST90244544
118834986,GCST90277394
118834903,GCST90277390
118835136,GCST90277399
118835109,GCST90277398
118834881,GCST90277389
118835505,GCST90277412
118834820,GCST90277386
188264099,GCST90469357
63822806,GCST90012114
104950567,GCST90267554
55735484,GCST009871
188136919,GCST90468175
188135932,GCST90468174
189935972,GCST90502056
189943329,GCST90502069
189949646,GCST90502082
190056420,GCST90502451
189951611,GCST90502088
190058430,GCST90502463
189902111,GCST90501986
190060249,GCST90502467
189900704,GCST90501984
21889680,GCST004603
90542515,GCST90016673
56277476,GCST010243
189953397,GCST90502090
216750749,GCST90728570
190052070,GCST90502437
190056395,GCST90502451
190094226,GCST90502671
188216440,GCST90468857
101960765,GCST90179148
189951581,GCST90502088
189935961,GCST90502056
216675414,GCST90590317
188060246,GCST90468080
190049608,GCST90502425
192522478,GCST90566817
56273949,GCST010245
188095406,GCST90468096
190085613,GCST90502623
190062973,GCST90502503
216861139,GCST90827922
189947218,GCST90502077
189845045,GCST90454490
188035167,GCST90468063
190108944,GCST90502753
56275298,GCST010244
188232626,GCST90469035
189988487,GCST90502186
190021557,GCST90502307
190065611,GCST90502515
216866724,GCST90827932
189911787,GCST90502010
119389551,GCST90295949
189940613,GCST90502064
189908873,GCST90502004
189968181,GCST90502134
64342468,GCST90002402
216862297,GCST90827927
190009576,GCST90502243
104557330,GCST90248900
190085149,GCST90502622
190058405,GCST90502463
189902101,GCST90501986
189898863,GCST90501978
190011247,GCST90502255
190042699,GCST90502399
189949641,GCST90502082
119391479,GCST90295950
190061853,GCST90502502
188038633,GCST90468066
189958958,GCST90502101
188091716,GCST90468095
189956055,GCST90502095
188112151,GCST90468106
190091929,GCST90502659
93482133,GCST90018858
190016613,GCST90502285
190005871,GCST90502231
190003832,GCST90502225
190044650,GCST90502411
190001365,GCST90502220
190053965,GCST90502441
190018954,GCST90502295
188031411,GCST90468060
190084486,GCST90502619
188407723,GCST90470946
188225462,GCST90468918
216866918,GCST90827933
189972731,GCST90502142
190012477,GCST90502259
190060233,GCST90502467
188349626,GCST90470245
189997353,GCST90502212
190046418,GCST90502415
190102296,GCST90502723
188224911,GCST90468915
189971361,GCST90502140
190007407,GCST90502233
190081665,GCST90502607
188275087,GCST90469421
101963787,GCST90179149
190099558,GCST90502711
216785748,GCST90448599
190062984,GCST90502503
190099573,GCST90502711
191901566,GCST90662911
93516452,GCST90018959
95127750,GCST90000025
191363888,GCST90565843
136016446,GCST90309355
217561768,GCST90832990
41253067,GCST007468
106775026,GCST90281119
101971959,GCST90179150
166120093,GCST90483498
166117604,GCST90483487
63824010,GCST90012113
104119029,GCST90255621
106372299,GCST90239819
63832740,GCST90012109
63835327,GCST90012108
163326087,GCST90479604
163327186,GCST90479605
163051557,GCST90475297
163053776,GCST90475300
21892227,GCST004621
118862706,GCST90274713
163039956,GCST90475268
133856749,GCST90301983
133863209,GCST90302013
131783221,GCST90310295
133870370,GCST90302049
131777019,GCST90310294
63372865,GCST90012053
133864278,GCST90302017
133862672,GCST90302011
163152301,GCST90475517
134768311,GCST90091627
133851496,GCST90301957
133895723,GCST90302173
133862175,GCST90302009
35848158,GCST007142
35848153,GCST007142
133878721,GCST90302091
214079963,GCST90693212
163380910,GCST90479891
215444005,GCST90499543
92876349,GCST90054782
133891455,GCST90302150
133858167,GCST90301991
214357666,GCST90453106
94870329,GCST90094907
97859670,GCST90024564
133856458,GCST90301982
131759024,GCST90428730
133863751,GCST90302015
133855630,GCST90301979
133879745,GCST90302095
188009660,GCST90570707
133870922,GCST90302051
163034822,GCST90475232
35814643,GCST007141
35814638,GCST007141
133856162,GCST90301981
133863485,GCST90302014
166018663,GCST90566734
215459898,GCST90501107
133854721,GCST90301975
14981299,GCST002898
133869823,GCST90302047
133880839,GCST90302099
133868864,GCST90302043
215432066,GCST90499530
133875800,GCST90302075
163365193,GCST90479707
133892189,GCST90302154
133861678,GCST90302007
133870641,GCST90302050
97859653,GCST90024563
191865228,GCST90662899
163033013,GCST90475229
133873163,GCST90302062
133852523,GCST90301963
133855188,GCST90301977
163043700,GCST90475282
35853069,GCST007143
35853064,GCST007143
218629841,GCST90830715
218606723,GCST90830050
218624614,GCST90830629
218631836,GCST90830750
218607878,GCST90830043
218609296,GCST90830047
218631510,GCST90830732
218640645,GCST90830828
218636479,GCST90830861
218624781,GCST90830630
218632678,GCST90830739
218630072,GCST90830718
218635960,GCST90830853
218636366,GCST90830860
218631592,GCST90830733
218637433,GCST90830866
218601576,GCST90830033
218632181,GCST90830753
218607498,GCST90830054
218630682,GCST90830741
218631680,GCST90830734
218635822,GCST90830804
218634053,GCST90830837
218621299,GCST90830532
218632274,GCST90830737
218639707,GCST90830825
218635199,GCST90830846
218636074,GCST90830807
218628930,GCST90830663
218637826,GCST90830815
218637988,GCST90830816
218630862,GCST90830724
218638168,GCST90830819
218623159,GCST90830523
218632622,GCST90830738
218637282,GCST90830865
218630988,GCST90830727
218621336,GCST90830533
218633542,GCST90830836
218635383,GCST90830796
218624995,GCST90830634
218634103,GCST90830838
218629614,GCST90830705
218635044,GCST90830794
218640014,GCST90830827
218630914,GCST90830725
218638279,GCST90830820
218624279,GCST90830625
218623044,GCST90830563
218631271,GCST90830731
218638714,GCST90830822
218628729,GCST90830619
218627578,GCST90830609
218629318,GCST90830667
218637069,GCST90830859
218630428,GCST90830722
218624348,GCST90830626
218636736,GCST90830811
118863869,GCST90274714
118861077,GCST90274713
64607021,GCST011049
90726063,GCST90020028
216201548,GCST90302896
35131527,GCST006433
105023865,GCST90128518
36499845,GCST007066
36499849,GCST007066
16509502,GCST003344
119450275,GCST90310210
62307996,GCST011427
103245750,GCST90245848
97984029,GCST90100220
62493347,GCST90002308
62426236,GCST90002314
36096047,GCST007082
218077255,GCST90838669
100353505,GCST90134547
34996668,GCST006412
93521848,GCST90018963
134172754,GCST90435415
90810086,GCST012227
63947484,GCST90002405
103245770,GCST90245848
188358195,GCST90470342
188358190,GCST90470342
80390489,GCST90011768
35278198,GCST006524
43940,GCST002582
93499227,GCST90018949
41351982,GCST007704
41368200,GCST007706
47748362,GCST008758
101977171,GCST90132314
62089320,GCST010376
34996664,GCST006412
34634478,GCST006394
103221789,GCST90245845
104962589,GCST90267284
41171137,GCST007841
165023767,GCST90448483
64651573,GCST011119
132773623,GCST90320054
217875678,GCST90838662
30499463,GCST005580
103215125,GCST90245844
103245755,GCST90245848
62078096,GCST010340
103215120,GCST90245844
55687837,GCST009722
98313302,GCST90129592
55689688,GCST009725
98315041,GCST90129627
191890209,GCST90662908
104960020,GCST90267284
27238625,GCST005194
188144136,GCST90468178
188141021,GCST90468178
106191566,GCST90270260
55688724,GCST009724
162974427,GCST90482711
93514697,GCST90018959
134164579,GCST90435412
163402959,GCST90480289
134155804,GCST90435412
191340917,GCST90565843
119450269,GCST90310210
36524667,GCST007080
191340911,GCST90565843
41171129,GCST007841
188256945,GCST90469300
191290619,GCST90565837
191340923,GCST90565843
35131531,GCST006433
191340928,GCST90565843
163337435,GCST90479635
163339798,GCST90479636
191340933,GCST90565843
163334984,GCST90479634
106259245,GCST90270116
163100514,GCST90475368
188307628,GCST90469753
188256831,GCST90469300
165724880,GCST90566805
217875674,GCST90838662
62070612,GCST010343
162656621,GCST90449061
216545190,GCST90627749
217563638,GCST90832991
217765434,GCST90624635
104327764,GCST90258653
218077543,GCST90838669
136018750,GCST90309360
87296497,GCST90019504
87266316,GCST90019524
80392218,GCST011440
192895849,GCST90128425
36093709,GCST007081
41171133,GCST007841
62089129,GCST010376
34634473,GCST006394
188129739,GCST90468170
119451781,GCST90310211
164632834,GCST90492734
188140391,GCST90468178
134160216,GCST90435412
216279280,GCST90565484
138940759,GCST90278631
47886369,GCST008972
103245780,GCST90245848
64195278,GCST90002383
64192693,GCST90002384
103245735,GCST90245848
103245775,GCST90245848
188151244,GCST90468184
218092075,GCST90838671
218076647,GCST90838669
41333608,GCST007490
103284941,GCST90245848
93543738,GCST90018977
134158850,GCST90435412
163427238,GCST90480666
106267625,GCST90270118
165795281,GCST90569274
188237275,GCST90469107
188256051,GCST90469295
162645802,GCST90449056
36499841,GCST007066
136013105,GCST90309346
36485884,GCST007067
35965020,GCST006979
35584632,GCST006624
188263979,GCST90469357
188301608,GCST90469698
55689241,GCST009723
191898547,GCST90662910
165723040,GCST90566800
191340939,GCST90565843
191340906,GCST90565843
217557088,GCST90832990
41171125,GCST007841
103595658,GCST90245995
217557093,GCST90832990
90726067,GCST90020028
188145822,GCST90468178
103245745,GCST90245848
191902776,GCST90662911
19701901,GCST004067
217629682,GCST90833051
93469750,GCST90018739
47845950,GCST008839
217628229,GCST90833050
105298607,GCST90270085
188137641,GCST90468176
55689734,GCST009725
34996660,GCST006412
119451787,GCST90310211
63373352,GCST90012062
103221784,GCST90245845
165025637,GCST90461907
131785501,GCST90310296
131772595,GCST90310294
40930578,GCST007269
131785506,GCST90310296
103245760,GCST90245848
188256771,GCST90469300
119124642,GCST90244095
216301803,GCST90705072
62630951,GCST90002304
62632754,GCST90002310
101445734,GCST90002403
191873744,GCST90662903
143802859,GCST90455669
191879347,GCST90662905
93510409,GCST90018957
22075915,GCST004601
143804940,GCST90455676
191838152,GCST90662873
188052186,GCST90468075
135009980,GCST90428446
21838627,GCST004615
64195282,GCST90002383
93517541,GCST90018960
93535889,GCST90018971
21837121,GCST004604
131723482,GCST90319906
61935764,GCST010083
188113413,GCST90468107
166019321,GCST90566734
62502966,GCST90002367
36507281,GCST007069
188050794,GCST90468074
135015809,GCST90428448
64192697,GCST90002384
188100795,GCST90468098
131721246,GCST90319904
166021519,GCST90566737
62742106,GCST90002363
191876753,GCST90662904
30499372,GCST005580
35965024,GCST006979
191885895,GCST90662907
217649407,GCST90833063
103245765,GCST90245848
17325849,GCST003518
55309658,GCST009462
64189798,GCST90002385
131779595,GCST90310295
36100665,GCST007087
131772590,GCST90310294
162651727,GCST90449057
36518743,GCST007072
95994923,GCST90100572
95995122,GCST90100573
95995419,GCST90100574
191892933,GCST90662909
90613094,GCST012226
55724029,GCST009867
80637499,GCST90014033
34602363,GCST006065
106378782,GCST90239826
106377431,GCST90239824
100041121,GCST90132903
93537773,GCST90018972
100044177,GCST90132904
131535517,GCST90320688
188358025,GCST90470342
188301718,GCST90469698
101792021,GCST90239829
119451775,GCST90310211
162973618,GCST90482705
188221653,GCST90468896
45604964,GCST007928
132774127,GCST90320055
163315334,GCST90479553
62733931,GCST010774
104165976,GCST90250905
30499569,GCST005580
104571534,GCST90249622
188316943,GCST90469828
188388834,GCST90470724
188301850,GCST90469699
188357895,GCST90470342
217552347,GCST90832989
188277790,GCST90469445
188199908,GCST90468696
188298823,GCST90469673
103245740,GCST90245848
214063319,GCST90668074
214064508,GCST90668077
101976038,GCST90132314
27239983,GCST005196
188150362,GCST90468183
191910100,GCST90624050
218408983,GCST90841196
98438850,GCST90131903
98426818,GCST90131901
97474126,GCST90105038
188271168,GCST90469374
102104591,GCST90243985
102088358,GCST90243968
188271133,GCST90469374
188271138,GCST90469374
188271163,GCST90469374
34719690,GCST006568
80072830,GCST011891
80071113,GCST011902
218408633,GCST90841196
218408637,GCST90841196
61689616,GCST010002
218407388,GCST90841194
98438845,GCST90131903
62749313,GCST90002346
64416681,GCST90002395
188073300,GCST90468087
15751225,GCST003129
214164256,GCST90704952
214166799,GCST90704954
165217512,GCST90461957
102097371,GCST90243980
62206395,GCST010512
87265441,GCST90019524
166098372,GCST90572703
21889193,GCST004603
102110174,GCST90243985
102110168,GCST90243985
12719884,GCST001725
165387491,GCST90454204
24298134,GCST005537
41473260,GCST003044
15078936,GCST003043
101969418,GCST90179150
104114978,GCST90255621
49131090,GCST009004
62497899,GCST90002302
191878638,GCST90662904
131338743,GCST90321120
49134420,GCST009003
63785272,GCST010988
119087347,GCST90301650
36060922,GCST007039
55733065,GCST009871
134166437,GCST90435413
34721828,GCST006570
138232398,GCST90444487
91774536,GCST012465
47470793,GCST008363
117666023,GCST90292477
117662727,GCST90000062
87265898,GCST90019524
131787246,GCST90310296
130276873,GCST004612
36101638,GCST007087
131774762,GCST90310294
21894290,GCST004611
162647660,GCST90449056
134170482,GCST90435414
35228209,GCST006442
34706474,GCST006571
36075187,GCST007073
92410883,GCST90027058
131781337,GCST90310295
117666018,GCST90292477
101446604,GCST90002403
36101643,GCST007087
131774767,GCST90310294
117661316,GCST90000060
117662721,GCST90000062
117664175,GCST90292474
117664566,GCST90292475
64409375,GCST90002397
134171166,GCST90435415
117660946,GCST90000059
188043469,GCST90468069
188041557,GCST90468068
162862394,GCST90427814
165261284,GCST90565134
191875224,GCST90662903
101285485,GCST90002382
64201743,GCST90002381
62514990,GCST90002298
134133717,GCST90446792
134132409,GCST90292538
191185191,GCST90399396
36501360,GCST007066
35133428,GCST006433
35966469,GCST006979
101955645,GCST90179147
64341284,GCST90002402
62430465,GCST90002349
93528458,GCST90018967
135010919,GCST90428446
135016757,GCST90428448
163429310,GCST90480668
191006130,GCST90559246
96187221,GCST90092966
87308597,GCST90019496
96165597,GCST90092902
96217643,GCST90093044
96205481,GCST90093013
131756284,GCST90428729
54069354,GCST009151
189914396,GCST90502017
62203469,GCST010555
41333000,GCST007502
87288857,GCST90019509
102261443,GCST90205207
41332752,GCST007487
96219685,GCST90093050
96218217,GCST90093046
96215511,GCST90093038
87285507,GCST90019510
41333278,GCST007500
96148572,GCST90092853
189842587,GCST90454486
96217104,GCST90093042
41332441,GCST007483
164635204,GCST90492734
96219036,GCST90093048
101955640,GCST90179147
96218619,GCST90093047
47384799,GCST008996
87267356,GCST90019523
54995396,GCST009148
96169456,GCST90092914
189844306,GCST90454489
96216495,GCST90093040
96157675,GCST90092877
87265558,GCST90019524
101962884,GCST90179149
96138513,GCST90092829
96145340,GCST90092847
87311409,GCST90019495
214164263,GCST90704952
93465135,GCST90018714
10063822,GCST002772
131086970,GCST90328134
134098656,GCST90319320
17622437,GCST004030
131086126,GCST90328132
216546031,GCST90627749
165748690,GCST90503483
47741561,GCST008871
64745364,GCST90013410
47742072,GCST008870
105954274,GCST90271580
165748549,GCST90503482
217426303,GCST90832116
90711538,GCST90020029
90798122,GCST90020025
90786867,GCST90020024
90757665,GCST90020027
191006124,GCST90559246
23820,GCST000879
41247927,GCST007462
16032616,GCST003268
27279020,GCST005538
24674017,GCST005531
106422980,GCST90269693
106425083,GCST90269695
106421931,GCST90269692
106436936,GCST90269705
189843449,GCST90454488
190003179,GCST90502225
189904759,GCST90501997
96173713,GCST90092925
96188452,GCST90092969
90739600,GCST90020026
90729194,GCST90020028
87266575,GCST90019524
214367048,GCST90453324
214162474,GCST90704949
214165878,GCST90704953
64639718,GCST90013534
188413496,GCST90471035
216871577,GCST90827951
106386770,GCST90269532
216887517,GCST90828006
216849937,GCST90827881
216835752,GCST90827827
216877835,GCST90827973
106449780,GCST90269745
216854988,GCST90827896
216837234,GCST90827832
216884837,GCST90827997
216883296,GCST90827992
216886898,GCST90828004
96208073,GCST90093019
216878470,GCST90827975
106447185,GCST90269733
216836070,GCST90827828
216873986,GCST90827959
188033713,GCST90468061
216885145,GCST90827998
216877124,GCST90827970
216836744,GCST90827830
216884238,GCST90827995
96169873,GCST90092915
216883911,GCST90827994
216885473,GCST90827999
106445649,GCST90269725
216893093,GCST90828021
216882213,GCST90827987
96177458,GCST90092935
23309,GCST001622
98370914,GCST90131437
93485580,GCST90018921
214498030,GCST90572791
101117413,GCST90132222
45611459,GCST007932
217723616,GCST90837324
216548423,GCST90627750
93553000,GCST90018990
214165872,GCST90704953
165261078,GCST90565134
102818882,GCST90137411
216549372,GCST90627754
63948224,GCST90002405
188053668,GCST90468076
64187047,GCST90002386
64190518,GCST90002385
188059119,GCST90468079
64400521,GCST90002400
96178856,GCST90092941
45610259,GCST007931
45608473,GCST007930
214310036,GCST90624094
90711528,GCST90020029
215512709,GCST90501187
101322108,GCST90239649
215467122,GCST90501115
90798099,GCST90020025
163333002,GCST90479632
102262280,GCST90205223
215467993,GCST90501116
165023645,GCST90448480
119392521,GCST90295951
215511828,GCST90501184
56278970,GCST010242
36486437,GCST007067
163249355,GCST90476435
56275321,GCST010244
163439630,GCST90480718
101325118,GCST90239652
138523519,GCST90444202
163440185,GCST90480719
119389401,GCST90295949
215466196,GCST90501114
163070337,GCST90475352
90638862,GCST012229
55718918,GCST009858
47381270,GCST008994
216880364,GCST90827981
215564771,GCST90501272
163333794,GCST90479633
216878823,GCST90827976
119391334,GCST90295950
215514601,GCST90501188
215455840,GCST90501098
215468854,GCST90501117
55725412,GCST009867
101335555,GCST90239664
163250732,GCST90476439
80056403,GCST006613
217564555,GCST90832991
163066656,GCST90475348
163439032,GCST90480717
215515437,GCST90501189
101332935,GCST90239661
215568979,GCST90501280
163073503,GCST90475356
215510011,GCST90501182
56272240,GCST010241
93509205,GCST90018956
215513685,GCST90501186
216879712,GCST90827979
90786857,GCST90020024
47383100,GCST008997
188178717,GCST90468513
163332182,GCST90479631
90757640,GCST90020027
188096776,GCST90468096
188093349,GCST90468095
102110186,GCST90243985
102110151,GCST90243985
102110156,GCST90243985
100542036,GCST90139385
93038663,GCST90061435
95154606,GCST004866
90539713,GCST90002393
88178776,GCST90013445
88178550,GCST90013445
118724080,GCST90296427
34993364,GCST006287
118725221,GCST90296430
55975428,GCST010136
188149737,GCST90468183
93499897,GCST90018949
188120165,GCST90468158
98195788,GCST008047
188124081,GCST90468161
188122839,GCST90468160
188147436,GCST90468180
217553313,GCST90832989
62501054,GCST90002361
188129634,GCST90468170
188119238,GCST90468157
138724252,GCST90446645
216281887,GCST90246230
62658793,GCST90002340
90711512,GCST90020029
90786837,GCST90020024
102092432,GCST90243968
35673053,GCST006660
163423349,GCST90480652
130276869,GCST004612
22666766,GCST004628
21894285,GCST004611
64184233,GCST90002387
93209401,GCST90025970
64187043,GCST90002386
93209488,GCST90025971
64190514,GCST90002385
188058969,GCST90468079
102120579,GCST90243989
163137943,GCST90475474
62656508,GCST90002334
62489793,GCST90002326
62434688,GCST90002338
102099658,GCST90243984
36508590,GCST007069
163356615,GCST90479676
163122785,GCST90475450
163357771,GCST90479677
188102135,GCST90468098
163353176,GCST90479673
163354312,GCST90479674
62742715,GCST90002363
62653470,GCST90002322
36480305,GCST007068
93210629,GCST90025984
93545982,GCST90018978
191883021,GCST90662906
36466606,GCST007070
93520714,GCST90018962
90711550,GCST90020029
90798134,GCST90020025
90739615,GCST90020026
90729202,GCST90020028
90786875,GCST90020024
90757677,GCST90020027
218066872,GCST90838663
214156506,GCST90704614
165657216,GCST90565590
214164249,GCST90704952
93347477,GCST90061440
96147483,GCST90092851
96187673,GCST90092967
215607650,GCST90501340
96174185,GCST90092926
215519211,GCST90501192
96197029,GCST90092992
215501894,GCST90501167
189961614,GCST90502121
215571528,GCST90501284
215463123,GCST90501111
215570381,GCST90501282
215507267,GCST90501179
215480052,GCST90501134
215601173,GCST90501328
215497727,GCST90501158
96146891,GCST90092850
96156364,GCST90092874
215565792,GCST90501273
215596429,GCST90501321
215511022,GCST90501185
215599145,GCST90501327
96209731,GCST90093023
96163357,GCST90092897
215602275,GCST90501330
96144803,GCST90092846
215575256,GCST90501292
215555822,GCST90501256
215560864,GCST90501265
93541185,GCST90018975
215496630,GCST90501156
215538568,GCST90501231
215487669,GCST90501143
191851024,GCST90662893
215504273,GCST90501171
189982978,GCST90502173
189979934,GCST90502160
189930479,GCST90502049
96175586,GCST90092929
96172270,GCST90092921
215597316,GCST90501323
96208490,GCST90093020
189963889,GCST90502127
96143609,GCST90092844
215523857,GCST90501205
189974774,GCST90502147
215581108,GCST90501298
64079016,GCST90002389
215490978,GCST90501147
96170692,GCST90092917
96153660,GCST90092867
215521576,GCST90501199
189841723,GCST90454484
188050282,GCST90468073
215573548,GCST90501289
215592809,GCST90501314
96146379,GCST90092849
215574420,GCST90501291
96167921,GCST90092909
215530374,GCST90501217
215583155,GCST90501301
215498313,GCST90501161
215587485,GCST90501307
96143042,GCST90092842
215591822,GCST90501313
96157278,GCST90092876
215495909,GCST90501157
96148050,GCST90092852
96216033,GCST90093039
96140116,GCST90092834
63838434,GCST90012106
215509155,GCST90501183
215603222,GCST90501332
96149406,GCST90092855
96201348,GCST90093004
80057864,GCST006611
188191562,GCST90468623
215524613,GCST90501204
215472048,GCST90501122
215488660,GCST90501142
188048315,GCST90468072
215595107,GCST90501319
215529302,GCST90501215
215560313,GCST90501264
215493203,GCST90501151
215502625,GCST90501166
215540422,GCST90501235
190087152,GCST90502633
215589759,GCST90501311
215477509,GCST90501131
96139337,GCST90092832
96204517,GCST90093011
96193599,GCST90092979
215489726,GCST90501145
215605676,GCST90501337
215481233,GCST90501137
96154122,GCST90092868
215537877,GCST90501230
189977531,GCST90502153
215594186,GCST90501316
189984847,GCST90502179
102261089,GCST90205205
96138026,GCST90092828
96211309,GCST90093027
96208832,GCST90093021
96183439,GCST90092955
190075321,GCST90502567
215604905,GCST90501336
96192963,GCST90092978
189840828,GCST90454483
215600367,GCST90501329
215557342,GCST90501259
96210168,GCST90093024
96212912,GCST90093031
56270118,GCST010173
215586168,GCST90501305
215561550,GCST90501267
215593385,GCST90501317
215531946,GCST90501219
215532682,GCST90501218
96144221,GCST90092845
215584982,GCST90501302
96136178,GCST90092824
215464199,GCST90501112
215548448,GCST90501244
215518450,GCST90501193
96212088,GCST90093029
102262506,GCST90205226
191854113,GCST90662894
189927273,GCST90502043
215519632,GCST90501195
215550738,GCST90501251
215501193,GCST90501165
215588036,GCST90501306
215483325,GCST90501139
188112811,GCST90468106
190072912,GCST90502555
215526611,GCST90501209
96171501,GCST90092919
96204010,GCST90093010
106263396,GCST90270116
190038749,GCST90502385
190037388,GCST90502384
96161447,GCST90092893
215558324,GCST90501261
215589268,GCST90501308
215563553,GCST90501268
215547417,GCST90501245
96182912,GCST90092954
96191738,GCST90092977
215499901,GCST90501162
190005342,GCST90502231
215507908,GCST90501180
215497171,GCST90501159
96185401,GCST90092961
215535247,GCST90501225
215606773,GCST90501338
96135711,GCST90092823
215474072,GCST90501126
190105083,GCST90502737
96156826,GCST90092875
96190020,GCST90092973
96162388,GCST90092895
215582134,GCST90501300
215516678,GCST90501191
96209294,GCST90093022
96145862,GCST90092848
215482494,GCST90501136
188081499,GCST90468089
190035813,GCST90502373
96166059,GCST90092903
93512588,GCST90018958
102700593,GCST90244680
215525444,GCST90501207
96203006,GCST90093008
96202207,GCST90093006
96200394,GCST90093002
215575997,GCST90501293
64409370,GCST90002397
215470906,GCST90501119
215484371,GCST90501138
96155645,GCST90092872
215503692,GCST90501168
96205024,GCST90093012
96150120,GCST90092857
215476783,GCST90501132
135043080,GCST90435481
96178539,GCST90092940
215465325,GCST90501113
96203488,GCST90093009
96165200,GCST90092901
96207224,GCST90093017
96174647,GCST90092927
215559431,GCST90501263
215590410,GCST90501310
215473125,GCST90501124
96206345,GCST90093015
96158177,GCST90092878
215580177,GCST90501299
96223569,GCST90092822
215531110,GCST90501216
189919988,GCST90502030
215588777,GCST90501309
215604219,GCST90501334
215478806,GCST90501135
215485512,GCST90501140
215591106,GCST90501312
215553360,GCST90501257
215562662,GCST90501269
215498829,GCST90501160
96195002,GCST90092983
215579206,GCST90501296
190034301,GCST90502372
215577529,GCST90501294
215486733,GCST90501141
96210927,GCST90093026
189923182,GCST90502036
215470075,GCST90501118
96200891,GCST90093003
215500552,GCST90501164
215583986,GCST90501303
215527693,GCST90501211
190068029,GCST90502529
96151578,GCST90092861
101446600,GCST90002403
106442215,GCST90269710
106433043,GCST90269702
216898393,GCST90828041
106375846,GCST90239822
106425903,GCST90269696
216846089,GCST90827866
106434515,GCST90269703
106438618,GCST90269707
106444642,GCST90269719
216819963,GCST90827781
216899018,GCST90828043
106429472,GCST90269699
106430988,GCST90269700
216899613,GCST90828045
216819374,GCST90827779
218093647,GCST90838671
218081459,GCST90838669
103261352,GCST90245848
93532396,GCST90018969
41276075,GCST007474
41252269,GCST007468
214132072,GCST90693328
88182647,GCST011991
62631398,GCST90002304
64195909,GCST90002383
55719004,GCST009858
36473680,GCST007065
102110162,GCST90243985
102110180,GCST90243985
17797,GCST001010
100083237,GCST90132979
102116993,GCST90243988
97055705,GCST90103740
118328125,GCST90281215
118328357,GCST90281216
24294379,GCST004785
55598080,GCST009597
80685306,GCST012338
87265393,GCST90019524
102092408,GCST90243968
62493752,GCST90002308
165005073,GCST90013791
192539867,GCST90624103
102092426,GCST90243968
105701347,GCST90270940
188113598,GCST90468107
90798145,GCST90020025
90757690,GCST90020027
62747003,GCST90002357
188113658,GCST90468107
90798118,GCST90020025
90739610,GCST90020026
90729198,GCST90020028
90757661,GCST90020027
102092414,GCST90243968
93471481,GCST90018742
216549640,GCST90627755
102092420,GCST90243968
90798139,GCST90020025
62180858,GCST010557
90757682,GCST90020027
188356072,GCST90470318
188356077,GCST90470318
191006118,GCST90559246
93505423,GCST90018953
191880302,GCST90662905
93517911,GCST90018960
62503519,GCST90002367
101967123,GCST90179150
35673617,GCST006660
41394866,GCST007565
98439240,GCST90131903
101950135,GCST90179146
98427808,GCST90131901
30568167,GCST005830
119955775,GCST90319327
97476834,GCST90105038
188005661,GCST90016618
62251966,GCST010645
100083670,GCST90132983
64639138,GCST011124
188256071,GCST90469295
94064467,GCST90061421
62309509,GCST011427
98439251,GCST90131903
98427814,GCST90131901
35748892,GCST006923
35753182,GCST006924
98427850,GCST90131901
98439267,GCST90131903
98427856,GCST90131901
131628106,GCST90428121
217552219,GCST90832989
131616103,GCST90428119
98383779,GCST90094833
98384205,GCST90094837
104955277,GCST90267268
41175093,GCST007325
47506797,GCST008413
47506782,GCST008413
164569669,GCST90492678
164573211,GCST90492679
164566110,GCST90492677
100544280,GCST90128471
47107836,GCST007988
31669708,GCST006942
55471257,GCST009463
104111191,GCST90255621
36059850,GCST007039
104111207,GCST90255621
15059626,GCST003048
88936558,GCST90020095
38449703,GCST007201
103245050,GCST90245848
47228919,GCST007983
119091380,GCST90301650
36059846,GCST007039
104111202,GCST90255621
55731263,GCST009871
93495019,GCST90018947
38449709,GCST007201
131348970,GCST90321121
63618561,GCST012033
97476828,GCST90105038
100399957,GCST90104339
34710553,GCST006571
165144830,GCST90554825
62253375,GCST010640
188256061,GCST90469295
102105812,GCST90243985
165818216,GCST90569458
35226833,GCST006442
165820325,GCST90569468
99814011,GCST90132260
191130027,GCST90627736
98381895,GCST90094785
98380530,GCST90094753
215495659,GCST90501157
215471763,GCST90501122
188135897,GCST90468174
188119113,GCST90468157
134166398,GCST90435413
216827131,GCST90827800
98381272,GCST90094772
95987225,GCST90100570
55731035,GCST009871
41394872,GCST007565
41378364,GCST007576
106035983,GCST90270074
188256021,GCST90469295
188256031,GCST90469295
47757165,GCST008744
34710558,GCST006571
131627884,GCST90428121
138229574,GCST90444487
131616609,GCST90428119
62081372,GCST010340
62069090,GCST010343
131628465,GCST90428121
98427832,GCST90131901
97476846,GCST90105038
97476852,GCST90105038
131343793,GCST90321120
188005844,GCST90016619
34703140,GCST006573
34715070,GCST006569
104111197,GCST90255621
27440558,GCST005325
17543839,GCST003766
27438960,GCST005328
17543159,GCST003766
15059477,GCST003048
103595609,GCST90245995
163418901,GCST90480642
88936144,GCST90020094
56279830,GCST010242
100082485,GCST90132943
103245045,GCST90245848
93498997,GCST90018949
191895672,GCST90662910
98439246,GCST90131903
132519955,GCST90432061
99813723,GCST90132260
188149837,GCST90468183
136010261,GCST90309342
188148385,GCST90468182
131348575,GCST90321121
15059443,GCST003048
21964953,GCST004521
191128835,GCST90627735
191129794,GCST90627736
98427820,GCST90131901
47702242,GCST008595
62252944,GCST010641
188267844,GCST90469357
191129937,GCST90627736
37783,GCST002149
97060162,GCST90103929
41395249,GCST007565
88928168,GCST90000047
62253380,GCST010640
47228923,GCST007983
64733248,GCST012089
21966150,GCST004521
93037761,GCST90061435
38450841,GCST007201
38449849,GCST007201
47450999,GCST008459
24729265,GCST004946
62252949,GCST010641
55592354,GCST009600
38450835,GCST007201
24729733,GCST004946
102089321,GCST90243968
188266029,GCST90469357
191128822,GCST90627735
64733244,GCST012089
189881439,GCST90624549
55291049,GCST009337
191128754,GCST90627735
191129748,GCST90627736
191372213,GCST90565845
218076175,GCST90838669
34624485,GCST006099
101954797,GCST90179147
36160083,GCST007326
131616592,GCST90428119
61998808,GCST009777
96767912,GCST90029070
98384971,GCST90094851
98380130,GCST90094742
98382124,GCST90094791
98383681,GCST90094831
98439257,GCST90131903
131342733,GCST90321120
18372,GCST001099
97476840,GCST90105038
101967129,GCST90179150
105994698,GCST009731
98427826,GCST90131901
98427838,GCST90131901
98439262,GCST90131903
98427844,GCST90131901
41394897,GCST007565
163376680,GCST90479839
100544158,GCST90128471
47109014,GCST007988
80714676,GCST011767
165014091,GCST90503210
62078630,GCST010340
188005840,GCST90016619
132521211,GCST90432063
10059829,GCST002539
15059367,GCST003048
64732548,GCST012091
35723338,GCST006803
55592881,GCST009600
34723684,GCST006570
34720158,GCST006568
36050626,GCST007037
63777067,GCST010989
63784659,GCST010988
55291054,GCST009337
55291059,GCST009337
41174745,GCST007325
131348395,GCST90321121
103284826,GCST90245848
138723084,GCST90446645
131084246,GCST90328131
119091386,GCST90301650
63784663,GCST010988
119091391,GCST90301650
35923,GCST002149
131348815,GCST90321121
27440048,GCST005323
96063738,GCST90101758
217552295,GCST90832989
35805398,GCST006912
165283413,GCST90565151
165284527,GCST90565159
165285003,GCST90565160
165282278,GCST90565147
165282907,GCST90565148
165283894,GCST90565152
134165773,GCST90435413
62251971,GCST010645
38449829,GCST007201
165802881,GCST90569373
165786295,GCST90569031
36103206,GCST007083
165787094,GCST90569061
215537252,GCST90501230
93508710,GCST90018956
215571123,GCST90501284
215595754,GCST90501321
215594467,GCST90501319
215476138,GCST90501132
97474856,GCST90105038
93537588,GCST90018972
163418686,GCST90480639
165776770,GCST90568656
62306902,GCST011427
94874120,GCST90032190
132521466,GCST90432063
100353439,GCST90134546
40882289,GCST007335
214308356,GCST90624094
132520315,GCST90432061
132520799,GCST90432062
104115120,GCST90255621
191907025,GCST90662912
34602712,GCST006289
35327915,GCST006631
34941556,GCST006250
218410313,GCST90841196
131329573,GCST90321120
214313856,GCST90624094
165809837,GCST90569450
90534450,GCST90020047
217455450,GCST90832185
94878457,GCST90032507
97485264,GCST90105038
100353640,GCST90134549
218407476,GCST90841194
97485269,GCST90105038
34716847,GCST006568
34706572,GCST006571
34712849,GCST006569
97485275,GCST90105038
104958882,GCST90267280
102110363,GCST90243985
102092593,GCST90243968
102110358,GCST90243985
88928763,GCST90000047
93038703,GCST90061435
165809078,GCST90569450
62087475,GCST010378
34603691,GCST006291
29449,GCST001858
17945568,GCST003997
34704150,GCST006574
218404337,GCST90841193
34721856,GCST006570
34602661,GCST006289
61690652,GCST010002
163435243,GCST90480703
106073511,GCST90274905
103220385,GCST90245844
91686998,GCST90027240
35278128,GCST006524
34995397,GCST006287
103281451,GCST90245848
61691539,GCST010002
62069396,GCST010343
41253163,GCST007468
102070411,GCST90091188
131331528,GCST90321120
102095500,GCST90243968
93039539,GCST90061435
36160535,GCST007326
34604146,GCST006291
103289575,GCST90245848
102114470,GCST90243985
102114476,GCST90243985
102692990,GCST90244659
188261744,GCST90469357
23028,GCST001603
62307088,GCST011427
162564365,GCST90472760
162564938,GCST90472769
162565046,GCST90472770
162564715,GCST90472765
191677113,GCST90652506
163385470,GCST90479956
62074218,GCST010341
191848790,GCST90662892
102227459,GCST90244008
191869631,GCST90662901
191856717,GCST90662895
191836375,GCST90662867
101327076,GCST90239655
93547446,GCST90018979
101337435,GCST90239667
101342147,GCST90239673
90709856,GCST90020029
90785575,GCST90020024
98439698,GCST90131903
10076208,GCST002599
131336888,GCST90321120
101345356,GCST90239675
10064993,GCST002541
36528342,GCST007084
102089867,GCST90243968
94082771,GCST90001771
94082691,GCST90001765
31575392,GCST005847
93037932,GCST90061435
102089843,GCST90243968
102089861,GCST90243968
218062721,GCST90824108
34969897,GCST006476
35339286,GCST006940
106006925,GCST90266936
91626896,GCST012354
36159613,GCST007327
218405582,GCST90841193
98428852,GCST90131901
98428858,GCST90131901
97852567,GCST90024300
119091618,GCST90301650
191128794,GCST90627735
36060070,GCST007039
191130277,GCST90627736
55731450,GCST009871
36594431,GCST007338
36596620,GCST007340
36595502,GCST007339
36592790,GCST007341
36593489,GCST007337
119364228,GCST90308765
101661330,GCST90239706
41136126,GCST007342
138944360,GCST90278638
214311016,GCST90624094
102106504,GCST90243985
102106510,GCST90243985
104112085,GCST90255621
191832652,GCST90662856
188262634,GCST90469357
93542204,GCST90018976
64699979,GCST011346
96062755,GCST90101752
96062251,GCST90101749
101397743,GCST90239693
49137030,GCST009001
188273647,GCST90469401
47109107,GCST007988
100085086,GCST90133001
138946471,GCST90278644
102089849,GCST90243968
131335363,GCST90321120
131623823,GCST90428120
97478435,GCST90105038
131348215,GCST90321121
102106498,GCST90243985
49128477,GCST009004
98436731,GCST90131902
119086207,GCST90301649
103248071,GCST90245848
102226711,GCST90244006
36087602,GCST007078
93462750,GCST90018619
218409208,GCST90841196
132207182,GCST90428893
163408883,GCST90480417
188268689,GCST90469357
101329916,GCST90239658
188333593,GCST90470026
101367422,GCST90239609
98428841,GCST90131901
98439703,GCST90131903
98428846,GCST90131901
94875295,GCST90032278
41230290,GCST007388
97858079,GCST90024481
96063312,GCST90101756
102106486,GCST90243985
102106492,GCST90243985
41247746,GCST007462
41251650,GCST007468
131339423,GCST90321120
192546958,GCST90624107
129422510,GCST90319540
163371938,GCST90479760
165797804,GCST90569309
191834109,GCST90662859
191854233,GCST90662894
131617956,GCST90428119
41275734,GCST007474
63950077,GCST011703
119955848,GCST90319327
216827261,GCST90827800
188273652,GCST90469401
101058518,GCST90179477
188273662,GCST90469401
188273667,GCST90469401
101348065,GCST90239676
93495104,GCST90018947
188273672,GCST90469401
188273682,GCST90469401
101967562,GCST90179150
96113447,GCST008810
34991526,GCST006287
102106516,GCST90243985
118724962,GCST90296430
62317858,GCST011427
101368259,GCST90239612
131340808,GCST90321120
93502470,GCST90018951
62170641,GCST010416
36160158,GCST007326
101338975,GCST90239669
34703260,GCST006573
34715282,GCST006569
165791705,GCST90569242
191838497,GCST90662873
62315947,GCST011427
93492991,GCST90018945
119264340,GCST90302922
191907835,GCST90662912
138723298,GCST90446645
34969407,GCST006476
27439892,GCST005323
91626761,GCST012354
41453604,GCST007709
27439295,GCST005324
36528117,GCST007084
36592364,GCST007341
98423381,GCST90131901
34969662,GCST006476
63619088,GCST010859
91686451,GCST90027240
135078869,GCST90449006
56258703,GCST010017
41135978,GCST007342
62170510,GCST010416
41453615,GCST007709
55592213,GCST009600
34713747,GCST006569
135079254,GCST90449009
35338981,GCST006940
61684494,GCST010123
27440958,GCST005326
101044530,GCST90058037
34702255,GCST006573
34971129,GCST006478
98437475,GCST90131903
34718183,GCST006568
35338199,GCST006945
101661054,GCST90239706
47108497,GCST007988
119954723,GCST90319327
36594043,GCST007338
36593347,GCST007337
104321168,GCST90258647
34970717,GCST006476
34970472,GCST006476
41453610,GCST007709
41453620,GCST007709
36596125,GCST007340
36594981,GCST007339
34969527,GCST006476
100086697,GCST90133024
64732762,GCST012090
189882377,GCST90624575
97465499,GCST90105038
27440546,GCST005325
98157550,GCST005232
131084375,GCST90328131
14962777,GCST003447
34969477,GCST006476
132519640,GCST90432061
106035611,GCST90270074
131814986,GCST90428866
131345908,GCST90321120
102112763,GCST90243985
102094275,GCST90243968
34994726,GCST006287
165148036,GCST90503115
165148048,GCST90503115
100544357,GCST90128471
62080544,GCST010340
41174467,GCST007325
104374970,GCST90264174
100400172,GCST90104339
71815044,GCST011494
101970911,GCST90179150
49136606,GCST009001
49129356,GCST009004
138234084,GCST90444487
103273074,GCST90245848
41132429,GCST007429
62087951,GCST010378
63785692,GCST010988
103288472,GCST90245848
21964816,GCST004521
47451059,GCST008459
35723588,GCST006803
104373615,GCST90264174
64732677,GCST012091
97489401,GCST90105038
47702771,GCST008595
188133775,GCST90468173
106208410,GCST90271719
101970917,GCST90179150
191302479,GCST90565839
63099492,GCST90011295
62082026,GCST010340
91774644,GCST012465
102094281,GCST90243968
119121588,GCST90244093
97859738,GCST90024568
97859709,GCST90024566
101054591,GCST90162547
55291524,GCST009337
191284899,GCST90565836
162783532,GCST90446168
104374521,GCST90264174
34713322,GCST006569
93039154,GCST90061435
41276321,GCST007474
41252777,GCST007468
64732672,GCST012091
88936929,GCST90020095
88936328,GCST90020094
138725087,GCST90446645
102114869,GCST90243986
35229057,GCST006442
17485675,GCST003677
35229061,GCST006442
97489395,GCST90105038
34942981,GCST006250
100283906,GCST90134330
34717573,GCST006568
104373753,GCST90264174
218411199,GCST90841196
218411204,GCST90841196
218411208,GCST90841196
61691169,GCST010002
218411213,GCST90841196
55734869,GCST009871
191906050,GCST90662912
93496444,GCST90018947
188266079,GCST90469357
218407279,GCST90841193
104117338,GCST90255621
164636394,GCST90492734
106269585,GCST90270118
36094924,GCST007081
41248039,GCST007462
102112768,GCST90243985
102112774,GCST90243985
165014908,GCST90503210
140312679,GCST90454355
218406780,GCST90841193
45575019,GCST008103
64637245,GCST011102
62253120,GCST010641
62083814,GCST010340
35229065,GCST006442
34707521,GCST006571
19389,GCST001257
34942586,GCST006250
217455629,GCST90832185
164571285,GCST90492678
164574657,GCST90492679
164567616,GCST90492677
36051622,GCST007037
106035977,GCST90270074
101054551,GCST90162547
104374224,GCST90264174
97489407,GCST90105038
132478667,GCST90429151
33398,GCST001913
165813580,GCST90569453
10059981,GCST002539
15059940,GCST003048
62253666,GCST010640
64733439,GCST012089
38451306,GCST007201
38449721,GCST007201
24729764,GCST004946
55592596,GCST009600
165808804,GCST90569450
47757599,GCST008744
165802011,GCST90569348
119088575,GCST90301650
36061666,GCST007039
55734864,GCST009871
217554002,GCST90832989
134167749,GCST90435413
104374230,GCST90264174
188262194,GCST90469357
63098440,GCST90011293
216298350,GCST90705071
136020473,GCST90309368
94873953,GCST90032177
41174530,GCST007325
62088017,GCST010378
136019382,GCST90309361
35904091,GCST007001
162647868,GCST90449056
35587287,GCST006628
131346380,GCST90321121
97485872,GCST90105038
35228381,GCST006442
34706690,GCST006571
97485878,GCST90105038
102110653,GCST90243985
62083148,GCST010340
22047,GCST001535
34712910,GCST006569
34701751,GCST006573
34712906,GCST006569
163387104,GCST90479988
131341513,GCST90321120
62085824,GCST010340
62070186,GCST010343
216761797,GCST90825983
217455476,GCST90832185
218406586,GCST90841193
218410425,GCST90841196
218410429,GCST90841196
34604025,GCST006291
218407110,GCST90841193
103264734,GCST90245848
36157353,GCST007324
71814963,GCST011494
103287376,GCST90245848
35674751,GCST006660
97485861,GCST90105038
64622537,GCST011880
93470300,GCST90018739
47845620,GCST008839
95158116,GCST90095189
93417750,GCST90042310
34701755,GCST006573
131775044,GCST90310294
73195968,GCST90013442
103264739,GCST90245848
100353756,GCST90134549
165789721,GCST90569205
97485855,GCST90105038
34721947,GCST006570
27408856,GCST005316
47491485,GCST008413
61690723,GCST010002
162783470,GCST90446168
34716926,GCST006568
102120686,GCST90243989
188266019,GCST90469357
10059856,GCST002539
47702332,GCST008595
15059454,GCST003048
64732581,GCST012091
62253478,GCST010640
64733286,GCST012089
21964418,GCST004521
188005677,GCST90016618
62252057,GCST010645
38450912,GCST007201
38449606,GCST007201
47450899,GCST008459
35723184,GCST006803
24728966,GCST004946
62253008,GCST010641
55592720,GCST009600
64733282,GCST012089
34723968,GCST006570
106035956,GCST90270074
162783789,GCST90446169
103251402,GCST90245848
34703344,GCST006573
34715440,GCST006569
34723972,GCST006570
34715445,GCST006569
97479885,GCST90105038
104178397,GCST90255681
191275325,GCST90651508
96063475,GCST90101757
61690120,GCST010002
117778930,GCST90093077
104112647,GCST90255621
131337173,GCST90321120
188156212,GCST90468218
188156262,GCST90468218
131342208,GCST90321120
56258772,GCST010017
34969122,GCST006476
31672213,GCST006950
55732153,GCST009871
166141833,GCST90565693
98436810,GCST90131902
36060266,GCST007039
62312182,GCST011427
101967940,GCST90179150
104172886,GCST90255366
102107410,GCST90243985
102107415,GCST90243985
102090452,GCST90243968
102107421,GCST90243985
119092279,GCST90301650
165014250,GCST90503210
100544016,GCST90128471
96758306,GCST90102256
34720641,GCST006568
189866669,GCST90565739
189867717,GCST90565742
35227337,GCST006442
164570116,GCST90492678
164573606,GCST90492679
34711147,GCST006571
164566526,GCST90492677
163384186,GCST90479935
218406049,GCST90841193
91667927,GCST90027898
102119716,GCST90243989
102119722,GCST90243989
97479879,GCST90105038
102090446,GCST90243968
61659439,GCST010278
88936671,GCST90020095
98157735,GCST005232
35339696,GCST006940
34705409,GCST006574
102099142,GCST90243984
102107404,GCST90243985
188156127,GCST90468218
36528362,GCST007084
55291139,GCST009337
218409410,GCST90841196
34604227,GCST006291
218404531,GCST90841193
102228546,GCST90244011
81141742,GCST011972
191834912,GCST90662863
47688350,GCST008603
23874,GCST000817
103246826,GCST90245848
41333485,GCST007485
217629724,GCST90833051
103212080,GCST90245843
47267710,GCST008053
138943328,GCST90278637
134159036,GCST90435412
21711076,GCST004564
191343015,GCST90565843
138939578,GCST90278626
217628264,GCST90833050
41333618,GCST007490
55460013,GCST009437
138940013,GCST90278629
98509065,GCST90131910
21716412,GCST004563
21716215,GCST004563
21709007,GCST004562
21708796,GCST004562
103221839,GCST90245845
191834640,GCST90662862
81141596,GCST011972
81141584,GCST011972
81141567,GCST011972
163443983,GCST90480726
102070893,GCST90091181
106258550,GCST90270116
90613349,GCST012226
106262836,GCST90270116
101324588,GCST90239652
80497956,GCST011927
90785313,GCST90020024
90755175,GCST90020027
81141571,GCST011972
81141555,GCST011972
36100704,GCST007087
35841228,GCST007140
35841223,GCST007140
106271860,GCST90270118
106263976,GCST90270116
55655048,GCST009602
55718010,GCST009858
55724269,GCST009867
191291687,GCST90565837
64399778,GCST90002400
134161045,GCST90435412
64081399,GCST90002388
90709482,GCST90020029
90613385,GCST012226
106268410,GCST90270118
165218876,GCST90461958
106259975,GCST90270116
103220015,GCST90245844
19687388,GCST004212
90811361,GCST012227
90727175,GCST90020028
98509070,GCST90131910
134163599,GCST90435412
81141665,GCST011972
81141681,GCST011972
24779443,GCST005014
17741339,GCST003995
55723917,GCST009867
188208048,GCST90468786
188373648,GCST90470571
188207943,GCST90468786
218076759,GCST90838669
101445834,GCST90002403
97477830,GCST90105038
165025711,GCST90461907
81141522,GCST011972
81142789,GCST011971
81141530,GCST011972
81142798,GCST011971
106267270,GCST90270118
103285216,GCST90245848
81141604,GCST011972
93464579,GCST90018706
90709449,GCST90020029
90613344,GCST012226
90795977,GCST90020025
106267565,GCST90270118
106259205,GCST90270116
90785318,GCST90020024
90755180,GCST90020027
62489371,GCST90002326
134164657,GCST90435412
103246786,GCST90245848
103246791,GCST90245848
103246771,GCST90245848
61936666,GCST010083
55731468,GCST009871
19419,GCST001263
191899876,GCST90662911
94870538,GCST90094908
47267388,GCST008053
80468126,GCST90013468
163337456,GCST90479635
163339818,GCST90479636
80467897,GCST90013466
80467732,GCST90013466
163335004,GCST90479634
163445244,GCST90480727
163258284,GCST90476459
41333623,GCST007490
163341882,GCST90479637
163264010,GCST90476462
163269414,GCST90476465
163446473,GCST90480728
188033503,GCST90468061
191342970,GCST90565843
191342981,GCST90565843
188208078,GCST90468786
191291698,GCST90565837
191185176,GCST90399396
81141750,GCST011972
90811351,GCST012227
131626462,GCST90428121
106258610,GCST90270116
63833049,GCST90012109
63834527,GCST90012108
191186262,GCST90399398
81141535,GCST011972
138229774,GCST90444487
102262225,GCST90205223
64408403,GCST90002397
64091066,GCST90002392
104960997,GCST90267284
106374383,GCST90239821
106260220,GCST90270116
188116199,GCST90468120
188098468,GCST90468097
100045120,GCST90132904
90709478,GCST90020029
188149277,GCST90468183
90613380,GCST012226
93514702,GCST90018959
90811377,GCST012227
95125279,GCST90000025
136015023,GCST90309355
188151494,GCST90468184
90727191,GCST90020028
188091811,GCST90468095
106268840,GCST90270118
188147106,GCST90468180
106260495,GCST90270116
188141786,GCST90468178
188148135,GCST90468182
188143981,GCST90468178
188214852,GCST90468848
90622010,GCST012228
90641238,GCST012230
138948179,GCST90278650
191849304,GCST90662893
81141551,GCST011972
119965381,GCST90302224
93083001,GCST90056183
218076615,GCST90838669
106259905,GCST90270116
81141510,GCST011972
188090094,GCST90468094
188378856,GCST90470615
163425264,GCST90480659
81141746,GCST011972
163426086,GCST90480661
163425682,GCST90480660
55312811,GCST009576
163218589,GCST90476319
163219221,GCST90476322
163198691,GCST90476153
163112205,GCST90475435
163217843,GCST90476316
165724585,GCST90566805
98543518,GCST90132183
98546647,GCST90132185
61967665,GCST010118
191883956,GCST90662906
47470419,GCST008363
188373593,GCST90470571
163312353,GCST90479531
106263021,GCST90270116
96163749,GCST90092898
96164583,GCST90092900
96164156,GCST90092899
96134188,GCST90092808
191836457,GCST90662868
81141494,GCST011972
93502525,GCST90018951
81142765,GCST011971
191683453,GCST90624412
216442025,GCST90244590
218066240,GCST90838663
95125271,GCST90000025
90538953,GCST90002393
106270235,GCST90270118
90622003,GCST012228
90641233,GCST012230
64192778,GCST90002384
188101455,GCST90468098
81141624,GCST011972
81141628,GCST011972
22685671,GCST008161
101321297,GCST90239649
90795981,GCST90020025
106268150,GCST90270118
106259805,GCST90270116
90785322,GCST90020024
90755185,GCST90020027
41171221,GCST007841
64075110,GCST90002390
191867741,GCST90662901
55717682,GCST009858
134086511,GCST90429155
81141576,GCST011972
191291704,GCST90565837
90709486,GCST90020029
134161085,GCST90435412
90542942,GCST90016667
81141648,GCST011972
81141559,GCST011972
81142812,GCST011971
217418222,GCST90559230
90795994,GCST90020025
81142807,GCST011971
215151582,GCST90651077
90785340,GCST90020024
90755204,GCST90020027
162645904,GCST90449056
103215250,GCST90245844
41251582,GCST007468
119966251,GCST90302225
35917948,GCST007267
97477824,GCST90105038
10079477,GCST002647
96745576,GCST90095033
47267434,GCST008053
47690974,GCST008733
102723525,GCST90204201
101375873,GCST90239643
47691852,GCST008734
81142835,GCST011971
98509043,GCST90131910
90709468,GCST90020029
90613369,GCST012226
215566308,GCST90501274
93499232,GCST90018949
96745571,GCST90095033
81141506,GCST011972
90811372,GCST012227
217557241,GCST90832990
90727186,GCST90020028
106268490,GCST90270118
191895847,GCST90662910
106260080,GCST90270116
81142770,GCST011971
103285211,GCST90245848
103285201,GCST90245848
103285206,GCST90245848
165262001,GCST90565134
55723902,GCST009867
90811346,GCST012227
106264086,GCST90270116
55724039,GCST009867
106268320,GCST90270118
188056817,GCST90468078
81142779,GCST011971
81141730,GCST011972
49101027,GCST004904
103246821,GCST90245848
49100640,GCST004904
102228189,GCST90244010
106267345,GCST90270118
47233448,GCST008058
47385857,GCST008995
47234740,GCST008059
97036152,GCST90103633
40930598,GCST007269
90709453,GCST90020029
90622014,GCST012228
90795985,GCST90020025
90641242,GCST012230
90638555,GCST012229
106267360,GCST90270118
51191160,GCST009158
90785326,GCST90020024
90755189,GCST90020027
91756158,GCST90044744
81141518,GCST011972
90709463,GCST90020029
90613358,GCST012226
36093741,GCST007081
62496697,GCST010658
106272510,GCST90270118
41132294,GCST007429
106264706,GCST90270116
41133116,GCST007432
62496789,GCST010659
191342959,GCST90565843
81141636,GCST011972
214078162,GCST90693212
164633049,GCST90492734
103246761,GCST90245848
103246766,GCST90245848
81141677,GCST011972
81142825,GCST011971
33147,GCST001956
19701142,GCST004067
103227403,GCST90245847
96745581,GCST90095033
47267545,GCST008053
53408549,GCST009498
53408977,GCST009499
98509050,GCST90131910
21716919,GCST004563
21709534,GCST004562
131600558,GCST90428288
93468195,GCST90018734
164633044,GCST90492734
188037521,GCST90468065
81142784,GCST011971
191343010,GCST90565843
95125275,GCST90000025
191343020,GCST90565843
188141666,GCST90468178
191291729,GCST90565837
106264091,GCST90270116
188325192,GCST90469913
14750,GCST000611
103246816,GCST90245848
90613353,GCST012226
163088304,GCST90475362
47268064,GCST008053
163312069,GCST90479530
22674935,GCST008163
98197064,GCST012398
163023516,GCST90475176
163095467,GCST90475365
105298592,GCST90270085
163081307,GCST90475359
163023747,GCST90475179
27206147,GCST005146
163311693,GCST90479529
191342993,GCST90565843
102261241,GCST90205206
102260680,GCST90205203
131755849,GCST90428729
96144593,GCST90092846
102262342,GCST90205224
93540875,GCST90018975
102261393,GCST90205207
96143409,GCST90092844
22075952,GCST004601
56275610,GCST010244
90638550,GCST012229
90738575,GCST90020026
102262419,GCST90205225
188112121,GCST90468106
102700172,GCST90244680
96202037,GCST90093006
96204869,GCST90093012
188092564,GCST90468095
188278579,GCST90469457
134158053,GCST90435412
36499889,GCST007066
188151419,GCST90468184
55724094,GCST009867
191835334,GCST90662864
105297544,GCST90270083
105296405,GCST90270081
214199870,GCST90002238
191342953,GCST90565843
55718040,GCST009858
55724282,GCST009867
191343004,GCST90565843
55724054,GCST009867
191291714,GCST90565837
17567816,GCST003831
90811342,GCST012227
81141490,GCST011972
90811356,GCST012227
81142775,GCST011971
90795962,GCST90020025
55724044,GCST009867
90755170,GCST90020027
55724049,GCST009867
188096901,GCST90468096
62630982,GCST90002304
217563535,GCST90832991
106264641,GCST90270116
90709445,GCST90020029
106260455,GCST90270116
90727158,GCST90020028
90727162,GCST90020028
81141486,GCST011972
90727166,GCST90020028
216550444,GCST90627764
33315,GCST002056
102227893,GCST90244009
81141734,GCST011972
30568325,GCST005830
90709473,GCST90020029
90613374,GCST012226
104879087,GCST90267367
119119899,GCST90244092
106271730,GCST90270118
106263781,GCST90270116
47471244,GCST008362
55723912,GCST009867
55723907,GCST009867
81141498,GCST011972
103285196,GCST90245848
64697925,GCST011353
36507368,GCST007069
35748779,GCST006920
188096451,GCST90468096
134158256,GCST90435412
64340511,GCST90002402
81142803,GCST011971
134161312,GCST90435412
103246811,GCST90245848
41171225,GCST007841
191291709,GCST90565837
103246776,GCST90245848
103246781,GCST90245848
103246806,GCST90245848
81141620,GCST011972
81142816,GCST011971
103246801,GCST90245848
138939080,GCST90278624
93469755,GCST90018739
102260528,GCST90205202
47845180,GCST008839
47748372,GCST008758
103221834,GCST90245845
103246756,GCST90245848
119091862,GCST90301650
103246751,GCST90245848
188143776,GCST90468178
188324686,GCST90469905
188313642,GCST90469800
131333753,GCST90321120
103225751,GCST90245846
81141673,GCST011972
81142820,GCST011971
188208118,GCST90468786
81142830,GCST011971
106266900,GCST90270118
191860834,GCST90662898
12920,GCST000372
14781868,GCST000175
10078386,GCST002702
12506115,GCST002782
47267549,GCST008053
21792660,GCST004501
21792656,GCST004501
21794474,GCST004504
21794470,GCST004504
41171229,GCST007841
21791151,GCST004500
21790865,GCST004500
19253279,GCST004063
19253226,GCST004063
106265433,GCST90270117
97477836,GCST90105038
102096308,GCST90243976
102115384,GCST90243987
104111605,GCST90255621
163356335,GCST90479676
191847002,GCST90662888
90622020,GCST012228
93466366,GCST90018727
191844913,GCST90662886
191843686,GCST90662885
90641247,GCST012230
81141600,GCST011972
191682118,GCST90624411
214308736,GCST90624094
118912758,GCST90301330
90785331,GCST90020024
64412186,GCST90002396
90755194,GCST90020027
62310212,GCST011427
191342976,GCST90565843
191841171,GCST90662880
165688639,GCST90528074
138936505,GCST90278616
191291724,GCST90565837
90709458,GCST90020029
64399783,GCST90002400
81141502,GCST011972
93083176,GCST90056183
106266895,GCST90270118
106258435,GCST90270116
81142793,GCST011971
188137406,GCST90468176
191291719,GCST90565837
191368710,GCST90565844
90709441,GCST90020029
106259900,GCST90270116
191368700,GCST90565844
191342987,GCST90565843
191342999,GCST90565843
163384387,GCST90479940
191674436,GCST90104264
191342964,GCST90565843
191291693,GCST90565837
218089334,GCST90838670
138523525,GCST90444202
96147298,GCST90092851
96146721,GCST90092850
90795972,GCST90020025
218952918,GCST90841385
96137394,GCST90092827
191879327,GCST90662905
188048957,GCST90468073
216891299,GCST90828014
119392751,GCST90295951
36485908,GCST007067
96147890,GCST90092852
106384797,GCST90269523
119389644,GCST90295949
55717558,GCST009858
189840534,GCST90454483
47380705,GCST008994
56270319,GCST010173
47384078,GCST008996
218952415,GCST90841381
96136540,GCST90092825
56271960,GCST010241
96203318,GCST90093009
47382611,GCST008997
11754,GCST000119
5947,GCST000114
93909908,GCST90091060
35754426,GCST006976
35792892,GCST006988
35793320,GCST006989
80673680,GCST011676
163199337,GCST90476173
30548220,GCST006075
163184971,GCST90475899
93480292,GCST90018814
37790082,GCST007452
30499765,GCST005580
163410033,GCST90480449
163392924,GCST90480100
104180819,GCST90255690
95293486,GCST90013001
47688506,GCST008519
36096647,GCST007082
163410059,GCST90480450
41334366,GCST007488
80673767,GCST90014266
80673924,GCST90014267
47109448,GCST007988
35792864,GCST006988
47687407,GCST008516
12879,GCST000371
16544552,GCST003479
131347075,GCST90321121
135078808,GCST90449004
56259227,GCST010011
135079059,GCST90449007
135078646,GCST90449002
135078370,GCST90449000
135078459,GCST90449001
91626624,GCST012355
101044660,GCST90058037
102071334,GCST90091161
55970080,GCST009763
55969731,GCST009760
55976379,GCST009761
97355303,GCST90104349
30547649,GCST005902
30499789,GCST005580
136018965,GCST90309360
34967570,GCST006477
62252667,GCST010642
63619252,GCST010859
27439375,GCST005324
88937837,GCST012088
37790078,GCST007452
37790427,GCST007451
163376851,GCST90479844
98440794,GCST90131903
30547641,GCST005902
41454776,GCST007709
191849669,GCST90662893
34065,GCST001933
34054,GCST001939
131086570,GCST90328134
163313035,GCST90479538
163377044,GCST90479850
163164174,GCST90475578
36099353,GCST007086
163373234,GCST90479793
55966607,GCST010148
163201371,GCST90476210
63429909,GCST90012115
104956172,GCST90267270
119452324,GCST90310211
163412064,GCST90480483
103607511,GCST90246327
163412138,GCST90480484
93485590,GCST90018921
189866135,GCST90558253
131085511,GCST90328132
163164946,GCST90475583
63347348,GCST90011809
131087148,GCST90328135
13436759,GCST003327
104179492,GCST90255686
163200976,GCST90476204
163167224,GCST90475626
98326405,GCST90095184
119450700,GCST90310210
104180425,GCST90255689
47741418,GCST008872
47741660,GCST008871
163164791,GCST90475582
163411514,GCST90480470
88930877,GCST012442
61986442,GCST010302
104179854,GCST90255688
163201204,GCST90476206
163201648,GCST90476215
131476313,GCST90321079
163409647,GCST90480444
163164022,GCST90475577
98326451,GCST90129628
188118071,GCST90468141
163165121,GCST90475585
37790086,GCST007452
163411370,GCST90480469
163376992,GCST90479849
163374146,GCST90479798
64745372,GCST90013410
163373362,GCST90479794
47741931,GCST008870
163200550,GCST90476202
163164411,GCST90475580
61783620,GCST010303
163163765,GCST90475575
193128232,GCST90672032
163409861,GCST90480446
217425121,GCST90832115
163373588,GCST90479795
163411242,GCST90480468
15802376,GCST003726
37790431,GCST007451
61783230,GCST010304
163199113,GCST90476170
163181690,GCST90475851
55309806,GCST009462
163199238,GCST90476171
188115852,GCST90468114
100047169,GCST90132906
62271305,GCST011100
163373933,GCST90479797
163312897,GCST90479537
163024468,GCST90475190
24294450,GCST004785
15696248,GCST003655
163409745,GCST90480445
95284481,GCST012219
41334304,GCST007488
41334243,GCST007488
63346083,GCST90011822
163024344,GCST90475189
163167347,GCST90475629
93356751,GCST90086052
105003104,GCST90255614
30827831,GCST005897
163373727,GCST90479796
163374289,GCST90479799
41454771,GCST007709
97485114,GCST90105038
97485119,GCST90105038
104180293,GCST90255688
104181099,GCST90255690
131347335,GCST90321121
131347340,GCST90321121
131347345,GCST90321121
131346290,GCST90321121
106080947,GCST90274864
36096643,GCST007082
163371986,GCST90479760
188223774,GCST90468909
102092524,GCST90243968
106035031,GCST90270074
188223819,GCST90468909
36593976,GCST007338
36596023,GCST007340
36594880,GCST007339
36591990,GCST007341
36594885,GCST007339
188223844,GCST90468909
189886199,GCST90624673
106760882,GCST90281044
163402150,GCST90480277
163401488,GCST90480259
61684606,GCST010123
191906895,GCST90662912
87304248,GCST90019499
134160958,GCST90435412
55532370,GCST009685
87285171,GCST90019510
93372562,GCST90019511
87310555,GCST90019495
92410267,GCST90027057
15597,GCST000710
92410273,GCST90027057
30827954,GCST005897
103261892,GCST90245848
35339441,GCST006940
30547645,GCST005902
106760707,GCST90281043
214209612,GCST90105058
55733185,GCST009871
131618085,GCST90428119
34967855,GCST006477
138948264,GCST90278650
36593197,GCST007337
41407214,GCST007561
47231915,GCST007982
36593769,GCST007337
92410911,GCST90027058
92410917,GCST90027058
30827959,GCST005897
30786027,GCST005896
98431714,GCST90131901
36096628,GCST007082
36593985,GCST007338
98431748,GCST90131901
36596031,GCST007340
12892,GCST000371
13440,GCST000437
19400,GCST001267
15148,GCST000662
15594,GCST000710
11764,GCST000117
92408974,GCST90027051
35792848,GCST006988
35793324,GCST006989
97024801,GCST004142
98431753,GCST90131901
92410923,GCST90027058
98431732,GCST90131901
36096638,GCST007082
101398051,GCST90239693
106047793,GCST90272876
100400110,GCST90104339
62308021,GCST011427
98157725,GCST005232
36099335,GCST007086
88937832,GCST012088
131084502,GCST90328131
217765564,GCST90624635
104180566,GCST90255689
104180042,GCST90255688
104180957,GCST90255690
36099339,GCST007086
36096633,GCST007082
131546857,GCST90428113
131546669,GCST90428112
131347330,GCST90321121
30827949,GCST005897
36593576,GCST007337
117758446,GCST90292535
188223759,GCST90468909
188223859,GCST90468909
34967555,GCST006477
34970007,GCST006476
98156919,GCST005232
35338931,GCST006940
62708527,GCST010647
189881510,GCST90624547
62080370,GCST010340
64732975,GCST012090
101661528,GCST90239706
41136261,GCST007342
30827939,GCST005897
214162494,GCST90704949
98440799,GCST90131903
214162500,GCST90704949
36594890,GCST007339
165134700,GCST90527994
95027010,GCST90095129
55974721,GCST010142
98431743,GCST90131901
55974493,GCST010142
55975758,GCST010135
55975040,GCST010140
27440422,GCST005325
27439916,GCST005323
27440858,GCST005326
62085494,GCST010340
56292884,GCST009959
63619246,GCST010859
36528498,GCST007084
98431738,GCST90131901
98431708,GCST90131901
98431720,GCST90131901
98431726,GCST90131901
62170616,GCST010416
90520136,GCST90020227
119954951,GCST90319327
163418075,GCST90480626
92410905,GCST90027058
100084590,GCST90132993
50757716,GCST009357
56258797,GCST010017
34970357,GCST006476
35339556,GCST006940
36593980,GCST007338
101396949,GCST90239692
36596027,GCST007340
102110300,GCST90243985
131608858,GCST90044775
98157605,GCST005232
36099344,GCST007086
30827944,GCST005897
135079189,GCST90449008
135079359,GCST90449009
36591995,GCST007341
36099349,GCST007086
136020231,GCST90309364
188223764,GCST90468909
188223769,GCST90468909
102120594,GCST90243989
102099682,GCST90243984
102092530,GCST90243968
165822523,GCST90569500
188223719,GCST90468909
188223724,GCST90468909
47759387,GCST008746
80705802,GCST011766
61936950,GCST010083
91503509,GCST90027168
188071573,GCST90468086
188068159,GCST90468084
91503517,GCST90027168
91503150,GCST90027168
90621248,GCST012228
90640519,GCST012230
189928989,GCST90502049
137867749,GCST90454177
165382329,GCST90565438
137867842,GCST90454178
91503332,GCST90027168
91503548,GCST90027168
91503556,GCST90027168
91503564,GCST90027168
91503300,GCST90027168
218076335,GCST90838669
97028827,GCST006461
64315672,GCST010979
91503595,GCST90027168
19318196,GCST004004
19317539,GCST004005
19318513,GCST004006
104373370,GCST90264174
137867438,GCST90454174
54076075,GCST009150
135078308,GCST90449000
91503126,GCST90027168
91503205,GCST90027168
91503356,GCST90027168
91503260,GCST90027168
34967700,GCST006477
62708477,GCST010647
91503447,GCST90027168
15059640,GCST003048
62253410,GCST010640
62252971,GCST010641
91503387,GCST90027168
137867078,GCST90454171
119973100,GCST90302233
91503268,GCST90027168
91503213,GCST90027168
91503501,GCST90027168
90621242,GCST012228
90640514,GCST012230
91503471,GCST90027168
34833371,GCST006269
104373291,GCST90264174
91503734,GCST90027168
91503284,GCST90027168
35230385,GCST006442
98380436,GCST90094750
55538589,GCST009537
91503276,GCST90027168
191368250,GCST90565844
106208187,GCST90271716
47886505,GCST008972
40931312,GCST007269
91503157,GCST90027168
188278734,GCST90469457
47904578,GCST008921
91503640,GCST90027168
91503726,GCST90027168
191284601,GCST90565836
91503525,GCST90027168
91503633,GCST90027168
100345566,GCST90134529
91503618,GCST90027168
34703196,GCST006573
55536825,GCST009538
104373426,GCST90264174
79002074,GCST011500
91503771,GCST90027168
91503402,GCST90027168
91503455,GCST90027168
137867323,GCST90454173
55533860,GCST009539
91503664,GCST90027168
117750418,GCST90281343
169092708,GCST90590341
141941687,GCST90454587
169092713,GCST90590341
22003554,GCST004750
80431890,GCST012213
22005352,GCST004749
91503433,GCST90027168
35339451,GCST006940
30547905,GCST005902
137868419,GCST90454182
34971237,GCST006478
100345753,GCST90134530
36592740,GCST007341
91503625,GCST90027168
189981250,GCST90502168
189993743,GCST90502207
41311920,GCST004988
165382334,GCST90565438
91503602,GCST90027168
214165552,GCST90704953
105297804,GCST90270083
104327594,GCST90258653
105296363,GCST90270081
91503417,GCST90027168
131084485,GCST90328131
91503587,GCST90027168
191005379,GCST90559244
191843546,GCST90662885
191005385,GCST90559244
134250688,GCST90448240
80499988,GCST90016585
189912243,GCST90502012
91503532,GCST90027168
191284607,GCST90565836
191304114,GCST90565842
191303014,GCST90565841
191302351,GCST90565839
191368260,GCST90565844
100373909,GCST90134621
214165558,GCST90704953
91503316,GCST90027168
191284596,GCST90565836
91503742,GCST90027168
191290853,GCST90565837
91503579,GCST90027168
94861966,GCST90092000
91503348,GCST90027168
55533847,GCST009539
55540601,GCST009540
188278729,GCST90469457
91503308,GCST90027168
98380288,NA
91503110,NA
100046767,NA
91503372,NA
91503364,GCST90027168
91503292,GCST90027168
135078851,GCST90449005
91503118,GCST90027168
135079123,GCST90449008
106216614,GCST90277988
91503672,GCST90027168
162768181,GCST90258657
214209329,GCST90243964
162768046,GCST90258656
104326200,GCST90258652
34603397,GCST006290
63579883,GCST90006901
188118228,GCST90468147
91503648,GCST90027168
35338284,GCST006945
91503478,GCST90027168
91503229,GCST90027168
94083760,GCST90001828
91503197,GCST90027168
165704146,GCST90302861
165704520,GCST90302862
91503463,GCST90027168
55536819,GCST009538
55540612,GCST009540
188187979,GCST90468604
90726364,GCST90020028
91503252,GCST90027168
55536429,GCST009538
169092022,GCST90590340
80431885,GCST012213
55540221,GCST009540
22002857,GCST004748
169093392,GCST90590343
189922028,GCST90502036
63606169,GCST90006924
36596683,GCST007340
91503440,GCST90027168
90542462,GCST90016674
135296536,GCST90435202
91503425,GCST90027168
91503409,GCST90027168
21964737,GCST004521
218645906,GCST90831040
218647579,GCST90830930
91503485,GCST90027168
162651858,GCST90449057
98507073,GCST90131910
127947956,GCST90295773
35740618,GCST007507
41345193,GCST007512
38450276,GCST007201
80444556,GCST012214
218066288,GCST90838663
34969882,GCST006476
104305217,GCST90256605
118831360,GCST90297545
137867612,GCST90454176
91503764,GCST90027168
188198842,GCST90468688
127944367,GCST90295751
127953749,GCST90295835
191303009,GCST90565841
131723512,GCST90319906
63922911,GCST90011875
214359639,GCST90453157
191302346,GCST90565839
119086284,GCST90301649
127954472,GCST90295836
218604873,GCST90830127
218611601,GCST90830015
218647559,GCST90830930
218615541,GCST90830017
218604008,GCST90830126
218639970,GCST90830912
218604882,GCST90830127
218647491,GCST90831043
218645932,GCST90831040
218642875,GCST90830928
218611617,GCST90830015
218647984,GCST90831046
218647597,GCST90830930
218608157,GCST90830133
218607133,GCST90830130
218645679,GCST90831039
218615553,GCST90830017
91503656,GCST90027168
218603991,GCST90830126
218604862,GCST90830127
218645882,GCST90831040
218647968,GCST90831046
218647543,GCST90830930
218608141,GCST90830133
218645659,GCST90831039
218615529,GCST90830017
91503324,GCST90027168
91503134,GCST90027168
91503142,GCST90027168
101445797,GCST90002403
91503571,GCST90027168
99812647,NA
98428086,NA
104325982,NA
137867504,NA
106760696,GCST90281043
91503719,GCST90027168
127932380,GCST90295549
101044595,GCST90058037
61936160,GCST010083
165382324,GCST90565438
91503244,GCST90027168
218977759,GCST90832687
214526780,GCST90726344
91503340,GCST90027168
137868276,GCST90454181
91503750,GCST90027168
91503221,GCST90027168
27409790,GCST005316
91503394,GCST90027168
188065749,GCST90468084
62510474,GCST90002323
127953618,GCST90295835
106208191,GCST90271716
22002863,GCST004748
169093372,GCST90590343
91503695,GCST90027168
91503711,GCST90027168
91503687,GCST90027168
91503493,GCST90027168
94083664,GCST90001824
191843102,GCST90662883
27408294,GCST005316
21964635,GCST004521
104373264,GCST90264174
133715267,GCST90435380
103285081,GCST90245848
101661348,GCST90239706
93055337,GCST90085697
165298282,GCST90565218
41136116,GCST007342
214497783,GCST90572791
93054058,GCST90085695
165656922,GCST90565588
91503237,GCST90027168
191005373,GCST90559244
138945601,GCST90278641
138939070,GCST90278624
214161829,GCST90704949
214161835,GCST90704949
214165564,GCST90704953
91503610,GCST90027168
214161841,GCST90704949
214165570,GCST90704953
55540618,GCST009540
91503757,GCST90027168
191341600,GCST90565843
188145877,GCST90468178
214163910,GCST90704952
55249627,GCST009325
214166643,GCST90704954
191341595,GCST90565843
191290848,GCST90565837
191368255,GCST90565844
191341605,GCST90565843
106263561,GCST90270116
41310767,GCST004988
36160444,GCST007326
129241299,GCST90319500
102714100,GCST90244709
62180877,GCST010557
191903021,GCST90662911
129241387,GCST90319500
93414683,GCST90041886
36157339,GCST007324
17571007,GCST003795
34596600,GCST006045
189886447,GCST90624681
62315400,GCST011427
62315257,GCST011427
10059806,GCST002539
15059520,GCST003048
21965735,GCST004521
38450771,GCST007201
24729091,GCST004946
139988610,GCST010099
139988605,GCST010099
41247674,GCST007462
102105349,GCST90243985
41251414,GCST007468
41174148,GCST007325
102105355,GCST90243985
102105361,GCST90243985
102105367,GCST90243985
132500898,GCST90250896
188005832,GCST90016619
31671285,GCST006947
214308596,GCST90624094
101397626,GCST90239693
218408818,GCST90841196
218406978,GCST90841193
191882231,GCST90662906
97035505,GCST90103633
188260474,GCST90469342
62422281,NA
41170661,NA
191289847,NA
131450562,NA
191872915,GCST90662902
93486140,GCST90018926
93464524,GCST90018706
41309789,GCST004988
88928108,GCST90000047
61689730,GCST010002
62310358,GCST011427
99813283,GCST90132260
41311968,GCST004988
63345416,GCST90011804
63409562,GCST010796
63409558,GCST010796
63409554,GCST010796
63409550,GCST010796
63409546,GCST010796
63409542,GCST010796
63409538,GCST010796
63409534,GCST010796
63409530,GCST010796
63409526,GCST010796
63409522,GCST010796
63409518,GCST010796
63409514,GCST010796
63409510,GCST010796
63409506,GCST010796
63409502,GCST010796
188005653,GCST90016618
62811833,GCST011010
191268334,GCST90651113
41310719,GCST004988
135009857,GCST90428446
135012898,GCST90428447
135015701,GCST90428448
131609317,GCST90428116
188138248,GCST90468177
163223036,GCST90476338
163224844,GCST90476341
163427190,GCST90480666
62811937,GCST011010
214077879,GCST90693212
138524300,GCST90444202
61689724,GCST010002
106035721,GCST90270074
191276403,GCST90651593
163058902,GCST90475332
163299277,GCST90479501
163170678,GCST90475658
162991560,GCST90475094
162993649,GCST90475097
163172491,GCST90475667
162989040,GCST90475091
215461040,GCST90501108
218075859,GCST90838669
62310876,GCST011427
62309500,GCST011427
47702178,GCST008595
17470358,GCST003676
188260409,GCST90469342
41308785,GCST004988
41311559,GCST004988
41311603,GCST004988
64719300,GCST90013693
129241141,GCST90319499
41309785,GCST004988
93514502,GCST90018959
98085718,GCST90016346
129241135,GCST90319499
41249552,GCST007464
189886452,GCST90624681
35723403,GCST006803
101397620,GCST90239693
103243205,GCST90245848
55291014,GCST009337
129241281,GCST90319500
100544110,GCST90128471
101788899,GCST90239828
101791537,GCST90239829
41310130,GCST004988
100879682,GCST90179162
40882244,GCST007335
100879282,GCST90179161
102088896,GCST90243968
24079105,GCST004826
24079061,GCST004826
102088902,GCST90243968
100083618,GCST90132982
119911484,GCST90200624
93483151,GCST90018875
88928101,GCST90000047
47233452,GCST008058
97982853,GCST90100220
191182938,GCST90651041
36524390,GCST007080
101396851,GCST90239692
63345296,GCST90011804
93545297,GCST90018978
215461280,GCST90501108
214132559,GCST90693329
191269314,GCST90651113
216826987,GCST90827800
218075951,NA
216207984,NA
103243210,NA
103243215,GCST90245848
55291004,GCST009337
100544855,GCST90128471
55592230,GCST009600
34969847,GCST006476
35339116,GCST006940
163298458,GCST90479500
165014019,GCST90503210
215453823,GCST90501096
191882226,GCST90662906
55291009,GCST009337
31669545,GCST006941
100544659,GCST90128471
31671290,GCST006947
93037680,GCST90061435
62314263,GCST011427
188040430,GCST90468067
97475479,GCST90105038
93037675,GCST90061435
101172544,GCST90140585
191898077,GCST90662910
131609349,GCST90428116
62733447,GCST011433
41310675,GCST004988
188267694,GCST90469357
62017139,GCST010320
62018154,GCST010321
218075799,GCST90838669
34722580,GCST006570
34697218,GCST006572
164785667,GCST90314883
95398811,GCST90096811
64413910,GCST90002396
103278081,GCST90245848
34718065,GCST006568
216298660,GCST90705071
104532149,GCST90247639
102514018,GCST90241328
104535394,GCST90247806
131330718,GCST90321120
188254080,GCST90469272
47496823,GCST008413
47496818,GCST008413
119768366,GCST90245336
102113828,GCST90243985
102095131,GCST90243968
188174940,GCST90468472
188174955,GCST90468472
188254100,GCST90469272
162842860,GCST90425765
188341899,GCST90470154
188341904,GCST90470154
119765593,GCST90245231
188297026,GCST90469647
214164724,GCST90704952
214167046,GCST90704954
216890125,GCST90828013
216825808,GCST90827800
131788922,GCST90310296
131776887,GCST90310294
35586872,GCST006629
104373764,GCST90264174
94178930,GCST90090145
63831259,GCST90012110
88193204,GCST012490
130459514,GCST90268489
104571586,GCST90249623
91302710,GCST90026658
103278086,GCST90245848
94178935,GCST90090145
63148629,GCST006585
104571576,GCST90249623
104571581,GCST90249623
63833241,GCST90012109
63835294,GCST90012108
188341879,GCST90470154
96780838,GCST90102517
96782143,GCST90102518
97491721,GCST90105038
188174995,GCST90468472
40930884,GCST007269
130459352,GCST90268482
193138836,GCST90438314
188254085,GCST90469272
163001821,GCST90475133
163305238,GCST90479515
163304369,GCST90479512
24344933,GCST004862
164761119,GCST90313700
188226036,GCST90468925
188236277,GCST90469083
164763927,GCST90313840
188294007,GCST90469605
104509140,GCST90246503
188395439,GCST90470829
188324990,GCST90469907
188010147,GCST90624214
24375764,GCST005527
162850624,GCST90426555
16033155,GCST003268
162816237,NA
188343658,NA
15767332,NA
93080291,GCST90056180
191011886,GCST90559251
15768380,GCST003092
191011996,GCST90559251
188395444,GCST90470829
100477604,GCST90137495
188405044,GCST90470919
15767486,GCST003092
35699510,GCST006670
55611701,GCST009717
132772326,GCST90435154
41552040,GCST007844
35326390,GCST006575
131533252,GCST90305767
190079278,GCST90502606
94126794,GCST90089322
164765195,GCST90313902
21965447,GCST004521
93485391,GCST90018920
188323021,GCST90469890
100873925,GCST90027092
191021540,GCST90559265
191021552,GCST90559265
15865,GCST000553
47671069,GCST008638
90621579,GCST012228
90640811,GCST012230
90810670,GCST012227
104013932,GCST90255367
104014192,GCST90255369
191271253,GCST90651181
35131634,GCST006433
35965078,GCST006979
63947568,GCST90002405
94072307,GCST90093061
215474057,GCST90501126
90621615,GCST012228
90640847,GCST012230
55714454,GCST009850
21793895,GCST004606
34962842,GCST006943
98381550,GCST90094780
117831510,GCST90292604
134228506,GCST90448093
90640788,GCST012230
191291116,GCST90565837
169093103,GCST90590342
169094169,GCST90590345
24303632,GCST004861
165298349,GCST90565218
63346435,GCST90011822
90810525,GCST012227
96189106,GCST90092971
118332878,GCST90281249
93076213,GCST90085815
164761799,GCST90313729
93081296,GCST90056181
93079541,GCST90056180
90810722,GCST012227
100041450,GCST90132903
163110266,GCST90475429
163347703,GCST90479665
163346609,GCST90479663
163347170,GCST90479664
191011701,GCST90559251
93520209,GCST90018962
191342019,GCST90565843
188139906,GCST90468178
216750340,GCST90728570
100843966,GCST90162217
21965054,GCST004521
21791736,GCST004600
21890323,GCST004616
163304934,GCST90479514
14971720,GCST003046
41441583,GCST007713
55314761,GCST009577
216787611,GCST90448620
164763743,GCST90313831
188332396,GCST90470005
81143921,GCST011956
188098223,GCST90468097
64396336,GCST90002401
188275598,GCST90469424
127941296,GCST90295710
127954032,GCST90295836
91505374,GCST90027168
90810628,GCST012227
100845179,GCST90162295
21843778,GCST004609
100828308,GCST90161446
189995436,GCST90502212
14971719,GCST003046
188111159,GCST90468105
165259958,GCST90565134
188105032,GCST90468099
96136048,GCST90092824
96223364,GCST90092822
21964886,GCST004521
24345186,GCST004862
24775916,NA
26130,NA
61975266,NA
55712254,GCST009842
216858774,GCST90827910
35613745,GCST007023
100841483,GCST90162093
90621598,GCST012228
90640826,GCST012230
64403001,GCST90002399
90810716,GCST012227
41176321,GCST007362
216867384,GCST90827934
90754591,GCST90020027
90638545,GCST012229
131554135,GCST90428109
64081331,GCST90002388
93467963,GCST90018733
104568177,GCST90249466
94168840,GCST90088474
64340467,GCST90002402
188091981,GCST90468095
127936145,GCST90295578
127941308,GCST90295710
127954038,GCST90295836
133859996,GCST90302000
188371320,GCST90470542
104557701,GCST90248918
132772332,GCST90435154
131616813,GCST90428119
191011908,GCST90559251
24344929,GCST004862
90726856,GCST90020028
90795496,GCST90020025
90726860,GCST90020028
188086818,GCST90468091
90810665,GCST012227
191011892,GCST90559251
94166590,GCST90086264
90784570,GCST90020024
188378526,GCST90470615
216543671,GCST90627745
100828298,GCST90161446
90810651,GCST012227
90726820,GCST90020028
191011933,GCST90559251
90810641,GCST012227
165260146,GCST90565134
90709316,GCST90020029
96080352,GCST90101316
24409875,GCST004927
90810680,GCST012227
134236044,GCST90277747
35613917,GCST007023
103246541,GCST90245848
56006078,GCST009887
191021568,GCST90559265
94138990,GCST90089665
133878104,GCST90302089
133878330,GCST90302090
21964768,GCST004521
191010784,GCST90559250
64405333,GCST90002398
96142882,GCST90092842
96139197,GCST90092832
41554024,GCST007798
93477511,GCST90018767
90810675,GCST012227
93477927,GCST90018775
93477231,GCST90018762
43174190,GCST007839
18731,GCST001181
35567447,GCST007139
188200160,GCST90468697
16989,GCST000863
164763863,GCST90313837
188066829,GCST90468084
94109483,GCST90088710
188227119,GCST90468934
188172763,GCST90468441
132536519,GCST90384548
90726852,GCST90020028
21756018,GCST004624
21793890,GCST004606
98378812,GCST90094702
24779625,GCST005014
17740100,GCST003995
100523076,GCST90137669
90795352,GCST90020025
55724122,GCST009867
191011783,GCST90559251
100845209,GCST90162295
64075096,GCST90002390
188230849,GCST90469004
131755838,GCST90428729
90621611,GCST012228
90640843,GCST012230
90784842,GCST90020024
35614051,GCST007023
35613949,GCST007023
35613943,GCST007023
35614026,GCST007023
35613880,GCST007023
35613811,NA
64075100,NA
90621586,NA
93463156,GCST90018642
22074657,GCST004630
90726659,GCST90020028
134094066,GCST90446229
41554015,GCST007798
41551774,GCST007800
165259848,GCST90565134
54189708,GCST009240
164797607,GCST90315483
102518184,GCST90241701
101342080,GCST90239673
90795384,GCST90020025
90754572,GCST90020027
104550587,GCST90248550
41176327,GCST007362
105560964,GCST90268131
94168859,GCST90090325
188359262,GCST90470348
188299615,GCST90469684
188299847,GCST90469685
63818010,GCST011008
35674546,GCST006660
81147807,GCST011939
166070055,GCST90551874
127915329,GCST90295128
106006085,GCST90271812
165704106,GCST90302861
165704500,GCST90302862
41552035,GCST007844
188310751,GCST90469777
90621533,GCST012228
90640770,GCST012230
90810581,GCST012227
214497198,GCST90572790
97055192,GCST90103749
97055200,GCST90103749
47845132,GCST008839
90810741,GCST012227
90784846,GCST90020024
131552996,GCST90428109
106002413,GCST90271791
188303771,GCST90469712
214078099,GCST90693212
188133675,GCST90468173
62203993,GCST010555
164761811,GCST90313730
131557988,GCST90428109
93078651,GCST90056178
94875579,GCST90032298
191291095,GCST90565837
90795388,GCST90020025
191011768,GCST90559251
191184206,GCST90651061
93481622,GCST90018849
90754577,GCST90020027
61980357,GCST010457
90810755,GCST012227
90726864,GCST90020028
106073445,GCST90274902
91776235,GCST012475
191291105,GCST90565837
21965702,GCST004521
164787883,GCST90315015
100373796,GCST90134621
90795480,GCST90020025
132629195,GCST90432132
90640832,GCST012230
45614183,GCST007937
165704021,GCST90302861
94117432,GCST90089951
188156980,GCST90468222
90726836,GCST90020028
78632570,GCST011503
165704829,GCST90302863
191011943,GCST90559251
96213541,GCST90093033
90784826,GCST90020024
90754675,GCST90020027
43174024,GCST007839
21842852,GCST004626
19701581,GCST004067
56269108,GCST010204
164795107,GCST90315366
105722313,GCST90234384
92410701,GCST90027058
21965561,GCST004521
22004107,GCST004746
55532272,GCST009685
94139381,GCST90090110
24787,GCST001709
31580159,GCST005975
90640678,GCST012230
95125234,GCST90000025
131618428,GCST90428120
103246556,GCST90245848
188170814,GCST90468409
137654940,GCST90451699
137654556,GCST90451698
24304623,GCST004863
14414,GCST000563
193103882,NA
64396331,NA
21885807,NA
118323135,GCST90281195
90621650,GCST012228
90640884,GCST012230
188155428,GCST90468211
41176355,GCST007361
41088343,GCST007361
127948117,GCST90295775
189960759,GCST90502121
189929049,GCST90502049
189963110,GCST90502127
189973529,GCST90502147
90517884,GCST012200
189976327,GCST90502153
191014680,GCST90559255
189925756,GCST90502043
190038140,GCST90502385
190035141,GCST90502373
64201017,GCST90002381
90643424,GCST012231
93493046,GCST90018945
191011870,GCST90559251
169092132,GCST90590340
191341998,GCST90565843
191291052,GCST90565837
191341993,GCST90565843
191011681,GCST90559251
133190483,GCST90435268
165705164,GCST90302863
106383909,GCST90269519
106448503,GCST90269739
134119281,GCST90446530
188195139,GCST90468649
188246809,GCST90469204
61998848,GCST009777
118333141,GCST90281253
101321279,GCST90239649
16747,GCST000863
11648,GCST000173
13254,GCST000415
14343,GCST000549
14327,GCST000549
12498,GCST000308
41435741,GCST007606
164793951,GCST90315306
100845203,GCST90162295
188077050,GCST90468087
35845946,GCST007142
35845941,GCST007142
35850823,GCST007143
35850818,GCST007143
191270845,GCST90651147
134455086,GCST90448682
30547981,GCST005902
127898314,GCST90294658
127935156,GCST90295573
127898005,GCST90294657
217415306,GCST90828128
64014636,GCST012156
94082147,GCST90001745
94082476,GCST90001758
188345718,GCST90470196
191011897,GCST90559251
95125230,GCST90000025
93463309,GCST90018651
104176303,GCST90129505
188118223,GCST90468147
163368908,GCST90479712
164777711,GCST90314494
163160081,GCST90475532
91505329,GCST90027168
166066763,GCST90551864
64078407,GCST90002389
131086938,GCST90328134
163312966,GCST90479538
131086095,GCST90328132
131087254,GCST90328135
47741972,GCST008870
163373504,GCST90479795
163373851,GCST90479797
163024421,GCST90475189
188388037,GCST90470718
188112991,GCST90468106
127892298,GCST90294375
101334961,GCST90239664
188187064,GCST90468599
102362026,GCST90134519
90726799,GCST90020028
35614013,GCST007023
91505337,GCST90027168
103212070,GCST90245843
164787855,GCST90315013
164771855,GCST90314219
104535382,GCST90247805
64744465,GCST012095
93985732,GCST90092542
81144235,GCST011956
188361963,GCST90470381
188048020,GCST90468072
100869421,GCST90027079
188339227,GCST90470113
119086345,NA
63777167,NA
102459747,NA
100837472,GCST90161871
41368870,GCST007705
41351480,GCST007703
127909758,GCST90294967
188336467,GCST90470078
91505382,GCST90027168
91505321,GCST90027168
90795335,GCST90020025
191011691,GCST90559251
90754524,GCST90020027
191003769,GCST90559243
191011696,GCST90559251
64399757,GCST90002400
188096041,GCST90468096
188187894,GCST90468604
27578701,GCST005541
214542032,GCST90570990
37245,GCST002246
189989508,GCST90502192
189954280,GCST90502095
188087365,GCST90468092
191183579,GCST90651052
96181015,GCST90092949
93463496,GCST90018657
134119259,GCST90446530
90795471,GCST90020025
163425259,GCST90480659
163425677,GCST90480660
93077421,GCST90056177
90810701,GCST012227
100873097,GCST90027091
90726815,GCST90020028
191011928,GCST90559251
90784811,GCST90020024
90754666,GCST90020027
163374567,GCST90479803
35613961,GCST007023
188194815,GCST90468647
55714523,GCST009850
188088602,GCST90468093
188299737,GCST90469685
35903383,GCST007043
94082542,GCST90001760
94082178,GCST90001746
105733855,GCST90235867
105746416,GCST90237459
93084491,GCST90056184
63371132,GCST90012020
22009249,GCST004599
165704181,GCST90302861
164786707,GCST90314951
17830,GCST001041
35613737,GCST007023
191003779,GCST90559243
35614618,GCST007023
64081326,GCST90002388
191271193,GCST90651175
47748180,GCST008758
93080546,GCST90056181
63940966,GCST90002407
101445818,GCST90002403
190065863,GCST90502518
189912294,GCST90502012
189959457,GCST90502103
90784795,GCST90020024
166066416,GCST90551863
163320574,GCST90479595
163410856,GCST90480461
163410695,GCST90480460
163040156,GCST90475275
163410437,GCST90480458
100845197,GCST90162295
163320525,GCST90479594
61998852,GCST009777
21965879,GCST004521
164786695,GCST90314950
17459506,GCST003681
100841430,GCST90162093
90621633,GCST012228
90640872,GCST012230
119091818,GCST90301650
119755796,GCST90244863
131614213,GCST90428119
90795528,GCST90020025
90784871,GCST90020024
90754721,GCST90020027
127944215,GCST90295751
163306737,GCST90479518
127953196,GCST90295835
188288252,GCST90469555
163406674,GCST90480367
96152801,GCST90092865
63373782,GCST90012074
166116987,GCST90483487
93462436,GCST90018597
35278253,GCST006524
100831234,GCST90161584
31582749,GCST005993
101345317,GCST90239675
103285146,GCST90245848
24774860,NA
101284784,NA
191021474,NA
163362862,GCST90479705
64081312,GCST90002388
215489906,GCST90501145
189840517,GCST90454483
163361960,GCST90479704
96157545,GCST90092877
190080884,GCST90502607
96206170,GCST90093015
163363795,GCST90479706
190098733,GCST90502711
188282670,GCST90469499
163148330,GCST90475511
131554141,GCST90428109
94088003,GCST90002055
94087985,GCST90002054
64201008,GCST90002381
92410697,GCST90027058
188303766,GCST90469712
64091049,GCST90002392
24094542,GCST004781
24082730,GCST004781
90795486,GCST90020025
90640867,GCST012230
191011953,GCST90559251
90784832,GCST90020024
90754681,GCST90020027
21797543,GCST004617
21885811,GCST004623
101284780,GCST90002382
188103157,GCST90468099
98428293,GCST90131901
162861720,GCST90427746
162853467,GCST90426861
35613911,GCST007023
129691289,GCST90104187
164668838,GCST90492692
101370519,GCST90239621
188310614,GCST90469776
193104779,GCST90624742
104526230,GCST90247323
80500202,GCST90016586
80500544,GCST90016589
80501330,GCST90016594
80500745,GCST90016590
80500010,GCST90016585
80501003,GCST90016591
188194805,GCST90468647
22009240,GCST004599
191342004,GCST90565843
63940986,GCST90002407
21836012,GCST004608
47790172,GCST008832
104014094,GCST90255368
31584501,GCST005987
31583995,GCST005990
164787871,GCST90315014
164752047,GCST90313237
164787823,GCST90315011
164751983,GCST90313234
91505390,GCST90027168
191291058,GCST90565837
164806143,GCST90315932
97028205,GCST004576
34600556,GCST006052
164780431,GCST90314609
91505428,GCST90027168
118913228,GCST90271713
104514490,GCST90246768
189998588,GCST90502218
62502992,GCST90002367
62742143,GCST90002363
189918737,GCST90502030
189922116,GCST90502036
21964567,GCST004521
21840800,GCST004627
93465897,GCST90018725
188184562,GCST90468583
165705064,GCST90302863
188095996,GCST90468096
188087640,GCST90468092
10091160,GCST002879
188378756,GCST90470615
217415229,GCST90828127
80432050,GCST012213
188092156,GCST90468095
21964514,GCST004521
131552715,GCST90428109
19308335,GCST003958
19308315,GCST003958
19308276,GCST003958
19308406,GCST003959
19283606,GCST003960
97477744,GCST90105038
165704824,GCST90302863
165704784,GCST90302863
103246696,GCST90245848
10090285,GCST002802
90811336,GCST012227
43174132,GCST007839
62068964,GCST010343
163400595,NA
188230874,NA
18786,NA
165704176,GCST90302861
165704585,GCST90302862
166152095,GCST90572749
131552781,GCST90428109
131552787,GCST90428109
36243,GCST002068
22659,GCST001582
21998,GCST001582
18643,GCST001150
10091166,GCST002879
80452332,GCST012289
165704141,GCST90302861
88917665,GCST90020042
93085873,GCST90085817
188109737,GCST90468104
101420642,GCST90178383
101420661,GCST90178384
64078446,GCST90002389
188299742,GCST90469685
127928176,GCST90295495
131552798,GCST90428109
41551700,GCST007800
188118248,GCST90468147
55713065,GCST009841
188116169,GCST90468120
188378831,GCST90470615
188313296,GCST90469797
131552697,GCST90428109
131552763,GCST90428109
188214812,GCST90468848
165260956,GCST90565134
131555060,GCST90428109
131552769,GCST90428109
131552775,GCST90428109
188170829,GCST90468409
62316725,GCST011427
62316403,GCST011427
62310554,GCST011427
188081329,GCST90468089
62312461,GCST011427
62308468,GCST011427
62306741,GCST011427
62313962,GCST011427
62312408,GCST011427
62308239,GCST011427
103246701,GCST90245848
165777016,GCST90568658
164668963,GCST90492692
101345341,GCST90239675
97477756,GCST90105038
165704774,GCST90302863
131333693,GCST90321120
119086377,GCST90301649
93475704,GCST90018756
97477750,GCST90105038
165261697,GCST90565134
165704899,GCST90302863
127873628,GCST90293580
127898066,GCST90294657
131552667,GCST90428109
131553063,GCST90428109
218066164,GCST90838663
131552650,GCST90428109
131552691,GCST90428109
188118313,GCST90468147
104013972,GCST90255367
188194855,GCST90468647
93078196,GCST90056177
188102745,GCST90468098
188378776,GCST90470615
218066192,GCST90838663
164668942,GCST90492692
93078491,GCST90056178
188112401,GCST90468106
188127061,GCST90468166
188116129,GCST90468120
165260090,GCST90565134
165704255,GCST90302862
188194900,GCST90468647
21890338,GCST004616
188278976,GCST90469458
189963172,GCST90502127
127954778,GCST90295837
127872059,GCST90293505
127947636,GCST90295772
188299550,GCST90469684
188311058,GCST90469778
55611561,GCST009717
216759882,GCST90825977
165704969,GCST90302863
131552727,GCST90428109
131552739,GCST90428109
131552757,GCST90428109
162855652,GCST90427096
102262414,GCST90205225
165705049,GCST90302863
131552721,GCST90428109
131552733,GCST90428109
24379,GCST001687
23576,GCST001337
101284815,NA
165262549,NA
95125255,NA
93078611,GCST90056178
21964896,GCST004521
165705084,GCST90302863
127948135,GCST90295775
93080146,GCST90056180
105954259,GCST90271580
165704794,GCST90302863
63419269,GCST010796
133715447,GCST90435380
40767800,GCST006085
188103822,GCST90468099
131552804,GCST90428109
133715452,GCST90435380
165704635,GCST90302862
63818058,GCST011008
165704699,GCST90302863
188167495,GCST90468342
127935280,GCST90295573
131552816,GCST90428109
131552810,GCST90428109
63818064,GCST011008
165262342,GCST90565134
131553031,GCST90428109
104014333,GCST90255371
191291626,GCST90565837
162829681,GCST90424219
162812291,GCST90422237
188278851,GCST90469458
47742104,GCST008870
165704664,GCST90302863
131555066,GCST90428109
166119487,GCST90483498
166116998,GCST90483487
127944393,GCST90295751
127954601,GCST90295836
101789521,GCST90239828
101792082,GCST90239829
188116134,GCST90468120
63919488,GCST010984
63924358,GCST010985
127925963,GCST90295458
127944239,GCST90295751
127951207,GCST90295798
169092221,GCST90590340
189998754,GCST90502218
127931715,GCST90295549
127926893,GCST90295467
127938373,GCST90295638
190092488,GCST90502670
189989619,GCST90502192
127931056,GCST90295547
127934136,GCST90295552
127954110,GCST90295836
189922277,GCST90502036
88917578,GCST90020042
216545316,GCST90627749
216545322,GCST90627749
93080396,GCST90056180
104561778,GCST90249134
188304731,GCST90469727
131552644,GCST90428109
188215077,GCST90468848
131552673,GCST90428109
188083581,GCST90468090
165260704,GCST90565134
30797716,GCST005790
127898359,GCST90294658
55713725,GCST009845
55712197,GCST009842
93076609,GCST90085815
165260614,GCST90565134
165260241,GCST90565134
131556174,GCST90428109
93082451,GCST90056183
131722604,GCST90319905
188278991,GCST90469458
188324546,GCST90469905
216545306,GCST90627749
216547832,GCST90627750
188195761,GCST90468655
188278981,GCST90469458
21965324,GCST004521
134119335,GCST90446530
165262263,GCST90565134
15059814,GCST003048
26993825,GCST005081
64078441,GCST90002389
64403046,GCST90002399
93083156,GCST90056183
61998868,GCST009777
21965139,GCST004521
38449528,GCST007201
162808001,GCST90421733
104013938,GCST90255367
165704964,GCST90302863
119463650,GCST90310240
165260468,GCST90565134
188042182,GCST90468068
164668824,GCST90492692
131552709,GCST90428109
131552745,NA
131552703,NA
131552751,NA
55713786,GCST009845
188395930,GCST90470837
188118263,GCST90468147
188278861,GCST90469458
188314768,GCST90469813
106073450,GCST90274902
188285660,GCST90469524
165704744,GCST90302863
165704191,GCST90302861
165704615,GCST90302862
188177335,GCST90468497
188074065,GCST90468087
64201055,GCST90002381
61936431,GCST010083
131552851,GCST90428109
162833922,GCST90424737
188044044,GCST90468069
100837489,GCST90161871
131333688,GCST90321120
188278896,GCST90469458
165704874,GCST90302863
63818069,GCST011008
131553025,GCST90428109
189918897,GCST90502030
21965867,GCST004521
62318574,GCST011427
62315910,GCST011427
62315707,GCST011427
165261003,GCST90565134
101334977,GCST90239664
101332218,GCST90239661
97477761,GCST90105038
165260836,GCST90565134
165260749,GCST90565134
188313622,GCST90469800
188349509,GCST90470244
131555054,GCST90428109
55714532,GCST009850
47903884,GCST008916
55713002,GCST009841
188324536,GCST90469905
188077040,GCST90468087
188243167,GCST90469178
127892825,GCST90294398
131555169,GCST90428109
131552679,GCST90428109
131552638,GCST90428109
131552661,GCST90428109
131552685,GCST90428109
188247383,GCST90469206
131555988,GCST90428109
188198922,GCST90468688
165262434,GCST90565134
188095726,GCST90468096
127953161,GCST90295835
127944952,GCST90295764
189907274,GCST90502004
189966320,GCST90502134
189954460,GCST90502095
24777542,GCST005006
188325177,GCST90469913
188176068,GCST90468481
188406436,GCST90470930
188378906,GCST90470615
188313597,GCST90469800
188313336,GCST90469797
216788860,GCST90448632
188278961,GCST90469458
188278694,GCST90469457
188314758,GCST90469813
216545311,GCST90627749
216543246,GCST90627744
188324461,GCST90469905
90641220,GCST012230
188275451,GCST90469423
165262543,GCST90565134
190063676,GCST90502514
190017142,GCST90502294
190079375,GCST90502606
190097242,GCST90502710
189986928,GCST90502186
190030267,GCST90502358
190100242,GCST90502722
190019622,GCST90502306
190027242,GCST90502346
190060997,GCST90502502
190082397,GCST90502618
189995594,GCST90502212
218076303,GCST90838669
189918908,GCST90502030
165821749,GCST90569492
165703956,GCST90302861
165704285,GCST90302862
189910283,GCST90502010
189957505,GCST90502101
189969650,GCST90502140
188126429,GCST90468165
189998749,GCST90502218
189969640,GCST90502140
189918903,GCST90502030
188116209,NA
191342847,NA
188279143,NA
216547838,GCST90627750
188299465,GCST90469684
188299722,GCST90469685
188311233,GCST90469778
188279093,GCST90469459
188280819,GCST90469481
90621992,GCST012228
90641224,GCST012230
188245078,GCST90469196
188324641,GCST90469905
165703976,GCST90302861
165704330,GCST90302862
189973584,GCST90502147
189925844,GCST90502043
131554033,GCST90428109
190033590,GCST90502372
216543711,GCST90627745
216543717,GCST90627745
216543723,GCST90627745
216543729,GCST90627745
216760865,GCST90825979
216333473,GCST90809295
131552793,GCST90428109
188406501,GCST90470930
188215117,GCST90468848
188278891,GCST90469458
188314873,GCST90469813
188193128,GCST90468636
188278941,GCST90469458
191342819,GCST90565843
62401615,GCST011426
188195881,GCST90468655
188324611,GCST90469905
188062985,GCST90468082
191368680,GCST90565844
191342824,GCST90565843
189910277,GCST90502010
189907269,GCST90502004
189966315,GCST90502134
189957500,GCST90502101
189954455,GCST90502095
24303664,GCST004861
189995589,GCST90502212
189969645,GCST90502140
191342830,GCST90565843
191342836,GCST90565843
191342842,GCST90565843
191342853,GCST90565843
10071451,GCST000984
104326408,GCST90258652
141941539,GCST90454586
189973589,GCST90502147
189976388,GCST90502153
215440435,GCST90497949
27578742,GCST005541
189925849,GCST90502043
164773827,GCST90314317
127947893,GCST90295773
218076475,GCST90838669
98428287,GCST90131901
216543223,GCST90627744
106004132,GCST90271798
162829671,GCST90424219
191341874,GCST90565843
191341879,GCST90565843
191341896,GCST90565843
191341902,GCST90565843
189912284,GCST90502012
189959447,GCST90502103
47088504,GCST007992
188228826,GCST90468970
188378214,GCST90470614
47702085,GCST008595
192541481,GCST90624105
41138473,GCST007841
64732842,GCST012090
56259255,GCST010011
135078982,GCST90449007
90520576,GCST90020227
36592603,GCST007341
36158801,GCST007327
41173259,GCST007323
98436459,GCST90131902
103221189,GCST90245845
34719515,GCST006568
34709634,GCST006571
131778759,GCST90310295
98383629,GCST90094830
98384451,GCST90094840
102103865,GCST90243985
136009078,GCST90309341
98436492,GCST90131902
94882117,GCST90094983
94882123,GCST90094983
94882129,GCST90094983
101397497,GCST90239693
104964754,GCST90267302
103238420,GCST90245848
35674672,GCST006660
131617244,GCST90428119
36093295,NA
94882099,NA
103238425,NA
98381630,GCST90094781
165013873,GCST90503210
34702816,GCST006573
34714648,GCST006569
103219930,GCST90245844
97060562,GCST90103805
132519860,GCST90432061
41275440,GCST007474
132521131,GCST90432063
98438599,GCST90131903
35567123,GCST006622
98426392,GCST90131901
98426397,GCST90131901
98426403,GCST90131901
98426409,GCST90131901
98426309,GCST90131901
91294501,GCST90026554
62081024,GCST010340
101966072,GCST90179150
49131039,GCST009004
97472877,GCST90105038
98438610,GCST90131903
98438633,GCST90131903
98438627,GCST90131903
102118577,GCST90243989
102118565,GCST90243989
102118571,GCST90243989
98382479,GCST90094796
88927999,GCST90000047
93513942,GCST90018959
191335769,GCST90565843
191288563,GCST90565837
102098446,GCST90243984
188357717,GCST90470338
62070174,GCST010343
166021227,GCST90566737
47108838,GCST007988
193224258,GCST90568441
214527353,GCST90726345
214527358,GCST90726345
98438639,GCST90131903
98436503,GCST90131902
34719511,GCST006568
102087910,GCST90243968
100082576,GCST90132951
100085953,GCST90133007
47108844,GCST007988
61961449,GCST010097
131632824,GCST90428121
98436475,GCST90131902
98436481,GCST90131902
191873185,GCST90662902
94882105,GCST90094983
94882111,GCST90094983
94882135,GCST90094983
94882141,GCST90094983
35226129,GCST006442
35226133,GCST006442
34709638,GCST006571
36098496,GCST007085
101054236,GCST90162547
98380948,GCST90094762
191902886,GCST90662911
36087337,GCST007078
102087899,GCST90243968
41247618,GCST007462
41251154,GCST007468
102087904,GCST90243968
102103870,GCST90243985
98426386,GCST90131901
102103893,GCST90243985
95986278,GCST90100569
95988147,GCST90100571
35793701,GCST007225
104109405,GCST90255621
34990275,GCST006287
31584460,GCST005987
98426315,GCST90131901
98426321,GCST90131901
98426327,GCST90131901
98438604,GCST90131903
98426333,GCST90131901
98436464,GCST90131902
98426339,GCST90131901
98426368,GCST90131901
98426357,GCST90131901
98426374,GCST90131901
98436497,GCST90131902
97472865,GCST90105038
97472871,GCST90105038
47231806,GCST007982
163418339,GCST90480631
98426345,GCST90131901
98436469,GCST90131902
98438615,GCST90131903
98426351,GCST90131901
119090389,GCST90301650
36059334,GCST007039
104109399,GCST90255621
55730595,GCST009871
119090394,NA
36059338,NA
55730591,NA
104964460,GCST90267291
101661198,GCST90239706
41136066,GCST007342
189881676,GCST90624551
100345589,GCST90134529
119955592,GCST90319327
138722562,GCST90446645
188267074,GCST90469357
93469370,GCST90018739
47845378,GCST008839
131617573,GCST90428119
102103888,GCST90243985
118723881,GCST90296427
118724791,GCST90296430
62310198,GCST011427
138228331,GCST90444487
34705035,GCST006574
91624655,GCST012335
117828652,GCST90012088
104959792,GCST90267284
216864656,GCST90827928
94877001,GCST90032399
135009575,GCST90428446
135015449,GCST90428448
93037432,GCST90061435
93037427,GCST90061435
63949980,GCST011703
35230145,GCST006442
98384310,GCST90094838
98383996,GCST90094836
36160325,GCST007326
47839229,GCST008887
106035812,GCST90270074
16741,GCST000880
19538254,GCST003993
102103882,GCST90243985
118822948,GCST90103484
56258973,GCST010018
15017622,GCST003123
35278181,GCST006524
16576308,GCST003559
16576276,GCST003559
214526600,GCST90726344
214526612,GCST90726344
165796706,GCST90569286
34702820,GCST006573
96113413,GCST008810
102103860,GCST90243985
41248892,GCST007472
131084760,GCST90328131
162861657,GCST90427741
131340218,GCST90321120
36159150,GCST007327
36159178,GCST007327
98426291,GCST90131901
98426297,GCST90131901
98426303,GCST90131901
47122363,GCST007988
98426362,GCST90131901
98436486,GCST90131902
98426380,GCST90131901
98426285,GCST90131901
97472854,GCST90105038
97472859,GCST90105038
88928005,GCST90000047
100345616,GCST90134529
101044570,GCST90058037
98438621,GCST90131903
62311648,GCST011427
217417990,GCST90559230
36159618,GCST007327
41275444,GCST007474
41251158,GCST007468
96113193,GCST008810
188263809,GCST90469357
188263294,GCST90469357
191844338,GCST90662886
61689509,GCST010002
191904795,GCST90662912
214526606,GCST90726344
216854385,GCST90827895
216826653,GCST90827800
10064938,GCST002541
134155913,GCST90435412
217556080,GCST90832990
216826647,GCST90827800
218408515,GCST90841196
218404882,GCST90841193
132630150,GCST90432147
132630156,GCST90432147
80688611,GCST012073
131558139,GCST90428109
131558145,GCST90428109
63120128,GCST010730
19715162,GCST004131
163410815,GCST90480461
134134286,GCST90446794
163199717,GCST90476186
132630145,GCST90432147
102517218,GCST90241623
139435380,NA
134133124,NA
163404263,NA
19714343,GCST004133
163199896,GCST90476187
163055276,GCST90475322
134131684,GCST90292538
78991024,GCST011501
163200098,GCST90476190
19713666,GCST004132
214497472,GCST90572791
62285196,GCST005752
105701051,GCST90270940
11298,GCST000207
6035,GCST000071
100838144,GCST90161916
15587,GCST000728
17605,GCST001010
105855590,GCST90271348
93347735,GCST90061442
93347297,GCST90061440
15751507,GCST003129
105701030,GCST90270940
216549218,GCST90627754
24913856,GCST005529
54870217,GCST009131
24297533,GCST005537
132630161,GCST90432147
101119006,GCST90132225
101117470,GCST90132222
15889,GCST000733
15715957,GCST000408
134098075,GCST90319320
11364,GCST000042
163404075,GCST90480317
163195506,GCST90476066
102516829,GCST90241591
131558180,GCST90428109
163448739,GCST90480763
45611731,GCST007932
36074414,GCST007073
217723862,GCST90837324
93552655,GCST90018990
188010234,GCST90624214
15071205,GCST003045
24297525,GCST005537
188006265,GCST90016625
102081211,GCST90243962
12565,GCST000322
14768699,GCST000624
100838138,GCST90161916
15624,GCST000726
24297537,GCST005537
165704275,GCST90302862
165261061,GCST90565134
163328194,GCST90479616
163055096,GCST90475318
100524916,GCST90137794
24375706,GCST005527
16033548,GCST003268
129699139,GCST90319897
40933897,GCST007278
61994170,GCST010124
163409805,GCST90480446
165262223,GCST90565134
163199138,GCST90476170
163199263,GCST90476171
163409680,GCST90480445
105701529,GCST90270940
63155527,GCST006585
63156531,GCST006585
216544355,GCST90627749
216549457,GCST90627755
216547016,GCST90627750
56294870,GCST009956
24530941,GCST005581
165093573,GCST90503485
14408,GCST000563
17530,GCST000964
23836,GCST000879
14217,GCST000527
11629,GCST000225
12518,GCST000311
11989582,GCST001438
18609,GCST001149
11322,GCST000014
20696,GCST001396
10861900,GCST002740
24661,GCST001652
12719926,GCST001725
188116226,GCST90468121
165704280,GCST90302862
96078806,GCST90101197
24913680,GCST005529
24671823,GCST005529
216760354,GCST90825978
216759872,GCST90825977
165093579,GCST90503485
105871756,GCST90269785
10861890,GCST002740
162844075,GCST90425888
165704335,GCST90302862
12516,GCST000311
64630399,NA
64630809,NA
163410648,NA
100844816,GCST90162282
15078843,GCST003043
10074140,GCST007362
93487113,GCST90018933
165093591,GCST90503485
165093585,GCST90503485
165093597,GCST90503485
11678,GCST000023
24297529,GCST005537
188005375,GCST90016610
41473064,GCST003044
94164774,GCST90088911
163404227,GCST90480319
165748734,GCST90503484
163195472,GCST90476065
80715319,GCST011990
88182517,GCST011991
163410395,GCST90480458
94164129,GCST90088527
103228440,GCST90245848
103228435,GCST90245848
106259945,GCST90270116
106260315,GCST90270116
191305812,GCST90565843
97984137,GCST90100220
101158888,GCST90139601
119616857,GCST90299551
87297815,GCST90019502
87293460,GCST90019506
41379802,GCST007576
119085199,GCST90301649
118796283,GCST90104572
97485730,GCST90105038
131774992,GCST90310294
119772349,GCST90245487
192543812,GCST90624105
101937143,GCST90243900
119766398,GCST90245258
101158508,GCST90139574
101156947,GCST90139475
216624872,GCST90264462
47759839,GCST008745
101155717,GCST90139396
102452028,GCST90102793
163045075,GCST90475285
163313564,GCST90479540
188333568,GCST90470026
102450611,GCST90102699
163315979,GCST90479561
63616888,GCST012020
41203687,GCST007344
119907395,GCST90200310
163321322,GCST90479598
102455823,GCST90103018
102458380,GCST90103162
102451207,GCST90102741
163322032,GCST90479599
47757904,GCST008747
106391224,GCST90269559
101168781,GCST90140254
191353634,GCST90565843
216622649,GCST90264223
163316739,GCST90479562
216628463,GCST90264849
97981269,GCST90100220
215458627,GCST90501105
93476705,GCST90018759
63616884,GCST012020
119912070,GCST90200657
163041676,GCST90475280
97037095,GCST90103634
101161626,GCST90139797
47099751,GCST007876
119908383,GCST90200384
216633530,GCST90265379
119617379,GCST90299580
119765796,GCST90245239
119626474,GCST90300106
191870105,GCST90662902
14216464,GCST003119
163034513,GCST90475232
93548086,GCST90018979
216647283,GCST90266840
163004996,GCST90475145
96793987,GCST90010746
162366036,GCST90318020
101399347,GCST90176160
163030618,GCST90475226
97033977,GCST90103633
163032665,GCST90475229
216638764,GCST90265891
101156103,GCST90139423
163043394,GCST90475282
17372871,GCST000649
16539936,GCST003401
163309004,GCST90479522
163306784,GCST90479518
101173215,GCST90140638
119897273,GCST90199639
191836996,GCST90662870
133850784,NA
163018974,NA
163006164,NA
119899129,GCST90199782
135011000,GCST90428446
119899646,GCST90199813
135013882,GCST90428447
119760198,GCST90245017
166016165,GCST90566733
163307163,GCST90479519
163317483,GCST90479563
102455553,GCST90103003
119898254,GCST90199717
102450606,GCST90102699
55725672,GCST009867
119766354,GCST90245257
102451222,GCST90102741
163005768,GCST90475148
119763922,GCST90245166
14958560,GCST003372
166020160,GCST90566737
216629975,GCST90265007
102454459,GCST90102930
119757267,GCST90244917
218410400,GCST90841196
101156522,GCST90139446
119912147,GCST90200663
191721792,GCST90654634
191721891,GCST90654637
105003114,GCST90255614
218405723,GCST90841193
132773779,GCST90320054
217875763,GCST90838662
31585562,GCST005984
104960438,GCST90267284
103217410,GCST90245844
119898249,GCST90199717
97485736,GCST90105038
90798327,GCST90020025
90757913,GCST90020027
62312158,GCST011427
29386,GCST001852
102453721,GCST90102889
101932912,GCST90243464
96222795,GCST90092820
191865233,GCST90662899
55417980,GCST009391
103262628,GCST90245848
138939216,GCST90278624
64666398,GCST90013541
106771057,GCST90281111
119899675,GCST90199815
100205069,GCST90133915
63616900,GCST012020
63616896,GCST012020
63616892,GCST012020
101156376,GCST90139438
119620810,GCST90299770
119901370,GCST90199915
119617384,GCST90299580
119626479,GCST90300106
216624884,GCST90264463
55906585,GCST009733
119625721,GCST90300062
119629403,GCST90300286
119770039,GCST90245395
216813272,GCST90827759
101934354,GCST90243615
98431880,GCST90131901
102110607,GCST90243985
35228365,GCST006442
34706664,GCST006571
102092806,GCST90243968
47232645,GCST008058
163313234,GCST90479539
21439650,GCST004292
163322621,GCST90479600
47234016,GCST008059
163024831,GCST90475192
216645148,GCST90266605
100192238,GCST90133544
119908911,GCST90200425
216628576,GCST90264858
101399291,GCST90176157
101420068,GCST90178327
101421045,GCST90178424
119616862,GCST90299551
97485742,GCST90105038
63616876,GCST012020
45235924,GCST007877
103287296,GCST90245848
100192946,GCST90133561
119899641,GCST90199813
191721816,GCST90654635
119762893,GCST90245124
61690694,GCST010002
164720502,GCST90451707
165105127,GCST90503747
215461972,GCST90501110
103262623,GCST90245848
45531764,GCST007841
188143411,GCST90468178
217875425,GCST90451675
42193,NA
63616880,NA
191353628,NA
119617374,GCST90299580
119626469,GCST90300106
191353618,GCST90565843
134161318,GCST90435412
191353623,GCST90565843
191353640,GCST90565843
97983393,GCST90100220
188094446,GCST90468096
64339529,GCST90002402
163377082,GCST90479851
163377116,GCST90479852
119085676,GCST90301649
165816066,GCST90569455
191837643,GCST90662871
218069739,GCST90838669
62499743,GCST90002361
62745751,GCST90002357
64398882,GCST90002400
163407023,GCST90480376
191286198,GCST90565837
191286204,GCST90565837
103230815,GCST90245848
119972965,GCST90302233
63946877,GCST90002405
63943749,GCST90002406
189892908,GCST90558103
134408907,GCST90435144
188091031,GCST90468095
188211908,GCST90468816
45531978,GCST007841
188211918,GCST90468816
93520779,GCST90018962
188211768,GCST90468816
64082253,GCST90002388
103265419,GCST90245848
93546062,GCST90018978
188211993,GCST90468816
98196428,GCST012398
63941974,GCST90002407
35133815,GCST006433
101792461,GCST90239829
131787572,GCST90310296
87288868,GCST90019509
188211983,GCST90468816
62738808,GCST90002374
96645430,GCST90094889
188211953,GCST90468816
93502855,GCST90018951
36466722,GCST007070
36501624,GCST007066
62507467,GCST90002378
188211808,GCST90468816
188211773,GCST90468816
188211828,GCST90468816
93500047,GCST90018949
97984185,GCST90100220
119087629,GCST90301650
104115510,GCST90255621
188147316,GCST90468180
188121317,GCST90468159
218082871,GCST90838669
101792456,GCST90239829
163312197,GCST90479530
163311831,GCST90479529
103265424,GCST90245848
188046800,GCST90468072
166118601,GCST90483497
106378504,GCST90239826
106377106,GCST90239824
63831012,GCST90012110
63827709,GCST90012111
106373154,GCST90239820
166116025,GCST90483486
87302333,GCST90019500
191884276,GCST90662906
104535162,GCST90247795
118865015,GCST90274714
118862456,GCST90274713
93536774,GCST90018971
162822301,GCST90423352
188159116,GCST90468240
56281038,GCST010242
118865009,GCST90274714
118862449,GCST90274713
165026744,GCST90461907
93483006,GCST90018870
188159146,GCST90468240
101054576,GCST90162547
103209623,GCST90244758
106034761,GCST90270074
34994681,GCST006287
218085583,GCST90838669
188292933,GCST90469598
188264559,GCST90469357
101447093,GCST90002403
36056896,GCST007020
64079338,GCST90002389
62428765,GCST90002355
64403816,GCST90002399
62739029,GCST90002374
64406277,NA
117664290,NA
62744964,NA
64410051,GCST90002397
218085387,GCST90838669
64413555,GCST90002396
117661057,GCST90000059
166141879,GCST90565693
94881997,GCST90094982
93085455,GCST90085816
119090426,GCST90301650
215579567,GCST90501299
98003575,GCST90102470
104867567,GCST90267516
131331878,GCST90321120
165822209,GCST90569500
188353539,GCST90470279
191010252,GCST90559250
218091363,GCST90838671
218073919,GCST90838669
102103932,GCST90243985
102087927,GCST90243968
218073335,GCST90838669
93487694,GCST90018937
164801843,GCST90315702
63347671,GCST90011808
103283926,GCST90245848
36472560,GCST007065
36518505,GCST007072
102103927,GCST90243985
218404864,GCST90841193
33418,GCST001913
64339962,GCST90002402
188091511,GCST90468095
88193864,GCST012490
131546772,GCST90428113
131546575,GCST90428112
104177127,GCST90255668
164796763,GCST90315442
164783463,GCST90314768
164796743,GCST90315441
164775243,GCST90314377
188323913,GCST90469901
164796779,GCST90315443
164789443,GCST90315083
164761519,GCST90313714
164796711,GCST90315440
164796607,GCST90315437
164781471,GCST90314663
164777203,GCST90314473
164774307,GCST90314345
164784483,GCST90314827
164769411,GCST90314097
164796627,GCST90315438
164796663,GCST90315439
164775591,GCST90314390
164772939,GCST90314270
164780467,GCST90314610
164796579,GCST90315436
164796807,GCST90315444
188353569,GCST90470279
119147895,GCST90301671
163318104,GCST90479577
218408529,GCST90841196
165148099,GCST90503115
17472951,GCST003676
163341190,GCST90479636
80725215,GCST012464
105999131,GCST90128422
105998826,GCST90128421
103224694,GCST90245845
36594239,GCST007338
36595244,GCST007339
34832610,GCST006269
165015100,GCST90503210
62253142,GCST010641
55592480,GCST009600
100544549,GCST90128471
134155663,GCST90435412
103280871,GCST90245848
103227156,GCST90245846
103280876,GCST90245848
62085482,GCST010340
191365617,GCST90565843
191301581,GCST90565837
62423291,GCST010642
34967830,GCST006477
62252792,GCST010642
36594234,GCST007338
36596377,GCST007340
36595240,GCST007339
36592436,GCST007341
36593785,GCST007337
131338873,GCST90321120
162649618,GCST90449056
117664365,GCST90292474
117661129,GCST90000059
34967760,GCST006477
62708637,GCST010647
216295875,GCST90705070
24039,GCST000817
105296578,GCST90270081
131335703,GCST90321120
34943481,NA
119089692,NA
22674863,NA
188140306,GCST90468178
191301586,GCST90565837
191301575,GCST90565837
103219595,GCST90245844
103280866,GCST90245848
27409397,GCST005316
34724285,GCST006570
34703657,GCST006573
34715892,GCST006569
97492432,GCST90105038
93516597,GCST90018959
47170040,GCST007841
36502976,GCST007066
100878206,GCST90179157
163342914,GCST90479637
63423200,GCST010796
63423196,GCST010796
63423192,GCST010796
63423188,GCST010796
63423184,GCST010796
63423180,GCST010796
63423176,GCST010796
63423172,GCST010796
63423168,GCST010796
63423164,GCST010796
63423160,GCST010796
63423156,GCST010796
63423152,GCST010796
63423148,GCST010796
63423144,GCST010796
63423140,GCST010796
63423136,GCST010796
63423132,GCST010796
63423128,GCST010796
63423124,GCST010796
63423120,GCST010796
63423116,GCST010796
63423112,GCST010796
63423108,GCST010796
63423104,GCST010796
63423100,GCST010796
63423096,GCST010796
63423092,GCST010796
63423088,GCST010796
63423084,GCST010796
63423080,GCST010796
63423076,GCST010796
63423072,GCST010796
163338904,GCST90479635
163336480,GCST90479634
163075609,GCST90475358
217419034,GCST90559230
214308866,GCST90624094
217630958,GCST90833051
188265329,GCST90469357
191305095,GCST90565842
191365606,GCST90565843
216890322,GCST90828013
191844183,GCST90662886
106259215,GCST90270116
217565597,GCST90832991
131622342,GCST90428120
100877646,GCST90179154
100879008,GCST90179158
91774462,GCST012465
34832733,GCST006269
10060027,GCST002539
88936986,GCST90020095
15059794,GCST003048
62253717,GCST010640
64733468,GCST012089
38451419,GCST007201
88936350,GCST90020094
138944183,GCST90278637
98435824,GCST90131901
10075988,GCST002646
55291649,GCST009337
47844933,GCST008839
131335983,GCST90321120
191365612,GCST90565843
191365623,GCST90565843
191365629,GCST90565843
131783459,GCST90310295
35588007,GCST006627
162655474,GCST90449057
163412397,GCST90480488
191900296,GCST90662911
55727212,GCST009867
214309061,GCST90624094
191305100,GCST90565842
34942701,GCST006250
218978881,GCST90832687
27409417,GCST005316
34943476,GCST006250
218978885,GCST90832687
100284224,GCST90134330
218978889,GCST90832687
191684928,GCST90624412
191681418,GCST90624411
215497757,GCST90501158
215560914,NA
215498854,NA
218088368,NA
34938877,GCST006403
34938872,GCST006403
163313208,GCST90479539
163313544,GCST90479540
163385186,GCST90479953
191832103,GCST90570048
135010847,GCST90428446
165014525,GCST90503210
104962429,GCST90267284
91624628,GCST012335
98431344,GCST90131901
191882446,GCST90662906
191295361,GCST90565837
217559336,GCST90832990
217559342,GCST90832990
218081551,GCST90838669
93545947,GCST90018978
93530217,GCST90018968
100084413,GCST90132992
36158414,GCST007328
97484544,GCST90105038
97484550,GCST90105038
97484562,GCST90105038
34706396,GCST006571
188369758,GCST90470521
191864233,GCST90662899
165802941,GCST90569373
191892858,GCST90662909
188143176,GCST90468178
191369825,GCST90565844
165774468,GCST90568580
103260817,GCST90245848
36094464,GCST007081
97484556,GCST90105038
102120465,GCST90243989
102099601,GCST90243984
98436962,GCST90131902
98431350,GCST90131901
98436967,GCST90131902
102071117,GCST90091152
163306768,GCST90479518
163005061,GCST90475145
163307388,GCST90479520
163307141,GCST90479519
94083561,GCST90001819
93501041,GCST90018950
93498002,GCST90018949
93494179,GCST90018947
22080,GCST001538
34616700,GCST006061
102723902,GCST90244768
19687763,GCST004373
80722584,GCST012460
103988469,GCST90255357
62085374,GCST010340
143793318,GCST90455665
102086070,GCST90243968
119436075,GCST90310003
34718414,GCST006568
189789968,GCST90624293
24079166,GCST004824
42673,GCST002431
93502110,GCST90018951
21404504,GCST002875
63412347,GCST010796
63412343,GCST010796
63412339,GCST010796
63412335,GCST010796
63412331,GCST010796
63412327,GCST010796
63412323,GCST010796
63412319,GCST010796
63412315,GCST010796
63412311,GCST010796
63412307,GCST010796
63412303,GCST010796
63412299,GCST010796
63412295,GCST010796
63412291,GCST010796
63412287,GCST010796
63412283,GCST010796
63412279,GCST010796
63412275,GCST010796
63412271,GCST010796
63412267,GCST010796
63412263,GCST010796
63412259,GCST010796
63412255,GCST010796
63412251,GCST010796
63412247,GCST010796
63412243,GCST010796
63412239,GCST010796
63412235,GCST010796
63412231,GCST010796
63412227,GCST010796
63412223,GCST010796
63412219,GCST010796
63412215,GCST010796
63412211,GCST010796
63412207,GCST010796
63412203,NA
63412199,NA
63412195,NA
63412191,GCST010796
63412187,GCST010796
63412183,GCST010796
63412179,GCST010796
63412175,GCST010796
63412171,GCST010796
63412167,GCST010796
63412163,GCST010796
63412159,GCST010796
63412155,GCST010796
63412151,GCST010796
63412147,GCST010796
165796357,GCST90569280
62180412,GCST010557
217551123,GCST90832989
102693148,GCST90244660
42641,GCST002457
103990776,GCST90255358
103282836,GCST90245848
100879108,GCST90179161
24079136,GCST004824
189789681,GCST90624276
95027231,GCST90095129
188124246,GCST90468161
61998200,GCST009777
104106952,GCST90255621
131328853,GCST90321120
61966497,GCST010346
62018566,GCST010321
189789167,GCST90624255
131338398,GCST90321120
163426900,GCST90480666
55728701,GCST009871
47382844,GCST008997
102723291,GCST90204201
162642586,GCST90449054
80603901,GCST012322
189790886,GCST90624356
100879552,GCST90179162
189790891,GCST90624356
163396825,GCST90480168
189790698,GCST90624342
189789300,GCST90624261
189790908,GCST90624357
189789912,GCST90624291
93478965,GCST90018796
143793175,GCST90455665
191679928,GCST90624411
100878574,GCST90179158
100877734,GCST90179157
217417746,GCST90559230
192545736,GCST90624107
49133795,GCST009003
63783981,GCST010988
215582615,GCST90501301
80621723,GCST012332
104106946,GCST90255621
164631179,GCST90492734
215584357,GCST90501302
55728660,GCST009871
215581524,GCST90501300
131615913,GCST90428119
215578526,GCST90501296
215576834,GCST90501294
188147995,GCST90468182
189789254,GCST90624258
189789081,GCST90624249
189789732,GCST90624278
189789992,GCST90624294
189790015,GCST90624295
189789744,GCST90624279
189790819,GCST90624349
35674786,GCST006660
189789098,GCST90624250
98081948,GCST90015939
35224989,GCST006442
63428330,GCST010796
63428326,GCST010796
63428322,GCST010796
63428318,GCST010796
63428314,GCST010796
63428310,GCST010796
63428306,GCST010796
63428302,GCST010796
63428298,GCST010796
63428294,GCST010796
63428290,GCST010796
63428286,GCST010796
63428282,GCST010796
63428278,GCST010796
63428274,GCST010796
63428270,GCST010796
63428266,GCST010796
63428262,GCST010796
63428258,GCST010796
63428254,GCST010796
63428250,GCST010796
63428246,GCST010796
63428242,GCST010796
63428238,GCST010796
63428234,NA
63428230,NA
63428226,NA
63428222,GCST010796
63428218,GCST010796
63428214,GCST010796
63428210,GCST010796
63428206,GCST010796
63428202,GCST010796
63428198,GCST010796
63428194,GCST010796
63428190,GCST010796
63428186,GCST010796
63428182,GCST010796
63428178,GCST010796
63428174,GCST010796
63428170,GCST010796
63428166,GCST010796
63428162,GCST010796
63428158,GCST010796
63428154,GCST010796
63428150,GCST010796
63428146,GCST010796
63428142,GCST010796
63428138,GCST010796
63428134,GCST010796
63428130,GCST010796
63428126,GCST010796
63428122,GCST010796
63428118,GCST010796
63428114,GCST010796
63428110,GCST010796
63428106,GCST010796
63428102,GCST010796
63428098,GCST010796
63428094,GCST010796
63428090,GCST010796
63428086,GCST010796
63428082,GCST010796
63428078,GCST010796
63428074,GCST010796
63428070,GCST010796
63428066,GCST010796
63428062,GCST010796
63428058,GCST010796
63428054,GCST010796
63428050,GCST010796
63428046,GCST010796
63428042,GCST010796
63428038,GCST010796
63428034,GCST010796
63428030,GCST010796
63428026,GCST010796
63428022,GCST010796
63428018,GCST010796
63428014,GCST010796
63428010,GCST010796
63428006,GCST010796
63428002,GCST010796
63427998,GCST010796
63427994,GCST010796
63427990,GCST010796
63427986,GCST010796
63427982,GCST010796
63427978,GCST010796
63427974,GCST010796
63427970,GCST010796
63427966,GCST010796
63427962,GCST010796
63427958,GCST010796
63427954,GCST010796
63427950,GCST010796
63427946,GCST010796
63427942,GCST010796
63427938,GCST010796
63427934,GCST010796
63427930,GCST010796
63427926,GCST010796
63427922,GCST010796
63427918,GCST010796
63427914,GCST010796
63427910,GCST010796
63427906,GCST010796
63427902,GCST010796
63427898,GCST010796
63427894,GCST010796
63427890,GCST010796
63427886,GCST010796
63427882,GCST010796
63427878,GCST010796
63427874,GCST010796
132500753,GCST90250896
143793149,GCST90455665
47434427,GCST008512
41553240,GCST008129
189789709,GCST90624277
189789946,GCST90624292
189789068,GCST90624248
162642592,GCST90449054
34616826,GCST006061
35753341,GCST007216
100399758,GCST90104339
80621718,GCST012332
143793081,NA
98784176,NA
34650929,NA
49070131,GCST008991
101949338,GCST90179146
96767883,GCST90029070
137798546,GCST90432154
189790843,GCST90624350
40426183,GCST007226
131338318,GCST90321120
189789997,GCST90624294
189790021,GCST90624295
189789917,GCST90624291
189789714,GCST90624277
189789259,GCST90624258
132501221,GCST90250897
189790824,GCST90624349
189790795,GCST90624348
189789951,GCST90624292
189789687,GCST90624276
189789103,GCST90624250
163425130,GCST90480659
163425974,GCST90480661
163425561,GCST90480660
118912607,GCST90301330
163218665,GCST90476319
163203834,GCST90476277
165024960,GCST90461907
163219291,GCST90476322
163217916,GCST90476316
138226640,GCST90444487
191849804,GCST90662893
191852843,GCST90662894
134166047,GCST90435413
63422940,GCST010796
101949251,GCST90101731
64720100,GCST90013707
97466589,GCST90105038
119089096,GCST90301650
36058654,GCST007039
34708411,GCST006571
45613960,GCST007936
55728665,GCST009871
62203089,GCST010555
102693394,GCST90244661
94059064,GCST90093316
103229835,GCST90245848
55728670,GCST009871
97466584,GCST90105038
131777737,GCST90310295
62073132,GCST010342
17678224,GCST003875
101964405,GCST90179150
49136515,GCST009001
104955483,GCST90267268
49129001,GCST009004
138226631,GCST90444487
138721669,GCST90446645
189886154,GCST90624675
47385103,GCST008996
191862379,GCST90662898
189790789,GCST90624348
191682643,GCST90624412
163348036,GCST90479666
216890220,GCST90828013
218068529,GCST90838667
15759337,GCST003124
165808554,GCST90569450
165798633,GCST90569313
165786223,GCST90569030
64415362,GCST90002395
103235920,GCST90245848
188151539,GCST90468184
188134250,GCST90468173
103595181,GCST90245995
192541209,GCST90624105
191287672,GCST90565837
191272897,GCST90651318
188075935,GCST90468087
218091039,GCST90838671
188076485,GCST90468087
218091043,GCST90838671
62748494,GCST90002346
62429668,GCST90002349
22008978,GCST004599
94874318,GCST90032204
188097643,GCST90468097
64395918,GCST90002401
163152402,GCST90475517
163155077,GCST90475520
163157209,GCST90475523
64080777,GCST90002388
163025715,GCST90475194
163273462,GCST90476466
163366641,GCST90479709
93519679,GCST90018962
188098743,GCST90468097
163364392,GCST90479707
218071259,GCST90838669
55315318,GCST009577
134162175,GCST90435412
95124401,GCST90000025
191327095,GCST90565843
136017281,NA
63947148,NA
217555687,NA
41138033,GCST007841
131619928,GCST90428120
36610197,GCST007063
188263059,GCST90469357
163365525,GCST90479708
64415357,GCST90002395
22987,GCST001605
127876066,GCST90293748
93498372,GCST90018949
103235930,GCST90245848
103235935,GCST90245848
64407822,GCST90002397
131624834,GCST90428120
103213885,GCST90245844
163414468,GCST90480539
103235925,GCST90245848
191900556,GCST90662911
93513777,GCST90018959
64077965,GCST90002389
188088682,GCST90468093
64402632,GCST90002399
62491086,GCST90002320
136021306,GCST90309369
62649788,GCST90002316
103213890,GCST90245844
188062230,GCST90468082
188064137,GCST90468083
191898337,GCST90662910
191866852,GCST90662900
34894322,GCST006195
191327101,GCST90565843
104934118,GCST90244098
119091432,GCST90301650
47748352,GCST008758
188243279,GCST90469179
88192881,GCST012490
62312696,GCST011427
191869486,GCST90662901
216302899,GCST90705072
94876569,GCST90032366
165795091,GCST90569274
36524608,GCST007080
98449401,GCST90094400
19320504,GCST004040
131333343,GCST90321120
62497519,GCST90002302
93504993,GCST90018953
36472884,GCST007065
101284725,GCST90002382
64200931,GCST90002381
218076099,GCST90838669
62514548,GCST90002298
104955689,GCST90267268
97477086,GCST90105038
188043854,GCST90468069
188041847,GCST90468068
62070078,GCST010343
15728260,GCST002487
104893807,GCST90267390
62081378,GCST010340
163448757,GCST90480763
63693307,GCST90012105
93892625,GCST90091026
131339733,GCST90321120
165201524,GCST90551849
165215771,GCST90472771
191910686,GCST90624051
93067843,GCST90054783
36526696,GCST007080
104567685,GCST90249445
188126309,GCST90468165
119452803,GCST90310211
188370670,GCST90470537
103987724,GCST90255357
188370610,GCST90470537
103987404,GCST90255357
104567670,GCST90249445
188370635,GCST90470537
191859605,GCST90662897
188370595,GCST90470537
191366027,GCST90565843
188370590,GCST90470537
134156503,GCST90435412
191366021,GCST90565843
217562245,GCST90832990
103281916,GCST90245848
103219710,GCST90245844
103224769,GCST90245845
216296072,GCST90705070
134434944,GCST90060052
97492839,GCST90105038
103289650,GCST90245848
93516677,GCST90018959
95024697,GCST90095129
216302338,GCST90705072
119122467,GCST90244094
35294706,GCST006482
35294702,GCST006482
191301703,GCST90565837
191371464,GCST90565844
34716575,NA
34701691,NA
34712661,NA
191366016,GCST90565843
162859993,GCST90427564
104932987,GCST90244098
191895952,GCST90662910
95127990,GCST90000025
41133797,GCST007432
41134523,GCST007431
104960819,GCST90267284
188370675,GCST90470537
163418599,GCST90480637
163418665,GCST90480638
102529456,GCST90242719
188133063,GCST90468172
162974779,GCST90482713
188135076,GCST90468173
188370665,GCST90470537
191903286,GCST90662911
47170224,GCST007841
188145706,GCST90468178
97986123,GCST90100220
131537490,GCST90320894
98448714,GCST90131906
98445945,GCST90131904
47471174,GCST008362
36457407,GCST007074
166021275,GCST90566737
93537508,GCST90018972
93521653,GCST90018963
55537102,GCST009538
55541225,GCST009540
55541100,GCST009540
97056039,GCST90103804
216606024,GCST90809880
191869970,GCST90662902
162645091,GCST90449056
132537141,GCST90384594
188401267,GCST90470893
93494719,GCST90018947
135009626,GCST90428446
135015497,GCST90428448
192538454,GCST90624101
188094911,GCST90468096
36524109,GCST007080
41368106,GCST007706
162645096,GCST90449056
35587070,GCST006628
191892913,GCST90662909
103239395,GCST90245848
63784425,GCST010988
119090576,GCST90301650
131632525,GCST90428121
131617466,GCST90428119
61998684,GCST009777
191907265,GCST90662912
63830712,GCST90012110
166019121,GCST90566734
191336532,GCST90565843
131784951,GCST90310296
131778891,GCST90310295
36100250,GCST007087
131771823,GCST90310294
134169158,GCST90435414
100041355,GCST90132903
191909047,GCST90624049
134171977,GCST90435415
117665578,GCST90292477
117662285,GCST90000062
64652534,GCST011947
133182425,GCST90435237
64650847,GCST011949
64650064,GCST011952
61966978,GCST010101
191890534,GCST90662908
103990946,GCST90255358
104109728,GCST90255621
93498642,GCST90018949
162651036,GCST90449057
163309555,GCST90479523
132535998,GCST90384506
95035034,GCST90095131
93929837,GCST90091061
165822893,GCST90569508
165823182,GCST90569516
64652993,GCST011946
104120010,GCST90255622
101966266,GCST90179150
138722676,GCST90446645
118863677,GCST90274714
118860827,GCST90274713
165809972,GCST90569450
192546373,GCST90624107
165723160,GCST90566801
190099533,GCST90502711
102095169,GCST90243968
188313694,GCST90469801
47713053,GCST008648
62070162,GCST010343
90727330,GCST90020028
90727334,GCST90020028
119086421,GCST90301649
80056027,NA
101329905,NA
188380878,NA
188098158,GCST90468097
101327065,GCST90239655
101342131,GCST90239673
90738616,GCST90020026
90727342,GCST90020028
101337424,GCST90239667
101339871,GCST90239670
101348047,GCST90239676
62658297,GCST90002340
62432067,GCST90002344
36499954,GCST007066
35965127,GCST006979
56269537,GCST010204
64419399,GCST90002394
93528023,GCST90018967
189922303,GCST90502036
119665699,GCST90310280
103247551,GCST90245848
90738600,GCST90020026
64396424,GCST90002401
191849469,GCST90662893
188176301,GCST90468485
218077179,GCST90838669
191848500,GCST90662892
90538995,GCST90002393
217566147,GCST90832992
90738607,GCST90020026
90738611,GCST90020026
90727338,GCST90020028
55280543,GCST009365
191856597,GCST90662895
19701857,GCST004067
214513976,GCST90455661
103268749,GCST90245848
35755523,GCST006984
62318596,GCST011427
62318104,GCST011427
62311865,GCST011427
131342393,GCST90321120
36088956,GCST007079
131756467,GCST90428729
88620651,GCST012072
90535752,GCST90013664
130459291,GCST90268480
130459588,GCST90268494
216624596,GCST90264434
162368300,GCST90318237
64677426,GCST90011899
64676202,GCST90011898
56281010,GCST010242
188035122,GCST90468063
130459609,GCST90268495
90802622,GCST90026176
130459631,GCST90268496
191859170,GCST90662897
130459160,GCST90268472
94038259,GCST90026371
130459549,GCST90268491
93490718,GCST90018943
93492167,GCST90018944
130459383,GCST90268483
191852728,GCST90662894
130459129,GCST90268469
191855382,GCST90662895
130459773,GCST90268497
130459509,GCST90268489
194193174,GCST90291050
90541499,GCST90013663
130459342,GCST90268482
62069970,GCST010343
104560379,GCST90249057
165809889,GCST90569450
188367576,GCST90470475
188166099,GCST90468329
188166104,GCST90468329
188166119,GCST90468329
188367626,GCST90470475
188367631,GCST90470475
188367636,GCST90470475
188367611,GCST90470475
188367616,GCST90470475
165787056,GCST90569059
194216098,GCST90291903
194216227,GCST90291724
216636870,GCST90265689
194216144,GCST90291913
194216186,GCST90291650
162367580,GCST90318173
164753415,GCST90313305
164753431,GCST90313306
164753515,GCST90313312
164753499,GCST90313311
216351852,GCST90797783
164753459,GCST90313308
216372335,GCST90800641
164753443,GCST90313307
164753391,GCST90313303
164753479,GCST90313310
130459768,GCST90268497
105590984,GCST90179227
216413089,NA
164753403,NA
164753375,NA
134409502,GCST90435144
130460245,GCST90268498
188047065,GCST90468072
93512788,GCST90018958
191861104,GCST90662898
188367551,GCST90470475
96817097,GCST90102544
165792478,GCST90569246
214354826,GCST90453037
94177623,GCST90086197
62317024,GCST011427
63151536,GCST006585
94177628,GCST90086197
101168659,GCST90140246
27398813,GCST005312
188367606,GCST90470475
188367601,GCST90470475
130459450,GCST90268487
130459476,GCST90268488
130459319,GCST90268481
188367581,GCST90470475
165773407,GCST90568525
188367526,GCST90470475
188166109,GCST90468329
188367566,GCST90470475
188367571,GCST90470475
103287186,GCST90245848
62074476,GCST010341
191353273,GCST90565843
104963097,GCST90267284
47491032,GCST008413
47491026,GCST008413
191353267,GCST90565843
95027224,GCST90095129
104511970,GCST90246643
100573661,GCST90026753
103226386,GCST90245846
163390274,GCST90480063
62309720,GCST011427
218082115,GCST90838669
132710902,GCST90435151
103261727,GCST90245848
134157210,GCST90435412
163393042,GCST90480105
163393058,GCST90480106
163393026,GCST90480104
163185504,GCST90475912
163185050,GCST90475904
36500698,GCST007066
35965868,GCST006979
35132740,GCST006433
95995534,GCST90100576
100401245,GCST90137445
94066365,GCST90093370
162656702,GCST90449061
104893395,GCST90267389
100401186,GCST90137444
100401475,GCST90137447
119353478,GCST90308721
119452031,GCST90310211
119450491,GCST90310210
102108360,GCST90243985
35917918,GCST007267
35965872,GCST006979
163390510,GCST90480066
163391349,GCST90480069
55689671,GCST009725
100401691,GCST90137450
104893263,GCST90267388
94066063,GCST90093369
98450216,GCST90094402
100400718,GCST90137440
56250398,GCST009921
100401360,GCST90137446
55873044,GCST009739
104893072,GCST90267385
98449489,GCST90094400
104893517,GCST90267390
93928306,GCST90090980
24950382,GCST005077
24950638,GCST005076
95994961,GCST90100572
95995161,GCST90100573
104893139,GCST90267386
95995331,GCST90100574
165794761,GCST90569273
130946952,GCST90302827
102723612,GCST90204201
93928300,GCST90090980
41309064,GCST004988
192895203,GCST90128530
103254717,GCST90245848
97377027,GCST90091050
35123007,GCST006414
34617235,GCST006061
102723973,GCST90244768
62018708,GCST010321
63422033,GCST010796
63422029,GCST010796
63422025,GCST010796
63422021,NA
63422017,NA
63422013,NA
63422009,GCST010796
63422005,GCST010796
63422001,GCST010796
41311651,GCST004988
118806035,GCST90296682
104374642,GCST90264174
34996769,GCST006412
34634560,GCST006394
106088233,GCST90275117
100880108,GCST90179169
103991026,GCST90255358
93481824,GCST90018852
163376207,GCST90479833
95034644,GCST90095131
165782009,GCST90568886
131473458,GCST90399470
163397247,GCST90480169
63425988,GCST010796
63425984,GCST010796
63425980,GCST010796
63425976,GCST010796
63425972,GCST010796
63425968,GCST010796
63425964,GCST010796
63425960,GCST010796
63425956,GCST010796
63425952,GCST010796
63425948,GCST010796
63425944,GCST010796
63425940,GCST010796
63425936,GCST010796
36771106,GCST007103
35905403,GCST007104
105008781,GCST90246320
131345268,GCST90321120
63370436,GCST90012007
21540706,GCST004438
104108807,GCST90255621
133181180,GCST90399890
188085783,GCST90468091
188181349,GCST90468564
188183248,GCST90468576
188083341,GCST90468090
188132418,GCST90468172
188134476,GCST90468173
163427071,GCST90480666
164760783,GCST90313684
21535439,GCST004460
164760751,GCST90313683
164733689,GCST90428424
188257472,GCST90469306
191681633,GCST90624411
191683003,GCST90624412
164732536,GCST90428401
36472472,GCST007065
188130521,GCST90468171
40901600,GCST007294
131615867,GCST90428119
218073087,GCST90838669
188257307,GCST90469306
216787541,GCST90448620
36099932,GCST007087
131771185,GCST90310294
100577924,GCST90026825
214313836,GCST90624094
104867725,GCST90267519
165025381,GCST90461907
36472676,GCST007065
93527803,GCST90018967
88193877,GCST012490
88191713,GCST012490
164730574,GCST90502828
164730656,GCST90502829
188079152,GCST90468088
104954438,GCST90267266
41138849,GCST007841
100374064,GCST90134621
101284535,GCST90002382
64200762,GCST90002381
164730679,GCST90502829
188385103,GCST90470686
188214598,GCST90468846
188250464,GCST90469234
188070318,GCST90468086
36479127,GCST007068
188301113,GCST90469693
188250589,GCST90469234
64090775,GCST90002392
188400055,GCST90470877
191854063,GCST90662894
64411891,GCST90002396
188085693,GCST90468091
93078011,GCST90056177
62658065,GCST90002340
64419129,GCST90002394
188041582,GCST90468068
188083221,GCST90468090
90538651,GCST90002393
104959868,GCST90267284
188250749,GCST90469234
188250479,NA
188400080,NA
64074825,NA
22007175,GCST004602
163359461,GCST90479701
163361141,GCST90479703
163360226,GCST90479702
188301173,GCST90469693
165772791,GCST90568516
131332108,GCST90321120
188250564,GCST90469234
188400045,GCST90470877
188250669,GCST90469234
165802953,GCST90569373
191337245,GCST90565843
62431853,GCST90002344
218074471,GCST90838669
64577200,GCST011011
214309666,GCST90624094
103239390,GCST90245848
134235006,GCST90277653
80487801,GCST012256
218073815,GCST90838669
118858299,GCST90297847
188305777,GCST90469735
163396064,GCST90480148
104576167,GCST90249856
19568038,GCST003984
63807621,GCST010991
103285756,GCST90245848
191345841,GCST90565843
191372647,GCST90565845
191292988,GCST90565837
101952436,GCST90179146
41171897,GCST007841
100844759,GCST90162277
162858760,GCST90427427
162857438,GCST90427285
162847383,GCST90426228
162857732,GCST90427313
134433199,GCST90059975
24377329,GCST004873
134237391,GCST90277873
100524860,GCST90137790
103250187,GCST90245848
105758304,GCST90238982
87303872,GCST90019499
104576192,GCST90249856
188272986,GCST90469393
53687510,GCST009518
134410402,GCST90435144
19293989,GCST004000
119263289,GCST90308590
55249652,GCST009325
63156039,GCST006585
63423927,GCST010796
63423923,GCST010796
104576182,GCST90249856
104576187,GCST90249856
102533639,GCST90243078
104576197,GCST90249856
94160520,GCST90090106
188265284,GCST90469357
188272976,GCST90469393
43863,GCST002544
24651714,GCST004902
63152332,GCST006585
94160538,GCST90090237
162855004,GCST90427024
102533629,GCST90243078
102533619,GCST90243078
102533634,GCST90243078
96083730,GCST90101618
96083725,GCST90101618
63153301,GCST006585
63152544,GCST006585
134433194,GCST90059975
94160514,GCST90090106
94160501,GCST90090071
94160489,GCST90088906
102533624,GCST90243078
102533614,GCST90243078
104173001,GCST90255366
31584580,GCST005987
93471531,GCST90018742
165027373,GCST90461907
119969228,GCST90302229
119973544,GCST90302233
119967487,GCST90302226
119972261,GCST90302231
93533361,GCST90018969
119970754,GCST90302230
119972853,GCST90302232
93474355,GCST90018749
164745903,GCST90421032
135988166,GCST90256420
24301640,GCST005523
30560658,GCST005569
30560803,GCST005568
93538713,GCST90018972
93535070,GCST90018970
36260,GCST002190
164745878,GCST90421032
34970617,NA
163039826,NA
163319984,NA
119125140,GCST90244095
188046730,GCST90468072
55299422,GCST009379
47702748,GCST008595
62194938,GCST010556
191373360,GCST90565845
119034347,GCST90271558
119033088,GCST90271557
34968336,GCST006475
64630835,GCST011096
103288267,GCST90245848
103218345,GCST90245844
21948,GCST001550
19023,GCST001213
41921,GCST002352
189886056,GCST90624674
165668119,GCST012078
214079631,GCST90693212
191857951,GCST90662896
214199526,GCST90002232
24645771,GCST004894
24645455,GCST004894
90813552,GCST012227
35134442,GCST006433
91686906,GCST90027240
119119039,GCST90301663
34969252,GCST006476
106034375,GCST90270074
99812224,GCST90132260
165216786,GCST90461957
102100118,GCST90243984
88191737,GCST012490
103271544,GCST90245848
134165619,GCST90435413
97489002,GCST90105038
97489007,GCST90105038
55492451,GCST009524
17472473,GCST003676
55492045,GCST009524
35228985,GCST006442
62503845,GCST90002367
102112531,GCST90243985
41276297,GCST007474
41252725,GCST007468
102094123,GCST90243968
93512868,GCST90018958
12593,GCST000329
104545037,GCST90248286
102112526,GCST90243985
136013416,GCST90309346
36051577,GCST007037
36528598,GCST007084
91688537,GCST90027244
91686314,GCST90027239
91687365,GCST90027241
91687820,GCST90027242
91688131,GCST90027243
36592193,GCST007341
47757571,GCST008744
191298283,GCST90565837
34967875,GCST006477
62252746,GCST010642
191128565,GCST90627735
191129486,GCST90627736
62708587,GCST010647
36596189,GCST007340
36595056,GCST007339
36593351,GCST007337
104166913,GCST90250911
47757576,GCST008744
24952149,GCST005047
34842030,GCST006867
218975144,GCST90838681
188136869,GCST90468175
34970407,GCST006476
93546227,GCST90018978
188101800,GCST90468098
62428733,GCST90002355
191130049,GCST90627736
47495251,GCST008413
36088335,GCST007078
88191645,GCST012490
62204446,GCST010555
93549364,GCST90018981
36081569,GCST007077
44510475,GCST007847
138524450,GCST90444202
62178409,GCST010557
93486650,GCST90018926
45600669,GCST007923
191268519,GCST90651113
218089830,GCST90838670
102226097,GCST90244004
104117132,GCST90255621
102094129,GCST90243968
118725366,GCST90296430
47088967,GCST007841
165217262,GCST90461957
164564564,GCST90446163
98157176,GCST005232
36592197,NA
93487392,NA
103271549,NA
34717516,GCST006568
27409107,GCST005316
55491329,GCST009524
95987830,GCST90100570
36458855,GCST007074
24650107,GCST004956
138233970,GCST90444487
163320347,GCST90479589
163057269,GCST90475331
163380377,GCST90479885
102225754,GCST90244003
191373342,GCST90565845
49133778,GCST009003
63785644,GCST010988
101970784,GCST90179150
101950913,GCST90179146
191895197,GCST90662910
35230977,GCST006442
217553795,GCST90832989
49128377,GCST009004
134165449,GCST90435413
100400166,GCST90104339
34970497,GCST006476
35339381,GCST006940
36594102,GCST007338
34968564,GCST006475
34962627,GCST006943
100082251,GCST90132926
36509303,GCST007069
97489013,GCST90105038
119765239,GCST90245220
93477114,GCST90018761
64719090,GCST90013693
105987156,GCST90239583
93464834,GCST90018706
214079637,GCST90693212
56258805,GCST010017
98157228,GCST005232
27440878,GCST005326
17548463,GCST003770
41454931,GCST007709
191129970,GCST90627736
98157635,GCST005232
97488996,GCST90105038
164636279,GCST90492734
188145496,GCST90468178
188224642,GCST90468913
93039084,GCST90061435
191130219,GCST90627736
192545633,GCST90624107
93469003,GCST90018738
31587297,GCST006001
30568544,GCST005830
104117121,GCST90255621
163380895,GCST90479891
163379676,GCST90479882
163379457,GCST90479881
163173718,GCST90475676
163170744,GCST90475658
162991638,GCST90475094
162993735,GCST90475097
163172557,GCST90475667
105613608,GCST90270399
216220733,GCST90383908
192548101,GCST90624107
93500382,GCST90018949
119088251,GCST90301650
36061582,GCST007039
188123491,GCST90468161
104117126,GCST90255621
164571255,GCST90492678
164574621,GCST90492679
164567586,GCST90492677
138233965,GCST90444487
191904355,GCST90662912
93496324,GCST90018947
218085015,GCST90838669
218405478,GCST90841193
218084811,GCST90838669
63923552,GCST90011874
104955914,GCST90267268
218084999,GCST90838669
34967580,GCST006477
62194578,GCST010553
64638935,GCST011126
131815611,GCST90428866
87288257,GCST90019509
62744930,GCST90002351
191373348,GCST90565845
191373354,GCST90565845
106006728,GCST90266935
218411082,GCST90841196
47124128,GCST007986
34722258,GCST006570
61934826,GCST010084
104958140,GCST90267280
35228989,GCST006442
34707438,GCST006571
93508186,GCST90018955
191358354,GCST90565843
191358360,NA
138941223,NA
98544679,GCST90132183
98547067,GCST90132185
164636274,GCST90492734
61968228,GCST010118
98546220,GCST90132184
163406801,GCST90480368
164799915,GCST90315612
191129743,GCST90627736
189868049,GCST90565742
34704344,GCST006574
191129655,GCST90627736
188224672,GCST90468913
193224376,GCST90568441
138233960,GCST90444487
163329749,GCST90479626
163381384,GCST90479892
119955205,GCST90319327
188135857,GCST90468174
14915407,GCST003007
49134051,GCST009003
30568453,GCST005830
101397717,GCST90239693
34723776,GCST006570
131342973,GCST90321120
34720335,GCST006568
35226981,GCST006442
34710732,GCST006571
34715205,GCST006569
41174431,GCST007325
93037876,GCST90061435
164569825,GCST90492678
36157267,GCST007324
55731607,GCST009871
138229815,GCST90444487
98439653,GCST90131903
24252061,GCST004766
97477923,GCST90105038
25453,GCST001718
25452,GCST001718
104111680,GCST90255621
138229810,GCST90444487
132681834,GCST90432180
188137019,GCST90468175
55731588,GCST009871
55731575,GCST009871
98428665,GCST90131901
188409330,GCST90470962
103595729,GCST90245995
188132423,GCST90468172
93499237,GCST90018949
49136767,GCST009001
188151814,GCST90468184
217552456,GCST90832989
136009336,GCST90309342
131622311,GCST90428120
163308830,GCST90479522
93501436,GCST90018950
163275527,GCST90476469
63784730,GCST010988
163015991,GCST90475156
98543544,GCST90132183
62204005,GCST010555
104166733,GCST90250911
163307865,GCST90479521
214078182,GCST90693212
131626050,GCST90428121
163445254,GCST90480727
163309657,GCST90479523
163443993,GCST90480726
62179861,GCST010557
164633124,GCST90492734
55298568,GCST009379
191896657,GCST90662910
98545495,GCST90132184
93486230,GCST90018926
131613583,GCST90428119
93495214,GCST90018947
163446478,GCST90480728
163268830,GCST90476463
188288550,GCST90469559
101967324,GCST90179150
191886245,GCST90662907
188150372,GCST90468183
97477917,GCST90105038
101967329,GCST90179150
91777989,GCST90020232
61934529,GCST010084
119091894,GCST90301650
188120430,GCST90468158
36059950,GCST007039
188124526,GCST90468161
131625822,GCST90428121
188123164,GCST90468160
55731597,GCST009871
188147766,GCST90468180
104958656,GCST90267280
188136357,GCST90468174
131613326,GCST90428119
191908315,GCST90662912
188130064,GCST90468170
188119518,NA
47757201,NA
91781578,GCST90038594
218409130,GCST90841196
218409135,GCST90841196
219062627,GCST90704647
91755175,GCST90044699
64675793,GCST90012877
162849289,GCST90426419
41168995,GCST007320
98187422,GCST007321
93420454,GCST90042678
219063376,GCST90704648
218406669,GCST90841193
140043926,GCST90454420
140043878,GCST90454419
94163729,GCST90089852
164569820,GCST90492678
102106257,GCST90243985
15728749,GCST002487
18262,GCST001089
218092167,GCST90838671
55731593,GCST009871
104955304,GCST90267268
55731602,GCST009871
131345988,GCST90321120
104111691,GCST90255621
104111702,GCST90255621
104111708,GCST90255621
102106251,GCST90243985
104111696,GCST90255621
102089684,GCST90243968
98428671,GCST90131901
98428677,GCST90131901
101337401,GCST90239667
101967334,GCST90179150
55731612,GCST009871
101967340,GCST90179150
138229820,GCST90444487
188148195,GCST90468182
12223402,GCST002783
12223182,GCST002783
19207517,GCST004065
30524679,GCST005951
49101053,GCST004904
104111685,GCST90255621
21715586,GCST004558
47384543,GCST008996
21706858,GCST004559
49129372,GCST009004
138723188,GCST90446645
47382835,GCST008997
35038249,GCST006368
138723183,GCST90446645
216865213,GCST90827928
162854521,GCST90426973
188130606,GCST90468171
188134000,GCST90468173
98439659,GCST90131903
97477929,GCST90105038
97477935,GCST90105038
97477912,GCST90105038
140043937,GCST90454420
35965094,GCST006979
134165149,GCST90435413
35934678,GCST007064
103247226,GCST90245848
103285301,GCST90245848
96018242,GCST90027158
165795162,GCST90569274
163384777,GCST90479951
163384945,GCST90479952
190084759,GCST90502622
63373881,GCST90012077
143802935,GCST90455669
188182560,GCST90468572
165703343,GCST90000618
131723563,GCST90319906
101334997,GCST90239664
47885492,GCST008971
47886749,GCST008972
101332245,GCST90239661
134455012,GCST90448682
131721341,GCST90319904
191865283,GCST90662899
93543753,GCST90018977
188408896,GCST90470960
119765621,GCST90245233
165684689,GCST90455657
163447342,GCST90480729
94190424,GCST90089111
215399930,GCST90728573
15017643,GCST003123
188300357,GCST90469690
188300427,GCST90469690
191857621,GCST90662896
165015068,GCST90503210
55291629,GCST009337
163415534,GCST90480561
188311517,GCST90469780
188300442,GCST90469690
188336096,GCST90470070
188336081,NA
105590996,NA
188300392,GCST90469690
93211275,GCST90025992
93205408,GCST90025946
63159699,GCST010731
105048882,GCST90269967
105048686,GCST90258619
191870255,GCST90662902
164763771,GCST90313832
188205408,GCST90468766
188284828,GCST90469513
188383709,GCST90470669
188389573,GCST90470731
164773947,GCST90314324
164763891,GCST90313838
164769019,GCST90314079
164805823,GCST90315916
164750719,GCST90313168
188397947,GCST90470853
164777739,GCST90314495
188368740,GCST90470492
188407507,GCST90470943
188154163,GCST90468196
164792615,GCST90315239
188281969,GCST90469496
164769055,GCST90314080
188417475,GCST90471077
30593397,GCST005651
63372554,GCST90012048
188250919,GCST90469234
100545020,GCST90128471
97492006,GCST90105038
188300417,GCST90469690
188300457,GCST90469690
188336166,GCST90470070
188193285,GCST90468637
87297723,GCST90019502
188197171,GCST90468670
188382171,GCST90470640
188230894,GCST90469004
97982877,GCST90100220
215459167,GCST90501105
188233201,GCST90469040
188190276,GCST90468615
188333191,GCST90470020
188233415,GCST90469042
135011802,GCST90428446
188040130,GCST90468067
135014536,GCST90428447
188404063,GCST90470911
188397616,GCST90470850
165702489,GCST90000616
188333263,GCST90470021
93548586,GCST90018979
188404486,GCST90470915
188197394,GCST90468674
188239642,GCST90469133
164765635,GCST90313921
87293329,GCST90019506
164769099,GCST90314082
97034863,GCST90103633
188403991,GCST90470910
188239294,GCST90469129
55997681,GCST010144
164763143,GCST90313801
34602989,GCST006290
34603647,GCST006291
102121061,GCST90243989
193098931,GCST90102553
102121073,GCST90243989
192548064,GCST90624107
61690962,GCST010002
17944875,GCST003997
97487961,GCST90105038
36594081,GCST007338
36592151,GCST007341
62069657,GCST010343
97487973,GCST90105038
97487979,GCST90105038
101661636,GCST90239706
41136397,GCST007342
62170584,GCST010416
131084653,GCST90328131
106216697,GCST90277988
136813706,GCST90451690
214166111,GCST90704953
100082216,GCST90132926
118724438,GCST90296428
106036233,GCST90270074
163448528,GCST90480756
191130117,GCST90627736
191128935,GCST90627735
191129986,GCST90627736
93055553,GCST90085697
64733001,GCST012090
101044680,GCST90058037
93054147,GCST90085695
189882027,GCST90624566
90520477,GCST90020227
55592263,GCST009600
97060352,GCST90103930
214527125,NA
214527131,NA
63785544,GCST010988
93500242,GCST90018949
119087992,GCST90301650
36061402,GCST007039
104116420,GCST90255621
55734202,GCST009871
191898687,GCST90662910
217553759,GCST90832989
134167733,GCST90435413
217455552,GCST90832185
163448457,GCST90480753
131622989,GCST90428120
62088023,GCST010378
35673891,GCST006660
216810011,GCST90275132
41174301,GCST007325
98433247,GCST90131901
98433253,GCST90131901
98433259,GCST90131901
36157222,GCST007324
105708327,GCST90271325
62308041,GCST011427
102111975,GCST90243985
103269104,GCST90245848
97060251,GCST90103929
216863113,GCST90827928
55994705,GCST009863
102121067,GCST90243989
135987477,GCST90451637
36596161,GCST007340
36595014,GCST007339
98441475,GCST90131903
131330073,GCST90321120
30578443,GCST005839
41379767,GCST007576
127877739,GCST90293803
163448320,GCST90480751
163448248,GCST90480749
191900056,GCST90662911
97487967,GCST90105038
102093696,GCST90243968
93055558,GCST90085697
93054143,GCST90085695
138233433,GCST90444487
102099982,GCST90243984
162783504,GCST90446168
163448281,GCST90480750
119955094,GCST90319327
214527136,GCST90726344
98441480,GCST90131903
98433265,GCST90131901
191908730,GCST90624046
101970377,GCST90179150
49128698,GCST009004
191904650,GCST90662912
214162853,GCST90704949
218410820,GCST90841196
218407168,GCST90841193
94169011,GCST90090662
164570680,GCST90492678
164574124,GCST90492679
164567053,GCST90492677
131329343,GCST90321120
102110025,GCST90243985
163416947,GCST90480593
97846904,GCST90024116
102110002,GCST90243985
103988464,GCST90255357
35230749,GCST006442
105987131,GCST90239583
97484742,GCST90105038
97484748,GCST90105038
34712762,GCST006569
93014759,GCST90032655
102109996,GCST90243985
102110008,GCST90243985
55315974,GCST009646
41247919,GCST007462
41252241,GCST007468
101398017,GCST90239693
101398023,GCST90239693
100082923,GCST90132972
34716709,GCST006568
102116971,GCST90243988
35228181,GCST006442
102092323,GCST90243968
36098866,GCST007085
102092328,GCST90243968
102110019,GCST90243985
102092334,GCST90243968
131341963,GCST90321120
131345633,GCST90321120
47794043,GCST008859
47869227,GCST008857
131349160,GCST90321121
165776654,GCST90568652
218410197,GCST90841196
163184645,GCST90475882
163391919,GCST90480074
218410201,GCST90841196
34602772,NA
91518339,NA
34602894,GCST006290
188118511,GCST90468156
102724661,GCST90244789
101448504,GCST012400
100353608,GCST90134549
34603600,GCST006291
217425108,GCST90832115
62087574,GCST010378
136019087,GCST90309361
56246179,GCST009962
218404029,GCST90841193
34706448,GCST006571
34993239,GCST006287
131329338,GCST90321120
88192425,GCST012490
102120493,GCST90243989
102110014,GCST90243985
104959401,GCST90267281
35672973,GCST006660
102120504,GCST90243989
95986528,GCST90100569
102099617,GCST90243984
165792891,GCST90569250
63158312,GCST006585
62312346,GCST011427
41173521,GCST007323
62088621,GCST010378
131329333,GCST90321120
62313388,GCST011427
218410206,GCST90841196
93038638,GCST90061435
93038643,GCST90061435
53768878,GCST009246
62306616,GCST011427
34716700,GCST006568
64732204,GCST90012794
36159295,GCST007327
41276059,GCST007474
36098871,GCST007085
97484718,GCST90105038
97484724,GCST90105038
97484730,GCST90105038
103261102,GCST90245848
102120499,GCST90243989
62315702,GCST011427
35228173,GCST006442
34706439,GCST006571
34716704,GCST006568
35228177,GCST006442
34706443,GCST006571
41174610,GCST007325
165792879,GCST90569250
165792854,GCST90569249
188265294,GCST90469357
62087563,GCST010378
62080736,GCST010340
62071418,GCST010343
216288301,GCST90301672
217455438,GCST90832185
163184455,GCST90475880
218407471,GCST90841194
61690579,GCST010002
100353977,GCST90134550
91517794,GCST012403
17944418,GCST003997
163392080,GCST90480076
218410211,GCST90841196
119264516,GCST90302931
95987000,GCST90100570
188314474,GCST90469806
188314414,GCST90469806
188314429,GCST90469806
188314439,GCST90469806
88927053,GCST90020050
188314459,GCST90469806
191886445,GCST90662907
165810188,GCST90569450
188314349,GCST90469806
188314544,GCST90469806
165819220,GCST90569461
188314329,GCST90469806
31544315,GCST005755
188314419,GCST90469806
188314339,GCST90469806
188314369,GCST90469806
188314384,GCST90469806
188314399,GCST90469806
188314409,GCST90469806
188314434,GCST90469806
188314494,GCST90469806
97471426,GCST90105038
188314454,GCST90469806
165791434,GCST90569242
165777093,GCST90568658
188314294,GCST90469806
188314374,GCST90469806
188314359,GCST90469806
188314549,GCST90469806
188314404,GCST90469806
188314569,GCST90469806
188314564,NA
188314584,NA
188314319,GCST90469806
188314589,GCST90469806
188314354,GCST90469806
36157457,GCST007324
35278190,GCST006524
34719223,GCST006568
34702731,GCST006573
34709330,GCST006571
34714484,GCST006569
34719227,GCST006568
34714489,GCST006569
102518861,GCST90241762
188314449,GCST90469806
104934406,GCST90244098
31544589,GCST005755
164783747,GCST90314783
188314289,GCST90469806
188314279,GCST90469806
188314334,GCST90469806
188314344,GCST90469806
188314534,GCST90469806
188314514,GCST90469806
188314504,GCST90469806
165794589,GCST90569272
104108030,GCST90255621
138227467,GCST90444487
101397288,GCST90239693
102102417,GCST90243985
93037076,GCST90061435
47434446,GCST008512
80621751,GCST012332
131348420,GCST90321121
191895202,GCST90662910
11853252,GCST002839
104546211,GCST90248335
188263669,GCST90469357
216300416,GCST90705071
216864332,GCST90827928
41250826,GCST007468
102086738,GCST90243968
35225313,GCST006442
34708827,GCST006571
97468865,GCST90105038
97468871,GCST90105038
166056674,GCST90503326
165809918,GCST90569450
165798977,GCST90569313
41275230,GCST007474
191904280,GCST90662912
163377287,GCST90479857
193224214,GCST90568441
216826311,GCST90827800
102118020,GCST90243989
34722958,GCST006570
35225309,GCST006442
34708823,GCST006571
62313463,GCST011427
97468877,GCST90105038
97468883,GCST90105038
36093006,GCST007081
35229941,GCST006442
131341203,GCST90321120
164568505,GCST90492678
164572176,GCST90492679
164565027,GCST90492677
191908567,GCST90624046
41174237,GCST007325
98427719,GCST90131901
102119262,GCST90243989
119140755,GCST90293091
119140737,GCST90293091
99811973,GCST90132260
47506635,GCST008413
47506614,GCST008413
98427725,GCST90131901
88191855,GCST012490
102119268,GCST90243989
131779477,GCST90310295
102119256,GCST90243989
119897684,GCST90199672
63155515,GCST006585
94169130,GCST90088177
97472820,GCST90105038
97472825,GCST90105038
35226117,GCST006442
34709616,GCST006571
97472831,GCST90105038
97472837,GCST90105038
34962807,GCST006943
100085811,GCST90133006
101966061,GCST90179150
191908415,GCST90662912
31670438,GCST006944
35226121,GCST006442
34709625,GCST006571
35230141,GCST006442
131340003,GCST90321120
41380424,GCST007576
102103854,GCST90243985
80641250,GCST90013473
97472842,NA
35226125,NA
34709629,GCST006571
41380731,GCST007576
101966055,GCST90179150
104109383,GCST90255621
101397491,GCST90239693
41173453,GCST007323
41453673,GCST007709
188265604,GCST90469357
101966067,GCST90179150
104109388,GCST90255621
164569118,GCST90492678
164572736,GCST90492679
164565604,GCST90492677
41230234,GCST007388
62317885,GCST011427
62316632,GCST011427
62309783,GCST011427
191277982,GCST90651724
216826641,GCST90827800
216864650,GCST90827928
97277723,GCST90103979
104109394,GCST90255621
99812254,GCST90132260
95987050,GCST90100570
55974518,GCST010142
131084831,GCST90328131
103238415,GCST90245848
96063054,GCST90101755
35230137,GCST006442
93498557,GCST90018949
191898992,GCST90662910
93494644,GCST90018947
98438584,GCST90131903
102114748,GCST90243986
102095735,GCST90243972
34709621,GCST006571
62313137,GCST011427
49130587,GCST009004
103944765,GCST90244702
98426255,GCST90131901
49101216,GCST004904
36596486,GCST007340
36595356,GCST007339
102519422,GCST90241805
104546301,GCST90248340
134119185,GCST90446498
88927992,GCST90000047
141943800,GCST90455518
98426225,GCST90131901
165804853,GCST90569383
138228325,GCST90444487
34705030,GCST006574
34714643,GCST006569
165814021,GCST90569453
34969802,GCST006476
34968196,GCST006475
62224534,GCST010396
98426219,GCST90131901
98426231,GCST90131901
98426249,GCST90131901
98438589,GCST90131903
98426237,GCST90131901
98426243,GCST90131901
165809795,GCST90569450
100524016,GCST90137734
106183500,GCST90275371
102087893,GCST90243968
36528265,GCST007084
98426273,GCST90131901
98436453,GCST90131902
98426267,GCST90131901
98438594,GCST90131903
98426279,GCST90131901
98426261,GCST90131901
34719506,GCST006568
138722556,GCST90446645
165794870,GCST90569274
36050315,GCST007037
94130363,GCST90089576
165779241,GCST90568755
36592599,GCST007341
191866292,GCST90662900
216549080,GCST90627750
55720636,GCST009858
102070629,GCST90091172
55720616,GCST009858
35135561,GCST006433
101339145,GCST90239669
101960982,GCST90179148
64398071,GCST90002401
87300475,GCST90019501
93376843,GCST90019512
62085140,GCST010340
188082511,GCST90468090
188037736,GCST90468065
188352482,GCST90470268
101954122,GCST90179146
101960958,GCST90179148
104957077,GCST90267273
104956309,GCST90267272
216302378,NA
188306163,NA
98308048,GCST90129601
87307127,GCST90019496
87303922,GCST90019499
98308532,GCST90129602
87298992,GCST90019501
87312552,GCST90019494
133861919,GCST90302008
189931309,GCST90502049
97327804,GCST90104273
106375556,GCST90239822
133895733,GCST90302173
63836599,GCST90012107
119393676,GCST90295951
101951172,GCST90179146
63838964,GCST90012106
163439872,GCST90480718
190031226,GCST90502358
101978305,GCST90132314
163440381,GCST90480719
119390828,GCST90295949
189978269,GCST90502153
96767404,GCST90029070
133851779,GCST90301959
47381024,GCST008994
165702519,GCST90000616
97301243,GCST90104006
133856920,GCST90301984
87294966,GCST90019505
93375179,GCST90019512
133851169,GCST90301955
35815023,GCST007141
35815018,GCST007141
97332364,GCST90104297
87267621,GCST90019523
87316778,GCST90019492
188036574,GCST90468064
96158629,GCST90092879
80056574,GCST006613
87271746,GCST90019521
163439263,GCST90480717
45609974,GCST007931
97300906,GCST90104005
93373622,GCST90019511
133891822,GCST90302152
62000068,GCST009777
101963905,GCST90179149
35853399,GCST007143
35853394,GCST007143
64700221,GCST011346
101447595,GCST90002403
191881362,GCST90662905
93537054,GCST90018971
36510143,GCST007069
192548609,GCST90624107
101972222,GCST90179150
36062206,GCST007039
104119423,GCST90255621
55735857,GCST009871
49129086,GCST009004
93530727,GCST90018968
87301359,GCST90019501
87314433,GCST90019494
36502952,GCST007066
35968139,GCST006979
64079763,GCST90002389
64404216,GCST90002399
17432017,GCST003641
103280676,GCST90245848
103280671,GCST90245848
101960997,GCST90179148
97300911,GCST90104005
105989389,GCST90271770
103289455,GCST90245848
21284599,GCST004166
188306138,GCST90469743
36467852,GCST007070
47738243,GCST008676
189912125,GCST90502010
188182376,GCST90468570
189959279,GCST90502101
189971689,GCST90502140
87301042,GCST90019501
163413718,GCST90480521
118858595,GCST90297847
24404384,GCST004858
90814769,GCST012227
69089317,GCST011369
93543079,GCST90018976
191869091,GCST90662901
101960990,GCST90179148
64675128,GCST90011900
23101,GCST001628
10090966,GCST002811
12719651,GCST001144
119351243,GCST90301252
19872,GCST000760
19805,GCST000759
39953,GCST002221
39887,GCST002222
90788500,GCST90020024
64204658,NA
216201687,NA
64342633,GCST90002402
27422244,GCST005348
134454952,GCST90448682
101375046,GCST90239635
101963910,GCST90179149
36526628,GCST007080
216838347,GCST90827835
215490217,GCST90501144
47169980,GCST007841
165703448,GCST90000618
216896025,GCST90828032
216834430,GCST90827822
216875939,GCST90827965
216843298,GCST90827856
216895718,GCST90828031
216838019,GCST90827834
216871365,GCST90827950
216837691,GCST90827833
216856697,GCST90827902
216881991,GCST90827986
216896347,GCST90828033
216851522,GCST90827887
190018114,GCST90502294
190080520,GCST90502606
190098318,GCST90502710
190062028,GCST90502502
190090941,GCST90502658
191836812,GCST90662868
192538827,GCST90624101
96649941,GCST90102143
87301952,GCST90019500
87275574,GCST90019516
62492574,GCST90002320
64335124,GCST90002404
165787893,GCST90569103
188230792,GCST90469003
188399038,GCST90470866
163359885,GCST90479701
62499183,GCST90002296
62519214,GCST90002292
163252579,GCST90476451
163255403,GCST90476454
90543077,GCST90016667
64083103,GCST90002388
214511104,GCST90709865
190000575,GCST90502218
189912135,GCST90502010
189909164,GCST90502004
189968492,GCST90502134
189991144,GCST90502192
189959289,GCST90502101
189956363,GCST90502095
189971699,GCST90502140
189924108,GCST90502036
215474458,GCST90501125
215474859,GCST90501127
90713701,GCST90020029
96207786,GCST90093018
106397914,GCST90269601
96187386,GCST90092966
100111594,GCST90133363
106395427,GCST90269590
96226683,GCST90092986
56277366,GCST010243
96174325,GCST90092926
215518891,GCST90501192
96197179,GCST90092992
96221465,GCST90092814
96175279,GCST90092928
96165757,GCST90092902
216900700,GCST90828048
106406612,GCST90269645
216831360,GCST90827814
96188185,GCST90092968
215501619,GCST90501167
215457224,GCST90501102
163244177,GCST90476420
215534311,GCST90501224
216879575,GCST90827978
106403645,GCST90269629
93502016,GCST90018950
106393808,GCST90269583
215557628,GCST90501258
215532908,GCST90501220
96217773,GCST90093044
163314656,GCST90479547
133857754,GCST90301988
215567872,GCST90501278
215600808,GCST90501328
96156509,GCST90092874
133885082,GCST90302117
106388982,GCST90269543
96149913,GCST90092856
215565352,GCST90501273
215536195,GCST90501227
216842438,GCST90827852
131756858,GCST90428729
101331108,GCST90239658
215552007,GCST90501255
215510632,GCST90501185
215456667,NA
96211781,NA
106401388,GCST90269618
96209876,GCST90093023
163302438,GCST90479507
163314416,GCST90479546
215561846,GCST90501266
163106920,GCST90475416
215601940,GCST90501330
56268959,GCST010204
96220854,GCST90092809
216812347,GCST90827753
106414549,GCST90269681
106402463,GCST90269623
106383004,GCST90269514
215598269,GCST90501325
106380435,GCST90269502
90800716,GCST90020025
215553766,GCST90501256
215559722,GCST90501262
215460144,GCST90501106
216856216,GCST90827900
64401818,GCST90002400
216877683,GCST90827972
106400605,GCST90269614
96171189,GCST90092918
215569470,GCST90501281
215496295,GCST90501156
106388770,GCST90269542
96224360,GCST90092880
106400413,GCST90269613
106397525,GCST90269599
215595398,GCST90501318
215533755,GCST90501221
96179268,GCST90092943
106398460,GCST90269604
96167025,GCST90092906
188410276,GCST90470985
189936146,GCST90502056
93519340,GCST90018961
106383695,GCST90269517
104165604,GCST90250902
63825312,GCST90012112
106406051,GCST90269642
96189723,GCST90092972
96159812,GCST90092886
215549867,GCST90501248
215502896,GCST90501169
106385598,GCST90269526
96184787,GCST90092959
96208625,GCST90093020
96213424,GCST90093032
189964549,GCST90502127
106403473,GCST90269628
96199655,GCST90093000
215533239,GCST90501222
188060251,GCST90468080
96195671,GCST90092987
163438707,GCST90480716
215551661,GCST90501253
215525720,GCST90501206
106389174,GCST90269544
96153398,GCST90092866
215572250,GCST90501286
215567396,GCST90501277
106393591,GCST90269582
215596735,GCST90501320
216870389,GCST90827946
96198414,GCST90092997
96196727,GCST90092991
188284353,GCST90469508
215521131,GCST90501199
106394968,GCST90269588
216900418,GCST90828047
106399984,GCST90269611
106382817,GCST90269513
96152402,GCST90092863
215573318,GCST90501289
215592494,GCST90501314
96152714,GCST90092864
96215706,GCST90093038
215471172,GCST90501120
56273882,GCST010245
216870924,GCST90827948
96160149,GCST90092887
96173506,GCST90092924
216830203,GCST90827809
215574200,GCST90501291
215538919,GCST90501229
96177004,GCST90092933
106402882,GCST90269625
106384533,GCST90269521
189938780,GCST90502062
216872604,GCST90827954
96191451,GCST90092976
215573789,GCST90501290
96199253,GCST90092999
64699840,GCST011347
106382176,GCST90269510
163301958,GCST90479506
106396637,GCST90269595
215597537,GCST90501322
106403281,NA
163027486,NA
96186265,GCST90092963
216856493,GCST90827901
96224724,GCST90092883
106380253,GCST90269501
106385416,GCST90269525
96157418,GCST90092876
133862948,GCST90302012
96171993,GCST90092920
106406415,GCST90269644
215586499,GCST90501304
215508695,GCST90501183
163438286,GCST90480715
106389336,GCST90269545
216872009,GCST90827952
216878318,GCST90827974
96142725,GCST90092841
56275459,GCST010244
215602937,GCST90501332
215520510,GCST90501196
215599411,GCST90501326
106382620,GCST90269512
215572872,GCST90501288
215524263,GCST90501204
106406238,GCST90269643
106405874,GCST90269641
106387648,GCST90269536
216852049,GCST90827889
96196028,GCST90092989
106388304,GCST90269539
216821579,GCST90827788
133885549,GCST90302119
216898881,GCST90828042
101338611,GCST90239667
96170375,GCST90092916
106404540,GCST90269634
106394741,GCST90269587
215540117,GCST90501235
215522504,GCST90501201
100319962,GCST90132659
101340876,GCST90239670
215477179,GCST90501131
216819266,GCST90827778
215489271,GCST90501145
96168635,GCST90092911
106381777,GCST90269508
106379687,GCST90269498
215605351,GCST90501337
215564120,GCST90501270
106399131,GCST90269607
96159495,GCST90092885
96141659,GCST90092838
215480773,GCST90501137
216852593,GCST90827891
106388107,GCST90269538
96154257,GCST90092868
188244983,GCST90469196
96159173,GCST90092884
106397717,GCST90269600
100111908,GCST90133364
216833517,GCST90827818
106404186,GCST90269632
102261154,GCST90205205
215475852,GCST90501129
96161105,GCST90092890
106381994,GCST90269509
96210600,GCST90093025
96160461,GCST90092888
93552566,GCST90018989
55720601,GCST009858
133868372,GCST90302041
106401635,GCST90269619
106391331,GCST90269560
96217219,GCST90093042
96172792,GCST90092922
216853388,GCST90827894
216855924,GCST90827899
215604605,GCST90501336
96193327,GCST90092978
216821332,GCST90827787
96141347,GCST90092837
215572581,GCST90501287
96219156,GCST90093048
215597903,GCST90501324
215546151,GCST90501242
96210298,GCST90093024
215585658,GCST90501305
133875078,GCST90302071
93491003,GCST90018943
215541459,GCST90501237
216870666,GCST90827947
216883739,GCST90827993
215526942,GCST90501208
215499050,GCST90501163
163245841,GCST90476427
106393373,GCST90269581
96185928,GCST90092962
106399792,GCST90269610
215532387,GCST90501218
163245127,GCST90476424
96214887,GCST90093036
106384725,NA
101353475,NA
133876287,GCST90302077
96218749,GCST90093047
216833843,GCST90827819
215528626,GCST90501213
215605932,GCST90501339
215547993,GCST90501244
106395185,GCST90269589
215517990,GCST90501193
215475130,GCST90501128
133885323,GCST90302118
96140688,GCST90092835
188038643,GCST90468066
101328429,GCST90239655
96151226,GCST90092860
96139894,GCST90092833
106403832,GCST90269630
96200082,GCST90093001
162996259,GCST90475109
106383852,GCST90269518
96178257,GCST90092938
96194116,GCST90092980
216873532,GCST90827957
215550393,GCST90501251
215587821,GCST90501306
106383488,GCST90269516
96198077,GCST90092996
96152065,GCST90092862
216860925,GCST90827921
133894107,GCST90302162
96168927,GCST90092912
215539646,GCST90501233
62709724,GCST90002412
96223931,GCST90092830
133852121,GCST90301961
96226286,GCST90092985
96212585,GCST90093030
162997062,GCST90475112
101336260,GCST90239664
215546942,GCST90501245
106400812,GCST90269615
96183082,GCST90092954
96184490,GCST90092958
96168368,GCST90092910
215507563,GCST90501180
14981280,GCST002898
96191079,GCST90092975
215534887,GCST90501225
215606423,GCST90501338
215506510,GCST90501177
133880859,GCST90302099
106401807,GCST90269620
96156966,GCST90092875
163106185,GCST90475412
96214133,GCST90093034
96227060,GCST90092988
106384306,GCST90269520
215516163,GCST90501191
96209429,GCST90093022
188031416,GCST90468060
80057575,GCST006612
133894424,GCST90302164
163027099,GCST90475205
215529523,GCST90501214
96142021,GCST90092839
216900110,GCST90828046
215570767,GCST90501283
96154971,GCST90092870
96166234,GCST90092903
96156042,GCST90092873
215592103,GCST90501315
163437826,GCST90480714
102701176,GCST90244680
106380086,GCST90269500
96169631,GCST90092914
96166531,GCST90092904
96167594,GCST90092908
188404797,GCST90470918
96216620,GCST90093040
96186924,GCST90092965
133871761,GCST90302055
96173159,GCST90092923
106404019,GCST90269631
101333867,GCST90239661
96157875,GCST90092877
96186612,GCST90092964
188214157,GCST90468843
101343717,GCST90239673
215470566,GCST90501119
215558570,GCST90501260
80734512,GCST90013405
96184173,GCST90092957
96198816,GCST90092998
96176043,GCST90092930
96155780,GCST90092872
215536776,GCST90501228
216811240,GCST90827748
102682262,GCST90244653
216819848,GCST90827780
215549506,GCST90501249
106402665,GCST90269624
216857935,NA
96188984,NA
96206932,GCST90093016
106399368,GCST90269608
215590100,GCST90501310
96183951,GCST90092956
215520129,GCST90501197
106398278,GCST90269603
96134890,GCST90092810
106396854,GCST90269596
14979534,GCST002896
96206510,GCST90093015
96158327,GCST90092878
90788505,GCST90020024
96225767,GCST90092939
36519570,GCST007072
133852543,GCST90301963
216834065,GCST90827820
188418349,GCST90471084
216811546,GCST90827749
215603859,GCST90501334
216830674,GCST90827811
215478316,GCST90501135
93540316,GCST90018974
106379884,GCST90269499
96139040,GCST90092831
216850874,GCST90827884
106389513,GCST90269546
215568258,GCST90501279
215527944,GCST90501210
106379500,GCST90269497
188045331,GCST90468070
106398106,GCST90269602
96211092,GCST90093026
90760562,GCST90020027
106402029,GCST90269621
106402251,GCST90269622
96190637,GCST90092974
96201026,GCST90093003
96138668,GCST90092829
106403099,GCST90269626
106399570,GCST90269609
96214490,GCST90093035
133874716,GCST90302069
96150612,GCST90092858
216844379,GCST90827860
216901217,GCST90828050
216829931,GCST90827808
216867607,GCST90827935
216818806,GCST90827776
216823299,GCST90827795
216836531,GCST90827829
216815071,GCST90827764
216848235,GCST90827873
216824040,GCST90827797
216867978,GCST90827936
216814288,GCST90827762
215512844,GCST90501187
215580167,GCST90501299
216897930,GCST90828039
216897333,GCST90828037
216815330,GCST90827765
216816498,GCST90827769
216880494,GCST90827981
216845128,GCST90827862
216878956,GCST90827976
216815918,GCST90827767
216879843,GCST90827979
216546829,GCST90627749
134132754,GCST90292538
103224669,GCST90245845
12282,GCST000287
87307580,GCST90019496
87299326,GCST90019501
87313402,GCST90019494
93375534,GCST90019512
87309145,GCST90019496
87300471,GCST90019501
93377128,GCST90019512
191365466,GCST90565843
93475804,GCST90018756
189843734,GCST90454488
93533211,GCST90018969
64406667,GCST90002398
133854445,GCST90301974
103280666,GCST90245848
103280681,GCST90245848
218088356,GCST90838669
165779029,GCST90568743
64406662,GCST90002398
63942823,GCST90002407
218088214,GCST90838669
103280661,GCST90245848
188032611,GCST90468060
138936646,GCST90278616
119351237,GCST90301252
119351231,GCST90301252
189936152,GCST90502056
101367242,GCST90239609
191862089,GCST90662898
97985115,GCST90100220
191365471,GCST90565843
47169976,NA
87301037,NA
93377448,GCST90019512
87309149,GCST90019496
93377453,GCST90019512
101960974,GCST90179148
119666044,GCST90310280
56274515,GCST010245
215461075,GCST90501108
53408665,GCST009498
27206053,GCST005146
93493711,GCST90018945
117710832,GCST90292527
117711772,GCST90292529
87301741,GCST90019500
90800721,GCST90020025
36487073,GCST007067
189988654,GCST90502186
190028293,GCST90502346
189997583,GCST90502212
189921060,GCST90502030
90760567,GCST90020027
163381511,GCST90479894
163312278,GCST90479530
163384392,GCST90479940
93503135,GCST90018951
163174532,GCST90475693
98196700,GCST012398
163177429,GCST90475748
163023445,GCST90475176
188037856,GCST90468065
163023716,GCST90475179
163312457,GCST90479531
163022961,GCST90475173
163381538,GCST90479895
163311897,GCST90479529
163174498,GCST90475691
56278259,GCST010243
62314110,GCST011427
93465987,GCST90018725
93079286,GCST90056179
188092704,GCST90468095
36467856,GCST007070
36474713,GCST007065
93528983,GCST90018967
90540843,GCST90002393
188326611,GCST90469920
215454714,GCST90501097
192545268,GCST90624105
188410306,GCST90470985
189943473,GCST90502069
163442364,GCST90480724
21893334,GCST004610
191884241,GCST90662906
163441226,GCST90480723
163361623,GCST90479703
64401822,GCST90002400
191887390,GCST90662907
163257745,GCST90476457
62659437,GCST90002340
62429018,GCST90002355
188096191,GCST90468096
188087720,GCST90468092
62433107,GCST90002344
22001867,GCST004625
163140173,GCST90475499
64342637,GCST90002402
163443485,GCST90480725
163142497,GCST90475502
163360876,GCST90479702
62745250,GCST90002351
163144038,GCST90475505
163215175,GCST90476302
62501954,GCST90002361
163211655,GCST90476299
62515542,GCST90002298
163207341,GCST90476296
163108632,GCST90475423
62747876,GCST90002357
217648331,GCST004051
217648398,GCST004050
93357161,GCST90086077
47471644,GCST008362
36097481,GCST007082
138946717,GCST90278644
133856769,GCST90301983
133863229,GCST90302013
216903653,GCST90828062
189962427,GCST90502121
216881401,GCST90827984
216884650,GCST90827996
188109247,GCST90468104
133873661,GCST90302064
133879484,GCST90302094
215569911,GCST90501282
133880593,GCST90302098
215497377,GCST90501158
133870390,GCST90302049
133859619,GCST90301998
133886138,GCST90302123
215560489,GCST90501265
216858704,GCST90827910
133883932,NA
93541595,NA
190094292,GCST90502671
190064544,GCST90502514
101960966,GCST90179148
133864293,GCST90302017
133870114,GCST90302048
133862692,GCST90302011
133892932,GCST90302157
216883124,GCST90827991
133872595,GCST90302059
190018108,GCST90502294
133851516,GCST90301957
190049718,GCST90502425
133873414,GCST90302063
216893460,GCST90828022
133892641,GCST90302156
216839309,GCST90827839
188312650,GCST90469794
190000570,GCST90502218
215528180,GCST90501212
216819041,GCST90827777
133862195,GCST90302009
190080515,GCST90502606
215494231,GCST90501153
90814774,GCST012227
165106175,GCST90503748
190063124,GCST90502503
133878736,GCST90302091
189845065,GCST90454490
133882049,GCST90302104
188116762,GCST90468134
215591377,GCST90501313
216875359,GCST90827963
133879258,GCST90302093
133884369,GCST90302114
216886192,GCST90828001
190098313,GCST90502710
133882948,GCST90302108
189988649,GCST90502186
133850115,GCST90301946
216886504,GCST90828002
133850416,GCST90301947
190021720,GCST90502307
190093239,GCST90502670
216902792,GCST90828057
190065792,GCST90502515
215559963,GCST90501264
216860152,GCST90827917
215502185,GCST90501166
190032557,GCST90502359
190101143,GCST90502722
133891470,GCST90302150
189912130,GCST90502010
133858187,GCST90301991
216876565,GCST90827967
189909158,GCST90502004
189968487,GCST90502134
190020527,GCST90502306
215593661,GCST90501316
133881758,GCST90302103
216903365,GCST90828061
133881110,GCST90302100
133856478,GCST90301982
190028288,GCST90502346
133893675,GCST90302160
56270234,GCST010173
133863771,GCST90302015
133855655,GCST90301979
133879765,GCST90302095
133875539,GCST90302074
133864052,GCST90302016
133883636,GCST90302111
133870942,GCST90302051
133876081,GCST90302076
133869371,GCST90302045
190062023,GCST90502502
189991139,GCST90502192
189959284,GCST90502101
133872158,GCST90302057
133873032,GCST90302061
215500758,GCST90501165
189956358,GCST90502095
188111851,GCST90468106
133871404,GCST90302053
133878992,GCST90302092
216835554,GCST90827826
133856182,GCST90301981
133863505,GCST90302014
133883355,GCST90302110
133862396,GCST90302010
216894767,GCST90828027
216885875,GCST90828000
133873912,GCST90302065
190091979,GCST90502659
216855622,GCST90827898
215588998,GCST90501308
215562983,GCST90501268
215499476,GCST90501162
133854746,GCST90301975
190090936,GCST90502658
133869838,GCST90302047
190083333,NA
133867230,NA
190019068,GCST90502295
133868884,GCST90302043
190084661,GCST90502619
216879261,GCST90827977
216880796,GCST90827982
216902274,GCST90828054
133880312,GCST90302097
133875820,GCST90302075
133871173,GCST90302052
133881356,GCST90302101
189997578,GCST90502212
215575547,GCST90501293
216901852,GCST90828052
190102411,GCST90502723
216874715,GCST90827961
133892204,GCST90302154
133861698,GCST90302007
190029640,GCST90502347
215503267,GCST90501168
133870661,GCST90302050
133882491,GCST90302106
133869100,GCST90302044
189971694,GCST90502140
133866159,GCST90302028
216822220,GCST90827791
133869582,GCST90302046
190081810,GCST90502607
133880031,GCST90302096
215456246,GCST90501100
133854349,GCST90301973
133857166,GCST90301985
215530675,GCST90501216
133873173,GCST90302062
189921055,GCST90502030
133858574,GCST90301993
215590651,GCST90501312
190099658,GCST90502711
215498529,GCST90501160
133893218,GCST90302158
133855213,GCST90301977
189924103,GCST90502036
215500132,GCST90501164
63372412,GCST90012044
106265098,GCST90270117
90713706,GCST90020029
63786017,GCST010988
93500842,GCST90018949
101972217,GCST90179150
91777839,GCST90020232
133878008,GCST90302088
91780202,GCST90020235
104119418,GCST90255621
55720597,GCST009858
189898986,GCST90501978
216675324,GCST90590315
55727314,GCST009867
217565644,GCST90832991
91780611,GCST90020236
93496704,GCST90018947
134167071,GCST90435413
90788510,GCST90020024
91781424,GCST90038594
216875007,GCST90827962
216868731,GCST90827939
216848922,GCST90827876
216850621,GCST90827883
96176355,GCST90092931
100111303,GCST90133362
216893980,GCST90828024
216881683,GCST90827985
216835004,GCST90827824
62507953,GCST90002378
62739336,GCST90002374
93546562,GCST90018978
63942827,GCST90002407
218087887,GCST90838669
215458542,GCST90501105
193090020,GCST90652383
193090369,GCST90652385
193089572,GCST90652380
215482855,GCST90501139
119351225,GCST90301252
217648275,GCST004051
217648418,GCST004050
55460197,GCST009437
35815033,GCST007141
35815028,GCST007141
35853409,GCST007143
35853404,GCST007143
55727328,GCST009867
55727333,GCST009867
101344898,GCST90239674
93548651,GCST90018979
87309422,GCST90019496
87301363,GCST90019501
93377458,GCST90019512
103280651,GCST90245848
103280641,GCST90245848
103280646,GCST90245848
139988550,GCST010099
62651406,NA
188260267,NA
103280656,GCST90245848
217562052,GCST90832990
50757697,GCST009357
101374033,GCST90239632
31584324,GCST005989
104933883,GCST90244098
104510454,GCST90246570
43174244,GCST007839
106191352,GCST90270259
136022129,GCST90309369
64083098,GCST90002388
96149581,GCST90092855
96183629,GCST90092955
96161622,GCST90092893
96162578,GCST90092895
93489719,GCST90018942
188031721,GCST90468060
93076604,GCST90085815
188061995,GCST90468082
93521284,GCST90018962
87313189,GCST90019494
188032281,GCST90468060
80733565,GCST90013406
191836345,GCST90662867
36459431,GCST007074
62741133,GCST90002369
188060561,GCST90468080
188038988,GCST90468066
62505839,GCST90002372
215472479,GCST90501121
215473536,GCST90501123
96145530,GCST90092847
103280636,GCST90245848
191365460,GCST90565843
191301509,GCST90565837
218095355,GCST90838671
188099633,GCST90468097
47384063,GCST008996
138227747,GCST90444487
165163864,GCST90435262
138722248,GCST90446645
55288914,GCST009336
165015178,GCST90503211
165013774,GCST90503210
55290829,GCST009337
63784211,GCST010988
36059058,GCST007039
98438235,GCST90131903
98425419,GCST90131901
98436408,GCST90131902
102118247,GCST90243989
102098214,GCST90243984
188412058,GCST90471016
38449371,GCST007201
24729925,GCST004946
98425413,GCST90131901
136010316,GCST90309342
131623455,GCST90428120
26993810,GCST005081
131624289,GCST90428120
62252897,GCST010641
98784213,GCST90132229
162642782,GCST90449054
34723119,GCST006570
34719127,GCST006568
191323709,GCST90565843
218072627,GCST90838669
34651015,GCST006414
214314599,GCST90654627
102723377,GCST90204201
106056234,GCST90274223
191682928,GCST90624412
101724849,GCST90239776
216544712,GCST90627749
217724328,GCST90837324
217417922,GCST90559230
189779188,GCST90624429
63427213,GCST010796
63427209,GCST010796
63427205,GCST010796
63427201,GCST010796
63427197,GCST010796
63427193,GCST010796
63427189,GCST010796
63427185,GCST010796
63427181,GCST010796
63427177,GCST010796
63427173,GCST010796
63427169,GCST010796
63427165,GCST010796
63427161,GCST010796
63427157,GCST010796
63427153,GCST010796
63427149,GCST010796
63427145,GCST010796
63427141,GCST010796
63427137,GCST010796
63427133,GCST010796
63427129,GCST010796
63427125,GCST010796
63427121,NA
63427117,NA
63427113,NA
63427109,NA
63427105,NA
63427101,NA
63427097,NA
63427093,NA
63427089,NA
63427085,NA
63427081,NA
63427077,GCST010796
63427073,GCST010796
63427069,GCST010796
63427065,GCST010796
63427061,GCST010796
63427057,GCST010796
63427053,GCST010796
217646571,GCST90832154
64732274,GCST90012794
93498332,GCST90018949
104108400,GCST90255621
214163604,GCST90704952
165684287,GCST90455657
216212418,GCST90726617
41250966,GCST007468
36793853,GCST007232
41133920,GCST007431
119123439,GCST90244094
104933779,GCST90244098
47450831,GCST008459
55592677,GCST009600
100085298,GCST90133002
218072427,GCST90838669
15059498,GCST003048
64732520,GCST012091
216302551,GCST90705072
165794312,GCST90569260
214064383,GCST90668077
214064021,GCST90668076
188067124,GCST90468084
36478820,GCST007068
188177288,GCST90468496
163191550,GCST90475970
34617065,GCST006061
34617060,GCST006061
188138203,GCST90468177
165163099,GCST90435257
163397367,GCST90480170
163190829,GCST90475967
62274087,GCST011154
134160625,GCST90435412
104959747,GCST90267284
131331378,GCST90321120
34839163,GCST006268
35225705,GCST006442
34709220,GCST006571
55492625,GCST009524
131771290,GCST90310294
162644717,GCST90449056
35587100,GCST006628
163396882,GCST90480168
216212670,GCST90726618
163277277,GCST90476528
214518414,GCST90428958
36523819,GCST007080
191371921,GCST90565845
38449763,GCST007201
97470911,GCST90105038
41275323,GCST007474
34989767,GCST006287
98436414,GCST90131902
95124346,GCST90000025
163383256,GCST90479928
38449091,GCST007201
24730286,GCST004946
103235400,GCST90245848
103283546,GCST90245848
131331383,GCST90321120
101397330,GCST90239693
93037216,GCST90061435
117665518,GCST90292477
36099996,GCST007087
117662230,GCST90000062
100041792,GCST90132903
93479005,GCST90018796
14970573,GCST003499
162973774,GCST90482705
41137925,GCST007841
10064653,GCST002500
96224382,GCST90092882
36457211,GCST007074
191907415,GCST90662912
162974767,GCST90482713
15059612,GCST003048
21965060,GCST004521
62251884,GCST010645
100544040,GCST90128471
101157680,GCST90139526
34839171,GCST006268
98425425,GCST90131901
41247574,GCST007462
100544216,GCST90128471
102087297,GCST90243968
41407284,GCST007561
19629213,GCST004036
165790447,GCST90569222
188133143,GCST90468172
188131521,GCST90468171
188135161,GCST90468173
164563909,GCST90446162
164568786,NA
104957850,NA
164572441,NA
164565287,NA
100876781,GCST90179153
102723930,GCST90244768
100878279,GCST90179157
191681268,GCST90624411
55315026,GCST009577
34839167,GCST006268
217551393,GCST90832989
191284434,GCST90565836
191301949,GCST90565838
34838962,GCST006268
214161055,GCST90704949
63098787,GCST90011294
214161062,GCST90704949
214165052,GCST90704953
27408094,GCST005316
191890509,GCST90662908
41453696,GCST007709
93551497,GCST90018988
91626498,GCST012355
191906245,GCST90662912
90519998,GCST90020227
45608531,GCST007930
101445673,GCST90002403
119091569,GCST90301650
90709036,GCST90020029
100544509,GCST90128471
55723794,GCST009867
188151484,GCST90468184
27408076,GCST005316
35226689,GCST006442
131622903,GCST90428120
104374847,GCST90264174
100282756,GCST90134330
25569813,GCST005141
34723589,GCST006570
27408085,GCST005316
162783752,GCST90446169
55491351,GCST009524
189886631,GCST90624687
164632734,GCST90492734
138229349,GCST90444487
36596608,GCST007340
36595488,GCST007339
93086219,GCST90085818
34962822,GCST006943
92912888,GCST90026525
47265218,GCST008039
47265102,GCST008039
98378917,GCST90094706
34969852,GCST006476
163393513,GCST90480117
49128966,GCST009004
191843681,GCST90662885
98379465,GCST90094723
188130866,GCST90468171
34831552,GCST006269
27408090,GCST005316
93549074,GCST90018981
34942121,GCST006250
21888813,GCST004603
27440418,GCST005325
218977631,GCST90832687
27439904,GCST005323
55592635,GCST009600
27439279,GCST005324
100282746,GCST90134330
218977635,GCST90832687
97476057,GCST90105038
34941236,GCST006250
164564474,GCST90446163
164569554,GCST90492678
218977643,GCST90832687
164573101,GCST90492679
34710368,GCST006571
164563582,GCST90446160
164565989,GCST90492677
100282761,GCST90134330
27408111,GCST005316
191302680,GCST90565840
218977647,GCST90832687
95124986,GCST90000025
55731114,GCST009871
97476068,GCST90105038
34723594,GCST006570
218091935,GCST90838671
55731152,GCST009871
164569559,GCST90492678
164573106,GCST90492679
164565994,GCST90492677
23572,GCST001337
188095756,GCST90468096
188099008,GCST90468097
188092136,GCST90468095
36479316,GCST007068
34703036,GCST006573
34703032,GCST006573
130460038,GCST90268497
93908840,GCST90091060
27440938,GCST005326
93503629,GCST90018952
93521813,NA
93495084,NA
17470551,NA
106035715,NA
41248331,GCST007463
47757152,GCST008744
188068269,GCST90468084
24018,GCST000817
10078423,GCST002702
27421378,GCST005350
134154519,GCST90435412
96119765,GCST90101819
217556859,GCST90832990
36042488,GCST007038
96119220,GCST90101815
96119558,GCST90101817
104950936,GCST90261400
80734237,GCST90013406
93372967,GCST90019511
104525553,GCST90247292
188245344,GCST90469199
64074950,GCST90002390
64090909,GCST90002392
191372143,GCST90565845
30536,GCST001962
87314970,GCST90019494
191339434,GCST90565843
55975985,GCST010133
131622496,GCST90428120
98384562,GCST90094841
104954801,GCST90267268
64719583,GCST90013693
35934933,GCST007064
35934568,GCST007064
27408081,GCST005316
191367900,GCST90565844
62630901,GCST90002304
62632717,GCST90002310
93510339,GCST90018957
64195233,GCST90002383
93517466,GCST90018960
62493302,GCST90002308
62426197,GCST90002314
64192643,GCST90002384
93527913,GCST90018967
165131634,GCST90455722
191290026,GCST90565837
10059812,GCST002539
62251955,GCST010645
38450421,GCST007201
35723365,GCST006803
98383286,GCST90094825
63100397,GCST90011298
165147946,GCST90503115
93379713,GCST90019515
192906143,GCST90652487
191290032,GCST90565837
98507002,GCST90131910
164797023,GCST90315455
13871,GCST000495
18078,GCST001050
27422567,GCST005348
36055968,GCST007020
165284501,GCST90565159
41170793,GCST007841
34655334,GCST006143
41475051,GCST007691
104110831,GCST90255621
34720004,GCST006568
34720008,GCST006568
34710373,GCST006571
34720013,GCST006568
34720017,GCST006568
34710383,GCST006571
104959999,GCST90267284
218404444,GCST90841193
62170752,GCST010416
105613738,GCST90270400
55271742,GCST009412
34710378,GCST006571
93086213,GCST90085818
189866617,GCST90565739
189881464,GCST90624549
98427314,GCST90131901
98427320,GCST90131901
103243980,GCST90245848
103243985,GCST90245848
103243990,GCST90245848
188247211,GCST90469205
188189441,GCST90468610
64396252,GCST90002401
138229361,GCST90444487
138229367,GCST90444487
98379955,GCST90094737
98385582,GCST90094872
98378379,GCST90094688
98382169,GCST90094791
98384763,GCST90094848
98384806,GCST90094850
188081409,GCST90468089
64412069,GCST90002396
191008306,GCST90559247
164734696,GCST90428438
138943231,GCST90278637
163132002,NA
163120470,NA
163356280,NA
163357470,NA
163352867,GCST90479673
163354040,GCST90479674
163135486,GCST90475473
131084470,GCST90328131
163128357,GCST90475465
163355148,GCST90479675
163228034,GCST90476348
163117047,GCST90475445
163429935,GCST90480669
163351644,GCST90479672
163113409,GCST90475441
163429023,GCST90480668
188235587,GCST90469068
164775051,GCST90314369
164765427,GCST90313913
164778459,GCST90314531
164788631,GCST90315045
164778535,GCST90314534
164778631,GCST90314536
164764927,GCST90313889
164782891,GCST90314735
164776163,GCST90314417
164753911,GCST90313328
164757459,GCST90313499
164761259,GCST90313706
164764703,GCST90313881
164759747,GCST90313630
164753967,GCST90313329
164754019,GCST90313331
164772583,GCST90314254
21711458,GCST004564
21716895,GCST004563
21709510,GCST004562
21708983,GCST004562
35226697,GCST006442
27408102,GCST005316
34942136,GCST006250
36596612,GCST007340
188056977,GCST90468078
136015403,GCST90309355
191367905,GCST90565844
188076745,GCST90468087
64074954,GCST90002390
101445677,GCST90002403
191880082,GCST90662905
22075902,GCST004601
93525854,GCST90018966
188070323,GCST90468086
22007253,GCST004602
93535809,GCST90018971
62655891,GCST90002334
188078332,GCST90468088
62502925,GCST90002367
62434044,GCST90002338
36507203,GCST007069
64090913,GCST90002392
188101495,GCST90468098
62742064,GCST90002363
62652928,GCST90002322
36479312,GCST007068
22074591,GCST004630
191339422,GCST90565843
94173524,GCST90090292
188235467,GCST90469068
188185486,GCST90468590
163365675,GCST90479708
104525563,GCST90247292
64074958,GCST90002390
188221760,GCST90468897
94113677,GCST90087956
118322868,GCST90281194
62748782,GCST90002346
188231657,GCST90469023
88620502,GCST012072
101445681,GCST90002403
188184051,GCST90468580
118324523,GCST90281199
188280674,GCST90469481
64399626,GCST90002400
21887068,GCST004607
16492290,GCST003403
163419813,GCST90480650
64415817,GCST90002395
163151947,GCST90475517
188236237,GCST90469083
118324870,GCST90281200
191885680,GCST90662907
163154593,GCST90475520
188399453,GCST90470871
191012455,GCST90559252
188195507,GCST90468653
163156729,GCST90475523
188385564,GCST90470689
188094621,GCST90468096
130460625,GCST90268498
93084001,GCST90056184
104579352,GCST90250011
104553604,GCST90248705
118323901,GCST90281198
188320435,GCST90469872
104559884,NA
191008311,NA
94038131,NA
118325347,NA
104521616,GCST90247106
94173458,GCST90089221
94130914,GCST90088250
93082141,GCST90056183
21888817,GCST004603
93531681,GCST90018969
64340319,GCST90002402
104556525,GCST90248860
104515567,GCST90246819
21890288,GCST004616
62429911,GCST90002349
22009165,GCST004599
104571048,GCST90249599
64396242,GCST90002401
163421324,GCST90480651
188097893,GCST90468097
163422964,GCST90480652
188090761,GCST90468095
188385643,GCST90470691
94113700,GCST90089053
163214761,GCST90476302
163204640,GCST90476295
163208142,GCST90476298
188413149,GCST90471034
118322411,GCST90281193
130460033,GCST90268497
188212281,GCST90468820
94183662,GCST90088134
136019946,GCST90309364
104576048,GCST90249849
163366763,GCST90479709
163364544,GCST90479707
188251323,GCST90469241
188376198,GCST90470596
94365270,GCST90094627
64090917,GCST90002392
163211226,GCST90476299
188236747,GCST90469088
163206913,GCST90476296
188365603,GCST90470441
163212416,GCST90476301
188278029,GCST90469447
188412353,GCST90471026
37234,GCST002245
90538793,GCST90002393
64399635,GCST90002400
191339416,GCST90565843
104959993,GCST90267284
214481419,GCST90568455
214480579,GCST90568451
214480014,GCST90568449
214482197,GCST90568458
214481965,GCST90568457
188032196,GCST90468060
64639024,GCST011125
164752923,GCST90313280
164775931,GCST90314408
164779515,GCST90314576
164779835,GCST90314586
164779659,GCST90314580
164779431,GCST90314574
164761395,GCST90313711
164779883,GCST90314587
164782023,GCST90314693
164779131,GCST90314563
164764287,GCST90313864
164779923,GCST90314588
164776119,GCST90314416
164780079,GCST90314593
164772175,GCST90314235
97476052,GCST90105038
35226685,GCST006442
164569549,GCST90492678
164573096,GCST90492679
164565984,GCST90492677
97476080,GCST90105038
164573111,GCST90492679
164565999,GCST90492677
47702200,GCST008595
55491852,GCST009524
36093607,GCST007081
103243995,GCST90245848
134158295,GCST90435412
103214895,GCST90245844
80641242,GCST90013473
26993871,GCST005082
101972595,GCST90179151
217628188,GCST90833050
93082786,GCST90056183
61933862,GCST010085
64078270,GCST90002389
188088927,GCST90468093
188064457,GCST90468083
34832008,GCST006269
101952328,GCST90179146
191852368,GCST90662894
131613364,GCST90428119
93474634,GCST90018751
104957354,GCST90267274
93486170,GCST90018926
129339115,NA
134455515,NA
96763867,NA
164564039,NA
163396001,GCST90480147
62086010,GCST010340
62082380,GCST010340
93499117,GCST90018949
93466331,GCST90018727
49100619,GCST004904
191846330,GCST90662887
191910725,GCST90624052
93467125,GCST90018729
138722985,GCST90446645
36592670,GCST007341
35038193,GCST006368
100282767,GCST90134330
34831876,GCST006269
27408098,GCST005316
34942146,GCST006250
35226693,GCST006442
100282772,GCST90134330
34714948,GCST006569
93469685,GCST90018739
163341783,GCST90479637
23536,GCST001335
164769503,GCST90314101
164788867,GCST90315053
164766739,GCST90313976
164755503,GCST90313408
164764739,GCST90313882
164756271,GCST90313440
164782911,GCST90314736
164795755,GCST90315399
164795715,GCST90315397
164782091,GCST90314695
164774811,GCST90314363
164784979,GCST90314852
164797067,GCST90315456
164769539,GCST90314102
164766639,GCST90313974
164764907,GCST90313888
164782775,GCST90314731
164769439,GCST90314098
164780703,GCST90314622
164754919,GCST90313379
164788835,GCST90315052
164769239,GCST90314090
164805995,GCST90315924
164764471,GCST90313873
164774951,GCST90314367
164769307,GCST90314093
164756635,GCST90313458
164782135,GCST90314698
164788659,GCST90315046
164769415,GCST90314097
164769583,GCST90314103
164804591,GCST90315853
164765407,GCST90313912
164791283,GCST90315189
164796047,GCST90315413
164766347,GCST90313966
164774851,GCST90314364
164775159,GCST90314374
164804579,GCST90315852
64408257,GCST90002397
40646,GCST002276
10079462,GCST002647
98508934,GCST90131910
165724921,GCST90566805
217418126,GCST90559230
30500829,GCST005795
34967730,GCST006477
62252561,GCST010642
62708452,GCST010647
27408107,GCST005316
21512701,GCST004364
21316233,GCST004364
25569356,GCST005142
64415822,GCST90002395
104110820,GCST90255621
55731143,GCST009871
64340324,GCST90002402
104110825,GCST90255621
36595493,GCST007339
104110810,GCST90255621
163308773,GCST90479522
27409764,GCST005316
34963254,GCST006946
163307811,GCST90479521
163309611,GCST90479523
36594427,GCST007338
41453704,GCST007709
136009973,GCST90309342
104374196,GCST90264174
36593387,GCST007337
119835884,GCST90255613
41394840,GCST007565
41380780,GCST007576
191874629,GCST90662903
62658180,GCST90002340
191877468,GCST90662904
93084741,GCST90056184
36528310,GCST007084
102105539,NA
47433333,NA
131084268,NA
35754659,GCST006976
38449930,GCST007201
106250076,GCST90244223
191303939,GCST90565842
188149147,GCST90468183
63784611,GCST010988
36059734,GCST007039
188123626,GCST90468161
131625625,GCST90428121
55731118,GCST009871
191895717,GCST90662910
217552147,GCST90832989
188136729,GCST90468175
131613161,GCST90428119
188129199,GCST90468170
27422966,GCST005348
27422971,GCST005348
188143576,GCST90468178
64396247,GCST90002401
164793519,GCST90315283
164791723,GCST90315212
164793347,GCST90315277
164793391,GCST90315279
106264556,GCST90270116
164753159,GCST90313290
164753179,GCST90313291
164793407,GCST90315280
164793455,GCST90315282
95291154,GCST90012880
27409769,GCST005316
95158530,GCST90095190
188066539,GCST90468084
93523236,GCST90018964
62489301,GCST90002326
216296077,GCST90705070
188403533,GCST90470906
138229355,GCST90444487
188393750,GCST90470817
104539602,GCST90248019
191900386,GCST90662911
103214890,GCST90245844
191681993,GCST90624411
103221614,GCST90245845
191339428,GCST90565843
90709040,GCST90020029
191339439,GCST90565843
95032788,GCST90095131
163337342,GCST90479635
163339713,GCST90479636
163334887,GCST90479634
64402874,GCST90002399
49137163,GCST009001
191893858,GCST90662909
104110815,GCST90255621
216681871,GCST90728589
217629604,GCST90833051
218075739,GCST90838669
93083681,GCST90056183
34624491,GCST006099
47228907,GCST007983
143786046,GCST90455642
34703028,GCST006573
218977651,GCST90832687
188235657,GCST90469068
162645583,GCST90449056
36050529,GCST007037
36050538,GCST007037
191834583,GCST90662861
64419205,GCST90002394
64719322,GCST90013693
47844847,GCST008839
98508939,GCST90131910
41395149,GCST007565
34942126,GCST006250
34705213,GCST006574
34714943,GCST006569
100045035,GCST90132904
34967870,GCST006477
36099189,GCST007086
91688345,GCST90027244
34831689,GCST006269
34969542,GCST006476
98379657,GCST90094726
218408867,GCST90841196
98380441,GCST90094750
98157675,GCST005232
166096977,GCST90572697
27408115,GCST005316
101689493,GCST90239729
95028003,GCST90095130
34942131,GCST006250
189867550,GCST90565742
191910475,GCST90624051
64732171,GCST90012794
91686038,GCST90027239
138938358,GCST90278622
91687145,GCST90027241
218977639,GCST90832687
41453700,GCST007709
91687602,GCST90027242
91688012,NA
55491818,NA
106003442,NA
98384730,GCST90094846
95158524,GCST90095190
100084153,GCST90132987
100282751,GCST90134330
91686607,GCST90027240
17470527,GCST003676
119955724,GCST90319327
17486072,GCST003677
27439343,GCST005324
36596604,GCST007340
36595483,GCST007339
36507209,GCST007069
100282788,GCST90134330
34832822,GCST006269
34942151,GCST006250
100282777,GCST90134330
90612976,GCST012226
90612980,GCST012226
55723762,GCST009867
41352298,GCST007704
41351468,GCST007703
134165344,GCST90435413
41368162,GCST007706
55731157,GCST009871
55723653,GCST009867
131625754,GCST90428121
47384576,GCST008996
101661288,GCST90239706
63922810,GCST90011875
34696668,GCST006572
95022482,GCST90095129
63922815,GCST90011875
101054281,GCST90162547
55491675,GCST009524
35805555,GCST006913
34831608,GCST006269
93488729,GCST90018942
64675378,GCST90011900
47702204,GCST008595
15059748,GCST003048
21964806,GCST004521
47451047,GCST008459
93514572,GCST90018959
164778259,GCST90314522
104110837,GCST90255621
97476063,GCST90105038
97476074,GCST90105038
138948163,GCST90278650
61653322,GCST010268
61653437,GCST010266
188211031,GCST90468810
102105545,GCST90243985
55976041,GCST010132
31669550,GCST006941
35339161,GCST006940
35748538,GCST006922
34968224,GCST006475
217552162,GCST90832989
163185247,GCST90475909
49100230,GCST004904
191857301,GCST90662896
163393417,GCST90480116
163185466,GCST90475911
98380743,GCST90094759
27540995,GCST005362
106250088,GCST90244223
103225646,GCST90245846
98382527,GCST90094797
218075111,GCST90838669
188132433,GCST90468172
188134486,GCST90468173
55731148,GCST009871
165014040,GCST90503210
188232987,GCST90469038
100400369,GCST90104345
25569819,GCST005141
103227373,GCST90245847
191683318,GCST90624412
93930019,GCST90091061
165133554,GCST90527926
34942156,GCST006250
62251468,GCST010649
100282782,GCST90134330
188005491,GCST90016612
34970757,GCST006476
130460630,GCST90268498
49133596,GCST009003
34942141,GCST006250
188150729,GCST90468184
34967795,GCST006477
31558736,GCST006041
95987190,GCST90100570
34969547,GCST006476
191845813,GCST90662886
40901308,GCST007294
40902235,GCST007295
64399630,GCST90002400
21887073,GCST004607
218075299,GCST90838669
188057432,GCST90468078
55592763,NA
101966904,NA
36103186,NA
21965542,GCST004521
188100108,GCST90468097
188093704,GCST90468095
188120020,GCST90468158
188122704,GCST90468160
47382008,GCST008998
188147276,GCST90468180
132679977,GCST90432179
188135912,GCST90468174
188119123,GCST90468157
188413319,GCST90471034
35226701,GCST006442
164569564,GCST90492678
19568313,GCST003992
62734000,GCST010774
94059259,GCST90093322
217563443,GCST90832991
218075411,GCST90838669
164800059,GCST90315618
164791139,GCST90315184
218091939,GCST90838671
164777415,GCST90314480
164779739,GCST90314583
164753235,GCST90313293
164801607,GCST90315691
164794231,GCST90315321
164752727,GCST90313269
164755743,GCST90313414
164778583,GCST90314535
164769631,GCST90314105
164763655,GCST90313826
98428408,GCST90131901
98439555,GCST90131903
98428414,GCST90131901
106775167,GCST90281122
104111593,GCST90255621
98428425,GCST90131901
188325307,GCST90469913
95125267,GCST90000025
98428442,GCST90131901
35226973,GCST006442
36472936,GCST007065
30770728,GCST005998
118855441,GCST90297779
188097031,GCST90468096
188325357,GCST90469913
188325362,GCST90469913
164797111,GCST90315459
104111587,GCST90255621
98439583,GCST90131903
93462945,GCST90018629
80621860,GCST012332
93083066,GCST90056183
188313432,GCST90469800
93082701,GCST90056183
98436657,GCST90131902
98428460,GCST90131901
80621856,GCST012332
98439561,GCST90131903
98439573,GCST90131903
188325382,GCST90469913
98439567,GCST90131903
188125569,GCST90468165
130272912,GCST90244761
47471240,GCST008362
93086271,GCST90085818
98439545,GCST90131903
35696529,GCST007062
165261843,GCST90565134
30568590,GCST005830
130445453,GCST90129461
138723166,GCST90446645
188096596,GCST90468096
188093149,GCST90468095
62319271,GCST011427
191843394,GCST90662884
188325172,GCST90469913
188325182,GCST90469913
61934524,GCST010084
131617214,GCST90428119
188215012,GCST90468848
98428454,GCST90131901
188325282,GCST90469913
188313321,GCST90469797
188090014,GCST90468094
188325232,GCST90469913
131722610,GCST90319905
188262574,GCST90469357
188311238,GCST90469778
188311158,GCST90469778
188324366,GCST90469905
188406446,GCST90470930
118796858,GCST90104574
104111599,GCST90255621
191342932,GCST90565843
191342943,GCST90565843
191291681,GCST90565837
102525908,GCST90242398
47702268,GCST008595
214496066,GCST90572789
80621840,NA
130445432,NA
98428430,NA
98436662,GCST90131902
191012773,GCST90559252
98428436,GCST90131901
216787959,GCST90448624
218076327,GCST90838669
165704974,GCST90302863
93086259,GCST90085818
94170973,GCST90089107
93014709,GCST90032655
98428466,GCST90131901
191012778,GCST90559252
93037861,GCST90061435
34710724,GCST006571
188089899,GCST90468094
41171217,GCST007841
93082696,GCST90056183
80621851,GCST012332
188095926,GCST90468096
188278871,GCST90469458
34695,GCST002094
164768687,GCST90314061
165704151,GCST90302861
165704540,GCST90302862
164768483,GCST90314049
191291659,GCST90565837
164768539,GCST90314052
102114815,GCST90243986
130445437,GCST90129461
191291664,GCST90565837
191368690,GCST90565844
103285191,GCST90245848
119071311,GCST90132305
98098531,GCST000703
15059690,GCST003048
38450431,GCST007201
98439578,GCST90131903
134105294,GCST90328148
55611877,GCST009717
63149037,GCST006585
104561324,GCST90249112
98428448,GCST90131901
80621079,GCST012333
104561329,GCST90249112
88924941,GCST90000514
191368695,GCST90565844
103246746,GCST90245848
162849251,GCST90426415
47434498,GCST008512
130445448,GCST90129461
138942123,GCST90278635
165262169,GCST90565134
127953865,GCST90295835
64399774,GCST90002400
64340506,GCST90002402
191843127,GCST90662883
21887161,GCST004607
188151454,GCST90468184
31586280,GCST005981
188214862,GCST90468848
131336153,GCST90321120
188116164,GCST90468120
188198927,GCST90468688
188324626,GCST90469905
216787857,GCST90448623
97477812,GCST90105038
216827207,GCST90827800
98428419,GCST90131901
104111581,GCST90255621
36524727,GCST007080
118796134,GCST90104572
130445458,GCST90129461
56273195,GCST010241
56279848,GCST010242
191184187,GCST90651061
119118727,GCST90301659
165705169,GCST90302863
98436668,GCST90131902
41247726,GCST007462
47122403,GCST007988
41251578,GCST007468
98436673,GCST90131902
127944444,GCST90295751
102070111,GCST90091173
119091857,GCST90301650
36059930,GCST007039
55731557,GCST009871
131617939,GCST90428119
131333748,GCST90321120
131333743,GCST90321120
62312561,GCST011427
131333738,GCST90321120
62318290,GCST011427
62317312,GCST011427
217557236,GCST90832990
165262600,GCST90565134
98439539,GCST90131903
104561339,GCST90249112
93431108,GCST90044158
47757188,GCST008744
30524175,GCST005951
21705399,NA
138229762,NA
138229768,NA
165261158,GCST90565134
100082328,GCST90132932
119908486,GCST90200393
191342938,GCST90565843
98428396,GCST90131901
98439550,GCST90131903
98428402,GCST90131901
130445443,GCST90129461
41429130,GCST007656
164633039,GCST90492734
93086242,GCST90085818
191291675,GCST90565837
191291670,GCST90565837
188325327,GCST90469913
127953672,GCST90295835
188325272,GCST90469913
188313331,GCST90469797
188325162,GCST90469913
19045,GCST001219
36596739,GCST007340
36595619,GCST007339
188176178,GCST90468481
188093154,GCST90468095
102525903,GCST90242398
191291654,GCST90565837
216890840,GCST90828013
217563686,GCST90832991
218066180,GCST90838663
103155645,GCST90129575
162863481,GCST90427942
119452610,GCST90310211
96220315,GCST90092806
106194001,GCST90277236
131724136,GCST90319906
96223182,GCST90092821
191360252,GCST90565843
191299000,GCST90565837
119085471,GCST90301649
63778580,GCST010989
214366307,GCST90453310
189843561,GCST90454488
131336258,GCST90321120
99813435,GCST90132260
93518206,GCST90018960
93536784,GCST90018971
36509491,GCST007069
188292663,GCST90469593
188292573,GCST90469593
101398313,GCST90239693
93931356,GCST90091061
101344723,GCST90239674
62633545,GCST90002310
166098556,GCST90572705
62503908,GCST90002367
62743147,GCST90002363
63045679,GCST010703
217630709,GCST90833051
98507580,GCST90131910
191299006,GCST90565837
95023671,GCST90095129
97184111,GCST90002629
63050818,GCST010699
101687623,GCST90239729
63049476,GCST010702
63052218,GCST010698
188256268,GCST90469296
63048561,GCST010701
105741704,GCST90236881
96018450,GCST90027158
162845872,GCST90426077
90516130,GCST012182
188329343,GCST90469961
165806407,GCST90569397
165806453,GCST90569398
192544526,GCST90624105
191360258,GCST90565843
218085683,GCST90838669
100045621,GCST90132905
87309054,GCST90019496
87301267,GCST90019501
214355207,GCST90453042
93377668,GCST90019512
135011526,GCST90428446
135017351,GCST90428448
34996927,GCST006412
34634802,GCST006394
35673881,GCST006660
98448110,GCST90131905
99812988,GCST90132260
105962731,GCST90267898
105965260,GCST90267930
105963606,GCST90267908
99812176,GCST90132260
119450958,GCST90310210
117711679,GCST90292529
188292593,GCST90469593
188292533,GCST90469593
188292603,GCST90469593
188292588,GCST90469593
188292528,GCST90469593
189843585,NA
21442625,NA
34941701,NA
188292543,GCST90469593
188167383,GCST90468341
101790179,GCST90239828
62180645,GCST010557
97184474,GCST90002646
104117810,GCST90255621
163372982,GCST90479786
138234411,GCST90444487
34722371,GCST006570
34717685,GCST006568
214366296,GCST90453310
188292648,GCST90469593
191853883,GCST90662894
105962907,GCST90267901
105963098,GCST90267904
105962798,GCST90267899
214366301,GCST90453310
214355030,GCST90453041
105964427,GCST90267921
105965317,GCST90267931
99813099,GCST90132260
136014534,GCST90309353
93492287,GCST90018944
101971206,GCST90179150
47089395,GCST007841
105989033,GCST90271767
105989306,GCST90271770
34722375,GCST006570
106035765,GCST90270074
63922320,GCST90011875
34697167,GCST006572
192548190,GCST90624107
55734822,GCST009871
34713409,GCST006569
188292553,GCST90469593
191304906,GCST90565842
16568965,GCST003672
191360263,GCST90565843
217561019,GCST90832990
188141236,GCST90468178
93910548,GCST90091060
95291189,GCST90012880
95032938,GCST90095131
95028609,GCST90095130
100359772,GCST90134605
188267899,GCST90469357
105965597,GCST90267936
188188800,GCST90468607
100828840,GCST90161458
138234417,GCST90444487
98449137,GCST90131906
105964722,GCST90267926
105963933,GCST90267914
105964335,GCST90267920
98446637,GCST90131904
105964511,GCST90267923
219062977,GCST90704647
219062226,GCST90704646
219063694,GCST90704648
18044,GCST001057
94172589,GCST90089466
102522172,GCST90242055
94172599,GCST90089466
63150306,GCST006585
94172604,GCST90089466
103987569,GCST90255357
35231181,GCST006442
188332284,GCST90470004
188332139,GCST90470004
34711966,GCST006571
188332129,GCST90470004
164781151,GCST90314647
131331523,GCST90321120
188332124,GCST90470004
191305121,GCST90565842
188332194,GCST90470004
188332184,GCST90470004
188332199,GCST90470004
188332244,GCST90470004
188332204,GCST90470004
188332109,GCST90470004
188332114,GCST90470004
188332264,GCST90470004
93039534,GCST90061435
188332274,GCST90470004
104551801,GCST90248612
188332309,GCST90470004
131702122,GCST90399420
188332294,GCST90470004
188332149,GCST90470004
188332299,GCST90470004
188332304,GCST90470004
131335863,GCST90321120
188332169,GCST90470004
102114441,GCST90243985
102095477,GCST90243968
163417490,GCST90480611
216826161,GCST90827800
188332334,GCST90470004
188332279,GCST90470004
188332104,NA
188332134,NA
188332269,NA
72486714,GCST011359
188332324,GCST90470004
97492683,GCST90105038
97492688,GCST90105038
34724303,GCST006570
34721301,GCST006568
97492694,GCST90105038
97492677,GCST90105038
102522162,GCST90242055
104551791,GCST90248612
104551796,GCST90248612
62074752,GCST010341
188267079,GCST90469357
105753149,GCST90238310
162852323,GCST90426736
35229681,GCST006442
103987379,GCST90255357
188332164,GCST90470004
188332214,GCST90470004
188332179,GCST90470004
188332174,GCST90470004
188332219,GCST90470004
188332229,GCST90470004
188332289,GCST90470004
188332329,GCST90470004
102118388,GCST90243989
88192241,GCST012490
90793644,GCST90020025
90752659,GCST90020027
95031854,GCST90095131
104958445,GCST90267280
188389073,GCST90470726
191332876,GCST90565843
191332882,GCST90565843
35964495,GCST006979
191186983,GCST90399398
132683051,GCST90432180
131341948,GCST90321120
191364655,GCST90565843
191301051,GCST90565837
30785827,GCST005896
30828089,GCST005897
55314568,GCST009577
101689178,GCST90239729
90814493,GCST012227
135011897,GCST90428446
106260350,GCST90270116
135017699,GCST90428448
191301045,GCST90565837
191364694,GCST90565843
191301068,GCST90565837
191364661,GCST90565843
191364667,GCST90565843
103219545,GCST90245844
118865279,GCST90274714
90732020,GCST90020028
118862784,GCST90274713
36459423,GCST007074
188057677,GCST90468078
188152279,GCST90468184
188121467,GCST90468159
188143566,GCST90468178
188174355,GCST90468462
62435377,GCST90002338
106269990,GCST90270118
189924192,GCST90502038
164757067,GCST90313482
164756971,GCST90313477
164757019,GCST90313480
164757007,GCST90313479
164756983,GCST90313478
93538752,GCST90018973
92911297,GCST90026503
163386900,GCST90479985
92912216,GCST90026511
92911802,GCST90026508
92912601,GCST90026516
163160321,GCST90475533
163161872,GCST90475539
102504186,GCST90240470
188277169,GCST90469442
103230200,GCST90245848
103230205,GCST90245848
103220592,GCST90245845
55721644,GCST009867
163386967,GCST90479986
163306232,GCST90479517
163387026,GCST90479987
188277249,GCST90469442
188277309,GCST90469442
188277434,GCST90469442
189924198,GCST90502038
189931412,GCST90502051
215453873,GCST90501096
189978369,GCST90502155
188171828,GCST90468426
100836016,GCST90161799
97209828,GCST90004347
100525374,GCST90137826
97211405,GCST90004385
97209185,NA
102504191,NA
97211356,NA
94105383,GCST90088400
97211312,GCST90004383
97211459,GCST90004386
97209244,GCST90004331
97209126,GCST90004329
162843016,GCST90425778
104513839,GCST90246740
97210857,GCST90004368
97211919,GCST90004396
103230210,GCST90245848
190089321,GCST90502649
190076139,GCST90502571
63152552,GCST006585
188416992,GCST90471073
190032856,GCST90502363
101948593,GCST90101726
189991204,GCST90502194
189964625,GCST90502129
189985437,GCST90502181
93541714,GCST90018976
216380148,GCST90801724
105745837,GCST90237392
104563583,GCST90249229
101320434,GCST90239649
41136965,GCST007841
94161566,GCST90090404
102117655,GCST90243989
102097840,GCST90243984
188277189,GCST90469442
191852083,GCST90662894
63155499,GCST006585
188277239,GCST90469442
188277279,GCST90469442
188277344,GCST90469442
188277304,GCST90469442
188277334,GCST90469442
188277389,GCST90469442
188277384,GCST90469442
191308777,GCST90565843
191308875,GCST90565843
215463063,GCST90501111
105744075,GCST90237181
105744602,GCST90237242
218068109,GCST90838667
104551010,GCST90248574
34989293,GCST006287
97466799,GCST90105038
21886804,GCST004607
188259765,GCST90469335
163399611,GCST90480215
162817905,GCST90422846
165805262,GCST90569385
101949848,GCST90101731
105723717,GCST90234551
104536400,GCST90247859
104556631,GCST90248868
87271647,GCST90019521
94105378,GCST90088400
165785213,GCST90569029
188277259,GCST90469442
188277364,GCST90469442
188277369,GCST90469442
188277194,GCST90469442
188171818,GCST90468426
188277229,GCST90469442
188277234,GCST90469442
188277204,GCST90469442
188277224,GCST90469442
188277324,GCST90469442
188266894,GCST90469357
188277419,GCST90469442
216420863,GCST90807440
191855202,GCST90662895
216359622,GCST90798866
216400542,GCST90804582
119033259,GCST90271558
101324050,GCST90239652
191857611,GCST90662896
39805,GCST002223
36456959,GCST007074
104536405,GCST90247859
162859967,GCST90427561
21414501,GCST004232
162818712,GCST90422934
218068149,GCST90838667
162817983,GCST90422855
191006663,GCST90559247
191006645,GCST90559247
34702419,GCST006573
34937745,GCST006396
188334053,GCST90470031
103231080,GCST90245848
188073720,GCST90468087
94173085,GCST90089710
94173090,GCST90089710
63150651,GCST006585
63372110,GCST90012038
166141898,GCST90565694
188074335,GCST90468087
34714007,GCST006569
36157172,NA
189925037,NA
215571293,NA
215565387,GCST90501273
215538308,GCST90501231
63836372,GCST90012107
63837663,GCST90012106
215489286,GCST90501145
215537482,GCST90501230
215585688,GCST90501305
215548013,GCST90501244
215518005,GCST90501193
215546967,GCST90501245
102508026,GCST90240785
94123785,GCST90088297
104522010,GCST90247123
191006616,GCST90559247
100833917,GCST90161697
88927582,GCST90000047
188113913,GCST90468107
93083591,GCST90056183
188209654,GCST90468804
188209674,GCST90468804
193158616,GCST90441003
164733985,GCST90428430
118326604,GCST90281207
164767659,GCST90314002
36157058,GCST007324
94123751,GCST90088297
104522005,GCST90247123
100833988,GCST90161697
188333700,GCST90470027
64677826,GCST90011899
188034812,GCST90468063
191858585,GCST90662897
217749837,GCST90837544
62179919,GCST010557
93491172,GCST90018944
102086264,GCST90243968
94082010,GCST90001737
188076710,GCST90468087
62498577,GCST90002296
188082186,GCST90468090
164734392,GCST90428433
188334028,GCST90470031
22008854,GCST004599
64339554,GCST90002402
188072465,GCST90468087
21790391,GCST004634
188209779,GCST90468804
188209809,GCST90468804
62502451,GCST90002367
188209639,GCST90468804
105745084,GCST90237298
216301745,GCST90705072
218090419,GCST90838671
218069051,GCST90838669
96075117,GCST90100876
62078432,GCST010340
166097249,GCST90572698
36478546,GCST007068
30668,GCST001880
64415060,GCST90002395
188090671,GCST90468095
193174134,GCST90443110
104552906,GCST90248666
102522372,GCST90242075
93535164,GCST90018971
100833935,GCST90161697
100833923,GCST90161697
188073760,GCST90468087
100834000,GCST90161697
64651221,GCST011119
19293993,GCST004000
188209659,GCST90468804
100833953,GCST90161697
100833958,GCST90161697
96075122,GCST90100876
100833982,GCST90161697
164798567,GCST90315537
36523505,GCST007080
191006639,GCST90559247
217554997,GCST90832990
188209749,GCST90468804
188334008,GCST90470031
162842060,GCST90425679
96075112,GCST90100876
188333988,GCST90470031
188333998,GCST90470031
63149286,GCST006585
119123049,GCST90244094
62748300,GCST90002346
191006651,GCST90559247
188333958,GCST90470031
188333963,GCST90470031
90792262,GCST90020025
166067633,GCST90551868
90751115,GCST90020027
191006633,GCST90559247
191006668,GCST90559247
188205264,GCST90468764
96075107,GCST90100876
218407860,GCST90841196
138226825,NA
218070387,NA
41174027,NA
80641824,GCST90013473
188209834,GCST90468804
97467255,GCST90105038
34708532,GCST006571
97467250,GCST90105038
63567299,GCST010994
143802206,GCST90455669
131723028,GCST90319906
131720670,GCST90319904
189917832,GCST90502030
62061471,GCST010900
218069343,GCST90838669
34704708,GCST006574
101397155,GCST90239693
93036869,GCST90061435
36160267,GCST007326
132478635,GCST90429151
102522377,GCST90242075
188209644,GCST90468804
188073625,GCST90468087
164631309,GCST90492734
163380964,GCST90479892
163379952,GCST90479885
100833929,GCST90161697
163298273,GCST90479500
102508031,GCST90240785
100525257,GCST90137818
188209649,GCST90468804
188209704,GCST90468804
189972929,GCST90502147
56280938,GCST010242
119390414,GCST90295949
47384845,GCST008996
188334023,GCST90470031
164631304,GCST90492734
166017983,GCST90566734
102101712,GCST90243985
22075654,GCST004601
162971292,GCST90451684
62741566,GCST90002363
188209684,GCST90468804
188209714,GCST90468804
93083406,GCST90056183
188334003,GCST90470031
188209759,GCST90468804
188091411,GCST90468095
56276214,GCST010244
215531331,GCST90501219
101334477,GCST90239664
102699679,GCST90244680
101331565,GCST90239661
191006657,GCST90559247
191006622,GCST90559247
98438732,GCST90131903
98438738,GCST90131903
191854663,GCST90662894
104955622,GCST90267268
217551755,GCST90832989
47504453,GCST008413
132519875,GCST90432061
132475302,GCST90429009
102104206,GCST90243985
47108861,GCST007988
98426572,GCST90131901
102088129,GCST90243968
41275484,GCST007474
102088134,GCST90243968
93037482,GCST90061435
102711058,GCST90244688
41247634,GCST007462
41251230,GCST007468
35226197,GCST006442
34709727,GCST006571
15728841,GCST002487
136014887,GCST90309353
95034041,GCST90095131
100086313,GCST90133012
62073294,GCST010342
103284036,GCST90245848
98426578,GCST90131901
95292374,GCST90012910
62079578,GCST010340
100344257,GCST90134492
104964409,GCST90267290
168927586,GCST90503912
63784417,GCST010988
91778631,GCST90020232
119090561,GCST90301650
36059430,GCST007039
188124096,GCST90468161
131627528,GCST90428121
30568380,GCST005830
164632209,GCST90492734
55730350,GCST009871
136010681,GCST90309342
131613983,GCST90428119
93494709,GCST90018947
134166878,GCST90435413
104165841,GCST90250905
91782192,GCST90038594
47757083,NA
101966237,NA
98438726,NA
131628754,GCST90428121
104109654,GCST90255621
49129982,GCST009004
131614311,GCST90428119
191864548,GCST90662899
192546366,GCST90624107
49134268,GCST009003
105989541,GCST90271772
101949913,GCST90179146
215480838,GCST90501137
62179570,GCST010557
101954660,GCST90179147
191853038,GCST90662894
191896372,GCST90662910
166089080,GCST90570612
138228505,GCST90444487
191905695,GCST90662912
138722661,GCST90446645
215478401,GCST90501135
104109666,GCST90255621
35230161,GCST006442
62203229,GCST010555
36465291,GCST007070
47879737,GCST009218
129615048,GCST90319676
93929827,GCST90091061
97473325,GCST90105038
97473331,GCST90105038
62180510,GCST010557
104109672,GCST90255621
102104212,GCST90243985
191908793,GCST90624047
47107778,GCST007988
90520060,GCST90020227
102693174,GCST90244660
119955609,GCST90319327
163307735,GCST90479521
215487494,GCST90501143
102693413,GCST90244661
62319132,GCST011427
103239290,GCST90245848
131546487,GCST90428111
34990410,GCST006287
216269829,GCST90570526
104109660,GCST90255621
98426567,GCST90131901
93908552,GCST90091060
95029637,GCST90095130
131476466,GCST90321079
36157053,GCST007324
10082813,GCST002759
104958433,GCST90267280
138228511,GCST90444487
104553302,GCST90248689
95024481,GCST90095129
103239285,GCST90245848
191884981,GCST90662906
191896172,GCST90662910
191905405,GCST90662912
216300054,GCST90705071
41247630,GCST007462
215582595,GCST90501301
41275480,GCST007474
41251226,GCST007468
215482900,GCST90501139
215512734,GCST90501187
191850704,GCST90662893
118796067,GCST90104572
215582004,GCST90501300
91631931,GCST90020053
215579036,GCST90501296
215577374,GCST90501294
98081386,GCST90015881
131335233,GCST90321120
216827125,GCST90827800
35753215,GCST006924
35231704,GCST007154
34622622,GCST006981
35231696,GCST007154
41395431,GCST007565
106208760,GCST90271724
94064427,GCST90061418
100393481,GCST90134666
188255996,GCST90469295
216550080,GCST90627763
164564247,GCST90446162
61934795,GCST010084
34722140,GCST006570
100283695,GCST90134330
34941606,GCST006250
100283700,GCST90134330
91302486,GCST90026658
129422576,GCST90319540
104958990,GCST90267280
191910605,GCST90624051
103268934,GCST90245848
95025896,GCST90095129
93910250,GCST90091060
95030224,GCST90095130
102111879,GCST90243985
34707115,NA
97487751,NA
164571065,NA
164574450,GCST90492679
164567398,GCST90492677
47712839,GCST008647
36051468,GCST007037
165820362,GCST90569469
35228757,GCST006442
17486167,GCST003677
91755876,GCST90044714
91755903,GCST90044717
102111885,GCST90243985
191304730,GCST90565842
63922204,GCST90011875
34697059,GCST006572
216863077,GCST90827928
102111873,GCST90243985
104933893,GCST90244098
95987785,GCST90100570
34942526,GCST006250
119120331,GCST90244092
216295791,GCST90705070
17472292,GCST003676
41407077,GCST007561
106047703,GCST90272876
35230901,GCST006442
104959416,GCST90267281
104958984,GCST90267280
97487757,GCST90105038
55492427,GCST009524
34717287,GCST006568
216298435,GCST90705071
10064566,GCST002500
62083838,GCST010340
106034655,GCST90270074
101054096,GCST90162547
104582486,GCST90250178
131328618,GCST90321120
214310526,GCST90624094
62081432,GCST010340
62080034,GCST010340
62071689,GCST010343
62082314,GCST010340
134228363,GCST90448092
165775761,GCST90568607
62083352,GCST010340
62082338,GCST010340
93483289,GCST90018877
93463461,GCST90018657
41369518,GCST007707
62502701,GCST90002367
36506688,GCST007069
62741820,GCST90002363
104165786,GCST90250905
137654925,GCST90451699
137654718,GCST90451698
27239828,GCST005196
192541515,GCST90624105
131784665,GCST90310296
131778588,GCST90310295
36100084,GCST007087
131771457,GCST90310294
162644818,GCST90449056
27241327,GCST005195
101976938,GCST90132314
100039952,GCST90132903
93533730,GCST90018970
100045951,GCST90132905
165369793,GCST90310304
93510079,GCST90018957
88192889,GCST012490
103236725,GCST90245848
62032251,GCST010479
41352060,GCST007704
41351365,GCST007703
41367872,GCST007706
27199626,GCST006258
27199307,GCST006259
191896312,GCST90662910
191905585,GCST90662912
191843369,GCST90662884
163393858,GCST90480125
63369168,GCST010866
134172184,GCST90435415
191843177,GCST90662883
47264248,GCST008036
36518481,GCST007072
119332347,GCST90275197
163315260,GCST90479553
163315011,GCST90479552
36600438,GCST007099
36598379,GCST007094
191889504,GCST90662908
214063206,GCST90668074
162656028,GCST90449059
103945434,GCST90162544
47121747,GCST007990
77342097,GCST011365
188124765,GCST90468163
134168917,GCST90435414
100042928,GCST90132904
162650724,GCST90449057
134119514,NA
162644824,NA
27238805,NA
62312764,GCST011427
103236730,GCST90245848
188175715,GCST90468477
163394251,GCST90480128
40932326,GCST007267
134160642,GCST90435412
103236720,GCST90245848
135009503,GCST90428446
166017065,GCST90566733
191871890,GCST90662902
166019028,GCST90566734
135015383,GCST90428448
166021166,GCST90566737
217629371,GCST90833051
191330077,GCST90565843
41138209,GCST007841
191330083,GCST90565843
88192834,GCST012490
188146234,GCST90468179
97471502,GCST90105038
217555853,GCST90832990
119070714,GCST90132304
93550364,GCST90018986
93467801,GCST90018732
93475011,GCST90018752
30751861,GCST005979
93471578,GCST90018743
41369539,GCST007707
191893293,GCST90662909
41352209,GCST007704
41351863,GCST007703
31586814,GCST006010
93551387,GCST90018988
30751977,GCST005978
41368305,GCST007706
191878238,GCST90662904
103283711,GCST90245848
163435660,GCST90480705
103236715,GCST90245848
134074455,GCST90335168
134074802,GCST90335169
134072828,GCST90335163
93503469,GCST90018952
93537493,GCST90018972
93521638,GCST90018963
188175645,GCST90468477
188175635,GCST90468477
131778593,GCST90310295
131771463,GCST90310294
101445370,GCST90002403
191875399,GCST90662903
64195014,GCST90002383
64192390,GCST90002384
62630665,GCST90002304
62632485,GCST90002310
62493088,GCST90002308
62425971,GCST90002314
165808869,GCST90569450
162644813,GCST90449056
191879677,GCST90662905
163436210,GCST90480706
62734012,GCST010774
218073799,GCST90838669
188305441,GCST90469732
188305446,GCST90469732
91517623,GCST012403
62306818,GCST011427
100847980,GCST90162478
61975896,GCST010104
188305501,GCST90469732
36600697,GCST007099
93499312,GCST90018949
97480147,GCST90105038
188337175,GCST90470082
19029,GCST001215
100044040,GCST90132904
188337170,GCST90470082
188337185,GCST90470082
188305541,GCST90469732
188305406,GCST90469732
188305356,GCST90469732
188305391,GCST90469732
188305396,GCST90469732
188305491,GCST90469732
188337210,GCST90470082
188337225,GCST90470082
188305511,GCST90469732
188305521,GCST90469732
188305566,GCST90469732
188305506,GCST90469732
188305536,GCST90469732
103251802,GCST90245848
95027210,GCST90095129
162652323,GCST90449057
188337165,GCST90470082
191898167,GCST90662910
188305366,GCST90469732
188305361,GCST90469732
188305336,GCST90469732
188305436,GCST90469732
188337205,NA
188305431,NA
62316287,NA
131327561,GCST90321119
30515,GCST001950
188305451,GCST90469732
96201685,GCST90093005
188305421,GCST90469732
188305551,GCST90469732
164790863,GCST90315168
164798855,GCST90315552
188262839,GCST90469357
188337190,GCST90470082
188337200,GCST90470082
188305371,GCST90469732
188337255,GCST90470082
188337265,GCST90470082
164782435,GCST90314712
164781807,GCST90314679
62070908,GCST010343
162825888,GCST90423781
102510992,GCST90241050
102110531,GCST90243985
102092733,GCST90243968
88936800,GCST90020095
35723147,GCST006803
100084019,GCST90132985
10059915,GCST002539
47702576,GCST008595
15059708,GCST003048
62253569,GCST010640
64733358,GCST012089
21965601,GCST004521
62252123,GCST010645
38451145,GCST007201
38449533,GCST007201
47450883,GCST008459
24729086,GCST004946
165014589,GCST90503210
55592810,GCST009600
55291354,GCST009337
134234695,GCST90277625
188415423,GCST90471051
35754462,GCST006976
188340262,GCST90470128
13412,GCST000435
62079908,GCST010340
105594394,GCST90179466
102092727,GCST90243968
164782607,GCST90314720
41252353,GCST007468
188379749,GCST90470629
104527439,GCST90247390
96076094,GCST90100959
102510987,GCST90241050
188415463,GCST90471051
188415443,GCST90471051
134409242,GCST90435144
100544254,GCST90128471
42192,GCST002388
189881750,GCST90624556
188379739,GCST90470629
188379744,GCST90470629
188379729,GCST90470629
104527434,GCST90247390
93038734,GCST90061435
188415448,GCST90471051
188379784,GCST90470629
164792527,GCST90315234
164762151,GCST90313744
164789699,GCST90315097
164754611,GCST90313360
164786883,GCST90314959
104569787,GCST90249541
164763823,GCST90313835
94184191,GCST90090592
100830809,GCST90161570
94150263,GCST90089869
131781520,GCST90310295
188415433,GCST90471051
94150243,GCST90088164
105708392,GCST90271327
63155491,GCST006585
63152712,GCST006585
105594399,GCST90179466
214469215,GCST90709792
214469441,GCST90709795
163181892,GCST90475854
163389510,GCST90480046
34833080,GCST006269
169092797,GCST90590341
188068641,GCST90468085
93077631,GCST90056177
22007316,GCST004602
38450380,GCST007201
133715362,GCST90435380
35903353,GCST007043
166065536,GCST90570542
164668970,GCST90492692
191290969,GCST90565837
191368376,GCST90565844
97477594,GCST90105038
188290948,GCST90469573
98439482,NA
119091813,NA
188182861,NA
55731383,GCST009871
98428281,GCST90131901
134166909,GCST90435413
47109042,GCST007988
191011409,GCST90559251
98428276,GCST90131901
191011439,GCST90559251
62930176,GCST011053
188278574,GCST90469457
191011373,GCST90559251
191011445,GCST90559251
191011397,GCST90559251
191011391,GCST90559251
191011379,GCST90559251
191011433,GCST90559251
169092115,GCST90590340
190062337,GCST90502503
127947911,GCST90295773
169093489,GCST90590343
191011385,GCST90559251
191011421,GCST90559251
191011403,GCST90559251
191011415,GCST90559251
191011427,GCST90559251
93039099,GCST90061435
100827903,GCST90161418
100827897,GCST90161418
34941651,GCST006250
100283884,GCST90134330
103218380,GCST90245844
104374919,GCST90264174
62074086,GCST010341
103271819,GCST90245848
94880401,GCST90032640
41175156,GCST007325
131346940,GCST90321121
104172965,GCST90255366
163406370,GCST90480363
214355947,GCST90453065
188338462,GCST90470098
188338472,GCST90470098
188338427,GCST90470098
188338432,GCST90470098
188338437,GCST90470098
106213098,GCST90274829
188338457,GCST90470098
104554301,GCST90248741
103220270,GCST90245844
62315327,GCST011427
103271814,GCST90245848
131608204,GCST90044774
131330248,GCST90321120
102112579,GCST90243985
102094180,GCST90243968
163396147,GCST90480148
216889960,GCST90828013
103271829,GCST90245848
103271824,GCST90245848
63156613,GCST006585
41175073,GCST007325
132478678,GCST90429151
62079206,GCST010340
163402659,GCST90480284
188338179,GCST90470094
188338229,GCST90470094
188262719,GCST90469357
96135142,GCST90092812
93515927,GCST90018959
106266755,GCST90270118
98196482,GCST012398
64397335,GCST90002401
106412175,GCST90269669
216866440,GCST90827931
188056737,GCST90468078
166056119,GCST90503316
93542774,GCST90018976
188110584,GCST90468105
106412810,GCST90269674
104956481,GCST90267272
96181527,GCST90092950
166057666,GCST90570530
96182146,GCST90092952
96180803,GCST90092948
103287901,GCST90245848
36458699,GCST007074
164688094,GCST90488262
163338372,GCST90479635
163340679,GCST90479636
163335952,GCST90479634
42098,GCST002371
103268894,GCST90245848
103268914,GCST90245848
103268904,GCST90245848
87301235,GCST90019501
87314072,GCST90019494
87274387,GCST90019518
191356715,GCST90565843
191297576,GCST90565837
106264346,GCST90270116
55726032,GCST009867
95024897,NA
192544140,NA
191356721,NA
191356727,GCST90565843
95126902,GCST90000025
118858507,GCST90297847
106260710,GCST90270116
163263160,GCST90476460
163342513,GCST90479637
106258910,GCST90270116
163272930,GCST90476466
163268599,GCST90476463
191016410,GCST90559259
191877698,GCST90662904
106376449,GCST90239823
188290541,GCST90469572
101331374,GCST90239660
64196085,GCST90002383
64193547,GCST90002384
55726027,GCST009867
134159457,GCST90435412
90813354,GCST012227
191356700,GCST90565843
191356705,GCST90565843
188143646,GCST90468178
191297566,GCST90565837
191297582,GCST90565837
191370389,GCST90565844
188138073,GCST90468177
103223549,GCST90245845
164635954,GCST90492734
61968156,GCST010118
36501916,GCST007066
35967013,GCST006979
33174,GCST001956
24027,GCST000817
10079539,GCST002647
103268899,GCST90245848
131782150,GCST90310295
103212500,GCST90245843
191892718,GCST90662909
100044050,GCST90132904
162654281,GCST90449057
90712513,GCST90020029
215148782,GCST90651073
106268940,GCST90270118
103268919,GCST90245848
47492659,GCST008413
96188080,GCST90092968
93501791,GCST90018950
96220719,GCST90092809
96179128,GCST90092943
96189638,GCST90092972
96152257,GCST90092863
96160019,GCST90092887
96173416,GCST90092924
165106105,GCST90503748
96191341,GCST90092976
96186155,GCST90092963
101950840,GCST90179146
96171908,GCST90092920
132682283,GCST90432180
96195918,GCST90092989
96168565,GCST90092911
188037054,GCST90468064
96226925,GCST90092988
96173074,GCST90092923
96175913,GCST90092930
96188869,GCST90092970
96190512,GCST90092974
98449952,GCST90094401
93500217,GCST90018949
192544051,GCST90624105
103218025,GCST90245844
106267750,GCST90270118
104894119,GCST90267391
106267615,GCST90270118
118332789,GCST90281247
106266690,GCST90270118
188140111,GCST90468178
90712508,GCST90020029
191901706,GCST90662911
134159971,GCST90435412
95126906,GCST90000025
191356710,GCST90565843
105297713,GCST90270083
136015413,GCST90309355
36598903,GCST007094
217560328,GCST90832990
106269880,GCST90270118
45532643,GCST007841
106261650,GCST90270116
105296637,GCST90270081
217564893,GCST90832991
188142816,GCST90468178
191297571,GCST90565837
191370384,GCST90565844
191297561,GCST90565837
106267870,GCST90270118
191874809,GCST90662903
93510984,GCST90018957
93518071,GCST90018960
191356695,GCST90565843
96177805,NA
96178157,NA
96196270,NA
96137122,GCST90092826
133856699,GCST90301983
133863159,GCST90302013
133879424,GCST90302094
133880528,GCST90302098
133870320,GCST90302049
216842317,GCST90827852
62633366,GCST90002310
133861854,GCST90302008
216868180,GCST90827937
133862622,GCST90302011
166119838,GCST90483498
216868616,GCST90827939
216870284,GCST90827946
216848812,GCST90827876
133862135,GCST90302009
216872469,GCST90827954
133878671,GCST90302091
216875224,GCST90827963
133879188,GCST90302093
216871879,GCST90827952
133858122,GCST90301991
189967450,GCST90502134
133856403,GCST90301982
133863706,GCST90302015
133855580,GCST90301979
133879695,GCST90302095
216870541,GCST90827947
133870877,GCST90302051
133869301,GCST90302045
62426843,GCST90002314
216873422,GCST90827957
133878917,GCST90302092
133856112,GCST90301981
133863440,GCST90302014
133862346,GCST90302010
133854671,GCST90301975
133869778,GCST90302047
133868814,GCST90302043
133880247,GCST90302097
64193551,GCST90002384
216874600,GCST90827961
133861633,GCST90302007
133870596,GCST90302050
133869035,GCST90302044
216857815,GCST90827906
133869512,GCST90302046
191864433,GCST90662899
191861904,GCST90662898
133893143,GCST90302158
133855138,GCST90301977
188154275,GCST90468197
216842565,GCST90827853
216812257,GCST90827753
166117323,GCST90483487
216839674,GCST90827842
216870818,GCST90827948
216830103,GCST90827809
216840184,GCST90827844
216833298,GCST90827818
96767306,GCST90029070
216833712,GCST90827819
136019695,GCST90309362
216849452,GCST90827879
216840899,GCST90827847
216842079,GCST90827851
188214222,GCST90468843
216811125,GCST90827748
216869310,GCST90827942
61999536,GCST009777
216833955,GCST90827820
64413331,GCST90002396
216830559,GCST90827811
98077147,GCST90129008
62031928,GCST010206
106259565,GCST90270116
134154614,GCST90435412
63607491,GCST010836
87314714,GCST90019494
87304082,GCST90019499
47144040,GCST008078
47143708,GCST008078
133854430,GCST90301974
191832547,GCST90662856
96153268,GCST90092866
47141672,GCST008079
47141297,GCST008079
96142580,GCST90092841
101338076,GCST90239667
93489359,GCST90018942
133863977,GCST90302016
47295544,GCST008086
38507925,GCST007284
133871108,GCST90302052
47294096,GCST008077
191833969,GCST90662859
218084179,GCST90838669
87305209,GCST90019498
45608132,GCST007930
163428512,GCST90480667
163427630,NA
93551887,NA
118333156,NA
191016415,GCST90559259
118333238,GCST90281254
188170321,GCST90468400
35814196,GCST007141
35814191,GCST007141
35852235,GCST007143
35852230,GCST007143
188275695,GCST90469425
217750558,GCST90837544
19795,GCST000759
39893,GCST002222
216843203,GCST90827856
21413966,GCST004233
35814206,GCST007141
35814201,GCST007141
216851437,GCST90827887
189970672,GCST90502140
35852245,GCST007143
35852240,GCST007143
93910240,GCST90091060
95030911,GCST90095130
95126910,GCST90000025
133876469,GCST90302079
133876841,GCST90302081
215561771,GCST90501266
215560474,GCST90501265
133877938,GCST90302088
215496160,GCST90501156
100874173,GCST90027093
133870039,GCST90302048
215549807,GCST90501248
133877037,GCST90302082
215520440,GCST90501196
215524118,GCST90501204
215559953,GCST90501264
215477049,GCST90501131
96160970,GCST90092890
133881035,GCST90302100
215585438,GCST90501305
215507413,GCST90501180
133876670,GCST90302080
96169496,GCST90092914
133879966,GCST90302096
215469350,GCST90501118
218356641,GCST90840646
218356620,GCST90840645
163438626,GCST90480716
163438226,GCST90480715
163346041,GCST90479661
55975682,GCST010135
55974950,GCST010140
191834812,GCST90662863
131758857,GCST90428730
218086411,GCST90838669
56277635,GCST010243
56269336,GCST010204
56274246,GCST010245
166117524,GCST90483487
131620133,GCST90428120
188172995,GCST90468447
163345682,GCST90479660
191361331,GCST90565843
191299496,GCST90565837
188060631,GCST90468080
100736255,GCST90054779
165721273,GCST90566798
163410299,GCST90480454
191859940,GCST90662897
188035317,GCST90468063
104118132,GCST90255621
98434846,GCST90131901
100872797,GCST90027091
100875124,GCST90027095
163410235,GCST90480453
163422215,GCST90480651
188173045,GCST90468447
63823958,GCST90012113
106372346,GCST90239819
63832439,GCST90012109
63835213,GCST90012108
188173000,GCST90468447
90814125,GCST012227
90731256,GCST90020028
47089659,GCST007841
218067464,GCST90838663
217751719,GCST90837546
36156879,GCST007324
188340129,GCST90470124
131620476,GCST90428120
36602315,GCST007092
100084580,GCST90132993
62080250,GCST010340
41276941,GCST007461
192547641,GCST90624107
104115286,GCST90255621
62078816,GCST010340
134235994,GCST90277742
104958084,GCST90267280
131631730,GCST90428121
214162750,GCST90704949
214166058,NA
97485651,NA
34716900,NA
34704170,GCST006574
34706652,GCST006571
34721878,GCST006570
102117014,GCST90243988
102097381,GCST90243980
95988262,GCST90100571
41252369,GCST007468
102092790,GCST90243968
55733217,GCST009871
131617330,GCST90428119
101969604,GCST90179150
104115291,GCST90255621
97485662,GCST90105038
97060229,GCST90103929
105993472,GCST90271779
97060472,GCST90103931
36051316,GCST007037
62312143,GCST011427
97485645,GCST90105038
217553225,GCST90832989
93499847,GCST90018949
30568315,GCST005830
55733269,GCST009871
191894947,GCST90662910
191904125,GCST90662912
214166908,GCST90704954
165812205,GCST90569452
165813014,GCST90569453
80641658,GCST90013473
106774948,GCST90281117
95986548,GCST90100569
97060602,GCST90103805
36158870,GCST007327
49129432,GCST009004
55291364,GCST009337
62069432,GCST010343
55733265,GCST009871
97485639,GCST90105038
97485668,GCST90105038
63785332,GCST010988
165772570,GCST90568514
105988060,GCST90271727
62307572,GCST011427
96063490,GCST90101757
163396293,GCST90480150
165014604,GCST90503210
100544144,GCST90128471
165789932,GCST90569210
214164450,GCST90704952
214166902,GCST90704954
39618,GCST002337
34721873,GCST006570
35228333,GCST006442
164570792,GCST90492678
164574219,GCST90492679
34706648,GCST006571
95987670,GCST90100570
218410396,GCST90841196
218410391,GCST90841196
62088284,GCST010378
218406747,GCST90841193
62069144,GCST010343
35228337,GCST006442
35228341,GCST006442
34716904,GCST006568
35228345,GCST006442
34706656,GCST006571
102110597,GCST90243985
34993224,GCST006287
103262603,GCST90245848
218405161,GCST90841193
62069789,GCST010343
98431847,GCST90131901
62081576,GCST010340
62080580,GCST010340
36159337,GCST007327
217553361,GCST90832989
131631638,GCST90428121
131618041,GCST90428119
131329628,GCST90321120
164567151,GCST90492677
192894955,GCST90105082
102110591,GCST90243985
102092785,GCST90243968
104964890,GCST90267302
94083925,GCST90001838
97852786,GCST90024307
97860527,GCST90024595
102120670,GCST90243989
102099749,GCST90243984
41249166,GCST007472
36159477,GCST007327
93486460,GCST90018926
105993569,GCST90271780
105993636,GCST90271783
164570797,GCST90492678
164574224,GCST90492679
95987675,GCST90100570
164567156,GCST90492677
105993348,GCST90271777
34701675,NA
34712898,NA
101969609,NA
36061030,GCST007039
104115296,GCST90255621
138724374,GCST90446645
62071136,GCST010343
214164457,GCST90704952
138232712,GCST90444487
106034467,GCST90270074
138232717,GCST90444487
134165323,GCST90435413
101969615,GCST90179150
104115301,GCST90255621
138232722,GCST90444487
101969598,GCST90179150
119087210,GCST90301650
36061026,GCST007039
131617033,GCST90428119
138724369,GCST90446645
188074540,GCST90468087
64204662,GCST90002379
64203725,GCST90002380
91774596,GCST012465
93494140,GCST90018946
188141836,GCST90468178
131621417,GCST90428120
64417877,GCST90002395
188074070,GCST90468087
138725713,GCST90446645
188417037,GCST90471073
100400221,GCST90104339
95988030,GCST90100570
64342652,GCST90002402
62747889,GCST90002357
100826662,GCST90161338
41395268,GCST007565
47229586,GCST007983
41380069,GCST007576
41407100,GCST007561
106047813,GCST90272876
36103694,GCST007083
164804887,GCST90315865
164802151,GCST90315718
164805383,GCST90315894
188417012,GCST90471073
214362678,GCST90453222
188215334,GCST90468849
191365515,GCST90565843
47170004,GCST007841
188141386,GCST90468178
163366411,GCST90479708
163365247,GCST90479707
103597213,GCST90245995
188150312,GCST90468183
119089677,GCST90301650
36062214,GCST007039
188046573,GCST90468071
188153189,GCST90468184
55735815,GCST009871
191898752,GCST90662910
188147751,GCST90468180
217554395,GCST90832989
118330298,GCST90281224
188130049,GCST90468170
188122095,GCST90468159
164571671,GCST90492678
164574992,GCST90492679
164567965,GCST90492677
62499188,GCST90002296
163088254,GCST90475362
163338899,GCST90479635
163341184,GCST90479636
104119451,GCST90255621
163095422,GCST90475365
188416897,GCST90471073
188157758,GCST90468231
162853802,GCST90426900
188185733,GCST90468591
189868242,GCST90565742
189875823,GCST90624183
215459848,GCST90501107
218095367,GCST90838671
163367369,GCST90479709
218087875,GCST90838669
188416832,GCST90471073
188416847,GCST90471073
36088607,GCST007078
104525284,GCST90247280
62749924,GCST90002346
62431084,GCST90002349
93508261,GCST90018955
93500847,GCST90018949
191868971,GCST90662901
100826656,GCST90161338
93493716,GCST90018945
136009874,GCST90309342
188075725,GCST90468087
134167076,GCST90435413
188416862,GCST90471073
97492399,GCST90105038
162846864,GCST90426173
164734182,GCST90428432
62501969,NA
164796795,NA
188212013,NA
104506704,GCST90246375
191857716,GCST90662896
104958227,GCST90267280
36051918,GCST007037
134158541,GCST90435412
217562074,GCST90832990
191301520,GCST90565837
215533379,GCST90501222
94192779,GCST90087823
103219580,GCST90245844
100520858,GCST90137517
64417872,GCST90002395
103280751,GCST90245848
103280746,GCST90245848
192545183,GCST90624105
188416782,GCST90471073
188416807,GCST90471073
104548084,GCST90248424
97492393,GCST90105038
35229633,GCST006442
34711887,GCST006571
104961021,GCST90267284
163336475,GCST90479634
47386872,GCST008555
47386914,GCST008556
165794007,GCST90569258
188185718,GCST90468591
119034721,GCST90271558
119033179,GCST90271557
188416942,GCST90471073
188416827,GCST90471073
188005282,GCST90016607
63155999,GCST006585
100084560,GCST90132993
61934917,GCST010084
215454749,GCST90501097
93543084,GCST90018976
188110704,GCST90468105
87269976,GCST90019522
93516752,GCST90018959
104577014,GCST90249897
104569606,GCST90249533
166055852,GCST90503313
100874068,GCST90027093
100873430,GCST90027092
216301386,GCST90705072
119124387,GCST90244094
93533341,GCST90018969
104522599,GCST90247150
166057037,GCST90570527
93540371,GCST90018974
103226526,GCST90245846
93910074,GCST90091060
95031492,GCST90095131
95021810,GCST90095129
101687703,GCST90239729
93931001,GCST90091061
95027423,GCST90095130
62738841,GCST90002374
191890644,GCST90662908
93538298,GCST90018972
63048046,GCST010701
98445509,GCST90131904
36466771,GCST007070
103955066,GCST90165317
93530317,GCST90018968
47462130,GCST008474
63045811,GCST010703
93534570,GCST90018970
93458140,GCST90061371
62047806,GCST010282
131787627,GCST90310296
131775254,GCST90310294
105613665,GCST90270399
98448000,GCST90131905
163366085,GCST90479708
191842083,GCST90662881
163367101,GCST90479709
63048944,GCST010700
93528583,GCST90018967
100046404,GCST90132905
102077774,GCST90132313
36101846,GCST007087
162648048,GCST90449056
62507503,GCST90002378
95291184,GCST90012880
105613067,GCST90270397
215148744,GCST90651073
100041242,GCST90132903
93546097,GCST90018978
218083071,GCST90838669
119965770,GCST90302224
119966484,GCST90302225
106002520,GCST90271791
101978553,GCST90132315
131537247,GCST90320878
98449052,GCST90131906
103956534,GCST90165318
215151643,GCST90651077
191863288,GCST90662899
191883916,NA
63942007,NA
166097810,NA
80605995,GCST011568
35917601,GCST007267
36096734,GCST007082
93474457,GCST90018750
163411905,GCST90480481
119968834,GCST90302229
119971807,GCST90302231
119970143,GCST90302230
61691655,GCST010002
64342854,GCST90002402
44510609,GCST007847
64202875,GCST90002381
64418051,GCST90002395
93464924,GCST90018706
93504444,GCST90018952
64719450,GCST90013693
102456677,GCST90103071
101156572,GCST90139448
93525175,GCST90018965
93506068,GCST90018953
101286507,GCST90002382
64202870,GCST90002381
165813066,GCST90569453
165819382,GCST90569461
214527073,GCST90726344
188304582,GCST90469725
188074785,GCST90468087
191863733,GCST90662899
218082423,GCST90838669
62083574,GCST010340
164806371,GCST90315944
103287386,GCST90245848
163371470,GCST90479742
95126542,GCST90000025
217564707,GCST90832991
95430336,GCST90096938
95429929,GCST90096932
103596447,GCST90245995
55279478,GCST009364
103223114,GCST90245845
119124924,GCST90244095
101791038,GCST90239828
101793308,GCST90239829
188109367,GCST90468104
34604157,GCST006291
136015714,GCST90309355
21247,GCST001465
105299286,GCST90270085
24023,GCST000817
10079525,GCST002647
103212425,GCST90245843
55725853,GCST009867
61690729,GCST010002
131517453,GCST90399733
102361951,GCST90134519
102226468,GCST90244005
100042786,GCST90132904
162653776,GCST90449057
90812861,GCST012227
103264874,GCST90245848
217630372,GCST90833051
217628678,GCST90833050
103217490,GCST90245844
103223109,GCST90245845
62018354,GCST010321
188109142,GCST90468104
188110197,GCST90468104
163428453,GCST90480667
163220469,GCST90476334
163426686,GCST90480665
163223233,GCST90476338
163427537,GCST90480666
165163254,GCST90435257
87294767,GCST90019505
87270872,GCST90019521
165402590,GCST90474911
87294759,GCST90019505
87271002,GCST90019521
87294763,GCST90019505
87271037,GCST90019521
133860312,GCST90302001
38497088,GCST007282
133853270,GCST90301969
90798337,GCST90020025
93541230,GCST90018975
133860869,GCST90302003
133853747,GCST90301971
35847473,GCST007142
35847468,GCST007142
35842713,GCST007140
35842708,GCST007140
133859363,GCST90301997
90739748,GCST90020026
138942307,GCST90278635
133858866,GCST90301995
191854493,GCST90662894
190037630,GCST90502384
133860593,GCST90302002
190005462,GCST90502231
133859820,GCST90301999
93509250,NA
90757923,NA
191684193,NA
62071448,GCST010343
191899546,GCST90662911
45531857,GCST007841
134135680,GCST005843
191353950,GCST90565843
45531853,GCST007841
191296267,GCST90565837
191370092,GCST90565844
134158761,GCST90435412
191353970,GCST90565843
188141991,GCST90468178
191296272,GCST90565837
191370097,GCST90565844
216888421,GCST90828009
216675649,GCST90590321
216892314,GCST90828018
96201388,GCST90093004
98196413,GCST012398
96204542,GCST90093011
216889283,GCST90828012
96204040,GCST90093010
216887876,GCST90828007
96205054,GCST90093012
216891654,GCST90828016
216891976,GCST90828017
217564739,GCST90832991
87294697,GCST90019505
87270772,GCST90019521
103264864,GCST90245848
119463559,GCST90310239
87295235,GCST90019505
87271376,GCST90019521
40930737,GCST007269
87294946,GCST90019505
87271371,GCST90019521
95430216,GCST90096938
95429848,GCST90096932
90739766,GCST90020026
90812856,GCST012227
90739760,GCST90020026
90729436,GCST90020028
131781606,GCST90310295
17627750,GCST003818
103264884,GCST90245848
47846208,GCST008839
36525778,GCST007080
191907585,GCST90662912
62017279,GCST010320
87273986,GCST90019518
87295122,GCST90019505
87271712,GCST90019521
105613000,GCST90270397
96170722,GCST90092917
188050277,GCST90468073
62179934,GCST010557
101955877,GCST90179147
138232792,GCST90444487
96174677,GCST90092927
131787521,GCST90310296
35586760,GCST006629
55725844,GCST009867
93470305,GCST90018739
90638922,GCST012229
131787516,GCST90310296
104878952,GCST90267367
163303552,GCST90479510
62507453,GCST90002378
36101774,GCST007087
131775103,GCST90310294
64678078,GCST90011899
56280256,GCST010242
62738795,GCST90002374
188361039,GCST90470364
104115407,GCST90255621
164635469,GCST90492734
93512663,GCST90018958
103264914,GCST90245848
188360944,GCST90470364
188179597,GCST90468528
101955872,GCST90179147
93209182,GCST90025968
117666038,GCST90292477
117662742,GCST90000062
117664578,GCST90292475
55313007,GCST009576
103264879,GCST90245848
134161990,GCST90435412
55313017,GCST009576
188152609,GCST90468184
104963305,GCST90267284
131621949,GCST90428120
191353935,GCST90565843
31699385,GCST005908
191353955,GCST90565843
87295231,GCST90019505
87271425,GCST90019521
56272964,GCST010241
163338230,GCST90479635
163340533,GCST90479636
163335790,GCST90479634
188034757,NA
214310881,NA
191834660,NA
191680513,GCST90624411
36055539,GCST007020
36043635,GCST007038
191867621,GCST90662901
188179607,GCST90468528
188050352,GCST90468073
87286576,GCST90019510
119390781,GCST90295949
189840906,GCST90454483
164635474,GCST90492734
162647916,GCST90449056
215482875,GCST90501139
163304075,GCST90479511
134170914,GCST90435415
188044851,GCST90468070
214314757,GCST90654628
96147523,GCST90092851
215501419,GCST90501167
215462508,GCST90501111
96146931,GCST90092850
215565072,GCST90501273
215466637,GCST90501115
215510412,GCST90501185
216824388,GCST90827799
96144843,GCST90092846
215574621,GCST90501292
216828157,GCST90827803
96143649,GCST90092844
63830408,GCST90012110
133854068,GCST90301972
216892309,GCST90828018
215520841,GCST90501199
119392601,GCST90295951
215529854,GCST90501217
215511358,GCST90501184
56278983,GCST010242
215586980,GCST90501307
216817994,GCST90827774
96148090,GCST90092852
215508405,GCST90501183
80057768,GCST006611
216817377,GCST90827772
216813745,GCST90827761
215488000,GCST90501142
216867121,GCST90827934
216844608,GCST90827861
119389483,GCST90295949
62650888,GCST90002316
215465696,GCST90501114
215589424,GCST90501311
215489021,GCST90501145
215480463,GCST90501137
96138061,GCST90092828
215585348,GCST90501305
216817004,GCST90827771
215541319,GCST90501237
215561065,GCST90501267
216816645,GCST90827770
101955866,GCST90179147
216828554,GCST90827804
96136218,GCST90092824
216822788,GCST90827794
215463454,GCST90501112
119391414,GCST90295950
215517750,GCST90501193
188111736,GCST90468106
215526031,GCST90501209
215514141,GCST90501188
215455360,GCST90501098
215468419,GCST90501117
101335623,GCST90239664
215546657,GCST90501245
96145897,GCST90092848
215481629,GCST90501136
102700646,GCST90244680
215524854,GCST90501207
216881573,GCST90827985
96202242,GCST90093006
216828976,GCST90827805
63941956,GCST90002407
215515002,GCST90501189
101333041,GCST90239661
215509521,GCST90501182
96136685,GCST90092825
215464575,GCST90501113
216815483,GCST90827766
215558906,GCST90501263
216823512,GCST90827796
215472660,GCST90501124
215513230,GCST90501186
96206385,GCST90093015
101963296,GCST90179149
215484757,GCST90501140
216843855,GCST90827859
215469290,GCST90501118
95126546,GCST90000025
22675285,GCST008163
217559693,GCST90832990
131775108,GCST90310294
63833106,GCST90012109
63834915,NA
166057630,NA
165785675,NA
87294738,GCST90019505
87270947,GCST90019521
103264889,GCST90245848
103264894,GCST90245848
103264904,GCST90245848
188109947,GCST90468104
188137773,GCST90468177
191296244,GCST90565837
87295005,GCST90019505
87271366,GCST90019521
90711806,GCST90020029
163342397,GCST90479637
103226461,GCST90245846
134120092,GCST90446531
96203026,GCST90093008
96202247,GCST90093006
191844223,GCST90662886
47145026,GCST008075
47142767,GCST008084
47142221,GCST008084
47294668,GCST008070
214063863,GCST90668075
218093851,GCST90838671
137655114,GCST90451699
215498203,GCST90501161
119390314,GCST90295949
218083167,GCST90838669
55725849,GCST009867
216829796,GCST90827808
21414472,GCST004232
93909981,GCST90091060
104878662,GCST90267355
104878382,GCST90267351
97327339,GCST90104273
63836197,GCST90012107
63838503,GCST90012106
97328712,GCST90104277
93485709,GCST90018922
97331800,GCST90104297
191296250,GCST90565837
191353960,GCST90565843
191296256,GCST90565837
103264899,GCST90245848
134155023,GCST90435412
191353965,GCST90565843
103217495,GCST90245844
188139486,GCST90468178
191296261,GCST90565837
191370087,GCST90565844
93482762,GCST90018864
55313002,GCST009576
105298142,GCST90270083
138942681,GCST90278636
103264909,GCST90245848
103217500,GCST90245844
104557442,GCST90248906
165778659,GCST90568726
191882451,GCST90662906
36466710,GCST007070
63941960,GCST90002407
36610249,GCST007063
163377049,GCST90479850
163376998,GCST90479849
103264869,GCST90245848
134156284,GCST90435412
191353929,GCST90565843
103223104,GCST90245845
191296233,GCST90565837
191353940,GCST90565843
45531848,GCST007841
188144516,GCST90468178
191296238,GCST90565837
55313012,GCST009576
191353945,GCST90565843
217559699,GCST90832990
93515692,GCST90018959
217559704,GCST90832990
19765,GCST000755
39827,GCST002223
216888416,GCST90828009
215512849,GCST90501187
216844234,GCST90827860
96225118,GCST90092892
73197487,GCST011336
215480047,GCST90501134
96163397,GCST90092897
216818661,GCST90827776
215487664,GCST90501143
216874298,GCST90827960
188159441,GCST90468245
189964118,GCST90502127
216873699,GCST90827958
215490968,GCST90501147
216846109,GCST90827866
35847463,GCST007142
35847458,GCST007142
215583150,GCST90501301
216814940,GCST90827764
56275646,GCST010244
96149436,GCST90092855
96201383,NA
35842703,NA
35842698,NA
132682123,GCST90432180
215529297,GCST90501215
216878490,GCST90827975
215540412,GCST90501235
216848089,GCST90827873
96183474,GCST90092955
90739754,GCST90020026
215593380,GCST90501317
216880379,GCST90827981
96144251,GCST90092845
215584977,GCST90501302
216844993,GCST90827862
216878838,GCST90827976
61754124,GCST010050
96171531,GCST90092919
96161477,GCST90092893
96191773,GCST90092977
216877139,GCST90827970
96135751,GCST90092823
96190055,GCST90092973
96162413,GCST90092895
215582129,GCST90501300
216887871,GCST90828007
216814547,GCST90827763
96166089,GCST90092903
215484366,GCST90501138
216867852,GCST90827936
216814141,GCST90827762
96165230,GCST90092901
216879727,GCST90827979
216873118,GCST90827956
215580172,GCST90501299
96223609,GCST90092822
215588767,GCST90501309
216882233,GCST90827987
215478796,GCST90501135
96195037,GCST90092983
96161904,GCST90092894
215579201,GCST90501296
215577524,GCST90501294
215486728,GCST90501141
96145375,GCST90092847
215583981,GCST90501303
215527688,GCST90501211
189961887,GCST90502121
101322255,GCST90239649
91777797,GCST90020232
163333062,GCST90479632
91780166,GCST90020235
190074396,GCST90502566
189930822,GCST90502049
189975114,GCST90502147
189841758,GCST90454484
215467518,GCST90501116
188048867,GCST90468073
101325200,GCST90239652
189977828,GCST90502153
91779186,GCST90020233
189985052,GCST90502179
189840901,GCST90454483
118803754,GCST90293086
163333849,GCST90479633
189927614,GCST90502043
188033108,GCST90468061
118803640,GCST90293085
215515923,GCST90501191
138232787,GCST90444487
189844346,GCST90454489
218083191,GCST90838669
56272160,GCST010241
163332240,GCST90479631
91781365,GCST90038594
102116619,GCST90243988
119091487,GCST90301650
97475646,GCST90105038
97475652,GCST90105038
97475658,GCST90105038
97475664,GCST90105038
218977623,GCST90832687
56280056,GCST010242
191339144,GCST90565843
191289940,GCST90565837
164564019,GCST90446162
34710272,GCST006571
131755753,GCST90428729
134455363,GCST90444391
43174085,GCST007839
164569482,GCST90492678
164573041,GCST90492679
164565925,GCST90492677
97475607,GCST90105038
35226589,GCST006442
35226593,GCST006442
34710276,GCST006571
55423055,GCST009391
97475618,GCST90105038
34719936,GCST006568
22106,GCST001532
103243420,GCST90245848
36095953,GCST007082
26324,NA
216299616,NA
97475624,NA
34833460,GCST006269
97475640,GCST90105038
55423051,GCST009391
62081960,GCST010340
34719946,GCST006568
97856938,GCST90024443
93520109,GCST90018962
34719941,GCST006568
41413528,GCST007560
104963002,GCST90267284
134160658,GCST90435412
103243430,GCST90245848
103243445,GCST90245848
103243450,GCST90245848
103243460,GCST90245848
34941221,GCST006250
131344908,GCST90321120
131341258,GCST90321120
163414480,GCST90480539
191896597,GCST90662910
103243435,GCST90245848
191339139,GCST90565843
134156007,GCST90435412
191339149,GCST90565843
188140226,GCST90468178
191905905,GCST90662912
34723532,GCST006570
96144533,GCST90092846
90793653,GCST90020025
96143349,GCST90092844
96137801,GCST90092828
90783575,GCST90020024
90752679,GCST90020027
214495977,GCST90572789
216545092,GCST90627749
62320373,GCST010653
134099102,GCST90319321
216547610,GCST90627750
118817217,GCST90296333
163419332,GCST90480648
35230281,GCST006442
30380,GCST001937
41310951,GCST004988
24724824,GCST004950
34688,GCST001937
93928146,GCST90090980
41310900,GCST004988
24724829,GCST004950
104110560,GCST90255621
27409759,GCST005316
55491625,GCST009524
104110566,GCST90255621
36057113,GCST007020
13119,GCST000389
35226609,GCST006442
63922794,GCST90011875
34696650,GCST006572
62077231,GCST010339
102105394,GCST90243985
100818840,GCST90054806
136017401,GCST90309355
191289934,GCST90565837
96062632,GCST90101751
18259,GCST001089
102088936,GCST90243968
35226613,GCST006442
164569477,GCST90492678
164573036,GCST90492679
164565919,GCST90492677
36099185,GCST007086
63923827,GCST90011874
27408051,GCST005316
96119553,GCST90101817
95284521,GCST012219
94080872,GCST90001686
103243440,GCST90245848
41170697,GCST007841
62085104,GCST010340
104958584,GCST90267280
103284546,GCST90245848
103284551,GCST90245848
103284556,GCST90245848
103284561,GCST90245848
165387947,GCST90454215
214304147,GCST90624093
93372277,GCST90019511
164573026,GCST90492679
164565909,GCST90492677
131779310,GCST90310295
191865887,GCST90662900
188057517,GCST90468078
188057132,GCST90468078
138229222,GCST90444487
97475629,GCST90105038
35226597,GCST006442
164569467,GCST90492678
34710280,GCST006571
97475634,GCST90105038
35230285,GCST006442
164569472,GCST90492678
164573031,NA
34710285,NA
164565914,NA
36050503,GCST007037
191339134,GCST90565843
217629577,GCST90833051
216827011,GCST90827800
164564013,GCST90446162
101789396,GCST90239828
35226601,GCST006442
35226605,GCST006442
41170693,GCST007841
103243455,GCST90245848
103225621,GCST90245846
55491366,GCST009524
164564459,GCST90446163
164563572,GCST90446160
62080778,GCST010340
131341123,GCST90321120
34710290,GCST006571
34710295,GCST006571
62180787,GCST010557
104961645,GCST90267284
41168,GCST000081
36087466,GCST007078
165779462,GCST90568768
97475613,GCST90105038
34991140,GCST006287
97872830,GCST90025682
97857007,GCST90024445
97872858,GCST90025684
97850029,GCST90024221
97869667,GCST90025460
97856943,GCST90024443
191289929,GCST90565837
191902986,GCST90662911
102097134,GCST90243980
103221559,GCST90245845
138944863,GCST90278640
103243425,GCST90245848
118800869,GCST90277434
103221564,GCST90245845
134166557,GCST90435413
13044703,GCST002955
217628164,GCST90833050
218075759,GCST90838669
188265899,GCST90469357
188267704,GCST90469357
93514522,GCST90018959
134159106,GCST90435412
216827017,GCST90827800
217556796,GCST90832990
218076055,GCST90838669
191341634,GCST90565843
104014122,GCST90255368
191341644,GCST90565843
191290880,GCST90565837
131556481,GCST90428109
104373501,GCST90264174
104327218,GCST90258653
19536,GCST001299
104326388,GCST90258652
93055371,GCST90085697
189882340,GCST90624574
134168396,GCST90435414
130272894,GCST90244761
218605965,GCST90830129
104374207,GCST90264174
93055266,GCST90085697
41310687,GCST004988
105595192,GCST90270343
93471955,GCST90018744
188278784,GCST90469457
90621258,GCST012228
90640529,GCST012230
21964743,GCST004521
165261899,GCST90565134
62087569,GCST010378
191290875,GCST90565837
119955804,GCST90319327
214480841,GCST90568452
22005364,GCST004749
131556433,GCST90428109
55540624,GCST009540
101397700,GCST90239693
93055423,GCST90085697
41412401,GCST007559
163366803,GCST90479709
165260902,GCST90565134
93055428,GCST90085697
22003566,GCST004750
93055434,GCST90085697
104326090,GCST90258652
169092028,GCST90590340
64676726,GCST90011898
165656942,GCST90565588
36594508,GCST007338
55975638,GCST010135
55974900,GCST010140
55536243,GCST009538
55533871,GCST009539
98277351,GCST90129542
98278179,GCST90129544
104327468,NA
64315679,NA
131555116,NA
93055388,GCST90085697
133715277,GCST90435380
93055536,GCST90085697
101324554,GCST90239652
165261923,GCST90565134
93055444,GCST90085697
30547913,GCST005902
93055359,GCST90085697
21966044,GCST004521
71814723,GCST011494
119971349,GCST90302231
188176023,GCST90468481
93055256,GCST90085697
118796853,GCST90104574
134250635,GCST90448240
169093397,GCST90590343
91503785,GCST90027168
93055179,GCST90085697
106193861,GCST90277236
52140308,GCST009129
52115929,GCST009106
119091791,GCST90301650
98385059,GCST90094852
17945354,GCST003997
163429059,GCST90480668
93055450,GCST90085697
190097092,GCST90502710
190060837,GCST90502502
189981255,GCST90502168
15059481,GCST003048
189993748,GCST90502207
55592753,GCST009600
188378551,GCST90470615
93055326,GCST90085697
93055203,GCST90085697
165262469,GCST90565134
90810281,GCST012227
93079956,GCST90056180
118731113,GCST90296444
93055525,GCST90085697
104957486,GCST90267276
127932940,GCST90295549
118731172,GCST90296445
103246441,GCST90245848
214526795,GCST90726344
38450250,GCST007201
134151326,GCST90447296
189912248,GCST90502012
165261466,GCST90565134
165382344,GCST90565438
164780427,GCST90314609
188314808,GCST90469813
22003572,GCST004750
127932560,GCST90295549
216547732,GCST90627750
93055382,GCST90085697
188071508,GCST90468086
188195846,GCST90468655
214526800,GCST90726344
93055219,GCST90085697
190078562,GCST90502597
190096320,GCST90502701
93055400,GCST90085697
191303029,GCST90565841
191302366,GCST90565839
169092729,GCST90590341
169092734,GCST90590341
93055365,GCST90085697
188127918,GCST90468167
104373275,GCST90264174
90520464,GCST90020227
93055548,GCST90085697
101398721,GCST90239691
90726368,GCST90020028
93055439,GCST90085697
119086289,GCST90301649
165298368,GCST90565218
214497192,GCST90572790
131556024,GCST90428109
93055406,GCST90085697
93055411,GCST90085697
22002873,GCST004748
55536238,GCST009538
131628234,GCST90428121
104014369,GCST90255371
217455286,GCST90832185
34603875,GCST006291
61689882,GCST010002
191368276,GCST90565844
93055251,GCST90085697
188215187,GCST90468848
191185956,GCST90399396
164755911,GCST90313420
36594512,GCST007338
36596695,GCST007340
36595577,GCST007339
93055353,GCST90085697
104305212,GCST90256605
104305182,GCST90256603
93055347,GCST90085697
80705807,NA
64732868,NA
134250715,NA
93054076,GCST90085695
96113307,GCST008810
165382349,GCST90565438
169093402,GCST90590343
93055542,GCST90085697
93055332,GCST90085697
214161855,GCST90704949
129241229,GCST90319499
129241286,GCST90319500
88937787,GCST012088
100345594,GCST90134529
90519936,GCST90020227
93055491,GCST90085697
164668882,GCST90492692
93055530,GCST90085697
93055485,GCST90085697
217629698,GCST90833051
63923905,GCST90011874
188071818,GCST90468086
218076763,GCST90838669
93055497,GCST90085697
21964308,GCST004521
188324491,GCST90469905
93055315,GCST90085697
214357889,GCST90453112
93055309,GCST90085697
88936610,GCST90020095
93055376,GCST90085697
127944324,GCST90295751
127953401,GCST90295835
64733252,GCST012089
190027092,GCST90502346
61936477,GCST010083
40931317,GCST007269
127954326,GCST90295836
96080411,GCST90101317
93055213,GCST90085697
63606808,GCST90006929
214165577,GCST90704953
93055240,GCST90085697
80501305,GCST90016594
80500724,GCST90016590
131723517,GCST90319906
131721294,GCST90319904
80500978,GCST90016591
104325956,GCST90258652
56269260,GCST010204
191341639,GCST90565843
93055261,GCST90085697
190063541,GCST90502514
190016997,GCST90502294
190079203,GCST90502606
190019475,GCST90502306
27578637,GCST005541
190082251,GCST90502618
36596699,GCST007340
36592749,GCST007341
131534261,GCST90320607
93055519,GCST90085697
165298269,GCST90565218
218409096,GCST90841196
132629182,GCST90432132
55974427,GCST010142
127931924,GCST90295549
137868091,GCST90454180
93481588,GCST90018848
41132674,GCST007429
41134885,GCST007430
47886786,GCST008972
41133540,GCST007432
41134310,GCST007431
218604048,GCST90830126
218604940,GCST90830127
218647519,GCST90831043
218605947,GCST90830129
218646008,GCST90831040
218642939,GCST90830928
218648035,GCST90831046
218647673,GCST90830930
218608197,GCST90830133
218607162,GCST90830130
218645719,GCST90831039
218615609,GCST90830017
218066172,GCST90838663
218604923,GCST90830127
218601945,GCST90830038
218611640,GCST90830015
218647657,GCST90830930
218615593,GCST90830017
191284618,GCST90565836
191304124,GCST90565842
169092012,GCST90590340
119462638,GCST90310223
63922916,GCST90011875
218977767,GCST90832687
106271565,GCST90270118
19247,GCST001251
131476144,GCST90399479
55468095,GCST009457
80431907,GCST012213
93055479,NA
136813590,NA
135079003,NA
100345733,GCST90134530
93055320,GCST90085697
35338294,GCST006945
98278643,GCST90129545
98277765,GCST90129543
98279127,GCST90129546
55537712,GCST009537
31580514,GCST005996
93055417,GCST90085697
93055508,GCST90085697
93054072,GCST90085695
93055272,GCST90085697
90726372,GCST90020028
165704839,GCST90302863
218605982,GCST90830129
131555122,GCST90428109
133715282,GCST90435380
165260732,GCST90565134
93055456,GCST90085697
165704854,GCST90302863
93055197,GCST90085697
188353864,GCST90470284
131556427,GCST90428109
93055191,GCST90085697
131556409,GCST90428109
93055235,GCST90085697
80431901,GCST012213
214064521,GCST90668077
93055185,GCST90085697
34603112,GCST006290
218407102,GCST90841193
119760913,GCST90245053
41168471,GCST007427
166018161,GCST90566734
166020108,GCST90566737
119773228,GCST90245523
119776506,GCST90245681
216862651,GCST90827928
131721732,GCST90319904
31585899,GCST005983
47884652,GCST008973
47884027,GCST008973
47886412,GCST008972
47885861,GCST008972
134087369,GCST90429179
62206382,GCST010512
41378719,GCST007576
97480416,GCST90105038
88191575,GCST012490
102119796,GCST90243989
91774620,GCST012465
62073060,GCST010342
102107706,GCST90243985
88193822,GCST012490
33404,GCST001913
100085582,GCST90133004
102090690,GCST90243968
103252137,GCST90245848
102107700,GCST90243985
102090684,GCST90243968
188267904,GCST90469357
41251842,GCST007468
102099199,GCST90243984
131611465,GCST90428118
34724008,GCST006570
34720732,GCST006568
34703380,GCST006573
34715491,GCST006569
163417354,GCST90480606
164781507,GCST90314665
191898797,GCST90662910
191908230,GCST90662912
62313874,GCST011427
62307780,GCST011427
80389838,GCST011408
131702529,GCST90399467
188351741,GCST90470265
104560011,GCST90249038
164755839,GCST90313416
164790475,GCST90315143
164796379,GCST90315427
164793595,GCST90315286
164801615,GCST90315691
164797611,GCST90315483
164801487,GCST90315686
164757411,GCST90313497
164764663,GCST90313880
164777907,GCST90314504
164801519,GCST90315687
164769475,GCST90314100
164801563,GCST90315689
164801543,GCST90315688
164801459,GCST90315685
164751767,GCST90313220
164786779,GCST90314955
164776751,GCST90314449
164782663,GCST90314724
97480398,GCST90105038
165789974,GCST90569210
41249074,GCST007472
34711258,NA
103252127,NA
103252132,NA
103252122,GCST90245848
95986428,GCST90100569
34724013,GCST006570
104112793,GCST90255621
34971241,GCST006478
100544425,GCST90128471
97843829,GCST90024026
93038148,GCST90061435
97480404,GCST90105038
97480410,GCST90105038
106254760,GCST90244446
53502396,GCST009096
36159385,GCST007327
95025889,GCST90095129
103252117,GCST90245848
35674421,GCST006660
41251846,GCST007468
102107712,GCST90243985
36050887,GCST007037
188261914,GCST90469357
163389001,GCST90480038
216682084,GCST90728589
97034734,GCST90103633
62085926,GCST010340
88194014,GCST012490
47491760,GCST008413
103217685,GCST90245844
163372630,GCST90479775
93497638,GCST90018948
164570894,GCST90492678
17627898,GCST003818
93500087,GCST90018949
47717602,GCST008757
102120801,GCST90243989
166018255,GCST90566734
166020267,GCST90566737
91687324,GCST90027241
102496001,GCST90244188
102496181,GCST90244189
163428486,GCST90480667
215459392,GCST90501105
166016228,GCST90566733
93548141,GCST90018979
214162778,GCST90704949
100028723,GCST90093175
19687436,GCST004212
106035159,GCST90270074
164574305,GCST90492679
164567239,GCST90492677
97486385,GCST90105038
34721991,GCST006570
34717037,GCST006568
95987720,GCST90100570
103266169,GCST90245848
189866781,GCST90565739
41276953,GCST007461
41249186,GCST007472
87294316,GCST90019506
47491788,GCST008413
47491774,GCST008413
35278023,GCST006524
216281907,GCST90246230
163371515,GCST90479743
45532126,GCST007841
165785597,GCST90569029
191870340,GCST90662902
34701779,GCST006573
163427583,GCST90480666
62286168,GCST010544
62286554,GCST010543
35228505,GCST006442
34706836,GCST006571
191901711,GCST90662911
61684622,GCST010123
87298699,GCST90019502
88192006,GCST012490
134455547,GCST90444395
102099827,GCST90243984
97982751,GCST90100220
135011105,GCST90428446
135013978,GCST90428447
135016925,GCST90428448
62511972,GCST90002358
64396295,GCST90002401
214156466,GCST90704614
103245125,GCST90245848
21887102,GCST004607
21888845,GCST004603
61936166,GCST010083
97476905,GCST90105038
62630943,GCST90002304
62632746,GCST90002310
64195269,GCST90002383
62493339,GCST90002308
93537688,GCST90018972
62426226,GCST90002314
64192683,GCST90002384
93084186,GCST90056184
191874224,GCST90662903
191879867,GCST90662905
93510294,NA
93517426,NA
36600599,NA
93535759,GCST90018971
62502954,GCST90002367
62742092,GCST90002363
191877163,GCST90662904
188096716,GCST90468096
188093279,GCST90468095
93083011,GCST90056183
191908634,GCST90624046
118861026,GCST90274713
188052821,GCST90468075
188051589,GCST90468074
188102095,GCST90468098
163365701,GCST90479708
163419839,GCST90480650
163421360,GCST90480651
163204672,GCST90476295
163208215,GCST90476298
163366788,GCST90479709
163212466,GCST90476301
164758539,GCST90313563
163364571,GCST90479707
136020116,GCST90309364
64415893,GCST90002395
103245120,GCST90245848
36524603,GCST007080
93082376,GCST90056183
163422995,GCST90480652
165810029,GCST90569450
214313791,GCST90624094
188098898,GCST90468097
216545168,GCST90627749
218076155,GCST90838669
64340391,GCST90002402
188074610,GCST90468087
93499012,GCST90018949
101445716,GCST90002403
35964995,GCST006979
34625117,GCST006101
62748830,GCST90002346
191886750,GCST90662907
93531616,GCST90018969
62429957,GCST90002349
188092006,GCST90468095
62500356,GCST90002361
218075119,GCST90838669
62746384,GCST90002357
191182565,GCST90308762
119965311,GCST90302224
191340220,GCST90565843
41171009,GCST007841
162852022,GCST90426706
64399687,GCST90002400
188097923,GCST90468097
21890309,GCST004616
118325622,GCST90281201
22009202,GCST004599
93887210,GCST90007185
64415888,GCST90002395
134160538,GCST90435412
191340215,GCST90565843
64340386,GCST90002402
188095966,GCST90468096
131779564,GCST90310295
93473880,GCST90018749
102105877,GCST90243985
31583601,GCST005991
188263964,GCST90469357
191841648,GCST90662881
102097275,GCST90243980
214164114,GCST90704952
214162227,GCST90704949
214165753,GCST90704953
214166748,GCST90704954
162656708,GCST90449061
41274590,GCST007460
41249629,GCST007464
104114081,GCST90255621
104550892,GCST90248565
102097269,GCST90243980
40932628,GCST007267
214164108,GCST90704952
214166743,GCST90704954
93038385,GCST90061435
100402031,GCST90137452
162646850,GCST90449056
21442569,GCST004278
100041405,GCST90132903
134119781,GCST90446531
101792318,GCST90239829
106261625,GCST90270116
188134606,GCST90468173
188149532,GCST90468183
188121282,GCST90468159
131622949,GCST90428120
104537129,GCST90247896
36603062,GCST007096
188168429,GCST90468364
191372860,GCST90565845
218409884,GCST90841196
162812365,GCST90422246
188210605,NA
191852608,NA
91626954,NA
61684590,GCST010123
102330538,GCST90244135
106069698,GCST90274865
136813642,GCST90451690
34963284,GCST006946
36596846,GCST007340
36595823,GCST007339
36592985,GCST007341
130448449,GCST90320049
102109043,GCST90243985
216298141,GCST90705071
41275951,GCST007474
36101281,GCST007087
106035350,GCST90270074
106058280,GCST90274726
218406249,GCST90841193
191870500,GCST90662902
188146469,GCST90468179
41247855,GCST007462
41252057,GCST007468
63950193,GCST011703
95126047,GCST90000025
188152389,GCST90468184
93534260,GCST90018970
188263199,GCST90469357
94169646,GCST90090563
95986478,GCST90100569
188364861,GCST90470415
214348018,GCST90708780
55314628,GCST009577
41248375,GCST007463
93495569,GCST90018947
214164120,GCST90704952
214162241,GCST90704949
97985607,GCST90100220
135296222,GCST90435200
101689303,GCST90239729
63050493,GCST010702
118723650,GCST90296425
118724380,GCST90296428
130448623,GCST90320053
100383406,GCST90134625
106058131,GCST90274724
36528442,GCST007084
118724030,GCST90296427
118725113,GCST90296430
191846275,GCST90662887
214162234,GCST90704949
214165759,GCST90704953
63147860,GCST006585
134120822,GCST90446533
40931670,GCST007269
100521335,GCST90137550
94131517,GCST90090207
94131616,GCST90090247
131624092,GCST90428120
55734397,GCST009871
91517920,GCST012403
131623157,GCST90428120
100353762,GCST90134549
136019187,GCST90309361
49137235,GCST009001
94131511,GCST90090207
55598376,GCST009597
106058502,GCST90274728
104516224,GCST90246850
104516219,GCST90246850
56246205,GCST009962
15991,GCST000794
188224547,GCST90468913
105758114,GCST90238957
100848541,GCST90162501
217425166,GCST90832115
188224612,GCST90468913
131615698,GCST90428119
134074091,GCST90335166
102505989,GCST90240624
24218571,GCST004744
22003235,GCST004748
22005676,GCST004749
188224522,GCST90468913
188265869,GCST90469357
188237898,GCST90469116
188224437,GCST90468913
101448640,GCST012400
119088256,GCST90301650
188123876,GCST90468161
131615143,GCST90428119
191905865,GCST90662912
93496329,GCST90018947
218407521,GCST90841194
29453,GCST001858
63785648,GCST010988
131631889,GCST90428121
217553841,GCST90832989
134167000,GCST90435413
188224572,GCST90468913
188224577,GCST90468913
100848577,GCST90162501
11911,GCST000258
134074328,NA
165783871,NA
165779004,NA
188152189,GCST90468184
102505994,GCST90240624
102453075,GCST90102852
105758344,GCST90238987
105048948,GCST90269968
93492247,GCST90018944
162848161,GCST90426311
91518659,GCST012401
105987161,GCST90239583
188224627,GCST90468913
188224527,GCST90468913
191831997,GCST90662914
138233976,GCST90444487
49131137,GCST009004
188224492,GCST90468913
188224497,GCST90468913
188134020,GCST90468173
96018438,GCST90027158
63148072,GCST006585
191866422,GCST90662900
188224517,GCST90468913
103271574,GCST90245848
188345168,GCST90470191
188224397,GCST90468913
16565426,GCST003455
34603630,GCST006291
105591721,GCST90179275
217455610,GCST90832185
216825453,GCST90827800
100353983,GCST90134550
103271584,GCST90245848
61991575,GCST90000654
104514421,GCST90246766
102505984,GCST90240624
87306598,GCST90019497
188188685,GCST90468607
162861140,GCST90427691
55992802,GCST009873
24657854,GCST005536
118332172,GCST90281241
117820944,GCST90293089
55993525,GCST009875
100848553,GCST90162501
34602652,GCST006289
61691122,GCST010002
62087956,GCST010378
100046660,GCST90132905
63567328,GCST010994
101970790,GCST90179150
104117137,GCST90255621
138233981,GCST90444487
138725022,GCST90446645
24674048,GCST005531
131788189,GCST90310296
131782388,GCST90310295
36608755,GCST007097
36603739,GCST007096
101972886,GCST90179151
106267875,GCST90270118
191895442,GCST90662910
188131621,GCST90468171
188149187,GCST90468183
93500387,GCST90018949
36061586,GCST007039
30568615,GCST005830
136010476,GCST90309342
188120987,GCST90468159
188224602,GCST90468913
193166104,GCST90442022
131086755,GCST90328134
166068162,GCST90551869
165004463,GCST90013791
188359823,GCST90470351
188215002,GCST90468848
166068737,GCST90551870
219062943,GCST90704647
131085810,GCST90328132
64677458,GCST90011899
188305618,GCST90469733
105591726,GCST90179275
47741623,GCST008871
188035227,GCST90468063
191859350,GCST90662897
193140639,GCST90438558
104516214,GCST90246850
100848535,GCST90162501
24084846,GCST005522
188224764,GCST90468914
214538509,GCST90570733
166067670,GCST90551868
162858823,GCST90427433
166069601,GCST90551872
162858542,GCST90427402
219062193,GCST90704646
188232434,GCST90469034
166066737,GCST90551864
188366580,GCST90470457
166066387,GCST90551863
192548119,GCST90624107
218411103,GCST90841196
34602611,NA
17944808,NA
218407233,NA
218411108,GCST90841196
218411095,GCST90841196
218411099,GCST90841196
218406756,GCST90841193
41376652,GCST007586
188058077,GCST90468078
97489308,GCST90105038
97489313,GCST90105038
34717559,GCST006568
34713313,GCST006569
97489319,GCST90105038
97489337,GCST90105038
97489349,GCST90105038
102112725,GCST90243985
102112731,GCST90243985
102112742,GCST90243985
102112747,GCST90243985
102094258,GCST90243968
34994731,GCST006287
95024756,GCST90095129
188009644,GCST90570707
97489284,GCST90105038
97489290,GCST90105038
97489296,GCST90105038
97489302,GCST90105038
62319841,GCST011427
163396153,GCST90480148
189882367,GCST90624575
94873966,GCST90032178
100545394,GCST90128471
47457310,GCST008550
63922287,GCST90011875
34697132,GCST006572
104117305,GCST90255621
104117322,GCST90255621
104117299,GCST90255621
104117316,GCST90255621
52547264,GCST009143
34994631,GCST006287
34833381,GCST006269
35229037,GCST006442
34707499,GCST006571
102112707,GCST90243985
88192257,GCST012490
98434059,GCST90131901
98434071,GCST90131901
35229041,GCST006442
34707503,GCST006571
62088222,GCST010378
36088368,GCST007078
191898642,GCST90662910
98450798,GCST90131907
103987139,GCST90255357
129690290,GCST90104139
88929025,GCST90000047
191906880,GCST90662912
165774688,GCST90568581
55975956,GCST010133
100084795,GCST90132998
98434077,GCST90131901
104934088,GCST90244098
106035972,GCST90270074
27409144,GCST005316
191910615,GCST90624051
62085728,GCST010340
62084744,GCST010340
93372567,GCST90019511
101661690,GCST90239706
165785507,GCST90569029
94041373,GCST90093295
94041578,GCST90093296
94041768,GCST90093297
100085721,GCST90133006
41379241,GCST007576
191850329,GCST90662893
64731874,GCST90012792
165781187,GCST90568869
90524824,GCST90020241
102121341,GCST90243989
62252756,GCST010642
62170761,GCST010416
119955226,GCST90319327
63922283,GCST90011875
34697127,GCST006572
104374269,GCST90264174
103987599,GCST90255357
36157498,GCST007324
102094247,GCST90243968
98434089,GCST90131901
102094252,GCST90243968
41406928,GCST007561
106047601,GCST90272876
94847270,GCST90094673
102112713,GCST90243985
80605736,GCST011568
191302776,GCST90565840
20839,GCST001414
34832104,GCST006269
34970562,GCST006476
100283890,GCST90134330
62084000,NA
103991141,NA
138234062,NA
35229049,GCST006442
34707512,GCST006571
88193698,GCST012490
104868745,GCST90267534
217455622,GCST90832185
102724671,GCST90244789
55309919,GCST009462
62088507,GCST010378
163392116,GCST90480076
62070720,GCST010343
19568260,GCST003992
63785684,GCST010988
119088443,GCST90301650
36061650,GCST007039
55734838,GCST009871
34969442,GCST006476
35339376,GCST006940
131815621,GCST90428866
61684650,GCST010123
55704482,GCST009698
106227071,GCST90278093
98441817,GCST90131903
34602665,GCST006289
34602638,GCST006289
35277968,GCST006524
130947183,GCST90302838
31671928,GCST006950
34971337,GCST006478
15746430,GCST003075
15745402,GCST003075
34701995,GCST006573
98434083,GCST90131901
98434095,GCST90131901
34832795,GCST006269
93039149,GCST90061435
163432438,GCST90480672
165803227,GCST90569373
36528606,GCST007084
105999111,GCST90128422
36594122,GCST007338
27440582,GCST005325
91626669,GCST012355
36596213,GCST007340
36595091,GCST007339
36592206,GCST007341
36593403,GCST007337
165787709,GCST90569092
98441822,GCST90131903
191128875,GCST90627735
191130241,GCST90627736
98434065,GCST90131901
100084014,GCST90132985
165795741,GCST90569276
49100855,GCST004904
102121347,GCST90243989
35717253,GCST006959
34967880,GCST006477
101661702,GCST90239706
62252751,GCST010642
41136405,GCST007342
62708592,GCST010647
27440104,GCST005323
131084709,GCST90328131
90520190,GCST90020227
55592514,GCST009600
119955221,GCST90319327
41136327,GCST007342
30578338,GCST005839
131084714,GCST90328131
131776137,GCST90310294
35584928,GCST006624
16565469,GCST003455
16565454,GCST003455
16492987,GCST003427
105008536,GCST90246318
163383304,GCST90479928
101054556,GCST90162547
104374798,GCST90264174
41174227,GCST007325
119088559,GCST90301650
36061654,GCST007039
134167781,GCST90435413
34968340,GCST006475
62088428,GCST010378
34994651,GCST006287
218407526,GCST90841194
105008861,GCST90246320
188118556,GCST90468156
97489361,GCST90105038
100283896,GCST90134330
102121335,GCST90243989
102100153,GCST90243984
95292762,GCST90012939
218411176,GCST90841196
218411167,GCST90841196
27409140,GCST005316
98441828,GCST90131903
97489373,GCST90105038
31660280,GCST005907
27440040,GCST005323
27439347,NA
36592215,NA
138234073,NA
188057797,GCST90468078
103272994,GCST90245848
55314345,GCST009577
34832461,GCST006269
93500482,GCST90018949
98157039,GCST005232
34722298,GCST006570
34722302,GCST006570
34707508,GCST006571
36594126,GCST007338
36596217,GCST007340
36595095,GCST007339
36592211,GCST007341
36593319,GCST007337
162783527,GCST90446168
100345738,GCST90134530
91627029,GCST012354
62314399,GCST011427
47259661,GCST008357
100353859,GCST90134549
100354079,GCST90134550
88181708,GCST012013
88181454,GCST012012
56246211,GCST009962
127958773,GCST90295944
133814037,GCST90444215
34971449,GCST006478
31584556,GCST005987
164571280,GCST90492678
164574652,GCST90492679
164567611,GCST90492677
36051613,GCST007037
36158380,GCST007328
47495492,GCST008413
47495481,GCST008413
62170534,GCST010416
30578467,GCST005839
27439383,GCST005324
100879925,GCST90179163
97489355,GCST90105038
100283901,GCST90134330
104868200,GCST90267519
216288325,GCST90301672
188118601,GCST90468156
97853269,GCST90024331
103273019,GCST90245848
103273024,GCST90245848
103273029,GCST90245848
93496439,GCST90018947
165777490,GCST90568669
91688542,GCST90027244
91686319,GCST90027239
91687370,GCST90027241
91687825,GCST90027242
91688136,GCST90027243
91686911,GCST90027240
107266519,GCST90271609
36102236,GCST007087
47231935,GCST007982
62073144,GCST010342
188264584,GCST90469357
10058281,GCST002529
43593,GCST002529
91687375,GCST90027241
35229045,GCST006442
131345363,GCST90321120
34717563,GCST006568
34701999,GCST006573
34713317,GCST006569
165809645,GCST90569450
188010411,GCST90624218
103987454,GCST90255357
191908815,GCST90624047
166016442,GCST90566733
34722293,GCST006570
34717555,GCST006568
34941656,GCST006250
41276317,GCST007474
35229033,GCST006442
34707495,GCST006571
119767159,GCST90245287
30345863,GCST005566
163358000,GCST90479677
138948304,GCST90278650
138937109,GCST90278619
138938494,GCST90278622
191272777,GCST90651306
191304840,GCST90565842
191304845,GCST90565842
214584542,GCST90448143
217455618,GCST90832185
93985620,GCST90085704
103272979,GCST90245848
103272984,GCST90245848
103272989,GCST90245848
98434053,GCST90131901
93039144,GCST90061435
131330288,GCST90321120
93039139,GCST90061435
131344598,GCST90321120
163415441,NA
188262589,NA
34967725,NA
34963169,GCST006946
62708597,GCST010647
36596226,GCST007340
36595099,GCST007339
36593468,GCST007337
101970895,GCST90179150
104117310,GCST90255621
94041379,GCST90093295
94041773,GCST90093297
127922867,GCST90295388
98441811,GCST90131903
163433449,GCST90480673
34717568,GCST006568
165802122,GCST90569354
191843881,GCST90662885
36528610,GCST007084
34970097,GCST006476
188269934,GCST90469357
55734843,GCST009871
165795694,GCST90569276
218411171,GCST90841196
34604083,GCST006291
218411181,GCST90841196
29876,GCST001898
88181059,GCST90014268
218411185,GCST90841196
34603609,GCST006291
17944449,GCST003997
218411190,GCST90841196
27409136,GCST005316
138234067,GCST90444487
165800137,GCST90569317
217560928,GCST90832990
216825482,GCST90827800
218407187,GCST90841193
218068973,GCST90838667
62435052,GCST90002338
218978629,GCST90832687
34941661,GCST006250
106034580,GCST90270074
218978642,GCST90832687
95987845,GCST90100570
29462,GCST001858
163391950,GCST90480074
163184272,GCST90475879
34602902,GCST006290
163184476,GCST90475880
218407564,GCST90841195
61691163,GCST010002
136019096,GCST90309361
218407300,GCST90841193
218404958,GCST90841193
164636389,GCST90492734
41252765,GCST007468
102094241,GCST90243968
131345443,GCST90321120
41252773,GCST007468
216261721,GCST90244159
53768788,GCST009246
62081348,GCST010340
103273004,GCST90245848
103273009,GCST90245848
103273014,GCST90245848
102112736,GCST90243985
36088373,GCST007078
102112719,GCST90243985
102112758,GCST90243985
131330293,GCST90321120
165776385,GCST90568642
101970889,GCST90179150
49129392,GCST009004
138725076,GCST90446645
34970412,GCST006476
36594130,GCST007338
62315756,GCST011427
188288299,GCST90469556
131622819,GCST90428120
214310451,GCST90624094
100511925,GCST006804
216550271,GCST90627763
93208545,GCST90025962
93210046,GCST90025975
93210163,GCST90025976
93208789,GCST90025964
93208667,GCST90025963
191365399,GCST90565843
188140901,GCST90468178
131086228,GCST90328132
191365404,GCST90565843
131619758,GCST90428120
191301498,GCST90565837
30828169,GCST005897
163431727,GCST90480671
163236668,GCST90476365
163234404,GCST90476361
163232345,GCST90476357
163432603,GCST90480672
163433634,GCST90480673
96745932,GCST90095033
64079758,GCST90002389
64083093,NA
191365394,NA
191301493,NA
191365389,GCST90565843
64335116,GCST90002404
188366273,GCST90470451
36481603,GCST007068
191870605,GCST90662902
188306489,GCST90469746
103597208,GCST90245995
191365383,GCST90565843
191365372,GCST90565843
219075430,GCST90482691
103227151,GCST90245846
191301481,GCST90565837
191301487,GCST90565837
191301504,GCST90565837
106271040,GCST90270118
214309931,GCST90624094
103224654,GCST90245845
102122028,GCST90243989
36097456,GCST007082
131620516,GCST90428120
100084889,GCST90133000
98379896,GCST90094735
214457682,GCST90709782
191365416,GCST90565843
103280566,GCST90245848
103280571,GCST90245848
103280576,GCST90245848
104119402,GCST90255621
191365410,GCST90565843
134410282,GCST90435144
134409977,GCST90435144
93208540,GCST90025962
64076950,GCST90002390
93527139,GCST90018966
188070008,GCST90468086
93210041,GCST90025975
188066479,GCST90468084
93524396,GCST90018964
62657200,GCST90002334
188078132,GCST90468088
62490384,GCST90002326
62435392,GCST90002338
188080369,GCST90468089
64410689,GCST90002397
64092980,GCST90002392
93210158,GCST90025976
93208662,GCST90025963
64414140,GCST90002396
62654151,GCST90002322
36459427,GCST007074
62741129,GCST90002369
64335120,GCST90002404
30828164,GCST005897
138948370,GCST90278650
218095343,GCST90838671
218087943,GCST90838669
106087570,GCST90275067
10078351,GCST002702
97277980,GCST90103979
24910103,GCST005026
21892280,GCST004621
135011914,GCST90428446
135017711,GCST90428448
55735786,GCST009871
94182033,GCST90086705
104564280,GCST90249270
98507748,GCST90131910
62505835,GCST90002372
191840929,GCST90662879
214458541,GCST90709782
134409747,GCST90435144
134160770,GCST90435412
191365377,GCST90565843
103219565,GCST90245844
47169956,GCST007841
188143356,GCST90468178
134408757,GCST90435144
214457903,GCST90709782
217630948,GCST90833051
103232395,GCST90245848
103232400,GCST90245848
103232405,GCST90245848
103232410,GCST90245848
45610096,GCST007931
188319756,GCST90469865
188319766,GCST90469865
101345062,GCST90239675
101338901,GCST90239669
188372187,GCST90470558
191314100,GCST90565843
216890424,GCST90828013
191286494,GCST90565837
36095534,GCST007082
101958060,GCST90179148
216299265,GCST90705071
101328637,GCST90239656
131778011,GCST90310295
36099782,GCST007087
131770751,GCST90310294
162644379,GCST90449056
162650274,NA
189932660,NA
189986114,NA
189994659,GCST90502212
191371716,GCST90565845
163401668,GCST90480263
191314105,GCST90565843
217555161,GCST90832990
41137361,GCST007841
94041401,GCST90093295
191887760,GCST90662907
118327115,GCST90281210
138523974,GCST90444202
94041986,GCST90093298
94041799,GCST90093297
119620206,GCST90299737
62511757,GCST90002364
191839211,GCST90662875
98435518,GCST90131901
62510646,GCST90002323
93473169,GCST90018746
31582911,GCST005993
93472275,GCST90018744
93474914,GCST90018751
62512812,GCST90002335
188369116,GCST90470505
36502772,GCST007066
166096097,GCST90572694
104118957,GCST90255621
191898817,GCST90662910
191681103,GCST90624411
64397865,GCST90002401
138945838,GCST90278641
163166982,GCST90475617
163376453,GCST90479835
87289275,GCST90019509
93210997,GCST90025988
62741023,GCST90002369
64076781,GCST90002390
130277143,GCST004612
21894615,GCST004611
64184744,GCST90002387
100512047,GCST006804
64410525,GCST90002397
64092816,GCST90002392
64187825,GCST90002386
62505740,GCST90002372
64413980,GCST90002396
188171776,GCST90468425
188100755,GCST90468098
188055445,GCST90468077
188108051,GCST90468101
22488605,GCST004619
63949010,GCST90002405
64334954,GCST90002404
188106234,GCST90468100
22072890,GCST004622
63945987,GCST90002406
102453519,GCST90102880
188369632,GCST90470518
64191326,GCST90002385
188069768,GCST90468086
191840442,GCST90662878
188167931,GCST90468350
188066474,GCST90468084
64079618,GCST90002389
64404084,GCST90002399
64334950,GCST90002404
192548535,GCST90624107
119088927,GCST90301650
55735560,GCST009871
138725583,GCST90446645
31581614,GCST006011
64191322,GCST90002385
188070278,GCST90468086
188066759,GCST90468084
164797467,GCST90315476
164802831,GCST90315754
103278741,GCST90245848
36459263,GCST007074
188104087,GCST90468099
101971912,GCST90179150
138235207,GCST90444487
191363773,GCST90565843
22666943,GCST004628
64397860,GCST90002401
34702211,GCST006573
191684843,GCST90624412
35229549,GCST006442
188053958,GCST90468076
188104537,GCST90468099
97491844,GCST90105038
31580697,GCST005996
97491850,GCST90105038
164758767,GCST90313573
191905505,GCST90662912
97983123,GCST90100220
93209294,GCST90025969
163306107,GCST90479516
163004029,GCST90475141
163306551,GCST90479517
64092820,GCST90002392
163431691,GCST90480671
191840215,NA
163432553,NA
163433572,NA
188069998,GCST90468086
188078117,GCST90468088
188080359,GCST90468089
87289640,GCST90019509
62501808,GCST90002361
36062078,GCST007039
104118962,GCST90255621
49129417,GCST009004
218067500,GCST90838663
63945983,GCST90002406
62747759,GCST90002357
188084998,GCST90468091
22001789,GCST004625
188082431,GCST90468090
90540625,GCST90002393
101370348,GCST90239620
163132124,GCST90475469
163128478,GCST90475465
163128170,GCST90475463
163041982,GCST90475280
163117153,GCST90475445
163225427,GCST90476344
163430440,GCST90480669
103219310,GCST90245844
62178700,GCST010557
163120566,GCST90475449
188145811,GCST90468178
163113523,GCST90475441
163135601,GCST90475473
163429538,GCST90480668
163305488,GCST90479515
163304840,GCST90479513
163304488,GCST90479512
163002049,GCST90475135
163355764,GCST90479675
62494184,GCST90002308
163356970,GCST90479676
163358091,GCST90479677
119899443,GCST90199799
64076790,GCST90002390
101447442,GCST90002403
63617390,GCST012020
216632297,GCST90265258
188369126,GCST90470505
104521324,GCST90247095
101936363,GCST90243827
119618080,GCST90299619
119765259,GCST90245220
22008133,GCST004602
216632270,GCST90265257
64410533,GCST90002397
64092829,GCST90002392
162365939,GCST90318011
101156452,GCST90139442
22075325,GCST004630
34718091,GCST006568
34704552,GCST006574
188276630,GCST90469435
215539305,GCST90501232
101447438,GCST90002403
215483080,GCST90501139
34722596,GCST006570
27409349,GCST005316
64187830,GCST90002386
93208530,GCST90025962
93211002,GCST90025988
93208657,GCST90025963
215512714,GCST90501187
64076785,GCST90002390
22076461,GCST004601
22008128,GCST004602
119762696,GCST90245116
215542976,GCST90501239
188067564,GCST90468084
118326888,GCST90281209
215462162,GCST90501110
62654060,GCST90002322
22075320,GCST004630
26532,GCST001765
103278746,GCST90245848
62306813,GCST011427
118325896,GCST90281203
215580703,GCST90501298
163124414,GCST90475454
215582740,GCST90501301
163126331,GCST90475458
215584512,GCST90501302
163351203,GCST90479671
216788236,GCST90448625
188178575,GCST90468512
215581689,GCST90501300
66766787,GCST90012216
163353543,GCST90479673
188068706,GCST90468085
163354643,GCST90479674
215578681,GCST90501296
66773202,GCST90012226
66770354,GCST90012222
215577004,GCST90501294
66763931,GCST90012214
188369111,NA
13969,NA
19318254,NA
188369121,GCST90470505
47169520,GCST007841
163420625,GCST90480650
34713671,GCST006569
13953,GCST000504
164794351,GCST90315326
188167926,GCST90468350
93525115,GCST90018965
19318258,GCST004004
164786611,GCST90314944
164754243,GCST90313340
62488637,GCST90002332
164758979,GCST90313584
164758807,GCST90313575
188171596,GCST90468425
164757843,GCST90313523
163349990,GCST90479669
96793658,GCST90010723
19318537,GCST004006
21884174,GCST004605
64094484,GCST90002391
164796903,GCST90315449
163352320,GCST90479672
19318010,GCST004008
62655091,GCST90002328
63945991,GCST90002406
163350681,GCST90479670
118328980,GCST90281220
164799647,GCST90315597
188223998,GCST90468911
164751811,GCST90313222
163120024,GCST90475446
119768682,GCST90245351
101447434,GCST90002403
191881822,GCST90662905
93527029,GCST90018966
188071778,GCST90468086
188048595,GCST90468072
93518336,GCST90018960
118326148,GCST90281204
93536964,GCST90018971
93062752,GCST90056174
93524301,GCST90018964
62657099,GCST90002334
188079487,GCST90468088
62504073,GCST90002367
62490316,GCST90002326
62435283,GCST90002338
163431059,GCST90480670
36509955,GCST007069
188081824,GCST90468089
64410529,GCST90002397
64092825,GCST90002392
188102685,GCST90468098
163116564,GCST90475442
62743315,GCST90002363
191878693,GCST90662904
64413984,GCST90002396
36481432,GCST007068
188367991,GCST90470480
191840849,GCST90662879
22488993,GCST004619
103286421,GCST90245848
36087853,GCST007078
41172881,GCST007841
104964539,GCST90267296
103216450,GCST90245844
47109309,GCST007988
165134274,GCST90527969
98430547,GCST90131901
97971888,GCST90105049
34839022,GCST006268
63098991,GCST90011294
98440342,GCST90131903
64184064,GCST90002387
191886375,GCST90662907
97482506,GCST90105038
97482500,GCST90105038
188217360,GCST90468862
63948009,GCST90002405
64190284,GCST90002385
62071809,GCST010343
47748444,GCST008758
106376519,GCST90239823
63840137,GCST90012103
100871585,GCST90027087
100870438,GCST90027083
163388671,GCST90480033
63944971,GCST90002406
64186800,GCST90002386
130276790,GCST004612
21894202,GCST004611
191881322,GCST90662905
34721033,GCST006568
218406388,GCST90841193
100545340,GCST90128471
103255947,GCST90245848
47869463,GCST008904
103216455,GCST90245844
104374377,GCST90264174
106035228,NA
166119604,NA
166117103,NA
36057505,GCST007020
100084388,GCST90132992
36158404,GCST007328
36043284,GCST007038
94878695,GCST90032526
136013514,GCST90309347
191302039,GCST90565838
162783396,GCST90446168
63839413,GCST90012104
106378242,GCST90239825
63823577,GCST90012113
106372537,GCST90239819
100871595,GCST90027087
100870423,GCST90027083
163400511,GCST90480234
36087849,GCST007078
104373949,GCST90264174
34705536,GCST006574
165131772,GCST90455723
165793425,GCST90569253
218409820,GCST90841196
218409824,GCST90841196
218406814,GCST90841193
93909521,GCST90091060
95030080,GCST90095130
35754478,GCST006976
105003039,GCST90255614
62086070,GCST010340
188056245,GCST90468077
188108771,GCST90468101
188054183,GCST90468076
165800893,GCST90569322
191348902,GCST90565843
214309681,GCST90624094
34839206,GCST006268
34711661,GCST006571
191284800,GCST90565836
165799323,GCST90569314
165811633,GCST90569451
165816298,GCST90569455
103255942,GCST90245848
91778907,GCST90020232
91782469,GCST90038594
36101241,GCST007087
29446,GCST001858
163391893,GCST90480074
217455373,GCST90832185
163184512,GCST90475880
34603864,GCST006291
61690354,GCST010002
62088491,GCST010378
191889644,GCST90662908
104119699,GCST90255621
104563172,GCST90249206
97492833,GCST90105038
100524086,GCST90137739
102528514,GCST90242633
94182229,GCST90088927
100845269,GCST90162298
105593621,GCST90179410
100845286,GCST90162298
105871734,GCST90269785
188212822,GCST90468828
193099047,GCST90102553
188369292,GCST90470508
188369287,GCST90470508
104563162,GCST90249206
94182218,GCST90088927
34624361,GCST006097
101397050,GCST90239692
100845275,GCST90162298
63152108,GCST006585
191897477,GCST90662910
191906925,GCST90662912
217750812,GCST90837544
217751858,GCST90837546
188369197,GCST90470508
188369207,GCST90470508
105871163,GCST90269775
136018427,GCST90309357
188369282,GCST90470508
188369247,GCST90470508
215400093,GCST90728573
102107455,GCST90243985
103226006,GCST90245846
192542655,GCST90624105
95029218,GCST90095130
188369859,GCST90470524
163382375,GCST90479915
191346777,GCST90565843
188140881,GCST90468178
36457987,GCST007074
64075324,GCST90002390
163355274,GCST90479675
218092623,GCST90838671
188071518,GCST90468086
22007468,GCST004602
188068109,GCST90468084
62656140,GCST90002334
188079257,GCST90468088
100512291,NA
31581478,NA
62434285,NA
188081554,GCST90468089
163356416,GCST90479676
64408750,GCST90002397
64091316,GCST90002392
218077827,GCST90838669
64412484,GCST90002396
188104742,GCST90468099
36479776,GCST007068
22074764,GCST004630
34720645,GCST006568
189867722,GCST90565742
34715449,GCST006569
17471064,GCST003676
93909225,GCST90091060
95026017,GCST90095129
97479950,GCST90105038
97479955,GCST90105038
166096042,GCST90572694
34703348,GCST006573
102715273,GCST90244712
188369839,GCST90470524
30785075,GCST005667
191020324,GCST90559264
55491338,GCST009524
47702336,GCST008595
41251774,GCST007468
102090475,GCST90243968
95158643,GCST90095190
101690200,GCST90239729
106002756,GCST90271792
31582955,GCST005993
188369824,GCST90470524
64333719,GCST90002404
188277705,GCST90469445
164803763,GCST90315804
164775747,GCST90314398
164803747,GCST90315803
164776675,GCST90314444
164790491,GCST90315144
164795307,GCST90315377
164799195,GCST90315572
21542395,GCST004432
119357492,GCST90308729
131331423,GCST90321120
188376545,GCST90470597
188376500,GCST90470597
31585970,GCST006032
163435080,GCST90480703
163238139,GCST90476394
62319695,GCST011427
188267674,GCST90469357
93944629,GCST90091243
10088784,GCST002794
53476892,GCST009244
163434781,GCST90480702
163435436,GCST90480704
188370697,GCST90470538
88926062,GCST90000050
36087229,GCST007078
41275307,GCST007474
100399823,GCST90104339
97470347,GCST90105038
88927784,GCST90000047
164568693,GCST90492678
164572348,GCST90492679
95986940,GCST90100570
164565213,GCST90492677
93494444,GCST90018947
97470329,GCST90105038
97470335,GCST90105038
136011022,GCST90309344
188256380,GCST90469297
188256395,GCST90469297
188256405,GCST90469297
41250922,GCST007468
106035867,GCST90270074
24651791,GCST004902
100085671,GCST90133006
138227665,GCST90444487
102102891,GCST90243985
34719041,GCST006568
102087153,GCST90243968
218408193,GCST90841196
103234895,GCST90245848
24650068,GCST004955
41247570,GCST007462
62083424,GCST010340
62069559,GCST010343
188256315,GCST90469297
188256300,GCST90469297
165802983,GCST90569373
131778367,GCST90310295
35585403,GCST006630
97470311,GCST90105038
188005165,GCST90016604
45575072,GCST008103
64637151,GCST011102
91774414,GCST012465
191303614,GCST90565842
218405198,GCST90841193
97470306,NA
97470317,NA
97470323,NA
61689310,GCST010002
104108310,GCST90255621
41248287,GCST007463
214482176,GCST90568458
93037176,GCST90061435
188256490,GCST90469297
191303619,GCST90565842
100282224,GCST90134330
165803102,GCST90569373
188256345,GCST90469297
49130328,GCST009004
62416024,GCST010567
10074380,GCST002672
102116494,GCST90243988
102097004,GCST90243980
62084360,GCST010340
164631749,GCST90492734
47384208,GCST008996
188256330,GCST90469297
63922600,GCST90011875
34709110,GCST006571
192546047,GCST90624107
47381886,GCST008998
188256400,GCST90469297
47712866,GCST008647
53502219,GCST009096
64405981,GCST90002398
101322189,GCST90239649
188371803,GCST90470551
188371798,GCST90470551
188371823,GCST90470551
188371813,GCST90470551
188371818,GCST90470551
188401027,GCST90470888
188401022,GCST90470888
64420053,GCST90002394
102517704,GCST90241666
91724679,GCST012442
88931049,GCST012442
165026360,GCST90461907
100393158,GCST90134661
219075536,GCST90482692
47820066,GCST008836
47819960,GCST008834
47819915,GCST008834
118800916,GCST90277434
90518009,GCST012201
100393304,GCST90134662
90517748,GCST012199
188371838,GCST90470551
134133737,GCST90446792
134134156,GCST90446793
188371908,GCST90470551
188287229,GCST90469546
101446632,GCST90002403
143803513,GCST90455669
191879587,GCST90662905
93536349,GCST90018971
62503550,GCST90002367
36508667,GCST007069
188100985,GCST90468098
131721802,GCST90319904
93544038,GCST90018977
62742757,GCST90002363
188408809,GCST90470959
188371868,GCST90470551
188371873,GCST90470551
188371903,GCST90470551
188371858,GCST90470551
188371878,GCST90470551
188371888,GCST90470551
188371923,GCST90470551
188371943,GCST90470551
218093759,GCST90838671
218081651,GCST90838669
64405992,GCST90002398
141944085,GCST90455521
219075384,GCST90482691
22003140,GCST004748
188371793,GCST90470551
188401017,GCST90470888
62081180,GCST010340
62078684,GCST010340
63147555,GCST006585
188408859,GCST90470959
103262248,GCST90245848
188408464,GCST90470959
188408479,GCST90470959
188408474,GCST90470959
188371853,GCST90470551
188408784,GCST90470959
188371938,GCST90470551
188408444,GCST90470959
188371978,GCST90470551
163369088,GCST90479712
62507411,GCST90002378
163442104,GCST90480724
163252390,GCST90476451
163257492,GCST90476457
62658842,GCST90002340
21893101,NA
62428566,NA
64403572,NA
21757729,GCST004620
163255128,GCST90476454
163158870,GCST90475529
188087280,GCST90468092
22001416,GCST004625
62738749,GCST90002374
64405986,GCST90002398
163443230,GCST90480725
163142240,GCST90475502
93545917,GCST90018978
163368400,GCST90479711
62744740,GCST90002351
163143840,GCST90475505
163157776,GCST90475526
191883026,GCST90662906
36466642,GCST007070
163159989,GCST90475532
21843053,GCST004626
63941886,GCST90002407
21756770,GCST004613
93530177,GCST90018968
21835103,GCST004614
21884658,GCST004629
188082691,GCST90468090
90539771,GCST90002393
141943664,GCST90455518
24218708,GCST004744
141944152,GCST90455522
188371783,GCST90470551
141943915,GCST90455519
131349025,GCST90321121
188087385,GCST90468092
63941892,GCST90002407
41413506,GCST007560
188408819,GCST90470959
188371893,GCST90470551
162857374,GCST90427279
31582906,GCST005993
31581609,GCST006011
188077652,GCST90468088
188079944,GCST90468089
103278336,GCST90245848
101447413,GCST90002403
103278341,GCST90245848
66766494,GCST90012216
73191311,GCST90012204
66770721,GCST90012222
66764469,GCST90012214
93511299,GCST90018957
64196486,GCST90002383
90731780,GCST90020028
64194051,GCST90002384
188132603,GCST90468172
188131071,GCST90468171
188134611,GCST90468173
188121362,GCST90468159
188290883,GCST90469573
64413949,GCST90002396
188312583,GCST90469793
104524153,GCST90247227
101330906,GCST90239658
101338405,GCST90239667
101340690,GCST90239670
188356300,GCST90470322
101352969,GCST90239676
101328203,GCST90239655
101343496,GCST90239673
103278346,GCST90245848
104556391,GCST90248853
47496871,GCST008413
47496865,GCST008413
191840155,GCST90662877
164758763,GCST90313573
104327851,GCST90258653
164751807,GCST90313222
64410471,GCST90002397
64413944,GCST90002396
188330095,GCST90469972
188151159,GCST90468184
188312533,GCST90469793
188356335,GCST90470322
188312488,GCST90469793
93539387,GCST90018973
118327564,GCST90281212
166020720,GCST90566737
188312498,GCST90469793
188312493,GCST90469793
191006272,GCST90559246
188342385,GCST90470157
214354564,GCST90453032
104568828,GCST90249494
214356623,GCST90453088
36158995,GCST007327
34941731,GCST006250
41276486,GCST007474
41429721,GCST007603
53502780,GCST009096
164571599,GCST90492678
164574932,GCST90492679
96113496,GCST008810
104964933,NA
36099065,NA
164567904,NA
36051833,GCST007037
80057428,GCST006612
214310046,GCST90624094
47169444,GCST007841
63838867,GCST90012106
101971906,GCST90179150
63830635,GCST90012110
90800391,GCST90020025
90760195,GCST90020027
64401549,GCST90002400
188094681,GCST90468096
64342404,GCST90002402
163422302,GCST90480651
163423756,GCST90480652
163214796,GCST90476302
62501790,GCST90002361
163211261,GCST90476299
62747741,GCST90002357
188312593,GCST90469793
88935044,GCST90020073
191006254,GCST90559246
163120049,GCST90475446
93525145,GCST90018965
64076736,GCST90002390
62510642,GCST90002323
62633690,GCST90002310
130277121,GCST004612
101447417,GCST90002403
22666921,GCST004628
21894588,GCST004611
90800385,GCST90020025
163135263,GCST90475471
191876164,GCST90662903
94041395,GCST90093295
163128160,GCST90475463
188056205,GCST90468077
163355759,GCST90479675
62488633,GCST90002332
118326631,GCST90281208
163124660,GCST90475454
93473189,GCST90018746
118328105,GCST90281215
163343476,GCST90479638
218067524,GCST90838663
64184700,GCST90002387
188053131,GCST90468075
163349985,GCST90479669
163127908,GCST90475462
93527074,GCST90018966
95127681,GCST90000025
163138149,GCST90475474
163126613,GCST90475458
188071798,GCST90468086
21838994,GCST004615
163113213,GCST90475439
118328332,GCST90281216
22008111,GCST004602
118326484,GCST90281207
21884168,GCST004605
118328876,GCST90281218
188277945,GCST90469445
93472290,GCST90018744
188068434,GCST90468084
64094470,GCST90002391
93524331,GCST90018964
61937345,GCST010083
62427149,GCST90002314
188299053,GCST90469673
118327731,GCST90281213
163343976,GCST90479639
163351198,GCST90479671
163120245,GCST90475447
163352310,GCST90479672
62490303,GCST90002326
163116817,GCST90475443
62655087,GCST90002328
62435260,GCST90002338
94041794,GCST90093297
163344311,GCST90479640
36509925,GCST007069
163350676,GCST90479670
163131490,GCST90475466
62512808,GCST90002335
118328975,GCST90281220
163356965,GCST90479676
188054153,GCST90468076
163135007,GCST90475470
163122977,GCST90475450
64092780,GCST90002392
191004072,GCST90559244
163131770,GCST90475467
163358086,GCST90479677
64187774,GCST90002386
188102725,GCST90468098
163353533,GCST90479673
218087147,GCST90838669
188068946,GCST90468085
163354633,GCST90479674
64191272,GCST90002385
188169994,GCST90468384
90760189,NA
62654042,NA
36481393,NA
118328609,GCST90281217
188059759,GCST90468079
22075304,GCST004630
131609373,GCST90428116
55598921,GCST009597
163431685,GCST90480671
66770597,GCST90012222
190001345,GCST90502220
188077852,GCST90468088
188312538,GCST90469793
30645567,GCST005668
87298770,GCST90019502
164754763,GCST90313369
164758699,GCST90313571
22076457,GCST004601
191839181,GCST90662875
164758719,GCST90313572
87294405,GCST90019506
164754739,GCST90313368
188244583,GCST90469191
188234811,GCST90469060
191273713,GCST90651384
214356611,GCST90453088
100787909,GCST90176019
188312473,GCST90469793
214311876,GCST90624094
97491803,GCST90105038
101727546,GCST90085750
100830418,GCST90161545
191006266,GCST90559246
62710121,GCST90002412
97491797,GCST90105038
188312468,GCST90469793
215459292,GCST90501105
191838552,GCST90662873
191006260,GCST90559246
188312543,GCST90469793
188312553,GCST90469793
188277117,GCST90469441
188312478,GCST90469793
188312528,GCST90469793
188312588,GCST90469793
188312548,GCST90469793
188312518,GCST90469793
188312523,GCST90469793
188312503,GCST90469793
188312508,GCST90469793
188312513,GCST90469793
214313656,GCST90624094
188312558,GCST90469793
188312453,GCST90469793
214314026,GCST90624094
214356617,GCST90453088
218095095,GCST90838671
162971456,GCST90451684
36486965,GCST007067
93533131,GCST90018969
55720392,GCST009858
49137008,GCST009001
93494194,GCST90018947
101949654,GCST90101731
119089123,GCST90301650
134166392,GCST90435413
30524033,GCST005951
188178449,GCST90468509
131633175,GCST90428121
118712405,GCST90244787
103230075,GCST90245848
118712540,GCST90244787
55314231,GCST009577
95123847,GCST90000025
218070331,GCST90838669
36087087,GCST007078
104107008,GCST90255621
101964444,GCST90179150
131617099,GCST90428119
105956352,GCST90027161
214242664,GCST90244002
188235296,GCST90469065
63157507,GCST006585
188225153,GCST90468916
188144666,GCST90468178
36058674,GCST007039
104955488,GCST90267268
214131056,GCST90693318
214365797,GCST90453297
138721685,GCST90446645
92911257,GCST90026503
218068417,GCST90838667
188395335,GCST90470827
97466704,GCST90105038
93469060,GCST90018739
47845808,GCST008839
104107002,GCST90255621
138226666,GCST90444487
62203677,GCST010555
62179270,GCST010557
55298021,GCST009379
55728577,GCST009871
93524560,GCST90018965
104527395,NA
165773016,NA
163110362,NA
163347580,GCST90479665
163346425,GCST90479663
163346984,GCST90479664
87260531,GCST90019526
62283776,GCST010476
55999245,GCST009879
63607472,GCST010836
87298077,GCST90019502
87302380,GCST90019500
87293605,GCST90019506
105736647,GCST90236213
214365792,GCST90453297
191307078,GCST90565843
191285912,GCST90565837
191366637,GCST90565844
191307084,GCST90565843
103230085,GCST90245848
105298313,GCST90270083
217554860,GCST90832990
188144341,GCST90468178
188225163,GCST90468916
88927554,GCST90000047
55728440,GCST009871
49129875,GCST009004
101341314,GCST90239673
61998204,GCST009777
102699657,GCST90244680
103282881,GCST90245848
64721114,GCST90013788
64418564,GCST90002394
63783997,GCST010988
188374049,GCST90470574
217550943,GCST90832989
34967885,GCST006477
62252741,GCST010642
62708582,GCST010647
93500342,GCST90018949
63840246,GCST90012103
36159281,GCST007327
214257785,GCST90707227
35339096,GCST006940
106034755,GCST90270074
17472390,GCST003676
55974549,GCST010142
41333671,GCST007490
102112370,GCST90243985
102117157,GCST90243988
102112358,GCST90243985
98433650,GCST90131901
98433662,GCST90131901
98433668,GCST90131901
98433674,GCST90131901
35230957,GCST006442
106058266,GCST90274726
102121263,GCST90243989
53502605,GCST009096
34967595,GCST006477
97488730,GCST90105038
97488724,GCST90105038
97488736,GCST90105038
36157528,GCST007324
19308320,GCST003958
19283632,GCST003960
34969242,GCST006476
55491748,GCST009524
102112335,GCST90243985
102117142,GCST90243988
192540089,GCST90624103
191284887,GCST90565836
41248464,GCST007463
95988282,GCST90100571
191284893,GCST90565836
34970082,GCST006476
98433709,GCST90131901
104178403,GCST90255681
34722235,GCST006570
47749451,GCST009450
98433703,GCST90131901
98433715,GCST90131901
97488689,GCST90105038
97488695,GCST90105038
36061514,GCST007039
62086016,GCST010340
102094001,GCST90243968
214166985,GCST90704954
102100083,GCST90243984
214166995,GCST90704954
100654265,GCST90032651
104116893,GCST90255621
191302129,GCST90565838
34838848,GCST006268
63099187,GCST90011294
131546883,GCST90428113
47231931,GCST007982
104958135,GCST90267280
103270589,GCST90245848
118724117,GCST90296427
35567970,GCST006701
131342013,GCST90321120
214527154,GCST90726344
80735973,NA
131758656,NA
102112329,NA
34717482,NA
101044695,NA
217560541,NA
34707362,NA
36098959,NA
62252389,GCST010644
215538253,GCST90501231
36008668,GCST006983
27540999,GCST005362
188005503,GCST90016612
105965008,GCST90267929
214166169,GCST90704953
214162942,GCST90704949
214162949,GCST90704949
214166162,GCST90704953
214162963,GCST90704949
214162956,GCST90704949
216542872,GCST90627741
216542334,GCST90627740
218411009,GCST90841196
98433697,GCST90131901
36088308,GCST007078
102093995,GCST90243968
164564258,GCST90446162
98433680,GCST90131901
217565047,GCST90832991
35230961,GCST006442
102112319,GCST90243985
98441664,GCST90131903
98383061,GCST90094818
27440446,GCST005325
27439936,GCST005323
164571205,GCST90492678
164574571,GCST90492679
164567533,GCST90492677
36467021,GCST007070
41274615,GCST007460
41249711,GCST007464
101970628,GCST90179150
55492362,GCST009524
98433644,GCST90131901
101398207,GCST90239693
93039064,GCST90061435
41252701,GCST007468
191302135,GCST90565838
93039059,GCST90061435
55975711,GCST010135
55974985,GCST010140
98382933,GCST90094812
106047698,GCST90272876
93516032,GCST90018959
188005912,GCST90016619
100085626,GCST90133006
104964911,GCST90267302
97488718,GCST90105038
101970617,GCST90179150
104116876,GCST90255621
49128708,GCST009004
101970633,GCST90179150
49128713,GCST009004
138724931,GCST90446645
93496264,GCST90018947
55734411,GCST009871
34994411,GCST006287
62068460,GCST010343
95158991,GCST90095190
17472364,GCST003676
193135211,GCST90437822
64626400,GCST011995
132520430,GCST90432061
24946392,GCST005042
132521581,GCST90432063
132520854,GCST90432062
36595044,GCST007339
36592179,GCST007341
132520849,GCST90432062
96755121,GCST90102283
63949718,GCST011703
96755126,GCST90102283
62286585,GCST010543
41249234,GCST007472
98433692,GCST90131901
88929373,GCST90000046
102094027,GCST90243968
41174825,GCST007325
36158814,GCST007327
41276281,GCST007474
96113237,GCST008810
102094032,GCST90243968
102121248,GCST90243989
35228921,GCST006442
34707366,GCST006571
63785600,GCST010988
103270604,GCST90245848
118723700,GCST90296425
118724443,GCST90296428
138233808,GCST90444487
102121253,GCST90243989
102117163,GCST90243988
102112324,GCST90243985
102121216,GCST90243989
102117137,GCST90243988
102097442,GCST90243980
102112341,GCST90243985
102121221,GCST90243989
102117147,NA
102112346,NA
102121226,NA
64733023,NA
95986603,GCST90100569
102112364,GCST90243985
102121236,GCST90243989
102117152,GCST90243988
188005737,GCST90016618
36502040,GCST007066
35134350,GCST006433
35967129,GCST006979
164636169,GCST90492734
163309112,GCST90479522
163015758,GCST90475156
163308189,GCST90479521
163018969,GCST90475159
119085346,GCST90301649
163011179,GCST90475153
190065964,GCST90502518
214166150,GCST90704953
214348171,GCST90708780
214164581,GCST90704952
214166990,GCST90704954
63949463,GCST011704
163449081,GCST90480769
214348176,GCST90708780
36159376,GCST007327
191908746,GCST90624046
188266714,GCST90469357
41429717,GCST007603
191904655,GCST90662912
101970622,GCST90179150
49100843,GCST004904
104116887,GCST90255621
138233802,GCST90444487
191886185,GCST90662907
193224365,GCST90568441
214162915,GCST90704949
214162922,GCST90704949
214164569,GCST90704952
214162929,GCST90704949
41248003,GCST007462
97488712,GCST90105038
101661678,GCST90239706
41136323,GCST007342
214164575,GCST90704952
41173197,GCST007323
36160330,GCST007326
214162935,GCST90704949
102094011,GCST90243968
131084480,GCST90328131
119955170,GCST90319327
218406008,GCST90841193
41406982,GCST007561
105963923,GCST90267914
97060607,GCST90103805
214164588,GCST90704952
34970237,GCST006476
41412352,GCST007559
131546688,GCST90428112
45532994,GCST007841
191184801,GCST90651104
134228463,GCST90448092
35228917,GCST006442
102112352,GCST90243985
102121231,GCST90243989
62251493,GCST010649
164571210,GCST90492678
164574576,GCST90492679
164567539,GCST90492677
164571215,GCST90492678
164574581,GCST90492679
164567544,GCST90492677
25570009,GCST005141
17472415,GCST003676
164571220,GCST90492678
164574586,GCST90492679
164567550,GCST90492677
61933948,GCST010085
41376648,GCST007586
100283831,GCST90134330
34707357,GCST006571
80641356,GCST90013473
62317608,GCST011427
97488707,GCST90105038
97488701,GCST90105038
45532998,GCST007841
214209417,GCST90243964
22003197,GCST004748
98441653,GCST90131903
98441658,GCST90131903
98433686,GCST90131901
98441642,GCST90131903
98441647,GCST90131903
98433656,GCST90131901
216853802,GCST90827895
132521586,GCST90432063
162783515,GCST90446168
98433721,GCST90131901
215537872,GCST90501230
215531941,GCST90501219
35228925,GCST006442
102121258,GCST90243989
41252697,NA
41295020,NA
36051542,NA
136019911,NA
93532731,GCST90018969
103270584,GCST90245848
35228913,GCST006442
132520435,GCST90432061
47229390,GCST007983
41378542,GCST007576
36103577,GCST007083
118725338,GCST90296430
62286189,GCST010544
41276277,GCST007474
96755116,GCST90102283
102094016,GCST90243968
118725343,GCST90296430
103270594,GCST90245848
103270599,GCST90245848
30568443,GCST005830
102121242,GCST90243989
215571353,GCST90501284
215533299,GCST90501222
55975664,GCST010135
215459783,GCST90501107
55974931,GCST010140
36595040,GCST007339
101398202,GCST90239693
102495983,GCST90244188
102094006,GCST90243968
102496166,GCST90244189
36528590,GCST007084
98157091,GCST005232
41454923,GCST007709
36592174,GCST007341
118725349,GCST90296430
130448524,GCST90320052
191850654,GCST90662893
47702732,GCST008595
63778396,GCST010989
130448659,GCST90320053
62408193,GCST010545
100383465,GCST90134625
218085067,GCST90838669
118725355,GCST90296430
119088118,GCST90301650
104116898,GCST90255621
55734416,GCST009871
105965582,GCST90267936
214166156,GCST90704953
102094022,GCST90243968
165135278,GCST90528029
94164860,GCST90089744
118723706,GCST90296425
118724122,GCST90296427
118724448,GCST90296428
104116882,GCST90255621
191895447,GCST90662910
191284876,GCST90565836
191284881,GCST90565836
104964599,GCST90267296
103282336,GCST90245848
192538866,GCST90624101
53408674,GCST009498
53409040,GCST009499
34832344,GCST006269
94078613,GCST90001424
104909225,GCST90267631
102226958,GCST90244006
62087486,GCST010378
34943501,GCST006250
55291674,GCST009337
104909298,GCST90267634
104909267,GCST90267633
104909163,GCST90267629
104909194,GCST90267630
164730421,GCST90502825
104909272,GCST90267633
104909168,GCST90267629
104909220,GCST90267631
214064840,GCST90668077
36474841,GCST007065
34942731,GCST006250
63922168,GCST90011875
34697306,GCST006572
63101599,GCST90011298
100284280,GCST90134330
100544269,GCST90128471
93543139,GCST90018976
188111404,GCST90468105
87269705,GCST90019522
131328146,GCST90321119
188331499,GCST90469994
188405176,GCST90470920
103282341,GCST90245848
101345867,GCST90239675
102228371,GCST90244010
188247226,GCST90469205
188189451,GCST90468610
188393840,GCST90470817
188245514,GCST90469199
166118766,GCST90483497
188403518,GCST90470906
188403593,GCST90470906
215542065,NA
215540718,NA
215546086,NA
215544824,NA
215544098,GCST90501240
218088773,GCST90838669
218088789,GCST90838669
94081733,GCST90001718
94081627,GCST90001710
94081606,GCST90001709
94081558,GCST90001705
94081667,GCST90001713
94081749,GCST90001719
94081531,GCST90001703
94081542,GCST90001704
94081639,GCST90001711
94081656,GCST90001712
94081508,GCST90001701
94081771,GCST90001720
94081706,GCST90001716
94081520,GCST90001702
94083789,GCST90001829
94081695,GCST90001715
164806175,GCST90315934
94081679,GCST90001714
94081583,GCST90001708
94081722,GCST90001717
34833155,GCST006269
34943496,GCST006250
218411804,GCST90841196
143804246,GCST90455669
217566753,GCST90832992
47839634,GCST009212
93477795,GCST90018769
62253738,GCST010640
191833909,GCST90662859
188039620,GCST90468067
34942736,GCST006250
62317798,GCST011427
191856137,GCST90662895
165283756,GCST90565151
165282701,GCST90565147
188331474,GCST90469994
164730428,GCST90502825
188403603,GCST90470906
216634928,GCST90265513
191373857,GCST90565845
188403558,GCST90470906
134435279,GCST90060069
131743879,GCST90428613
21891009,GCST004616
62519260,GCST90002292
131743890,GCST90428613
191864878,GCST90662899
25569555,GCST005142
164806163,GCST90315933
102227790,GCST90244008
94083812,GCST90001830
47263263,GCST008030
188331489,GCST90469994
55976037,GCST010132
87298809,GCST90019502
87294450,GCST90019506
191840185,GCST90662877
97981995,GCST90100220
42001,GCST002549
15059331,GCST003048
62252266,GCST010645
165283182,GCST90565148
47229607,GCST007983
188418003,GCST90471081
62311271,GCST011427
132681232,GCST90432179
188194773,GCST90468646
188247221,GCST90469205
188189446,GCST90468610
188247453,GCST90469206
188403441,GCST90470905
188216185,GCST90468852
188245509,GCST90469199
188404588,GCST90470916
188403543,GCST90470906
93379888,GCST90019515
191848335,GCST90662892
188403648,GCST90470906
103282791,GCST90245848
36498477,GCST007066
216298409,GCST90705071
100841274,GCST90162091
55725555,GCST009867
188399280,GCST90470867
215570812,GCST90501283
34716733,GCST006568
34701599,GCST006573
97983411,GCST90100220
102116976,GCST90243988
218604760,GCST90829999
93528443,GCST90018967
103261242,GCST90245848
96796699,GCST90010736
215535879,GCST90501226
103271684,GCST90245848
106260860,GCST90270116
131626860,GCST90428121
106269530,NA
90615333,NA
90615313,NA
90813613,NA
90730549,GCST90020028
106259300,GCST90270116
47846265,GCST008839
103223879,GCST90245845
55726247,GCST009867
105297809,GCST90270083
105296336,GCST90270081
106261635,GCST90270116
15728115,GCST002487
90813573,GCST012227
90712759,GCST90020029
90813621,GCST012227
90712746,GCST90020029
90712725,GCST90020029
90813569,GCST012227
90730497,GCST90020028
90712729,GCST90020029
90712733,GCST90020029
90813577,GCST012227
90730557,GCST90020028
90615263,GCST012226
90615293,GCST012226
90615283,GCST012226
191298334,GCST90565837
191298340,GCST90565837
216294879,GCST90705067
90644108,GCST012231
55726178,GCST009867
55726458,GCST009867
134164219,GCST90435412
90730522,GCST90020028
90615322,GCST012226
34722271,GCST006570
90730570,GCST90020028
34697122,GCST006572
137868332,GCST90454181
22686641,GCST008156
90813617,GCST012227
191370592,GCST90565844
191370598,GCST90565844
90712767,GCST90020029
217560712,GCST90832990
90730580,GCST90020028
188144576,GCST90468178
41470774,GCST007692
93067825,GCST90054783
105988067,GCST90271727
90644117,GCST012231
22685679,GCST008161
22674813,GCST008163
90740313,GCST90020026
90615273,GCST012226
90740318,GCST90020026
90730531,GCST90020028
90730518,GCST90020028
119120451,GCST90244092
90813600,GCST012227
191358493,GCST90565843
103271679,GCST90245848
90615298,GCST012226
191358498,GCST90565843
103218355,GCST90245844
90730535,GCST90020028
106269175,GCST90270118
106260855,GCST90270116
191298328,GCST90565837
191358504,GCST90565843
103260307,GCST90245848
21844051,GCST004609
87315152,GCST90019494
188296861,GCST90469647
64419991,GCST90002394
188089112,GCST90468093
188362585,GCST90470387
188417672,GCST90471078
100372587,GCST90134620
188083496,GCST90468090
93528428,GCST90018967
90539644,GCST90002393
62031923,GCST010206
93468013,GCST90018733
62511101,GCST90002299
165783156,GCST90568929
36473608,GCST007065
103260312,GCST90245848
188032316,GCST90468060
101969190,GCST90179150
104114664,GCST90255621
188346743,GCST90470216
97983375,GCST90100220
215458732,GCST90501105
215511423,GCST90501184
97036489,GCST90103634
166016068,GCST90566733
101335492,GCST90239664
215509601,GCST90501182
56273310,GCST010241
97034680,GCST90103633
163369052,GCST90479712
62507333,GCST90002378
163255997,NA
163442068,NA
101446523,NA
163252395,NA
163257497,GCST90476457
64078985,GCST90002389
62428502,GCST90002355
64403527,GCST90002399
93079126,GCST90056179
21757747,GCST004620
163255133,GCST90476454
188087290,GCST90468092
93084926,GCST90056184
21842040,GCST004632
62738667,GCST90002374
93078316,GCST90056178
136020619,GCST90309369
64405923,GCST90002398
163443194,GCST90480725
163253130,GCST90476453
93545957,GCST90018978
62744676,GCST90002351
188064132,GCST90468083
163157781,GCST90475526
163111287,GCST90475432
191883031,GCST90662906
188220623,GCST90468886
163441037,GCST90480723
163112286,GCST90475435
21843029,GCST004626
63941804,GCST90002407
21756790,GCST004613
93081931,GCST90056182
93530227,GCST90018968
21835079,GCST004614
21884634,GCST004629
62742651,GCST90002363
118817592,GCST90296333
93079876,GCST90056180
21893075,GCST004610
163158915,GCST90475529
163368375,GCST90479711
163146323,GCST90475510
163161652,GCST90475538
163367741,GCST90479710
45611477,GCST007932
62658755,GCST90002340
64403522,GCST90002399
62432483,GCST90002344
22001402,GCST004625
93552985,GCST90018990
188240077,GCST90469138
87313345,GCST90019494
64400462,GCST90002400
64416592,GCST90002395
188097376,GCST90468096
21889174,GCST004603
64341200,GCST90002402
188094089,GCST90468095
188077135,GCST90468087
101285434,GCST90002382
64186971,GCST90002386
64190446,GCST90002385
21836315,GCST004608
188219516,GCST90468875
21844046,GCST004609
188111439,GCST90468105
163362171,GCST90479704
188214232,GCST90468843
87313482,GCST90019494
188198316,GCST90468680
214360554,GCST90453175
214360560,GCST90453175
64204332,GCST90002379
103211395,GCST90245985
103211048,GCST90245970
217723561,GCST90837324
62247281,GCST010571
103211298,GCST90245980
188200192,GCST90468698
36508474,GCST007069
218082079,GCST90838669
216545936,GCST90627749
61783862,GCST010303
55599114,GCST009597
215501489,GCST90501167
215510467,GCST90501185
119393721,GCST90295951
135010809,GCST90428446
215508490,GCST90501183
56276868,GCST010244
135013714,GCST90428447
119390922,GCST90295949
215517830,GCST90501193
101332860,GCST90239661
166020052,GCST90566737
97856121,GCST90024412
216824901,GCST90827800
188244259,GCST90469189
63941799,GCST90002407
188285230,GCST90469514
87312923,GCST90019494
188043549,GCST90468069
191842860,GCST90662882
21791956,NA
21797782,NA
21886025,NA
90520583,GCST90020227
63836673,GCST90012107
103211126,GCST90245973
63838398,GCST90012106
103211228,GCST90245977
103211010,GCST90245969
118330108,GCST90281224
22489470,GCST004618
165773625,GCST90568534
64405918,GCST90002398
36075167,GCST007073
214309926,GCST90624094
188284915,GCST90469514
188198161,GCST90468680
188087040,GCST90468092
188240132,GCST90469138
64184201,GCST90002387
188198266,GCST90468680
188198361,GCST90468680
188198326,GCST90468680
87298679,GCST90019502
97984953,GCST90100220
191872355,GCST90662902
93547981,GCST90018979
218066904,GCST90838663
93542604,GCST90018976
188227074,GCST90468934
163370581,GCST90479715
163159928,GCST90475532
218081191,GCST90838669
163369917,GCST90479714
87312544,GCST90019494
87315158,GCST90019494
191898402,GCST90662910
105989400,GCST90271770
36501199,GCST007066
95235243,GCST90095667
138724153,GCST90446645
105591431,GCST90179258
188349494,GCST90470244
165803709,GCST90569375
100373452,GCST90134621
101285442,GCST90002382
64201694,GCST90002381
163363147,GCST90479705
163102589,GCST90475372
163227780,GCST90476345
163363959,GCST90479706
100373411,GCST90134621
163324994,GCST90479603
163327674,GCST90479606
163045311,GCST90475287
163048389,GCST90475291
62497863,GCST90002302
93079686,GCST90056180
163325767,GCST90479604
163050105,GCST90475296
130460190,GCST90268498
163049496,GCST90475294
163326807,GCST90479605
163348340,GCST90479666
163052025,GCST90475299
163047059,GCST90475290
188040932,GCST90468068
163324231,GCST90479602
93505403,GCST90018953
163323289,GCST90479601
36473604,GCST007065
163046376,GCST90475288
101285438,GCST90002382
64201690,GCST90002381
163348913,GCST90479667
62514933,GCST90002298
188318285,GCST90469847
188293967,GCST90469605
131329283,GCST90321120
64082064,GCST90002388
188198136,GCST90468680
188191415,GCST90468622
188040947,GCST90468068
188086378,GCST90468091
64419986,GCST90002394
21836309,GCST004608
36466550,GCST007070
188198291,GCST90468680
188198296,GCST90468680
87314338,GCST90019494
216785566,GCST90448598
56278207,GCST010243
191018906,GCST90559264
100085318,GCST90133002
62087820,GCST010378
91774560,GCST012465
54076100,GCST009150
54995342,GCST009147
188390548,GCST90470751
93503175,GCST90018951
101331204,GCST90239658
192545378,GCST90624105
62709956,GCST90002412
94874756,NA
62251812,NA
62253147,NA
103987974,GCST90255357
215144586,GCST90651070
34970457,GCST006476
47433445,GCST008526
35339111,GCST006940
98436000,GCST90131901
31671878,GCST006950
98437418,GCST90131902
34970417,GCST006476
98435995,GCST90131901
98437413,GCST90131902
34971657,GCST006478
93502066,GCST90018950
101340958,GCST90239670
165703493,GCST90000618
101353709,GCST90239676
101328532,GCST90239655
188403613,GCST90470906
34704093,GCST006574
217562314,GCST90832990
41309544,GCST004988
97493017,GCST90105038
34937739,GCST006396
64732694,GCST012091
101338714,GCST90239667
101343931,GCST90239673
88936358,GCST90020094
56269403,GCST010204
93540356,GCST90018974
191018900,GCST90559264
191018894,GCST90559264
218088745,GCST90838669
27407659,GCST005316
34709087,GCST006571
97470273,GCST90105038
97470278,GCST90105038
35225593,GCST006442
41805,GCST002433
41802,GCST002433
97470283,GCST90105038
98445342,GCST90131904
41429647,GCST007603
93929589,GCST90091061
47384253,GCST008996
131347945,GCST90321121
95290754,GCST90012880
98446941,GCST90131905
62047234,GCST010282
103988484,GCST90255357
105963264,GCST90267907
105963695,GCST90267910
105963125,GCST90267905
35225597,GCST006442
102102874,GCST90243985
102087119,GCST90243968
102087125,GCST90243968
102087131,GCST90243968
97185535,GCST90002705
97185472,GCST90002703
41247562,GCST007462
95986238,GCST90100569
41275299,GCST007474
105965619,GCST90267937
41250914,GCST007468
63949927,GCST011703
105965292,GCST90267931
63049096,GCST010700
162803952,GCST90421268
93908220,GCST90091060
95027643,GCST90095130
63922592,GCST90011875
218977169,GCST90832687
34696481,GCST006572
36098398,GCST007085
131346720,GCST90321121
63051037,GCST010699
105963269,GCST90267907
105962666,GCST90267898
105964255,GCST90267920
97182485,GCST90002555
118723552,GCST90296425
118723832,GCST90296427
97185264,GCST90002691
105964642,GCST90267926
97185601,GCST90002709
105965522,GCST90267936
97184384,GCST90002641
118724234,GCST90296428
105963023,GCST90267904
105964918,GCST90267929
63052394,GCST010698
96113425,GCST008810
97182519,GCST90002556
105964451,GCST90267923
118724703,GCST90296430
105963873,GCST90267914
105964141,GCST90267918
105964007,GCST90267916
163412283,GCST90480488
97230679,GCST90006341
98357138,NA
130945474,NA
100282218,NA
164778715,GCST90314540
61934296,GCST010084
215399213,GCST90728571
35229993,GCST006442
41294898,GCST007590
103956111,GCST90165318
105965065,GCST90267930
34941076,GCST006250
105962852,GCST90267901
34702639,GCST006573
105963416,GCST90267908
34714346,GCST006569
95158297,GCST90095190
100282213,GCST90134330
25569735,GCST005141
71814561,GCST011494
165793989,GCST90569258
165779924,GCST90568798
10059748,GCST002539
97185082,GCST90002683
97185148,GCST90002687
97185029,GCST90002681
97184026,GCST90002624
63049568,GCST010702
97184817,GCST90002668
97185230,GCST90002690
97185196,GCST90002689
188232362,GCST90469033
34833346,GCST006269
27407680,GCST005316
61731223,GCST010043
61739461,GCST010042
164752799,GCST90313273
34719010,GCST006568
105965349,GCST90267932
105963648,GCST90267909
105964059,GCST90267917
105962527,GCST90267896
95988132,GCST90100571
105965465,GCST90267935
191303597,GCST90565842
47701961,GCST008595
27407667,GCST005316
191303602,GCST90565842
36158809,GCST007327
191284424,GCST90565836
191302583,GCST90565840
34723065,GCST006570
34831669,GCST006269
34719014,GCST006568
191284429,GCST90565836
34704866,GCST006574
101054111,GCST90162547
35225589,GCST006442
34709091,GCST006571
17469405,GCST003676
218408183,GCST90841196
218406034,GCST90841193
163434769,GCST90480702
62083640,GCST010340
63098010,GCST90011293
104964731,GCST90267302
93503354,GCST90018952
41248844,GCST007472
191893558,GCST90662909
93537348,GCST90018972
93521533,GCST90018963
36059002,GCST007039
55729553,GCST009871
218072715,GCST90838669
162783185,GCST90446168
97470255,GCST90105038
97470261,GCST90105038
34723061,GCST006570
93550713,GCST90018987
36058998,GCST007039
102693156,GCST90244660
62047230,GCST010282
163435425,GCST90480704
134169882,GCST90435414
104108282,GCST90255621
36159300,GCST007327
105965060,GCST90267930
105964913,GCST90267929
105963411,GCST90267908
104108276,GCST90255621
36099918,GCST007087
131771160,GCST90310294
162644612,GCST90449056
35587188,GCST006628
134172538,GCST90435415
163435063,GCST90480703
163025623,GCST90475194
163313390,GCST90479540
188232332,GCST90469033
188232342,GCST90469033
188157698,GCST90468231
101687788,GCST90239729
100545165,GCST90128471
35568081,GCST006871
35582837,NA
35582798,NA
165794049,NA
215399863,GCST90728573
163395815,GCST90480144
27407671,GCST005316
214288760,GCST90652529
103987624,GCST90255357
218072567,GCST90838669
191908956,GCST90624049
62657853,GCST90002340
62431682,GCST90002344
103234850,GCST90245848
105964357,GCST90267921
102118146,GCST90243989
105964528,GCST90267924
105962919,GCST90267902
105964796,GCST90267928
105962748,GCST90267899
105962430,GCST90267895
105963172,GCST90267906
103234855,GCST90245848
104373303,GCST90264174
100041606,GCST90132903
191891224,GCST90662908
104568145,GCST90249465
188221623,GCST90468896
214362404,GCST90453214
188232322,GCST90469033
97470267,GCST90105038
35748347,GCST006921
97185625,GCST90002710
63100093,GCST90011298
105963950,GCST90267915
131346705,GCST90321121
63048411,GCST010701
63045822,GCST010703
97193472,GCST90003318
34831459,GCST006269
166096820,GCST90572697
95022081,GCST90095129
34941936,GCST006250
106035132,GCST90270074
164568682,GCST90492678
218977173,GCST90832687
164572336,GCST90492679
164565202,GCST90492677
35582666,GCST006886
53688805,GCST009518
53686820,GCST009518
36465045,GCST007070
218072415,GCST90838669
191302589,GCST90565840
163373014,GCST90479787
188232327,GCST90469033
191910422,GCST90624051
165784552,GCST90569012
164734531,GCST90428434
188316101,GCST90469822
31585966,GCST006032
35582612,GCST006881
163306965,GCST90479519
191301939,GCST90565838
34838946,GCST006268
63098726,GCST90011294
104373540,GCST90264174
62047238,GCST010282
105962352,GCST90267894
215399218,GCST90728571
165013735,GCST90503210
95031726,GCST90095131
27407663,GCST005316
165787849,GCST90569101
103236575,GCST90245848
165805413,GCST90569385
218408327,GCST90841196
218406199,GCST90841193
62080526,GCST010340
101157871,GCST90139537
100848328,GCST90162487
62070408,GCST010343
163447688,GCST90480731
61689381,GCST010002
100848257,GCST90162487
102103342,GCST90243985
55655482,GCST010057
55655463,GCST010057
17649092,GCST003844
62315645,GCST011427
104109903,GCST90255621
49134350,GCST009003
217556396,GCST90832990
165013920,GCST90503210
100545376,GCST90128471
165781104,GCST90568869
102088253,GCST90243968
62180544,GCST010557
52122796,GCST009121
52116405,GCST009107
62069102,GCST010343
55730763,GCST009871
34990765,GCST006287
62312331,GCST011427
63784457,NA
138228679,NA
119091130,NA
36059486,GCST007039
104109892,GCST90255621
55730758,GCST009871
131614672,GCST90428119
131338523,GCST90321120
30643651,GCST005648
62081738,GCST010340
93908607,GCST90091060
95032460,GCST90095131
95022790,GCST90095129
101688003,GCST90239729
93929880,GCST90091061
95028136,GCST90095130
105962372,GCST90267894
105962542,GCST90267896
95293366,GCST90012996
63046213,GCST010703
164632364,GCST90492734
138228691,GCST90444487
41251266,GCST007468
138228700,GCST90444487
103956331,GCST90165318
188383677,GCST90470668
188263304,GCST90469357
165797295,GCST90569309
191849614,GCST90662893
93037518,GCST90061435
62203241,GCST010555
97473853,GCST90105038
102104431,GCST90243985
191902491,GCST90662911
49130856,GCST009004
102104437,GCST90243985
191853153,GCST90662894
101966349,GCST90179150
101407016,GCST90176884
132475263,GCST90429009
131614903,GCST90428119
47757101,GCST008744
191910020,GCST90624050
217552046,GCST90832989
93498837,GCST90018949
101966354,GCST90179150
104109897,GCST90255621
217551950,GCST90832989
138722716,GCST90446645
102104425,GCST90243985
103284186,GCST90245848
188149702,GCST90468183
188120140,GCST90468158
188124056,GCST90468161
131629920,GCST90428121
188122824,GCST90468160
188147406,GCST90468180
188136012,GCST90468174
188129604,GCST90468170
188119218,GCST90468157
188148325,GCST90468182
103240355,GCST90245848
103240350,GCST90245848
103240360,GCST90245848
103240365,GCST90245848
131630072,GCST90428121
102088247,GCST90243968
136010381,GCST90309342
93494894,GCST90018947
191897652,GCST90662910
131332078,GCST90321120
189886149,GCST90624675
216681738,GCST90728589
191904835,GCST90662912
35230229,GCST006442
41170537,GCST007841
97474878,GCST90105038
97474872,GCST90105038
34723472,GCST006570
34719801,GCST006568
35226461,GCST006442
34710088,GCST006571
102116613,GCST90243988
64731939,GCST90012792
102097128,GCST90243980
63829533,GCST90012110
97326829,GCST90104273
63836048,GCST90012107
100873645,GCST90027092
63837976,GCST90012106
97328417,GCST90104277
106373563,GCST90239821
63826326,GCST90012111
97331182,GCST90104297
63832905,GCST90012109
63834420,GCST90012108
106006079,GCST90271812
98427085,GCST90131901
88180593,GCST012006
95987140,GCST90100570
100874358,GCST90027093
166099122,GCST90572712
191338462,GCST90565843
191902126,NA
27408030,NA
163375767,NA
100082992,GCST90132974
61934447,GCST010084
64732160,GCST90012794
164569372,GCST90492678
164572931,GCST90492679
164565808,GCST90492677
95023835,GCST90095129
166068427,GCST90551869
166069017,GCST90551870
98438990,GCST90131903
136017031,GCST90309355
93514227,GCST90018959
217556672,GCST90832990
191275936,GCST90651556
87273166,GCST90019518
106374963,GCST90239822
100873785,GCST90027092
106377047,GCST90239824
34702972,GCST006573
34714845,GCST006569
99811885,GCST90132260
25569808,GCST005141
191860215,GCST90662897
163305778,GCST90479516
16478433,GCST003496
55491438,GCST009524
191289653,GCST90565837
103242265,GCST90245848
131343888,GCST90321120
63840798,GCST90012102
36050435,GCST007037
97972068,GCST90105052
103242270,GCST90245848
192541861,GCST90624105
103214705,GCST90245844
165782228,GCST90568892
61933841,GCST010085
134154844,GCST90435412
188408173,GCST90470951
131783744,GCST90310296
131770279,GCST90310294
21442652,GCST004278
164675124,GCST90301701
36604183,GCST007096
40931037,GCST007269
90791756,GCST90020025
55721778,GCST009867
90750488,GCST90020027
90791762,GCST90020025
64200127,GCST90002381
90750495,GCST90020027
188262889,GCST90469357
90791773,GCST90020025
55715895,GCST009858
90736864,GCST90020026
90723178,GCST90020028
90750517,GCST90020027
94161219,GCST90089703
193134637,GCST90437746
102512967,GCST90241245
215102496,GCST90702456
163088340,GCST90475362
163336566,GCST90479635
163338984,GCST90479636
163334116,GCST90479634
136016042,GCST90309355
163081343,GCST90475359
191285098,GCST90565837
132635317,GCST90432152
36523315,GCST007080
90723159,GCST90020028
132634625,GCST90432152
90706366,GCST90020029
90791740,GCST90020025
90750475,GCST90020027
87315988,GCST90019493
90723174,GCST90020028
90723183,GCST90020028
103227840,GCST90245848
55611805,GCST009717
136011758,GCST90309345
103212860,GCST90245844
21755235,GCST004624
21793213,GCST004606
21797253,GCST004617
21885536,GCST004623
191305285,GCST90565843
216295844,GCST90705070
216298534,GCST90705071
119121048,GCST90244093
103205326,GCST90245889
163398911,GCST90480202
163399176,GCST90480206
163399018,GCST90480203
163192890,GCST90475994
163192753,GCST90475993
101673244,GCST90239723
131515642,GCST90399687
36516335,GCST007075
103227825,GCST90245848
191305290,NA
103594821,NA
134164600,NA
191305295,GCST90565843
90723169,GCST90020028
191898882,GCST90662910
191305305,GCST90565843
188143791,GCST90468178
63148769,GCST006585
162854272,GCST90426948
55315661,GCST009577
101283929,GCST90002382
101283933,GCST90002382
103227870,GCST90245848
188044604,GCST90468069
36471915,GCST007065
191868731,GCST90662901
104177555,GCST90255669
104533535,GCST90247714
94161225,GCST90089703
103227865,GCST90245848
36485093,GCST007067
188132833,GCST90468172
188131281,GCST90468171
36099537,GCST007087
163436094,GCST90480706
163435602,GCST90480705
100046002,GCST90132905
191872815,GCST90662902
93533540,GCST90018970
90791778,GCST90020025
36092641,GCST007081
191366401,GCST90565844
191285093,GCST90565837
214354607,GCST90453034
214354613,GCST90453034
214354619,GCST90453034
102512982,GCST90241245
214354601,GCST90453034
90808418,GCST012227
191876643,GCST90662904
191305311,GCST90565843
104533540,GCST90247714
90706384,GCST90020029
90791787,GCST90020025
90782442,GCST90020024
90750530,GCST90020027
90791782,GCST90020025
55715996,GCST009858
90782437,GCST90020024
90750524,GCST90020027
90706376,GCST90020029
90782427,GCST90020024
90808422,GCST012227
90808427,GCST012227
162643987,GCST90449056
40932194,GCST007267
134171695,GCST90435415
191890704,GCST90662908
100401551,GCST90137450
94066200,GCST90093370
93482868,GCST90018868
94065886,GCST90093369
100400564,GCST90137440
98449283,GCST90094400
104893677,GCST90267390
191901031,GCST90662911
90736859,GCST90020026
90791768,GCST90020025
217562542,GCST90832991
90750511,GCST90020027
103227845,GCST90245848
217554503,GCST90832990
165725123,GCST90503108
90782422,GCST90020024
103227850,GCST90245848
41136489,GCST007841
103227835,GCST90245848
103227860,GCST90245848
188338905,GCST90470112
191876034,GCST90662903
191851284,GCST90662893
218070367,GCST90838669
55721907,GCST009867
90750502,GCST90020027
104533515,GCST90247714
47486174,GCST008413
47485659,GCST008413
101673691,GCST90239727
188133585,GCST90468173
33119,GCST001956
94875818,GCST90032315
216261806,GCST90797305
188126089,GCST90468165
36498348,GCST007066
90706371,GCST90020029
90706380,GCST90020029
90611723,GCST012226
188133288,GCST90468172
134164590,GCST90435412
188131691,GCST90468171
163341271,GCST90479637
188135361,GCST90468173
163095502,NA
90723164,NA
163101115,NA
216260959,GCST90244158
188145857,GCST90468178
127892892,GCST90294400
93513587,GCST90018959
191305300,GCST90565843
41136485,GCST007841
90808414,GCST012227
47691104,GCST008733
47381311,GCST008994
47691976,GCST008734
47385114,GCST008996
47383142,GCST008997
104962381,GCST90267284
103282621,GCST90245848
93469190,GCST90018739
47844271,GCST008839
105754706,GCST90238516
21413,GCST001476
103282616,GCST90245848
218060030,GCST90838680
188338967,GCST90470113
103227815,GCST90245848
10079401,GCST002647
103227820,GCST90245848
94161214,GCST90089703
90791745,GCST90020025
102260894,GCST90205205
55715900,GCST009858
90723153,GCST90020028
90750481,GCST90020027
191185901,GCST90399396
21791443,GCST004600
191187081,GCST90399398
103227830,GCST90245848
106375911,GCST90239822
103212855,GCST90245844
90782432,GCST90020024
90791751,GCST90020025
93492651,GCST90018945
41553800,GCST007798
188042082,GCST90468068
41551600,GCST007800
216302716,GCST90705072
119122971,GCST90244094
21892728,GCST004610
64402700,GCST90002399
188087285,GCST90468092
21757141,GCST004613
21834822,GCST004614
163368837,GCST90479712
163370388,GCST90479715
163361905,GCST90479704
218073735,GCST90838669
64405015,GCST90002398
36465266,GCST007070
188088532,GCST90468093
93529462,GCST90018968
216864674,GCST90827928
103283946,GCST90245848
188412895,GCST90471032
21842729,GCST004626
188086093,GCST90468091
191884191,GCST90662906
218065752,GCST90838663
64419038,GCST90002394
191841231,GCST90662880
41138537,GCST007841
62427857,GCST90002355
63940605,GCST90002407
165815555,GCST90569455
138936212,GCST90278615
119091003,GCST90301650
36059134,GCST007039
131627594,GCST90428121
55730404,GCST009871
101334642,GCST90239664
217551775,GCST90832989
101331806,GCST90239661
106253575,GCST90244408
165806489,GCST90569399
97471461,GCST90105038
35225825,GCST006442
34709343,GCST006571
36093209,GCST007081
34719237,GCST006568
143802450,GCST90455669
134167168,GCST90435413
93487237,GCST90018934
91265416,GCST90026597
91265781,GCST90026598
101949728,GCST90179146
100848358,GCST90162487
100848221,GCST90162487
97857504,GCST90024461
100848268,GCST90162487
188216722,GCST90468858
93501276,GCST90018950
47384922,GCST008996
21434504,GCST004264
188159901,GCST90468250
188216757,NA
165817134,NA
191329945,NA
41138169,GCST007841
96767578,GCST90029070
34714498,GCST006569
191329940,GCST90565843
63784243,GCST010988
103236515,GCST90245848
103236520,GCST90245848
103236525,GCST90245848
192895639,GCST90128425
93514122,GCST90018959
138227914,GCST90444487
35805473,GCST006914
100848370,GCST90162487
93511898,GCST90018958
93888495,GCST90007254
188233864,GCST90469044
192546360,GCST90624107
104108616,GCST90255621
55730418,GCST009871
93908344,GCST90091060
95027278,GCST90095129
95028996,GCST90095130
101374919,GCST90239635
103987119,GCST90255357
127871290,GCST90293452
41138165,GCST007841
41395846,GCST007565
41380564,GCST007576
36103072,GCST007083
103236530,GCST90245848
103236535,GCST90245848
103595215,GCST90245995
64668516,GCST011122
191907045,GCST90662912
102078364,GCST90133232
119121318,GCST90244093
55277363,GCST009531
62083472,GCST010340
163388029,GCST90480011
192541449,GCST90624105
165216717,GCST90461957
106216565,GCST90277988
191287936,GCST90565837
188264894,GCST90469357
217629361,GCST90833051
216296925,GCST90705070
102116844,GCST90243988
102096447,GCST90243976
119086639,GCST90301649
102115592,GCST90243987
63777764,GCST010989
130273287,GCST90244762
188237487,GCST90469108
94186304,GCST90089750
131780724,GCST90310295
131774017,GCST90310294
162646860,GCST90449056
35584736,GCST006624
63615476,GCST012020
216636188,GCST90265623
101158228,GCST90139558
119907851,GCST90200343
119627248,GCST90300147
103257542,GCST90245848
64607306,GCST011049
117665953,GCST90292477
191891883,GCST90662909
191888994,GCST90662908
188085668,GCST90468091
90539490,GCST90002393
35230661,GCST006442
105613614,GCST90270399
118864355,GCST90274714
118861668,GCST90274713
188237482,GCST90469108
103257547,GCST90245848
163305929,GCST90479516
163149414,GCST90475514
163325712,GCST90479604
163326736,GCST90479605
163324165,GCST90479602
163306440,GCST90479517
163147918,GCST90475511
34721159,GCST006568
34711803,GCST006571
63157487,GCST006585
191842977,GCST90662883
191843304,GCST90662884
64400288,GCST90002400
64341033,GCST90002402
188091906,GCST90468095
63824912,GCST90012112
21843985,GCST004609
218079795,GCST90838669
104512282,GCST90246659
218079819,GCST90838669
97483077,GCST90105038
35227889,GCST006442
188237497,GCST90469108
64203432,GCST90002380
64403409,NA
64419848,NA
63822441,NA
138943588,GCST90278637
21836250,GCST004608
35966055,GCST006979
64075574,GCST90002390
188095416,GCST90468096
62500866,GCST90002361
62746830,GCST90002357
102457298,GCST90103093
119768351,GCST90245336
36480065,GCST007068
93461754,GCST90018569
63156055,GCST006585
24656224,GCST006288
24655080,GCST006288
36500906,GCST007066
35132940,GCST006433
136014675,GCST90309353
103257537,GCST90245848
36466366,GCST007070
93532076,GCST90018969
103286626,GCST90245848
62311855,GCST011427
117666495,GCST90292480
117665958,GCST90292477
117662661,GCST90000062
99812676,GCST90132260
105613162,GCST90270397
217628510,GCST90833050
36061986,GCST007039
93500682,GCST90018949
62077369,GCST010339
55735286,GCST009871
164636874,GCST90492734
101971644,GCST90179150
93466576,GCST90018727
49101264,GCST004904
97491336,GCST90105038
97491342,GCST90105038
95127628,GCST90000025
131628603,GCST90428121
136018467,GCST90309357
30524426,GCST005951
47383201,GCST008997
103219125,GCST90245844
56279971,GCST010242
95154270,GCST008811
61999844,GCST009777
192901782,GCST90623793
192901787,GCST90623793
61744065,GCST010049
19568064,GCST003984
217413965,GCST90828116
143804043,GCST90455669
138234937,GCST90444487
101971649,GCST90179150
104118645,GCST90255621
138234943,GCST90444487
138725462,GCST90446645
98380976,GCST90094762
98384567,GCST90094841
215508970,GCST90501183
215489576,GCST90501145
215481068,GCST90501137
215516453,GCST90501191
215478641,GCST90501135
215512974,GCST90501187
215467337,GCST90501115
215512018,GCST90501184
215466401,GCST90501114
215464284,GCST90501112
215456055,GCST90501098
215469069,GCST90501117
215515662,GCST90501189
215510211,GCST90501182
215465420,GCST90501113
134167681,GCST90435413
215513920,GCST90501186
218094995,GCST90838671
21115,GCST001430
43874,GCST002544
55249831,GCST009325
63807750,GCST010991
24651767,GCST004902
55735391,GCST009871
166095947,GCST90572694
93039399,GCST90061435
94879900,GCST90032603
34995040,GCST006287
119263491,GCST90308590
119263496,GCST90308590
96763777,GCST90102253
95024205,GCST90095129
103277421,GCST90245848
101323010,GCST90239649
101325682,GCST90239652
103277426,GCST90245848
95429940,GCST90096932
104118635,GCST90255621
98384283,GCST90094838
98383958,GCST90094836
104118640,NA
105871974,NA
166018605,NA
216302333,GCST90705072
166020685,GCST90566737
131617438,GCST90428119
131628095,GCST90428121
93887609,GCST90007202
188120345,GCST90468158
100086739,GCST90133025
188148545,GCST90468182
98384159,GCST90094837
98380760,GCST90094759
98382213,GCST90094791
35805388,GCST006912
91778031,GCST90020232
31960904,GCST006099
91779276,GCST90020233
94059298,GCST90093322
91781613,GCST90038594
49134028,GCST009003
102094971,GCST90243968
101951095,GCST90179146
188122589,GCST90468160
132682962,GCST90432180
188147111,GCST90468180
188136789,GCST90468175
188119003,GCST90468157
191832700,GCST90662857
101971655,GCST90179150
119088823,GCST90301650
217554222,GCST90832989
191855402,GCST90662895
63785859,GCST010988
119088818,GCST90301650
36061982,GCST007039
131626585,GCST90428121
55735281,GCST009871
35934630,GCST007064
217554172,GCST90832989
56273269,GCST010241
47757703,GCST008744
218087087,GCST90838669
55735416,GCST009871
136009053,GCST90309341
49128842,GCST009004
191896947,GCST90662910
93467565,GCST90018729
191906355,GCST90662912
98379025,GCST90094711
98383019,GCST90094815
131631603,GCST90428121
34995015,GCST006287
41273778,GCST007434
102094965,GCST90243968
61990317,GCST010503
131617110,GCST90428119
93496569,GCST90018947
188150192,GCST90468183
96768305,GCST90029070
98380413,GCST90094749
97491330,GCST90105038
61934886,GCST010084
88929146,GCST90000047
100400200,GCST90104339
93039394,GCST90061435
36160062,GCST007326
119085529,GCST90301649
104118629,GCST90255621
47384084,GCST008996
217630846,GCST90833051
41276453,GCST007474
41253015,GCST007468
36526478,GCST007080
93910743,GCST90091060
95029267,GCST90095130
134170438,GCST90435414
49100921,GCST004904
131722257,GCST90319904
163435368,GCST90480703
191852588,GCST90662894
218086907,GCST90838669
216853968,GCST90827895
191363084,GCST90565843
136017990,GCST90309355
217561553,GCST90832990
47169332,GCST007841
191300368,GCST90565837
103214730,GCST90245844
36088796,GCST007079
27398711,GCST005312
192542114,GCST90624105
103595485,GCST90245995
93499092,GCST90018949
41170557,GCST007841
62310207,GCST011427
165014002,GCST90503210
20811,GCST001413
130481254,GCST90320256
103242575,GCST90245848
165772012,GCST90568475
119900715,GCST90199870
163400294,GCST90480230
191338531,NA
93514532,NA
191338536,NA
104961650,GCST90267284
217556693,GCST90832990
165814147,GCST90569453
191901581,GCST90662911
55598191,GCST009597
191898587,GCST90662910
191289687,GCST90565837
134159021,GCST90435412
103221509,GCST90245845
188139386,GCST90468178
119765355,GCST90245224
93526744,GCST90018966
90787844,GCST90020024
90712614,GCST90020029
101446926,GCST90002403
90799644,GCST90020025
90787848,GCST90020024
90759359,GCST90020027
90799639,GCST90020025
55719835,GCST009858
90759354,GCST90020027
90712620,GCST90020029
90799650,GCST90020025
90759365,GCST90020027
90799654,GCST90020025
90787859,GCST90020024
90759370,GCST90020027
90712628,GCST90020029
90799658,GCST90020025
90759374,GCST90020027
90799662,GCST90020025
90787863,GCST90020024
90759379,GCST90020027
103270889,GCST90245848
90712632,GCST90020029
90799666,GCST90020025
90787867,GCST90020024
90759383,GCST90020027
62490071,GCST90002326
62653800,GCST90002322
36269,GCST002073
47380801,GCST008994
47384442,GCST008996
191839680,GCST90662877
118332970,GCST90281250
131348305,GCST90321121
36509194,GCST007069
216546395,GCST90627749
191880222,GCST90662905
21892052,GCST004621
90712624,GCST90020029
191016433,GCST90559259
188403503,GCST90470906
218094419,GCST90838671
218084391,GCST90838669
41332948,GCST007502
41332599,GCST007487
41333169,GCST007500
41332364,GCST007483
93473094,GCST90018746
93524031,GCST90018964
134409662,GCST90435144
188078462,GCST90468088
131342833,GCST90321120
93472190,GCST90018744
34994396,GCST006287
188080734,GCST90468089
192545620,GCST90624107
62503804,GCST90002367
55726392,GCST009867
55726387,GCST009867
90787854,GCST90020024
55719840,GCST009858
47382787,GCST008997
188071418,GCST90468086
101970682,GCST90179150
93496279,GCST90018947
188247443,GCST90469206
191186714,GCST90399398
36458823,GCST007074
163236729,GCST90476365
163432411,GCST90480672
163433428,GCST90480673
188103892,GCST90468099
93536674,GCST90018971
36486705,GCST007067
217564973,GCST90832991
191016427,GCST90559259
64076202,GCST90002390
188070473,GCST90468086
22007878,GCST004602
93062640,GCST90056174
188066944,GCST90468084
62656846,GCST90002334
64409920,GCST90002397
64092250,GCST90002392
64413445,GCST90002396
36480827,GCST007068
22075107,GCST004630
188128792,GCST90468169
191016444,NA
62435005,NA
217565010,NA
16521870,GCST003468
104864671,GCST90267403
100511877,GCST006804
131342473,GCST90321120
47842259,GCST008962
47842250,GCST008962
12506251,GCST002782
12506249,GCST002782
47691134,GCST008733
97356001,GCST90104406
47692004,GCST008734
88924256,GCST90014303
20080408,GCST004146
118332679,GCST90281247
98158339,GCST005956
118864919,GCST90274714
40767950,GCST006085
118862342,GCST90274713
64607596,GCST011049
102227216,GCST90244007
118333126,GCST90281253
191016438,GCST90559259
118333198,GCST90281254
118333034,GCST90281252
118851307,GCST90297562
193104336,GCST90624738
62743024,GCST90002363
62740760,GCST90002369
64334485,GCST90002404
62505494,GCST90002372
36502060,GCST007066
191357778,GCST90565843
191016456,GCST90559259
191016450,GCST90559259
100319438,GCST90134398
165218672,GCST90461958
165217234,GCST90461957
87274021,GCST90019518
132682861,GCST90432180
91504234,GCST90027168
91504242,GCST90027168
91504274,GCST90027168
91504266,GCST90027168
91504290,GCST90027168
91504344,GCST90027168
47759391,GCST008746
91504586,GCST90027168
34710688,GCST006571
165298570,GCST90565218
62715545,GCST010719
55537228,GCST009538
55536439,GCST009538
55535252,GCST009538
190017007,GCST90502294
190079213,GCST90502606
190097102,GCST90502710
190092393,GCST90502670
190060847,GCST90502502
214132711,GCST90693330
91504650,GCST90027168
90621269,GCST012228
90640539,GCST012230
24778128,GCST005001
191129336,GCST90627736
90810290,GCST012227
35965070,GCST006979
90726412,GCST90020028
165656932,GCST90565588
131721299,GCST90319904
91504610,GCST90027168
127932960,GCST90295549
91504282,GCST90027168
190035116,GCST90502373
217552546,GCST90832989
141941799,GCST90454588
30568157,GCST005830
131619368,GCST90428120
105048900,GCST90269967
91504470,GCST90027168
93482186,GCST90018860
103285096,GCST90245848
103285101,GCST90245848
47903772,GCST008916
80495874,GCST011598
106272410,GCST90270118
91504374,GCST90027168
91504516,GCST90027168
80431919,GCST012213
133715302,GCST90435380
56275794,GCST010244
191303039,GCST90565841
101334944,GCST90239664
218950477,GCST90841375
91504304,GCST90027168
106272405,GCST90270118
189981265,GCST90502168
131723522,GCST90319906
47886493,GCST008972
91504500,GCST90027168
101329844,GCST90239658
101337352,NA
101339815,NA
101347916,NA
101327000,GCST90239655
104327242,GCST90258653
101342070,GCST90239673
91504524,GCST90027168
162829565,GCST90424210
103221809,GCST90245845
97371074,GCST90104627
55731473,GCST009871
100393412,GCST90134664
119086299,GCST90301649
63777148,GCST010989
30547925,GCST005902
27578641,GCST005541
91504358,GCST90027168
165260323,GCST90565134
191341701,GCST90565843
137867509,GCST90454175
90621275,GCST012228
90640544,GCST012230
137867847,GCST90454178
188149417,GCST90468183
188107876,GCST90468101
188052521,GCST90468075
93467180,GCST90018729
188106059,GCST90468100
55535485,GCST009538
55539205,GCST009540
91504571,GCST90027168
91504579,GCST90027168
191341689,GCST90565843
188314778,GCST90469813
169092751,GCST90590341
132629187,GCST90432132
137868096,GCST90454180
137868424,GCST90454182
163413048,GCST90480503
14044,GCST000506
91504218,GCST90027168
91504211,GCST90027168
91504226,GCST90027168
91504250,GCST90027168
91504258,GCST90027168
191846600,GCST90662887
91504312,GCST90027168
27578647,GCST005541
99812370,GCST90132260
93054088,GCST90085695
91504336,GCST90027168
98428116,GCST90131901
98428122,GCST90131901
191277472,GCST90651682
104111536,GCST90255621
93078411,GCST90056178
165260979,GCST90565134
164770471,GCST90314149
164770495,GCST90314150
164770651,GCST90314156
164770607,GCST90314154
61936211,GCST010083
103246456,GCST90245848
91504634,GCST90027168
104176288,GCST90129505
103246461,GCST90245848
91504478,GCST90027168
91504727,GCST90027168
191284633,GCST90565836
189933114,GCST90502056
189936605,GCST90502062
56259156,GCST010011
91504297,GCST90027168
188300296,GCST90469687
189906970,GCST90502004
189966025,GCST90502134
189954167,GCST90502095
127944287,GCST90295751
127953353,GCST90295835
165382354,GCST90565438
127954209,GCST90295836
91504626,GCST90027168
91504508,GCST90027168
188145746,GCST90468178
104960837,GCST90267284
102228173,GCST90244010
102098902,GCST90243984
91504366,GCST90027168
166068112,GCST90551869
134159995,GCST90435412
100837460,GCST90161871
191837061,GCST90662870
96224085,GCST90092880
96176709,GCST90092933
190062307,GCST90502503
96163729,GCST90092898
169093427,GCST90590343
190080844,GCST90502607
91504680,GCST90027168
91504564,GCST90027168
104326263,GCST90258652
134250740,GCST90448240
91504351,GCST90027168
131556316,NA
165261210,NA
91504540,NA
191372288,GCST90565845
191290896,GCST90565837
190019485,GCST90502306
190027102,GCST90502346
169092756,GCST90590341
189992175,GCST90502199
30547929,GCST005902
134250750,GCST90448240
105296500,GCST90270081
164632964,GCST90492734
93055282,GCST90085697
22003588,GCST004750
191910496,GCST90624051
134091895,GCST90446215
47904593,GCST008921
134091654,GCST90446210
34696731,GCST006572
22002888,GCST004748
100345670,GCST90134530
104373206,GCST90264174
91504665,GCST90027168
214200635,GCST90002244
91504398,GCST90027168
91504438,GCST90027168
91504446,GCST90027168
106264541,GCST90270116
131619294,GCST90428120
188313231,GCST90469797
191005454,GCST90559244
134097967,GCST90319319
91504320,GCST90027168
38450255,GCST007201
90542421,GCST90016674
127953487,GCST90295835
189998512,GCST90502218
189910017,GCST90502010
189906964,GCST90502004
189966020,GCST90502134
189957254,GCST90502101
189954162,GCST90502095
189995339,GCST90502212
189969381,GCST90502140
127954351,GCST90295836
189925683,GCST90502043
191005460,GCST90559244
191304149,GCST90565842
169092053,GCST90590340
91504688,GCST90027168
91504602,GCST90027168
136008975,GCST90309340
93482908,GCST90018868
24778276,GCST005001
91504696,GCST90027168
91504618,GCST90027168
62179776,GCST010557
24724699,GCST004950
188044609,GCST90468069
191341695,GCST90565843
80431925,GCST012213
47748367,GCST008758
214166664,GCST90704954
91504703,GCST90027168
104326363,GCST90258652
80056658,GCST006613
91504532,GCST90027168
91504548,GCST90027168
188278554,GCST90469457
189928999,GCST90502049
190085252,GCST90502623
189922048,GCST90502036
91504390,GCST90027168
91504556,GCST90027168
22003583,GCST004750
22002883,GCST004748
91504382,GCST90027168
91504414,GCST90027168
91504430,GCST90027168
191290902,GCST90565837
191368297,GCST90565844
97477527,GCST90105038
188409502,GCST90470968
162821945,GCST90423315
127932639,GCST90295549
162814651,GCST90422503
104327563,GCST90258653
91504642,GCST90027168
189971873,GCST90502142
189995344,GCST90502212
214163929,GCST90704952
217629703,GCST90833051
218604084,GCST90830126
218605021,GCST90830127
218601953,GCST90830038
218606080,GCST90830129
218611664,GCST90830015
218608255,GCST90830133
218599743,GCST90829999
218607226,GCST90830130
218615654,GCST90830017
218618626,GCST90830355
91504594,NA
191284638,NA
191304144,NA
106760719,GCST90281043
191302376,GCST90565839
191368302,GCST90565844
189986728,GCST90502186
190030145,GCST90502358
190100126,GCST90502722
190082261,GCST90502618
91504658,GCST90027168
214526815,GCST90726344
191129436,GCST90627736
91504485,GCST90027168
214526820,GCST90726344
41173991,GCST007325
218076471,GCST90838669
190078572,GCST90502597
218977779,GCST90832687
91504672,GCST90027168
191832740,GCST90662857
218066200,GCST90838663
91504422,GCST90027168
91504454,GCST90027168
91504462,GCST90027168
91504203,GCST90027168
91504406,GCST90027168
188176148,GCST90468481
90613293,GCST012226
38450240,GCST007201
104326275,GCST90258652
190096330,GCST90502701
96225467,GCST90092939
34941986,GCST006250
100282356,GCST90134330
162783721,GCST90446169
61998628,GCST009777
80621763,GCST012332
62655682,GCST90002334
55729873,GCST009871
62433836,GCST90002338
36098457,GCST007085
143786041,GCST90455642
104373780,GCST90264174
100282382,GCST90134330
36523964,GCST007080
93535594,GCST90018971
36506736,GCST007069
98438501,GCST90131903
35748767,GCST006920
35230085,GCST006442
36103096,GCST007083
104374483,GCST90264174
17485641,GCST003677
102118411,GCST90243989
35225929,GCST006442
34709431,GCST006571
191894128,GCST90662909
64732149,GCST90012794
93545082,GCST90018978
55729859,GCST009871
87315687,GCST90019493
96144011,GCST90092845
96145165,GCST90092847
34943186,GCST006250
104373583,GCST90264174
100282377,GCST90134330
21542109,GCST004433
164568981,GCST90492678
164572616,GCST90492679
164565482,GCST90492677
119119701,GCST90244092
134250841,GCST90448240
35225925,GCST006442
105989212,GCST90271769
27407798,GCST005316
164563941,GCST90446162
130445405,GCST90129461
163430649,GCST90480670
27409714,GCST005316
191019106,GCST90559264
27407756,GCST005316
34941991,GCST006250
214131301,GCST90693320
134169838,GCST90435414
165684148,GCST90455657
129237496,GCST90319504
61936273,GCST010083
165284171,GCST90565155
98425934,GCST90131901
93537538,GCST90018972
191019090,GCST90559264
189867419,GCST90565742
88926093,GCST90000050
188330745,GCST90469987
165093830,GCST90503485
188328790,GCST90469952
16478482,GCST003496
95158389,GCST90095190
17469879,GCST003676
93503499,GCST90018952
188328920,GCST90469952
63839238,GCST90012104
55491763,NA
166067728,NA
191019101,NA
104373513,GCST90264174
49135028,GCST009003
189842352,GCST90454486
103944770,GCST90244702
49131357,GCST009004
214200122,GCST90002238
96148427,GCST90092853
162839899,GCST90425468
188393394,GCST90470809
188150412,GCST90468183
63784288,GCST010988
101965739,GCST90179150
91777917,GCST90020232
119090757,GCST90301650
188120445,GCST90468158
189973301,GCST90502147
36059210,GCST007039
91779757,GCST90020234
188124541,GCST90468161
188123179,GCST90468160
91779228,GCST90020233
188147786,GCST90468180
188137354,GCST90468175
188136372,GCST90468174
191908435,GCST90662912
188130084,GCST90468170
188119533,GCST90468157
134167880,GCST90435413
36610237,GCST007063
91781498,GCST90038594
188148645,GCST90468182
188160626,GCST90468255
55729878,GCST009871
215598750,GCST90501327
90737972,GCST90020026
106268005,GCST90270118
106259665,GCST90270116
98382315,GCST90094794
188153044,GCST90468184
188122005,GCST90468159
47454171,GCST008549
105993418,GCST90271779
105299027,GCST90270085
215584257,GCST90501302
96201972,GCST90093006
105993323,GCST90271777
215583436,GCST90501303
215583185,GCST90501301
96763817,GCST90102253
61689423,GCST010002
215582194,GCST90501300
93494764,GCST90018947
215579291,GCST90501296
214064396,GCST90668077
34968560,GCST006475
214314331,GCST90668013
163126522,GCST90475458
163350248,GCST90479670
214526561,GCST90726344
64668525,GCST011122
188055345,GCST90468077
191303715,GCST90565842
34941121,GCST006250
47381972,GCST008998
63922672,GCST90011875
101054731,GCST90179114
218977243,GCST90832687
34696543,GCST006572
63100146,GCST90011298
104373227,GCST90264174
165147877,GCST90503115
100282372,GCST90134330
188245175,GCST90469197
64668529,GCST011122
101949801,GCST90179146
96767134,GCST90029070
55490302,GCST009523
136010992,GCST90309344
93529492,GCST90018968
215577074,GCST90501294
169094393,GCST90590348
191897822,GCST90662910
217551803,GCST90832989
131778683,GCST90310295
131771561,GCST90310294
36499238,GCST007066
162650805,GCST90449057
55492040,GCST009524
21435659,GCST004280
191864438,GCST90662899
165093852,GCST90503485
188138123,GCST90468177
80621759,GCST012332
41430128,GCST007614
55491075,GCST009524
93519884,GCST90018962
55290869,GCST009337
34702768,GCST006573
188101765,GCST90468098
131476397,GCST90321079
136813534,NA
98438496,NA
137867149,NA
189866952,GCST90565740
131625310,GCST90428121
105993781,GCST90271786
131612889,GCST90428119
17570965,GCST003795
131619833,GCST90428120
34596595,GCST006045
47108805,GCST007988
129339046,GCST90308774
93037306,GCST90061435
104108929,GCST90255621
100399851,GCST90104339
100400278,GCST90104341
214193320,GCST90269774
34831771,GCST006269
100400358,GCST90104345
100399845,GCST90104339
63923737,GCST90011874
102116519,GCST90243988
34941996,GCST006250
102097031,GCST90243980
132681555,GCST90432180
105708712,GCST90271340
193224241,GCST90568441
101396824,GCST90239692
104877769,GCST90267548
137867570,GCST90454176
218977252,GCST90832687
98425939,GCST90131901
34968680,GCST006475
34962797,GCST006943
100282387,GCST90134330
132478781,GCST90429151
189867372,GCST90565742
165284918,GCST90565160
102532785,GCST90243001
191128442,GCST90627735
191129284,GCST90627736
164564422,GCST90446163
188389043,GCST90470726
87288398,GCST90019509
87286741,GCST90019510
87311310,GCST90019495
63829892,GCST90012110
63826362,GCST90012111
87303976,GCST90019499
34832071,GCST006269
27407781,GCST005316
191129811,GCST90627736
104374675,GCST90264174
188297554,GCST90469651
165283825,GCST90565152
188098583,GCST90468097
214161200,GCST90704949
214165144,GCST90704953
164568976,GCST90492678
164572611,GCST90492679
164565477,GCST90492677
193165621,GCST90441957
215462653,GCST90501111
106376742,GCST90239823
191185326,GCST90399396
215487214,GCST90501143
189843128,GCST90454488
102699871,GCST90244680
100282367,GCST90134330
191186419,GCST90399398
41553474,GCST008129
134409392,GCST90435144
104108923,GCST90255621
217566021,GCST90832992
41395736,GCST007565
104958451,GCST90267280
215565622,GCST90501273
215510857,GCST90501185
215575066,GCST90501292
93540640,GCST90018975
215580953,GCST90501298
215521401,GCST90501199
215492998,GCST90501151
215540312,GCST90501235
215489551,GCST90501145
215481053,GCST90501137
215585988,GCST90501305
215561445,GCST90501267
215548238,GCST90501244
215518265,GCST90501193
215478636,GCST90501135
188373511,GCST90470570
216295989,GCST90705070
191302226,GCST90565839
27407814,GCST005316
36081306,GCST007077
98425929,GCST90131901
100282361,GCST90134330
34831417,GCST006269
100873610,GCST90027092
24774003,GCST005013
100842734,GCST90162152
100840476,GCST90162064
105989546,NA
105989065,NA
106193803,NA
117751236,GCST90281350
191302626,GCST90565840
61934342,GCST010084
118796832,GCST90104574
165093857,GCST90503485
34723222,GCST006570
191910439,GCST90624051
21542104,GCST004433
98425924,GCST90131901
191288186,GCST90565837
165283338,GCST90565151
165284429,GCST90565159
165284249,GCST90565156
165282170,GCST90565147
165282820,GCST90565148
165093847,GCST90503485
137654703,GCST90451698
165702968,GCST90000618
131723237,GCST90319906
188055625,GCST90468077
188108196,GCST90468101
188106349,GCST90468100
188059429,GCST90468079
191019112,GCST90559264
102532800,GCST90243001
93507826,GCST90018955
214467768,GCST90432175
215461701,GCST90501109
191019096,GCST90559264
138722421,GCST90446645
214362106,GCST90453212
55729887,GCST009871
100840458,GCST90162064
64651369,GCST011119
214527489,GCST90726346
218073323,GCST90838669
93490588,GCST90018943
133874782,GCST90302070
191835194,GCST90662864
131756268,GCST90428729
191862579,GCST90662898
96225335,GCST90092936
165107132,GCST90503751
216859387,GCST90827914
106391566,GCST90269565
218658651,GCST90831268
218630435,GCST90830359
218659246,GCST90831269
218659777,GCST90831270
218637099,GCST90830363
218640584,GCST90830369
218624135,GCST90830356
218639667,GCST90830368
218626975,GCST90830357
218622052,GCST90830355
91624539,GCST012335
105593179,GCST90179379
103288802,GCST90245848
32222,GCST002031
32210,GCST002030
104481659,GCST90266934
163320378,GCST90479589
97181841,GCST90002504
163299743,GCST90479501
163381425,GCST90479892
163298915,GCST90479500
163026570,GCST90475199
163320010,GCST90479588
41540868,GCST008258
138725348,GCST90446645
41540949,GCST008258
191361886,GCST90565843
163039998,GCST90475268
49135033,GCST009003
163039399,GCST90475265
27409263,GCST005316
95291742,GCST90012884
106036379,GCST90270074
162992004,GCST90475094
16472054,GCST003435
16471672,GCST003435
163380422,GCST90479885
217565387,GCST90832991
94048686,GCST90085924
63101429,GCST90011298
162989467,GCST90475091
192548321,GCST90624107
34722468,GCST006570
95032429,GCST90095131
163329806,GCST90479626
63785803,GCST010988
91778139,GCST90020232
102121716,GCST90243989
119088692,GCST90301650
191304978,GCST90565842
101688418,GCST90239729
106004073,GCST90271797
188119700,GCST90468158
192544577,GCST90624105
134168284,GCST90435414
36061890,NA
163058867,NA
91779787,NA
188123391,GCST90468161
34941716,GCST006250
131630532,GCST90428121
188122319,GCST90468160
100041557,GCST90132903
106003368,GCST90271794
163170643,GCST90475658
104118266,GCST90255621
106003829,GCST90271796
63922362,GCST90011875
163056726,GCST90475329
55734943,GCST009871
106004825,GCST90271801
163329064,GCST90479625
34697200,GCST006572
188136519,GCST90468175
102100297,GCST90243984
138234712,GCST90444487
188135548,GCST90468174
131613994,GCST90428119
134170977,GCST90435415
106002905,GCST90271792
188118793,GCST90468157
134165281,GCST90435413
163172461,GCST90475667
91781723,GCST90038594
21477214,GCST000610
191361898,GCST90565843
191361892,GCST90565843
165677579,GCST90503075
80402837,GCST90010427
87298291,GCST90019502
87293865,GCST90019506
102460044,GCST90103265
103225291,GCST90245846
134409362,GCST90435144
214457599,GCST90709782
101690155,GCST90239729
47233675,GCST008058
188368841,GCST90470495
97471022,GCST90105038
97471028,GCST90105038
41440106,GCST007638
93908273,GCST90091060
95028885,GCST90095130
165104569,GCST90503747
62930137,GCST011053
188266069,GCST90469357
96222630,GCST90092820
63047656,GCST010703
88323105,GCST012448
94167562,GCST90087700
34944443,GCST006249
103235515,GCST90245848
41137949,GCST007841
103235520,GCST90245848
101936194,GCST90243810
162808934,GCST90421845
97459955,GCST90105014
163336966,GCST90479635
163339368,GCST90479636
188039335,GCST90468067
191902506,GCST90662911
191323758,GCST90565843
103213835,GCST90245844
27407768,GCST005316
143786075,GCST90455643
34832471,GCST006269
55491617,GCST009524
55491264,GCST009524
166098439,GCST90572703
191288159,GCST90565837
191288165,GCST90565837
34831247,GCST006269
35225913,GCST006442
165104765,GCST90503747
138228086,GCST90444487
134455599,GCST90444395
131613605,GCST90428119
96221577,GCST90092815
188040435,GCST90468067
100840524,GCST90162064
64577307,GCST011011
104510675,GCST90246583
34723213,GCST006570
119090747,GCST90301650
34943181,GCST006250
63922663,GCST90011875
100282346,GCST90134330
103179268,GCST90245851
188227492,GCST90468943
191019037,GCST90559264
63098044,GCST90011293
191303698,GCST90565842
63099547,GCST90011296
64732143,GCST90012794
215539495,GCST90501232
93547236,GCST90018979
55997130,GCST010144
41395750,GCST007565
87273514,NA
96780380,NA
87265715,NA
100521723,GCST90137577
62061754,GCST010900
164563936,GCST90446162
101975929,GCST90132314
164564416,GCST90446163
24268867,GCST004787
27239840,GCST005196
47121751,GCST007990
102103549,GCST90243985
102116514,GCST90243988
41249528,GCST007464
34831619,GCST006269
27407835,GCST005316
165093824,GCST90503485
189866536,GCST90565739
88927892,GCST90000047
97982325,GCST90100220
96779243,GCST90102517
163349538,GCST90479669
214467747,GCST90432175
163448824,GCST90480765
100840512,GCST90162064
105748413,GCST90237715
103219920,GCST90245844
55716705,GCST009858
55722783,GCST009867
100383373,GCST90134625
100840352,GCST90162064
214362166,GCST90453212
100512247,GCST006804
131720939,GCST90319904
131626555,GCST90428121
98383531,GCST90094828
165093819,GCST90503485
87315769,GCST90019493
162644900,GCST90449056
102069977,GCST90091199
188216535,GCST90468857
103266554,GCST90245848
64082281,GCST90002388
62069480,GCST010343
80058089,GCST006611
188398978,GCST90470866
188189017,GCST90468608
191273725,GCST90651387
62507511,GCST90002378
191841928,GCST90662881
93076957,GCST90085815
191841226,GCST90662880
218094007,GCST90838671
21841086,GCST004627
62738854,GCST90002374
62492123,GCST90002320
64082285,GCST90002388
62650921,GCST90002316
93546012,GCST90018978
188062305,GCST90468082
191855337,GCST90662895
191883141,GCST90662906
36466788,GCST007070
63942016,GCST90002407
93520729,GCST90018962
218082875,GCST90838669
134773458,GCST90091793
43880,GCST002477
103266549,GCST90245848
90787226,GCST90020024
90758294,GCST90020027
164734375,GCST90428433
188385513,GCST90470686
188214768,GCST90468846
188330973,GCST90469991
101322325,GCST90239649
62658935,GCST90002340
188318184,GCST90469844
188390432,GCST90470748
188216460,GCST90468857
188168602,GCST90468368
188385368,GCST90470686
188232646,GCST90469035
188259900,GCST90469335
188318034,GCST90469844
188225492,GCST90468918
188349671,GCST90470245
188261085,GCST90469355
188275117,GCST90469421
134773470,GCST90091794
134773482,GCST90091795
191864663,GCST90662899
100871545,GCST90027087
93076027,GCST90085815
131346083,GCST90321120
93076266,GCST90085815
93081111,GCST90056181
93084361,GCST90056184
93081891,GCST90056182
191372298,GCST90565845
169092808,GCST90590341
11583033,GCST002884
21964455,GCST004521
100826449,NA
93054136,NA
165298394,NA
191011622,GCST90559251
35614719,GCST007023
81146885,GCST011938
81147794,GCST011939
93076182,GCST90085815
103285121,GCST90245848
91505097,GCST90027168
191014665,GCST90559255
191014659,GCST90559255
24730291,GCST004946
90810316,GCST012227
62733797,GCST010769
90805355,GCST90026455
61959681,GCST010286
103246511,GCST90245848
100828474,GCST90161446
188228796,GCST90468970
100043550,GCST90132904
93078306,GCST90056178
90810327,GCST012227
22003637,GCST004750
100870378,GCST90027083
191291003,GCST90565837
188228896,GCST90468970
216549201,GCST90627753
133715372,GCST90435380
81146890,GCST011938
191291009,GCST90565837
93077311,GCST90056177
100043618,GCST90132904
101789503,GCST90239828
80466543,GCST011566
80466585,GCST011565
100826719,GCST90161342
127926062,GCST90295458
169092137,GCST90590340
127931914,GCST90295549
24777065,GCST005009
190101523,GCST90502723
93083101,GCST90056183
63346793,GCST90011816
47268283,GCST008054
81144223,GCST011956
93084566,GCST90056184
24528,GCST001679
165260439,GCST90565134
35131626,GCST006433
21965718,GCST004521
21964610,GCST004521
21964519,GCST004521
21964790,GCST004521
127898372,GCST90294658
165259891,GCST90565134
191368386,GCST90565844
35614712,GCST007023
80431988,GCST012213
191011611,GCST90559251
188324291,GCST90469905
188313427,GCST90469800
91505037,GCST90027168
91505113,GCST90027168
93079646,GCST90056180
93079086,GCST90056179
91505105,GCST90027168
165259987,GCST90565134
188118278,GCST90468147
91505061,GCST90027168
97477605,GCST90105038
137867953,GCST90454179
35903368,GCST007043
27546437,GCST006036
165704046,GCST90302861
35903363,GCST007043
165704101,GCST90302861
165704485,GCST90302862
15017627,GCST003123
93076888,GCST90085815
80605696,GCST011568
127948111,GCST90295775
100828574,GCST90161446
52038432,GCST009281
90810347,GCST012227
100849104,GCST90162533
131556598,GCST90428109
165259952,GCST90565134
93077361,GCST90056177
169093130,GCST90590342
100828592,GCST90161446
137867088,GCST90454171
188324411,GCST90469905
188110814,GCST90468105
166097527,GCST90572700
162811159,GCST90422104
30547973,GCST005902
127934163,GCST90295552
188224936,GCST90468915
162802607,GCST90421121
191185221,GCST90399396
162843789,GCST90425856
131553214,GCST90428109
166069279,NA
188176053,NA
100843926,NA
188299822,GCST90469685
15801425,GCST003156
118897031,GCST90301326
118897291,GCST90301328
80431993,GCST012213
22002943,GCST004748
127873635,GCST90293580
127935229,GCST90295573
127898058,GCST90294657
27578692,GCST005541
91505083,GCST90027168
100841346,GCST90162093
166152142,GCST90572749
47886769,GCST008972
91505068,GCST90027168
164668797,GCST90492692
91505053,GCST90027168
119086340,GCST90301649
96113206,GCST008810
35969555,GCST007254
35614563,GCST007023
35614551,GCST007023
189941009,GCST90502069
91505045,GCST90027168
106073405,GCST90274902
127948026,GCST90295774
131619773,GCST90428120
189910086,GCST90502010
22003643,GCST004750
188194825,GCST90468647
188228831,GCST90468970
190017042,GCST90502294
190079258,GCST90502606
189986780,GCST90502186
189910097,GCST90502010
190060887,GCST90502502
189989483,GCST90502192
189957319,GCST90502101
189954258,GCST90502095
189969446,GCST90502140
90784575,GCST90020024
96071696,GCST004365
98277366,GCST90129542
98278658,GCST90129545
98278194,GCST90129544
98277780,GCST90129543
63368451,GCST010867
98279137,GCST90129546
127953112,GCST90295835
127941339,GCST90295710
127954060,GCST90295836
141941682,GCST90454587
90517919,GCST012200
164786807,GCST90314956
91505090,GCST90027168
131779678,GCST90310295
131772719,GCST90310294
90643413,GCST012231
90621401,GCST012228
90640659,GCST012230
119766537,GCST90245264
24777089,GCST005009
165259934,GCST90565134
190083692,GCST90502619
100828375,GCST90161446
47109047,GCST007988
21966023,GCST004521
102459742,GCST90103246
34938897,GCST006403
188160096,GCST90468250
47144160,GCST008078
47141798,GCST008079
47295616,GCST008086
101329347,GCST90239658
101346592,GCST90239676
101344221,GCST90239674
117711294,GCST90292529
191868401,GCST90662901
188160021,GCST90468250
163378136,GCST90479868
80055653,GCST006614
134087215,GCST90429175
138936182,GCST90278615
63824461,GCST90012112
101374810,GCST90239635
188415709,GCST90471054
163428026,GCST90480667
188138103,GCST90468177
163222955,GCST90476338
163224794,GCST90476341
163426947,GCST90480666
166115644,GCST90483486
188159996,GCST90468250
166118251,GCST90483497
34702451,GCST006573
34714080,GCST006569
62319445,GCST011427
191855037,GCST90662895
101336824,GCST90239667
101326403,GCST90239655
101341394,NA
188160116,NA
188415749,NA
41430631,GCST007615
93519375,GCST90018961
101951244,GCST90179146
191018912,GCST90559264
214527304,GCST90726344
98442565,GCST90131903
31672118,GCST006950
34697293,GCST006572
36596437,GCST007340
36595311,GCST007339
34971497,GCST006478
127893619,GCST90294460
163325183,GCST90479603
218095519,GCST90838671
104119446,GCST90255621
106034419,GCST90270074
101054656,GCST90162547
64631685,GCST011933
134409517,GCST90435144
134151193,GCST90447296
88923291,GCST90014290
136009123,GCST90309341
103273859,GCST90245848
101724391,GCST90162626
188292628,GCST90469593
87309332,GCST90019496
62503917,GCST90002367
100877534,GCST90179154
36526291,GCST007080
101322801,GCST90239649
101327982,GCST90239655
35123060,GCST006414
162643602,GCST90449054
25431,GCST001706
35134672,GCST006433
214164640,GCST90704952
214167015,GCST90704954
27360721,GCST005306
134169860,GCST90435414
188146484,GCST90468179
191890894,GCST90662908
93538483,GCST90018972
93522392,GCST90018963
134172781,GCST90435415
163408366,GCST90480400
100832119,GCST90161614
131327986,GCST90321119
192544546,GCST90624105
217561041,GCST90832990
162643608,GCST90449054
21582025,GCST004044
21582149,GCST004045
101325537,GCST90239652
13507,GCST000445
22265,GCST001499
217418902,GCST90559230
98784146,GCST90132229
21481704,GCST004296
163105314,GCST90475396
163398003,GCST90480180
163426355,GCST90480662
163344987,GCST90479651
19740624,GCST004301
163386390,GCST90479975
189865860,GCST90624637
21481479,GCST004297
163344883,GCST90479650
21489367,GCST004352
19687843,GCST004373
21481654,GCST004295
163105103,GCST90475393
98783669,GCST90132228
191680913,GCST90624411
163180064,GCST90475799
163104937,GCST90475390
162643597,GCST90449054
101350987,GCST90239676
101343249,GCST90239673
100046433,GCST90132905
103273834,GCST90245848
97850617,GCST90024245
103988579,GCST90255357
62084582,GCST010340
62079632,GCST010340
214527190,GCST90726344
214527196,GCST90726344
100832084,GCST90161614
217561030,GCST90832990
63840279,GCST90012103
104964922,GCST90267302
214355081,GCST90453042
36159434,GCST007327
102094472,GCST90243968
102094478,GCST90243968
102094484,GCST90243968
131327851,GCST90321119
218404589,GCST90841193
191276655,GCST90651610
165802857,GCST90569373
191299077,GCST90565837
102723826,NA
214064216,NA
165684516,NA
93479785,GCST90018806
191684633,GCST90624412
162643614,GCST90449054
64720237,GCST90013707
138942735,GCST90278636
118834373,GCST90277367
103273879,GCST90245848
106270385,GCST90270118
104963276,GCST90267284
217561035,GCST90832990
216299356,GCST90705071
119121642,GCST90244093
49100356,GCST004904
103273874,GCST90245848
132520485,GCST90432061
132521621,GCST90432063
165786726,GCST90569045
23358,GCST001639
87301286,GCST90019501
188167368,GCST90468341
191360344,GCST90565843
44320,GCST002563
47233140,GCST008058
97981917,GCST90100220
215458902,GCST90501105
163312228,GCST90479530
163041761,GCST90475280
97036637,GCST90103634
135011531,GCST90428446
93502990,GCST90018951
47100143,GCST007876
98196575,GCST012398
135014308,GCST90428447
166016486,GCST90566733
163023425,GCST90475176
188037726,GCST90468065
118866242,GCST90274716
191870985,GCST90662902
163034609,GCST90475232
93548401,GCST90018979
163022941,GCST90475173
47234486,GCST008059
118862468,GCST90274713
97034473,GCST90103633
166020546,GCST90566737
163032760,GCST90475229
163311856,GCST90479529
163043489,GCST90475282
87309063,GCST90019496
87300649,GCST90019501
216813495,GCST90827760
106392475,GCST90269577
93376658,GCST90019512
62308877,GCST011427
214527202,GCST90726344
189843531,GCST90454488
96077378,GCST90101080
218085375,GCST90838669
62180343,GCST010557
103273864,GCST90245848
103273869,GCST90245848
103273889,GCST90245848
55975384,GCST010136
100083192,GCST90132979
98381069,GCST90094766
102100237,GCST90243984
98381135,GCST90094767
100654235,GCST90032651
102121519,GCST90243989
102100242,GCST90243984
100832154,GCST90161614
188371567,GCST90470543
188371266,GCST90470540
94081405,GCST90001527
97490081,GCST90105038
54189767,GCST009240
188376156,GCST90470595
36094962,GCST007081
55726689,GCST009867
100832166,GCST90161614
97985997,GCST90100220
36592237,GCST007341
191881857,GCST90662905
13505,GCST000446
14859543,GCST003257
131327891,GCST90321119
131327896,GCST90321119
63048331,GCST010701
63047328,GCST010703
131758801,GCST90428730
188233338,GCST90469041
98384357,GCST90094838
131782664,GCST90310295
214366463,GCST90453310
214366071,GCST90453304
98384035,GCST90094836
131788432,GCST90310296
131782658,GCST90310295
36102321,GCST007087
131776269,GCST90310294
36061774,NA
104117874,NA
138234439,NA
191887755,GCST90662907
106035580,GCST90270074
88923168,GCST90014289
131338668,GCST90321120
105999116,GCST90128422
19568384,GCST003992
105998874,GCST90128421
218411271,GCST90841196
102121525,GCST90243989
100876597,GCST90179153
103273844,GCST90245848
103273849,GCST90245848
98380994,GCST90094762
101971243,GCST90179150
119088519,GCST90301650
49101150,GCST004904
36061766,GCST007039
188124416,GCST90468161
104117858,GCST90255621
55734851,GCST009871
191907785,GCST90662912
188129919,GCST90468170
93496424,GCST90018947
138725214,GCST90446645
134167598,GCST90435413
35037751,GCST006368
101790185,GCST90239828
101792655,GCST90239829
34702051,GCST006573
93910552,GCST90091060
103596913,GCST90245995
188150147,GCST90468183
163309178,GCST90479522
163263640,GCST90476460
163275710,GCST90476469
101971248,GCST90179150
93549394,GCST90018981
163308274,GCST90479521
163019316,GCST90475159
95028940,GCST90095130
163445851,GCST90480727
163309924,GCST90479523
163178866,GCST90475762
163444589,GCST90480726
104117869,GCST90255621
164636509,GCST90492734
55734893,GCST009871
191898232,GCST90662910
188147671,GCST90468180
217553980,GCST90832989
163447553,GCST90480729
163273382,GCST90476466
163446927,GCST90480728
163172788,GCST90475667
163269060,GCST90476463
103273854,GCST90245848
134162776,GCST90435412
191360322,GCST90565843
47089407,GCST007841
188144596,GCST90468178
191299071,GCST90565837
163385923,GCST90479965
53686312,GCST009518
131516826,GCST90399714
163404353,GCST90480321
165794031,GCST90569258
165800078,GCST90569317
165813824,GCST90569453
214527184,GCST90726344
95986633,GCST90100569
87308042,GCST90019496
87300110,GCST90019501
188376106,GCST90470595
93376103,GCST90019512
36102326,GCST007087
35278065,GCST006524
134135911,GCST006910
101139679,GCST90225551
55990227,GCST010166
55990247,GCST010165
134135507,GCST005842
55990201,GCST010167
75689500,GCST011360
55990281,GCST010163
214355075,GCST90453042
214366458,GCST90453310
191272297,GCST90651272
216813500,GCST90827760
106392480,GCST90269577
218085787,GCST90838669
218411266,GCST90841196
191863638,GCST90662899
103220305,GCST90245844
214314699,GCST90654627
19740548,GCST004300
163401291,GCST90480255
214366452,GCST90453310
103226901,GCST90245846
40930834,GCST007269
132634909,GCST90432152
101791178,NA
101793418,NA
105872349,NA
62286216,GCST010544
63839616,GCST90012104
41277017,GCST007461
100653988,GCST90032648
191851988,GCST90662894
95154125,GCST008811
62286619,GCST010543
41249282,GCST007472
47717457,GCST008757
101330705,GCST90239658
93549643,GCST90018982
132520869,GCST90432062
47495870,GCST008413
47495862,GCST008413
34651448,GCST006414
163426401,GCST90480663
93462049,GCST90018576
163397128,GCST90480168
34616974,GCST006061
34616969,GCST006061
102724037,GCST90244768
102724164,GCST90244769
64720165,GCST90013707
102724212,GCST90244770
163191770,GCST90475973
163397615,GCST90480170
93479305,GCST90018796
163397284,GCST90480169
214314257,GCST90668012
93477276,GCST90018762
214314955,GCST90654630
87275689,GCST90019516
93039239,GCST90061435
41276365,GCST007474
41252845,GCST007468
41252849,GCST007468
93039234,GCST90061435
103596918,GCST90245995
97490087,GCST90105038
36502312,GCST007066
35967454,GCST006979
103288572,GCST90245848
55675505,GCST009666
131328011,GCST90321119
119088524,GCST90301650
36061770,GCST007039
136813732,GCST90451690
119258975,GCST90301393
96197346,GCST90092993
189959755,GCST90502103
189972648,GCST90502142
218405100,GCST90841193
131328041,GCST90321119
93516187,GCST90018959
134162054,GCST90435412
191360327,GCST90565843
136017466,GCST90309355
47089411,GCST007841
188144281,GCST90468178
41173590,GCST007323
36160530,GCST007326
91778787,GCST90020232
188152904,GCST90468184
188121915,GCST90468159
91782367,GCST90038594
103273839,GCST90245848
104373917,GCST90264174
188167398,GCST90468341
218085619,GCST90838669
189842985,GCST90454487
188167413,GCST90468341
191360333,GCST90565843
102117245,GCST90243988
191360338,GCST90565843
189843601,GCST90454488
188167428,GCST90468341
101971238,GCST90179150
104117853,GCST90255621
55734856,GCST009871
104117864,GCST90255621
188039830,GCST90468067
191909650,GCST90624049
62273641,GCST008129
117666208,GCST90292477
117665281,GCST90292476
117661995,GCST90000061
117662920,GCST90000062
95986638,GCST90100569
36159607,GCST007327
215454393,GCST90501096
214353790,GCST90453015
216863429,GCST90827928
103273884,GCST90245848
217565149,GCST90832991
36593673,GCST007337
165704754,GCST90302863
93055462,GCST90085697
191284613,GCST90565836
191304119,GCST90565842
191303024,GCST90565841
191302361,NA
191368270,GCST90565844
93055503,GCST90085697
93055208,GCST90085697
90621225,GCST012228
90640500,GCST012230
165656927,GCST90565588
119462254,GCST90310212
100343583,GCST90134481
135079291,GCST90449009
218645953,GCST90831040
218642907,GCST90830928
218648004,GCST90831046
218647623,GCST90830930
218409092,GCST90841196
100046885,GCST90132905
106208201,GCST90271716
36159685,GCST007327
41275685,GCST007474
55533865,GCST009539
41251566,GCST007468
93055245,GCST90085697
169093382,GCST90590343
138946254,GCST90278643
100043023,GCST90132904
188052791,GCST90468075
22007311,GCST004602
188104377,GCST90468099
93055514,GCST90085697
218639986,GCST90830912
218646511,GCST90831042
218647503,GCST90831043
218645988,GCST90831040
218642923,GCST90830928
218642317,GCST90830951
218648020,GCST90831046
218647641,GCST90830930
218645699,GCST90831039
165260473,GCST90565134
164632959,GCST90492734
188081344,GCST90468089
103277336,GCST90245848
93548526,GCST90018979
34702147,GCST006573
191275397,GCST90651513
102121777,GCST90243989
102121782,GCST90243989
34713577,GCST006569
95127618,GCST90000025
106216717,GCST90277988
36593441,GCST007337
36594162,GCST007338
36596293,GCST007340
36595162,GCST007339
36592284,GCST007341
191887135,GCST90662907
163387122,GCST90479988
134159699,GCST90435412
191363074,GCST90565843
104960745,GCST90267284
47169328,GCST007841
188142601,GCST90468178
188153294,GCST90468184
104954507,GCST90267266
164754031,GCST90313331
192544955,GCST90624105
34717944,GCST006568
103277341,GCST90245848
103219110,GCST90245844
104867968,GCST90267519
97479915,GCST90105038
41403401,GCST005586
41403385,GCST005586
64626395,GCST011995
24946368,GCST005042
102107426,GCST90243985
102090458,GCST90243968
102107432,GCST90243985
131337113,GCST90321120
188156217,GCST90468218
163415702,GCST90480566
163416489,GCST90480589
98429315,GCST90131901
62069072,GCST010343
103251432,GCST90245848
97479903,GCST90105038
47109185,GCST007988
132520729,GCST90432062
163387794,GCST90480004
188264814,GCST90469357
165811500,GCST90569451
62071527,GCST010343
62068580,GCST010343
217626568,GCST90833045
132521306,GCST90432063
97479897,GCST90105038
97479909,GCST90105038
103251437,GCST90245848
134097796,GCST90435387
138230541,GCST90444487
188156157,GCST90468218
188156147,NA
132520075,NA
41275795,NA
41251766,NA
163387658,GCST90480002
98429309,GCST90131901
163181119,GCST90475829
55734087,GCST009871
138724893,GCST90446645
104538509,GCST90247965
101970545,GCST90179150
119087930,GCST90301650
36061470,GCST007039
87266611,GCST90019524
87294330,GCST90019506
104963265,GCST90267284
36480771,GCST007068
131345033,GCST90321120
95430011,GCST90096935
143804914,GCST90455676
143806829,GCST90455677
214517866,GCST90428948
218067172,GCST90838663
96078024,GCST90101134
35673499,GCST006660
31583785,GCST005991
143803763,GCST90455669
131724020,GCST90319906
188114468,GCST90468107
64652000,GCST011119
131721991,GCST90319904
104116747,GCST90255621
188163287,GCST90468293
218083807,GCST90838669
216287527,GCST90726609
215485742,GCST90501140
215486953,GCST90501141
31581569,GCST006011
95126995,GCST90000025
21889469,GCST004603
188140301,GCST90468178
36458775,GCST007074
62740732,GCST90002369
62505468,GCST90002372
188103932,GCST90468099
93379488,GCST90019515
87270386,GCST90019522
138233705,GCST90444487
93544188,GCST90018977
64334446,GCST90002404
216882583,GCST90827988
215566128,GCST90501274
215508134,GCST90501181
165107537,GCST90503753
96197690,GCST90092995
215477780,GCST90501133
215579902,GCST90501299
218084099,GCST90838669
218410931,GCST90841196
106271560,GCST90270118
218076339,GCST90838669
93062244,GCST90056174
191290864,GCST90565837
131628853,GCST90428121
188314803,GCST90469813
102106173,GCST90243985
104326154,GCST90258652
165298419,GCST90565218
165382339,GCST90565438
41311764,GCST004988
80431895,GCST012213
22005358,GCST004749
163318813,GCST90479581
188324336,GCST90469905
191005396,GCST90559244
93055468,GCST90085697
93086316,GCST90085818
103285086,GCST90245848
34715167,GCST006569
104327461,GCST90258653
131722563,GCST90319905
22002868,GCST004748
56259096,GCST010012
165800543,GCST90569319
165807173,GCST90569412
55537040,GCST009538
55536232,GCST009538
214163916,GCST90704952
55538594,GCST009537
188281682,GCST90469490
218977763,GCST90832687
214166648,GCST90704954
191368265,GCST90565844
169092723,GCST90590341
56277587,GCST010243
56274062,GCST010245
47228939,GCST007983
93055292,GCST90085697
22003560,GCST004750
35338289,GCST006945
21965279,GCST004521
189966005,GCST90502134
63923900,GCST90011874
127944343,GCST90295751
106208196,NA
127932551,NA
191303019,NA
127954407,NA
98507078,GCST90131910
162829660,GCST90424219
165656897,GCST90565588
191011099,GCST90559251
218066272,GCST90838663
36594499,GCST007338
36595569,GCST007339
36593279,GCST007337
191302356,GCST90565839
47758246,GCST008747
34831313,GCST006269
36596691,GCST007340
101321263,GCST90239649
93055230,GCST90085697
188010180,GCST90624214
106266193,GCST90270117
95125209,GCST90000025
106260245,GCST90270116
64732553,GCST012091
88935952,GCST90020093
88936172,GCST90020094
131556516,GCST90428109
169092718,GCST90590341
93055298,GCST90085697
93055287,GCST90085697
34624326,GCST006097
56279249,GCST010242
189965999,GCST90502134
189995329,GCST90502212
38449647,GCST007201
131621058,GCST90428120
162831750,GCST90424478
190078557,GCST90502597
190016992,GCST90502294
189998502,GCST90502218
190097087,GCST90502710
190030130,GCST90502358
190100111,GCST90502722
189910007,GCST90502010
189906954,GCST90502004
190019470,GCST90502306
190060832,GCST90502502
189957244,GCST90502101
189954147,GCST90502095
190082246,GCST90502618
190096315,GCST90502701
189969371,GCST90502140
189922033,GCST90502036
191129761,GCST90627736
191341628,GCST90565843
218646491,GCST90831042
36594503,GCST007338
36596687,GCST007340
36595573,GCST007339
36592745,GCST007341
94041276,GCST90093295
94041677,GCST90093297
102106167,GCST90243985
93055342,GCST90085697
55536830,GCST009538
103956080,GCST90165318
21964990,GCST004521
165704909,GCST90302863
191835988,GCST90662866
93055394,GCST90085697
127944361,GCST90295751
127953639,GCST90295835
30547909,GCST005902
27578632,GCST005541
134250625,GCST90448240
127954434,GCST90295836
214526790,GCST90726344
214161848,GCST90704949
22074646,GCST004630
191341611,GCST90565843
191341622,GCST90565843
191290870,GCST90565837
191341617,GCST90565843
214496056,GCST90572789
218604032,GCST90830126
218604906,GCST90830127
218608177,GCST90830133
218607148,GCST90830130
218615581,GCST90830017
191341649,GCST90565843
191005425,GCST90559244
81143369,GCST011956
93502520,GCST90018951
163388579,GCST90480030
188065799,GCST90468084
165298400,GCST90565218
137868282,GCST90454181
10862746,GCST002748
106271965,GCST90270118
38450281,GCST007201
41173462,GCST007323
62434119,GCST90002338
119969612,GCST90302230
188067464,GCST90468084
41310707,GCST004988
191005437,NA
137867329,NA
104326039,NA
104327236,GCST90258653
104013904,GCST90255367
98197060,GCST012398
191005442,GCST90559244
166066856,GCST90551864
22003578,NA
191005431,GCST90559244
188058599,GCST90468079
165704156,GCST90302861
104014060,GCST90255368
189916539,GCST90502025
191341654,GCST90565843
90726382,GCST90020028
191341660,GCST90565843
218076347,GCST90838669
218605998,GCST90830129
36593598,GCST007337
165261216,GCST90565134
63606295,GCST90006924
35226945,GCST006442
138947832,GCST90278648
106262100,GCST90270116
136013899,GCST90309352
127944337,GCST90295751
127953578,GCST90295835
162845600,GCST90426053
134091753,GCST90446211
191005407,GCST90559244
165236604,GCST90551884
191005419,GCST90559244
106260290,GCST90270116
166068222,GCST90551869
214200630,GCST90002244
166068787,GCST90551870
166070021,GCST90551874
135296542,GCST90435202
135296348,GCST90435201
133715287,GCST90435380
104958646,GCST90267280
164751595,GCST90313215
164569764,GCST90492678
164573296,GCST90492679
164566202,GCST90492677
188327169,GCST90469929
189843268,GCST90454488
188279033,GCST90469459
90613283,GCST012226
188324341,GCST90469905
93055224,GCST90085697
22002878,GCST004748
101332182,GCST90239661
189918648,GCST90502030
166066405,GCST90551863
218409101,GCST90841196
218646531,GCST90831042
218651870,GCST90830971
189992170,GCST90502199
191841818,GCST90662881
214209335,GCST90243964
103246446,GCST90245848
47450815,GCST008459
164784003,GCST90314799
93086333,GCST90085818
119968464,GCST90302229
169092033,GCST90590340
214166653,GCST90704954
80431913,GCST012213
98279546,GCST90129547
90726390,GCST90020028
165261739,GCST90565134
134091951,GCST90446216
88936618,GCST90020095
106269160,GCST90270118
162828150,GCST90424051
191005402,GCST90559244
191005413,GCST90559244
191909174,GCST90624049
191304129,GCST90565842
189933109,GCST90502056
189998507,GCST90502218
189910012,GCST90502010
189906959,GCST90502004
189966010,GCST90502134
63922920,GCST90011875
189957249,GCST90502101
189954152,GCST90502095
189995334,GCST90502212
189969376,GCST90502140
22005370,GCST004749
214526805,GCST90726344
191284623,GCST90565836
165656947,GCST90565588
30547917,GCST005902
127932579,GCST90295549
214161861,GCST90704949
218977771,GCST90832687
119086294,GCST90301649
96136520,GCST90092825
127954368,GCST90295836
218089330,GCST90838670
218066208,GCST90838663
91301570,GCST90026658
62313402,GCST011427
62311998,GCST011427
62309832,GCST011427
62309071,GCST011427
91686173,NA
91688096,NA
165807507,NA
91688434,NA
91687716,GCST90027242
91686771,GCST90027240
47489846,GCST008413
47489819,GCST008413
103258722,GCST90245848
91687279,GCST90027241
131329128,GCST90321120
131339213,GCST90321120
131336878,GCST90321120
94879283,GCST90032571
94879265,GCST90032570
35339676,GCST006940
31670543,GCST006944
93478001,GCST90018777
188269374,GCST90469357
36509460,GCST007069
51581771,GCST009067
51542875,GCST009066
64076455,GCST90002390
64092474,GCST90002392
62656918,GCST90002334
93524116,GCST90018964
64413577,GCST90002396
103987679,GCST90255357
101322754,GCST90239649
101325500,GCST90239652
188182219,GCST90468569
64401169,GCST90002400
34597444,GCST006083
40767357,GCST006085
93532826,GCST90018969
191886730,GCST90662907
104517551,GCST90246911
62519092,GCST90002292
188096986,GCST90468096
62653871,GCST90002322
62490132,GCST90002326
40767960,GCST006085
118862442,GCST90274713
118865003,GCST90274714
64607626,GCST011049
62435079,GCST90002338
93494065,GCST90018946
163306056,GCST90479516
62499064,GCST90002296
163305453,GCST90479515
163304804,GCST90479513
163001564,GCST90475130
163116358,GCST90475442
163119823,GCST90475446
93526829,GCST90018966
163306509,GCST90479517
163000993,GCST90475127
188159071,GCST90468240
62501543,GCST90002361
216546482,GCST90627749
217723819,GCST90837324
62747497,GCST90002357
216548801,GCST90627750
36481041,GCST007068
36100288,GCST007087
131327676,GCST90321119
91303266,GCST90026658
47230068,GCST008062
132207059,GCST90428893
87297218,GCST90019503
93535674,GCST90018971
47713026,GCST008648
188267734,GCST90469357
191677051,GCST90652506
34603805,GCST006291
163369726,GCST90479714
163348168,GCST90479666
163370413,GCST90479715
62737938,GCST90002374
188061750,GCST90468082
103990646,GCST90255358
163108565,GCST90475423
163109682,GCST90475426
163348760,GCST90479667
163162641,GCST90475541
163111324,GCST90475432
98426836,GCST90131901
98426842,GCST90131901
103990361,GCST90255358
34709970,GCST006571
104527934,GCST90247415
47757114,GCST008744
62088458,GCST010378
64081032,GCST90002388
36465389,GCST007070
188064012,GCST90468083
136019287,GCST90309361
100353891,GCST90134549
104509433,GCST90246517
104509438,GCST90246517
104110135,GCST90255621
21841840,GCST004632
62650000,GCST90002316
191882976,GCST90662906
22665259,NA
103990291,NA
30568310,NA
93081916,GCST90056182
103241025,GCST90245848
131631405,GCST90428121
101117516,GCST90132222
191894882,GCST90662910
132681660,GCST90432180
62491261,GCST90002320
62506645,GCST90002378
97474334,GCST90105038
36472688,GCST007065
63784494,GCST010988
103990806,GCST90255358
163347113,GCST90479664
93084496,GCST90056184
191907275,GCST90662912
163346558,GCST90479663
103241020,GCST90245848
103241030,GCST90245848
34603122,GCST006290
143805453,GCST90455676
93076330,GCST90085815
93081246,GCST90056181
24297759,GCST005537
163252283,GCST90476451
163441695,GCST90480724
55914978,GCST009728
21840716,GCST004627
118333104,GCST90281252
138722788,GCST90446645
191662052,GCST90651078
188249543,GCST90469226
35934553,GCST007064
188249688,GCST90469226
162651117,GCST90449057
162645204,GCST90449056
136020941,GCST90309369
163347662,GCST90479665
64078167,GCST90002389
163161592,GCST90475538
55730631,GCST009871
101966506,GCST90179150
164569289,GCST90492678
217455243,GCST90832185
93519979,GCST90018962
163391846,GCST90480074
188249648,GCST90469226
188249618,GCST90469226
188249663,GCST90469226
188249673,GCST90469226
188088592,GCST90468093
64402793,GCST90002399
217552066,GCST90832989
131631685,GCST90428121
188147706,GCST90468180
63940720,GCST90002407
93545207,GCST90018978
100735790,GCST90054779
93910230,GCST90091060
93490678,GCST90018943
100735690,GCST90054779
103268614,GCST90245848
166097945,GCST90572701
93931104,GCST90091061
95028765,GCST90095130
131346038,GCST90321120
165766468,GCST90448911
163302331,GCST90479507
131756456,GCST90428729
191862804,GCST90662898
163302753,GCST90479508
134158366,GCST90435412
93910808,GCST90091060
191182648,GCST90308763
106259820,GCST90270116
55540121,GCST009540
55533507,GCST009539
97492000,GCST90105038
103224509,GCST90245845
188370063,GCST90470531
94163788,GCST90089759
166099001,GCST90572711
188104167,GCST90468099
36459323,GCST007074
104539435,GCST90248013
97862209,GCST90024741
102515531,GCST90241467
64335023,GCST90002404
162854779,GCST90427000
106005245,GCST90271804
106004973,GCST90271802
103279171,GCST90245848
34718137,GCST006568
98075366,GCST90128860
119909322,GCST90200458
61691427,GCST010002
94163794,GCST90089759
96797353,GCST90010749
119771730,GCST90245461
119909317,GCST90200458
119772315,GCST90245486
102459579,NA
119907144,NA
119621483,NA
134161068,NA
165776026,GCST90568625
188336121,GCST90470070
188336141,GCST90470070
96768299,GCST90029070
36088534,GCST007078
101117710,GCST90132222
101286259,GCST90002382
95032466,GCST90095131
97200456,GCST90003839
93931559,GCST90091061
188336116,GCST90470070
163418310,GCST90480630
104539425,GCST90248013
55541773,GCST009536
101687943,GCST90239729
63046129,GCST010703
97206038,GCST90004142
133182046,GCST90399904
97206004,GCST90004141
133182310,GCST90399909
133181961,GCST90399903
97202314,GCST90003896
97203409,GCST90003971
55533501,GCST009539
36051863,GCST007037
88929199,GCST90000047
95025718,GCST90095129
63149221,GCST006585
34708138,GCST006571
55537471,GCST009537
35229581,GCST006442
136017191,GCST90309355
101169791,GCST90140355
134163814,GCST90435412
191300781,GCST90565837
47169620,GCST007841
188336106,GCST90470070
217432152,GCST90824102
97202290,GCST90003895
97199186,GCST90003804
63049803,GCST010702
97198829,GCST90003796
97200134,GCST90003831
188336151,GCST90470070
217432071,GCST90824100
191895127,GCST90662910
215399507,GCST90728571
192545032,GCST90624105
103219365,GCST90245844
188141921,GCST90468178
191363931,GCST90565843
103279166,GCST90245848
217561795,GCST90832990
218087551,GCST90838669
163388977,GCST90480038
98428759,GCST90131901
191185906,GCST90399396
88192487,GCST012490
103215305,GCST90245844
102531641,GCST90242904
62079248,GCST010340
188157964,GCST90468234
188158064,GCST90468234
216865249,GCST90827928
41174072,GCST007325
36157398,GCST007324
191896492,GCST90662910
217565828,GCST90832992
191905810,GCST90662912
104374455,GCST90264174
17629270,GCST003818
93541764,GCST90018976
130943989,GCST90302673
88924109,GCST90014302
99812717,GCST90132260
188216080,GCST90468852
188180720,GCST90468552
36157879,GCST007329
104374976,GCST90264174
166068760,GCST90551870
47234710,GCST008059
130945305,GCST90302744
130945672,GCST90302754
130945934,GCST90302765
130944483,GCST90302699
130944766,GCST90302715
130944405,GCST90302696
130944518,GCST90302700
130944065,GCST90302676
130944109,GCST90302678
130945469,GCST90302751
130945450,GCST90302750
130944089,GCST90302677
130945796,GCST90302759
163389296,GCST90480043
163211681,GCST90476299
94847255,GCST90094673
94847206,GCST90094671
38952026,GCST007217
93533475,GCST90018970
163420966,NA
34989158,NA
163368031,NA
163367578,NA
163181791,GCST90475852
163158985,GCST90475529
163157864,GCST90475526
10074386,GCST002672
10074420,GCST002674
64404704,GCST90002398
88193101,GCST012490
95123957,GCST90000025
96781191,GCST90102518
62739697,GCST90002369
100046008,GCST90132905
64332808,GCST90002404
10059729,GCST002539
136017496,GCST90309355
191366674,GCST90565844
191286231,GCST90565837
193154647,GCST90440459
21436271,GCST004269
21436283,GCST004269
41137153,GCST007841
94065900,GCST90093369
88923200,GCST90014290
96779494,GCST90102517
34604136,GCST006291
62088081,GCST010378
88193199,GCST012490
188192163,GCST90468626
93465533,GCST90018723
96779427,GCST90102517
96781364,GCST90102518
104374702,GCST90264174
99813905,GCST90132260
90538127,GCST90002393
188084256,GCST90468090
163181520,GCST90475847
163181631,GCST90475849
163389592,GCST90480048
64407529,GCST90002397
163426491,GCST90480665
62506303,GCST90002378
17628732,GCST003818
98445753,GCST90131904
63050523,GCST010702
12946,GCST000381
163426927,GCST90480666
163220291,GCST90476334
163222855,GCST90476338
138942548,GCST90278636
14853203,GCST001969
40931097,GCST007269
119335397,GCST90308682
94084759,GCST90001870
101369424,GCST90239617
130946603,GCST90302804
166069448,GCST90551871
130947093,GCST90302835
166069679,GCST90551872
130944004,GCST90302674
36099730,GCST007087
63073343,GCST010723
103231145,GCST90245848
105575512,GCST90270255
131328978,GCST90321120
143793836,GCST90448958
143794376,GCST90448959
131328983,GCST90321120
191886170,GCST90662907
163389650,GCST90480049
131770657,GCST90310294
131784058,GCST90310296
73195884,GCST90013442
163435623,GCST90480705
191284349,GCST90565836
162783100,GCST90446168
104374313,GCST90264174
41174915,GCST007325
163436141,GCST90480706
163240569,GCST90476400
191868611,GCST90662901
163428010,GCST90480667
188057377,GCST90468078
165813465,GCST90569453
188216045,GCST90468852
188215748,GCST90468851
119334148,GCST90100568
188332689,NA
188192158,NA
62499766,NA
188094776,NA
62745773,NA
188300116,NA
64398928,NA
188215728,NA
163440698,NA
163441453,NA
163442612,NA
163368739,NA
97035210,NA
191872810,GCST90662902
97982937,GCST90100220
47233390,GCST008058
188215788,GCST90468851
191284343,GCST90565836
36464820,GCST007070
93527403,GCST90018967
62657712,GCST90002340
191883996,GCST90662906
188215908,GCST90468851
93519489,GCST90018962
62649603,GCST90002316
64080544,GCST90002388
63419725,GCST010796
63419729,GCST010796
63419733,GCST010796
63419737,GCST010796
63419741,GCST010796
63419745,GCST010796
63419749,GCST010796
63419753,GCST010796
63419757,GCST010796
63419761,GCST010796
63419765,GCST010796
63419769,GCST010796
63419773,GCST010796
63419777,GCST010796
63419781,GCST010796
63419785,GCST010796
63419789,GCST010796
63419793,GCST010796
63419797,GCST010796
63419801,GCST010796
63419805,GCST010796
63419809,GCST010796
63419813,GCST010796
63419817,GCST010796
21842635,GCST004626
21892614,GCST004610
62427636,GCST90002355
21756681,GCST004613
62743768,GCST90002351
21834727,GCST004614
191181718,GCST90308751
162644306,GCST90449056
101689613,GCST90239729
165812404,GCST90569452
188138489,GCST90468177
217455119,GCST90832185
97376901,GCST90091050
35674051,GCST006660
36157432,GCST007324
191904955,GCST90662912
34722363,GCST006570
98039747,GCST90128557
102094421,GCST90243968
102094427,GCST90243968
102094433,GCST90243968
102112987,GCST90243985
191901811,GCST90662911
104373827,GCST90264174
35231017,GCST006442
34831998,GCST006269
47109717,GCST007988
94879767,GCST90032593
94879779,GCST90032594
94879784,GCST90032594
129691145,GCST90104178
97489831,GCST90105038
97489836,GCST90105038
36051681,GCST007037
97489842,GCST90105038
34941691,GCST006250
63922316,GCST90011875
34697162,GCST006572
100283999,GCST90134330
34717660,GCST006568
100284004,GCST90134330
97489820,GCST90105038
34707620,GCST006571
97489825,GCST90105038
35229145,GCST006442
34707616,GCST006571
97489814,GCST90105038
35229141,GCST006442
214193431,GCST90269774
132478479,GCST90429151
34994611,GCST006287
136020417,GCST90309366
34722353,GCST006570
36156929,GCST007324
34713382,GCST006569
34713386,GCST006569
34702035,GCST006573
34707625,GCST006571
35231021,GCST006442
47495803,GCST008413
47495820,GCST008413
41174286,GCST007325
34722358,GCST006570
41252821,NA
102085572,NA
98434546,NA
97489809,NA
98442070,GCST90131903
104374713,GCST90264174
98434552,GCST90131901
98442075,GCST90131903
98434558,GCST90131901
98442080,GCST90131903
98434564,GCST90131901
98442085,GCST90131903
34717655,GCST006568
34717650,GCST006568
93039219,GCST90061435
104959065,GCST90267280
36157809,GCST007329
101398296,GCST90239693
25836,GCST001712
98434570,GCST90131901
98434576,GCST90131901
34702031,GCST006573
188005507,GCST90016612
164571340,GCST90492678
164567670,GCST90492677
164574712,GCST90492679
164571345,GCST90492678
164567675,GCST90492677
35229149,GCST006442
164574717,GCST90492679
193224387,GCST90568441
165819970,GCST90569463
188268154,GCST90469357
214164626,GCST90704952
62432690,GCST90002344
218083403,GCST90838669
22001530,GCST004625
90540019,GCST90002393
188084201,GCST90468090
188086453,GCST90468091
21836425,GCST004608
93528638,GCST90018967
62658990,GCST90002340
21844153,GCST004609
64420260,GCST90002394
93504084,GCST90018952
101373393,GCST90239629
47267148,GCST008049
188096281,GCST90468096
188092794,GCST90468095
93080836,GCST90056181
62492173,GCST90002320
136022219,GCST90309369
62650982,GCST90002316
163387728,GCST90480003
93466773,GCST90018728
31584742,GCST005986
97487343,GCST90105038
162654225,GCST90449057
35587748,GCST006627
131782027,GCST90310295
134169515,GCST90435414
53689969,GCST009518
188302214,GCST90469701
103268144,GCST90245848
100872271,GCST90027089
100871189,GCST90027085
45532530,GCST007841
103268149,GCST90245848
35674016,GCST006660
104166296,GCST90250905
64651970,GCST011119
21887663,GCST004607
87264615,GCST90019525
87295828,GCST90019504
87266113,GCST90019524
93038924,GCST90061435
102093434,GCST90243968
102111658,GCST90243985
41252544,GCST007468
163306801,GCST90479518
62501316,GCST90002361
101372702,GCST90239628
47228210,GCST008060
47232735,GCST008058
62747262,GCST90002357
64082355,GCST90002388
64079203,GCST90002389
45604974,GCST007928
131345128,GCST90321120
93083736,GCST90056183
104570872,GCST90249591
163307409,GCST90479520
188114153,GCST90468107
163025659,GCST90475194
191843137,GCST90662883
47229909,GCST008062
191837296,GCST90662870
41203933,GCST007344
163424634,GCST90480654
188115280,GCST90468108
163424988,GCST90480655
163216777,GCST90476307
163215967,GCST90476306
163424176,NA
31585068,NA
163215847,NA
143805596,NA
47234159,GCST008059
97034110,GCST90103633
47758584,GCST008747
97037703,GCST90103635
97033495,GCST90103632
17372701,GCST000649
31585570,GCST005984
47884962,GCST008971
47886275,GCST008972
131723988,GCST90319906
47759862,GCST008745
163434209,GCST90480688
97036685,GCST90103634
191902856,GCST90662911
105613335,GCST90270397
163414498,GCST90480539
191843444,GCST90662884
163149595,GCST90475514
163364025,GCST90479706
163363261,GCST90479705
163144003,GCST90475505
163362244,GCST90479704
188393785,GCST90470817
163148214,GCST90475511
163360637,GCST90479702
163361429,GCST90479703
188302521,GCST90469702
188040080,GCST90468067
134073443,GCST90335164
191892478,GCST90662909
191889634,GCST90662908
97487349,GCST90105038
163307188,GCST90479519
135011203,GCST90428446
135017033,GCST90428448
163313590,GCST90479540
163313260,GCST90479539
163358536,GCST90479679
188179568,GCST90468526
93476725,GCST90018759
135014026,GCST90428447
143803697,GCST90455669
163316780,GCST90479562
163321348,GCST90479598
163358714,GCST90479680
188391133,GCST90470761
133850789,GCST90301952
93548191,GCST90018979
47100058,GCST007876
93497658,GCST90018948
163313809,GCST90479541
163024950,GCST90475192
191873155,GCST90662902
131721942,GCST90319904
163316004,GCST90479561
97981395,GCST90100220
138939251,GCST90278624
138947290,GCST90278646
163322063,GCST90479599
21439658,GCST004292
163322641,GCST90479600
163317514,GCST90479563
163384094,GCST90479934
93544178,GCST90018977
93532616,GCST90018969
215459057,GCST90501105
64341707,GCST90002402
64400895,GCST90002400
93520864,GCST90018962
188062325,GCST90468082
218094139,GCST90838671
87297419,GCST90019502
87292940,GCST90019506
87298229,GCST90019502
87293994,GCST90019506
118327357,GCST90281211
55906668,GCST009733
118326574,GCST90281207
131537539,GCST90320897
95033568,GCST90095131
103270564,GCST90245848
103220240,GCST90245844
163328084,GCST90479612
119770187,GCST90245402
216785981,GCST90448603
162971430,GCST90451684
191836572,GCST90662868
95023300,GCST90095129
163433423,GCST90480673
101159157,GCST90139618
101159035,GCST90139610
103288107,GCST90245848
119772310,GCST90245486
93931235,GCST90091061
87297533,GCST90019502
87293097,GCST90019506
166069311,GCST90551871
119772976,GCST90245510
69092363,GCST011368
69090000,GCST011366
69089273,NA
69091391,NA
105003199,NA
103223699,NA
104568211,GCST90249468
163354501,GCST90479674
131330198,GCST90321120
188039680,GCST90468067
118326377,GCST90281206
131330193,GCST90321120
163395954,GCST90480146
166068530,GCST90551870
166066639,GCST90551864
97981821,GCST90100220
162971248,GCST90451683
163431565,GCST90480671
118967739,GCST90301371
162971253,GCST90451683
163432406,GCST90480672
164776635,GCST90314441
164752279,GCST90313248
104568231,GCST90249468
164803963,GCST90315816
188386924,GCST90470709
87297491,GCST90019502
87293031,GCST90019506
87298416,GCST90019502
87294336,GCST90019506
188386889,GCST90470709
162971242,GCST90451683
163328035,GCST90479611
163327986,GCST90479610
218084695,GCST90838669
163385591,GCST90479958
163385655,GCST90479960
216627524,GCST90264757
188394912,GCST90470823
62082962,GCST010340
103236485,GCST90245848
188032701,GCST90468060
87314511,GCST90019494
80734376,GCST90013406
188269959,GCST90469357
188214269,GCST90468844
165800615,GCST90569320
165026009,GCST90461907
102091151,GCST90243968
102108313,GCST90243985
53689876,GCST009518
100735970,GCST90054779
188125874,GCST90468165
119665798,GCST90310280
118891645,GCST90270327
62315655,GCST011427
24952724,GCST005116
36096303,GCST007082
119122839,GCST90244094
101275149,GCST90239648
166089291,GCST90570621
192896014,GCST90128425
36525143,GCST007080
95023255,GCST90095129
98080140,GCST90015742
63050591,GCST010702
216301319,GCST90705072
137868122,GCST90454180
63046920,GCST010703
35939329,GCST006661
119351060,GCST90301252
93888474,GCST90007253
131337893,GCST90321120
137868299,GCST90454181
97185856,GCST90002724
97186122,GCST90002748
165819816,GCST90569462
19567558,GCST003983
35938790,GCST006661
35938806,GCST006661
17944927,GCST003997
189882382,GCST90624575
104964792,GCST90267302
36098531,GCST007085
95986298,GCST90100569
62087609,GCST010378
101661240,GCST90239706
214526624,GCST90726344
103991006,GCST90255358
17545324,GCST003767
105999086,GCST90128422
165785774,GCST90569029
90520270,GCST90020227
55592224,GCST009600
88933352,GCST012093
92427302,GCST90053836
103991056,GCST90255358
102118863,GCST90243989
102098599,GCST90243984
80714563,GCST011768
27438944,GCST005328
100544778,GCST90128471
35675061,GCST006660
106072743,GCST90274886
97474329,GCST90105038
36159701,GCST007327
106072653,NA
119955632,NA
131332198,NA
27439944,NA
27440454,GCST005325
165013960,GCST90503210
217455236,GCST90832185
165818358,GCST90569458
41379281,GCST007576
62309282,GCST011427
62319371,GCST011427
131083975,GCST90328131
62070854,GCST010343
41378686,GCST007576
166089496,GCST90570624
62071659,GCST010343
102115097,GCST90243987
36050183,GCST007037
217455192,GCST90832185
63922632,GCST90011875
34696525,GCST006572
62312710,GCST011427
165792100,GCST90569243
62308858,GCST011427
36100065,GCST007087
80444398,GCST012282
41251014,GCST007468
47503361,GCST008413
47503372,GCST008413
163392039,GCST90480076
61689374,GCST010002
97471450,GCST90105038
103236495,GCST90245848
34702735,GCST006573
165794959,GCST90569274
36093199,GCST007081
105060756,GCST90270069
98425607,GCST90131901
34719232,GCST006568
14849841,GCST003432
100353788,GCST90134549
62088314,GCST010378
34709335,GCST006571
97471438,GCST90105038
62079668,GCST010340
128866828,GCST90301248
119090861,GCST90301650
55730572,GCST009871
101965514,GCST90179150
36059130,GCST007039
34603330,GCST006290
35230065,GCST006442
191890439,GCST90662908
218073759,GCST90838669
34714493,GCST006569
34704928,GCST006574
119955533,GCST90319327
62081228,GCST010340
102103336,GCST90243985
34709339,GCST006571
34723174,GCST006570
35225821,GCST006442
164563931,GCST90446162
164564406,GCST90446163
97471456,GCST90105038
164568890,GCST90492678
164565397,GCST90492677
164572541,GCST90492679
188028821,GCST90103968
34603244,GCST006290
62307131,GCST011427
62070270,GCST010343
62070432,GCST010343
98425613,GCST90131901
93521698,GCST90018963
191893648,GCST90662909
93503514,GCST90018952
34603887,GCST006291
136019207,GCST90309361
104957913,GCST90267280
34723170,GCST006570
103987959,GCST90255357
165779176,GCST90568752
165787296,GCST90569069
131345333,GCST90321120
131778568,GCST90310295
35585413,GCST006630
165804327,GCST90569378
91662218,GCST90027228
103987449,GCST90255357
216302389,GCST90705072
103987364,GCST90255357
164563523,GCST90446160
106036272,GCST90270074
188118636,GCST90468156
21434508,GCST004264
137798591,GCST90432154
62071683,GCST010343
62085416,GCST010340
61686986,GCST010307
117663700,GCST90292474
117660457,GCST90000059
117665538,GCST90292477
105702963,GCST90271320
49129006,NA
191905055,NA
104108611,NA
216864554,NA
216864560,GCST90827928
62085932,GCST010340
191184826,GCST90651104
102121370,GCST90243989
62083340,GCST010340
15000062,GCST002956
41379598,GCST007576
103273274,GCST90245848
105561216,GCST90269910
189935648,GCST90502056
35136536,GCST006433
24655449,GCST006288
24656513,GCST006288
97489537,GCST90105038
97489547,GCST90105038
131345503,GCST90321120
131330308,GCST90321120
165810134,GCST90569450
100085505,GCST90133003
97489542,GCST90105038
165799023,GCST90569313
102100169,GCST90243984
165774975,GCST90568581
165825357,GCST90569649
188267339,GCST90469357
188265829,GCST90469357
104958212,GCST90267280
95988005,GCST90100570
117750269,GCST90281342
164571625,GCST90492678
164567925,GCST90492677
117750162,GCST90281341
117750006,GCST90281340
164574952,GCST90492679
101951137,GCST90179146
103279156,GCST90245848
47169616,GCST007841
103955581,GCST90165318
55533495,GCST009539
62488073,GCST90002332
191887335,GCST90662907
105008321,GCST90246318
105008686,GCST90246320
102102056,GCST90243985
93522961,GCST90018964
165780478,GCST90568836
188371271,GCST90470540
22075681,GCST004601
101445130,GCST90002403
22074342,GCST004630
62502498,GCST90002367
62811807,GCST011010
64074393,GCST90002390
163122866,GCST90475450
163354900,GCST90479675
163431178,GCST90480671
188055835,GCST90468077
188068886,GCST90468085
62433661,GCST90002338
188067889,GCST90468084
188079117,GCST90468088
64090397,GCST90002392
163232946,GCST90476360
163353808,GCST90479674
188104607,GCST90468099
47265309,GCST008042
62655535,GCST90002334
163134891,GCST90475470
188106524,GCST90468100
218070951,GCST90838669
24955755,GCST005080
62512552,GCST90002335
93524695,GCST90018965
93525539,GCST90018966
64093648,GCST90002391
62018578,GCST010321
63424379,GCST010796
63424383,GCST010796
63424387,GCST010796
63424391,GCST010796
63424395,GCST010796
63424399,GCST010796
63424403,GCST010796
63424407,GCST010796
63424411,GCST010796
63424415,GCST010796
63424419,GCST010796
63424423,GCST010796
63424427,GCST010796
63424431,GCST010796
63424435,GCST010796
63424439,GCST010796
63424443,GCST010796
63424447,GCST010796
63424451,GCST010796
63424455,GCST010796
63424459,GCST010796
63424463,GCST010796
63424467,GCST010796
63424471,GCST010796
63424475,NA
63424479,NA
93472679,NA
163352594,NA
163432806,GCST90480673
31581364,GCST006011
163428819,GCST90480668
191881187,GCST90662905
36457083,GCST007074
36478629,GCST007068
62652593,GCST90002322
64332879,GCST90002404
100511611,GCST006804
163357221,GCST90479677
62504601,GCST90002372
163131368,GCST90475466
188108411,GCST90468101
21891381,GCST004621
62739737,GCST90002369
93062044,GCST90056174
62488999,GCST90002326
64411567,GCST90002396
118325966,GCST90281203
163235162,GCST90476364
163356018,GCST90479676
22006966,GCST004602
163429761,GCST90480669
93471805,GCST90018744
163431871,GCST90480672
64407617,GCST90002397
163119938,GCST90475446
188059569,GCST90468079
118327282,GCST90281211
163138023,GCST90475474
163351380,GCST90479672
103283141,GCST90245848
88193114,GCST012490
34629391,GCST007045
192895504,GCST90128425
101329341,GCST90239658
101346587,GCST90239676
93535489,GCST90018971
130276420,GCST004612
188101900,GCST90468098
188080929,GCST90468089
21893719,GCST004611
64183307,GCST90002387
64189212,GCST90002385
191014198,GCST90559255
22072150,GCST004622
63943818,GCST90002406
63946951,GCST90002405
22488609,GCST004619
64185644,GCST90002386
19318089,GCST004004
104868703,GCST90267534
103232095,GCST90245848
165784907,GCST90569028
165786808,GCST90569048
63408317,GCST010796
63408321,GCST010796
63408325,GCST010796
63408329,GCST010796
63408333,GCST010796
63408337,GCST010796
63408341,GCST010796
63408345,GCST010796
191014181,GCST90559255
136022014,GCST90309369
101341389,GCST90239673
62710272,GCST90002412
64200340,GCST90002381
36472156,GCST007065
101284161,GCST90002382
218065560,GCST90838663
165804321,GCST90569378
64203137,GCST90002380
62518618,GCST90002292
64203935,GCST90002379
36506261,GCST007069
191014193,GCST90559255
188268164,GCST90469357
22666452,GCST004628
118329077,GCST90281221
64080586,GCST90002388
191840814,GCST90662879
191014187,GCST90559255
191839630,GCST90662877
62741622,GCST90002363
191014204,GCST90559255
62654456,GCST90002328
191910674,GCST90624051
188057872,GCST90468078
35965610,GCST006979
35132343,GCST006433
35965605,GCST006979
119769349,GCST90245374
36500466,GCST007066
36500470,GCST007066
27421846,GCST005348
27422652,GCST005348
100084448,GCST90132992
93038128,GCST90061435
165216411,NA
165387449,NA
193098783,NA
102107633,GCST90243985
103946295,GCST90239856
98429697,GCST90131901
102090596,GCST90243968
41251830,GCST007468
98429703,GCST90131901
35965614,GCST006979
165218432,GCST90461958
102107621,GCST90243985
102107627,GCST90243985
102107615,GCST90243985
47109223,GCST007988
98440044,GCST90131903
93949152,GCST90086172
131334203,GCST90321120
131334208,GCST90321120
98440050,GCST90131903
131342248,GCST90321120
165780349,GCST90568826
35132347,GCST006433
165780239,GCST90568818
214481482,GCST90568455
165807747,GCST90569428
214480324,GCST90568450
49910331,GCST009238
100034794,GCST90104347
98432930,GCST90131901
130481344,GCST90320256
62309099,GCST011427
62283653,GCST011318
17740632,GCST003995
105871700,GCST90269785
105872271,GCST90269793
105871513,GCST90269783
24779866,GCST005014
105872212,GCST90269792
94875154,GCST90032267
105871347,GCST90269781
163377330,GCST90479858
103987479,GCST90255357
216862981,GCST90827928
188336091,GCST90470070
87273581,GCST90019518
101789326,GCST90239828
101791925,GCST90239829
100837151,GCST90161858
100837163,GCST90161858
191367445,GCST90565844
87260774,GCST90019526
190089905,GCST90502658
104573283,GCST90249719
104573293,GCST90249719
24653317,GCST004923
188278221,GCST90469448
119436054,GCST90310003
132681626,GCST90432180
134430944,GCST90059902
100873222,GCST90027091
91303247,GCST90026658
62061573,GCST010900
91303254,GCST90026658
91303260,GCST90026658
91303241,GCST90026658
105297965,GCST90270083
188278261,GCST90469448
188278288,GCST90469449
93207792,GCST90025958
132681632,GCST90432180
188278136,GCST90469448
101345186,GCST90239675
102227417,GCST90244008
94161777,GCST90090172
94161759,GCST90088461
188278086,GCST90469448
97473626,GCST90105038
101958480,GCST90179148
102501668,GCST90240241
188313437,GCST90469800
191289045,GCST90565837
63369209,GCST010866
100874769,GCST90027095
31586167,GCST005982
101791935,GCST90239829
96077585,GCST90101093
93469515,GCST90018739
132681605,GCST90432180
100837181,GCST90161858
191336872,GCST90565843
190097021,GCST90502710
190060791,GCST90502502
190079125,GCST90502606
190016920,GCST90502294
191336887,GCST90565843
64698804,GCST011349
188392589,GCST90470789
31587866,GCST006019
93468170,GCST90018734
138936459,GCST90278616
191833819,GCST90662859
101328950,GCST90239657
101334228,NA
31586994,NA
93501291,NA
102228509,NA
102227044,GCST90244007
64408059,GCST90002397
191336893,GCST90565843
36093384,GCST007081
104563748,GCST90249239
165776788,GCST90568656
214364407,GCST90453266
215508580,GCST90501183
101791915,GCST90239829
106443560,GCST90269713
97331074,GCST90104297
96203810,GCST90093010
191861249,GCST90662898
215482985,GCST90501139
97301028,GCST90104006
106390188,GCST90269551
106443722,GCST90269714
106445180,GCST90269723
215558019,GCST90501261
216897606,GCST90828038
216873577,GCST90827957
96150669,GCST90092859
215522213,GCST90501200
215549842,GCST90501248
96202841,GCST90093008
101331925,GCST90239661
101958463,GCST90179148
96154661,GCST90092870
189906808,GCST90502004
189959402,GCST90502103
106436413,GCST90269705
215567366,GCST90501277
96216859,GCST90093042
163311663,GCST90479529
215571774,GCST90501285
96189488,GCST90092972
106405507,GCST90269640
188060106,GCST90468080
63829241,GCST90012110
106406477,GCST90269645
96195351,GCST90092987
191867961,GCST90662901
56272771,GCST010241
106394314,GCST90269586
215552839,GCST90501257
216836261,GCST90827828
216855979,GCST90827899
216866566,GCST90827931
188094916,GCST90468096
215561160,GCST90501267
216837746,GCST90827833
96169266,GCST90092914
216884705,GCST90827996
106388635,GCST90269542
106407759,GCST90269651
189918416,GCST90502030
189957047,GCST90502101
216875999,GCST90827965
96185673,GCST90092962
189936559,GCST90502062
215542050,GCST90501236
96200646,GCST90093003
216877319,GCST90827970
215497988,GCST90501161
106412384,GCST90269671
215527348,GCST90501211
56275290,GCST010244
215572842,GCST90501288
215603789,GCST90501334
216840742,GCST90827846
216871138,GCST90827949
31699360,GCST005908
216895763,GCST90828031
93490183,GCST90018943
188357026,GCST90470335
215506475,GCST90501177
93542099,GCST90018976
106388817,GCST90269543
96171748,GCST90092920
96209069,GCST90093022
96218404,GCST90093047
188374451,GCST90470580
106445771,GCST90269726
96215326,GCST90093038
106385256,GCST90269525
189973356,GCST90502147
216867659,GCST90827935
63835894,GCST90012107
96218002,GCST90093046
215532337,GCST90501218
215534797,GCST90501225
106386660,GCST90269532
134156771,GCST90435412
190084733,GCST90502622
215525004,GCST90501207
216875067,GCST90827962
93506532,GCST90018954
100111375,GCST90133363
215497422,GCST90501158
216872664,NA
47296540,NA
47296743,NA
47296880,NA
106412638,GCST90269673
190063501,GCST90502514
215481814,GCST90501136
96183179,GCST90092955
190097016,GCST90502710
215534261,GCST90501224
215574165,GCST90501291
106395479,GCST90269591
215492022,GCST90501148
215528225,GCST90501212
96184542,GCST90092959
101339607,GCST90239670
216835064,GCST90827824
133877667,GCST90302087
215476288,GCST90501132
216851567,GCST90827887
96205341,GCST90093013
106383550,GCST90269517
106444542,GCST90269719
216866799,GCST90827932
106395247,GCST90269590
216886247,GCST90828001
96172899,GCST90092923
47294857,GCST008076
47294955,GCST008076
47295072,GCST008076
96167082,GCST90092907
101337132,GCST90239667
216891839,GCST90828016
215560534,GCST90501265
216818213,GCST90827774
216871410,GCST90827950
215540708,GCST90501234
64700290,GCST011345
163312032,GCST90479530
166119379,GCST90483498
189995157,GCST90502212
190101457,GCST90502723
216888074,GCST90828007
96198511,GCST90092998
189909811,GCST90502010
216831077,GCST90827813
63837895,GCST90012106
188228130,GCST90468952
189925500,GCST90502043
215477104,GCST90501131
215535508,GCST90501223
106385857,GCST90269528
106393648,GCST90269583
119392746,GCST90295951
189989336,GCST90502192
190091189,GCST90502659
215551636,GCST90501253
106396709,GCST90269596
215506169,GCST90501176
215605887,GCST90501339
106412755,GCST90269674
133877178,GCST90302083
215583556,GCST90501303
216850899,GCST90827884
96157043,GCST90092876
106388149,GCST90269539
163301116,GCST90479504
215589043,GCST90501308
218074483,GCST90838669
106393218,GCST90269581
166116880,GCST90483487
216838893,GCST90827837
216882398,GCST90827987
106372592,GCST90239819
64676643,GCST90011898
96167686,GCST90092909
96183706,GCST90092956
215589499,GCST90501311
215487209,GCST90501143
215605261,GCST90501337
215556992,GCST90501259
215584422,GCST90501302
96206602,GCST90093016
191900311,GCST90662911
215498569,GCST90501160
216869657,GCST90827943
216894035,GCST90828024
216898589,GCST90828041
96181699,GCST90092951
96210697,GCST90093026
189843148,GCST90454488
106408263,GCST90269653
215503307,GCST90501168
216853433,GCST90827894
96190739,GCST90092975
215573759,GCST90501290
38508782,GCST007286
98280365,GCST90129553
106396921,GCST90269597
216861738,GCST90827924
93547311,GCST90018979
47141396,GCST008079
47141789,GCST008079
21887000,NA
216860970,NA
216882036,NA
96200164,GCST90093002
96171291,GCST90092919
133849538,GCST90301944
163301439,GCST90479505
63826062,GCST90012111
188159956,GCST90468250
215524203,GCST90501204
216831633,GCST90827815
216842883,GCST90827854
216868960,GCST90827940
96182717,GCST90092954
96208285,GCST90093020
215493900,GCST90501152
215594647,GCST90501319
162995666,GCST90475106
215551942,GCST90501255
47142984,GCST008083
47143216,GCST008083
47143375,GCST008083
96157510,GCST90092877
96187006,GCST90092966
36100283,GCST007087
93552221,GCST90018989
96211888,GCST90093029
188108880,GCST90468103
215500177,GCST90501164
106397163,GCST90269598
119391559,GCST90295950
190018306,GCST90502295
216840314,GCST90827844
216880846,GCST90827982
96220387,GCST90092807
215517915,GCST90501193
215573273,GCST90501289
215507483,GCST90501180
216872064,GCST90827952
96224060,GCST90092880
101329618,GCST90239658
106404592,GCST90269635
96158923,GCST90092884
97035258,GCST90103633
106447332,GCST90269734
215496225,GCST90501156
215595944,GCST90501321
216884091,GCST90827994
62709779,GCST90002412
96168138,GCST90092910
106393001,GCST90269580
215543352,GCST90501238
215553706,GCST90501256
215574786,GCST90501292
216836934,GCST90827830
106396472,GCST90269595
106412912,GCST90269675
191889599,GCST90662908
190020782,GCST90502307
216896075,GCST90828032
106394813,GCST90269588
106405148,GCST90269638
101326748,GCST90239655
215462643,GCST90501111
216838661,GCST90827836
163027466,GCST90475208
93083431,GCST90056183
96159557,GCST90092886
190049935,GCST90502436
215536686,GCST90501228
215585553,GCST90501305
216893510,GCST90828022
96209953,GCST90093024
191289034,GCST90565837
100870265,GCST90027082
106389383,GCST90269546
106400041,GCST90269612
101961768,GCST90179149
190031554,GCST90502359
216849779,GCST90827880
189969213,GCST90502140
215568649,GCST90501280
215559021,GCST90501263
216887058,GCST90828004
93491487,GCST90018944
96182011,GCST90092952
131757513,GCST90428730
216818846,GCST90827776
191870645,GCST90662902
215519808,GCST90501194
96175361,GCST90092929
215601875,GCST90501330
215489196,GCST90501145
215544809,GCST90501241
104956330,GCST90267272
215528601,GCST90501213
216852336,GCST90827890
96184245,GCST90092958
96206135,GCST90093015
97300676,GCST90104005
106395721,GCST90269592
216838069,GCST90827834
216855677,GCST90827898
190046719,NA
215587090,NA
216839345,NA
64677716,GCST90011899
96191186,GCST90092976
215499521,GCST90501162
215604540,GCST90501336
96186669,GCST90092965
215467608,GCST90501116
96194717,GCST90092983
163300695,GCST90479503
216901580,GCST90828051
189971843,GCST90502142
190083627,GCST90502619
96176689,GCST90092933
191367439,GCST90565844
215529498,GCST90501214
216881728,GCST90827985
190026993,GCST90502346
215560003,GCST90501264
36518574,GCST007072
98276839,GCST90129539
216823334,GCST90827795
216856752,GCST90827902
96173261,GCST90092924
96196809,GCST90092992
106381228,GCST90269506
188038518,GCST90468066
190019414,GCST90502306
216813596,GCST90827760
215486098,GCST90501141
163439406,GCST90480718
215593721,GCST90501316
216904385,GCST90828065
96153927,GCST90092868
96180673,GCST90092948
96198169,GCST90092997
215538864,GCST90501229
96173965,GCST90092926
188140711,GCST90468178
191839705,GCST90662877
215523086,GCST90501202
215563053,GCST90501268
216829961,GCST90827808
96156129,GCST90092874
188204704,GCST90468759
215581584,GCST90501300
216875414,GCST90827963
216881451,GCST90827984
216901887,GCST90828052
96193831,GCST90092980
100869271,GCST90027079
216902309,GCST90828054
47143812,GCST008078
47144152,GCST008078
97326744,GCST90104273
100837145,GCST90161858
216903683,GCST90828062
96156586,GCST90092875
97982361,GCST90100220
101341824,GCST90239673
133875891,GCST90302076
190030052,GCST90502358
93540695,GCST90018975
96160745,GCST90092890
100874048,GCST90027093
215607310,GCST90501340
96192005,GCST90092978
215559697,GCST90501262
63823338,GCST90012113
215602887,GCST90501332
216835609,GCST90827826
106393430,GCST90269582
215591432,GCST90501313
190064820,GCST90502515
215600728,GCST90501328
96209511,GCST90093023
106412506,GCST90269672
188252915,GCST90469255
41138761,GCST007841
132679854,GCST90432179
106397769,GCST90269601
190028579,GCST90502347
190098627,GCST90502711
216843343,GCST90827856
96168702,GCST90092912
216885628,GCST90827999
216888597,GCST90828009
216896827,GCST90828035
216902827,GCST90828057
189954000,GCST90502095
215546832,GCST90501245
216841917,GCST90827850
216870701,GCST90827947
216879610,GCST90827978
96138348,GCST90092829
96199350,GCST90093000
188164995,GCST90468307
190080788,GCST90502607
216849119,GCST90827877
56269104,GCST010204
63839271,GCST90012104
96187920,GCST90092968
215599932,NA
216856271,NA
106407532,NA
215526176,GCST90501209
162994620,GCST90475100
215564070,GCST90501270
216889454,GCST90828012
96212697,GCST90093031
106398966,GCST90269607
190074814,GCST90502567
215470521,GCST90501119
215521907,GCST90501198
215549456,GCST90501249
215569961,GCST90501282
216898225,GCST90828040
96172512,GCST90092922
190060786,GCST90502502
215483781,GCST90501138
216867018,GCST90827933
216894807,GCST90828027
93539696,GCST90018974
96188704,GCST90092970
189976217,GCST90502153
216893213,GCST90828021
93492861,GCST90018945
96216265,GCST90093040
215480628,GCST90501137
215580588,GCST90501298
96207471,GCST90093018
106398734,GCST90269606
56274177,GCST010245
102699960,GCST90244680
106446434,GCST90269730
216903975,GCST90828063
96225442,GCST90092939
215590701,GCST90501312
188379175,GCST90470622
215578591,GCST90501296
96198903,GCST90092999
188223502,GCST90468908
215484892,GCST90501140
215565252,GCST90501273
215575592,GCST90501293
216858754,GCST90827910
216874765,GCST90827961
216848537,GCST90827874
96217418,GCST90093044
106412130,GCST90269669
188280229,GCST90469476
215501529,GCST90501167
56270049,GCST010173
96219193,GCST90093049
190100055,GCST90502722
215505156,GCST90501173
215544078,GCST90501240
63834355,GCST90012108
216836586,GCST90827829
100873440,GCST90027092
133877526,GCST90302086
188111921,GCST90468106
215532883,GCST90501220
96174904,GCST90092928
106381844,GCST90269509
190065848,GCST90502518
190079120,GCST90502606
191863598,GCST90662899
215529037,GCST90501215
215546066,GCST90501242
216903400,GCST90828061
215562302,GCST90501269
216883794,GCST90827993
106401450,GCST90269619
215521026,GCST90501199
215572220,GCST90501286
80056419,GCST006613
216861217,GCST90827922
216879306,GCST90827977
190062246,GCST90502503
106397587,GCST90269600
96199757,GCST90093001
100872477,GCST90027091
215557583,GCST90501258
216857975,GCST90827906
96146239,GCST90092849
191849459,GCST90662893
215491244,GCST90501146
47145212,GCST008074
47145440,GCST008074
47145591,GCST008074
190038095,GCST90502385
215588362,GCST90501309
216840492,GCST90827845
191886055,GCST90662907
215531466,GCST90501219
96137816,GCST90092828
190016914,GCST90502294
215500798,GCST90501165
216832989,GCST90827817
56277496,GCST010243
96218816,GCST90093048
215454724,GCST90501097
216876600,GCST90827967
216885925,GCST90828000
106412257,NA
215590050,NA
96157967,NA
188301078,GCST90469693
215545470,GCST90501243
215547883,GCST90501244
215606353,GCST90501338
106375774,GCST90239822
190082200,GCST90502618
163240610,GCST90476400
215488095,GCST90501142
216852860,GCST90827892
100869649,GCST90027080
106384368,GCST90269521
106433822,GCST90269703
188091141,GCST90468095
215582665,GCST90501301
216896392,GCST90828033
189986602,GCST90502186
216883174,GCST90827991
106392395,GCST90269577
215479382,GCST90501134
96166830,GCST90092906
96186015,GCST90092963
106394561,GCST90269587
163439981,GCST90480719
215551355,GCST90501252
96195748,GCST90092989
93502405,GCST90018951
106380986,GCST90269505
96180024,GCST90092946
189928859,GCST90502049
216857414,GCST90827904
61998692,GCST009777
106392552,GCST90269578
215518836,GCST90501192
215522484,GCST90501201
131755668,GCST90428729
96168430,GCST90092911
96190287,GCST90092974
106392769,GCST90269579
191855167,GCST90662895
215533690,GCST90501221
216892489,GCST90828018
96197812,GCST90092996
101334735,GCST90239664
189921846,GCST90502036
106407305,GCST90269649
191847660,GCST90662892
188037621,GCST90468065
189998347,GCST90502218
215558535,GCST90501260
216899808,GCST90828045
100870027,GCST90027081
133877410,GCST90302085
96222982,GCST90092821
216850661,GCST90827883
215478151,GCST90501135
215561831,GCST90501266
216857683,GCST90827905
216884998,GCST90827997
41203763,GCST007344
106397395,GCST90269599
133886199,GCST90302124
189965832,GCST90502134
215504539,GCST90501170
215527924,GCST90501210
218091519,GCST90838671
215502235,GCST90501166
188410261,GCST90470985
215492563,GCST90501151
215529994,GCST90501217
216816254,GCST90827768
100874804,GCST90027095
188285943,GCST90469528
216841247,GCST90827848
216886559,GCST90828002
106374541,GCST90239821
216850374,GCST90827882
64399415,GCST90002400
96155425,GCST90092872
98196981,GCST012398
106398522,GCST90269605
106395968,GCST90269593
216860197,GCST90827917
100111666,GCST90133364
101347339,GCST90239676
189932963,GCST90502056
215491656,GCST90501149
106399203,GCST90269608
96166301,GCST90092904
106406856,GCST90269647
215568213,GCST90501279
189840423,GCST90454483
63832314,GCST90012109
106444941,GCST90269721
215530715,GCST90501216
216837424,GCST90827832
216867353,GCST90827934
96149211,GCST90092855
188033323,GCST90468061
215550298,GCST90501251
217556304,GCST90832990
215505482,NA
216862367,NA
106394072,NA
162995313,GCST90475103
215520495,GCST90501196
216810745,GCST90827746
96219460,GCST90093050
97329375,GCST90104281
106380764,GCST90269504
191336877,GCST90565843
216848962,GCST90827876
96165427,GCST90092902
98280776,GCST90129557
215469430,GCST90501118
216887355,GCST90828005
215549130,GCST90501246
215576909,GCST90501294
190035049,GCST90502373
190093543,GCST90502671
216868771,GCST90827939
96204829,GCST90093012
215592429,GCST90501314
216884393,GCST90827995
215587776,GCST90501306
97328382,GCST90104277
106395040,GCST90269589
216870424,GCST90827946
80736038,GCST90013407
216842229,GCST90827851
96181412,GCST90092950
106389029,GCST90269544
215506781,GCST90501178
96151338,GCST90092861
96215833,GCST90093039
106386191,GCST90269530
106396215,GCST90269594
216849319,GCST90827878
119389639,GCST90295949
216838397,GCST90827835
216899208,GCST90828043
96153088,GCST90092866
96179350,GCST90092944
87316036,GCST90019493
87273576,GCST90019518
138228614,GCST90444487
39952,GCST002221
39886,GCST002222
40003,GCST002216
21422026,GCST004237
100837443,GCST90161871
188278256,GCST90469448
34709788,GCST006571
164569206,GCST90492678
164565669,GCST90492677
35226253,GCST006442
164572796,GCST90492679
91303235,GCST90026658
102360726,GCST90134518
188161724,GCST90468279
214364381,GCST90453266
214364386,GCST90453266
132679860,GCST90432179
214364391,GCST90453266
103221324,GCST90245845
192541804,GCST90624105
188313602,GCST90469800
131760685,GCST90428732
218065840,GCST90838663
102363035,GCST90134520
216847942,GCST90827872
190026999,GCST90502346
216818509,GCST90827775
63823342,GCST90012113
188037516,GCST90468065
55997153,GCST010144
134454797,GCST90448682
165703253,GCST90000618
165702394,GCST90000616
214364417,GCST90453266
94161782,GCST90090172
104536734,GCST90247876
131771868,GCST90310294
94161765,GCST90088461
131784977,GCST90310296
214364412,GCST90453266
62500149,GCST90002361
102363630,GCST90134521
106378682,GCST90239826
62274911,GCST010461
62746156,GCST90002357
63840773,GCST90012102
93475497,GCST90018755
191845258,GCST90662886
100871998,GCST90027088
101338942,GCST90239669
164776403,GCST90314428
104536739,GCST90247876
191875119,GCST90662903
93531521,GCST90018969
101949933,GCST90179146
106377337,GCST90239824
64340081,GCST90002402
96767661,GCST90029070
191832935,NA
215457354,NA
100870961,NA
191877823,GCST90662904
87308970,GCST90019496
87268018,GCST90019523
87316040,GCST90019493
87274071,GCST90019518
87301126,GCST90019501
40931228,GCST007269
214364402,GCST90453266
36603351,GCST007096
87301683,GCST90019500
94170279,GCST90086253
100046164,GCST90132905
100524489,GCST90137766
87308082,GCST90019496
93376448,GCST90019512
162858266,GCST90427369
193172471,GCST90442886
87268022,GCST90019523
87269402,GCST90019522
87315478,GCST90019493
134171944,GCST90435415
193171187,GCST90442714
215577995,GCST90501297
87273114,GCST90019518
87299892,GCST90019501
100837140,GCST90161858
162645134,GCST90449056
162843536,GCST90425833
105746315,GCST90237446
164758351,GCST90313551
104536724,GCST90247876
131771873,GCST90310294
164758363,GCST90313552
63147367,GCST006585
63147447,GCST006585
105757842,GCST90238924
188176642,GCST90468488
103239905,GCST90245848
131784982,GCST90310296
188212182,GCST90468818
133884681,GCST90302116
100837193,GCST90161858
100837175,GCST90161858
50756937,GCST009356
101791920,GCST90239829
162645129,GCST90449056
215456903,GCST90501101
189842847,GCST90454487
93477690,GCST90018769
138943068,GCST90278637
64699952,GCST011346
191832247,GCST90662856
93475669,GCST90018756
91662223,GCST90027228
164682843,GCST90444427
136015568,GCST90309355
93518760,GCST90018961
188152554,GCST90468184
163134721,GCST90475470
163245193,GCST90476424
163022986,GCST90475173
163026353,GCST90475198
163314047,GCST90479543
63822163,GCST90012114
163131207,GCST90475466
163023465,GCST90475176
188284383,GCST90469508
188193220,GCST90468637
166017207,GCST90566733
188039630,GCST90468067
104536729,GCST90247876
21414043,GCST004233
93465872,GCST90018725
216847719,GCST90827871
47869418,GCST008904
47869514,GCST008904
119965178,GCST90302224
103214455,GCST90245844
191836335,GCST90662867
21421366,GCST004235
93467719,GCST90018731
103239895,GCST90245848
138946436,GCST90278644
101958468,GCST90179148
191289039,GCST90565837
21888727,GCST004603
47233444,GCST008058
189906818,GCST90502004
101958474,GCST90179148
189918426,GCST90502030
189957057,GCST90502101
119392946,GCST90295951
189995167,GCST90502212
189909821,GCST90502010
189989341,GCST90502192
119391764,GCST90295950
216834480,GCST90827822
189969223,GCST90502140
216901267,GCST90828050
101961773,GCST90179149
216879001,NA
216822265,NA
189954015,NA
216892975,GCST90828020
216880539,GCST90827981
189965847,GCST90502134
189986607,GCST90502186
189998357,GCST90502218
216879888,GCST90827979
119389898,GCST90295949
188278206,GCST90469448
101789331,GCST90239828
63840777,GCST90012102
188056687,GCST90468078
189954010,GCST90502095
166056936,GCST90570527
166055977,GCST90503313
189965842,GCST90502134
188278091,GCST90469448
188278176,GCST90469448
188278186,GCST90469448
188278156,GCST90469448
188278166,GCST90469448
31578740,GCST006034
188278146,GCST90469448
188278236,GCST90469448
188278246,GCST90469448
188313487,GCST90469800
100524217,GCST90137748
188313472,GCST90469800
188313206,GCST90469797
188257120,GCST90469305
188375209,GCST90470584
190092358,GCST90502670
189918411,GCST90502030
189995152,GCST90502212
34963249,GCST006946
41276761,GCST007461
21518361,GCST004449
164789003,GCST90315059
106444375,GCST90269718
188211215,GCST90468812
190092353,GCST90502670
190033443,GCST90502372
41248916,GCST007472
188313271,GCST90469797
31584229,GCST005989
93473825,GCST90018749
62511928,GCST90002358
37751,GCST002147
189906813,GCST90502004
189959407,GCST90502103
87301702,GCST90019500
134131954,GCST90292538
189918421,GCST90502030
189957052,GCST90502101
189925505,GCST90502043
189995162,GCST90502212
189909816,GCST90502010
190018311,GCST90502295
87308161,GCST90019496
103214460,GCST90245844
93376928,GCST90019512
189969218,GCST90502140
190020787,GCST90502307
27239877,GCST005196
87268340,GCST90019523
87269548,GCST90019522
87315483,GCST90019493
132681610,GCST90432180
134133352,GCST90446792
87272978,GCST90019518
87300077,GCST90019501
190080793,GCST90502607
189954005,GCST90502095
190028584,GCST90502347
190064825,GCST90502515
190098632,GCST90502711
190062251,GCST90502503
98281429,GCST90129560
189921851,GCST90502036
189965837,GCST90502134
189998352,GCST90502218
87291758,GCST90019507
98281157,GCST90129559
191336882,GCST90565843
98280980,GCST90129558
103239900,GCST90245848
163415330,GCST90480557
101958458,GCST90179148
189957042,GCST90502101
191853788,GCST90662894
163416030,GCST90480575
163203276,GCST90476269
138940194,GCST90278630
191842793,GCST90662881
19691571,GCST004121
133873068,GCST90302062
133885163,GCST90302118
96160216,GCST90092888
133880674,GCST90302099
163175365,GCST90475715
163250752,GCST90476439
163314481,NA
14980406,NA
80056001,NA
133873249,GCST90302063
133875319,GCST90302074
133883732,GCST90302112
188384909,GCST90470684
215548899,GCST90501247
215576448,GCST90501295
215593345,GCST90501317
96150372,GCST90092858
133865441,GCST90302025
133873742,GCST90302065
133890364,GCST90302144
215580082,GCST90501299
216849567,GCST90827879
133883160,GCST90302110
69092393,GCST011368
106404784,GCST90269636
188081254,GCST90468089
188111214,GCST90468105
133881849,GCST90302104
216851131,GCST90827885
216868295,GCST90827937
133866215,GCST90302029
133870742,GCST90302051
188347246,GCST90470220
216827906,GCST90827801
96167344,GCST90092908
106376367,GCST90239823
188116942,GCST90468134
188278323,GCST90469449
216839800,GCST90827842
133865873,GCST90302027
133874878,GCST90302071
133851926,GCST90301961
133885943,GCST90302123
133874139,GCST90302067
133882311,GCST90302106
133882743,GCST90302108
163175803,GCST90475718
216842468,GCST90827852
133852969,GCST90301968
215520269,GCST90501197
63372427,GCST90012045
131760670,GCST90428732
132681615,GCST90432180
133872867,GCST90302061
133884179,GCST90302114
133890706,GCST90302146
216842695,GCST90827853
133883441,GCST90302111
100869326,GCST90027079
133871596,GCST90302055
55315181,GCST009577
100874028,GCST90027093
133872420,GCST90302059
216830704,GCST90827811
106404971,GCST90269637
14979549,GCST002896
15819009,GCST003194
100873365,GCST90027092
133876142,GCST90302077
216892752,GCST90828019
133864520,GCST90302019
133871988,GCST90302057
133880393,GCST90302098
133890983,GCST90302148
133862768,GCST90302012
100869669,GCST90027080
104165339,GCST90250902
133893465,GCST90302160
188306357,GCST90469745
163211696,GCST90476299
133890535,GCST90302145
214063722,GCST90668075
100870067,GCST90027081
215507232,GCST90501179
215537792,GCST90501230
47845644,GCST008839
96184018,GCST90092957
133853933,GCST90301972
133865657,GCST90302026
133873490,GCST90302064
133849915,GCST90301946
133879575,GCST90302095
163207357,GCST90476296
216817861,GCST90827773
87272202,GCST90019520
133886415,GCST90302125
188376131,GCST90470595
95124707,GCST90000025
96224484,GCST90092883
98279047,GCST90129546
133865159,GCST90302023
215494832,GCST90501155
188323151,GCST90469890
214364428,GCST90453266
104573278,GCST90249719
62274907,GCST010461
106447529,GCST90269735
138936232,GCST90278615
138946868,GCST90278645
30594690,NA
31585353,NA
93476500,NA
138944818,GCST90278640
47099646,GCST007876
31584960,GCST005985
214364397,GCST90453266
87268336,GCST90019523
87273714,GCST90019518
87301984,GCST90019500
87315837,GCST90019493
87273719,GCST90019518
87301130,GCST90019501
190089911,GCST90502658
189925510,GCST90502043
189973361,GCST90502147
190063506,GCST90502514
190030057,GCST90502358
190019419,GCST90502306
190100060,GCST90502722
189921857,GCST90502036
189928864,GCST90502049
190082205,GCST90502618
163438839,GCST90480717
119120814,GCST90244093
216298340,GCST90705071
132681620,GCST90432180
216295631,GCST90705070
90795069,GCST90020025
90726071,GCST90020028
90726117,GCST90020028
55718129,GCST009858
90726076,GCST90020028
97477215,GCST90105038
36485888,GCST007067
214132297,GCST90693328
90754263,GCST90020027
90754269,GCST90020027
90795064,GCST90020025
62434091,GCST90002338
64090976,GCST90002392
36507304,GCST007069
64412122,GCST90002396
55717738,GCST009858
131328531,GCST90321119
16483,GCST000829
33004,GCST001954
19200392,GCST004064
19200624,GCST004064
103205401,GCST90245889
93482913,GCST90018868
47267256,GCST008052
93052685,GCST012495
164750735,GCST90313169
91502445,GCST90027168
90621075,GCST012228
91502431,GCST90027168
90640381,GCST012230
214533614,GCST90011732
90726098,GCST90020028
90738528,GCST90020026
64651577,GCST011119
143802870,GCST90455669
90754235,GCST90020027
90726081,GCST90020028
55717936,GCST009858
90795038,GCST90020025
90738511,GCST90020026
12506074,GCST002782
12506076,GCST002782
12506078,GCST002782
12506079,GCST002782
47691780,GCST008734
216208029,GCST90668000
47690901,GCST008733
30523466,GCST005962
98158354,GCST005956
47267252,GCST008052
91502358,GCST90027168
21798526,GCST004505
21798530,GCST004505
19701069,GCST004067
19701422,GCST004067
19701677,GCST004067
188079092,GCST90468088
90538860,GCST90002393
162843569,GCST90425836
90754257,GCST90020027
90726103,GCST90020028
90795059,GCST90020025
90738533,GCST90020026
91502501,GCST90027168
91502509,GCST90027168
165782355,GCST90568895
165782398,GCST90568897
103245855,GCST90245848
103245860,GCST90245848
91502572,GCST90027168
88196400,GCST012489
91502517,GCST90027168
19703471,GCST004068
188056235,GCST90468077
64189807,GCST90002385
63944466,NA
63947500,NA
97984941,NA
64186319,GCST90002386
91502549,GCST90027168
91502580,GCST90027168
47384296,GCST008996
47385829,GCST008995
91502595,GCST90027168
188125454,GCST90468165
91502344,GCST90027168
90738523,GCST90020026
91502588,GCST90027168
17922339,GCST003972
17922037,GCST003973
90726092,GCST90020028
91502315,GCST90027168
90784520,GCST90020024
90754252,GCST90020027
90784514,GCST90020024
90795054,GCST90020025
91502525,GCST90027168
90754246,GCST90020027
90784509,GCST90020024
90795049,GCST90020025
91502393,GCST90027168
90810096,GCST012227
101673545,GCST90239727
217563572,GCST90832991
101673165,GCST90239723
91502461,GCST90027168
91502469,GCST90027168
91502477,GCST90027168
90709254,GCST90020029
91502379,GCST90027168
91502401,GCST90027168
91502351,GCST90027168
19283850,GCST004066
97027984,GCST004576
97027988,GCST004576
21717315,GCST004567
21717715,GCST004567
36524677,GCST007080
91502365,GCST90027168
90810090,GCST012227
90754241,GCST90020027
90638513,GCST012229
90784504,GCST90020024
90795044,GCST90020025
91502372,GCST90027168
90726087,GCST90020028
91502329,GCST90027168
90738517,GCST90020026
91502301,GCST90027168
41134297,GCST007431
91502416,GCST90027168
216301285,GCST90705072
119122167,GCST90244094
91502485,GCST90027168
91502493,GCST90027168
91502541,GCST90027168
91502424,GCST90027168
91502557,GCST90027168
91502564,GCST90027168
47382709,GCST008997
91502409,GCST90027168
91502438,GCST90027168
47380813,GCST008994
55717917,GCST009858
100680250,GCST90162637
134164623,GCST90435412
191340956,GCST90565843
131607749,GCST90044773
55717890,GCST009858
55724341,GCST009867
30520555,GCST005958
30523212,GCST005962
90638518,GCST012229
217566162,GCST90832992
98158349,GCST005956
104932949,GCST90244098
91502308,GCST90027168
188209864,GCST90468804
21713522,GCST004578
21713686,GCST004578
91502322,GCST90027168
97028428,GCST004576
97028432,GCST004576
97028436,GCST004576
21717451,GCST004567
21717615,GCST004567
163391703,GCST90480072
55717912,GCST009858
90709259,GCST90020029
103594196,GCST90246234
91502386,GCST90027168
188156429,GCST90468219
102261024,GCST90205205
143804616,GCST90455676
143806172,GCST90455677
104176273,GCST90129505
188129124,GCST90468170
91502533,GCST90027168
90726108,NA
90738538,NA
90726113,NA
90738543,GCST90020026
90709269,GCST90020029
90754274,GCST90020027
90638524,GCST012229
90726123,GCST90020028
90784525,GCST90020024
90795073,GCST90020025
90738547,GCST90020026
90810101,GCST012227
188058849,GCST90468079
55717956,GCST009858
41171141,GCST007841
188145892,GCST90468178
217557104,GCST90832990
214131592,GCST90693323
188336002,GCST90470068
188209452,GCST90468803
91502337,GCST90027168
90709264,GCST90020029
191340951,GCST90565843
130276592,GCST004612
21893948,GCST004611
64183734,GCST90002387
22666588,GCST004628
218076971,GCST90838669
88928518,GCST90000047
117710517,GCST90292527
53502414,GCST009096
188318993,GCST90469861
191853973,GCST90662894
91625354,GCST012353
164570293,GCST90492678
214348012,GCST90708780
98430123,GCST90131901
98430129,GCST90131901
63950149,GCST011703
214496259,GCST90572789
188272377,GCST90469386
102091080,GCST90243968
117710957,GCST90292528
102091074,GCST90243968
102091086,GCST90243968
97481331,GCST90105038
104525737,GCST90247299
47107942,GCST007988
47109272,GCST007988
100735530,GCST90054779
100735330,GCST90054779
102108215,GCST90243985
36098742,GCST007085
102108221,GCST90243985
102108233,GCST90243985
102108227,GCST90243985
34711463,GCST006571
35227585,GCST006442
165804162,GCST90569378
104525732,GCST90247299
188333418,GCST90470026
118725065,GCST90296430
34711698,GCST006571
55291746,GCST009575
103210583,GCST90245937
217552986,GCST90832989
61653211,GCST010273
131339933,GCST90321120
165797492,GCST90569309
165800609,GCST90569320
49100287,GCST004904
30643675,GCST005648
97846956,GCST90024117
100037297,GCST90132191
102120131,GCST90243989
131334813,GCST90321120
103256232,GCST90245848
62318944,GCST011427
188338345,GCST90470097
102120166,GCST90243989
102120143,GCST90243989
102120149,GCST90243989
102120155,GCST90243989
102120125,GCST90243989
93499672,GCST90018949
34715750,GCST006569
34703561,GCST006573
80617308,GCST90017038
42935,GCST002499
98450753,GCST90131907
102120172,GCST90243989
102120178,GCST90243989
102120137,GCST90243989
35277976,GCST006524
41175209,GCST007325
138723881,GCST90446645
55732589,GCST009871
49128387,GCST009004
104113837,GCST90255621
101968739,GCST90179150
36060570,GCST007039
188338390,GCST90470097
97482627,GCST90105038
97482621,NA
100083954,NA
165790555,NA
103210536,GCST90245934
102099420,GCST90243984
103209505,GCST90244757
102099426,GCST90243984
102120160,GCST90243989
102099432,GCST90243984
131084025,GCST90328131
80604831,GCST011567
93467275,GCST90018729
188338365,GCST90470097
62316054,GCST011427
93035663,GCST90044780
63777706,GCST010989
188338164,GCST90470094
104172924,GCST90255366
214312911,GCST90624094
34721051,GCST006568
191902246,GCST90662911
192547368,GCST90624107
191895047,GCST90662910
138231444,GCST90444487
191904220,GCST90662912
49101082,GCST004904
165813953,GCST90569453
216891103,GCST90828013
88192388,GCST012490
118861191,GCST90274713
131608115,GCST90044774
134168976,GCST90435414
134171725,GCST90435415
104166001,GCST90250905
34704679,GCST006574
163378948,GCST90479875
216207979,GCST90668000
188263584,GCST90469357
90750881,GCST90020027
47380609,GCST008994
217562356,GCST90832991
63834146,GCST90012108
36485186,GCST007067
93036844,GCST90061435
191905800,GCST90662912
88196492,GCST012489
118831810,GCST90277244
165024987,GCST90461907
34989288,GCST006287
55715930,GCST009858
55721810,GCST009867
101949080,GCST90101728
92911599,GCST90026507
101948754,GCST90101726
96062399,GCST90101750
165791428,GCST90569242
101445022,GCST90002403
47486958,GCST008413
88191441,GCST012490
131328091,GCST90321119
36057081,GCST007020
62649572,GCST90002316
64080497,GCST90002388
36057617,GCST007020
36092782,GCST007081
163255718,GCST90476455
163359349,GCST90479701
163349171,GCST90479668
163252831,GCST90476452
90750887,GCST90020027
55715925,GCST009858
90792070,GCST90020025
36485191,GCST007067
163305636,GCST90479516
92911352,GCST90026503
163362577,GCST90479705
163361768,GCST90479704
218068217,GCST90838667
103230320,GCST90245848
162650117,GCST90449057
90706831,GCST90020029
35587690,GCST006627
131777819,GCST90310295
90782773,GCST90020024
131770571,GCST90310294
55721806,GCST009867
93519444,GCST90018962
191883176,GCST90662906
163359344,GCST90479701
95292506,GCST90012921
218067895,GCST90838665
36041630,GCST007038
36055808,GCST007020
192538913,GCST90624103
47748209,GCST008758
119121990,GCST90244093
92911857,GCST90026508
92912656,GCST90026516
165822080,GCST90569500
92911862,GCST90026508
163448745,GCST90480763
191885360,GCST90662907
191371623,GCST90565845
163326264,NA
216299157,NA
218068381,NA
102086150,GCST90243968
62748279,GCST90002346
102101526,GCST90243985
163364276,GCST90479707
163365409,GCST90479708
64415016,GCST90002395
218069807,GCST90838669
163156894,GCST90475523
36506115,GCST007069
64411478,GCST90002396
88923188,GCST90014290
62429460,GCST90002349
188074535,GCST90468087
218068337,GCST90838667
101950035,GCST90101731
218090335,GCST90838671
218068249,GCST90838667
101948747,GCST90101726
118833451,GCST90277319
53408965,GCST009499
34702952,GCST006573
165774451,GCST90568580
165774462,GCST90568580
93014425,GCST90032654
93014430,GCST90032654
103241850,GCST90245848
103241855,GCST90245848
36524265,GCST007080
47471186,GCST008362
191899941,GCST90662911
191337978,GCST90565843
35673411,GCST006660
100735625,GCST90054779
34714821,GCST006569
62083100,GCST010340
62084780,GCST010340
91303281,GCST90026658
102071678,GCST90091155
192538474,GCST90624101
100086323,GCST90133012
41170437,GCST007841
191337973,GCST90565843
34719779,GCST006568
188239173,GCST90469126
188272020,GCST90469385
165778888,GCST90568736
93036885,GCST90061435
165013619,GCST90503210
131347960,GCST90321121
34989298,GCST006287
143793901,GCST90448958
143794428,GCST90448959
165822101,GCST90569500
98447513,GCST90131905
41173263,GCST007323
101397160,GCST90239693
36159159,GCST007327
62319676,GCST011427
95986188,GCST90100569
100084173,GCST90132987
97467273,GCST90105038
97467279,GCST90105038
103231150,GCST90245848
47792035,GCST008788
47714077,GCST008789
93908001,GCST90091060
41174816,GCST007325
95022469,GCST90095129
132519690,GCST90432061
80428120,GCST90014243
47487262,GCST008413
132520991,GCST90432063
98445759,GCST90131904
53689114,GCST009518
143793826,GCST90448958
143794416,GCST90448959
143794760,GCST90455662
103954842,GCST90165317
106006831,GCST90266935
101689428,GCST90239729
103231155,GCST90245848
101964653,GCST90179150
105964739,GCST90267927
163413362,GCST90480514
143793831,GCST90448958
143794386,GCST90448959
188056457,GCST90468078
163308553,GCST90479522
163178872,GCST90475762
102086280,GCST90243968
102101746,GCST90243985
56259052,GCST010018
165813829,GCST90569453
165809724,GCST90569450
165812259,GCST90569452
132547218,GCST90385729
143793821,GCST90448958
143794730,GCST90455662
143794370,GCST90448959
143793911,GCST90448958
192545717,NA
138226840,NA
104107300,NA
95031991,GCST90095131
93929417,GCST90091061
95028971,GCST90095130
191367551,GCST90565844
191367557,GCST90565844
191337797,GCST90565843
27407996,GCST005316
27408000,GCST005316
55599068,GCST009597
103214600,GCST90245844
218065916,GCST90838663
98380604,GCST90094754
191849759,GCST90662893
55314747,GCST009577
64411950,GCST90002396
27407992,GCST005316
55491399,GCST009524
36160027,GCST007326
41138997,GCST007841
41139001,GCST007841
21887014,GCST004607
191337791,GCST90565843
34831659,GCST006269
62069771,GCST010343
62078882,GCST010340
188096871,GCST90468096
97474546,GCST90105038
55492491,GCST009524
97474558,GCST90105038
164565761,GCST90492677
34710013,GCST006571
164565766,GCST90492677
35226409,GCST006442
34719756,GCST006568
98197014,GCST012398
104374988,GCST90264174
188187879,GCST90468604
24779512,GCST005014
61783890,GCST010303
93083316,GCST90056183
102088522,GCST90243968
102104802,GCST90243985
106270530,GCST90270118
95124806,GCST90000025
93378893,GCST90019515
35226405,GCST006442
188110559,GCST90468105
93379178,GCST90019515
97474552,GCST90105038
191834291,GCST90662860
93467040,GCST90018729
101397591,GCST90239693
98427022,GCST90131901
41311575,GCST004988
101397585,GCST90239693
98427034,GCST90131901
191302669,GCST90565840
98438961,GCST90131903
106260920,GCST90270116
63840007,GCST90012103
137868387,GCST90454182
98427040,GCST90131901
163347128,GCST90479664
62491280,GCST90002320
93519904,GCST90018962
93542069,GCST90018976
136020571,GCST90309369
27407988,GCST005316
163346573,GCST90479663
93081601,GCST90056182
62650022,GCST90002316
93076756,GCST90085815
143786136,GCST90455645
188062395,GCST90468082
64081063,GCST90002388
163347672,GCST90479665
218074491,GCST90838669
93379703,GCST90019515
34942091,GCST006250
100282665,GCST90134330
103225531,GCST90245846
137867410,GCST90454174
36479225,GCST007068
34832498,GCST006269
47692268,GCST008734
47691418,GCST008733
62511380,GCST90002375
163372606,GCST90479775
35748534,GCST006922
98385641,GCST90094873
34943251,GCST006250
100282670,GCST90134330
169092608,GCST90590341
47457236,GCST008550
162783742,GCST90446169
104373842,GCST90264174
36610097,GCST007063
34942851,GCST006250
134250730,GCST90448240
100282676,GCST90134330
98384826,NA
90809641,NA
100085995,NA
217556530,GCST90832990
191289338,GCST90565837
134158999,GCST90435412
103241495,GCST90245848
98175001,GCST007044
41173230,GCST007323
103221424,GCST90245845
191289332,GCST90565837
98436580,GCST90131902
164565755,GCST90492677
191337763,GCST90565843
134157198,GCST90435412
191289327,GCST90565837
106259870,GCST90270116
191337768,GCST90565843
95124802,GCST90000025
191337785,GCST90565843
41309945,GCST004988
191289344,GCST90565837
191337774,GCST90565843
131620339,GCST90428120
191337779,GCST90565843
136014702,GCST90309353
138943118,GCST90278637
27409748,GCST005316
188093474,GCST90468095
188037816,GCST90468065
164569309,GCST90492678
34942096,GCST006250
164572881,GCST90492679
164569315,GCST90492678
164572886,GCST90492679
10078381,GCST002702
80705758,GCST011766
117661576,GCST90000061
117664836,GCST90292476
55491660,GCST009524
189867507,GCST90565742
93473815,GCST90018749
98427028,GCST90131901
163034696,GCST90475232
163317244,GCST90479563
163161662,GCST90475538
64399480,GCST90002400
105296299,GCST90270081
105297554,GCST90270083
191888690,GCST90662907
64340159,GCST90002402
34714802,GCST006569
34723449,GCST006570
98378400,GCST90094688
98379970,GCST90094737
63922773,GCST90011875
64639016,GCST011125
191303902,GCST90565842
34696632,GCST006572
34831263,GCST006269
98378881,GCST90094705
217724621,GCST90837324
191901336,GCST90662911
131618943,GCST90428120
164564002,GCST90446162
63100317,GCST90011298
214157054,GCST90704610
164563566,GCST90446160
218074311,GCST90838669
193128339,GCST90672032
101950222,GCST90179146
105002964,GCST90255614
49130656,GCST009004
36603776,GCST007096
131721347,GCST90319904
103285326,GCST90245848
119091905,GCST90301650
55731454,GCST009871
134167791,GCST90435413
36059962,GCST007039
131633041,GCST90428121
164780779,GCST90314626
164778219,GCST90314520
164772415,GCST90314246
164803247,GCST90315775
164791051,GCST90315180
164784923,GCST90314849
164779287,GCST90314568
164805663,GCST90315909
164791251,GCST90315188
164805691,GCST90315910
164805711,GCST90315911
164795511,GCST90315385
164790963,GCST90315175
164797071,GCST90315456
164760459,GCST90313666
188393599,GCST90470814
192546996,GCST90624107
138723198,GCST90446645
104111729,GCST90255621
101967356,GCST90179150
62082530,GCST010340
33422,GCST001913
102086477,NA
102102050,NA
188089979,NA
119773369,GCST90245528
103232065,GCST90245848
131450517,GCST90310293
41208645,GCST007354
101170227,GCST90140389
101403593,GCST90176526
217752018,GCST90837551
217749868,GCST90837544
215148463,GCST90651073
93517211,GCST90018960
93510044,GCST90018957
191880697,GCST90662905
191875064,GCST90662903
191877783,GCST90662904
165780413,GCST90568831
62308308,GCST011427
96220998,GCST90092813
104374681,GCST90264174
215457800,GCST90501103
216812146,GCST90827752
165788178,GCST90569119
216864249,GCST90827928
215144760,GCST90651071
217752564,GCST90837552
215149210,GCST90651074
215145298,GCST90651072
215143493,GCST90651070
217751004,GCST90837546
61986578,GCST010302
165818240,GCST90569458
163434298,GCST90480689
163237719,GCST90476382
47232900,GCST008058
47713651,GCST008721
80685267,GCST012338
214480247,GCST90568450
189886811,GCST90624690
106391710,GCST90269567
55724379,GCST009867
131755816,GCST90428729
35131567,GCST006433
188418419,GCST90471084
35131558,GCST006433
136014510,GCST90309353
24654805,GCST006288
24655982,GCST006288
24656951,GCST006288
143804953,GCST90455676
143806977,GCST90455677
163316498,GCST90479562
55598892,GCST009597
61998828,GCST009777
163317281,GCST90479563
62077393,GCST010339
55717780,GCST009858
62710394,GCST90002412
97984923,GCST90100220
163358653,GCST90479680
98439307,GCST90131903
98439313,GCST90131903
131772607,GCST90310294
131785516,GCST90310296
101366874,GCST90239608
90726144,GCST90020028
188062105,GCST90468082
64675469,GCST90011900
80734357,GCST90013406
188114523,GCST90468107
103284986,GCST90245848
93501446,GCST90018950
63049300,GCST010700
16139,GCST000818
98150361,GCST001791
64651581,GCST011119
98427923,GCST90131901
119121504,GCST90244093
41532258,GCST007733
62710592,GCST010637
93487922,GCST90018939
104573862,GCST90249746
163319844,GCST90479588
163381129,GCST90479892
163320176,GCST90479589
163380116,GCST90479885
163328712,GCST90479625
163379563,GCST90479882
90810115,GCST012227
40930582,GCST007269
41345279,GCST007518
119033747,GCST90271558
191187395,GCST90399398
191858166,GCST90662896
63829772,GCST90012110
61967645,GCST010118
102225590,GCST90244003
136011748,GCST90309345
188384627,GCST90470683
93542294,GCST90018976
162994050,GCST90475097
163300114,GCST90479502
214078051,NA
47470407,NA
93506717,NA
162991989,GCST90475094
164632839,GCST90492734
41333862,GCST007515
45600887,GCST007923
63836496,GCST90012107
63838028,GCST90012106
63318791,GCST90000026
134164541,GCST90435412
191186161,GCST90399396
191269524,GCST90651113
36499869,GCST007066
93469785,GCST90018739
136015368,GCST90309355
188116432,GCST90468124
41344786,GCST007517
98543480,GCST90132183
188234092,GCST90469048
214131587,GCST90693323
215552257,GCST90501255
106376157,GCST90239823
138524718,GCST90444202
63826483,GCST90012111
104176278,GCST90129505
102225893,GCST90244004
35131562,GCST006433
63840838,GCST90012102
93486245,GCST90018926
163329393,GCST90479626
191290629,GCST90565837
62203985,GCST010555
131623062,GCST90428120
191368094,GCST90565844
41344611,GCST007516
93549119,GCST90018981
35965050,GCST006979
55298548,GCST009379
191845978,GCST90662886
214496027,GCST90572789
41171149,GCST007841
163298483,GCST90479500
98545460,GCST90132184
103595663,GCST90245995
63318996,GCST90000027
188145801,GCST90468178
63834501,GCST90012108
163299314,GCST90479501
191851424,GCST90662893
106058690,GCST90274732
188209223,GCST90468796
36081372,GCST007077
98546632,GCST90132185
188153229,GCST90468184
191865713,GCST90662899
191834556,GCST90662860
90810110,GCST012227
93475714,GCST90018756
162989452,GCST90475091
24654809,GCST006288
24655986,GCST006288
47846318,GCST008839
63832700,GCST90012109
104957560,GCST90267278
191181922,GCST90308751
93464589,GCST90018706
188231524,GCST90469019
191340983,GCST90565843
62178561,GCST010557
95125172,GCST90000025
104166723,GCST90250911
106373481,GCST90239821
119032159,GCST90271557
217557114,GCST90832990
93908970,GCST90091060
95291717,GCST90012884
216207872,GCST90667999
101950186,GCST90179146
101688118,GCST90239729
96767619,GCST90029070
119124834,GCST90244095
21842827,GCST004626
22001092,GCST004625
90538870,GCST90002393
93539017,GCST90018973
93373747,GCST90019511
188110187,GCST90468104
188058042,GCST90468078
191848585,GCST90662892
87271479,GCST90019521
97034262,GCST90103633
98447087,GCST90131905
97037438,GCST90103635
63046433,GCST010703
97033297,GCST90103632
166097139,GCST90572698
191682153,GCST90624411
36524687,GCST007080
62428027,GCST90002355
218077559,GCST90838669
19711304,GCST004075
19711308,GCST004075
55688728,NA
98315006,NA
93502530,NA
37251,GCST002138
138948015,GCST90278649
47185702,GCST007920
90621132,GCST012228
90640427,GCST012230
90726131,GCST90020028
105299461,GCST90270085
103245875,GCST90245848
103245880,GCST90245848
131346365,GCST90321121
64189818,GCST90002385
90726127,GCST90020028
35131554,GCST006433
35965042,GCST006979
103245885,GCST90245848
131723487,GCST90319906
133850719,GCST90301952
163434147,GCST90480688
62047482,GCST010282
131721257,GCST90319904
36465630,GCST007070
87288785,GCST90019509
36499865,GCST007066
35965046,GCST006979
214078046,GCST90693212
216545195,GCST90627749
217724093,GCST90837324
163393422,GCST90480116
191683408,GCST90624412
163185268,GCST90475909
163185492,GCST90475911
119122257,GCST90244094
62488236,GCST90002332
102693223,GCST90244660
47107842,GCST007988
163358451,GCST90479679
163138524,GCST90475480
214313316,GCST90624094
188113343,GCST90468107
90643324,GCST012231
163403765,GCST90480311
93930134,GCST90091061
93543783,GCST90018977
97981533,GCST90100220
95028359,GCST90095130
47185528,GCST007916
47186006,GCST007918
47186366,GCST007917
103245890,GCST90245848
98427934,GCST90131901
188102455,GCST90468098
34715122,GCST006569
22075919,GCST004601
62426240,GCST90002314
62632758,GCST90002310
191875869,GCST90662903
21837126,GCST004604
36507313,GCST007069
191878468,GCST90662904
217418194,GCST90559230
163306353,GCST90479517
98427940,GCST90131901
130945175,GCST90302736
95022712,GCST90095129
63048654,GCST010701
47758225,GCST008747
191866562,GCST90662900
64090981,GCST90002392
101789449,GCST90239828
93488814,GCST90018942
164632849,GCST90492734
93547536,GCST90018979
191871600,GCST90662902
215459122,GCST90501105
188040085,GCST90468067
87265787,GCST90019524
47507088,GCST008413
119665686,GCST90310280
87273810,GCST90019518
87289964,GCST90019508
101375992,GCST90239644
93473356,GCST90018747
64651586,GCST011119
62432008,GCST90002344
188054750,GCST90468077
188105589,GCST90468100
63944478,GCST90002406
63947510,GCST90002405
188107436,GCST90468101
98450900,GCST90131908
21758124,GCST004620
63940921,GCST90002407
21884450,GCST004629
191837548,GCST90662871
101376145,GCST90239644
34604063,GCST006291
132475242,GCST90429009
138947457,GCST90278647
137867822,GCST90454178
165656872,GCST90565588
64192711,NA
98427928,NA
93510454,NA
188125399,GCST90468165
104326345,GCST90258652
188052216,GCST90468075
188050864,GCST90468074
105002949,GCST90255614
93517581,GCST90018960
106375851,GCST90239822
164632844,GCST90492734
63940912,GCST90002407
93078776,GCST90056178
93077641,GCST90056177
62738100,GCST90002374
36465626,GCST007070
21840773,GCST004627
93545452,GCST90018978
188082571,GCST90468090
64405271,GCST90002398
93528028,GCST90018967
62658238,GCST90002340
191882856,GCST90662906
55717785,GCST009858
163142570,GCST90475502
163144099,GCST90475505
163441760,GCST90480724
163160213,GCST90475532
163442900,GCST90480725
24645278,GCST004894
24645620,GCST004894
103284996,GCST90245848
104960032,GCST90267284
93076715,GCST90085815
22001088,GCST004625
90538865,GCST90002393
93084826,GCST90056184
103284976,GCST90245848
103284991,GCST90245848
100343875,GCST90134483
105297944,GCST90270083
40088,GCST002352
131346440,GCST90321121
191838964,GCST90662874
62502970,GCST90002367
93535934,GCST90018971
138229639,GCST90444487
62496693,GCST010658
64195290,GCST90002383
55298553,GCST009379
165133652,GCST90527932
101445742,GCST90002403
93508820,GCST90018956
62493351,GCST90002308
62630955,GCST90002304
64192707,GCST90002384
188267854,GCST90469357
62498724,GCST90002296
62518764,GCST90002292
64204083,GCST90002379
36042655,GCST007038
166066098,GCST90551860
191187400,GCST90399398
191186166,GCST90399396
36093718,GCST007081
163359501,GCST90479701
188128108,GCST90468167
47234268,GCST008059
104578818,GCST90249984
188213133,GCST90468836
188300382,GCST90469690
163393518,GCST90480117
17922230,GCST003967
17922259,GCST003967
188200433,GCST90468701
163229940,GCST90476349
163102564,GCST90475372
103215135,GCST90245844
163429033,GCST90480668
163343163,GCST90479638
163227760,GCST90476345
98543474,GCST90132183
98545455,GCST90132184
43174219,GCST007839
119353392,GCST90308721
143802875,GCST90455669
47885357,GCST008971
138937961,GCST90278621
138937314,GCST90278620
56280643,GCST010242
215531986,GCST90501219
216207572,GCST90667997
163440857,GCST90480723
87265727,GCST90019524
163330382,GCST90479628
163061395,GCST90475338
135009991,GCST90428446
135015821,GCST90428448
95032584,GCST90095131
135013000,GCST90428447
163237559,GCST90476379
163383718,GCST90479931
47884090,GCST008973
47884565,NA
47886168,NA
90621107,NA
36485892,GCST007067
90640408,GCST012230
36042645,GCST007038
163384003,GCST90479934
36507309,GCST007069
93476188,GCST90018758
90621102,GCST012228
90640404,GCST012230
21892821,GCST004610
90621089,GCST012228
90640393,GCST012230
191853078,GCST90662894
21893954,GCST004611
22072329,GCST004622
22488745,GCST004619
64186333,GCST90002386
64186338,GCST90002386
64183740,GCST90002387
64186329,GCST90002386
188046945,GCST90468072
55718070,GCST009858
90640387,GCST012230
36057209,GCST007020
90621095,GCST012228
64340405,GCST90002402
90640398,GCST012230
64399714,GCST90002400
90621082,GCST012228
62742111,GCST90002363
191879942,GCST90662905
188200125,GCST90468697
164773647,GCST90314307
188372067,GCST90470553
64183745,GCST90002387
188156614,GCST90468219
103284981,GCST90245848
191840467,GCST90662878
188209754,GCST90468804
90621114,GCST012228
90640413,GCST012230
62500375,GCST90002361
21887112,GCST004607
62746406,GCST90002357
64405267,GCST90002398
93531806,GCST90018969
64081250,GCST90002388
188093059,GCST90468095
188095021,GCST90468096
188221566,GCST90468895
87266166,GCST90019524
188087740,GCST90468092
87266052,GCST90019524
55689328,GCST009723
188266774,GCST90469357
94187131,GCST90089653
188364639,GCST90470409
96000722,GCST90100587
191886775,GCST90662907
188264869,GCST90469357
119033752,GCST90271558
215461711,GCST90501109
93507926,GCST90018955
119032164,GCST90271557
163305794,GCST90479516
163304664,GCST90479513
163304929,GCST90479514
163305228,GCST90479515
163304359,GCST90479512
63940917,GCST90002407
64405275,GCST90002398
62744191,GCST90002351
93529782,GCST90018968
191340994,GCST90565843
191838487,GCST90662873
106378489,GCST90239826
106377070,GCST90239824
90621125,GCST012228
101370647,GCST90239621
166019326,GCST90566734
90640422,GCST012230
166021524,GCST90566737
55724145,GCST009867
138946914,GCST90278645
90726148,GCST90020028
103221794,GCST90245845
103245895,GCST90245848
215533249,GCST90501222
188044976,GCST90468070
131757739,GCST90428730
119258590,GCST90301393
80735640,GCST90013407
163368190,GCST90479711
62506801,GCST90002378
163360312,GCST90479702
163321143,GCST90479598
90726135,GCST90020028
163321809,GCST90479599
163322485,GCST90479600
96759110,GCST90102276
163331459,GCST90479630
163344139,NA
163343711,NA
163331011,NA
163429950,GCST90480669
119123943,GCST90244094
191340967,GCST90565843
163257772,GCST90476457
215413034,GCST90568461
163368893,GCST90479712
163361202,GCST90479703
64081255,GCST90002388
135987810,GCST90256408
101332160,GCST90239661
191861889,GCST90662898
61936564,GCST010083
87273956,GCST90019518
90726139,GCST90020028
135988273,GCST90256420
87266500,GCST90019524
93512163,GCST90018958
102700156,GCST90244680
215578841,GCST90501296
215580833,GCST90501298
45981552,GCST007858
87289807,GCST90019508
90810105,GCST012227
215577194,GCST90501294
87287656,GCST90019509
131785521,GCST90310296
164781551,GCST90314667
215486928,GCST90501141
215485717,GCST90501140
215488855,GCST90501142
215470250,GCST90501118
191010825,GCST90559250
191010831,GCST90559250
191340973,GCST90565843
62194387,GCST010553
138943306,GCST90278637
44510704,GCST007847
191340978,GCST90565843
192539464,GCST90624103
191010819,GCST90559250
101673398,GCST90239725
47381920,GCST008998
47384351,GCST008996
80705791,GCST011766
98313411,GCST90129592
35586637,GCST006629
80500706,GCST90016590
41470809,GCST007692
80501285,GCST90016594
215462658,GCST90501111
47385845,GCST008995
90621119,GCST012228
55717775,GCST009858
80499970,GCST90016585
41332587,GCST007487
41332830,GCST007494
41333339,GCST007492
80500958,GCST90016591
117661650,GCST90000061
166017396,GCST90566733
47380855,GCST008994
117664906,GCST90292476
41332421,GCST007483
90640417,GCST012230
47382739,GCST008997
96222443,GCST90092819
218089302,GCST90838670
214200595,GCST90002244
214199234,GCST90002232
103212040,GCST90245843
103245900,GCST90245848
93490343,GCST90018943
215476853,GCST90501132
215472093,GCST90501122
215595187,GCST90501319
215596509,GCST90501321
188058227,GCST90468078
215583486,GCST90501303
215584332,GCST90501302
90726152,GCST90020028
215581499,GCST90501300
215483701,GCST90501138
90640432,GCST012230
215575251,GCST90501292
56276587,GCST010244
163330002,GCST90479627
188046528,GCST90468071
215526706,GCST90501209
215521681,GCST90501199
191340988,GCST90565843
188048530,GCST90468072
215493278,GCST90501151
216813235,GCST90827758
34841715,GCST006867
217563669,GCST90832991
218066316,GCST90838663
217629686,GCST90833051
217628234,GCST90833050
215481994,GCST90501136
215579797,GCST90501299
215479552,NA
218076575,NA
218076207,NA
97986444,GCST90128423
103283601,GCST90245848
135987998,GCST90256414
103209444,GCST90244756
132500828,GCST90250896
117663685,GCST90292474
117660442,GCST90000059
97471161,GCST90105038
36050161,GCST007037
117663680,GCST90292474
117660437,GCST90000059
143793042,GCST90455665
100879202,GCST90179161
134765374,GCST90091541
134765426,GCST90091542
134765515,GCST90091544
134765473,GCST90091543
134765557,GCST90091545
134765322,GCST90091540
103235850,GCST90245848
62317204,GCST011427
62018085,GCST010321
62017459,GCST010320
165162135,GCST90435254
100879618,GCST90179162
105560959,GCST90268131
191287667,GCST90565837
41138021,GCST007841
62817894,GCST90010359
91297452,GCST90026652
100878284,GCST90179157
91297298,GCST90026651
63419829,GCST010796
63419833,GCST010796
63419837,GCST010796
63419841,GCST010796
63419845,GCST010796
63419849,GCST010796
63419853,GCST010796
63419857,GCST010796
63419861,GCST010796
63419865,GCST010796
63419869,GCST010796
63419873,GCST010796
63419877,GCST010796
63419881,GCST010796
63419885,GCST010796
63419889,GCST010796
63419893,GCST010796
63419897,GCST010796
63419901,GCST010796
63419905,GCST010796
63419909,GCST010796
63419913,GCST010796
63419917,GCST010796
63419921,GCST010796
63419925,GCST010796
63419929,GCST010796
63419933,GCST010796
63419937,GCST010796
63419941,GCST010796
63419945,GCST010796
63419949,GCST010796
63419953,GCST010796
63419957,GCST010796
63419961,GCST010796
63419965,GCST010796
63419969,GCST010796
63419973,GCST010796
63419977,GCST010796
63419981,GCST010796
63419985,GCST010796
63419989,GCST010796
63419993,GCST010796
63419997,GCST010796
63420001,GCST010796
63420005,GCST010796
63420009,GCST010796
63420013,GCST010796
63420017,GCST010796
63420021,GCST010796
63420025,GCST010796
63420029,GCST010796
63420033,GCST010796
63420037,GCST010796
63420041,GCST010796
63420045,GCST010796
63420049,GCST010796
63420053,GCST010796
63420057,GCST010796
63420061,GCST010796
63420065,GCST010796
100876786,GCST90179153
34602458,GCST006065
103287586,GCST90245848
47109490,GCST007988
98313128,GCST90129592
189886748,GCST90624692
55309830,GCST009462
138232915,GCST90444487
98313770,NA
93888529,NA
98432176,NA
64668657,GCST011122
98432188,GCST90131901
98432194,GCST90131901
98432200,GCST90131901
98432206,GCST90131901
98432212,GCST90131901
98432230,GCST90131901
98432242,GCST90131901
97486397,GCST90105038
131084704,GCST90328131
10093858,GCST002763
191894063,GCST90662909
93887105,GCST90007182
36094660,GCST007081
35230837,GCST006442
53502550,GCST009096
98432170,GCST90131901
98432164,GCST90131901
98314138,GCST90129592
98315854,GCST90129627
90520358,GCST90020227
62017250,GCST010320
98432158,GCST90131901
36466775,GCST007070
55271595,GCST009411
98314014,GCST90129592
98315821,GCST90129627
98315559,GCST90129627
95033561,GCST90095131
93931006,GCST90091061
132630510,GCST90432151
62252706,GCST010642
98314348,GCST90129592
99813529,GCST90132260
98313912,GCST90129592
189867979,GCST90565742
131473163,GCST90399470
62082392,GCST010340
101044670,GCST90058037
27440028,GCST005323
41230375,GCST007388
27439339,GCST005324
100372653,GCST90134620
214162785,GCST90704949
216299232,GCST90705071
191370217,GCST90565844
34967790,GCST006477
56280597,GCST010242
119452402,GCST90310211
55688874,GCST009724
88928846,GCST90000047
41308834,GCST004988
143803633,GCST90455669
10093794,GCST002762
10093809,GCST002762
19711332,GCST004075
19711336,GCST004075
55688869,GCST009724
55688879,GCST009724
102117070,GCST90243988
191296728,GCST90565837
132521491,GCST90432063
191899626,GCST90662911
55271451,GCST009404
31558776,GCST006041
16478704,GCST003496
17915375,GCST004137
17915803,GCST004137
12934046,GCST003180
34706845,GCST006571
55271696,GCST009412
98316624,GCST90129627
98079019,GCST90015616
98316731,GCST90129627
36051386,GCST007037
97486391,GCST90105038
191908706,GCST90624046
191907675,GCST90662912
36096739,GCST007082
103266194,GCST90245848
98314855,GCST90129627
103266199,GCST90245848
55491534,GCST009524
88924775,GCST90000514
98313536,GCST90129592
98315359,GCST90129627
98313548,GCST90129592
98315364,GCST90129627
119955023,GCST90319327
192896199,GCST90128425
217559928,GCST90832990
98315966,GCST90129627
104958949,GCST90267280
189866786,GCST90565739
98313654,GCST90129592
98315389,GCST90129627
101333127,GCST90239661
97486409,GCST90105038
97486415,GCST90105038
135011111,GCST90428446
135016931,NA
135013984,NA
215458742,NA
166016233,GCST90566733
97486403,GCST90105038
119334903,GCST90100568
98440914,GCST90131903
36096744,GCST007082
163391435,GCST90480069
102093086,GCST90243968
132520340,GCST90432061
98315422,GCST90129627
61999364,GCST009777
102111099,GCST90243985
102111105,GCST90243985
103287591,GCST90245848
102111093,GCST90243985
93428297,GCST90043770
98432218,GCST90131901
102093080,GCST90243968
102111087,GCST90243985
143803627,GCST90455669
55689352,GCST009723
98313237,GCST90129592
98314981,GCST90129627
41252446,GCST007468
41249695,GCST007464
93910079,GCST90091060
95987725,GCST90100570
98313712,GCST90129592
98315432,GCST90129627
98313724,GCST90129592
98315493,GCST90129627
98313843,GCST90129592
98315468,GCST90129627
103266189,GCST90245848
98440920,GCST90131903
98432182,GCST90131901
98440925,GCST90131903
98432224,GCST90131901
98440947,GCST90131903
98440953,GCST90131903
98315463,GCST90129627
80402434,GCST90011770
98440931,GCST90131903
47108048,GCST007988
47109495,GCST007988
98440936,GCST90131903
98440942,GCST90131903
41136279,GCST007342
131084619,GCST90328131
10067396,GCST002626
98313291,GCST90129592
98315036,GCST90129627
93507177,GCST90018954
131758451,GCST90428730
93501756,GCST90018950
166141622,GCST90565689
131344108,GCST90321120
119450772,GCST90310210
189843465,GCST90454488
102693466,GCST90244661
119452408,GCST90310211
93548146,GCST90018979
98440959,GCST90131903
165026444,GCST90461907
55492546,GCST009524
192547918,GCST90624107
95023842,GCST90095129
95028915,GCST90095130
101661588,GCST90239706
163390969,GCST90480067
163414263,GCST90480531
118912948,GCST90301330
164570899,GCST90492678
164567245,GCST90492677
164574310,GCST90492679
163344539,GCST90479644
34967745,GCST006477
62708547,GCST010647
191895782,GCST90662910
45532130,GCST007841
163390574,GCST90480066
163344646,GCST90479645
188268049,GCST90469357
188267699,GCST90469357
62018374,GCST010321
165787322,GCST90569070
165788261,GCST90569123
17848841,GCST004076
17849303,GCST004076
165787328,GCST90569070
166018261,GCST90566734
166020272,GCST90566737
191908700,GCST90624046
94160667,GCST90090136
34706840,GCST006571
35228509,GCST006442
34717041,GCST006568
191872290,GCST90662902
191272057,GCST90651248
88926362,GCST90000050
216296600,GCST90705070
217751556,NA
217750491,NA
36458435,NA
103261362,GCST90245848
118855453,GCST90297779
16535267,GCST003523
214113323,GCST90693183
214113480,GCST90693184
104573334,GCST90249722
104577900,GCST90249940
104579733,GCST90250034
104510238,GCST90246557
104514741,GCST90246781
104534712,GCST90247770
104541014,GCST90248085
104529234,GCST90247484
104566307,GCST90249376
62206417,GCST010512
191875439,GCST90662903
80604851,GCST011567
214113327,GCST90693183
188315147,GCST90469815
93473004,GCST90018746
62510574,GCST90002323
93472115,GCST90018744
31581532,GCST006011
31582837,GCST005993
104579583,GCST90250024
64400528,GCST90002400
103261367,GCST90245848
129690917,GCST90104168
131723851,GCST90319906
188113818,GCST90468107
104559938,GCST90249034
188258975,GCST90469325
164755303,GCST90313402
164759239,GCST90313601
164756575,GCST90313455
164756471,GCST90313449
164759279,GCST90313602
164759495,GCST90313612
164771351,GCST90314197
164805635,GCST90315907
164759311,GCST90313603
164782139,GCST90314698
104962895,GCST90267284
191369900,GCST90565844
134162640,GCST90435412
87266192,GCST90019524
96073798,GCST90100770
131721749,GCST90319904
104370823,GCST90245818
94862024,GCST90092000
47884068,GCST008973
47886223,GCST008972
191680428,GCST90624411
191295725,GCST90565837
90729207,GCST90020028
138942265,GCST90278635
106270460,GCST90270118
135043194,GCST90435483
101955657,GCST90179147
188386279,GCST90470699
188315232,GCST90469815
188386299,GCST90470699
87286312,GCST90019510
188114168,GCST90468107
191876658,GCST90662904
188386354,GCST90470699
191840065,GCST90662877
188386329,GCST90470699
188236267,GCST90469083
188236297,GCST90469083
188313562,GCST90469800
104522421,GCST90247141
104536283,GCST90247853
214358887,GCST90453137
188385569,GCST90470689
104520661,GCST90247061
104577924,GCST90249942
104578319,GCST90249962
104544896,GCST90248278
104549574,GCST90248501
104515533,GCST90246817
188349273,GCST90470241
188391450,GCST90470772
214357913,GCST90453113
104529886,GCST90247520
188393498,GCST90470811
104521905,GCST90247118
104535433,GCST90247808
104573266,GCST90249718
104554082,GCST90248729
188216252,GCST90468853
104531794,GCST90247619
104559686,GCST90249023
104560500,GCST90249065
104563743,GCST90249239
188295219,GCST90469626
104507353,GCST90246407
188212950,GCST90468832
104555662,GCST90248816
105592270,GCST90179317
214111797,NA
214113139,NA
214110857,NA
214112185,GCST90693171
214111094,GCST90693160
214110716,GCST90693156
214113874,GCST90693188
214111395,GCST90693163
214110365,GCST90693152
214111585,GCST90693165
191352791,GCST90565843
188121587,GCST90468159
191295730,GCST90565837
90729212,GCST90020028
45531560,GCST007841
188143921,GCST90468178
188152489,GCST90468184
191352796,GCST90565843
95126414,GCST90000025
214358882,GCST90453137
218081467,GCST90838669
191852598,GCST90662894
63924062,GCST90011874
100029992,GCST90093273
35231177,GCST006442
165810300,GCST90569450
47499489,GCST008413
97492647,GCST90105038
97492653,GCST90105038
88191938,GCST012490
88193472,GCST012490
35229677,GCST006442
188401160,GCST90470892
188401150,GCST90470892
188401165,GCST90470892
188401100,GCST90470892
163391763,GCST90480072
191899022,GCST90662910
216890340,GCST90828013
191883896,GCST90662906
12698,GCST000352
117662605,GCST90000062
138231146,GCST90444487
117661788,GCST90000061
117665903,GCST90292477
117665066,GCST90292476
138231152,GCST90444487
107266632,GCST90271614
106262460,GCST90270116
135295833,GCST90435196
35938834,GCST006661
62204137,GCST010555
103286246,GCST90245848
97481491,GCST90105038
47702404,GCST008595
93534155,GCST90018970
93537923,GCST90018972
102108319,GCST90243985
214497258,GCST90572790
215542871,GCST90501239
134171079,GCST90435415
35939105,GCST006661
36094143,GCST007081
55298757,GCST009379
35939061,GCST006661
97481479,GCST90105038
36466190,GCST007070
93547656,GCST90018979
97035330,GCST90103633
97984305,GCST90100220
215458777,GCST90501105
166017663,GCST90566733
191885955,GCST90662907
188039550,GCST90468067
40930658,GCST007269
103254492,GCST90245848
97481485,GCST90105038
162646663,GCST90449056
35586695,GCST006629
56274714,GCST010245
131773653,GCST90310294
131786392,GCST90310296
118817463,GCST90296333
166115030,GCST90483472
163392444,GCST90480084
162974537,GCST90482711
106259435,GCST90270116
117661793,GCST90000061
117665908,GCST90292477
117665071,GCST90292476
190066266,GCST90502522
189959956,GCST90502118
164634014,GCST90492734
127903345,GCST90294829
165812652,GCST90569452
191847470,GCST90662892
191890304,GCST90662908
191293835,GCST90565837
191871455,GCST90662902
214496265,GCST90572789
31584254,GCST005989
21758128,GCST004620
21797574,GCST004617
21884478,NA
21757255,NA
21885834,NA
188085353,NA
21836042,NA
22665073,NA
21791764,NA
21843810,NA
64419385,NA
93495219,NA
63941060,NA
64405384,NA
188088135,NA
101284854,GCST90002382
93545432,GCST90018978
93529772,GCST90018968
36465703,GCST007070
36472956,GCST007065
163368919,GCST90479712
163370464,GCST90479715
64403064,GCST90002399
64078461,GCST90002389
64201091,GCST90002381
136021894,GCST90309369
188088577,GCST90468093
188064007,GCST90468083
191884131,GCST90662906
188264534,GCST90469357
62428062,GCST90002355
62738128,GCST90002374
62744219,GCST90002351
62506836,GCST90002378
34995614,GCST006287
104539203,GCST90248002
95292960,GCST90012958
191891893,GCST90662909
103252302,GCST90245848
134098481,GCST90319320
93551572,GCST90018988
36518879,GCST007072
215469330,GCST90501118
131334258,GCST90321120
131334263,GCST90321120
131334268,GCST90321120
191909274,GCST90624049
191891279,GCST90662908
41351492,GCST007703
41368180,GCST007706
105613515,GCST90270397
103252297,GCST90245848
19142127,GCST004279
93537858,GCST90018972
93521928,GCST90018963
216545569,GCST90627749
136013356,GCST90309346
95029752,GCST90095130
143066183,GCST90455548
103215990,GCST90245844
62083130,GCST010340
165369938,GCST90310304
165813845,GCST90569453
191875249,GCST90662903
216865596,GCST90827928
216548060,GCST90627750
131786168,GCST90310296
131780259,GCST90310295
36100984,GCST007087
131773326,GCST90310294
162646358,GCST90449056
217724120,GCST90837324
100041288,GCST90132903
100045356,GCST90132904
162652364,GCST90449057
36501836,GCST007066
47748526,GCST008758
35134052,GCST006433
35966915,GCST006979
188108416,GCST90468101
131335633,GCST90321120
188056250,GCST90468077
96780613,GCST90102517
36501840,GCST007066
36101954,GCST007087
131781987,GCST90310295
131775487,GCST90310294
35587090,GCST006628
36057665,GCST007020
214253403,GCST90707225
136017862,GCST90309355
62077940,GCST010340
163405122,GCST90480334
165783808,GCST90568966
134229264,GCST90448177
189925401,GCST90502043
62499917,GCST90002361
62745924,GCST90002357
188272242,GCST90469386
221229961,GCST90860018
64399151,GCST90002400
191881337,GCST90662905
87317050,GCST90019492
216281567,GCST90246230
100083409,GCST90132980
64339766,GCST90002402
217555518,GCST90832990
165793572,GCST90569254
165790580,GCST90569228
214495734,GCST90572789
191858435,GCST90662897
131778377,GCST90310295
62078588,GCST010340
93531136,GCST90018969
103234955,GCST90245848
188269414,GCST90469357
106250579,GCST90244253
191878573,GCST90662904
214495491,GCST90572789
136009133,GCST90309341
17640996,GCST003876
93907780,GCST90091060
36058522,GCST007039
165215507,GCST90472771
191305824,GCST90565843
62499606,GCST90002361
36505911,GCST007069
64200174,GCST90002381
217551112,GCST90832989
188129259,GCST90468170
215453993,GCST90501096
191680088,GCST90624411
188161506,GCST90468270
165811359,GCST90569451
191873909,GCST90662903
216825927,GCST90827800
218090055,GCST90838671
188043879,GCST90468069
188041867,GCST90468068
93531001,GCST90018969
191896477,GCST90662910
134134276,GCST90446794
102114912,GCST90243987
191305818,GCST90565843
136009346,GCST90309342
97060532,GCST90103805
191881467,GCST90662905
62632180,GCST90002310
93535249,GCST90018971
101283990,GCST90002382
35220533,GCST006810
188148977,GCST90468183
119089353,GCST90301650
55728436,GCST009871
222427148,GCST90837190
134161141,GCST90435412
41174000,GCST007325
191305829,GCST90565843
217554622,GCST90832990
41136625,GCST007841
36157659,GCST007324
102085716,GCST90243968
36610646,GCST007063
36610049,GCST007063
191285401,GCST90565837
132478440,GCST90429151
103228455,GCST90245848
163336623,GCST90479635
163334170,GCST90479634
162805647,GCST90421461
36471984,GCST007065
62514049,GCST90002298
62741430,GCST90002363
192545909,GCST90624107
41276661,GCST007461
41248740,GCST007472
216299448,GCST90705071
103228450,GCST90245848
104934470,GCST90244098
95123722,GCST90000025
188152979,GCST90468184
188145016,GCST90468178
47785498,GCST008794
62497099,GCST90002302
62502330,GCST90002367
118816887,GCST90296333
101964086,GCST90179150
192540859,GCST90624105
131338033,GCST90321120
102095981,GCST90243976
102114906,GCST90243987
101397068,GCST90239693
188131923,GCST90468172
93498142,GCST90018949
95986133,GCST90100569
36158865,GCST007327
93036693,GCST90061435
41275050,GCST007474
188130326,GCST90468171
103212960,GCST90245844
41173404,GCST007323
41250493,GCST007468
36098230,GCST007085
221170133,GCST90860666
21843178,GCST004626
21756953,GCST004613
21835212,GCST004614
95025173,GCST90095129
191890899,GCST90662908
163403249,GCST90480295
28047,GCST001804
26723,GCST001804
102510861,GCST90241042
96076057,GCST90100956
188091536,GCST90468095
131779396,GCST90310295
131772376,GCST90310294
45606851,GCST007929
93467135,GCST90018729
101321153,GCST90239649
103284681,GCST90245848
62314892,GCST011427
191843172,GCST90662883
41551987,GCST007844
188303671,GCST90469712
49101023,GCST004904
97371635,GCST90104634
62080346,GCST010340
100843706,GCST90162204
62500321,GCST90002361
104965646,GCST90267304
136022109,GCST90309369
64405190,GCST90002398
97459565,GCST90104982
62308445,GCST011427
24297829,GCST005537
104522820,GCST90247158
188281702,GCST90469490
62061508,GCST010900
134105535,GCST90328150
100843748,GCST90162204
188380554,GCST90470634
134105239,GCST90328148
188418448,GCST90471086
188234062,GCST90469048
188396722,GCST90470843
93487738,GCST90018938
93483025,GCST90018871
19293913,GCST004000
188087195,GCST90468092
62315543,GCST011427
45608478,GCST007930
214369522,GCST90453391
214369533,GCST90453391
214369538,GCST90453391
62315990,GCST011427
214369543,GCST90453391
94149039,GCST90088830
214369549,GCST90453391
17156,GCST000833
10859710,GCST002738
104110909,GCST90255621
62307025,GCST011427
102522348,GCST90242073
188156641,GCST90468220
102510873,GCST90241043
221140361,GCST90860563
221248856,GCST90860495
221249723,GCST90860498
119195353,GCST90295958
188270294,GCST90469362
98450742,GCST90131907
188310509,GCST90469776
188399128,GCST90470866
188315217,GCST90469815
188176652,GCST90468488
214366551,GCST90453311
100040849,GCST90132903
62306922,GCST011427
117665668,GCST90292477
117662375,GCST90000062
162582116,GCST90454190
100524944,GCST90137796
117666416,GCST90292479
62316195,GCST011427
106377999,GCST90239825
134165376,GCST90435413
221078274,GCST90859911
93503639,GCST90018952
191892603,GCST90662909
221081313,GCST90860168
221235672,GCST90860107
103244075,GCST90245848
103244080,GCST90245848
103214910,GCST90245844
104529295,GCST90247487
62307775,GCST011427
131344948,GCST90321120
165261721,GCST90565134
134133402,GCST90446792
134132014,GCST90292538
165093991,GCST90503485
134119631,GCST90446531
101366228,GCST90239604
119071276,GCST90132305
163441730,GCST90480724
214369583,GCST90453391
131785339,GCST90310296
131779391,GCST90310295
36100540,GCST007087
131772370,GCST90310294
162645610,GCST90449056
134172958,GCST90435415
35584550,GCST006624
188132178,GCST90468172
131617209,GCST90428119
23849,GCST000879
117665678,GCST90292477
117663855,GCST90292474
164782551,GCST90314718
117660619,GCST90000059
164778155,GCST90314517
10074132,GCST007362
62314105,GCST011427
138938363,GCST90278622
165025588,GCST90461907
221086302,GCST90860180
221140627,GCST90860300
117665653,GCST90292477
14943950,GCST008479
117663835,GCST90292474
62314909,GCST011427
117660598,GCST90000059
191844923,GCST90662886
221345320,GCST90860487
214366528,GCST90453311
188161031,GCST90468260
188355334,GCST90470294
93531691,GCST90018969
101966936,GCST90179150
97476225,GCST90105038
214366598,GCST90453311
214366563,GCST90453311
214366569,GCST90453311
214366575,GCST90453311
64402880,GCST90002399
188410686,GCST90470990
165809274,GCST90569450
138945991,GCST90278642
36518687,GCST007072
188270194,GCST90469362
221235668,GCST90860107
214366534,GCST90453311
214366540,GCST90453311
214366545,GCST90453311
165192693,GCST90310136
24913868,GCST005529
216827053,GCST90827800
221072382,GCST90859702
221173029,GCST90860134
100843766,GCST90162204
100843778,GCST90162204
62312829,GCST011427
61967629,GCST010118
193171715,GCST90442784
24297821,GCST005537
100843701,GCST90162204
100843754,GCST90162204
216261981,GCST90797305
221376743,GCST90859840
221237667,GCST90860117
93491582,GCST90018944
100843742,GCST90162204
100843760,GCST90162204
24554714,GCST005528
100044081,GCST90132904
104535296,GCST90247802
101966958,GCST90179150
36059758,GCST007039
55730981,GCST009871
49129942,GCST009004
138229410,GCST90444487
62308853,GCST011427
104529258,GCST90247486
104529263,GCST90247486
94124822,GCST90087678
104529273,GCST90247486
104529278,GCST90247486
41553491,GCST008129
102105577,GCST90243985
193129911,GCST90437114
134161861,GCST90435412
102522353,GCST90242073
191339467,GCST90565843
104110870,GCST90255621
41170809,GCST007841
45981556,GCST007858
105718248,GCST90233854
221196631,GCST90860697
165261795,GCST90565134
62318076,GCST011427
191846415,GCST90662887
42936,GCST002501
100083247,GCST90132979
94111662,GCST90088011
24375737,GCST005527
62313967,GCST011427
62314249,GCST011427
104572727,GCST90249686
62309572,GCST011427
104120073,GCST90255622
104954807,GCST90267268
104110899,GCST90255621
104110904,GCST90255621
62315801,GCST011427
214369595,GCST90453391
104110893,GCST90255621
188238093,GCST90469116
188363952,GCST90470398
188203323,GCST90468741
104517265,GCST90246898
188363957,GCST90470398
94112573,GCST90089567
188257544,GCST90469307
188325317,GCST90469913
117665688,GCST90292477
117663865,GCST90292474
135987687,GCST90256402
117660631,GCST90000059
188074580,GCST90468087
102510846,GCST90241042
62316495,GCST011427
188418463,GCST90471086
188234077,GCST90469048
63147475,GCST006585
165388368,GCST90454236
63147263,GCST006585
188270344,GCST90469362
37419,GCST002110
19012,GCST001212
103595548,GCST90245995
119091602,GCST90301650
49136965,GCST009001
36059750,GCST007039
131628686,GCST90428121
217556879,GCST90832990
55731188,GCST009871
217552279,GCST90832989
47368175,GCST008109
138229400,GCST90444487
102089107,GCST90243968
131618006,GCST90428119
135987800,GCST90256408
36610354,GCST007063
102510856,GCST90241042
164778263,GCST90314522
20645,GCST001415
42282,GCST002461
55314728,GCST009577
138948168,GCST90278650
138941415,GCST90278633
62179885,GCST010557
163447304,GCST90480729
93486175,GCST90018926
214314296,GCST90668013
35038201,GCST006368
105748797,GCST90237762
188187829,GCST90468604
104529268,GCST90247486
102510888,GCST90241043
102510841,GCST90241042
191679175,GCST90652511
221252096,GCST90860512
221248019,GCST90860494
188236272,GCST90469083
221389149,GCST90859931
221093553,GCST90860323
164758167,GCST90313541
63822244,GCST90012114
63823411,GCST90012113
93499132,GCST90018949
93466336,GCST90018727
36059754,GCST007039
188123821,GCST90468161
188130846,GCST90468171
188134361,GCST90468173
104110887,GCST90255621
191896422,GCST90662910
165095021,GCST90502757
136010561,GCST90309342
136020106,GCST90309364
188129404,GCST90468170
93495094,GCST90018947
138723011,GCST90446645
188315369,GCST90469816
162651514,GCST90449057
191859535,GCST90662897
214369589,GCST90453391
218060156,GCST90838680
188035262,GCST90468063
96076042,GCST90100956
96076062,GCST90100956
162821246,GCST90423234
221345404,GCST90860487
221148320,GCST90860394
188149222,GCST90468183
101966947,GCST90179150
55731254,GCST009871
138229405,GCST90444487
134166014,GCST90435413
188270244,GCST90469362
105759362,GCST90239121
221323084,GCST90859870
162860042,GCST90427568
188288192,GCST90469555
188270939,GCST90469372
132710851,GCST90435151
188275436,GCST90469423
166019271,GCST90566734
102510893,GCST90241043
104529300,GCST90247487
188279083,GCST90469459
188305471,GCST90469732
188270204,GCST90469362
14413,GCST000563
117665663,GCST90292477
117663845,GCST90292474
117664458,GCST90292475
221324343,GCST90859873
62310244,GCST011427
106069687,GCST90274865
165684315,GCST90455657
191904550,GCST90662912
117665693,GCST90292477
117663870,GCST90292474
117660636,GCST90000059
135295806,GCST90435196
214366604,GCST90453311
166119444,GCST90483498
166116955,GCST90483487
63840015,GCST90012103
214366581,GCST90453311
217629608,GCST90833051
101966953,GCST90179150
221303786,GCST90860460
93037720,GCST90061435
221171280,GCST90860667
221219408,GCST90859775
221067978,GCST90859694
221121650,GCST90859747
102510878,GCST90241043
188418458,GCST90471086
100843712,GCST90162204
100843718,GCST90162204
100843724,GCST90162204
100843730,GCST90162204
100843736,GCST90162204
214366516,GCST90453311
188289822,GCST90469565
95124999,GCST90000025
93537728,GCST90018972
93521823,GCST90018963
104529283,GCST90247486
55731328,GCST009871
55731338,GCST009871
104514480,GCST90246768
49100623,GCST004904
10064962,GCST002541
64677415,GCST90011899
119091608,GCST90301650
55974611,GCST010142
10861903,GCST002740
88182562,GCST011991
93514582,GCST90018959
214366522,GCST90453311
102105582,GCST90243985
96222438,GCST90092819
104552125,GCST90248629
162811296,GCST90422120
55994589,GCST009863
104110876,GCST90255621
104110882,GCST90255621
64399645,GCST90002400
191886075,GCST90662907
64340334,GCST90002402
62746341,GCST90002357
163308778,GCST90479522
163263353,GCST90476460
163275491,GCST90476469
163015966,GCST90475156
163307816,GCST90479521
163019161,GCST90475159
163011843,GCST90475155
163006527,GCST90475152
163178033,GCST90475759
163445193,GCST90480727
163309616,GCST90479523
163178796,GCST90475762
163258331,GCST90476459
163443919,GCST90480726
164632744,GCST90492734
163384766,GCST90479951
163273122,GCST90476466
163384935,GCST90479952
163446421,GCST90480728
163385310,GCST90479955
163011380,GCST90475153
163268794,GCST90476463
193158886,GCST90441040
12719917,GCST001725
19715467,GCST004131
41473719,GCST003044
15078919,GCST003043
19713803,GCST004132
222419827,GCST90860952
162846747,GCST90426161
62317794,GCST011427
104110915,GCST90255621
100399940,GCST90104339
191890144,GCST90662908
103244085,GCST90245848
24375960,GCST005527
62427961,GCST90002355
24297825,GCST005537
214366609,GCST90453311
24913874,GCST005529
102510851,GCST90241042
102510883,GCST90241043
191902301,GCST90662911
138947822,GCST90278648
103221619,GCST90245845
104572712,GCST90249686
62311101,GCST011427
163386576,GCST90479979
188151884,GCST90468184
221252092,GCST90860512
35917786,GCST007267
162651508,GCST90449057
96076037,GCST90100956
188386496,GCST90470705
62085860,GCST010340
188260900,GCST90469350
64078275,GCST90002389
214369560,GCST90453391
138937034,GCST90278619
131622157,GCST90428120
101966942,GCST90179150
134169629,GCST90435414
188220138,GCST90468881
188156985,GCST90468222
188176918,GCST90468491
188260890,GCST90469350
117665683,GCST90292477
117663860,GCST90292474
117660625,GCST90000059
221140218,GCST90860300
214369527,GCST90453391
62307275,GCST011427
188351502,GCST90470263
188205990,GCST90468772
188246669,GCST90469204
188338930,GCST90470112
188234047,GCST90469048
214366557,GCST90453311
214369566,GCST90453391
214369572,GCST90453391
188335046,GCST90470055
138939710,GCST90278628
191857486,GCST90662896
215461531,GCST90501109
188231672,GCST90469023
96076052,GCST90100956
117665673,GCST90292477
117663850,GCST90292474
117660614,GCST90000059
49136304,GCST009001
55977272,GCST009764
218091955,GCST90838671
218075479,GCST90838669
218091959,GCST90838671
221408868,GCST90860758
62738021,GCST90002374
62744120,GCST90002351
62311535,GCST011427
18612,GCST001149
117665658,GCST90292477
62748786,GCST90002346
24912946,GCST005530
117663840,GCST90292474
24913704,GCST005529
24671848,GCST005529
117666410,GCST90292479
93551502,GCST90018988
216261533,GCST90244158
216261539,GCST90244158
214366587,GCST90453311
216260692,GCST90797304
216261119,GCST90244158
216618401,GCST90809298
93529687,GCST90018968
63341011,GCST90010715
221358944,GCST90859961
188366787,GCST90470458
221312939,GCST90860059
104568431,GCST90249478
93497833,GCST90018948
63151948,GCST006585
104574549,GCST90249782
188085773,GCST90468091
63149466,GCST006585
94190834,GCST90086613
221173485,GCST90860616
221173490,GCST90860616
100524250,GCST90137750
188341361,GCST90470140
162807159,GCST90421637
94182935,GCST90087368
188263324,GCST90469357
87264601,GCST90019525
94189147,GCST90089125
102532827,GCST90243002
188195134,GCST90468649
191271829,GCST90651229
104568436,GCST90249478
102529543,GCST90242725
94182929,GCST90087368
96793544,GCST90010722
215453923,GCST90501096
100526960,GCST90137935
104577623,GCST90249929
188115365,GCST90468108
64193968,GCST90002384
165819326,GCST90569461
100825451,GCST90161281
190095410,GCST90502685
188195159,GCST90468649
96780690,GCST90102517
193158210,GCST90440949
216548918,GCST90627750
119897283,GCST90199639
221221687,GCST90859672
135011696,GCST90428446
135017507,GCST90428448
64420702,GCST90002394
119908531,GCST90200398
102456256,GCST90103044
102452002,GCST90102791
102455813,GCST90103018
119760132,GCST90245013
94116367,GCST90086901
165784955,GCST90569028
165786819,GCST90569048
119908202,GCST90200371
21844351,GCST004609
119768211,GCST90245331
94175016,GCST90086753
96062918,GCST90101753
119767102,GCST90245284
119768158,GCST90245329
119771204,GCST90245437
218086499,GCST90838669
162806019,GCST90421503
188341336,GCST90470140
162849433,GCST90426431
94175040,GCST90088649
162810816,GCST90422074
36061938,GCST007039
36459139,GCST007074
188195104,GCST90468649
188195114,GCST90468649
105750829,GCST90238015
36055310,GCST007020
35939488,GCST006661
165675806,GCST90566447
63822922,GCST90012114
94042105,GCST90093299
191268939,GCST90651113
165676408,GCST90566492
63825400,GCST90012112
166116209,GCST90483486
165677010,GCST90566538
97201258,GCST90003862
165676011,GCST90566462
163434812,GCST90480702
101332116,GCST90239661
41170913,GCST007841
165772114,GCST90568482
216865105,GCST90827928
191340003,GCST90565843
103244665,GCST90245848
163435132,GCST90480703
216543054,GCST90627742
216543660,GCST90627745
103244660,GCST90245848
165796375,GCST90569280
105298329,GCST90270083
191339997,GCST90565843
191339991,GCST90565843
216854601,GCST90827895
41333008,GCST007502
41332696,GCST007487
41333222,GCST007500
41332417,GCST007483
221404117,GCST90860732
221404938,GCST90860738
221404955,GCST90860738
163307442,GCST90479520
47691379,GCST008733
47692232,GCST008734
21709634,GCST004562
191360097,GCST90565843
188295295,GCST90469629
221263451,GCST90859808
188078162,GCST90468088
221260368,GCST90860718
163227341,GCST90476345
163330697,GCST90479628
163061087,GCST90475338
131340248,GCST90321120
91627034,GCST012354
61684654,GCST010123
165014945,GCST90503210
34970112,GCST006476
105299360,GCST90270085
36592246,GCST007341
61691219,GCST010002
100876603,GCST90179153
100877539,GCST90179154
17496939,GCST003720
132480396,GCST90429186
101054586,GCST90162547
162820059,GCST90423091
216853896,GCST90827895
103274424,GCST90245848
36528630,GCST007084
34717723,GCST006568
214166218,GCST90704953
97490216,GCST90105038
34971345,GCST006478
222409546,GCST90859650
47259515,GCST008357
104547081,GCST90248375
106034299,GCST90270074
103274429,GCST90245848
98280301,GCST90129552
98280044,GCST90129549
17583907,GCST004020
134135594,GCST005843
134135220,GCST005838
134135474,GCST005841
98280237,GCST90129551
98280554,GCST90129554
118796385,GCST90104572
104950503,GCST90267554
98280485,GCST90129553
80464817,GCST90014122
98280138,GCST90129550
55675509,GCST009666
98280578,GCST90129555
103945300,GCST90104537
17694984,GCST003986
104950508,GCST90267554
193098967,GCST90102553
93470615,GCST90018739
47844450,GCST008839
191895582,GCST90662910
34722396,GCST006570
191284921,GCST90565836
41276377,GCST007474
53502700,GCST009096
41252869,GCST007468
35229205,GCST006442
164571391,GCST90492678
164574747,GCST90492679
34707722,GCST006571
164567705,GCST90492677
102094540,GCST90243968
100345634,GCST90134530
36051707,GCST007037
222450449,GCST90860937
222450459,GCST90860937
31671446,GCST006948
103288642,GCST90245848
102113099,GCST90243985
93500517,GCST90018949
93467535,GCST90018729
96780277,GCST90102517
53689367,GCST009518
118725409,GCST90296430
103224124,GCST90245845
31670288,GCST006944
53690266,GCST009518
35339636,GCST006940
41454935,GCST007709
103274419,GCST90245848
131338368,GCST90321120
36005062,GCST007257
131338263,GCST90321120
131339428,GCST90321120
218085631,GCST90838669
119620705,GCST90299766
119620710,GCST90299766
119620700,GCST90299766
119620715,GCST90299766
119908698,GCST90200411
215566053,GCST90501274
215477720,GCST90501133
215571734,GCST90501285
215539280,GCST90501232
216638598,GCST90265873
30643783,GCST005648
55704486,GCST009698
189932475,GCST90502051
190040240,GCST90502389
103281876,GCST90245848
63617491,GCST012020
102458298,GCST90103158
189842253,GCST90454485
41273573,GCST007382
101937466,GCST90243922
189932463,GCST90502051
189992582,GCST90502199
190039772,GCST90502388
189931356,GCST90502049
96175726,GCST90092929
189994382,GCST90502207
190040230,GCST90502389
189924878,GCST90502038
190076465,GCST90502571
189978329,GCST90502153
64342751,GCST90002402
64406742,GCST90002398
190075686,GCST90502567
189928281,GCST90502043
190096208,GCST90502700
190039192,GCST90502385
190036293,GCST90502373
190095189,GCST90502684
63942908,GCST90002407
190033084,GCST90502363
189979168,GCST90502155
189993570,GCST90502205
62747960,GCST90002357
189993565,GCST90502205
101158682,GCST90139587
55422398,GCST009391
56000992,GCST009893
101932828,GCST90243457
102080656,GCST90240098
64188061,GCST90002386
64191534,GCST90002385
41274317,GCST007383
41274307,GCST007383
41274282,GCST007383
41274212,GCST007383
41274207,GCST007383
41274202,GCST007383
41274197,GCST007383
41274192,GCST007383
41274142,GCST007383
41274102,GCST007383
41274097,GCST007383
41273912,GCST007383
41273578,GCST007382
41273473,GCST007382
41273468,GCST007382
190095886,GCST90502697
41222286,GCST007384
106391554,GCST90269564
103224764,GCST90245845
96197720,GCST90092995
102080661,GCST90240098
188229597,GCST90468988
188267304,GCST90469357
190095430,GCST90502685
119777354,GCST90245723
216635858,GCST90265593
189992577,GCST90502199
188346364,GCST90470209
189931351,GCST90502049
36503044,GCST007066
189994377,GCST90502207
190040225,GCST90502389
35135655,GCST006433
189924873,GCST90502038
216638586,GCST90265872
191366010,GCST90565843
101419517,GCST90178273
101421581,GCST90178477
215537597,GCST90501230
101419447,GCST90178267
190095881,GCST90502697
104962797,GCST90267284
215531666,GCST90501219
215532467,GCST90501218
101401570,GCST90176332
215563839,GCST90501271
189928276,GCST90502043
190096203,GCST90502700
47170220,GCST007841
190039187,GCST90502385
190036288,GCST90502373
190096566,GCST90502701
190033079,GCST90502363
101419482,GCST90178270
101419496,GCST90178271
101419468,GCST90178269
190095184,GCST90502684
189932469,GCST90502051
190039782,GCST90502388
189994387,GCST90502207
190039197,GCST90502385
190096571,GCST90502701
189979173,GCST90502155
215508224,GCST90501181
63617500,GCST012020
190040235,GCST90502389
189928286,GCST90502043
191884161,GCST90662906
190095194,GCST90502684
190033089,GCST90502363
190095435,GCST90502685
189992587,GCST90502199
189842247,GCST90454485
96194263,GCST90092981
216876760,GCST90827968
189993575,GCST90502205
97984917,GCST90100220
216877481,GCST90827971
96195279,GCST90092984
96224841,GCST90092891
93548711,GCST90018979
216882936,GCST90827990
216843762,GCST90827858
189931361,GCST90502049
165107603,GCST90503753
189924883,GCST90502038
165107051,GCST90503750
119620720,GCST90299766
119620725,GCST90299766
119908708,GCST90200411
41274420,GCST007385
188229592,GCST90468988
20441,GCST001217
34944217,GCST006249
103281871,GCST90245848
93541635,GCST90018975
191186046,GCST90399396
188346424,GCST90470209
191851169,GCST90662893
63831846,GCST90012110
63827843,GCST90012111
191187254,GCST90399398
190039777,GCST90502388
100319503,GCST90134403
216857653,GCST90827905
189932458,GCST90502051
63617495,GCST012020
189975681,GCST90502147
190076460,GCST90502571
189978324,GCST90502153
119769837,GCST90245387
62502044,GCST90002361
189979163,GCST90502155
190034839,GCST90502372
96796743,GCST90010737
22108438,GCST004775
22108289,GCST004775
214113305,GCST90693183
45531556,GCST007841
131774752,GCST90310294
102110145,GCST90243985
214312846,GCST90624094
166068090,GCST90551869
166069575,GCST90551872
101327562,GCST90239655
98314618,GCST90129592
98316535,GCST90129627
214110335,GCST90693152
214110686,GCST90693156
88936786,GCST90020095
88936255,GCST90020094
101337862,GCST90239667
101330346,GCST90239658
101340231,GCST90239670
93377628,GCST90019512
36088049,GCST007078
47885704,GCST008972
55592656,GCST009600
101342742,GCST90239673
62170706,GCST010416
103287111,GCST90245848
36501356,GCST007066
214311671,GCST90624094
218082247,GCST90838669
191890659,GCST90662908
119761806,GCST90245081
138945062,GCST90278640
103261347,GCST90245848
216220659,GCST90383906
101349177,GCST90239676
163421797,GCST90480651
163204769,GCST90476295
163208320,GCST90476298
165784578,GCST90569014
62320071,GCST011427
62313570,GCST011427
63822300,GCST90012114
131755885,GCST90428729
162372162,GCST90318547
87304994,GCST90019498
191860919,GCST90662898
166017456,GCST90566733
191880992,GCST90662905
191872925,GCST90662902
131333843,GCST90321120
97985961,GCST90100220
103248041,GCST90245848
103248036,GCST90245848
119258859,GCST90301393
102714149,GCST90244709
55291314,GCST009337
40930720,GCST007269
189951896,GCST90502090
189949990,GCST90502088
189905300,GCST90501999
189941325,GCST90502069
189939076,GCST90502064
189900987,GCST90501986
189947622,GCST90502082
189943901,GCST90502075
27454093,GCST005337
40882284,GCST007335
90539689,GCST90002393
138938106,GCST90278621
138937459,GCST90278620
27422743,GCST005348
35133354,GCST006433
188118355,GCST90468148
27421295,GCST005349
100370889,GCST90134406
30500010,GCST005580
13878,GCST000495
41475183,GCST007691
101955461,GCST90179147
27421987,GCST005348
165015254,GCST90503211
93482230,GCST90018861
131329388,GCST90321120
101969368,GCST90179150
47229237,GCST007983
215538593,GCST90501231
189982808,GCST90502173
189979878,GCST90502160
215523897,GCST90501205
189974434,GCST90502147
215537897,GCST90501230
215550778,GCST90501251
190072782,GCST90502555
221160727,GCST90859211
131329383,GCST90321120
132680361,GCST90432179
34838797,GCST006268
101955455,GCST90179147
119085110,GCST90301649
104576306,GCST90249863
104561495,GCST90249120
51935172,GCST009030
216261580,GCST90244158
19732050,GCST004256
101962795,GCST90179149
64082089,GCST90002388
189915559,GCST90502023
218089690,GCST90838670
189963874,GCST90502127
189939081,GCST90502064
190068014,GCST90502529
87285813,GCST90019510
214354885,GCST90453039
119452252,GCST90310211
189930078,GCST90502049
189977240,GCST90502153
191295455,GCST90565837
190071459,GCST90502554
188083306,GCST90468090
215520199,GCST90501197
190034070,GCST90502372
221138722,GCST90859207
191352220,GCST90565843
191369867,GCST90565844
90548450,GCST90010718
55733024,GCST009871
119120523,GCST90244092
94102691,GCST90086893
103261197,GCST90245848
99813193,GCST90132260
34839051,GCST006268
63154789,GCST006585
19735,GCST000755
39818,GCST002223
35842221,GCST007140
62432510,GCST90002344
214481537,GCST90568455
214480410,GCST90568450
188242564,GCST90469169
131329393,GCST90321120
131329378,GCST90321120
189961578,GCST90502121
189913979,GCST90502017
189841702,GCST90454484
189842561,GCST90454486
190022992,GCST90502320
35842231,GCST007140
218081423,GCST90838669
218089646,GCST90838670
214199418,GCST90002232
220948655,GCST90830355
220956452,GCST90830356
221010436,GCST90831268
221222402,GCST90859782
220994227,GCST90830363
220967127,GCST90830951
220976942,GCST90830358
220965525,GCST90830357
220947804,GCST90830038
220948659,GCST90830355
221019258,GCST90831270
221009153,GCST90830369
220956456,GCST90830356
220981447,GCST90830359
221001167,GCST90830367
220985876,GCST90830360
221010440,GCST90831268
221003180,GCST90830368
221015965,GCST90831269
220982163,GCST90830971
21965291,GCST004521
94171536,GCST90089910
98277197,GCST90129541
119665872,GCST90310280
94183556,GCST90088356
31588152,GCST006017
10094442,GCST002808
53738416,GCST009097
163189535,GCST90475946
163189356,GCST90475942
104576311,GCST90249863
163395696,GCST90480141
163399819,GCST90480220
163027620,GCST90475209
98276566,GCST90129537
163314704,GCST90479548
16529177,GCST003390
163386475,GCST90479977
163440175,GCST90480719
163193643,GCST90476010
163386374,GCST90479975
188116273,GCST90468122
51937382,GCST009029
216260921,GCST90797304
163399967,GCST90480221
163189445,GCST90475944
163386426,GCST90479976
163314750,GCST90479549
216262106,GCST90797305
163180213,GCST90475804
188242569,GCST90469169
98276260,GCST90129535
163027663,GCST90475210
163105098,GCST90475393
163399742,GCST90480219
163386520,GCST90479978
216261234,GCST90244158
163395597,GCST90480138
19732039,GCST004256
163180054,GCST90475799
163193452,GCST90476007
163104932,GCST90475390
131517865,GCST90399745
163386629,GCST90479980
163395515,GCST90480137
163180169,GCST90475802
30500893,GCST005795
41247140,GCST007459
95126385,GCST90000025
53502503,GCST009096
62089304,GCST010376
100042199,GCST90132903
100044979,GCST90132904
188050027,GCST90468073
190067024,GCST90502528
191302077,GCST90565838
119140827,GCST90293091
163104848,GCST90475388
163105004,GCST90475391
163105193,GCST90475394
163344972,GCST90479651
163345096,GCST90479652
163344873,GCST90479650
188263499,GCST90469357
188261959,GCST90469357
95029669,GCST90095130
100083302,GCST90132979
189913984,GCST90502017
189945735,GCST90502077
189916678,GCST90502025
218093599,GCST90838671
215571438,GCST90501284
221138726,GCST90859207
189840802,GCST90454483
215531786,GCST90501219
189926834,GCST90502043
190002208,GCST90502225
190035627,GCST90502373
189844274,GCST90454489
221147932,GCST90859208
106183554,GCST90275371
98308480,GCST90129602
188165192,GCST90468313
188165202,GCST90468313
103271999,GCST90245848
98544686,GCST90132183
98547072,GCST90132185
98546225,GCST90132184
98547528,GCST90132188
62178502,GCST010557
62194583,GCST010553
163380382,GCST90479885
188165232,GCST90468313
163320353,GCST90479589
191858101,GCST90662896
188165227,GCST90468313
188165237,GCST90468313
101169478,GCST90140322
164636294,GCST90492734
19024,GCST001213
24645459,GCST004894
87306202,GCST90019497
191859725,GCST90662897
87316566,GCST90019492
87305225,GCST90019498
163319989,GCST90479588
55299427,GCST009379
163329754,GCST90479626
163300466,GCST90479502
163299675,GCST90479501
163329012,GCST90479625
163298846,GCST90479500
214360986,GCST90453184
214353205,GCST90452999
163174433,GCST90475689
163381389,GCST90479892
188047445,GCST90468072
64082545,GCST90002388
188074260,GCST90468087
93549369,GCST90018981
188165272,GCST90468313
214079642,GCST90693212
45600899,GCST007923
34842036,GCST006867
64719097,GCST90013693
98308174,GCST90129601
64676264,GCST90011898
188165337,GCST90468313
188165342,GCST90468313
90535858,GCST90013664
90541592,GCST90013663
218084515,GCST90838669
214353210,GCST90452999
191359025,GCST90565843
104522744,GCST90247155
214360991,GCST90453184
221355945,GCST90859957
138523842,GCST90444202
93486655,GCST90018926
105591013,GCST90179229
35920106,GCST007209
188407327,GCST90470938
105023751,GCST90128518
132629821,GCST90432140
64079321,GCST90002389
93084896,GCST90056184
188165197,GCST90468313
163304145,GCST90479511
188062940,GCST90468082
93464839,GCST90018706
64669032,GCST011320
93512878,GCST90018958
44510714,GCST007847
163379872,GCST90479883
188165252,GCST90468313
62204450,GCST010555
36081574,GCST007077
191834281,GCST90662860
163303622,GCST90479510
163302367,GCST90479507
163301887,GCST90479506
163302778,GCST90479508
188407322,GCST90470938
47089051,GCST007841
64417236,GCST90002395
131756571,GCST90428729
188035022,GCST90468063
93490788,GCST90018943
93492257,GCST90018944
80734726,GCST90013405
191861359,GCST90662898
189885967,GCST90624670
163380900,GCST90479891
163379681,GCST90479882
61968234,GCST010118
221355852,GCST90859957
221356280,GCST90859957
101934629,GCST90243640
221356409,GCST90859957
221356414,GCST90859957
105051564,GCST90258638
92409357,GCST90027052
100869526,GCST90027079
132521411,GCST90432063
55732926,GCST009871
35277189,GCST007147
191858540,GCST90662897
163445488,GCST90480727
163444223,GCST90480726
163179146,GCST90475765
131760445,GCST90428732
163447402,GCST90480729
217558906,GCST90832990
189949965,GCST90502088
163360488,GCST90479702
21699450,GCST004478
21699792,GCST004415
21699649,GCST004480
21539059,GCST004462
93479492,GCST90018799
100400080,GCST90104339
98430963,GCST90131901
134172872,GCST90435415
163195190,GCST90476059
215454699,GCST90501097
163300849,GCST90479503
97213067,GCST90004473
134165576,GCST90435413
135069101,GCST90448983
98430969,GCST90131901
98385037,GCST90094852
98384898,GCST90094851
166066149,GCST90551861
105023869,GCST90128518
93501591,GCST90018950
222423701,GCST90841192
130944863,GCST90302720
55635182,GCST009640
214131006,GCST90693318
189941280,GCST90502069
93528308,GCST90018967
63051347,GCST010699
55535807,GCST009538
63049795,GCST010702
55538285,GCST009537
55537408,GCST009537
189897094,GCST90501978
214132926,GCST90693335
63052530,GCST010698
214133560,GCST90693352
55539678,GCST009540
188148590,GCST90468182
218953477,GCST90841387
218952842,GCST90841385
35920086,GCST007209
138231683,GCST90444487
218952384,GCST90841381
96818777,GCST90102599
93909644,GCST90091060
101687713,GCST90239729
106047803,GCST90272876
221150562,GCST90860395
63047978,GCST010701
131538389,GCST90320944
63045744,GCST010703
188256761,GCST90469300
104844809,GCST90101829
98447878,GCST90131905
55655165,GCST009602
98430975,GCST90131901
118849955,GCST90297557
97202093,GCST90003882
216262066,GCST90797305
216682210,GCST90728589
165719700,GCST90566795
95021995,GCST90095129
47381837,GCST008998
63345300,GCST90011804
193098823,GCST90102553
191182872,GCST90651041
134104282,GCST90446470
166099886,GCST90103761
165281471,GCST90565137
63346231,GCST90011822
36101322,GCST007087
191350598,GCST90565843
45530928,GCST007841
104166136,GCST90250905
95290854,GCST90012880
98440542,GCST90131903
49136330,GCST009001
47109357,GCST007988
98448983,GCST90131906
117750648,GCST90281346
103954707,GCST90165317
222449223,GCST90860937
104955787,GCST90267268
215400145,GCST90728574
104959484,GCST90267282
100328536,GCST90134421
100328397,GCST90134420
35805384,GCST006912
163308000,GCST90479521
163234580,GCST90476361
132682015,GCST90432180
137798734,GCST90432154
94064380,GCST90061413
118849960,GCST90297557
191678969,GCST90652509
98446346,GCST90131904
215399970,GCST90728573
103258197,GCST90245848
35674106,GCST006660
55975322,GCST010136
103956758,GCST90165318
55974630,GCST010142
55974302,GCST010142
213219069,GCST90693145
216300621,GCST90705071
103258202,GCST90245848
97205025,GCST90004080
62081084,GCST010340
105052600,GCST90258642
55974680,GCST010142
41309728,GCST004988
105594971,GCST90270342
214131435,GCST90693322
132773689,GCST90320054
30567554,GCST005829
47384180,GCST008996
95031622,GCST90095131
63785148,GCST010988
96818176,GCST90102598
93930684,GCST90091061
188037531,GCST90468065
35934653,GCST007064
97213188,GCST90004482
131476344,GCST90321079
55975604,GCST010135
55974860,GCST010140
41407054,GCST007561
118849966,GCST90297557
102091775,GCST90243968
104114245,GCST90255621
103216790,GCST90245844
55975550,GCST010136
188056562,GCST90468078
98381080,GCST90094766
98384478,GCST90094840
98378928,GCST90094706
166015023,GCST90570208
88924734,GCST90000514
165684721,GCST90455657
101955359,GCST90179147
100869944,GCST90027080
131614513,GCST90428119
62047690,GCST010282
18863,GCST001184
165283586,GCST90565151
91777887,GCST90020232
166014853,GCST90570207
119087026,GCST90301650
189933635,GCST90502056
188119690,GCST90468158
36094319,GCST007081
36060674,GCST007039
101950554,GCST90179146
188123386,GCST90468161
131625687,GCST90428121
97206564,GCST90004176
191867611,GCST90662901
165284662,GCST90565159
96767555,GCST90029070
55732754,GCST009871
93493266,GCST90018945
188146826,GCST90468180
217553068,GCST90832989
97205807,GCST90004128
131613474,GCST90428119
191904040,GCST90662912
165282464,GCST90565147
93495744,GCST90018947
188118783,GCST90468157
61999144,GCST009777
97204098,GCST90004032
91781464,GCST90038594
93373332,GCST90019511
100328531,GCST90134421
165285137,GCST90565160
165283052,GCST90565148
138724022,GCST90446645
165284030,GCST90565152
192547550,GCST90624107
49134710,GCST009003
163275689,GCST90476469
163016116,GCST90475156
101968922,GCST90179150
189936985,GCST90502062
163178083,GCST90475759
104114239,GCST90255621
132774183,GCST90320055
189943866,GCST90502075
49130726,GCST009004
163384976,GCST90479952
163385347,GCST90479955
163011551,GCST90475153
63950219,GCST011703
36098805,GCST007085
118725135,GCST90296430
190002144,GCST90502225
132629772,GCST90432140
136014935,GCST90309354
131626932,GCST90428121
166098834,GCST90572710
96113210,GCST008810
35038421,GCST006368
191893573,GCST90662909
214289489,GCST90652530
95027504,GCST90095130
214289012,GCST90652529
94059277,GCST90093322
215533665,GCST90501221
55533085,GCST009539
218080975,GCST90838669
41137373,GCST007841
55312687,GCST009576
55312692,GCST009576
87288208,GCST90019509
104563084,GCST90249202
188048110,GCST90468072
188106389,GCST90468100
22488977,GCST004619
22072160,GCST004622
163145760,GCST90475508
188065052,GCST90468083
163351385,GCST90479672
64407632,GCST90002397
62741634,GCST90002363
87289360,GCST90019509
130276429,GCST004612
22666461,GCST004628
21893730,GCST004611
63946964,GCST90002405
63943832,GCST90002406
64185659,GCST90002386
64189225,GCST90002385
130276425,GCST004612
21893725,GCST004611
22488409,GCST004619
63946956,GCST90002405
22072155,GCST004622
63943823,GCST90002406
64185649,GCST90002386
31671200,GCST006947
218071143,GCST90838669
62427681,GCST90002355
64404760,GCST90002398
62743805,GCST90002351
191838949,GCST90662874
214313546,GCST90624094
218071019,GCST90838669
64077771,GCST90002389
62425824,GCST90002314
62502511,GCST90002367
188103592,GCST90468099
35338219,GCST006945
166068390,GCST90551869
61934231,GCST010084
104558200,GCST90248945
64399009,GCST90002400
93209540,GCST90025972
64183317,GCST90002387
93209336,GCST90025970
64407636,GCST90002397
36457091,GCST007074
62504609,GCST90002372
163347600,GCST90479665
62490971,GCST90002320
188407280,GCST90470937
164784583,GCST90314833
164784599,GCST90314834
164784615,GCST90314835
164784647,GCST90314837
164753739,GCST90313323
164776687,GCST90314445
164774779,GCST90314362
164784627,GCST90314836
164767995,GCST90314018
36594288,GCST007338
36596445,GCST007340
36595319,GCST007339
36592469,GCST007341
36593559,GCST007337
218089102,GCST90838670
192541051,GCST90624105
191314179,GCST90565843
191286545,GCST90565837
191314195,GCST90565843
191314207,GCST90565843
191314184,GCST90565843
191286551,GCST90565837
191888100,GCST90662907
93531211,GCST90018969
191838507,GCST90662873
191864793,GCST90662899
56269610,GCST010204
218072235,GCST90838669
101326450,GCST90239655
101336861,GCST90239667
34968660,GCST006475
191366801,GCST90565844
188080709,GCST90468089
93083986,GCST90056184
21840540,GCST004627
102096966,GCST90243980
191314201,GCST90565843
64407641,GCST90002397
131619504,GCST90428120
17621708,GCST003837
188251390,GCST90469242
105725412,GCST90234771
118327489,GCST90281212
61937116,GCST010083
188251360,GCST90469242
221092100,GCST90860317
221092096,GCST90860317
101689253,GCST90239729
163318127,GCST90479578
191006327,GCST90559246
218089086,GCST90838670
21841696,GCST004632
188407250,GCST90470937
188407245,GCST90470937
162992147,GCST90475096
162987057,GCST90475090
163299932,GCST90479502
162989588,GCST90475093
163299109,GCST90479501
163298293,GCST90479500
191314189,GCST90565843
191286556,GCST90565837
193144489,GCST90439082
162819853,GCST90423067
104558210,GCST90248945
188391423,GCST90470771
34838908,GCST006268
101445135,GCST90002403
55315433,GCST009577
95024429,GCST90095129
191881332,GCST90662905
64080604,GCST90002388
188063285,GCST90468082
93511713,GCST90018958
93519709,GCST90018962
163357227,GCST90479677
163361817,GCST90479704
163131400,GCST90475466
16493263,GCST003427
163362634,GCST90479705
62499817,GCST90002361
62745829,GCST90002357
34718637,GCST006568
33405,GCST001913
131631515,GCST90428121
188094521,GCST90468096
97842512,GCST90023990
95124080,GCST90000025
55314707,GCST009577
163431183,GCST90480671
165398053,GCST90094966
165398202,GCST90094968
135988237,GCST90256420
163231414,GCST90476356
163431876,GCST90480672
163432811,GCST90480673
165398229,GCST90094969
163232911,GCST90476360
188407255,GCST90470937
90792532,GCST90020025
55722247,GCST009867
191840387,GCST90662878
93078591,GCST90056178
63940284,GCST90002407
93529387,GCST90018968
119085889,GCST90301649
63946968,GCST90002405
63943837,GCST90002406
64185664,GCST90002386
90751415,GCST90020027
21843539,GCST004609
188407285,GCST90470937
166068992,GCST90551870
64183322,GCST90002387
163356023,GCST90479676
93085368,GCST90085816
64399013,GCST90002400
64077776,GCST90002389
188088442,GCST90468093
64402436,GCST90002399
93084646,GCST90056184
136021061,GCST90309369
64080608,GCST90002388
93085819,GCST90085817
134170935,GCST90435415
93086099,GCST90085818
188407230,GCST90470937
188407225,GCST90470937
191314213,GCST90565843
218068713,GCST90838667
