id;string;tags;style;format;options;survey;title;intro;;;;;;;;;;;;;;;
1;DOG enjoys life;CHQLS;Likert;1;Strongly Agree|Agree|Neither Agree Nor Disagree|Disagree|Strongly Disagree;1;Play;All dogs play, but depending on their background and personality their play can take many forms from bouncy excited interaction with humans or other animals, to a more quiet and attentive puzzle-solving with a treat-filled Kong.  Play allows our dogs to explore the rules of social interactions or to hone their natural hunting instincts.  What can your dog's play reveal about their character?;;;;;;;;;;;;;;;
2;DOG wants to play;CHQLS;Likert;1;Strongly Agree|Agree|Neither Agree Nor Disagree|Disagree|Strongly Disagree;1;Play;All dogs play, but depending on their background and personality their play can take many forms from bouncy excited interaction with humans or other animals, to a more quiet and attentive puzzle-solving with a treat-filled Kong.  Play allows our dogs to explore the rules of social interactions or to hone their natural hunting instincts.  What can your dog's play reveal about their character?;;;;;;;;;;;;;;;
3;DOG becomes aggressive when excited;DIAS;Likert;1;Strongly Agree|Agree|Neither Agree Nor Disagree|Disagree|Strongly Disagree;1;Play;All dogs play, but depending on their background and personality their play can take many forms from bouncy excited interaction with humans or other animals, to a more quiet and attentive puzzle-solving with a treat-filled Kong.  Play allows our dogs to explore the rules of social interactions or to hone their natural hunting instincts.  What can your dog's play reveal about their character?;;;;;;;;;;;;;;;
4;DOG enjoys playing with toys;DPQ;Likert;1;Strongly Agree|Agree|Neither Agree Nor Disagree|Disagree|Strongly Disagree;1;Play;All dogs play, but depending on their background and personality their play can take many forms from bouncy excited interaction with humans or other animals, to a more quiet and attentive puzzle-solving with a treat-filled Kong.  Play allows our dogs to explore the rules of social interactions or to hone their natural hunting instincts.  What can your dog's play reveal about their character?;;;;;;;;;;;;;;;
5;DOG gets bored in play quickly;DPQ;Likert;1;Strongly Agree|Agree|Neither Agree Nor Disagree|Disagree|Strongly Disagree;1;Play;All dogs play, but depending on their background and personality their play can take many forms from bouncy excited interaction with humans or other animals, to a more quiet and attentive puzzle-solving with a treat-filled Kong.  Play allows our dogs to explore the rules of social interactions or to hone their natural hunting instincts.  What can your dog's play reveal about their character?;;;;;;;;;;;;;;;
6;DOG seeks constant activity;DPQ;Likert;1;Strongly Agree|Agree|Neither Agree Nor Disagree|Disagree|Strongly Disagree;1;Play;All dogs play, but depending on their background and personality their play can take many forms from bouncy excited interaction with humans or other animals, to a more quiet and attentive puzzle-solving with a treat-filled Kong.  Play allows our dogs to explore the rules of social interactions or to hone their natural hunting instincts.  What can your dog's play reveal about their character?;;;;;;;;;;;;;;;
7;Excitement can lead DOG to fixed repetitive behavior;DIAS;Likert;1;Strongly Agree|Agree|Neither Agree Nor Disagree|Disagree|Strongly Disagree;1;Play;All dogs play, but depending on their background and personality their play can take many forms from bouncy excited interaction with humans or other animals, to a more quiet and attentive puzzle-solving with a treat-filled Kong.  Play allows our dogs to explore the rules of social interactions or to hone their natural hunting instincts.  What can your dog's play reveal about their character?;;;;;;;;;;;;;;;
8;DOG calms down very quickly after being excited;DIAS;Likert;1;Strongly Agree|Agree|Neither Agree Nor Disagree|Disagree|Strongly Disagree;1;Play;All dogs play, but depending on their background and personality their play can take many forms from bouncy excited interaction with humans or other animals, to a more quiet and attentive puzzle-solving with a treat-filled Kong.  Play allows our dogs to explore the rules of social interactions or to hone their natural hunting instincts.  What can your dog's play reveal about their character?;;;;;;;;;;;;;;;
9;DOG may become aggressive if HE is frustrated with something;DIAS;Likert;1;Strongly Agree|Agree|Neither Agree Nor Disagree|Disagree|Strongly Disagree;1;Play;All dogs play, but depending on their background and personality their play can take many forms from bouncy excited interaction with humans or other animals, to a more quiet and attentive puzzle-solving with a treat-filled Kong.  Play allows our dogs to explore the rules of social interactions or to hone their natural hunting instincts.  What can your dog's play reveal about their character?;;;;;;;;;;;;;;;
10;DOG is not very patient;DIAS;Likert;1;Strongly Agree|Agree|Neither Agree Nor Disagree|Disagree|Strongly Disagree;1;Play;All dogs play, but depending on their background and personality their play can take many forms from bouncy excited interaction with humans or other animals, to a more quiet and attentive puzzle-solving with a treat-filled Kong.  Play allows our dogs to explore the rules of social interactions or to hone their natural hunting instincts.  What can your dog's play reveal about their character?;;;;;;;;;;;;;;;
11;DOG is relaxed when greeting people;DPQ;Likert;1;Strongly Agree|Agree|Neither Agree Nor Disagree|Disagree|Strongly Disagree;2;Communication;While their vocalizations are often easiest to notice, dogs communicate in many ways and for many purposes.  Our dogs' means of expressing themselves is as clear an indicator of their personality as ours is of our own: are they introverted or extroverted, confident or shy.  What might your dog's communication reveal about their personality?;;;;;;;;;;;;;;;
12;DOG is shy;DPQ;Likert;1;Strongly Agree|Agree|Neither Agree Nor Disagree|Disagree|Strongly Disagree;2;Communication;While their vocalizations are often easiest to notice, dogs communicate in many ways and for many purposes.  Our dogs' means of expressing themselves is as clear an indicator of their personality as ours is of our own: are they introverted or extroverted, confident or shy.  What might your dog's communication reveal about their personality?;;;;;;;;;;;;;;;
13;DOG is boisterous;DPQ;Likert;1;Strongly Agree|Agree|Neither Agree Nor Disagree|Disagree|Strongly Disagree;2;Communication;While their vocalizations are often easiest to notice, dogs communicate in many ways and for many purposes.  Our dogs' means of expressing themselves is as clear an indicator of their personality as ours is of our own: are they introverted or extroverted, confident or shy.  What might your dog's communication reveal about their personality?;;;;;;;;;;;;;;;
14;DOG does not think before HE acts;DIAS;Likert;1;Strongly Agree|Agree|Neither Agree Nor Disagree|Disagree|Strongly Disagree;2;Communication;While their vocalizations are often easiest to notice, dogs communicate in many ways and for many purposes.  Our dogs' means of expressing themselves is as clear an indicator of their personality as ours is of our own: are they introverted or extroverted, confident or shy.  What might your dog's communication reveal about their personality?;;;;;;;;;;;;;;;
15;DOG appears to be sorry after HE has done something wrong;DIAS;Likert;1;Strongly Agree|Agree|Neither Agree Nor Disagree|Disagree|Strongly Disagree;2;Communication;While their vocalizations are often easiest to notice, dogs communicate in many ways and for many purposes.  Our dogs' means of expressing themselves is as clear an indicator of their personality as ours is of our own: are they introverted or extroverted, confident or shy.  What might your dog's communication reveal about their personality?;;;;;;;;;;;;;;;
16;DOG aggressively guards coveted items (e.g., stolen item, treats, food bowl);DPQ;Likert;1;Strongly Agree|Agree|Neither Agree Nor Disagree|Disagree|Strongly Disagree;2;Communication;While their vocalizations are often easiest to notice, dogs communicate in many ways and for many purposes.  Our dogs' means of expressing themselves is as clear an indicator of their personality as ours is of our own: are they introverted or extroverted, confident or shy.  What might your dog's communication reveal about their personality?;;;;;;;;;;;;;;;
17;DOG howls;NA;Likert;2;Never|Rarely|Sometimes|Often|Always;2;Communication;While their vocalizations are often easiest to notice, dogs communicate in many ways and for many purposes.  Our dogs' means of expressing themselves is as clear an indicator of their personality as ours is of our own: are they introverted or extroverted, confident or shy.  What might your dog's communication reveal about their personality?;;;;;;;;;;;;;;;
18;DOG Woo-woo barks;NA;Likert;2;Never|Rarely|Sometimes|Often|Always;2;Communication;While their vocalizations are often easiest to notice, dogs communicate in many ways and for many purposes.  Our dogs' means of expressing themselves is as clear an indicator of their personality as ours is of our own: are they introverted or extroverted, confident or shy.  What might your dog's communication reveal about their personality?;;;;;;;;;;;;;;;
19;DOG whines when alone;NA;Likert;2;Never|Rarely|Sometimes|Often|Always;2;Communication;While their vocalizations are often easiest to notice, dogs communicate in many ways and for many purposes.  Our dogs' means of expressing themselves is as clear an indicator of their personality as ours is of our own: are they introverted or extroverted, confident or shy.  What might your dog's communication reveal about their personality?;;;;;;;;;;;;;;;
20;DOG whines to get attention, food, or toys;NA;Likert;2;Never|Rarely|Sometimes|Often|Always;2;Communication;While their vocalizations are often easiest to notice, dogs communicate in many ways and for many purposes.  Our dogs' means of expressing themselves is as clear an indicator of their personality as ours is of our own: are they introverted or extroverted, confident or shy.  What might your dog's communication reveal about their personality?;;;;;;;;;;;;;;;
21;DOG is able to focus on a task in a distracting situation (e.g., loud or busy places, around other dogs);DPQ;Likert;1;Strongly Agree|Agree|Neither Agree Nor Disagree|Disagree|Strongly Disagree;3;The Great Outdoors;At home, at work, or out on the town, we may take on different behaviors in different contexts and so to do our dogs.  The outdoors provides a wide range of opportunities to behave in ways be find adorable, amusing, or awkward.  What does your dogs outdoor behavior reveal about their inner self?;;;;;;;;;;;;;;;
22;DOG is playful with other dogs;DPQ;Likert;1;Strongly Agree|Agree|Neither Agree Nor Disagree|Disagree|Strongly Disagree;3;The Great Outdoors;At home, at work, or out on the town, we may take on different behaviors in different contexts and so to do our dogs.  The outdoors provides a wide range of opportunities to behave in ways be find adorable, amusing, or awkward.  What does your dogs outdoor behavior reveal about their inner self?;;;;;;;;;;;;;;;
23;When off leash, DOG comes immediately when called;DPQ;Likert;1;Strongly Agree|Agree|Neither Agree Nor Disagree|Disagree|Strongly Disagree;3;The Great Outdoors;At home, at work, or out on the town, we may take on different behaviors in different contexts and so to do our dogs.  The outdoors provides a wide range of opportunities to behave in ways be find adorable, amusing, or awkward.  What does your dogs outdoor behavior reveal about their inner self?;;;;;;;;;;;;;;;
24;DOG likes to chase squirrels, birds, or other small animals;DPQ;Likert;1;Strongly Agree|Agree|Neither Agree Nor Disagree|Disagree|Strongly Disagree;3;The Great Outdoors;At home, at work, or out on the town, we may take on different behaviors in different contexts and so to do our dogs.  The outdoors provides a wide range of opportunities to behave in ways be find adorable, amusing, or awkward.  What does your dogs outdoor behavior reveal about their inner self?;;;;;;;;;;;;;;;
25;DOG moves normally;CHQLS;Likert;1;Strongly Agree|Agree|Neither Agree Nor Disagree|Disagree|Strongly Disagree;3;The Great Outdoors;At home, at work, or out on the town, we may take on different behaviors in different contexts and so to do our dogs.  The outdoors provides a wide range of opportunities to behave in ways be find adorable, amusing, or awkward.  What does your dogs outdoor behavior reveal about their inner self?;;;;;;;;;;;;;;;
26;DOG is as active as HE has been;CHQLS;Likert;1;Strongly Agree|Agree|Neither Agree Nor Disagree|Disagree|Strongly Disagree;3;The Great Outdoors;At home, at work, or out on the town, we may take on different behaviors in different contexts and so to do our dogs.  The outdoors provides a wide range of opportunities to behave in ways be find adorable, amusing, or awkward.  What does your dogs outdoor behavior reveal about their inner self?;;;;;;;;;;;;;;;
27;DOG shows extreme physical signs when excited;DIAS;Likert;1;Strongly Agree|Agree|Neither Agree Nor Disagree|Disagree|Strongly Disagree;3;The Great Outdoors;At home, at work, or out on the town, we may take on different behaviors in different contexts and so to do our dogs.  The outdoors provides a wide range of opportunities to behave in ways be find adorable, amusing, or awkward.  What does your dogs outdoor behavior reveal about their inner self?;;;;;;;;;;;;;;;
28;DOG eats grass;NA;Likert;2;Never|Rarely|Sometimes|Often|Always;3;The Great Outdoors;At home, at work, or out on the town, we may take on different behaviors in different contexts and so to do our dogs.  The outdoors provides a wide range of opportunities to behave in ways be find adorable, amusing, or awkward.  What does your dogs outdoor behavior reveal about their inner self?;;;;;;;;;;;;;;;
29;DOG buries toys / bones;NA;Likert;2;Never|Rarely|Sometimes|Often|Always;3;The Great Outdoors;At home, at work, or out on the town, we may take on different behaviors in different contexts and so to do our dogs.  The outdoors provides a wide range of opportunities to behave in ways be find adorable, amusing, or awkward.  What does your dogs outdoor behavior reveal about their inner self?;;;;;;;;;;;;;;;
30;DOG eats non-food items;NA;Likert;2;Never|Rarely|Sometimes|Often|Always;3;The Great Outdoors;At home, at work, or out on the town, we may take on different behaviors in different contexts and so to do our dogs.  The outdoors provides a wide range of opportunities to behave in ways be find adorable, amusing, or awkward.  What does your dogs outdoor behavior reveal about their inner self?;;;;;;;;;;;;;;;
31;DOG ignores commands;DPQ;Likert;1;Strongly Agree|Agree|Neither Agree Nor Disagree|Disagree|Strongly Disagree;4;Independence;Just like us, some of our dogs are natural leaders, others are loyal followers, and yet others excel on working through challenges on our own.  Is your dog a lone wolf, or a part of the pack?;;;;;;;;;;;;;;;
32;DOG is quick to sneak out through open doors, gates;DPQ;Likert;1;Strongly Agree|Agree|Neither Agree Nor Disagree|Disagree|Strongly Disagree;4;Independence;Just like us, some of our dogs are natural leaders, others are loyal followers, and yet others excel on working through challenges on our own.  Is your dog a lone wolf, or a part of the pack?;;;;;;;;;;;;;;;
33;DOG sleeps more, is less awake;CHQLS;Likert;1;Strongly Agree|Agree|Neither Agree Nor Disagree|Disagree|Strongly Disagree;4;Independence;Just like us, some of our dogs are natural leaders, others are loyal followers, and yet others excel on working through challenges on our own.  Is your dog a lone wolf, or a part of the pack?;;;;;;;;;;;;;;;
34;DOG is slow to respond to corrections;DPQ;Likert;1;Strongly Agree|Agree|Neither Agree Nor Disagree|Disagree|Strongly Disagree;4;Independence;Just like us, some of our dogs are natural leaders, others are loyal followers, and yet others excel on working through challenges on our own.  Is your dog a lone wolf, or a part of the pack?;;;;;;;;;;;;;;;
35;DOG escapes from cages, kennels, or enclosures;NA;Likert;2;Never|Rarely|Sometimes|Often|Always;4;Independence;Just like us, some of our dogs are natural leaders, others are loyal followers, and yet others excel on working through challenges on our own.  Is your dog a lone wolf, or a part of the pack?;;;;;;;;;;;;;;;
36;DOG gets stuck behind objects and is unable to get around;CCDR;Likert;2;Never|Rarely|Sometimes|Often|Always;4;Independence;Just like us, some of our dogs are natural leaders, others are loyal followers, and yet others excel on working through challenges on our own.  Is your dog a lone wolf, or a part of the pack?;;;;;;;;;;;;;;;
37;DOG walks away or avoids being patted;CCDR;Likert;2;Never|Rarely|Sometimes|Often|Always;4;Independence;Just like us, some of our dogs are natural leaders, others are loyal followers, and yet others excel on working through challenges on our own.  Is your dog a lone wolf, or a part of the pack?;;;;;;;;;;;;;;;
38;DOG shows barrier aggression;NA;Likert;2;Never|Rarely|Sometimes|Often|Always;4;Independence;Just like us, some of our dogs are natural leaders, others are loyal followers, and yet others excel on working through challenges on our own.  Is your dog a lone wolf, or a part of the pack?;;;;;;;;;;;;;;;
39;DOG lays in one place all day long;CHQLS;Likert;2;Never|Rarely|Sometimes|Often|Always;4;Independence;Just like us, some of our dogs are natural leaders, others are loyal followers, and yet others excel on working through challenges on our own.  Is your dog a lone wolf, or a part of the pack?;;;;;;;;;;;;;;;
40;DOG damages doors, gates, or walls;NA;Likert;2;Never|Rarely|Sometimes|Often|Always;4;Independence;Just like us, some of our dogs are natural leaders, others are loyal followers, and yet others excel on working through challenges on our own.  Is your dog a lone wolf, or a part of the pack?;;;;;;;;;;;;;;;
41;DOG doesn't like to be approached or hugged;DIAS;Likert;1;Strongly Agree|Agree|Neither Agree Nor Disagree|Disagree|Strongly Disagree;5;Socialization with Humans;Proper socialization is invaluable for our dogs &mdash;;;;;;;;;;;;;;;" but there is a wide array of healthy expressions of sociability for dogs from the chipper pup that must greet everyone to the discerning dog who carefully appraises each new person they meet.  Is your dog the life of every party, or a meticulous judge of character?"""
42;DOG is friendly towards unfamiliar people;DPQ;Likert;1;Strongly Agree|Agree|Neither Agree Nor Disagree|Disagree|Strongly Disagree;5;Socialization with Humans;Proper socialization is invaluable for our dogs &mdash;;;;;;;;;;;;;;;" but there is a wide array of healthy expressions of sociability for dogs from the chipper pup that must greet everyone to the discerning dog who carefully appraises each new person they meet.  Is your dog the life of every party, or a meticulous judge of character?"""
43;DOG responds to my presence;CHQLS;Likert;1;Strongly Agree|Agree|Neither Agree Nor Disagree|Disagree|Strongly Disagree;5;Socialization with Humans;Proper socialization is invaluable for our dogs &mdash;;;;;;;;;;;;;;;" but there is a wide array of healthy expressions of sociability for dogs from the chipper pup that must greet everyone to the discerning dog who carefully appraises each new person they meet.  Is your dog the life of every party, or a meticulous judge of character?"""
44;DOG behaves aggressively in response to perceived threats from people (e.g., being cornered, having collar reached for);DPQ;Likert;1;Strongly Agree|Agree|Neither Agree Nor Disagree|Disagree|Strongly Disagree;5;Socialization with Humans;Proper socialization is invaluable for our dogs &mdash;;;;;;;;;;;;;;;" but there is a wide array of healthy expressions of sociability for dogs from the chipper pup that must greet everyone to the discerning dog who carefully appraises each new person they meet.  Is your dog the life of every party, or a meticulous judge of character?"""
45;DOG is a people person;NA;Likert;1;Strongly Agree|Agree|Neither Agree Nor Disagree|Disagree|Strongly Disagree;5;Socialization with Humans;Proper socialization is invaluable for our dogs &mdash;;;;;;;;;;;;;;;" but there is a wide array of healthy expressions of sociability for dogs from the chipper pup that must greet everyone to the discerning dog who carefully appraises each new person they meet.  Is your dog the life of every party, or a meticulous judge of character?"""
46;DOG behaves fearfully towards unfamiliar people;DPQ;Likert;1;Strongly Agree|Agree|Neither Agree Nor Disagree|Disagree|Strongly Disagree;5;Socialization with Humans;Proper socialization is invaluable for our dogs &mdash;;;;;;;;;;;;;;;" but there is a wide array of healthy expressions of sociability for dogs from the chipper pup that must greet everyone to the discerning dog who carefully appraises each new person they meet.  Is your dog the life of every party, or a meticulous judge of character?"""
47;DOG seems to get excited for no reason;DIAS;Likert;1;Strongly Agree|Agree|Neither Agree Nor Disagree|Disagree|Strongly Disagree;5;Socialization with Humans;Proper socialization is invaluable for our dogs &mdash;;;;;;;;;;;;;;;" but there is a wide array of healthy expressions of sociability for dogs from the chipper pup that must greet everyone to the discerning dog who carefully appraises each new person they meet.  Is your dog the life of every party, or a meticulous judge of character?"""
48;DOG behaves aggressively towards unfamiliar people;DPQ;Likert;1;Strongly Agree|Agree|Neither Agree Nor Disagree|Disagree|Strongly Disagree;5;Socialization with Humans;Proper socialization is invaluable for our dogs &mdash;;;;;;;;;;;;;;;" but there is a wide array of healthy expressions of sociability for dogs from the chipper pup that must greet everyone to the discerning dog who carefully appraises each new person they meet.  Is your dog the life of every party, or a meticulous judge of character?"""
49;DOG seeks companionship from people;DPQ;Likert;1;Strongly Agree|Agree|Neither Agree Nor Disagree|Disagree|Strongly Disagree;5;Socialization with Humans;Proper socialization is invaluable for our dogs &mdash;;;;;;;;;;;;;;;" but there is a wide array of healthy expressions of sociability for dogs from the chipper pup that must greet everyone to the discerning dog who carefully appraises each new person they meet.  Is your dog the life of every party, or a meticulous judge of character?"""
50;DOG must greet everyone who comes to the door;NA;Likert;1;Strongly Agree|Agree|Neither Agree Nor Disagree|Disagree|Strongly Disagree;5;Socialization with Humans;Proper socialization is invaluable for our dogs &mdash;;;;;;;;;;;;;;;" but there is a wide array of healthy expressions of sociability for dogs from the chipper pup that must greet everyone to the discerning dog who carefully appraises each new person they meet.  Is your dog the life of every party, or a meticulous judge of character?"""
51;DOG chases bicycles, joggers, and skateboarders;DPQ;Likert;1;Strongly Agree|Agree|Neither Agree Nor Disagree|Disagree|Strongly Disagree;6;Hunting;Wolves are natural hunters.  Some of our dogs have maintained some of their ancestors' hunting skills, while others have happily adapted to the modern age.  Is your dog a natural born hunter or a modern citizen?;;;;;;;;;;;;;;;
52;DOG works at tasks (e.g., getting treats out of a Kong, shredding toys) until entirely finished;DPQ;Likert;1;Strongly Agree|Agree|Neither Agree Nor Disagree|Disagree|Strongly Disagree;6;Hunting;Wolves are natural hunters.  Some of our dogs have maintained some of their ancestors' hunting skills, while others have happily adapted to the modern age.  Is your dog a natural born hunter or a modern citizen?;;;;;;;;;;;;;;;
53;DOG leaves food or objects alone when told to do so;DPQ;Likert;1;Strongly Agree|Agree|Neither Agree Nor Disagree|Disagree|Strongly Disagree;6;Hunting;Wolves are natural hunters.  Some of our dogs have maintained some of their ancestors' hunting skills, while others have happily adapted to the modern age.  Is your dog a natural born hunter or a modern citizen?;;;;;;;;;;;;;;;
54;DOG retrieves objects (e.g., balls, toys, sticks);DPQ;Likert;1;Strongly Agree|Agree|Neither Agree Nor Disagree|Disagree|Strongly Disagree;6;Hunting;Wolves are natural hunters.  Some of our dogs have maintained some of their ancestors' hunting skills, while others have happily adapted to the modern age.  Is your dog a natural born hunter or a modern citizen?;;;;;;;;;;;;;;;
55;DOG appears to have a lot of control over how HE responds;DIAS;Likert;1;Strongly Agree|Agree|Neither Agree Nor Disagree|Disagree|Strongly Disagree;6;Hunting;Wolves are natural hunters.  Some of our dogs have maintained some of their ancestors' hunting skills, while others have happily adapted to the modern age.  Is your dog a natural born hunter or a modern citizen?;;;;;;;;;;;;;;;
56;DOG reacts very quickly;DIAS;Likert;1;Strongly Agree|Agree|Neither Agree Nor Disagree|Disagree|Strongly Disagree;6;Hunting;Wolves are natural hunters.  Some of our dogs have maintained some of their ancestors' hunting skills, while others have happily adapted to the modern age.  Is your dog a natural born hunter or a modern citizen?;;;;;;;;;;;;;;;
57;DOG is easy to train;DIAS;Likert;1;Strongly Agree|Agree|Neither Agree Nor Disagree|Disagree|Strongly Disagree;6;Hunting;Wolves are natural hunters.  Some of our dogs have maintained some of their ancestors' hunting skills, while others have happily adapted to the modern age.  Is your dog a natural born hunter or a modern citizen?;;;;;;;;;;;;;;;
58;DOG can be very persistent;DIAS;Likert;1;Strongly Agree|Agree|Neither Agree Nor Disagree|Disagree|Strongly Disagree;6;Hunting;Wolves are natural hunters.  Some of our dogs have maintained some of their ancestors' hunting skills, while others have happily adapted to the modern age.  Is your dog a natural born hunter or a modern citizen?;;;;;;;;;;;;;;;
59;DOG points;NA;Likert;1;Strongly Agree|Agree|Neither Agree Nor Disagree|Disagree|Strongly Disagree;6;Hunting;Wolves are natural hunters.  Some of our dogs have maintained some of their ancestors' hunting skills, while others have happily adapted to the modern age.  Is your dog a natural born hunter or a modern citizen?;;;;;;;;;;;;;;;
60;DOG avoids getting wet;NA;Likert;1;Strongly Agree|Agree|Neither Agree Nor Disagree|Disagree|Strongly Disagree;6;Hunting;Wolves are natural hunters.  Some of our dogs have maintained some of their ancestors' hunting skills, while others have happily adapted to the modern age.  Is your dog a natural born hunter or a modern citizen?;;;;;;;;;;;;;;;
61;DOG has difficulty finding food dropped on the floor;CCDR;Likert;2;Never|Rarely|Sometimes|Often|Always;7;The Ins and Outs;While not always glamorous our pets' bodily functions can indicate much about their underlying physiology.  Is your dog a hungry hound or a picky pet?;;;;;;;;;;;;;;;
62;DOG licks HIS empty bowl after finishing the food;NA;Likert;2;Never|Rarely|Sometimes|Often|Always;7;The Ins and Outs;While not always glamorous our pets' bodily functions can indicate much about their underlying physiology.  Is your dog a hungry hound or a picky pet?;;;;;;;;;;;;;;;
63;DOG licks tile / linoleum floors;NA;Likert;2;Never|Rarely|Sometimes|Often|Always;7;The Ins and Outs;While not always glamorous our pets' bodily functions can indicate much about their underlying physiology.  Is your dog a hungry hound or a picky pet?;;;;;;;;;;;;;;;
64;DOG turns in circles before pooping;NA;Likert;2;Never|Rarely|Sometimes|Often|Always;7;The Ins and Outs;While not always glamorous our pets' bodily functions can indicate much about their underlying physiology.  Is your dog a hungry hound or a picky pet?;;;;;;;;;;;;;;;
65;DOG kicks or scratches the ground after defecating;NA;Likert;2;Never|Rarely|Sometimes|Often|Always;7;The Ins and Outs;While not always glamorous our pets' bodily functions can indicate much about their underlying physiology.  Is your dog a hungry hound or a picky pet?;;;;;;;;;;;;;;;
66;DOG lifts HIS leg to urinate;NA;Likert;2;Never|Rarely|Sometimes|Often|Always;7;The Ins and Outs;While not always glamorous our pets' bodily functions can indicate much about their underlying physiology.  Is your dog a hungry hound or a picky pet?;;;;;;;;;;;;;;;
67;DOG marks with feces;NA;Likert;2;Never|Rarely|Sometimes|Often|Always;7;The Ins and Outs;While not always glamorous our pets' bodily functions can indicate much about their underlying physiology.  Is your dog a hungry hound or a picky pet?;;;;;;;;;;;;;;;
68;DOG eats HIS own feces;NA;Likert;2;Never|Rarely|Sometimes|Often|Always;7;The Ins and Outs;While not always glamorous our pets' bodily functions can indicate much about their underlying physiology.  Is your dog a hungry hound or a picky pet?;;;;;;;;;;;;;;;
69;DOG shows submissive urination;NA;Likert;2;Never|Rarely|Sometimes|Often|Always;7;The Ins and Outs;While not always glamorous our pets' bodily functions can indicate much about their underlying physiology.  Is your dog a hungry hound or a picky pet?;;;;;;;;;;;;;;;
70;DOG drinks water quickly;NA;Likert;2;Never|Rarely|Sometimes|Often|Always;7;The Ins and Outs;While not always glamorous our pets' bodily functions can indicate much about their underlying physiology.  Is your dog a hungry hound or a picky pet?;;;;;;;;;;;;;;;
71;DOG behaves aggressively toward other dogs;DPQ;Likert;1;Strongly Agree|Agree|Neither Agree Nor Disagree|Disagree|Strongly Disagree;8;Socialization with Animals;How your dog interacts with other animals is a revealing of their nature as how well they get along with people.  But these two traits need not be related.  Some of our dogs are more comfortable with humans than among their four-legged fellows.  How does your dog interact with other animals?;;;;;;;;;;;;;;;
72;DOG willingly shares HIS toys with other dogs;DPQ;Likert;1;Strongly Agree|Agree|Neither Agree Nor Disagree|Disagree|Strongly Disagree;8;Socialization with Animals;How your dog interacts with other animals is a revealing of their nature as how well they get along with people.  But these two traits need not be related.  Some of our dogs are more comfortable with humans than among their four-legged fellows.  How does your dog interact with other animals?;;;;;;;;;;;;;;;
73;DOG is dominant over other dogs;DPQ;Likert;1;Strongly Agree|Agree|Neither Agree Nor Disagree|Disagree|Strongly Disagree;8;Socialization with Animals;How your dog interacts with other animals is a revealing of their nature as how well they get along with people.  But these two traits need not be related.  Some of our dogs are more comfortable with humans than among their four-legged fellows.  How does your dog interact with other animals?;;;;;;;;;;;;;;;
74;DOG avoids other dogs;DPQ;Likert;1;Strongly Agree|Agree|Neither Agree Nor Disagree|Disagree|Strongly Disagree;8;Socialization with Animals;How your dog interacts with other animals is a revealing of their nature as how well they get along with people.  But these two traits need not be related.  Some of our dogs are more comfortable with humans than among their four-legged fellows.  How does your dog interact with other animals?;;;;;;;;;;;;;;;
75;DOG is friendly towards other dogs;DPQ;Likert;1;Strongly Agree|Agree|Neither Agree Nor Disagree|Disagree|Strongly Disagree;8;Socialization with Animals;How your dog interacts with other animals is a revealing of their nature as how well they get along with people.  But these two traits need not be related.  Some of our dogs are more comfortable with humans than among their four-legged fellows.  How does your dog interact with other animals?;;;;;;;;;;;;;;;
76;DOG knows HE is a dog;NA;Likert;1;Strongly Agree|Agree|Neither Agree Nor Disagree|Disagree|Strongly Disagree;8;Socialization with Animals;How your dog interacts with other animals is a revealing of their nature as how well they get along with people.  But these two traits need not be related.  Some of our dogs are more comfortable with humans than among their four-legged fellows.  How does your dog interact with other animals?;;;;;;;;;;;;;;;
77;DOG behaves fearfully towards other dogs;DPQ;Likert;1;Strongly Agree|Agree|Neither Agree Nor Disagree|Disagree|Strongly Disagree;8;Socialization with Animals;How your dog interacts with other animals is a revealing of their nature as how well they get along with people.  But these two traits need not be related.  Some of our dogs are more comfortable with humans than among their four-legged fellows.  How does your dog interact with other animals?;;;;;;;;;;;;;;;
78;DOG behaves aggressively towards cats;DPQ;Likert;1;Strongly Agree|Agree|Neither Agree Nor Disagree|Disagree|Strongly Disagree;8;Socialization with Animals;How your dog interacts with other animals is a revealing of their nature as how well they get along with people.  But these two traits need not be related.  Some of our dogs are more comfortable with humans than among their four-legged fellows.  How does your dog interact with other animals?;;;;;;;;;;;;;;;
79;DOG is assertive or pushy with other dogs (e.g., if in a home with other dogs, when greeting);DPQ;Likert;1;Strongly Agree|Agree|Neither Agree Nor Disagree|Disagree|Strongly Disagree;8;Socialization with Animals;How your dog interacts with other animals is a revealing of their nature as how well they get along with people.  But these two traits need not be related.  Some of our dogs are more comfortable with humans than among their four-legged fellows.  How does your dog interact with other animals?;;;;;;;;;;;;;;;
80;DOG sometimes fails to recognize familiar people or pets;CCDR;Likert;1;Strongly Agree|Agree|Neither Agree Nor Disagree|Disagree|Strongly Disagree;8;Socialization with Animals;How your dog interacts with other animals is a revealing of their nature as how well they get along with people.  But these two traits need not be related.  Some of our dogs are more comfortable with humans than among their four-legged fellows.  How does your dog interact with other animals?;;;;;;;;;;;;;;;
81;DOG is very interested in and adapts easily to new things and new places;DIAS DPQ;Likert;1;Strongly Agree|Agree|Neither Agree Nor Disagree|Disagree|Strongly Disagree;9;Coping with the Unfamiliar;Every day our dogs are confronted with novel stimuli.  How does your dog adapt to the changes of our modern world?;;;;;;;;;;;;;;;
82;DOG exhibits fearful behaviors when HE is restrained;DPQ;Likert;1;Strongly Agree|Agree|Neither Agree Nor Disagree|Disagree|Strongly Disagree;9;Coping with the Unfamiliar;Every day our dogs are confronted with novel stimuli.  How does your dog adapt to the changes of our modern world?;;;;;;;;;;;;;;;
83;DOG behaves fearfully when groomed (e.g., nails trimmed, brushed, bathed, ears cleaned);DPQ;Likert;1;Strongly Agree|Agree|Neither Agree Nor Disagree|Disagree|Strongly Disagree;9;Coping with the Unfamiliar;Every day our dogs are confronted with novel stimuli.  How does your dog adapt to the changes of our modern world?;;;;;;;;;;;;;;;
84;DOG is not keen to go into new situations;DIAS;Likert;1;Strongly Agree|Agree|Neither Agree Nor Disagree|Disagree|Strongly Disagree;9;Coping with the Unfamiliar;Every day our dogs are confronted with novel stimuli.  How does your dog adapt to the changes of our modern world?;;;;;;;;;;;;;;;
85;DOG behaves aggressively during visits to the veterinarian;DPQ;Likert;1;Strongly Agree|Agree|Neither Agree Nor Disagree|Disagree|Strongly Disagree;9;Coping with the Unfamiliar;Every day our dogs are confronted with novel stimuli.  How does your dog adapt to the changes of our modern world?;;;;;;;;;;;;;;;
86;DOG is highly sensitive to noise;NA;Likert;1;Strongly Agree|Agree|Neither Agree Nor Disagree|Disagree|Strongly Disagree;9;Coping with the Unfamiliar;Every day our dogs are confronted with novel stimuli.  How does your dog adapt to the changes of our modern world?;;;;;;;;;;;;;;;
87;DOG shows aggression when nervous or fearful;DPQ;Likert;1;Strongly Agree|Agree|Neither Agree Nor Disagree|Disagree|Strongly Disagree;9;Coping with the Unfamiliar;Every day our dogs are confronted with novel stimuli.  How does your dog adapt to the changes of our modern world?;;;;;;;;;;;;;;;
88;DOG behaves fearfully during visits to the veterinarian;DPQ;Likert;1;Strongly Agree|Agree|Neither Agree Nor Disagree|Disagree|Strongly Disagree;9;Coping with the Unfamiliar;Every day our dogs are confronted with novel stimuli.  How does your dog adapt to the changes of our modern world?;;;;;;;;;;;;;;;
89;DOG takes a long time to lose interest in new things;DIAS;Likert;1;Strongly Agree|Agree|Neither Agree Nor Disagree|Disagree|Strongly Disagree;9;Coping with the Unfamiliar;Every day our dogs are confronted with novel stimuli.  How does your dog adapt to the changes of our modern world?;;;;;;;;;;;;;;;
90;DOG is afraid of storms;NA;Likert;1;Strongly Agree|Agree|Neither Agree Nor Disagree|Disagree|Strongly Disagree;9;Coping with the Unfamiliar;Every day our dogs are confronted with novel stimuli.  How does your dog adapt to the changes of our modern world?;;;;;;;;;;;;;;;
91;DOG behaves submissively (e.g., rolls over, avoids eye contact, licks HIS lips) when greeting other dogs;DPQ;Likert;1;Strongly Agree|Agree|Neither Agree Nor Disagree|Disagree|Strongly Disagree;10;Body Language;Many of us may miss much of our dogs' most natural form of communication.  Take a moment to reflect on your dog's body language.  What can their subtler movements indicate about their temperament?;;;;;;;;;;;;;;;
92;DOG rests frog style;NA;Likert;2;Never|Rarely|Sometimes|Often|Always;10;Body Language;Many of us may miss much of our dogs' most natural form of communication.  Take a moment to reflect on your dog's body language.  What can their subtler movements indicate about their temperament?;;;;;;;;;;;;;;;
93;DOG paces up and down, walks in circles and/or wanders with no direction or purpose;CCDR;Likert;1;Strongly Agree|Agree|Neither Agree Nor Disagree|Disagree|Strongly Disagree;10;Body Language;Many of us may miss much of our dogs' most natural form of communication.  Take a moment to reflect on your dog's body language.  What can their subtler movements indicate about their temperament?;;;;;;;;;;;;;;;
94;DOG pants frequently, even at rest;CHQLS;Likert;1;Strongly Agree|Agree|Neither Agree Nor Disagree|Disagree|Strongly Disagree;10;Body Language;Many of us may miss much of our dogs' most natural form of communication.  Take a moment to reflect on your dog's body language.  What can their subtler movements indicate about their temperament?;;;;;;;;;;;;;;;
95;DOG stares blankly at the walls or floor;CCDR;Likert;2;Never|Rarely|Sometimes|Often|Always;10;Body Language;Many of us may miss much of our dogs' most natural form of communication.  Take a moment to reflect on your dog's body language.  What can their subtler movements indicate about their temperament?;;;;;;;;;;;;;;;
96;DOG tilts HIS head;NA;Likert;2;Never|Rarely|Sometimes|Often|Always;10;Body Language;Many of us may miss much of our dogs' most natural form of communication.  Take a moment to reflect on your dog's body language.  What can their subtler movements indicate about their temperament?;;;;;;;;;;;;;;;
97;DOG shakes or trembles occasionally;CHQLS;Likert;1;Strongly Agree|Agree|Neither Agree Nor Disagree|Disagree|Strongly Disagree;10;Body Language;Many of us may miss much of our dogs' most natural form of communication.  Take a moment to reflect on your dog's body language.  What can their subtler movements indicate about their temperament?;;;;;;;;;;;;;;;
98;DOG crosses HIS front paws;NA;Likert;2;Never|Rarely|Sometimes|Often|Always;10;Body Language;Many of us may miss much of our dogs' most natural form of communication.  Take a moment to reflect on your dog's body language.  What can their subtler movements indicate about their temperament?;;;;;;;;;;;;;;;
99;DOG shows handedness or side-preference;NA;Likert;2;Never|Rarely|Sometimes|Often|Always;10;Body Language;Many of us may miss much of our dogs' most natural form of communication.  Take a moment to reflect on your dog's body language.  What can their subtler movements indicate about their temperament?;;;;;;;;;;;;;;;
100;DOG places HIS paw on my or other people's feet;NA;Likert;2;Never|Rarely|Sometimes|Often|Always;10;Body Language;Many of us may miss much of our dogs' most natural form of communication.  Take a moment to reflect on your dog's body language.  What can their subtler movements indicate about their temperament?;;;;;;;;;;;;;;;
101;DOG is lethargic;DPQ;Likert;1;Strongly Agree|Agree|Neither Agree Nor Disagree|Disagree|Strongly Disagree;11;Attitude;Sometimes the best way to learn about a dogs temperament is simply to ask.  Let us know how the following characteristics fit your dog.;;;;;;;;;;;;;;;
102;DOG is confident;DPQ;Likert;1;Strongly Agree|Agree|Neither Agree Nor Disagree|Disagree|Strongly Disagree;11;Attitude;Sometimes the best way to learn about a dogs temperament is simply to ask.  Let us know how the following characteristics fit your dog.;;;;;;;;;;;;;;;
103;DOG seems dull or depressed, not alert;CHQLS;Likert;1;Strongly Agree|Agree|Neither Agree Nor Disagree|Disagree|Strongly Disagree;11;Attitude;Sometimes the best way to learn about a dogs temperament is simply to ask.  Let us know how the following characteristics fit your dog.;;;;;;;;;;;;;;;
104;DOG is anxious;DPQ;Likert;1;Strongly Agree|Agree|Neither Agree Nor Disagree|Disagree|Strongly Disagree;11;Attitude;Sometimes the best way to learn about a dogs temperament is simply to ask.  Let us know how the following characteristics fit your dog.;;;;;;;;;;;;;;;
105;DOG is considered to be very impulsive;DIAS;Likert;1;Strongly Agree|Agree|Neither Agree Nor Disagree|Disagree|Strongly Disagree;11;Attitude;Sometimes the best way to learn about a dogs temperament is simply to ask.  Let us know how the following characteristics fit your dog.;;;;;;;;;;;;;;;
106;DOG is curious;DPQ;Likert;1;Strongly Agree|Agree|Neither Agree Nor Disagree|Disagree|Strongly Disagree;11;Attitude;Sometimes the best way to learn about a dogs temperament is simply to ask.  Let us know how the following characteristics fit your dog.;;;;;;;;;;;;;;;
107;DOG is affectionate;DPQ;Likert;1;Strongly Agree|Agree|Neither Agree Nor Disagree|Disagree|Strongly Disagree;11;Attitude;Sometimes the best way to learn about a dogs temperament is simply to ask.  Let us know how the following characteristics fit your dog.;;;;;;;;;;;;;;;
108;DOG tends to be calm;DPQ;Likert;1;Strongly Agree|Agree|Neither Agree Nor Disagree|Disagree|Strongly Disagree;11;Attitude;Sometimes the best way to learn about a dogs temperament is simply to ask.  Let us know how the following characteristics fit your dog.;;;;;;;;;;;;;;;
109;DOG is aloof;DPQ;Likert;1;Strongly Agree|Agree|Neither Agree Nor Disagree|Disagree|Strongly Disagree;11;Attitude;Sometimes the best way to learn about a dogs temperament is simply to ask.  Let us know how the following characteristics fit your dog.;;;;;;;;;;;;;;;
110;DOG has more good days than bad days;CHQLS;Likert;1;Strongly Agree|Agree|Neither Agree Nor Disagree|Disagree|Strongly Disagree;11;Attitude;Sometimes the best way to learn about a dogs temperament is simply to ask.  Let us know how the following characteristics fit your dog.;;;;;;;;;;;;;;;
111;How many hours per day, on average, is DOG...;NA;MultiNumeric;5;In a kennel or crate|In the house (not kenneled or crated)|In a fenced yard|On a long line or chain in a yard|Allowed to freely leave the property|In a closed room or large kennel run|Alone (may overlap with any of the above categories);12;Environment;Please tell us a bit about your dog's environment.;;;;;;;;;;;;;;;
112;Per week, how many hours on average does DOG spend...;NA;MultiNumeric;6;On walks in HIS own neighborhood|In other locations (with you on errands, etc.)|In parks / dog parks|Exercising (may overlap with some of the above categories);12;Environment;Please tell us a bit about your dog's environment.;;;;;;;;;;;;;;;
113;Where does DOG sleep at night?;NA;Choices;7;Family member's room|DOG has HIS own room|Indoor crate / kennel|Garage|Outside|Other;12;Environment;Please tell us a bit about your dog's environment.;;;;;;;;;;;;;;;
114;Please list the age of each person living in the household.;NA;Text;3;NA;12;Environment;Please tell us a bit about your dog's environment.;;;;;;;;;;;;;;;
115;Please list any other pets or animals in the same household.  For each, please provide a species or breed followed by the calendar year that they joined the household.;NA;Text;3;NA;12;Environment;Please tell us a bit about your dog's environment.;;;;;;;;;;;;;;;
116;What year did you get DOG?;NA;Numeric;4;NA;12;Environment;Please tell us a bit about your dog's environment.;;;;;;;;;;;;;;;
117;Where did you get DOG?;NA;Choices;8;Breeder|Shelter|Rescue|Other;12;Environment;Please tell us a bit about your dog's environment.;;;;;;;;;;;;;;;
118;What do you feed DOG?;NA;Text;3;NA;12;Environment;Please tell us a bit about your dog's environment.;;;;;;;;;;;;;;;
119;Please list any medications that DOG regularly receives.;NA;Text;3;NA;12;Environment;Please tell us a bit about your dog's environment.;;;;;;;;;;;;;;;
120;Has DOG had any formal training? (check all that apply);NA;MultiChoices;9;Basic obedience|Intermediate / advanced obedience|Agility|Scent work (detection, tracking, trailing)|Schutzhund|Other;12;Environment;Please tell us a bit about your dog's environment.;;;;;;;;;;;;;;;
121;When DOG is standing next to someone of average height, how high are HIS shoulders?;NA;Choices;10;Ankle high or shorter|Calf high|Knee high|Thigh high|Hip high or higher;13;Physical Traits;Please tell us about your dog's physical characteristics.  You will need your dog present for some questions in this survey.  You may leave this survey and return to it later as needed.;;;;;;;;;;;;;;;
122;What color is DOG?  Select all that apply.;NA;MultiChoices;11;White|Red (from pale peach to dark red or liver colored)|Yellow (from pale cream to orange, gold, fawn, or wheaten)|Gray (slate, blue gray, charchoal, or silver)|Chocolate brown|Pure black|Merle|Brindle;13;Physical Traits;Please tell us about your dog's physical characteristics.  You will need your dog present for some questions in this survey.  You may leave this survey and return to it later as needed.;;;;;;;;;;;;;;;
123;How much white fur does DOG have? Select the image with the closest amount of white.;NA;Choices;12;One|Two|Three|Four|Five|Six;13;Physical Traits;Please tell us about your dog's physical characteristics.  You will need your dog present for some questions in this survey.  You may leave this survey and return to it later as needed.;;;;;;;;;;;;;;;
124;Is DOG's tail curly?;NA;Choices;13;No|Yes|I don't know;13;Physical Traits;Please tell us about your dog's physical characteristics.  You will need your dog present for some questions in this survey.  You may leave this survey and return to it later as needed.;;;;;;;;;;;;;;;
125;What is DOG's ear shape? Select the image with the closest ear shape.;NA;Choices;12;One|Two|Three|Four|Five|Six;13;Physical Traits;Please tell us about your dog's physical characteristics.  You will need your dog present for some questions in this survey.  You may leave this survey and return to it later as needed.;;;;;;;;;;;;;;;
126;Are DOG's eyes different colors?;NA;Choices;13;No|Yes|I don't know;13;Physical Traits;Please tell us about your dog's physical characteristics.  You will need your dog present for some questions in this survey.  You may leave this survey and return to it later as needed.;;;;;;;;;;;;;;;
127;How long is DOG's fur on HIS back and sides?  Measure it against your finger.;NA;Choices;14;Short|Medium|Long|I'm not sure;13;Physical Traits;Please tell us about your dog's physical characteristics.  You will need your dog present for some questions in this survey.  You may leave this survey and return to it later as needed.;;;;;;;;;;;;;;;
128;Does DOG have soft fur or rough and bristly fur?;NA;Choices;15;Soft|Rough (wiry)|I'm not sure;13;Physical Traits;Please tell us about your dog's physical characteristics.  You will need your dog present for some questions in this survey.  You may leave this survey and return to it later as needed.;;;;;;;;;;;;;;;
129;Please take a photo of DOG from the front against a white or light colored background.;NA;Image;16;NA;14;holding;This is a placeholder for unused questions.  If you are seeing this, please report this as an error to info@darwinsdogs.org;;;;;;;;;;;;;;;
130;Please take a photo of DOG from the side against a white or light colored background.;NA;Image;16;NA;14;holding;This is a placeholder for unused questions.  If you are seeing this, please report this as an error to info@darwinsdogs.org;;;;;;;;;;;;;;;
144;How much time in a normal day does DOG spend digging (actual digging)?;NA;Choices;17;None|Less than 30 min|30 min - 1 hr|1 - 2 hr|2 - 3 hr|3 - 5 hr|5+ hr;16;Canine Eccentricities;Just as we each have our own eccentricities, many dogs - even perfectly healthy dogs - have some repetitive behaviors that may strike us as odd.  For each of the following questions please indicate the amount of time spent engaging in the behavior described, and describe a typical occurrence of the behavior in the comments if applicable.  Some dogs may not engage in any of these behaviors - in that case feel free to enter 0 for any or all questions.;;;;;;;;;;;;;;;
145;How much time in a normal day does DOG spend false digging (scratching at floor/carpet/etc)?;NA;Choices;17;None|Less than 30 min|30 min - 1 hr|1 - 2 hr|2 - 3 hr|3 - 5 hr|5+ hr;16;Canine Eccentricities;Just as we each have our own eccentricities, many dogs - even perfectly healthy dogs - have some repetitive behaviors that may strike us as odd.  For each of the following questions please indicate the amount of time spent engaging in the behavior described, and describe a typical occurrence of the behavior in the comments if applicable.  Some dogs may not engage in any of these behaviors - in that case feel free to enter 0 for any or all questions.;;;;;;;;;;;;;;;
146;How much time in a normal day does DOG spend chasing HIS tail, or circling?;NA;Choices;17;None|Less than 30 min|30 min - 1 hr|1 - 2 hr|2 - 3 hr|3 - 5 hr|5+ hr;16;Canine Eccentricities;Just as we each have our own eccentricities, many dogs - even perfectly healthy dogs - have some repetitive behaviors that may strike us as odd.  For each of the following questions please indicate the amount of time spent engaging in the behavior described, and describe a typical occurrence of the behavior in the comments if applicable.  Some dogs may not engage in any of these behaviors - in that case feel free to enter 0 for any or all questions.;;;;;;;;;;;;;;;
147;"How much time in a normal day does DOG spend catching ""invisible flies""?";NA;Choices;17;None|Less than 30 min|30 min - 1 hr|1 - 2 hr|2 - 3 hr|3 - 5 hr|5+ hr;16;Canine Eccentricities;Just as we each have our own eccentricities, many dogs - even perfectly healthy dogs - have some repetitive behaviors that may strike us as odd.  For each of the following questions please indicate the amount of time spent engaging in the behavior described, and describe a typical occurrence of the behavior in the comments if applicable.  Some dogs may not engage in any of these behaviors - in that case feel free to enter 0 for any or all questions.;;;;;;;;;;;;;;;
148;How much time in a normal day does DOG spend licking, chewing, or sucking on themself?;NA;Choices;17;None|Less than 30 min|30 min - 1 hr|1 - 2 hr|2 - 3 hr|3 - 5 hr|5+ hr;16;Canine Eccentricities;Just as we each have our own eccentricities, many dogs - even perfectly healthy dogs - have some repetitive behaviors that may strike us as odd.  For each of the following questions please indicate the amount of time spent engaging in the behavior described, and describe a typical occurrence of the behavior in the comments if applicable.  Some dogs may not engage in any of these behaviors - in that case feel free to enter 0 for any or all questions.;;;;;;;;;;;;;;;
149;How much time in a normal day does DOG spend licking, chewing, or sucking on toys, people, or other pets?;NA;Choices;17;None|Less than 30 min|30 min - 1 hr|1 - 2 hr|2 - 3 hr|3 - 5 hr|5+ hr;16;Canine Eccentricities;Just as we each have our own eccentricities, many dogs - even perfectly healthy dogs - have some repetitive behaviors that may strike us as odd.  For each of the following questions please indicate the amount of time spent engaging in the behavior described, and describe a typical occurrence of the behavior in the comments if applicable.  Some dogs may not engage in any of these behaviors - in that case feel free to enter 0 for any or all questions.;;;;;;;;;;;;;;;
150;How much time in a normal day does DOG spend showing trance-like behaviour?;NA;Choices;17;None|Less than 30 min|30 min - 1 hr|1 - 2 hr|2 - 3 hr|3 - 5 hr|5+ hr;16;Canine Eccentricities;Just as we each have our own eccentricities, many dogs - even perfectly healthy dogs - have some repetitive behaviors that may strike us as odd.  For each of the following questions please indicate the amount of time spent engaging in the behavior described, and describe a typical occurrence of the behavior in the comments if applicable.  Some dogs may not engage in any of these behaviors - in that case feel free to enter 0 for any or all questions.;;;;;;;;;;;;;;;
151;How much time in a normal day does DOG spend licking floors?;NA;Choices;17;None|Less than 30 min|30 min - 1 hr|1 - 2 hr|2 - 3 hr|3 - 5 hr|5+ hr;16;Canine Eccentricities;Just as we each have our own eccentricities, many dogs - even perfectly healthy dogs - have some repetitive behaviors that may strike us as odd.  For each of the following questions please indicate the amount of time spent engaging in the behavior described, and describe a typical occurrence of the behavior in the comments if applicable.  Some dogs may not engage in any of these behaviors - in that case feel free to enter 0 for any or all questions.;;;;;;;;;;;;;;;
152;How much time in a normal day does DOG spend chasing lights or reflections?;NA;Choices;17;None|Less than 30 min|30 min - 1 hr|1 - 2 hr|2 - 3 hr|3 - 5 hr|5+ hr;16;Canine Eccentricities;Just as we each have our own eccentricities, many dogs - even perfectly healthy dogs - have some repetitive behaviors that may strike us as odd.  For each of the following questions please indicate the amount of time spent engaging in the behavior described, and describe a typical occurrence of the behavior in the comments if applicable.  Some dogs may not engage in any of these behaviors - in that case feel free to enter 0 for any or all questions.;;;;;;;;;;;;;;;
153;It can be difficult to get DOG's attention when HE is engaged in a repetitive behavior.;NA;Likert;1;Strongly Agree|Agree|Neither Agree Nor Disagree|Disagree|Strongly Disagree;16;Canine Eccentricities;Just as we each have our own eccentricities, many dogs - even perfectly healthy dogs - have some repetitive behaviors that may strike us as odd.  For each of the following questions please indicate the amount of time spent engaging in the behavior described, and describe a typical occurrence of the behavior in the comments if applicable.  Some dogs may not engage in any of these behaviors - in that case feel free to enter 0 for any or all questions.;;;;;;;;;;;;;;;
154;It can be difficult to interrupt DOG when HE is engaged in a repetitive behavior.;NA;Likert;1;Strongly Agree|Agree|Neither Agree Nor Disagree|Disagree|Strongly Disagree;16;Canine Eccentricities;Just as we each have our own eccentricities, many dogs - even perfectly healthy dogs - have some repetitive behaviors that may strike us as odd.  For each of the following questions please indicate the amount of time spent engaging in the behavior described, and describe a typical occurrence of the behavior in the comments if applicable.  Some dogs may not engage in any of these behaviors - in that case feel free to enter 0 for any or all questions.;;;;;;;;;;;;;;;
155;One or more repetitive behaviors interfere with DOG's life.;NA;Likert;2;Never|Rarely|Sometimes|Often|Always;16;Canine Eccentricities;Just as we each have our own eccentricities, many dogs - even perfectly healthy dogs - have some repetitive behaviors that may strike us as odd.  For each of the following questions please indicate the amount of time spent engaging in the behavior described, and describe a typical occurrence of the behavior in the comments if applicable.  Some dogs may not engage in any of these behaviors - in that case feel free to enter 0 for any or all questions.;;;;;;;;;;;;;;;
165;DOG Displays friendly tail wagging when greeting an unfamiliar person;CDTT;Likert;1;Strongly Agree|Agree|Neither Agree Nor Disagree|Disagree|Strongly Disagree;17;Socialization with Humans II;Proper socialization is invaluable for our dogs &mdash;;;;;;;;;;;;;;;" but there is a wide array of healthy expressions of sociability for dogs from the chipper pup that must greet everyone to the discerning dog who carefully appraises each new person they meet.  Is your dog the life of every party, or a meticulous judge of character?"""
166;DOG accepts being petted by an unfamiliar person;CDTT;Likert;1;Strongly Agree|Agree|Neither Agree Nor Disagree|Disagree|Strongly Disagree;17;Socialization with Humans II;Proper socialization is invaluable for our dogs &mdash;;;;;;;;;;;;;;;" but there is a wide array of healthy expressions of sociability for dogs from the chipper pup that must greet everyone to the discerning dog who carefully appraises each new person they meet.  Is your dog the life of every party, or a meticulous judge of character?"""
167;DOG tucks tail between legs and/or flattens ears when approached by an unfamiliar person;CDTT;Likert;1;Strongly Agree|Agree|Neither Agree Nor Disagree|Disagree|Strongly Disagree;17;Socialization with Humans II;Proper socialization is invaluable for our dogs &mdash;;;;;;;;;;;;;;;" but there is a wide array of healthy expressions of sociability for dogs from the chipper pup that must greet everyone to the discerning dog who carefully appraises each new person they meet.  Is your dog the life of every party, or a meticulous judge of character?"""
168;DOG is gentle with small children;CDTT;Likert;1;Strongly Agree|Agree|Neither Agree Nor Disagree|Disagree|Strongly Disagree;17;Socialization with Humans II;Proper socialization is invaluable for our dogs &mdash;;;;;;;;;;;;;;;" but there is a wide array of healthy expressions of sociability for dogs from the chipper pup that must greet everyone to the discerning dog who carefully appraises each new person they meet.  Is your dog the life of every party, or a meticulous judge of character?"""
169;DOG is bold.;DPQL;Likert;1;Strongly Agree|Agree|Neither Agree Nor Disagree|Disagree|Strongly Disagree;17;Socialization with Humans II;Proper socialization is invaluable for our dogs &mdash;;;;;;;;;;;;;;;" but there is a wide array of healthy expressions of sociability for dogs from the chipper pup that must greet everyone to the discerning dog who carefully appraises each new person they meet.  Is your dog the life of every party, or a meticulous judge of character?"""
170;DOG avoids or is fearful of unfamiliar adults;CDTT;Likert;1;Strongly Agree|Agree|Neither Agree Nor Disagree|Disagree|Strongly Disagree;17;Socialization with Humans II;Proper socialization is invaluable for our dogs &mdash;;;;;;;;;;;;;;;" but there is a wide array of healthy expressions of sociability for dogs from the chipper pup that must greet everyone to the discerning dog who carefully appraises each new person they meet.  Is your dog the life of every party, or a meticulous judge of character?"""
171;DOG avoids or is fearful of unfamiliar children;CDTT;Likert;1;Strongly Agree|Agree|Neither Agree Nor Disagree|Disagree|Strongly Disagree;17;Socialization with Humans II;Proper socialization is invaluable for our dogs &mdash;;;;;;;;;;;;;;;" but there is a wide array of healthy expressions of sociability for dogs from the chipper pup that must greet everyone to the discerning dog who carefully appraises each new person they meet.  Is your dog the life of every party, or a meticulous judge of character?"""
172;DOG is easily startled by unexpected contact with objects (e.g., tripping, brushing against a door frame ).;DPQL;Likert;1;Strongly Agree|Agree|Neither Agree Nor Disagree|Disagree|Strongly Disagree;17;Socialization with Humans II;Proper socialization is invaluable for our dogs &mdash;;;;;;;;;;;;;;;" but there is a wide array of healthy expressions of sociability for dogs from the chipper pup that must greet everyone to the discerning dog who carefully appraises each new person they meet.  Is your dog the life of every party, or a meticulous judge of character?"""
173;DOG is quick to recover after being startled or frightened.;DPQL;Likert;1;Strongly Agree|Agree|Neither Agree Nor Disagree|Disagree|Strongly Disagree;17;Socialization with Humans II;Proper socialization is invaluable for our dogs &mdash;;;;;;;;;;;;;;;" but there is a wide array of healthy expressions of sociability for dogs from the chipper pup that must greet everyone to the discerning dog who carefully appraises each new person they meet.  Is your dog the life of every party, or a meticulous judge of character?"""
174;DOG is nervous around people with certain characteristics (beards, hats, sunglasses, bald, tall );NA;Likert;1;Strongly Agree|Agree|Neither Agree Nor Disagree|Disagree|Strongly Disagree;17;Socialization with Humans II;Proper socialization is invaluable for our dogs &mdash;;;;;;;;;;;;;;;" but there is a wide array of healthy expressions of sociability for dogs from the chipper pup that must greet everyone to the discerning dog who carefully appraises each new person they meet.  Is your dog the life of every party, or a meticulous judge of character?"""
175;DOG is nervous around people in certain environments (while in car or with workers in home, etc. );NA;Likert;1;Strongly Agree|Agree|Neither Agree Nor Disagree|Disagree|Strongly Disagree;17;Socialization with Humans II;Proper socialization is invaluable for our dogs &mdash;;;;;;;;;;;;;;;" but there is a wide array of healthy expressions of sociability for dogs from the chipper pup that must greet everyone to the discerning dog who carefully appraises each new person they meet.  Is your dog the life of every party, or a meticulous judge of character?"""
176;What do you feed DOG (brand of dog food, table scraps etc.)?;Allergy;Text;3;NA;15;A Dog's Breakfast;Dogs can be sensitive to certain foods, just like people, but they can’t always tell us how they’re feeling. Please tell us about symptoms your dog has experienced that might be related to food sensitivities.;;;;;;;;;;;;;;;
177;Has DOG ever been diagnosed with, and/or treated for a food allergy?;Allergy;Choices;13;No|Yes|I don't know;15;A Dog's Breakfast;Dogs can be sensitive to certain foods, just like people, but they can’t always tell us how they’re feeling. Please tell us about symptoms your dog has experienced that might be related to food sensitivities.;;;;;;;;;;;;;;;
178;Do you suspect DOG has a food allergy?;Allergy;Choices;13;No|Yes|I don't know;15;A Dog's Breakfast;Dogs can be sensitive to certain foods, just like people, but they can’t always tell us how they’re feeling. Please tell us about symptoms your dog has experienced that might be related to food sensitivities.;;;;;;;;;;;;;;;
179;Has DOG ever been prescribed or provided with an epi-pen or manual injector for epinephrine?;Allergy;Choices;13;No|Yes|I don't know;15;A Dog's Breakfast;Dogs can be sensitive to certain foods, just like people, but they can’t always tell us how they’re feeling. Please tell us about symptoms your dog has experienced that might be related to food sensitivities.;;;;;;;;;;;;;;;
180;How many bowel movements does DOG have on an average day?;Allergy;Choices;19;0 - 1|1 - 2|3 - 4|4+;15;A Dog's Breakfast;Dogs can be sensitive to certain foods, just like people, but they can’t always tell us how they’re feeling. Please tell us about symptoms your dog has experienced that might be related to food sensitivities.;;;;;;;;;;;;;;;
181;DOG is prone to itchy ears, inflammation in the ears, and/or ear infections;Allergy;Likert;1;Strongly Agree|Agree|Neither Agree Nor Disagree|Disagree|Strongly Disagree;15;A Dog's Breakfast;Dogs can be sensitive to certain foods, just like people, but they can’t always tell us how they’re feeling. Please tell us about symptoms your dog has experienced that might be related to food sensitivities.;;;;;;;;;;;;;;;
182;DOG vomits or attempts to vomit;Allergy;Choices;20;Rarely|Once a month|Once a week|Once a day or more;15;A Dog's Breakfast;Dogs can be sensitive to certain foods, just like people, but they can’t always tell us how they’re feeling. Please tell us about symptoms your dog has experienced that might be related to food sensitivities.;;;;;;;;;;;;;;;
183;Please list any foods that you avoid giving DOG because they make HIM sick.;Allergy;Text;3;NA;15;A Dog's Breakfast;Dogs can be sensitive to certain foods, just like people, but they can’t always tell us how they’re feeling. Please tell us about symptoms your dog has experienced that might be related to food sensitivities.;;;;;;;;;;;;;;;
184;DOG seems to have an upset stomach;Allergy;Choices;20;Rarely|Once a month|Once a week|Once a day or more;15;A Dog's Breakfast;Dogs can be sensitive to certain foods, just like people, but they can’t always tell us how they’re feeling. Please tell us about symptoms your dog has experienced that might be related to food sensitivities.;;;;;;;;;;;;;;;
185;DOG has itchy skin around HIS face and/or paws;Allergy;Choices;23;Never|Rarely|Only in the spring/summer|Only in the fall/winter|Often, through all four seasons|Always, through all four seasons;15;A Dog's Breakfast;Dogs can be sensitive to certain foods, just like people, but they can’t always tell us how they’re feeling. Please tell us about symptoms your dog has experienced that might be related to food sensitivities.;;;;;;;;;;;;;;;
186;Where does DOG sleep at night?;Allergy;MultiChoices;24;Shares bed with family member|Family member's room (not sharing bed)|DOG has HIS own room|Indoor crate / kennel|Garage|Outside|Other;18;Environment II;Please tell us a bit more about your dog's environment.;;;;;;;;;;;;;;;
187;Please list any foods that your family avoids (meat, fish, dairy etc.);Allergy;Text;3;NA;18;Environment II;Please tell us a bit more about your dog's environment.;;;;;;;;;;;;;;;
188;How many hours per day, on average, is DOG inside the home?;Allergy;Choices;21;None|Less than 1 hr|1 - 5 hrs|5 - 10 hrs|10 - 15 hrs|15+ hrs;18;Environment II;Please tell us a bit more about your dog's environment.;;;;;;;;;;;;;;;
189;Please list any other pets or animals in the same household.  For each, please provide a species or breed followed by the calendar year that they joined the household.;Allergy;Text;3;NA;18;Environment II;Please tell us a bit more about your dog's environment.;;;;;;;;;;;;;;;
190;Is there evidence of mouse infestation in the home (e.g. mice, mouse droppings)?;Allergy;Choices;13;No|Yes|I don't know;18;Environment II;Please tell us a bit more about your dog's environment.;;;;;;;;;;;;;;;
191;Is there evidence of mold or mildew in the home?;Allergy;Choices;13;No|Yes|I don't know;18;Environment II;Please tell us a bit more about your dog's environment.;;;;;;;;;;;;;;;
192;Is your home air conditioned in the summer?;Allergy;Choices;13;No|Yes|I don't know;18;Environment II;Please tell us a bit more about your dog's environment.;;;;;;;;;;;;;;;
193;Is there exposure in the home to cigarette smoke?;Allergy;Choices;13;No|Yes|I don't know;18;Environment II;Please tell us a bit more about your dog's environment.;;;;;;;;;;;;;;;
194;DOG is bitten by fleas and/or ticks;Allergy;Likert;2;Never|Rarely|Sometimes|Often|Always;18;Environment II;Please tell us a bit more about your dog's environment.;;;;;;;;;;;;;;;
195;DOG likes to carry objects (ball, toy, stick) in HIS mouth;Allergy;Likert;2;Never|Rarely|Sometimes|Often|Always;18;Environment II;Please tell us a bit more about your dog's environment.;;;;;;;;;;;;;;;
196;DOG inspects unfamiliar foods before deciding whether to eat them;Allergy;Likert;1;Strongly Agree|Agree|Neither Agree Nor Disagree|Disagree|Strongly Disagree;19;Canine Connoisseurs;Some of our dogs will eat anything while others may be quite picky. Is your dog a gluttonous gobbler or a canine connoisseur?;;;;;;;;;;;;;;;
197;What percent of DOG's diet is human food?;Allergy;Choices;22;0%|1-5%|5-25%|25-50%|50-75%|75-100%;19;Canine Connoisseurs;Some of our dogs will eat anything while others may be quite picky. Is your dog a gluttonous gobbler or a canine connoisseur?;;;;;;;;;;;;;;;
198;DOG is choosy about what HE eats;Allergy;Likert;1;Strongly Agree|Agree|Neither Agree Nor Disagree|Disagree|Strongly Disagree;19;Canine Connoisseurs;Some of our dogs will eat anything while others may be quite picky. Is your dog a gluttonous gobbler or a canine connoisseur?;;;;;;;;;;;;;;;
199;DOG seems to be hungry all the time;Allergy;Likert;1;Strongly Agree|Agree|Neither Agree Nor Disagree|Disagree|Strongly Disagree;19;Canine Connoisseurs;Some of our dogs will eat anything while others may be quite picky. Is your dog a gluttonous gobbler or a canine connoisseur?;;;;;;;;;;;;;;;
200;DOG attempts to eat non-food items (e.g., feces, stones, sticks);Allergy;Likert;2;Never|Rarely|Sometimes|Often|Always;19;Canine Connoisseurs;Some of our dogs will eat anything while others may be quite picky. Is your dog a gluttonous gobbler or a canine connoisseur?;;;;;;;;;;;;;;;
201;DOG finishes HIS food immediately after being fed;Allergy;Likert;1;Strongly Agree|Agree|Neither Agree Nor Disagree|Disagree|Strongly Disagree;19;Canine Connoisseurs;Some of our dogs will eat anything while others may be quite picky. Is your dog a gluttonous gobbler or a canine connoisseur?;;;;;;;;;;;;;;;
202;DOG refuses to eat certain types of dog food or treats;Allergy;Likert;1;Strongly Agree|Agree|Neither Agree Nor Disagree|Disagree|Strongly Disagree;19;Canine Connoisseurs;Some of our dogs will eat anything while others may be quite picky. Is your dog a gluttonous gobbler or a canine connoisseur?;;;;;;;;;;;;;;;
203;DOG refuses to eat certain human foods that other dogs enjoy;Allergy;Likert;1;Strongly Agree|Agree|Neither Agree Nor Disagree|Disagree|Strongly Disagree;19;Canine Connoisseurs;Some of our dogs will eat anything while others may be quite picky. Is your dog a gluttonous gobbler or a canine connoisseur?;;;;;;;;;;;;;;;
204;DOG continues to seek out foods that have made HIM vomit in the past;Allergy;Likert;1;Strongly Agree|Agree|Neither Agree Nor Disagree|Disagree|Strongly Disagree;19;Canine Connoisseurs;Some of our dogs will eat anything while others may be quite picky. Is your dog a gluttonous gobbler or a canine connoisseur?;;;;;;;;;;;;;;;
205;Has DOG ever been diagnosed with or suspected of anosmia/ageusia (inability to smell/taste)?;Allergy;Choices;13;No|Yes|I don't know;19;Canine Connoisseurs;Some of our dogs will eat anything while others may be quite picky. Is your dog a gluttonous gobbler or a canine connoisseur?;;;;;;;;;;;;;;;
206;DOG gets excited when there is food around;DORA;Likert;2;Never|Rarely|Sometimes|Often|Always;20;Furry Foodies;Our dog's ancestors likely scavenged leftover food from their human neighbors. Does your dog come to the table for the family meal?;;;;;;;;;;;;;;;
207;DOG gets human leftovers in HIS food bowl;DORA;Likert;2;Never|Rarely|Sometimes|Often|Always;20;Furry Foodies;Our dog's ancestors likely scavenged leftover food from their human neighbors. Does your dog come to the table for the family meal?;;;;;;;;;;;;;;;
208;DOG hangs around for tidbits even if there is not much chance of getting them;DORA;Likert;2;Never|Rarely|Sometimes|Often|Always;20;Furry Foodies;Our dog's ancestors likely scavenged leftover food from their human neighbors. Does your dog come to the table for the family meal?;;;;;;;;;;;;;;;
209;DOG is choosy about which tidbits HE eats;DORA;Likert;2;Never|Rarely|Sometimes|Often|Always;20;Furry Foodies;Our dog's ancestors likely scavenged leftover food from their human neighbors. Does your dog come to the table for the family meal?;;;;;;;;;;;;;;;
210;DOG hangs around when I am preparing or eating human food;DORA;Likert;2;Never|Rarely|Sometimes|Often|Always;20;Furry Foodies;Our dog's ancestors likely scavenged leftover food from their human neighbors. Does your dog come to the table for the family meal?;;;;;;;;;;;;;;;
211;DOG will turn down food if HE is not hungry;DORA;Likert;2;Never|Rarely|Sometimes|Often|Always;20;Furry Foodies;Our dog's ancestors likely scavenged leftover food from their human neighbors. Does your dog come to the table for the family meal?;;;;;;;;;;;;;;;
212;DOG inspects unfamiliar foods before deciding whether or not to eat them;DORA;Likert;2;Never|Rarely|Sometimes|Often|Always;20;Furry Foodies;Our dog's ancestors likely scavenged leftover food from their human neighbors. Does your dog come to the table for the family meal?;;;;;;;;;;;;;;;
213;After a meal DOG is still interested in eating;DORA;Likert;2;Never|Rarely|Sometimes|Often|Always;20;Furry Foodies;Our dog's ancestors likely scavenged leftover food from their human neighbors. Does your dog come to the table for the family meal?;;;;;;;;;;;;;;;
214;DOG takes HIS time to eat a meal;DORA;Likert;2;Never|Rarely|Sometimes|Often|Always;20;Furry Foodies;Our dog's ancestors likely scavenged leftover food from their human neighbors. Does your dog come to the table for the family meal?;;;;;;;;;;;;;;;
215;DOG eats tidbits straight away;DORA;Likert;2;Never|Rarely|Sometimes|Often|Always;20;Furry Foodies;Our dog's ancestors likely scavenged leftover food from their human neighbors. Does your dog come to the table for the family meal?;;;;;;;;;;;;;;;
216;DOG gets bits of human food when we are eating;DORA;Likert;2;Never|Rarely|Sometimes|Often|Always;20;Furry Foodies;Our dog's ancestors likely scavenged leftover food from their human neighbors. Does your dog come to the table for the family meal?;;;;;;;;;;;;;;;
217;DOG is very fit;DORA;Likert;25;Not at all true|Somewhat true|Mainly true|Definitely true;21;Dogs on the Move;Dogs support our overall health by lowering stress levels and by encouraging us to get up and moving.  We also need to ensure our pups stay in shape.  Tell us a bit about your dog's fitness;;;;;;;;;;;;;;;
218;I think DOG could do with losing some weight;DORA;Likert;25;Not at all true|Somewhat true|Mainly true|Definitely true;21;Dogs on the Move;Dogs support our overall health by lowering stress levels and by encouraging us to get up and moving.  We also need to ensure our pups stay in shape.  Tell us a bit about your dog's fitness;;;;;;;;;;;;;;;
219;DOG's walks are mostly on the lead;DORA;Likert;25;Not at all true|Somewhat true|Mainly true|Definitely true;21;Dogs on the Move;Dogs support our overall health by lowering stress levels and by encouraging us to get up and moving.  We also need to ensure our pups stay in shape.  Tell us a bit about your dog's fitness;;;;;;;;;;;;;;;
220;I restrict DOG's exercise because of veterinary advice;DORA;Likert;25;Not at all true|Somewhat true|Mainly true|Definitely true;21;Dogs on the Move;Dogs support our overall health by lowering stress levels and by encouraging us to get up and moving.  We also need to ensure our pups stay in shape.  Tell us a bit about your dog's fitness;;;;;;;;;;;;;;;
221;I alter the food DOG gets in order to control HIS weight;DORA;Likert;25;Not at all true|Somewhat true|Mainly true|Definitely true;21;Dogs on the Move;Dogs support our overall health by lowering stress levels and by encouraging us to get up and moving.  We also need to ensure our pups stay in shape.  Tell us a bit about your dog's fitness;;;;;;;;;;;;;;;
222;DOG's walks involve a lot of energetic play or chasing;DORA;Likert;25;Not at all true|Somewhat true|Mainly true|Definitely true;21;Dogs on the Move;Dogs support our overall health by lowering stress levels and by encouraging us to get up and moving.  We also need to ensure our pups stay in shape.  Tell us a bit about your dog's fitness;;;;;;;;;;;;;;;
223;I am careful about DOG's weight;DORA;Likert;25;Not at all true|Somewhat true|Mainly true|Definitely true;21;Dogs on the Move;Dogs support our overall health by lowering stress levels and by encouraging us to get up and moving.  We also need to ensure our pups stay in shape.  Tell us a bit about your dog's fitness;;;;;;;;;;;;;;;
224;I am happy with DOG's weight;DORA;Likert;25;Not at all true|Somewhat true|Mainly true|Definitely true;21;Dogs on the Move;Dogs support our overall health by lowering stress levels and by encouraging us to get up and moving.  We also need to ensure our pups stay in shape.  Tell us a bit about your dog's fitness;;;;;;;;;;;;;;;
225;I am careful to regulate the exercise DOG gets in order to keep HIM slim;DORA;Likert;25;Not at all true|Somewhat true|Mainly true|Definitely true;21;Dogs on the Move;Dogs support our overall health by lowering stress levels and by encouraging us to get up and moving.  We also need to ensure our pups stay in shape.  Tell us a bit about your dog's fitness;;;;;;;;;;;;;;;
226;DOG gets a lot of exercise;DORA;Likert;25;Not at all true|Somewhat true|Mainly true|Definitely true;21;Dogs on the Move;Dogs support our overall health by lowering stress levels and by encouraging us to get up and moving.  We also need to ensure our pups stay in shape.  Tell us a bit about your dog's fitness;;;;;;;;;;;;;;;
227;DOG spends most of HIS walks off the lead;DORA;Likert;2;Never|Rarely|Sometimes|Often|Always;21;Dogs on the Move;Dogs support our overall health by lowering stress levels and by encouraging us to get up and moving.  We also need to ensure our pups stay in shape.  Tell us a bit about your dog's fitness;;;;;;;;;;;;;;;
228;DOG runs around a lot;DORA;Likert;2;Never|Rarely|Sometimes|Often|Always;21;Dogs on the Move;Dogs support our overall health by lowering stress levels and by encouraging us to get up and moving.  We also need to ensure our pups stay in shape.  Tell us a bit about your dog's fitness;;;;;;;;;;;;;;;
229;DOG would eat anything;DORA;Likert;25;Not at all true|Somewhat true|Mainly true|Definitely true;22;Growling Gourmands;Different dogs can have very different eating habits. Is your dog an eager eater or a picky palate?;;;;;;;;;;;;;;;
230;DOG often gets human food;DORA;Likert;25;Not at all true|Somewhat true|Mainly true|Definitely true;22;Growling Gourmands;Different dogs can have very different eating habits. Is your dog an eager eater or a picky palate?;;;;;;;;;;;;;;;
231;DOG gets an upset tummy on some foods;DORA;Likert;25;Not at all true|Somewhat true|Mainly true|Definitely true;22;Growling Gourmands;Different dogs can have very different eating habits. Is your dog an eager eater or a picky palate?;;;;;;;;;;;;;;;
232;DOG seems to be hungry all the time;DORA;Likert;25;Not at all true|Somewhat true|Mainly true|Definitely true;22;Growling Gourmands;Different dogs can have very different eating habits. Is your dog an eager eater or a picky palate?;;;;;;;;;;;;;;;
233;DOG has a sensitive stomach;DORA;Likert;25;Not at all true|Somewhat true|Mainly true|Definitely true;22;Growling Gourmands;Different dogs can have very different eating habits. Is your dog an eager eater or a picky palate?;;;;;;;;;;;;;;;
234;DOG is very greedy;DORA;Likert;25;Not at all true|Somewhat true|Mainly true|Definitely true;22;Growling Gourmands;Different dogs can have very different eating habits. Is your dog an eager eater or a picky palate?;;;;;;;;;;;;;;;
235;DOG regularly sees the vet for health problems;DORA;Likert;25;Not at all true|Somewhat true|Mainly true|Definitely true;22;Growling Gourmands;Different dogs can have very different eating habits. Is your dog an eager eater or a picky palate?;;;;;;;;;;;;;;;
236;I weigh or measure how much food I give DOG;DORA;Likert;25;Not at all true|Somewhat true|Mainly true|Definitely true;22;Growling Gourmands;Different dogs can have very different eating habits. Is your dog an eager eater or a picky palate?;;;;;;;;;;;;;;;
237;DOG often gets tummy upsets;DORA;Likert;25;Not at all true|Somewhat true|Mainly true|Definitely true;22;Growling Gourmands;Different dogs can have very different eating habits. Is your dog an eager eater or a picky palate?;;;;;;;;;;;;;;;
238;DOG gets no food at human mealtimes;DORA;Likert;25;Not at all true|Somewhat true|Mainly true|Definitely true;22;Growling Gourmands;Different dogs can have very different eating habits. Is your dog an eager eater or a picky palate?;;;;;;;;;;;;;;;
239;DOG would eat non-food objects like stones, toys, or socks;DORA;Likert;25;Not at all true|Somewhat true|Mainly true|Definitely true;22;Growling Gourmands;Different dogs can have very different eating habits. Is your dog an eager eater or a picky palate?;;;;;;;;;;;;;;;
240;DOG finishes a meal straight away;DORA;Likert;2;Never|Rarely|Sometimes|Often|Always;22;Growling Gourmands;Different dogs can have very different eating habits. Is your dog an eager eater or a picky palate?;;;;;;;;;;;;;;;
241;How old was DOG when you adopted HIM?;NA;Choices;26;Young puppy (under 16 weeks)|Older puppy (between 4 and 11 months)|Young adult (between 1 and 2 years)|Adult (Over 2 years);23;Shapes and Colors;Please tell us about your dog's physical characteristics.  You may want to have your dog present for some questions in this survey.  You may leave this survey and return to it later as needed.;;;;;;;;;;;;;;;
242;What is DOG’s weight? If you don’t know, take your best guess. (First select the unit. Then enter the value below.);NA;Weight;27;kg|lb;23;Shapes and Colors;Please tell us about your dog's physical characteristics.  You may want to have your dog present for some questions in this survey.  You may leave this survey and return to it later as needed.;;;;;;;;;;;;;;;
243;What color is DOG’s coat? If DOG has more than one color, select all the colors closest to HIS coat.;NA;Colors;28;"#17181D ""black""|#442825 ""liver or brown""|#F3F3F3 ""white""|#7E341B ""red""|#EBB56B ""yellow""|#746F76 ""grey or blue""|#947D80 ""light brown""|#E2B4B4 ""pink""|#C06530 ""tan""|#F3DFC8 ""cream""";23;Shapes and Colors;Please tell us about your dog's physical characteristics.  You may want to have your dog present for some questions in this survey.  You may leave this survey and return to it later as needed.;;;;;;;;;;;;;;;
244;Does DOG have any of these patterns anywhere on HIS body? Pick the pattern(s) closest to what you see. If DOG has more than one pattern, select all the patterns you see in HIS coat.;NA;MultiChoicesWithoutNone;29;A. striping (ie. “brindle”)|B. large patching (ie. “piebald”)|C. splotching (ie. “merle”, “harlequin”)|D. spotting (large spots spread out)|E. roaning (medium spots packed close together)|F. ticking (small spots spread out)|G. None;23;Shapes and Colors;Please tell us about your dog's physical characteristics.  You may want to have your dog present for some questions in this survey.  You may leave this survey and return to it later as needed.;;;;;;;;;;;;;;;
245;What is DOG’s head shape? Select the image with the closest shape.;NA;Choices;30;A|B|C|D|E|F;23;Shapes and Colors;Please tell us about your dog's physical characteristics.  You may want to have your dog present for some questions in this survey.  You may leave this survey and return to it later as needed.;;;;;;;;;;;;;;;
246;When viewing DOG from the side and relative to HIS body, HIS leg length is most like:;NA;Choices;31;A|B|C;23;Shapes and Colors;Please tell us about your dog's physical characteristics.  You may want to have your dog present for some questions in this survey.  You may leave this survey and return to it later as needed.;;;;;;;;;;;;;;;
247;When viewing DOG from the front, HIS chest is most shaped like:;NA;Choices;32;A|B|C;23;Shapes and Colors;Please tell us about your dog's physical characteristics.  You may want to have your dog present for some questions in this survey.  You may leave this survey and return to it later as needed.;;;;;;;;;;;;;;;
248;What other physical features does DOG have? Select all that apply.;NA;MultiChoicesTooltip;33;Large or long jowls (flaps of skin on the face)|Wrinkles or skin folds on face or body|Freckles|Completely white head and ears|Random patches of white appearing over time (also known as vitiligo)!#!http://www.doggenetics.co.uk/oddities.html#vitiligo|Ridged back (hair along spine that looks tufted or raised)|Naturally hairless or bald (most of HIS body has no hair at all)!#!http://www.doggenetics.co.uk/coats.html#hairless|Underbite or lower teeth farther out than upper teeth|Blue or black tongue coloration, including spots on tongue;23;Shapes and Colors;Please tell us about your dog's physical characteristics.  You may want to have your dog present for some questions in this survey.  You may leave this survey and return to it later as needed.;;;;;;;;;;;;;;;
249;What color are DOG’s eyes? If two different colored eyes, select both colors.;NA;Colors;34;"#E0B080 ""amber""|#17181D ""black""|#442825 ""brown""|#859DCA ""blue""|#A6C29F ""green""";23;Shapes and Colors;Please tell us about your dog's physical characteristics.  You may want to have your dog present for some questions in this survey.  You may leave this survey and return to it later as needed.;;;;;;;;;;;;;;;
250;What colors are on DOG’s nose and paw pads? Select all that apply.;NA;Colors;35;"#17181D ""black""|#442825 ""liver or brown""|#746F76 ""grey or blue""|#E2B4B4 ""pink""";23;Shapes and Colors;Please tell us about your dog's physical characteristics.  You may want to have your dog present for some questions in this survey.  You may leave this survey and return to it later as needed.;;;;;;;;;;;;;;;
251;Has DOG had any teeth extracted or removed?;NA;Choices;13;No|Yes|I don't know;23;Shapes and Colors;Please tell us about your dog's physical characteristics.  You may want to have your dog present for some questions in this survey.  You may leave this survey and return to it later as needed.;;;;;;;;;;;;;;;
252;Enter the country and postal code of your home (where DOG spends the most time):;NA;ZipAndCountry;36;United States of America|Afghanistan|Albania|Algeria|American Samoa|Andorra|Angola|Anguilla|Antarctica|Antigua and Barbuda|Argentina|Armenia|Aruba|Australia|Austria|Azerbaijan|Bahamas|Bahrain|Bangladesh|Barbados|Belarus|Belgium|Belize|Benin|Bermuda|Bhutan|Bolivia|Bonaire, Sint Eustatius and Saba|Bosnia and Herzegovina|Botswana|Bouvet Island|Brazil|British Indian Ocean Territory|Brunei Darussalam|Bulgaria|Burkina Faso|Burundi|C ôte d'Ivoire|Cabo Verde|Cambodia|Cameroon|Canada|Cayman Islands|Central African Republic|Chad|Chile|China|Christmas Island|Cocos (Keeling) Islands|Colombia|Comoros|Congo|Congo, Democratic Republic of the|Cook Islands|Costa Rica|Croatia|Cuba|Cura çao|Cyprus|Czechia|Denmark|Djibouti|Dominica|Dominican Republic|Ecuador|Egypt|El Salvador|Equatorial Guinea|Eritrea|Estonia|Eswatini|Ethiopia|Falkland Islands (Malvinas)|Faroe Islands|Fiji|Finland|France|French Guiana|French Polynesia|French Southern Territories|Gabon|Gambia|Georgia|Germany|Ghana|Gibraltar|Greece|Greenland|Grenada|Grenadines|Guadeloupe|Guam|Guatemala|Guernsey|Guinea|Guinea−Bissau|Guyana|Haiti|Heard Island and McDonald Islands|Holy See (Vatican City State)|Honduras|Hong Kong|Hungary|Iceland|India|Indonesia|Iran, Islamic Republic of|Iraq|Ireland|Isle of Man|Israel|Italy|Jamaica|Japan|Jersey|Jordan|Kazakhstan|Kenya|Kiribati|Korea, Democratic People's Republic of|Korea, Republic of|Kuwait|Kyrgyzstan|Lao People's Democratic Republic|Latvia|Lebanon|Lesotho|Liberia|Libya|Liechtenstein|Lithuania|Luxembourg|Macao|Madagascar|Malawi|Malaysia|Maldives|Mali|Malta|Marshall Islands|Martinique|Mauritania|Mauritius|Mayotte|Mexico|Micronesia, Federated States of|Moldova, Republic of|Monaco|Mongolia|Montenegro|Montserrat|Morocco|Mozambique|Myanmar|Namibia|Nauru|Nepal|Netherlands|New Caledonia|New Zealand|Nicaragua|Niger|Nigeria|Niue|Norfolk Island|North Macedonia|Northern Mariana Islands|Norway|Oman|Pakistan|Palau|Palestine, State of|Panama|Papua New Guinea|Paraguay|Peru|Philippines|Pitcairn|Poland|Portugal|Puerto Rico|Qatar|R éunion|Romania|Russian Federation|Rwanda|Saint Barth élemy|Saint Helena, Ascension and Tristan da Cunha|Saint Kitts and Nevis|Saint Lucia|Saint Martin (French part)|Saint Pierre and Miquelon|Saint Vincent and the|Samoa|San Marino|Sao Tome and Principe|Saudi Arabia|Senegal|Serbia|Seychelles|Sierra Leone|Singapore|Sint Maarten (Dutch part)|Slovakia|Slovenia|Solomon Islands|Somalia|South Africa|South Georgia and the South Sandwich Islands|South Sudan|Spain|Sri Lanka|Sudan|Suriname|Svalbard and Jan Mayen|Sweden|Switzerland|Syrian Arab Republic|Taiwan, Province of China [a]|Tajikistan|Tanzania, United Republic of|Thailand|Timor−Leste|Togo|Tokelau|Tonga|Trinidad and Tobago|Tunisia|Turkey|Turkmenistan|Turks and Caicos Islands|Tuvalu|Uganda|Ukraine|United Arab Emirates|United Kingdom|United States Minor Outlying Islands|Uruguay|Uzbekistan|Vanuatu|Venezuela (Bolivarian Republic of)|Viet Nam|Virgin Islands (British)|Virgin Islands (U.S.)|Wallis and Futuna|Western Sahara|Yemen|Zambia|Zimbabwe|Åland Islands|Other;24;Environment - Home Sweet Home;Please tell us about your home. In addition to general questions about your home’s size, age, and location, we would like to know about the fuels you use for heating and cooking, flooring materials, and more.;;;;;;;;;;;;;;;
253;How many years has DOG lived at this address?;NA;Numeric;4;NA;24;Environment - Home Sweet Home;Please tell us about your home. In addition to general questions about your home’s size, age, and location, we would like to know about the fuels you use for heating and cooking, flooring materials, and more.;;;;;;;;;;;;;;;
254;Type of area?;NA;Choices;37;Urban (within a city)|Suburban (residential area outside the city center)|Rural (beyond city and suburban area, often with large yard/lot sizes and greater space between neighbors);24;Environment - Home Sweet Home;Please tell us about your home. In addition to general questions about your home’s size, age, and location, we would like to know about the fuels you use for heating and cooking, flooring materials, and more.;;;;;;;;;;;;;;;
255;Type of home?;NA;ChoicesAndOtherText;38;Single family|Multifamily house|Multifamily building|Mobile home or RV|Other (please specify):;24;Environment - Home Sweet Home;Please tell us about your home. In addition to general questions about your home’s size, age, and location, we would like to know about the fuels you use for heating and cooking, flooring materials, and more.;;;;;;;;;;;;;;;
256;Approximately when was your home built?;NA;Choices;39;<1900|1900s|1910s|1920s|1930s|1940s|1950s|1960s|1970s|1980s|1990s|2000s|2010s|2020s|Unsure;24;Environment - Home Sweet Home;Please tell us about your home. In addition to general questions about your home’s size, age, and location, we would like to know about the fuels you use for heating and cooking, flooring materials, and more.;;;;;;;;;;;;;;;
257;What is the approximate square footage of your home, including only spaces that are finished?;NA;Numeric;4;NA;24;Environment - Home Sweet Home;Please tell us about your home. In addition to general questions about your home’s size, age, and location, we would like to know about the fuels you use for heating and cooking, flooring materials, and more.;;;;;;;;;;;;;;;
258;Heating fuel source (Check all that apply);NA;MultiChoicesAndOtherText;40;Natural gas|Electric|Oil|Wood|Propane|Unknown|Other (please specify):;24;Environment - Home Sweet Home;Please tell us about your home. In addition to general questions about your home’s size, age, and location, we would like to know about the fuels you use for heating and cooking, flooring materials, and more.;;;;;;;;;;;;;;;
259;Cooking fuel source (Check all that apply);NA;MultiChoicesAndOtherText;40;Natural gas|Electric|Oil|Wood|Propane|Unknown|Other (please specify):;24;Environment - Home Sweet Home;Please tell us about your home. In addition to general questions about your home’s size, age, and location, we would like to know about the fuels you use for heating and cooking, flooring materials, and more.;;;;;;;;;;;;;;;
260;Which of the following are present in your home? (Check all that apply);NA;Custom1;41;"[{""text"":""Central air conditioning"",""children"":null},{""text"":""Room or window unit air conditioner"",""children"":null},{""text"":""Central heat"",""children"":null},{""text"":""Asbestos"",""children"":null},{""text"":""Radon (within or above safe range)"",""children"":{""title"":""Please choose the best answer regarding Radon levels in your home:"",""items"":[{""text"":""Radon has been detected but levels have never been elevated/concerning"",""children"":null},{""text"":""Radon levels are elevated/concerning currently"",""children"":null},{""text"":""Radon levels have been elevated/concerning in the past but are now within acceptable range "",""children"":{""title"":"""",""items"":[{""text"":""A Radon mitigation system was installed to reduce Radon levels""},{""text"":""No mitigation system has been installed""}]}}]}},{""text"":""Lead paint"",""children"":null},{""text"":""Moth balls"",""children"":null},{""text"":""Incense or scented candles"",""children"":null},{""text"":""Aerosol or plug‐in air fresheners"",""children"":null},{""text"":""Standalone air cleaners"",""children"":null},{""text"":""HEPA filters in air circulation"",""children"":null},{""text"":""Wood or gas burning fireplace"",""children"":""fireplace""}]";24;Environment - Home Sweet Home;Please tell us about your home. In addition to general questions about your home’s size, age, and location, we would like to know about the fuels you use for heating and cooking, flooring materials, and more.;;;;;;;;;;;;;;;
261;Which flooring types are present in your home? (Check all that apply);NA;MultiChoicesAndOtherText;42;Wood|Carpet|Concrete|Tile (ceramic and/or porcelain)|Stone|Linoleum|Laminate|Other (please specify):;24;Environment - Home Sweet Home;Please tell us about your home. In addition to general questions about your home’s size, age, and location, we would like to know about the fuels you use for heating and cooking, flooring materials, and more.;;;;;;;;;;;;;;;
262;Has DOG been spayed/neutered?;NA;Custom14;64;"{""parentOptions"":[{""text"":""No"",""children"":null},{""text"":""Yes"",""children"":true}],""childOptions"":{""title"":""How old was DOG when spayed/neutered?"",""options"":[{""text"":""Under 6 months"",""children"":null},{""text"":""6 months - less than 1 year"",""children"":null},{""text"":""1 year - less than 2 years"",""children"":null},{""text"":""2 years or older"",""children"":null},{""text"":""Other"",""children"":null},{""text"":""I don't know"",""children"":false}]}}";25;Environment - Out and About;Please tell us about your yard and the other outdoor spaces your dog visits. This survey also asks about insect, pest, and weed control.;;;;;;;;;;;;;;;
263;Do you give flea/tick/heartworm preventatives to DOG, or does HE wear a flea or tick collar? Please select all that apply.;NA;Custom2;43;"{""parentOptions"":[""flea"",""tick"",""heartworm"",""i don't know"", ""no""],""childOptions"":[""oral"",""topical"",""injection"",""collar"",""other"",""i don't know""],""grandChildOptions"":[""daily"",""weekly"",""monthly"",""6 months"",""> 6 months"",""other"",""i don't know""]}";25;Environment - Out and About;Please tell us about your yard and the other outdoor spaces your dog visits. This survey also asks about insect, pest, and weed control.;;;;;;;;;;;;;;;
264;Please list each of the specific flea, tick, and heartworm preventatives DOG receives, if known:;NA;Custom15;65;"{""parentOptions"":[""oral"",""topical"",""collars"",""injectible"",""other""],""childOptions_oral"":[""Advantus Soft Chews"",""Bravecto Chews for Dogs"",""Capstar (Dogs)"",""Comfortis (Dogs)"",""Credelio"",""Heartgard Chewables or Tablets (Dog)"",""Heartgard Plus Chewable Tablets (Dogs)"",""Interceptor (Dogs)"",""Interceptor Plus"",""Iverhart Max Chewable Tabs"",""Iverhart Plus Flavored Chewables"",""Nexgard Chewables"",""Sentinel Flavor Tabs"",""Sentinel Spectrum"",""Simparica"",""Simparica TRIO"",""Tri-Heart Plus Chewable Tablets"",""Trifexis"",""Other""],""childOptions_topical"":[""Activyl Spot-on for Dogs and Puppies"",""Adams Flea and Tick Spray"",""Advantage II for Dogs"",""Advantage Multi for Dogs"",""Advecta Ultra Fleas & Tick Topical Treatment, Flea & Tick Control"",""Bravecto Topical Solution for Dogs"",""Combiva II for Dogs"",""Coraxis Topical Solution for Dogs"",""Curicyn Bodyguard Fly, Flea, Tick and Insect Repellant"",""EctoAdvance Plus Canine"",""Effitix"",""Frontline Gold for Dogs"",""Frontline Plus for Dogs"",""Frontline Spray Treatment (Dogs)"",""Frontline Tritak for Dogs"",""Hartz Ultraguard Flea & Tick Powder for Dogs"",""Hartz Ultraguard Pro with Aloe Fleas & Tick Drops for Dogs"",""Hartx Ultraguard Dual Action Flea & Tick Topical Treatment for Dogs"",""K9 Advantixx II"",""Natural Care Flea and Tick Drops"",""Natural Care Flea and Tick Spray for Dogs and Cats"",""NutriVet Defense + For Dogs"",""Parastar for Dogs"",""Parastar Plus for Dogs"",""PetArmor Flea & Tick Prevention for Dogs"",""Revolution for Dogs"",""Sentry Fiproguard plus for dogs"",""Vectra 3D"",""Vectra for Dogs and Puppies"",""Vet's Best Flea and Tick Spot-on Drops"",""Zodiac Flea & Tick Spray for Dogs, Cats, Puppies & Kittens"",""Zodiac Spot On Flea & Tick Control for Dogs & Puppies"",""Other""],""childOptions_collars"":[""Natural Care Repellent Flea and Tick Collar for Dogs & Puppies"",""PetArmor plus Flea & Tick Collar for Dogs"",""Preventic"",""Scalibor Protector Band"",""Seresto for Dogs"",""TevraPet ProAct Flea & Tick Collar for Dogs"",""Zodiac Flea & Tick Collar for Dogs"",""Other""],""childOptions_injectible"":[""Ivermectin"",""ProHeart 6"",""ProHeart 12"",""Other""],""childOptions"":[""Actinomycin D"",""Adriamycin/doxorubicin"",""Anzemet/dolasetron mesylate"",""Benadryl/diphenhydramine"",""Bisphosphonates/pamidronate"",""Buprenorphine"",""Carboplatin"",""Cerenia/maropitant citrate"",""Chlorambucil"",""Chondroitin sulfate"",""Cisplatin"",""CoenzymeQ10/CoQ10/Ubiquinone/Ubiquinol"",""Cyclophosphamide"",""Cytosine Arabinoside"",""Dacarbazine"",""Denamarin/SAMe"",""Deramaxx/deracoxib"",""Elavil/amitriptyline"",""Elspar/L-Asparaginase"",""Entyce/capromorelin oral solution"",""Fish oil"",""Flagyl/metronidazole"",""Fluorouracil/5-FU"",""Glucosamine"",""Ifosfamide"",""Imodium A-D/loperamide hydrochloride"",""Lomustine/CCNU"",""Lyrica/pregabalin"",""Metacam/Meloxidyl//meloxicam"",""Methotrexate"",""Methylprednisolone"",""Mitoxantrone"",""Neurontin/gabapentin"",""ONCEPT/melanoma vaccine"",""Oncovin/vincristine"",""Palladia/toceranib phosphate"",""Pepcid/famotidine"",""Piroxicam"",""Prednisolone"",""Prednisone"",""Previcox/firocoxib"",""Prilosec/omeprazole"",""Procarbazine"",""Reglan/metoclopramide"",""Remeron/mirtazapine"",""Rimadyl/carprofen"",""Silymarin"",""Symmatrel/amantadine"",""Tanovea-CA1/rabacfosadine"",""Tramadol"",""Turmeric"",""Vinblastine"",""Yunnan Baiyao"",""Zofran/ondansetron hydrochloride""]}";25;Environment - Out and About;Please tell us about your yard and the other outdoor spaces your dog visits. This survey also asks about insect, pest, and weed control.;;;;;;;;;;;;;;;
265;In the last 12 months, how many total ticks did you see either on DOG or having fallen off of DOG ? Please include all ticks whether they were attached, unattached, living, or dead.;NA;Custom13;62;"[{""text"":0,""children"":null},{""text"":1,""children"":{""title"":""How many of these ticks were attached and/or engorged?""}}]";25;Environment - Out and About;Please tell us about your yard and the other outdoor spaces your dog visits. This survey also asks about insect, pest, and weed control.;;;;;;;;;;;;;;;
266;Is your home treated to control insects and pests (not including yard)?;NA;Custom3;44;"[{""text"":""No"",""children"":null},{""text"":""Yes"",""children"":{""title"":""How often applied?""}}]";25;Environment - Out and About;Please tell us about your yard and the other outdoor spaces your dog visits. This survey also asks about insect, pest, and weed control.;;;;;;;;;;;;;;;
267;How large is the yard at the home?;NA;Choices;45;I do not have a yard or DOG does not use the yard|Fewer than 500 square feet|500 to 1000 square feet |1000 to 5000 square feet|between 5000 square feet and 1 acre|1-3 acres|More than 3 acres;25;Environment - Out and About;Please tell us about your yard and the other outdoor spaces your dog visits. This survey also asks about insect, pest, and weed control.;;;;;;;;;;;;;;;
268;Is the yard treated to control insects/pests?;NA;Custom3;63;"[{""text"":""No"",""children"":null},{""text"":""Yes"",""children"":{""title"":""How often applied?""}},{""text"":""I don't know"",""children"":null}]";25;Environment - Out and About;Please tell us about your yard and the other outdoor spaces your dog visits. This survey also asks about insect, pest, and weed control.;;;;;;;;;;;;;;;
269;Is the yard treated to control weeds?;NA;Custom3;63;"[{""text"":""No"",""children"":null},{""text"":""Yes"",""children"":{""title"":""How often applied?""}},{""text"":""I don't know"",""children"":null}]";25;Environment - Out and About;Please tell us about your yard and the other outdoor spaces your dog visits. This survey also asks about insect, pest, and weed control.;;;;;;;;;;;;;;;
270;What percentage of the yard does DOG have regular access to?;NA;Numeric;4;NA;25;Environment - Out and About;Please tell us about your yard and the other outdoor spaces your dog visits. This survey also asks about insect, pest, and weed control.;;;;;;;;;;;;;;;
271;Which types of containment and/or chain/leashes do you use when DOG is outside? Please select all that apply.;NA;MultiChoicesWithoutNone;47;On a leash with human supervision|In a fenced yard or invisible/electronic fence|On a long line or chain in a yard|In a large kennel or run|Allowed to freely leave the property|None;25;Environment - Out and About;Please tell us about your yard and the other outdoor spaces your dog visits. This survey also asks about insect, pest, and weed control.;;;;;;;;;;;;;;;
272;"<i>Questions 1A-1D ask about a typical day for DOG. Please answer the questions below considering the most common type of day in DOG's routine. This refers to both day and nighttime within a ""normal"" 24‐hour period. We realize that you may need to estimate for this question. If there are places that DOG goes frequently but not daily, you will have an opportunity to list those in question 2.</i><br /><br />On a typical day, how many hours does DOG spend indoors at your home (not including the garage or shop)?<br /><br />If DOG spends time at another indoor location on a typical day, you’ll have a chance to enter those hours in another question.";NA;Custom4;50;"[{""text"":0,""children"":null},{""text"":1,""children"":{""title"":""How many of these hours are free-roaming in your home vs. confined to a crate/kennel/single room.""}}]";26;Environment - A Day in the Life;Please tell us about a typical day in your dog’s life. We realize that you and your dog’s schedule can vary;;;;;;;;;;;;;;; please estimate the time that your dog spends in the following locations and/or doing the following activities during a normal/average 24-hour period.
273;"<i>Please answer the questions below considering the most common type of day in DOG's routine. This refers to both day and nighttime within a ""normal"" 24‐hour period. We realize that you may need to estimate for this question. If there are places that DOG goes frequently but not daily, you will have an opportunity to list those in question 2.</i><br /><br />On a typical day, how many hours does DOG spend in a garage or shop?";NA;Numeric;4;NA;26;Environment - A Day in the Life;Please tell us about a typical day in your dog’s life. We realize that you and your dog’s schedule can vary;;;;;;;;;;;;;;; please estimate the time that your dog spends in the following locations and/or doing the following activities during a normal/average 24-hour period.
274;"<i>Please answer the questions below considering the most common type of day in DOG's routine. This refers to both day and nighttime within a ""normal"" 24‐hour period. We realize that you may need to estimate for this question. If there are places that DOG goes frequently but not daily, you will have an opportunity to list those in question 2.</i><br /><br />On a typical day, how many hours does DOG spend outdoors in your yard and/or the outdoor area surrounding your home?<br /><br />If DOG spends time at another outdoor location on a typical day, you’ll have a chance to enter those hours in another question.";NA;Custom4;51;"[{""text"":0,""children"":null},{""text"":1,""children"":{""title"":""How many of these hours are within the your yard/immediate vicinity of home versus free-roaming or walking/exercising with you farther from the home.""}}]";26;Environment - A Day in the Life;Please tell us about a typical day in your dog’s life. We realize that you and your dog’s schedule can vary;;;;;;;;;;;;;;; please estimate the time that your dog spends in the following locations and/or doing the following activities during a normal/average 24-hour period.
275;"<i>Please answer the questions below considering the most common type of day in DOG's routine. This refers to both day and nighttime within a ""normal"" 24‐hour period. We realize that you may need to estimate for this question. If there are places that DOG goes frequently but not daily, you will have an opportunity to list those in question 2.</i><br /><br />On a typical day, how many hours does DOG spend in a different location (i.e. other than your home/yard) whether indoors or outdoors (e.g. your workplace, a petsitter, or doggy daycare facility)?";NA;Custom5;52;NA;26;Environment - A Day in the Life;Please tell us about a typical day in your dog’s life. We realize that you and your dog’s schedule can vary;;;;;;;;;;;;;;; please estimate the time that your dog spends in the following locations and/or doing the following activities during a normal/average 24-hour period.
276;<i>Question 2 asks about other locations that DOG visits routinely (but less frequently than daily as in Questions 1A-1D). Please add a location if DOG visits the location approximately one day per month or more. Examples might include your workplace, a friend or petsitter's home, training facility, or doggy daycare facility. If you have already listed a location as part of a typical day, you do not need to repeat that information here. Please do not include visits to a groomer here. Grooming frequency is the topic of the next question (Q3).</i><br /><br />Do you regularly take DOG to another indoor location (e.g. your work, a sitter, or doggy daycare facility)?;NA;Custom6;53;"[{""text"":""No"",""children"":null},{""text"":""Yes"",""children"":""location""}]";26;Environment - A Day in the Life;Please tell us about a typical day in your dog’s life. We realize that you and your dog’s schedule can vary;;;;;;;;;;;;;;; please estimate the time that your dog spends in the following locations and/or doing the following activities during a normal/average 24-hour period.
277;Do you take DOG to a groomer regularly?;NA;Custom7;54;"[{""text"":""No"",""children"":null},{""text"":""Yes"",""children"":""frequency""}]";26;Environment - A Day in the Life;Please tell us about a typical day in your dog’s life. We realize that you and your dog’s schedule can vary;;;;;;;;;;;;;;; please estimate the time that your dog spends in the following locations and/or doing the following activities during a normal/average 24-hour period.
278;Do you bathe and/or use home grooming products on DOG regularly? Please select all that apply.;NA;Custom8;55;"[{""text"":""Rinse with hose/faucet with water only"",""children"":""frequency""},{""text"":""Bath with shampoo and water"",""children"":""frequency""},{""text"":""Leave-in conditioning/deodorizing sprays"",""children"":""frequency""}]";26;Environment - A Day in the Life;Please tell us about a typical day in your dog’s life. We realize that you and your dog’s schedule can vary;;;;;;;;;;;;;;; please estimate the time that your dog spends in the following locations and/or doing the following activities during a normal/average 24-hour period.
279;Does DOG regularly lick, chew, or play with toys?;NA;Custom9;56;"{""parentOptions"":[{""text"":""Never"",""children"":null},{""text"":""Rarely"",""children"":true},{""text"":""Sometimes"",""children"":true},{""text"":""Often"",""children"":true},{""text"":""Always"",""children"":true}],""childOptions"":{""title"":""Which types of toys does DOG routinely lick, chew, or play with? (Check all that apply)"",""options"":[{""text"":""Plastic"",""children"":null},{""text"":""Stuffed fabric"",""children"":null},{""text"":""Unstuffed fabric"",""children"":null},{""text"":""Rubber"",""children"":null},{""text"":""Metal"",""children"":null},{""text"":""Animal origin (rawhide, pig ear, bully stick, bone, etc.)"",""children"":false},{""text"":""Rope"",""children"":null},{""text"":""Tennis ball"",""children"":null},{""text"":""Sticks"",""children"":null},{""text"":""Other (please specify):"",""children"":""text""}]}}";26;Environment - A Day in the Life;Please tell us about a typical day in your dog’s life. We realize that you and your dog’s schedule can vary;;;;;;;;;;;;;;; please estimate the time that your dog spends in the following locations and/or doing the following activities during a normal/average 24-hour period.
280;Does DOG regularly lick or chew items in the household or environment other than toys?;NA;Custom10;57;"{""parentOptions"":[{""text"":""Never"",""children"":null},{""text"":""Rarely"",""children"":true},{""text"":""Sometimes"",""children"":true},{""text"":""Often"",""children"":true},{""text"":""Always"",""children"":true}],""childOptions"":{""title"":""Which types of items does DOG routinely lick, chew, or play with?""}}";26;Environment - A Day in the Life;Please tell us about a typical day in your dog’s life. We realize that you and your dog’s schedule can vary;;;;;;;;;;;;;;; please estimate the time that your dog spends in the following locations and/or doing the following activities during a normal/average 24-hour period.
281;Does DOG eat/swallow pieces of toys or household/environmental items that are not meant to be eaten (e.g. cotton from stuffed animals, paper, socks)?;NA;Custom11;58;"{""parentOptions"":[{""text"":""Never"",""children"":null},{""text"":""Rarely"",""children"":true},{""text"":""Sometimes"",""children"":true},{""text"":""Often"",""children"":true},{""text"":""Always"",""children"":true}],""childOptions"":[""In the past 12 months, how many times has DOG ingested a poison, hazardous material, or unintended substance other than feces either inside or outside the home?"",""What was the material ingested (please list all within the past 12 months)?""]}";26;Environment - A Day in the Life;Please tell us about a typical day in your dog’s life. We realize that you and your dog’s schedule can vary;;;;;;;;;;;;;;; please estimate the time that your dog spends in the following locations and/or doing the following activities during a normal/average 24-hour period.
282;What is DOG’s usual source of drinking water? Do you use water filtration for DOG’s drinking water?;NA;Custom12;59;"{""parentOptions"":[{""text"":""Municipal water"",""children"":true},{""text"":""Non-municipal well water"",""children"":true},{""text"":""Bottled or commercially delivered water"",""children"":true},{""text"":""Other (please specify):"",""children"":true},{""text"":""I don't know"",""children"":null}],""childOptions"":[""Water is treated by water softener"",""Water is filtered"",""Neither""]}";26;Environment - A Day in the Life;Please tell us about a typical day in your dog’s life. We realize that you and your dog’s schedule can vary;;;;;;;;;;;;;;; please estimate the time that your dog spends in the following locations and/or doing the following activities during a normal/average 24-hour period.
283;Which type of bowls do you use for DOG's food and water? Please select all that apply.;NA;MultiChoicesAndOtherText;60;Stainless steel|Plastic|Ceramic/Glass|Other (please specify):;26;Environment - A Day in the Life;Please tell us about a typical day in your dog’s life. We realize that you and your dog’s schedule can vary;;;;;;;;;;;;;;; please estimate the time that your dog spends in the following locations and/or doing the following activities during a normal/average 24-hour period.
284;Do you know what types of pipes are in your home (inbound water)? Please select all that apply.;NA;MultiChoicesAndOtherText;61;Copper or metal|PVC or plastic|I dont know|Other (please specify):;26;Environment - A Day in the Life;Please tell us about a typical day in your dog’s life. We realize that you and your dog’s schedule can vary;;;;;;;;;;;;;;; please estimate the time that your dog spends in the following locations and/or doing the following activities during a normal/average 24-hour period.
285;Which of these surfaces does DOG regularly encounter while outdoors? (check all that apply);NA;MultiChoicesWithoutNone;49;Grass|Wooded areas|Asphalt/coal tar (e.g. paved roads or paved bike trails)|Concrete/cement (e.g. sidewalks)|None;25;Environment - Out and About;Please tell us about your yard and the other outdoor spaces your dog visits. This survey also asks about insect, pest, and weed control.;;;;;;;;;;;;;;;
286;Does DOG drink from outdoor water sources (such as lakes, rivers, streams, ponds, puddles, etc.)?;NA;Likert;2;Never|Rarely|Sometimes|Often|Always;25;Environment - Out and About;Please tell us about your yard and the other outdoor spaces your dog visits. This survey also asks about insect, pest, and weed control.;;;;;;;;;;;;;;;