IID	age	sex	F1	F1_SE	F2	F2_SE	F3	F3_SE	item7	item153	item154	item155	item93	item95	item150	item145	item146	item147	item148	item149	item151	item152
2063	11	2	0.454278809569516	0.94239389792813	-0.627869255513938	0.580256634442725	NA	NA	4	NA	NA	NA	2	1	NA	NA	NA	NA	NA	NA	NA	NA
7529	10	1	-0.332189846679887	0.206464315413851	0.47902648189112	0.360278256623955	-0.256040511953333	0.620964212915272	1	2	2	1	1	2	1	1	1	1	3	2	1	1
4572	13	2	0.618464289680877	0.986332131322507	1.62971112160936	0.368511970024058	NA	NA	5	NA	NA	NA	4	3	NA	NA	NA	NA	NA	NA	NA	NA
122	7	1	-0.332189846679887	0.206464315413851	0.57561140874089	0.351436668615328	-1.15511762742498	0.716190104428349	1	2	2	1	2	2	1	2	1	1	1	1	1	1
4626	3	2	-0.447271895270133	0.947151555990503	-0.495393863327373	0.566808090560261	NA	NA	1	NA	NA	NA	3	1	NA	NA	NA	NA	NA	NA	NA	NA
4619	10	1	0.454278809569516	0.94239389792813	-0.998924733516516	0.678445831007182	NA	NA	4	NA	NA	NA	1	1	NA	NA	NA	NA	NA	NA	NA	NA
4573	1	2	0.97353651278697	0.222052017895777	-0.672555804286283	0.573913270328319	0.372636403775496	0.570964377645567	2	4	4	1	2	1	1	2	2	1	2	3	1	1
10865	1	2	-1.33522798140931	0.359411499522025	-0.546002038113654	0.560317466652551	-0.413675142836758	0.747904356126007	2	1	1	1	3	1	1	1	1	1	1	6	1	1
4551	8	2	-0.200591344671187	0.207417701110271	0.47902648189112	0.360278256623955	0.421720652044866	0.65551788203438	2	2	2	3	1	2	1	2	1	1	5	1	2	1
4651	1	2	0.232610156631619	0.904880288934675	0.666908432076742	0.367297180433663	NA	NA	3	NA	NA	NA	2	2	NA	NA	NA	NA	NA	NA	NA	NA
4575	3	1	0.97353651278697	0.222052017895777	-1.03714279541407	0.671377580319932	1.13149681512781	0.556694498396878	2	4	4	1	1	1	1	2	2	1	4	5	1	1
13096	NA	NA	NA	NA	NA	NA	NA	NA	NA	NA	NA	NA	NA	NA	NA	NA	NA	NA	NA	NA	NA	NA
13094	NA	NA	NA	NA	NA	NA	NA	NA	NA	NA	NA	NA	NA	NA	NA	NA	NA	NA	NA	NA	NA	NA
4625	9	1	0.454278809569516	0.94239389792813	-0.998924733516516	0.678445831007182	NA	NA	4	NA	NA	NA	1	1	NA	NA	NA	NA	NA	NA	NA	NA
4577	7	1	0.389370538211329	0.0758059188847238	-0.495393863327373	0.566808090560261	0.0192406890890328	0.675423874357714	4	NA	3	1	3	1	NA	1	1	1	4	2	NA	NA
2239	10	2	0.457933653937466	0.0466433551376993	0.843452785840551	0.338210353362157	-0.462665435930163	0.662509373346524	2	4	3	2	2	2	2	1	1	1	2	1	2	1
3350	11	1	-0.0701388750830163	0.904250324957875	0.666908432076742	0.367297180433663	NA	NA	2	NA	NA	NA	2	2	NA	NA	NA	NA	NA	NA	NA	NA
94	5	2	0.385124426217291	0.0672402770932011	-1.03714279541407	0.671377580319932	-0.964662141566563	0.700299012154808	2	3	3	1	1	1	1	1	NA	1	2	1	1	1
4603	14	2	0.454278809569516	0.94239389792813	0.666908432076742	0.367297180433663	NA	NA	4	NA	NA	NA	2	2	NA	NA	NA	NA	NA	NA	NA	NA
1230	8	1	-1.417017145299	0.417347665168179	0.856301091994105	0.346237163895904	-0.37084572420845	0.661356534580647	1	1	1	1	NA	2	2	2	1	1	1	3	1	1
3385	1	2	1.11824034594554	0.247747378029615	0.57561140874089	0.351436668615328	0.723588771278556	0.598081047715897	1	4	4	3	2	2	1	2	1	2	5	2	1	1
2713	8	2	1.05170755350372	0.238254458006009	-0.672555804286283	0.573913270328319	1.57853616482475	0.571517251442367	2	4	NA	2	2	1	1	4	3	2	1	4	2	1
2843	7	1	2.62306391978653	0.623069665464225	2.45744998813103	0.321434134218324	0.418215416533485	0.573645385460626	5	5	5	5	5	4	3	2	2	1	3	2	1	1
213	11	1	0.327920760196035	0.044700833322772	1.31113790068387	0.359230396236553	0.403033439515582	0.608460692535857	2	2	3	1	2	3	1	1	2	1	3	1	2	1
2821	4	2	1.0553180855096	0.246365174323605	-0.672555804286283	0.573913270328319	-0.57914331002653	0.635729287991779	2	4	4	NA	2	1	1	1	1	1	2	2	1	NA
71	5	1	-1.417017145299	0.417347665168179	-1.03714279541407	0.671377580319932	-1.00618804280855	0.68657711504414	1	1	1	1	1	1	1	1	1	1	2	1	1	1
23	4	1	1.17543014878189	0.246005172692389	0.57561140874089	0.351436668615328	1.06139047150664	0.561240487903974	4	4	4	3	2	2	1	2	1	1	4	4	1	3
30	1	1	-0.296902817852704	0.211088916722729	0.57561140874089	0.351436668615328	-0.335154621747144	0.615872339484269	3	2	2	1	2	2	1	2	1	1	2	2	1	1
4525	4	2	1.7651209111373	0.0467982890018606	0.47902648189112	0.360278256623955	-0.119726041273567	0.698490310519277	1	4	5	2	1	2	1	1	1	2	1	1	1	3
219	9	1	-0.0701388750830163	0.904250324957875	-0.998924733516516	0.678445831007182	NA	NA	2	NA	NA	NA	1	1	NA	NA	NA	NA	NA	NA	NA	NA
3396	9	2	1.7651209111373	0.0467982890018606	-1.03714279541407	0.671377580319932	0.257163435050798	0.576306138245582	1	4	5	2	1	1	1	2	1	1	3	3	1	1
3389	2	1	1.17543014878189	0.246005172692389	1.43403293323917	0.354260294642027	0.808337666347885	0.599409481149117	4	4	4	3	4	3	1	3	1	1	5	4	1	1
8	1	1	0.457933653937466	0.0466433551376993	-0.546002038113654	0.560317466652551	0.294691193561952	0.584319567766896	2	4	3	2	3	1	1	1	2	1	2	2	2	1
290	2	2	-1.417017145299	0.417347665168179	-1.03714279541407	0.671377580319932	-1.00618804280855	0.68657711504414	1	1	1	1	1	1	1	1	1	1	2	1	1	1
390	6	1	0.38350434404399	0.0669703476748767	-0.672555804286283	0.573913270328319	-0.0513318077064314	0.602602683378642	1	3	3	1	2	1	1	2	1	1	2	3	1	1
298	3	2	-1.417017145299	0.417347665168179	-0.546002038113654	0.560317466652551	-1.00618804280855	0.68657711504414	1	1	1	1	3	1	1	1	1	1	2	1	1	1
603	5	2	1.07131066366738	0.239511467275867	-0.0660968825342023	0.439189498419134	0.757746762122569	0.549164459102156	3	4	4	2	2	1	2	2	2	1	2	3	1	2
1234	5	1	2.15768990435288	0.285904099927737	0.112146692985864	0.449559437402089	-0.0513318077064314	0.602602683378642	3	5	5	3	3	1	4	2	1	1	2	3	1	1
2705	1	1	1.17543014878189	0.246005172692389	0.761436603280432	0.343905874345182	0.769744953724239	0.568979242087688	4	4	4	3	1	2	2	1	1	1	4	4	2	1
1233	7	2	-0.202425192720471	0.205685106401989	0.901807142293105	0.370167872162532	0.753325663877918	0.596170214179549	4	2	2	2	1	2	5	1	1	1	4	3	5	1
3495	9	1	-0.202425192720471	0.205685106401989	0.57561140874089	0.351436668615328	0.720986379357937	0.575871266903358	4	2	2	2	2	2	1	1	1	1	3	5	2	1
5403	10	1	1.09074004786057	0.242245888359561	1.8673383864289	0.344106823451992	1.14862291525563	0.605703505028311	4	4	4	2	4	3	4	2	3	1	3	2	4	1
1272	9	1	1.10501497485336	0.24428491019529	-1.03714279541407	0.671377580319932	-1.51097713883035	0.728409944662597	5	4	4	2	1	1	1	1	1	1	1	1	1	1
3	6	2	0.385124426217291	0.0672402770932011	-1.03714279541407	0.671377580319932	-1.15511762742498	0.716190104428349	2	3	3	1	1	1	1	2	1	1	1	1	1	1
3980	3	1	-0.210987973444028	0.206558115601486	-0.672555804286283	0.573913270328319	-0.335154621747144	0.615872339484269	3	2	2	2	2	1	1	2	1	1	2	2	1	1
341	5	1	-1.417017145299	0.417347665168179	-0.875389177354486	0.662278115608074	-0.449519640514356	0.736423661752218	1	1	1	1	NA	1	1	1	1	1	1	5	1	1
2714	8	1	-0.312813307588382	0.209328351113669	-0.672555804286283	0.573913270328319	1.76363472351673	0.514781277859185	2	2	2	1	2	1	1	1	2	2	5	3	2	2
4441	14	2	0.389908240980995	0.0679642753717814	0.912728614223306	0.337694736611178	-0.256040511953333	0.620964212915272	2	3	3	NA	3	2	2	1	1	1	3	2	1	1
10970	9	1	-1.417017145299	0.417347665168179	-1.03714279541407	0.671377580319932	-0.150123790372394	0.646731748688584	1	1	1	1	1	1	1	2	2	1	2	1	1	1
10740	3	1	-0.210987973444028	0.206558115601486	-0.672555804286283	0.573913270328319	-1.51097713883035	0.728409944662597	3	2	2	2	2	1	1	1	1	1	1	1	1	1
2878	8	1	-1.28809353731803	0.333587169332184	0.761436603280432	0.343905874345182	0.437701625313733	0.580544682033318	4	1	1	1	1	2	2	2	1	1	3	4	1	1
2946	3	2	-0.226617655046107	0.208367221928936	-0.672555804286283	0.573913270328319	-0.596599435841515	0.630558902398885	2	2	2	2	2	1	1	1	1	1	2	2	1	1
4214	1	2	2.17757595701202	0.298004739576616	0.912728614223306	0.337694736611178	0.77299295946192	0.611725575044832	NA	5	5	3	3	2	2	2	2	1	2	NA	1	2
4631	12	1	-1.417017145299	0.417347665168179	-1.03714279541407	0.671377580319932	-0.616235439234278	0.69215253528538	1	1	1	1	1	1	1	1	1	1	3	1	1	1
4547	4	1	2.04253327193497	0.240130173771179	2.47298778884457	0.493793111892249	0.308686209548129	0.620568732849997	2	5	5	2	1	5	1	1	1	1	3	5	1	1
10841	5	2	-0.312813307588382	0.209328351113669	-0.672555804286283	0.573913270328319	-0.37084572420845	0.661356534580647	2	2	2	1	2	1	1	2	1	1	1	3	1	1
2908	8	1	-0.447271895270133	0.947151555990503	-0.998924733516516	0.678445831007182	NA	NA	1	NA	NA	NA	1	1	NA	NA	NA	NA	NA	NA	NA	NA
4661	4	1	-0.447271895270133	0.947151555990503	-0.627869255513938	0.580256634442725	NA	NA	1	NA	NA	NA	2	1	NA	NA	NA	NA	NA	NA	NA	NA
4608	NA	1	-0.332189846679887	0.206464315413851	-0.672555804286283	0.573913270328319	-0.596599435841515	0.630558902398885	1	2	2	1	2	1	1	1	1	1	2	2	1	1
4580	2	2	-0.226617655046107	0.208367221928936	-0.672555804286283	0.573913270328319	-0.449519640514356	0.736423661752218	2	2	2	2	2	1	1	1	1	1	1	5	1	1
16182	17	2	-1.417017145299	0.417347665168179	1.78508808551302	0.334118621267983	-1.51097713883035	0.728409944662597	1	1	1	1	4	3	3	1	1	1	1	1	1	1
4552	3	1	-0.0701388750830163	0.904250324957875	-0.627869255513938	0.580256634442725	NA	NA	2	NA	NA	NA	2	1	NA	NA	NA	NA	NA	NA	NA	NA
4419	NA	NA	1.15896968540522	0.252697217697403	-0.672555804286283	0.573913270328319	-0.4464576111461	0.732690788189372	1	4	4	4	2	1	1	1	1	1	6	1	1	1
1927	12	1	0.232610156631619	0.904880288934675	0.666908432076742	0.367297180433663	NA	NA	3	NA	NA	NA	2	2	NA	NA	NA	NA	NA	NA	NA	NA
2102	13	2	0.33164983182601	0.0465106488666189	0.68043287079947	0.353317569782913	0.720986379357937	0.575871266903358	2	2	3	2	4	2	1	1	1	1	3	5	2	1
16185	17	2	-1.417017145299	0.417347665168179	0.47902648189112	0.360278256623955	-1.15511762742498	0.716190104428349	1	1	1	1	1	2	1	2	1	1	1	1	1	1
4630	3	1	-0.0701388750830163	0.904250324957875	-0.998924733516516	0.678445831007182	NA	NA	2	NA	NA	NA	1	1	NA	NA	NA	NA	NA	NA	NA	NA
5063	9	2	0.327193961135763	0.0443564462252122	-1.03714279541407	0.671377580319932	-0.994713697360366	0.67501613137766	1	2	3	1	1	1	1	1	1	1	1	2	1	1
1485	4	2	0.454278809569516	0.94239389792813	-0.627869255513938	0.580256634442725	NA	NA	4	NA	NA	NA	2	1	NA	NA	NA	NA	NA	NA	NA	NA
4663	4	2	0.454278809569516	0.94239389792813	-0.998924733516516	0.678445831007182	NA	NA	4	NA	NA	NA	1	1	NA	NA	NA	NA	NA	NA	NA	NA
10964	NA	2	0.0578286289938525	0.0428073757572317	0.649059676340311	0.35034407583782	0.308686209548129	0.620568732849997	3	4	2	1	3	2	1	1	1	1	3	5	1	1
2860	3	2	-0.288276239696275	0.212057930126438	-0.498956958136958	0.56003264128841	0.0390145401721963	0.627825190856354	4	2	2	1	5	1	1	1	2	1	1	2	2	1
4618	3	2	0.454278809569516	0.94239389792813	1.49522907400115	0.372118990889023	NA	NA	4	NA	NA	NA	2	3	NA	NA	NA	NA	NA	NA	NA	NA
2170	4	1	1.4814951696062	0.0477098365967282	1.78508808551302	0.334118621267983	1.40041277557109	0.59828256898479	2	5	4	3	4	3	3	2	2	1	6	6	1	1
2177	4	1	0.459306771236737	0.0459702535378159	0.97488390756065	0.360695740167796	0.326226219361563	0.60997547344781	4	4	3	2	2	2	4	NA	1	1	3	4	1	1
4672	15	2	0.232610156631619	0.904880288934675	-0.627869255513938	0.580256634442725	NA	NA	3	NA	NA	NA	2	1	NA	NA	NA	NA	NA	NA	NA	NA
4715	13	1	0.335574482333783	0.0485314278489709	-0.546002038113654	0.560317466652551	0.15182085397111	0.587663975643466	5	2	3	3	3	1	1	1	2	1	2	3	1	1
4680	11	2	-0.0701388750830163	0.904250324957875	1.41612058590083	0.384051028626352	NA	NA	2	NA	NA	NA	1	3	NA	NA	NA	NA	NA	NA	NA	NA
22167	9	1	0.454278809569516	0.94239389792813	0.564473161732923	0.375063276367103	NA	NA	4	NA	NA	NA	1	2	NA	NA	NA	NA	NA	NA	NA	NA
1350	13	2	1.13433125704177	0.247210019702554	-0.51669949689853	0.559938230825302	0.733032590051395	0.547749565413964	2	4	4	3	4	1	1	2	2	1	2	3	2	1
10827	12	2	1.11824034594554	0.247747378029615	1.64627694991182	0.331195455584932	-0.150123790372394	0.646731748688584	1	4	4	3	4	3	2	2	2	1	2	1	1	1
87	12	1	0.232610156631619	0.904880288934675	0.666908432076742	0.367297180433663	NA	NA	3	NA	NA	NA	2	2	NA	NA	NA	NA	NA	NA	NA	NA
2400	9	1	1.09716504907337	0.251988907871702	-0.672555804286283	0.573913270328319	0.796731094933988	0.569368532164424	4	4	4	NA	2	1	1	1	1	1	4	4	1	2
1740	3	1	1.07131066366738	0.239511467275867	0.666908432076742	0.367297180433663	0.846821834700993	0.54980228332467	3	4	4	2	2	2	NA	2	1	2	3	2	2	1
12728	4	1	-0.312813307588382	0.209328351113669	-0.672555804286283	0.573913270328319	-0.692920794230491	0.672605015458528	2	2	2	1	2	1	1	2	1	1	2	1	1	1
2457	5	1	1.17543014878189	0.246005172692389	-0.51669949689853	0.559938230825302	0.372636403775496	0.570964377645567	4	4	4	3	4	1	1	2	2	1	2	3	1	1
2886	10	2	1.17543014878189	0.246005172692389	-1.03714279541407	0.671377580319932	-0.305783448320168	0.666173963902021	4	4	4	3	1	1	1	2	1	1	3	1	1	1
4217	1	1	-0.296902817852704	0.211088916722729	0.57561140874089	0.351436668615328	0.951426359998299	0.5430970662352	3	2	2	1	2	2	1	1	2	1	4	3	2	1
2900	12	1	1.00822287356149	0.232539365727071	-1.03714279541407	0.671377580319932	-0.37084572420845	0.661356534580647	4	4	4	1	1	1	1	2	1	1	1	3	1	1
5252	12	1	-1.30009111296777	0.339574280934789	-1.03714279541407	0.671377580319932	0.470431001968975	0.645462037116332	3	1	NA	1	1	1	1	2	2	1	2	1	3	1
3388	5	1	-1.417017145299	0.417347665168179	0.47902648189112	0.360278256623955	-0.121034521004346	0.605887241019878	1	1	1	1	1	2	1	1	2	1	2	2	1	1
1698	11	2	0.731983542653502	0.0427722029692988	2.47298778884457	0.493793111892249	0.968372130110931	0.525075820173188	2	2	4	3	1	5	1	2	2	1	3	3	2	1
11683	11	1	0.393265885012284	0.067987321326981	-0.498956958136958	0.56003264128841	-0.462665435930163	0.662509373346524	2	3	3	2	5	1	1	1	1	1	2	1	2	1
6726	14	2	-0.0701388750830163	0.904250324957875	-0.627869255513938	0.580256634442725	NA	NA	2	NA	NA	NA	2	1	NA	NA	NA	NA	NA	NA	NA	NA
2259	5	1	1.17543014878189	0.246005172692389	0.947475563782554	0.341199772680083	-0.256040511953333	0.620964212915272	4	4	4	3	4	2	2	1	1	1	3	2	1	1
4648	5	2	-0.447271895270133	0.947151555990503	0.666908432076742	0.367297180433663	NA	NA	1	NA	NA	NA	2	2	NA	NA	NA	NA	NA	NA	NA	NA
5021	NA	NA	-1.417017145299	0.417347665168179	-1.03714279541407	0.671377580319932	-0.692920794230491	0.672605015458528	1	1	1	1	1	1	1	2	1	1	2	1	1	1
4811	1	2	-0.225079078757314	0.209220298137837	1.38571605159114	0.352618245857028	0.418215416533485	0.573645385460626	NA	2	2	2	3	3	1	2	2	1	3	2	1	1
5317	10	1	-1.417017145299	0.417347665168179	1.31113790068387	0.359230396236553	-1.15511762742498	0.716190104428349	1	1	1	1	2	3	1	2	1	1	1	1	1	1
88	4	1	0.454278809569516	0.94239389792813	0.785126400687329	0.371684090940198	NA	NA	4	NA	NA	NA	4	2	NA	NA	NA	NA	NA	NA	NA	NA
2409	11	2	0.0618261939043434	0.0408412591946351	0.564473161732923	0.375063276367103	0.893142560674498	0.618291816576297	2	4	2	3	1	2	NA	3	1	NA	5	4	1	1
22128	NA	NA	NA	NA	NA	NA	NA	NA	NA	NA	NA	NA	NA	NA	NA	NA	NA	NA	NA	NA	NA	NA
4662	1	1	-0.210987973444028	0.206558115601486	-1.03714279541407	0.671377580319932	0.0981799393501601	0.609757214037628	3	2	2	2	1	1	1	3	1	1	3	2	1	1
1351	11	2	1.09074004786057	0.242245888359561	0.843452785840551	0.338210353362157	-0.305783448320168	0.666173963902021	4	4	4	2	2	2	2	2	1	1	3	1	1	1
281	4	1	-0.447271895270133	0.947151555990503	2.24909729918117	0.373784035869741	NA	NA	1	NA	NA	NA	2	4	NA	NA	NA	NA	NA	NA	NA	NA
3345	7	1	1.48099189649992	0.0479962561923454	1.31113790068387	0.359230396236553	0.769744953724239	0.568979242087688	1	5	4	3	2	3	1	1	1	1	4	4	2	1
4653	1	2	0.232610156631619	0.904880288934675	0.666908432076742	0.367297180433663	NA	NA	3	NA	NA	NA	2	2	NA	NA	NA	NA	NA	NA	NA	NA
144	5	1	-0.447271895270133	0.947151555990503	1.41612058590083	0.384051028626352	NA	NA	1	NA	NA	NA	1	3	NA	NA	NA	NA	NA	NA	NA	NA
3051	3	1	2.1798093158566	0.313399088157302	2.58638528636204	0.326410919987583	1.23729222649577	0.58871299139723	4	5	5	NA	4	4	5	1	1	4	4	3	1	4
120	5	1	-0.312813307588382	0.209328351113669	-1.03714279541407	0.671377580319932	0.349699980913109	0.638137953864765	2	2	2	1	1	1	1	3	1	1	2	5	1	1
121	6	1	-0.219613563737909	0.210816738968065	-1.03714279541407	0.671377580319932	-0.0985805408640952	0.708030548700103	1	2	2	3	1	1	1	2	1	1	6	1	1	1
5406	5	1	1.09716504907337	0.251988907871702	1.64627694991182	0.331195455584932	1.41556873837741	0.554287173355798	4	4	4	NA	4	3	2	2	4	2	4	3	1	1
4623	3	2	0.459306771236737	0.0459702535378159	-0.0660968825342023	0.439189498419134	0.681685899103248	0.591802951366649	4	4	3	2	2	1	2	2	1	1	2	5	1	2
2846	9	1	0.393265885012284	0.067987321326981	0.649059676340311	0.35034407583782	0.486945600829527	0.570994493195095	2	3	3	2	3	2	1	2	1	2	3	2	1	1
4615	10	2	-0.312813307588382	0.209328351113669	0.57561140874089	0.351436668615328	-0.596599435841515	0.630558902398885	2	2	2	1	2	2	1	1	1	1	2	2	1	1
1976	13	1	0.0563879822756144	0.0435518599041222	-0.199213705211889	0.485875671473602	-0.256040511953333	0.620964212915272	1	4	2	1	1	1	3	1	1	1	3	2	1	1
2662	2	1	-0.332189846679887	0.206464315413851	-1.03714279541407	0.671377580319932	0.73077090836363	0.588516423374082	1	2	2	1	1	1	1	3	1	1	4	4	1	1
2237	12	2	2.32917320777192	0.409672092270834	-0.199213705211889	0.485875671473602	-0.0985805408640952	0.708030548700103	1	5	5	5	1	1	3	2	1	1	6	1	1	1
3403	6	1	1.11824034594554	0.247747378029615	-1.03714279541407	0.671377580319932	0.257163435050798	0.576306138245582	1	4	4	3	1	1	1	2	1	1	3	3	1	1
1621	9	1	0.959848272810263	0.217633645476233	-0.672555804286283	0.573913270328319	-1.00618804280855	0.68657711504414	1	4	4	1	2	1	1	1	1	1	2	1	1	1
3402	7	1	-0.332189846679887	0.206464315413851	-1.03714279541407	0.671377580319932	-0.596599435841515	0.630558902398885	1	2	2	1	1	1	1	1	1	1	2	2	1	1
168	12	1	-0.447271895270133	0.947151555990503	NA	NA	NA	NA	1	NA	NA	NA	NA	NA	NA	NA	NA	NA	NA	NA	NA	NA
135	1	1	-0.447271895270133	0.947151555990503	0.666908432076742	0.367297180433663	NA	NA	1	NA	NA	NA	2	2	NA	NA	NA	NA	NA	NA	NA	NA
114	2	2	-1.417017145299	0.417347665168179	0.947475563782554	0.341199772680083	0.26803138862112	0.585301892379391	1	1	1	1	4	2	2	1	1	2	3	2	1	1
1078	8	1	-1.36440173979217	0.384129220227222	-1.03714279541407	0.671377580319932	0.557800918988278	0.576242907047168	NA	1	1	1	1	1	1	2	2	1	2	4	1	1
857	6	1	2.00116483914388	0.226577777702082	0.57561140874089	0.351436668615328	0.870936721228152	0.534846672458157	2	5	5	1	2	2	1	1	2	2	3	3	1	1
124	10	1	-0.541204275455815	0.0508410772684186	0.843452785840551	0.338210353362157	0.780165953394871	0.55466050601219	5	1	2	3	2	2	2	2	1	1	4	3	2	1
1324	2	1	2.22945556802651	0.322839504304403	2.64988752297451	0.328776369733739	1.02901717438911	0.593975258858505	5	5	5	3	5	4	5	1	1	1	5	4	3	1
964	4	2	0.97353651278697	0.222052017895777	-1.03714279541407	0.671377580319932	-1.51097713883035	0.728409944662597	2	4	4	1	1	1	1	1	1	1	1	1	1	1
14	2	2	1.09074004786057	0.242245888359561	-1.03714279541407	0.671377580319932	-0.00681112572602824	0.601528868656194	4	4	4	2	1	1	1	2	1	1	3	2	1	1
635	4	1	1.09074004786057	0.242245888359561	1.43403293323917	0.354260294642027	-0.0513318077064314	0.602602683378642	4	4	4	2	4	3	1	2	1	1	2	3	1	1
1206	9	1	1.7715813852741	0.0504160131218892	0.00487455691707179	0.452582515579453	0.381442527503467	0.641337165812124	2	4	5	4	2	1	4	2	2	1	4	1	1	1
84	2	2	0.454278809569516	0.94239389792813	1.62971112160936	0.368511970024058	NA	NA	4	NA	NA	NA	4	3	NA	NA	NA	NA	NA	NA	NA	NA
3636	9	2	1.15896968540522	0.252697217697403	-1.03714279541407	0.671377580319932	-0.0717149444800273	0.655154709001186	1	4	4	4	1	1	1	1	1	1	6	2	1	1
31001602031146-a	NA	NA	NA	NA	NA	NA	NA	NA	NA	NA	NA	NA	NA	NA	NA	NA	NA	NA	NA	NA	NA	NA
716	2	1	-0.0701388750830163	0.904250324957875	-0.998924733516516	0.678445831007182	NA	NA	2	NA	NA	NA	1	1	NA	NA	NA	NA	NA	NA	NA	NA
1130	2	2	2.62306391978653	0.623069665464225	1.9168093103671	0.3486893827365	0.912921025535641	0.599162155402858	5	5	5	5	5	3	4	1	4	1	3	5	1	1
3093	5	2	1.03676383910366	0.235471989320322	-1.03714279541407	0.671377580319932	0.792940138884865	0.568613461281546	1	4	4	2	1	1	1	1	2	1	4	4	1	1
3123	5	2	-0.176672122480569	0.202946108368528	0.57561140874089	0.351436668615328	-0.00681112572602824	0.601528868656194	4	2	2	3	2	2	1	2	1	1	3	2	1	1
1510	4	2	-1.33522798140931	0.359411499522025	-0.672555804286283	0.573913270328319	-0.140322218927153	0.642479590016018	2	1	1	1	2	1	1	1	1	1	2	4	1	1
3136	4	1	0.74634625150718	0.0491891269018229	0.843452785840551	0.338210353362157	-0.0513318077064314	0.602602683378642	2	3	4	2	2	2	2	2	1	1	2	3	1	1
344	10	1	0.38350434404399	0.0669703476748767	-1.03714279541407	0.671377580319932	-1.00618804280855	0.68657711504414	1	3	3	1	1	1	1	1	1	1	2	1	1	1
3244	12	2	1.13433125704177	0.247210019702554	-0.199213705211889	0.485875671473602	0.463763692319645	0.598209556031288	2	4	4	3	1	1	3	2	1	1	5	3	1	1
3145	9	1	-0.0701388750830163	0.904250324957875	0.666908432076742	0.367297180433663	NA	NA	2	NA	NA	NA	2	2	NA	NA	NA	NA	NA	NA	NA	NA
3964	4	1	1.09074004786057	0.242245888359561	0.649059676340311	0.35034407583782	-1.51097713883035	0.728409944662597	4	4	4	2	3	2	1	1	1	1	1	1	1	1
2758	1	1	1.1546704732376	0.2464776135302	1.78508808551302	0.334118621267983	1.26449625992111	0.587108627261873	3	4	4	3	4	3	3	2	4	1	4	4	1	NA
392	12	2	-1.417017145299	0.417347665168179	-0.249794077934664	0.478477060404757	-1.00618804280855	0.68657711504414	1	1	1	1	1	1	2	1	1	1	2	1	1	1
220	5	1	-0.447271895270133	0.947151555990503	-0.998924733516516	0.678445831007182	NA	NA	1	NA	NA	NA	1	1	NA	NA	NA	NA	NA	NA	NA	NA
3863	3	1	0.474674140989601	0.0396929077053198	-0.0660968825342023	0.439189498419134	0.672214944702907	0.569924604978621	2	5	3	3	2	1	2	1	1	2	2	3	1	3
3948	3	2	1.05202445654258	0.237240175999787	0.57561140874089	0.351436668615328	-0.41038298339895	0.670946253475543	2	4	4	2	2	2	1	1	1	1	2	1	1	4
3998	1	1	1.07612243422975	0.248966936399711	-0.249794077934664	0.478477060404757	-0.0457524173066048	0.603133416117948	3	4	4	NA	1	1	2	1	1	2	2	2	1	1
393	5	2	-0.332189846679887	0.206464315413851	-1.03714279541407	0.671377580319932	-0.335154621747144	0.615872339484269	1	2	2	1	1	1	1	2	1	1	2	2	1	1
5558	3	1	0.0412378559702918	0.05050201822187	0.57561140874089	0.351436668615328	0.437701625313733	0.580544682033318	4	3	2	NA	2	2	1	2	1	1	3	4	1	1
2752	9	2	0.0439293150911346	0.0489262038469989	0.57561140874089	0.351436668615328	0.53456588375691	0.56016588254416	4	3	2	2	2	2	1	1	2	1	2	3	2	1
391	12	1	-0.312813307588382	0.209328351113669	0.761436603280432	0.343905874345182	-1.51097713883035	0.728409944662597	2	2	2	1	1	2	2	1	1	1	1	1	1	1
2036	2	1	-0.312813307588382	0.209328351113669	-1.03714279541407	0.671377580319932	0.117792148620668	0.59300574685328	2	2	2	1	1	1	1	2	2	1	2	2	1	1
5465	7	2	1.17543014878189	0.246005172692389	2.17494841175501	0.369568913369865	1.21265633406998	0.587520611156076	4	4	4	3	5	4	1	3	2	1	4	2	1	4
4542	6	1	1.17543014878189	0.246005172692389	0.57561140874089	0.351436668615328	1.44352250871862	0.533803708507503	4	4	4	3	2	2	1	3	2	1	3	4	3	1
2223	NA	2	0.458726029224383	0.0462506812744692	0.912728614223306	0.337694736611178	2.77361412370396	0.548721162315749	3	4	3	2	3	2	2	4	4	3	3	6	2	2
2451	6	2	1.00822287356149	0.232539365727071	-1.03714279541407	0.671377580319932	0.976377087287341	0.613238877224905	4	4	4	1	1	1	1	3	1	1	2	5	3	1
4652	6	1	2.04253327193497	0.240130173771179	0.68043287079947	0.353317569782913	0.174547696646506	0.588859822791832	2	5	5	2	4	2	1	1	1	1	3	2	2	1
3288	NA	NA	0.389908240980995	0.0679642753717814	0.97488390756065	0.360695740167796	0.966072870796647	0.532958206528008	2	3	3	NA	2	2	4	1	2	1	3	4	2	1
3925	7	2	-0.332189846679887	0.206464315413851	-1.03714279541407	0.671377580319932	-0.596599435841515	0.630558902398885	1	2	2	1	1	1	1	1	1	1	2	2	1	1
206	2	1	-1.28809353731803	0.333587169332184	-0.51669949689853	0.559938230825302	-0.994713697360366	0.67501613137766	4	1	1	1	4	1	1	1	1	1	1	2	1	1
2356	2	2	1.17543014878189	0.246005172692389	-0.672555804286283	0.573913270328319	0.486091533740062	0.630314271670191	4	4	4	3	2	1	1	1	1	1	4	5	1	1
268	8	2	-0.0701388750830163	0.904250324957875	0.666908432076742	0.367297180433663	NA	NA	2	NA	NA	NA	2	2	NA	NA	NA	NA	NA	NA	NA	NA
1610	7	1	0.393265885012284	0.067987321326981	-0.672555804286283	0.573913270328319	0.433860927713633	0.654305799120727	2	3	3	2	2	1	1	2	1	1	4	1	1	3
879	4	1	1.13433125704177	0.247210019702554	-0.546002038113654	0.560317466652551	2.24006345914024	0.598799202018571	2	4	4	3	3	1	1	4	4	1	6	4	4	1
59	3	1	0.454278809569516	0.94239389792813	0.785126400687329	0.371684090940198	NA	NA	4	NA	NA	NA	4	2	NA	NA	NA	NA	NA	NA	NA	NA
2385	5	1	-0.226617655046107	0.208367221928936	-1.03714279541407	0.671377580319932	-0.678225176257484	0.689374167866634	2	2	2	2	1	1	1	1	1	1	1	3	1	1
3698	7	1	1.10501497485336	0.24428491019529	0.702344714479561	0.356138819632409	-0.265126619664752	0.671307602545125	5	4	4	2	5	2	1	3	1	1	1	3	1	1
3492	3	1	1.05202445654258	0.237240175999787	-0.672555804286283	0.573913270328319	0.0290760092854222	0.598814090251098	2	4	4	2	2	1	1	1	1	1	3	3	1	1
3954	8	1	-0.245837005657461	0.21056098088498	-1.03714279541407	0.671377580319932	-0.335154621747144	0.615872339484269	1	2	2	2	1	1	1	2	1	1	2	2	1	1
3764	9	2	2.35158054981994	0.397748120633611	0.57561140874089	0.351436668615328	0.182766309299587	0.630687632959669	4	5	5	4	2	2	1	2	1	1	5	2	1	1
2501	11	2	1.00822287356149	0.232539365727071	-1.03714279541407	0.671377580319932	-0.577942134700785	0.636585048039211	4	4	4	1	1	1	1	1	1	NA	2	2	1	1
5322	11	2	-0.835942122125085	0.0499824166598139	0.57561140874089	0.351436668615328	-0.461448084151222	0.727846402606718	3	2	1	1	2	2	1	1	1	1	5	1	1	1
3243	6	2	2.19188078718251	0.302148558440493	-0.546002038113654	0.560317466652551	0.796703996239876	0.546019277637506	4	5	5	3	3	1	1	2	1	2	2	3	2	1
3200	12	2	-1.417017145299	0.417347665168179	-0.0660968825342023	0.439189498419134	0.690545636530783	0.605212169333455	1	1	1	1	2	1	2	2	2	1	NA	2	2	1
343	4	1	-0.288276239696275	0.212057930126438	0.57561140874089	0.351436668615328	0.0959902669759986	0.59285084716317	4	2	2	1	2	2	1	2	1	1	2	2	2	1
139	3	1	1.03676383910366	0.235471989320322	0.57561140874089	0.351436668615328	-0.305783448320168	0.666173963902021	1	4	4	2	2	2	1	2	1	1	3	1	1	1
2137	11	1	-1.3001021339318	0.339532683659676	1.31113790068387	0.359230396236553	0.0470042807407625	0.675690053924463	3	1	1	1	2	3	1	1	1	1	3	1	4	1
223	7	1	-0.312813307588382	0.209328351113669	0.57561140874089	0.351436668615328	0.130263974402055	0.588069292473812	2	2	2	1	2	2	1	1	1	1	2	3	2	1
148	4	2	-0.210987973444028	0.206558115601486	-0.672555804286283	0.573913270328319	-0.437443046045611	0.662308078009774	3	2	2	2	2	1	1	1	2	1	2	1	1	1
167	12	1	0.232610156631619	0.904880288934675	1.41612058590083	0.384051028626352	NA	NA	3	NA	NA	NA	1	3	NA	NA	NA	NA	NA	NA	NA	NA
779	7	2	-1.13278710022581	0.256161869619422	0.57561140874089	0.351436668615328	1.35453816633039	0.54921738605445	2	1	NA	4	2	2	1	2	2	1	4	3	NA	2
1837	NA	2	-1.417017145299	0.417347665168179	-1.03714279541407	0.671377580319932	-1.00618804280855	0.68657711504414	1	1	1	1	1	1	1	1	1	1	2	1	1	1
2290	18	1	0.397568908597816	0.0681369047830469	2.56462518275755	0.321831765170018	0.22634514281093	0.603118499530609	1	3	3	4	5	4	4	3	2	1	2	2	1	1
2574	3	2	-1.31426940004702	0.351008714467226	-1.03714279541407	0.671377580319932	-0.119337835863652	0.606326257551549	2	1	1	NA	1	1	1	1	1	1	2	2	1	2
172	4	2	-1.417017145299	0.417347665168179	0.47902648189112	0.360278256623955	-0.596599435841515	0.630558902398885	1	1	1	1	1	2	1	1	1	1	2	2	1	1
755	7	1	-0.202425192720471	0.205685106401989	-0.51669949689853	0.559938230825302	1.08851899060251	0.562827696134397	4	2	2	2	4	1	1	2	2	1	2	4	3	1
147	1	2	-0.312813307588382	0.209328351113669	-0.672555804286283	0.573913270328319	-0.692920794230491	0.672605015458528	2	2	2	1	2	1	1	2	1	1	2	1	1	1
123	2	1	0.232610156631619	0.904880288934675	0.666908432076742	0.367297180433663	NA	NA	3	NA	NA	NA	2	2	NA	NA	NA	NA	NA	NA	NA	NA
2234	1	2	0.38350434404399	0.0669703476748767	-1.03714279541407	0.671377580319932	-1.51097713883035	0.728409944662597	1	3	3	1	1	1	1	1	1	1	1	1	1	1
1505	5	1	-0.245837005657461	0.21056098088498	1.23073487652368	0.372372924988203	0.822449150942456	0.545243297378905	1	2	2	2	1	3	1	2	2	1	3	4	1	1
149	4	1	-0.210987973444028	0.206558115601486	-0.672555804286283	0.573913270328319	-0.616235439234278	0.69215253528538	3	2	2	2	2	1	1	1	1	1	3	1	1	1
1070	11	2	0.0563879822756144	0.0435518599041222	-1.03714279541407	0.671377580319932	0.615247914275115	0.606846135509076	1	4	2	1	1	1	1	2	1	1	3	6	1	1
427	1	2	2.22945556802651	0.322839504304403	0.97488390756065	0.360695740167796	0.780165953394871	0.55466050601219	5	5	5	3	2	2	4	2	1	1	4	3	2	1
5556	4	2	0.729247891409383	0.0414275656391067	-0.51669949689853	0.559938230825302	-0.0937352603739142	0.613493985696692	2	2	4	NA	4	1	1	1	1	1	2	2	1	3
5847	3	2	-1.417017145299	0.417347665168179	-1.03714279541407	0.671377580319932	-0.00681112572602824	0.601528868656194	1	1	1	1	1	1	1	2	1	1	3	2	1	1
559	6	1	-1.28809353731803	0.333587169332184	-1.03714279541407	0.671377580319932	-0.0644626514488707	0.64333736630688	4	1	1	1	1	1	1	2	1	2	2	1	1	1
11801	4	1	0.33164983182601	0.0465106488666189	0.57561140874089	0.351436668615328	0.870936721228152	0.534846672458157	2	2	3	2	2	2	1	1	2	2	3	3	1	1
9481	1	1	1.13433125704177	0.247210019702554	1.31113790068387	0.359230396236553	1.12457093891336	0.543944454168247	2	4	4	3	2	3	1	1	2	1	3	5	1	2
8676	3	1	-1.417017145299	0.417347665168179	-1.03714279541407	0.671377580319932	-0.303022729892198	0.625204131798414	1	1	1	1	1	1	1	1	1	1	2	3	1	1
10487	8	2	-1.16999068345808	0.272365587196565	-0.498956958136958	0.56003264128841	1.14562500752826	0.645428543278785	1	1	1	4	5	1	1	4	1	1	6	6	1	1
10586	2	2	-1.417017145299	0.417347665168179	1.31113790068387	0.359230396236553	0.0390145401721963	0.627825190856354	1	1	1	1	2	3	1	1	2	1	1	2	2	1
10062	NA	2	-0.256576773257308	0.215371224811898	1.38571605159114	0.352618245857028	0.991684680387504	0.594218049108912	5	2	2	NA	3	3	1	1	1	1	4	6	2	1
6904	5	1	1.76896646741917	0.0488922499120364	-1.03714279541407	0.671377580319932	-0.335154621747144	0.615872339484269	2	4	5	3	1	1	1	2	1	1	2	2	1	1
9549	5	1	1.47869429719726	0.0492758175461955	0.57561140874089	0.351436668615328	-1.07749159171606	0.732809037302364	3	5	4	2	2	2	1	3	1	1	1	1	1	1
10463	NA	1	1.13433125704177	0.247210019702554	-0.672555804286283	0.573913270328319	0.660851008880106	0.668447633495248	2	4	4	3	2	1	1	3	1	1	1	6	2	1
6843	8	1	-1.33522798140931	0.359411499522025	-0.51669949689853	0.559938230825302	-0.0433250120854355	0.66418115597785	2	1	1	1	4	1	1	1	1	1	1	3	3	1
10524	4	1	-0.838073150688509	0.0512145355647954	-0.998924733516516	0.678445831007182	-1.48404332408107	0.738229921494882	1	2	1	1	1	1	NA	1	NA	1	1	1	1	1
10591	4	1	1.05202445654258	0.237240175999787	0.649059676340311	0.35034407583782	0.428297902893017	0.626568825516203	2	4	4	2	3	2	1	1	1	1	5	4	1	1
9420	10	2	0.959848272810263	0.217633645476233	-1.03714279541407	0.671377580319932	0.174547696646506	0.588859822791832	1	4	4	1	1	1	1	1	1	1	3	2	2	1
1040	7	1	0.0375433584405553	0.0526008884597742	1.72844802316353	0.745895461961698	-0.692920794230491	0.672605015458528	2	3	2	1	NA	NA	4	2	1	1	2	1	1	1
11447	2	2	2.05738021378594	0.245549419058154	-0.672555804286283	0.573913270328319	-0.437443046045611	0.662308078009774	3	5	5	2	2	1	1	1	2	1	2	1	1	1
11488	5	2	-1.417017145299	0.417347665168179	0.68043287079947	0.353317569782913	-0.994713697360366	0.67501613137766	1	1	1	1	4	2	1	1	1	1	1	2	1	1
8916	4	1	1.13433125704177	0.247210019702554	-1.03714279541407	0.671377580319932	0.366210141482573	0.616522858228072	2	4	4	3	1	1	1	1	1	1	4	4	1	1
9669	6	1	-1.33522798140931	0.359411499522025	-1.03714279541407	0.671377580319932	0.53739271805042	0.560827615496868	2	1	1	1	1	1	1	1	1	1	2	3	2	2
9667	10	2	-0.332189846679887	0.206464315413851	0.47902648189112	0.360278256623955	-0.692920794230491	0.672605015458528	1	2	2	1	1	2	1	2	1	1	2	1	1	1
12108	12	1	1.77416643785572	0.0519328664945095	1.53752084895147	0.332970820757428	0.130263974402055	0.588069292473812	5	4	5	4	2	3	2	1	1	1	2	3	2	1
11611	2	2	1.13433125704177	0.247210019702554	-1.03714279541407	0.671377580319932	0.602936122219928	0.56378831968239	2	4	4	3	1	1	1	1	1	1	3	4	2	1
104	4	2	0.454278809569516	0.94239389792813	1.57286817576222	0.365941856028761	NA	NA	4	NA	NA	NA	3	3	NA	NA	NA	NA	NA	NA	NA	NA
7035	8	2	-1.33522798140931	0.359411499522025	-1.03714279541407	0.671377580319932	0.0959902669759986	0.59285084716317	2	1	1	1	1	1	1	2	1	1	2	2	2	1
3810	6	2	1.13433125704177	0.247210019702554	-0.0660968825342023	0.439189498419134	-0.596599435841515	0.630558902398885	2	4	4	3	2	1	2	1	1	1	2	2	1	1
7394	2	2	1.09074004786057	0.242245888359561	0.93823610073191	0.351836406531057	0.733032590051395	0.547749565413964	4	4	4	2	2	2	3	2	2	1	2	3	2	1
10358	4	2	0.74634625150718	0.0491891269018229	-0.546002038113654	0.560317466652551	-0.303022729892198	0.625204131798414	2	3	4	2	3	1	1	1	1	1	2	3	1	1
11544	7	2	-1.417017145299	0.417347665168179	0.47902648189112	0.360278256623955	-1.00618804280855	0.68657711504414	1	1	1	1	1	2	1	1	1	1	2	1	1	1
11531	2	1	-0.831918622579797	0.0477271085637012	1.23073487652368	0.372372924988203	0.901734538094435	0.608673045641706	2	2	1	2	1	3	1	1	1	1	3	6	1	4
11481	2	2	1.09074004786057	0.242245888359561	-1.03714279541407	0.671377580319932	-0.435962104136898	0.66272410121985	4	4	4	2	1	1	1	1	1	1	2	1	1	2
10480	5	1	1.11824034594554	0.247747378029615	-0.672555804286283	0.573913270328319	-0.118610847015234	0.702063295983724	1	4	4	3	2	1	1	2	1	1	5	1	1	1
10328	4	2	1.00822287356149	0.232539365727071	-0.0660968825342023	0.439189498419134	1.39586327149636	0.561631971820899	4	4	4	1	2	1	2	1	1	2	3	5	6	1
7269	7	1	1.03676383910366	0.235471989320322	0.57561140874089	0.351436668615328	-0.142980166730207	0.605973133990095	1	4	4	2	2	2	1	1	1	1	2	2	2	1
10296	3	2	-0.171021867287793	0.202225020672666	0.761436603280432	0.343905874345182	0.257163435050798	0.576306138245582	4	2	2	4	1	2	2	2	1	1	3	3	1	1
9132	3	1	1.11824034594554	0.247747378029615	-0.249794077934664	0.478477060404757	-0.616235439234278	0.69215253528538	1	4	4	3	1	1	2	1	1	1	3	1	1	1
10360	NA	2	1.13433125704177	0.247210019702554	0.947475563782554	0.341199772680083	1.14847630773906	0.53109326938819	2	4	4	3	4	2	2	2	1	2	2	3	2	2
8531	15	2	2.01462886547864	0.232063129721303	1.53752084895147	0.332970820757428	1.0680714570633	0.660012645683891	3	5	5	1	2	3	2	5	1	1	6	2	4	1
10654	2	1	1.17543014878189	0.246005172692389	1.67357148023062	0.336675403795509	1.4050479655267	0.539357975881138	4	4	4	3	2	3	3	2	1	2	2	4	2	3
8500	7	2	1.13433125704177	0.247210019702554	-0.546002038113654	0.560317466652551	-0.256040511953333	0.620964212915272	2	4	4	3	3	1	1	1	1	1	3	2	1	1
10376	4	1	1.17543014878189	0.246005172692389	0.649059676340311	0.35034407583782	0.826040258730907	0.545985823673511	4	4	4	3	3	2	1	2	1	1	3	4	1	2
10189	5	2	-1.39169738031894	0.405855390909077	1.64627694991182	0.331195455584932	-0.692125673782879	0.661009739769705	1	1	1	NA	4	3	2	2	1	1	1	2	1	1
8391	5	1	-0.312813307588382	0.209328351113669	-0.672555804286283	0.573913270328319	1.10101342887185	0.568363433168153	2	2	2	1	2	1	1	2	3	1	2	4	1	2
6368	7	1	-1.33522798140931	0.359411499522025	-0.546002038113654	0.560317466652551	0.333215752111609	0.596929538249045	2	1	1	1	3	1	1	1	2	1	2	4	1	1
8495	3	1	1.13433125704177	0.247210019702554	0.00487455691707179	0.452582515579453	0.948075707869635	0.638432872228578	2	4	4	3	2	1	4	2	1	1	6	6	1	1
8440	8	2	1.05202445654258	0.237240175999787	0.57561140874089	0.351436668615328	0.53739271805042	0.560827615496868	2	4	4	2	2	2	1	1	1	1	2	3	2	2
11569	8	2	0.0571454725280405	0.0431559724018775	0.68043287079947	0.353317569782913	0.652142499751695	0.687228491501509	2	4	2	1	4	2	1	2	3	1	2	1	4	1
6696	9	2	2.29401995057541	0.364203057946237	0.761436603280432	0.343905874345182	0.323393683478509	0.605143368089361	3	5	5	4	1	2	2	1	1	1	4	2	2	1
305	2	1	-0.447271895270133	0.947151555990503	-0.998924733516516	0.678445831007182	NA	NA	1	NA	NA	NA	1	1	NA	NA	NA	NA	NA	NA	NA	NA
7369	NA	NA	-1.10556379354775	0.243861518154673	-0.199213705211889	0.485875671473602	0.405375362268659	0.587777632373757	5	1	1	3	1	1	3	2	1	1	4	3	1	1
10187	8	2	1.038898320397	0.244271264921887	-0.672555804286283	0.573913270328319	-0.0513318077064314	0.602602683378642	1	4	4	NA	2	1	1	2	1	1	2	3	1	1
8563	10	2	0.38350434404399	0.0669703476748767	-1.03714279541407	0.671377580319932	-1.51097713883035	0.728409944662597	1	3	3	1	1	1	1	1	1	1	1	1	1	1
10155	2	1	0.0406523870074045	0.0508314972598119	0.843452785840551	0.338210353362157	1.75746889311993	0.50055132921627	3	3	2	NA	2	2	2	2	2	1	4	5	2	2
6842	13	1	2.04253327193497	0.240130173771179	-0.178096367804745	0.490441276174105	-0.118610847015234	0.702063295983724	2	5	5	2	1	1	6	2	1	1	5	1	1	1
9723	9	2	1.17543014878189	0.246005172692389	0.57561140874089	0.351436668615328	0.592299222648087	0.649154684093645	4	4	4	3	2	2	1	1	1	1	6	5	1	1
5092	10	1	-1.28243716728345	0.330892626137076	-0.672555804286283	0.573913270328319	-0.678225176257484	0.689374167866634	5	1	1	1	2	1	1	1	1	1	1	3	1	1
9623	6	2	2.4237749105738	0.445397341375943	2.72010783681568	0.341672187352062	0.818256047015799	0.546764678161778	5	5	5	4	5	4	6	2	2	2	2	3	1	1
9600	8	1	-0.312813307588382	0.209328351113669	0.97488390756065	0.360695740167796	-0.994713697360366	0.67501613137766	2	2	2	1	2	2	4	1	1	1	1	2	1	1
4649	12	1	1.48346471120876	0.0466852679842181	0.947475563782554	0.341199772680083	1.23217557024303	0.590219800686436	1	5	4	5	4	2	2	3	2	1	6	2	2	1
12316	2	1	0.0605110358059714	0.0414579609451016	2.1555119944664	0.344350166098605	1.4862311994017	0.515166073251732	2	4	2	2	2	4	2	1	2	2	3	5	2	1
11987	8	1	-1.417017145299	0.417347665168179	-1.03714279541407	0.671377580319932	-0.303022729892198	0.625204131798414	1	1	1	1	1	1	1	1	1	1	2	3	1	1
5962	1	2	1.05202445654258	0.237240175999787	0.47902648189112	0.360278256623955	-0.267855743664844	0.633449121990998	2	4	4	2	1	2	1	2	NA	1	2	2	1	1
7147	3	1	0.472980594110167	0.0404481773262011	0.93823610073191	0.351836406531057	-0.0458069974396421	0.627472103664562	2	5	3	2	2	2	3	1	1	1	2	2	3	1
66	8	1	0.97353651278697	0.222052017895777	-0.672555804286283	0.573913270328319	-0.596599435841515	0.630558902398885	2	4	4	1	2	1	1	1	1	1	2	2	1	1
11857	2	2	-0.312813307588382	0.209328351113669	-1.03714279541407	0.671377580319932	0.851848601496905	0.576745540413791	2	2	2	1	1	1	1	1	1	1	2	5	2	2
10569	2	2	1.23220155070201	0.242617446684923	-1.03714279541407	0.671377580319932	1.58228891991982	0.544875456616475	5	4	4	4	1	1	1	3	1	2	3	6	2	1
11380	NA	1	2.15768990435288	0.285904099927737	0.973027166986399	0.344766541971257	1.31067540440447	0.585045685619027	3	5	5	3	5	2	2	2	1	1	5	6	2	1
294	9	1	-1.18737100772654	0.277510262430713	0.68043287079947	0.353317569782913	-0.526829764951313	0.699624296168703	1	1	1	2	4	2	1	2	1	1	1	1	1	2
12159	9	1	0.45394997171976	0.0486640813344252	-1.03714279541407	0.671377580319932	-0.256040511953333	0.620964212915272	2	4	3	1	1	1	1	1	1	1	3	2	1	1
9563	10	2	1.17543014878189	0.246005172692389	1.64627694991182	0.331195455584932	-0.528340493618733	0.699156337081165	4	4	4	3	4	3	2	2	2	1	1	1	1	1
295	10	1	-1.417017145299	0.417347665168179	0.947475563782554	0.341199772680083	-0.692920794230491	0.672605015458528	1	1	1	1	4	2	2	2	1	1	2	1	1	1
8682	7	2	-1.417017145299	0.417347665168179	-0.546002038113654	0.560317466652551	-0.692920794230491	0.672605015458528	1	1	1	1	3	1	1	2	1	1	2	1	1	1
7722	9	2	-1.417017145299	0.417347665168179	-1.03714279541407	0.671377580319932	-0.335154621747144	0.615872339484269	1	1	1	1	1	1	1	2	1	1	2	2	1	1
10047	NA	1	0.0592837315336045	0.0421008522185018	0.912728614223306	0.337694736611178	1.2750212368906	0.527653536463066	3	4	2	NA	3	2	2	2	2	1	3	5	2	1
9561	6	1	1.1546704732376	0.2464776135302	-1.03714279541407	0.671377580319932	-0.256040511953333	0.620964212915272	3	4	4	3	1	1	1	1	1	1	3	2	1	1
4944	NA	2	0.730982712141205	0.0422467533560456	-0.672555804286283	0.573913270328319	1.14610698867022	0.576159176386569	4	2	4	2	2	1	1	2	2	1	2	6	2	1
8919	5	2	-0.219613563737909	0.210816738968065	-1.03714279541407	0.671377580319932	0.602286849550224	0.58772785041771	1	2	2	3	1	1	1	2	1	1	4	4	1	1
34	9	1	-1.12199108174896	0.248663112029599	0.97488390756065	0.360695740167796	-0.121034521004346	0.605887241019878	4	1	1	2	2	2	4	1	2	1	2	2	1	1
6359	2	2	2.22945556802651	0.322839504304403	-0.546002038113654	0.560317466652551	0.351437331691154	0.571002496151817	5	5	5	3	3	1	1	2	1	1	2	3	2	1
10367	4	2	2.12701734521442	0.274239082016628	1.0010325267209	0.368714986217637	0.561250811800922	0.596782181444004	1	5	5	3	2	2	6	2	2	1	3	2	NA	1
10432	14	2	0.959848272810263	0.217633645476233	2.64982283092298	0.337447209567966	0.185097576104538	0.624738866852508	1	4	4	1	4	4	6	2	1	1	3	1	2	1
10359	2	1	0.732640970350083	0.0431063355464944	-0.498956958136958	0.56003264128841	-0.678225176257484	0.689374167866634	3	2	4	3	5	1	1	1	1	1	1	3	1	1
10436	9	2	-1.28809353731803	0.333587169332184	1.23073487652368	0.372372924988203	-0.616235439234278	0.69215253528538	4	1	1	1	1	3	1	1	1	1	3	1	1	1
5696	2	1	1.17528936882849	0.250719700443616	0.93823610073191	0.351836406531057	2.15884740779951	0.580790440236769	2	4	4	4	2	2	3	2	1	2	6	6	4	1
5873	3	1	1.15896968540522	0.252697217697403	0.843452785840551	0.338210353362157	-0.131352767067	0.640123013045284	1	4	4	4	2	2	2	1	1	1	4	2	1	1
866	4	2	0.400826363489815	0.0678379936511123	1.97340672981053	0.359849598556005	0.289448703611209	0.712908824203111	4	3	3	3	5	3	5	1	3	1	5	1	1	1
10544	13	1	1.13433125704177	0.247210019702554	2.3002079703846	0.328730756863214	1.15636194900564	0.547644378598925	2	4	4	3	2	4	3	2	2	1	3	3	4	1
10178	11	1	1.11267229048744	0.254168767513185	1.64627694991182	0.331195455584932	0.212846260659969	0.614908877369314	5	4	4	NA	4	3	2	2	3	1	2	2	1	1
5838	9	1	1.05202445654258	0.237240175999787	-1.03714279541407	0.671377580319932	0.0290760092854222	0.598814090251098	2	4	4	2	1	1	1	1	1	1	3	3	1	1
5738	4	2	0.0617514628472593	0.0408616510707269	0.97488390756065	0.360695740167796	1.71515498690209	0.5595717742561	5	4	2	2	2	2	4	5	5	2	2	4	2	1
9462	1	1	-0.548338000005247	0.0467539641947188	0.68043287079947	0.353317569782913	0.752467343540251	0.60681487593984	2	1	2	1	4	2	1	2	2	1	2	6	1	1
6305	2	2	1.1546704732376	0.2464776135302	0.947475563782554	0.341199772680083	0.822449150942456	0.545243297378905	3	4	4	3	4	2	2	2	2	1	3	4	1	1
10079	4	1	-0.307538761327045	0.213304265087696	1.82077037834623	0.3620271997201	-0.119337835863652	0.606326257551549	1	2	2	NA	2	3	6	1	1	1	2	2	1	2
11543	7	2	-1.417017145299	0.417347665168179	-1.03714279541407	0.671377580319932	-0.596599435841515	0.630558902398885	1	1	1	1	1	1	1	1	1	1	2	2	1	1
3839	7	2	1.48026436150501	0.0483962984157795	0.47902648189112	0.360278256623955	0.33582845850292	0.597509666344123	5	5	4	2	1	2	1	1	1	1	2	4	1	2
10313	8	1	2.35158054981994	0.397748120633611	2.72010783681568	0.341672187352062	-0.150123790372394	0.646731748688584	4	5	5	4	5	4	6	2	2	1	2	1	1	1
9484	9	2	-1.417017145299	0.417347665168179	-0.672555804286283	0.573913270328319	0.733633769383481	0.585878830452664	1	1	1	1	2	1	1	2	2	2	3	1	1	1
6447	6	2	1.11824034594554	0.247747378029615	-0.249794077934664	0.478477060404757	1.92670895770562	0.506202973379711	1	4	4	3	1	1	2	2	1	2	5	5	2	2
10188	7	2	-1.39169738031894	0.405855390909077	0.852289055743664	0.357389725076468	-0.00681112572602824	0.601528868656194	1	1	1	NA	1	2	3	2	1	1	3	2	1	1
6203	4	2	-0.245837005657461	0.21056098088498	2.36954500290926	0.336003677877094	0.602286849550224	0.58772785041771	1	2	2	2	1	4	4	2	1	1	4	4	1	1
8762	9	2	-1.417017145299	0.417347665168179	-1.03714279541407	0.671377580319932	0.117792148620668	0.59300574685328	1	1	1	1	1	1	1	2	2	1	2	2	1	1
8794	6	1	-1.28809353731803	0.333587169332184	-1.03714279541407	0.671377580319932	-0.692125673782879	0.661009739769705	4	1	1	1	1	1	1	2	1	1	1	2	1	1
64	14	2	-0.447271895270133	0.947151555990503	2.31106179677413	0.362128070557739	NA	NA	1	NA	NA	NA	3	4	NA	NA	NA	NA	NA	NA	NA	NA
8739	8	1	1.13433125704177	0.247210019702554	1.47643878094535	0.34037144645369	1.7806753418611	0.52059788436436	2	4	4	3	1	3	2	2	2	1	6	4	2	2
10701	NA	2	1.05202445654258	0.237240175999787	0.57561140874089	0.351436668615328	-0.0112531268240224	0.670402017262829	2	4	4	2	2	2	1	1	1	1	2	6	1	1
7209	7	2	0.38350434404399	0.0669703476748767	1.23073487652368	0.372372924988203	-1.51097713883035	0.728409944662597	1	3	3	1	1	3	1	1	1	1	1	1	1	1
4907	12	2	-1.33522798140931	0.359411499522025	-0.672555804286283	0.573913270328319	-1.15511762742498	0.716190104428349	2	1	1	1	2	1	1	2	1	1	1	1	1	1
7224	10	1	-0.332189846679887	0.206464315413851	2.58638528636204	0.326410919987583	-0.596599435841515	0.630558902398885	1	2	2	1	4	4	5	1	1	1	2	2	1	1
7197	9	2	0.388002408109457	0.0676651516025655	1.47320625257472	0.357489026545336	-0.0513318077064314	0.602602683378642	4	3	3	1	5	3	1	2	1	1	2	3	1	1
8480	3	2	-1.28809353731803	0.333587169332184	-1.03714279541407	0.671377580319932	-0.596599435841515	0.630558902398885	4	1	1	1	1	1	1	1	1	1	2	2	1	1
4045	9	2	2.4237749105738	0.445397341375943	1.13127606495785	0.373013620260401	0.221019971091061	0.631754237708681	5	5	5	4	5	2	4	2	1	1	2	5	1	1
10312	6	2	1.77111234301956	0.0501531452718539	-1.03714279541407	0.671377580319932	-0.4464576111461	0.732690788189372	1	4	5	4	1	1	1	1	1	1	6	1	1	1
11501	5	2	1.76963807346228	0.0492631199693534	-1.03714279541407	0.671377580319932	-0.318206202982288	0.6694065799066	3	4	5	3	1	1	1	1	1	4	2	1	1	1
10294	1	2	-0.332189846679887	0.206464315413851	0.57561140874089	0.351436668615328	1.64898990197546	0.619132254577571	1	2	2	1	2	2	1	2	3	1	6	6	1	1
10888	2	2	0.46015513095804	0.0455822696105012	0.93823610073191	0.351836406531057	0.769744953724239	0.568979242087688	2	4	3	3	2	2	3	1	1	1	4	4	2	1
8867	3	1	0.74634625150718	0.0491891269018229	-0.0660968825342023	0.439189498419134	1.49556943186762	0.568826419158863	2	3	4	2	2	1	2	1	2	1	5	6	2	1
10263	5	1	1.09716504907337	0.251988907871702	1.64627694991182	0.331195455584932	1.35739987895326	0.552705712607442	4	4	4	NA	4	3	2	2	2	2	6	3	1	1
4043	9	1	1.00822287356149	0.232539365727071	1.47643878094535	0.34037144645369	0.396622850827055	0.57349027023257	4	4	4	1	1	3	2	2	1	1	3	2	2	1
10399	3	2	0.0598132601255791	0.0418063061843947	-1.03714279541407	0.671377580319932	0.658860284181102	0.585577467742915	1	4	2	2	1	1	1	1	1	1	4	3	1	4
10829	7	2	-0.547197433645841	0.0473867742738229	-0.672555804286283	0.573913270328319	0.96101679024803	0.61088874159375	4	1	2	1	2	1	1	3	1	1	5	5	1	1
6636	1	2	-1.3001021339318	0.339532683659676	-1.03714279541407	0.671377580319932	-0.303022729892198	0.625204131798414	3	1	1	1	1	1	1	1	1	1	2	3	1	1
9406	5	1	1.48300648003929	0.046878199894835	-1.03714279541407	0.671377580319932	-0.4229841713955	0.65834986161866	4	5	4	3	1	1	1	1	1	1	1	2	1	3
5503	17	1	-0.447271895270133	0.947151555990503	2.37840233631862	0.35847844471791	NA	NA	1	NA	NA	NA	4	4	NA	NA	NA	NA	NA	NA	NA	NA
10685	6	1	1.13433125704177	0.247210019702554	0.97488390756065	0.360695740167796	0.769744953724239	0.568979242087688	2	4	4	3	2	2	4	1	1	1	4	4	2	1
10695	1	1	-1.417017145299	0.417347665168179	0.68043287079947	0.353317569782913	-0.0513318077064314	0.602602683378642	1	1	1	1	4	2	1	2	1	1	2	3	1	1
9095	5	1	-1.18737100772654	0.277510262430713	1.23073487652368	0.372372924988203	0.729023130932096	0.652365548982188	1	1	1	2	1	3	1	1	1	1	5	1	2	3
9373	3	2	1.05202445654258	0.237240175999787	0.0141243592313185	0.455200171379658	-0.303022729892198	0.625204131798414	2	4	4	2	2	1	6	1	1	1	2	3	1	1
10826	10	2	1.00822287356149	0.232539365727071	2.50585189047036	0.320101251651627	0.196341368623912	0.588699531789422	4	4	4	1	4	4	4	1	2	1	3	2	1	1
5949	10	2	-1.31426940004702	0.351008714467226	0.57561140874089	0.351436668615328	-0.596599435841515	0.630558902398885	2	1	1	NA	2	2	1	1	1	1	2	2	1	1
6618	9	1	0.959848272810263	0.217633645476233	-1.03714279541407	0.671377580319932	-0.335154621747144	0.615872339484269	1	4	4	1	1	1	1	2	1	1	2	2	1	1
21996	NA	NA	NA	NA	NA	NA	NA	NA	NA	NA	NA	NA	NA	NA	NA	NA	NA	NA	NA	NA	NA	NA
6615	3	1	-1.33522798140931	0.359411499522025	-0.0660968825342023	0.439189498419134	-1.00618804280855	0.68657711504414	2	1	1	1	2	1	2	1	1	1	2	1	1	1
13088	3	2	0.97353651278697	0.222052017895777	0.57561140874089	0.351436668615328	0.206553081205621	0.606670440090343	2	4	4	1	2	2	1	1	1	1	3	4	1	1
9133	12	1	2.13844831949523	0.278349274718618	-0.672555804286283	0.573913270328319	0.744454388519293	0.575638681093261	2	5	5	3	2	1	1	1	2	1	3	5	1	1
5926	7	2	1.21690164797433	0.2451655580994	-0.249794077934664	0.478477060404757	-0.00681112572602824	0.601528868656194	4	4	4	4	1	1	2	2	1	1	3	2	1	1
5085	7	2	1.17543014878189	0.246005172692389	2.50585189047036	0.320101251651627	0.695852460625593	0.679043149957994	4	4	4	3	4	4	4	3	3	1	2	1	1	3
10828	2	1	0.0424745131533978	0.049732263144298	2.3002079703846	0.328730756863214	0.875326453167146	0.566635969124331	2	3	2	2	2	4	3	2	2	1	5	3	1	1
8684	13	1	0.0563879822756144	0.0435518599041222	0.68043287079947	0.353317569782913	1.61776882105172	0.623851292852562	1	4	2	1	4	2	1	3	1	2	6	2	5	1
10801	3	2	1.21690164797433	0.2451655580994	1.8673383864289	0.344106823451992	0.309555479017425	0.640776932850524	4	4	4	4	4	3	4	3	1	1	5	2	1	1
7573	2	2	1.17543014878189	0.246005172692389	0.57561140874089	0.351436668615328	0.196341368623912	0.588699531789422	4	4	4	3	2	2	1	1	2	1	3	2	1	1
10821	8	1	1.21690164797433	0.2451655580994	0.901807142293105	0.370167872162532	0.309555479017425	0.640776932850524	4	4	4	4	1	2	5	3	1	1	5	2	1	1
10765	4	2	2.35158054981994	0.397748120633611	1.74912850950418	0.34635828059929	0.605296717744444	0.57248544159537	4	5	5	4	2	3	4	2	2	2	2	2	1	1
7622	NA	1	-0.210987973444028	0.206558115601486	0.649059676340311	0.35034407583782	1.01468008832864	0.540630086494834	3	2	2	2	3	2	1	1	1	2	4	3	2	1
10746	6	1	-1.13324957109074	0.254832809310551	-0.180498213490806	0.489865979335417	0.0290760092854222	0.598814090251098	2	1	1	4	1	1	5	1	1	1	3	3	1	1
5703	4	2	-1.417017145299	0.417347665168179	-0.51669949689853	0.559938230825302	-0.596599435841515	0.630558902398885	1	1	1	1	4	1	1	1	1	1	2	2	1	1
10819	7	2	0.38350434404399	0.0669703476748767	-0.249794077934664	0.478477060404757	-1.51097713883035	0.728409944662597	1	3	3	1	1	1	2	1	1	1	1	1	1	1
10836	NA	NA	-0.312813307588382	0.209328351113669	-0.672555804286283	0.573913270328319	1.33497643003252	0.566082613836456	2	2	2	1	2	1	1	1	2	1	2	6	2	2
10831	7	2	0.0364068370994046	0.0532890544025238	1.43403293323917	0.354260294642027	1.31329896866164	0.571525291903809	1	3	2	1	4	3	1	2	3	1	4	5	1	1
11928	10	1	-1.417017145299	0.417347665168179	-1.03714279541407	0.671377580319932	-1.00618804280855	0.68657711504414	1	1	1	1	1	1	1	1	1	1	2	1	1	1
22212	7	2	-0.288276239696275	0.212057930126438	-0.010490793562103	0.4487630661659	0.196341368623912	0.588699531789422	4	2	2	1	2	1	3	1	2	1	3	2	1	1
7591	10	2	-0.833078654061656	0.0483697320785272	-0.672555804286283	0.573913270328319	0.294467755457663	0.609858331473655	1	2	1	2	2	1	1	1	1	1	3	2	3	1
9172	1	2	0.959848272810263	0.217633645476233	-1.03714279541407	0.671377580319932	-0.303022729892198	0.625204131798414	1	4	4	1	1	1	1	1	1	1	2	3	1	1
10642	3	2	0.97353651278697	0.222052017895777	-0.0660968825342023	0.439189498419134	-1.00618804280855	0.68657711504414	2	4	4	1	2	1	2	1	1	1	2	1	1	1
7629	7	2	2.19188078718251	0.302148558440493	1.68601787665225	0.334934798610237	-0.142980166730207	0.605973133990095	4	5	5	3	5	3	2	1	1	1	2	2	2	1
10753	6	2	-0.838073150688509	0.0512145355647954	2.47298778884457	0.493793111892249	-0.692920794230491	0.672605015458528	1	2	1	1	1	5	1	2	1	1	2	1	1	1
8712	4	1	2.0821430412172	0.256109198534021	0.47902648189112	0.360278256623955	-0.596599435841515	0.630558902398885	4	5	5	2	1	2	1	1	1	1	2	2	1	1
10637	1	1	1.1546704732376	0.2464776135302	0.93823610073191	0.351836406531057	0.602286849550224	0.58772785041771	3	4	4	3	2	2	3	2	1	1	4	4	1	1
9318	6	1	-1.417017145299	0.417347665168179	-0.672555804286283	0.573913270328319	0.743828449869513	0.617517340818008	1	1	1	1	2	1	1	1	1	2	1	5	2	1
10764	1	2	-0.541204275455815	0.0508410772684186	1.74912850950418	0.34635828059929	0.742685563212288	0.565263279025278	5	1	2	3	2	3	4	NA	2	2	2	3	1	1
9316	3	2	-0.288276239696275	0.212057930126438	-0.672555804286283	0.573913270328319	0.53456588375691	0.56016588254416	4	2	2	1	2	1	1	1	2	1	2	3	2	1
6535	1	1	1.17543014878189	0.246005172692389	1.59974522330815	0.32902309680949	-0.303022729892198	0.625204131798414	4	4	4	3	3	3	2	1	1	1	2	3	1	1
5871	7	1	0.391608431778149	0.0679352040300967	1.73517820411241	0.33225207198602	0.117792148620668	0.59300574685328	1	3	3	2	3	3	3	2	2	1	2	2	1	1
5083	10	1	2.04253327193497	0.240130173771179	-0.0660968825342023	0.439189498419134	0.780165953394871	0.55466050601219	2	5	5	2	2	1	2	2	1	1	4	3	2	1
13164	NA	NA	NA	NA	NA	NA	NA	NA	NA	NA	NA	NA	NA	NA	NA	NA	NA	NA	NA	NA	NA	NA
13742	NA	NA	NA	NA	NA	NA	NA	NA	NA	NA	NA	NA	NA	NA	NA	NA	NA	NA	NA	NA	NA	NA
13165	NA	NA	NA	NA	NA	NA	NA	NA	NA	NA	NA	NA	NA	NA	NA	NA	NA	NA	NA	NA	NA	NA
7678	4	1	1.11824034594554	0.247747378029615	0.47902648189112	0.360278256623955	1.03467596430769	0.556032318994251	1	4	4	3	1	2	1	1	1	1	5	3	2	2
10887	1	1	-0.200591344671187	0.207417701110271	0.57561140874089	0.351436668615328	1.14548017119755	0.528379567777657	2	2	2	3	2	2	1	3	1	2	3	3	2	1
6113	4	2	2.04253327193497	0.240130173771179	0.47902648189112	0.360278256623955	0.174547696646506	0.588859822791832	2	5	5	2	1	2	1	1	1	1	3	2	2	1
9352	2	1	1.19586461033776	0.247992178149496	1.31113790068387	0.359230396236553	1.39963067438069	0.530040943179802	3	4	4	4	2	3	1	2	2	1	5	4	2	1
137	7	1	-0.447271895270133	0.947151555990503	-0.627869255513938	0.580256634442725	NA	NA	1	NA	NA	NA	2	1	NA	NA	NA	NA	NA	NA	NA	NA
9023	11	2	-1.417017145299	0.417347665168179	0.47902648189112	0.360278256623955	-0.692920794230491	0.672605015458528	1	1	1	1	1	2	1	2	1	1	2	1	1	1
8970	13	2	1.13433125704177	0.247210019702554	1.64627694991182	0.331195455584932	0.60783633338986	0.59990802509997	2	4	4	3	4	3	2	2	1	1	4	2	2	NA
13163	NA	NA	NA	NA	NA	NA	NA	NA	NA	NA	NA	NA	NA	NA	NA	NA	NA	NA	NA	NA	NA	NA
7653	12	2	-1.1162969742879	0.24767659340329	0.68043287079947	0.353317569782913	0.704401148248505	0.604805824339984	3	1	1	3	4	2	1	2	1	1	6	4	1	1
678	NA	NA	-0.447271895270133	0.947151555990503	-0.998924733516516	0.678445831007182	NA	NA	1	NA	NA	NA	1	1	NA	NA	NA	NA	NA	NA	NA	NA
11855	NA	NA	-0.447271895270133	0.947151555990503	NA	NA	NA	NA	1	NA	NA	NA	NA	NA	NA	NA	NA	NA	NA	NA	NA	NA
10910	8	2	2.15768990435288	0.285904099927737	1.47320625257472	0.357489026545336	-0.321992670800313	0.668020175848252	3	5	5	3	5	3	1	1	1	3	2	1	1	1
7712	6	2	1.17543014878189	0.246005172692389	1.67357148023062	0.336675403795509	1.39054089255334	0.635211434384639	4	4	4	3	2	3	3	1	1	1	6	6	3	1
12212	5	2	1.05202445654258	0.237240175999787	0.761436603280432	0.343905874345182	-0.461448084151222	0.727846402606718	2	4	4	2	1	2	2	1	1	1	5	1	1	1
22289	NA	NA	0.454278809569516	0.94239389792813	NA	NA	NA	NA	4	NA	NA	NA	NA	NA	NA	NA	NA	NA	NA	NA	NA	NA
7666	3	1	0.0571454725280405	0.0431559724018775	0.649059676340311	0.35034407583782	0.257163435050798	0.576306138245582	2	4	2	1	3	2	1	2	1	1	3	3	1	1
10679	11	1	0.328662425715626	0.0450596041711209	1.43403293323917	0.354260294642027	1.57950482800002	0.547516669337118	3	2	3	1	4	3	1	2	2	2	4	2	3	1
8700	1	1	-1.417017145299	0.417347665168179	-1.03714279541407	0.671377580319932	-0.498176699344638	0.717108999148368	1	1	1	1	1	1	1	1	1	1	4	1	1	1
13159	9	1	NA	NA	NA	NA	NA	NA	NA	NA	NA	NA	NA	NA	NA	NA	NA	NA	NA	NA	NA	NA
11936	1	2	2.08181606260975	0.257050068201642	1.0533479101737	0.356082135277651	0.602286849550224	0.58772785041771	4	5	NA	2	4	2	3	2	1	1	4	4	1	1
21995	NA	NA	NA	NA	NA	NA	NA	NA	NA	NA	NA	NA	NA	NA	NA	NA	NA	NA	NA	NA	NA	NA
10777	2	2	-0.312813307588382	0.209328351113669	-0.249794077934664	0.478477060404757	-0.119337835863652	0.606326257551549	2	2	2	1	1	1	2	1	1	1	2	2	1	2
10663	7	2	1.05202445654258	0.237240175999787	2.4058254096848	0.328669235366292	0.846821834700993	0.54980228332467	2	4	4	2	2	4	4	2	1	2	3	2	2	1
9258	2	2	-1.417017145299	0.417347665168179	-1.03714279541407	0.671377580319932	-1.15511762742498	0.716190104428349	1	1	1	1	1	1	1	2	1	1	1	1	1	1
8891	11	1	-1.417017145299	0.417347665168179	0.57561140874089	0.351436668615328	-1.51097713883035	0.728409944662597	1	1	1	1	2	2	1	1	1	1	1	1	1	1
7616	8	1	1.76310694369014	0.0457670683810142	-1.03714279541407	0.671377580319932	-0.121034521004346	0.605887241019878	1	4	5	1	1	1	1	1	2	1	2	2	1	1
11758	NA	NA	-1.33522798140931	0.359411499522025	-0.672555804286283	0.573913270328319	0.190481035312401	0.590725867070552	2	1	1	1	2	1	1	2	1	2	2	2	1	1
9868	NA	2	2.14343193251955	0.293557135517948	0.57561140874089	0.351436668615328	0.597750184246005	0.572052704470674	3	5	5	NA	2	2	1	1	2	1	4	3	1	1
6094	NA	2	-1.417017145299	0.417347665168179	-0.672555804286283	0.573913270328319	-0.0457524173066048	0.603133416117948	1	1	1	1	2	1	1	1	1	2	2	2	1	1
128	6	2	-0.447271895270133	0.947151555990503	NA	NA	NA	NA	1	NA	NA	NA	NA	NA	NA	NA	NA	NA	NA	NA	NA	NA
3669	8	2	0.959848272810263	0.217633645476233	-1.03714279541407	0.671377580319932	-1.15511762742498	0.716190104428349	1	4	4	1	1	1	1	2	1	1	1	1	1	1
12127	3	1	0.727089496692365	0.0403598406595042	0.68043287079947	0.353317569782913	1.70815286784364	0.540147760605188	2	2	4	1	4	2	1	3	2	1	4	6	2	1
11985	10	1	2.03349618144734	0.237021544659694	0.93823610073191	0.351836406531057	0.55562636415114	0.587414508388125	1	5	5	2	2	2	3	2	1	1	4	2	2	1
11970	10	2	1.13433125704177	0.247210019702554	1.78508808551302	0.334118621267983	-0.303022729892198	0.625204131798414	2	4	4	3	4	3	3	1	1	1	2	3	1	1
5970	5	2	1.19064192615185	0.245475493388901	0.947475563782554	0.341199772680083	0.442703505437523	0.561970354771665	5	4	4	3	4	2	2	1	2	1	3	3	1	1
11957	1	2	-1.417017145299	0.417347665168179	-0.546002038113654	0.560317466652551	0.372636403775496	0.570964377645567	1	1	1	1	3	1	1	2	2	1	2	3	1	1
7780	1	1	0.454812149044773	0.0482257723007812	0.0941578984871673	0.444595193343782	1.61405578594426	0.49937073716308	3	4	3	1	3	1	3	2	2	1	4	4	2	2
6179	NA	NA	0.454278809569516	0.94239389792813	2.37840233631862	0.35847844471791	NA	NA	4	NA	NA	NA	4	4	NA	NA	NA	NA	NA	NA	NA	NA
6038	5	2	1.76491689735744	0.0467187361567867	-1.03714279541407	0.671377580319932	0.579096347175187	0.587619250460938	4	4	5	1	1	1	1	2	2	1	4	2	1	1
12001	1	2	2.4237749105738	0.445397341375943	1.81297691297037	0.341891196885121	1.39868819344739	0.562734107783973	5	5	5	4	3	3	4	1	2	2	2	6	2	1
7030	2	2	-0.548338000005247	0.0467539641947188	-0.672555804286283	0.573913270328319	-0.692920794230491	0.672605015458528	2	1	2	1	2	1	1	2	1	1	2	1	1	1
11798	11	2	-1.33522798140931	0.359411499522025	1.53752084895147	0.332970820757428	0.583186766434847	0.621839846115349	2	1	1	1	2	3	2	1	2	1	4	1	2	1
9666	6	1	1.13433125704177	0.247210019702554	-1.03714279541407	0.671377580319932	0.0290760092854222	0.598814090251098	2	4	4	3	1	1	1	1	1	1	3	3	1	1
12172	5	1	1.1546704732376	0.2464776135302	1.0533479101737	0.356082135277651	-0.0937352603739142	0.613493985696692	3	4	4	3	4	2	3	1	1	1	2	2	1	3
9737	2	1	1.09716504907337	0.251988907871702	-0.51669949689853	0.559938230825302	1.11680762778063	0.5677338644618	4	4	4	NA	4	1	1	2	2	1	6	4	1	1
11759	NA	NA	-1.417017145299	0.417347665168179	-0.546002038113654	0.560317466652551	1.00379866827176	0.544793058164581	1	1	1	1	3	1	1	2	2	2	2	4	1	1
11969	10	1	-0.245837005657461	0.21056098088498	0.47902648189112	0.360278256623955	-0.0549525729996644	0.659072890972545	1	2	2	2	1	2	1	1	1	1	2	5	1	1
11999	2	1	1.05202445654258	0.237240175999787	-0.119936087662691	0.752315922756608	1.59174228517814	0.506605554787971	2	4	4	2	2	NA	1	2	2	1	3	5	2	2
11984	11	2	0.335574482333783	0.0485314278489709	0.57561140874089	0.351436668615328	-0.0513318077064314	0.602602683378642	5	2	3	3	2	2	1	2	1	1	2	3	1	1
31001602111712-a	NA	NA	NA	NA	NA	NA	NA	NA	NA	NA	NA	NA	NA	NA	NA	NA	NA	NA	NA	NA	NA	NA
11802	1	2	-0.210987973444028	0.206558115601486	0.47902648189112	0.360278256623955	0.954203177162074	0.63944628788887	3	2	2	2	1	2	1	2	1	1	2	6	5	1
11833	5	2	-1.417017145299	0.417347665168179	-1.03714279541407	0.671377580319932	-1.15511762742498	0.716190104428349	1	1	1	1	1	1	1	2	1	1	1	1	1	1
10230	8	2	1.0553180855096	0.246365174323605	0.47902648189112	0.360278256623955	0.441250259467816	0.597442606094214	2	4	4	NA	1	2	1	1	1	2	2	2	1	5
11945	8	2	1.09074004786057	0.242245888359561	1.64627694991182	0.331195455584932	-0.118610847015234	0.702063295983724	4	4	4	2	4	3	2	2	1	1	5	1	1	1
8502	8	1	2.4237749105738	0.445397341375943	-1.03714279541407	0.671377580319932	0.739748910156305	0.61322615780384	5	5	5	4	1	1	1	2	1	1	1	3	4	2
6441	6	2	-1.417017145299	0.417347665168179	0.47902648189112	0.360278256623955	-1.51097713883035	0.728409944662597	1	1	1	1	1	2	1	1	1	1	1	1	1	1
11832	3	1	2.05738021378594	0.245549419058154	0.57561140874089	0.351436668615328	0.642270691961535	0.546518955498445	3	5	5	2	2	2	1	2	2	1	3	3	1	1
9196	6	2	1.17543014878189	0.246005172692389	0.47902648189112	0.360278256623955	-0.305783448320168	0.666173963902021	4	4	4	3	1	2	1	2	1	1	3	1	1	1
10681	NA	2	-0.838073150688509	0.0512145355647954	-0.672555804286283	0.573913270328319	-0.449519640514356	0.736423661752218	1	2	1	1	2	1	1	1	1	1	1	5	1	1
21993	NA	NA	NA	NA	NA	NA	NA	NA	NA	NA	NA	NA	NA	NA	NA	NA	NA	NA	NA	NA	NA	NA
10702	5	2	-1.417017145299	0.417347665168179	-1.03714279541407	0.671377580319932	-1.51097713883035	0.728409944662597	1	1	1	1	1	1	1	1	1	1	1	1	1	1
8663	4	2	1.1546704732376	0.2464776135302	0.93823610073191	0.351836406531057	0.50860240597319	0.558318719158763	3	4	4	3	2	2	3	1	1	2	3	3	1	1
9162	12	1	1.4814951696062	0.0477098365967282	-0.51669949689853	0.559938230825302	1.35933357403215	0.553901507535206	2	5	4	3	4	1	1	3	1	1	4	3	2	4
9168	2	1	-0.245837005657461	0.21056098088498	1.31113790068387	0.359230396236553	0.366210141482573	0.616522858228072	1	2	2	2	2	3	1	1	1	1	4	4	1	1
7674	3	1	-1.31426940004702	0.351008714467226	1.75865796635857	0.36870683341667	0.671643778706584	0.598051883053704	2	1	1	NA	1	3	6	2	1	1	5	4	1	1
9144	9	2	2.15768990435288	0.285904099927737	1.23073487652368	0.372372924988203	0.991684680387504	0.594218049108912	3	5	5	3	1	3	1	1	1	1	4	6	2	1
10618	5	2	1.17543014878189	0.246005172692389	-1.03714279541407	0.671377580319932	1.72728078320319	0.582700706628222	4	4	4	3	1	1	1	1	3	1	5	6	2	1
10309	1	2	-0.312813307588382	0.209328351113669	0.57561140874089	0.351436668615328	-0.523931329198597	0.716795738591924	2	2	2	1	2	2	1	1	1	1	1	4	1	1
1220	14	2	0.0598132601255791	0.0418063061843947	-0.185925667835247	0.488625572011581	-1.51097713883035	0.728409944662597	1	4	2	2	1	1	4	1	1	1	1	1	1	1
9092	7	1	0.453109979348779	0.0490996444224527	0.93823610073191	0.351836406531057	-0.596599435841515	0.630558902398885	1	4	3	1	2	2	3	1	1	1	2	2	1	1
6386	5	2	1.15896968540522	0.252697217697403	0.0141243592313185	0.455200171379658	2.19247335320388	0.590768012837366	1	4	4	4	2	1	6	3	4	1	6	4	4	1
9571	6	1	1.11824034594554	0.247747378029615	-1.03714279541407	0.671377580319932	-0.305783448320168	0.666173963902021	1	4	4	3	1	1	1	2	1	1	3	1	1	1
5918	8	1	-1.33522798140931	0.359411499522025	0.57561140874089	0.351436668615328	-0.0513318077064314	0.602602683378642	2	1	1	1	2	2	1	2	1	1	2	3	1	1
9643	2	2	0.399598950979804	0.0679316376559566	1.8606656861961	0.351063468222978	0.769744953724239	0.568979242087688	3	3	3	3	3	3	5	1	1	1	4	4	2	1
9064	8	2	0.38350434404399	0.0669703476748767	-1.03714279541407	0.671377580319932	-0.994713697360366	0.67501613137766	1	3	3	1	1	1	1	1	1	1	1	2	1	1
11907	NA	1	-1.417017145299	0.417347665168179	-1.03714279541407	0.671377580319932	-0.303022729892198	0.625204131798414	1	1	1	1	1	1	1	1	1	1	2	3	1	1
11908	1	1	-0.98251654162746	0.311635119839802	-1.03714279541407	0.671377580319932	-0.596599435841515	0.630558902398885	1	NA	1	1	1	1	1	1	1	1	2	2	1	1
7679	8	2	2.00116483914388	0.226577777702082	1.96938718561303	0.389494647814909	-0.303022729892198	0.625204131798414	2	5	5	1	2	4	1	1	1	1	2	3	1	1
11266	5	2	-1.417017145299	0.417347665168179	-1.03714279541407	0.671377580319932	-0.462665435930163	0.662509373346524	1	1	1	1	1	1	1	1	1	1	2	1	2	1
7699	NA	2	1.17528936882849	0.250719700443616	0.47902648189112	0.360278256623955	0.844433591409911	0.57934123380583	2	4	4	4	1	2	1	1	1	1	5	4	2	1
679	NA	NA	NA	NA	NA	NA	NA	NA	NA	NA	NA	NA	NA	NA	NA	NA	NA	NA	NA	NA	NA	NA
7688	4	2	-1.10556379354775	0.243861518154673	1.23073487652368	0.372372924988203	1.16662991525772	0.521224131207777	5	1	1	3	1	3	1	2	2	1	3	4	1	2
8957	NA	1	2.15768990435288	0.285904099927737	-0.0660968825342023	0.439189498419134	0.437701625313733	0.580544682033318	3	5	5	3	2	1	2	2	1	1	3	4	1	1
4480	4	1	1.09074004786057	0.242245888359561	0.57561140874089	0.351436668615328	0.647389558408608	0.60082172740449	4	4	4	2	2	2	1	2	2	1	5	2	1	1
9038	12	2	2.19188078718251	0.302148558440493	-0.672555804286283	0.573913270328319	0.51385895749449	0.573186555183084	4	5	5	3	2	1	1	2	2	1	2	2	2	1
11385	4	2	1.1546704732376	0.2464776135302	-0.546002038113654	0.560317466652551	1.5316367406845	0.530765771647894	3	4	4	3	3	1	1	3	2	1	5	4	2	1
11769	12	1	1.17528936882849	0.250719700443616	1.23073487652368	0.372372924988203	0.939192963651002	0.582337495079325	2	4	4	4	1	3	1	1	1	1	4	4	3	1
11747	2	1	1.1546704732376	0.2464776135302	1.31113790068387	0.359230396236553	0.991537812452494	0.548492433376181	3	4	4	3	2	3	1	2	2	1	4	4	1	1
11750	1	2	1.11824034594554	0.247747378029615	-1.03714279541407	0.671377580319932	-0.678225176257484	0.689374167866634	1	4	4	3	1	1	1	1	1	1	1	3	1	1
8023	6	1	2.19188078718251	0.302148558440493	-1.03714279541407	0.671377580319932	1.92889379313425	0.497489093076109	4	5	5	3	1	1	1	3	2	2	4	3	2	2
8154	7	1	0.752897520833957	0.0530779573812355	-1.03714279541407	0.671377580319932	-0.523931329198597	0.716795738591924	5	3	4	4	1	1	1	1	1	1	1	4	1	1
11024	8	2	1.13433125704177	0.247210019702554	-0.51669949689853	0.559938230825302	1.76909380926052	0.553007179083142	2	4	4	3	4	1	1	2	2	4	5	3	2	1
7961	9	1	0.38350434404399	0.0669703476748767	-1.03714279541407	0.671377580319932	-1.51097713883035	0.728409944662597	1	3	3	1	1	1	1	1	1	1	1	1	1	1
8103	3	1	0.731983542653502	0.0427722029692988	0.57561140874089	0.351436668615328	0.666482631261964	0.568072545796145	2	2	4	3	2	2	1	1	1	2	4	3	1	1
10987	NA	2	0.0628162595445747	0.040370515071889	0.00487455691707179	0.452582515579453	0.112245051425177	0.618759531653797	4	4	2	3	2	1	4	2	1	1	1	3	2	1
8464	1	2	-1.1492016426842	0.259200519432604	-0.546002038113654	0.560317466652551	0.557800918988278	0.576242907047168	2	1	1	2	3	1	1	2	2	1	2	4	1	1
11020	6	2	1.1546704732376	0.2464776135302	1.23073487652368	0.372372924988203	0.15182085397111	0.587663975643466	3	4	4	3	1	3	1	1	2	1	2	3	1	1
8421	NA	1	1.1546704732376	0.2464776135302	2.4058254096848	0.328669235366292	-0.125552577814503	0.641882474752433	3	4	4	3	2	4	4	1	1	1	1	3	1	2
7790	4	1	-0.194862285231849	0.207164542922525	0.68043287079947	0.353317569782913	1.27227718413874	0.652729850323342	2	2	2	4	4	2	1	1	1	3	6	2	3	1
15627	2	2	-0.312813307588382	0.209328351113669	-0.672555804286283	0.573913270328319	-0.277081024146567	0.63249432521255	2	2	2	1	2	1	1	1	1	NA	2	3	1	1
7919	NA	1	0.0375433584405553	0.0526008884597742	1.31113790068387	0.359230396236553	0.809927440352256	0.559271356248493	2	3	2	1	2	3	1	1	2	2	2	4	1	1
11633	3	2	-1.417017145299	0.417347665168179	-0.672555804286283	0.573913270328319	-0.523931329198597	0.716795738591924	1	1	1	1	2	1	1	1	1	1	1	4	1	1
7868	9	1	1.76701541930001	0.0478154501819137	-0.672555804286283	0.573913270328319	1.48945823000174	0.566075735508625	4	4	5	2	2	1	1	3	2	1	4	5	NA	1
8427	6	2	1.21690164797433	0.2451655580994	1.78508808551302	0.334118621267983	0.196341368623912	0.588699531789422	4	4	4	4	4	3	3	1	2	1	3	2	1	1
7825	9	2	1.17543014878189	0.246005172692389	1.96938718561303	0.389494647814909	0.21037490475952	0.61588483004736	4	4	4	3	2	4	1	2	1	1	2	2	3	1
11213	2	1	1.21690164797433	0.2451655580994	-0.672555804286283	0.573913270328319	-0.303022729892198	0.625204131798414	4	4	4	4	2	1	1	1	1	1	2	3	1	1
11648	4	2	2.13844831949523	0.278349274718618	1.0010325267209	0.368714986217637	1.51111474631071	0.521526897929973	2	5	5	3	2	2	6	2	1	2	4	5	2	1
8382	1	1	1.05202445654258	0.237240175999787	-1.03714279541407	0.671377580319932	1.01862870994893	0.594282353715192	2	4	4	2	1	1	1	1	2	1	4	6	1	1
8380	4	1	1.05202445654258	0.237240175999787	1.88902403335425	0.358418893899964	1.69365324677762	0.499287939814217	2	4	4	2	3	3	6	2	2	2	4	4	1	2
8139	10	1	1.17543014878189	0.246005172692389	1.31113790068387	0.359230396236553	0.174547696646506	0.588859822791832	4	4	4	3	2	3	1	1	1	1	3	2	2	1
7981	9	2	0.0364068370994046	0.0532890544025238	0.649059676340311	0.35034407583782	0.297098172879912	0.584942232646272	1	3	2	1	3	2	1	1	1	1	2	2	2	2
4011	2	2	2.35158054981994	0.397748120633611	-1.03714279541407	0.671377580319932	-0.121034521004346	0.605887241019878	4	5	5	4	1	1	1	1	2	1	2	2	1	1
5607	7	1	-0.226617655046107	0.208367221928936	-1.03714279541407	0.671377580319932	-0.303022729892198	0.625204131798414	2	2	2	2	1	1	1	1	1	1	2	3	1	1
11315	4	1	1.1546704732376	0.2464776135302	0.702344714479561	0.356138819632409	0.782108513421158	0.551453805299679	3	4	4	3	5	2	1	2	2	1	3	2	2	1
7497	NA	2	0.959848272810263	0.217633645476233	-1.03714279541407	0.671377580319932	-0.523931329198597	0.716795738591924	1	4	4	1	1	1	1	1	1	1	1	4	1	1
5606	3	2	-0.202425192720471	0.205685106401989	-0.546002038113654	0.560317466652551	0.15182085397111	0.587663975643466	4	2	2	2	3	1	1	1	2	1	2	3	1	1
11091	11	1	-1.417017145299	0.417347665168179	-1.03714279541407	0.671377580319932	0.405375362268659	0.587777632373757	1	1	1	1	1	1	1	2	1	1	4	3	1	1
8105	9	2	0.731983542653502	0.0427722029692988	0.57561140874089	0.351436668615328	0.418215416533485	0.573645385460626	2	2	4	3	2	2	1	2	2	1	3	2	1	1
10968	2	1	1.13433125704177	0.247210019702554	0.57561140874089	0.351436668615328	-0.140322218927153	0.642479590016018	2	4	4	3	2	2	1	1	1	1	2	4	1	1
7788	NA	1	0.472980594110167	0.0404481773262011	3.15562195269904	0.375408102822098	1.62885201042734	0.616608301317754	2	5	3	2	4	5	4	5	2	1	2	6	5	1
10983	13	1	0.748603914516816	0.050513359915374	-1.03714279541407	0.671377580319932	-0.175023307565216	0.64683984256276	1	3	4	3	1	1	1	2	1	1	2	1	2	1
15619	3	2	1.1546704732376	0.2464776135302	-0.672555804286283	0.573913270328319	-0.152042347931866	0.642326056418446	3	4	4	3	2	1	1	1	1	1	1	3	2	1
11301	1	2	-0.332189846679887	0.206464315413851	1.82077037834623	0.3620271997201	0.40594963444124	0.609161511738604	1	2	2	1	2	3	6	1	1	1	3	1	2	2
11621	6	2	-0.210987973444028	0.206558115601486	0.947475563782554	0.341199772680083	0.962809062671028	0.615225199246491	3	2	2	2	4	2	2	3	1	1	4	6	1	1
7838	3	2	0.743388950009223	0.047585760381073	-1.03714279541407	0.671377580319932	-1.51097713883035	0.728409944662597	3	3	4	1	1	1	1	1	1	1	1	1	1	1
14894	1	1	-0.288276239696275	0.212057930126438	0.57561140874089	0.351436668615328	0.679866308895569	0.580393324160164	4	2	2	1	2	2	1	3	2	1	2	4	1	1
11279	14	1	1.13433125704177	0.247210019702554	1.67357148023062	0.336675403795509	0.723112313251194	0.605582898750522	2	4	4	3	2	3	3	2	1	3	2	2	1	3
8194	3	1	1.19586461033776	0.247992178149496	0.0615074845368723	0.434955740299174	-0.0717149444800273	0.655154709001186	3	4	4	4	4	1	2	1	1	1	6	2	1	1
11038	16	2	0.396237116204813	0.0681256494013851	-0.546002038113654	0.560317466652551	0.182766309299587	0.630687632959669	1	3	3	3	3	1	1	2	1	1	5	2	1	1
15285	5	1	-0.296902817852704	0.211088916722729	2.50585189047036	0.320101251651627	0.206553081205621	0.606670440090343	3	2	2	1	4	4	4	1	1	1	3	4	1	1
11028	1	1	1.07131066366738	0.239511467275867	0.159307586861451	0.458082911005817	0.422817749685911	0.749533378387724	3	4	4	2	4	1	6	4	3	1	1	1	1	3
8343	2	2	1.05202445654258	0.237240175999787	0.68043287079947	0.353317569782913	-0.140322218927153	0.642479590016018	2	4	4	2	4	2	1	1	1	1	2	4	1	1
15400	3	1	-0.312813307588382	0.209328351113669	-0.672555804286283	0.573913270328319	-0.579981551152878	0.701249796819216	2	2	2	1	2	1	1	NA	1	1	1	3	1	1
7948	14	2	1.13433125704177	0.247210019702554	1.31113790068387	0.359230396236553	1.08661273124001	0.564471361896758	2	4	4	3	2	3	1	3	2	1	4	2	2	1
7929	14	2	0.0598132601255791	0.0418063061843947	1.0010325267209	0.368714986217637	-1.00618804280855	0.68657711504414	1	4	2	2	2	2	6	1	1	1	2	1	1	1
7812	8	2	1.23220155070201	0.242617446684923	1.78508808551302	0.334118621267983	1.4156831430493	0.642670710252608	5	4	4	4	4	3	3	2	1	3	6	2	1	3
8188	12	1	1.13433125704177	0.247210019702554	-0.672555804286283	0.573913270328319	0.735320791822144	0.699893689633078	2	4	4	3	2	1	1	2	1	1	1	6	5	1
11209	11	2	0.453109979348779	0.0490996444224527	-0.672555804286283	0.573913270328319	-0.0513318077064314	0.602602683378642	1	4	3	1	2	1	1	2	1	1	2	3	1	1
8140	2	2	1.1546704732376	0.2464776135302	1.58000222463221	0.338884353204433	0.76745399527311	0.565825852743547	3	4	4	3	NA	3	2	2	3	1	3	3	1	1
8223	15	1	1.77057432987406	0.0497956377134766	1.78508808551302	0.334118621267983	0.993230861424151	0.526727461655351	4	4	5	3	4	3	3	2	2	1	3	3	1	2
8173	1	1	-0.165455942493819	0.201076358574872	-1.03714279541407	0.671377580319932	-0.140322218927153	0.642479590016018	5	2	2	5	1	1	1	1	1	1	2	4	1	1
11357	2	1	0.453109979348779	0.0490996444224527	2.40156587174258	0.319878682503754	-0.256040511953333	0.620964212915272	1	4	3	1	4	4	3	1	1	1	3	2	1	1
8018	16	2	-1.33522798140931	0.359411499522025	1.64627694991182	0.331195455584932	-0.462665435930163	0.662509373346524	2	1	1	1	4	3	2	1	1	1	2	1	2	1
8077	11	2	1.17528936882849	0.250719700443616	0.97488390756065	0.360695740167796	1.65763424488955	0.557851900055464	2	4	4	4	2	2	4	3	3	1	4	2	2	2
7543	3	1	-0.838073150688509	0.0512145355647954	-1.03714279541407	0.671377580319932	-0.994713697360366	0.67501613137766	1	2	1	1	1	1	1	1	1	1	1	2	1	1
8299	3	2	-0.549356446356616	0.0462085118423025	1.31113790068387	0.359230396236553	0.274661447370241	0.644622604184302	1	1	2	1	2	3	1	2	1	1	2	6	1	1
13160	6	1	NA	NA	NA	NA	NA	NA	NA	NA	NA	NA	NA	NA	NA	NA	NA	NA	NA	NA	NA	NA
7837	14	2	-0.194862285231849	0.207164542922525	2.40156587174258	0.319878682503754	-0.175023307565216	0.64683984256276	2	2	2	4	4	4	3	2	1	1	2	1	2	1
9814	6	2	0.726380469832428	0.0402600390484838	0.93823610073191	0.351836406531057	0.96367852605475	0.587412078057853	1	1	4	NA	2	2	3	1	1	1	4	4	4	1
10220	15	2	0.385124426217291	0.0672402770932011	-1.03714279541407	0.671377580319932	-1.00618804280855	0.68657711504414	2	3	3	1	1	1	1	1	1	1	2	1	1	1
11000	8	2	-1.417017145299	0.417347665168179	-0.249794077934664	0.478477060404757	0.0290760092854222	0.598814090251098	1	1	1	1	1	1	2	1	1	1	3	3	1	1
7809	NA	NA	2.04253327193497	0.240130173771179	-1.03714279541407	0.671377580319932	0.409042691146804	0.618230777100059	2	5	5	2	1	1	1	1	1	1	5	2	1	2
8404	NA	2	-0.815002738462142	0.0402684602253046	0.68043287079947	0.353317569782913	1.71506149975169	0.552310712794226	5	4	1	1	4	2	1	1	1	2	3	6	2	3
7955	4	1	-0.312813307588382	0.209328351113669	0.57561140874089	0.351436668615328	0.26803138862112	0.585301892379391	2	2	2	1	2	2	1	1	1	2	3	2	1	1
8300	6	1	0.388002408109457	0.0676651516025655	-0.178096367804745	0.490441276174105	0.122545532347152	0.615463040812807	4	3	3	1	1	1	6	2	1	1	2	4	1	1
11178	1	2	1.13433125704177	0.247210019702554	0.57561140874089	0.351436668615328	1.92546482585589	0.487174468133756	2	4	4	3	2	2	1	2	2	2	3	5	2	2
10559	2	2	2.62306391978653	0.623069665464225	-1.03714279541407	0.671377580319932	0.333215752111609	0.596929538249045	5	5	5	5	1	1	1	1	2	1	2	4	1	1
9896	2	2	1.09716504907337	0.251988907871702	-0.546002038113654	0.560317466652551	0.257163435050798	0.576306138245582	4	4	4	NA	3	1	1	2	1	1	3	3	1	1
13162	NA	NA	NA	NA	NA	NA	NA	NA	NA	NA	NA	NA	NA	NA	NA	NA	NA	NA	NA	NA	NA	NA
8242	11	2	-0.312813307588382	0.209328351113669	1.88541318045392	0.370838451122937	-0.6072074585469	0.722245142536569	2	2	2	1	NA	3	6	1	1	1	2	NA	1	1
8288	5	2	1.21690164797433	0.2451655580994	1.43403293323917	0.354260294642027	1.35376931318458	0.552646947984879	4	4	4	4	4	3	1	1	1	1	4	4	4	2
13161	NA	NA	NA	NA	NA	NA	NA	NA	NA	NA	NA	NA	NA	NA	NA	NA	NA	NA	NA	NA	NA	NA
8278	5	2	-0.312813307588382	0.209328351113669	-1.03714279541407	0.671377580319932	0.387884115992836	0.582864614207474	2	2	2	1	1	1	1	1	2	2	2	2	1	1
11271	6	2	2.13844831949523	0.278349274718618	-1.03714279541407	0.671377580319932	1.04867891038078	0.530714889439865	2	5	5	3	1	1	1	1	2	2	3	4	1	1
11185	5	2	1.02092120582787	0.236376106491374	1.43403293323917	0.354260294642027	0.672214944702907	0.569924604978621	5	4	4	1	4	3	1	1	1	2	2	3	1	3
7826	NA	2	-0.245837005657461	0.21056098088498	0.93823610073191	0.351836406531057	0.405375362268659	0.587777632373757	1	2	2	2	2	2	3	2	1	1	4	3	1	1
14935	4	1	0.394966635639061	0.0680100550177338	1.64627694991182	0.331195455584932	0.663227016774368	0.583225650732671	3	3	3	2	4	3	2	1	2	1	5	3	1	1
15322	3	1	-0.296902817852704	0.211088916722729	-1.03714279541407	0.671377580319932	0.0959902669759986	0.59285084716317	3	2	2	1	1	1	1	2	1	1	2	2	2	1
8285	5	2	-1.417017145299	0.417347665168179	-1.03714279541407	0.671377580319932	-0.596599435841515	0.630558902398885	1	1	1	1	1	1	1	1	1	1	2	2	1	1
10943	3	1	1.03676383910366	0.235471989320322	0.761436603280432	0.343905874345182	-0.596599435841515	0.630558902398885	1	4	4	2	1	2	2	1	1	1	2	2	1	1
15503	4	2	1.13433125704177	0.247210019702554	-0.0660968825342023	0.439189498419134	2.36048507902495	0.50775894555926	2	4	4	3	2	1	2	2	2	2	4	6	2	3
8318	11	2	-0.226617655046107	0.208367221928936	0.947475563782554	0.341199772680083	0.418215416533485	0.573645385460626	2	2	2	2	4	2	2	2	2	1	3	2	1	1
7494	NA	1	-0.312813307588382	0.209328351113669	-0.672555804286283	0.573913270328319	1.00469562209761	0.621239210200818	2	2	2	1	2	1	1	4	3	1	2	5	1	1
10988	9	1	1.05202445654258	0.237240175999787	-0.672555804286283	0.573913270328319	0.405375362268659	0.587777632373757	2	4	4	2	2	1	1	2	1	1	4	3	1	1
13158	12	2	NA	NA	NA	NA	NA	NA	NA	NA	NA	NA	NA	NA	NA	NA	NA	NA	NA	NA	NA	NA
8276	10	2	0.0364068370994046	0.0532890544025238	1.43403293323917	0.354260294642027	0.925508284490322	0.558486264004052	1	3	2	1	4	3	1	3	2	1	4	3	1	1
8222	11	2	1.09074004786057	0.242245888359561	0.57561140874089	0.351436668615328	-0.892103799506187	0.709718190112266	4	4	4	2	2	2	1	1	1	1	1	1	2	1
8246	4	2	1.22657288623925	0.244645241224699	0.852289055743664	0.357389725076468	0.839901196972012	0.564740913663377	4	4	4	5	1	2	3	2	1	1	3	2	2	3
11113	6	2	0.459306771236737	0.0459702535378159	-1.03714279541407	0.671377580319932	-0.335154621747144	0.615872339484269	4	4	3	2	1	1	1	2	1	1	2	2	1	1
7752	NA	2	0.38350434404399	0.0669703476748767	-0.249794077934664	0.478477060404757	1.51527764238318	0.519274452123634	1	3	3	1	1	1	2	3	2	2	4	4	1	1
11677	14	2	-0.226617655046107	0.208367221928936	0.57561140874089	0.351436668615328	-1.00618804280855	0.68657711504414	2	2	2	2	2	2	1	1	1	1	2	1	1	1
11762	9	1	1.11824034594554	0.247747378029615	-0.498956958136958	0.56003264128841	0.354643625000494	0.641839634884207	1	4	4	3	5	1	1	2	1	1	4	1	2	1
10941	2	2	-0.245837005657461	0.21056098088498	0.702344714479561	0.356138819632409	0.0290760092854222	0.598814090251098	1	2	2	2	5	2	1	1	1	1	3	3	1	1
11084	7	2	0.396196068589486	0.0680142691842999	0.47902648189112	0.360278256623955	-0.692125673782879	0.661009739769705	4	3	3	2	1	2	1	2	1	1	1	2	1	1
11151	10	2	-0.210987973444028	0.206558115601486	0.68043287079947	0.353317569782913	1.40131905235886	0.571916186806718	3	2	2	2	4	2	1	2	2	2	5	1	2	1
11120	2	2	0.0563879822756144	0.0435518599041222	-1.03714279541407	0.671377580319932	0.221019971091061	0.631754237708681	1	4	2	1	1	1	1	2	1	1	2	5	1	1
11711	8	1	1.07131066366738	0.239511467275867	1.64627694991182	0.331195455584932	0.642270691961535	0.546518955498445	3	4	4	2	4	3	2	2	2	1	3	3	1	1
5103	7	2	-0.838073150688509	0.0512145355647954	0.47902648189112	0.360278256623955	-0.596599435841515	0.630558902398885	1	2	1	1	1	2	1	1	1	1	2	2	1	1
11672	1	1	-0.312813307588382	0.209328351113669	-0.51669949689853	0.559938230825302	1.053271893981	0.616134333533941	2	2	2	1	4	1	1	1	2	1	2	6	1	4
11723	2	2	1.17543014878189	0.246005172692389	0.68043287079947	0.353317569782913	2.21825869010401	0.510920955135525	4	4	4	3	4	2	1	2	3	2	4	3	3	2
10010	9	2	0.388252509978629	0.0678163907977478	-0.672555804286283	0.573913270328319	-0.461448084151222	0.727846402606718	1	3	3	NA	2	1	1	1	1	1	5	1	1	1
11236	6	1	-1.417017145299	0.417347665168179	0.57561140874089	0.351436668615328	0.445305298307645	0.645255775763839	1	1	1	1	2	2	1	2	3	1	2	1	2	1
5835	6	2	0.0457268797319655	0.0479750836795244	-0.672555804286283	0.573913270328319	1.14479877200962	0.560289540930541	4	3	2	3	2	1	1	2	1	1	4	4	3	1
11632	7	1	-0.312813307588382	0.209328351113669	-0.51669949689853	0.559938230825302	1.28560808455659	0.645755923539369	2	2	2	1	4	1	1	3	1	1	1	6	2	4
11192	11	1	-0.838073150688509	0.0512145355647954	0.912728614223306	0.337694736611178	0.0959902669759986	0.59285084716317	1	2	1	1	3	2	2	2	1	1	2	2	2	1
9986	6	2	-1.39169738031894	0.405855390909077	-0.199213705211889	0.485875671473602	-1.00618804280855	0.68657711504414	1	1	1	NA	1	1	3	1	1	1	2	1	1	1
11272	4	1	2.22945556802651	0.322839504304403	-0.51669949689853	0.559938230825302	0.168956233352936	0.61193099645951	5	5	5	3	4	1	1	1	1	1	4	3	1	1
10015	1	1	0.728712919552384	0.0411703748819283	-0.672555804286283	0.573913270328319	1.16019466180297	0.53952014830029	1	2	4	NA	2	1	1	1	1	2	3	5	2	1
11276	1	1	-0.816738057287818	0.041105754418975	-0.672555804286283	0.573913270328319	1.49882521496082	0.585472300701951	1	4	1	1	2	1	1	3	2	1	5	6	1	1
6457	5	2	2.05895127691893	0.252693169302111	-0.51669949689853	0.559938230825302	0.274661447370241	0.644622604184302	5	5	5	1	4	1	1	2	1	1	2	6	1	1
15393	6	2	1.1546704732376	0.2464776135302	0.127631261086	0.44808562451022	1.4913284729535	0.583233635549877	3	4	4	3	4	1	3	2	4	1	6	3	2	1
15231	8	1	-0.283554486173103	0.212569939981892	0.1232067271737	0.453094581906465	0.615247914275115	0.606846135509076	5	2	2	1	3	1	6	2	1	1	3	6	1	1
7965	10	1	1.13433125704177	0.247210019702554	2.26777718467073	0.333763513810434	-0.256040511953333	0.620964212915272	2	4	4	3	4	4	2	1	1	1	3	2	1	1
8353	5	2	0.315857783109459	0.039947280925865	2.64982283092298	0.337447209567966	0.768063056883845	0.594383935961787	4	1	3	1	4	4	6	3	2	1	3	1	2	1
9968	NA	1	0.0406523870074045	0.0508314972598119	1.05360157913187	0.361380753483287	1.05178583018492	0.558457012974215	3	3	2	NA	3	2	4	2	2	1	2	5	2	1
10030	4	1	0.39161028529526	0.0680860519100365	2.3002079703846	0.328730756863214	0.0290760092854222	0.598814090251098	3	3	3	NA	2	4	3	1	1	1	3	3	1	1
8348	9	1	1.17543014878189	0.246005172692389	1.78508808551302	0.334118621267983	1.21026925347398	0.598231200100246	4	4	4	3	4	3	3	4	3	1	5	3	1	1
11694	5	1	0.385124426217291	0.0672402770932011	-0.672555804286283	0.573913270328319	0.558563600727086	0.641879914453523	2	3	3	1	2	1	1	1	1	1	5	5	1	1
7493	2	2	0.458726029224383	0.0462506812744692	-0.672555804286283	0.573913270328319	0.0635427515202107	0.658141128629142	3	4	3	2	2	1	1	1	2	1	1	4	1	1
9347	7	2	1.09074004786057	0.242245888359561	2.40156587174258	0.319878682503754	0.504513868817631	0.604048724606682	4	4	4	2	4	4	3	1	2	2	3	1	1	1
8017	2	2	0.04146154142658	0.0503138369473909	0.0615074845368723	0.434955740299174	0.375124901998312	0.571544503031254	1	3	2	2	4	1	2	2	1	1	2	3	1	2
11316	11	1	0.385124426217291	0.0672402770932011	-1.03714279541407	0.671377580319932	-0.596599435841515	0.630558902398885	2	3	3	1	1	1	1	1	1	1	2	2	1	1
8193	1	2	1.07131066366738	0.239511467275867	-0.672555804286283	0.573913270328319	1.94182336962607	0.586269126834602	3	4	4	2	2	1	1	5	2	3	2	6	2	1
15163	9	2	-0.332189846679887	0.206464315413851	0.761436603280432	0.343905874345182	0.190630193500698	0.662005170999159	1	2	2	1	1	2	2	1	1	2	4	1	1	1
15660	3	2	1.10501497485336	0.24428491019529	1.82925895196503	0.337942464433519	2.43254951724938	0.6036465338386	5	4	4	2	5	3	3	5	6	1	3	6	2	4
9999	2	1	0.457305027859234	0.0470128582152661	0.183453341538165	0.462688523689278	0.206553081205621	0.606670440090343	3	4	3	NA	5	1	6	1	1	1	3	4	1	1
11746	4	1	1.99292972597422	0.223267561996541	2.47298778884457	0.493793111892249	0.666482631261964	0.568072545796145	1	5	5	1	1	5	1	1	1	2	4	3	1	1
15201	4	2	1.17543014878189	0.246005172692389	-1.03714279541407	0.671377580319932	-0.0549525729996644	0.659072890972545	4	4	4	3	1	1	1	1	1	1	2	5	1	1
13314	1	2	1.13433125704177	0.247210019702554	-0.672555804286283	0.573913270328319	0.898410799850994	0.612574207067132	2	4	4	3	2	1	1	3	2	1	2	6	1	1
11072	5	1	-0.226617655046107	0.208367221928936	0.57561140874089	0.351436668615328	-0.00681112572602824	0.601528868656194	2	2	2	2	2	2	1	2	1	1	3	2	1	1
13053	11	2	-1.417017145299	0.417347665168179	-1.03714279541407	0.671377580319932	-0.692920794230491	0.672605015458528	1	1	1	1	1	1	1	2	1	1	2	1	1	1
13172	6	1	0.38350434404399	0.0669703476748767	-0.672555804286283	0.573913270328319	0.0959902669759986	0.59285084716317	1	3	3	1	2	1	1	2	1	1	2	2	2	1
13719	8	1	0.38350434404399	0.0669703476748767	0.702344714479561	0.356138819632409	-0.692920794230491	0.672605015458528	1	3	3	1	5	2	1	2	1	1	2	1	1	1
166	9	2	-0.312813307588382	0.209328351113669	-0.672555804286283	0.573913270328319	-1.51097713883035	0.728409944662597	2	2	2	1	2	1	1	1	1	1	1	1	1	1
160	10	1	-0.332189846679887	0.206464315413851	0.57561140874089	0.351436668615328	-0.462665435930163	0.662509373346524	1	2	2	1	2	2	1	1	1	1	2	1	2	1
19	NA	NA	NA	NA	NA	NA	NA	NA	NA	NA	NA	NA	NA	NA	NA	NA	NA	NA	NA	NA	NA	NA
13035	NA	NA	NA	NA	NA	NA	NA	NA	NA	NA	NA	NA	NA	NA	NA	NA	NA	NA	NA	NA	NA	NA
11808	6	2	1.05202445654258	0.237240175999787	0.843452785840551	0.338210353362157	1.19718200160035	0.602121171893096	2	4	4	2	2	2	2	1	1	1	5	5	3	1
13774	3	1	2.29401995057541	0.364203057946237	0.68043287079947	0.353317569782913	0.557281257681588	0.704152122112933	3	5	5	4	4	2	1	1	2	5	1	1	1	4
16043	1	1	2.19188078718251	0.302148558440493	1.47320625257472	0.357489026545336	2.64503827810782	0.516564541342199	4	5	5	3	5	3	1	4	2	2	6	6	2	2
12424	8	2	2.35158054981994	0.397748120633611	0.912728614223306	0.337694736611178	2.10363729367955	0.539555363118244	4	5	5	4	3	2	2	2	2	1	6	6	2	2
15735	2	1	1.13433125704177	0.247210019702554	0.649059676340311	0.35034407583782	0.509696087105013	0.628001364176728	2	4	4	3	3	2	1	1	1	1	2	6	1	2
12932	4	2	1.13433125704177	0.247210019702554	0.947475563782554	0.341199772680083	0.372636403775496	0.570964377645567	2	4	4	3	4	2	2	2	2	1	2	3	1	1
3767	13	2	2.13395834049529	0.850585049192948	2.5061830603042	0.35074316351289	0.51385895749449	0.573186555183084	4	NA	5	5	1	4	6	2	2	1	2	2	2	1
12538	2	2	-0.245837005657461	0.21056098088498	0.57561140874089	0.351436668615328	1.46608403434519	0.550200009953799	1	2	2	2	2	2	1	2	4	1	2	4	2	2
15102	8	1	0.730982712141205	0.0422467533560456	0.47902648189112	0.360278256623955	0.0290760092854222	0.598814090251098	4	2	4	2	1	2	1	1	1	1	3	3	1	1
12480	2	1	0.385124426217291	0.0672402770932011	-1.03714279541407	0.671377580319932	-0.523931329198597	0.716795738591924	2	3	3	1	1	1	1	1	1	1	1	4	1	1
12515	10	1	2.15768990435288	0.285904099927737	-0.51669949689853	0.559938230825302	0.622469065304434	0.600321365103441	3	5	5	3	4	1	1	2	1	1	5	2	2	1
12474	8	1	-0.165455942493819	0.201076358574872	1.82925895196503	0.337942464433519	1.72973869926709	0.570327152368024	5	2	2	5	5	3	3	3	1	3	3	5	1	3
13151	1	2	-0.202425192720471	0.205685106401989	1.02620590526368	0.380361603764335	1.19430864866206	0.594293412501153	4	2	2	2	NA	2	6	2	NA	1	3	6	2	1
12894	14	1	1.17543014878189	0.246005172692389	1.01312566870266	0.351619542884444	0.925810391567118	0.556039293414073	4	4	4	3	3	2	3	2	1	1	3	5	2	1
13418	2	2	1.1546704732376	0.2464776135302	1.38571605159114	0.352618245857028	1.46736229695492	0.615805972401279	3	4	4	3	3	3	1	2	3	1	5	2	3	1
12952	6	1	-0.312813307588382	0.209328351113669	-0.51669949689853	0.559938230825302	-0.449519640514356	0.736423661752218	2	2	2	1	4	1	1	1	1	1	1	5	1	1
12926	1	1	2.48539828836446	0.515466377787655	0.179352832692612	0.461083648405599	2.4911095675957	0.615704656032106	4	5	5	5	5	1	5	2	6	1	6	6	4	1
14090	8	2	-1.417017145299	0.417347665168179	-0.672555804286283	0.573913270328319	-1.51097713883035	0.728409944662597	1	1	1	1	2	1	1	1	1	1	1	1	1	1
12503	7	1	2.35158054981994	0.397748120633611	1.34875633349249	0.366340351723157	0.242202678527954	0.626726472759017	4	5	5	4	NA	3	1	1	1	1	6	3	1	1
12620	3	1	1.13433125704177	0.247210019702554	0.47902648189112	0.360278256623955	0.122545532347152	0.615463040812807	2	4	4	3	1	2	1	2	1	1	2	4	1	1
15107	3	2	2.35158054981994	0.397748120633611	2.45744998813103	0.321434134218324	-0.596599435841515	0.630558902398885	4	5	5	4	5	4	3	1	1	1	2	2	1	1
8347	12	2	-1.33522798140931	0.359411499522025	0.649059676340311	0.35034407583782	1.11863610792249	0.549152540628878	2	1	1	1	3	2	1	3	2	1	4	4	1	1
14839	5	2	0.0571454725280405	0.0431559724018775	0.57561140874089	0.351436668615328	1.31067540440447	0.585045685619027	2	4	2	1	2	2	1	2	1	1	5	6	2	1
12823	NA	NA	1.48219052776063	0.0473211781666633	1.64627694991182	0.331195455584932	1.92743506794393	0.538138774019801	3	5	4	3	4	3	2	2	3	1	3	6	2	2
14896	14	1	-0.226617655046107	0.208367221928936	1.64627694991182	0.331195455584932	1.05409775959489	0.557510430660225	2	2	2	2	4	3	2	3	1	1	3	5	2	1
13553	1	1	0.385124426217291	0.0672402770932011	-0.0660968825342023	0.439189498419134	1.13447974751578	0.534587326610755	2	3	3	1	2	1	2	1	2	1	4	4	2	1
2171	5	2	1.47793975122172	0.0497151140243409	1.43403293323917	0.354260294642027	1.49781869037707	0.635054458519203	2	5	4	2	4	3	1	3	1	3	2	2	5	2
13178	6	1	-0.226617655046107	0.208367221928936	0.747908439460454	0.367308542775335	-0.335154621747144	0.615872339484269	2	2	2	2	3	2	NA	2	1	1	2	2	1	1
12439	1	1	1.07131066366738	0.239511467275867	0.0318029396534207	0.432955252043865	1.00879311963172	0.571163299946118	3	4	4	2	3	1	2	2	1	1	3	6	2	1
13664	4	1	2.26491752996284	0.349938363814133	0.68043287079947	0.353317569782913	-0.0562140765042352	0.647864892212609	2	5	5	4	4	2	1	1	1	1	3	1	1	2
14990	1	2	1.1546704732376	0.2464776135302	0.912728614223306	0.337694736611178	0.847737521137771	0.575831783484044	3	4	4	3	3	2	2	1	2	1	2	5	2	1
14789	1	1	0.0605110358059714	0.0414579609451016	1.81297691297037	0.341891196885121	-0.142980166730207	0.605973133990095	2	4	2	2	3	3	4	1	1	1	2	2	2	1
8413	9	2	1.11824034594554	0.247747378029615	0.47902648189112	0.360278256623955	0.405375362268659	0.587777632373757	1	4	4	3	1	2	1	2	1	1	4	3	1	1
13078	3	1	2.12701734521442	0.274239082016628	-1.03714279541407	0.671377580319932	0.153924833221488	0.588148577221411	1	5	5	3	1	1	1	1	1	1	2	3	1	2
14598	2	1	1.17543014878189	0.246005172692389	-0.546002038113654	0.560317466652551	1.03714437911107	0.541267881318126	4	4	4	3	3	1	1	1	2	2	4	3	1	1
13322	3	2	2.4237749105738	0.445397341375943	0.93823610073191	0.351836406531057	0.493708564112041	0.624622926568571	5	5	5	4	2	2	3	1	1	1	2	5	1	3
14590	8	1	-1.417017145299	0.417347665168179	0.47902648189112	0.360278256623955	-0.140322218927153	0.642479590016018	1	1	1	1	1	2	1	1	1	1	2	4	1	1
13333	5	2	-0.312813307588382	0.209328351113669	1.68601787665225	0.334934798610237	0.51385895749449	0.573186555183084	2	2	2	1	5	3	2	2	2	1	2	2	2	1
14197	1	1	1.17543014878189	0.246005172692389	0.57561140874089	0.351436668615328	0.310210472730227	0.597503054033587	4	4	4	3	2	2	1	1	1	1	2	4	2	1
9578	16	2	0.959848272810263	0.217633645476233	1.43403293323917	0.354260294642027	0.00829189428667296	0.662068647245124	1	4	4	1	4	3	1	1	1	1	NA	2	1	3
14597	8	1	0.33164983182601	0.0465106488666189	1.31113790068387	0.359230396236553	0.323393683478509	0.605143368089361	2	2	3	2	2	3	1	1	1	1	4	2	2	1
14707	4	2	1.77139269582114	0.0502714660293666	0.170378978012951	0.457833199503843	2.17151510021068	0.556521372981288	5	4	5	3	5	1	4	2	1	4	4	5	2	5
15836	3	2	0.751148152176818	0.0519907203728152	-0.498956958136958	0.56003264128841	1.57808072972035	0.563531120513419	4	3	4	3	5	1	1	1	3	1	5	5	2	1
12399	2	1	2.4237749105738	0.445397341375943	-0.546002038113654	0.560317466652551	0.274661447370241	0.644622604184302	5	5	5	4	3	1	1	2	1	1	2	6	1	1
13222	7	1	1.48411205424679	0.046310077494591	-0.672555804286283	0.573913270328319	1.87093504246073	0.620194755435034	3	5	4	4	2	1	1	3	1	1	6	6	4	1
13428	3	1	-0.312813307588382	0.209328351113669	-1.03714279541407	0.671377580319932	-0.678225176257484	0.689374167866634	2	2	2	1	1	1	1	1	1	1	1	3	1	1
12334	12	1	-0.226617655046107	0.208367221928936	2.47298778884457	0.493793111892249	-0.847469297950001	0.715930269161806	2	2	2	2	1	5	1	1	1	1	1	1	1	3
14832	5	2	1.17543014878189	0.246005172692389	0.843452785840551	0.338210353362157	-0.678225176257484	0.689374167866634	4	4	4	3	2	2	2	1	1	1	1	3	1	1
13266	2	1	1.1546704732376	0.2464776135302	1.64627694991182	0.331195455584932	1.03008657586302	0.554989529872258	3	4	4	3	4	3	2	1	2	1	5	3	2	1
12391	2	1	1.1546704732376	0.2464776135302	1.8606656861961	0.351063468222978	0.396622850827055	0.57349027023257	3	4	4	3	3	3	5	2	1	1	3	2	2	1
13259	3	1	2.22945556802651	0.322839504304403	-1.03714279541407	0.671377580319932	-0.0112531268240224	0.670402017262829	5	5	5	3	1	1	1	1	1	1	2	6	1	1
12325	1	2	0.0433793296784792	0.049225817252444	-1.03714279541407	0.671377580319932	1.81795921093423	0.500525176164962	3	3	2	2	1	1	1	3	2	2	4	4	1	2
7608	11	1	-0.332189846679887	0.206464315413851	0.57561140874089	0.351436668615328	1.30150746050545	0.565984083005268	1	2	2	1	2	2	1	2	1	1	4	5	3	1
13118	2	1	1.17543014878189	0.246005172692389	1.31113790068387	0.359230396236553	0.602936122219928	0.56378831968239	4	4	4	3	2	3	1	1	1	1	3	4	2	1
9242	1	1	-0.332189846679887	0.206464315413851	-0.672555804286283	0.573913270328319	0.153924833221488	0.588148577221411	1	2	2	1	2	1	1	1	1	1	2	3	1	2
12112	7	1	1.1546704732376	0.2464776135302	0.843452785840551	0.338210353362157	1.19907489509798	0.51765592273762	3	4	4	3	2	2	2	2	1	2	3	4	2	1
13666	2	2	1.4814951696062	0.0477098365967282	0.0112679011002592	0.454360747019043	1.17909863420647	0.594382348922645	2	5	4	3	2	1	5	1	1	2	4	1	2	3
14810	4	2	-0.210987973444028	0.206558115601486	-0.010490793562103	0.4487630661659	1.45031315187149	0.524320241542665	3	2	2	2	2	1	3	2	2	1	4	5	2	1
14284	6	2	1.13433125704177	0.247210019702554	-1.03714279541407	0.671377580319932	0.366210141482573	0.616522858228072	2	4	4	3	1	1	1	1	1	1	4	4	1	1
12273	4	1	1.47793975122172	0.0497151140243409	-0.672555804286283	0.573913270328319	0.127240570232897	0.682398397916785	2	5	4	2	2	1	1	1	1	1	5	1	2	1
12839	1	2	1.17543014878189	0.246005172692389	-0.546002038113654	0.560317466652551	2.36997843194024	0.547296463414058	4	4	4	3	3	1	1	3	2	NA	5	6	2	2
9115	7	2	2.39345680659426	0.448794107323066	1.59974522330815	0.32902309680949	-0.194424059785388	0.677158701979779	3	5	5	5	3	3	2	3	1	1	3	1	1	1
12862	1	1	0.38874462296441	0.0677643874758342	-0.672555804286283	0.573913270328319	0.221019971091061	0.631754237708681	5	3	3	1	2	1	1	2	1	1	2	5	1	1
12347	2	1	-1.17257012433613	0.273092692160555	-0.185925667835247	0.488625572011581	1.03871746108079	0.572837018696156	1	1	1	3	1	1	4	2	1	1	3	6	1	2
12337	8	1	1.76896646741917	0.0488922499120364	-0.249794077934664	0.478477060404757	0.704401148248505	0.604805824339984	2	4	5	3	1	1	2	2	1	1	6	4	1	1
12340	1	1	1.19064192615185	0.245475493388901	-0.672555804286283	0.573913270328319	-0.596599435841515	0.630558902398885	5	4	4	3	2	1	1	1	1	1	2	2	1	1
12354	1	1	1.48300648003929	0.046878199894835	0.68043287079947	0.353317569782913	1.22906658114483	0.54738088162502	4	5	4	3	4	2	1	1	2	1	2	5	2	2
12396	13	1	1.76896646741917	0.0488922499120364	-0.672555804286283	0.573913270328319	0.783235636538812	0.568286858631877	2	4	5	3	2	1	1	2	1	1	3	3	4	1
13146	12	1	-0.202425192720471	0.205685106401989	0.57561140874089	0.351436668615328	0.989607723706514	0.590109800543753	4	2	2	2	2	2	1	1	1	1	5	5	2	1
12356	1	2	1.17543014878189	0.246005172692389	0.57561140874089	0.351436668615328	0.726371141753918	0.606423250983539	4	4	4	3	2	2	1	2	1	1	2	6	2	1
9482	3	2	0.38350434404399	0.0669703476748767	0.852289055743664	0.357389725076468	-0.596599435841515	0.630558902398885	1	3	3	1	1	2	3	1	1	1	2	2	1	1
14778	NA	2	-1.41701632749472	0.417351471300932	-1.03714279541407	0.671377580319932	-0.303022729892198	0.625204131798414	1	1	NA	1	1	1	1	1	1	1	2	3	1	1
14695	4	2	2.4237749105738	0.445397341375943	3.18717627828077	0.389383693473941	-0.131352767067	0.640123013045284	5	5	5	4	2	5	5	1	1	1	4	2	1	1
14189	12	1	1.05202445654258	0.237240175999787	2.52894650108421	0.32810690486984	-0.303022729892198	0.625204131798414	2	4	4	2	3	4	5	1	1	1	2	3	1	1
14720	2	2	1.1546704732376	0.2464776135302	1.38571605159114	0.352618245857028	1.13447974751578	0.534587326610755	3	4	4	3	3	3	1	1	2	1	4	4	2	1
14256	7	2	0.0631224307773292	0.040232940330996	-0.51669949689853	0.559938230825302	0.730813430428961	0.599601169325369	4	4	2	4	4	1	1	2	1	1	4	5	1	1
16355	NA	1	1.17543014878189	0.246005172692389	-0.546002038113654	0.560317466652551	0.442894722723247	0.612764064497151	4	4	4	3	3	1	1	1	2	1	2	5	1	1
12207	7	2	-1.33522798140931	0.359411499522025	-0.672555804286283	0.573913270328319	-0.303022729892198	0.625204131798414	2	1	1	1	2	1	1	1	1	1	2	3	1	1
13773	1	1	1.19586461033776	0.247992178149496	-0.672555804286283	0.573913270328319	0.372636403775496	0.570964377645567	3	4	4	4	2	1	1	2	2	1	2	3	1	1
12292	1	2	1.13433125704177	0.247210019702554	-0.323685678681099	0.862046387532785	0.30408368513508	0.704803052116258	2	4	4	3	NA	NA	1	1	3	1	1	5	1	1
12289	1	2	1.21690164797433	0.2451655580994	1.0010325267209	0.368714986217637	0.819471522944231	0.590081950717658	4	4	4	4	2	2	6	1	2	1	3	6	1	1
15803	8	1	2.62306391978653	0.623069665464225	2.56462518275755	0.321831765170018	1.36036094042357	0.556866291440533	5	5	5	5	5	4	4	1	3	2	3	5	1	1
13767	6	1	-0.226617655046107	0.208367221928936	-0.672555804286283	0.573913270328319	1.53565481090385	0.564801175104545	2	2	2	2	2	1	1	1	2	1	6	3	2	3
14764	5	2	0.39789818924003	0.068044958404765	2.45099165666766	0.322003193263547	0.746436468313082	0.563319748793279	2	3	3	3	3	4	4	1	2	1	2	4	1	2
11261	1	2	1.23220155070201	0.242617446684923	-0.463802742357604	0.566853248318326	0.547167921470852	0.634739467946591	5	4	4	4	4	1	NA	NA	1	1	6	2	2	1
11237	5	2	1.18490566858958	0.251456185579058	0.93823610073191	0.351836406531057	0.381442527503467	0.641337165812124	2	4	4	5	2	2	3	2	2	1	4	1	1	1
14084	8	2	1.13433125704177	0.247210019702554	-0.249794077934664	0.478477060404757	0.432715586451359	0.624412537038627	2	4	4	3	1	1	2	1	2	1	6	2	1	1
13106	4	1	-0.288276239696275	0.212057930126438	1.38571605159114	0.352618245857028	0.10139758046495	0.669215157884381	4	2	2	1	3	3	1	1	1	1	4	1	1	2
2789	11	2	0.38350434404399	0.0669703476748767	1.96938718561303	0.389494647814909	-1.51097713883035	0.728409944662597	1	3	3	1	2	4	1	1	1	1	1	1	1	1
15985	3	1	1.4814951696062	0.0477098365967282	0.947475563782554	0.341199772680083	-0.692920794230491	0.672605015458528	2	5	4	3	4	2	2	2	1	1	2	1	1	1
16187	4	2	2.22945556802651	0.322839504304403	-0.672555804286283	0.573913270328319	0.895166754698688	0.594835635940705	5	5	5	3	2	1	1	1	3	1	3	5	1	1
12772	1	1	1.1546704732376	0.2464776135302	1.23073487652368	0.372372924988203	0.944550343064437	0.6551299461918	3	4	4	3	1	3	1	1	1	2	1	6	1	3
12764	6	2	2.35158054981994	0.397748120633611	-0.672555804286283	0.573913270328319	0.621757471793651	0.610493414951416	4	5	5	4	2	1	1	3	1	1	6	3	1	1
12762	5	1	2.12701734521442	0.274239082016628	-0.498956958136958	0.56003264128841	0.808337666347885	0.599409481149117	1	5	5	3	5	1	1	3	1	1	5	4	1	1
14887	6	1	0.385124426217291	0.0672402770932011	2.4058254096848	0.328669235366292	0.323393683478509	0.605143368089361	2	3	3	1	2	4	4	1	1	1	4	2	2	1
16011	1	2	1.17543014878189	0.246005172692389	-0.672555804286283	0.573913270328319	0.822449150942456	0.545243297378905	4	4	4	3	2	1	1	2	2	1	3	4	1	1
15978	1	1	1.17543014878189	0.246005172692389	-0.672555804286283	0.573913270328319	0.0368822512947269	0.659356868706801	4	4	4	3	2	1	1	1	1	1	1	4	2	1
16201	6	1	1.07131066366738	0.239511467275867	-0.672555804286283	0.573913270328319	0.310210472730227	0.597503054033587	3	4	4	2	2	1	1	1	1	1	2	4	2	1
12732	3	2	-0.226617655046107	0.208367221928936	-0.010490793562103	0.4487630661659	1.39378584142875	0.547287258467185	2	2	2	2	2	1	3	1	3	2	4	4	1	1
15997	3	2	-0.202425192720471	0.205685106401989	0.0615074845368723	0.434955740299174	1.22589030840391	0.567470040583606	4	2	2	2	4	1	2	2	2	1	5	5	1	1
16296	4	2	1.1546704732376	0.2464776135302	1.38571605159114	0.352618245857028	1.40902156880812	0.533473274794845	3	4	4	3	3	3	1	2	2	1	2	5	2	2
13906	2	2	1.77415881279769	0.0519467189922114	0.843452785840551	0.338210353362157	0.925810391567118	0.556039293414073	4	4	5	5	2	2	2	2	1	1	3	5	2	1
16221	7	1	1.05202445654258	0.237240175999787	0.57561140874089	0.351436668615328	-0.118610847015234	0.702063295983724	2	4	4	2	2	2	1	2	1	1	5	1	1	1
16299	2	1	1.1546704732376	0.2464776135302	-0.672555804286283	0.573913270328319	1.09658726906157	0.542535732569306	3	4	4	3	2	1	1	1	2	1	3	5	2	1
16123	2	1	2.22945556802651	0.322839504304403	0.0141243592313185	0.455200171379658	0.0711688173937472	0.669296494839494	5	5	5	3	2	1	6	1	1	1	4	1	2	1
13820	NA	1	-0.288276239696275	0.212057930126438	2.45099165666766	0.322003193263547	0.730374476483453	0.584677990695767	4	2	2	1	3	4	4	1	2	1	3	2	3	1
14344	4	1	-0.544906375611559	0.0486588953593654	-1.03714279541407	0.671377580319932	1.5316367406845	0.530765771647894	1	1	2	2	1	1	1	3	2	1	5	4	2	1
15974	3	1	1.17543014878189	0.246005172692389	-0.672555804286283	0.573913270328319	0.966072870796647	0.532958206528008	4	4	4	3	2	1	1	1	2	1	3	4	2	1
12791	1	2	1.17543014878189	0.246005172692389	-0.0660968825342023	0.439189498419134	1.14557211624234	0.534320423649696	4	4	4	3	2	1	2	1	2	2	2	4	2	1
13527	NA	1	1.1546704732376	0.2464776135302	0.97488390756065	0.360695740167796	0.642270691961535	0.546518955498445	3	4	4	3	2	2	4	2	2	1	3	3	1	1
12761	2	1	1.13433125704177	0.247210019702554	0.68043287079947	0.353317569782913	3.32718419752144	0.574347880651386	2	4	4	3	4	2	1	6	4	3	6	6	1	3
13618	1	2	0.385124426217291	0.0672402770932011	-1.03714279541407	0.671377580319932	0.112245051425177	0.618759531653797	2	3	3	1	1	1	1	2	1	1	1	3	2	1
16129	1	1	0.393265885012284	0.067987321326981	-0.672555804286283	0.573913270328319	0.825683406882339	0.610443767684576	2	3	3	2	2	1	1	2	1	1	2	5	3	1
12690	12	1	1.47869429719726	0.0492758175461955	0.97488390756065	0.360695740167796	1.02187784863778	0.557990552219703	3	5	4	2	2	2	4	2	1	2	4	2	2	1
13044	1	2	1.17543014878189	0.246005172692389	-0.672555804286283	0.573913270328319	0.557800918988278	0.576242907047168	4	4	4	3	2	1	1	2	2	1	2	4	1	1
8908	8	2	1.05202445654258	0.237240175999787	0.57561140874089	0.351436668615328	-0.256040511953333	0.620964212915272	2	4	4	2	2	2	1	1	1	1	3	2	1	1
13033	1	1	-1.33522798140931	0.359411499522025	-1.03714279541407	0.671377580319932	-0.303022729892198	0.625204131798414	2	1	1	1	1	1	1	1	1	1	2	3	1	1
8027	2	1	-1.417017145299	0.417347665168179	-1.03714279541407	0.671377580319932	-0.994713697360366	0.67501613137766	1	1	1	1	1	1	1	1	1	1	1	2	1	1
12590	2	1	1.1546704732376	0.2464776135302	-0.51669949689853	0.559938230825302	0.351437331691154	0.571002496151817	3	4	4	3	4	1	1	2	1	1	2	3	2	1
12277	NA	1	-0.171021867287793	0.202225020672666	1.82077037834623	0.3620271997201	0.893456646451192	0.586133919630834	4	2	2	4	2	3	6	1	1	2	3	6	1	1
25448	NA	2	0.391608431778149	0.0679352040300967	-1.03714279541407	0.671377580319932	-0.0513318077064314	0.602602683378642	1	3	3	2	1	1	1	2	1	1	2	3	1	1
28636	9	2	0.38350434404399	0.0669703476748767	-1.03714279541407	0.671377580319932	-0.692920794230491	0.672605015458528	1	3	3	1	1	1	1	2	1	1	2	1	1	1
28760	17	2	-1.417017145299	0.417347665168179	-1.03714279541407	0.671377580319932	0.257163435050798	0.576306138245582	1	1	1	1	1	1	1	2	1	1	3	3	1	1
28505	NA	NA	NA	NA	NA	NA	NA	NA	NA	NA	NA	NA	NA	NA	NA	NA	NA	NA	NA	NA	NA	NA
28674	NA	2	0.327193961135763	0.0443564462252122	-1.03714279541407	0.671377580319932	0.297098172879912	0.584942232646272	1	2	3	1	1	1	1	1	1	1	2	2	2	2
28731	1	2	-1.417017145299	0.417347665168179	-1.03714279541407	0.671377580319932	-0.596599435841515	0.630558902398885	1	1	1	1	1	1	1	1	1	1	2	2	1	1
27059	1	1	-1.36440173979217	0.384129220227222	-1.03714279541407	0.671377580319932	-0.140322218927153	0.642479590016018	NA	1	1	1	1	1	1	1	1	1	2	4	1	1
22400	NA	NA	NA	NA	-0.627869255513938	0.580256634442725	NA	NA	NA	NA	NA	NA	2	1	NA	NA	NA	NA	NA	NA	NA	NA
23963	NA	2	0.385124426217291	0.0672402770932011	-1.03714279541407	0.671377580319932	-1.00618804280855	0.68657711504414	2	3	3	1	1	1	1	1	1	1	2	1	1	1
19033	12	2	-1.3001021339318	0.339532683659676	0.57561140874089	0.351436668615328	-0.305783448320168	0.666173963902021	3	1	1	1	2	2	1	2	1	1	3	1	1	1
28004	2	1	-1.417017145299	0.417347665168179	1.47643878094535	0.34037144645369	-0.303022729892198	0.625204131798414	1	1	1	1	1	3	2	1	1	1	2	3	1	1
30850	4	2	-0.332189846679887	0.206464315413851	0.47902648189112	0.360278256623955	-0.994713697360366	0.67501613137766	1	2	2	1	1	2	1	1	1	1	1	2	1	1
28661	NA	2	0.730450121829772	0.0419769909725956	-0.249794077934664	0.478477060404757	0.642270691961535	0.546518955498445	3	2	4	2	1	1	2	2	2	1	3	3	1	1
28625	10	2	2.22945556802651	0.322839504304403	0.57561140874089	0.351436668615328	1.08239703104627	0.584081763288627	5	5	5	3	2	2	1	2	2	1	6	2	2	1
28046	3	2	-1.417017145299	0.417347665168179	1.23073487652368	0.372372924988203	-0.0513318077064314	0.602602683378642	1	1	1	1	1	3	1	2	1	1	2	3	1	1
28031	NA	1	0.393265885012284	0.067987321326981	0.57561140874089	0.351436668615328	0.917286931591123	0.546749681865127	2	3	3	2	2	2	1	2	2	1	2	4	2	1
28506	NA	NA	0.618464289680877	0.986332131322507	1.62971112160936	0.368511970024058	NA	NA	5	NA	NA	NA	4	3	NA	NA	NA	NA	NA	NA	NA	NA
27728	NA	NA	NA	NA	NA	NA	NA	NA	NA	NA	NA	NA	NA	NA	NA	NA	NA	NA	NA	NA	NA	NA
28539	NA	NA	NA	NA	NA	NA	NA	NA	NA	NA	NA	NA	NA	NA	NA	NA	NA	NA	NA	NA	NA	NA
27601	NA	NA	NA	NA	NA	NA	NA	NA	NA	NA	NA	NA	NA	NA	NA	NA	NA	NA	NA	NA	NA	NA
27681	12	2	-0.312813307588382	0.209328351113669	1.97653254160494	0.796444569316944	0.21037490475952	0.61588483004736	2	2	2	1	NA	NA	5	2	1	1	2	2	3	1
28502	NA	2	NA	NA	-0.627869255513938	0.580256634442725	NA	NA	NA	NA	NA	NA	2	1	NA	NA	NA	NA	NA	NA	NA	NA
28593	NA	NA	-0.332189846679887	0.206464315413851	-1.03714279541407	0.671377580319932	0.396622850827055	0.57349027023257	1	2	2	1	1	1	1	2	1	1	3	2	2	1
27361	NA	NA	NA	NA	NA	NA	NA	NA	NA	NA	NA	NA	NA	NA	NA	NA	NA	NA	NA	NA	NA	NA
27929	6	1	-1.1492016426842	0.259200519432604	-1.03714279541407	0.671377580319932	-1.00618804280855	0.68657711504414	2	1	1	2	1	1	1	1	1	1	2	1	1	1
28793	9	2	-1.417017145299	0.417347665168179	-1.03714279541407	0.671377580319932	-1.00618804280855	0.68657711504414	1	1	1	1	1	1	1	1	1	1	2	1	1	1
26922	7	2	-0.312813307588382	0.209328351113669	-0.323685678681099	0.862046387532785	-0.596599435841515	0.630558902398885	2	2	2	1	NA	NA	1	1	1	1	2	2	1	1
25419	NA	NA	0.385124426217291	0.0672402770932011	-0.323685678681099	0.862046387532785	0.308686209548129	0.620568732849997	2	3	3	1	NA	NA	1	1	1	1	3	5	1	1
28508	NA	NA	-0.0701388750830163	0.904250324957875	1.57286817576222	0.365941856028761	NA	NA	2	NA	NA	NA	3	3	NA	NA	NA	NA	NA	NA	NA	NA
28637	NA	NA	-0.312813307588382	0.209328351113669	1.00252151396636	0.666253024680878	0.122545532347152	0.615463040812807	2	2	2	1	NA	NA	2	2	1	1	2	4	1	1
26777	NA	2	-0.288276239696275	0.212057930126438	-1.03714279541407	0.671377580319932	-1.00618804280855	0.68657711504414	4	2	2	1	1	1	1	1	1	1	2	1	1	1
28635	9	1	0.38350434404399	0.0669703476748767	-1.03714279541407	0.671377580319932	-0.335154621747144	0.615872339484269	1	3	3	1	1	1	1	2	1	1	2	2	1	1
28361	NA	1	-1.417017145299	0.417347665168179	-0.498956958136958	0.56003264128841	-0.305783448320168	0.666173963902021	1	1	1	1	5	1	1	2	1	1	3	1	1	1
30738	NA	NA	1.15400319701586	0.248401324422391	-0.323685678681099	0.862046387532785	0.0959902669759986	0.59285084716317	NA	4	4	3	NA	NA	1	2	1	1	2	2	2	1
28604	8	2	-0.296902817852704	0.211088916722729	-1.03714279541407	0.671377580319932	0.257163435050798	0.576306138245582	3	2	2	1	1	1	1	2	1	1	3	3	1	1
28538	1	1	0.0433793296784792	0.049225817252444	1.38571605159114	0.352618245857028	0.802288406460478	0.554876664612578	3	3	2	2	3	3	1	2	2	1	4	3	1	1
27950	NA	NA	NA	NA	NA	NA	NA	NA	NA	NA	NA	NA	NA	NA	NA	NA	NA	NA	NA	NA	NA	NA
28099	12	1	1.19064192615185	0.245475493388901	0.649059676340311	0.35034407583782	0.419944444308683	0.624682068615592	5	4	4	3	3	2	1	3	2	1	1	2	2	1
28693	NA	NA	NA	NA	NA	NA	NA	NA	NA	NA	NA	NA	NA	NA	NA	NA	NA	NA	NA	NA	NA	NA
28583	10	2	0.385124426217291	0.0672402770932011	-1.03714279541407	0.671377580319932	-0.498176699344638	0.717108999148368	2	3	3	1	1	1	1	1	1	1	4	1	1	1
28554	NA	NA	NA	NA	NA	NA	NA	NA	NA	NA	NA	NA	NA	NA	NA	NA	NA	NA	NA	NA	NA	NA
23901	12	1	-0.0701388750830163	0.904250324957875	-0.998924733516516	0.678445831007182	NA	NA	2	NA	NA	NA	1	1	NA	NA	NA	NA	NA	NA	NA	NA
28675	NA	NA	NA	NA	NA	NA	NA	NA	NA	NA	NA	NA	NA	NA	NA	NA	NA	NA	NA	NA	NA	NA
28782	NA	2	-0.312813307588382	0.209328351113669	0.843452785840551	0.338210353362157	-0.0513318077064314	0.602602683378642	2	2	2	1	2	2	2	2	1	1	2	3	1	1
26826	NA	NA	NA	NA	NA	NA	NA	NA	NA	NA	NA	NA	NA	NA	NA	NA	NA	NA	NA	NA	NA	NA
28535	8	1	-0.185149338098953	0.204507877944647	0.68043287079947	0.353317569782913	0.421857864786468	0.56219490003701	3	2	2	3	4	2	1	1	1	1	3	3	2	1
28658	9	1	0.457933653937466	0.0466433551376993	0.57561140874089	0.351436668615328	-0.375449914019739	0.686145335775736	2	4	3	2	2	2	1	1	1	1	2	1	3	1
28561	9	1	-1.18737100772654	0.277510262430713	1.23073487652368	0.372372924988203	-0.131352767067	0.640123013045284	1	1	1	2	1	3	1	1	1	1	4	2	1	1
27558	NA	NA	NA	NA	NA	NA	NA	NA	NA	NA	NA	NA	NA	NA	NA	NA	NA	NA	NA	NA	NA	NA
25815	NA	2	-1.417017145299	0.417347665168179	-1.03714279541407	0.671377580319932	-0.994713697360366	0.67501613137766	1	1	1	1	1	1	1	1	1	1	1	2	1	1
27857	NA	NA	NA	NA	NA	NA	NA	NA	NA	NA	NA	NA	NA	NA	NA	NA	NA	NA	NA	NA	NA	NA
28005	7	2	-1.33522798140931	0.359411499522025	-1.03714279541407	0.671377580319932	0.602286849550224	0.58772785041771	2	1	1	1	1	1	1	2	1	1	4	4	1	1
28682	NA	NA	0.457933653937466	0.0466433551376993	-0.323685678681099	0.862046387532785	0.174547696646506	0.588859822791832	2	4	3	2	NA	NA	1	1	1	1	3	2	2	1
29509	3	2	-1.417017145299	0.417347665168179	-1.03714279541407	0.671377580319932	-0.335154621747144	0.615872339484269	1	1	1	1	1	1	1	2	1	1	2	2	1	1
28623	NA	1	0.232610156631619	0.904880288934675	1.49522907400115	0.372118990889023	NA	NA	3	NA	NA	NA	2	3	NA	NA	NA	NA	NA	NA	NA	NA
28578	NA	NA	0.232610156631619	0.904880288934675	NA	NA	NA	NA	3	NA	NA	NA	NA	NA	NA	NA	NA	NA	NA	NA	NA	NA
28525	1	1	-0.332189846679887	0.206464315413851	-1.03714279541407	0.671377580319932	-0.335154621747144	0.615872339484269	1	2	2	1	1	1	1	2	1	1	2	2	1	1
28597	1	2	-0.226617655046107	0.208367221928936	0.47902648189112	0.360278256623955	0.603300542309788	0.571560041480534	2	2	2	2	1	2	1	1	2	1	2	3	1	3
27652	NA	NA	NA	NA	NA	NA	NA	NA	NA	NA	NA	NA	NA	NA	NA	NA	NA	NA	NA	NA	NA	NA
13887	2	1	2.4237749105738	0.445397341375943	-0.51669949689853	0.559938230825302	-0.692920794230491	0.672605015458528	5	5	5	4	4	1	1	2	1	1	2	1	1	1
27640	11	1	1.11824034594554	0.247747378029615	-1.03714279541407	0.671377580319932	-0.0937352603739142	0.613493985696692	1	4	4	3	1	1	1	1	1	1	2	2	1	3
28718	1	2	-0.0701388750830163	0.904250324957875	NA	NA	NA	NA	2	NA	NA	NA	NA	NA	NA	NA	NA	NA	NA	NA	NA	NA
28756	4	2	-0.447271895270133	0.947151555990503	NA	NA	NA	NA	1	NA	NA	NA	NA	NA	NA	NA	NA	NA	NA	NA	NA	NA
28629	4	2	-0.288276239696275	0.212057930126438	-0.199213705211889	0.485875671473602	-0.303022729892198	0.625204131798414	4	2	2	1	1	1	3	1	1	1	2	3	1	1
27682	NA	NA	NA	NA	NA	NA	NA	NA	NA	NA	NA	NA	NA	NA	NA	NA	NA	NA	NA	NA	NA	NA
28724	6	2	-0.332189846679887	0.206464315413851	-1.03714279541407	0.671377580319932	-0.303022729892198	0.625204131798414	1	2	2	1	1	1	1	1	1	1	2	3	1	1
25590	1	1	-1.33522798140931	0.359411499522025	-1.03714279541407	0.671377580319932	-0.678225176257484	0.689374167866634	2	1	1	1	1	1	1	1	1	1	1	3	1	1
28495	5	2	-0.288276239696275	0.212057930126438	-1.03714279541407	0.671377580319932	-0.142980166730207	0.605973133990095	4	2	2	1	1	1	1	1	1	1	2	2	2	1
28079	NA	NA	0.394059389048505	0.0680388982950494	-0.323685678681099	0.862046387532785	-0.596599435841515	0.630558902398885	NA	3	3	2	NA	NA	1	1	1	1	2	2	1	1
28779	1	2	-0.312813307588382	0.209328351113669	-1.03714279541407	0.671377580319932	0.557800918988278	0.576242907047168	2	2	2	1	1	1	1	2	2	1	2	4	1	1
27731	NA	2	0.385124426217291	0.0672402770932011	0.57561140874089	0.351436668615328	1.45721282061614	0.512092845010191	2	3	3	1	2	2	1	2	2	1	4	3	2	2
28529	11	2	0.385124426217291	0.0672402770932011	0.843452785840551	0.338210353362157	-0.335154621747144	0.615872339484269	2	3	3	1	2	2	2	2	1	1	2	2	1	1
27688	NA	NA	NA	NA	NA	NA	NA	NA	NA	NA	NA	NA	NA	NA	NA	NA	NA	NA	NA	NA	NA	NA
28095	NA	NA	NA	NA	NA	NA	NA	NA	NA	NA	NA	NA	NA	NA	NA	NA	NA	NA	NA	NA	NA	NA
27550	NA	NA	0.331992925631457	0.0466919362783298	-0.323685678681099	0.862046387532785	0.671643778706584	0.598051883053704	NA	2	3	2	NA	NA	1	2	1	1	5	4	1	1
28544	1	2	1.00822287356149	0.232539365727071	-0.672555804286283	0.573913270328319	-0.303022729892198	0.625204131798414	4	4	4	1	2	1	1	1	1	1	2	3	1	1
27524	NA	NA	NA	NA	0.666908432076742	0.367297180433663	NA	NA	NA	NA	NA	NA	2	2	NA	NA	NA	NA	NA	NA	NA	NA
27998	3	2	-1.417017145299	0.417347665168179	-1.03714279541407	0.671377580319932	-0.864227249141681	0.709794960718657	1	1	1	1	1	1	1	1	2	1	1	1	1	1
27356	NA	NA	NA	NA	NA	NA	NA	NA	NA	NA	NA	NA	NA	NA	NA	NA	NA	NA	NA	NA	NA	NA
27559	7	2	-1.417017145299	0.417347665168179	-1.03714279541407	0.671377580319932	-0.596599435841515	0.630558902398885	1	1	1	1	1	1	1	1	1	1	2	2	1	1
28783	NA	2	NA	NA	0.564473161732923	0.375063276367103	NA	NA	NA	NA	NA	NA	1	2	NA	NA	NA	NA	NA	NA	NA	NA
27956	NA	2	0.04146154142658	0.0503138369473909	-1.03714279541407	0.671377580319932	1.17448162337917	0.574793926594628	1	3	2	2	1	1	1	3	2	1	3	6	1	1
28040	2	2	-1.417017145299	0.417347665168179	-1.03714279541407	0.671377580319932	0.566364324618256	0.572611483861603	1	1	1	1	1	1	1	1	1	4	3	3	1	1
27375	NA	NA	0.988216862140211	0.227917914595018	-0.323685678681099	0.862046387532785	0.257163435050798	0.576306138245582	NA	4	4	1	NA	NA	1	2	1	1	3	3	1	1
27665	5	2	-0.332189846679887	0.206464315413851	0.47902648189112	0.360278256623955	0.0959902669759986	0.59285084716317	1	2	2	1	1	2	1	2	1	1	2	2	2	1
28706	5	1	-1.18737100772654	0.277510262430713	-1.03714279541407	0.671377580319932	-0.596599435841515	0.630558902398885	1	1	1	2	1	1	1	1	1	1	2	2	1	1
28017	12	2	0.0378036612792732	0.0524625329440046	0.47902648189112	0.360278256623955	-1.00618804280855	0.68657711504414	NA	3	2	1	1	2	1	1	1	1	2	1	1	1
27967	NA	NA	NA	NA	-0.463802742357604	0.566853248318326	NA	NA	NA	NA	NA	NA	4	1	NA	NA	NA	NA	NA	NA	NA	NA
21106	NA	1	0.727089496692365	0.0403598406595042	0.57561140874089	0.351436668615328	0.510613863938542	0.580593764562839	2	2	4	1	2	2	1	3	1	1	3	2	2	1
28510	NA	NA	NA	NA	NA	NA	NA	NA	NA	NA	NA	NA	NA	NA	NA	NA	NA	NA	NA	NA	NA	NA
22359	2	1	-0.312813307588382	0.209328351113669	-1.03714279541407	0.671377580319932	-0.0835751108687113	0.64807961381009	2	2	2	1	1	1	1	1	1	1	3	1	2	1
27297	1	1	0.0364068370994046	0.0532890544025238	0.47902648189112	0.360278256623955	0.78883363307921	0.536354968699605	1	3	2	1	1	2	1	1	2	1	3	3	2	1
28558	10	2	-1.3001021339318	0.339532683659676	0.0318029396534207	0.432955252043865	0.982400183096083	0.564589671530174	3	1	1	1	3	1	2	2	1	1	3	4	4	1
28208	4	2	0.74258969612781	0.0471564571136167	-1.03714279541407	0.671377580319932	0.323393683478509	0.605143368089361	2	3	4	1	1	1	1	1	1	1	4	2	2	1
27668	NA	NA	NA	NA	NA	NA	NA	NA	NA	NA	NA	NA	NA	NA	NA	NA	NA	NA	NA	NA	NA	NA
27573	NA	2	-0.447271895270133	0.947151555990503	1.62971112160936	0.368511970024058	NA	NA	1	NA	NA	NA	4	3	NA	NA	NA	NA	NA	NA	NA	NA
29573	NA	2	-0.447271895270133	0.947151555990503	-0.998924733516516	0.678445831007182	NA	NA	1	NA	NA	NA	1	1	NA	NA	NA	NA	NA	NA	NA	NA
30851	NA	1	2.03667544315947	0.2419224411314	-1.03714279541407	0.671377580319932	-1.00618804280855	0.68657711504414	4	5	5	1	1	1	1	1	1	1	2	1	1	1
27368	1	2	0.386793606340602	0.0674924260941798	-1.03714279541407	0.671377580319932	-0.0513318077064314	0.602602683378642	3	3	3	1	1	1	1	2	1	1	2	3	1	1
30728	NA	NA	NA	NA	NA	NA	NA	NA	NA	NA	NA	NA	NA	NA	NA	NA	NA	NA	NA	NA	NA	NA
29594	NA	NA	NA	NA	NA	NA	NA	NA	NA	NA	NA	NA	NA	NA	NA	NA	NA	NA	NA	NA	NA	NA
29488	1	2	-1.33522798140931	0.359411499522025	0.47902648189112	0.360278256623955	-0.140322218927153	0.642479590016018	2	1	1	1	1	2	1	1	1	1	2	4	1	1
30805	1	2	NA	NA	-0.627869255513938	0.580256634442725	NA	NA	NA	NA	NA	NA	2	1	NA	NA	NA	NA	NA	NA	NA	NA
29631	1	1	-0.332189846679887	0.206464315413851	-0.546002038113654	0.560317466652551	-0.678225176257484	0.689374167866634	1	2	2	1	3	1	1	1	1	1	1	3	1	1
30816	1	2	0.232610156631619	0.904880288934675	NA	NA	NA	NA	3	NA	NA	NA	NA	NA	NA	NA	NA	NA	NA	NA	NA	NA
30838	NA	2	1.05202445654258	0.237240175999787	-1.03714279541407	0.671377580319932	0.55562636415114	0.587414508388125	2	4	4	2	1	1	1	2	1	1	4	2	2	1
30009	1	1	-1.33522798140931	0.359411499522025	-0.672555804286283	0.573913270328319	0.925810391567118	0.556039293414073	2	1	1	1	2	1	1	2	1	1	3	5	2	1
30841	NA	1	0.0364068370994046	0.0532890544025238	-1.03714279541407	0.671377580319932	0.182766309299587	0.630687632959669	1	3	2	1	1	1	1	2	1	1	5	2	1	1
21233	NA	1	-1.36440173979217	0.384129220227222	-1.03714279541407	0.671377580319932	-0.692920794230491	0.672605015458528	NA	1	1	1	1	1	1	2	1	1	2	1	1	1
28339	8	1	NA	NA	NA	NA	NA	NA	NA	NA	NA	NA	NA	NA	NA	NA	NA	NA	NA	NA	NA	NA
28100	3	1	0.38350434404399	0.0669703476748767	0.702344714479561	0.356138819632409	0.903520735545546	0.557571709546155	1	3	3	1	5	2	1	3	2	1	3	2	2	1
30648	1	2	-0.296902817852704	0.211088916722729	-0.323685678681099	0.862046387532785	0.479955285062096	0.627172475964615	3	2	2	1	NA	NA	1	1	1	1	2	6	2	1
28237	10	2	-0.296902817852704	0.211088916722729	1.01312566870266	0.351619542884444	0.50860240597319	0.558318719158763	3	2	2	1	3	2	3	1	1	2	3	3	1	1
30396	6	2	-1.417017145299	0.417347665168179	-1.03714279541407	0.671377580319932	-0.00681112572602824	0.601528868656194	1	1	1	1	1	1	1	2	1	1	3	2	1	1
26582	17	2	1.00822287356149	0.232539365727071	-0.51669949689853	0.559938230825302	0.190481035312401	0.590725867070552	4	4	4	1	4	1	1	2	1	2	2	2	1	1
25714	3	2	2.15768990435288	0.285904099927737	-0.010490793562103	0.4487630661659	-0.256040511953333	0.620964212915272	3	5	5	3	2	1	3	1	1	1	3	2	1	1
30670	3	1	0.457933653937466	0.0466433551376993	-1.03714279541407	0.671377580319932	-0.596599435841515	0.630558902398885	2	4	3	2	1	1	1	1	1	1	2	2	1	1
30407	2	1	1.07131066366738	0.239511467275867	-0.672555804286283	0.573913270328319	0.504513868817631	0.604048724606682	3	4	4	2	2	1	1	1	2	2	3	1	1	1
30154	NA	2	0.38350434404399	0.0669703476748767	-1.03714279541407	0.671377580319932	-0.0112531268240224	0.670402017262829	1	3	3	1	1	1	1	1	1	1	2	6	1	1
28374	NA	1	-1.417017145299	0.417347665168179	-1.03714279541407	0.671377580319932	0.0959902669759986	0.59285084716317	1	1	1	1	1	1	1	2	1	1	2	2	2	1
30349	NA	NA	NA	NA	NA	NA	NA	NA	NA	NA	NA	NA	NA	NA	NA	NA	NA	NA	NA	NA	NA	NA
30073	3	2	-0.296902817852704	0.211088916722729	0.702344714479561	0.356138819632409	0.796703996239876	0.546019277637506	3	2	2	1	5	2	1	2	1	2	2	3	2	1
30647	1	2	-1.417017145299	0.417347665168179	-1.03714279541407	0.671377580319932	-1.00618804280855	0.68657711504414	1	1	1	1	1	1	1	1	1	1	2	1	1	1
30552	NA	NA	NA	NA	NA	NA	NA	NA	NA	NA	NA	NA	NA	NA	NA	NA	NA	NA	NA	NA	NA	NA
29493	NA	NA	0.454278809569516	0.94239389792813	NA	NA	NA	NA	4	NA	NA	NA	NA	NA	NA	NA	NA	NA	NA	NA	NA	NA
30580	NA	1	0.232610156631619	0.904880288934675	-0.998924733516516	0.678445831007182	NA	NA	3	NA	NA	NA	1	1	NA	NA	NA	NA	NA	NA	NA	NA
30527	4	2	0.0378036612792732	0.0524625329440046	-0.323685678681099	0.862046387532785	0.0515786896163469	0.609758875256215	NA	3	2	1	NA	NA	1	3	1	1	2	3	1	1
28218	3	1	-0.312813307588382	0.209328351113669	-1.03714279541407	0.671377580319932	-0.596599435841515	0.630558902398885	2	2	2	1	1	1	1	1	1	1	2	2	1	1
28432	1	2	0.32823651008807	0.0448632454580524	1.96938718561303	0.389494647814909	1.46025041763354	0.573786965979744	NA	2	3	1	2	4	1	2	3	1	2	3	3	2
28425	NA	2	1.07131066366738	0.239511467275867	0.00487455691707179	0.452582515579453	1.35146949453132	0.545581841974739	3	4	4	2	2	1	4	3	2	1	5	3	2	1
29128	8	1	1.48426620399594	0.0462394173773815	-0.51669949689853	0.559938230825302	-0.616235439234278	0.69215253528538	NA	5	4	4	4	1	1	1	1	1	3	1	1	1
29480	2	1	0.38350434404399	0.0669703476748767	-1.03714279541407	0.671377580319932	0.130263974402055	0.588069292473812	1	3	3	1	1	1	1	1	1	1	2	3	2	1
29476	10	2	-0.835588917721093	0.0497864480317308	0.47902648189112	0.360278256623955	-0.335154621747144	0.615872339484269	4	2	1	1	1	2	1	2	1	1	2	2	1	1
29434	NA	NA	NA	NA	NA	NA	NA	NA	NA	NA	NA	NA	NA	NA	NA	NA	NA	NA	NA	NA	NA	NA
30737	NA	NA	0.743133987921671	0.04746070507876	-0.672555804286283	0.573913270328319	-0.616235439234278	0.69215253528538	NA	3	4	1	2	1	1	1	1	1	3	1	1	1
28438	13	1	-1.1492016426842	0.259200519432604	0.761436603280432	0.343905874345182	-0.131352767067	0.640123013045284	2	1	1	2	1	2	2	1	1	1	4	2	1	1
28879	NA	NA	NA	NA	NA	NA	NA	NA	NA	NA	NA	NA	NA	NA	NA	NA	NA	NA	NA	NA	NA	NA
29332	12	2	0.38350434404399	0.0669703476748767	-0.672555804286283	0.573913270328319	-0.00681112572602824	0.601528868656194	1	3	3	1	2	1	1	2	1	1	3	2	1	1
28078	4	1	-1.417017145299	0.417347665168179	-1.03714279541407	0.671377580319932	0.122545532347152	0.615463040812807	1	1	1	1	1	1	1	2	1	1	2	4	1	1
29364	NA	NA	0.385124426217291	0.0672402770932011	-0.323685678681099	0.862046387532785	1.95685844840179	0.501642193706407	2	3	3	1	NA	NA	1	4	2	2	4	3	2	2
29146	NA	2	1.47957777164019	0.0487765094581072	0.761436603280432	0.343905874345182	0.642270691961535	0.546518955498445	4	5	4	2	1	2	2	2	2	1	3	3	1	1
29166	6	2	-0.226617655046107	0.208367221928936	-1.03714279541407	0.671377580319932	-0.692920794230491	0.672605015458528	2	2	2	2	1	1	1	2	1	1	2	1	1	1
29316	1	1	1.09074004786057	0.242245888359561	-0.546002038113654	0.560317466652551	0.966072870796647	0.532958206528008	4	4	4	2	3	1	1	1	2	1	3	4	2	1
30709	10	1	-1.417017145299	0.417347665168179	-1.03714279541407	0.671377580319932	-0.994713697360366	0.67501613137766	1	1	1	1	1	1	1	1	1	1	1	2	1	1
27853	6	1	0.399598950979804	0.0679316376559566	0.57561140874089	0.351436668615328	-0.142980166730207	0.605973133990095	3	3	3	3	2	2	1	1	1	1	2	2	2	1
29348	NA	NA	NA	NA	NA	NA	NA	NA	NA	NA	NA	NA	NA	NA	NA	NA	NA	NA	NA	NA	NA	NA
28906	1	1	0.744077516509173	0.0479663138096104	-0.323685678681099	0.862046387532785	0.726371141753918	0.606423250983539	4	3	4	1	NA	NA	1	2	1	1	2	6	2	1
23604	NA	1	-1.417017145299	0.417347665168179	-1.03714279541407	0.671377580319932	-1.51097713883035	0.728409944662597	1	1	1	1	1	1	1	1	1	1	1	1	1	1
22619	NA	NA	0.232610156631619	0.904880288934675	0.666908432076742	0.367297180433663	NA	NA	3	NA	NA	NA	2	2	NA	NA	NA	NA	NA	NA	NA	NA
29460	1	2	-0.312813307588382	0.209328351113669	-0.51669949689853	0.559938230825302	0.51385895749449	0.573186555183084	2	2	2	1	4	1	1	2	2	1	2	2	2	1
29462	NA	NA	NA	NA	NA	NA	NA	NA	NA	NA	NA	NA	NA	NA	NA	NA	NA	NA	NA	NA	NA	NA
28870	2	1	1.99292972597422	0.223267561996541	-1.03714279541407	0.671377580319932	-0.0513318077064314	0.602602683378642	1	5	5	1	1	1	1	2	1	1	2	3	1	1
29258	10	2	-1.33522798140931	0.359411499522025	0.93823610073191	0.351836406531057	-0.140322218927153	0.642479590016018	2	1	1	1	2	2	3	1	1	1	2	4	1	1
22843	1	1	-0.312813307588382	0.209328351113669	0.57561140874089	0.351436668615328	0.62165467641682	0.546364860688728	2	2	2	1	2	2	1	2	1	1	3	3	2	1
29078	NA	1	-0.835942122125085	0.0499824166598139	-1.03714279541407	0.671377580319932	-1.00618804280855	0.68657711504414	3	2	1	1	1	1	1	1	1	1	2	1	1	1
26129	2	1	-1.417017145299	0.417347665168179	0.47902648189112	0.360278256623955	-0.0549525729996644	0.659072890972545	1	1	1	1	1	2	1	1	1	1	2	5	1	1
28904	NA	NA	NA	NA	NA	NA	NA	NA	NA	NA	NA	NA	NA	NA	NA	NA	NA	NA	NA	NA	NA	NA
28586	NA	2	-0.447271895270133	0.947151555990503	NA	NA	NA	NA	1	NA	NA	NA	NA	NA	NA	NA	NA	NA	NA	NA	NA	NA
28376	2	1	0.38350434404399	0.0669703476748767	-0.0660968825342023	0.439189498419134	-0.303022729892198	0.625204131798414	1	3	3	1	2	1	2	1	1	1	2	3	1	1
28412	NA	NA	NA	NA	NA	NA	NA	NA	NA	NA	NA	NA	NA	NA	NA	NA	NA	NA	NA	NA	NA	NA
29358	NA	NA	NA	NA	NA	NA	NA	NA	NA	NA	NA	NA	NA	NA	NA	NA	NA	NA	NA	NA	NA	NA
28954	7	2	-0.200591344671187	0.207417701110271	-0.672555804286283	0.573913270328319	-0.596599435841515	0.630558902398885	2	2	2	3	2	1	1	1	1	1	2	2	1	1
28102	NA	1	1.05202445654258	0.237240175999787	0.93823610073191	0.351836406531057	0.323393683478509	0.605143368089361	2	4	4	2	2	2	3	1	1	1	4	2	2	1
28797	1	1	-0.0701388750830163	0.904250324957875	-0.998924733516516	0.678445831007182	NA	NA	2	NA	NA	NA	1	1	NA	NA	NA	NA	NA	NA	NA	NA
28626	NA	NA	NA	NA	NA	NA	NA	NA	NA	NA	NA	NA	NA	NA	NA	NA	NA	NA	NA	NA	NA	NA
22298	8	1	-1.3001021339318	0.339532683659676	1.67357148023062	0.336675403795509	0.365746322943045	0.582356772269668	3	1	1	1	2	3	3	1	1	2	2	2	2	1
14531	5	1	0.990920525617728	0.227256314455881	1.31113790068387	0.359230396236553	0.257163435050798	0.576306138245582	3	4	4	1	2	3	1	2	1	1	3	3	1	1
28791	1	2	-0.0701388750830163	0.904250324957875	NA	NA	NA	NA	2	NA	NA	NA	NA	NA	NA	NA	NA	NA	NA	NA	NA	NA
19035	4	2	-1.33522798140931	0.359411499522025	-0.672555804286283	0.573913270328319	-0.596599435841515	0.630558902398885	2	1	1	1	2	1	1	1	1	1	2	2	1	1
27850	NA	2	-1.417017145299	0.417347665168179	-1.03714279541407	0.671377580319932	1.00879311963172	0.571163299946118	1	1	1	1	1	1	1	2	1	1	3	6	2	1
28754	13	1	0.45394997171976	0.0486640813344252	0.57561140874089	0.351436668615328	-0.0513318077064314	0.602602683378642	2	4	3	1	2	2	1	2	1	1	2	3	1	1
28997	6	2	-0.312813307588382	0.209328351113669	0.57561140874089	0.351436668615328	0.15182085397111	0.587663975643466	2	2	2	1	2	2	1	1	2	1	2	3	1	1
25243	NA	NA	1.76963807346228	0.0492631199693534	-0.323685678681099	0.862046387532785	1.47657654311722	0.528766287089355	3	4	5	3	NA	NA	1	3	2	2	2	4	1	2
28309	NA	NA	NA	NA	NA	NA	NA	NA	NA	NA	NA	NA	NA	NA	NA	NA	NA	NA	NA	NA	NA	NA
28945	2	1	-0.312813307588382	0.209328351113669	-0.0660968825342023	0.439189498419134	0.752467343540251	0.60681487593984	2	2	2	1	2	1	2	2	2	1	2	6	1	1
28094	16	1	0.38350434404399	0.0669703476748767	1.8673383864289	0.344106823451992	-1.00618804280855	0.68657711504414	1	3	3	1	4	3	4	1	1	1	2	1	1	1
28064	NA	NA	0.729826176035422	0.0416694266784432	-1.03714279541407	0.671377580319932	-0.498176699344638	0.717108999148368	2	2	4	2	1	1	1	1	1	1	4	1	1	1
28409	10	1	-1.417017145299	0.417347665168179	-1.03714279541407	0.671377580319932	-0.498176699344638	0.717108999148368	1	1	1	1	1	1	1	1	1	1	4	1	1	1
28314	1	2	-0.838073150688509	0.0512145355647954	0.47902648189112	0.360278256623955	0.558563600727086	0.641879914453523	1	2	1	1	1	2	1	1	1	1	5	5	1	1
29001	NA	NA	NA	NA	NA	NA	NA	NA	NA	NA	NA	NA	NA	NA	NA	NA	NA	NA	NA	NA	NA	NA
25506	4	2	-0.225079078757314	0.209220298137837	1.00252151396636	0.666253024680878	0.592299222648087	0.649154684093645	NA	2	2	2	NA	NA	2	1	1	1	6	5	1	1
29283	3	1	-0.226617655046107	0.208367221928936	0.68043287079947	0.353317569782913	-0.140322218927153	0.642479590016018	2	2	2	2	4	2	1	1	1	1	2	4	1	1
22582	4	2	-1.33522798140931	0.359411499522025	-1.03714279541407	0.671377580319932	-0.469625685834665	0.651521808458812	2	1	1	1	1	1	1	1	1	1	1	2	2	1
28013	4	1	-1.33522798140931	0.359411499522025	-0.323685678681099	0.862046387532785	-0.256040511953333	0.620964212915272	2	1	1	1	NA	NA	1	1	1	1	3	2	1	1
18051	3	1	-0.245837005657461	0.21056098088498	-1.03714279541407	0.671377580319932	-0.678225176257484	0.689374167866634	1	2	2	2	1	1	1	1	1	1	1	3	1	1
27986	4	1	0.454278809569516	0.94239389792813	NA	NA	NA	NA	4	NA	NA	NA	NA	NA	NA	NA	NA	NA	NA	NA	NA	NA
28451	NA	NA	NA	NA	NA	NA	NA	NA	NA	NA	NA	NA	NA	NA	NA	NA	NA	NA	NA	NA	NA	NA
28290	9	1	-0.226617655046107	0.208367221928936	-1.03714279541407	0.671377580319932	0.0344597135179779	0.672025127824413	2	2	2	2	1	1	1	1	1	1	3	1	3	1
28926	NA	NA	0.454278809569516	0.94239389792813	-0.998924733516516	0.678445831007182	NA	NA	4	NA	NA	NA	1	1	NA	NA	NA	NA	NA	NA	NA	NA
28968	3	2	1.74579540095345	0.0383366060099912	-0.498956958136958	0.56003264128841	-0.616235439234278	0.69215253528538	2	1	5	1	5	1	1	1	1	1	3	1	1	1
29542	NA	NA	0.454278809569516	0.94239389792813	NA	NA	NA	NA	4	NA	NA	NA	NA	NA	NA	NA	NA	NA	NA	NA	NA	NA
27478	NA	1	0.38350434404399	0.0669703476748767	-0.672555804286283	0.573913270328319	0.117792148620668	0.59300574685328	1	3	3	1	2	1	1	2	2	1	2	2	1	1
30397	2	2	-1.3001021339318	0.339532683659676	-0.672555804286283	0.573913270328319	-0.596599435841515	0.630558902398885	3	1	1	1	2	1	1	1	1	1	2	2	1	1
27413	3	1	0.38350434404399	0.0669703476748767	-1.03714279541407	0.671377580319932	0.168956233352936	0.61193099645951	1	3	3	1	1	1	1	1	1	1	4	3	1	1
27849	5	1	0.454278809569516	0.94239389792813	0.564473161732923	0.375063276367103	NA	NA	4	NA	NA	NA	1	2	NA	NA	NA	NA	NA	NA	NA	NA
30271	NA	NA	NA	NA	NA	NA	NA	NA	NA	NA	NA	NA	NA	NA	NA	NA	NA	NA	NA	NA	NA	NA
27555	NA	2	0.453109979348779	0.0490996444224527	-0.672555804286283	0.573913270328319	-0.596599435841515	0.630558902398885	1	4	3	1	2	1	1	1	1	1	2	2	1	1
23828	9	2	2.22945556802651	0.322839504304403	2.50585189047036	0.320101251651627	0.405375362268659	0.587777632373757	5	5	5	3	4	4	4	2	1	1	4	3	1	1
29812	NA	NA	NA	NA	NA	NA	NA	NA	NA	NA	NA	NA	NA	NA	NA	NA	NA	NA	NA	NA	NA	NA
29815	3	1	-0.312813307588382	0.209328351113669	-1.03714279541407	0.671377580319932	0.421857864786468	0.56219490003701	2	2	2	1	1	1	1	1	1	1	3	3	2	1
29931	2	1	-0.0701388750830163	0.904250324957875	2.31106179677413	0.362128070557739	NA	NA	2	NA	NA	NA	3	4	NA	NA	NA	NA	NA	NA	NA	NA
29813	NA	NA	NA	NA	NA	NA	NA	NA	NA	NA	NA	NA	NA	NA	NA	NA	NA	NA	NA	NA	NA	NA
19226	2	2	-1.28809353731803	0.333587169332184	1.53752084895147	0.332970820757428	-0.140322218927153	0.642479590016018	4	1	1	1	2	3	2	1	1	1	2	4	1	1
29895	1	1	-1.33522798140931	0.359411499522025	0.47902648189112	0.360278256623955	0.642270691961535	0.546518955498445	2	1	1	1	1	2	1	2	2	1	3	3	1	1
19310	2	2	0.0385542113552008	0.0520047253456525	-1.03714279541407	0.671377580319932	0.152233653578962	0.650400544680858	3	3	2	1	1	1	1	1	1	2	1	4	1	1
29867	NA	1	-0.332189846679887	0.206464315413851	0.843452785840551	0.338210353362157	0.560864432282644	0.576919744397513	1	2	2	1	2	2	2	2	1	1	2	4	1	2
28388	NA	NA	0.232610156631619	0.904880288934675	NA	NA	NA	NA	3	NA	NA	NA	NA	NA	NA	NA	NA	NA	NA	NA	NA	NA
30270	NA	NA	NA	NA	NA	NA	NA	NA	NA	NA	NA	NA	NA	NA	NA	NA	NA	NA	NA	NA	NA	NA
21858	7	1	-1.417017145299	0.417347665168179	-1.03714279541407	0.671377580319932	-0.596599435841515	0.630558902398885	1	1	1	1	1	1	1	1	1	1	2	2	1	1
29831	11	1	-1.417017145299	0.417347665168179	-1.03714279541407	0.671377580319932	-0.142980166730207	0.605973133990095	1	1	1	1	1	1	1	1	1	1	2	2	2	1
28145	9	1	-1.417017145299	0.417347665168179	-1.03714279541407	0.671377580319932	0.130263974402055	0.588069292473812	1	1	1	1	1	1	1	1	1	1	2	3	2	1
30012	1	1	NA	NA	0.564473161732923	0.375063276367103	NA	NA	NA	NA	NA	NA	1	2	NA	NA	NA	NA	NA	NA	NA	NA
28236	NA	NA	NA	NA	NA	NA	NA	NA	NA	NA	NA	NA	NA	NA	NA	NA	NA	NA	NA	NA	NA	NA
29839	NA	NA	NA	NA	NA	NA	NA	NA	NA	NA	NA	NA	NA	NA	NA	NA	NA	NA	NA	NA	NA	NA
23687	NA	NA	1.09074004786057	0.242245888359561	-0.323685678681099	0.862046387532785	0.190630193500698	0.662005170999159	4	4	4	2	NA	NA	1	1	1	2	4	1	1	1
28165	3	1	1.02092120582787	0.236376106491374	-1.03714279541407	0.671377580319932	-0.596599435841515	0.630558902398885	5	4	4	1	1	1	1	1	1	1	2	2	1	1
28067	3	1	0.459663416333794	0.0458002364170614	-0.0660968825342023	0.439189498419134	-1.15511762742498	0.716190104428349	5	4	3	2	2	1	2	2	1	1	1	1	1	1
28459	1	1	NA	NA	NA	NA	NA	NA	NA	NA	NA	NA	NA	NA	NA	NA	NA	NA	NA	NA	NA	NA
28278	7	1	-0.312813307588382	0.209328351113669	-1.03714279541407	0.671377580319932	0.365226035902638	0.581034552519068	2	2	2	1	1	1	1	3	1	1	3	3	1	1
19034	6	1	0.385124426217291	0.0672402770932011	-1.03714279541407	0.671377580319932	-1.00618804280855	0.68657711504414	2	3	3	1	1	1	1	1	1	1	2	1	1	1
28107	NA	1	1.02092120582787	0.236376106491374	-0.672555804286283	0.573913270328319	0.437701625313733	0.580544682033318	5	4	4	1	2	1	1	2	1	1	3	4	1	1
28387	5	1	-1.33522798140931	0.359411499522025	1.23073487652368	0.372372924988203	0.381087123316233	0.617259145902489	2	1	1	1	1	3	1	1	1	1	5	2	2	1
23962	1	2	0.749404690296369	0.050966923372865	-1.03714279541407	0.671377580319932	1.40041277557109	0.59828256898479	2	3	4	3	1	1	1	2	2	1	6	6	1	1
29681	NA	1	0.45394997171976	0.0486640813344252	-1.03714279541407	0.671377580319932	0.144619288205443	0.625470658687372	2	4	3	1	1	1	1	1	2	2	1	2	1	1
30079	NA	NA	NA	NA	NA	NA	NA	NA	NA	NA	NA	NA	NA	NA	NA	NA	NA	NA	NA	NA	NA	NA
30348	NA	1	1.00822287356149	0.232539365727071	1.31113790068387	0.359230396236553	1.29446600626338	0.511651396476701	4	4	4	1	2	3	1	1	2	1	3	4	2	2
30293	5	2	-0.283554486173103	0.212569939981892	-0.323685678681099	0.862046387532785	0.354643625000494	0.641839634884207	5	2	2	1	NA	NA	1	2	1	1	4	1	2	1
28323	NA	1	-1.417017145299	0.417347665168179	-0.249794077934664	0.478477060404757	-0.303022729892198	0.625204131798414	1	1	1	1	1	1	2	1	1	1	2	3	1	1
27999	NA	2	1.09074004786057	0.242245888359561	2.26777718467073	0.333763513810434	0.372636403775496	0.570964377645567	4	4	4	2	4	4	2	2	2	1	2	3	1	1
30829	NA	NA	0.454278809569516	0.94239389792813	NA	NA	NA	NA	4	NA	NA	NA	NA	NA	NA	NA	NA	NA	NA	NA	NA	NA
30860	NA	NA	NA	NA	NA	NA	NA	NA	NA	NA	NA	NA	NA	NA	NA	NA	NA	NA	NA	NA	NA	NA
28120	2	1	-0.245837005657461	0.21056098088498	-1.03714279541407	0.671377580319932	-0.335154621747144	0.615872339484269	1	2	2	2	1	1	1	2	1	1	2	2	1	1
20960	4	2	1.07131066366738	0.239511467275867	0.93823610073191	0.351836406531057	-0.121034521004346	0.605887241019878	3	4	4	2	2	2	3	1	2	1	2	2	1	1
28365	3	1	-0.332189846679887	0.206464315413851	-1.03714279541407	0.671377580319932	-0.119337835863652	0.606326257551549	1	2	2	1	1	1	1	1	1	1	2	2	1	2
28354	16	2	-1.417017145299	0.417347665168179	0.649059676340311	0.35034407583782	0.351437331691154	0.571002496151817	1	1	1	1	3	2	1	2	1	1	2	3	2	1
29696	2	2	-1.33522798140931	0.359411499522025	-1.03714279541407	0.671377580319932	-0.596599435841515	0.630558902398885	2	1	1	1	1	1	1	1	1	1	2	2	1	1
28348	3	2	-1.33522798140931	0.359411499522025	0.47902648189112	0.360278256623955	0.257163435050798	0.576306138245582	2	1	1	1	1	2	1	2	1	1	3	3	1	1
30551	NA	NA	NA	NA	NA	NA	NA	NA	NA	NA	NA	NA	NA	NA	NA	NA	NA	NA	NA	NA	NA	NA
28261	9	1	0.730450121829772	0.0419769909725956	-1.03714279541407	0.671377580319932	-1.00618804280855	0.68657711504414	3	2	4	2	1	1	1	1	1	1	2	1	1	1
27348	5	2	-1.417017145299	0.417347665168179	-0.323685678681099	0.862046387532785	-0.131352767067	0.640123013045284	1	1	1	1	NA	NA	1	1	1	1	4	2	1	1
30803	NA	NA	-0.447271895270133	0.947151555990503	NA	NA	NA	NA	1	NA	NA	NA	NA	NA	NA	NA	NA	NA	NA	NA	NA	NA
27951	1	1	-0.226617655046107	0.208367221928936	-0.185925667835247	0.488625572011581	-0.692125673782879	0.661009739769705	2	2	2	2	1	1	4	2	1	1	1	2	1	1
18113	4	1	0.0391657929528414	0.0516539038499555	-0.546002038113654	0.560317466652551	-0.616235439234278	0.69215253528538	4	3	2	1	3	1	1	1	1	1	3	1	1	1
29909	NA	2	0.0433793296784792	0.049225817252444	-0.323685678681099	0.862046387532785	0.479955285062096	0.627172475964615	3	3	2	2	NA	NA	1	1	1	1	2	6	2	1
29690	5	2	1.02092120582787	0.236376106491374	-0.672555804286283	0.573913270328319	-0.142980166730207	0.605973133990095	5	4	4	1	2	1	1	1	1	1	2	2	2	1
29844	NA	NA	NA	NA	NA	NA	NA	NA	NA	NA	NA	NA	NA	NA	NA	NA	NA	NA	NA	NA	NA	NA
30444	NA	NA	NA	NA	NA	NA	NA	NA	NA	NA	NA	NA	NA	NA	NA	NA	NA	NA	NA	NA	NA	NA
29121	NA	NA	-0.288276239696275	0.212057930126438	-1.03714279541407	0.671377580319932	-0.256040511953333	0.620964212915272	4	2	2	1	1	1	1	1	1	1	3	2	1	1
28445	NA	1	0.385124426217291	0.0672402770932011	1.23073487652368	0.372372924988203	0.877197072276026	0.555571706895739	2	3	3	1	1	3	1	3	2	1	2	3	1	2
29049	3	2	0.0385542113552008	0.0520047253456525	0.57561140874089	0.351436668615328	1.36889795620914	0.524989354033504	3	3	2	1	2	2	1	1	2	1	3	4	2	3
28141	NA	NA	NA	NA	NA	NA	NA	NA	NA	NA	NA	NA	NA	NA	NA	NA	NA	NA	NA	NA	NA	NA
26503	2	2	-0.312116118716124	0.210458193526779	-0.323685678681099	0.862046387532785	-0.303022729892198	0.625204131798414	NA	2	2	1	NA	NA	1	1	1	1	2	3	1	1
28231	NA	1	-1.17257012433613	0.273092692160555	-0.672555804286283	0.573913270328319	-0.616235439234278	0.69215253528538	1	1	1	3	2	1	1	1	1	1	3	1	1	1
28316	5	2	-0.312813307588382	0.209328351113669	-0.546002038113654	0.560317466652551	0.117792148620668	0.59300574685328	2	2	2	1	3	1	1	2	2	1	2	2	1	1
29282	6	2	-0.312813307588382	0.209328351113669	-0.672555804286283	0.573913270328319	-0.596599435841515	0.630558902398885	2	2	2	1	2	1	1	1	1	1	2	2	1	1
29936	10	2	0.385124426217291	0.0672402770932011	1.8673383864289	0.344106823451992	0.917286931591123	0.546749681865127	2	3	3	1	4	3	4	2	2	1	2	4	2	1
28226	2	2	1.00822287356149	0.232539365727071	-1.03714279541407	0.671377580319932	0.372636403775496	0.570964377645567	4	4	4	1	1	1	1	2	2	1	2	3	1	1
28440	3	1	-0.0701388750830163	0.904250324957875	NA	NA	NA	NA	2	NA	NA	NA	NA	NA	NA	NA	NA	NA	NA	NA	NA	NA
29285	NA	NA	NA	NA	NA	NA	NA	NA	NA	NA	NA	NA	NA	NA	NA	NA	NA	NA	NA	NA	NA	NA
28874	5	2	0.959848272810263	0.217633645476233	0.649059676340311	0.35034407583782	0.0290760092854222	0.598814090251098	1	4	4	1	3	2	1	1	1	1	3	3	1	1
27944	7	1	-0.200591344671187	0.207417701110271	-0.672555804286283	0.573913270328319	1.19718200160035	0.602121171893096	2	2	2	3	2	1	1	1	1	1	5	5	3	1
30022	NA	1	0.74258969612781	0.0471564571136167	-0.672555804286283	0.573913270328319	0.671643778706584	0.598051883053704	2	3	4	1	2	1	1	2	1	1	5	4	1	1
28193	NA	NA	NA	NA	NA	NA	NA	NA	NA	NA	NA	NA	NA	NA	NA	NA	NA	NA	NA	NA	NA	NA
30854	NA	NA	0.454278809569516	0.94239389792813	NA	NA	NA	NA	4	NA	NA	NA	NA	NA	NA	NA	NA	NA	NA	NA	NA	NA
28453	11	1	-0.332189846679887	0.206464315413851	-1.03714279541407	0.671377580319932	-0.119869643151164	0.655776321370243	1	2	2	1	1	1	1	2	1	1	2	1	1	3
28775	1	2	-0.288276239696275	0.212057930126438	0.761436603280432	0.343905874345182	0.948949730853182	0.556186722841237	4	2	2	1	1	2	2	2	2	1	3	5	1	1
28163	9	2	-1.417017145299	0.417347665168179	0.47902648189112	0.360278256623955	-0.142980166730207	0.605973133990095	1	1	1	1	1	2	1	1	1	1	2	2	2	1
28875	2	1	-0.0701388750830163	0.904250324957875	-0.627869255513938	0.580256634442725	NA	NA	2	NA	NA	NA	2	1	NA	NA	NA	NA	NA	NA	NA	NA
27475	2	2	NA	NA	-0.4444979934805	0.567307492287974	NA	NA	NA	NA	NA	NA	5	1	NA	NA	NA	NA	NA	NA	NA	NA
28885	NA	NA	NA	NA	NA	NA	NA	NA	NA	NA	NA	NA	NA	NA	NA	NA	NA	NA	NA	NA	NA	NA
28886	NA	NA	-1.36440173979217	0.384129220227222	-0.323685678681099	0.862046387532785	0.221019971091061	0.631754237708681	NA	1	1	1	NA	NA	1	2	1	1	2	5	1	1
27815	NA	NA	NA	NA	NA	NA	NA	NA	NA	NA	NA	NA	NA	NA	NA	NA	NA	NA	NA	NA	NA	NA
28424	NA	1	0.0364068370994046	0.0532890544025238	-1.03714279541407	0.671377580319932	-0.616235439234278	0.69215253528538	1	3	2	1	1	1	1	1	1	1	3	1	1	1
28482	2	1	-0.549356446356616	0.0462085118423025	-1.03714279541407	0.671377580319932	-0.335154621747144	0.615872339484269	1	1	2	1	1	1	1	2	1	1	2	2	1	1
29018	NA	NA	NA	NA	NA	NA	NA	NA	NA	NA	NA	NA	NA	NA	NA	NA	NA	NA	NA	NA	NA	NA
27911	NA	NA	NA	NA	NA	NA	NA	NA	NA	NA	NA	NA	NA	NA	NA	NA	NA	NA	NA	NA	NA	NA
30350	NA	1	-0.332189846679887	0.206464315413851	0.57561140874089	0.351436668615328	1.05672918957697	0.584472257053323	1	2	2	1	2	2	1	5	3	1	2	3	1	2
29448	NA	NA	NA	NA	NA	NA	NA	NA	NA	NA	NA	NA	NA	NA	NA	NA	NA	NA	NA	NA	NA	NA
27760	NA	1	2.02571494004007	0.238485437764042	-0.323685678681099	0.862046387532785	1.40565366055268	0.531248689425248	NA	5	5	1	NA	NA	1	2	1	1	5	4	2	2
22871	4	2	1.76701541930001	0.0478154501819137	-1.03714279541407	0.671377580319932	0.351437331691154	0.571002496151817	4	4	5	2	1	1	1	2	1	1	2	3	2	1
28463	NA	NA	NA	NA	NA	NA	NA	NA	NA	NA	NA	NA	NA	NA	NA	NA	NA	NA	NA	NA	NA	NA
28173	NA	NA	NA	NA	0.666908432076742	0.367297180433663	NA	NA	NA	NA	NA	NA	2	2	NA	NA	NA	NA	NA	NA	NA	NA
27192	5	2	-0.312813307588382	0.209328351113669	0.93823610073191	0.351836406531057	-0.303022729892198	0.625204131798414	2	2	2	1	2	2	3	1	1	1	2	3	1	1
28068	4	1	0.385124426217291	0.0672402770932011	-0.672555804286283	0.573913270328319	0.602936122219928	0.56378831968239	2	3	3	1	2	1	1	1	1	1	3	4	2	1
27663	2	2	1.17543014878189	0.246005172692389	0.843452785840551	0.338210353362157	1.2750212368906	0.527653536463066	4	4	4	3	2	2	2	2	2	1	3	5	2	1
28138	2	2	-0.312813307588382	0.209328351113669	-0.672555804286283	0.573913270328319	0.602936122219928	0.56378831968239	2	2	2	1	2	1	1	1	1	1	3	4	2	1
27462	1	2	0.393265885012284	0.067987321326981	1.00252151396636	0.666253024680878	-0.142980166730207	0.605973133990095	2	3	3	2	NA	NA	2	1	1	1	2	2	2	1
30330	NA	NA	0.454278809569516	0.94239389792813	NA	NA	NA	NA	4	NA	NA	NA	NA	NA	NA	NA	NA	NA	NA	NA	NA	NA
28209	1	1	0.314301644795871	0.0392434632270229	-1.03714279541407	0.671377580319932	0.602286849550224	0.58772785041771	1	1	3	1	1	1	1	2	1	1	4	4	1	1
29880	NA	2	0.327920760196035	0.044700833322772	-0.672555804286283	0.573913270328319	-0.140322218927153	0.642479590016018	2	2	3	1	2	1	1	1	1	1	2	4	1	1
29769	13	1	1.03676383910366	0.235471989320322	-1.03714279541407	0.671377580319932	0.366210141482573	0.616522858228072	1	4	4	2	1	1	1	1	1	1	4	4	1	1
21620	2	2	0.385124426217291	0.0672402770932011	-0.672555804286283	0.573913270328319	0.437701625313733	0.580544682033318	2	3	3	1	2	1	1	2	1	1	3	4	1	1
30253	NA	NA	NA	NA	NA	NA	NA	NA	NA	NA	NA	NA	NA	NA	NA	NA	NA	NA	NA	NA	NA	NA
30157	NA	NA	NA	NA	NA	NA	NA	NA	NA	NA	NA	NA	NA	NA	NA	NA	NA	NA	NA	NA	NA	NA
28269	8	1	-1.1492016426842	0.259200519432604	-1.03714279541407	0.671377580319932	-0.303022729892198	0.625204131798414	2	1	1	2	1	1	1	1	1	1	2	3	1	1
28275	10	1	-0.245837005657461	0.21056098088498	0.761436603280432	0.343905874345182	0.780165953394871	0.55466050601219	1	2	2	2	1	2	2	2	1	1	4	3	2	1
29855	NA	NA	NA	NA	NA	NA	NA	NA	NA	NA	NA	NA	NA	NA	NA	NA	NA	NA	NA	NA	NA	NA
28373	10	2	2.04253327193497	0.240130173771179	1.53752084895147	0.332970820757428	0.671643778706584	0.598051883053704	2	5	5	2	2	3	2	2	1	1	5	4	1	1
28362	NA	1	-0.226617655046107	0.208367221928936	0.57561140874089	0.351436668615328	0.575393049309333	0.572215766562643	2	2	2	2	2	2	1	1	1	1	4	3	2	1
28450	NA	2	-1.33522798140931	0.359411499522025	-0.672555804286283	0.573913270328319	-0.596599435841515	0.630558902398885	2	1	1	1	2	1	1	1	1	1	2	2	1	1
28249	NA	NA	NA	NA	1.41612058590083	0.384051028626352	NA	NA	NA	NA	NA	NA	1	3	NA	NA	NA	NA	NA	NA	NA	NA
18026	8	1	-0.312813307588382	0.209328351113669	-0.672555804286283	0.573913270328319	-1.51097713883035	0.728409944662597	2	2	2	1	2	1	1	1	1	1	1	1	1	1
26080	6	2	1.00822287356149	0.232539365727071	1.31113790068387	0.359230396236553	0.602936122219928	0.56378831968239	4	4	4	1	2	3	1	1	1	1	3	4	2	1
29442	NA	2	0.457933653937466	0.0466433551376993	0.47902648189112	0.360278256623955	-0.692125673782879	0.661009739769705	2	4	3	2	1	2	1	2	1	1	1	2	1	1
28433	NA	1	1.1546704732376	0.2464776135302	1.53752084895147	0.332970820757428	1.20796348012712	0.607975303830188	3	4	4	3	2	3	2	1	3	1	5	5	1	1
28150	14	1	-0.332189846679887	0.206464315413851	0.57561140874089	0.351436668615328	-1.51097713883035	0.728409944662597	1	2	2	1	2	2	1	1	1	1	1	1	1	1
30021	NA	NA	NA	NA	NA	NA	NA	NA	NA	NA	NA	NA	NA	NA	NA	NA	NA	NA	NA	NA	NA	NA
28356	4	1	2.0821430412172	0.256109198534021	-1.03714279541407	0.671377580319932	-1.51097713883035	0.728409944662597	4	5	5	2	1	1	1	1	1	1	1	1	1	1
28336	NA	2	-1.417017145299	0.417347665168179	-1.03714279541407	0.671377580319932	-0.692920794230491	0.672605015458528	1	1	1	1	1	1	1	2	1	1	2	1	1	1
28245	NA	NA	0.618464289680877	0.986332131322507	0.785126400687329	0.371684090940198	NA	NA	5	NA	NA	NA	4	2	NA	NA	NA	NA	NA	NA	NA	NA
28721	3	1	1.05202445654258	0.237240175999787	1.00252151396636	0.666253024680878	1.29131251715864	0.510452504576893	2	4	4	2	NA	NA	2	2	2	1	3	3	2	2
28449	NA	NA	0.74258969612781	0.0471564571136167	1.00252151396636	0.666253024680878	0.320745968678042	0.615060756773123	2	3	4	1	NA	NA	2	2	2	1	1	2	1	2
29711	16	1	1.00822287356149	0.232539365727071	1.82925895196503	0.337942464433519	0.602936122219928	0.56378831968239	4	4	4	1	5	3	3	1	1	1	3	4	2	1
28887	NA	NA	NA	NA	NA	NA	NA	NA	NA	NA	NA	NA	NA	NA	NA	NA	NA	NA	NA	NA	NA	NA
28781	3	1	1.09074004786057	0.242245888359561	-0.51669949689853	0.559938230825302	-0.437443046045611	0.662308078009774	4	4	4	2	4	1	1	1	2	1	2	1	1	1
33090	NA	2	0.232610156631619	0.904880288934675	NA	NA	NA	NA	3	NA	NA	NA	NA	NA	NA	NA	NA	NA	NA	NA	NA	NA
39927	6	1	NA	NA	NA	NA	NA	NA	NA	NA	NA	NA	NA	NA	NA	NA	NA	NA	NA	NA	NA	NA
40192	1	2	NA	NA	NA	NA	NA	NA	NA	NA	NA	NA	NA	NA	NA	NA	NA	NA	NA	NA	NA	NA
39691	NA	1	0.232610156631619	0.904880288934675	-0.998924733516516	0.678445831007182	NA	NA	3	NA	NA	NA	1	1	NA	NA	NA	NA	NA	NA	NA	NA
36609	2	2	-0.0701388750830163	0.904250324957875	NA	NA	NA	NA	2	NA	NA	NA	NA	NA	NA	NA	NA	NA	NA	NA	NA	NA
39379	6	1	0.959848272810263	0.217633645476233	0.57561140874089	0.351436668615328	0.396622850827055	0.57349027023257	1	4	4	1	2	2	1	2	1	1	3	2	2	1
39982	NA	NA	NA	NA	NA	NA	NA	NA	NA	NA	NA	NA	NA	NA	NA	NA	NA	NA	NA	NA	NA	NA
40027	NA	1	NA	NA	NA	NA	NA	NA	NA	NA	NA	NA	NA	NA	NA	NA	NA	NA	NA	NA	NA	NA
31013	15	2	-0.836773520543681	0.0504544194126683	2.4058254096848	0.328669235366292	1.01957731550536	0.557206193814733	2	2	1	1	2	4	4	2	2	2	1	3	2	1
39914	2	1	NA	NA	NA	NA	NA	NA	NA	NA	NA	NA	NA	NA	NA	NA	NA	NA	NA	NA	NA	NA
37155	NA	NA	-0.447271895270133	0.947151555990503	NA	NA	NA	NA	1	NA	NA	NA	NA	NA	NA	NA	NA	NA	NA	NA	NA	NA
37333	NA	NA	0.0619921896178098	0.0407687292705202	-0.323685678681099	0.862046387532785	1.22087503329998	0.518434564335088	NA	4	2	3	NA	NA	1	2	2	2	3	4	1	1
39892	NA	NA	NA	NA	NA	NA	NA	NA	NA	NA	NA	NA	NA	NA	NA	NA	NA	NA	NA	NA	NA	NA
39780	NA	2	0.97353651278697	0.222052017895777	0.761436603280432	0.343905874345182	-1.00618804280855	0.68657711504414	2	4	4	1	1	2	2	1	1	1	2	1	1	1
38519	7	2	2.4237749105738	0.445397341375943	-0.672555804286283	0.573913270328319	-0.596599435841515	0.630558902398885	5	5	5	4	2	1	1	1	1	1	2	2	1	1
38477	NA	1	NA	NA	NA	NA	NA	NA	NA	NA	NA	NA	NA	NA	NA	NA	NA	NA	NA	NA	NA	NA
38688	5	1	NA	NA	NA	NA	NA	NA	NA	NA	NA	NA	NA	NA	NA	NA	NA	NA	NA	NA	NA	NA
39861	NA	NA	0.618464289680877	0.986332131322507	-0.998924733516516	0.678445831007182	NA	NA	5	NA	NA	NA	1	1	NA	NA	NA	NA	NA	NA	NA	NA
37400	4	2	NA	NA	NA	NA	NA	NA	NA	NA	NA	NA	NA	NA	NA	NA	NA	NA	NA	NA	NA	NA
37867	10	1	1.07131066366738	0.239511467275867	-1.03714279541407	0.671377580319932	-0.498176699344638	0.717108999148368	3	4	4	2	1	1	1	1	1	1	4	1	1	1
38689	2	2	NA	NA	NA	NA	NA	NA	NA	NA	NA	NA	NA	NA	NA	NA	NA	NA	NA	NA	NA	NA
37198	7	2	-0.245837005657461	0.21056098088498	-0.672555804286283	0.573913270328319	-0.00681112572602824	0.601528868656194	1	2	2	2	2	1	1	2	1	1	3	2	1	1
32956	NA	NA	NA	NA	NA	NA	NA	NA	NA	NA	NA	NA	NA	NA	NA	NA	NA	NA	NA	NA	NA	NA
33319	NA	NA	NA	NA	NA	NA	NA	NA	NA	NA	NA	NA	NA	NA	NA	NA	NA	NA	NA	NA	NA	NA
38282	NA	NA	NA	NA	NA	NA	NA	NA	NA	NA	NA	NA	NA	NA	NA	NA	NA	NA	NA	NA	NA	NA
37138	5	1	1.00822287356149	0.232539365727071	-1.03714279541407	0.671377580319932	-1.00618804280855	0.68657711504414	4	4	4	1	1	1	1	1	1	1	2	1	1	1
37461	NA	NA	NA	NA	NA	NA	NA	NA	NA	NA	NA	NA	NA	NA	NA	NA	NA	NA	NA	NA	NA	NA
37162	7	2	-0.548338000005247	0.0467539641947188	-0.672555804286283	0.573913270328319	-0.335154621747144	0.615872339484269	2	1	2	1	2	1	1	2	1	1	2	2	1	1
37370	NA	NA	0.454278809569516	0.94239389792813	NA	NA	NA	NA	4	NA	NA	NA	NA	NA	NA	NA	NA	NA	NA	NA	NA	NA
29152	NA	NA	NA	NA	NA	NA	NA	NA	NA	NA	NA	NA	NA	NA	NA	NA	NA	NA	NA	NA	NA	NA
37195	NA	NA	NA	NA	NA	NA	NA	NA	NA	NA	NA	NA	NA	NA	NA	NA	NA	NA	NA	NA	NA	NA
37341	14	2	-0.288276239696275	0.212057930126438	-1.03714279541407	0.671377580319932	-1.51097713883035	0.728409944662597	4	2	2	1	1	1	1	1	1	1	1	1	1	1
39411	8	2	-0.312813307588382	0.209328351113669	-0.0660968825342023	0.439189498419134	-1.00618804280855	0.68657711504414	2	2	2	1	2	1	2	1	1	1	2	1	1	1
39965	4	1	NA	NA	NA	NA	NA	NA	NA	NA	NA	NA	NA	NA	NA	NA	NA	NA	NA	NA	NA	NA
38570	7	2	-1.33522798140931	0.359411499522025	-1.03714279541407	0.671377580319932	-0.692920794230491	0.672605015458528	2	1	1	1	1	1	1	2	1	1	2	1	1	1
34187	9	1	-0.312813307588382	0.209328351113669	-1.03714279541407	0.671377580319932	-1.00618804280855	0.68657711504414	2	2	2	1	1	1	1	1	1	1	2	1	1	1
37460	1	1	1.17543014878189	0.246005172692389	0.57561140874089	0.351436668615328	1.05376935896584	0.568726804220619	4	4	4	3	2	2	1	4	2	1	2	2	2	2
37401	2	1	-0.0701388750830163	0.904250324957875	-0.998924733516516	0.678445831007182	NA	NA	2	NA	NA	NA	1	1	NA	NA	NA	NA	NA	NA	NA	NA
39519	NA	NA	NA	NA	NA	NA	NA	NA	NA	NA	NA	NA	NA	NA	NA	NA	NA	NA	NA	NA	NA	NA
39029	NA	NA	NA	NA	NA	NA	NA	NA	NA	NA	NA	NA	NA	NA	NA	NA	NA	NA	NA	NA	NA	NA
37930	NA	1	0.45394997171976	0.0486640813344252	1.43403293323917	0.354260294642027	-0.175023307565216	0.64683984256276	2	4	3	1	4	3	1	2	1	1	2	1	2	1
33810	NA	2	-0.312813307588382	0.209328351113669	-0.672555804286283	0.573913270328319	-0.142980166730207	0.605973133990095	2	2	2	1	2	1	1	1	1	1	2	2	2	1
38530	1	2	-0.296902817852704	0.211088916722729	-1.03714279541407	0.671377580319932	-0.303022729892198	0.625204131798414	3	2	2	1	1	1	1	1	1	1	2	3	1	1
25974	6	2	0.454278809569516	0.94239389792813	NA	NA	NA	NA	4	NA	NA	NA	NA	NA	NA	NA	NA	NA	NA	NA	NA	NA
34181	13	1	-0.312813307588382	0.209328351113669	-0.672555804286283	0.573913270328319	0.309114461751135	0.632408325552749	2	2	2	1	2	1	1	3	1	1	3	1	2	1
38574	NA	1	-0.312813307588382	0.209328351113669	-0.672555804286283	0.573913270328319	-0.692920794230491	0.672605015458528	2	2	2	1	2	1	1	2	1	1	2	1	1	1
38679	NA	NA	NA	NA	NA	NA	NA	NA	NA	NA	NA	NA	NA	NA	NA	NA	NA	NA	NA	NA	NA	NA
38547	NA	NA	NA	NA	NA	NA	NA	NA	NA	NA	NA	NA	NA	NA	NA	NA	NA	NA	NA	NA	NA	NA
38250	NA	NA	NA	NA	NA	NA	NA	NA	NA	NA	NA	NA	NA	NA	NA	NA	NA	NA	NA	NA	NA	NA
37136	10	2	-1.417017145299	0.417347665168179	0.47902648189112	0.360278256623955	-1.00618804280855	0.68657711504414	1	1	1	1	1	2	1	1	1	1	2	1	1	1
38411	3	2	-0.288276239696275	0.212057930126438	0.761436603280432	0.343905874345182	-0.0513318077064314	0.602602683378642	4	2	2	1	1	2	2	2	1	1	2	3	1	1
37091	NA	1	-0.312813307588382	0.209328351113669	-0.672555804286283	0.573913270328319	0.602936122219928	0.56378831968239	2	2	2	1	2	1	1	1	1	1	3	4	2	1
36322	NA	NA	0.232610156631619	0.904880288934675	NA	NA	NA	NA	3	NA	NA	NA	NA	NA	NA	NA	NA	NA	NA	NA	NA	NA
39762	NA	NA	NA	NA	NA	NA	NA	NA	NA	NA	NA	NA	NA	NA	NA	NA	NA	NA	NA	NA	NA	NA
36309	2	2	1.07131066366738	0.239511467275867	0.57561140874089	0.351436668615328	0.290176412906229	0.619386557773702	3	4	4	2	2	2	1	2	1	2	3	1	1	1
29728	1	1	0.385124426217291	0.0672402770932011	-0.323685678681099	0.862046387532785	-0.596599435841515	0.630558902398885	2	3	3	1	NA	NA	1	1	1	1	2	2	1	1
38394	NA	NA	-0.447271895270133	0.947151555990503	NA	NA	NA	NA	1	NA	NA	NA	NA	NA	NA	NA	NA	NA	NA	NA	NA	NA
37063	1	2	-0.210987973444028	0.206558115601486	-0.672555804286283	0.573913270328319	0.437701625313733	0.580544682033318	3	2	2	2	2	1	1	2	1	1	3	4	1	1
37189	NA	NA	-0.447271895270133	0.947151555990503	NA	NA	NA	NA	1	NA	NA	NA	NA	NA	NA	NA	NA	NA	NA	NA	NA	NA
38237	9	1	-0.288276239696275	0.212057930126438	-1.03714279541407	0.671377580319932	-0.121034521004346	0.605887241019878	4	2	2	1	1	1	1	1	2	1	2	2	1	1
38372	17	2	0.0563879822756144	0.0435518599041222	-0.249794077934664	0.478477060404757	-0.498176699344638	0.717108999148368	1	4	2	1	1	1	2	1	1	1	4	1	1	1
36738	5	2	-1.33522798140931	0.359411499522025	-1.03714279541407	0.671377580319932	-0.0549525729996644	0.659072890972545	2	1	1	1	1	1	1	1	1	1	2	5	1	1
33984	6	2	-1.33522798140931	0.359411499522025	-1.03714279541407	0.671377580319932	-1.51097713883035	0.728409944662597	2	1	1	1	1	1	1	1	1	1	1	1	1	1
38487	3	1	1.00822287356149	0.232539365727071	-1.03714279541407	0.671377580319932	-0.335154621747144	0.615872339484269	4	4	4	1	1	1	1	2	1	1	2	2	1	1
39945	NA	2	NA	NA	NA	NA	NA	NA	NA	NA	NA	NA	NA	NA	NA	NA	NA	NA	NA	NA	NA	NA
38424	1	1	0.393265885012284	0.067987321326981	-0.672555804286283	0.573913270328319	0.437701625313733	0.580544682033318	2	3	3	2	2	1	1	2	1	1	3	4	1	1
38056	NA	1	-0.312813307588382	0.209328351113669	0.47902648189112	0.360278256623955	0.437701625313733	0.580544682033318	2	2	2	1	1	2	1	2	1	1	3	4	1	1
38916	3	1	1.76409330648589	0.0462774249285412	0.57561140874089	0.351436668615328	1.21972584090694	0.560647113366391	3	4	5	1	2	2	1	1	2	1	3	6	1	2
39402	4	1	NA	NA	NA	NA	NA	NA	NA	NA	NA	NA	NA	NA	NA	NA	NA	NA	NA	NA	NA	NA
37272	NA	2	-0.332189846679887	0.206464315413851	-0.672555804286283	0.573913270328319	-0.596599435841515	0.630558902398885	1	2	2	1	2	1	1	1	1	1	2	2	1	1
37191	NA	NA	NA	NA	NA	NA	NA	NA	NA	NA	NA	NA	NA	NA	NA	NA	NA	NA	NA	NA	NA	NA
37348	NA	NA	NA	NA	NA	NA	NA	NA	NA	NA	NA	NA	NA	NA	NA	NA	NA	NA	NA	NA	NA	NA
37068	1	2	0.385124426217291	0.0672402770932011	-0.546002038113654	0.560317466652551	0.0635427515202107	0.658141128629142	2	3	3	1	3	1	1	1	2	1	1	4	1	1
36871	9	2	2.26491752996284	0.349938363814133	0.57561140874089	0.351436668615328	-0.335154621747144	0.615872339484269	2	5	5	4	2	2	1	2	1	1	2	2	1	1
40442	NA	1	NA	NA	NA	NA	NA	NA	NA	NA	NA	NA	NA	NA	NA	NA	NA	NA	NA	NA	NA	NA
37165	NA	NA	-0.0701388750830163	0.904250324957875	NA	NA	NA	NA	2	NA	NA	NA	NA	NA	NA	NA	NA	NA	NA	NA	NA	NA
37392	10	2	-0.332189846679887	0.206464315413851	1.31113790068387	0.359230396236553	0.117792148620668	0.59300574685328	1	2	2	1	2	3	1	2	2	1	2	2	1	1
38930	NA	NA	NA	NA	NA	NA	NA	NA	NA	NA	NA	NA	NA	NA	NA	NA	NA	NA	NA	NA	NA	NA
38241	2	2	0.0424745131533978	0.049732263144298	0.912728614223306	0.337694736611178	0.366210141482573	0.616522858228072	2	3	2	2	3	2	2	1	1	1	4	4	1	1
40035	3	2	NA	NA	NA	NA	NA	NA	NA	NA	NA	NA	NA	NA	NA	NA	NA	NA	NA	NA	NA	NA
38427	9	1	-0.332189846679887	0.206464315413851	-0.672555804286283	0.573913270328319	0.132160121449565	0.61935492378865	1	2	2	1	2	1	1	2	1	1	4	2	1	1
39288	NA	NA	-0.447271895270133	0.947151555990503	NA	NA	NA	NA	1	NA	NA	NA	NA	NA	NA	NA	NA	NA	NA	NA	NA	NA
36886	3	1	-0.332189846679887	0.206464315413851	-1.03714279541407	0.671377580319932	-1.00618804280855	0.68657711504414	1	2	2	1	1	1	1	1	1	1	2	1	1	1
36644	3	1	0.327920760196035	0.044700833322772	-1.03714279541407	0.671377580319932	-0.596599435841515	0.630558902398885	2	2	3	1	1	1	1	1	1	1	2	2	1	1
37287	NA	NA	-0.0701388750830163	0.904250324957875	NA	NA	NA	NA	2	NA	NA	NA	NA	NA	NA	NA	NA	NA	NA	NA	NA	NA
37293	NA	NA	NA	NA	NA	NA	NA	NA	NA	NA	NA	NA	NA	NA	NA	NA	NA	NA	NA	NA	NA	NA
37260	NA	NA	-0.0701388750830163	0.904250324957875	1.41612058590083	0.384051028626352	NA	NA	2	NA	NA	NA	1	3	NA	NA	NA	NA	NA	NA	NA	NA
36823	NA	NA	NA	NA	NA	NA	NA	NA	NA	NA	NA	NA	NA	NA	NA	NA	NA	NA	NA	NA	NA	NA
38221	NA	NA	NA	NA	NA	NA	NA	NA	NA	NA	NA	NA	NA	NA	NA	NA	NA	NA	NA	NA	NA	NA
37284	NA	NA	NA	NA	NA	NA	NA	NA	NA	NA	NA	NA	NA	NA	NA	NA	NA	NA	NA	NA	NA	NA
38029	NA	NA	-0.447271895270133	0.947151555990503	NA	NA	NA	NA	1	NA	NA	NA	NA	NA	NA	NA	NA	NA	NA	NA	NA	NA
36900	11	2	-0.213836274778183	0.210858093249603	-1.03714279541407	0.671377580319932	0.132160121449565	0.61935492378865	1	2	2	4	1	1	1	2	1	1	4	2	1	1
36549	NA	NA	NA	NA	NA	NA	NA	NA	NA	NA	NA	NA	NA	NA	NA	NA	NA	NA	NA	NA	NA	NA
36612	NA	NA	NA	NA	NA	NA	NA	NA	NA	NA	NA	NA	NA	NA	NA	NA	NA	NA	NA	NA	NA	NA
40457	NA	NA	NA	NA	NA	NA	NA	NA	NA	NA	NA	NA	NA	NA	NA	NA	NA	NA	NA	NA	NA	NA
31343	NA	NA	NA	NA	NA	NA	NA	NA	NA	NA	NA	NA	NA	NA	NA	NA	NA	NA	NA	NA	NA	NA
38168	NA	NA	NA	NA	NA	NA	NA	NA	NA	NA	NA	NA	NA	NA	NA	NA	NA	NA	NA	NA	NA	NA
36636	10	1	-0.226617655046107	0.208367221928936	1.31113790068387	0.359230396236553	1.13060201231099	0.541563687716477	2	2	2	2	2	3	1	2	2	1	3	3	3	1
34845	6	2	-0.312813307588382	0.209328351113669	-0.672555804286283	0.573913270328319	-0.121034521004346	0.605887241019878	2	2	2	1	2	1	1	1	2	1	2	2	1	1
36487	NA	NA	NA	NA	NA	NA	NA	NA	NA	NA	NA	NA	NA	NA	NA	NA	NA	NA	NA	NA	NA	NA
38876	9	2	0.232610156631619	0.904880288934675	NA	NA	NA	NA	3	NA	NA	NA	NA	NA	NA	NA	NA	NA	NA	NA	NA	NA
37006	3	2	0.728173216110669	0.0408817248285441	0.761436603280432	0.343905874345182	0.917286931591123	0.546749681865127	4	2	4	1	1	2	2	2	2	1	2	4	2	1
40070	NA	NA	NA	NA	NA	NA	NA	NA	NA	NA	NA	NA	NA	NA	NA	NA	NA	NA	NA	NA	NA	NA
18486	2	2	-0.0701388750830163	0.904250324957875	NA	NA	NA	NA	2	NA	NA	NA	NA	NA	NA	NA	NA	NA	NA	NA	NA	NA
38001	2	1	-0.838073150688509	0.0512145355647954	-1.03714279541407	0.671377580319932	-0.994713697360366	0.67501613137766	1	2	1	1	1	1	1	1	1	1	1	2	1	1
38035	NA	NA	NA	NA	NA	NA	NA	NA	NA	NA	NA	NA	NA	NA	NA	NA	NA	NA	NA	NA	NA	NA
33104	NA	NA	NA	NA	NA	NA	NA	NA	NA	NA	NA	NA	NA	NA	NA	NA	NA	NA	NA	NA	NA	NA
36181	NA	NA	NA	NA	NA	NA	NA	NA	NA	NA	NA	NA	NA	NA	NA	NA	NA	NA	NA	NA	NA	NA
39333	1	1	-0.0701388750830163	0.904250324957875	-0.627869255513938	0.580256634442725	NA	NA	2	NA	NA	NA	2	1	NA	NA	NA	NA	NA	NA	NA	NA
40454	NA	NA	NA	NA	NA	NA	NA	NA	NA	NA	NA	NA	NA	NA	NA	NA	NA	NA	NA	NA	NA	NA
40090	1	2	NA	NA	NA	NA	NA	NA	NA	NA	NA	NA	NA	NA	NA	NA	NA	NA	NA	NA	NA	NA
39532	11	1	-0.283554486173103	0.212569939981892	-1.03714279541407	0.671377580319932	-0.616235439234278	0.69215253528538	5	2	2	1	1	1	1	1	1	1	3	1	1	1
38877	10	2	0.232610156631619	0.904880288934675	NA	NA	NA	NA	3	NA	NA	NA	NA	NA	NA	NA	NA	NA	NA	NA	NA	NA
36620	4	1	1.11824034594554	0.247747378029615	2.1555119944664	0.344350166098605	0.407074607082006	0.624009249120317	1	4	4	3	2	4	2	1	1	1	6	2	2	1
38281	NA	2	-0.0701388750830163	0.904250324957875	NA	NA	NA	NA	2	NA	NA	NA	NA	NA	NA	NA	NA	NA	NA	NA	NA	NA
40019	1	2	NA	NA	NA	NA	NA	NA	NA	NA	NA	NA	NA	NA	NA	NA	NA	NA	NA	NA	NA	NA
36699	NA	NA	0.232610156631619	0.904880288934675	NA	NA	NA	NA	3	NA	NA	NA	NA	NA	NA	NA	NA	NA	NA	NA	NA	NA
36653	12	2	-0.332189846679887	0.206464315413851	-1.03714279541407	0.671377580319932	-1.00618804280855	0.68657711504414	1	2	2	1	1	1	1	1	1	1	2	1	1	1
40071	NA	NA	NA	NA	NA	NA	NA	NA	NA	NA	NA	NA	NA	NA	NA	NA	NA	NA	NA	NA	NA	NA
37975	NA	1	0.232610156631619	0.904880288934675	NA	NA	NA	NA	3	NA	NA	NA	NA	NA	NA	NA	NA	NA	NA	NA	NA	NA
36890	5	2	0.386793606340602	0.0674924260941798	-1.03714279541407	0.671377580319932	0.21037490475952	0.61588483004736	3	3	3	1	1	1	1	2	1	1	2	2	3	1
36894	NA	NA	NA	NA	NA	NA	NA	NA	NA	NA	NA	NA	NA	NA	NA	NA	NA	NA	NA	NA	NA	NA
38181	NA	NA	NA	NA	NA	NA	NA	NA	NA	NA	NA	NA	NA	NA	NA	NA	NA	NA	NA	NA	NA	NA
39240	12	1	-0.226617655046107	0.208367221928936	-0.546002038113654	0.560317466652551	0.782108513421158	0.551453805299679	2	2	2	2	3	1	1	2	2	1	3	2	2	1
40593	NA	NA	NA	NA	NA	NA	NA	NA	NA	NA	NA	NA	NA	NA	NA	NA	NA	NA	NA	NA	NA	NA
39808	5	2	0.38350434404399	0.0669703476748767	-1.03714279541407	0.671377580319932	-1.00618804280855	0.68657711504414	1	3	3	1	1	1	1	1	1	1	2	1	1	1
35648	NA	NA	0.232610156631619	0.904880288934675	-0.627869255513938	0.580256634442725	NA	NA	3	NA	NA	NA	2	1	NA	NA	NA	NA	NA	NA	NA	NA
39175	4	2	0.385124426217291	0.0672402770932011	-1.03714279541407	0.671377580319932	-0.335154621747144	0.615872339484269	2	3	3	1	1	1	1	2	1	1	2	2	1	1
34912	NA	1	0.327193961135763	0.0443564462252122	0.47902648189112	0.360278256623955	0.0290760092854222	0.598814090251098	1	2	3	1	1	2	1	1	1	1	3	3	1	1
36486	NA	NA	NA	NA	NA	NA	NA	NA	NA	NA	NA	NA	NA	NA	NA	NA	NA	NA	NA	NA	NA	NA
36683	7	1	-0.312813307588382	0.209328351113669	-0.672555804286283	0.573913270328319	0.294467755457663	0.609858331473655	2	2	2	1	2	1	1	1	1	1	3	2	3	1
36540	2	2	0.454278809569516	0.94239389792813	0.666908432076742	0.367297180433663	NA	NA	4	NA	NA	NA	2	2	NA	NA	NA	NA	NA	NA	NA	NA
38414	6	1	-0.312813307588382	0.209328351113669	-0.672555804286283	0.573913270328319	0.55562636415114	0.587414508388125	2	2	2	1	2	1	1	2	1	1	4	2	2	1
36485	5	1	0.394966635639061	0.0680100550177338	-0.546002038113654	0.560317466652551	0.399543954492185	0.612820105655985	3	3	3	2	3	1	1	2	1	2	1	2	1	2
36051	18	2	-1.33522798140931	0.359411499522025	-1.03714279541407	0.671377580319932	-0.994713697360366	0.67501613137766	2	1	1	1	1	1	1	1	1	1	1	2	1	1
36600	NA	NA	NA	NA	NA	NA	NA	NA	NA	NA	NA	NA	NA	NA	NA	NA	NA	NA	NA	NA	NA	NA
36753	13	2	-1.3001021339318	0.339532683659676	0.47902648189112	0.360278256623955	1.92670895770562	0.506202973379711	3	1	1	1	1	2	1	2	1	2	5	5	2	2
37954	NA	NA	NA	NA	NA	NA	NA	NA	NA	NA	NA	NA	NA	NA	NA	NA	NA	NA	NA	NA	NA	NA
36272	NA	1	-1.417017145299	0.417347665168179	-1.03714279541407	0.671377580319932	-0.140322218927153	0.642479590016018	1	1	1	1	1	1	1	1	1	1	2	4	1	1
39174	7	2	-0.312813307588382	0.209328351113669	-1.03714279541407	0.671377580319932	-0.335154621747144	0.615872339484269	2	2	2	1	1	1	1	2	1	1	2	2	1	1
36444	NA	NA	-0.296902817852704	0.211088916722729	-0.323685678681099	0.862046387532785	-0.0457524173066048	0.603133416117948	3	2	2	1	NA	NA	1	1	1	2	2	2	1	1
38671	1	1	-0.312813307588382	0.209328351113669	-1.03714279541407	0.671377580319932	0.349699980913109	0.638137953864765	2	2	2	1	1	1	1	3	1	1	2	5	1	1
36566	3	1	0.385124426217291	0.0672402770932011	-0.249794077934664	0.478477060404757	-0.596599435841515	0.630558902398885	2	3	3	1	1	1	2	1	1	1	2	2	1	1
38476	NA	NA	NA	NA	NA	NA	NA	NA	NA	NA	NA	NA	NA	NA	NA	NA	NA	NA	NA	NA	NA	NA
36001	NA	NA	0.747216152531816	0.049675401900931	-0.546002038113654	0.560317466652551	1.03008657586302	0.554989529872258	3	3	4	2	3	1	1	1	2	1	5	3	2	1
36712	NA	NA	NA	NA	NA	NA	NA	NA	NA	NA	NA	NA	NA	NA	NA	NA	NA	NA	NA	NA	NA	NA
36655	NA	NA	NA	NA	NA	NA	NA	NA	NA	NA	NA	NA	NA	NA	NA	NA	NA	NA	NA	NA	NA	NA
40521	NA	NA	NA	NA	NA	NA	NA	NA	NA	NA	NA	NA	NA	NA	NA	NA	NA	NA	NA	NA	NA	NA
36121	3	1	-0.0701388750830163	0.904250324957875	NA	NA	NA	NA	2	NA	NA	NA	NA	NA	NA	NA	NA	NA	NA	NA	NA	NA
36652	NA	NA	NA	NA	NA	NA	NA	NA	NA	NA	NA	NA	NA	NA	NA	NA	NA	NA	NA	NA	NA	NA
39495	4	2	-0.312813307588382	0.209328351113669	-0.51669949689853	0.559938230825302	-0.121034521004346	0.605887241019878	2	2	2	1	4	1	1	1	2	1	2	2	1	1
35953	NA	NA	NA	NA	NA	NA	NA	NA	NA	NA	NA	NA	NA	NA	NA	NA	NA	NA	NA	NA	NA	NA
40473	NA	NA	NA	NA	NA	NA	NA	NA	NA	NA	NA	NA	NA	NA	NA	NA	NA	NA	NA	NA	NA	NA
38283	7	2	1.05202445654258	0.237240175999787	-1.03714279541407	0.671377580319932	0.396622850827055	0.57349027023257	2	4	4	2	1	1	1	2	1	1	3	2	2	1
33626	NA	NA	NA	NA	NA	NA	NA	NA	NA	NA	NA	NA	NA	NA	NA	NA	NA	NA	NA	NA	NA	NA
39163	1	2	-0.296902817852704	0.211088916722729	0.57561140874089	0.351436668615328	0.769744953724239	0.568979242087688	3	2	2	1	2	2	1	1	1	1	4	4	2	1
36182	9	2	-1.3001021339318	0.339532683659676	-1.03714279541407	0.671377580319932	-0.142980166730207	0.605973133990095	3	1	1	1	1	1	1	1	1	1	2	2	2	1
40429	NA	NA	NA	NA	NA	NA	NA	NA	NA	NA	NA	NA	NA	NA	NA	NA	NA	NA	NA	NA	NA	NA
40628	6	2	NA	NA	NA	NA	NA	NA	NA	NA	NA	NA	NA	NA	NA	NA	NA	NA	NA	NA	NA	NA
39563	NA	NA	-0.447271895270133	0.947151555990503	NA	NA	NA	NA	1	NA	NA	NA	NA	NA	NA	NA	NA	NA	NA	NA	NA	NA
40377	NA	NA	NA	NA	NA	NA	NA	NA	NA	NA	NA	NA	NA	NA	NA	NA	NA	NA	NA	NA	NA	NA
40518	2	1	NA	NA	NA	NA	NA	NA	NA	NA	NA	NA	NA	NA	NA	NA	NA	NA	NA	NA	NA	NA
39527	NA	NA	NA	NA	NA	NA	NA	NA	NA	NA	NA	NA	NA	NA	NA	NA	NA	NA	NA	NA	NA	NA
39255	1	2	1.00822287356149	0.232539365727071	-1.03714279541407	0.671377580319932	-0.596599435841515	0.630558902398885	4	4	4	1	1	1	1	1	1	1	2	2	1	1
36096	NA	NA	-0.447271895270133	0.947151555990503	NA	NA	NA	NA	1	NA	NA	NA	NA	NA	NA	NA	NA	NA	NA	NA	NA	NA
35780	NA	1	-0.0701388750830163	0.904250324957875	NA	NA	NA	NA	2	NA	NA	NA	NA	NA	NA	NA	NA	NA	NA	NA	NA	NA
39622	NA	NA	NA	NA	NA	NA	NA	NA	NA	NA	NA	NA	NA	NA	NA	NA	NA	NA	NA	NA	NA	NA
39180	NA	NA	-0.447271895270133	0.947151555990503	NA	NA	NA	NA	1	NA	NA	NA	NA	NA	NA	NA	NA	NA	NA	NA	NA	NA
36154	NA	2	-1.28243716728345	0.330892626137076	-1.03714279541407	0.671377580319932	-1.00618804280855	0.68657711504414	5	1	1	1	1	1	1	1	1	1	2	1	1	1
39345	NA	NA	NA	NA	NA	NA	NA	NA	NA	NA	NA	NA	NA	NA	NA	NA	NA	NA	NA	NA	NA	NA
40293	10	2	NA	NA	NA	NA	NA	NA	NA	NA	NA	NA	NA	NA	NA	NA	NA	NA	NA	NA	NA	NA
39520	NA	NA	NA	NA	NA	NA	NA	NA	NA	NA	NA	NA	NA	NA	NA	NA	NA	NA	NA	NA	NA	NA
34936	NA	NA	NA	NA	NA	NA	NA	NA	NA	NA	NA	NA	NA	NA	NA	NA	NA	NA	NA	NA	NA	NA
36130	4	2	1.09074004786057	0.242245888359561	0.57561140874089	0.351436668615328	0.396622850827055	0.57349027023257	4	4	4	2	2	2	1	2	1	1	3	2	2	1
39172	NA	1	-0.312813307588382	0.209328351113669	0.57561140874089	0.351436668615328	-0.596599435841515	0.630558902398885	2	2	2	1	2	2	1	1	1	1	2	2	1	1
35204	NA	NA	-0.447271895270133	0.947151555990503	-0.998924733516516	0.678445831007182	NA	NA	1	NA	NA	NA	1	1	NA	NA	NA	NA	NA	NA	NA	NA
40276	NA	NA	NA	NA	NA	NA	NA	NA	NA	NA	NA	NA	NA	NA	NA	NA	NA	NA	NA	NA	NA	NA
37224	3	2	-0.296902817852704	0.211088916722729	-1.03714279541407	0.671377580319932	-0.0549525729996644	0.659072890972545	3	2	2	1	1	1	1	1	1	1	2	5	1	1
37828	NA	NA	NA	NA	NA	NA	NA	NA	NA	NA	NA	NA	NA	NA	NA	NA	NA	NA	NA	NA	NA	NA
39996	7	1	NA	NA	NA	NA	NA	NA	NA	NA	NA	NA	NA	NA	NA	NA	NA	NA	NA	NA	NA	NA
39013	NA	NA	NA	NA	NA	NA	NA	NA	NA	NA	NA	NA	NA	NA	NA	NA	NA	NA	NA	NA	NA	NA
37359	NA	1	0.454278809569516	0.94239389792813	NA	NA	NA	NA	4	NA	NA	NA	NA	NA	NA	NA	NA	NA	NA	NA	NA	NA
40292	9	1	NA	NA	NA	NA	NA	NA	NA	NA	NA	NA	NA	NA	NA	NA	NA	NA	NA	NA	NA	NA
39225	NA	NA	NA	NA	NA	NA	NA	NA	NA	NA	NA	NA	NA	NA	NA	NA	NA	NA	NA	NA	NA	NA
33802	2	2	-0.548338000005247	0.0467539641947188	-0.672555804286283	0.573913270328319	-0.140322218927153	0.642479590016018	2	1	2	1	2	1	1	1	1	1	2	4	1	1
35214	NA	NA	NA	NA	NA	NA	NA	NA	NA	NA	NA	NA	NA	NA	NA	NA	NA	NA	NA	NA	NA	NA
35777	NA	NA	NA	NA	NA	NA	NA	NA	NA	NA	NA	NA	NA	NA	NA	NA	NA	NA	NA	NA	NA	NA
39651	4	1	0.232610156631619	0.904880288934675	NA	NA	NA	NA	3	NA	NA	NA	NA	NA	NA	NA	NA	NA	NA	NA	NA	NA
40025	NA	NA	NA	NA	NA	NA	NA	NA	NA	NA	NA	NA	NA	NA	NA	NA	NA	NA	NA	NA	NA	NA
39295	NA	NA	NA	NA	NA	NA	NA	NA	NA	NA	NA	NA	NA	NA	NA	NA	NA	NA	NA	NA	NA	NA
36303	NA	NA	NA	NA	NA	NA	NA	NA	NA	NA	NA	NA	NA	NA	NA	NA	NA	NA	NA	NA	NA	NA
40268	NA	NA	NA	NA	NA	NA	NA	NA	NA	NA	NA	NA	NA	NA	NA	NA	NA	NA	NA	NA	NA	NA
34544	10	2	-0.0701388750830163	0.904250324957875	NA	NA	NA	NA	2	NA	NA	NA	NA	NA	NA	NA	NA	NA	NA	NA	NA	NA
40175	NA	NA	NA	NA	NA	NA	NA	NA	NA	NA	NA	NA	NA	NA	NA	NA	NA	NA	NA	NA	NA	NA
30621	NA	1	-0.312813307588382	0.209328351113669	1.31113790068387	0.359230396236553	1.04986409151126	0.55891441896995	2	2	2	1	2	3	1	2	1	1	5	4	2	1
39183	NA	NA	NA	NA	NA	NA	NA	NA	NA	NA	NA	NA	NA	NA	NA	NA	NA	NA	NA	NA	NA	NA
37366	NA	NA	0.454278809569516	0.94239389792813	NA	NA	NA	NA	4	NA	NA	NA	NA	NA	NA	NA	NA	NA	NA	NA	NA	NA
37609	6	2	-0.288276239696275	0.212057930126438	1.31113790068387	0.359230396236553	0.130263974402055	0.588069292473812	4	2	2	1	2	3	1	1	1	1	2	3	2	1
29251	5	2	0.385893604678622	0.0673958239310953	0.47902648189112	0.360278256623955	0.442703505437523	0.561970354771665	NA	3	3	1	1	2	1	1	2	1	3	3	1	1
39631	NA	NA	NA	NA	NA	NA	NA	NA	NA	NA	NA	NA	NA	NA	NA	NA	NA	NA	NA	NA	NA	NA
40123	NA	NA	NA	NA	NA	NA	NA	NA	NA	NA	NA	NA	NA	NA	NA	NA	NA	NA	NA	NA	NA	NA
39901	NA	1	-1.417017145299	0.417347665168179	-1.03714279541407	0.671377580319932	-0.142980166730207	0.605973133990095	1	1	1	1	1	1	1	1	1	1	2	2	2	1
32993	14	1	NA	NA	NA	NA	NA	NA	NA	NA	NA	NA	NA	NA	NA	NA	NA	NA	NA	NA	NA	NA
33898	NA	NA	-0.447271895270133	0.947151555990503	NA	NA	NA	NA	1	NA	NA	NA	NA	NA	NA	NA	NA	NA	NA	NA	NA	NA
34004	2	2	0.454278809569516	0.94239389792813	NA	NA	NA	NA	4	NA	NA	NA	NA	NA	NA	NA	NA	NA	NA	NA	NA	NA
31099	5	1	2.0821430412172	0.256109198534021	0.57561140874089	0.351436668615328	-0.233345763988192	0.628571126296844	4	5	5	2	2	2	1	4	1	1	2	2	1	1
40413	11	2	NA	NA	NA	NA	NA	NA	NA	NA	NA	NA	NA	NA	NA	NA	NA	NA	NA	NA	NA	NA
40490	NA	NA	NA	NA	NA	NA	NA	NA	NA	NA	NA	NA	NA	NA	NA	NA	NA	NA	NA	NA	NA	NA
39456	6	1	0.232610156631619	0.904880288934675	NA	NA	NA	NA	3	NA	NA	NA	NA	NA	NA	NA	NA	NA	NA	NA	NA	NA
39036	NA	NA	NA	NA	NA	NA	NA	NA	NA	NA	NA	NA	NA	NA	NA	NA	NA	NA	NA	NA	NA	NA
39484	NA	2	-0.332189846679887	0.206464315413851	-1.03714279541407	0.671377580319932	-0.863094303905391	0.710139758919189	1	2	2	1	1	1	1	1	1	1	1	1	1	2
39496	8	2	NA	NA	NA	NA	NA	NA	NA	NA	NA	NA	NA	NA	NA	NA	NA	NA	NA	NA	NA	NA
34139	NA	2	-0.447271895270133	0.947151555990503	NA	NA	NA	NA	1	NA	NA	NA	NA	NA	NA	NA	NA	NA	NA	NA	NA	NA
39699	NA	2	-0.447271895270133	0.947151555990503	NA	NA	NA	NA	1	NA	NA	NA	NA	NA	NA	NA	NA	NA	NA	NA	NA	NA
40455	NA	NA	NA	NA	NA	NA	NA	NA	NA	NA	NA	NA	NA	NA	NA	NA	NA	NA	NA	NA	NA	NA
40150	NA	2	NA	NA	NA	NA	NA	NA	NA	NA	NA	NA	NA	NA	NA	NA	NA	NA	NA	NA	NA	NA
39661	NA	NA	NA	NA	NA	NA	NA	NA	NA	NA	NA	NA	NA	NA	NA	NA	NA	NA	NA	NA	NA	NA
36394	12	2	-0.0701388750830163	0.904250324957875	NA	NA	NA	NA	2	NA	NA	NA	NA	NA	NA	NA	NA	NA	NA	NA	NA	NA
35243	11	1	NA	NA	NA	NA	NA	NA	NA	NA	NA	NA	NA	NA	NA	NA	NA	NA	NA	NA	NA	NA
39677	NA	NA	NA	NA	NA	NA	NA	NA	NA	NA	NA	NA	NA	NA	NA	NA	NA	NA	NA	NA	NA	NA
39103	NA	NA	NA	NA	NA	NA	NA	NA	NA	NA	NA	NA	NA	NA	NA	NA	NA	NA	NA	NA	NA	NA
27946	3	2	1.19064192615185	0.245475493388901	-1.03714279541407	0.671377580319932	0.365210405663295	0.63256259942803	5	4	4	3	1	1	1	1	1	1	3	6	1	1
37920	5	2	0.396196068589486	0.0680142691842999	1.31113790068387	0.359230396236553	0.37216642352994	0.611484626157558	4	3	3	2	2	3	1	2	1	2	1	2	2	1
36321	2	2	-0.179471034047984	0.203969917061721	-0.498956958136958	0.56003264128841	-0.596599435841515	0.630558902398885	3	2	2	4	5	1	1	1	1	1	2	2	1	1
38327	NA	NA	NA	NA	NA	NA	NA	NA	NA	NA	NA	NA	NA	NA	NA	NA	NA	NA	NA	NA	NA	NA
38331	5	2	0.385124426217291	0.0672402770932011	-1.03714279541407	0.671377580319932	-0.596599435841515	0.630558902398885	2	3	3	1	1	1	1	1	1	1	2	2	1	1
38275	NA	NA	NA	NA	NA	NA	NA	NA	NA	NA	NA	NA	NA	NA	NA	NA	NA	NA	NA	NA	NA	NA
36178	4	2	NA	NA	NA	NA	NA	NA	NA	NA	NA	NA	NA	NA	NA	NA	NA	NA	NA	NA	NA	NA
38341	6	1	1.17543014878189	0.246005172692389	-0.672555804286283	0.573913270328319	0.130263974402055	0.588069292473812	4	4	4	3	2	1	1	1	1	1	2	3	2	1
39482	4	1	0.328662425715626	0.0450596041711209	0.843452785840551	0.338210353362157	-0.692125673782879	0.661009739769705	3	2	3	1	2	2	2	2	1	1	1	2	1	1
38328	6	2	0.7265811132611	0.0401228417271833	-1.03714279541407	0.671377580319932	-0.0513318077064314	0.602602683378642	1	2	4	1	1	1	1	2	1	1	2	3	1	1
37753	2	2	0.38350434404399	0.0669703476748767	-0.672555804286283	0.573913270328319	-0.303022729892198	0.625204131798414	1	3	3	1	2	1	1	1	1	1	2	3	1	1
38261	3	1	0.232610156631619	0.904880288934675	0.564473161732923	0.375063276367103	NA	NA	3	NA	NA	NA	1	2	NA	NA	NA	NA	NA	NA	NA	NA
37678	NA	2	-0.288276239696275	0.212057930126438	-0.546002038113654	0.560317466652551	-0.378867414715023	0.670755437798192	4	2	2	1	3	1	1	1	3	1	1	2	1	1
38364	NA	1	0.959848272810263	0.217633645476233	-1.03714279541407	0.671377580319932	-0.0566284402259307	0.650842272564211	1	4	4	1	1	1	1	3	2	1	1	2	1	1
37938	11	2	0.727449715903005	0.040731316150112	-0.672555804286283	0.573913270328319	0.639634430588026	0.583135368334996	2	1	4	2	2	1	1	1	1	1	5	3	2	1
35750	NA	NA	NA	NA	NA	NA	NA	NA	NA	NA	NA	NA	NA	NA	NA	NA	NA	NA	NA	NA	NA	NA
36360	3	2	0.386793606340602	0.0674924260941798	0.57561140874089	0.351436668615328	-0.0549525729996644	0.659072890972545	3	3	3	1	2	2	1	1	1	1	2	5	1	1
36768	NA	NA	0.232610156631619	0.904880288934675	NA	NA	NA	NA	3	NA	NA	NA	NA	NA	NA	NA	NA	NA	NA	NA	NA	NA
37156	NA	1	0.232610156631619	0.904880288934675	NA	NA	NA	NA	3	NA	NA	NA	NA	NA	NA	NA	NA	NA	NA	NA	NA	NA
34847	12	1	0.454278809569516	0.94239389792813	NA	NA	NA	NA	4	NA	NA	NA	NA	NA	NA	NA	NA	NA	NA	NA	NA	NA
37864	NA	NA	NA	NA	NA	NA	NA	NA	NA	NA	NA	NA	NA	NA	NA	NA	NA	NA	NA	NA	NA	NA
37918	5	1	-0.312813307588382	0.209328351113669	-0.672555804286283	0.573913270328319	-0.596599435841515	0.630558902398885	2	2	2	1	2	1	1	1	1	1	2	2	1	1
37766	NA	NA	-0.0701388750830163	0.904250324957875	NA	NA	NA	NA	2	NA	NA	NA	NA	NA	NA	NA	NA	NA	NA	NA	NA	NA
34285	6	1	-1.417017145299	0.417347665168179	-1.03714279541407	0.671377580319932	-1.51097713883035	0.728409944662597	1	1	1	1	1	1	1	1	1	1	1	1	1	1
37794	4	1	0.45394997171976	0.0486640813344252	-0.672555804286283	0.573913270328319	0.642270691961535	0.546518955498445	2	4	3	1	2	1	1	2	2	1	3	3	1	1
34330	7	2	0.454278809569516	0.94239389792813	NA	NA	NA	NA	4	NA	NA	NA	NA	NA	NA	NA	NA	NA	NA	NA	NA	NA
36255	7	1	0.731413646900858	0.0424884896613231	-0.51669949689853	0.559938230825302	-0.498176699344638	0.717108999148368	1	2	4	3	4	1	1	1	1	1	4	1	1	1
36205	NA	NA	0.232610156631619	0.904880288934675	1.49522907400115	0.372118990889023	NA	NA	3	NA	NA	NA	2	3	NA	NA	NA	NA	NA	NA	NA	NA
35876	NA	2	-1.417017145299	0.417347665168179	-1.03714279541407	0.671377580319932	-1.00618804280855	0.68657711504414	1	1	1	1	1	1	1	1	1	1	2	1	1	1
35754	5	1	-1.417017145299	0.417347665168179	-1.03714279541407	0.671377580319932	-0.335154621747144	0.615872339484269	1	1	1	1	1	1	1	2	1	1	2	2	1	1
35726	NA	NA	NA	NA	NA	NA	NA	NA	NA	NA	NA	NA	NA	NA	NA	NA	NA	NA	NA	NA	NA	NA
35872	NA	NA	-0.447271895270133	0.947151555990503	NA	NA	NA	NA	1	NA	NA	NA	NA	NA	NA	NA	NA	NA	NA	NA	NA	NA
37926	11	1	-1.417017145299	0.417347665168179	-1.03714279541407	0.671377580319932	-1.15511762742498	0.716190104428349	1	1	1	1	1	1	1	2	1	1	1	1	1	1
35789	1	2	-0.0701388750830163	0.904250324957875	NA	NA	NA	NA	2	NA	NA	NA	NA	NA	NA	NA	NA	NA	NA	NA	NA	NA
37598	1	1	0.232610156631619	0.904880288934675	2.24909729918117	0.373784035869741	NA	NA	3	NA	NA	NA	2	4	NA	NA	NA	NA	NA	NA	NA	NA
37580	NA	NA	0.232610156631619	0.904880288934675	0.666908432076742	0.367297180433663	NA	NA	3	NA	NA	NA	2	2	NA	NA	NA	NA	NA	NA	NA	NA
35928	9	2	-0.0701388750830163	0.904250324957875	-0.627869255513938	0.580256634442725	NA	NA	2	NA	NA	NA	2	1	NA	NA	NA	NA	NA	NA	NA	NA
35766	2	2	NA	NA	NA	NA	NA	NA	NA	NA	NA	NA	NA	NA	NA	NA	NA	NA	NA	NA	NA	NA
36324	NA	2	-0.332189846679887	0.206464315413851	0.93823610073191	0.351836406531057	-0.462665435930163	0.662509373346524	1	2	2	1	2	2	3	1	1	1	2	1	2	1
36089	NA	NA	NA	NA	NA	NA	NA	NA	NA	NA	NA	NA	NA	NA	NA	NA	NA	NA	NA	NA	NA	NA
31413	1	1	0.386793606340602	0.0674924260941798	1.09738468292214	0.366999526870954	1.22087503329998	0.518434564335088	3	3	3	1	4	2	4	2	2	2	3	4	1	1
37937	2	2	-1.3001021339318	0.339532683659676	-0.672555804286283	0.573913270328319	-0.256040511953333	0.620964212915272	3	1	1	1	2	1	1	1	1	1	3	2	1	1
27594	1	1	-0.312813307588382	0.209328351113669	-1.03714279541407	0.671377580319932	0.0364120718936894	0.714017925317142	2	2	2	1	1	1	1	3	1	1	1	5	1	1
35801	NA	NA	NA	NA	NA	NA	NA	NA	NA	NA	NA	NA	NA	NA	NA	NA	NA	NA	NA	NA	NA	NA
33724	NA	NA	-0.0701388750830163	0.904250324957875	NA	NA	NA	NA	2	NA	NA	NA	NA	NA	NA	NA	NA	NA	NA	NA	NA	NA
31412	NA	2	2.05738021378594	0.245549419058154	0.947475563782554	0.341199772680083	0.190481035312401	0.590725867070552	3	5	5	2	4	2	2	2	1	2	2	2	1	1
37610	7	1	1.00822287356149	0.232539365727071	0.761436603280432	0.343905874345182	-0.142980166730207	0.605973133990095	4	4	4	1	1	2	2	1	1	1	2	2	2	1
36307	2	1	-0.332189846679887	0.206464315413851	-0.185925667835247	0.488625572011581	0.119861858334893	0.59354249713983	1	2	2	1	1	1	4	2	1	1	2	2	1	2
38369	4	2	-1.28809353731803	0.333587169332184	-1.03714279541407	0.671377580319932	-1.51097713883035	0.728409944662597	4	1	1	1	1	1	1	1	1	1	1	1	1	1
38797	5	2	-1.3001021339318	0.339532683659676	-1.03714279541407	0.671377580319932	-0.678225176257484	0.689374167866634	3	1	1	1	1	1	1	1	1	1	1	3	1	1
40726	NA	2	NA	NA	NA	NA	NA	NA	NA	NA	NA	NA	NA	NA	NA	NA	NA	NA	NA	NA	NA	NA
38743	NA	1	-0.447271895270133	0.947151555990503	-0.627869255513938	0.580256634442725	NA	NA	1	NA	NA	NA	2	1	NA	NA	NA	NA	NA	NA	NA	NA
38693	NA	NA	NA	NA	NA	NA	NA	NA	NA	NA	NA	NA	NA	NA	NA	NA	NA	NA	NA	NA	NA	NA
39764	NA	NA	NA	NA	NA	NA	NA	NA	NA	NA	NA	NA	NA	NA	NA	NA	NA	NA	NA	NA	NA	NA
35068	3	1	-0.245837005657461	0.21056098088498	-1.03714279541407	0.671377580319932	0.239053667413901	0.621116048964448	1	2	2	2	1	1	1	3	1	1	2	4	1	1
35841	NA	NA	-0.447271895270133	0.947151555990503	NA	NA	NA	NA	1	NA	NA	NA	NA	NA	NA	NA	NA	NA	NA	NA	NA	NA
39763	NA	NA	NA	NA	NA	NA	NA	NA	NA	NA	NA	NA	NA	NA	NA	NA	NA	NA	NA	NA	NA	NA
36032	9	2	-0.202425192720471	0.205685106401989	0.57561140874089	0.351436668615328	0.396622850827055	0.57349027023257	4	2	2	2	2	2	1	2	1	1	3	2	2	1
38798	NA	2	0.454278809569516	0.94239389792813	NA	NA	NA	NA	4	NA	NA	NA	NA	NA	NA	NA	NA	NA	NA	NA	NA	NA
39301	NA	NA	0.454278809569516	0.94239389792813	NA	NA	NA	NA	4	NA	NA	NA	NA	NA	NA	NA	NA	NA	NA	NA	NA	NA
38863	9	2	0.747968021354678	0.0501081022337265	-0.546002038113654	0.560317466652551	1.26877845523403	0.535715947409292	4	3	4	2	3	1	1	3	2	2	2	3	2	1
39779	6	2	NA	NA	NA	NA	NA	NA	NA	NA	NA	NA	NA	NA	NA	NA	NA	NA	NA	NA	NA	NA
39807	NA	NA	NA	NA	NA	NA	NA	NA	NA	NA	NA	NA	NA	NA	NA	NA	NA	NA	NA	NA	NA	NA
35802	NA	NA	NA	NA	NA	NA	NA	NA	NA	NA	NA	NA	NA	NA	NA	NA	NA	NA	NA	NA	NA	NA
38701	NA	1	0.329189350293581	0.0453211403374332	-0.249794077934664	0.478477060404757	-0.335154621747144	0.615872339484269	4	2	3	1	1	1	2	2	1	1	2	2	1	1
38749	NA	2	0.455442299574884	0.0479135640228723	-0.672555804286283	0.573913270328319	1.08090024445637	0.560082988475182	4	4	3	1	2	1	1	2	2	1	2	5	1	2
38736	NA	NA	-0.447271895270133	0.947151555990503	NA	NA	NA	NA	1	NA	NA	NA	NA	NA	NA	NA	NA	NA	NA	NA	NA	NA
35924	NA	NA	0.618464289680877	0.986332131322507	-0.998924733516516	0.678445831007182	NA	NA	5	NA	NA	NA	1	1	NA	NA	NA	NA	NA	NA	NA	NA
38811	NA	NA	NA	NA	NA	NA	NA	NA	NA	NA	NA	NA	NA	NA	NA	NA	NA	NA	NA	NA	NA	NA
39769	2	2	0.38350434404399	0.0669703476748767	-1.03714279541407	0.671377580319932	0.351437331691154	0.571002496151817	1	3	3	1	1	1	1	2	1	1	2	3	2	1
38731	NA	NA	-0.0701388750830163	0.904250324957875	NA	NA	NA	NA	2	NA	NA	NA	NA	NA	NA	NA	NA	NA	NA	NA	NA	NA
39788	8	2	-0.226617655046107	0.208367221928936	-1.03714279541407	0.671377580319932	-0.335154621747144	0.615872339484269	2	2	2	2	1	1	1	2	1	1	2	2	1	1
35006	2	1	-0.312813307588382	0.209328351113669	-1.03714279541407	0.671377580319932	0.130263974402055	0.588069292473812	2	2	2	1	1	1	1	1	1	1	2	3	2	1
37507	16	2	1.03676383910366	0.235471989320322	0.761436603280432	0.343905874345182	-0.596599435841515	0.630558902398885	1	4	4	2	1	2	2	1	1	1	2	2	1	1
38870	NA	NA	-0.0701388750830163	0.904250324957875	NA	NA	NA	NA	2	NA	NA	NA	NA	NA	NA	NA	NA	NA	NA	NA	NA	NA
38738	14	2	2.00116483914388	0.226577777702082	-1.03714279541407	0.671377580319932	-1.00618804280855	0.68657711504414	2	5	5	1	1	1	1	1	1	1	2	1	1	1
38698	NA	NA	NA	NA	NA	NA	NA	NA	NA	NA	NA	NA	NA	NA	NA	NA	NA	NA	NA	NA	NA	NA
36134	NA	NA	NA	NA	NA	NA	NA	NA	NA	NA	NA	NA	NA	NA	NA	NA	NA	NA	NA	NA	NA	NA
36361	NA	NA	0.454278809569516	0.94239389792813	NA	NA	NA	NA	4	NA	NA	NA	NA	NA	NA	NA	NA	NA	NA	NA	NA	NA
31986	13	2	-1.18737100772654	0.277510262430713	0.57561140874089	0.351436668615328	-1.00618804280855	0.68657711504414	1	1	1	2	2	2	1	1	1	1	2	1	1	1
38422	NA	NA	NA	NA	NA	NA	NA	NA	NA	NA	NA	NA	NA	NA	NA	NA	NA	NA	NA	NA	NA	NA
36666	16	2	0.328662425715626	0.0450596041711209	-0.672555804286283	0.573913270328319	-0.37084572420845	0.661356534580647	3	2	3	1	2	1	1	2	1	1	1	3	1	1
32659	NA	NA	-0.447271895270133	0.947151555990503	-0.998924733516516	0.678445831007182	NA	NA	1	NA	NA	NA	1	1	NA	NA	NA	NA	NA	NA	NA	NA
38492	NA	NA	-0.0701388750830163	0.904250324957875	NA	NA	NA	NA	2	NA	NA	NA	NA	NA	NA	NA	NA	NA	NA	NA	NA	NA
38592	2	1	0.385124426217291	0.0672402770932011	-1.03714279541407	0.671377580319932	-0.131352767067	0.640123013045284	2	3	3	1	1	1	1	1	1	1	4	2	1	1
40101	2	2	NA	NA	NA	NA	NA	NA	NA	NA	NA	NA	NA	NA	NA	NA	NA	NA	NA	NA	NA	NA
38456	12	1	-1.33522798140931	0.359411499522025	-0.672555804286283	0.573913270328319	0.479955285062096	0.627172475964615	2	1	1	1	2	1	1	1	1	1	2	6	2	1
37274	3	1	0.45394997171976	0.0486640813344252	-1.03714279541407	0.671377580319932	-0.596599435841515	0.630558902398885	2	4	3	1	1	1	1	1	1	1	2	2	1	1
39538	NA	NA	-0.0701388750830163	0.904250324957875	NA	NA	NA	NA	2	NA	NA	NA	NA	NA	NA	NA	NA	NA	NA	NA	NA	NA
39273	NA	NA	NA	NA	NA	NA	NA	NA	NA	NA	NA	NA	NA	NA	NA	NA	NA	NA	NA	NA	NA	NA
40207	NA	NA	NA	NA	NA	NA	NA	NA	NA	NA	NA	NA	NA	NA	NA	NA	NA	NA	NA	NA	NA	NA
40251	13	2	NA	NA	NA	NA	NA	NA	NA	NA	NA	NA	NA	NA	NA	NA	NA	NA	NA	NA	NA	NA
38151	NA	NA	0.454278809569516	0.94239389792813	NA	NA	NA	NA	4	NA	NA	NA	NA	NA	NA	NA	NA	NA	NA	NA	NA	NA
36958	2	2	-0.296902817852704	0.211088916722729	-0.672555804286283	0.573913270328319	0.62165467641682	0.546364860688728	3	2	2	1	2	1	1	2	1	1	3	3	2	1
38964	NA	NA	NA	NA	NA	NA	NA	NA	NA	NA	NA	NA	NA	NA	NA	NA	NA	NA	NA	NA	NA	NA
36846	NA	NA	-0.0701388750830163	0.904250324957875	NA	NA	NA	NA	2	NA	NA	NA	NA	NA	NA	NA	NA	NA	NA	NA	NA	NA
29467	NA	NA	NA	NA	NA	NA	NA	NA	NA	NA	NA	NA	NA	NA	NA	NA	NA	NA	NA	NA	NA	NA
39722	9	2	-1.28809353731803	0.333587169332184	-1.03714279541407	0.671377580319932	-0.445250296224929	0.651375178101022	4	1	1	1	1	1	1	1	2	1	1	2	1	1
37075	12	1	-1.33522798140931	0.359411499522025	-1.03714279541407	0.671377580319932	-0.692920794230491	0.672605015458528	2	1	1	1	1	1	1	2	1	1	2	1	1	1
40402	14	2	NA	NA	NA	NA	NA	NA	NA	NA	NA	NA	NA	NA	NA	NA	NA	NA	NA	NA	NA	NA
39483	9	1	-0.312813307588382	0.209328351113669	-1.03714279541407	0.671377580319932	-1.00618804280855	0.68657711504414	2	2	2	1	1	1	1	1	1	1	2	1	1	1
39591	NA	NA	NA	NA	NA	NA	NA	NA	NA	NA	NA	NA	NA	NA	NA	NA	NA	NA	NA	NA	NA	NA
35736	13	2	-1.33522798140931	0.359411499522025	1.89873470900127	0.408673402378701	-0.462665435930163	0.662509373346524	2	1	1	1	1	4	1	1	1	1	2	1	2	1
40567	NA	NA	NA	NA	NA	NA	NA	NA	NA	NA	NA	NA	NA	NA	NA	NA	NA	NA	NA	NA	NA	NA
39233	NA	NA	NA	NA	NA	NA	NA	NA	NA	NA	NA	NA	NA	NA	NA	NA	NA	NA	NA	NA	NA	NA
38398	2	2	-1.33522798140931	0.359411499522025	-0.672555804286283	0.573913270328319	-0.303022729892198	0.625204131798414	2	1	1	1	2	1	1	1	1	1	2	3	1	1
39283	NA	NA	0.232610156631619	0.904880288934675	NA	NA	NA	NA	3	NA	NA	NA	NA	NA	NA	NA	NA	NA	NA	NA	NA	NA
40318	NA	2	NA	NA	NA	NA	NA	NA	NA	NA	NA	NA	NA	NA	NA	NA	NA	NA	NA	NA	NA	NA
38322	10	2	-0.447271895270133	0.947151555990503	NA	NA	NA	NA	1	NA	NA	NA	NA	NA	NA	NA	NA	NA	NA	NA	NA	NA
40204	NA	NA	NA	NA	NA	NA	NA	NA	NA	NA	NA	NA	NA	NA	NA	NA	NA	NA	NA	NA	NA	NA
37238	9	1	-0.447271895270133	0.947151555990503	NA	NA	NA	NA	1	NA	NA	NA	NA	NA	NA	NA	NA	NA	NA	NA	NA	NA
37180	7	1	-0.838073150688509	0.0512145355647954	-0.672555804286283	0.573913270328319	0.130263974402055	0.588069292473812	1	2	1	1	2	1	1	1	1	1	2	3	2	1
31020061501666	NA	NA	NA	NA	NA	NA	NA	NA	NA	NA	NA	NA	NA	NA	NA	NA	NA	NA	NA	NA	NA	NA
31020061508756	NA	NA	NA	NA	NA	NA	NA	NA	NA	NA	NA	NA	NA	NA	NA	NA	NA	NA	NA	NA	NA	NA
31020061511622	NA	NA	NA	NA	NA	NA	NA	NA	NA	NA	NA	NA	NA	NA	NA	NA	NA	NA	NA	NA	NA	NA
31020061511753	NA	NA	NA	NA	NA	NA	NA	NA	NA	NA	NA	NA	NA	NA	NA	NA	NA	NA	NA	NA	NA	NA
31020061514786	NA	NA	NA	NA	NA	NA	NA	NA	NA	NA	NA	NA	NA	NA	NA	NA	NA	NA	NA	NA	NA	NA
31020061515167	NA	NA	NA	NA	NA	NA	NA	NA	NA	NA	NA	NA	NA	NA	NA	NA	NA	NA	NA	NA	NA	NA
31020061515410	NA	NA	NA	NA	NA	NA	NA	NA	NA	NA	NA	NA	NA	NA	NA	NA	NA	NA	NA	NA	NA	NA
31020061516934	NA	NA	NA	NA	NA	NA	NA	NA	NA	NA	NA	NA	NA	NA	NA	NA	NA	NA	NA	NA	NA	NA
31020061518221	NA	NA	NA	NA	NA	NA	NA	NA	NA	NA	NA	NA	NA	NA	NA	NA	NA	NA	NA	NA	NA	NA
31020061518661	NA	NA	NA	NA	NA	NA	NA	NA	NA	NA	NA	NA	NA	NA	NA	NA	NA	NA	NA	NA	NA	NA
31020061518720	NA	NA	NA	NA	NA	NA	NA	NA	NA	NA	NA	NA	NA	NA	NA	NA	NA	NA	NA	NA	NA	NA
31020061518759	NA	NA	NA	NA	NA	NA	NA	NA	NA	NA	NA	NA	NA	NA	NA	NA	NA	NA	NA	NA	NA	NA
31265	NA	NA	NA	NA	NA	NA	NA	NA	NA	NA	NA	NA	NA	NA	NA	NA	NA	NA	NA	NA	NA	NA
31260	6	1	-1.28809353731803	0.333587169332184	2.26112981204076	0.336716143662411	-0.00681112572602824	0.601528868656194	4	1	1	1	1	4	3	2	1	1	3	2	1	1
31822	1	1	-0.312813307588382	0.209328351113669	-0.672555804286283	0.573913270328319	0.122545532347152	0.615463040812807	2	2	2	1	2	1	1	2	1	1	2	4	1	1
31975	NA	2	-0.312813307588382	0.209328351113669	1.09738468292214	0.366999526870954	-0.462665435930163	0.662509373346524	2	2	2	1	4	2	4	1	1	1	2	1	2	1
31266	NA	NA	NA	NA	NA	NA	NA	NA	NA	NA	NA	NA	NA	NA	NA	NA	NA	NA	NA	NA	NA	NA
32417	3	2	0.0457268797319655	0.0479750836795244	1.53752084895147	0.332970820757428	-0.140322218927153	0.642479590016018	4	3	2	3	2	3	2	1	1	1	2	4	1	1
32322	NA	NA	-0.0701388750830163	0.904250324957875	NA	NA	NA	NA	2	NA	NA	NA	NA	NA	NA	NA	NA	NA	NA	NA	NA	NA
31827	7	2	NA	NA	NA	NA	NA	NA	NA	NA	NA	NA	NA	NA	NA	NA	NA	NA	NA	NA	NA	NA
32746	9	1	0.744077516509173	0.0479663138096104	-0.672555804286283	0.573913270328319	1.24806259278299	0.544397542606265	4	3	4	1	2	1	1	2	2	1	5	3	1	2
28258	NA	NA	NA	NA	NA	NA	NA	NA	NA	NA	NA	NA	NA	NA	NA	NA	NA	NA	NA	NA	NA	NA
31693	5	2	0.38350434404399	0.0669703476748767	-1.03714279541407	0.671377580319932	-0.303022729892198	0.625204131798414	1	3	3	1	1	1	1	1	1	1	2	3	1	1
32271	NA	NA	NA	NA	NA	NA	NA	NA	NA	NA	NA	NA	NA	NA	NA	NA	NA	NA	NA	NA	NA	NA
32292	NA	NA	0.232610156631619	0.904880288934675	NA	NA	NA	NA	3	NA	NA	NA	NA	NA	NA	NA	NA	NA	NA	NA	NA	NA
31774	NA	NA	NA	NA	NA	NA	NA	NA	NA	NA	NA	NA	NA	NA	NA	NA	NA	NA	NA	NA	NA	NA
31727	NA	2	-0.312813307588382	0.209328351113669	-0.249794077934664	0.478477060404757	0.336445256121624	0.628335625555635	2	2	2	1	1	1	2	2	2	1	1	4	1	1
31220	NA	NA	-0.0701388750830163	0.904250324957875	NA	NA	NA	NA	2	NA	NA	NA	NA	NA	NA	NA	NA	NA	NA	NA	NA	NA
31649	NA	NA	-0.0701388750830163	0.904250324957875	NA	NA	NA	NA	2	NA	NA	NA	NA	NA	NA	NA	NA	NA	NA	NA	NA	NA
32915	NA	NA	-0.0701388750830163	0.904250324957875	NA	NA	NA	NA	2	NA	NA	NA	NA	NA	NA	NA	NA	NA	NA	NA	NA	NA
31221	NA	NA	NA	NA	NA	NA	NA	NA	NA	NA	NA	NA	NA	NA	NA	NA	NA	NA	NA	NA	NA	NA
38955	NA	NA	NA	NA	NA	NA	NA	NA	NA	NA	NA	NA	NA	NA	NA	NA	NA	NA	NA	NA	NA	NA
33405	17	2	-0.296902817852704	0.211088916722729	-0.51669949689853	0.559938230825302	-1.15511762742498	0.716190104428349	3	2	2	1	4	1	1	2	1	1	1	1	1	1
31398	NA	NA	0.618464289680877	0.986332131322507	NA	NA	NA	NA	5	NA	NA	NA	NA	NA	NA	NA	NA	NA	NA	NA	NA	NA
34620	2	2	-1.33522798140931	0.359411499522025	-1.03714279541407	0.671377580319932	-0.303022729892198	0.625204131798414	2	1	1	1	1	1	1	1	1	1	2	3	1	1
32858	13	2	0.454278809569516	0.94239389792813	-0.495393863327373	0.566808090560261	NA	NA	4	NA	NA	NA	3	1	NA	NA	NA	NA	NA	NA	NA	NA
32236	NA	NA	-0.447271895270133	0.947151555990503	NA	NA	NA	NA	1	NA	NA	NA	NA	NA	NA	NA	NA	NA	NA	NA	NA	NA
32638	6	2	-0.549356446356616	0.0462085118423025	-1.03714279541407	0.671377580319932	0.461456981844277	0.584168071805531	1	1	2	1	1	1	1	2	1	1	3	2	1	3
32643	7	1	-1.417017145299	0.417347665168179	-1.03714279541407	0.671377580319932	-0.596599435841515	0.630558902398885	1	1	1	1	1	1	1	1	1	1	2	2	1	1
31131	1	2	0.97353651278697	0.222052017895777	1.31113790068387	0.359230396236553	0.653726841166527	0.591012029747518	2	4	4	1	2	3	1	2	1	1	2	5	2	1
32396	7	1	1.10501497485336	0.24428491019529	-1.03714279541407	0.671377580319932	-0.00681112572602824	0.601528868656194	5	4	4	2	1	1	1	2	1	1	3	2	1	1
32103	NA	NA	NA	NA	NA	NA	NA	NA	NA	NA	NA	NA	NA	NA	NA	NA	NA	NA	NA	NA	NA	NA
32042	13	2	-1.417017145299	0.417347665168179	-1.03714279541407	0.671377580319932	-0.892103799506187	0.709718190112266	1	1	1	1	1	1	1	1	1	1	1	1	2	1
31977	11	2	0.38350434404399	0.0669703476748767	0.47902648189112	0.360278256623955	-0.335154621747144	0.615872339484269	1	3	3	1	1	2	1	2	1	1	2	2	1	1
31179	NA	NA	NA	NA	NA	NA	NA	NA	NA	NA	NA	NA	NA	NA	NA	NA	NA	NA	NA	NA	NA	NA
33148	6	2	-0.548338000005247	0.0467539641947188	0.649059676340311	0.35034407583782	0.418215416533485	0.573645385460626	2	1	2	1	3	2	1	2	2	1	3	2	1	1
31922	NA	NA	0.454278809569516	0.94239389792813	NA	NA	NA	NA	4	NA	NA	NA	NA	NA	NA	NA	NA	NA	NA	NA	NA	NA
31799	2	2	-1.417017145299	0.417347665168179	-0.672555804286283	0.573913270328319	-0.469625685834665	0.651521808458812	1	1	1	1	2	1	1	1	1	1	1	2	2	1
32091	11	2	-1.28809353731803	0.333587169332184	1.53752084895147	0.332970820757428	0.442703505437523	0.561970354771665	4	1	1	1	2	3	2	1	2	1	3	3	1	1
30900	NA	NA	NA	NA	NA	NA	NA	NA	NA	NA	NA	NA	NA	NA	NA	NA	NA	NA	NA	NA	NA	NA
30988	3	1	1.07131066366738	0.239511467275867	0.47902648189112	0.360278256623955	1.36638236422967	0.517463802287249	3	4	4	2	1	2	1	2	1	2	4	4	2	1
30996	NA	NA	0.454278809569516	0.94239389792813	0.564473161732923	0.375063276367103	NA	NA	4	NA	NA	NA	1	2	NA	NA	NA	NA	NA	NA	NA	NA
31357	3	1	0.33164983182601	0.0465106488666189	0.57561140874089	0.351436668615328	-0.256040511953333	0.620964212915272	2	2	3	2	2	2	1	1	1	1	3	2	1	1
32070	2	1	-0.288276239696275	0.212057930126438	-1.03714279541407	0.671377580319932	-0.596599435841515	0.630558902398885	4	2	2	1	1	1	1	1	1	1	2	2	1	1
31057	NA	NA	NA	NA	NA	NA	NA	NA	NA	NA	NA	NA	NA	NA	NA	NA	NA	NA	NA	NA	NA	NA
28246	13	1	0.990920525617728	0.227256314455881	0.57561140874089	0.351436668615328	-1.00618804280855	0.68657711504414	3	4	4	1	2	2	1	1	1	1	2	1	1	1
31325	NA	NA	NA	NA	NA	NA	NA	NA	NA	NA	NA	NA	NA	NA	NA	NA	NA	NA	NA	NA	NA	NA
31324	NA	NA	NA	NA	NA	NA	NA	NA	NA	NA	NA	NA	NA	NA	NA	NA	NA	NA	NA	NA	NA	NA
30946	3	1	0.385893604678622	0.0673958239310953	-0.672555804286283	0.573913270328319	0.257163435050798	0.576306138245582	NA	3	3	1	2	1	1	2	1	1	3	3	1	1
30947	NA	NA	NA	NA	NA	NA	NA	NA	NA	NA	NA	NA	NA	NA	NA	NA	NA	NA	NA	NA	NA	NA
31770	6	2	-1.3001021339318	0.339532683659676	1.47643878094535	0.34037144645369	-0.142980166730207	0.605973133990095	3	1	1	1	1	3	2	1	1	1	2	2	2	1
31489	3	2	-0.0701388750830163	0.904250324957875	-0.998924733516516	0.678445831007182	NA	NA	2	NA	NA	NA	1	1	NA	NA	NA	NA	NA	NA	NA	NA
31433	NA	NA	-0.0701388750830163	0.904250324957875	NA	NA	NA	NA	2	NA	NA	NA	NA	NA	NA	NA	NA	NA	NA	NA	NA	NA
32722	8	1	-1.417017145299	0.417347665168179	-1.03714279541407	0.671377580319932	-0.678225176257484	0.689374167866634	1	1	1	1	1	1	1	1	1	1	1	3	1	1
18783	3	1	-0.836773520543681	0.0504544194126683	-0.672555804286283	0.573913270328319	-0.596599435841515	0.630558902398885	2	2	1	1	2	1	1	1	1	1	2	2	1	1
31124	NA	NA	NA	NA	NA	NA	NA	NA	NA	NA	NA	NA	NA	NA	NA	NA	NA	NA	NA	NA	NA	NA
31314	5	1	-0.312813307588382	0.209328351113669	-1.03714279541407	0.671377580319932	-0.692920794230491	0.672605015458528	2	2	2	1	1	1	1	2	1	1	2	1	1	1
29896	5	1	-1.33522798140931	0.359411499522025	-0.498956958136958	0.56003264128841	-0.994713697360366	0.67501613137766	2	1	1	1	5	1	1	1	1	1	1	2	1	1
32461	1	2	0.0563879822756144	0.0435518599041222	-0.51669949689853	0.559938230825302	0.917286931591123	0.546749681865127	1	4	2	1	4	1	1	2	2	1	2	4	2	1
32218	NA	1	0.385124426217291	0.0672402770932011	-1.03714279541407	0.671377580319932	-0.596599435841515	0.630558902398885	2	3	3	1	1	1	1	1	1	1	2	2	1	1
32700	NA	NA	NA	NA	NA	NA	NA	NA	NA	NA	NA	NA	NA	NA	NA	NA	NA	NA	NA	NA	NA	NA
22181	8	1	-1.417017145299	0.417347665168179	-0.498956958136958	0.56003264128841	-0.498176699344638	0.717108999148368	1	1	1	1	5	1	1	1	1	1	4	1	1	1
31121	2	1	0.385124426217291	0.0672402770932011	-1.03714279541407	0.671377580319932	0.800965037492195	0.545198369976288	2	3	3	1	1	1	1	2	1	1	3	4	2	1
31757	3	2	NA	NA	NA	NA	NA	NA	NA	NA	NA	NA	NA	NA	NA	NA	NA	NA	NA	NA	NA	NA
31010	10	1	-0.312813307588382	0.209328351113669	-0.672555804286283	0.573913270328319	-0.692920794230491	0.672605015458528	2	2	2	1	2	1	1	2	1	1	2	1	1	1
30944	1	2	0.232610156631619	0.904880288934675	NA	NA	NA	NA	3	NA	NA	NA	NA	NA	NA	NA	NA	NA	NA	NA	NA	NA
30995	6	2	-1.33522798140931	0.359411499522025	-1.03714279541407	0.671377580319932	-0.616235439234278	0.69215253528538	2	1	1	1	1	1	1	1	1	1	3	1	1	1
32668	6	2	-0.547197433645841	0.0473867742738229	-1.03714279541407	0.671377580319932	-0.596599435841515	0.630558902398885	4	1	2	1	1	1	1	1	1	1	2	2	1	1
31149	NA	NA	-0.0701388750830163	0.904250324957875	NA	NA	NA	NA	2	NA	NA	NA	NA	NA	NA	NA	NA	NA	NA	NA	NA	NA
32433	13	2	-0.332189846679887	0.206464315413851	0.47902648189112	0.360278256623955	-1.51097713883035	0.728409944662597	1	2	2	1	1	2	1	1	1	1	1	1	1	1
31376	6	1	1.13433125704177	0.247210019702554	0.57561140874089	0.351436668615328	0.861399197024935	0.563685558822469	2	4	4	3	2	2	1	1	1	2	4	4	1	1
33662	NA	NA	NA	NA	NA	NA	NA	NA	NA	NA	NA	NA	NA	NA	NA	NA	NA	NA	NA	NA	NA	NA
34145	NA	NA	-0.447271895270133	0.947151555990503	NA	NA	NA	NA	1	NA	NA	NA	NA	NA	NA	NA	NA	NA	NA	NA	NA	NA
34111	NA	NA	-0.0701388750830163	0.904250324957875	NA	NA	NA	NA	2	NA	NA	NA	NA	NA	NA	NA	NA	NA	NA	NA	NA	NA
33331	5	2	0.385124426217291	0.0672402770932011	0.57561140874089	0.351436668615328	0.62165467641682	0.546364860688728	2	3	3	1	2	2	1	2	1	1	3	3	2	1
33692	4	1	NA	NA	NA	NA	NA	NA	NA	NA	NA	NA	NA	NA	NA	NA	NA	NA	NA	NA	NA	NA
33575	7	1	1.13433125704177	0.247210019702554	1.59974522330815	0.32902309680949	0.15182085397111	0.587663975643466	2	4	4	3	3	3	2	1	2	1	2	3	1	1
35577	8	2	-1.33522798140931	0.359411499522025	-0.672555804286283	0.573913270328319	-0.335154621747144	0.615872339484269	2	1	1	1	2	1	1	2	1	1	2	2	1	1
33924	10	1	0.232610156631619	0.904880288934675	NA	NA	NA	NA	3	NA	NA	NA	NA	NA	NA	NA	NA	NA	NA	NA	NA	NA
33488	NA	1	-1.33522798140931	0.359411499522025	-1.03714279541407	0.671377580319932	-0.994713697360366	0.67501613137766	2	1	1	1	1	1	1	1	1	1	1	2	1	1
31180	13	2	1.07131066366738	0.239511467275867	2.1555119944664	0.344350166098605	0.0290760092854222	0.598814090251098	3	4	4	2	2	4	2	1	1	1	3	3	1	1
33723	7	1	NA	NA	NA	NA	NA	NA	NA	NA	NA	NA	NA	NA	NA	NA	NA	NA	NA	NA	NA	NA
34105	NA	NA	-0.0701388750830163	0.904250324957875	NA	NA	NA	NA	2	NA	NA	NA	NA	NA	NA	NA	NA	NA	NA	NA	NA	NA
35575	5	1	0.38350434404399	0.0669703476748767	-1.03714279541407	0.671377580319932	-0.678225176257484	0.689374167866634	1	3	3	1	1	1	1	1	1	1	1	3	1	1
33711	8	2	1.10501497485336	0.24428491019529	0.57561140874089	0.351436668615328	0.53456588375691	0.56016588254416	5	4	4	2	2	2	1	1	2	1	2	3	2	1
35541	NA	2	-0.296902817852704	0.211088916722729	1.23073487652368	0.372372924988203	-0.142980166730207	0.605973133990095	3	2	2	1	1	3	1	1	1	1	2	2	2	1
33610	NA	NA	NA	NA	NA	NA	NA	NA	NA	NA	NA	NA	NA	NA	NA	NA	NA	NA	NA	NA	NA	NA
31783	NA	2	-0.226617655046107	0.208367221928936	0.57561140874089	0.351436668615328	0.323393683478509	0.605143368089361	2	2	2	2	2	2	1	1	1	1	4	2	2	1
34789	NA	1	1.09074004786057	0.242245888359561	0.649059676340311	0.35034407583782	0.968372130110931	0.525075820173188	4	4	4	2	3	2	1	2	2	1	3	3	2	1
32947	NA	NA	NA	NA	NA	NA	NA	NA	NA	NA	NA	NA	NA	NA	NA	NA	NA	NA	NA	NA	NA	NA
32921	NA	NA	0.454278809569516	0.94239389792813	NA	NA	NA	NA	4	NA	NA	NA	NA	NA	NA	NA	NA	NA	NA	NA	NA	NA
10632	16	1	0.0375433584405553	0.0526008884597742	-0.672555804286283	0.573913270328319	-1.00618804280855	0.68657711504414	2	3	2	1	2	1	1	1	1	1	2	1	1	1
34639	2	1	0.38874462296441	0.0677643874758342	-1.03714279541407	0.671377580319932	-0.142980166730207	0.605973133990095	5	3	3	1	1	1	1	1	1	1	2	2	2	1
32918	3	2	0.97353651278697	0.222052017895777	-1.03714279541407	0.671377580319932	0.117792148620668	0.59300574685328	2	4	4	1	1	1	1	2	2	1	2	2	1	1
33294	3	1	-0.817082448352416	0.0412408075022947	0.57561140874089	0.351436668615328	-0.150123790372394	0.646731748688584	1	3	1	1	2	2	1	2	2	1	2	1	1	1
33786	8	2	-0.312813307588382	0.209328351113669	-1.03714279541407	0.671377580319932	-0.596599435841515	0.630558902398885	2	2	2	1	1	1	1	1	1	1	2	2	1	1
35422	NA	1	1.05202445654258	0.237240175999787	0.57561140874089	0.351436668615328	-0.119337835863652	0.606326257551549	2	4	4	2	2	2	1	1	1	1	2	2	1	2
33676	NA	NA	NA	NA	NA	NA	NA	NA	NA	NA	NA	NA	NA	NA	NA	NA	NA	NA	NA	NA	NA	NA
35319	13	1	-1.33522798140931	0.359411499522025	-1.03714279541407	0.671377580319932	0.354643625000494	0.641839634884207	2	1	1	1	1	1	1	2	1	1	4	1	2	1
33646	NA	NA	NA	NA	NA	NA	NA	NA	NA	NA	NA	NA	NA	NA	NA	NA	NA	NA	NA	NA	NA	NA
35437	4	2	-0.312813307588382	0.209328351113669	-1.03714279541407	0.671377580319932	0.168956233352936	0.61193099645951	2	2	2	1	1	1	1	1	1	1	4	3	1	1
33135	11	2	0.314872344182924	0.039496475686908	-1.03714279541407	0.671377580319932	-1.00618804280855	0.68657711504414	2	1	3	1	1	1	1	1	1	1	2	1	1	1
34929	13	1	1.07131066366738	0.239511467275867	0.57561140874089	0.351436668615328	0.0711688173937472	0.669296494839494	3	4	4	2	2	2	1	1	1	1	4	1	2	1
13995	NA	NA	NA	NA	NA	NA	NA	NA	NA	NA	NA	NA	NA	NA	NA	NA	NA	NA	NA	NA	NA	NA
18142	9	1	0.232610156631619	0.904880288934675	NA	NA	NA	NA	3	NA	NA	NA	NA	NA	NA	NA	NA	NA	NA	NA	NA	NA
34081	NA	1	-0.210987973444028	0.206558115601486	0.93823610073191	0.351836406531057	0.406030006089878	0.61744712187297	3	2	2	2	2	2	3	1	2	1	5	2	1	1
33000	9	1	-0.296902817852704	0.211088916722729	0.47902648189112	0.360278256623955	-0.692920794230491	0.672605015458528	3	2	2	1	1	2	1	2	1	1	2	1	1	1
34637	15	2	-0.288276239696275	0.212057930126438	1.59974522330815	0.32902309680949	0.320073229725759	0.618328054197642	4	2	2	1	3	3	2	2	2	1	2	1	2	1
33416	1	2	0.386793606340602	0.0674924260941798	-0.672555804286283	0.573913270328319	0.442703505437523	0.561970354771665	3	3	3	1	2	1	1	1	2	1	3	3	1	1
33460	3	1	-1.28809353731803	0.333587169332184	-1.03714279541407	0.671377580319932	-0.140322218927153	0.642479590016018	4	1	1	1	1	1	1	1	1	1	2	4	1	1
33221	NA	2	-0.312813307588382	0.209328351113669	2.1555119944664	0.344350166098605	1.01314307330597	0.586870049351781	2	2	2	1	2	4	2	2	1	3	3	2	1	3
34040	NA	NA	NA	NA	NA	NA	NA	NA	NA	NA	NA	NA	NA	NA	NA	NA	NA	NA	NA	NA	NA	NA
35084	13	2	-0.332189846679887	0.206464315413851	-1.03714279541407	0.671377580319932	-0.142980166730207	0.605973133990095	1	2	2	1	1	1	1	1	1	1	2	2	2	1
35600	11	2	-1.417017145299	0.417347665168179	1.23073487652368	0.372372924988203	-0.469625685834665	0.651521808458812	1	1	1	1	1	3	1	1	1	1	1	2	2	1
32697	9	2	0.328662425715626	0.0450596041711209	-0.672555804286283	0.573913270328319	-0.142980166730207	0.605973133990095	3	2	3	1	2	1	1	1	1	1	2	2	2	1
33077	4	2	-0.549356446356616	0.0462085118423025	-0.249794077934664	0.478477060404757	-0.335154621747144	0.615872339484269	1	1	2	1	1	1	2	2	1	1	2	2	1	1
12116	NA	2	-0.226617655046107	0.208367221928936	-0.672555804286283	0.573913270328319	1.11863610792249	0.549152540628878	2	2	2	2	2	1	1	3	2	1	4	4	1	1
33068	14	2	1.05202445654258	0.237240175999787	1.09738468292214	0.366999526870954	0.923439210353758	0.555808589471162	2	4	4	2	4	2	4	1	3	1	3	3	2	1
32538	10	2	-1.417017145299	0.417347665168179	0.47902648189112	0.360278256623955	-1.00618804280855	0.68657711504414	1	1	1	1	1	2	1	1	1	1	2	1	1	1
33167	NA	NA	0.232610156631619	0.904880288934675	NA	NA	NA	NA	3	NA	NA	NA	NA	NA	NA	NA	NA	NA	NA	NA	NA	NA
35329	NA	NA	-0.447271895270133	0.947151555990503	NA	NA	NA	NA	1	NA	NA	NA	NA	NA	NA	NA	NA	NA	NA	NA	NA	NA
33547	10	1	-0.296902817852704	0.211088916722729	-1.03714279541407	0.671377580319932	0.130263974402055	0.588069292473812	3	2	2	1	1	1	1	1	1	1	2	3	2	1
35286	1	2	-0.312813307588382	0.209328351113669	-1.03714279541407	0.671377580319932	0.122545532347152	0.615463040812807	2	2	2	1	1	1	1	2	1	1	2	4	1	1
33462	NA	NA	-0.0701388750830163	0.904250324957875	NA	NA	NA	NA	2	NA	NA	NA	NA	NA	NA	NA	NA	NA	NA	NA	NA	NA
32986	NA	NA	-0.0701388750830163	0.904250324957875	NA	NA	NA	NA	2	NA	NA	NA	NA	NA	NA	NA	NA	NA	NA	NA	NA	NA
35019	6	2	0.618464289680877	0.986332131322507	NA	NA	NA	NA	5	NA	NA	NA	NA	NA	NA	NA	NA	NA	NA	NA	NA	NA
34918	8	2	0.329189350293581	0.0453211403374332	0.843452785840551	0.338210353362157	0.53739271805042	0.560827615496868	4	2	3	1	2	2	2	1	1	1	2	3	2	2
33579	NA	NA	-0.447271895270133	0.947151555990503	NA	NA	NA	NA	1	NA	NA	NA	NA	NA	NA	NA	NA	NA	NA	NA	NA	NA
35526	NA	2	NA	NA	NA	NA	NA	NA	NA	NA	NA	NA	NA	NA	NA	NA	NA	NA	NA	NA	NA	NA
33511	5	1	0.391608431778149	0.0679352040300967	-0.672555804286283	0.573913270328319	-0.00681112572602824	0.601528868656194	1	3	3	2	2	1	1	2	1	1	3	2	1	1
33348	11	2	0.232610156631619	0.904880288934675	1.49522907400115	0.372118990889023	NA	NA	3	NA	NA	NA	2	3	NA	NA	NA	NA	NA	NA	NA	NA
33490	14	2	-0.332189846679887	0.206464315413851	0.57561140874089	0.351436668615328	0.0607697322628147	0.634981301920781	1	2	2	1	2	2	1	1	2	1	2	1	2	1
33113	NA	NA	NA	NA	NA	NA	NA	NA	NA	NA	NA	NA	NA	NA	NA	NA	NA	NA	NA	NA	NA	NA
33415	NA	2	-0.332189846679887	0.206464315413851	0.57561140874089	0.351436668615328	0.557800918988278	0.576242907047168	1	2	2	1	2	2	1	2	2	1	2	4	1	1
33993	1	1	-0.296902817852704	0.211088916722729	-1.03714279541407	0.671377580319932	-0.994713697360366	0.67501613137766	3	2	2	1	1	1	1	1	1	1	1	2	1	1
34663	12	2	0.38350434404399	0.0669703476748767	1.47320625257472	0.357489026545336	-1.51097713883035	0.728409944662597	1	3	3	1	5	3	1	1	1	1	1	1	1	1
33299	10	1	1.13433125704177	0.247210019702554	-0.672555804286283	0.573913270328319	0.553084379761462	0.57962813617826	2	4	4	3	2	1	1	1	1	1	3	3	3	1
33140	NA	NA	NA	NA	NA	NA	NA	NA	NA	NA	NA	NA	NA	NA	NA	NA	NA	NA	NA	NA	NA	NA
34982	5	2	-0.296902817852704	0.211088916722729	0.761436603280432	0.343905874345182	0.5845959655636	0.564253195172108	3	2	2	1	1	2	2	1	1	1	3	2	2	2
35368	NA	NA	NA	NA	NA	NA	NA	NA	NA	NA	NA	NA	NA	NA	NA	NA	NA	NA	NA	NA	NA	NA
35442	NA	NA	-0.0701388750830163	0.904250324957875	NA	NA	NA	NA	2	NA	NA	NA	NA	NA	NA	NA	NA	NA	NA	NA	NA	NA
35045	4	2	-0.296902817852704	0.211088916722729	-1.03714279541407	0.671377580319932	-1.00618804280855	0.68657711504414	3	2	2	1	1	1	1	1	1	1	2	1	1	1
35342	NA	1	0.97353651278697	0.222052017895777	1.67357148023062	0.336675403795509	-0.596599435841515	0.630558902398885	2	4	4	1	2	3	3	1	1	1	2	2	1	1
35234	12	2	0.388002408109457	0.0676651516025655	0.912728614223306	0.337694736611178	0.782108513421158	0.551453805299679	4	3	3	1	3	2	2	2	2	1	3	2	2	1
35527	8	2	-0.332189846679887	0.206464315413851	-0.0660968825342023	0.439189498419134	-0.335154621747144	0.615872339484269	1	2	2	1	2	1	2	2	1	1	2	2	1	1
32168	NA	2	0.33164983182601	0.0465106488666189	-0.672555804286283	0.573913270328319	-0.256040511953333	0.620964212915272	2	2	3	2	2	1	1	1	1	1	3	2	1	1
32768	9	2	NA	NA	NA	NA	NA	NA	NA	NA	NA	NA	NA	NA	NA	NA	NA	NA	NA	NA	NA	NA
35496	10	2	NA	NA	NA	NA	NA	NA	NA	NA	NA	NA	NA	NA	NA	NA	NA	NA	NA	NA	NA	NA
35016	1	1	0.385124426217291	0.0672402770932011	-1.03714279541407	0.671377580319932	-0.523931329198597	0.716795738591924	2	3	3	1	1	1	1	1	1	1	1	4	1	1
33122	NA	NA	NA	NA	NA	NA	NA	NA	NA	NA	NA	NA	NA	NA	NA	NA	NA	NA	NA	NA	NA	NA
34128	13	2	-1.417017145299	0.417347665168179	-0.498956958136958	0.56003264128841	-0.256040511953333	0.620964212915272	1	1	1	1	5	1	1	1	1	1	3	2	1	1
29389	13	2	1.07131066366738	0.239511467275867	2.1555119944664	0.344350166098605	0.50860240597319	0.558318719158763	3	4	4	2	2	4	2	1	1	2	3	3	1	1
34838	15	1	0.38350434404399	0.0669703476748767	-1.03714279541407	0.671377580319932	-1.00618804280855	0.68657711504414	1	3	3	1	1	1	1	1	1	1	2	1	1	1
34505	4	2	0.058247910922521	0.0425988736535572	1.79441746268345	0.355204873223559	0.122545532347152	0.615463040812807	4	4	2	1	2	3	5	2	1	1	2	4	1	1
34594	NA	NA	NA	NA	NA	NA	NA	NA	NA	NA	NA	NA	NA	NA	NA	NA	NA	NA	NA	NA	NA	NA
34628	13	2	-0.0701388750830163	0.904250324957875	-0.627869255513938	0.580256634442725	NA	NA	2	NA	NA	NA	2	1	NA	NA	NA	NA	NA	NA	NA	NA
33168	NA	NA	0.618464289680877	0.986332131322507	NA	NA	NA	NA	5	NA	NA	NA	NA	NA	NA	NA	NA	NA	NA	NA	NA	NA
33159	NA	NA	-0.447271895270133	0.947151555990503	NA	NA	NA	NA	1	NA	NA	NA	NA	NA	NA	NA	NA	NA	NA	NA	NA	NA
35379	NA	NA	-0.0701388750830163	0.904250324957875	NA	NA	NA	NA	2	NA	NA	NA	NA	NA	NA	NA	NA	NA	NA	NA	NA	NA
35601	NA	NA	NA	NA	NA	NA	NA	NA	NA	NA	NA	NA	NA	NA	NA	NA	NA	NA	NA	NA	NA	NA
35357	12	2	-1.417017145299	0.417347665168179	-1.03714279541407	0.671377580319932	-0.596599435841515	0.630558902398885	1	1	1	1	1	1	1	1	1	1	2	2	1	1
35302	3	2	1.09074004786057	0.242245888359561	-0.672555804286283	0.573913270328319	0.0959902669759986	0.59285084716317	4	4	4	2	2	1	1	2	1	1	2	2	2	1
33024	5	1	-0.296902817852704	0.211088916722729	-1.03714279541407	0.671377580319932	0.365746322943045	0.582356772269668	3	2	2	1	1	1	1	1	1	2	2	2	2	1
34215	NA	NA	0.232610156631619	0.904880288934675	NA	NA	NA	NA	3	NA	NA	NA	NA	NA	NA	NA	NA	NA	NA	NA	NA	NA
12922	14	1	0.38350434404399	0.0669703476748767	-0.672555804286283	0.573913270328319	-1.51097713883035	0.728409944662597	1	3	3	1	2	1	1	1	1	1	1	1	1	1
4793	3	1	-0.0701388750830163	0.904250324957875	-0.627869255513938	0.580256634442725	NA	NA	2	NA	NA	NA	2	1	NA	NA	NA	NA	NA	NA	NA	NA
2395	12	2	-0.261520780691019	0.215181045857302	1.9168093103671	0.3486893827365	0.290176412906229	0.619386557773702	4	2	2	NA	5	3	4	2	1	2	3	1	1	1
1680	NA	NA	1.07131066366738	0.239511467275867	1.67357148023062	0.336675403795509	0.62165467641682	0.546364860688728	3	4	4	2	2	3	3	2	1	1	3	3	2	1
1321	6	1	-1.417017145299	0.417347665168179	-0.0660968825342023	0.439189498419134	-0.335154621747144	0.615872339484269	1	1	1	1	2	1	2	2	1	1	2	2	1	1
22190	NA	NA	NA	NA	NA	NA	NA	NA	NA	NA	NA	NA	NA	NA	NA	NA	NA	NA	NA	NA	NA	NA
4629	1	2	-0.0701388750830163	0.904250324957875	0.666908432076742	0.367297180433663	NA	NA	2	NA	NA	NA	2	2	NA	NA	NA	NA	NA	NA	NA	NA
4606	NA	1	1.05202445654258	0.237240175999787	0.57561140874089	0.351436668615328	1.40809307197663	0.529932643132045	2	4	4	2	2	2	1	3	1	1	3	5	2	2
4581	6	2	2.04253327193497	0.240130173771179	-1.03714279541407	0.671377580319932	-0.498176699344638	0.717108999148368	2	5	5	2	1	1	1	1	1	1	4	1	1	1
4579	1	2	0.232610156631619	0.904880288934675	-0.998924733516516	0.678445831007182	NA	NA	3	NA	NA	NA	1	1	NA	NA	NA	NA	NA	NA	NA	NA
4578	5	1	-0.210987973444028	0.206558115601486	1.53752084895147	0.332970820757428	0.92477332575815	0.574114025290651	3	2	2	2	2	3	2	2	3	1	3	2	2	1
435	2	1	-1.417017145299	0.417347665168179	-0.249794077934664	0.478477060404757	-0.335154621747144	0.615872339484269	1	1	1	1	1	1	2	2	1	1	2	2	1	1
4549	2	1	-1.417017145299	0.417347665168179	-1.03714279541407	0.671377580319932	-0.692920794230491	0.672605015458528	1	1	1	1	1	1	1	2	1	1	2	1	1	1
4546	4	1	0.959848272810263	0.217633645476233	-1.03714279541407	0.671377580319932	0.190481035312401	0.590725867070552	1	4	4	1	1	1	1	2	1	2	2	2	1	1
4537	12	2	0.959848272810263	0.217633645476233	-1.03714279541407	0.671377580319932	-0.335154621747144	0.615872339484269	1	4	4	1	1	1	1	2	1	1	2	2	1	1
4533	1	2	-0.287179148464038	0.214330726891976	-0.546002038113654	0.560317466652551	-0.596599435841515	0.630558902398885	2	2	2	NA	3	1	1	1	1	1	2	2	1	1
4529	NA	2	-1.28809353731803	0.333587169332184	-1.03714279541407	0.671377580319932	-0.596599435841515	0.630558902398885	4	1	1	1	1	1	1	1	1	1	2	2	1	1
4516	7	2	-1.417017145299	0.417347665168179	-1.03714279541407	0.671377580319932	-1.00618804280855	0.68657711504414	1	1	1	1	1	1	1	1	1	1	2	1	1	1
4515	2	2	-0.0701388750830163	0.904250324957875	-0.829378427974053	0.669383092727663	NA	NA	2	NA	NA	NA	NA	1	NA	NA	NA	NA	NA	NA	NA	NA
4508	10	2	2.35158054981994	0.397748120633611	2.32464974664965	0.335070564497996	0.354643625000494	0.641839634884207	4	5	5	4	5	4	2	2	1	1	4	1	2	1
11059	7	1	-0.288276239696275	0.212057930126438	1.67357148023062	0.336675403795509	-0.596599435841515	0.630558902398885	4	2	2	1	2	3	3	1	1	1	2	2	1	1
11036	2	1	-0.245837005657461	0.21056098088498	-0.119936087662691	0.752315922756608	0.636308037113522	0.589148148317398	1	2	2	2	2	NA	1	2	2	1	3	1	2	1
10986	5	1	-0.835588917721093	0.0497864480317308	2.4058254096848	0.328669235366292	0.470431001968975	0.645462037116332	4	2	1	1	2	4	4	2	2	1	2	1	3	1
10985	3	1	-0.332189846679887	0.206464315413851	-1.03714279541407	0.671377580319932	-1.51097713883035	0.728409944662597	1	2	2	1	1	1	1	1	1	1	1	1	1	1
10980	3	1	-1.417017145299	0.417347665168179	-1.03714279541407	0.671377580319932	-0.0513318077064314	0.602602683378642	1	1	1	1	1	1	1	2	1	1	2	3	1	1
10977	7	2	-1.3001021339318	0.339532683659676	-1.03714279541407	0.671377580319932	-0.596599435841515	0.630558902398885	3	1	1	1	1	1	1	1	1	1	2	2	1	1
10938	1	2	0.45394997171976	0.0486640813344252	-0.672555804286283	0.573913270328319	0.22306501793396	0.583603591572543	2	4	3	1	2	1	1	1	1	2	2	3	1	1
10927	2	1	0.38350434404399	0.0669703476748767	1.23073487652368	0.372372924988203	-0.596599435841515	0.630558902398885	1	3	3	1	1	3	1	1	1	1	2	2	1	1
10915	4	2	0.385124426217291	0.0672402770932011	0.57561140874089	0.351436668615328	-0.37084572420845	0.661356534580647	2	3	3	1	2	2	1	2	1	1	1	3	1	1
901	6	1	0.058247910922521	0.0425988736535572	-0.323685678681099	0.862046387532785	-0.335154621747144	0.615872339484269	4	4	2	1	NA	NA	1	2	1	1	2	2	1	1
10891	NA	2	-1.417017145299	0.417347665168179	0.57561140874089	0.351436668615328	-0.994713697360366	0.67501613137766	1	1	1	1	2	2	1	1	1	1	1	2	1	1
10886	4	2	0.731983542653502	0.0427722029692988	-0.51669949689853	0.559938230825302	0.83967014551402	0.584604883389029	2	2	4	3	4	1	1	1	1	3	2	2	2	2
10884	NA	1	1.47869429719726	0.0492758175461955	0.57561140874089	0.351436668615328	1.57743361387558	0.562353479683239	3	5	4	2	2	2	1	2	3	1	3	6	2	1
10870	10	1	2.19188078718251	0.302148558440493	1.79441746268345	0.355204873223559	1.37748264502587	0.613336712889444	4	5	5	3	2	3	5	1	4	1	5	3	1	4
10869	6	1	0.0618261939043434	0.0408412591946351	0.0615074845368723	0.434955740299174	0.780165953394871	0.55466050601219	2	4	2	3	4	1	2	2	1	1	4	3	2	1
10861	3	2	1.1546704732376	0.2464776135302	1.64627694991182	0.331195455584932	0.680030740851077	0.581181338940017	3	4	4	3	4	3	2	1	1	1	2	3	3	2
10857	8	1	0.457933653937466	0.0466433551376993	-0.672555804286283	0.573913270328319	-0.596599435841515	0.630558902398885	2	4	3	2	2	1	1	1	1	1	2	2	1	1
10837	1	1	1.07131066366738	0.239511467275867	1.47320625257472	0.357489026545336	0.605930594547632	0.598574224378886	3	4	4	2	5	3	1	3	1	1	2	3	3	1
10820	9	1	1.09074004786057	0.242245888359561	0.57561140874089	0.351436668615328	-0.498176699344638	0.717108999148368	4	4	4	2	2	2	1	1	1	1	4	1	1	1
10818	7	1	0.0563879822756144	0.0435518599041222	-0.249794077934664	0.478477060404757	0.769744953724239	0.568979242087688	1	4	2	1	1	1	2	1	1	1	4	4	2	1
874	14	1	-1.1492016426842	0.259200519432604	0.93823610073191	0.351836406531057	-0.692125673782879	0.661009739769705	2	1	1	2	2	2	3	2	1	1	1	2	1	1
10817	3	1	0.334607457208806	0.0480285247763949	1.67357148023062	0.336675403795509	1.54967495131639	0.527712885503899	3	2	3	3	2	3	3	1	3	2	3	4	1	2
10810	9	1	1.13433125704177	0.247210019702554	1.38571605159114	0.352618245857028	0.30497144022413	0.719654982998426	2	4	4	3	3	3	1	1	1	1	5	1	4	1
10807	13	2	1.06946444142812	0.241015551868649	-0.323685678681099	0.862046387532785	0.579096347175187	0.587619250460938	NA	4	4	2	NA	NA	1	2	2	1	4	2	1	1
791	3	2	1.03676383910366	0.235471989320322	-1.03714279541407	0.671377580319932	-0.596599435841515	0.630558902398885	1	4	4	2	1	1	1	1	1	1	2	2	1	1
10032	6	2	0.388252509978629	0.0678163907977478	-1.03714279541407	0.671377580319932	-0.994713697360366	0.67501613137766	1	3	3	NA	1	1	1	1	1	1	1	2	1	1
10029	11	1	-1.417017145299	0.417347665168179	0.47902648189112	0.360278256623955	-1.00618804280855	0.68657711504414	1	1	1	1	1	2	1	1	1	1	2	1	1	1
10018	5	2	-1.39169738031894	0.405855390909077	-0.672555804286283	0.573913270328319	0.274661447370241	0.644622604184302	1	1	1	NA	2	1	1	2	1	1	2	6	1	1
9980	8	2	0.389908240980995	0.0679642753717814	-0.672555804286283	0.573913270328319	-0.142980166730207	0.605973133990095	2	3	3	NA	2	1	1	1	1	1	2	2	2	1
9978	7	2	0.862247588909951	0.217013438284606	0.649059676340311	0.35034407583782	0.232594482741154	0.701747617746538	3	NA	4	NA	3	2	1	1	1	1	4	1	4	1
9966	7	1	-0.307538761327045	0.213304265087696	1.81297691297037	0.341891196885121	-0.0582776579540402	0.647347861440398	1	2	2	NA	3	3	4	1	2	1	3	1	1	1
9964	6	1	1.07612243422975	0.248966936399711	-1.03714279541407	0.671377580319932	-0.981393845266546	0.67982597481907	3	4	4	NA	1	1	1	1	1	NA	1	2	1	1
9962	8	2	-0.287179148464038	0.214330726891976	-1.03714279541407	0.671377580319932	-0.994713697360366	0.67501613137766	2	2	2	NA	1	1	1	1	1	1	1	2	1	1
9950	5	1	0.0606134492974218	0.0416721309876794	-0.249794077934664	0.478477060404757	-1.00618804280855	0.68657711504414	3	5	2	1	1	1	2	1	1	1	2	1	1	1
9945	3	2	1.47437573428718	0.0518765050932662	-1.03714279541407	0.671377580319932	0.196341368623912	0.588699531789422	1	5	4	1	1	1	1	1	2	1	3	2	1	1
790	10	1	-1.33522798140931	0.359411499522025	0.57561140874089	0.351436668615328	-0.596599435841515	0.630558902398885	2	1	1	1	2	2	1	1	1	1	2	2	1	1
9934	8	2	-1.31426940004702	0.351008714467226	-0.672555804286283	0.573913270328319	-0.256040511953333	0.620964212915272	2	1	1	NA	2	1	1	1	1	1	3	2	1	1
9933	7	1	-0.287179148464038	0.214330726891976	-0.672555804286283	0.573913270328319	0.62165467641682	0.546364860688728	2	2	2	NA	2	1	1	2	1	1	3	3	2	1
9922	6	2	-1.39169738031894	0.405855390909077	-1.03714279541407	0.671377580319932	-0.303022729892198	0.625204131798414	1	1	1	NA	1	1	1	1	1	1	2	3	1	1
9900	7	2	-0.287179148464038	0.214330726891976	-0.119936087662691	0.752315922756608	-0.0296469731887775	0.65460901780968	2	2	2	NA	2	NA	1	2	1	3	2	1	1	1
9895	6	1	-0.307538761327045	0.213304265087696	-1.03714279541407	0.671377580319932	-1.00618804280855	0.68657711504414	1	2	2	NA	1	1	1	1	1	1	2	1	1	1
9893	3	2	0.959848272810263	0.217633645476233	-0.672555804286283	0.573913270328319	0.800965037492195	0.545198369976288	1	4	4	1	2	1	1	2	1	1	3	4	2	1
9870	4	1	2.11110266872607	0.279483773630431	0.843452785840551	0.338210353362157	0.608930425299813	0.685669500077279	1	5	5	NA	2	2	2	2	3	1	5	1	1	1
9860	9	1	-0.287179148464038	0.214330726891976	-0.672555804286283	0.573913270328319	-0.0513318077064314	0.602602683378642	2	2	2	NA	2	1	1	2	1	1	2	3	1	1
9849	7	1	1.0553180855096	0.246365174323605	2.11131038252433	0.370106463359651	0.437701625313733	0.580544682033318	2	4	4	NA	4	4	1	2	1	1	3	4	1	1
9832	9	1	-0.548419714910433	0.0467401591000322	0.57561140874089	0.351436668615328	-0.142980166730207	0.605973133990095	1	1	2	NA	2	2	1	1	1	1	2	2	2	1
784	9	2	-0.288276239696275	0.212057930126438	-1.03714279541407	0.671377580319932	-1.00618804280855	0.68657711504414	4	2	2	1	1	1	1	1	1	1	2	1	1	1
9831	14	1	-0.287179148464038	0.214330726891976	-1.03714279541407	0.671377580319932	0.0959902669759986	0.59285084716317	2	2	2	NA	1	1	1	2	1	1	2	2	2	1
4501	1	2	0.38350434404399	0.0669703476748767	-1.03714279541407	0.671377580319932	0.642270691961535	0.546518955498445	1	3	3	1	1	1	1	2	2	1	3	3	1	1
4486	5	1	-0.332189846679887	0.206464315413851	-1.03714279541407	0.671377580319932	-0.348191672951286	0.659044541341625	1	2	2	1	1	1	1	1	1	2	2	1	1	1
429	10	2	-0.226617655046107	0.208367221928936	-0.0660968825342023	0.439189498419134	0.802288406460478	0.554876664612578	2	2	2	2	2	1	2	2	2	1	4	3	1	1
4471	12	1	-1.417017145299	0.417347665168179	-1.03714279541407	0.671377580319932	-1.51097713883035	0.728409944662597	1	1	1	1	1	1	1	1	1	1	1	1	1	1
4426	6	2	0.97353651278697	0.222052017895777	1.47643878094535	0.34037144645369	0.365210405663295	0.63256259942803	2	4	4	1	1	3	2	1	1	1	3	6	1	1
4414	6	2	-0.838073150688509	0.0512145355647954	-1.03714279541407	0.671377580319932	-1.15511762742498	0.716190104428349	1	2	1	1	1	1	1	2	1	1	1	1	1	1
4394	3	1	-0.202425192720471	0.205685106401989	-0.672555804286283	0.573913270328319	-0.00681112572602824	0.601528868656194	4	2	2	2	2	1	1	2	1	1	3	2	1	1
4383	2	1	-1.417017145299	0.417347665168179	-1.03714279541407	0.671377580319932	-0.596599435841515	0.630558902398885	1	1	1	1	1	1	1	1	1	1	2	2	1	1
4371	7	1	0.38350434404399	0.0669703476748767	-1.03714279541407	0.671377580319932	-0.692125673782879	0.661009739769705	1	3	3	1	1	1	1	2	1	1	1	2	1	1
4340	6	1	-0.332189846679887	0.206464315413851	-1.03714279541407	0.671377580319932	0.968372130110931	0.525075820173188	1	2	2	1	1	1	1	2	2	1	3	3	2	1
4327	6	1	0.385124426217291	0.0672402770932011	-1.03714279541407	0.671377580319932	-1.51097713883035	0.728409944662597	2	3	3	1	1	1	1	1	1	1	1	1	1	1
4320	7	1	1.038898320397	0.244271264921887	-0.546002038113654	0.560317466652551	-0.596599435841515	0.630558902398885	1	4	4	NA	3	1	1	1	1	1	2	2	1	1
4319	8	2	1.17543014878189	0.246005172692389	-1.03714279541407	0.671377580319932	0.320073229725759	0.618328054197642	4	4	4	3	1	1	1	2	2	1	2	1	2	1
407	9	2	-0.0701388750830163	0.904250324957875	-0.998924733516516	0.678445831007182	NA	NA	2	NA	NA	NA	1	1	NA	NA	NA	NA	NA	NA	NA	NA
4318	NA	NA	2.0821430412172	0.256109198534021	0.649059676340311	0.35034407583782	0.174547696646506	0.588859822791832	4	5	5	2	3	2	1	1	1	1	3	2	2	1
4305	8	1	-0.197739318972651	0.20519935269298	0.47902648189112	0.360278256623955	0.968752126835265	0.548445906852291	5	2	2	2	1	2	1	2	1	1	4	4	2	1
4304	8	2	1.17543014878189	0.246005172692389	0.649059676340311	0.35034407583782	0.449328599464613	0.627981193039246	4	4	4	3	3	2	1	3	2	1	2	1	2	1
4303	11	2	-0.210987973444028	0.206558115601486	0.47902648189112	0.360278256623955	0.425217936693764	0.608469596170744	3	2	2	2	1	2	1	1	2	1	2	2	3	1
4289	NA	1	-1.417017145299	0.417347665168179	-1.03714279541407	0.671377580319932	-0.892103799506187	0.709718190112266	1	1	1	1	1	1	1	1	1	1	1	1	2	1
4281	12	1	1.03676383910366	0.235471989320322	-0.0660968825342023	0.439189498419134	0.421720652044866	0.65551788203438	1	4	4	2	2	1	2	2	1	1	5	1	2	1
4280	4	1	-0.176672122480569	0.202946108368528	1.53752084895147	0.332970820757428	1.33957042614329	0.585783378441181	4	2	2	3	2	3	2	2	2	1	5	6	1	1
4277	7	2	1.1546704732376	0.2464776135302	2.4483596028501	0.341509861485462	0.190630193500698	0.662005170999159	3	4	4	3	1	4	5	1	1	2	4	1	1	1
4276	6	1	-1.417017145299	0.417347665168179	-1.03714279541407	0.671377580319932	-1.51097713883035	0.728409944662597	1	1	1	1	1	1	1	1	1	1	1	1	1	1
4267	9	1	-1.16957515895375	0.272249688059848	1.43403293323917	0.354260294642027	-0.0717149444800273	0.655154709001186	1	1	1	5	4	3	1	1	1	1	6	2	1	1
12029	8	1	-1.417017145299	0.417347665168179	-1.03714279541407	0.671377580319932	0.549332029387269	0.593594598099242	1	1	1	1	1	1	1	2	1	1	3	5	1	1
12019	2	1	1.17543014878189	0.246005172692389	0.57561140874089	0.351436668615328	0.30124749498841	0.604577382809143	4	4	4	3	2	2	1	NA	2	1	2	3	1	NA
12005	2	2	-1.28809353731803	0.333587169332184	1.82925895196503	0.337942464433519	0.819471522944231	0.590081950717658	4	1	1	1	5	3	3	1	2	1	3	6	1	1
11997	6	1	1.47496513157418	0.0515136429394526	0.47902648189112	0.360278256623955	-0.335154621747144	0.615872339484269	2	5	4	1	1	2	1	2	1	1	2	2	1	1
11980	10	1	-1.417017145299	0.417347665168179	-0.672555804286283	0.573913270328319	0.437701625313733	0.580544682033318	1	1	1	1	2	1	1	2	1	1	3	4	1	1
11963	10	1	1.03676383910366	0.235471989320322	-1.03714279541407	0.671377580319932	0.257163435050798	0.576306138245582	1	4	4	2	1	1	1	2	1	1	3	3	1	1
11952	NA	NA	NA	NA	NA	NA	NA	NA	NA	NA	NA	NA	NA	NA	NA	NA	NA	NA	NA	NA	NA	NA
11948	7	2	0.38350434404399	0.0669703476748767	-1.03714279541407	0.671377580319932	0.174547696646506	0.588859822791832	1	3	3	1	1	1	1	1	1	1	3	2	2	1
11946	10	1	-0.312813307588382	0.209328351113669	-1.03714279541407	0.671377580319932	0.624773207495161	0.563437187092752	2	2	2	1	1	1	1	1	2	1	3	4	1	1
1000	4	1	1.09074004786057	0.242245888359561	-0.498956958136958	0.56003264128841	-0.140322218927153	0.642479590016018	4	4	4	2	5	1	1	1	1	1	2	4	1	1
11938	NA	1	2.19188078718251	0.302148558440493	0.761436603280432	0.343905874345182	1.21164557251036	0.57544471021359	4	5	5	3	1	2	2	2	1	2	4	2	3	1
11937	NA	1	1.13433125704177	0.247210019702554	0.47902648189112	0.360278256623955	1.580044305901	0.576658121740183	2	4	4	3	1	2	1	1	1	3	4	6	2	1
11927	5	2	-1.417017145299	0.417347665168179	2.47298778884457	0.493793111892249	-0.596599435841515	0.630558902398885	1	1	1	1	1	5	1	1	1	1	2	2	1	1
11918	NA	2	0.749404690296369	0.050966923372865	-0.249794077934664	0.478477060404757	0.365210405663295	0.63256259942803	2	3	4	3	1	1	2	1	1	1	3	6	1	1
11917	2	1	-0.213836274778183	0.210858093249603	-0.323685678681099	0.862046387532785	1.50224512095448	0.575613257382089	1	2	2	4	NA	NA	1	3	2	1	2	3	3	3
9801	7	2	-1.39169738031894	0.405855390909077	-1.03714279541407	0.671377580319932	-0.692920794230491	0.672605015458528	1	1	1	NA	1	1	1	2	1	1	2	1	1	1
9797	13	1	0.729285104687707	0.0414080968185825	-1.03714279541407	0.671377580319932	-0.70142899360314	0.745998093370816	1	2	4	2	1	1	1	2	1	1	NA	1	1	1
9791	2	2	1.0553180855096	0.246365174323605	0.57561140874089	0.351436668615328	0.602286849550224	0.58772785041771	2	4	4	NA	2	2	1	2	1	1	4	4	1	1
9786	2	1	-0.261520780691019	0.215181045857302	0.761436603280432	0.343905874345182	0.274661447370241	0.644622604184302	4	2	2	NA	1	2	2	2	1	1	2	6	1	1
9773	3	2	-0.332189846679887	0.206464315413851	-0.672555804286283	0.573913270328319	-0.596599435841515	0.630558902398885	1	2	2	1	2	1	1	1	1	1	2	2	1	1
9767	3	2	0.39161028529526	0.0680860519100365	-1.03714279541407	0.671377580319932	0.627911318184302	0.564080407956139	3	3	3	NA	1	1	1	1	1	1	3	4	1	2
9765	4	2	1.76907610332379	0.0490170918135011	1.82925895196503	0.337942464433519	1.58027818048918	0.54635489110366	4	4	5	NA	5	3	3	3	3	1	2	4	2	2
9761	5	1	-1.26887699912671	0.326242787635156	-1.03714279541407	0.671377580319932	0.794345142442714	0.589933077625472	4	1	1	NA	1	1	1	1	1	1	3	6	2	1
9740	5	2	1.0553180855096	0.246365174323605	-1.03714279541407	0.671377580319932	-0.692125673782879	0.661009739769705	2	4	4	NA	1	1	1	2	1	1	1	2	1	1
765	3	1	-1.417017145299	0.417347665168179	-1.03714279541407	0.671377580319932	-1.15511762742498	0.716190104428349	1	1	1	1	1	1	1	2	1	1	1	1	1	1
9739	7	1	1.0553180855096	0.246365174323605	-0.672555804286283	0.573913270328319	-1.00618804280855	0.68657711504414	2	4	4	NA	2	1	1	1	1	1	2	1	1	1
9738	2	1	0.0412378559702918	0.05050201822187	-0.672555804286283	0.573913270328319	0.206553081205621	0.606670440090343	4	3	2	NA	2	1	1	1	1	1	3	4	1	1
9736	1	2	1.11267229048744	0.254168767513185	-0.672555804286283	0.573913270328319	0.557800918988278	0.576242907047168	5	4	4	NA	2	1	1	2	2	1	2	4	1	1
9718	3	2	-0.210987973444028	0.206558115601486	-0.546002038113654	0.560317466652551	1.00879311963172	0.571163299946118	3	2	2	2	3	1	1	2	1	1	3	6	2	1
9702	7	1	1.03676383910366	0.235471989320322	-1.03714279541407	0.671377580319932	0.846821834700993	0.54980228332467	1	4	4	2	1	1	1	2	1	2	3	2	2	1
9662	8	1	2.13844831949523	0.278349274718618	-1.03714279541407	0.671377580319932	-0.461448084151222	0.727846402606718	2	5	5	3	1	1	1	1	1	1	5	1	1	1
9649	8	2	-0.312813307588382	0.209328351113669	-0.672555804286283	0.573913270328319	-1.48404332408107	0.738229921494882	2	2	2	1	2	1	1	1	NA	1	1	1	1	1
9648	9	1	-0.288276239696275	0.212057930126438	-0.672555804286283	0.573913270328319	0.0959902669759986	0.59285084716317	4	2	2	1	2	1	1	2	1	1	2	2	2	1
9646	NA	1	-0.210987973444028	0.206558115601486	-0.672555804286283	0.573913270328319	0.818256047015799	0.546764678161778	3	2	2	2	2	1	1	2	2	2	2	3	1	1
9632	1	1	-1.417017145299	0.417347665168179	-1.03714279541407	0.671377580319932	-0.0549525729996644	0.659072890972545	1	1	1	1	1	1	1	1	1	1	2	5	1	1
729	12	2	0.453109979348779	0.0490996444224527	-1.03714279541407	0.671377580319932	-1.00618804280855	0.68657711504414	1	4	3	1	1	1	1	1	1	1	2	1	1	1
9622	9	2	-0.200591344671187	0.207417701110271	0.761436603280432	0.343905874345182	1.06116851607858	0.598887521348525	2	2	2	3	1	2	2	1	2	1	6	5	1	1
9621	9	2	0.0605110358059714	0.0414579609451016	0.649059676340311	0.35034407583782	1.1937340300567	0.568832269310157	2	4	2	2	3	2	1	2	1	2	2	4	5	1
9616	11	1	-0.307538761327045	0.213304265087696	1.23073487652368	0.372372924988203	-0.00681112572602824	0.601528868656194	1	2	2	NA	1	3	1	2	1	1	3	2	1	1
548	NA	1	-0.288276239696275	0.212057930126438	0.0112679011002592	0.454360747019043	-0.142980166730207	0.605973133990095	4	2	2	1	2	1	5	1	1	1	2	2	2	1
6263	12	2	2.05738021378594	0.245549419058154	1.82077037834623	0.3620271997201	0.0634586835034917	0.689080609756972	3	5	5	2	2	3	6	3	1	1	2	1	3	1
6226	4	2	0.388002408109457	0.0676651516025655	0.47902648189112	0.360278256623955	-0.57914331002653	0.635729287991779	4	3	3	1	1	2	1	1	1	1	2	2	1	NA
6221	7	2	0.232610156631619	0.904880288934675	0.666908432076742	0.367297180433663	NA	NA	3	NA	NA	NA	2	2	NA	NA	NA	NA	NA	NA	NA	NA
6220	1	2	-0.296902817852704	0.211088916722729	-0.546002038113654	0.560317466652551	-0.0549525729996644	0.659072890972545	3	2	2	1	3	1	1	1	1	1	2	5	1	1
6204	2	2	2.05895127691893	0.252693169302111	0.649059676340311	0.35034407583782	0.578720115954914	0.636095169644189	5	5	5	1	3	2	1	1	3	1	2	5	1	1
6174	NA	1	-0.312813307588382	0.209328351113669	-1.03714279541407	0.671377580319932	1.75197017714812	0.548689600986124	2	2	2	1	1	1	1	2	1	2	5	6	2	1
6168	2	1	-1.417017145299	0.417347665168179	-1.03714279541407	0.671377580319932	-0.596599435841515	0.630558902398885	1	1	1	1	1	1	1	1	1	1	2	2	1	1
6136	12	1	0.959848272810263	0.217633645476233	-0.546002038113654	0.560317466652551	-1.00618804280855	0.68657711504414	1	4	4	1	3	1	1	1	1	1	2	1	1	1
6132	NA	1	-0.312813307588382	0.209328351113669	-0.672555804286283	0.573913270328319	1.04623338157686	0.5709633645571	2	2	2	1	2	1	1	2	1	2	4	3	NA	1
6126	NA	2	-1.3001021339318	0.339532683659676	-1.03714279541407	0.671377580319932	-0.0513318077064314	0.602602683378642	3	1	1	1	1	1	1	2	1	1	2	3	1	1
542	2	1	-0.288276239696275	0.212057930126438	-0.51669949689853	0.559938230825302	-0.418644971357272	0.717816173326576	4	2	2	1	4	1	1	3	2	1	1	1	1	1
6124	10	2	-0.226617655046107	0.208367221928936	0.47902648189112	0.360278256623955	-0.335154621747144	0.615872339484269	2	2	2	2	1	2	1	2	1	1	2	2	1	1
6105	2	1	0.990920525617728	0.227256314455881	-0.672555804286283	0.573913270328319	0.62165467641682	0.546364860688728	3	4	4	1	2	1	1	2	1	1	3	3	2	1
6101	13	1	2.26491752996284	0.349938363814133	1.68601787665225	0.334934798610237	0.185097576104538	0.624738866852508	2	5	5	4	5	3	2	2	1	1	3	1	2	1
6097	5	1	-1.417017145299	0.417347665168179	-0.672555804286283	0.573913270328319	-0.692920794230491	0.672605015458528	1	1	1	1	2	1	1	2	1	1	2	1	1	1
6088	4	1	-1.39169738031894	0.405855390909077	-1.03714279541407	0.671377580319932	-0.525852632032228	0.648747044091828	1	1	1	NA	1	1	1	1	1	1	2	2	NA	1
6080	3	2	1.00822287356149	0.232539365727071	0.57561140874089	0.351436668615328	0.621824257409062	0.558090748579108	4	4	4	1	2	2	1	1	2	2	2	3	1	1
6071	4	2	-0.245837005657461	0.21056098088498	-0.672555804286283	0.573913270328319	-0.131352767067	0.640123013045284	1	2	2	2	2	1	1	1	1	1	4	2	1	1
6070	5	2	-0.245837005657461	0.21056098088498	-0.672555804286283	0.573913270328319	-0.303022729892198	0.625204131798414	1	2	2	2	2	1	1	1	1	1	2	3	1	1
6069	9	1	-0.226617655046107	0.208367221928936	-0.672555804286283	0.573913270328319	-0.303022729892198	0.625204131798414	2	2	2	2	2	1	1	1	1	1	2	3	1	1
6039	7	2	1.19064192615185	0.245475493388901	-1.03714279541407	0.671377580319932	0.351437331691154	0.571002496151817	5	4	4	3	1	1	1	2	1	1	2	3	2	1
541	10	1	0.314301644795871	0.0392434632270229	1.38571605159114	0.352618245857028	0.130263974402055	0.588069292473812	1	1	3	1	3	3	1	1	1	1	2	3	2	1
6036	9	2	0.38350434404399	0.0669703476748767	-1.03714279541407	0.671377580319932	-0.256040511953333	0.620964212915272	1	3	3	1	1	1	1	1	1	1	3	2	1	1
10799	9	1	-0.833078654061656	0.0483697320785272	1.75865796635857	0.36870683341667	0.174547696646506	0.588859822791832	1	2	1	2	1	3	6	1	1	1	3	2	2	1
10792	11	2	-0.332189846679887	0.206464315413851	0.57561140874089	0.351436668615328	-1.00618804280855	0.68657711504414	1	2	2	1	2	2	1	1	1	1	2	1	1	1
10791	3	1	0.232610156631619	0.904880288934675	NA	NA	NA	NA	3	NA	NA	NA	NA	NA	NA	NA	NA	NA	NA	NA	NA	NA
10784	1	2	0.386793606340602	0.0674924260941798	-1.03714279541407	0.671377580319932	0.847737521137771	0.575831783484044	3	3	3	1	1	1	1	1	2	1	2	5	2	1
10774	11	2	1.1546704732376	0.2464776135302	-0.672555804286283	0.573913270328319	-0.596599435841515	0.630558902398885	3	4	4	3	2	1	1	1	1	1	2	2	1	1
10766	10	2	2.13844831949523	0.278349274718618	1.61515089223041	0.344063869336866	1.90895877186829	0.51139175595271	2	5	5	3	1	3	3	2	2	2	4	3	2	3
10747	6	2	-0.226617655046107	0.208367221928936	0.843452785840551	0.338210353362157	-0.596599435841515	0.630558902398885	2	2	2	2	2	2	2	1	1	1	2	2	1	1
869	9	2	-1.3001021339318	0.339532683659676	0.47902648189112	0.360278256623955	-0.596599435841515	0.630558902398885	3	1	1	1	1	2	1	1	1	1	2	2	1	1
10738	9	2	-0.332189846679887	0.206464315413851	-1.03714279541407	0.671377580319932	-0.335154621747144	0.615872339484269	1	2	2	1	1	1	1	2	1	1	2	2	1	1
10737	9	1	-0.245837005657461	0.21056098088498	-1.03714279541407	0.671377580319932	-0.051100259489859	0.661721966872073	1	2	2	2	1	1	1	1	NA	1	2	4	1	1
10736	8	1	-0.332189846679887	0.206464315413851	1.53752084895147	0.332970820757428	-0.692920794230491	0.672605015458528	1	2	2	1	2	3	2	2	1	1	2	1	1	1
10735	NA	NA	-1.10905812459768	0.245079542151887	-1.03714279541407	0.671377580319932	0.33582845850292	0.597509666344123	4	1	1	3	1	1	1	1	1	1	2	4	1	2
10733	4	2	-0.226617655046107	0.208367221928936	1.67357148023062	0.336675403795509	-0.152042347931866	0.642326056418446	2	2	2	2	2	3	3	1	1	1	1	3	2	1
10732	5	2	-1.417017145299	0.417347665168179	0.57561140874089	0.351436668615328	-1.51097713883035	0.728409944662597	1	1	1	1	2	2	1	1	1	1	1	1	1	1
10729	6	1	0.386793606340602	0.0674924260941798	-0.672555804286283	0.573913270328319	0.206553081205621	0.606670440090343	3	3	3	1	2	1	1	1	1	1	3	4	1	1
10709	1	2	-0.210987973444028	0.206558115601486	-0.672555804286283	0.573913270328319	0.53897910453358	0.574624129765992	3	2	2	2	2	1	1	2	2	1	2	2	1	2
10700	7	2	-0.542526937829595	0.0500565675424904	1.38571605159114	0.352618245857028	0.456373117635622	0.632514046604012	2	1	2	4	3	3	1	1	1	1	6	4	1	1
10699	2	2	-1.417017145299	0.417347665168179	-1.03714279541407	0.671377580319932	-1.51097713883035	0.728409944662597	1	1	1	1	1	1	1	1	1	1	1	1	1	1
859	2	1	-0.0701388750830163	0.904250324957875	-0.998924733516516	0.678445831007182	NA	NA	2	NA	NA	NA	1	1	NA	NA	NA	NA	NA	NA	NA	NA
10696	NA	NA	-1.417017145299	0.417347665168179	-0.546002038113654	0.560317466652551	-0.994713697360366	0.67501613137766	1	1	1	1	3	1	1	1	1	1	1	2	1	1
10688	11	2	-0.245837005657461	0.21056098088498	1.78508808551302	0.334118621267983	0.132160121449565	0.61935492378865	1	2	2	2	4	3	3	2	1	1	4	2	1	1
10686	7	2	0.33245254192593	0.0469092228499951	1.47320625257472	0.357489026545336	-0.140322218927153	0.642479590016018	3	2	3	2	5	3	1	1	1	1	2	4	1	1
10683	12	2	0.0598132601255791	0.0418063061843947	2.58838129879854	0.338231669762208	-0.256040511953333	0.620964212915272	1	4	2	2	3	4	6	1	1	1	3	2	1	1
10677	4	2	2.0821430412172	0.256109198534021	1.31113790068387	0.359230396236553	0.418215416533485	0.573645385460626	4	5	5	2	2	3	1	2	2	1	3	2	1	1
406	13	2	-0.0701388750830163	0.904250324957875	0.747908439460454	0.367308542775335	NA	NA	2	NA	NA	NA	3	2	NA	NA	NA	NA	NA	NA	NA	NA
SRR13233162	NA	NA	NA	NA	NA	NA	NA	NA	NA	NA	NA	NA	NA	NA	NA	NA	NA	NA	NA	NA	NA	NA
4248	3	2	-1.33522798140931	0.359411499522025	-0.0660968825342023	0.439189498419134	0.447446812903167	0.616776149566318	2	1	1	1	2	1	2	1	1	1	2	4	3	1
4228	11	2	0.454278809569516	0.94239389792813	0.785126400687329	0.371684090940198	NA	NA	4	NA	NA	NA	4	2	NA	NA	NA	NA	NA	NA	NA	NA
4218	15	1	-1.417017145299	0.417347665168179	1.78508808551302	0.334118621267983	-1.00618804280855	0.68657711504414	1	1	1	1	4	3	3	1	1	1	2	1	1	1
4213	2	1	-1.3001021339318	0.339532683659676	-1.03714279541407	0.671377580319932	-0.140322218927153	0.642479590016018	3	1	1	1	1	1	1	1	1	1	2	4	1	1
4207	3	2	0.729285104687707	0.0414080968185825	-0.829378427974053	0.669383092727663	-0.335154621747144	0.615872339484269	1	2	4	2	NA	1	NA	2	1	1	2	2	1	1
4199	4	2	0.333374127560386	0.0473809789785735	-0.180498213490806	0.489865979335417	0.442703505437523	0.561970354771665	5	2	3	2	1	1	5	1	2	1	3	3	1	1
4196	7	1	-0.836773520543681	0.0504544194126683	-1.03714279541407	0.671377580319932	0.297098172879912	0.584942232646272	2	2	1	1	1	1	1	1	1	1	2	2	2	2
4174	8	2	-1.18737100772654	0.277510262430713	-1.03714279541407	0.671377580319932	0.480122686747362	0.604062349718196	1	1	1	2	1	1	1	1	1	2	3	1	2	1
4173	9	1	-1.417017145299	0.417347665168179	-1.03714279541407	0.671377580319932	-0.692125673782879	0.661009739769705	1	1	1	1	1	1	1	2	1	1	1	2	1	1
4172	10	2	-1.33522798140931	0.359411499522025	-1.03714279541407	0.671377580319932	0.0959902669759986	0.59285084716317	2	1	1	1	1	1	1	2	1	1	2	2	2	1
395	4	1	-0.226617655046107	0.208367221928936	0.843452785840551	0.338210353362157	0.117792148620668	0.59300574685328	2	2	2	2	2	2	2	2	2	1	2	2	1	1
4079	10	2	-1.417017145299	0.417347665168179	-1.03714279541407	0.671377580319932	-1.51097713883035	0.728409944662597	1	1	1	1	1	1	1	1	1	1	1	1	1	1
4068	NA	2	1.13433125704177	0.247210019702554	0.57561140874089	0.351436668615328	0.108664051804202	0.611629734393899	2	4	4	3	2	2	1	4	1	1	3	2	1	1
4066	1	1	-0.200591344671187	0.207417701110271	0.68043287079947	0.353317569782913	0.349928054570591	0.65069080272978	2	2	2	3	4	2	1	4	1	1	6	2	1	1
4063	3	2	0.459306771236737	0.0459702535378159	0.843452785840551	0.338210353362157	0.736342507234336	0.548529831699138	4	4	3	2	2	2	2	2	1	1	2	3	2	2
4054	8	1	1.07131066366738	0.239511467275867	1.31113790068387	0.359230396236553	-0.616235439234278	0.69215253528538	3	4	4	2	2	3	1	1	1	1	3	1	1	1
4040	5	1	-1.417017145299	0.417347665168179	0.649059676340311	0.35034407583782	-1.51097713883035	0.728409944662597	1	1	1	1	3	2	1	1	1	1	1	1	1	1
4031	3	1	0.461467564426231	0.0449475751073408	0.57561140874089	0.351436668615328	-0.00681112572602824	0.601528868656194	4	4	3	3	2	2	1	2	1	1	3	2	1	1
4013	10	1	1.07131066366738	0.239511467275867	0.843452785840551	0.338210353362157	0.347073746650739	0.605056519117683	3	4	4	2	2	2	2	1	2	1	4	2	1	1
4005	10	2	-0.288276239696275	0.212057930126438	-1.03714279541407	0.671377580319932	-0.267855743664844	0.633449121990998	4	2	2	1	1	1	1	2	NA	1	2	2	1	1
4004	1	1	-0.0701388750830163	0.904250324957875	-0.998924733516516	0.678445831007182	NA	NA	2	NA	NA	NA	1	1	NA	NA	NA	NA	NA	NA	NA	NA
383	2	1	-1.417017145299	0.417347665168179	-1.03714279541407	0.671377580319932	-0.00681112572602824	0.601528868656194	1	1	1	1	1	1	1	2	1	1	3	2	1	1
10660	3	1	1.00822287356149	0.232539365727071	-0.672555804286283	0.573913270328319	0.484378860923477	0.57751069578014	4	4	4	1	2	1	1	3	2	1	2	3	1	1
10656	1	1	-1.417017145299	0.417347665168179	0.947475563782554	0.341199772680083	0.549332029387269	0.593594598099242	1	1	1	1	4	2	2	2	1	1	3	5	1	1
10646	5	1	-1.417017145299	0.417347665168179	-1.03714279541407	0.671377580319932	-0.335154621747144	0.615872339484269	1	1	1	1	1	1	1	2	1	1	2	2	1	1
10626	3	2	0.0433793296784792	0.049225817252444	-0.672555804286283	0.573913270328319	0.808337666347885	0.599409481149117	3	3	2	2	2	1	1	3	1	1	5	4	1	1
10617	11	1	0.399598950979804	0.0679316376559566	-0.498956958136958	0.56003264128841	-0.335154621747144	0.615872339484269	3	3	3	3	5	1	1	2	1	1	2	2	1	1
844	11	2	0.0364068370994046	0.0532890544025238	0.47902648189112	0.360278256623955	-1.15511762742498	0.716190104428349	1	3	2	1	1	2	1	2	1	1	1	1	1	1
10610	NA	2	-0.210987973444028	0.206558115601486	-0.672555804286283	0.573913270328319	1.3433243966275	0.508840335161568	3	2	2	2	2	1	1	2	2	2	3	3	2	1
10605	10	1	0.385124426217291	0.0672402770932011	-1.03714279541407	0.671377580319932	-0.596599435841515	0.630558902398885	2	3	3	1	1	1	1	1	1	1	2	2	1	1
10604	8	2	0.38350434404399	0.0669703476748767	-1.03714279541407	0.671377580319932	-0.596599435841515	0.630558902398885	1	3	3	1	1	1	1	1	1	1	2	2	1	1
10600	10	2	1.48300648003929	0.046878199894835	1.67357148023062	0.336675403795509	-0.692920794230491	0.672605015458528	4	5	4	3	2	3	3	2	1	1	2	1	1	1
10599	11	2	-0.548338000005247	0.0467539641947188	1.73517820411241	0.33225207198602	-0.121034521004346	0.605887241019878	2	1	2	1	3	3	3	1	2	1	2	2	1	1
10590	13	1	1.13433125704177	0.247210019702554	0.0112679011002592	0.454360747019043	0.65393757746685	0.608203855966283	2	4	4	3	2	1	5	2	1	1	6	2	2	1
10556	3	2	1.74579540095345	0.0383366060099912	-0.323685678681099	0.862046387532785	-0.596599435841515	0.630558902398885	2	1	5	1	NA	NA	1	1	1	1	2	2	1	1
10553	10	1	1.07131066366738	0.239511467275867	-0.672555804286283	0.573913270328319	0.440543286153277	0.567881872086109	3	4	4	2	2	1	1	2	1	2	2	3	1	1
10540	9	1	-1.417017145299	0.417347665168179	1.73517820411241	0.33225207198602	0.403033439515582	0.608460692535857	1	1	1	1	3	3	3	1	2	1	3	1	2	1
10529	15	2	1.09074004786057	0.242245888359561	1.91903982164081	0.354044807517848	-0.375449914019739	0.686145335775736	4	4	4	2	4	3	5	1	1	1	2	1	3	1
819	11	2	1.05202445654258	0.237240175999787	0.68043287079947	0.353317569782913	0.92477332575815	0.574114025290651	2	4	4	2	4	2	1	2	3	1	3	2	2	1
10527	11	2	-1.417017145299	0.417347665168179	-1.03714279541407	0.671377580319932	-0.892103799506187	0.709718190112266	1	1	1	1	1	1	1	1	1	1	1	1	2	1
10526	16	2	-0.817082448352416	0.0412408075022947	-1.03714279541407	0.671377580319932	-0.994713697360366	0.67501613137766	1	3	1	1	1	1	1	1	1	1	1	2	1	1
10525	7	2	0.97353651278697	0.222052017895777	-1.03714279541407	0.671377580319932	-1.51097713883035	0.728409944662597	2	4	4	1	1	1	1	1	1	1	1	1	1	1
10512	3	2	-0.836773520543681	0.0504544194126683	-1.03714279541407	0.671377580319932	-0.303022729892198	0.625204131798414	2	2	1	1	1	1	1	1	1	1	2	3	1	1
10495	10	1	0.959848272810263	0.217633645476233	0.57561140874089	0.351436668615328	-0.994713697360366	0.67501613137766	1	4	4	1	2	2	1	1	1	1	1	2	1	1
10479	3	1	-0.200591344671187	0.207417701110271	-0.51669949689853	0.559938230825302	0.792940138884865	0.568613461281546	2	2	2	3	4	1	1	1	2	1	4	4	1	1
11916	5	2	-1.417017145299	0.417347665168179	-0.323685678681099	0.862046387532785	-1.00618804280855	0.68657711504414	1	1	1	1	NA	NA	1	1	1	1	2	1	1	1
11915	4	2	0.335207513749639	0.0483391104643804	1.00252151396636	0.666253024680878	0.557152948817735	0.616767834857504	4	2	3	3	NA	NA	2	1	1	2	3	1	1	3
11914	1	2	0.39789818924003	0.068044958404765	-0.323685678681099	0.862046387532785	-0.596599435841515	0.630558902398885	2	3	3	3	NA	NA	1	1	1	1	2	2	1	1
11912	3	1	-1.33522798140931	0.359411499522025	-0.672555804286283	0.573913270328319	-0.596599435841515	0.630558902398885	2	1	1	1	2	1	1	1	1	1	2	2	1	1
11882	6	2	1.13433125704177	0.247210019702554	-1.03714279541407	0.671377580319932	0.182766309299587	0.630687632959669	2	4	4	3	1	1	1	2	1	1	5	2	1	1
991	8	1	-1.417017145299	0.417347665168179	-0.546002038113654	0.560317466652551	-1.51097713883035	0.728409944662597	1	1	1	1	3	1	1	1	1	1	1	1	1	1
11865	1	1	1.47957777164019	0.0487765094581072	1.68973199765909	0.35369451171684	0.245293056680042	0.607450144285419	4	5	4	2	1	3	4	1	1	1	2	3	3	1
11841	6	2	-0.226617655046107	0.208367221928936	-1.03714279541407	0.671377580319932	-0.596599435841515	0.630558902398885	2	2	2	2	1	1	1	1	1	1	2	2	1	1
11828	16	1	0.38350434404399	0.0669703476748767	-0.672555804286283	0.573913270328319	0.0290760092854222	0.598814090251098	1	3	3	1	2	1	1	1	1	1	3	3	1	1
11820	2	1	1.07131066366738	0.239511467275867	1.47320625257472	0.357489026545336	0.608145578978671	0.58722413390987	3	4	4	2	5	3	1	2	1	1	2	4	1	3
11791	5	1	-1.417017145299	0.417347665168179	0.47902648189112	0.360278256623955	-0.678225176257484	0.689374167866634	1	1	1	1	1	2	1	1	1	1	1	3	1	1
11782	6	1	-0.838073150688509	0.0512145355647954	0.47902648189112	0.360278256623955	0.0988162710249286	0.668550266930695	1	2	1	1	1	2	1	1	2	1	4	1	1	1
11779	2	2	2.11110266872607	0.279483773630431	0.761436603280432	0.343905874345182	0.516757295995458	0.573933097593663	1	5	5	NA	1	2	2	2	1	1	2	2	2	2
11778	NA	2	1.03676383910366	0.235471989320322	0.761436603280432	0.343905874345182	0.527009692554146	0.60069611044793	1	4	4	2	1	2	2	2	2	1	NA	3	1	1
974	6	1	-1.33522798140931	0.359411499522025	-1.03714279541407	0.671377580319932	-1.51097713883035	0.728409944662597	2	1	1	1	1	1	1	1	1	1	1	1	1	1
11774	7	2	-1.417017145299	0.417347665168179	-1.03714279541407	0.671377580319932	-0.596599435841515	0.630558902398885	1	1	1	1	1	1	1	1	1	1	2	2	1	1
11722	9	1	-1.417017145299	0.417347665168179	-1.03714279541407	0.671377580319932	-0.142980166730207	0.605973133990095	1	1	1	1	1	1	1	1	1	1	2	2	2	1
11709	6	1	-1.417017145299	0.417347665168179	-1.03714279541407	0.671377580319932	-1.51097713883035	0.728409944662597	1	1	1	1	1	1	1	1	1	1	1	1	1	1
11692	3	2	1.17543014878189	0.246005172692389	-0.498956958136958	0.56003264128841	1.41551688942596	0.535015717914513	4	4	4	3	5	1	1	2	2	1	4	4	1	3
11689	9	2	0.97353651278697	0.222052017895777	-1.03714279541407	0.671377580319932	-0.596599435841515	0.630558902398885	2	4	4	1	1	1	1	1	1	1	2	2	1	1
11678	4	2	-1.417017145299	0.417347665168179	-1.03714279541407	0.671377580319932	-1.51097713883035	0.728409944662597	1	1	1	1	1	1	1	1	1	1	1	1	1	1
11665	4	2	-1.417017145299	0.417347665168179	-1.03714279541407	0.671377580319932	-0.678225176257484	0.689374167866634	1	1	1	1	1	1	1	1	1	1	1	3	1	1
6015	14	2	0.728173216110669	0.0408817248285441	0.649059676340311	0.35034407583782	-0.175023307565216	0.64683984256276	4	2	4	1	3	2	1	2	1	1	2	1	2	1
6014	7	2	0.459663416333794	0.0458002364170614	0.57561140874089	0.351436668615328	1.14847630773906	0.53109326938819	5	4	3	2	2	2	1	2	1	2	2	3	2	2
6008	3	2	0.990920525617728	0.227256314455881	-0.672555804286283	0.573913270328319	-0.175023307565216	0.64683984256276	3	4	4	1	2	1	1	2	1	1	2	1	2	1
5988	4	1	-1.417017145299	0.417347665168179	-1.03714279541407	0.671377580319932	-0.596599435841515	0.630558902398885	1	1	1	1	1	1	1	1	1	1	2	2	1	1
5951	9	1	-1.39169738031894	0.405855390909077	0.47902648189112	0.360278256623955	-0.616235439234278	0.69215253528538	1	1	1	NA	1	2	1	1	1	1	3	1	1	1
5950	7	2	-1.39169738031894	0.405855390909077	1.43403293323917	0.354260294642027	-1.51097713883035	0.728409944662597	1	1	1	NA	4	3	1	1	1	1	1	1	1	1
5872	7	1	0.38350434404399	0.0669703476748767	-1.03714279541407	0.671377580319932	-1.51097713883035	0.728409944662597	1	3	3	1	1	1	1	1	1	1	1	1	1	1
5869	7	1	1.07131066366738	0.239511467275867	-0.672555804286283	0.573913270328319	0.777129425106742	0.609379423287802	3	4	4	2	2	1	1	3	3	1	2	2	2	1
5853	3	1	-0.312813307588382	0.209328351113669	0.0318029396534207	0.432955252043865	0.421857864786468	0.56219490003701	2	2	2	1	3	1	2	1	1	1	3	3	2	1
7810	6	2	1.47793975122172	0.0497151140243409	-1.03714279541407	0.671377580319932	0.516757295995458	0.573933097593663	2	5	4	2	1	1	1	2	1	1	2	2	2	2
7808	1	2	-1.417017145299	0.417347665168179	1.88902403335425	0.358418893899964	2.12464814847229	0.514814588977601	1	1	1	1	3	3	6	1	2	4	4	5	2	2
7807	8	1	-1.417017145299	0.417347665168179	-0.672555804286283	0.573913270328319	-0.616235439234278	0.69215253528538	1	1	1	1	2	1	1	1	1	1	3	1	1	1
7787	4	2	1.19064192615185	0.245475493388901	1.0533479101737	0.356082135277651	1.85091256585308	0.53873306546721	5	4	4	3	4	2	3	1	2	4	4	5	1	2
7775	7	1	-1.33522798140931	0.359411499522025	-0.672555804286283	0.573913270328319	-1.00618804280855	0.68657711504414	2	1	1	1	2	1	1	1	1	1	2	1	1	1
7737	6	1	-0.332189846679887	0.206464315413851	-0.672555804286283	0.573913270328319	-0.596599435841515	0.630558902398885	1	2	2	1	2	1	1	1	1	1	2	2	1	1
7726	4	2	-0.832375643191429	0.0480027315467093	-0.672555804286283	0.573913270328319	-0.335154621747144	0.615872339484269	1	2	1	3	2	1	1	2	1	1	2	2	1	1
7717	5	2	-0.312813307588382	0.209328351113669	0.57561140874089	0.351436668615328	-1.00618804280855	0.68657711504414	2	2	2	1	2	2	1	1	1	1	2	1	1	1
7716	5	2	-1.417017145299	0.417347665168179	-1.03714279541407	0.671377580319932	-0.0582776579540402	0.647347861440398	1	1	1	1	1	1	1	1	2	1	3	1	1	1
616	11	1	-1.33522798140931	0.359411499522025	0.47902648189112	0.360278256623955	0.418215416533485	0.573645385460626	2	1	1	1	1	2	1	2	2	1	3	2	1	1
7709	13	2	1.13433125704177	0.247210019702554	0.47902648189112	0.360278256623955	-0.335154621747144	0.615872339484269	2	4	4	3	1	2	1	2	1	1	2	2	1	1
7704	4	1	0.38350434404399	0.0669703476748767	-0.672555804286283	0.573913270328319	-0.0167301916056646	0.650581146142573	1	3	3	1	2	1	1	NA	1	1	4	2	1	1
7686	6	1	-1.417017145299	0.417347665168179	-0.249794077934664	0.478477060404757	-0.256040511953333	0.620964212915272	1	1	1	1	1	1	2	1	1	1	3	2	1	1
7667	6	2	1.05202445654258	0.237240175999787	0.57561140874089	0.351436668615328	0.991537812452494	0.548492433376181	2	4	4	2	2	2	1	2	2	1	4	4	1	1
7660	4	1	-0.226617655046107	0.208367221928936	-0.672555804286283	0.573913270328319	-0.303022729892198	0.625204131798414	2	2	2	2	2	1	1	1	1	1	2	3	1	1
7655	3	2	0.97353651278697	0.222052017895777	0.57561140874089	0.351436668615328	-0.00681112572602824	0.601528868656194	2	4	4	1	2	2	1	2	1	1	3	2	1	1
7647	5	2	-1.17257012433613	0.273092692160555	-0.672555804286283	0.573913270328319	-0.678225176257484	0.689374167866634	1	1	1	3	2	1	1	1	1	1	1	3	1	1
7631	2	2	-1.417017145299	0.417347665168179	-1.03714279541407	0.671377580319932	-0.303022729892198	0.625204131798414	1	1	1	1	1	1	1	1	1	1	2	3	1	1
7607	6	1	-0.547571374782901	0.0471759277588618	-0.672555804286283	0.573913270328319	0.868478776816266	0.569622987437928	3	1	2	1	2	1	1	2	3	1	2	3	2	1
7603	2	1	0.391608431778149	0.0679352040300967	0.57561140874089	0.351436668615328	0.153924833221488	0.588148577221411	1	3	3	2	2	2	1	1	1	1	2	3	1	2
607	NA	2	-0.332189846679887	0.206464315413851	-1.03714279541407	0.671377580319932	-0.0549525729996644	0.659072890972545	1	2	2	1	1	1	1	1	1	1	2	5	1	1
7601	3	1	-0.226617655046107	0.208367221928936	1.38571605159114	0.352618245857028	1.05332930530702	0.539345110148278	2	2	2	2	3	3	1	2	2	1	3	3	1	3
7592	2	2	0.330864415680507	0.0461285630872004	0.649059676340311	0.35034407583782	0.0959902669759986	0.59285084716317	1	2	3	2	3	2	1	2	1	1	2	2	2	1
7584	NA	2	0.385124426217291	0.0672402770932011	-0.672555804286283	0.573913270328319	-0.194671208044658	0.683444270597735	2	3	3	1	2	1	1	2	1	1	1	4	1	1
2634	4	2	-1.33522798140931	0.359411499522025	-1.03714279541407	0.671377580319932	-0.303022729892198	0.625204131798414	2	1	1	1	1	1	1	1	1	1	2	3	1	1
234	NA	NA	0.232610156631619	0.904880288934675	NA	NA	NA	NA	3	NA	NA	NA	NA	NA	NA	NA	NA	NA	NA	NA	NA	NA
2633	4	2	2.29401995057541	0.364203057946237	-0.546002038113654	0.560317466652551	0.0274642492616219	0.641686970195341	3	5	5	4	3	1	1	1	1	2	3	1	1	1
2616	4	2	1.1546704732376	0.2464776135302	-0.010490793562103	0.4487630661659	-1.00618804280855	0.68657711504414	3	4	4	3	2	1	3	1	1	1	2	1	1	1
2569	11	2	0.38350434404399	0.0669703476748767	-0.998924733516516	0.678445831007182	-1.00618804280855	0.68657711504414	1	3	3	1	1	1	NA	1	1	1	2	1	1	1
2552	2	1	-0.312813307588382	0.209328351113669	-1.03714279541407	0.671377580319932	0.22306501793396	0.583603591572543	2	2	2	1	1	1	1	1	1	2	2	3	1	1
2543	9	1	0.73242692394624	0.0430063691846159	-0.672555804286283	0.573913270328319	0.0344597135179779	0.672025127824413	NA	2	4	3	2	1	1	1	1	1	3	1	3	1
2539	2	2	-0.296902817852704	0.211088916722729	-0.672555804286283	0.573913270328319	0.247607590699084	0.606610706085884	3	2	2	1	2	1	1	1	3	1	2	3	1	1
2525	7	1	-1.417017145299	0.417347665168179	-0.672555804286283	0.573913270328319	-0.303022729892198	0.625204131798414	1	1	1	1	2	1	1	1	1	1	2	3	1	1
2523	1	2	-0.226617655046107	0.208367221928936	-1.03714279541407	0.671377580319932	0.621824257409062	0.558090748579108	2	2	2	2	1	1	1	1	2	2	2	3	1	1
2502	1	1	0.97353651278697	0.222052017895777	-1.03714279541407	0.671377580319932	-0.596599435841515	0.630558902398885	2	4	4	1	1	1	1	1	1	1	2	2	1	1
2479	1	2	0.959848272810263	0.217633645476233	0.47902648189112	0.360278256623955	-0.678225176257484	0.689374167866634	1	4	4	1	1	2	1	1	1	1	1	3	1	1
215	3	2	-1.13286614675698	0.254733373476224	-1.03714279541407	0.671377580319932	-1.51097713883035	0.728409944662597	2	1	1	5	1	1	1	1	1	1	1	1	1	1
2447	1	2	0.457933653937466	0.0466433551376993	-0.672555804286283	0.573913270328319	1.45721282061614	0.512092845010191	2	4	3	2	2	1	1	2	2	1	4	3	2	2
2436	2	2	-1.417017145299	0.417347665168179	-1.03714279541407	0.671377580319932	-1.00618804280855	0.68657711504414	1	1	1	1	1	1	1	1	1	1	2	1	1	1
2426	6	1	-0.312813307588382	0.209328351113669	-1.03714279541407	0.671377580319932	0.108664051804202	0.611629734393899	2	2	2	1	1	1	1	4	1	1	3	2	1	1
2412	3	2	-0.332189846679887	0.206464315413851	-0.672555804286283	0.573913270328319	0.262688208556759	0.594093026690915	1	2	2	1	2	1	1	1	1	3	2	3	1	1
2406	3	2	0.396237116204813	0.0681256494013851	-1.03714279541407	0.671377580319932	-0.461448084151222	0.727846402606718	1	3	3	3	1	1	1	1	1	1	5	1	1	1
2399	5	2	-0.256576773257308	0.215371224811898	-1.03714279541407	0.671377580319932	-1.00618804280855	0.68657711504414	5	2	2	NA	1	1	1	1	1	1	2	1	1	1
2394	4	1	1.11267229048744	0.254168767513185	1.64627694991182	0.331195455584932	0.171271416788814	0.632344940819621	5	4	4	NA	4	3	2	1	1	2	2	1	1	2
2392	NA	1	0.400826363489815	0.0678379936511123	-1.03714279541407	0.671377580319932	-0.089388850350204	0.650246989858378	4	3	3	3	1	1	1	1	1	1	5	2	1	1
2384	4	1	-0.226617655046107	0.208367221928936	-0.249794077934664	0.478477060404757	0.792192057562517	0.53710033463816	2	2	2	2	1	1	2	1	1	1	3	3	2	2
2380	4	2	1.4814951696062	0.0477098365967282	1.67357148023062	0.336675403795509	0.438970139650894	0.5967332283019	2	5	4	3	2	3	3	1	1	2	2	2	1	4
214	NA	2	0.727089496692365	0.0403598406595042	0.57561140874089	0.351436668615328	1.14351675711792	0.556221600919013	2	2	4	1	2	2	1	2	2	2	2	5	1	1
1437	7	2	0.97353651278697	0.222052017895777	-0.672555804286283	0.573913270328319	0.153924833221488	0.588148577221411	2	4	4	1	2	1	1	1	1	1	2	3	1	2
157	8	2	-1.417017145299	0.417347665168179	0.273902169951839	0.77070976961885	-0.692920794230491	0.672605015458528	1	1	1	1	4	NA	1	2	1	1	2	1	1	1
1431	2	2	-0.296902817852704	0.211088916722729	0.68043287079947	0.353317569782913	0.366210141482573	0.616522858228072	3	2	2	1	4	2	1	1	1	1	4	4	1	1
1430	9	1	-1.33522798140931	0.359411499522025	0.843452785840551	0.338210353362157	0.421857864786468	0.56219490003701	2	1	1	1	2	2	2	1	1	1	3	3	2	1
1427	7	2	-1.18737100772654	0.277510262430713	-0.249794077934664	0.478477060404757	-1.51097713883035	0.728409944662597	1	1	1	2	1	1	2	1	1	1	1	1	1	1
1395	11	2	0.04146154142658	0.0503138369473909	-1.03714279541407	0.671377580319932	0.132160121449565	0.61935492378865	1	3	2	2	1	1	1	2	1	1	4	2	1	1
1394	10	1	-0.83085505212402	0.04715846099758	0.843452785840551	0.338210353362157	0.780165953394871	0.55466050601219	4	2	1	2	2	2	2	2	1	1	4	3	2	1
1381	4	2	1.1546704732376	0.2464776135302	-0.010490793562103	0.4487630661659	0.723963035595088	0.563167329126438	3	4	4	3	2	1	3	1	1	1	2	4	2	2
1374	NA	2	-0.447271895270133	0.947151555990503	0.666908432076742	0.367297180433663	NA	NA	1	NA	NA	NA	2	2	NA	NA	NA	NA	NA	NA	NA	NA
1352	7	2	1.21803562296796	0.248638644381282	-0.672555804286283	0.573913270328319	0.81454046251371	0.594328270639155	4	4	NA	4	2	1	1	1	1	1	3	NA	2	2
1348	2	1	-0.210987973444028	0.206558115601486	-1.03714279541407	0.671377580319932	1.22571403819078	0.519449996689488	3	2	2	2	1	1	1	2	1	2	3	4	1	2
1345	10	2	0.731413646900858	0.0424884896613231	-1.03714279541407	0.671377580319932	-0.305783448320168	0.666173963902021	1	2	4	3	1	1	1	2	1	1	3	1	1	1
140	4	1	-1.417017145299	0.417347665168179	-1.03714279541407	0.671377580319932	-0.692920794230491	0.672605015458528	1	1	1	1	1	1	1	2	1	1	2	1	1	1
1343	2	1	-0.312813307588382	0.209328351113669	-0.672555804286283	0.573913270328319	0.535323764859621	0.57643137873897	2	2	2	1	2	1	1	2	1	1	2	4	2	1
1341	3	2	-0.296902817852704	0.211088916722729	-0.672555804286283	0.573913270328319	-0.596599435841515	0.630558902398885	3	2	2	1	2	1	1	1	1	1	2	2	1	1
1267	4	1	-0.202425192720471	0.205685106401989	0.47902648189112	0.360278256623955	1.19733158084656	0.532741078874576	4	2	2	2	1	2	1	2	2	2	3	2	2	1
1250	NA	2	0.97353651278697	0.222052017895777	-1.03714279541407	0.671377580319932	-0.435962104136898	0.66272410121985	2	4	4	1	1	1	1	1	1	1	2	1	1	2
1237	4	2	-0.183360601667487	0.209326793472508	0.649059676340311	0.35034407583782	0.132160121449565	0.61935492378865	3	2	NA	3	3	2	1	2	1	1	4	2	1	1
1215	13	1	-0.245837005657461	0.21056098088498	0.47902648189112	0.360278256623955	-0.131352767067	0.640123013045284	1	2	2	2	1	2	1	1	1	1	4	2	1	1
1207	4	1	0.0375433584405553	0.0526008884597742	-1.03714279541407	0.671377580319932	-0.0833103056293631	0.634923914923604	2	3	2	1	1	1	1	2	1	2	1	2	1	1
1205	3	1	0.0439293150911346	0.0489262038469989	0.57561140874089	0.351436668615328	-0.140322218927153	0.642479590016018	4	3	2	2	2	2	1	1	1	1	2	4	1	1
1193	7	1	-0.296902817852704	0.211088916722729	0.57561140874089	0.351436668615328	0.130263974402055	0.588069292473812	3	2	2	1	2	2	1	1	1	1	2	3	2	1
132	6	1	-0.447271895270133	0.947151555990503	-0.998924733516516	0.678445831007182	NA	NA	1	NA	NA	NA	1	1	NA	NA	NA	NA	NA	NA	NA	NA
9579	10	1	-0.909296635519575	0.129553146648247	-1.03714279541407	0.671377580319932	-0.256040511953333	0.620964212915272	1	NA	1	2	1	1	1	1	1	1	3	2	1	1
9569	2	1	1.1546704732376	0.2464776135302	-0.672555804286283	0.573913270328319	0.427818495657481	0.655633796484559	3	4	4	3	2	1	1	4	1	1	2	6	1	1
9511	4	2	-0.838073150688509	0.0512145355647954	-1.03714279541407	0.671377580319932	0.396622850827055	0.57349027023257	1	2	1	1	1	1	1	2	1	1	3	2	2	1
9456	9	2	-1.33522798140931	0.359411499522025	-0.672555804286283	0.573913270328319	-0.596599435841515	0.630558902398885	2	1	1	1	2	1	1	1	1	1	2	2	1	1
9444	6	2	0.0375433584405553	0.0526008884597742	-1.03714279541407	0.671377580319932	-0.131352767067	0.640123013045284	2	3	2	1	1	1	1	1	1	1	4	2	1	1
9407	NA	2	1.1546704732376	0.2464776135302	0.57561140874089	0.351436668615328	0.811354290238631	0.614359153243598	3	4	4	3	2	2	1	2	1	1	4	6	1	1
9382	1	1	-0.312813307588382	0.209328351113669	-1.03714279541407	0.671377580319932	-0.0549525729996644	0.659072890972545	2	2	2	1	1	1	1	1	1	1	2	5	1	1
723	5	1	-0.816698096653284	0.041090135268484	-1.03714279541407	0.671377580319932	-0.596599435841515	0.630558902398885	1	5	1	1	1	1	1	1	1	1	2	2	1	1
9362	5	1	-0.547197433645841	0.0473867742738229	2.10798771234791	0.354491818478668	-0.596599435841515	0.630558902398885	4	1	2	1	1	4	2	1	1	1	2	2	1	1
9346	8	2	-0.307538761327045	0.213304265087696	-1.03714279541407	0.671377580319932	0.670364826506343	0.56185787973095	1	2	2	NA	1	1	1	1	2	2	3	2	1	1
9334	NA	2	1.17543014878189	0.246005172692389	0.57561140874089	0.351436668615328	1.5674939425261	0.602875353557591	4	4	4	3	2	2	1	4	1	1	6	6	2	1
9325	5	2	0.38350434404399	0.0669703476748767	-0.672555804286283	0.573913270328319	0.257163435050798	0.576306138245582	1	3	3	1	2	1	1	2	1	1	3	3	1	1
9305	5	1	-0.200591344671187	0.207417701110271	0.93823610073191	0.351836406531057	0.15182085397111	0.587663975643466	2	2	2	3	2	2	3	1	2	1	2	3	1	1
9302	12	1	2.22945556802651	0.322839504304403	-0.199213705211889	0.485875671473602	0.769744953724239	0.568979242087688	5	5	5	3	1	1	3	1	1	1	4	4	2	1
9292	13	2	0.990920525617728	0.227256314455881	-1.03714279541407	0.671377580319932	-0.119337835863652	0.606326257551549	3	4	4	1	1	1	1	1	1	1	2	2	1	2
9286	4	1	0.462092073521692	0.0446625942346027	-0.51669949689853	0.559938230825302	0.463763692319645	0.598209556031288	4	4	3	4	4	1	1	2	1	1	5	3	1	1
9285	3	2	1.09074004786057	0.242245888359561	-1.03714279541407	0.671377580319932	0.851480037692286	0.568988534927681	4	4	4	2	1	1	1	2	2	NA	3	2	2	1
9264	7	2	1.11824034594554	0.247747378029615	-1.03714279541407	0.671377580319932	-0.47087409372527	0.72679417977754	1	4	4	3	1	1	1	1	1	NA	4	1	1	1
722	4	1	-0.0701388750830163	0.904250324957875	0.153576919049134	0.855522605723736	NA	NA	2	NA	NA	NA	2	NA	NA	NA	NA	NA	NA	NA	NA	NA
9240	5	1	0.393265885012284	0.067987321326981	-0.672555804286283	0.573913270328319	-0.125552577814503	0.641882474752433	2	3	3	2	2	1	1	1	1	1	1	3	1	2
9230	6	2	-1.417017145299	0.417347665168179	-1.03714279541407	0.671377580319932	-0.142980166730207	0.605973133990095	1	1	1	1	1	1	1	1	1	1	2	2	2	1
9209	1	1	-0.332189846679887	0.206464315413851	-1.03714279541407	0.671377580319932	-0.140322218927153	0.642479590016018	1	2	2	1	1	1	1	1	1	1	2	4	1	1
9200	6	2	-1.417017145299	0.417347665168179	-1.03714279541407	0.671377580319932	-0.994713697360366	0.67501613137766	1	1	1	1	1	1	1	1	1	1	1	2	1	1
9187	9	1	-0.200591344671187	0.207417701110271	-1.03714279541407	0.671377580319932	-0.692920794230491	0.672605015458528	2	2	2	3	1	1	1	2	1	1	2	1	1	1
7583	15	2	0.385124426217291	0.0672402770932011	1.81297691297037	0.341891196885121	-0.692125673782879	0.661009739769705	2	3	3	1	3	3	4	2	1	1	1	2	1	1
7582	NA	2	-0.549356446356616	0.0462085118423025	1.31113790068387	0.359230396236553	-0.303022729892198	0.625204131798414	1	1	2	1	2	3	1	1	1	1	2	3	1	1
7578	NA	2	2.0821430412172	0.256109198534021	-0.51669949689853	0.559938230825302	0.442703505437523	0.561970354771665	4	5	5	2	4	1	1	1	2	1	3	3	1	1
7570	NA	1	-0.202425192720471	0.205685106401989	0.843452785840551	0.338210353362157	1.64234853270013	0.503904695084865	4	2	2	2	2	2	2	2	2	2	3	5	2	1
7541	6	1	0.457933653937466	0.0466433551376993	0.68043287079947	0.353317569782913	-0.498176699344638	0.717108999148368	2	4	3	2	4	2	1	1	1	1	4	1	1	1
7538	9	1	-1.417017145299	0.417347665168179	0.761436603280432	0.343905874345182	0.0959902669759986	0.59285084716317	1	1	1	1	1	2	2	2	1	1	2	2	2	1
605	5	2	-0.287179148464038	0.214330726891976	0.57561140874089	0.351436668615328	-0.0369775046250305	0.701822244971122	2	2	2	NA	2	2	1	3	1	1	4	1	1	1
7536	1	1	-1.417017145299	0.417347665168179	-1.03714279541407	0.671377580319932	0.800965037492195	0.545198369976288	1	1	1	1	1	1	1	2	1	1	3	4	2	1
7528	1	2	-0.312813307588382	0.209328351113669	0.57561140874089	0.351436668615328	-0.140322218927153	0.642479590016018	2	2	2	1	2	2	1	1	1	1	2	4	1	1
7515	4	1	-0.288276239696275	0.212057930126438	1.8673383864289	0.344106823451992	1.35756280601384	0.546934902838048	4	2	2	1	4	3	4	3	1	1	5	3	2	2
7514	NA	1	1.17543014878189	0.246005172692389	0.57561140874089	0.351436668615328	2.01581922158835	0.618386279062754	4	4	4	3	2	2	1	3	2	3	2	2	3	3
7513	2	2	1.1546704732376	0.2464776135302	1.67357148023062	0.336675403795509	0.75249474066961	0.572454214786177	3	4	4	3	2	3	3	1	1	3	3	4	1	1
7505	1	1	0.396196068589486	0.0680142691842999	-1.03714279541407	0.671377580319932	-0.0513318077064314	0.602602683378642	4	3	3	2	1	1	1	2	1	1	2	3	1	1
7474	2	1	1.77057432987406	0.0497956377134766	1.38571605159114	0.352618245857028	1.10327491234531	0.56982741126507	4	4	5	3	3	3	1	2	1	1	3	5	3	1
7448	4	2	0.386793606340602	0.0674924260941798	1.31113790068387	0.359230396236553	0.130263974402055	0.588069292473812	3	3	3	1	2	3	1	1	1	1	2	3	2	1
7432	1	2	0.401576391445503	0.0677733829100595	1.61515089223041	0.344063869336866	2.05872694223763	0.504654806218815	5	3	3	3	1	3	3	3	1	2	5	5	2	2
582	8	1	-0.296902817852704	0.211088916722729	-1.03714279541407	0.671377580319932	-0.152042347931866	0.642326056418446	3	2	2	1	1	1	1	1	1	1	1	3	2	1
46	1	1	0.454278809569516	0.94239389792813	-0.627869255513938	0.580256634442725	NA	NA	4	NA	NA	NA	2	1	NA	NA	NA	NA	NA	NA	NA	NA
7427	6	1	0.729826176035422	0.0416694266784432	-1.03714279541407	0.671377580319932	1.41858143694281	0.5513569411892	2	2	4	2	1	1	1	2	2	1	5	2	2	2
7414	6	2	1.13433125704177	0.247210019702554	-1.03714279541407	0.671377580319932	0.844433591409911	0.57934123380583	2	4	4	3	1	1	1	1	1	1	5	4	2	1
7402	1	2	0.0618261939043434	0.0408412591946351	-1.03714279541407	0.671377580319932	0.274661447370241	0.644622604184302	2	4	2	3	1	1	1	2	1	1	2	6	1	1
7399	2	1	-0.288276239696275	0.212057930126438	-0.0660968825342023	0.439189498419134	2.56597516872967	0.552384990409358	4	2	2	1	2	1	2	4	2	3	2	6	3	2
11664	3	2	1.05202445654258	0.237240175999787	-1.03714279541407	0.671377580319932	0.351437331691154	0.571002496151817	2	4	4	2	1	1	1	2	1	1	2	3	2	1
11655	3	1	0.385124426217291	0.0672402770932011	1.43403293323917	0.354260294642027	2.14747938241226	0.633760521420277	2	3	3	1	4	3	1	1	4	4	5	6	1	1
11654	3	2	2.4237749105738	0.445397341375943	1.82077037834623	0.3620271997201	2.93936612757009	0.510713419570983	5	5	5	4	2	3	6	5	4	2	4	6	3	2
962	9	2	0.990920525617728	0.227256314455881	-1.03714279541407	0.671377580319932	-0.256040511953333	0.620964212915272	3	4	4	1	1	1	1	1	1	1	3	2	1	1
11639	2	1	-0.226617655046107	0.208367221928936	-0.875389177354486	0.662278115608074	1.66720050470713	0.521455869070508	2	2	2	2	NA	1	1	3	2	2	4	5	1	1
11628	6	2	-1.417017145299	0.417347665168179	0.852289055743664	0.357389725076468	-0.678225176257484	0.689374167866634	1	1	1	1	1	2	3	1	1	1	1	3	1	1
11627	3	2	0.385124426217291	0.0672402770932011	-1.03714279541407	0.671377580319932	-0.335154621747144	0.615872339484269	2	3	3	1	1	1	1	2	1	1	2	2	1	1
11624	1	2	0.47573771755564	0.0392233639399173	0.97488390756065	0.360695740167796	0.917286931591123	0.546749681865127	3	5	3	4	2	2	4	2	2	1	2	4	2	1
11594	9	2	0.327193961135763	0.0443564462252122	-1.03714279541407	0.671377580319932	-0.596599435841515	0.630558902398885	1	2	3	1	1	1	1	1	1	1	2	2	1	1
11590	3	2	2.04253327193497	0.240130173771179	-0.672555804286283	0.573913270328319	0.297098172879912	0.584942232646272	2	5	5	2	2	1	1	1	1	1	2	2	2	2
11562	2	2	1.13433125704177	0.247210019702554	-0.546002038113654	0.560317466652551	-0.0513318077064314	0.602602683378642	2	4	4	3	3	1	1	2	1	1	2	3	1	1
11561	5	1	-0.226617655046107	0.208367221928936	-0.546002038113654	0.560317466652551	-0.616235439234278	0.69215253528538	2	2	2	2	3	1	1	1	1	1	3	1	1	1
11503	13	1	1.05202445654258	0.237240175999787	-0.249794077934664	0.478477060404757	-0.303022729892198	0.625204131798414	2	4	4	2	1	1	2	1	1	1	2	3	1	1
933	11	2	-0.447271895270133	0.947151555990503	0.666908432076742	0.367297180433663	NA	NA	1	NA	NA	NA	2	2	NA	NA	NA	NA	NA	NA	NA	NA
11499	5	2	0.317770346671652	0.0408162496563411	-0.0660968825342023	0.439189498419134	0.818782897122805	0.572373555295139	2	1	3	2	2	1	2	1	1	2	4	2	2	1
11497	10	1	-1.417017145299	0.417347665168179	-1.03714279541407	0.671377580319932	-1.00618804280855	0.68657711504414	1	1	1	1	1	1	1	1	1	1	2	1	1	1
11479	8	1	-1.33522798140931	0.359411499522025	-1.03714279541407	0.671377580319932	-1.51097713883035	0.728409944662597	2	1	1	1	1	1	1	1	1	1	1	1	1	1
11463	6	1	0.97353651278697	0.222052017895777	0.47902648189112	0.360278256623955	0.553084379761462	0.57962813617826	2	4	4	1	1	2	1	1	1	1	3	3	3	1
11462	7	2	0.731983542653502	0.0427722029692988	-0.672555804286283	0.573913270328319	0.206553081205621	0.606670440090343	2	2	4	3	2	1	1	1	1	1	3	4	1	1
11461	1	1	0.393265885012284	0.067987321326981	-0.672555804286283	0.573913270328319	-0.140322218927153	0.642479590016018	2	3	3	2	2	1	1	1	1	1	2	4	1	1
11450	6	1	-0.226617655046107	0.208367221928936	-0.672555804286283	0.573913270328319	-0.692125673782879	0.661009739769705	2	2	2	2	2	1	1	2	1	1	1	2	1	1
11440	5	1	-1.3001021339318	0.339532683659676	-1.03714279541407	0.671377580319932	-0.445250296224929	0.651375178101022	3	1	1	1	1	1	1	1	2	1	1	2	1	1
9171	4	1	0.38350434404399	0.0669703476748767	-0.0660968825342023	0.439189498419134	1.21931335237942	0.531959451642542	1	3	3	1	2	1	2	1	2	2	4	4	1	1
9145	1	1	-0.838073150688509	0.0512145355647954	-1.03714279541407	0.671377580319932	1.14351675711792	0.556221600919013	1	2	1	1	1	1	1	2	2	2	2	5	1	1
9136	9	2	0.330864415680507	0.0461285630872004	-1.03714279541407	0.671377580319932	0.55562636415114	0.587414508388125	1	2	3	2	1	1	1	2	1	1	4	2	2	1
9130	2	2	-0.296902817852704	0.211088916722729	1.31113790068387	0.359230396236553	1.28236326824233	0.557132401324311	3	2	2	1	2	3	1	1	2	2	3	6	1	1
9120	10	1	-0.226617655046107	0.208367221928936	-0.672555804286283	0.573913270328319	0.257163435050798	0.576306138245582	2	2	2	2	2	1	1	2	1	1	3	3	1	1
721	7	2	0.335222877628692	0.0483594802514883	-1.03714279541407	0.671377580319932	-0.335154621747144	0.615872339484269	3	2	3	4	1	1	1	2	1	1	2	2	1	1
9093	6	1	-1.1492016426842	0.259200519432604	2.00912780982822	0.369770520537148	1.89823479331377	0.586406590254918	2	1	1	2	5	3	6	1	1	2	6	6	3	1
9083	9	1	0.38350434404399	0.0669703476748767	0.57561140874089	0.351436668615328	-0.142980166730207	0.605973133990095	1	3	3	1	2	2	1	1	1	1	2	2	2	1
9076	11	2	-1.417017145299	0.417347665168179	-1.03714279541407	0.671377580319932	-0.469625685834665	0.651521808458812	1	1	1	1	1	1	1	1	1	1	1	2	2	1
9075	3	2	0.459420509875441	0.0459487737244152	-0.546002038113654	0.560317466652551	-0.00681112572602824	0.601528868656194	1	4	3	3	3	1	1	2	1	1	3	2	1	1
9074	1	2	0.385124426217291	0.0672402770932011	-1.03714279541407	0.671377580319932	-0.37084572420845	0.661356534580647	2	3	3	1	1	1	1	2	1	1	1	3	1	1
9046	2	1	-0.312813307588382	0.209328351113669	-0.546002038113654	0.560317466652551	-0.678225176257484	0.689374167866634	2	2	2	1	3	1	1	1	1	1	1	3	1	1
9045	2	1	-0.312813307588382	0.209328351113669	-1.03714279541407	0.671377580319932	-1.51097713883035	0.728409944662597	2	2	2	1	1	1	1	1	1	1	1	1	1	1
9037	10	1	0.38350434404399	0.0669703476748767	0.0112679011002592	0.454360747019043	-0.0513318077064314	0.602602683378642	1	3	3	1	2	1	5	2	1	1	2	3	1	1
9029	NA	2	-1.417017145299	0.417347665168179	-1.03714279541407	0.671377580319932	-1.51097713883035	0.728409944662597	1	1	1	1	1	1	1	1	1	1	1	1	1	1
9009	7	1	-0.838073150688509	0.0512145355647954	-1.03714279541407	0.671377580319932	0.257163435050798	0.576306138245582	1	2	1	1	1	1	1	2	1	1	3	3	1	1
701	8	1	0.0563879822756144	0.0435518599041222	-1.03714279541407	0.671377580319932	0.0290760092854222	0.598814090251098	1	4	2	1	1	1	1	1	1	1	3	3	1	1
9006	4	1	1.09074004786057	0.242245888359561	0.68043287079947	0.353317569782913	1.01606476800985	0.542303681773149	4	4	4	2	4	2	1	1	2	2	3	2	2	1
9003	1	1	0.39789818924003	0.068044958404765	0.649059676340311	0.35034407583782	0.733032590051395	0.547749565413964	2	3	3	3	3	2	1	2	2	1	2	3	2	1
9001	1	2	1.17543014878189	0.246005172692389	1.78508808551302	0.334118621267983	0.431247701961171	0.594386789580641	4	4	4	3	4	3	3	1	1	2	2	2	1	3
8991	1	1	-0.202425192720471	0.205685106401989	1.53752084895147	0.332970820757428	0.666482631261964	0.568072545796145	4	2	2	2	2	3	2	1	1	2	4	3	1	1
8982	7	2	2.19188078718251	0.302148558440493	1.64627694991182	0.331195455584932	0.299291748459762	0.5866335872209	4	5	5	3	4	3	2	2	1	NA	3	3	1	1
8981	6	1	-1.39169738031894	0.405855390909077	-1.03714279541407	0.671377580319932	-0.269916041813652	0.6937438453635	1	1	1	NA	1	1	1	2	1	1	2	NA	1	1
8980	1	1	-1.33522798140931	0.359411499522025	-0.119936087662691	0.752315922756608	-0.55616801023032	0.699003734267461	2	1	1	1	2	NA	1	2	1	1	1	1	2	1
5672	8	1	-1.33522798140931	0.359411499522025	-1.03714279541407	0.671377580319932	-0.55616801023032	0.699003734267461	2	1	1	1	1	1	1	2	1	1	1	1	2	1
5561	1	1	-0.312813307588382	0.209328351113669	-0.672555804286283	0.573913270328319	-0.510608733982594	0.642158303154736	2	2	2	1	2	1	1	NA	1	1	2	2	1	1
5535	2	1	-0.312813307588382	0.209328351113669	-0.51669949689853	0.559938230825302	0.310210472730227	0.597503054033587	2	2	2	1	4	1	1	1	1	1	2	4	2	1
5506	NA	1	-1.3001021339318	0.339532683659676	-0.672555804286283	0.573913270328319	-1.51097713883035	0.728409944662597	3	1	1	1	2	1	1	1	1	1	1	1	1	1
5475	9	2	0.0563879822756144	0.0435518599041222	-1.03714279541407	0.671377580319932	-0.462665435930163	0.662509373346524	1	4	2	1	1	1	1	1	1	1	2	1	2	1
5434	13	2	-0.332189846679887	0.206464315413851	-0.249794077934664	0.478477060404757	0.0959902669759986	0.59285084716317	1	2	2	1	1	1	2	2	1	1	2	2	2	1
5431	9	2	-0.312813307588382	0.209328351113669	-0.249794077934664	0.478477060404757	0.372636403775496	0.570964377645567	2	2	2	1	1	1	2	2	2	1	2	3	1	1
5408	5	1	-1.417017145299	0.417347665168179	-0.249794077934664	0.478477060404757	-0.616235439234278	0.69215253528538	1	1	1	1	1	1	2	1	1	1	3	1	1	1
508	5	2	0.38350434404399	0.0669703476748767	-1.03714279541407	0.671377580319932	-0.692920794230491	0.672605015458528	1	3	3	1	1	1	1	2	1	1	2	1	1	1
5407	6	1	-1.417017145299	0.417347665168179	-1.03714279541407	0.671377580319932	-0.437443046045611	0.662308078009774	1	1	1	1	1	1	1	1	2	1	2	1	1	1
5253	16	2	1.03676383910366	0.235471989320322	-0.672555804286283	0.573913270328319	0.257163435050798	0.576306138245582	1	4	4	2	2	1	1	2	1	1	3	3	1	1
5229	3	2	-0.226617655046107	0.208367221928936	-0.672555804286283	0.573913270328319	-0.445250296224929	0.651375178101022	2	2	2	2	2	1	1	1	2	1	1	2	1	1
5157	1	1	-1.3001021339318	0.339532683659676	-0.672555804286283	0.573913270328319	-1.00618804280855	0.68657711504414	3	1	1	1	2	1	1	1	1	1	2	1	1	1
5153	NA	2	0.0630313733457407	0.0402709877157189	-0.672555804286283	0.573913270328319	0.257163435050798	0.576306138245582	5	4	2	3	2	1	1	2	1	1	3	3	1	1
5148	5	2	-1.417017145299	0.417347665168179	-1.03714279541407	0.671377580319932	-1.51097713883035	0.728409944662597	1	1	1	1	1	1	1	1	1	1	1	1	1	1
5142	12	1	-0.0701388750830163	0.904250324957875	1.62971112160936	0.368511970024058	NA	NA	2	NA	NA	NA	4	3	NA	NA	NA	NA	NA	NA	NA	NA
5128	8	1	-0.312813307588382	0.209328351113669	-0.51669949689853	0.559938230825302	-1.00618804280855	0.68657711504414	2	2	2	1	4	1	1	1	1	1	2	1	1	1
5117	6	1	-0.332189846679887	0.206464315413851	-1.03714279541407	0.671377580319932	-0.102028343099648	0.703343879598554	1	2	2	1	1	1	1	2	1	1	1	5	1	1
5076	1	1	0.618464289680877	0.986332131322507	0.747908439460454	0.367308542775335	NA	NA	5	NA	NA	NA	3	2	NA	NA	NA	NA	NA	NA	NA	NA
497	1	1	-1.33522798140931	0.359411499522025	-1.03714279541407	0.671377580319932	-0.335154621747144	0.615872339484269	2	1	1	1	1	1	1	2	1	1	2	2	1	1
5071	7	2	0.385124426217291	0.0672402770932011	-0.249794077934664	0.478477060404757	-1.15511762742498	0.716190104428349	2	3	3	1	1	1	2	2	1	1	1	1	1	1
5042	2	1	0.727089496692365	0.0403598406595042	1.31113790068387	0.359230396236553	0.823975589630168	0.604124907860417	2	2	4	1	2	3	1	2	1	3	2	5	1	1
5040	6	1	-1.39169738031894	0.405855390909077	-0.249794077934664	0.478477060404757	0.0959902669759986	0.59285084716317	1	1	1	NA	1	1	2	2	1	1	2	2	2	1
5038	8	2	-0.837267123171406	0.0507703885301653	-0.0660968825342023	0.439189498419134	-0.437443046045611	0.662308078009774	1	2	1	NA	2	1	2	1	2	1	2	1	1	1
1175	3	1	1.05202445654258	0.237240175999787	0.68043287079947	0.353317569782913	0.800965037492195	0.545198369976288	2	4	4	2	4	2	1	2	1	1	3	4	2	1
1173	5	2	-0.312813307588382	0.209328351113669	-1.03714279541407	0.671377580319932	-0.00681112572602824	0.601528868656194	2	2	2	1	1	1	1	2	1	1	3	2	1	1
1172	6	2	-0.835588917721093	0.0497864480317308	0.57561140874089	0.351436668615328	-1.00618804280855	0.68657711504414	4	2	1	1	2	2	1	1	1	1	2	1	1	1
1169	10	2	-0.831918622579797	0.0477271085637012	0.47902648189112	0.360278256623955	-0.596599435841515	0.630558902398885	2	2	1	2	1	2	1	1	1	1	2	2	1	1
1168	5	2	0.454278809569516	0.94239389792813	1.49522907400115	0.372118990889023	NA	NA	4	NA	NA	NA	2	3	NA	NA	NA	NA	NA	NA	NA	NA
1164	10	1	-1.12938065661674	0.251273667055049	-1.03714279541407	0.671377580319932	-1.15511762742498	0.716190104428349	3	1	1	2	1	1	1	2	1	1	1	1	1	1
1159	15	2	-0.838073150688509	0.0512145355647954	-1.03714279541407	0.671377580319932	-0.428889040431349	0.696863425550325	1	2	1	1	1	1	1	2	1	2	1	1	1	1
1134	7	1	0.330864415680507	0.0461285630872004	0.57561140874089	0.351436668615328	0.968752126835265	0.548445906852291	1	2	3	2	2	2	1	2	1	1	4	4	2	1
1133	13	2	-0.838073150688509	0.0512145355647954	0.47902648189112	0.360278256623955	-0.596599435841515	0.630558902398885	1	2	1	1	1	2	1	1	1	1	2	2	1	1
1128	4	2	1.03676383910366	0.235471989320322	0.912728614223306	0.337694736611178	-0.00681112572602824	0.601528868656194	1	4	4	2	3	2	2	2	1	1	3	2	1	1
117	1	2	-1.417017145299	0.417347665168179	-0.672555804286283	0.573913270328319	0.642270691961535	0.546518955498445	1	1	1	1	2	1	1	2	2	1	3	3	1	1
1124	11	1	0.730982712141205	0.0422467533560456	0.57561140874089	0.351436668615328	0.185097576104538	0.624738866852508	4	2	4	2	2	2	1	2	1	1	3	1	2	1
1123	15	2	-0.312813307588382	0.209328351113669	-1.03714279541407	0.671377580319932	-0.335154621747144	0.615872339484269	2	2	2	1	1	1	1	2	1	1	2	2	1	1
1120	6	1	-1.417017145299	0.417347665168179	-1.03714279541407	0.671377580319932	-1.00618804280855	0.68657711504414	1	1	1	1	1	1	1	1	1	1	2	1	1	1
1099	11	1	0.38350434404399	0.0669703476748767	0.47902648189112	0.360278256623955	-0.498176699344638	0.717108999148368	1	3	3	1	1	2	1	1	1	1	4	1	1	1
1077	6	2	-0.332189846679887	0.206464315413851	-1.03714279541407	0.671377580319932	-0.616235439234278	0.69215253528538	1	2	2	1	1	1	1	1	1	1	3	1	1	1
1048	3	2	-0.226617655046107	0.208367221928936	-1.03714279541407	0.671377580319932	2.37962560520126	0.576663373586017	2	2	2	2	1	1	1	1	1	2	6	6	6	2
1045	6	2	1.17543014878189	0.246005172692389	-1.03714279541407	0.671377580319932	1.91234069454869	0.610369194152877	4	4	4	3	1	1	1	1	1	1	6	6	5	2
1035	7	1	0.0364068370994046	0.0532890544025238	0.57561140874089	0.351436668615328	-1.15511762742498	0.716190104428349	1	3	2	1	2	2	1	2	1	1	1	1	1	1
1013	2	2	0.393265885012284	0.067987321326981	-1.03714279541407	0.671377580319932	-0.0457524173066048	0.603133416117948	2	3	3	2	1	1	1	1	1	2	2	2	1	1
113	8	1	-1.1492016426842	0.259200519432604	0.57561140874089	0.351436668615328	0.782108513421158	0.551453805299679	2	1	1	2	2	2	1	2	2	1	3	2	2	1
SRR13233456	NA	NA	NA	NA	NA	NA	NA	NA	NA	NA	NA	NA	NA	NA	NA	NA	NA	NA	NA	NA	NA	NA
SRR13233457	NA	NA	NA	NA	NA	NA	NA	NA	NA	NA	NA	NA	NA	NA	NA	NA	NA	NA	NA	NA	NA	NA
2365	3	2	0.394966635639061	0.0680100550177338	-0.672555804286283	0.573913270328319	-0.762235970190338	0.708010720257296	3	3	3	2	2	1	1	1	1	2	1	1	1	1
2295	12	1	0.729285104687707	0.0414080968185825	-1.03714279541407	0.671377580319932	-0.616235439234278	0.69215253528538	1	2	4	2	1	1	1	1	1	1	3	1	1	1
2292	1	2	-0.447271895270133	0.947151555990503	-0.495393863327373	0.566808090560261	NA	NA	1	NA	NA	NA	3	1	NA	NA	NA	NA	NA	NA	NA	NA
2291	5	2	-0.0701388750830163	0.904250324957875	0.564473161732923	0.375063276367103	NA	NA	2	NA	NA	NA	1	2	NA	NA	NA	NA	NA	NA	NA	NA
2273	10	2	0.453109979348779	0.0490996444224527	0.47902648189112	0.360278256623955	-0.335154621747144	0.615872339484269	1	4	3	1	1	2	1	2	1	1	2	2	1	1
2247	7	1	1.17528936882849	0.250719700443616	0.649059676340311	0.35034407583782	0.396622850827055	0.57349027023257	2	4	4	4	3	2	1	2	1	1	3	2	2	1
2246	9	1	1.11824034594554	0.247747378029615	-1.03714279541407	0.671377580319932	0.405375362268659	0.587777632373757	1	4	4	3	1	1	1	2	1	1	4	3	1	1
2241	4	2	0.0385542113552008	0.0520047253456525	-0.0660968825342023	0.439189498419134	1.12457093891336	0.543944454168247	3	3	2	1	2	1	2	1	2	1	3	5	1	2
2238	3	1	-0.332189846679887	0.206464315413851	-0.249794077934664	0.478477060404757	-1.51097713883035	0.728409944662597	1	2	2	1	1	1	2	1	1	1	1	1	1	1
200	9	2	-0.332189846679887	0.206464315413851	-1.03714279541407	0.671377580319932	-0.0835751108687113	0.64807961381009	1	2	2	1	1	1	1	1	1	1	3	1	2	1
2233	9	1	2.22945556802651	0.322839504304403	-0.546002038113654	0.560317466652551	0.905341351789883	0.557600347950078	5	5	5	3	3	1	1	2	2	1	2	2	2	2
2224	3	1	-0.197739318972651	0.20519935269298	1.43403293323917	0.354260294642027	0.437701625313733	0.580544682033318	5	2	2	2	4	3	1	2	1	1	3	4	1	1
2222	3	1	1.19064192615185	0.245475493388901	1.82077037834623	0.3620271997201	2.47842497387436	0.544713249267827	5	4	4	3	2	3	6	4	3	1	5	5	2	6
2203	2	2	-0.312813307588382	0.209328351113669	-0.672555804286283	0.573913270328319	-0.121034521004346	0.605887241019878	2	2	2	1	2	1	1	1	2	1	2	2	1	1
2199	1	2	0.38350434404399	0.0669703476748767	-1.03714279541407	0.671377580319932	1.14047371530397	0.519614920501689	1	3	3	1	1	1	1	2	2	1	3	4	2	1
2179	4	1	0.389908240980995	0.0679642753717814	-0.672555804286283	0.573913270328319	1.03963219965635	0.561537064499192	2	3	3	NA	2	1	1	2	2	1	3	1	2	2
2163	2	1	1.05202445654258	0.237240175999787	0.649059676340311	0.35034407583782	-0.140322218927153	0.642479590016018	2	4	4	2	3	2	1	1	1	1	2	4	1	1
2157	12	1	-0.296902817852704	0.211088916722729	-1.03714279541407	0.671377580319932	-0.596599435841515	0.630558902398885	3	2	2	1	1	1	1	1	1	1	2	2	1	1
523	6	1	-1.28809353731803	0.333587169332184	-1.03714279541407	0.671377580319932	-0.994713697360366	0.67501613137766	4	1	1	1	1	1	1	1	1	1	1	2	1	1
28	1	2	1.76553045845266	0.0470125680453822	-0.546002038113654	0.560317466652551	0.15182085397111	0.587663975643466	2	4	5	2	3	1	1	1	2	1	2	3	1	1
5846	10	1	-1.18737100772654	0.277510262430713	-1.03714279541407	0.671377580319932	1.05605880955678	0.54475212239866	1	1	1	2	1	1	1	2	1	2	4	4	1	1
5845	5	1	0.959848272810263	0.217633645476233	-1.03714279541407	0.671377580319932	-0.0549525729996644	0.659072890972545	1	4	4	1	1	1	1	1	1	1	2	5	1	1
5821	NA	2	0.0375433584405553	0.0526008884597742	-0.672555804286283	0.573913270328319	-0.678225176257484	0.689374167866634	2	3	2	1	2	1	1	1	1	1	1	3	1	1
5820	2	1	0.386793606340602	0.0674924260941798	-0.249794077934664	0.478477060404757	1.58654637798306	0.535720084680892	3	3	3	1	1	1	2	2	2	1	5	5	1	2
5802	7	2	-1.417017145299	0.417347665168179	-1.03714279541407	0.671377580319932	-0.596599435841515	0.630558902398885	1	1	1	1	1	1	1	1	1	1	2	2	1	1
5770	2	1	-0.296902817852704	0.211088916722729	0.57561140874089	0.351436668615328	0.0959902669759986	0.59285084716317	3	2	2	1	2	2	1	2	1	1	2	2	2	1
5767	1	1	0.0364068370994046	0.0532890544025238	0.649059676340311	0.35034407583782	1.10702623377491	0.556632055197311	1	3	2	1	3	2	1	2	1	1	4	5	2	1
5758	6	2	0.38350434404399	0.0669703476748767	-1.03714279541407	0.671377580319932	-0.692920794230491	0.672605015458528	1	3	3	1	1	1	1	2	1	1	2	1	1	1
5746	6	1	1.07131066366738	0.239511467275867	-1.03714279541407	0.671377580319932	-0.00681112572602824	0.601528868656194	3	4	4	2	1	1	1	2	1	1	3	2	1	1
5708	12	2	-0.332189846679887	0.206464315413851	0.57561140874089	0.351436668615328	0.423198912269434	0.601235145706903	1	2	2	1	2	2	1	1	1	2	4	2	1	1
511	1	2	-0.296902817852704	0.211088916722729	-1.03714279541407	0.671377580319932	-0.121034521004346	0.605887241019878	3	2	2	1	1	1	1	1	2	1	2	2	1	1
5700	8	1	-1.417017145299	0.417347665168179	2.47298778884457	0.493793111892249	-0.150123790372394	0.646731748688584	1	1	1	1	1	5	1	2	2	1	2	1	1	1
5679	10	2	-1.33522798140931	0.359411499522025	-1.03714279541407	0.671377580319932	-1.00618804280855	0.68657711504414	2	1	1	1	1	1	1	1	1	1	2	1	1	1
4003	10	2	-0.0701388750830163	0.904250324957875	-0.627869255513938	0.580256634442725	NA	NA	2	NA	NA	NA	2	1	NA	NA	NA	NA	NA	NA	NA	NA
3993	8	1	1.038898320397	0.244271264921887	-0.199213705211889	0.485875671473602	-0.256040511953333	0.620964212915272	1	4	4	NA	1	1	3	1	1	1	3	2	1	1
3985	5	2	-0.296902817852704	0.211088916722729	-1.03714279541407	0.671377580319932	-0.596599435841515	0.630558902398885	3	2	2	1	1	1	1	1	1	1	2	2	1	1
3940	NA	1	-0.312813307588382	0.209328351113669	-0.672555804286283	0.573913270328319	-0.596599435841515	0.630558902398885	2	2	2	1	2	1	1	1	1	1	2	2	1	1
3931	11	2	-1.33522798140931	0.359411499522025	-0.672555804286283	0.573913270328319	0.0515786896163469	0.609758875256215	2	1	1	1	2	1	1	3	1	1	2	3	1	1
3928	10	2	-0.332189846679887	0.206464315413851	-1.03714279541407	0.671377580319932	-0.596599435841515	0.630558902398885	1	2	2	1	1	1	1	1	1	1	2	2	1	1
3909	2	2	-1.33522798140931	0.359411499522025	-1.03714279541407	0.671377580319932	-1.00618804280855	0.68657711504414	2	1	1	1	1	1	1	1	1	1	2	1	1	1
3872	9	1	-0.332189846679887	0.206464315413851	-1.03714279541407	0.671377580319932	-0.462665435930163	0.662509373346524	1	2	2	1	1	1	1	1	1	1	2	1	2	1
3859	14	2	0.386793606340602	0.0674924260941798	-1.03714279541407	0.671377580319932	-0.335154621747144	0.615872339484269	3	3	3	1	1	1	1	2	1	1	2	2	1	1
3853	5	2	0.0439293150911346	0.0489262038469989	-0.672555804286283	0.573913270328319	-0.596599435841515	0.630558902398885	4	3	2	2	2	1	1	1	1	1	2	2	1	1
345	4	2	-1.33522798140931	0.359411499522025	-1.03714279541407	0.671377580319932	-0.994713697360366	0.67501613137766	2	1	1	1	1	1	1	1	1	1	1	2	1	1
3852	14	1	-1.33522798140931	0.359411499522025	-1.03714279541407	0.671377580319932	-0.596599435841515	0.630558902398885	2	1	1	1	1	1	1	1	1	1	2	2	1	1
3837	9	1	0.39789818924003	0.068044958404765	1.47320625257472	0.357489026545336	1.25998216123673	0.627570844736779	2	3	3	3	5	3	1	4	2	2	6	1	1	1
3832	1	1	-0.226617655046107	0.208367221928936	-0.546002038113654	0.560317466652551	1.71270287408879	0.517533287017886	2	2	2	2	3	1	1	2	3	2	3	4	1	2
3826	9	2	-1.33522798140931	0.359411499522025	-1.03714279541407	0.671377580319932	-0.994713697360366	0.67501613137766	2	1	1	1	1	1	1	1	1	1	1	2	1	1
3809	9	1	-0.288276239696275	0.212057930126438	-0.249794077934664	0.478477060404757	-0.335154621747144	0.615872339484269	4	2	2	1	1	1	2	2	1	1	2	2	1	1
3797	13	1	1.11824034594554	0.247747378029615	-1.03714279541407	0.671377580319932	-1.00618804280855	0.68657711504414	1	4	4	3	1	1	1	1	1	1	2	1	1	1
3782	10	2	-0.447271895270133	0.947151555990503	1.41612058590083	0.384051028626352	NA	NA	1	NA	NA	NA	1	3	NA	NA	NA	NA	NA	NA	NA	NA
3771	12	1	1.09074004786057	0.242245888359561	0.843452785840551	0.338210353362157	-0.165963969822229	0.689782340530299	4	4	4	2	2	2	2	2	1	1	4	1	1	1
3765	5	2	-0.548338000005247	0.0467539641947188	-1.03714279541407	0.671377580319932	0.0959902669759986	0.59285084716317	2	1	2	1	1	1	1	2	1	1	2	2	2	1
3763	16	2	0.959848272810263	0.217633645476233	-0.672555804286283	0.573913270328319	-0.692920794230491	0.672605015458528	1	4	4	1	2	1	1	2	1	1	2	1	1	1
335	5	2	-0.838073150688509	0.0512145355647954	-1.03714279541407	0.671377580319932	-0.892103799506187	0.709718190112266	1	2	1	1	1	1	1	1	1	1	1	1	2	1
3752	4	2	-1.417017145299	0.417347665168179	-0.51669949689853	0.559938230825302	-1.51097713883035	0.728409944662597	1	1	1	1	4	1	1	1	1	1	1	1	1	1
3712	5	1	1.75000799989879	0.0402692240980145	0.57561140874089	0.351436668615328	-0.303022729892198	0.625204131798414	3	1	5	3	2	2	1	1	1	1	2	3	1	1
3684	8	2	-1.33522798140931	0.359411499522025	1.31113790068387	0.359230396236553	0.424464731715788	0.615491928377642	2	1	1	1	2	3	1	2	2	2	2	1	1	1
3683	NA	2	0.400826363489815	0.0678379936511123	-0.249794077934664	0.478477060404757	1.50267581159821	0.624736994518726	4	3	3	3	1	1	2	2	4	1	5	2	3	1
3680	13	2	-1.417017145299	0.417347665168179	-0.672555804286283	0.573913270328319	-0.692920794230491	0.672605015458528	1	1	1	1	2	1	1	2	1	1	2	1	1	1
3679	11	1	-1.417017145299	0.417347665168179	0.57561140874089	0.351436668615328	0.0290760092854222	0.598814090251098	1	1	1	1	2	2	1	1	1	1	3	3	1	1
3667	5	1	-0.447271895270133	0.947151555990503	2.19513760172804	0.38797394848834	NA	NA	1	NA	NA	NA	1	4	NA	NA	NA	NA	NA	NA	NA	NA
3665	5	2	-0.332189846679887	0.206464315413851	-1.03714279541407	0.671377580319932	-0.864227249141681	0.709794960718657	1	2	2	1	1	1	1	1	2	1	1	1	1	1
3660	5	2	-1.417017145299	0.417347665168179	-1.03714279541407	0.671377580319932	-0.596599435841515	0.630558902398885	1	1	1	1	1	1	1	1	1	1	2	2	1	1
333	10	2	-0.245837005657461	0.21056098088498	-1.03714279541407	0.671377580319932	0.428297902893017	0.626568825516203	1	2	2	2	1	1	1	1	1	1	5	4	1	1
3659	6	1	1.17543014878189	0.246005172692389	-0.0660968825342023	0.439189498419134	-0.142980166730207	0.605973133990095	4	4	4	3	2	1	2	1	1	1	2	2	2	1
3658	11	2	-0.332189846679887	0.206464315413851	-1.03714279541407	0.671377580319932	-1.00618804280855	0.68657711504414	1	2	2	1	1	1	1	1	1	1	2	1	1	1
3657	10	2	0.385124426217291	0.0672402770932011	-1.03714279541407	0.671377580319932	-1.51097713883035	0.728409944662597	2	3	3	1	1	1	1	1	1	1	1	1	1	1
3656	12	2	-1.3001021339318	0.339532683659676	-0.51669949689853	0.559938230825302	-0.994713697360366	0.67501613137766	3	1	1	1	4	1	1	1	1	1	1	2	1	1
3655	4	1	0.743388950009223	0.047585760381073	0.761436603280432	0.343905874345182	-0.678225176257484	0.689374167866634	3	3	4	1	1	2	2	1	1	1	1	3	1	1
3650	3	1	0.386793606340602	0.0674924260941798	-0.51669949689853	0.559938230825302	-0.194424059785388	0.677158701979779	3	3	3	1	4	1	1	3	1	1	3	1	1	1
3645	4	1	1.09074004786057	0.242245888359561	-0.249794077934664	0.478477060404757	0.375124901998312	0.571544503031254	4	4	4	2	1	1	2	2	1	1	2	3	1	2
3640	7	1	-1.33522798140931	0.359411499522025	-0.672555804286283	0.573913270328319	-1.00618804280855	0.68657711504414	2	1	1	1	2	1	1	1	1	1	2	1	1	1
3639	11	2	-0.332189846679887	0.206464315413851	-1.03714279541407	0.671377580319932	-0.0380611641954855	0.651562034622699	1	2	2	1	1	1	1	NA	1	1	1	3	2	1
3637	7	2	-1.28809353731803	0.333587169332184	-0.672555804286283	0.573913270328319	-1.00618804280855	0.68657711504414	4	1	1	1	2	1	1	1	1	1	2	1	1	1
306	6	1	-0.447271895270133	0.947151555990503	-0.627869255513938	0.580256634442725	NA	NA	1	NA	NA	NA	2	1	NA	NA	NA	NA	NA	NA	NA	NA
3621	8	1	-1.1162969742879	0.24767659340329	0.0318029396534207	0.432955252043865	-0.131352767067	0.640123013045284	3	1	1	3	3	1	2	1	1	1	4	2	1	1
3620	6	2	-0.332189846679887	0.206464315413851	-1.03714279541407	0.671377580319932	-0.150123790372394	0.646731748688584	1	2	2	1	1	1	1	2	2	1	2	1	1	1
3613	8	2	0.0375433584405553	0.0526008884597742	0.912728614223306	0.337694736611178	0.782108513421158	0.551453805299679	2	3	2	1	3	2	2	2	2	1	3	2	2	1
10451	10	1	-0.200591344671187	0.207417701110271	-0.672555804286283	0.573913270328319	0.418215416533485	0.573645385460626	2	2	2	3	2	1	1	2	2	1	3	2	1	1
10433	8	2	0.385124426217291	0.0672402770932011	-1.03714279541407	0.671377580319932	-0.596599435841515	0.630558902398885	2	3	3	1	1	1	1	1	1	1	2	2	1	1
10430	6	1	0.38350434404399	0.0669703476748767	-1.03714279541407	0.671377580319932	-0.303022729892198	0.625204131798414	1	3	3	1	1	1	1	1	1	1	2	3	1	1
10412	8	1	-0.200591344671187	0.207417701110271	0.57561140874089	0.351436668615328	0.132160121449565	0.61935492378865	2	2	2	3	2	2	1	2	1	1	4	2	1	1
10398	13	1	0.747968021354678	0.0501081022337265	2.64988752297451	0.328776369733739	1.70861657174112	0.532795217537761	4	3	4	2	5	4	5	3	3	2	4	4	1	1
10387	7	1	-0.296902817852704	0.211088916722729	-1.03714279541407	0.671377580319932	-1.00618804280855	0.68657711504414	3	2	2	1	1	1	1	1	1	1	2	1	1	1
10385	8	2	0.385124426217291	0.0672402770932011	-1.03714279541407	0.671377580319932	-0.678225176257484	0.689374167866634	2	3	3	1	1	1	1	1	1	1	1	3	1	1
10383	1	1	0.0375433584405553	0.0526008884597742	0.57561140874089	0.351436668615328	0.578720115954914	0.636095169644189	2	3	2	1	2	2	1	1	3	1	2	5	1	1
10373	1	2	-0.312813307588382	0.209328351113669	-0.672555804286283	0.573913270328319	0.310210472730227	0.597503054033587	2	2	2	1	2	1	1	1	1	1	2	4	2	1
10338	NA	1	-0.312813307588382	0.209328351113669	-0.672555804286283	0.573913270328319	0.333215752111609	0.596929538249045	2	2	2	1	2	1	1	1	2	1	2	4	1	1
10310	1	2	1.05202445654258	0.237240175999787	-0.498956958136958	0.56003264128841	0.442894722723247	0.612764064497151	2	4	4	2	5	1	1	1	2	1	2	5	1	1
10295	5	1	0.728173216110669	0.0408817248285441	0.852289055743664	0.357389725076468	0.130263974402055	0.588069292473812	4	2	4	1	1	2	3	1	1	1	2	3	2	1
10265	12	1	2.11110266872607	0.279483773630431	-1.03714279541407	0.671377580319932	-1.00618804280855	0.68657711504414	1	5	5	NA	1	1	1	1	1	1	2	1	1	1
816	8	1	-1.28809353731803	0.333587169332184	1.43403293323917	0.354260294642027	0.421857864786468	0.56219490003701	4	1	1	1	4	3	1	1	1	1	3	3	2	1
10247	1	1	1.76816880137946	0.0485073296392422	-0.672555804286283	0.573913270328319	0.873230928650274	0.580086282138477	3	4	5	NA	2	1	1	1	1	1	5	4	1	2
10246	4	1	0.0396870227282545	0.0513898961444309	-1.03714279541407	0.671377580319932	-0.0717149444800273	0.655154709001186	2	3	2	NA	1	1	1	1	1	1	6	2	1	1
10239	16	1	0.457904625093592	0.046719497622102	2.4058254096848	0.328669235366292	0.0290760092854222	0.598814090251098	4	4	3	NA	2	4	4	1	1	1	3	3	1	1
10202	5	1	1.07612243422975	0.248966936399711	-1.03714279541407	0.671377580319932	0.257163435050798	0.576306138245582	3	4	4	NA	1	1	1	2	1	1	3	3	1	1
10201	10	1	-1.39169738031894	0.405855390909077	-1.03714279541407	0.671377580319932	-0.348191672951286	0.659044541341625	1	1	1	NA	1	1	1	1	1	2	2	1	1	1
10199	NA	2	1.07612243422975	0.248966936399711	-1.03714279541407	0.671377580319932	0.812339077886819	0.594863117323624	3	4	4	NA	1	1	1	3	2	1	2	5	1	1
10194	2	1	-1.39169738031894	0.405855390909077	-1.03714279541407	0.671377580319932	-0.142980166730207	0.605973133990095	1	1	1	NA	1	1	1	1	1	1	2	2	2	1
3593	10	1	-0.226617655046107	0.208367221928936	0.57561140874089	0.351436668615328	-0.089388850350204	0.650246989858378	2	2	2	2	2	2	1	1	1	1	5	2	1	1
3569	13	1	-0.202425192720471	0.205685106401989	-0.51669949689853	0.559938230825302	-0.305783448320168	0.666173963902021	4	2	2	2	4	1	1	2	1	1	3	1	1	1
3538	7	1	-1.33522798140931	0.359411499522025	-1.03714279541407	0.671377580319932	-0.445250296224929	0.651375178101022	2	1	1	1	1	1	1	1	2	1	1	2	1	1
3532	4	1	-1.417017145299	0.417347665168179	-1.03714279541407	0.671377580319932	0.365226035902638	0.581034552519068	1	1	1	1	1	1	1	3	1	1	3	3	1	1
3515	2	2	-0.816238896824563	0.0408251027286956	-0.672555804286283	0.573913270328319	1.06947916802792	0.551811409164792	2	3	1	1	2	1	1	3	2	1	2	4	1	2
3506	5	1	1.03676383910366	0.235471989320322	-1.03714279541407	0.671377580319932	-0.692920794230491	0.672605015458528	1	4	4	2	1	1	1	2	1	1	2	1	1	1
297	3	1	-1.33522798140931	0.359411499522025	-1.03714279541407	0.671377580319932	-0.335154621747144	0.615872339484269	2	1	1	1	1	1	1	2	1	1	2	2	1	1
3496	5	1	-1.417017145299	0.417347665168179	-1.03714279541407	0.671377580319932	-0.121034521004346	0.605887241019878	1	1	1	1	1	1	1	1	2	1	2	2	1	1
3460	5	2	-1.417017145299	0.417347665168179	-1.03714279541407	0.671377580319932	-0.994713697360366	0.67501613137766	1	1	1	1	1	1	1	1	1	1	1	2	1	1
3459	9	2	-1.417017145299	0.417347665168179	-0.498956958136958	0.56003264128841	-0.994713697360366	0.67501613137766	1	1	1	1	5	1	1	1	1	1	1	2	1	1
3455	4	1	0.0364068370994046	0.0532890544025238	-1.03714279541407	0.671377580319932	-0.303022729892198	0.625204131798414	1	3	2	1	1	1	1	1	1	1	2	3	1	1
3447	3	1	0.959848272810263	0.217633645476233	-0.249794077934664	0.478477060404757	0.351437331691154	0.571002496151817	1	4	4	1	1	1	2	2	1	1	2	3	2	1
3436	8	2	-1.28809353731803	0.333587169332184	-0.672555804286283	0.573913270328319	0.968372130110931	0.525075820173188	4	1	1	1	2	1	1	2	2	1	3	3	2	1
3435	2	2	0.396196068589486	0.0680142691842999	-1.03714279541407	0.671377580319932	1.112639506236	0.613516132693933	4	3	3	2	1	1	1	2	1	2	1	6	1	2
3398	9	1	0.454812149044773	0.0482257723007812	0.761436603280432	0.343905874345182	0.62165467641682	0.546364860688728	3	4	3	1	1	2	2	2	1	1	3	3	2	1
3397	3	2	0.0571454725280405	0.0431559724018775	-1.03714279541407	0.671377580319932	-0.692920794230491	0.672605015458528	2	4	2	1	1	1	1	2	1	1	2	1	1	1
3368	6	2	1.47886552059051	0.0491926729795661	-0.199213705211889	0.485875671473602	1.31291350227604	0.532115654731014	NA	5	4	2	1	1	3	2	2	1	3	4	3	1
291	2	2	0.0605110358059714	0.0414579609451016	0.93823610073191	0.351836406531057	0.814486135632596	0.571040299789374	2	4	2	2	2	2	3	1	1	2	3	5	1	1
3361	2	2	1.05202445654258	0.237240175999787	1.31113790068387	0.359230396236553	0.809927440352256	0.559271356248493	2	4	4	2	2	3	1	1	2	2	2	4	1	1
3333	3	1	0.729826176035422	0.0416694266784432	0.57561140874089	0.351436668615328	0.870739088440108	0.599251928033086	2	2	4	2	2	2	1	3	1	1	4	5	1	1
3311	8	1	-1.417017145299	0.417347665168179	-1.03714279541407	0.671377580319932	-0.303022729892198	0.625204131798414	1	1	1	1	1	1	1	1	1	1	2	3	1	1
3309	8	1	0.0584866559918503	0.0424815474105523	-1.03714279541407	0.671377580319932	0.0630097017278256	0.635587976230278	5	4	2	1	1	1	1	1	1	1	2	1	2	2
3303	7	2	2.15763213446707	0.286089725878925	-0.249794077934664	0.478477060404757	0.796237359187157	0.616849079177269	3	5	NA	3	1	1	2	3	1	1	6	2	2	1
639	10	2	-1.417017145299	0.417347665168179	1.23073487652368	0.372372924988203	-0.678225176257484	0.689374167866634	1	1	1	1	1	3	1	1	1	1	1	3	1	1
8254	2	2	2.35158054981994	0.397748120633611	2.11131038252433	0.370106463359651	1.94163829996966	0.533985128251803	4	5	5	4	4	4	1	2	3	1	4	4	2	4
8148	NA	2	2.12701734521442	0.274239082016628	-1.03714279541407	0.671377580319932	-0.596599435841515	0.630558902398885	1	5	5	3	1	1	1	1	1	1	2	2	1	1
8142	10	2	-1.417017145299	0.417347665168179	1.31113790068387	0.359230396236553	-1.51097713883035	0.728409944662597	1	1	1	1	2	3	1	1	1	1	1	1	1	1
8085	9	2	-0.226617655046107	0.208367221928936	-1.03714279541407	0.671377580319932	-0.596599435841515	0.630558902398885	2	2	2	2	1	1	1	1	1	1	2	2	1	1
8021	NA	1	-0.548338000005247	0.0467539641947188	-1.03714279541407	0.671377580319932	0.122545532347152	0.615463040812807	2	1	2	1	1	1	1	2	1	1	2	4	1	1
7991	2	2	0.971231435473381	0.228089812404565	-1.03714279541407	0.671377580319932	-0.142980166730207	0.605973133990095	2	4	NA	1	1	1	1	1	1	1	2	2	2	1
7969	5	1	0.38350434404399	0.0669703476748767	-0.875389177354486	0.662278115608074	-0.523931329198597	0.716795738591924	1	3	3	1	NA	1	1	1	1	1	1	4	1	1
7959	8	2	-1.417017145299	0.417347665168179	0.761436603280432	0.343905874345182	-0.305783448320168	0.666173963902021	1	1	1	1	1	2	2	2	1	1	3	1	1	1
638	8	1	2.0821430412172	0.256109198534021	0.57561140874089	0.351436668615328	0.0290760092854222	0.598814090251098	4	5	5	2	2	2	1	1	1	1	3	3	1	1
7928	13	2	0.328662425715626	0.0450596041711209	-0.249794077934664	0.478477060404757	0.396622850827055	0.57349027023257	3	2	3	1	1	1	2	2	1	1	3	2	2	1
7902	5	1	1.76491689735744	0.0467187361567867	0.57561140874089	0.351436668615328	0.152321120239225	0.669611365893473	4	4	5	1	2	2	1	2	2	2	1	1	1	1
7886	3	1	1.07131066366738	0.239511467275867	1.31113790068387	0.359230396236553	1.39450600814352	0.572932301263304	3	4	4	2	2	3	1	1	2	1	3	6	3	1
7882	9	1	-0.219613563737909	0.210816738968065	-1.03714279541407	0.671377580319932	1.45133303158942	0.649889978779595	1	2	2	3	1	1	1	1	1	1	6	6	5	1
7876	5	1	-0.332189846679887	0.206464315413851	-1.03714279541407	0.671377580319932	-0.305783448320168	0.666173963902021	1	2	2	1	1	1	1	2	1	1	3	1	1	1
7872	1	2	-1.12199108174896	0.248663112029599	0.57561140874089	0.351436668615328	0.486091533740062	0.630314271670191	4	1	1	2	2	2	1	1	1	1	4	5	1	1
7867	9	1	-0.332189846679887	0.206464315413851	0.57561140874089	0.351436668615328	-0.175023307565216	0.64683984256276	1	2	2	1	2	2	1	2	1	1	2	1	2	1
7836	10	1	2.35191128799487	0.422970006416704	-0.672555804286283	0.573913270328319	0.204861411190397	0.636604816584669	2	5	5	5	2	1	1	2	1	1	6	2	1	1
7835	7	1	-0.226617655046107	0.208367221928936	0.57561140874089	0.351436668615328	1.23862343333965	0.635620732492101	2	2	2	2	2	2	1	1	1	1	2	6	3	3
7834	1	2	1.09074004786057	0.242245888359561	0.57561140874089	0.351436668615328	-0.0112531268240224	0.670402017262829	4	4	4	2	2	2	1	1	1	1	2	6	1	1
637	14	1	-1.417017145299	0.417347665168179	-1.03714279541407	0.671377580319932	-1.51097713883035	0.728409944662597	1	1	1	1	1	1	1	1	1	1	1	1	1	1
7831	NA	2	0.45394997171976	0.0486640813344252	0.57561140874089	0.351436668615328	2.06578425767732	0.504472184900106	2	4	3	1	2	2	1	2	2	2	3	6	2	2
3302	10	2	-0.296902817852704	0.211088916722729	-0.249794077934664	0.478477060404757	-0.303022729892198	0.625204131798414	3	2	2	1	1	1	2	1	1	1	2	3	1	1
3264	8	1	0.061530158474087	0.0409656622700962	-0.672555804286283	0.573913270328319	0.818256047015799	0.546764678161778	4	4	2	2	2	1	1	2	2	2	2	3	1	1
3241	2	1	-0.296902817852704	0.211088916722729	-0.672555804286283	0.573913270328319	0.963918891991845	0.538820441017172	3	2	2	1	2	1	1	1	2	2	2	3	2	1
3222	NA	1	-0.245837005657461	0.21056098088498	-1.03714279541407	0.671377580319932	0.0290760092854222	0.598814090251098	1	2	2	2	1	1	1	1	1	1	3	3	1	1
3218	10	1	-1.417017145299	0.417347665168179	-1.03714279541407	0.671377580319932	-0.335154621747144	0.615872339484269	1	1	1	1	1	1	1	2	1	1	2	2	1	1
3188	8	1	-0.447271895270133	0.947151555990503	-0.463802742357604	0.566853248318326	NA	NA	1	NA	NA	NA	4	1	NA	NA	NA	NA	NA	NA	NA	NA
3168	4	2	0.729826176035422	0.0416694266784432	0.57561140874089	0.351436668615328	0.982020005825501	0.560021108953166	2	2	4	2	2	2	1	2	1	1	2	4	2	3
3167	2	2	-0.283554486173103	0.212569939981892	-0.672555804286283	0.573913270328319	1.12882271569178	0.573760575511027	5	2	2	1	2	1	1	2	1	1	2	5	2	3
3135	11	2	-1.18737100772654	0.277510262430713	0.761436603280432	0.343905874345182	-0.119337835863652	0.606326257551549	1	1	1	2	1	2	2	1	1	1	2	2	1	2
3127	4	1	-0.296902817852704	0.211088916722729	-1.03714279541407	0.671377580319932	-0.692920794230491	0.672605015458528	3	2	2	1	1	1	1	2	1	1	2	1	1	1
3121	2	1	1.0553180855096	0.246365174323605	0.57561140874089	0.351436668615328	0.0959902669759986	0.59285084716317	2	4	4	NA	2	2	1	2	1	1	2	2	2	1
3097	6	1	0.729826176035422	0.0416694266784432	1.38571605159114	0.352618245857028	-0.00681112572602824	0.601528868656194	2	2	4	2	3	3	1	2	1	1	3	2	1	1
275	3	2	-1.33522798140931	0.359411499522025	-0.672555804286283	0.573913270328319	-0.303022729892198	0.625204131798414	2	1	1	1	2	1	1	1	1	1	2	3	1	1
SRR13233628	NA	NA	NA	NA	NA	NA	NA	NA	NA	NA	NA	NA	NA	NA	NA	NA	NA	NA	NA	NA	NA	NA
3085	9	2	-1.3001021339318	0.339532683659676	-0.672555804286283	0.573913270328319	-0.119337835863652	0.606326257551549	3	1	1	1	2	1	1	1	1	1	2	2	1	2
3066	5	1	-1.417017145299	0.417347665168179	-0.672555804286283	0.573913270328319	-0.498176699344638	0.717108999148368	1	1	1	1	2	1	1	1	1	1	4	1	1	1
3060	6	1	1.48099189649992	0.0479962561923454	1.61515089223041	0.344063869336866	0.785635353741877	0.552295498516318	1	5	4	3	1	3	3	2	1	1	3	2	2	2
3028	5	1	1.05202445654258	0.237240175999787	-0.672555804286283	0.573913270328319	1.13222942752013	0.546467876142363	2	4	4	2	2	1	1	1	2	1	3	4	3	1
2999	11	1	-1.417017145299	0.417347665168179	-1.03714279541407	0.671377580319932	-0.692125673782879	0.661009739769705	1	1	1	1	1	1	1	2	1	1	1	2	1	1
2990	3	1	-0.312813307588382	0.209328351113669	-0.672555804286283	0.573913270328319	0.800965037492195	0.545198369976288	2	2	2	1	2	1	1	2	1	1	3	4	2	1
2977	14	2	-1.417017145299	0.417347665168179	-0.672555804286283	0.573913270328319	-0.60146408112403	0.687305069558418	1	1	1	1	2	1	1	3	1	1	2	1	1	1
1931	8	2	-0.54841909509453	0.0467213064349973	-1.03714279541407	0.671377580319932	-0.674832190872969	0.666613999374835	NA	1	2	1	1	1	1	2	1	1	1	2	1	NA
1914	2	1	1.05202445654258	0.237240175999787	-1.03714279541407	0.671377580319932	-0.256040511953333	0.620964212915272	2	4	4	2	1	1	1	1	1	1	3	2	1	1
1913	12	1	1.00822287356149	0.232539365727071	-0.672555804286283	0.573913270328319	-0.616235439234278	0.69215253528538	4	4	4	1	2	1	1	1	1	1	3	1	1	1
1912	3	2	0.385124426217291	0.0672402770932011	-1.03714279541407	0.671377580319932	-0.596599435841515	0.630558902398885	2	3	3	1	1	1	1	1	1	1	2	2	1	1
1911	1	1	-0.202425192720471	0.205685106401989	-0.672555804286283	0.573913270328319	-0.256040511953333	0.620964212915272	4	2	2	2	2	1	1	1	1	1	3	2	1	1
1904	3	2	1.13433125704177	0.247210019702554	0.843452785840551	0.338210353362157	-0.118610847015234	0.702063295983724	2	4	4	3	2	2	2	2	1	1	5	1	1	1
181	2	1	-0.0701388750830163	0.904250324957875	1.49522907400115	0.372118990889023	NA	NA	2	NA	NA	NA	2	3	NA	NA	NA	NA	NA	NA	NA	NA
SRR13233643	NA	NA	NA	NA	NA	NA	NA	NA	NA	NA	NA	NA	NA	NA	NA	NA	NA	NA	NA	NA	NA	NA
1903	9	1	0.38350434404399	0.0669703476748767	0.912728614223306	0.337694736611178	-0.0835751108687113	0.64807961381009	1	3	3	1	3	2	2	1	1	1	3	1	2	1
1901	6	2	1.03676383910366	0.235471989320322	1.61515089223041	0.344063869336866	1.71867549965991	0.553889656606513	1	4	4	2	1	3	3	3	3	2	4	2	2	1
1885	6	1	1.74823631998688	0.0394352577472074	-0.0660968825342023	0.439189498419134	1.37082356818382	0.511411463584756	4	1	5	2	2	1	2	2	2	2	3	3	1	2
1873	1	1	1.09716504907337	0.251988907871702	1.67357148023062	0.336675403795509	0.733032590051395	0.547749565413964	4	4	4	NA	2	3	3	2	2	1	2	3	2	1
1872	3	1	-0.226171384848827	0.210584062868718	0.47902648189112	0.360278256623955	0.0959902669759986	0.59285084716317	2	2	NA	2	1	2	1	2	1	1	2	2	2	1
1871	NA	2	-0.226617655046107	0.208367221928936	-0.199213705211889	0.485875671473602	1.39868819344739	0.562734107783973	2	2	2	2	1	1	3	1	2	2	2	6	2	1
1869	11	2	-0.838073150688509	0.0512145355647954	-1.03714279541407	0.671377580319932	-0.335154621747144	0.615872339484269	1	2	1	1	1	1	1	2	1	1	2	2	1	1
1866	9	1	-1.417017145299	0.417347665168179	0.47902648189112	0.360278256623955	-0.616235439234278	0.69215253528538	1	1	1	1	1	2	1	1	1	1	3	1	1	1
1861	2	2	-1.417017145299	0.417347665168179	-0.672555804286283	0.573913270328319	-0.37084572420845	0.661356534580647	1	1	1	1	2	1	1	2	1	1	1	3	1	1
1856	10	1	-0.296902817852704	0.211088916722729	0.68043287079947	0.353317569782913	0.0988162710249286	0.668550266930695	3	2	2	1	4	2	1	1	2	1	4	1	1	1
1852	3	1	-0.307538761327045	0.213304265087696	-1.03714279541407	0.671377580319932	-1.51097713883035	0.728409944662597	1	2	2	NA	1	1	1	1	1	1	1	1	1	1
1851	7	1	-0.835990284488643	0.050028961065258	-0.119936087662691	0.752315922756608	-0.96811788464826	0.684350524223552	2	2	1	NA	2	NA	1	1	1	NA	1	2	1	NA
1835	1	2	-1.33522798140931	0.359411499522025	-1.03714279541407	0.671377580319932	-0.0513318077064314	0.602602683378642	2	1	1	1	1	1	1	2	1	1	2	3	1	1
1822	10	1	0.38350434404399	0.0669703476748767	0.47902648189112	0.360278256623955	-0.616235439234278	0.69215253528538	1	3	3	1	1	2	1	1	1	1	3	1	1	1
1815	10	1	0.385124426217291	0.0672402770932011	-0.672555804286283	0.573913270328319	-0.596599435841515	0.630558902398885	2	3	3	1	2	1	1	1	1	1	2	2	1	1
1811	2	1	0.058247910922521	0.0425988736535572	0.885979290105835	0.365561526593907	-0.616235439234278	0.69215253528538	4	4	2	1	1	2	4	1	1	1	3	1	1	1
1807	10	2	0.385124426217291	0.0672402770932011	-0.672555804286283	0.573913270328319	-0.335154621747144	0.615872339484269	2	3	3	1	2	1	1	2	1	1	2	2	1	1
1802	6	2	1.00822287356149	0.232539365727071	-0.672555804286283	0.573913270328319	0.0988162710249286	0.668550266930695	4	4	4	1	2	1	1	1	2	1	4	1	1	1
1799	1	2	-0.332189846679887	0.206464315413851	-1.03714279541407	0.671377580319932	0.122545532347152	0.615463040812807	1	2	2	1	1	1	1	2	1	1	2	4	1	1
1797	2	2	0.7265811132611	0.0401228417271833	-1.03714279541407	0.671377580319932	0.0290760092854222	0.598814090251098	1	2	4	1	1	1	1	1	1	1	3	3	1	1
1790	5	1	-1.417017145299	0.417347665168179	-1.03714279541407	0.671377580319932	-1.00618804280855	0.68657711504414	1	1	1	1	1	1	1	1	1	1	2	1	1	1
1785	7	2	-0.296902817852704	0.211088916722729	-1.03714279541407	0.671377580319932	-1.00618804280855	0.68657711504414	3	2	2	1	1	1	1	1	1	1	2	1	1	1
1781	3	2	1.10501497485336	0.24428491019529	-0.0660968825342023	0.439189498419134	1.28089726161576	0.554572812103153	5	4	4	2	2	1	2	1	2	1	3	5	3	1
1751	1	1	-1.417017145299	0.417347665168179	-1.03714279541407	0.671377580319932	-1.00618804280855	0.68657711504414	1	1	1	1	1	1	1	1	1	1	2	1	1	1
1746	10	1	-0.447271895270133	0.947151555990503	-0.998924733516516	0.678445831007182	NA	NA	1	NA	NA	NA	1	1	NA	NA	NA	NA	NA	NA	NA	NA
1741	13	1	-1.417017145299	0.417347665168179	1.47643878094535	0.34037144645369	-1.15511762742498	0.716190104428349	1	1	1	1	1	3	2	2	1	1	1	1	1	1
1724	4	1	0.385124426217291	0.0672402770932011	-0.672555804286283	0.573913270328319	-0.303022729892198	0.625204131798414	2	3	3	1	2	1	1	1	1	1	2	3	1	1
1720	10	2	0.386793606340602	0.0674924260941798	-1.03714279541407	0.671377580319932	0.0959902669759986	0.59285084716317	3	3	3	1	1	1	1	2	1	1	2	2	2	1
1707	NA	2	-0.226617655046107	0.208367221928936	-1.03714279541407	0.671377580319932	-0.596599435841515	0.630558902398885	2	2	2	2	1	1	1	1	1	1	2	2	1	1
1679	10	2	-0.245837005657461	0.21056098088498	-1.03714279541407	0.671377580319932	-0.0835751108687113	0.64807961381009	1	2	2	2	1	1	1	1	1	1	3	1	2	1
1673	6	1	0.45394997171976	0.0486640813344252	0.649059676340311	0.35034407583782	0.730813430428961	0.599601169325369	2	4	3	1	3	2	1	2	1	1	4	5	1	1
1663	12	2	1.05202445654258	0.237240175999787	-0.672555804286283	0.573913270328319	0.0711688173937472	0.669296494839494	2	4	4	2	2	1	1	1	1	1	4	1	2	1
1661	2	1	0.386793606340602	0.0674924260941798	-0.010490793562103	0.4487630661659	1.08312377712706	0.558804192723838	3	3	3	1	2	1	3	3	1	1	3	5	1	2
1654	5	2	0.385124426217291	0.0672402770932011	-0.51669949689853	0.559938230825302	-0.335154621747144	0.615872339484269	2	3	3	1	4	1	1	2	1	1	2	2	1	1
1630	2	1	-0.296902817852704	0.211088916722729	0.57561140874089	0.351436668615328	-0.335154621747144	0.615872339484269	3	2	2	1	2	2	1	2	1	1	2	2	1	1
1629	4	1	-0.179471034047984	0.203969917061721	0.57561140874089	0.351436668615328	-1.00618804280855	0.68657711504414	3	2	2	4	2	2	1	1	1	1	2	1	1	1
2976	2	1	-1.417017145299	0.417347665168179	-0.546002038113654	0.560317466652551	0.642270691961535	0.546518955498445	1	1	1	1	3	1	1	2	2	1	3	3	1	1
2958	11	2	-0.0701388750830163	0.904250324957875	0.666908432076742	0.367297180433663	NA	NA	2	NA	NA	NA	2	2	NA	NA	NA	NA	NA	NA	NA	NA
2931	9	2	2.19188078718251	0.302148558440493	0.68043287079947	0.353317569782913	0.333215752111609	0.596929538249045	4	5	5	3	4	2	1	1	2	1	2	4	1	1
238	1	2	-1.417017145299	0.417347665168179	-1.03714279541407	0.671377580319932	-0.596599435841515	0.630558902398885	1	1	1	1	1	1	1	1	1	1	2	2	1	1
2921	3	1	0.454278809569516	0.94239389792813	0.550367145451761	0.871639902114259	NA	NA	4	NA	NA	NA	3	NA	NA	NA	NA	NA	NA	NA	NA	NA
2920	5	2	-0.332189846679887	0.206464315413851	-0.672555804286283	0.573913270328319	-0.462665435930163	0.662509373346524	1	2	2	1	2	1	1	1	1	1	2	1	2	1
2893	7	1	1.03676383910366	0.235471989320322	-0.249794077934664	0.478477060404757	-1.15511762742498	0.716190104428349	1	4	4	2	1	1	2	2	1	1	1	1	1	1
2885	10	2	0.97353651278697	0.222052017895777	-1.03714279541407	0.671377580319932	-0.596599435841515	0.630558902398885	2	4	4	1	1	1	1	1	1	1	2	2	1	1
2880	NA	2	-0.447271895270133	0.947151555990503	-0.627869255513938	0.580256634442725	NA	NA	1	NA	NA	NA	2	1	NA	NA	NA	NA	NA	NA	NA	NA
2852	7	2	-1.417017145299	0.417347665168179	-1.03714279541407	0.671377580319932	-0.0513318077064314	0.602602683378642	1	1	1	1	1	1	1	2	1	1	2	3	1	1
2847	14	2	-0.447271895270133	0.947151555990503	-0.998924733516516	0.678445831007182	NA	NA	1	NA	NA	NA	1	1	NA	NA	NA	NA	NA	NA	NA	NA
2824	3	1	1.10501497485336	0.24428491019529	-1.03714279541407	0.671377580319932	0.733905187208922	0.550928139505467	5	4	4	2	1	1	1	3	1	1	3	3	2	1
2823	11	1	-0.288276239696275	0.212057930126438	0.47902648189112	0.360278256623955	-0.0359843718028265	0.659688483221296	4	2	2	1	1	2	1	3	2	1	2	1	1	1
2812	6	1	1.05202445654258	0.237240175999787	-0.672555804286283	0.573913270328319	-0.303022729892198	0.625204131798414	2	4	4	2	2	1	1	1	1	1	2	3	1	1
2804	4	2	0.97353651278697	0.222052017895777	0.761436603280432	0.343905874345182	-0.131352767067	0.640123013045284	2	4	4	1	1	2	2	1	1	1	4	2	1	1
2802	3	1	-0.288276239696275	0.212057930126438	0.649059676340311	0.35034407583782	0.0654384268425276	0.628635953364442	4	2	2	1	3	2	1	1	2	1	1	2	1	2
2800	5	1	-0.296902817852704	0.211088916722729	0.57561140874089	0.351436668615328	1.49141780722601	0.504589877553117	3	2	2	1	2	2	1	1	2	2	3	3	2	2
2795	8	2	-0.817082448352416	0.0412408075022947	-0.199213705211889	0.485875671473602	-1.00618804280855	0.68657711504414	1	3	1	1	1	1	3	1	1	1	2	1	1	1
2733	11	1	0.38350434404399	0.0669703476748767	-1.03714279541407	0.671377580319932	-1.00618804280855	0.68657711504414	1	3	3	1	1	1	1	1	1	1	2	1	1	1
2706	7	1	-1.417017145299	0.417347665168179	-0.672555804286283	0.573913270328319	0.58290349308031	0.571695662845142	1	1	1	1	2	1	1	2	1	2	2	2	2	1
2699	NA	NA	-0.312813307588382	0.209328351113669	-0.672555804286283	0.573913270328319	-0.596599435841515	0.630558902398885	2	2	2	1	2	1	1	1	1	1	2	2	1	1
2663	1	1	-0.312813307588382	0.209328351113669	-0.672555804286283	0.573913270328319	-0.864227249141681	0.709794960718657	2	2	2	1	2	1	1	1	2	1	1	1	1	1
2640	5	2	-0.836773520543681	0.0504544194126683	0.47902648189112	0.360278256623955	-0.994713697360366	0.67501613137766	2	2	1	1	1	2	1	1	1	1	1	2	1	1
1613	8	2	1.17543014878189	0.246005172692389	0.57561140874089	0.351436668615328	-0.142980166730207	0.605973133990095	4	4	4	3	2	2	1	1	1	1	2	2	2	1
1601	NA	1	-0.219613563737909	0.210816738968065	-0.672172154146205	0.825583835504867	0.911397053859639	0.574762703426098	1	2	2	3	1	NA	1	2	2	1	6	3	1	1
1589	9	1	2.13844831949523	0.278349274718618	0.57561140874089	0.351436668615328	0.347073746650739	0.605056519117683	2	5	5	3	2	2	1	1	2	1	4	2	1	1
158d	NA	NA	NA	NA	NA	NA	NA	NA	NA	NA	NA	NA	NA	NA	NA	NA	NA	NA	NA	NA	NA	NA
1583	NA	2	1.05202445654258	0.237240175999787	-0.672555804286283	0.573913270328319	2.41359665628019	0.561430692537862	2	4	4	2	2	1	1	2	2	3	6	6	1	2
1582	5	2	0.388002408109457	0.0676651516025655	-0.672172154146205	0.825583835504867	-1.00618804280855	0.68657711504414	4	3	3	1	1	NA	1	1	1	1	2	1	1	1
1578	5	1	-0.202425192720471	0.205685106401989	0.47902648189112	0.360278256623955	0.705262269207245	0.543867278212999	4	2	2	2	1	2	1	2	1	2	3	3	1	1
1564	8	1	-0.226617655046107	0.208367221928936	-0.672555804286283	0.573913270328319	1.40041277557109	0.59828256898479	2	2	2	2	2	1	1	2	2	1	6	6	1	1
1558	5	2	-0.0701388750830163	0.904250324957875	0.666908432076742	0.367297180433663	NA	NA	2	NA	NA	NA	2	2	NA	NA	NA	NA	NA	NA	NA	NA
1551	1	2	1.07131066366738	0.239511467275867	-0.0660968825342023	0.439189498419134	-0.303022729892198	0.625204131798414	3	4	4	2	2	1	2	1	1	1	2	3	1	1
1549	6	2	0.232610156631619	0.904880288934675	0.666908432076742	0.367297180433663	NA	NA	3	NA	NA	NA	2	2	NA	NA	NA	NA	NA	NA	NA	NA
1538	3	2	-1.28809353731803	0.333587169332184	0.47902648189112	0.360278256623955	-1.00618804280855	0.68657711504414	4	1	1	1	1	2	1	1	1	1	2	1	1	1
1535	7	1	0.385124426217291	0.0672402770932011	-1.03714279541407	0.671377580319932	-0.994713697360366	0.67501613137766	2	3	3	1	1	1	1	1	1	1	1	2	1	1
1533	10	2	0.386793606340602	0.0674924260941798	-1.03714279541407	0.671377580319932	-0.994713697360366	0.67501613137766	3	3	3	1	1	1	1	1	1	1	1	2	1	1
1532	7	1	1.09716504907337	0.251988907871702	-1.03714279541407	0.671377580319932	0.0290760092854222	0.598814090251098	4	4	4	NA	1	1	1	1	1	1	3	3	1	1
1479	15	1	-1.26887699912671	0.326242787635156	-1.03714279541407	0.671377580319932	-1.51097713883035	0.728409944662597	4	1	1	NA	1	1	1	1	1	1	1	1	1	1
1476	11	2	-1.417017145299	0.417347665168179	-1.03714279541407	0.671377580319932	-0.523931329198597	0.716795738591924	1	1	1	1	1	1	1	1	1	1	1	4	1	1
1472	3	2	-0.332189846679887	0.206464315413851	-1.03714279541407	0.671377580319932	-0.678225176257484	0.689374167866634	1	2	2	1	1	1	1	1	1	1	1	3	1	1
1469	1	1	-1.417017145299	0.417347665168179	-1.03714279541407	0.671377580319932	-0.335154621747144	0.615872339484269	1	1	1	1	1	1	1	2	1	1	2	2	1	1
1463	3	2	0.454278809569516	0.94239389792813	-0.627869255513938	0.580256634442725	NA	NA	4	NA	NA	NA	2	1	NA	NA	NA	NA	NA	NA	NA	NA
1456	1	2	-0.836773520543681	0.0504544194126683	-1.03714279541407	0.671377580319932	0.257163435050798	0.576306138245582	2	2	1	1	1	1	1	2	1	1	3	3	1	1
1450	8	2	1.00822287356149	0.232539365727071	-1.03714279541407	0.671377580319932	-1.00618804280855	0.68657711504414	4	4	4	1	1	1	1	1	1	1	2	1	1	1
1447	2	1	0.38350434404399	0.0669703476748767	0.761436603280432	0.343905874345182	-0.596599435841515	0.630558902398885	1	3	3	1	1	2	2	1	1	1	2	2	1	1
2144	13	1	-0.245837005657461	0.21056098088498	-1.03714279541407	0.671377580319932	-0.596599435841515	0.630558902398885	1	2	2	2	1	1	1	1	1	1	2	2	1	1
2143	8	2	-1.417017145299	0.417347665168179	-1.03714279541407	0.671377580319932	-0.596599435841515	0.630558902398885	1	1	1	1	1	1	1	1	1	1	2	2	1	1
191	13	1	-0.0701388750830163	0.904250324957875	2.37840233631862	0.35847844471791	NA	NA	2	NA	NA	NA	4	4	NA	NA	NA	NA	NA	NA	NA	NA
2142	9	1	-1.417017145299	0.417347665168179	-0.672555804286283	0.573913270328319	-0.596599435841515	0.630558902398885	1	1	1	1	2	1	1	1	1	1	2	2	1	1
2131	6	2	0.38350434404399	0.0669703476748767	-1.03714279541407	0.671377580319932	-1.00618804280855	0.68657711504414	1	3	3	1	1	1	1	1	1	1	2	1	1	1
11433	3	2	-1.17257012433613	0.273092692160555	-0.185925667835247	0.488625572011581	0.557800918988278	0.576242907047168	1	1	1	3	1	1	4	2	2	1	2	4	1	1
917	5	1	-0.312813307588382	0.209328351113669	-0.672555804286283	0.573913270328319	-1.51097713883035	0.728409944662597	2	2	2	1	2	1	1	1	1	1	1	1	1	1
11432	7	2	-1.33522798140931	0.359411499522025	-0.672555804286283	0.573913270328319	0.0515786896163469	0.609758875256215	2	1	1	1	2	1	1	3	1	1	2	3	1	1
11429	2	2	0.959848272810263	0.217633645476233	-0.672555804286283	0.573913270328319	0.257163435050798	0.576306138245582	1	4	4	1	2	1	1	2	1	1	3	3	1	1
11420	10	2	0.0563879822756144	0.0435518599041222	0.761436603280432	0.343905874345182	-0.175023307565216	0.64683984256276	1	4	2	1	1	2	2	2	1	1	2	1	2	1
11415	1	1	2.05895127691893	0.252693169302111	-1.03714279541407	0.671377580319932	-0.303022729892198	0.625204131798414	5	5	5	1	1	1	1	1	1	1	2	3	1	1
11404	5	2	-0.226617655046107	0.208367221928936	0.57561140874089	0.351436668615328	0.55562636415114	0.587414508388125	2	2	2	2	2	2	1	2	1	1	4	2	2	1
11403	3	1	-0.200591344671187	0.207417701110271	1.64627694991182	0.331195455584932	0.821852749285954	0.547628382375842	2	2	2	3	4	3	2	2	1	2	2	3	1	2
11397	8	2	-0.332189846679887	0.206464315413851	-1.03714279541407	0.671377580319932	-0.37084572420845	0.661356534580647	1	2	2	1	1	1	1	2	1	1	1	3	1	1
11391	12	1	-1.417017145299	0.417347665168179	-0.672172154146205	0.825583835504867	-0.692125673782879	0.661009739769705	1	1	1	1	1	NA	1	2	1	1	1	2	1	1
11362	9	1	-1.417017145299	0.417347665168179	-0.51669949689853	0.559938230825302	-0.596599435841515	0.630558902398885	1	1	1	1	4	1	1	1	1	1	2	2	1	1
11355	1	2	0.38350434404399	0.0669703476748767	-1.03714279541407	0.671377580319932	-1.51097713883035	0.728409944662597	1	3	3	1	1	1	1	1	1	1	1	1	1	1
910	NA	1	-0.312813307588382	0.209328351113669	0.0318029396534207	0.432955252043865	0.262688208556759	0.594093026690915	2	2	2	1	3	1	2	1	1	3	2	3	1	1
11346	5	1	1.17543014878189	0.246005172692389	-0.0660968825342023	0.439189498419134	0.556136009925778	0.644211397892018	4	4	4	3	2	1	2	1	1	1	4	6	1	1
11326	NA	1	-0.312813307588382	0.209328351113669	0.68043287079947	0.353317569782913	0.968372130110931	0.525075820173188	2	2	2	1	4	2	1	2	2	1	3	3	2	1
11307	6	1	1.76852454713338	0.0486521218556185	-1.03714279541407	0.671377580319932	-0.140322218927153	0.642479590016018	1	4	5	3	1	1	1	1	1	1	2	4	1	1
11295	NA	2	-0.185149338098953	0.204507877944647	0.68043287079947	0.353317569782913	0.0076129190887857	0.684028651548707	3	2	2	3	4	2	1	1	1	1	2	NA	2	NA
11290	4	1	-0.226617655046107	0.208367221928936	-0.672555804286283	0.573913270328319	-0.994713697360366	0.67501613137766	2	2	2	2	2	1	1	1	1	1	1	2	1	1
11283	5	2	0.74634625150718	0.0491891269018229	-0.672555804286283	0.573913270328319	0.615247914275115	0.606846135509076	2	3	4	2	2	1	1	2	1	1	3	6	1	1
11275	7	1	-0.332189846679887	0.206464315413851	-1.03714279541407	0.671377580319932	-1.00618804280855	0.68657711504414	1	2	2	1	1	1	1	1	1	1	2	1	1	1
11265	12	1	0.728504173081453	0.0410458927609597	-1.03714279541407	0.671377580319932	0.206553081205621	0.606670440090343	5	2	4	1	1	1	1	1	1	1	3	4	1	1
11254	3	2	-1.28243716728345	0.330892626137076	-0.875389177354486	0.662278115608074	0.0515786896163469	0.609758875256215	5	1	1	1	NA	1	1	3	1	1	2	3	1	1
11251	10	2	0.393265885012284	0.067987321326981	0.0141243592313185	0.455200171379658	0.301828926841758	0.600848370714188	2	3	3	2	2	1	6	3	1	2	2	2	1	1
908	NA	1	-0.288276239696275	0.212057930126438	-0.672555804286283	0.573913270328319	0.822449150942456	0.545243297378905	4	2	2	1	2	1	1	2	2	1	3	4	1	1
8956	18	1	-0.245837005657461	0.21056098088498	-0.546002038113654	0.560317466652551	0.26803138862112	0.585301892379391	1	2	2	2	3	1	1	1	1	2	3	2	1	1
8946	3	2	1.18490566858958	0.251456185579058	-0.51669949689853	0.559938230825302	0.296426187715997	0.614612693555051	2	4	4	5	4	1	1	2	1	1	1	2	2	2
8943	9	1	-0.245837005657461	0.21056098088498	-1.03714279541407	0.671377580319932	-0.335154621747144	0.615872339484269	1	2	2	2	1	1	1	2	1	1	2	2	1	1
700	9	1	0.38350434404399	0.0669703476748767	-1.03714279541407	0.671377580319932	-0.461448084151222	0.727846402606718	1	3	3	1	1	1	1	1	1	1	5	1	1	1
95	7	2	-0.835588917721093	0.0497864480317308	-0.672555804286283	0.573913270328319	-0.256040511953333	0.620964212915272	4	2	1	1	2	1	1	1	1	1	3	2	1	1
8936	11	2	0.38350434404399	0.0669703476748767	-1.03714279541407	0.671377580319932	-1.00618804280855	0.68657711504414	1	3	3	1	1	1	1	1	1	1	2	1	1	1
8921	2	1	0.474674140989601	0.0396929077053198	1.31113790068387	0.359230396236553	2.19503709961253	0.590149546969743	2	5	3	3	2	3	1	2	1	2	6	6	6	1
8850	5	1	-1.417017145299	0.417347665168179	-1.03714279541407	0.671377580319932	-0.692920794230491	0.672605015458528	1	1	1	1	1	1	1	2	1	1	2	1	1	1
8842	1	1	-0.949270328273472	0.211486244844159	-0.672555804286283	0.573913270328319	-0.596599435841515	0.630558902398885	2	NA	1	1	2	1	1	1	1	1	2	2	1	1
8806	7	1	-1.417017145299	0.417347665168179	1.89873470900127	0.408673402378701	0.322374816994602	0.648435149005026	1	1	1	1	1	4	1	2	1	1	3	1	3	1
8800	3	1	-0.312813307588382	0.209328351113669	-1.03714279541407	0.671377580319932	-0.437443046045611	0.662308078009774	2	2	2	1	1	1	1	1	2	1	2	1	1	1
8753	9	2	-0.312813307588382	0.209328351113669	-1.03714279541407	0.671377580319932	0.297098172879912	0.584942232646272	2	2	2	1	1	1	1	1	1	1	2	2	2	2
8752	11	2	1.05202445654258	0.237240175999787	-0.672555804286283	0.573913270328319	0.785635353741877	0.552295498516318	2	4	4	2	2	1	1	2	1	1	3	2	2	2
8743	14	1	1.02092120582787	0.236376106491374	1.89873470900127	0.408673402378701	-0.131352767067	0.640123013045284	5	4	4	1	1	4	1	1	1	1	4	2	1	1
8738	2	2	1.03676383910366	0.235471989320322	1.78508808551302	0.334118621267983	0.846821834700993	0.54980228332467	1	4	4	2	4	3	3	2	1	2	3	2	2	1
697	11	1	-1.417017145299	0.417347665168179	-1.03714279541407	0.671377580319932	-0.596599435841515	0.630558902398885	1	1	1	1	1	1	1	1	1	1	2	2	1	1
8730	3	1	-0.226617655046107	0.208367221928936	-0.672555804286283	0.573913270328319	1.14080157549614	0.561526898557571	2	2	2	2	2	1	1	2	1	3	4	4	1	1
8718	NA	1	1.47869429719726	0.0492758175461955	-1.03714279541407	0.671377580319932	0.897921881381504	0.586199747797167	3	5	4	2	1	1	1	1	1	2	5	2	2	1
8717	NA	2	1.1546704732376	0.2464776135302	-1.03714279541407	0.671377580319932	0.349699980913109	0.638137953864765	3	4	4	3	1	1	1	3	1	1	2	5	1	1
8715	5	2	0.330864415680507	0.0461285630872004	-0.672555804286283	0.573913270328319	1.13751051338695	0.551676050204494	1	2	3	2	2	1	1	4	2	1	4	4	1	1
8699	3	1	-0.312813307588382	0.209328351113669	-1.03714279541407	0.671377580319932	1.28874653713127	0.543768314682713	2	2	2	1	1	1	1	1	2	2	2	5	2	1
8698	14	1	-0.332189846679887	0.206464315413851	1.68601787665225	0.334934798610237	-0.892103799506187	0.709718190112266	1	2	2	1	5	3	2	1	1	1	1	1	2	1
8677	6	1	-1.417017145299	0.417347665168179	-1.03714279541407	0.671377580319932	-0.00681112572602824	0.601528868656194	1	1	1	1	1	1	1	2	1	1	3	2	1	1
7392	4	1	0.747968021354678	0.0501081022337265	0.68043287079947	0.353317569782913	0.245293056680042	0.607450144285419	4	3	4	2	4	2	1	1	1	1	2	3	3	1
7382	2	2	-1.417017145299	0.417347665168179	-1.03714279541407	0.671377580319932	0.153924833221488	0.588148577221411	1	1	1	1	1	1	1	1	1	1	2	3	1	2
7364	4	1	1.03676383910366	0.235471989320322	-1.03714279541407	0.671377580319932	-0.692125673782879	0.661009739769705	1	4	4	2	1	1	1	2	1	1	1	2	1	1
7329	13	1	2.04253327193497	0.240130173771179	0.68043287079947	0.353317569782913	0.523560264395393	0.647389596712952	2	5	5	2	4	2	1	3	2	1	4	1	1	1
7325	2	2	-0.332189846679887	0.206464315413851	-1.03714279541407	0.671377580319932	-0.616235439234278	0.69215253528538	1	2	2	1	1	1	1	1	1	1	3	1	1	1
7312	4	2	-0.202425192720471	0.205685106401989	1.47643878094535	0.34037144645369	0.122545532347152	0.615463040812807	4	2	2	2	1	3	2	2	1	1	2	4	1	1
581	NA	NA	0.0578286289938525	0.0428073757572317	0.93823610073191	0.351836406531057	-0.692920794230491	0.672605015458528	3	4	2	1	2	2	3	2	1	1	2	1	1	1
7297	10	2	0.0375433584405553	0.0526008884597742	1.53752084895147	0.332970820757428	-1.51097713883035	0.728409944662597	2	3	2	1	2	3	2	1	1	1	1	1	1	1
7295	9	1	-1.417017145299	0.417347665168179	-1.03714279541407	0.671377580319932	-0.305783448320168	0.666173963902021	1	1	1	1	1	1	1	2	1	1	3	1	1	1
7284	11	1	0.454278809569516	0.94239389792813	-0.998924733516516	0.678445831007182	NA	NA	4	NA	NA	NA	1	1	NA	NA	NA	NA	NA	NA	NA	NA
7277	4	1	-1.11842761580698	0.247445374458047	-1.03714279541407	0.671377580319932	0.428297902893017	0.626568825516203	5	1	1	2	1	1	1	1	1	1	5	4	1	1
7264	8	1	1.05202445654258	0.237240175999787	0.761436603280432	0.343905874345182	0.992262502896385	0.5556016072227	2	4	4	2	1	2	2	3	1	2	4	3	1	1
7241	7	1	0.385124426217291	0.0672402770932011	1.53752084895147	0.332970820757428	-1.00618804280855	0.68657711504414	2	3	3	1	2	3	2	1	1	1	2	1	1	1
7227	NA	2	-1.417017145299	0.417347665168179	-1.03714279541407	0.671377580319932	0.0635427515202107	0.658141128629142	1	1	1	1	1	1	1	1	2	1	1	4	1	1
7208	4	1	-0.332189846679887	0.206464315413851	-1.03714279541407	0.671377580319932	-0.863094303905391	0.710139758919189	1	2	2	1	1	1	1	1	1	1	1	1	1	2
7196	7	1	0.97353651278697	0.222052017895777	0.47902648189112	0.360278256623955	0.372636403775496	0.570964377645567	2	4	4	1	1	2	1	2	2	1	2	3	1	1
7164	9	1	-1.417017145299	0.417347665168179	2.47298778884457	0.493793111892249	-1.51097713883035	0.728409944662597	1	1	1	1	1	5	1	1	1	1	1	1	1	1
569	2	2	-0.312813307588382	0.209328351113669	-1.03714279541407	0.671377580319932	0.22306501793396	0.583603591572543	2	2	2	1	1	1	1	1	1	2	2	3	1	1
7153	3	1	-0.332189846679887	0.206464315413851	-1.03714279541407	0.671377580319932	0.53456588375691	0.56016588254416	1	2	2	1	1	1	1	1	2	1	2	3	2	1
7146	9	2	0.459306771236737	0.0459702535378159	1.31113790068387	0.359230396236553	-0.462665435930163	0.662509373346524	4	4	3	2	2	3	1	1	1	1	2	1	2	1
7138	3	2	2.35158054981994	0.397748120633611	0.761436603280432	0.343905874345182	0.132160121449565	0.61935492378865	4	5	5	4	1	2	2	2	1	1	4	2	1	1
7133	1	2	1.15896968540522	0.252697217697403	1.78508808551302	0.334118621267983	0.224447925484932	0.618549943802951	1	4	4	4	4	3	3	2	6	1	2	2	1	1
7115	5	2	-1.417017145299	0.417347665168179	-1.03714279541407	0.671377580319932	-1.00618804280855	0.68657711504414	1	1	1	1	1	1	1	1	1	1	2	1	1	1
7097	6	2	0.0375433584405553	0.0526008884597742	-1.03714279541407	0.671377580319932	0.51385895749449	0.573186555183084	2	3	2	1	1	1	1	2	2	1	2	2	2	1
8675	4	2	-1.417017145299	0.417347665168179	-1.03714279541407	0.671377580319932	-0.0562140765042352	0.647864892212609	1	1	1	1	1	1	1	1	1	1	3	1	1	2
8671	3	2	-0.838073150688509	0.0512145355647954	-0.672555804286283	0.573913270328319	0.153924833221488	0.588148577221411	1	2	1	1	2	1	1	1	1	1	2	3	1	2
684	4	1	0.315857783109459	0.039947280925865	-0.672555804286283	0.573913270328319	0.122545532347152	0.615463040812807	4	1	3	1	2	1	1	2	1	1	2	4	1	1
8670	4	2	0.061530158474087	0.0409656622700962	-0.672555804286283	0.573913270328319	1.02699945452849	0.530236530334608	4	4	2	2	2	1	1	1	1	2	3	4	2	1
8637	8	2	-1.33522798140931	0.359411499522025	-0.672555804286283	0.573913270328319	-0.335154621747144	0.615872339484269	2	1	1	1	2	1	1	2	1	1	2	2	1	1
8585	12	1	2.15768990435288	0.285904099927737	1.74912850950418	0.34635828059929	1.27726374634333	0.601644144137747	3	5	5	3	2	3	4	2	2	1	5	2	4	1
8579	10	2	-0.210987973444028	0.206558115601486	0.761436603280432	0.343905874345182	0.923978933158774	0.634212668361187	3	2	2	2	1	2	2	2	3	1	2	6	1	1
8574	6	1	1.03676383910366	0.235471989320322	-0.672555804286283	0.573913270328319	1.03672045512688	0.589265010061052	1	4	4	2	2	1	1	2	3	1	5	3	1	1
8568	5	2	0.729247891409383	0.0414275656391067	1.31113790068387	0.359230396236553	0.237472162367677	0.600055666381574	2	2	4	NA	2	3	1	1	2	NA	3	2	1	1
8526	NA	NA	-0.817082448352416	0.0412408075022947	-0.672555804286283	0.573913270328319	-0.335154621747144	0.615872339484269	1	3	1	1	2	1	1	2	1	1	2	2	1	1
8523	10	2	-1.417017145299	0.417347665168179	0.57561140874089	0.351436668615328	-0.335154621747144	0.615872339484269	1	1	1	1	2	2	1	2	1	1	2	2	1	1
8521	9	2	0.386793606340602	0.0674924260941798	-1.03714279541407	0.671377580319932	-0.303022729892198	0.625204131798414	3	3	3	1	1	1	1	1	1	1	2	3	1	1
8510	9	1	-1.417017145299	0.417347665168179	1.31113790068387	0.359230396236553	-1.00618804280855	0.68657711504414	1	1	1	1	2	3	1	1	1	1	2	1	1	1
656	6	1	-0.296902817852704	0.211088916722729	0.649059676340311	0.35034407583782	-0.692125673782879	0.661009739769705	3	2	2	1	3	2	1	2	1	1	1	2	1	1
8506	10	2	0.386793606340602	0.0674924260941798	-0.672555804286283	0.573913270328319	0.811475953230843	0.6110298800004	3	3	3	1	2	1	1	2	1	1	5	5	1	1
8484	5	1	0.0364068370994046	0.0532890544025238	0.57561140874089	0.351436668615328	0.720986379357937	0.575871266903358	1	3	2	1	2	2	1	1	1	1	3	5	2	1
8447	6	2	1.7732926879526	0.0514082420632089	0.57561140874089	0.351436668615328	0.575903633123612	0.634800212937317	4	4	5	4	2	2	1	1	1	1	2	5	3	1
8363	2	2	2.19188078718251	0.302148558440493	1.31113790068387	0.359230396236553	1.08787204939608	0.537300169526283	4	5	5	3	2	3	1	1	2	1	2	4	2	2
8358	2	1	-0.836773520543681	0.0504544194126683	0.57561140874089	0.351436668615328	0.333215752111609	0.596929538249045	2	2	1	1	2	2	1	1	2	1	2	4	1	1
8357	7	1	-1.417017145299	0.417347665168179	-1.03714279541407	0.671377580319932	-0.596599435841515	0.630558902398885	1	1	1	1	1	1	1	1	1	1	2	2	1	1
8356	9	2	-1.417017145299	0.417347665168179	-0.672555804286283	0.573913270328319	-0.303022729892198	0.625204131798414	1	1	1	1	2	1	1	1	1	1	2	3	1	1
8352	9	1	0.058247910922521	0.0425988736535572	0.47902648189112	0.360278256623955	-0.089388850350204	0.650246989858378	4	4	2	1	1	2	1	1	1	1	5	2	1	1
8344	NA	1	0.39789818924003	0.068044958404765	-0.672555804286283	0.573913270328319	-0.303022729892198	0.625204131798414	2	3	3	3	2	1	1	1	1	1	2	3	1	1
8301	7	1	-0.296902817852704	0.211088916722729	2.64982283092298	0.337447209567966	0.834951779166667	0.610678107241153	3	2	2	1	4	4	6	1	1	1	5	3	5	1
7092	8	2	0.393265885012284	0.067987321326981	-0.323685678681099	0.862046387532785	-0.305783448320168	0.666173963902021	2	3	3	2	NA	NA	1	2	1	1	3	1	1	1
7074	9	2	0.618464289680877	0.986332131322507	3.17894047428757	0.442570933044104	NA	NA	5	NA	NA	NA	4	5	NA	NA	NA	NA	NA	NA	NA	NA
7050	10	2	1.07131066366738	0.239511467275867	0.649059676340311	0.35034407583782	0.117792148620668	0.59300574685328	3	4	4	2	3	2	1	2	2	1	2	2	1	1
7018	4	1	-1.417017145299	0.417347665168179	-1.03714279541407	0.671377580319932	-0.140322218927153	0.642479590016018	1	1	1	1	1	1	1	1	1	1	2	4	1	1
566	2	2	0.388002408109457	0.0676651516025655	-0.672555804286283	0.573913270328319	0.320073229725759	0.618328054197642	4	3	3	1	2	1	1	2	2	1	2	1	2	1
6986	2	2	0.385124426217291	0.0672402770932011	-1.03714279541407	0.671377580319932	-0.121034521004346	0.605887241019878	2	3	3	1	1	1	1	1	2	1	2	2	1	1
6937	9	2	-0.210987973444028	0.206558115601486	1.53752084895147	0.332970820757428	-0.335154621747144	0.615872339484269	3	2	2	2	2	3	2	2	1	1	2	2	1	1
6886	6	1	-0.312813307588382	0.209328351113669	0.843452785840551	0.338210353362157	1.51571142862726	0.542833318382621	2	2	2	1	2	2	2	2	2	4	4	4	1	1
6770	7	1	0.454278809569516	0.94239389792813	-0.627869255513938	0.580256634442725	NA	NA	4	NA	NA	NA	2	1	NA	NA	NA	NA	NA	NA	NA	NA
6769	7	2	0.454278809569516	0.94239389792813	1.49522907400115	0.372118990889023	NA	NA	4	NA	NA	NA	2	3	NA	NA	NA	NA	NA	NA	NA	NA
6763	14	1	-0.836773520543681	0.0504544194126683	0.57561140874089	0.351436668615328	-1.51097713883035	0.728409944662597	2	2	1	1	2	2	1	1	1	1	1	1	1	1
6762	3	1	-0.312813307588382	0.209328351113669	0.843452785840551	0.338210353362157	0.387884115992836	0.582864614207474	2	2	2	1	2	2	2	1	2	2	2	2	1	1
6757	5	1	-0.245837005657461	0.21056098088498	-0.672555804286283	0.573913270328319	0.792192057562517	0.53710033463816	1	2	2	2	2	1	1	1	1	1	3	3	2	2
6710	NA	NA	-0.0701388750830163	0.904250324957875	-0.627869255513938	0.580256634442725	NA	NA	2	NA	NA	NA	2	1	NA	NA	NA	NA	NA	NA	NA	NA
6704	12	2	-0.176672122480569	0.202946108368528	0.852289055743664	0.357389725076468	0.76733288116237	0.565017070331884	4	2	2	3	1	2	3	1	2	2	2	2	2	1
6701	NA	1	-0.312813307588382	0.209328351113669	-0.546002038113654	0.560317466652551	-0.596599435841515	0.630558902398885	2	2	2	1	3	1	1	1	1	1	2	2	1	1
6680	5	2	-0.312813307588382	0.209328351113669	-0.672555804286283	0.573913270328319	0.880935058477946	0.556820897394496	2	2	2	1	2	1	1	2	2	1	3	4	1	NA
6638	NA	NA	NA	NA	NA	NA	NA	NA	NA	NA	NA	NA	NA	NA	NA	NA	NA	NA	NA	NA	NA	NA
6628	7	2	0.327920760196035	0.044700833322772	-0.672555804286283	0.573913270328319	0.437701625313733	0.580544682033318	2	2	3	1	2	1	1	2	1	1	3	4	1	1
6616	10	2	-1.12938065661674	0.251273667055049	0.761436603280432	0.343905874345182	0.19855092985832	0.589231722320716	3	1	1	2	1	2	2	1	1	1	3	2	1	2
6597	8	2	-0.312813307588382	0.209328351113669	0.57561140874089	0.351436668615328	-0.0513318077064314	0.602602683378642	2	2	2	1	2	2	1	2	1	1	2	3	1	1
6580	NA	2	1.47793975122172	0.0497151140243409	0.57561140874089	0.351436668615328	0.560864432282644	0.576919744397513	2	5	4	2	2	2	1	2	1	1	2	4	1	2
6572	1	2	1.17543014878189	0.246005172692389	-1.03714279541407	0.671377580319932	1.32957507870312	0.550888375980403	4	4	4	3	1	1	1	2	3	1	4	3	1	2
5026	7	1	-0.447271895270133	0.947151555990503	-0.998924733516516	0.678445831007182	NA	NA	1	NA	NA	NA	1	1	NA	NA	NA	NA	NA	NA	NA	NA
5025	10	1	0.392842382448154	0.0681620525800657	-1.03714279541407	0.671377580319932	0.257163435050798	0.576306138245582	4	3	3	NA	1	1	1	2	1	1	3	3	1	1
5020	8	1	0.454278809569516	0.94239389792813	-0.998924733516516	0.678445831007182	NA	NA	4	NA	NA	NA	1	1	NA	NA	NA	NA	NA	NA	NA	NA
4949	7	1	0.391608431778149	0.0679352040300967	2.67248541015296	0.427562706955712	-0.305783448320168	0.666173963902021	1	3	3	2	1	5	2	2	1	1	3	1	1	1
4946	7	2	0.394966635639061	0.0680100550177338	1.38571605159114	0.352618245857028	0.257163435050798	0.576306138245582	3	3	3	2	3	3	1	2	1	1	3	3	1	1
4945	7	2	-1.417017145299	0.417347665168179	-1.03714279541407	0.671377580319932	-0.692125673782879	0.661009739769705	1	1	1	1	1	1	1	2	1	1	1	2	1	1
473	7	2	-0.332189846679887	0.206464315413851	-1.03714279541407	0.671377580319932	-1.51097713883035	0.728409944662597	1	2	2	1	1	1	1	1	1	1	1	1	1	1
4929	5	2	0.38350434404399	0.0669703476748767	2.63112768862755	0.451055407894894	-0.277411523527701	0.690651831347932	1	3	3	1	3	5	1	1	1	1	1	1	2	2
4892	11	2	-0.226617655046107	0.208367221928936	-0.672555804286283	0.573913270328319	0.535323764859621	0.57643137873897	2	2	2	2	2	1	1	2	1	1	2	4	2	1
4887	14	2	-0.226617655046107	0.208367221928936	-0.672555804286283	0.573913270328319	0.715104690102514	0.609419704668717	2	2	2	2	2	1	1	2	1	1	4	2	3	1
4877	8	2	-0.202425192720471	0.205685106401989	-0.672555804286283	0.573913270328319	0.333215752111609	0.596929538249045	4	2	2	2	2	1	1	1	2	1	2	4	1	1
4869	6	1	-1.28809353731803	0.333587169332184	-1.03714279541407	0.671377580319932	-0.994713697360366	0.67501613137766	4	1	1	1	1	1	1	1	1	1	1	2	1	1
4835	8	1	-0.197739318972651	0.20519935269298	0.47902648189112	0.360278256623955	-0.335154621747144	0.615872339484269	5	2	2	2	1	2	1	2	1	1	2	2	1	1
4807	1	2	-0.296902817852704	0.211088916722729	-1.03714279541407	0.671377580319932	-0.994713697360366	0.67501613137766	3	2	2	1	1	1	1	1	1	1	1	2	1	1
4805	9	2	-1.33522798140931	0.359411499522025	-1.03714279541407	0.671377580319932	0.320073229725759	0.618328054197642	2	1	1	1	1	1	1	2	2	1	2	1	2	1
4798	2	1	-0.226617655046107	0.208367221928936	-0.672555804286283	0.573913270328319	-0.175023307565216	0.64683984256276	2	2	2	2	2	1	1	2	1	1	2	1	2	1
4792	12	2	-1.417017145299	0.417347665168179	0.0615074845368723	0.434955740299174	-0.462665435930163	0.662509373346524	1	1	1	1	4	1	2	1	1	1	2	1	2	1
446	3	1	-1.33522798140931	0.359411499522025	-0.672555804286283	0.573913270328319	-1.00618804280855	0.68657711504414	2	1	1	1	2	1	1	1	1	1	2	1	1	1
4791	4	2	-1.31426940004702	0.351008714467226	-0.672555804286283	0.573913270328319	-0.528340493618733	0.699156337081165	2	1	1	NA	2	1	1	2	2	1	1	1	1	1
4790	3	1	0.396196068589486	0.0680142691842999	0.649059676340311	0.35034407583782	0.96774634141648	0.555798722844504	4	3	3	2	3	2	1	2	2	2	2	2	2	1
4781	7	2	1.47869429719726	0.0492758175461955	-1.03714279541407	0.671377580319932	-0.256040511953333	0.620964212915272	3	5	4	2	1	1	1	1	1	1	3	2	1	1
4767	3	1	-0.283554486173103	0.212569939981892	0.47902648189112	0.360278256623955	0.968372130110931	0.525075820173188	5	2	2	1	1	2	1	2	2	1	3	3	2	1
4751	6	2	1.13433125704177	0.247210019702554	0.843452785840551	0.338210353362157	1.62963385839374	0.54031759979063	2	4	4	3	2	2	2	2	1	3	4	5	2	1
4747	6	2	-1.39169738031894	0.405855390909077	-1.03714279541407	0.671377580319932	-0.678225176257484	0.689374167866634	1	1	1	NA	1	1	1	1	1	1	1	3	1	1
2130	15	1	-0.447271895270133	0.947151555990503	2.44758365105563	0.359673931354512	NA	NA	1	NA	NA	NA	5	4	NA	NA	NA	NA	NA	NA	NA	NA
2116	3	1	1.13433125704177	0.247210019702554	-0.51669949689853	0.559938230825302	1.29400545748021	0.581853907380639	2	4	4	3	4	1	1	2	1	1	6	4	3	1
2115	9	2	-0.226617655046107	0.208367221928936	-1.03714279541407	0.671377580319932	-0.142980166730207	0.605973133990095	2	2	2	2	1	1	1	1	1	1	2	2	2	1
2092	4	1	-1.417017145299	0.417347665168179	-1.03714279541407	0.671377580319932	-1.51097713883035	0.728409944662597	1	1	1	1	1	1	1	1	1	1	1	1	1	1
2074	6	1	-0.210987973444028	0.206558115601486	-0.672555804286283	0.573913270328319	-0.256040511953333	0.620964212915272	3	2	2	2	2	1	1	1	1	1	3	2	1	1
2066	8	2	-0.296902817852704	0.211088916722729	-1.03714279541407	0.671377580319932	-0.462665435930163	0.662509373346524	3	2	2	1	1	1	1	1	1	1	2	1	2	1
2048	3	2	-0.197739318972651	0.20519935269298	0.649059676340311	0.35034407583782	-0.864227249141681	0.709794960718657	5	2	2	2	3	2	1	1	2	1	1	1	1	1
2045	11	2	-1.417017145299	0.417347665168179	-1.03714279541407	0.671377580319932	-1.15511762742498	0.716190104428349	1	1	1	1	1	1	1	2	1	1	1	1	1	1
184	1	1	-1.28809353731803	0.333587169332184	1.31113790068387	0.359230396236553	-0.256040511953333	0.620964212915272	4	1	1	1	2	3	1	1	1	1	3	2	1	1
2042	2	1	0.457933653937466	0.0466433551376993	0.57561140874089	0.351436668615328	1.68521349753413	0.521116148495854	2	4	3	2	2	2	1	2	2	1	3	5	2	3
2040	5	1	0.45394997171976	0.0486640813344252	-0.672555804286283	0.573913270328319	0.445293106374516	0.562534377365288	2	4	3	1	2	1	1	1	1	1	3	3	1	2
2025	13	2	1.07131066366738	0.239511467275867	-1.03714279541407	0.671377580319932	0.323393683478509	0.605143368089361	3	4	4	2	1	1	1	1	1	1	4	2	2	1
2022	8	2	2.22065010812819	0.33972074101929	-0.672555804286283	0.573913270328319	-0.305783448320168	0.666173963902021	5	5	5	NA	2	1	1	2	1	1	3	1	1	1
2018	6	1	0.388002408109457	0.0676651516025655	-1.03714279541407	0.671377580319932	-0.0513318077064314	0.602602683378642	4	3	3	1	1	1	1	2	1	1	2	3	1	1
2010	12	2	-1.417017145299	0.417347665168179	-1.03714279541407	0.671377580319932	-0.142980166730207	0.605973133990095	1	1	1	1	1	1	1	1	1	1	2	2	2	1
2004	NA	2	0.391608431778149	0.0679352040300967	-1.03714279541407	0.671377580319932	-1.51097713883035	0.728409944662597	1	3	3	2	1	1	1	1	1	1	1	1	1	1
2003	7	2	-0.838073150688509	0.0512145355647954	1.23073487652368	0.372372924988203	-0.510608733982594	0.642158303154736	1	2	1	1	1	3	1	NA	1	1	2	2	1	1
2000	3	2	0.38350434404399	0.0669703476748767	-0.51669949689853	0.559938230825302	-1.00618804280855	0.68657711504414	1	3	3	1	4	1	1	1	1	1	2	1	1	1
1990	7	2	-1.417017145299	0.417347665168179	-1.03714279541407	0.671377580319932	0.74139886919853	0.591882310372119	1	1	1	1	1	1	1	2	2	1	1	2	2	2
183	11	2	0.457163565784453	0.047032739544983	0.68043287079947	0.353317569782913	0.257163435050798	0.576306138245582	1	4	3	2	4	2	1	2	1	1	3	3	1	1
1989	4	1	1.17543014878189	0.246005172692389	-0.546002038113654	0.560317466652551	0.323393683478509	0.605143368089361	4	4	4	3	3	1	1	1	1	1	4	2	2	1
1981	NA	1	-0.447271895270133	0.947151555990503	0.666908432076742	0.367297180433663	NA	NA	1	NA	NA	NA	2	2	NA	NA	NA	NA	NA	NA	NA	NA
1975	NA	2	-1.417017145299	0.417347665168179	2.47298778884457	0.493793111892249	-0.678225176257484	0.689374167866634	1	1	1	1	1	5	1	1	1	1	1	3	1	1
1934	9	1	-1.36440173979217	0.384129220227222	-1.03714279541407	0.671377580319932	-0.335154621747144	0.615872339484269	NA	1	1	1	1	1	1	2	1	1	2	2	1	1
11244	14	1	1.15896968540522	0.252697217697403	1.53752084895147	0.332970820757428	-0.335154621747144	0.615872339484269	1	4	4	4	2	3	2	2	1	1	2	2	1	1
11228	11	2	2.12701734521442	0.274239082016628	-1.03714279541407	0.671377580319932	0.22634514281093	0.603118499530609	1	5	5	3	1	1	1	3	2	1	2	2	1	1
11227	10	1	-0.543894124612218	0.049264354905631	-1.03714279541407	0.671377580319932	0.837929025966792	0.706928990338004	1	1	2	3	1	1	1	3	3	1	6	1	1	1
11216	2	1	-0.226617655046107	0.208367221928936	0.575306427952849	0.360888169474674	1.96027851303308	0.601270375931931	2	2	2	2	NA	2	1	3	4	1	3	6	1	3
11214	11	2	0.0424745131533978	0.049732263144298	1.96938718561303	0.389494647814909	0.0959902669759986	0.59285084716317	2	3	2	2	2	4	1	2	1	1	2	2	2	1
11200	3	2	-1.417017145299	0.417347665168179	0.68043287079947	0.353317569782913	-1.00618804280855	0.68657711504414	1	1	1	1	4	2	1	1	1	1	2	1	1	1
11199	9	1	-1.417017145299	0.417347665168179	-1.03714279541407	0.671377580319932	-0.994713697360366	0.67501613137766	1	1	1	1	1	1	1	1	1	1	1	2	1	1
11191	3	2	-0.288276239696275	0.212057930126438	1.31113790068387	0.359230396236553	1.83416126997286	0.515774857464195	4	2	2	1	2	3	1	2	3	2	3	5	2	1
11183	4	2	0.0375433584405553	0.0526008884597742	0.00487455691707179	0.452582515579453	-0.241774159892782	0.626834280328309	2	3	2	1	2	1	4	3	1	1	2	2	1	1
11172	11	1	-1.417017145299	0.417347665168179	-1.03714279541407	0.671377580319932	-0.596599435841515	0.630558902398885	1	1	1	1	1	1	1	1	1	1	2	2	1	1
903	1	2	-0.288276239696275	0.212057930126438	-0.0660968825342023	0.439189498419134	-1.15511762742498	0.716190104428349	4	2	2	1	2	1	2	2	1	1	1	1	1	1
11168	8	2	-0.332189846679887	0.206464315413851	-1.03714279541407	0.671377580319932	0.0290760092854222	0.598814090251098	1	2	2	1	1	1	1	1	1	1	3	3	1	1
11166	8	1	0.959848272810263	0.217633645476233	-1.03714279541407	0.671377580319932	-0.0513318077064314	0.602602683378642	1	4	4	1	1	1	1	2	1	1	2	3	1	1
11152	7	1	-1.36440173979217	0.384129220227222	0.47902648189112	0.360278256623955	-0.596599435841515	0.630558902398885	NA	1	1	1	1	2	1	1	1	1	2	2	1	1
11150	14	2	1.05202445654258	0.237240175999787	-0.875389177354486	0.662278115608074	0.174547696646506	0.588859822791832	2	4	4	2	NA	1	1	1	1	1	3	2	2	1
11149	2	1	-1.18737100772654	0.277510262430713	-1.03714279541407	0.671377580319932	-0.119257287994754	0.651899699789705	1	1	1	2	1	1	1	1	1	NA	1	3	2	1
11089	7	1	0.74634625150718	0.0491891269018229	0.843452785840551	0.338210353362157	0.780165953394871	0.55466050601219	2	3	4	2	2	2	2	2	1	1	4	3	2	1
11075	13	1	-0.210987973444028	0.206558115601486	0.761436603280432	0.343905874345182	0.555597575172055	0.583062177891104	3	2	2	2	1	2	2	3	1	1	3	4	1	1
11074	1	1	-1.33522798140931	0.359411499522025	1.43403293323917	0.354260294642027	1.04986409151126	0.55891441896995	2	1	1	1	4	3	1	2	1	1	5	4	2	1
11067	NA	1	1.05202445654258	0.237240175999787	0.57561140874089	0.351436668615328	0.0959902669759986	0.59285084716317	2	4	4	2	2	2	1	2	1	1	2	2	2	1
11063	7	1	-0.332189846679887	0.206464315413851	-1.03714279541407	0.671377580319932	-0.150123790372394	0.646731748688584	1	2	2	1	1	1	1	2	2	1	2	1	1	1
902	3	2	-0.312813307588382	0.209328351113669	0.47902648189112	0.360278256623955	-0.142980166730207	0.605973133990095	2	2	2	1	1	2	1	1	1	1	2	2	2	1
100	4	2	-1.31426940004702	0.351008714467226	-1.03714279541407	0.671377580319932	-0.994713697360366	0.67501613137766	2	1	1	NA	1	1	1	1	1	1	1	2	1	1
11061	3	1	-0.838073150688509	0.0512145355647954	0.57561140874089	0.351436668615328	-0.279358899957145	0.631225838447215	1	2	1	1	2	2	1	1	1	1	2	3	1	NA
10186	9	2	0.060676899230576	0.0416702970544968	-1.03714279541407	0.671377580319932	0.396622850827055	0.57349027023257	1	5	2	NA	1	1	1	2	1	1	3	2	2	1
801	9	1	0.329510533861425	0.0454825770736407	0.68043287079947	0.353317569782913	0.257163435050798	0.576306138245582	5	2	3	1	4	2	1	2	1	1	3	3	1	1
10185	10	2	-1.26887699912671	0.326242787635156	1.78508808551302	0.334118621267983	-0.121034521004346	0.605887241019878	4	1	1	NA	4	3	3	1	2	1	2	2	1	1
10184	11	2	-0.307538761327045	0.213304265087696	-0.199213705211889	0.485875671473602	-1.00618804280855	0.68657711504414	1	2	2	NA	1	1	3	1	1	1	2	1	1	1
10175	14	2	-0.312813307588382	0.209328351113669	-1.03714279541407	0.671377580319932	-0.00681112572602824	0.601528868656194	2	2	2	1	1	1	1	2	1	1	3	2	1	1
10166	3	2	0.388252509978629	0.0678163907977478	-1.03714279541407	0.671377580319932	-0.0513318077064314	0.602602683378642	1	3	3	NA	1	1	1	2	1	1	2	3	1	1
10144	7	2	2.14343193251955	0.293557135517948	0.761436603280432	0.343905874345182	-0.692920794230491	0.672605015458528	3	5	5	NA	1	2	2	2	1	1	2	1	1	1
10140	4	2	-0.307538761327045	0.213304265087696	-1.03714279541407	0.671377580319932	-0.0513318077064314	0.602602683378642	1	2	2	NA	1	1	1	2	1	1	2	3	1	1
10130	2	2	1.09716504907337	0.251988907871702	-0.51669949689853	0.559938230825302	0.56699494764209	0.583515012907811	4	4	4	NA	4	1	1	1	4	1	3	3	1	1
10129	5	2	-0.287179148464038	0.214330726891976	-1.03714279541407	0.671377580319932	0.130263974402055	0.588069292473812	2	2	2	NA	1	1	1	1	1	1	2	3	2	1
10115	4	2	0.0586230934518534	0.0424320614324076	0.47902648189112	0.360278256623955	-0.0457524173066048	0.603133416117948	2	4	2	NA	1	2	1	1	1	2	2	2	1	1
10112	6	2	2.04253327193497	0.240130173771179	0.57561140874089	0.351436668615328	0.117792148620668	0.59300574685328	2	5	5	2	2	2	1	2	2	1	2	2	1	1
798	3	1	-0.296902817852704	0.211088916722729	-1.03714279541407	0.671377580319932	0.168956233352936	0.61193099645951	3	2	2	1	1	1	1	1	1	1	4	3	1	1
98	13	2	-0.0701388750830163	0.904250324957875	NA	NA	NA	NA	2	NA	NA	NA	NA	NA	NA	NA	NA	NA	NA	NA	NA	NA
10108	7	2	0.39161028529526	0.0680860519100365	-0.672555804286283	0.573913270328319	-0.596599435841515	0.630558902398885	3	3	3	NA	2	1	1	1	1	1	2	2	1	1
10103	1	2	-0.287179148464038	0.214330726891976	0.649059676340311	0.35034407583782	-1.00618804280855	0.68657711504414	2	2	2	NA	3	2	1	1	1	1	2	1	1	1
10102	2	2	1.09716504907337	0.251988907871702	0.68043287079947	0.353317569782913	-1.00618804280855	0.68657711504414	4	4	4	NA	4	2	1	1	1	1	2	1	1	1
10097	1	1	0.389908240980995	0.0679642753717814	-0.672555804286283	0.573913270328319	0.333215752111609	0.596929538249045	2	3	3	NA	2	1	1	1	2	1	2	4	1	1
10078	3	1	1.76751719076388	0.0481518221105061	2.3002079703846	0.328730756863214	0.127240570232897	0.682398397916785	2	4	5	NA	2	4	3	1	1	1	5	1	2	1
10061	NA	1	-1.39169738031894	0.405855390909077	-1.03714279541407	0.671377580319932	-0.140322218927153	0.642479590016018	1	1	1	NA	1	1	1	1	1	1	2	4	1	1
10059	9	2	-1.39169738031894	0.405855390909077	-1.03714279541407	0.671377580319932	-0.692920794230491	0.672605015458528	1	1	1	NA	1	1	1	2	1	1	2	1	1	1
10057	1	2	-1.31426940004702	0.351008714467226	-1.03714279541407	0.671377580319932	0.0635427515202107	0.658141128629142	2	1	1	NA	1	1	1	1	2	1	1	4	1	1
10048	NA	1	-1.417017145299	0.417347665168179	-1.03714279541407	0.671377580319932	-0.596599435841515	0.630558902398885	1	1	1	1	1	1	1	1	1	1	2	2	1	1
10038	7	2	0.329966723813179	0.045732490321037	-1.03714279541407	0.671377580319932	-0.0562140765042352	0.647864892212609	2	2	3	NA	1	1	1	1	1	1	3	1	1	2
6571	4	1	1.07131066366738	0.239511467275867	1.0533479101737	0.356082135277651	0.257163435050798	0.576306138245582	3	4	4	2	4	2	3	2	1	1	3	3	1	1
6552	2	2	0.232610156631619	0.904880288934675	0.666908432076742	0.367297180433663	NA	NA	3	NA	NA	NA	2	2	NA	NA	NA	NA	NA	NA	NA	NA
561	9	1	-0.332189846679887	0.206464315413851	-1.03714279541407	0.671377580319932	-1.00618804280855	0.68657711504414	1	2	2	1	1	1	1	1	1	1	2	1	1	1
6548	4	2	0.385124426217291	0.0672402770932011	0.57561140874089	0.351436668615328	0.442703505437523	0.561970354771665	2	3	3	1	2	2	1	1	2	1	3	3	1	1
6529	2	1	0.97353651278697	0.222052017895777	1.53752084895147	0.332970820757428	0.206553081205621	0.606670440090343	2	4	4	1	2	3	2	1	1	1	3	4	1	1
6519	14	1	-0.447271895270133	0.947151555990503	NA	NA	NA	NA	1	NA	NA	NA	NA	NA	NA	NA	NA	NA	NA	NA	NA	NA
6508	2	1	-0.332189846679887	0.206464315413851	0.702344714479561	0.356138819632409	-0.616235439234278	0.69215253528538	1	2	2	1	5	2	1	1	1	1	3	1	1	1
6503	5	2	-0.332189846679887	0.206464315413851	-0.249794077934664	0.478477060404757	0.602936122219928	0.56378831968239	1	2	2	1	1	1	2	1	1	1	3	4	2	1
6502	9	2	0.0385542113552008	0.0520047253456525	0.57561140874089	0.351436668615328	0.642270691961535	0.546518955498445	3	3	2	1	2	2	1	2	2	1	3	3	1	1
6446	NA	2	0.731983542653502	0.0427722029692988	-0.672555804286283	0.573913270328319	0.50625208849179	0.62713739947805	2	2	4	3	2	1	1	1	2	1	2	6	1	1
6435	9	2	-0.312813307588382	0.209328351113669	-0.672555804286283	0.573913270328319	-0.692920794230491	0.672605015458528	2	2	2	1	2	1	1	2	1	1	2	1	1	1
6429	1	1	-0.549356446356616	0.0462085118423025	1.61515089223041	0.344063869336866	0.72065165318561	0.596294594376683	1	1	2	1	1	3	3	1	2	1	5	3	1	NA
6407	10	1	-1.417017145299	0.417347665168179	-0.672555804286283	0.573913270328319	-0.596599435841515	0.630558902398885	1	1	1	1	2	1	1	1	1	1	2	2	1	1
560	14	2	1.11824034594554	0.247747378029615	-1.03714279541407	0.671377580319932	0.55562636415114	0.587414508388125	1	4	4	3	1	1	1	2	1	1	4	2	2	1
6404	7	2	-0.836773520543681	0.0504544194126683	-1.03714279541407	0.671377580319932	0.865649150480879	0.548839425422349	2	2	1	1	1	1	1	1	2	1	3	3	1	3
6403	6	2	0.333024772398925	0.0472007530805239	1.43403293323917	0.354260294642027	0.944103055857016	0.571701902920933	4	2	3	2	4	3	1	2	2	1	3	2	3	1
6385	1	1	-1.3001021339318	0.339532683659676	-0.672555804286283	0.573913270328319	0.624773207495161	0.563437187092752	3	1	1	1	2	1	1	1	2	1	3	4	1	1
6378	11	2	0.97353651278697	0.222052017895777	0.57561140874089	0.351436668615328	-0.165963969822229	0.689782340530299	2	4	4	1	2	2	1	2	1	1	4	1	1	1
6357	9	2	1.09074004786057	0.242245888359561	0.57561140874089	0.351436668615328	-0.150123790372394	0.646731748688584	4	4	4	2	2	2	1	2	2	1	2	1	1	1
6348	2	2	-1.33522798140931	0.359411499522025	0.57561140874089	0.351436668615328	1.00707359615521	0.568875456873475	2	1	1	1	2	2	1	3	1	2	2	3	1	3
6306	2	2	-0.226617655046107	0.208367221928936	0.68043287079947	0.353317569782913	1.49119708770804	0.5753566105541	2	2	2	2	4	2	1	2	2	2	1	6	2	1
6302	4	2	-0.172039771301547	0.202053055797653	0.702344714479561	0.356138819632409	0.0635427515202107	0.658141128629142	5	2	2	3	5	2	1	1	2	1	1	4	1	1
6301	4	1	-1.417017145299	0.417347665168179	-1.03714279541407	0.671377580319932	0.40594963444124	0.609161511738604	1	1	1	1	1	1	1	1	1	1	3	1	2	2
6274	8	1	-0.226617655046107	0.208367221928936	-0.249794077934664	0.478477060404757	1.09658726906157	0.542535732569306	2	2	2	2	1	1	2	1	2	1	3	5	2	1
4743	1	2	0.394966635639061	0.0680100550177338	-0.672555804286283	0.573913270328319	-0.303022729892198	0.625204131798414	3	3	3	2	2	1	1	1	1	1	2	3	1	1
4734	10	1	-0.245837005657461	0.21056098088498	-1.03714279541407	0.671377580319932	-0.335154621747144	0.615872339484269	1	2	2	2	1	1	1	2	1	1	2	2	1	1
4719	1	1	1.09074004786057	0.242245888359561	-0.672555804286283	0.573913270328319	0.96774634141648	0.555798722844504	4	4	4	2	2	1	1	2	2	2	2	2	2	1
4702	4	1	-0.0701388750830163	0.904250324957875	-0.998924733516516	0.678445831007182	NA	NA	2	NA	NA	NA	1	1	NA	NA	NA	NA	NA	NA	NA	NA
443	5	2	-1.417017145299	0.417347665168179	-0.672555804286283	0.573913270328319	-1.15511762742498	0.716190104428349	1	1	1	1	2	1	1	2	1	1	1	1	1	1
4699	2	1	-0.312813307588382	0.209328351113669	0.57561140874089	0.351436668615328	0.782108513421158	0.551453805299679	2	2	2	1	2	2	1	2	2	1	3	2	2	1
4692	4	2	1.47577539515104	0.0510242246409179	0.47902648189112	0.360278256623955	1.42212498870601	0.592215605433766	3	5	4	1	1	2	1	2	1	3	4	6	1	1
4691	6	2	-0.296902817852704	0.211088916722729	-0.51669949689853	0.559938230825302	0.720986379357937	0.575871266903358	3	2	2	1	4	1	1	1	1	1	3	5	2	1
4658	11	1	0.728173216110669	0.0408817248285441	-1.03714279541407	0.671377580319932	0.33582845850292	0.597509666344123	4	2	4	1	1	1	1	1	1	1	2	4	1	2
4657	9	1	0.728173216110669	0.0408817248285441	1.31113790068387	0.359230396236553	0.972231677106005	0.525937686436852	4	2	4	1	2	3	1	2	1	1	3	3	2	2
18236	10	2	-1.417017145299	0.417347665168179	0.649059676340311	0.35034407583782	-0.892103799506187	0.709718190112266	1	1	1	1	3	2	1	1	1	1	1	1	2	1
18222	NA	NA	-0.447271895270133	0.947151555990503	NA	NA	NA	NA	1	NA	NA	NA	NA	NA	NA	NA	NA	NA	NA	NA	NA	NA
18218	NA	NA	-0.447271895270133	0.947151555990503	NA	NA	NA	NA	1	NA	NA	NA	NA	NA	NA	NA	NA	NA	NA	NA	NA	NA
18202	6	2	0.990920525617728	0.227256314455881	-0.672555804286283	0.573913270328319	0.653726841166527	0.591012029747518	3	4	4	1	2	1	1	2	1	1	2	5	2	1
17934	2	2	-0.296902817852704	0.211088916722729	-0.672555804286283	0.573913270328319	-0.37084572420845	0.661356534580647	3	2	2	1	2	1	1	2	1	1	1	3	1	1
17931	2	2	0.33164983182601	0.0465106488666189	0.57561140874089	0.351436668615328	0.462181715614907	0.577403565755631	2	2	3	2	2	2	1	3	1	1	2	3	2	1
17918	7	1	0.728173216110669	0.0408817248285441	0.57561140874089	0.351436668615328	0.0959902669759986	0.59285084716317	4	2	4	1	2	2	1	2	1	1	2	2	2	1
12584	4	1	0.38350434404399	0.0669703476748767	-0.249794077934664	0.478477060404757	0.581593899952612	0.563532548051757	1	3	3	1	1	1	2	1	2	1	3	2	2	1
17906	6	2	-0.332189846679887	0.206464315413851	-1.03714279541407	0.671377580319932	0.437701625313733	0.580544682033318	1	2	2	1	1	1	1	2	1	1	3	4	1	1
17854	3	2	0.74258969612781	0.0471564571136167	0.843452785840551	0.338210353362157	0.15182085397111	0.587663975643466	2	3	4	1	2	2	2	1	2	1	2	3	1	1
17853	3	2	0.0424745131533978	0.049732263144298	0.843452785840551	0.338210353362157	0.347073746650739	0.605056519117683	2	3	2	2	2	2	2	1	2	1	4	2	1	1
17803	8	1	1.07131066366738	0.239511467275867	0.843452785840551	0.338210353362157	-0.256040511953333	0.620964212915272	3	4	4	2	2	2	2	1	1	1	3	2	1	1
17774	7	2	0.727089496692365	0.0403598406595042	0.47902648189112	0.360278256623955	-0.692125673782879	0.661009739769705	2	2	4	1	1	2	1	2	1	1	1	2	1	1
17608	3	2	-1.3001021339318	0.339532683659676	-1.03714279541407	0.671377580319932	-1.00618804280855	0.68657711504414	3	1	1	1	1	1	1	1	1	1	2	1	1	1
17545	NA	2	-0.312813307588382	0.209328351113669	-0.672555804286283	0.573913270328319	0.917286931591123	0.546749681865127	2	2	2	1	2	1	1	2	2	1	2	4	2	1
17540	6	2	-1.417017145299	0.417347665168179	-1.03714279541407	0.671377580319932	-0.121034521004346	0.605887241019878	1	1	1	1	1	1	1	1	2	1	2	2	1	1
17533	5	2	-0.312813307588382	0.209328351113669	-0.546002038113654	0.560317466652551	-0.462665435930163	0.662509373346524	2	2	2	1	3	1	1	1	1	1	2	1	2	1
13873	4	1	-0.226617655046107	0.208367221928936	-0.672555804286283	0.573913270328319	-0.0112531268240224	0.670402017262829	2	2	2	2	2	1	1	1	1	1	2	6	1	1
13870	5	2	1.05202445654258	0.237240175999787	0.57561140874089	0.351436668615328	0.257163435050798	0.576306138245582	2	4	4	2	2	2	1	2	1	1	3	3	1	1
13869	6	2	-0.296902817852704	0.211088916722729	-1.03714279541407	0.671377580319932	0.130263974402055	0.588069292473812	3	2	2	1	1	1	1	1	1	1	2	3	2	1
13836	6	2	0.0364068370994046	0.0532890544025238	-0.546002038113654	0.560317466652551	0.600442914993971	0.557680851655282	1	3	2	1	3	1	1	1	1	2	2	3	2	1
13835	4	2	1.47957777164019	0.0487765094581072	-1.03714279541407	0.671377580319932	1.23278103381315	0.54780802638054	4	5	4	2	1	1	1	3	1	3	3	3	2	1
13829	7	2	-0.296902817852704	0.211088916722729	0.47902648189112	0.360278256623955	-0.616235439234278	0.69215253528538	3	2	2	1	1	2	1	1	1	1	3	1	1	1
13819	9	2	0.402152135255049	0.0677450228399265	2.72010783681568	0.341672187352062	0.804677037308773	0.61886042677503	4	3	3	4	5	4	6	2	6	1	3	1	2	1
13814	2	2	-1.33522798140931	0.359411499522025	-1.03714279541407	0.671377580319932	-0.994713697360366	0.67501613137766	2	1	1	1	1	1	1	1	1	1	1	2	1	1
13811	5	1	0.38350434404399	0.0669703476748767	-1.03714279541407	0.671377580319932	0.132160121449565	0.61935492378865	1	3	3	1	1	1	1	2	1	1	4	2	1	1
12231	1	2	1.23220155070201	0.242617446684923	0.68043287079947	0.353317569782913	1.03382777467445	0.5717327183241	5	4	4	4	4	2	1	2	2	1	3	6	1	1
12049	4	2	0.0375433584405553	0.0526008884597742	-0.672555804286283	0.573913270328319	-0.256040511953333	0.620964212915272	2	3	2	1	2	1	1	1	1	1	3	2	1	1
13793	3	2	-1.417017145299	0.417347665168179	-1.03714279541407	0.671377580319932	0.112245051425177	0.618759531653797	1	1	1	1	1	1	1	2	1	1	1	3	2	1
13792	1	2	-0.312813307588382	0.209328351113669	-0.672555804286283	0.573913270328319	-1.00618804280855	0.68657711504414	2	2	2	1	2	1	1	1	1	1	2	1	1	1
13782	9	1	2.03667544315947	0.2419224411314	0.47902648189112	0.360278256623955	0.727398747730835	0.589960486910497	4	5	5	1	1	2	1	1	1	1	4	3	3	1
13740	NA	NA	NA	NA	NA	NA	NA	NA	NA	NA	NA	NA	NA	NA	NA	NA	NA	NA	NA	NA	NA	NA
13732	11	2	-1.417017145299	0.417347665168179	-1.03714279541407	0.671377580319932	-1.00618804280855	0.68657711504414	1	1	1	1	1	1	1	1	1	1	2	1	1	1
13714	2	1	-0.312813307588382	0.209328351113669	-0.546002038113654	0.560317466652551	0.245293056680042	0.607450144285419	2	2	2	1	3	1	1	1	1	1	2	3	3	1
13712	1	2	-0.288276239696275	0.212057930126438	0.127631261086	0.44808562451022	1.81203830437341	0.523090360407557	4	2	2	1	4	1	3	2	2	4	4	4	2	1
13705	12	2	0.38350434404399	0.0669703476748767	-1.03714279541407	0.671377580319932	-1.00618804280855	0.68657711504414	1	3	3	1	1	1	1	1	1	1	2	1	1	1
13689	NA	1	-0.312813307588382	0.209328351113669	0.843452785840551	0.338210353362157	0.720986379357937	0.575871266903358	2	2	2	1	2	2	2	1	1	1	3	5	2	1
13678	9	1	-1.417017145299	0.417347665168179	-0.672555804286283	0.573913270328319	-0.616235439234278	0.69215253528538	1	1	1	1	2	1	1	1	1	1	3	1	1	1
12221	1	2	-0.312813307588382	0.209328351113669	-1.03714279541407	0.671377580319932	-0.596599435841515	0.630558902398885	2	2	2	1	1	1	1	1	1	1	2	2	1	1
13674	4	1	1.09074004786057	0.242245888359561	-0.627869255513938	0.580256634442725	-1.51097713883035	0.728409944662597	4	4	4	2	2	1	NA	1	1	1	1	1	1	1
13668	2	1	-1.417017145299	0.417347665168179	-0.546002038113654	0.560317466652551	0.51385895749449	0.573186555183084	1	1	1	1	3	1	1	2	2	1	2	2	2	1
17532	5	1	-1.3001021339318	0.339532683659676	0.57561140874089	0.351436668615328	0.206553081205621	0.606670440090343	3	1	1	1	2	2	1	1	1	1	3	4	1	1
12575	4	2	-0.296902817852704	0.211088916722729	0.57561140874089	0.351436668615328	-0.303022729892198	0.625204131798414	3	2	2	1	2	2	1	1	1	1	2	3	1	1
17468	9	1	0.39789818924003	0.068044958404765	1.31113790068387	0.359230396236553	1.22118082126693	0.654914818694456	2	3	3	3	2	3	1	5	4	1	3	1	3	1
17467	3	1	0.386793606340602	0.0674924260941798	1.38571605159114	0.352618245857028	0.907102354189384	0.571670057439674	3	3	3	1	3	3	1	4	1	1	3	3	3	1
17357	5	1	-0.544906375611559	0.0486588953593654	0.843452785840551	0.338210353362157	2.36395779971254	0.516406196307812	1	1	2	2	2	2	2	4	2	2	5	5	4	1
17356	6	2	2.35158054981994	0.397748120633611	2.32464974664965	0.335070564497996	1.32451883865568	0.52417807543573	4	5	5	4	5	4	2	2	1	2	2	4	2	2
17271	2	1	-0.296902817852704	0.211088916722729	-1.03714279541407	0.671377580319932	-0.12744208918942	0.641425875855674	3	2	2	1	1	1	1	1	2	1	1	3	1	1
17256	6	1	0.385124426217291	0.0672402770932011	-0.672555804286283	0.573913270328319	-1.51097713883035	0.728409944662597	2	3	3	1	2	1	1	1	1	1	1	1	1	1
17005	14	2	-0.245837005657461	0.21056098088498	-0.185925667835247	0.488625572011581	-0.4464576111461	0.732690788189372	1	2	2	2	1	1	4	1	1	1	6	1	1	1
16954	3	1	0.333024772398925	0.0472007530805239	0.93823610073191	0.351836406531057	0.780165953394871	0.55466050601219	4	2	3	2	2	2	3	2	1	1	4	3	2	1
16921	10	1	0.0424745131533978	0.049732263144298	1.01312566870266	0.351619542884444	1.04882494942993	0.524560736115529	2	3	2	2	3	2	3	2	2	2	3	3	1	1
16752	4	2	-0.185149338098953	0.204507877944647	0.68043287079947	0.353317569782913	1.1997202740965	0.567211521303578	3	2	2	3	4	2	1	2	1	1	5	5	2	1
12574	8	2	-0.332189846679887	0.206464315413851	-1.03714279541407	0.671377580319932	-0.303022729892198	0.625204131798414	1	2	2	1	1	1	1	1	1	1	2	3	1	1
12087	4	2	-0.332189846679887	0.206464315413851	-0.51669949689853	0.559938230825302	-1.00618804280855	0.68657711504414	1	2	2	1	4	1	1	1	1	1	2	1	1	1
16663	11	1	-1.33522798140931	0.359411499522025	-1.03714279541407	0.671377580319932	-0.596599435841515	0.630558902398885	2	1	1	1	1	1	1	1	1	1	2	2	1	1
16599	2	1	0.400826363489815	0.0678379936511123	1.43403293323917	0.354260294642027	-0.305783448320168	0.666173963902021	4	3	3	3	4	3	1	2	1	1	3	1	1	1
16312	2	1	-0.166407417442562	0.201222842251014	1.01312566870266	0.351619542884444	-0.0582776579540402	0.647347861440398	5	2	2	4	3	2	3	1	2	1	3	1	1	1
16309	5	1	1.75297276965234	0.0417450570014251	-0.51669949689853	0.559938230825302	1.54715611388378	0.562767808732724	5	2	5	4	4	1	1	2	1	2	6	2	2	2
16305	NA	2	0.0457268797319655	0.0479750836795244	1.0533479101737	0.356082135277651	0.541747715433032	0.672223261741304	4	3	2	3	4	2	3	2	1	1	4	1	4	1
16303	4	1	-0.288276239696275	0.212057930126438	1.31113790068387	0.359230396236553	-0.140322218927153	0.642479590016018	4	2	2	1	2	3	1	1	1	1	2	4	1	1
16301	11	2	1.05202445654258	0.237240175999787	0.843452785840551	0.338210353362157	-0.0760887585510456	0.70418128869094	2	4	4	2	2	2	2	2	1	1	NA	1	2	1
16300	1	2	-0.296902817852704	0.211088916722729	-0.672555804286283	0.573913270328319	1.31329896866164	0.571525291903809	3	2	2	1	2	1	1	2	3	1	4	5	1	1
16243	6	2	0.38350434404399	0.0669703476748767	-1.03714279541407	0.671377580319932	0.968752126835265	0.548445906852291	1	3	3	1	1	1	1	2	1	1	4	4	2	1
16217	4	1	-1.33522798140931	0.359411499522025	-1.03714279541407	0.671377580319932	0.62165467641682	0.546364860688728	2	1	1	1	1	1	1	2	1	1	3	3	2	1
12400	1	1	-0.312116118716124	0.210458193526779	-0.875389177354486	0.662278115608074	1.14047371530397	0.519614920501689	NA	2	2	1	NA	1	1	2	2	1	3	4	2	1
15007	2	2	0.97353651278697	0.222052017895777	-1.03714279541407	0.671377580319932	0.206553081205621	0.606670440090343	2	4	4	1	1	1	1	1	1	1	3	4	1	1
14986	10	1	-1.417017145299	0.417347665168179	-1.03714279541407	0.671377580319932	-0.692920794230491	0.672605015458528	1	1	1	1	1	1	1	2	1	1	2	1	1	1
14979	8	2	-1.3001021339318	0.339532683659676	1.23073487652368	0.372372924988203	-0.692125673782879	0.661009739769705	3	1	1	1	1	3	1	2	1	1	1	2	1	1
14946	4	1	-0.0701388750830163	0.904250324957875	0.785126400687329	0.371684090940198	NA	NA	2	NA	NA	NA	4	2	NA	NA	NA	NA	NA	NA	NA	NA
14944	3	2	2.0821430412172	0.256109198534021	1.15558300645004	0.380981856815683	1.39107204100158	0.534245153862295	4	5	5	2	5	2	5	2	2	1	4	4	2	NA
14934	9	2	-0.312813307588382	0.209328351113669	0.649059676340311	0.35034407583782	-1.00618804280855	0.68657711504414	2	2	2	1	3	2	1	1	1	1	2	1	1	1
14928	6	1	1.09074004786057	0.242245888359561	-0.672555804286283	0.573913270328319	0.15182085397111	0.587663975643466	4	4	4	2	2	1	1	1	2	1	2	3	1	1
14919	4	2	0.385124426217291	0.0672402770932011	2.54624616479206	0.471065042772309	-1.51097713883035	0.728409944662597	2	3	3	1	2	5	1	1	1	1	1	1	1	1
14918	12	2	0.38350434404399	0.0669703476748767	-0.672555804286283	0.573913270328319	-1.00618804280855	0.68657711504414	1	3	3	1	2	1	1	1	1	1	2	1	1	1
14913	10	2	1.02092120582787	0.236376106491374	0.68043287079947	0.353317569782913	1.03879098170096	0.573931882299419	5	4	4	1	4	2	1	2	2	1	5	2	2	1
12394	1	2	-1.33522798140931	0.359411499522025	-1.03714279541407	0.671377580319932	0.122545532347152	0.615463040812807	2	1	1	1	1	1	1	2	1	1	2	4	1	1
14902	2	1	1.17543014878189	0.246005172692389	1.96938718561303	0.389494647814909	0.308686209548129	0.620568732849997	4	4	4	3	2	4	1	1	1	1	3	5	1	1
14892	4	1	0.393265885012284	0.067987321326981	0.57561140874089	0.351436668615328	0.62165467641682	0.546364860688728	2	3	3	2	2	2	1	2	1	1	3	3	2	1
14883	2	1	-1.33522798140931	0.359411499522025	-1.03714279541407	0.671377580319932	0.667241641838772	0.597303537542982	2	1	1	1	1	1	1	2	NA	1	2	4	2	1
14870	1	1	-0.312813307588382	0.209328351113669	-1.03714279541407	0.671377580319932	0.15182085397111	0.587663975643466	2	2	2	1	1	1	1	1	2	1	2	3	1	1
14869	14	1	-0.753277221334472	0.807173208002551	-0.998924733516516	0.678445831007182	NA	NA	1	NA	NA	1	1	1	NA	NA	NA	NA	NA	NA	NA	NA
14855	9	2	-1.417017145299	0.417347665168179	-1.03714279541407	0.671377580319932	-0.678225176257484	0.689374167866634	1	1	1	1	1	1	1	1	1	1	1	3	1	1
14836	3	1	-0.312813307588382	0.209328351113669	-0.672555804286283	0.573913270328319	-0.140322218927153	0.642479590016018	2	2	2	1	2	1	1	1	1	1	2	4	1	1
14835	3	1	1.17543014878189	0.246005172692389	0.912728614223306	0.337694736611178	-0.596599435841515	0.630558902398885	4	4	4	3	3	2	2	1	1	1	2	2	1	1
14833	3	2	1.11824034594554	0.247747378029615	2.56462518275755	0.321831765170018	-1.51097713883035	0.728409944662597	1	4	4	3	5	4	4	1	1	1	1	1	1	1
14831	11	1	-1.1492016426842	0.259200519432604	-0.199213705211889	0.485875671473602	1.075255098438	0.603286581960414	2	1	1	2	1	1	3	1	1	1	6	4	3	1
12372	12	1	-0.312813307588382	0.209328351113669	-1.03714279541407	0.671377580319932	0.26803138862112	0.585301892379391	2	2	2	1	1	1	1	1	1	2	3	2	1	1
14825	6	2	0.385124426217291	0.0672402770932011	1.38571605159114	0.352618245857028	-0.469625685834665	0.651521808458812	2	3	3	1	3	3	1	1	1	1	1	2	2	1
13667	4	2	2.22945556802651	0.322839504304403	0.0318029396534207	0.432955252043865	0.968752126835265	0.548445906852291	5	5	5	3	3	1	2	2	1	1	4	4	2	1
13655	4	1	0.38350434404399	0.0669703476748767	-1.03714279541407	0.671377580319932	0.486091533740062	0.630314271670191	1	3	3	1	1	1	1	1	1	1	4	5	1	1
13651	3	1	0.388002408109457	0.0676651516025655	-0.249794077934664	0.478477060404757	-0.335154621747144	0.615872339484269	4	3	3	1	1	1	2	2	1	1	2	2	1	1
13644	6	1	-0.447271895270133	0.947151555990503	-0.998924733516516	0.678445831007182	NA	NA	1	NA	NA	NA	1	1	NA	NA	NA	NA	NA	NA	NA	NA
13639	4	1	-0.312813307588382	0.209328351113669	1.13127606495785	0.373013620260401	1.49815187143573	0.540841406865277	2	2	2	1	5	2	4	2	3	2	2	4	2	1
13638	8	2	-1.417017145299	0.417347665168179	1.53752084895147	0.332970820757428	1.11902738627676	0.555534088244609	1	1	1	1	2	3	2	2	1	2	2	5	2	1
13596	3	1	0.388002408109457	0.0676651516025655	0.57561140874089	0.351436668615328	-1.51097713883035	0.728409944662597	4	3	3	1	2	2	1	1	1	1	1	1	1	1
13550	4	2	-0.312813307588382	0.209328351113669	0.57561140874089	0.351436668615328	-0.596599435841515	0.630558902398885	2	2	2	1	2	2	1	1	1	1	2	2	1	1
12220	3	2	-0.226617655046107	0.208367221928936	-1.03714279541407	0.671377580319932	0.925810391567118	0.556039293414073	2	2	2	2	1	1	1	2	1	1	3	5	2	1
13545	12	1	0.393265885012284	0.067987321326981	0.57561140874089	0.351436668615328	0.132160121449565	0.61935492378865	2	3	3	2	2	2	1	2	1	1	4	2	1	1
13544	8	2	1.24184313420302	0.241480658581374	-0.672555804286283	0.573913270328319	-0.0513318077064314	0.602602683378642	5	4	4	5	2	1	1	2	1	1	2	3	1	1
13543	NA	NA	NA	NA	NA	NA	NA	NA	NA	NA	NA	NA	NA	NA	NA	NA	NA	NA	NA	NA	NA	NA
13530	11	1	-0.296902817852704	0.211088916722729	-1.03714279541407	0.671377580319932	-0.994713697360366	0.67501613137766	3	2	2	1	1	1	1	1	1	1	1	2	1	1
13508	6	1	-0.283554486173103	0.212569939981892	1.68601787665225	0.334934798610237	-0.142980166730207	0.605973133990095	5	2	2	1	5	3	2	1	1	1	2	2	2	1
13497	NA	NA	NA	NA	NA	NA	NA	NA	NA	NA	NA	NA	NA	NA	NA	NA	NA	NA	NA	NA	NA	NA
13496	NA	1	0.733203296523992	0.0434000990948382	0.843452785840551	0.338210353362157	1.3433243966275	0.508840335161568	4	2	4	3	2	2	2	2	2	2	3	3	2	1
13480	NA	NA	NA	NA	NA	NA	NA	NA	NA	NA	NA	NA	NA	NA	NA	NA	NA	NA	NA	NA	NA	NA
13471	2	2	0.396196068589486	0.0680142691842999	1.81297691297037	0.341891196885121	1.3433243966275	0.508840335161568	4	3	3	2	3	3	4	2	2	2	3	3	2	1
12206	14	1	1.11824034594554	0.247747378029615	0.47902648189112	0.360278256623955	0.926052943701351	0.594742470621748	1	4	4	3	1	2	1	2	1	2	1	4	1	3
13469	10	1	-1.417017145299	0.417347665168179	-1.03714279541407	0.671377580319932	-1.51097713883035	0.728409944662597	1	1	1	1	1	1	1	1	1	1	1	1	1	1
13468	14	1	-1.417017145299	0.417347665168179	-1.03714279541407	0.671377580319932	-0.892103799506187	0.709718190112266	1	1	1	1	1	1	1	1	1	1	1	1	2	1
13465	4	1	-0.258330535489473	0.670557045333438	-0.672555804286283	0.573913270328319	-0.596599435841515	0.630558902398885	3	NA	2	1	2	1	1	1	1	1	2	2	1	1
13463	4	2	-0.838073150688509	0.0512145355647954	-1.03714279541407	0.671377580319932	-0.462665435930163	0.662509373346524	1	2	1	1	1	1	1	1	1	1	2	1	2	1
22319	2	1	-1.18737100772654	0.277510262430713	0.47902648189112	0.360278256623955	0.602936122219928	0.56378831968239	1	1	1	2	1	2	1	1	1	1	3	4	2	1
22291	NA	NA	-0.447271895270133	0.947151555990503	-0.998924733516516	0.678445831007182	NA	NA	1	NA	NA	NA	1	1	NA	NA	NA	NA	NA	NA	NA	NA
22279	6	2	-1.417017145299	0.417347665168179	-1.03714279541407	0.671377580319932	-1.51097713883035	0.728409944662597	1	1	1	1	1	1	1	1	1	1	1	1	1	1
22272	NA	NA	-0.549356446356616	0.0462085118423025	-0.323685678681099	0.862046387532785	-0.00681112572602824	0.601528868656194	1	1	2	1	NA	NA	1	2	1	1	3	2	1	1
22256	7	2	-0.332189846679887	0.206464315413851	0.47902648189112	0.360278256623955	0.553084379761462	0.57962813617826	1	2	2	1	1	2	1	1	1	1	3	3	3	1
12752	3	1	-0.312813307588382	0.209328351113669	0.47902648189112	0.360278256623955	0.932772175716402	0.579661658959314	2	2	2	1	1	2	1	1	1	1	4	5	1	2
22252	1	1	0.459306771236737	0.0459702535378159	-0.546002038113654	0.560317466652551	0.691457851009256	0.557170113182697	4	4	3	2	3	1	1	2	1	1	3	3	1	3
22251	2	1	-0.202425192720471	0.205685106401989	1.0533479101737	0.356082135277651	1.39079855707334	0.533948079808066	4	2	2	2	4	2	3	2	1	1	4	4	2	3
22250	8	2	-1.417017145299	0.417347665168179	-1.03714279541407	0.671377580319932	-0.00681112572602824	0.601528868656194	1	1	1	1	1	1	1	2	1	1	3	2	1	1
22205	NA	NA	0.232610156631619	0.904880288934675	NA	NA	NA	NA	3	NA	NA	NA	NA	NA	NA	NA	NA	NA	NA	NA	NA	NA
22159	1	1	0.0364068370994046	0.0532890544025238	-1.03714279541407	0.671377580319932	-0.37084572420845	0.661356534580647	1	3	2	1	1	1	1	2	1	1	1	3	1	1
22043	NA	NA	NA	NA	NA	NA	NA	NA	NA	NA	NA	NA	NA	NA	NA	NA	NA	NA	NA	NA	NA	NA
22040	NA	NA	NA	NA	NA	NA	NA	NA	NA	NA	NA	NA	NA	NA	NA	NA	NA	NA	NA	NA	NA	NA
22034	NA	NA	NA	NA	NA	NA	NA	NA	NA	NA	NA	NA	NA	NA	NA	NA	NA	NA	NA	NA	NA	NA
12743	7	2	0.7265811132611	0.0401228417271833	-0.672555804286283	0.573913270328319	0.174547696646506	0.588859822791832	1	2	4	1	2	1	1	1	1	1	3	2	2	1
22026	10	1	0.97353651278697	0.222052017895777	0.57561140874089	0.351436668615328	-0.596599435841515	0.630558902398885	2	4	4	1	2	2	1	1	1	1	2	2	1	1
22025	NA	NA	0.232610156631619	0.904880288934675	0.785126400687329	0.371684090940198	NA	NA	3	NA	NA	NA	4	2	NA	NA	NA	NA	NA	NA	NA	NA
22024	12	1	-0.312813307588382	0.209328351113669	0.68043287079947	0.353317569782913	-0.303022729892198	0.625204131798414	2	2	2	1	4	2	1	1	1	1	2	3	1	1
21978	8	1	-0.172039771301547	0.202053055797653	0.57561140874089	0.351436668615328	0.185097576104538	0.624738866852508	5	2	2	3	2	2	1	2	1	1	3	1	2	1
21925	NA	2	0.38350434404399	0.0669703476748767	1.31113790068387	0.359230396236553	-0.142980166730207	0.605973133990095	1	3	3	1	2	3	1	1	1	1	2	2	2	1
21889	NA	NA	NA	NA	NA	NA	NA	NA	NA	NA	NA	NA	NA	NA	NA	NA	NA	NA	NA	NA	NA	NA
21888	NA	2	-1.28809353731803	0.333587169332184	-0.546002038113654	0.560317466652551	0.112245051425177	0.618759531653797	4	1	1	1	3	1	1	2	1	1	1	3	2	1
12573	14	2	0.97353651278697	0.222052017895777	0.93823610073191	0.351836406531057	-0.190772552845735	0.637641473674243	2	4	4	1	2	2	3	2	1	1	1	2	2	1
16214	7	1	-0.312813307588382	0.209328351113669	1.31113790068387	0.359230396236553	0.0290760092854222	0.598814090251098	2	2	2	1	2	3	1	1	1	1	3	3	1	1
16210	4	1	-0.296902817852704	0.211088916722729	0.57561140874089	0.351436668615328	-0.0937352603739142	0.613493985696692	3	2	2	1	2	2	1	1	1	1	2	2	1	3
16200	6	1	0.0611419641475316	0.0411502436080261	0.57561140874089	0.351436668615328	0.556136009925778	0.644211397892018	3	4	2	2	2	2	1	1	1	1	4	6	1	1
16197	6	1	1.48364202659875	0.0465399513134817	0.57561140874089	0.351436668615328	-0.303022729892198	0.625204131798414	5	5	4	3	2	2	1	1	1	1	2	3	1	1
16186	3	1	-0.312813307588382	0.209328351113669	-1.03714279541407	0.671377580319932	0.239053667413901	0.621116048964448	2	2	2	1	1	1	1	3	1	1	2	4	1	1
16179	3	2	-0.288276239696275	0.212057930126438	-1.03714279541407	0.671377580319932	-0.140322218927153	0.642479590016018	4	2	2	1	1	1	1	1	1	1	2	4	1	1
16159	10	2	0.39789818924003	0.068044958404765	0.843452785840551	0.338210353362157	0.486945600829527	0.570994493195095	2	3	3	3	2	2	2	2	1	2	3	2	1	1
16158	4	1	0.97353651278697	0.222052017895777	1.31113790068387	0.359230396236553	0.155056048042348	0.670402258114005	2	4	4	1	2	3	1	2	1	2	1	1	1	2
16153	10	2	-0.312813307588382	0.209328351113669	-0.672555804286283	0.573913270328319	-0.335154621747144	0.615872339484269	2	2	2	1	2	1	1	2	1	1	2	2	1	1
16148	3	1	1.02092120582787	0.236376106491374	0.47902648189112	0.360278256623955	-0.994713697360366	0.67501613137766	5	4	4	1	1	2	1	1	1	1	1	2	1	1
12566	7	2	-1.417017145299	0.417347665168179	-0.672555804286283	0.573913270328319	-1.51097713883035	0.728409944662597	1	1	1	1	2	1	1	1	1	1	1	1	1	1
16146	2	1	0.385124426217291	0.0672402770932011	-0.672555804286283	0.573913270328319	-1.00618804280855	0.68657711504414	2	3	3	1	2	1	1	1	1	1	2	1	1	1
16125	8	2	0.458726029224383	0.0462506812744692	1.0533479101737	0.356082135277651	0.991537812452494	0.548492433376181	3	4	3	2	4	2	3	2	2	1	4	4	1	1
16122	5	1	-1.417017145299	0.417347665168179	-1.03714279541407	0.671377580319932	-0.596599435841515	0.630558902398885	1	1	1	1	1	1	1	1	1	1	2	2	1	1
16117	12	2	-1.417017145299	0.417347665168179	-1.03714279541407	0.671377580319932	-1.51097713883035	0.728409944662597	1	1	1	1	1	1	1	1	1	1	1	1	1	1
16107	13	1	1.17543014878189	0.246005172692389	0.57561140874089	0.351436668615328	0.538910186734021	0.593994886031292	4	4	4	3	2	2	1	4	1	1	4	3	1	1
16101	3	1	-1.1492016426842	0.259200519432604	1.23073487652368	0.372372924988203	-0.994713697360366	0.67501613137766	2	1	1	2	1	3	1	1	1	1	1	2	1	1
16051	9	1	-0.0701388750830163	0.904250324957875	NA	NA	NA	NA	2	NA	NA	NA	NA	NA	NA	NA	NA	NA	NA	NA	NA	NA
16048	10	2	0.454278809569516	0.94239389792813	NA	NA	NA	NA	4	NA	NA	NA	NA	NA	NA	NA	NA	NA	NA	NA	NA	NA
16047	7	2	1.17543014878189	0.246005172692389	-0.51669949689853	0.559938230825302	1.29446600626338	0.511651396476701	4	4	4	3	4	1	1	1	2	1	3	4	2	2
12565	1	1	0.729826176035422	0.0416694266784432	1.23073487652368	0.372372924988203	0.755926099038125	0.581192114398386	2	2	4	2	1	3	1	1	3	1	3	4	1	1
16044	7	1	1.13433125704177	0.247210019702554	0.57561140874089	0.351436668615328	-0.596599435841515	0.630558902398885	2	4	4	3	2	2	1	1	1	1	2	2	1	1
14816	9	2	0.0375433584405553	0.0526008884597742	-1.03714279541407	0.671377580319932	-0.00681112572602824	0.601528868656194	2	3	2	1	1	1	1	2	1	1	3	2	1	1
14812	5	2	0.393265885012284	0.067987321326981	0.57561140874089	0.351436668615328	-0.596599435841515	0.630558902398885	2	3	3	2	2	2	1	1	1	1	2	2	1	1
14797	6	2	-0.312813307588382	0.209328351113669	0.57561140874089	0.351436668615328	0.206553081205621	0.606670440090343	2	2	2	1	2	2	1	1	1	1	3	4	1	1
14796	NA	1	-0.312813307588382	0.209328351113669	-1.03714279541407	0.671377580319932	0.153924833221488	0.588148577221411	2	2	2	1	1	1	1	1	1	1	2	3	1	2
14785	4	2	-0.836773520543681	0.0504544194126683	0.649059676340311	0.35034407583782	0.0959902669759986	0.59285084716317	2	2	1	1	3	2	1	2	1	1	2	2	2	1
14784	3	2	0.38874462296441	0.0677643874758342	-0.546002038113654	0.560317466652551	0.0959902669759986	0.59285084716317	5	3	3	1	3	1	1	2	1	1	2	2	2	1
14783	10	1	-1.28243716728345	0.330892626137076	-0.51669949689853	0.559938230825302	-0.256040511953333	0.620964212915272	5	1	1	1	4	1	1	1	1	1	3	2	1	1
14761	NA	2	-0.226617655046107	0.208367221928936	0.57561140874089	0.351436668615328	2.06578425767732	0.504472184900106	2	2	2	2	2	2	1	2	2	2	3	6	2	2
14759	10	2	0.327193961135763	0.0443564462252122	0.47902648189112	0.360278256623955	0.132160121449565	0.61935492378865	1	2	3	1	1	2	1	2	1	1	4	2	1	1
14749	11	2	-1.33522798140931	0.359411499522025	-1.03714279541407	0.671377580319932	-1.51097713883035	0.728409944662597	2	1	1	1	1	1	1	1	1	1	1	1	1	1
14747	6	2	0.0606134492974218	0.0416721309876794	0.97488390756065	0.360695740167796	1.52573521571223	0.552575679335303	3	5	2	1	2	2	4	2	2	1	2	6	2	2
14739	1	2	-0.202425192720471	0.205685106401989	2.1555119944664	0.344350166098605	1.35202801177803	0.572192809566176	4	2	2	2	2	4	2	3	1	1	4	6	2	1
14735	1	2	1.48300648003929	0.046878199894835	0.843452785840551	0.338210353362157	-0.142980166730207	0.605973133990095	4	5	4	3	2	2	2	1	1	1	2	2	2	1
14734	6	1	-1.36440173979217	0.384129220227222	-1.03714279541407	0.671377580319932	-1.00618804280855	0.68657711504414	NA	1	1	1	1	1	1	1	1	1	2	1	1	1
14724	4	1	-0.312813307588382	0.209328351113669	-1.03714279541407	0.671377580319932	-0.335154621747144	0.615872339484269	2	2	2	1	1	1	1	2	1	1	2	2	1	1
14722	8	1	1.76963807346228	0.0492631199693534	-0.51669949689853	0.559938230825302	0.602286849550224	0.58772785041771	3	4	5	3	4	1	1	2	1	1	4	4	1	1
14704	8	2	-1.33522798140931	0.359411499522025	-1.03714279541407	0.671377580319932	-0.994713697360366	0.67501613137766	2	1	1	1	1	1	1	1	1	1	1	2	1	1
14676	1	2	-1.33522798140931	0.359411499522025	-0.672555804286283	0.573913270328319	0.666482631261964	0.568072545796145	2	1	1	1	2	1	1	1	1	2	4	3	1	1
14671	4	1	0.745598962617231	0.0487803898260563	1.43403293323917	0.354260294642027	-1.15511762742498	0.716190104428349	1	3	4	2	4	3	1	2	1	1	1	1	1	1
12310	2	1	-0.226617655046107	0.208367221928936	-0.672555804286283	0.573913270328319	0.675516648874838	0.667081851992778	2	2	2	2	2	1	1	1	1	1	6	6	1	1
14650	5	2	0.0364068370994046	0.0532890544025238	0.57561140874089	0.351436668615328	0.874566428752003	0.535668415088522	1	3	2	1	2	2	1	1	1	2	3	3	1	2
14641	3	2	-0.836773520543681	0.0504544194126683	1.31113790068387	0.359230396236553	0.535323764859621	0.57643137873897	2	2	1	1	2	3	1	2	1	1	2	4	2	1
14636	1	1	1.1546704732376	0.2464776135302	1.09738468292214	0.366999526870954	1.18881368493206	0.558533330630239	3	4	4	3	4	2	4	1	2	1	3	6	2	1
13460	1	1	-0.210987973444028	0.206558115601486	-1.03714279541407	0.671377580319932	1.22906658114483	0.54738088162502	3	2	2	2	1	1	1	1	2	1	2	5	2	2
13459	NA	NA	NA	NA	NA	NA	NA	NA	NA	NA	NA	NA	NA	NA	NA	NA	NA	NA	NA	NA	NA	NA
13458	2	2	-1.417017145299	0.417347665168179	-1.03714279541407	0.671377580319932	-0.678225176257484	0.689374167866634	1	1	1	1	1	1	1	1	1	1	1	3	1	1
13456	NA	NA	NA	NA	NA	NA	NA	NA	NA	NA	NA	NA	NA	NA	NA	NA	NA	NA	NA	NA	NA	NA
13454	3	2	0.393265885012284	0.067987321326981	0.843452785840551	0.338210353362157	1.34857997110124	0.510012935076095	2	3	3	2	2	2	2	2	1	2	3	3	2	2
13435	5	2	-0.312813307588382	0.209328351113669	-0.546002038113654	0.560317466652551	-0.256040511953333	0.620964212915272	2	2	2	1	3	1	1	1	1	1	3	2	1	1
12203	4	1	-0.838073150688509	0.0512145355647954	0.47902648189112	0.360278256623955	-0.678225176257484	0.689374167866634	1	2	1	1	1	2	1	1	1	1	1	3	1	1
13424	11	2	1.00822287356149	0.232539365727071	0.761436603280432	0.343905874345182	-0.462665435930163	0.662509373346524	4	4	4	1	1	2	2	1	1	1	2	1	2	1
13419	9	2	-1.417017145299	0.417347665168179	-1.03714279541407	0.671377580319932	-0.596599435841515	0.630558902398885	1	1	1	1	1	1	1	1	1	1	2	2	1	1
13415	7	1	0.959848272810263	0.217633645476233	-0.672555804286283	0.573913270328319	0.365226035902638	0.581034552519068	1	4	4	1	2	1	1	3	1	1	3	3	1	1
13414	2	2	-1.417017145299	0.417347665168179	-0.672172154146205	0.825583835504867	-0.335154621747144	0.615872339484269	1	1	1	1	1	NA	1	2	1	1	2	2	1	1
13411	8	2	1.03676383910366	0.235471989320322	1.23073487652368	0.372372924988203	-0.523931329198597	0.716795738591924	1	4	4	2	1	3	1	1	1	1	1	4	1	1
13409	2	2	2.15768990435288	0.285904099927737	0.93823610073191	0.351836406531057	0.769744953724239	0.568979242087688	3	5	5	3	2	2	3	1	1	1	4	4	2	1
13406	2	2	-1.33522798140931	0.359411499522025	-1.03714279541407	0.671377580319932	-0.142980166730207	0.605973133990095	2	1	1	1	1	1	1	1	1	1	2	2	2	1
13405	NA	NA	-1.417017145299	0.417347665168179	-1.03714279541407	0.671377580319932	-1.00618804280855	0.68657711504414	1	1	1	1	1	1	1	1	1	1	2	1	1	1
13372	2	1	-1.417017145299	0.417347665168179	-1.03714279541407	0.671377580319932	0.15182085397111	0.587663975643466	1	1	1	1	1	1	1	1	2	1	2	3	1	1
13355	4	1	-0.288276239696275	0.212057930126438	-0.672555804286283	0.573913270328319	-0.303022729892198	0.625204131798414	4	2	2	1	2	1	1	1	1	1	2	3	1	1
12184	8	1	1.05202445654258	0.237240175999787	-0.672555804286283	0.573913270328319	0.0290760092854222	0.598814090251098	2	4	4	2	2	1	1	1	1	1	3	3	1	1
13342	NA	NA	NA	NA	NA	NA	NA	NA	NA	NA	NA	NA	NA	NA	NA	NA	NA	NA	NA	NA	NA	NA
13339	NA	NA	-0.226617655046107	0.208367221928936	-0.672555804286283	0.573913270328319	0.720986379357937	0.575871266903358	2	2	2	2	2	1	1	1	1	1	3	5	2	1
13311	4	2	-0.288276239696275	0.212057930126438	0.57561140874089	0.351436668615328	-1.00618804280855	0.68657711504414	4	2	2	1	2	2	1	1	1	1	2	1	1	1
13310	6	1	-0.312813307588382	0.209328351113669	1.31113790068387	0.359230396236553	0.0879325465019032	0.635634936622067	2	2	2	1	2	3	1	1	2	1	2	1	1	2
13299	7	1	-0.312813307588382	0.209328351113669	1.53752084895147	0.332970820757428	0.0959902669759986	0.59285084716317	2	2	2	1	2	3	2	2	1	1	2	2	2	1
13292	8	2	0.355495465397636	0.148467995668411	-1.03714279541407	0.671377580319932	-1.51097713883035	0.728409944662597	3	3	NA	1	1	1	1	1	1	1	1	1	1	1
16037	13	2	-1.417017145299	0.417347665168179	-0.323685678681099	0.862046387532785	-1.51097713883035	0.728409944662597	1	1	1	1	NA	NA	1	1	1	1	1	1	1	1
16021	1	1	0.749404690296369	0.050966923372865	-1.03714279541407	0.671377580319932	0.130263974402055	0.588069292473812	2	3	4	3	1	1	1	1	1	1	2	3	2	1
15986	12	1	-1.417017145299	0.417347665168179	-1.03714279541407	0.671377580319932	-0.0867862689872024	0.662968682591473	1	1	1	1	1	1	1	2	1	1	1	2	3	1
15971	4	1	1.83074874282899	0.1090594186745	-1.03714279541407	0.671377580319932	-0.142980166730207	0.605973133990095	2	NA	5	2	1	1	1	1	1	1	2	2	2	1
15965	4	2	0.039512124005024	0.0514577331981523	0.666908432076742	0.367297180433663	0.421857864786468	0.56219490003701	5	3	2	1	2	2	NA	1	1	1	3	3	2	1
15943	8	2	-0.312813307588382	0.209328351113669	1.43403293323917	0.354260294642027	-0.089388850350204	0.650246989858378	2	2	2	1	4	3	1	1	1	1	5	2	1	1
15940	11	2	-0.312813307588382	0.209328351113669	-0.672555804286283	0.573913270328319	-0.596599435841515	0.630558902398885	2	2	2	1	2	1	1	1	1	1	2	2	1	1
15939	5	1	0.399598950979804	0.0679316376559566	1.38571605159114	0.352618245857028	-0.142980166730207	0.605973133990095	3	3	3	3	3	3	1	1	1	1	2	2	2	1
15924	3	2	2.62306391978653	0.623069665464225	-0.51669949689853	0.559938230825302	1.99367672586395	0.516791666841909	5	5	5	5	4	1	1	2	4	1	4	5	2	2
12521	2	2	-0.312813307588382	0.209328351113669	-0.672555804286283	0.573913270328319	-0.469625685834665	0.651521808458812	2	2	2	1	2	1	1	1	1	1	1	2	2	1
15916	8	1	-0.312813307588382	0.209328351113669	-1.03714279541407	0.671377580319932	0.405375362268659	0.587777632373757	2	2	2	1	1	1	1	2	1	1	4	3	1	1
15914	5	1	-0.172039771301547	0.202053055797653	-1.03714279541407	0.671377580319932	0.0290760092854222	0.598814090251098	5	2	2	3	1	1	1	1	1	1	3	3	1	1
15906	10	1	2.15768990435288	0.285904099927737	1.82925895196503	0.337942464433519	-1.51097713883035	0.728409944662597	3	5	5	3	5	3	3	1	1	1	1	1	1	1
15901	14	1	-0.245837005657461	0.21056098088498	-0.672555804286283	0.573913270328319	-0.616235439234278	0.69215253528538	1	2	2	2	2	1	1	1	1	1	3	1	1	1
15892	4	1	1.13433125704177	0.247210019702554	0.57561140874089	0.351436668615328	1.26472412816592	0.552062356263628	2	4	4	3	2	2	1	2	2	1	6	3	2	1
15864	3	1	0.394966635639061	0.0680100550177338	0.57561140874089	0.351436668615328	-0.335154621747144	0.615872339484269	3	3	3	2	2	2	1	2	1	1	2	2	1	1
15862	NA	2	-0.312813307588382	0.209328351113669	-1.03714279541407	0.671377580319932	-0.437443046045611	0.662308078009774	2	2	2	1	1	1	1	1	2	1	2	1	1	1
15848	11	1	0.387853156130938	0.0755520563246219	-0.546002038113654	0.560317466652551	0.354643625000494	0.641839634884207	3	NA	3	1	3	1	1	2	1	1	4	1	2	1
15820	5	1	1.47672146693935	0.0504698088346438	1.43403293323917	0.354260294642027	0.989607723706514	0.590109800543753	4	5	4	1	4	3	1	1	1	1	5	5	2	1
15819	2	2	-0.202425192720471	0.205685106401989	0.47902648189112	0.360278256623955	0.870773288977192	0.6120058954752	4	2	2	2	1	2	1	3	1	1	2	6	2	1
12502	3	1	0.393265885012284	0.067987321326981	0.57561140874089	0.351436668615328	0.297098172879912	0.584942232646272	2	3	3	2	2	2	1	1	1	1	2	2	2	2
15800	1	1	-0.226617655046107	0.208367221928936	0.57561140874089	0.351436668615328	1.33594069742213	0.525345369289304	2	2	2	2	2	2	1	2	1	2	3	5	2	1
15785	6	1	-0.200591344671187	0.207417701110271	0.57561140874089	0.351436668615328	-0.461448084151222	0.727846402606718	2	2	2	3	2	2	1	1	1	1	5	1	1	1
15781	4	1	0.394966635639061	0.0680100550177338	-0.672555804286283	0.573913270328319	0.257163435050798	0.576306138245582	3	3	3	2	2	1	1	2	1	1	3	3	1	1
14625	6	1	-0.226617655046107	0.208367221928936	-1.03714279541407	0.671377580319932	0.0368822512947269	0.659356868706801	2	2	2	2	1	1	1	1	1	1	1	4	2	1
14613	11	1	1.23220155070201	0.242617446684923	-0.498956958136958	0.56003264128841	0.555597575172055	0.583062177891104	5	4	4	4	5	1	1	3	1	1	3	4	1	1
14603	NA	NA	-1.417017145299	0.417347665168179	-1.03714279541407	0.671377580319932	0.642270691961535	0.546518955498445	1	1	1	1	1	1	1	2	2	1	3	3	1	1
14591	6	1	0.394966635639061	0.0680100550177338	-0.672555804286283	0.573913270328319	-1.00618804280855	0.68657711504414	3	3	3	2	2	1	1	1	1	1	2	1	1	1
14588	NA	1	-1.3001021339318	0.339532683659676	-1.03714279541407	0.671377580319932	-0.0112531268240224	0.670402017262829	3	1	1	1	1	1	1	1	1	1	2	6	1	1
14581	3	2	-1.417017145299	0.417347665168179	-0.546002038113654	0.560317466652551	-1.51097713883035	0.728409944662597	1	1	1	1	3	1	1	1	1	1	1	1	1	1
14570	NA	1	-0.838073150688509	0.0512145355647954	0.57561140874089	0.351436668615328	0.297098172879912	0.584942232646272	1	2	1	1	2	2	1	1	1	1	2	2	2	2
12309	6	2	-1.33522798140931	0.359411499522025	-0.498956958136958	0.56003264128841	-1.51097713883035	0.728409944662597	2	1	1	1	5	1	1	1	1	1	1	1	1	1
14559	2	2	0.327920760196035	0.044700833322772	0.68043287079947	0.353317569782913	-0.367053875220536	0.689017468919677	2	2	3	1	4	2	1	1	1	1	2	1	4	1
14555	2	1	-1.417017145299	0.417347665168179	-1.03714279541407	0.671377580319932	0.122545532347152	0.615463040812807	1	1	1	1	1	1	1	2	1	1	2	4	1	1
14546	1	1	-0.202425192720471	0.205685106401989	0.57561140874089	0.351436668615328	0.905341351789883	0.557600347950078	4	2	2	2	2	2	1	2	2	1	2	2	2	2
14520	5	2	-1.33522798140931	0.359411499522025	-0.672555804286283	0.573913270328319	-1.51097713883035	0.728409944662597	2	1	1	1	2	1	1	1	1	1	1	1	1	1
14519	3	1	0.461467564426231	0.0449475751073408	1.64627694991182	0.331195455584932	1.65662458457674	0.503890478805288	4	4	3	3	4	3	2	1	2	2	4	3	2	2
14517	5	2	0.061149476297095	0.0411736991841566	1.59974522330815	0.32902309680949	-0.142980166730207	0.605973133990095	1	4	2	3	3	3	2	1	1	1	2	2	2	1
14505	12	2	-0.447271895270133	0.947151555990503	NA	NA	NA	NA	1	NA	NA	NA	NA	NA	NA	NA	NA	NA	NA	NA	NA	NA
14504	7	1	-0.447271895270133	0.947151555990503	NA	NA	NA	NA	1	NA	NA	NA	NA	NA	NA	NA	NA	NA	NA	NA	NA	NA
14483	6	2	1.05202445654258	0.237240175999787	-0.672555804286283	0.573913270328319	-0.118610847015234	0.702063295983724	2	4	4	2	2	1	1	2	1	1	5	1	1	1
14444	7	1	0.38350434404399	0.0669703476748767	0.47902648189112	0.360278256623955	0.396622850827055	0.57349027023257	1	3	3	1	1	2	1	2	1	1	3	2	2	1
12300	5	2	-1.33522798140931	0.359411499522025	-0.672555804286283	0.573913270328319	-0.142980166730207	0.605973133990095	2	1	1	1	2	1	1	1	1	1	2	2	2	1
12072	3	2	2.17757595701202	0.298004739576616	1.78508808551302	0.334118621267983	0.822002680078501	0.598813499047122	NA	5	5	3	4	3	3	3	1	1	2	4	3	1
14438	3	1	1.07131066366738	0.239511467275867	0.649059676340311	0.35034407583782	0.642270691961535	0.546518955498445	3	4	4	2	3	2	1	2	2	1	3	3	1	1
14436	8	1	-0.245837005657461	0.21056098088498	1.8606656861961	0.351063468222978	0.822449150942456	0.545243297378905	1	2	2	2	3	3	5	2	2	1	3	4	1	1
14422	3	2	1.07131066366738	0.239511467275867	0.843452785840551	0.338210353362157	0.53456588375691	0.56016588254416	3	4	4	2	2	2	2	1	2	1	2	3	2	1
14421	8	2	1.03676383910366	0.235471989320322	-1.03714279541407	0.671377580319932	-0.276300219415729	0.675433535165909	1	4	4	2	1	1	1	2	1	NA	3	1	1	1
13286	1	1	1.09074004786057	0.242245888359561	-1.03714279541407	0.671377580319932	-0.303022729892198	0.625204131798414	4	4	4	2	1	1	1	1	1	1	2	3	1	1
13263	7	2	-1.3001021339318	0.339532683659676	0.47902648189112	0.360278256623955	0.642270691961535	0.546518955498445	3	1	1	1	1	2	1	2	2	1	3	3	1	1
13262	3	2	-1.3001021339318	0.339532683659676	-1.03714279541407	0.671377580319932	-0.140322218927153	0.642479590016018	3	1	1	1	1	1	1	1	1	1	2	4	1	1
13261	6	2	1.13433125704177	0.247210019702554	0.57561140874089	0.351436668615328	0.0988162710249286	0.668550266930695	2	4	4	3	2	2	1	1	2	1	4	1	1	1
12177	14	1	-0.332189846679887	0.206464315413851	0.649059676340311	0.35034407583782	0.196341368623912	0.588699531789422	1	2	2	1	3	2	1	1	2	1	3	2	1	1
13257	1	2	0.391608431778149	0.0679352040300967	1.43403293323917	0.354260294642027	0.733032590051395	0.547749565413964	1	3	3	2	4	3	1	2	2	1	2	3	2	1
13205	4	1	-0.288276239696275	0.212057930126438	-0.546002038113654	0.560317466652551	-0.616235439234278	0.69215253528538	4	2	2	1	3	1	1	1	1	1	3	1	1	1
13202	2	1	-1.28809353731803	0.333587169332184	0.843452785840551	0.338210353362157	0.742685563212288	0.565263279025278	4	1	1	1	2	2	2	NA	2	2	2	3	1	1
13201	3	1	-1.33522798140931	0.359411499522025	-1.03714279541407	0.671377580319932	0.185939504040793	0.59592301223495	2	1	1	1	1	1	1	1	2	1	2	3	1	NA
13199	13	1	0.385124426217291	0.0672402770932011	-0.672555804286283	0.573913270328319	-0.24879425428019	0.685350309635347	2	3	3	1	2	1	1	1	1	2	2	1	NA	1
13198	NA	NA	-0.0701388750830163	0.904250324957875	NA	NA	NA	NA	2	NA	NA	NA	NA	NA	NA	NA	NA	NA	NA	NA	NA	NA
13192	1	1	-0.0701388750830163	0.904250324957875	NA	NA	NA	NA	2	NA	NA	NA	NA	NA	NA	NA	NA	NA	NA	NA	NA	NA
13191	NA	1	-0.836773520543681	0.0504544194126683	0.57561140874089	0.351436668615328	1.80638783778193	0.497400160926737	2	2	1	1	2	2	1	2	2	2	4	5	2	1
12158	2	1	-0.296902817852704	0.211088916722729	-1.03714279541407	0.671377580319932	1.04375997678765	0.598895259940766	3	2	2	1	1	1	1	1	3	1	2	5	1	2
13190	12	1	-1.3001021339318	0.339532683659676	-1.03714279541407	0.671377580319932	0.752467343540251	0.60681487593984	3	1	1	1	1	1	1	2	2	1	2	6	1	1
13189	6	1	-0.815454338599649	0.0404511471259594	-0.503865787907446	0.905518402892143	-0.256040511953333	0.620964212915272	4	3	1	1	1	NA	NA	1	1	1	3	2	1	1
13187	4	1	0.386793606340602	0.0674924260941798	-1.03714279541407	0.671377580319932	-0.335154621747144	0.615872339484269	3	3	3	1	1	1	1	2	1	1	2	2	1	1
13185	10	1	1.07131066366738	0.239511467275867	2.26112981204076	0.336716143662411	0.636308037113522	0.589148148317398	3	4	4	2	1	4	3	2	2	1	3	1	2	1
13184	9	1	-0.312813307588382	0.209328351113669	0.57561140874089	0.351436668615328	-0.00681112572602824	0.601528868656194	2	2	2	1	2	2	1	2	1	1	3	2	1	1
13183	6	1	-0.202425192720471	0.205685106401989	0.57561140874089	0.351436668615328	-0.596599435841515	0.630558902398885	4	2	2	2	2	2	1	1	1	1	2	2	1	1
13182	3	2	1.05202445654258	0.237240175999787	1.38571605159114	0.352618245857028	1.22087503329998	0.518434564335088	2	4	4	2	3	3	1	2	2	2	3	4	1	1
14418	9	2	-0.0565381363783575	0.176520777182413	0.843452785840551	0.338210353362157	-0.0513318077064314	0.602602683378642	2	NA	2	2	2	2	2	2	1	1	2	3	1	1
14398	8	2	0.0424745131533978	0.049732263144298	-0.010490793562103	0.4487630661659	0.437701625313733	0.580544682033318	2	3	2	2	2	1	3	2	1	1	3	4	1	1
14393	NA	NA	NA	NA	NA	NA	NA	NA	NA	NA	NA	NA	NA	NA	NA	NA	NA	NA	NA	NA	NA	NA
14383	NA	NA	0.454278809569516	0.94239389792813	NA	NA	NA	NA	4	NA	NA	NA	NA	NA	NA	NA	NA	NA	NA	NA	NA	NA
14381	8	1	0.393265885012284	0.067987321326981	-0.546002038113654	0.560317466652551	-0.335154621747144	0.615872339484269	2	3	3	2	3	1	1	2	1	1	2	2	1	1
12299	16	2	0.386793606340602	0.0674924260941798	0.912728614223306	0.337694736611178	0.0959902669759986	0.59285084716317	3	3	3	1	3	2	2	2	1	1	2	2	2	1
14379	1	2	0.74634625150718	0.0491891269018229	0.843452785840551	0.338210353362157	0.274661447370241	0.644622604184302	2	3	4	2	2	2	2	2	1	1	2	6	1	1
14370	1	1	-1.417017145299	0.417347665168179	-1.03714279541407	0.671377580319932	0.442703505437523	0.561970354771665	1	1	1	1	1	1	1	1	2	1	3	3	1	1
14361	8	1	0.385124426217291	0.0672402770932011	2.04357925162722	0.374755969248489	-0.305783448320168	0.666173963902021	2	3	3	1	3	4	1	2	1	1	3	1	1	1
14353	NA	1	0.386793606340602	0.0674924260941798	0.68043287079947	0.353317569782913	1.78089272789405	0.553169088116164	3	3	3	1	4	2	1	2	3	1	4	6	2	1
14334	10	2	1.47739195146593	0.050040015505465	0.47902648189112	0.360278256623955	-0.305783448320168	0.666173963902021	1	5	4	2	1	2	1	2	1	1	3	1	1	1
14332	5	1	-1.28243716728345	0.330892626137076	-1.03714279541407	0.671377580319932	0.351437331691154	0.571002496151817	5	1	1	1	1	1	1	2	1	1	2	3	2	1
14330	9	2	2.62306391978653	0.623069665464225	0.147148961514417	0.45386606509394	2.48842956810708	0.578180131000218	5	5	5	5	4	1	4	1	1	3	5	6	6	2
14325	3	2	1.09074004786057	0.242245888359561	1.31113790068387	0.359230396236553	-0.303022729892198	0.625204131798414	4	4	4	2	2	3	1	1	1	1	2	3	1	1
14304	2	1	0.401576391445503	0.0677733829100595	1.08386263500848	0.360806185152148	-0.0618081541848692	0.670257045167729	5	3	3	3	5	2	3	2	3	1	2	1	1	1
14297	8	2	0.400927367135935	0.0678661103311195	0.649059676340311	0.35034407583782	0.122545532347152	0.615463040812807	3	3	3	4	3	2	1	2	1	1	2	4	1	1
12295	2	1	-0.312813307588382	0.209328351113669	1.31113790068387	0.359230396236553	-1.51097713883035	0.728409944662597	2	2	2	1	2	3	1	1	1	1	1	1	1	1
14291	4	1	1.47957777164019	0.0487765094581072	1.53752084895147	0.332970820757428	0.206553081205621	0.606670440090343	4	5	4	2	2	3	2	1	1	1	3	4	1	1
14286	1	1	1.17528936882849	0.250719700443616	0.93823610073191	0.351836406531057	0.206553081205621	0.606670440090343	2	4	4	4	2	2	3	1	1	1	3	4	1	1
14263	7	1	-1.28809353731803	0.333587169332184	1.38571605159114	0.352618245857028	0.516757295995458	0.573933097593663	4	1	1	1	3	3	1	2	1	1	2	2	2	2
14259	6	2	2.0821430412172	0.256109198534021	0.57561140874089	0.351436668615328	0.764121494821872	0.563708340216107	4	5	5	2	2	2	1	2	1	1	3	3	3	1
14258	8	2	-0.312813307588382	0.209328351113669	-0.672555804286283	0.573913270328319	-0.678225176257484	0.689374167866634	2	2	2	1	2	1	1	1	1	1	1	3	1	1
14241	NA	2	-0.210987973444028	0.206558115601486	0.57561140874089	0.351436668615328	0.782108513421158	0.551453805299679	3	2	2	2	2	2	1	2	2	1	3	2	2	1
13181	5	1	-1.33522798140931	0.359411499522025	0.843452785840551	0.338210353362157	-0.0562140765042352	0.647864892212609	2	1	1	1	2	2	2	1	1	1	3	1	1	2
13173	12	1	-0.332189846679887	0.206464315413851	0.47902648189112	0.360278256623955	-1.00618804280855	0.68657711504414	1	2	2	1	1	2	1	1	1	1	2	1	1	1
12154	2	2	0.730450121829772	0.0419769909725956	0.843452785840551	0.338210353362157	0.851813801874734	0.566146535910279	3	2	4	2	2	2	2	2	1	1	5	3	2	1
13153	11	1	-1.33522798140931	0.359411499522025	-0.672555804286283	0.573913270328319	0.602936122219928	0.56378831968239	2	1	1	1	2	1	1	1	1	1	3	4	2	1
13107	2	2	0.0375433584405553	0.0526008884597742	1.31113790068387	0.359230396236553	-0.596599435841515	0.630558902398885	2	3	2	1	2	3	1	1	1	1	2	2	1	1
13087	5	2	-0.332189846679887	0.206464315413851	0.57561140874089	0.351436668615328	0.365746322943045	0.582356772269668	1	2	2	1	2	2	1	1	1	2	2	2	2	1
13081	4	1	-1.33522798140931	0.359411499522025	0.47902648189112	0.360278256623955	-0.0549525729996644	0.659072890972545	2	1	1	1	1	2	1	1	1	1	2	5	1	1
13075	5	2	-1.36440173979217	0.384129220227222	-1.03714279541407	0.671377580319932	-0.616235439234278	0.69215253528538	NA	1	1	1	1	1	1	1	1	1	3	1	1	1
13074	5	2	-0.549356446356616	0.0462085118423025	-1.03714279541407	0.671377580319932	-0.616235439234278	0.69215253528538	1	1	2	1	1	1	1	1	1	1	3	1	1	1
13071	5	1	-0.245837005657461	0.21056098088498	0.57561140874089	0.351436668615328	0.427515451149215	0.616299836406278	1	2	2	2	2	2	1	2	1	2	2	1	1	2
13069	8	2	-0.549356446356616	0.0462085118423025	0.57561140874089	0.351436668615328	-0.335154621747144	0.615872339484269	1	1	2	1	2	2	1	2	1	1	2	2	1	1
13065	1	2	1.76701541930001	0.0478154501819137	0.68043287079947	0.353317569782913	1.03382777467445	0.5717327183241	4	4	5	2	4	2	1	2	2	1	3	6	1	1
13060	2	1	-1.3001021339318	0.339532683659676	-1.03714279541407	0.671377580319932	-0.335154621747144	0.615872339484269	3	1	1	1	1	1	1	2	1	1	2	2	1	1
13051	1	2	0.959848272810263	0.217633645476233	1.68601787665225	0.334934798610237	-0.00681112572602824	0.601528868656194	1	4	4	1	5	3	2	2	1	1	3	2	1	1
13041	3	2	-0.312813307588382	0.209328351113669	0.57561140874089	0.351436668615328	0.257163435050798	0.576306138245582	2	2	2	1	2	2	1	2	1	1	3	3	1	1
13038	6	2	1.1546704732376	0.2464776135302	1.13061270721869	0.377895571925757	0.575393049309333	0.572215766562643	3	4	4	3	4	2	6	1	1	1	4	3	2	1
13037	1	2	-0.288276239696275	0.212057930126438	-0.672555804286283	0.573913270328319	0.95933821467937	0.55956866112339	4	2	2	1	2	1	1	2	1	1	3	4	3	1
13036	NA	NA	NA	NA	NA	NA	NA	NA	NA	NA	NA	NA	NA	NA	NA	NA	NA	NA	NA	NA	NA	NA
13030	4	2	-1.28809353731803	0.333587169332184	-1.03714279541407	0.671377580319932	0.92983253386545	0.594900232582985	4	1	1	1	1	1	1	2	1	2	4	1	1	2
13028	3	1	2.0821430412172	0.256109198534021	0.68043287079947	0.353317569782913	1.56693764768631	0.554741165278668	4	5	5	2	4	2	1	2	1	1	3	5	3	3
13022	6	2	0.386793606340602	0.0674924260941798	-0.51669949689853	0.559938230825302	-0.692920794230491	0.672605015458528	3	3	3	1	4	1	1	2	1	1	2	1	1	1
13005	6	2	-0.835942122125085	0.0499824166598139	1.38571605159114	0.352618245857028	-0.142980166730207	0.605973133990095	3	2	1	1	3	3	1	1	1	1	2	2	2	1
12986	12	1	-1.417017145299	0.417347665168179	-1.03714279541407	0.671377580319932	-0.892103799506187	0.709718190112266	1	1	1	1	1	1	1	1	1	1	1	1	2	1
15778	3	1	-0.332189846679887	0.206464315413851	-0.672555804286283	0.573913270328319	0.294691193561952	0.584319567766896	1	2	2	1	2	1	1	1	2	1	2	2	2	1
15771	8	2	-1.417017145299	0.417347665168179	-1.03714279541407	0.671377580319932	-1.51097713883035	0.728409944662597	1	1	1	1	1	1	1	1	1	1	1	1	1	1
15767	1	1	-1.28243716728345	0.330892626137076	-0.51669949689853	0.559938230825302	1.33497643003252	0.566082613836456	5	1	1	1	4	1	1	1	2	1	2	6	2	2
15761	NA	1	-0.197739318972651	0.20519935269298	1.13127606495785	0.373013620260401	-0.335154621747144	0.615872339484269	5	2	2	2	5	2	4	2	1	1	2	2	1	1
15757	2	2	1.07131066366738	0.239511467275867	1.38571605159114	0.352618245857028	0.15182085397111	0.587663975643466	3	4	4	2	3	3	1	1	2	1	2	3	1	1
15750	3	1	0.0385542113552008	0.0520047253456525	-1.03714279541407	0.671377580319932	0.119861858334893	0.59354249713983	3	3	2	1	1	1	1	2	1	1	2	2	1	2
15722	11	1	0.391608431778149	0.0679352040300967	-0.249794077934664	0.478477060404757	0.570324695148178	0.785811097695163	1	3	3	2	1	1	2	6	5	1	1	1	3	1
12498	4	2	0.0563879822756144	0.0435518599041222	-0.672555804286283	0.573913270328319	0.602936122219928	0.56378831968239	1	4	2	1	2	1	1	1	1	1	3	4	2	1
15717	4	1	-0.296902817852704	0.211088916722729	-0.672555804286283	0.573913270328319	-0.596599435841515	0.630558902398885	3	2	2	1	2	1	1	1	1	1	2	2	1	1
15715	2	1	2.05895127691893	0.252693169302111	-0.672555804286283	0.573913270328319	0.748152971148196	0.576416060477988	5	5	5	1	2	1	1	1	1	1	3	5	1	2
15710	3	1	0.743388950009223	0.047585760381073	-1.03714279541407	0.671377580319932	0.374838352056477	0.725167602833654	3	3	4	1	1	1	1	1	1	1	1	6	3	1
15704	6	2	0.232610156631619	0.904880288934675	NA	NA	NA	NA	3	NA	NA	NA	NA	NA	NA	NA	NA	NA	NA	NA	NA	NA
15697	10	1	0.386793606340602	0.0674924260941798	-1.03714279541407	0.671377580319932	0.437701625313733	0.580544682033318	3	3	3	1	1	1	1	2	1	1	3	4	1	1
15692	11	2	-1.417017145299	0.417347665168179	-1.03714279541407	0.671377580319932	-0.692920794230491	0.672605015458528	1	1	1	1	1	1	1	2	1	1	2	1	1	1
15677	8	1	-0.332189846679887	0.206464315413851	-0.672555804286283	0.573913270328319	0.437701625313733	0.580544682033318	1	2	2	1	2	1	1	2	1	1	3	4	1	1
15663	6	1	0.388002408109457	0.0676651516025655	-1.03714279541407	0.671377580319932	0.437701625313733	0.580544682033318	4	3	3	1	1	1	1	2	1	1	3	4	1	1
15649	15	2	1.05202445654258	0.237240175999787	-0.672555804286283	0.573913270328319	1.40041277557109	0.59828256898479	2	4	4	2	2	1	1	2	2	1	6	6	1	1
15642	5	1	2.22945556802651	0.322839504304403	-0.199213705211889	0.485875671473602	-1.51097713883035	0.728409944662597	5	5	5	3	1	1	3	1	1	1	1	1	1	1
12473	5	1	1.13433125704177	0.247210019702554	2.73696264238254	0.442098051012889	1.819322373299	0.590055594836598	2	4	4	3	4	5	1	1	2	1	6	6	3	1
15637	9	2	0.394966635639061	0.0680100550177338	0.843452785840551	0.338210353362157	0.800965037492195	0.545198369976288	3	3	3	2	2	2	2	2	1	1	3	4	2	1
15630	9	2	1.05202445654258	0.237240175999787	1.82077037834623	0.3620271997201	0.571944174738986	0.648529284432075	2	4	4	2	2	3	6	1	NA	1	5	4	1	1
15618	2	1	1.07131066366738	0.239511467275867	-1.03714279541407	0.671377580319932	0.602936122219928	0.56378831968239	3	4	4	2	1	1	1	1	1	1	3	4	2	1
15599	10	1	1.17543014878189	0.246005172692389	1.23073487652368	0.372372924988203	-0.692125673782879	0.661009739769705	4	4	4	3	1	3	1	2	1	1	1	2	1	1
15588	6	2	-0.0701388750830163	0.904250324957875	NA	NA	NA	NA	2	NA	NA	NA	NA	NA	NA	NA	NA	NA	NA	NA	NA	NA
14237	9	2	-0.312813307588382	0.209328351113669	-1.03714279541407	0.671377580319932	-0.150123790372394	0.646731748688584	2	2	2	1	1	1	1	2	2	1	2	1	1	1
14229	8	1	-0.202425192720471	0.205685106401989	1.67357148023062	0.336675403795509	-0.142980166730207	0.605973133990095	4	2	2	2	2	3	3	1	1	1	2	2	2	1
14208	3	2	-0.332189846679887	0.206464315413851	0.843452785840551	0.338210353362157	-1.51097713883035	0.728409944662597	1	2	2	1	2	2	2	1	1	1	1	1	1	1
12266	9	2	1.13433125704177	0.247210019702554	-0.672555804286283	0.573913270328319	-0.256040511953333	0.620964212915272	2	4	4	3	2	1	1	1	1	1	3	2	1	1
14190	NA	1	-0.226171384848827	0.210584062868718	0.57561140874089	0.351436668615328	0.624773207495161	0.563437187092752	2	2	NA	2	2	2	1	1	2	1	3	4	1	1
14181	2	2	0.386793606340602	0.0674924260941798	0.912728614223306	0.337694736611178	-0.303022729892198	0.625204131798414	3	3	3	1	3	2	2	1	1	1	2	3	1	1
14179	4	2	-0.447271895270133	0.947151555990503	NA	NA	NA	NA	1	NA	NA	NA	NA	NA	NA	NA	NA	NA	NA	NA	NA	NA
14175	2	2	-0.332189846679887	0.206464315413851	-0.672555804286283	0.573913270328319	-1.51097713883035	0.728409944662597	1	2	2	1	2	1	1	1	1	1	1	1	1	1
14165	9	1	1.21690164797433	0.2451655580994	-1.03714279541407	0.671377580319932	1.1984867013258	0.55250894756004	4	4	4	4	1	1	1	2	1	2	4	5	1	1
14155	3	2	2.48539828836446	0.515466377787655	0.649059676340311	0.35034407583782	0.405375362268659	0.587777632373757	4	5	5	5	3	2	1	2	1	1	4	3	1	1
14152	7	1	1.09074004786057	0.242245888359561	0.912728614223306	0.337694736611178	-0.616235439234278	0.69215253528538	4	4	4	2	3	2	2	1	1	1	3	1	1	1
14150	6	1	1.19586461033776	0.247992178149496	0.57561140874089	0.351436668615328	0.320073229725759	0.618328054197642	3	4	4	4	2	2	1	2	2	1	2	1	2	1
14147	2	1	-0.210987973444028	0.206558115601486	0.843452785840551	0.338210353362157	1.21972584090694	0.560647113366391	3	2	2	2	2	2	2	1	2	1	3	6	1	2
14144	9	2	-0.838073150688509	0.0512145355647954	-0.498956958136958	0.56003264128841	-0.596599435841515	0.630558902398885	1	2	1	1	5	1	1	1	1	1	2	2	1	1
12250	10	1	0.38350434404399	0.0669703476748767	-1.03714279541407	0.671377580319932	-0.678225176257484	0.689374167866634	1	3	3	1	1	1	1	1	1	1	1	3	1	1
14143	10	2	0.232610156631619	0.904880288934675	0.785126400687329	0.371684090940198	NA	NA	3	NA	NA	NA	4	2	NA	NA	NA	NA	NA	NA	NA	NA
14142	2	2	0.396196068589486	0.0680142691842999	1.95062541726167	0.362406625326475	-0.0513318077064314	0.602602683378642	4	3	3	2	4	3	6	2	1	1	2	3	1	1
14136	4	1	-0.202425192720471	0.205685106401989	-0.672555804286283	0.573913270328319	-0.596599435841515	0.630558902398885	4	2	2	2	2	1	1	1	1	1	2	2	1	1
14132	1	2	0.97353651278697	0.222052017895777	-1.03714279541407	0.671377580319932	0.15182085397111	0.587663975643466	2	4	4	1	1	1	1	1	2	1	2	3	1	1
14130	2	2	-0.245837005657461	0.21056098088498	1.79441746268345	0.355204873223559	0.968752126835265	0.548445906852291	1	2	2	2	2	3	5	2	1	1	4	4	2	1
14126	NA	NA	0.232610156631619	0.904880288934675	NA	NA	NA	NA	3	NA	NA	NA	NA	NA	NA	NA	NA	NA	NA	NA	NA	NA
14125	6	1	-0.312813307588382	0.209328351113669	1.96938718561303	0.389494647814909	0.437701625313733	0.580544682033318	2	2	2	1	2	4	1	2	1	1	3	4	1	1
14123	1	2	-0.210987973444028	0.206558115601486	0.843452785840551	0.338210353362157	0.257163435050798	0.576306138245582	3	2	2	2	2	2	2	2	1	1	3	3	1	1
12129	2	1	-1.417017145299	0.417347665168179	-1.03714279541407	0.671377580319932	-0.692125673782879	0.661009739769705	1	1	1	1	1	1	1	2	1	1	1	2	1	1
12041	7	1	0.327920760196035	0.044700833322772	1.31113790068387	0.359230396236553	-0.0513318077064314	0.602602683378642	2	2	3	1	2	3	1	2	1	1	2	3	1	1
12039	12	2	-0.332189846679887	0.206464315413851	-1.03714279541407	0.671377580319932	-0.678225176257484	0.689374167866634	1	2	2	1	1	1	1	1	1	1	1	3	1	1
15579	13	1	-0.296902817852704	0.211088916722729	0.57561140874089	0.351436668615328	-0.256040511953333	0.620964212915272	3	2	2	1	2	2	1	1	1	1	3	2	1	1
15576	12	2	1.47739195146593	0.050040015505465	-0.249794077934664	0.478477060404757	-0.175023307565216	0.64683984256276	1	5	4	2	1	1	2	2	1	1	2	1	2	1
15575	13	1	-1.33522798140931	0.359411499522025	-1.03714279541407	0.671377580319932	0.437701625313733	0.580544682033318	2	1	1	1	1	1	1	2	1	1	3	4	1	1
15574	9	2	0.454278809569516	0.94239389792813	1.57286817576222	0.365941856028761	NA	NA	4	NA	NA	NA	3	3	NA	NA	NA	NA	NA	NA	NA	NA
15570	8	1	0.454812149044773	0.0482257723007812	-0.51669949689853	0.559938230825302	0.992262502896385	0.5556016072227	3	4	3	1	4	1	1	3	1	2	4	3	1	1
12472	9	1	-0.332189846679887	0.206464315413851	1.53752084895147	0.332970820757428	0.257163435050798	0.576306138245582	1	2	2	1	2	3	2	2	1	1	3	3	1	1
15567	4	1	-0.197739318972651	0.20519935269298	0.47902648189112	0.360278256623955	0.930854117881792	0.592503202659006	5	2	2	2	1	2	1	1	2	1	2	6	2	1
15550	3	1	-1.28809353731803	0.333587169332184	-0.546002038113654	0.560317466652551	0.365210405663295	0.63256259942803	4	1	1	1	3	1	1	1	1	1	3	6	1	1
15546	9	2	-1.28809353731803	0.333587169332184	-1.03714279541407	0.671377580319932	0.351437331691154	0.571002496151817	4	1	1	1	1	1	1	2	1	1	2	3	2	1
15545	8	1	-0.226617655046107	0.208367221928936	-0.672555804286283	0.573913270328319	0.130263974402055	0.588069292473812	2	2	2	2	2	1	1	1	1	1	2	3	2	1
15542	6	1	0.38350434404399	0.0669703476748767	3.30374693249669	0.384582945618488	-0.335154621747144	0.615872339484269	1	3	3	1	4	5	5	2	1	1	2	2	1	1
15535	8	1	-1.3001021339318	0.339532683659676	-1.03714279541407	0.671377580319932	-0.140322218927153	0.642479590016018	3	1	1	1	1	1	1	1	1	1	2	4	1	1
15531	2	2	0.400826363489815	0.0678379936511123	0.702344714479561	0.356138819632409	0.549332029387269	0.593594598099242	4	3	3	3	5	2	1	2	1	1	3	5	1	1
15527	5	2	0.0433793296784792	0.049225817252444	2.45099165666766	0.322003193263547	1.51808792820102	0.508725244034325	3	3	2	2	3	4	4	1	1	2	4	4	2	2
15523	7	2	0.232610156631619	0.904880288934675	NA	NA	NA	NA	3	NA	NA	NA	NA	NA	NA	NA	NA	NA	NA	NA	NA	NA
15521	7	1	0.457933653937466	0.0466433551376993	2.58638528636204	0.326410919987583	0.319123962900026	0.585354596384949	2	4	3	2	4	4	5	1	2	1	2	2	1	2
12463	4	2	-1.417017145299	0.417347665168179	-0.546002038113654	0.560317466652551	-0.596599435841515	0.630558902398885	1	1	1	1	3	1	1	1	1	1	2	2	1	1
15516	4	1	-0.288276239696275	0.212057930126438	-1.03714279541407	0.671377580319932	1.30920708547064	0.651086398456542	4	2	2	1	1	1	1	1	1	1	6	6	1	5
15508	8	2	0.0578286289938525	0.0428073757572317	-0.249794077934664	0.478477060404757	0.822174832928461	0.566250681077235	3	4	2	1	1	1	2	3	1	1	3	3	1	4
15485	2	2	-0.202425192720471	0.205685106401989	-1.03714279541407	0.671377580319932	0.308686209548129	0.620568732849997	4	2	2	2	1	1	1	1	1	1	3	5	1	1
15456	10	2	1.05202445654258	0.237240175999787	0.68043287079947	0.353317569782913	0.364430940066598	0.644511765668373	2	4	4	2	4	2	1	1	1	1	5	3	NA	1
15440	13	1	0.393265885012284	0.067987321326981	0.57561140874089	0.351436668615328	0.151721070966535	0.689216742672111	2	3	3	2	2	2	1	1	1	1	6	1	2	1
15437	5	2	-1.3001021339318	0.339532683659676	0.885979290105835	0.365561526593907	0.174547696646506	0.588859822791832	3	1	1	1	1	2	4	1	1	1	3	2	2	1
15406	11	1	1.1546704732376	0.2464776135302	-1.03714279541407	0.671377580319932	0.642270691961535	0.546518955498445	3	4	4	3	1	1	1	2	2	1	3	3	1	1
14116	12	2	-0.547197433645841	0.0473867742738229	-0.546002038113654	0.560317466652551	-1.51097713883035	0.728409944662597	4	1	2	1	3	1	1	1	1	1	1	1	1	1
14115	10	2	-1.33522798140931	0.359411499522025	-0.672555804286283	0.573913270328319	-0.596599435841515	0.630558902398885	2	1	1	1	2	1	1	1	1	1	2	2	1	1
12249	5	2	0.38350434404399	0.0669703476748767	-1.03714279541407	0.671377580319932	-0.678225176257484	0.689374167866634	1	3	3	1	1	1	1	1	1	1	1	3	1	1
14113	5	1	NA	NA	NA	NA	NA	NA	NA	NA	NA	NA	NA	NA	NA	NA	NA	NA	NA	NA	NA	NA
14110	3	1	-0.202425192720471	0.205685106401989	0.68043287079947	0.353317569782913	-0.303022729892198	0.625204131798414	4	2	2	2	4	2	1	1	1	1	2	3	1	1
14109	NA	NA	0.454278809569516	0.94239389792813	NA	NA	NA	NA	4	NA	NA	NA	NA	NA	NA	NA	NA	NA	NA	NA	NA	NA
14108	NA	NA	NA	NA	1.49522907400115	0.372118990889023	NA	NA	NA	NA	NA	NA	2	3	NA	NA	NA	NA	NA	NA	NA	NA
14107	2	2	-1.33522798140931	0.359411499522025	-1.03714279541407	0.671377580319932	0.714396958442647	0.64518797235406	2	1	1	1	1	1	1	4	1	2	1	5	1	1
14106	7	2	-0.312813307588382	0.209328351113669	0.649059676340311	0.35034407583782	0.351437331691154	0.571002496151817	2	2	2	1	3	2	1	2	1	1	2	3	2	1
14105	NA	NA	NA	NA	NA	NA	NA	NA	NA	NA	NA	NA	NA	NA	NA	NA	NA	NA	NA	NA	NA	NA
14104	4	1	1.07131066366738	0.239511467275867	0.57561140874089	0.351436668615328	0.780165953394871	0.55466050601219	3	4	4	2	2	2	1	2	1	1	4	3	2	1
14103	10	2	0.0433565814008492	0.0492846915149365	1.96938718561303	0.389494647814909	0.827261481523316	0.599200807338322	1	3	2	3	2	4	1	2	1	1	4	1	2	2
12248	1	2	0.39789818924003	0.068044958404765	1.0010325267209	0.368714986217637	1.48150665041451	0.533816174845938	2	3	3	3	2	2	6	2	3	1	4	4	2	1
14102	NA	NA	NA	NA	NA	NA	NA	NA	NA	NA	NA	NA	NA	NA	NA	NA	NA	NA	NA	NA	NA	NA
14101	NA	NA	NA	NA	NA	NA	NA	NA	NA	NA	NA	NA	NA	NA	NA	NA	NA	NA	NA	NA	NA	NA
14100	2	1	1.05202445654258	0.237240175999787	-1.03714279541407	0.671377580319932	-0.140322218927153	0.642479590016018	2	4	4	2	1	1	1	1	1	1	2	4	1	1
14099	8	2	0.0385542113552008	0.0520047253456525	-1.03714279541407	0.671377580319932	-0.994713697360366	0.67501613137766	3	3	2	1	1	1	1	1	1	1	1	2	1	1
14054	9	1	-1.417017145299	0.417347665168179	-1.03714279541407	0.671377580319932	-1.00618804280855	0.68657711504414	1	1	1	1	1	1	1	1	1	1	2	1	1	1
14039	NA	2	-0.176672122480569	0.202946108368528	-0.672555804286283	0.573913270328319	-0.498176699344638	0.717108999148368	4	2	2	3	2	1	1	1	1	1	4	1	1	1
13996	9	1	-0.176672122480569	0.202946108368528	-0.51669949689853	0.559938230825302	0.254165888915333	0.652328539159462	4	2	2	3	4	1	1	1	3	2	1	2	1	1
13993	NA	NA	NA	NA	NA	NA	NA	NA	NA	NA	NA	NA	NA	NA	NA	NA	NA	NA	NA	NA	NA	NA
12985	3	2	-1.417017145299	0.417347665168179	-1.03714279541407	0.671377580319932	-1.00618804280855	0.68657711504414	1	1	1	1	1	1	1	1	1	1	2	1	1	1
13991	10	1	2.4237749105738	0.445397341375943	-1.03714279541407	0.671377580319932	-0.498176699344638	0.717108999148368	5	5	5	4	1	1	1	1	1	1	4	1	1	1
13990	7	2	0.618464289680877	0.986332131322507	-0.998924733516516	0.678445831007182	NA	NA	5	NA	NA	NA	1	1	NA	NA	NA	NA	NA	NA	NA	NA
13968	3	1	-0.296902817852704	0.211088916722729	1.47643878094535	0.34037144645369	0.390518758776177	0.583555144979731	3	2	2	1	1	3	2	1	1	2	2	2	1	2
13965	NA	NA	NA	NA	NA	NA	NA	NA	NA	NA	NA	NA	NA	NA	NA	NA	NA	NA	NA	NA	NA	NA
13964	NA	NA	NA	NA	NA	NA	NA	NA	NA	NA	NA	NA	NA	NA	NA	NA	NA	NA	NA	NA	NA	NA
13961	NA	NA	NA	NA	NA	NA	NA	NA	NA	NA	NA	NA	NA	NA	NA	NA	NA	NA	NA	NA	NA	NA
13956	7	1	1.09074004786057	0.242245888359561	0.761436603280432	0.343905874345182	-1.00618804280855	0.68657711504414	4	4	4	2	1	2	2	1	1	1	2	1	1	1
13955	1	2	-0.226617655046107	0.208367221928936	0.57561140874089	0.351436668615328	0.323393683478509	0.605143368089361	2	2	2	2	2	2	1	1	1	1	4	2	2	1
13954	7	1	0.38350434404399	0.0669703476748767	0.47902648189112	0.360278256623955	0.418215416533485	0.573645385460626	1	3	3	1	1	2	1	2	2	1	3	2	1	1
12242	4	1	-1.417017145299	0.417347665168179	-0.672555804286283	0.573913270328319	0.0635427515202107	0.658141128629142	1	1	1	1	2	1	1	1	2	1	1	4	1	1
13952	1	1	1.17543014878189	0.246005172692389	0.843452785840551	0.338210353362157	1.84584741587639	0.612289105066038	4	4	4	3	2	2	2	4	1	1	6	6	3	1
13948	2	2	0.0433793296784792	0.049225817252444	0.843452785840551	0.338210353362157	0.15182085397111	0.587663975643466	3	3	2	2	2	2	2	1	2	1	2	3	1	1
13937	3	1	2.62306391978653	0.623069665464225	-0.119936087662691	0.752315922756608	0.836667671112667	0.664116523908355	5	5	5	5	2	NA	1	1	3	1	5	1	2	1
13925	7	2	0.385124426217291	0.0672402770932011	-1.03714279541407	0.671377580319932	0.421857864786468	0.56219490003701	2	3	3	1	1	1	1	1	1	1	3	3	2	1
13924	3	1	0.97353651278697	0.222052017895777	-0.875389177354486	0.662278115608074	0.0368822512947269	0.659356868706801	2	4	4	1	NA	1	1	1	1	1	1	4	2	1
13895	1	1	0.385124426217291	0.0672402770932011	-0.546002038113654	0.560317466652551	-1.00618804280855	0.68657711504414	2	3	3	1	3	1	1	1	1	1	2	1	1	1
13885	12	2	-1.33522798140931	0.359411499522025	0.47902648189112	0.360278256623955	-1.00618804280855	0.68657711504414	2	1	1	1	1	2	1	1	1	1	2	1	1	1
13883	12	1	-0.835588917721093	0.0497864480317308	-1.03714279541407	0.671377580319932	-0.303022729892198	0.625204131798414	4	2	1	1	1	1	1	1	1	1	2	3	1	1
13878	11	1	-1.417017145299	0.417347665168179	-0.672555804286283	0.573913270328319	-1.51097713883035	0.728409944662597	1	1	1	1	2	1	1	1	1	1	1	1	1	1
12240	9	2	0.726932090711014	0.0404857041754529	-1.03714279541407	0.671377580319932	0.132160121449565	0.61935492378865	1	1	4	2	1	1	1	2	1	1	4	2	1	1
13874	10	2	-1.417017145299	0.417347665168179	0.761436603280432	0.343905874345182	0.137275139879108	0.658970093308892	1	1	1	1	1	2	2	2	1	1	3	NA	1	1
12966	13	2	-0.312813307588382	0.209328351113669	-0.546002038113654	0.560317466652551	-0.305783448320168	0.666173963902021	2	2	2	1	3	1	1	2	1	1	3	1	1	1
12964	4	1	0.990920525617728	0.227256314455881	-0.51669949689853	0.559938230825302	-0.335154621747144	0.615872339484269	3	4	4	1	4	1	1	2	1	1	2	2	1	1
12963	7	1	-1.3001021339318	0.339532683659676	-0.672555804286283	0.573913270328319	0.0959902669759986	0.59285084716317	3	1	1	1	2	1	1	2	1	1	2	2	2	1
12962	8	2	-0.815690104603905	0.0405618455868608	-1.03714279541407	0.671377580319932	-1.00618804280855	0.68657711504414	3	3	1	1	1	1	1	1	1	1	2	1	1	1
12961	7	2	-0.332189846679887	0.206464315413851	-1.03714279541407	0.671377580319932	-0.37084572420845	0.661356534580647	1	2	2	1	1	1	1	2	1	1	1	3	1	1
12939	8	2	1.24184313420302	0.241480658581374	-1.03714279541407	0.671377580319932	-0.0549525729996644	0.659072890972545	5	4	4	5	1	1	1	1	1	1	2	5	1	1
12914	4	2	-1.33522798140931	0.359411499522025	0.843452785840551	0.338210353362157	1.12651948358018	0.518861830079983	2	1	1	1	2	2	2	1	2	1	3	3	2	2
12909	1	2	-0.296902817852704	0.211088916722729	0.57561140874089	0.351436668615328	-0.303022729892198	0.625204131798414	3	2	2	1	2	2	1	1	1	1	2	3	1	1
12905	10	2	-0.202425192720471	0.205685106401989	1.53752084895147	0.332970820757428	0.209670415859185	0.624306730381146	4	2	2	2	2	3	2	2	2	1	3	1	1	1
12113	NA	1	0.729285104687707	0.0414080968185825	1.31113790068387	0.359230396236553	1.31291350227604	0.532115654731014	1	2	4	2	2	3	1	2	2	1	3	4	3	1
12901	12	1	1.07131066366738	0.239511467275867	0.00487455691707179	0.452582515579453	1.16818409096646	0.581433032085615	3	4	4	2	2	1	4	3	1	1	4	2	2	3
12893	5	2	1.19064192615185	0.245475493388901	0.649059676340311	0.35034407583782	0.597750184246005	0.572052704470674	5	4	4	3	3	2	1	1	2	1	4	3	1	1
12888	4	1	-0.312813307588382	0.209328351113669	-0.498956958136958	0.56003264128841	-1.51097713883035	0.728409944662597	2	2	2	1	5	1	1	1	1	1	1	1	1	1
12887	5	2	0.327920760196035	0.044700833322772	-0.672555804286283	0.573913270328319	-1.00618804280855	0.68657711504414	2	2	3	1	2	1	1	1	1	1	2	1	1	1
12878	10	1	0.061530158474087	0.0409656622700962	-0.672555804286283	0.573913270328319	-0.121034521004346	0.605887241019878	4	4	2	2	2	1	1	1	2	1	2	2	1	1
12867	2	1	0.0385542113552008	0.0520047253456525	-0.672555804286283	0.573913270328319	0.811354290238631	0.614359153243598	3	3	2	1	2	1	1	2	1	1	4	6	1	1
4543	11	1	0.743388950009223	0.047585760381073	0.57561140874089	0.351436668615328	-0.596599435841515	0.630558902398885	3	3	4	1	2	2	1	1	1	1	2	2	1	1
10355	11	2	-1.417017145299	0.417347665168179	-0.672555804286283	0.573913270328319	-1.00618804280855	0.68657711504414	1	1	1	1	2	1	1	1	1	1	2	1	1	1
21866	9	2	-1.417017145299	0.417347665168179	-1.03714279541407	0.671377580319932	-1.51097713883035	0.728409944662597	1	1	1	1	1	1	1	1	1	1	1	1	1	1
21835	3	2	-0.332189846679887	0.206464315413851	0.68043287079947	0.353317569782913	0.445293106374516	0.562534377365288	1	2	2	1	4	2	1	1	1	1	3	3	1	2
21828	NA	NA	-1.33522798140931	0.359411499522025	-0.672555804286283	0.573913270328319	0.206553081205621	0.606670440090343	2	1	1	1	2	1	1	1	1	1	3	4	1	1
12734	2	1	1.07131066366738	0.239511467275867	0.127631261086	0.44808562451022	0.678041916348197	0.590973089315269	3	4	4	2	4	1	3	2	2	1	2	5	1	1
21816	14	1	0.97353651278697	0.222052017895777	2.4058254096848	0.328669235366292	-1.51097713883035	0.728409944662597	2	4	4	1	2	4	4	1	1	1	1	1	1	1
21815	14	1	0.38350434404399	0.0669703476748767	0.68043287079947	0.353317569782913	-0.142980166730207	0.605973133990095	1	3	3	1	4	2	1	1	1	1	2	2	2	1
21813	NA	NA	-0.0701388750830163	0.904250324957875	NA	NA	NA	NA	2	NA	NA	NA	NA	NA	NA	NA	NA	NA	NA	NA	NA	NA
21806	2	2	0.0375433584405553	0.0526008884597742	-0.672555804286283	0.573913270328319	0.117792148620668	0.59300574685328	2	3	2	1	2	1	1	2	2	1	2	2	1	1
21804	9	1	-1.417017145299	0.417347665168179	-1.03714279541407	0.671377580319932	-1.51097713883035	0.728409944662597	1	1	1	1	1	1	1	1	1	1	1	1	1	1
21782	5	1	0.385124426217291	0.0672402770932011	-1.03714279541407	0.671377580319932	-1.15511762742498	0.716190104428349	2	3	3	1	1	1	1	2	1	1	1	1	1	1
21768	NA	NA	1.05202445654258	0.237240175999787	-0.546002038113654	0.560317466652551	0.15182085397111	0.587663975643466	2	4	4	2	3	1	1	1	2	1	2	3	1	1
21761	1	1	0.399229421038177	0.068018005608266	-0.672555804286283	0.573913270328319	0.349699980913109	0.638137953864765	2	3	3	4	2	1	1	3	1	1	2	5	1	1
21728	2	1	-1.417017145299	0.417347665168179	0.47902648189112	0.360278256623955	0.372636403775496	0.570964377645567	1	1	1	1	1	2	1	2	2	1	2	3	1	1
21672	11	1	2.13844831949523	0.278349274718618	1.68601787665225	0.334934798610237	0.209670415859185	0.624306730381146	2	5	5	3	5	3	2	2	2	1	3	1	1	1
12733	3	2	0.385124426217291	0.0672402770932011	-0.672555804286283	0.573913270328319	-0.0513318077064314	0.602602683378642	2	3	3	1	2	1	1	2	1	1	2	3	1	1
21606	NA	NA	NA	NA	NA	NA	NA	NA	NA	NA	NA	NA	NA	NA	NA	NA	NA	NA	NA	NA	NA	NA
21605	NA	NA	NA	NA	NA	NA	NA	NA	NA	NA	NA	NA	NA	NA	NA	NA	NA	NA	NA	NA	NA	NA
21597	NA	2	-1.417017145299	0.417347665168179	-0.672555804286283	0.573913270328319	0.917286931591123	0.546749681865127	1	1	1	1	2	1	1	2	2	1	2	4	2	1
21590	13	1	-0.332189846679887	0.206464315413851	0.843452785840551	0.338210353362157	-0.175023307565216	0.64683984256276	1	2	2	1	2	2	2	2	1	1	2	1	2	1
21565	6	2	0.97353651278697	0.222052017895777	-1.03714279541407	0.671377580319932	-0.303022729892198	0.625204131798414	2	4	4	1	1	1	1	1	1	1	2	3	1	1
21534	7	2	0.0598132601255791	0.0418063061843947	-0.672555804286283	0.573913270328319	1.10702623377491	0.556632055197311	1	4	2	2	2	1	1	2	1	1	4	5	2	1
21496	3	1	-0.202425192720471	0.205685106401989	-0.672555804286283	0.573913270328319	0.333215752111609	0.596929538249045	4	2	2	2	2	1	1	1	2	1	2	4	1	1
21440	NA	2	-1.33522798140931	0.359411499522025	-1.03714279541407	0.671377580319932	0.351437331691154	0.571002496151817	2	1	1	1	1	1	1	2	1	1	2	3	2	1
21428	1	2	-0.332189846679887	0.206464315413851	-1.03714279541407	0.671377580319932	0.117792148620668	0.59300574685328	1	2	2	1	1	1	1	2	2	1	2	2	1	1
10567	3	1	-0.226617655046107	0.208367221928936	0.852289055743664	0.357389725076468	0.769744953724239	0.568979242087688	2	2	2	2	1	2	3	1	1	1	4	4	2	1
10316	1	2	1.05202445654258	0.237240175999787	-0.672555804286283	0.573913270328319	0.854593840841992	0.55473605848955	2	4	4	2	2	1	1	3	1	1	2	3	2	2
12360	3	1	0.232610156631619	0.904880288934675	NA	NA	NA	NA	3	NA	NA	NA	NA	NA	NA	NA	NA	NA	NA	NA	NA	NA
1477	3	1	1.1546704732376	0.2464776135302	-0.875389177354486	0.662278115608074	0.418215416533485	0.573645385460626	3	4	4	3	NA	1	1	2	2	1	3	2	1	1
5954	NA	NA	NA	NA	NA	NA	NA	NA	NA	NA	NA	NA	NA	NA	NA	NA	NA	NA	NA	NA	NA	NA
6406	8	2	0.454278809569516	0.94239389792813	-0.998924733516516	0.678445831007182	NA	NA	4	NA	NA	NA	1	1	NA	NA	NA	NA	NA	NA	NA	NA
12864	2	2	-0.312813307588382	0.209328351113669	0.57561140874089	0.351436668615328	-1.51097713883035	0.728409944662597	2	2	2	1	2	2	1	1	1	1	1	1	1	1
12188	NA	NA	-0.312116118716124	0.210458193526779	-0.323685678681099	0.862046387532785	0.132160121449565	0.61935492378865	NA	2	2	1	NA	NA	1	2	1	1	4	2	1	1
9881	2	1	0.38350434404399	0.0669703476748767	-1.03714279541407	0.671377580319932	-0.692920794230491	0.672605015458528	1	3	3	1	1	1	1	2	1	1	2	1	1	1
22787	NA	NA	1.05202445654258	0.237240175999787	-0.323685678681099	0.862046387532785	1.68119928011439	0.523343576157681	2	4	4	2	NA	NA	1	1	2	2	3	5	3	1
22735	3	2	-0.312813307588382	0.209328351113669	0.57561140874089	0.351436668615328	0.88564680135823	0.541911444716506	2	2	2	1	2	2	1	2	1	2	3	4	1	1
22733	3	2	-1.28809353731803	0.333587169332184	-0.249794077934664	0.478477060404757	-0.692920794230491	0.672605015458528	4	1	1	1	1	1	2	2	1	1	2	1	1	1
22730	NA	NA	0.0433793296784792	0.049225817252444	0.68043287079947	0.353317569782913	-0.00681112572602824	0.601528868656194	3	3	2	2	4	2	1	2	1	1	3	2	1	1
22653	2	2	-0.210987973444028	0.206558115601486	0.57561140874089	0.351436668615328	0.723963035595088	0.563167329126438	3	2	2	2	2	2	1	1	1	1	2	4	2	2
22636	3	1	1.05202445654258	0.237240175999787	1.09738468292214	0.366999526870954	0.174547696646506	0.588859822791832	2	4	4	2	4	2	4	1	1	1	3	2	2	1
12756	3	1	1.09074004786057	0.242245888359561	0.57561140874089	0.351436668615328	1.09149969474305	0.5671697022072	4	4	4	2	2	2	1	2	1	1	6	4	2	1
12102	2	2	1.47869429719726	0.0492758175461955	0.57561140874089	0.351436668615328	-0.335154621747144	0.615872339484269	3	5	4	2	2	2	1	2	1	1	2	2	1	1
22617	NA	NA	0.232610156631619	0.904880288934675	1.49522907400115	0.372118990889023	NA	NA	3	NA	NA	NA	2	3	NA	NA	NA	NA	NA	NA	NA	NA
22548	11	1	-0.838073150688509	0.0512145355647954	-1.03714279541407	0.671377580319932	0.705262269207245	0.543867278212999	1	2	1	1	1	1	1	2	1	2	3	3	1	1
22527	6	2	0.38350434404399	0.0669703476748767	-1.03714279541407	0.671377580319932	-1.51097713883035	0.728409944662597	1	3	3	1	1	1	1	1	1	1	1	1	1	1
22526	NA	NA	NA	NA	NA	NA	NA	NA	NA	NA	NA	NA	NA	NA	NA	NA	NA	NA	NA	NA	NA	NA
22525	NA	NA	NA	NA	NA	NA	NA	NA	NA	NA	NA	NA	NA	NA	NA	NA	NA	NA	NA	NA	NA	NA
22524	NA	NA	NA	NA	NA	NA	NA	NA	NA	NA	NA	NA	NA	NA	NA	NA	NA	NA	NA	NA	NA	NA
22523	NA	NA	NA	NA	NA	NA	NA	NA	NA	NA	NA	NA	NA	NA	NA	NA	NA	NA	NA	NA	NA	NA
22488	4	2	-0.312813307588382	0.209328351113669	-0.672555804286283	0.573913270328319	0.310210472730227	0.597503054033587	2	2	2	1	2	1	1	1	1	1	2	4	2	1
22397	6	2	-1.28809353731803	0.333587169332184	-1.03714279541407	0.671377580319932	-0.596599435841515	0.630558902398885	4	1	1	1	1	1	1	1	1	1	2	2	1	1
22396	8	2	0.74258969612781	0.0471564571136167	0.761436603280432	0.343905874345182	0.0959902669759986	0.59285084716317	2	3	4	1	1	2	2	2	1	1	2	2	2	1
12754	2	1	1.05202445654258	0.237240175999787	1.31113790068387	0.359230396236553	1.53035916926061	0.502068174490576	2	4	4	2	2	3	1	2	2	2	3	4	1	2
22388	NA	1	2.04253327193497	0.240130173771179	0.947475563782554	0.341199772680083	-0.256040511953333	0.620964212915272	2	5	5	2	4	2	2	1	1	1	3	2	1	1
22386	NA	2	-0.226617655046107	0.208367221928936	0.47902648189112	0.360278256623955	-0.303022729892198	0.625204131798414	2	2	2	2	1	2	1	1	1	1	2	3	1	1
22385	NA	2	-0.226617655046107	0.208367221928936	-1.03714279541407	0.671377580319932	0.581593899952612	0.563532548051757	2	2	2	2	1	1	1	1	2	1	3	2	2	1
22384	2	1	0.388002408109457	0.0676651516025655	1.95062541726167	0.362406625326475	0.130263974402055	0.588069292473812	4	3	3	1	4	3	6	1	1	1	2	3	2	1
22342	6	2	0.97353651278697	0.222052017895777	-1.03714279541407	0.671377580319932	-0.335154621747144	0.615872339484269	2	4	4	1	1	1	1	2	1	1	2	2	1	1
19746	13	2	-0.332189846679887	0.206464315413851	-0.0660968825342023	0.439189498419134	-0.692920794230491	0.672605015458528	1	2	2	1	2	1	2	2	1	1	2	1	1	1
19660	1	1	0.454278809569516	0.94239389792813	1.49522907400115	0.372118990889023	NA	NA	4	NA	NA	NA	2	3	NA	NA	NA	NA	NA	NA	NA	NA
19520	NA	NA	NA	NA	NA	NA	NA	NA	NA	NA	NA	NA	NA	NA	NA	NA	NA	NA	NA	NA	NA	NA
19398	NA	1	0.385124426217291	0.0672402770932011	-1.03714279541407	0.671377580319932	-0.449519640514356	0.736423661752218	2	3	3	1	1	1	1	1	1	1	1	5	1	1
19370	6	1	0.727089496692365	0.0403598406595042	0.93823610073191	0.351836406531057	-0.414209611803905	0.669653316495754	2	2	4	1	2	2	3	1	1	1	2	1	1	3
12630	5	2	-0.332189846679887	0.206464315413851	-0.51669949689853	0.559938230825302	-0.335154621747144	0.615872339484269	1	2	2	1	4	1	1	2	1	1	2	2	1	1
19320	2	1	-1.3001021339318	0.339532683659676	-0.672555804286283	0.573913270328319	0.122545532347152	0.615463040812807	3	1	1	1	2	1	1	2	1	1	2	4	1	1
19256	4	2	0.38350434404399	0.0669703476748767	0.47902648189112	0.360278256623955	0.0959902669759986	0.59285084716317	1	3	3	1	1	2	1	2	1	1	2	2	2	1
19223	4	1	-0.312813307588382	0.209328351113669	-0.672555804286283	0.573913270328319	-1.00618804280855	0.68657711504414	2	2	2	1	2	1	1	1	1	1	2	1	1	1
19221	14	2	-1.417017145299	0.417347665168179	-1.03714279541407	0.671377580319932	-1.00618804280855	0.68657711504414	1	1	1	1	1	1	1	1	1	1	2	1	1	1
19220	10	1	0.731413646900858	0.0424884896613231	0.47902648189112	0.360278256623955	-0.305783448320168	0.666173963902021	1	2	4	3	1	2	1	2	1	1	3	1	1	1
19175	10	2	-0.312813307588382	0.209328351113669	-0.546002038113654	0.560317466652551	-0.498176699344638	0.717108999148368	2	2	2	1	3	1	1	1	1	1	4	1	1	1
19174	8	1	1.09074004786057	0.242245888359561	-1.03714279541407	0.671377580319932	0.579096347175187	0.587619250460938	4	4	4	2	1	1	1	2	2	1	4	2	1	1
19045	NA	NA	0.232610156631619	0.904880288934675	NA	NA	NA	NA	3	NA	NA	NA	NA	NA	NA	NA	NA	NA	NA	NA	NA	NA
19043	8	2	1.19064192615185	0.245475493388901	-0.672555804286283	0.573913270328319	-0.437443046045611	0.662308078009774	5	4	4	3	2	1	1	1	2	1	2	1	1	1
19028	NA	NA	-0.548338000005247	0.0467539641947188	-1.03714279541407	0.671377580319932	0.274661447370241	0.644622604184302	2	1	2	1	1	1	1	2	1	1	2	6	1	1
12622	9	1	-0.332189846679887	0.206464315413851	-1.03714279541407	0.671377580319932	-0.692920794230491	0.672605015458528	1	2	2	1	1	1	1	2	1	1	2	1	1	1
18908	1	1	0.394966635639061	0.0680100550177338	0.57561140874089	0.351436668615328	-0.303022729892198	0.625204131798414	3	3	3	2	2	2	1	1	1	1	2	3	1	1
18891	9	2	0.38350434404399	0.0669703476748767	-1.03714279541407	0.671377580319932	-0.303022729892198	0.625204131798414	1	3	3	1	1	1	1	1	1	1	2	3	1	1
18733	7	1	0.385124426217291	0.0672402770932011	0.649059676340311	0.35034407583782	0.800965037492195	0.545198369976288	2	3	3	1	3	2	1	2	1	1	3	4	2	1
18702	3	2	0.729826176035422	0.0416694266784432	-0.199213705211889	0.485875671473602	-0.305783448320168	0.666173963902021	2	2	4	2	1	1	3	2	1	1	3	1	1	1
18647	7	1	-1.3001021339318	0.339532683659676	-1.03714279541407	0.671377580319932	-0.596599435841515	0.630558902398885	3	1	1	1	1	1	1	1	1	1	2	2	1	1
18560	3	2	-1.417017145299	0.417347665168179	-1.03714279541407	0.671377580319932	-0.303022729892198	0.625204131798414	1	1	1	1	1	1	1	1	1	1	2	3	1	1
18549	13	1	1.00822287356149	0.232539365727071	0.947475563782554	0.341199772680083	-0.528340493618733	0.699156337081165	4	4	4	1	4	2	2	2	2	1	1	1	1	1
15204	1	1	-0.312813307588382	0.209328351113669	-0.672555804286283	0.573913270328319	0.33582845850292	0.597509666344123	2	2	2	1	2	1	1	1	1	1	2	4	1	2
15200	5	1	0.396196068589486	0.0680142691842999	0.57561140874089	0.351436668615328	0.0959902669759986	0.59285084716317	4	3	3	2	2	2	1	2	1	1	2	2	2	1
12408	8	1	-1.12199108174896	0.248663112029599	0.57561140874089	0.351436668615328	0.190481035312401	0.590725867070552	4	1	1	2	2	2	1	2	1	2	2	2	1	1
15187	11	1	0.385124426217291	0.0672402770932011	-1.03714279541407	0.671377580319932	-1.00618804280855	0.68657711504414	2	3	3	1	1	1	1	1	1	1	2	1	1	1
15183	5	2	0.0433793296784792	0.049225817252444	0.57561140874089	0.351436668615328	-0.596599435841515	0.630558902398885	3	3	2	2	2	2	1	1	1	1	2	2	1	1
15172	11	2	-0.332189846679887	0.206464315413851	-0.546002038113654	0.560317466652551	0.15182085397111	0.587663975643466	1	2	2	1	3	1	1	1	2	1	2	3	1	1
15171	6	1	-1.28809353731803	0.333587169332184	-1.03714279541407	0.671377580319932	-1.51097713883035	0.728409944662597	4	1	1	1	1	1	1	1	1	1	1	1	1	1
15170	14	1	0.38350434404399	0.0669703476748767	2.3002079703846	0.328730756863214	0.322374816994602	0.648435149005026	1	3	3	1	2	4	3	2	1	1	3	1	3	1
15164	11	2	-0.312813307588382	0.209328351113669	1.53752084895147	0.332970820757428	0.257163435050798	0.576306138245582	2	2	2	1	2	3	2	2	1	1	3	3	1	1
15145	12	2	0.74258969612781	0.0471564571136167	-0.672555804286283	0.573913270328319	0.256862932604399	0.637622420013712	2	3	4	1	2	1	1	2	2	NA	3	1	1	1
15131	9	2	-0.332189846679887	0.206464315413851	0.47902648189112	0.360278256623955	-0.498176699344638	0.717108999148368	1	2	2	1	1	2	1	1	1	1	4	1	1	1
15130	5	2	0.0433793296784792	0.049225817252444	-1.03714279541407	0.671377580319932	-0.121034521004346	0.605887241019878	3	3	2	2	1	1	1	1	2	1	2	2	1	1
15119	8	2	-1.417017145299	0.417347665168179	-1.03714279541407	0.671377580319932	-1.00618804280855	0.68657711504414	1	1	1	1	1	1	1	1	1	1	2	1	1	1
12406	7	2	-1.417017145299	0.417347665168179	-1.03714279541407	0.671377580319932	-0.0549525729996644	0.659072890972545	1	1	1	1	1	1	1	1	1	1	2	5	1	1
15103	3	2	-1.33522798140931	0.359411499522025	-0.672555804286283	0.573913270328319	-0.994713697360366	0.67501613137766	2	1	1	1	2	1	1	1	1	1	1	2	1	1
15091	6	2	1.17543014878189	0.246005172692389	-0.672555804286283	0.573913270328319	0.396622850827055	0.57349027023257	4	4	4	3	2	1	1	2	1	1	3	2	2	1
15070	9	2	-0.176672122480569	0.202946108368528	1.53752084895147	0.332970820757428	0.274661447370241	0.644622604184302	4	2	2	3	2	3	2	2	1	1	2	6	1	1
15065	14	1	1.07131066366738	0.239511467275867	1.67357148023062	0.336675403795509	0.127240570232897	0.682398397916785	3	4	4	2	2	3	3	1	1	1	5	1	2	1
15028	9	2	-1.33522798140931	0.359411499522025	-0.249794077934664	0.478477060404757	-0.256040511953333	0.620964212915272	2	1	1	1	1	1	2	1	1	1	3	2	1	1
15024	3	1	0.460912007357524	0.0452122260883062	1.23073487652368	0.372372924988203	0.174547696646506	0.588859822791832	3	4	3	3	1	3	1	1	1	1	3	2	2	1
15023	6	1	1.48364202659875	0.0465399513134817	0.68043287079947	0.353317569782913	1.02038524552143	0.543330268041265	5	5	4	3	4	2	1	1	1	2	3	2	2	2
15013	1	1	0.454278809569516	0.94239389792813	NA	NA	NA	NA	4	NA	NA	NA	NA	NA	NA	NA	NA	NA	NA	NA	NA	NA
15012	2	1	-1.417017145299	0.417347665168179	-1.03714279541407	0.671377580319932	-1.51097713883035	0.728409944662597	1	1	1	1	1	1	1	1	1	1	1	1	1	1
18428	NA	2	-1.3001021339318	0.339532683659676	-0.672555804286283	0.573913270328319	1.103926942943	0.578294675716121	3	1	1	1	2	1	1	5	1	1	4	3	3	1
18426	4	1	-1.417017145299	0.417347665168179	-0.51669949689853	0.559938230825302	0.822449150942456	0.545243297378905	1	1	1	1	4	1	1	2	2	1	3	4	1	1
18403	3	2	-0.312813307588382	0.209328351113669	0.47902648189112	0.360278256623955	-0.256040511953333	0.620964212915272	2	2	2	1	1	2	1	1	1	1	3	2	1	1
12585	NA	NA	2.35158054981994	0.397748120633611	0.912728614223306	0.337694736611178	0.490281964585417	0.604290805479971	4	5	5	4	3	2	2	2	1	1	6	3	1	1
18367	2	2	-0.447271895270133	0.947151555990503	NA	NA	NA	NA	1	NA	NA	NA	NA	NA	NA	NA	NA	NA	NA	NA	NA	NA
18365	13	2	-0.447271895270133	0.947151555990503	0.564473161732923	0.375063276367103	NA	NA	1	NA	NA	NA	1	2	NA	NA	NA	NA	NA	NA	NA	NA
18349	2	1	-0.831918622579797	0.0477271085637012	-1.03714279541407	0.671377580319932	-0.462665435930163	0.662509373346524	2	2	1	2	1	1	1	1	1	1	2	1	2	1
10356	10	2	-1.3001021339318	0.339532683659676	-1.03714279541407	0.671377580319932	-0.256040511953333	0.620964212915272	3	1	1	1	1	1	1	1	1	1	3	2	1	1
17670	1	1	0.747216152531816	0.049675401900931	1.47643878094535	0.34037144645369	0.682908260436817	0.593562685794307	3	3	4	2	1	3	2	3	1	1	4	2	2	1
27231	9	2	-0.226617655046107	0.208367221928936	-0.546002038113654	0.560317466652551	-0.692125673782879	0.661009739769705	2	2	2	2	3	1	1	2	1	1	1	2	1	1
27142	NA	NA	0.454278809569516	0.94239389792813	NA	NA	NA	NA	4	NA	NA	NA	NA	NA	NA	NA	NA	NA	NA	NA	NA	NA
27084	4	2	0.385893604678622	0.0673958239310953	1.00252151396636	0.666253024680878	-0.121034521004346	0.605887241019878	NA	3	3	1	NA	NA	2	1	2	1	2	2	1	1
27394	NA	NA	NA	NA	NA	NA	NA	NA	NA	NA	NA	NA	NA	NA	NA	NA	NA	NA	NA	NA	NA	NA
26936	1	2	2.05738021378594	0.245549419058154	1.23073487652368	0.372372924988203	0.168956233352936	0.61193099645951	3	5	5	2	1	3	1	1	1	1	4	3	1	1
26863	11	1	1.76553045845266	0.0470125680453822	-0.323685678681099	0.862046387532785	-0.596599435841515	0.630558902398885	2	4	5	2	NA	NA	1	1	1	1	2	2	1	1
12850	3	1	1.05202445654258	0.237240175999787	0.57561140874089	0.351436668615328	-0.142980166730207	0.605973133990095	2	4	4	2	2	2	1	1	1	1	2	2	2	1
21627	4	2	-0.332189846679887	0.206464315413851	-0.51669949689853	0.559938230825302	0.168956233352936	0.61193099645951	1	2	2	1	4	1	1	1	1	1	4	3	1	1
8615	6	2	-0.332189846679887	0.206464315413851	-1.03714279541407	0.671377580319932	-0.142980166730207	0.605973133990095	1	2	2	1	1	1	1	1	1	1	2	2	2	1
8825	7	1	-0.332189846679887	0.206464315413851	-1.03714279541407	0.671377580319932	-0.166624242148629	0.637662532546555	1	2	2	1	1	1	1	2	2	1	1	2	1	1
27089	NA	1	0.385124426217291	0.0672402770932011	0.47902648189112	0.360278256623955	0.744454388519293	0.575638681093261	2	3	3	1	1	2	1	1	2	1	3	5	1	1
27065	NA	NA	NA	NA	NA	NA	NA	NA	NA	NA	NA	NA	NA	NA	NA	NA	NA	NA	NA	NA	NA	NA
27037	NA	NA	NA	NA	NA	NA	NA	NA	NA	NA	NA	NA	NA	NA	NA	NA	NA	NA	NA	NA	NA	NA
21409	5	2	0.394966635639061	0.0680100550177338	-1.03714279541407	0.671377580319932	-0.00681112572602824	0.601528868656194	3	3	3	2	1	1	1	2	1	1	3	2	1	1
12730	3	2	1.00822287356149	0.232539365727071	0.57561140874089	0.351436668615328	0.666482631261964	0.568072545796145	4	4	4	1	2	2	1	1	1	2	4	3	1	1
21357	8	1	-1.417017145299	0.417347665168179	-1.03714279541407	0.671377580319932	-0.994713697360366	0.67501613137766	1	1	1	1	1	1	1	1	1	1	1	2	1	1
21354	6	2	-1.417017145299	0.417347665168179	-1.03714279541407	0.671377580319932	-0.678225176257484	0.689374167866634	1	1	1	1	1	1	1	1	1	1	1	3	1	1
21352	6	1	2.4237749105738	0.445397341375943	0.68043287079947	0.353317569782913	0.130263974402055	0.588069292473812	5	5	5	4	4	2	1	1	1	1	2	3	2	1
21345	NA	2	1.05202445654258	0.237240175999787	0.912728614223306	0.337694736611178	0.822449150942456	0.545243297378905	2	4	4	2	3	2	2	2	2	1	3	4	1	1
21341	11	1	1.10501497485336	0.24428491019529	1.31113790068387	0.359230396236553	0.421857864786468	0.56219490003701	5	4	4	2	2	3	1	1	1	1	3	3	2	1
21294	11	1	-1.33522798140931	0.359411499522025	-0.672555804286283	0.573913270328319	0.320073229725759	0.618328054197642	2	1	1	1	2	1	1	2	2	1	2	1	2	1
21265	NA	NA	NA	NA	NA	NA	NA	NA	NA	NA	NA	NA	NA	NA	NA	NA	NA	NA	NA	NA	NA	NA
21264	8	2	-0.312813307588382	0.209328351113669	-0.672555804286283	0.573913270328319	-0.303022729892198	0.625204131798414	2	2	2	1	2	1	1	1	1	1	2	3	1	1
21263	NA	NA	-0.447271895270133	0.947151555990503	NA	NA	NA	NA	1	NA	NA	NA	NA	NA	NA	NA	NA	NA	NA	NA	NA	NA
21260	NA	2	0.459306771236737	0.0459702535378159	0.57561140874089	0.351436668615328	-0.0513318077064314	0.602602683378642	4	4	3	2	2	2	1	2	1	1	2	3	1	1
12727	7	2	-0.226617655046107	0.208367221928936	0.57561140874089	0.351436668615328	0.322374816994602	0.648435149005026	2	2	2	2	2	2	1	2	1	1	3	1	3	1
21254	3	2	0.385124426217291	0.0672402770932011	-1.03714279541407	0.671377580319932	-1.00618804280855	0.68657711504414	2	3	3	1	1	1	1	1	1	1	2	1	1	1
21239	NA	1	-0.245837005657461	0.21056098088498	0.761436603280432	0.343905874345182	0.605296717744444	0.57248544159537	1	2	2	2	1	2	2	2	2	2	2	2	1	1
21238	NA	1	-0.312813307588382	0.209328351113669	-0.672555804286283	0.573913270328319	0.221019971091061	0.631754237708681	2	2	2	1	2	1	1	2	1	1	2	5	1	1
21235	22	1	0.401576391445503	0.0677733829100595	0.57561140874089	0.351436668615328	-1.00618804280855	0.68657711504414	5	3	3	3	2	2	1	1	1	1	2	1	1	1
21170	5	1	1.00822287356149	0.232539365727071	0.68043287079947	0.353317569782913	0.0290760092854222	0.598814090251098	4	4	4	1	4	2	1	1	1	1	3	3	1	1
21158	1	2	-0.312813307588382	0.209328351113669	-0.672555804286283	0.573913270328319	0.802288406460478	0.554876664612578	2	2	2	1	2	1	1	2	2	1	4	3	1	1
21075	NA	2	-1.417017145299	0.417347665168179	0.57561140874089	0.351436668615328	0.597750184246005	0.572052704470674	1	1	1	1	2	2	1	1	2	1	4	3	1	1
21026	1	1	-0.312813307588382	0.209328351113669	1.38571605159114	0.352618245857028	-0.335154621747144	0.615872339484269	2	2	2	1	3	3	1	2	1	1	2	2	1	1
20975	8	1	-1.417017145299	0.417347665168179	-1.03714279541407	0.671377580319932	-1.51097713883035	0.728409944662597	1	1	1	1	1	1	1	1	1	1	1	1	1	1
20974	NA	1	-1.417017145299	0.417347665168179	2.26777718467073	0.333763513810434	1.13060201231099	0.541563687716477	1	1	1	1	4	4	2	2	2	1	3	3	3	1
12723	7	1	-0.226617655046107	0.208367221928936	0.47902648189112	0.360278256623955	1.49736719606602	0.548569171346815	2	2	2	2	1	2	1	2	3	1	3	4	3	1
26551	NA	NA	0.328662425715626	0.0450596041711209	0.649059676340311	0.35034407583782	-0.142980166730207	0.605973133990095	3	2	3	1	3	2	1	1	1	1	2	2	2	1
12647	2	1	-0.312813307588382	0.209328351113669	-0.672555804286283	0.573913270328319	-0.121034521004346	0.605887241019878	2	2	2	1	2	1	1	1	2	1	2	2	1	1
18291	9	1	-0.332189846679887	0.206464315413851	-0.672555804286283	0.573913270328319	-0.462665435930163	0.662509373346524	1	2	2	1	2	1	1	1	1	1	2	1	2	1
27143	NA	NA	NA	NA	NA	NA	NA	NA	NA	NA	NA	NA	NA	NA	NA	NA	NA	NA	NA	NA	NA	NA
12848	3	1	-1.417017145299	0.417347665168179	-1.03714279541407	0.671377580319932	0.130263974402055	0.588069292473812	1	1	1	1	1	1	1	1	1	1	2	3	2	1
26912	NA	NA	1.15400319701586	0.248401324422391	0.47902648189112	0.360278256623955	2.19151100230412	0.484006260304679	NA	4	4	3	1	2	1	2	2	2	5	5	2	2
7181	3	1	1.15896968540522	0.252697217697403	0.57561140874089	0.351436668615328	0.381087123316233	0.617259145902489	1	4	4	4	2	2	1	1	1	1	5	2	2	1
18417	NA	1	-0.332189846679887	0.206464315413851	-1.03714279541407	0.671377580319932	-0.692920794230491	0.672605015458528	1	2	2	1	1	1	1	2	1	1	2	1	1	1
22590	1	2	-1.3001021339318	0.339532683659676	-0.546002038113654	0.560317466652551	-0.140322218927153	0.642479590016018	3	1	1	1	3	1	1	1	1	1	2	4	1	1
24165	8	2	1.09074004786057	0.242245888359561	-1.03714279541407	0.671377580319932	0.206553081205621	0.606670440090343	4	4	4	2	1	1	1	1	1	1	3	4	1	1
26977	NA	1	-0.296902817852704	0.211088916722729	-1.03714279541407	0.671377580319932	-0.0112531268240224	0.670402017262829	3	2	2	1	1	1	1	1	1	1	2	6	1	1
21160	11	1	1.05202445654258	0.237240175999787	-0.672555804286283	0.573913270328319	-0.692920794230491	0.672605015458528	2	4	4	2	2	1	1	2	1	1	2	1	1	1
26312	NA	NA	NA	NA	NA	NA	NA	NA	NA	NA	NA	NA	NA	NA	NA	NA	NA	NA	NA	NA	NA	NA
26844	9	2	-0.447271895270133	0.947151555990503	NA	NA	NA	NA	1	NA	NA	NA	NA	NA	NA	NA	NA	NA	NA	NA	NA	NA
7184	12	2	0.04146154142658	0.0503138369473909	0.47902648189112	0.360278256623955	-0.305783448320168	0.666173963902021	1	3	2	2	1	2	1	2	1	1	3	1	1	1
12847	3	2	0.959848272810263	0.217633645476233	-1.03714279541407	0.671377580319932	-1.00618804280855	0.68657711504414	1	4	4	1	1	1	1	1	1	1	2	1	1	1
12105	5	2	-0.312813307588382	0.209328351113669	-0.672555804286283	0.573913270328319	0.0290760092854222	0.598814090251098	2	2	2	1	2	1	1	1	1	1	3	3	1	1
26492	11	2	1.13433125704177	0.247210019702554	1.53752084895147	0.332970820757428	0.846821834700993	0.54980228332467	2	4	4	3	2	3	2	2	1	2	3	2	2	1
18596	14	2	-0.288276239696275	0.212057930126438	0.57561140874089	0.351436668615328	-0.692920794230491	0.672605015458528	4	2	2	1	2	2	1	2	1	1	2	1	1	1
26291	4	2	0.0364068370994046	0.0532890544025238	-1.03714279541407	0.671377580319932	0.15182085397111	0.587663975643466	1	3	2	1	1	1	1	1	2	1	2	3	1	1
6691	11	2	-0.312813307588382	0.209328351113669	-0.546002038113654	0.560317466652551	-1.51097713883035	0.728409944662597	2	2	2	1	3	1	1	1	1	1	1	1	1	1
26818	NA	NA	NA	NA	NA	NA	NA	NA	NA	NA	NA	NA	NA	NA	NA	NA	NA	NA	NA	NA	NA	NA
26067	3	2	1.77139269582114	0.0502714660293666	0.702344714479561	0.356138819632409	0.822449150942456	0.545243297378905	5	4	5	3	5	2	1	2	2	1	3	4	1	1
26871	7	2	NA	NA	NA	NA	NA	NA	NA	NA	NA	NA	NA	NA	NA	NA	NA	NA	NA	NA	NA	NA
17103	7	1	1.74695126140848	0.0388432952118783	0.47902648189112	0.360278256623955	-1.00618804280855	0.68657711504414	1	2	5	2	1	2	1	1	1	1	2	1	1	1
27504	NA	NA	-0.0701388750830163	0.904250324957875	-0.998924733516516	0.678445831007182	NA	NA	2	NA	NA	NA	1	1	NA	NA	NA	NA	NA	NA	NA	NA
26992	2	2	-0.312813307588382	0.209328351113669	-0.323685678681099	0.862046387532785	-0.150123790372394	0.646731748688584	2	2	2	1	NA	NA	1	2	2	1	2	1	1	1
12844	6	2	-1.417017145299	0.417347665168179	-0.875389177354486	0.662278115608074	-0.762235970190338	0.708010720257296	1	1	1	1	NA	1	1	1	1	2	1	1	1	1
26812	5	1	0.38350434404399	0.0669703476748767	-1.03714279541407	0.671377580319932	-0.256040511953333	0.620964212915272	1	3	3	1	1	1	1	1	1	1	3	2	1	1
26868	13	1	0.0378036612792732	0.0524625329440046	-0.672555804286283	0.573913270328319	0.119861858334893	0.59354249713983	NA	3	2	1	2	1	1	2	1	1	2	2	1	2
26883	5	1	1.17543014878189	0.246005172692389	-1.03714279541407	0.671377580319932	-0.256040511953333	0.620964212915272	4	4	4	3	1	1	1	1	1	1	3	2	1	1
26683	17	1	-0.312813307588382	0.209328351113669	0.57561140874089	0.351436668615328	-0.616235439234278	0.69215253528538	2	2	2	1	2	2	1	1	1	1	3	1	1	1
26971	10	1	0.0563879822756144	0.0435518599041222	-1.03714279541407	0.671377580319932	-0.678225176257484	0.689374167866634	1	4	2	1	1	1	1	1	1	1	1	3	1	1
26881	NA	NA	NA	NA	NA	NA	NA	NA	NA	NA	NA	NA	NA	NA	NA	NA	NA	NA	NA	NA	NA	NA
27011	3	1	-0.312813307588382	0.209328351113669	-1.03714279541407	0.671377580319932	-0.596599435841515	0.630558902398885	2	2	2	1	1	1	1	1	1	1	2	2	1	1
22405	3	2	-0.312813307588382	0.209328351113669	1.43403293323917	0.354260294642027	-0.256040511953333	0.620964212915272	2	2	2	1	4	3	1	1	1	1	3	2	1	1
26249	NA	1	-0.296902817852704	0.211088916722729	-0.0660968825342023	0.439189498419134	0.351437331691154	0.571002496151817	3	2	2	1	2	1	2	2	1	1	2	3	2	1
27373	6	1	0.385124426217291	0.0672402770932011	0.57561140874089	0.351436668615328	-0.616235439234278	0.69215253528538	2	3	3	1	2	2	1	1	1	1	3	1	1	1
12818	4	1	-1.33522798140931	0.359411499522025	-1.03714279541407	0.671377580319932	-0.981393845266546	0.67982597481907	2	1	1	1	1	1	1	1	1	NA	1	2	1	1
16208	11	2	0.0439293150911346	0.0489262038469989	1.31113790068387	0.359230396236553	-0.692920794230491	0.672605015458528	4	3	2	2	2	3	1	2	1	1	2	1	1	1
12450	NA	NA	NA	NA	NA	NA	NA	NA	NA	NA	NA	NA	NA	NA	NA	NA	NA	NA	NA	NA	NA	NA
14151	8	1	-0.332189846679887	0.206464315413851	0.47902648189112	0.360278256623955	0.15182085397111	0.587663975643466	1	2	2	1	1	2	1	1	2	1	2	3	1	1
14089	1	1	-1.417017145299	0.417347665168179	-1.03714279541407	0.671377580319932	-1.51097713883035	0.728409944662597	1	1	1	1	1	1	1	1	1	1	1	1	1	1
4545	6	1	-1.33522798140931	0.359411499522025	0.68043287079947	0.353317569782913	0.366210141482573	0.616522858228072	2	1	1	1	4	2	1	1	1	1	4	4	1	1
15192	2	2	1.09074004786057	0.242245888359561	-0.672555804286283	0.573913270328319	-0.303022729892198	0.625204131798414	4	4	4	2	2	1	1	1	1	1	2	3	1	1
5941	7	2	-1.417017145299	0.417347665168179	-0.672555804286283	0.573913270328319	-1.00618804280855	0.68657711504414	1	1	1	1	2	1	1	1	1	1	2	1	1	1
20967	NA	NA	-0.447271895270133	0.947151555990503	0.564473161732923	0.375063276367103	NA	NA	1	NA	NA	NA	1	2	NA	NA	NA	NA	NA	NA	NA	NA
20951	3	2	-0.312813307588382	0.209328351113669	0.93823610073191	0.351836406531057	0.0959902669759986	0.59285084716317	2	2	2	1	2	2	3	2	1	1	2	2	2	1
20936	2	1	1.05202445654258	0.237240175999787	0.57561140874089	0.351436668615328	0.726371141753918	0.606423250983539	2	4	4	2	2	2	1	2	1	1	2	6	2	1
20921	11	1	-1.33522798140931	0.359411499522025	-1.03714279541407	0.671377580319932	-1.00618804280855	0.68657711504414	2	1	1	1	1	1	1	1	1	1	2	1	1	1
20860	2	2	-1.417017145299	0.417347665168179	-1.03714279541407	0.671377580319932	-1.51097713883035	0.728409944662597	1	1	1	1	1	1	1	1	1	1	1	1	1	1
20859	2	1	-1.3001021339318	0.339532683659676	-1.03714279541407	0.671377580319932	-0.303022729892198	0.625204131798414	3	1	1	1	1	1	1	1	1	1	2	3	1	1
20843	2	1	1.09074004786057	0.242245888359561	-0.672555804286283	0.573913270328319	-0.616235439234278	0.69215253528538	4	4	4	2	2	1	1	1	1	1	3	1	1	1
20823	1	2	-0.296902817852704	0.211088916722729	-1.03714279541407	0.671377580319932	0.310935950060459	0.629175466881763	3	2	2	1	1	1	1	2	1	1	1	4	2	1
20776	1	1	-0.312813307588382	0.209328351113669	-0.672555804286283	0.573913270328319	1.09658726906157	0.542535732569306	2	2	2	1	2	1	1	1	2	1	3	5	2	1
20692	11	1	1.05202445654258	0.237240175999787	0.57561140874089	0.351436668615328	-0.616235439234278	0.69215253528538	2	4	4	2	2	2	1	1	1	1	3	1	1	1
12668	1	2	0.97353651278697	0.222052017895777	0.57561140874089	0.351436668615328	0.720986379357937	0.575871266903358	2	4	4	1	2	2	1	1	1	1	3	5	2	1
20689	5	2	0.72767473014992	0.0406381904780885	-0.672555804286283	0.573913270328319	-1.00618804280855	0.68657711504414	3	2	4	1	2	1	1	1	1	1	2	1	1	1
20687	5	2	-1.417017145299	0.417347665168179	-1.03714279541407	0.671377580319932	-0.498176699344638	0.717108999148368	1	1	1	1	1	1	1	1	1	1	4	1	1	1
20682	NA	1	0.0364068370994046	0.0532890544025238	-1.03714279541407	0.671377580319932	-1.00618804280855	0.68657711504414	1	3	2	1	1	1	1	1	1	1	2	1	1	1
20678	1	1	-1.417017145299	0.417347665168179	-0.672555804286283	0.573913270328319	-0.37084572420845	0.661356534580647	1	1	1	1	2	1	1	2	1	1	1	3	1	1
20640	NA	NA	NA	NA	NA	NA	NA	NA	NA	NA	NA	NA	NA	NA	NA	NA	NA	NA	NA	NA	NA	NA
20639	NA	NA	NA	NA	NA	NA	NA	NA	NA	NA	NA	NA	NA	NA	NA	NA	NA	NA	NA	NA	NA	NA
20638	NA	NA	NA	NA	NA	NA	NA	NA	NA	NA	NA	NA	NA	NA	NA	NA	NA	NA	NA	NA	NA	NA
20629	2	1	-0.226617655046107	0.208367221928936	0.47902648189112	0.360278256623955	0.748620992423557	0.575221266655007	2	2	2	2	1	2	1	1	2	1	4	2	2	1
20628	1	1	0.751691706599922	0.0523206713633517	0.57561140874089	0.351436668615328	-0.0458069974396421	0.627472103664562	5	3	4	3	2	2	1	1	1	1	2	2	3	1
20617	9	2	1.76615181660776	0.0473428600612093	-0.672555804286283	0.573913270328319	0.351437331691154	0.571002496151817	3	4	5	2	2	1	1	2	1	1	2	3	2	1
12664	2	2	0.33164983182601	0.0465106488666189	0.57561140874089	0.351436668615328	1.14047371530397	0.519614920501689	2	2	3	2	2	2	1	2	2	1	3	4	2	1
12094	4	2	-1.417017145299	0.417347665168179	-1.03714279541407	0.671377580319932	-0.596599435841515	0.630558902398885	1	1	1	1	1	1	1	1	1	1	2	2	1	1
20616	8	2	1.09074004786057	0.242245888359561	0.843452785840551	0.338210353362157	-0.596599435841515	0.630558902398885	4	4	4	2	2	2	2	1	1	1	2	2	1	1
5939	6	1	2.22945556802651	0.322839504304403	-1.03714279541407	0.671377580319932	-0.0457524173066048	0.603133416117948	5	5	5	3	1	1	1	1	1	2	2	2	1	1
12810	7	2	0.0571454725280405	0.0431559724018775	0.57561140874089	0.351436668615328	0.0290760092854222	0.598814090251098	2	4	2	1	2	2	1	1	1	1	3	3	1	1
10607	1	2	-0.332189846679887	0.206464315413851	-1.03714279541407	0.671377580319932	-0.994713697360366	0.67501613137766	1	2	2	1	1	1	1	1	1	1	1	2	1	1
5938	5	1	-0.332189846679887	0.206464315413851	-1.03714279541407	0.671377580319932	-0.826386482741692	0.731903781671945	1	2	2	1	1	1	1	1	1	1	1	1	3	1
25813	NA	2	0.990920525617728	0.227256314455881	-0.323685678681099	0.862046387532785	0.733032590051395	0.547749565413964	3	4	4	1	NA	NA	1	2	2	1	2	3	2	1
6369	3	1	0.401576391445503	0.0677733829100595	-0.51669949689853	0.559938230825302	2.16905499783891	0.513088799827109	5	3	3	3	4	1	1	2	3	2	5	5	1	2
7334	1	1	1.48219052776063	0.0473211781666633	1.78508808551302	0.334118621267983	-0.00681112572602824	0.601528868656194	3	5	4	3	4	3	3	2	1	1	3	2	1	1
5940	7	1	-1.417017145299	0.417347665168179	-0.672555804286283	0.573913270328319	-1.51097713883035	0.728409944662597	1	1	1	1	2	1	1	1	1	1	1	1	1	1
26490	10	1	0.33164983182601	0.0465106488666189	-0.672555804286283	0.573913270328319	-0.0582776579540402	0.647347861440398	2	2	3	2	2	1	1	1	2	1	3	1	1	1
26463	1	1	1.19064192615185	0.245475493388901	-0.672555804286283	0.573913270328319	-1.00618804280855	0.68657711504414	5	4	4	3	2	1	1	1	1	1	2	1	1	1
26313	NA	2	0.232610156631619	0.904880288934675	NA	NA	NA	NA	3	NA	NA	NA	NA	NA	NA	NA	NA	NA	NA	NA	NA	NA
26130	NA	2	-1.417017145299	0.417347665168179	-1.03714279541407	0.671377580319932	0.82608609256568	0.60184385500797	1	1	1	1	1	1	1	4	1	1	5	4	1	1
12792	8	1	-1.417017145299	0.417347665168179	-1.03714279541407	0.671377580319932	-1.51097713883035	0.728409944662597	1	1	1	1	1	1	1	1	1	1	1	1	1	1
25993	NA	NA	NA	NA	NA	NA	NA	NA	NA	NA	NA	NA	NA	NA	NA	NA	NA	NA	NA	NA	NA	NA
25942	NA	NA	0.454278809569516	0.94239389792813	NA	NA	NA	NA	4	NA	NA	NA	NA	NA	NA	NA	NA	NA	NA	NA	NA	NA
25884	1	1	-0.312813307588382	0.209328351113669	1.79441746268345	0.355204873223559	0.902340883673197	0.558112101721255	2	2	2	1	2	3	5	3	1	1	4	3	2	1
25875	6	2	-1.33522798140931	0.359411499522025	-1.03714279541407	0.671377580319932	-0.142980166730207	0.605973133990095	2	1	1	1	1	1	1	1	1	1	2	2	2	1
25860	NA	NA	NA	NA	NA	NA	NA	NA	NA	NA	NA	NA	NA	NA	NA	NA	NA	NA	NA	NA	NA	NA
25832	5	2	0.38350434404399	0.0669703476748767	-1.03714279541407	0.671377580319932	-0.596599435841515	0.630558902398885	1	3	3	1	1	1	1	1	1	1	2	2	1	1
25789	NA	NA	0.232610156631619	0.904880288934675	NA	NA	NA	NA	3	NA	NA	NA	NA	NA	NA	NA	NA	NA	NA	NA	NA	NA
25698	2	2	-0.838073150688509	0.0512145355647954	-0.672555804286283	0.573913270328319	-0.0513318077064314	0.602602683378642	1	2	1	1	2	1	1	2	1	1	2	3	1	1
25655	4	1	-1.33522798140931	0.359411499522025	-1.03714279541407	0.671377580319932	0.333215752111609	0.596929538249045	2	1	1	1	1	1	1	1	2	1	2	4	1	1
25634	3	2	0.97353651278697	0.222052017895777	-0.672555804286283	0.573913270328319	0.294691193561952	0.584319567766896	2	4	4	1	2	1	1	1	2	1	2	2	2	1
12790	1	1	2.12701734521442	0.274239082016628	-1.03714279541407	0.671377580319932	0.0290760092854222	0.598814090251098	1	5	5	3	1	1	1	1	1	1	3	3	1	1
25618	3	2	2.4237749105738	0.445397341375943	0.68043287079947	0.353317569782913	0.409042691146804	0.618230777100059	5	5	5	4	4	2	1	1	1	1	5	2	1	2
25517	11	1	-0.332189846679887	0.206464315413851	-1.03714279541407	0.671377580319932	0.705262269207245	0.543867278212999	1	2	2	1	1	1	1	2	1	2	3	3	1	1
25516	12	1	-1.417017145299	0.417347665168179	-1.03714279541407	0.671377580319932	-1.07749159171606	0.732809037302364	1	1	1	1	1	1	1	3	1	1	1	1	1	1
25467	NA	NA	0.0573288569534064	0.0430708034357791	-1.03714279541407	0.671377580319932	0.122545532347152	0.615463040812807	NA	4	2	1	1	1	1	2	1	1	2	4	1	1
25396	2	1	0.394966635639061	0.0680100550177338	1.01312566870266	0.351619542884444	-0.0457524173066048	0.603133416117948	3	3	3	2	3	2	3	1	1	2	2	2	1	1
25377	NA	1	-0.226617655046107	0.208367221928936	0.93823610073191	0.351836406531057	0.556136009925778	0.644211397892018	2	2	2	2	2	2	3	1	1	1	4	6	1	1
25327	3	1	NA	NA	NA	NA	NA	NA	NA	NA	NA	NA	NA	NA	NA	NA	NA	NA	NA	NA	NA	NA
25317	2	2	0.38350434404399	0.0669703476748767	0.47902648189112	0.360278256623955	-0.256040511953333	0.620964212915272	1	3	3	1	1	2	1	1	1	1	3	2	1	1
25316	8	1	NA	NA	-0.998924733516516	0.678445831007182	NA	NA	NA	NA	NA	NA	1	1	NA	NA	NA	NA	NA	NA	NA	NA
25275	6	1	-0.332189846679887	0.206464315413851	-1.03714279541407	0.671377580319932	-0.305783448320168	0.666173963902021	1	2	2	1	1	1	1	2	1	1	3	1	1	1
12781	10	2	-0.838073150688509	0.0512145355647954	-1.03714279541407	0.671377580319932	0.0618043284995022	0.729680668776006	1	2	1	1	1	1	1	1	1	1	5	NA	1	1
25274	NA	NA	NA	NA	NA	NA	NA	NA	NA	NA	NA	NA	NA	NA	NA	NA	NA	NA	NA	NA	NA	NA
25272	NA	NA	NA	NA	NA	NA	NA	NA	NA	NA	NA	NA	NA	NA	NA	NA	NA	NA	NA	NA	NA	NA
25266	NA	2	0.990920525617728	0.227256314455881	-0.672555804286283	0.573913270328319	0.462181715614907	0.577403565755631	3	4	4	1	2	1	1	3	1	1	2	3	2	1
25265	NA	2	1.09074004786057	0.242245888359561	-1.03714279541407	0.671377580319932	-0.142980166730207	0.605973133990095	4	4	4	2	1	1	1	1	1	1	2	2	2	1
25185	9	2	-1.417017145299	0.417347665168179	-1.03714279541407	0.671377580319932	-0.692125673782879	0.661009739769705	1	1	1	1	1	1	1	2	1	1	1	2	1	1
25144	NA	NA	NA	NA	NA	NA	NA	NA	NA	NA	NA	NA	NA	NA	NA	NA	NA	NA	NA	NA	NA	NA
24862	NA	NA	NA	NA	NA	NA	NA	NA	NA	NA	NA	NA	NA	NA	NA	NA	NA	NA	NA	NA	NA	NA
24859	NA	NA	NA	NA	NA	NA	NA	NA	NA	NA	NA	NA	NA	NA	NA	NA	NA	NA	NA	NA	NA	NA
24838	NA	NA	-0.296902817852704	0.211088916722729	0.57561140874089	0.351436668615328	0.642270691961535	0.546518955498445	3	2	2	1	2	2	1	2	2	1	3	3	1	1
24691	6	1	0.751148152176818	0.0519907203728152	-0.51669949689853	0.559938230825302	1.45191324890868	0.540041371572968	4	3	4	3	4	1	1	2	2	1	6	4	2	1
12768	2	1	0.741901367449706	0.0467945279252559	-0.51669949689853	0.559938230825302	0.469822271171077	0.632762615543346	1	3	4	1	4	1	1	3	2	1	1	4	1	1
24661	1	1	0.327920760196035	0.044700833322772	-1.03714279541407	0.671377580319932	0.744454388519293	0.575638681093261	2	2	3	1	1	1	1	1	2	1	3	5	1	1
24626	8	2	-1.18737100772654	0.277510262430713	-1.03714279541407	0.671377580319932	-0.0835751108687113	0.64807961381009	1	1	1	2	1	1	1	1	1	1	3	1	2	1
20550	NA	NA	0.232610156631619	0.904880288934675	-0.4444979934805	0.567307492287974	NA	NA	3	NA	NA	NA	5	1	NA	NA	NA	NA	NA	NA	NA	NA
20549	NA	NA	0.232610156631619	0.904880288934675	-0.495393863327373	0.566808090560261	NA	NA	3	NA	NA	NA	3	1	NA	NA	NA	NA	NA	NA	NA	NA
20548	NA	NA	0.454278809569516	0.94239389792813	-0.495393863327373	0.566808090560261	NA	NA	4	NA	NA	NA	3	1	NA	NA	NA	NA	NA	NA	NA	NA
20529	5	1	0.396196068589486	0.0680142691842999	2.11131038252433	0.370106463359651	-0.256040511953333	0.620964212915272	4	3	3	2	4	4	1	1	1	1	3	2	1	1
20527	3	1	-0.226617655046107	0.208367221928936	1.73517820411241	0.33225207198602	1.01862870994893	0.594282353715192	2	2	2	2	3	3	3	1	2	1	4	6	1	1
20524	NA	NA	-0.312813307588382	0.209328351113669	-0.672555804286283	0.573913270328319	-0.00681112572602824	0.601528868656194	2	2	2	1	2	1	1	2	1	1	3	2	1	1
20520	6	1	0.0433565814008492	0.0492846915149365	0.761436603280432	0.343905874345182	-0.089388850350204	0.650246989858378	1	3	2	3	1	2	2	1	1	1	5	2	1	1
20479	2	1	1.17543014878189	0.246005172692389	0.47902648189112	0.360278256623955	-0.596599435841515	0.630558902398885	4	4	4	3	1	2	1	1	1	1	2	2	1	1
20424	4	1	-1.417017145299	0.417347665168179	-0.672555804286283	0.573913270328319	-1.00618804280855	0.68657711504414	1	1	1	1	2	1	1	1	1	1	2	1	1	1
12652	NA	1	0.458726029224383	0.0462506812744692	0.68043287079947	0.353317569782913	0.326226219361563	0.60997547344781	3	4	3	2	4	2	1	NA	1	1	3	4	1	1
20420	2	1	0.0385542113552008	0.0520047253456525	0.47902648189112	0.360278256623955	0.726371141753918	0.606423250983539	3	3	2	1	1	2	1	2	1	1	2	6	2	1
20383	NA	1	1.07131066366738	0.239511467275867	0.47902648189112	0.360278256623955	0.19855092985832	0.589231722320716	3	4	4	2	1	2	1	1	1	1	3	2	1	2
20368	8	2	-1.3001021339318	0.339532683659676	-0.51669949689853	0.559938230825302	0.782108513421158	0.551453805299679	3	1	1	1	4	1	1	2	2	1	3	2	2	1
20367	NA	1	-0.288276239696275	0.212057930126438	-0.498956958136958	0.56003264128841	0.421857864786468	0.56219490003701	4	2	2	1	5	1	1	1	1	1	3	3	2	1
20363	NA	1	1.05202445654258	0.237240175999787	-0.199213705211889	0.485875671473602	1.08090024445637	0.560082988475182	2	4	4	2	1	1	3	2	2	1	2	5	1	2
20362	10	1	1.19064192615185	0.245475493388901	1.67357148023062	0.336675403795509	1.01606476800985	0.542303681773149	5	4	4	3	2	3	3	1	2	2	3	2	2	1
20303	4	2	0.394966635639061	0.0680100550177338	0.57561140874089	0.351436668615328	-0.864227249141681	0.709794960718657	3	3	3	2	2	2	1	1	2	1	1	1	1	1
20286	NA	1	-1.33522798140931	0.359411499522025	-1.03714279541407	0.671377580319932	-0.692920794230491	0.672605015458528	2	1	1	1	1	1	1	2	1	1	2	1	1	1
20280	4	2	-0.312813307588382	0.209328351113669	-1.03714279541407	0.671377580319932	-1.51097713883035	0.728409944662597	2	2	2	1	1	1	1	1	1	1	1	1	1	1
20254	15	1	-1.28809353731803	0.333587169332184	2.1555119944664	0.344350166098605	0.418215416533485	0.573645385460626	4	1	1	1	2	4	2	2	2	1	3	2	1	1
12650	NA	1	-0.226617655046107	0.208367221928936	1.31113790068387	0.359230396236553	0.440543286153277	0.567881872086109	2	2	2	2	2	3	1	2	1	2	2	3	1	1
20250	NA	NA	NA	NA	NA	NA	NA	NA	NA	NA	NA	NA	NA	NA	NA	NA	NA	NA	NA	NA	NA	NA
20239	6	1	1.23220155070201	0.242617446684923	-1.03714279541407	0.671377580319932	-0.165963969822229	0.689782340530299	5	4	4	4	1	1	1	2	1	1	4	1	1	1
20210	11	1	0.396196068589486	0.0680142691842999	0.47902648189112	0.360278256623955	0.26803138862112	0.585301892379391	4	3	3	2	1	2	1	1	1	2	3	2	1	1
24536	NA	NA	1.47957777164019	0.0487765094581072	1.53752084895147	0.332970820757428	-0.00681112572602824	0.601528868656194	4	5	4	2	2	3	2	2	1	1	3	2	1	1
24393	NA	1	1.1546704732376	0.2464776135302	0.649059676340311	0.35034407583782	0.310935950060459	0.629175466881763	3	4	4	3	3	2	1	2	1	1	1	4	2	1
24108	17	2	-0.312813307588382	0.209328351113669	1.31113790068387	0.359230396236553	-0.596599435841515	0.630558902398885	2	2	2	1	2	3	1	1	1	1	2	2	1	1
23925	NA	NA	NA	NA	NA	NA	NA	NA	NA	NA	NA	NA	NA	NA	NA	NA	NA	NA	NA	NA	NA	NA
23822	NA	NA	0.454278809569516	0.94239389792813	0.747908439460454	0.367308542775335	NA	NA	4	NA	NA	NA	3	2	NA	NA	NA	NA	NA	NA	NA	NA
23588	1	2	1.07131066366738	0.239511467275867	-0.672555804286283	0.573913270328319	0.122545532347152	0.615463040812807	3	4	4	2	2	1	1	2	1	1	2	4	1	1
23577	NA	2	0.232610156631619	0.904880288934675	-0.627869255513938	0.580256634442725	NA	NA	3	NA	NA	NA	2	1	NA	NA	NA	NA	NA	NA	NA	NA
23531	NA	NA	0.232610156631619	0.904880288934675	0.785126400687329	0.371684090940198	NA	NA	3	NA	NA	NA	4	2	NA	NA	NA	NA	NA	NA	NA	NA
12766	10	1	0.733203296523992	0.0434000990948382	1.47643878094535	0.34037144645369	0.941884372694285	0.547631474789638	4	2	4	3	1	3	2	3	2	1	3	4	1	1
23517	4	1	-0.202425192720471	0.205685106401989	-0.672555804286283	0.573913270328319	-1.51097713883035	0.728409944662597	4	2	2	2	2	1	1	1	1	1	1	1	1	1
23432	2	1	-0.296902817852704	0.211088916722729	-0.672555804286283	0.573913270328319	-0.523931329198597	0.716795738591924	3	2	2	1	2	1	1	1	1	1	1	4	1	1
23414	2	2	1.17543014878189	0.246005172692389	-1.03714279541407	0.671377580319932	0.851813801874734	0.566146535910279	4	4	4	3	1	1	1	2	1	1	5	3	2	1
23413	5	1	-0.202425192720471	0.205685106401989	0.68043287079947	0.353317569782913	0.0959902669759986	0.59285084716317	4	2	2	2	4	2	1	2	1	1	2	2	2	1
23411	3	2	-0.838073150688509	0.0512145355647954	-1.03714279541407	0.671377580319932	-0.256040511953333	0.620964212915272	1	2	1	1	1	1	1	1	1	1	3	2	1	1
23244	NA	2	-1.33522798140931	0.359411499522025	-1.03714279541407	0.671377580319932	-0.437443046045611	0.662308078009774	2	1	1	1	1	1	1	1	2	1	2	1	1	1
23060	NA	NA	0.454278809569516	0.94239389792813	NA	NA	NA	NA	4	NA	NA	NA	NA	NA	NA	NA	NA	NA	NA	NA	NA	NA
22997	8	1	-0.283554486173103	0.212569939981892	-1.03714279541407	0.671377580319932	-0.596599435841515	0.630558902398885	5	2	2	1	1	1	1	1	1	1	2	2	1	1
22964	5	1	-1.28809353731803	0.333587169332184	-0.51669949689853	0.559938230825302	0.130263974402055	0.588069292473812	4	1	1	1	4	1	1	1	1	1	2	3	2	1
22923	1	2	-0.288276239696275	0.212057930126438	0.843452785840551	0.338210353362157	0.53897910453358	0.574624129765992	4	2	2	1	2	2	2	2	2	1	2	2	1	2
12760	7	2	-0.226617655046107	0.208367221928936	-0.672555804286283	0.573913270328319	0.15182085397111	0.587663975643466	2	2	2	2	2	1	1	1	2	1	2	3	1	1
22905	NA	NA	-0.312813307588382	0.209328351113669	-0.323685678681099	0.862046387532785	1.1026577638162	0.558114361499418	2	2	2	1	NA	NA	1	2	2	2	3	1	2	1
22877	2	2	-0.226617655046107	0.208367221928936	-0.672555804286283	0.573913270328319	-0.335154621747144	0.615872339484269	2	2	2	2	2	1	1	2	1	1	2	2	1	1
22830	4	2	-0.312813307588382	0.209328351113669	-0.498956958136958	0.56003264128841	-0.119337835863652	0.606326257551549	2	2	2	1	5	1	1	1	1	1	2	2	1	2
22791	1	1	-0.836773520543681	0.0504544194126683	-0.323685678681099	0.862046387532785	-0.523931329198597	0.716795738591924	2	2	1	1	NA	NA	1	1	1	1	1	4	1	1
20209	NA	1	0.393265885012284	0.067987321326981	0.57561140874089	0.351436668615328	0.733032590051395	0.547749565413964	2	3	3	2	2	2	1	2	2	1	2	3	2	1
20158	11	1	-1.33522798140931	0.359411499522025	-0.672555804286283	0.573913270328319	-0.692920794230491	0.672605015458528	2	1	1	1	2	1	1	2	1	1	2	1	1	1
20139	NA	2	-0.312813307588382	0.209328351113669	2.32464974664965	0.335070564497996	0.185097576104538	0.624738866852508	2	2	2	1	5	4	2	2	1	1	3	1	2	1
20137	NA	2	-0.312813307588382	0.209328351113669	-0.672555804286283	0.573913270328319	1.04986409151126	0.55891441896995	2	2	2	1	2	1	1	2	1	1	5	4	2	1
20129	NA	NA	NA	NA	NA	NA	NA	NA	NA	NA	NA	NA	NA	NA	NA	NA	NA	NA	NA	NA	NA	NA
20109	NA	NA	0.454278809569516	0.94239389792813	0.747908439460454	0.367308542775335	NA	NA	4	NA	NA	NA	3	2	NA	NA	NA	NA	NA	NA	NA	NA
20059	NA	2	0.329189350293581	0.0453211403374332	-0.672555804286283	0.573913270328319	0.624773207495161	0.563437187092752	4	2	3	1	2	1	1	1	2	1	3	4	1	1
12648	7	1	-0.312813307588382	0.209328351113669	-0.672555804286283	0.573913270328319	0.868976467853753	0.550636114105034	2	2	2	1	2	1	1	2	2	2	3	2	1	1
20030	1	2	0.385124426217291	0.0672402770932011	-0.672555804286283	0.573913270328319	0.62165467641682	0.546364860688728	2	3	3	1	2	1	1	2	1	1	3	3	2	1
19987	NA	2	1.05202445654258	0.237240175999787	-0.672555804286283	0.573913270328319	1.10660808814867	0.612096911616371	2	4	4	2	2	1	1	2	2	2	1	6	1	1
19950	NA	2	-0.549356446356616	0.0462085118423025	-1.03714279541407	0.671377580319932	0.112245051425177	0.618759531653797	1	1	2	1	1	1	1	2	1	1	1	3	2	1
19943	NA	2	0.394966635639061	0.0680100550177338	0.57561140874089	0.351436668615328	-0.596599435841515	0.630558902398885	3	3	3	2	2	2	1	1	1	1	2	2	1	1
19904	1	2	1.03676383910366	0.235471989320322	-1.03714279541407	0.671377580319932	0.624773207495161	0.563437187092752	1	4	4	2	1	1	1	1	2	1	3	4	1	1
19879	7	2	-0.332189846679887	0.206464315413851	-0.672555804286283	0.573913270328319	-0.0644626514488707	0.64333736630688	1	2	2	1	2	1	1	2	1	2	2	1	1	1
19874	1	1	0.385124426217291	0.0672402770932011	0.57561140874089	0.351436668615328	0.966072870796647	0.532958206528008	2	3	3	1	2	2	1	1	2	1	3	4	2	1
19861	NA	2	-0.226617655046107	0.208367221928936	1.38571605159114	0.352618245857028	0.0959902669759986	0.59285084716317	2	2	2	2	3	3	1	2	1	1	2	2	2	1
19830	4	2	-1.417017145299	0.417347665168179	-1.03714279541407	0.671377580319932	-0.994713697360366	0.67501613137766	1	1	1	1	1	1	1	1	1	1	1	2	1	1
19827	9	1	-1.28243716728345	0.330892626137076	-0.498956958136958	0.56003264128841	-0.164828703995103	0.638161497208783	5	1	1	1	5	1	1	2	1	1	1	2	1	2
12635	2	1	-0.312813307588382	0.209328351113669	-0.672555804286283	0.573913270328319	0.0290760092854222	0.598814090251098	2	2	2	1	2	1	1	1	1	1	3	3	1	1
19793	NA	1	-0.296902817852704	0.211088916722729	-0.672555804286283	0.573913270328319	1.18039726883714	0.516929102930024	3	2	2	1	2	1	1	1	2	2	3	3	2	1
19787	4	2	-0.288276239696275	0.212057930126438	0.649059676340311	0.35034407583782	-0.994713697360366	0.67501613137766	4	2	2	1	3	2	1	1	1	1	1	2	1	1
19781	5	1	1.10501497485336	0.24428491019529	-0.672555804286283	0.573913270328319	0.55562636415114	0.587414508388125	5	4	4	2	2	1	1	2	1	1	4	2	2	1
19766	NA	NA	0.232610156631619	0.904880288934675	0.666908432076742	0.367297180433663	NA	NA	3	NA	NA	NA	2	2	NA	NA	NA	NA	NA	NA	NA	NA
19750	NA	1	0.38350434404399	0.0669703476748767	-1.03714279541407	0.671377580319932	-0.596599435841515	0.630558902398885	1	3	3	1	1	1	1	1	1	1	2	2	1	1
15390	9	2	1.11824034594554	0.247747378029615	1.0533479101737	0.356082135277651	0.865395768119845	0.643387437518916	1	4	4	3	4	2	3	2	1	1	6	2	4	1
15371	1	1	0.385893604678622	0.0673958239310953	-0.672555804286283	0.573913270328319	-0.142980166730207	0.605973133990095	NA	3	3	1	2	1	1	1	1	1	2	2	2	1
15362	2	2	-1.33522798140931	0.359411499522025	-1.03714279541407	0.671377580319932	-1.00618804280855	0.68657711504414	2	1	1	1	1	1	1	1	1	1	2	1	1	1
12444	1	1	-1.3001021339318	0.339532683659676	-0.498956958136958	0.56003264128841	0.678041916348197	0.590973089315269	3	1	1	1	5	1	1	2	2	1	2	5	1	1
12083	NA	1	0.327193961135763	0.0443564462252122	-1.03714279541407	0.671377580319932	-0.596599435841515	0.630558902398885	1	2	3	1	1	1	1	1	1	1	2	2	1	1
15356	10	1	-0.547197433645841	0.0473867742738229	0.47902648189112	0.360278256623955	0.50625208849179	0.62713739947805	4	1	2	1	1	2	1	1	2	1	2	6	1	1
15346	3	2	-1.18737100772654	0.277510262430713	0.649059676340311	0.35034407583782	0.796731094933988	0.569368532164424	1	1	1	2	3	2	1	1	1	1	4	4	1	2
15338	5	1	0.328662425715626	0.0450596041711209	-0.672555804286283	0.573913270328319	-0.498176699344638	0.717108999148368	3	2	3	1	2	1	1	1	1	1	4	1	1	1
15331	6	1	0.454278809569516	0.94239389792813	NA	NA	NA	NA	4	NA	NA	NA	NA	NA	NA	NA	NA	NA	NA	NA	NA	NA
15323	3	1	-1.33522798140931	0.359411499522025	0.57561140874089	0.351436668615328	0.257163435050798	0.576306138245582	2	1	1	1	2	2	1	2	1	1	3	3	1	1
15287	3	1	0.741901367449706	0.0467945279252559	-0.249794077934664	0.478477060404757	-0.0513318077064314	0.602602683378642	1	3	4	1	1	1	2	2	1	1	2	3	1	1
15284	6	2	-0.312813307588382	0.209328351113669	1.53752084895147	0.332970820757428	0.861399197024935	0.563685558822469	2	2	2	1	2	3	2	1	1	2	4	4	1	1
15263	8	1	-0.226617655046107	0.208367221928936	0.47902648189112	0.360278256623955	-0.596599435841515	0.630558902398885	2	2	2	2	1	2	1	1	1	1	2	2	1	1
15253	12	2	0.391608431778149	0.0679352040300967	0.761436603280432	0.343905874345182	-1.00618804280855	0.68657711504414	1	3	3	2	1	2	2	1	1	1	2	1	1	1
15248	2	1	-0.245837005657461	0.21056098088498	-0.672555804286283	0.573913270328319	-0.256040511953333	0.620964212915272	1	2	2	2	2	1	1	1	1	1	3	2	1	1
12421	3	2	1.1546704732376	0.2464776135302	1.31113790068387	0.359230396236553	0.0290760092854222	0.598814090251098	3	4	4	3	2	3	1	1	1	1	3	3	1	1
15245	2	2	1.03676383910366	0.235471989320322	0.68043287079947	0.353317569782913	-0.140322218927153	0.642479590016018	1	4	4	2	4	2	1	1	1	1	2	4	1	1
15242	2	2	-0.288276239696275	0.212057930126438	-1.03714279541407	0.671377580319932	-0.142980166730207	0.605973133990095	4	2	2	1	1	1	1	1	1	1	2	2	2	1
15241	14	1	-1.417017145299	0.417347665168179	-0.672555804286283	0.573913270328319	-1.00618804280855	0.68657711504414	1	1	1	1	2	1	1	1	1	1	2	1	1	1
15238	8	2	-0.332189846679887	0.206464315413851	-0.672555804286283	0.573913270328319	-0.692920794230491	0.672605015458528	1	2	2	1	2	1	1	2	1	1	2	1	1	1
15234	10	1	0.741901367449706	0.0467945279252559	1.23073487652368	0.372372924988203	0.898410799850994	0.612574207067132	1	3	4	1	1	3	1	3	2	1	2	6	1	1
15224	8	2	0.403850485777154	0.0752826827595809	2.3002079703846	0.328730756863214	0.406030006089878	0.61744712187297	3	NA	3	3	2	4	3	1	2	1	5	2	1	1
15216	16	1	-0.171021867287793	0.202225020672666	-0.51669949689853	0.559938230825302	1.17148788671068	0.619262679466568	4	2	2	4	4	1	1	1	2	1	6	6	1	1
15209	10	1	1.17543014878189	0.246005172692389	1.67357148023062	0.336675403795509	1.18426035661635	0.559751800166671	4	4	4	3	2	3	3	3	1	1	5	4	2	1
12710	6	2	-1.417017145299	0.417347665168179	-1.03714279541407	0.671377580319932	-0.994713697360366	0.67501613137766	1	1	1	1	1	1	1	1	1	1	1	2	1	1
