"reported_trait","short","category","include"
"Accumbens iron levels (R2* MRI)","Neuroimaging","Other",TRUE
"Addiction","Substance use disorder","Disorder",TRUE
"Addiction risk factors","Substance use","Other",TRUE
"ADHD vs Tourette's syndrome and other tic disorders (ordinary least squares (OLS))",NA,NA,FALSE
"Adjustment reaction (PheCode 304)","Stress-related disorder","Disorder",TRUE
"Adventurousness","Openness","Temperament",TRUE
"Age at first sexual intercourse",NA,NA,FALSE
"Age of smoking initiation","Substance use","Other",TRUE
"Age of smoking initiation (MTAG)","Substance use","Other",TRUE
"Alcohol consumption (drinks per month) (UKB data field 1578, 4424)","Substance use","Other",TRUE
"Alcohol consumption in current drinkers","Substance use","Other",TRUE
"Alcohol consumption x traumatic event in childhood (felt hated by family member) interaction",NA,NA,FALSE
"Alcohol dependence (age at onset)","Substance use disorder","Disorder",TRUE
"Alcohol dependence symptom count","Substance use disorder","Disorder",TRUE
"Alcohol liking","Substance use","Other",TRUE
"Alcohol use and misuse (confirmatory factor analysis Factor 22)","Substance use disorder","Disorder",TRUE
"Alcohol use disorder","Substance use disorder","Disorder",TRUE
"Alcohol use disorder (consumption score)","Substance use disorder","Disorder",TRUE
"Alcohol use disorder (MTAG)","Substance use disorder","Disorder",TRUE
"Alcohol withdrawal factor score","Substance use disorder","Disorder",TRUE
"Alcohol-related disorders (PheCode 317)","Substance use disorder","Disorder",TRUE
"Alcoholism (PheCode 317.1)","Substance use disorder","Disorder",TRUE
"Alzheimer disease (MTAG)","Alzheimer's disease","Disorder",TRUE
"Alzheimer disease and age of onset","Alzheimer's disease","Disorder",TRUE
"Alzheimer's disease","Alzheimer's disease","Disorder",TRUE
"Alzheimer's disease (age of onset)","Alzheimer's disease","Disorder",TRUE
"Alzheimer's disease (APOE e4 interaction)","Alzheimer's disease","Disorder",TRUE
"Alzheimer's disease (late onset)","Alzheimer's disease","Disorder",TRUE
"Alzheimer's disease (PheCode 290.11)","Alzheimer's disease","Disorder",TRUE
"Alzheimer's disease or educational attainment (pleiotropy)",NA,NA,FALSE
"Alzheimer's disease or family history of Alzheimer's disease","Alzheimer's disease","Disorder",TRUE
"Alzheimer's disease or gastroesophageal reflux disease and/or peptic ulcer disease",NA,NA,FALSE
"Alzheimer’s disease polygenic risk score (upper quantile vs lower quantile)","Alzheimer's disease","Disorder",TRUE
"Anorexia nervosa","Anorexia nervosa","Disorder",TRUE
"Anorexia nervosa, attention-deficit/hyperactivity disorder, autism spectrum disorder, bipolar disorder, major depression, obsessive-compulsive disorder, schizophrenia, or Tourette syndrome (pleiotropy)","Multiple disorders","Disorder",TRUE
"Anxiety","Neuroticism","Temperament",TRUE
"Anxiety disorder","Anxiety","Disorder",TRUE
"Anxiety disorder (PheCode 300.1)","Anxiety","Disorder",TRUE
"Anxiety disorders","Anxiety","Disorder",TRUE
"Anxiety disorders (PheCode 300)","Anxiety","Disorder",TRUE
"Anxiety score","Neuroticism","Temperament",TRUE
"Anxiety severity x hours spent watching television interaction",NA,NA,FALSE
"Anxiety severity x playing computer games interaction",NA,NA,FALSE
"Anxiety x maternal smoking during pregnancy interaction",NA,NA,FALSE
"Anxiety/tension (special factor of neuroticism)","Neuroticism","Temperament",TRUE
"Anxious temperament","Neuroticism","Temperament",TRUE
"Asthma and major depressive disorder",NA,NA,FALSE
"Attention deficit hyperactivity disorder","Attention deficit hyperactivity disorder","Disorder",TRUE
"Attention deficit hyperactivity disorder (ADuLT model adjusted for sex)","Attention deficit hyperactivity disorder","Disorder",TRUE
"Attention deficit hyperactivity disorder (MTAG)","Attention deficit hyperactivity disorder","Disorder",TRUE
"Attention deficit hyperactivity disorder or autism spectrum disorder or intelligence (pleiotropy)","Multiple disorders","Disorder",TRUE
"Attention deficit hyperactivity disorder or cannabis use",NA,NA,FALSE
"Attention deficit hyperactivity disorder or intracranial volume (pleiotropy)",NA,NA,FALSE
"Attention deficit hyperactivity disorder or putamen volume (pleiotropy)",NA,NA,FALSE
"Attention deficit hyperactivity disorder or risk-taking behavior (pleiotropy)","Multiple disorders","Disorder",TRUE
"Autism spectrum disorder (MTAG)","Autism spectrum disorder","Disorder",TRUE
"Autism spectrum disorder or schizophrenia","Multiple disorders","Disorder",TRUE
"Autism spectrum disorder, attention deficit-hyperactivity disorder, bipolar disorder, major depressive disorder, and schizophrenia (combined)","Multiple disorders","Disorder",TRUE
"Automobile speeding propensity","Risk-taking","Temperament",TRUE
"Basal ganglia structure","Neuroimaging","Other",TRUE
"Baseline memory in normal cognition","Cognitive function","Other",TRUE
"Biological Father: Bipolar Disorder","Bipolar disorder","Disorder",TRUE
"Bipolar disorder","Bipolar disorder","Disorder",TRUE
"Bipolar disorder (age of onset <21) or attention deficit hyperactivity disorder","Multiple disorders","Disorder",TRUE
"Bipolar disorder (early vs late onset)","Bipolar disorder","Disorder",TRUE
"Bipolar disorder (MTAG)","Bipolar disorder","Disorder",TRUE
"Bipolar disorder lithium response (categorical) or schizophrenia","Treatment-response","Disorder",TRUE
"Bipolar disorder lithium response (continuous) or schizophrenia","Treatment-response","Disorder",TRUE
"Bipolar disorder or Crohn's disease (MTAG)",NA,NA,FALSE
"Bipolar disorder or glomerular filtration rate estimated from creatine (MTAG)",NA,NA,FALSE
"Bipolar disorder or glomerular filtration rate estimated from cystatin (MTAG)",NA,NA,FALSE
"Bipolar disorder or inflammatory bowel disease (MTAG)",NA,NA,FALSE
"Bipolar disorder or major depressive disorder","Multiple disorders","Disorder",TRUE
"Bipolar disorder or ulcerative colitis (MTAG)",NA,NA,FALSE
"Bipolar disorder vs ADHD (ordinary least squares (OLS))",NA,NA,FALSE
"Bipolar disorder vs anorexia nervosa (ordinary least squares (OLS))",NA,NA,FALSE
"Bipolar disorder vs major depressive disorder (ordinary least squares (OLS))",NA,NA,FALSE
"Bipolar disorder vs Tourette's syndrome and other tic disorders (ordinary least squares (OLS))",NA,NA,FALSE
"Bipolar I disorder","Bipolar disorder","Disorder",TRUE
"Brain age gap","Neuroimaging","Other",TRUE
"Brain rsFMRI measurement (functional connectivity) (Net_Edge_ICA3)","Neuroimaging","Other",TRUE
"Brain shape (segment 1)","Neuroimaging","Other",TRUE
"Brain shape (segment 117)","Neuroimaging","Other",TRUE
"Brain shape (segment 15)","Neuroimaging","Other",TRUE
"Brain shape (segment 62)","Neuroimaging","Other",TRUE
"Broad depression or major depressive disorder (self-reported)","Depression","Disorder",TRUE
"Broad depression or schizophrenia","Multiple disorders","Disorder",TRUE
"Cannabis smoking or cigarette smoking or schizophrenia",NA,NA,FALSE
"Cannabis use","Substance use","Other",TRUE
"Cannabis use cessation (current vs former) in HIV",NA,NA,FALSE
"Cannabis use disorder","Substance use disorder","Disorder",TRUE
"Cannabis use disorder (MTAG)","Substance use disorder","Disorder",TRUE
"Cerebrospinal fluid biomarker levels","Molecular brain biomarkers","Other",TRUE
"Cerebrospinal fluid guanosine levels","Molecular brain biomarkers","Other",TRUE
"Cerebrospinal fluid inosine levels","Molecular brain biomarkers","Other",TRUE
"Cerebrospinal fluid t-tau:AB1-42 ratio","Molecular brain biomarkers","Other",TRUE
"Cerebrospinal fluid unidentified metabolite levels (HILIC Metabolomics ID: 6.32_137.05)","Molecular brain biomarkers","Other",TRUE
"Cerebrospinal fluid unidentified metabolite levels (HILIC Metabolomics ID: 6.32_269.09)","Molecular brain biomarkers","Other",TRUE
"Cerebrospinal fluid unidentified metabolite levels (HILIC Metabolomics ID: 6.32_313.12)","Molecular brain biomarkers","Other",TRUE
"Cerebrospinal fluid unidentified metabolite levels (HILIC Metabolomics ID: 6.32_327.14)","Molecular brain biomarkers","Other",TRUE
"Chronic fatigue syndrome (PheCode 798.1)","Chronic fatigue syndrome","Disorder",TRUE
"Chronic lymphocytic leukemia or multiple sclerosis",NA,NA,FALSE
"Chronic pain (confirmatory factor analysis Factor 18)",NA,NA,FALSE
"Chronotype","Sleep","Other",TRUE
"Cognition and processing speed (confirmatory factor analysis Factor 34)","Cognitive function","Other",TRUE
"Cognitive ability","Cognitive function","Other",TRUE
"Cognitive ability, years of educational attainment or schizophrenia (pleiotropy)",NA,NA,FALSE
"Cognitive decline (residual change score)","Cognitive function","Other",TRUE
"Cognitive decline rate in late mild cognitive impairment","Cognitive function","Other",TRUE
"Cognitive domain scores for language or memory (pleiotropy)",NA,NA,FALSE
"Cognitive empathy","Cognitive function","Other",TRUE
"Cognitive function","Cognitive function","Other",TRUE
"Cognitive function (baseline)","Cognitive function","Other",TRUE
"Cognitive function (delayed memory) x major depressive disorder interaction (2df)",NA,NA,FALSE
"Cognitive function (executive function) x major depressive disorder interaction (2df)",NA,NA,FALSE
"Cognitive function (generalized correlation coefficient)","Cognitive function","Other",TRUE
"Cognitive function (processing speed) x major depressive disorder interaction (2df)",NA,NA,FALSE
"Cognitive function and pulse pressure",NA,NA,FALSE
"Cognitive performance (MTAG)","Cognitive function","Other",TRUE
"Cognitive processing accuracy","Cognitive function","Other",TRUE
"Cognitive traits (MTAG)","Cognitive function","Other",TRUE
"Common executive function","Cognitive function","Other",TRUE
"Corpus callosum central posterior subregion volume","Neuroimaging","Other",TRUE
"Corpus callosum fractional anisotropy (body)","Neuroimaging","Other",TRUE
"Corpus callosum fractional anisotropy (genu)","Neuroimaging","Other",TRUE
"Corpus callosum fractional anisotropy (MOSTest)","Neuroimaging","Other",TRUE
"Corpus callosum mid anterior subregion volume","Neuroimaging","Other",TRUE
"Corpus callosum mid-anterior volume","Neuroimaging","Other",TRUE
"Corpus callosum volume (MOSTest)","Neuroimaging","Other",TRUE
"Cortical surface area","Neuroimaging","Other",TRUE
"Cortical surface area (MOSTest)","Neuroimaging","Other",TRUE
"Cortical thickness (MOSTest)","Neuroimaging","Other",TRUE
"Creative achievement","Openness","Temperament",TRUE
"Daytime nap","Sleep","Other",TRUE
"Daytime sleep phenotypes","Sleep","Other",TRUE
"Decaffeinated coffee consumption and/or lifetime cannabis use",NA,NA,FALSE
"Decaffeinated coffee consumption and/or neuroticism",NA,NA,FALSE
"Decaffeinated coffee consumption or major depression disorder",NA,NA,FALSE
"Depressed affect","Depression","Disorder",TRUE
"Depression","Depression","Disorder",TRUE
"Depression (broad)","Depression","Disorder",TRUE
"Depression (PheCode 296.2)","Depression","Disorder",TRUE
"Depression severity  x hours spent watching television interaction",NA,NA,FALSE
"Depression severity  x playing computer games interaction",NA,NA,FALSE
"Depression/anxiety (standard GWA)","Depression","Disorder",TRUE
"Depressive symptom (anhedonia) (binary trait)","Depression","Disorder",TRUE
"Depressive symptom (anhedonia) (ordinal trait)","Depression","Disorder",TRUE
"Depressive symptoms","Depression","Disorder",TRUE
"Depressive symptoms (binary sum-score)","Depression","Disorder",TRUE
"Depressive symptoms (MTAG)","Depression","Disorder",TRUE
"Depressive symptoms (sum-score)","Depression","Disorder",TRUE
"Disrupted circadian rhythm (low relative amplitude of rest-activity cycles)","Sleep","Other",TRUE
"Disruptive behavior (multivariate analysis)","Risk-taking","Temperament",TRUE
"DTI TBSS L2 Sagittal stratum R","Neuroimaging","Other",TRUE
"DTI TBSS MD Anterior corona radiata R","Neuroimaging","Other",TRUE
"Duration to complete alphanumeric path task (baseline)","Cognitive function","Other",TRUE
"Dyslexia","Cognitive function","Other",TRUE
"Early onset major depressive disorder","Depression","Disorder",TRUE
"Early response to risperidone in schizophrenia","Treatment-response","Disorder",TRUE
"Ease of getting up in the morning","Sleep","Other",TRUE
"Ebbinghaus illusion (underestimation)",NA,NA,FALSE
"Education attainment or alcohol use disorders",NA,NA,FALSE
"Education attainment or anorexia nervosa",NA,NA,FALSE
"Education attainment or attention deficit hyperactivity disorder",NA,NA,FALSE
"Education attainment or cannabis use disorder",NA,NA,FALSE
"Endometriosis or depression (pleiotropy)",NA,NA,FALSE
"Epilepsy","Epilepsy","Disorder",TRUE
"Episodic memory (pairs-matching)","Cognitive function","Other",TRUE
"Essential tremor",NA,NA,FALSE
"Executive function (trail making test B)","Cognitive function","Other",TRUE
"Executive inhibition (color interference time)","Cognitive function","Other",TRUE
"Experiencing mood swings","Neuroticism","Temperament",TRUE
"Externalizing behaviour (multivariate analysis)","Risk-taking","Temperament",TRUE
"Extremely high intelligence","Cognitive function","Other",TRUE
"F-strong vegetable liking (derived food-liking factor)",NA,NA,FALSE
"Family history of Alzheimer's disease","Alzheimer's disease","Disorder",TRUE
"Feeling fed-up","Neuroticism","Temperament",TRUE
"Feeling guilty","Neuroticism","Temperament",TRUE
"Feeling hurt","Neuroticism","Temperament",TRUE
"Feeling lonely","Extraversion","Temperament",TRUE
"Feeling miserable","Neuroticism","Temperament",TRUE
"Feeling nervous","Neuroticism","Temperament",TRUE
"Feeling tense","Neuroticism","Temperament",TRUE
"Feeling worry","Neuroticism","Temperament",TRUE
"FEV1 or irritable bowel syndrome (pleiotropy)",NA,NA,FALSE
"FEV1/FVC or irritable bowel syndrome (pleiotropy)",NA,NA,FALSE
"Frailty (Factor 5 - Poorer Cognition)",NA,NA,FALSE
"GAD score x Polysocial risk score (PsRS) interaction",NA,NA,FALSE
"Gastroesophageal reflux disease or attention-deficit/hyperactivity disorder (pleiotropy)",NA,NA,FALSE
"General factor of neuroticism","Neuroticism","Temperament",TRUE
"General risk tolerance (MTAG)","Risk-taking","Temperament",TRUE
"Generalized anxiety disorder (phenotype risk score)","Anxiety","Disorder",TRUE
"Generalized epilepsy","Epilepsy","Disorder",TRUE
"Genetically independent pain phenotypes (GIP1)",NA,NA,FALSE
"Headache","Headache or migraine","Disorder",TRUE
"Headache or fasting glucose levels",NA,NA,FALSE
"Headache or glucose levels",NA,NA,FALSE
"Headache or HbA1c levels",NA,NA,FALSE
"Headache or migraine","Headache or migraine","Disorder",TRUE
"Help-seeking from a psychiatrist",NA,NA,FALSE
"Highest math class taken (MTAG)","Cognitive function","Other",TRUE
"Hippocampal subfield left CA1 volume (body)","Neuroimaging","Other",TRUE
"Hippocampal subfield left CA3 volume (body)","Neuroimaging","Other",TRUE
"Hippocampal subfield left CA4 volume (body)","Neuroimaging","Other",TRUE
"Hippocampal tail volume","Neuroimaging","Other",TRUE
"HippSubfield lh volume Hippocampal-tail","Neuroimaging","Other",TRUE
"IDP dMRI TBSS FA Posterior limb of internal capsule L","Neuroimaging","Other",TRUE
"IDP dMRI TBSS FA Posterior limb of internal capsule R","Neuroimaging","Other",TRUE
"IDP dMRI TBSS L2 Posterior limb of internal capsule L","Neuroimaging","Other",TRUE
"IDP dMRI TBSS L2 Posterior limb of internal capsule R","Neuroimaging","Other",TRUE
"Illnesses of mother: Alzheimer's disease/dementia (UKB data field 20110_10)","Alzheimer's disease","Disorder",TRUE
"Inflammatory bowel disease or anorexia nervosa (pleiotropy)",NA,NA,FALSE
"Information processing speed","Cognitive function","Other",TRUE
"Initial pursuit acceleration in psychotic disorders",NA,NA,FALSE
"Insomnia","Sleep","Other",TRUE
"Insomnia (standard GWA)","Sleep","Other",TRUE
"Insomnia symptoms (never/rarely vs. sometimes/usually)","Sleep","Other",TRUE
"Insomnia symptoms (never/rarely vs. usually)","Sleep","Other",TRUE
"Intelligence","Cognitive function","Other",TRUE
"Internet addiction disorder","Substance use disorder","Disorder",TRUE
"Irritable bowel syndrome or bipolar disorder (pleiotropy)",NA,NA,FALSE
"Irritable bowel syndrome or major depressive disorder (pleiotropy)",NA,NA,FALSE
"Irritable bowel syndrome or schizophrenia (pleiotropy)",NA,NA,FALSE
"Irritable mood","Neuroticism","Temperament",TRUE
"Isthmus-cingulate cortex volume","Neuroimaging","Other",TRUE
"Juvenile myoclonic epilepsy","Epilepsy","Disorder",TRUE
"Late onset major depressive disorder","Depression","Disorder",TRUE
"Late postpartum perinatal depression","Depression","Disorder",TRUE
"Late-onset Alzheimer's disease","Alzheimer's disease","Disorder",TRUE
"LDL x anxiety interaction (2df test)",NA,NA,FALSE
"LDL x depression interaction (2df test)",NA,NA,FALSE
"Left hippocampal volume (tail)","Neuroimaging","Other",TRUE
"Left subiculum volume (body)","Neuroimaging","Other",TRUE
"Left-handedness",NA,NA,FALSE
"Left-hemisphere control network to putamen white-matter structural connectivity","Neuroimaging","Other",TRUE
"Left-hemisphere default mode network to right-hemisphere control network white-matter structural connectivity","Neuroimaging","Other",TRUE
"Left-hemisphere dorsal attention network to right-hemisphere control network white-matter structural connectivity","Neuroimaging","Other",TRUE
"Left-hemisphere dorsal attention network to right-hemisphere default mode network white-matter structural connectivity","Neuroimaging","Other",TRUE
"Left-hemisphere dorsal attention network to right-hemisphere dorsal attention network white-matter structural connectivity","Neuroimaging","Other",TRUE
"Left-hemisphere limbic network to thalamus white-matter structural connectivity","Neuroimaging","Other",TRUE
"Left-hemisphere somatomotor network to left-hemisphere control network white-matter structural connectivity","Neuroimaging","Other",TRUE
"Left-hemisphere somatomotor network to right-hemisphere dorsal attention network white-matter structural connectivity","Neuroimaging","Other",TRUE
"Left-hemisphere somatomotor network to right-hemisphere somatomotor network white-matter structural connectivity","Neuroimaging","Other",TRUE
"Leisure sedentary behaviour (television watching)",NA,NA,FALSE
"Life satisfaction","Well-being","Temperament",TRUE
"Lifetime anxiety disorder","Anxiety","Disorder",TRUE
"Lifetime major depressive disorder (AutoComplete Impute and observed)","Depression","Disorder",TRUE
"Lifetime major depressive disorder (AutoComplete Impute)","Depression","Disorder",TRUE
"Lifetime major depressive disorder (MTAG)","Depression","Disorder",TRUE
"Lifetime major depressive disorder (SoftImpute and observed)","Depression","Disorder",TRUE
"Lifetime smoking index","Substance use","Other",TRUE
"Logical memory (delayed recall) in mild cognitive impairment","Cognitive function","Other",TRUE
"Loneliness","Extraversion","Temperament",TRUE
"Loneliness (MTAG)","Extraversion","Temperament",TRUE
"Longitudinal brain connectivity change (global efficiency)","Neuroimaging","Other",TRUE
"Longitudinal brain connectivity change (Louvain modularity)","Neuroimaging","Other",TRUE
"Major depressive disorder","Depression","Disorder",TRUE
"Major depressive disorder (broad)","Depression","Disorder",TRUE
"Major depressive disorder (MTAG)","Depression","Disorder",TRUE
"Major depressive disorder (PheCode 296.22)","Depression","Disorder",TRUE
"Major depressive disorder or COVID-19 infection (pleiotropy)",NA,NA,FALSE
"Major depressive disorder or glomerular filtration rate estimated from creatine (MTAG)",NA,NA,FALSE
"Major depressive disorder or glomerular filtration rate estimated from cystatin (MTAG)",NA,NA,FALSE
"Major depressive disorder or hospitalized COVID-19 (pleiotropy)",NA,NA,FALSE
"Major depressive disorder or stress-related disorder","Multiple disorders","Disorder",TRUE
"Major depressive disorder vs ADHD (ordinary least squares (OLS))",NA,NA,FALSE
"Major depressive disorder vs anorexia nervosa (ordinary least squares (OLS))",NA,NA,FALSE
"Major depressive episode treated with electroconvulsive therapy","Depression","Disorder",TRUE
"Mean arterial pressure x depressive symptoms interaction (2df test)",NA,NA,FALSE
"Medication use (opioids)",NA,NA,FALSE
"Memory decline","Cognitive function","Other",TRUE
"Mental health study participation (provided email address)",NA,NA,FALSE
"Migraine","Headache or migraine","Disorder",TRUE
"Migraine with aura (age at onset)","Headache or migraine","Disorder",TRUE
"Migraine without aura","Headache or migraine","Disorder",TRUE
"Mood disorders (PheCode 296)","Depression","Disorder",TRUE
"Mood instability","Neuroticism","Temperament",TRUE
"Morning person","Sleep","Other",TRUE
"Morningness","Sleep","Other",TRUE
"Motor premotor area","Neuroimaging","Other",TRUE
"Multisite chronic pain",NA,NA,FALSE
"Narcolepsy","Narcolepsy","Disorder",TRUE
"Neurociticism","Neuroticism","Temperament",TRUE
"Neurological blood protein biomarker levels","Molecular brain biomarkers","Other",TRUE
"Neuropsychiatric disorders","Multiple disorders","Disorder",TRUE
"Neuroticism","Neuroticism","Temperament",TRUE
"Neuroticism (MTAG)","Neuroticism","Temperament",TRUE
"Neuroticism conditioned on average household income before tax (multi-trait conditioning and joint analysis)",NA,NA,FALSE
"Neuroticism conditioned on cognitive performance (multi-trait conditioning and joint analysis)",NA,NA,FALSE
"Neuroticism conditioned on educational attainment (multi-trait conditioning and joint analysis)",NA,NA,FALSE
"Neuroticism conditioned on highest math class (multi-trait conditioning and joint analysis)",NA,NA,FALSE
"Neuroticism conditioned on self-rated math ability (multi-trait conditioning and joint analysis)",NA,NA,FALSE
"Neuroticism conditioned on Townsend deprivation index (multi-trait conditioning and joint analysis)",NA,NA,FALSE
"Neuroticism general factor","Neuroticism","Temperament",TRUE
"Nicotine dependence and major depression (severity of comorbidity)",NA,NA,FALSE
"Non-REM sleep duration","Sleep","Other",TRUE
"Noncognitive aspects of educational attainment",NA,NA,FALSE
"Number of sexual partners in opposite-sex sexual behavior",NA,NA,FALSE
"Obesity class II and Anorexia nervosa or Major depressive disorder or Obsesive-compulsive disorder",NA,NA,FALSE
"Obesity class II and Anorexia nervosa or Major depressive disorder or Obsesive-compulsive disorder or Schizophrenia",NA,NA,FALSE
"Obesity class II and Anorexia nervosa or Major depressive disorder or Schizophrenia",NA,NA,FALSE
"Obesity class II and Anorexia nervosa or Schizophrenia",NA,NA,FALSE
"Obesity class II and Attention deficit hyperactivity disorder or Anorexia nervosa or Major depressive disorder or Obsesive-compulsive disorder or Schizophrenia",NA,NA,FALSE
"Obesity class II and Attention deficit hyperactivity disorder or Anorexia nervosa or Major depressive disorder or Schizophrenia",NA,NA,FALSE
"Obesity class II and Attention deficit hyperactivity disorder or Anorexia nervosa or Obsesive-compulsive disorder or Schizophrenia",NA,NA,FALSE
"Obesity class II and Attention deficit hyperactivity disorder or Major depressive disorder",NA,NA,FALSE
"Obesity class II and Attention deficit hyperactivity disorder or Major depressive disorder or Schizophrenia",NA,NA,FALSE
"Obesity class II and Attention deficit hyperactivity disorder or Schizophrenia",NA,NA,FALSE
"Obesity class II and Major depressive disorder",NA,NA,FALSE
"Obesity class II and Obsesive-compulsive disorder or Schizophrenia",NA,NA,FALSE
"Obesity class II and Schizophrenia",NA,NA,FALSE
"Occupational creativity",NA,NA,FALSE
"Opioid use disorder (broad)","Substance use disorder","Disorder",TRUE
"Opioid use disorder (MTAG)","Substance use disorder","Disorder",TRUE
"Orbitofrontal area","Neuroimaging","Other",TRUE
"OXT protein levels","Molecular brain biomarkers","Other",TRUE
"Parent of origin effect on language impairment (paternal)",NA,NA,FALSE
"Parkinson's disease","Parkinson's disease","Disorder",TRUE
"Parkinson's disease or first degree relation to individual with Parkinson's disease","Parkinson's disease","Disorder",TRUE
"Perisylvian thickness (unadjusted for global measures)","Neuroimaging","Other",TRUE
"Personality traits or cognitive traits (multivariate analysis)",NA,NA,FALSE
"PHQ score x Polysocial risk score (PsRS) interaction",NA,NA,FALSE
"Physical activity",NA,NA,FALSE
"Plasma cortisol levels in alcohol use disorder",NA,NA,FALSE
"Plasma cortisone levels in alcohol use disorder",NA,NA,FALSE
"Positive affect","Extraversion","Temperament",TRUE
"Post-traumatic stress disorder","Stress-related disorder","Disorder",TRUE
"Post-traumatic stress disorder (mental health questionnaire or predicted)","Stress-related disorder","Disorder",TRUE
"Post-traumatic stress disorder (MTAG)","Stress-related disorder","Disorder",TRUE
"Post-traumatic stress disorder (phenotype risk score)","Stress-related disorder","Disorder",TRUE
"Post-traumatic stress disorder symptom severity (avoidance)","Stress-related disorder","Disorder",TRUE
"Post-traumatic stress disorder symptom severity (hyperarousal)","Stress-related disorder","Disorder",TRUE
"Post-traumatic stress disorder symptom severity (re-experiencing)","Stress-related disorder","Disorder",TRUE
"Post-traumatic stress disorder symptom severity (total)","Stress-related disorder","Disorder",TRUE
"Precuneus area","Neuroimaging","Other",TRUE
"Problematic alcohol use","Substance use disorder","Disorder",TRUE
"Problematic alcohol use (MTAG)","Substance use disorder","Disorder",TRUE
"Problematic tobacco use","Substance use disorder","Disorder",TRUE
"Psycho-cardiometabolic multimorbidity (multivariate analysis)",NA,NA,FALSE
"Psychosis in Alzheimer's disease","Alzheimer's disease","Disorder",TRUE
"Putamen iron levels (R2* MRI)","Neuroimaging","Other",TRUE
"Putamen volume","Neuroimaging","Other",TRUE
"Rapidly progressive Alzheimer's disease (clinical vs typical) (case-control set 1)","Alzheimer's disease","Disorder",TRUE
"Rapidly progressive Alzheimer's disease (clinical vs typical) (case-control set 2)","Alzheimer's disease","Disorder",TRUE
"Rapidly progressive Alzheimer's disease (clinical vs typical) (case-control set 3)","Alzheimer's disease","Disorder",TRUE
"Rapidly progressive Alzheimer's disease (clinical) (case-control set 3)","Alzheimer's disease","Disorder",TRUE
"Rate of cognitive decline in Alzheimer's disease","Alzheimer's disease","Disorder",TRUE
"Red wine consumption (glasses per month) (UKB data field 1578, 4419)","Substance use","Other",TRUE
"Regional cortical thickness (bankssts)","Neuroimaging","Other",TRUE
"Regional cortical thickness (parahippocampal)","Neuroimaging","Other",TRUE
"Regional cortical thickness (parstriangularis)","Neuroimaging","Other",TRUE
"Regional cortical thickness (superiorfrontal)","Neuroimaging","Other",TRUE
"Regular attendance at a pub or social club","Extraversion","Temperament",TRUE
"Regular attendance at a religious group",NA,NA,FALSE
"REM sleep duration","Sleep","Other",TRUE
"Remission after SSRI treatment in MDD or neuroticism","Treatment-response","Disorder",TRUE
"Response to antipsychotic treatment","Treatment-response","Disorder",TRUE
"Response to antipsychotic treatment in schizophrenia","Treatment-response","Disorder",TRUE
"Response to paliperidone in schizophrenia (positive Marder score)","Treatment-response","Disorder",TRUE
"Response to serotonin reuptake inhibitors in major depressive disorder (plasma drug and metabolite levels)","Treatment-response","Disorder",TRUE
"Resting-state network 12 amplitude (Motor)","Neuroimaging","Other",TRUE
"Resting-state network 13 amplitude (blood oxygenation level dependent) (Language)","Neuroimaging","Other",TRUE
"Resting-state network 15 amplitude (Cerebellum)","Neuroimaging","Other",TRUE
"Resting-state network 16 amplitude (blood oxygenation level dependent) (Executive control)","Neuroimaging","Other",TRUE
"Resting-state network 21 amplitude (blood oxygenation level dependent) (Language)","Neuroimaging","Other",TRUE
"Resting-state network 5 amplitude (blood oxygenation level dependent) (Fronto-parietal)","Neuroimaging","Other",TRUE
"Resting-state network 6 amplitude (blood oxygenation level dependent) (Fronto-parietal)","Neuroimaging","Other",TRUE
"Resting-state network 9 amplitude (blood oxygenation level dependent) (Language)","Neuroimaging","Other",TRUE
"Restless legs syndrome","Restless legs syndrome","Disorder",TRUE
"Restless legs syndrome (PheCode 327.71)","Restless legs syndrome","Disorder",TRUE
"Right hippocampal volume (tail)","Neuroimaging","Other",TRUE
"Right subiculum volume (body)","Neuroimaging","Other",TRUE
"Right-hemisphere control network to right-hemisphere default mode network white-matter structural connectivity","Neuroimaging","Other",TRUE
"Right-hemisphere dorsal attention network to right-hemisphere control network white-matter structural connectivity","Neuroimaging","Other",TRUE
"Right-hemisphere limbic network to thalamus white-matter structural connectivity","Neuroimaging","Other",TRUE
"Risk taking (standard GWA)","Risk-taking","Temperament",TRUE
"Risk-taking behavior (multivariate analysis)","Risk-taking","Temperament",TRUE
"Risk-taking tendency (4-domain principal component model)","Risk-taking","Temperament",TRUE
"Risky sexual behaviors (alcohol dependence interaction)",NA,NA,FALSE
"Risky sexual behaviors in alcohol dependence",NA,NA,FALSE
"Salami liking",NA,NA,FALSE
"Schizophrenia","Schizophrenia","Disorder",TRUE
"Schizophrenia (MTAG)","Schizophrenia","Disorder",TRUE
"Schizophrenia or bipolar disorder","Multiple disorders","Disorder",TRUE
"Schizophrenia or breast cancer (pleiotropy)",NA,NA,FALSE
"Schizophrenia or ER positive breast cancer (pleiotropy)",NA,NA,FALSE
"Schizophrenia vs ADHD (ordinary least squares (OLS))",NA,NA,FALSE
"Schizophrenia vs anorexia nervosa (ordinary least squares (OLS))",NA,NA,FALSE
"Schizophrenia vs Tourette's syndrome and other tic disorders (ordinary least squares (OLS))",NA,NA,FALSE
"Schizophrenia, schizoaffective disorder or bipolar disorder","Multiple disorders","Disorder",TRUE
"Scientific occupational creativity",NA,NA,FALSE
"Self-harm x Caesarean-section interaction",NA,NA,FALSE
"Self-rated health",NA,NA,FALSE
"Self-reported math ability (MTAG)","Cognitive function","Other",TRUE
"Self-reported risk-taking behaviour","Risk-taking","Temperament",TRUE
"Sensitivity to environmental stress and adversity","Neuroticism","Temperament",TRUE
"Severe depressive disorders in coronary artery disease",NA,NA,FALSE
"Sexual abuse",NA,NA,FALSE
"Short sleep duration (<5 hours)","Sleep","Other",TRUE
"Sleep (1/3-day periodicity)","Sleep","Other",TRUE
"Sleep duration","Sleep","Other",TRUE
"Sleep duration (long sleep)","Sleep","Other",TRUE
"Sleep duration (short sleep)","Sleep","Other",TRUE
"Sleep medication purchases","Sleep","Other",TRUE
"Sleep related movement disorders (PheCode 327.7)","Sleep","Other",TRUE
"Sleep-related phenotypes","Sleep","Other",TRUE
"Smoking behaviour (age at first cigarette)",NA,NA,FALSE
"Smoking cessation","Substance use","Other",TRUE
"Smoking status (current vs never)","Substance use","Other",TRUE
"Sociability score","Extraversion","Temperament",TRUE
"Spirits liking","Substance use","Other",TRUE
"Stuttering","Tics and stuttering","Disorder",TRUE
"Subcortical brain region volumes","Neuroimaging","Other",TRUE
"Subcortical volume (MOSTest)","Neuroimaging","Other",TRUE
"Subjective well-being","Well-being","Temperament",TRUE
"Subjective well-being (MTAG)","Well-being","Temperament",TRUE
"Substance addiction and disorders (PheCode 316)","Substance use disorder","Disorder",TRUE
"Substance use disorder","Substance use disorder","Disorder",TRUE
"Substance use disorder (pleiotropy)","Substance use disorder","Disorder",TRUE
"Substance use disorders (time to event)","Substance use disorder","Disorder",TRUE
"Suffering from nerves","Neuroticism","Temperament",TRUE
"Suicide","Suicide","Disorder",TRUE
"Suicide attempt","Suicide","Disorder",TRUE
"Systemising","Openness","Temperament",TRUE
"Systolic blood pressure x depressive symptoms (quantitative) interaction (1df test)",NA,NA,FALSE
"Systolic blood pressure x depressive symptoms (quantitative) interaction (2df test)",NA,NA,FALSE
"T2 brain MRIs Unsupervised Deep learning derived Imaging Phenotypes (dimension 75)","Neuroimaging","Other",TRUE
"ThalamNuclei lh volume MDl","Neuroimaging","Other",TRUE
"ThalamNuclei rh volume MDl","Neuroimaging","Other",TRUE
"Tics and stuttering (PheCode 313.2)","Tics and stuttering","Disorder",TRUE
"Tobacco use disorder","Substance use disorder","Disorder",TRUE
"Tobacco use disorder (PheCode 318)","Substance use disorder","Disorder",TRUE
"Total amyloid (SNP x SNP interaction)",NA,NA,FALSE
"Total protein levels x insomnia interaction",NA,NA,FALSE
"Triglyceride levels x SSRI defined daily dose interaction in schizophrenia or bipolar disorder",NA,NA,FALSE
"Triglycerides x anxiety interaction (2df test)",NA,NA,FALSE
"Triglycerides x low social support interaction (2df test)",NA,NA,FALSE
"Type 1 narcolepsy","Narcolepsy","Disorder",TRUE
"Type 2 diabetes and Anorexia nervosa or schyzophrenia or obsessive compulsive disorder",NA,NA,FALSE
"Type 2 diabetes and Attention deficit hiperactivty disorder",NA,NA,FALSE
"Type 2 diabetes and Attention deficit hiperactivty disorder or Anorexia nervosa or Major depressive disorder or schyzophrenia",NA,NA,FALSE
"Type 2 diabetes and Attention deficit hiperactivty disorder or Major depressive disorder",NA,NA,FALSE
"Type 2 diabetes and Attention deficit hiperactivty disorder or obsessive compulsive disorder",NA,NA,FALSE
"Type 2 diabetes and Attention deficit hiperactivty disorder or schyzophrenia",NA,NA,FALSE
"Type 2 diabetes and Attention deficit hiperactivty disorder or schyzophrenia or obsessive compulsive disorder",NA,NA,FALSE
"Type 2 diabetes and schyzophrenia or obsessive compulsive disorder",NA,NA,FALSE
"Type 2 diabetes or schizophrenia (pleiotropy)",NA,NA,FALSE
"Type 2 diabetes with neurological manifestations (PheCode 250.24)",NA,NA,FALSE
"Typical-onset anorexia nervosa","Anorexia nervosa","Disorder",TRUE
"Verbal short term memory","Cognitive function","Other",TRUE
"Vertex-wise cortical surface area","Neuroimaging","Other",TRUE
"Vertex-wise sulcal depth","Neuroimaging","Other",TRUE
"Volume of right cortico-amygdaloid transition area","Neuroimaging","Other",TRUE
"Well-being spectrum (multivariate analysis)","Well-being","Temperament",TRUE
"Wellbeing index","Well-being","Temperament",TRUE
"wg lh intensity-contrast cuneus","Neuroimaging","Other",TRUE
"wg lh intensity-contrast lingual","Neuroimaging","Other",TRUE
"wg rh intensity-contrast cuneus","Neuroimaging","Other",TRUE
"White matter hyperintensities","Neuroimaging","Other",TRUE
"White matter hyperintensity volume","Neuroimaging","Other",TRUE
"White matter hyperintensity volume (adjusted for hypertension)","Neuroimaging","Other",TRUE
"White matter hyperintensity volume x hypertension interaction (2df)",NA,NA,FALSE
"White matter microstructure (axial diusivities)","Neuroimaging","Other",TRUE
"White matter microstructure (fractional anisotropy)","Neuroimaging","Other",TRUE
"White matter microstructure (mode of anisotropy)","Neuroimaging","Other",TRUE
"Whole brain free water diffusion (multivariate analysis)","Neuroimaging","Other",TRUE
"Worry","Neuroticism","Temperament",TRUE
"Worry too long after an embarrassing experience","Neuroticism","Temperament",TRUE
"(Z)-4-hydroxytamoxifen levels in tamoxifen-treated hormone-receptor-positive breast cancer",NA,NA,FALSE
"(Z)-4-hydroxytamoxifen to tamoxifen ratio in tamoxifen-treated hormone-receptor-positive breast cancer",NA,NA,FALSE
"1,5-anhydroglucitol (1,5-ag) levels",NA,NA,FALSE
"1-(1-enyl-stearoyl)-2-arachidonoyl-GPC (p-18:0/20:4) levels",NA,NA,FALSE
"1-linolenoyl-GPC (18:3) levels",NA,NA,FALSE
"1-methyl-4-imidazoleacetate levels",NA,NA,FALSE
"1-methylimidazoleacetate levels",NA,NA,FALSE
"1-myristoyl-2-linoleoyl-GPC (14:0/18:2) levels",NA,NA,FALSE
"1-palmitoleoyl-GPC (16:1) levels",NA,NA,FALSE
"1-palmitoylglycerophosphoinositol levels",NA,NA,FALSE
"1-ribosyl-imidazoleacetate (X-11334) levels",NA,NA,FALSE
"1-ribosyl-imidazoleacetate levels",NA,NA,FALSE
"12-lead ECG morphology phenotype",NA,NA,FALSE
"14-3-3 protein beta/alpha levels",NA,NA,FALSE
"17-hydroxyprogesterone (17-OHP) levels",NA,NA,FALSE
"2-hydroxyhippurate (salicylurate) levels",NA,NA,FALSE
"2-hydroxypalmitate levels",NA,NA,FALSE
"25-Hydroxyvitamin D levels",NA,NA,FALSE
"25-hydroxyvitamin D levels (skin colour stratified)",NA,NA,FALSE
"3-Hydroxybutyrate levels",NA,NA,FALSE
"3-aminoisobutyrate levels",NA,NA,FALSE
"3-hydroxy-1-methylpropylmercapturic acid levels in smokers",NA,NA,FALSE
"3-hydroxybutyrate + 3-aminoisobutyrate levels",NA,NA,FALSE
"3-hydroxyoleate levels",NA,NA,FALSE
"3-hydroxypropylmercapturic acid levels in smokers",NA,NA,FALSE
"4-androsten-3alpha,17alpha-diol monosulfate (2) levels",NA,NA,FALSE
"4-cholesten-3-one levels",NA,NA,FALSE
"5-hydroxylysine levels",NA,NA,FALSE
"5-oxoproline levels",NA,NA,FALSE
"60S ribosomal protein L26-like 1 protein levels (SomaScan ID:14634-13)",NA,NA,FALSE
"A body shape index",NA,NA,FALSE
"A0A087X0D5 protein level (protein group normalized intensity)",NA,NA,FALSE
"AARSD1/PPME1 protein level ratio",NA,NA,FALSE
"ABI3BP protein levels",NA,NA,FALSE
"ACAN protein levels",NA,NA,FALSE
"ACE2 levels",NA,NA,FALSE
"ACE2 protein levels",NA,NA,FALSE
"ACP5 protein levels",NA,NA,FALSE
"ACVRL1 protein levels",NA,NA,FALSE
"ACVRL1/EFNA4 protein level ratio",NA,NA,FALSE
"ACY1 protein levels",NA,NA,FALSE
"ADA protein levels",NA,NA,FALSE
"ADAM22 protein levels",NA,NA,FALSE
"ADAM22/EPHB6 protein level ratio",NA,NA,FALSE
"ADAM23 protein levels",NA,NA,FALSE
"ADAM23/BSG protein level ratio",NA,NA,FALSE
"ADAM8 protein levels",NA,NA,FALSE
"ADAM9 protein levels",NA,NA,FALSE
"ADAMTS13 protein levels",NA,NA,FALSE
"ADGRB3 protein levels",NA,NA,FALSE
"ADGRD1 protein levels",NA,NA,FALSE
"ADGRE2/IFNGR1 protein level ratio",NA,NA,FALSE
"ADGRG1 protein levels",NA,NA,FALSE
"ADIPOQ protein levels",NA,NA,FALSE
"ADP-ribosylation factor-like protein 2-binding protein levels",NA,NA,FALSE
"AFP levels",NA,NA,FALSE
"AFP protein levels",NA,NA,FALSE
"AGRN protein levels",NA,NA,FALSE
"AGRP levels",NA,NA,FALSE
"AHSP protein levels",NA,NA,FALSE
"AHSP/BLVRB protein level ratio",NA,NA,FALSE
"AHSP/CA2 protein level ratio",NA,NA,FALSE
"AIDS progression",NA,NA,FALSE
"AIFM1/PLXNA4 protein level ratio",NA,NA,FALSE
"AK1/DNPH1 protein level ratio",NA,NA,FALSE
"ALCAM protein levels",NA,NA,FALSE
"ALCAM/CDH5 protein level ratio",NA,NA,FALSE
"ALCAM/CNTN1 protein level ratio",NA,NA,FALSE
"ALCAM/ICAM3 protein level ratio",NA,NA,FALSE
"ALDH1A1/SORD protein level ratio",NA,NA,FALSE
"AMN protein levels",NA,NA,FALSE
"ANG protein levels",NA,NA,FALSE
"ANGPT1/SERPINE1 protein level ratio",NA,NA,FALSE
"ANPEP/DPP4 protein level ratio",NA,NA,FALSE
"ANXA3/EDAR protein level ratio",NA,NA,FALSE
"ANXA4/CA13 protein level ratio",NA,NA,FALSE
"ANXA4/FADD protein level ratio",NA,NA,FALSE
"ANXA4/HSPB1 protein level ratio",NA,NA,FALSE
"ANXA4/LACTB2 protein level ratio",NA,NA,FALSE
"AOC3 protein levels",NA,NA,FALSE
"APEX1 protein levels",NA,NA,FALSE
"APEX1/ELOA protein level ratio",NA,NA,FALSE
"APEX1/GPKOW protein level ratio",NA,NA,FALSE
"APEX1/HCLS1 protein level ratio",NA,NA,FALSE
"APEX1/LSP1 protein level ratio",NA,NA,FALSE
"APEX1/METAP2 protein level ratio",NA,NA,FALSE
"APEX1/NMNAT1 protein level ratio",NA,NA,FALSE
"APEX1/PSIP1 protein level ratio",NA,NA,FALSE
"APEX1/SRP14 protein level ratio",NA,NA,FALSE
"APOB protein levels",NA,NA,FALSE
"APOL1 protein levels",NA,NA,FALSE
"APOM protein levels",NA,NA,FALSE
"APP/HBEGF protein level ratio",NA,NA,FALSE
"APP/PDGFA protein level ratio",NA,NA,FALSE
"APP/PDGFB protein level ratio",NA,NA,FALSE
"APP/SPARC protein level ratio",NA,NA,FALSE
"ARG1 protein levels",NA,NA,FALSE
"ARG1/HMBS protein level ratio",NA,NA,FALSE
"ARG1/PKLR protein level ratio",NA,NA,FALSE
"ARL2BP protein levels",NA,NA,FALSE
"ARSA protein levels",NA,NA,FALSE
"ARSB/SIAE protein level ratio",NA,NA,FALSE
"ATG4A protein levels",NA,NA,FALSE
"ATG4A/NSFL1C protein level ratio",NA,NA,FALSE
"ATG4A/PPME1 protein level ratio",NA,NA,FALSE
"ATP5IF1/CD69 protein level ratio",NA,NA,FALSE
"ATRN protein levels",NA,NA,FALSE
"AXIN1/CALCOCO1 protein level ratio",NA,NA,FALSE
"AXIN1/HEXIM1 protein level ratio",NA,NA,FALSE
"AXIN1/MAVS protein level ratio",NA,NA,FALSE
"AXIN1/PLXNA4 protein level ratio",NA,NA,FALSE
"AXL protein levels",NA,NA,FALSE
"AXL/IL18BP protein level ratio",NA,NA,FALSE
"Abdominal adipose tissue volumes to gluteofemoral adipose tissue volumes ratio",NA,NA,FALSE
"Abdominal aortic aneurysm",NA,NA,FALSE
"Abdominal aortic aneurysm (PheCode 442.11)",NA,NA,FALSE
"Abdominal fat cell number",NA,NA,FALSE
"Abdominal infection",NA,NA,FALSE
"Abdominal obesity (waist circumference 85cm in females or 90 cm in males)",NA,NA,FALSE
"Abdominal size (multivariate analysis)",NA,NA,FALSE
"Abnormal mammogram (PheCode 611.1)",NA,NA,FALSE
"Abnormal results of other function studies (bladder, pancreas, placenta, spleen, etc) (PheCode 794)",NA,NA,FALSE
"Accelerometer measured moderate to vigorous physical activity",NA,NA,FALSE
"Accelerometer-based physical activity measurement (average acceleration)",NA,NA,FALSE
"Acceptance of an invitation to participate in a mental health questionnaire",NA,NA,FALSE
"Acid reflux/GERD",NA,NA,FALSE
"Acidaminococcus sp900315205 abundance in stool",NA,NA,FALSE
"Acidobacteriales abundance in stool",NA,NA,FALSE
"Acne (PheCode 706.1)",NA,NA,FALSE
"Acquired hypothyroidism (PheCode 244.2)",NA,NA,FALSE
"Actin-binding LIM protein 3 levels",NA,NA,FALSE
"Actin-related protein 2/3 complex subunit 3 levels",NA,NA,FALSE
"Actinic keratosis",NA,NA,FALSE
"Actinic keratosis (PheCode 702.1)",NA,NA,FALSE
"Activated & resting CD4 regulatory T cell %CD4 regulatory T cell",NA,NA,FALSE
"Acute anterior uveitis (with or without ankylosing spondylitis)",NA,NA,FALSE
"Acute anterior uveitis in ankylosing spondylitis",NA,NA,FALSE
"Acute bronchospasm (PheCode 498)",NA,NA,FALSE
"Acute gastritis (PheCode 535.1)",NA,NA,FALSE
"Acute lymphoblastic leukemia in childhood (B cell precursor)",NA,NA,FALSE
"Acute pancreatitis",NA,NA,FALSE
"Acute pericarditis (PheCode 420.21)",NA,NA,FALSE
"Added salt consumption",NA,NA,FALSE
"Adhesion G protein-coupled receptor B3 levels",NA,NA,FALSE
"Adhesion G-protein coupled receptor D1 level in Chronic kidney disease with hypertension and no diabetes (21546_20)",NA,NA,FALSE
"Adhesion G-protein coupled receptor D1 levels",NA,NA,FALSE
"Adhesion G-protein coupled receptor G1 levels",NA,NA,FALSE
"Adiponectin levels",NA,NA,FALSE
"Adiposity (multivariate analysis)",NA,NA,FALSE
"Adipsin levels in type 2 diabetes",NA,NA,FALSE
"Adolescent idiopathic scoliosis",NA,NA,FALSE
"Adult body size",NA,NA,FALSE
"Adverse response to androgen-deprivation therapy in prostate cancer (de novo diabetes mellitus)",NA,NA,FALSE
"Aerodigestive squamous cell cancer (pleiotropy)",NA,NA,FALSE
"Age at first birth",NA,NA,FALSE
"Age at first birth or uterine leiomyomata (pleiotropy)",NA,NA,FALSE
"Age at last live birth",NA,NA,FALSE
"Age at menarche",NA,NA,FALSE
"Age at menopause",NA,NA,FALSE
"Age at natural menopause",NA,NA,FALSE
"Age at onset of walking",NA,NA,FALSE
"Age of onset of adult onset asthma",NA,NA,FALSE
"Age of onset of childhood onset asthma",NA,NA,FALSE
"Age of onset of diverticular disease",NA,NA,FALSE
"Age started wearing glasses (UKB data field 2217)",NA,NA,FALSE
"Age when finished full-time education (standard GWA)",NA,NA,FALSE
"Age when finished full-time education (weighted GWA)",NA,NA,FALSE
"Age-related diseases and mortality",NA,NA,FALSE
"Age-related diseases, mortality and associated endophenotypes",NA,NA,FALSE
"Age-related eyesight deterioration (confirmatory factor analysis Factor 27)",NA,NA,FALSE
"Age-related hearing impairment",NA,NA,FALSE
"Age-related hearing impairment (MTAG)",NA,NA,FALSE
"Age-related hearing impairment (SNP x SNP interaction)",NA,NA,FALSE
"Age-related macular degeneration",NA,NA,FALSE
"Age-related macular degeneration or COVID-19 critical illness (MTAG)",NA,NA,FALSE
"Age-related macular degeneration or COVID-19 hospitalization (MTAG)",NA,NA,FALSE
"Age-related macular degeneration or COVID-19 infection (MTAG)",NA,NA,FALSE
"Aging",NA,NA,FALSE
"Aging (eyeAgeAcceleration)",NA,NA,FALSE
"Aging traits (healthspan, parental lifespan or longevity) (multivariate analysis)",NA,NA,FALSE
"Agouti-related protein levels",NA,NA,FALSE
"Airway wall thickness",NA,NA,FALSE
"Alanine aminotransferase levels",NA,NA,FALSE
"Alanine levels",NA,NA,FALSE
"Alanine transaminase (ALT, maximum, inv-norm transformed)",NA,NA,FALSE
"Alanine transaminase (ALT, mean, inv-norm transformed)",NA,NA,FALSE
"Alanine transaminase (ALT, minimum, inv-norm transformed)",NA,NA,FALSE
"Alanine transaminase levels",NA,NA,FALSE
"Alanine transaminase levels in high alcohol intake",NA,NA,FALSE
"Albumin (maximum, inv-norm transformed)",NA,NA,FALSE
"Albumin (mean, inv-norm transformed)",NA,NA,FALSE
"Albumin (minimum, inv-norm transformed)",NA,NA,FALSE
"Albumin levels",NA,NA,FALSE
"Albumin-globulin ratio",NA,NA,FALSE
"Alcohol consumption",NA,NA,FALSE
"Alcohol consumption (drinks per week)",NA,NA,FALSE
"Alcohol consumption (drinks per week) (MTAG)",NA,NA,FALSE
"Alcohol consumption x experiences in childhood (felt loved by family member) interaction",NA,NA,FALSE
"Alcohol consumption x hours spent using computers interaction",NA,NA,FALSE
"Alcohol consumption x hours spent watching television interaction",NA,NA,FALSE
"Alcohol dehydrogenase 1B levels (ADH1B.9834.62.3)",NA,NA,FALSE
"Alcohol frequency weekly (standard GWA)","Substance use","Other",TRUE
"Alcohol usually taken with meals (UKB data field 1618)",NA,NA,FALSE
"Alkaline phosphatase (UKB data field 30610)",NA,NA,FALSE
"Alkaline phosphatase levels",NA,NA,FALSE
"Alkenylphosphatidylcholine (P-16:0/20:5) levels",NA,NA,FALSE
"Alkenylphosphatidylcholine (P-17:0/20:4) (a) levels",NA,NA,FALSE
"Alkenylphosphatidylethanolamine (P-17:0/22:6) (b) levels",NA,NA,FALSE
"Alkenylphosphatidylethanolamine (P-20:0/18:1) levels",NA,NA,FALSE
"Alkenylphosphatidylethanolamine (P-20:0/20:4) levels",NA,NA,FALSE
"Alkenylphosphatidylethanolamine (P-20:1/20:4) levels",NA,NA,FALSE
"Alkylphosphatidylcholine (O-16:0/16:0) levels",NA,NA,FALSE
"Alkylphosphatidylcholine (O-16:0/22:6) levels",NA,NA,FALSE
"Alkylphosphatidylcholine (O-18:0/22:6) levels",NA,NA,FALSE
"Allergic disease (asthma, hay fever and/or eczema) (age of onset)",NA,NA,FALSE
"Allergic disease (asthma, hay fever and/or eczema) (multivariate analysis)",NA,NA,FALSE
"Allergic disease (asthma, hay fever or eczema)",NA,NA,FALSE
"Alopecia areata",NA,NA,FALSE
"Alzheimer's disease or related dementias","Alzheimer's disease","Disorder",TRUE
"Alzheimer's disease, proxy Alzheimer's disease or related dementias",NA,NA,FALSE
"Ambidextrousness",NA,NA,FALSE
"Amyloid beta A4 precursor protein-binding family B member 2 levels",NA,NA,FALSE
"Amyotrophic lateral sclerosis (sporadic)",NA,NA,FALSE
"An7 abundance in stool",NA,NA,FALSE
"Android bone mass",NA,NA,FALSE
"Angina",NA,NA,FALSE
"Angiodysplasia of intestine (without mention of hemorrhage) (PheCode 556.11)",NA,NA,FALSE
"Angiopoietin-1 receptor, soluble levels",NA,NA,FALSE
"Ankylosing spondylitis",NA,NA,FALSE
"Ankyrin-2 protein levels (SomaScan ID:21546-20)",NA,NA,FALSE
"Annual healthcare cost",NA,NA,FALSE
"Anorectal malformation",NA,NA,FALSE
"Anterior or posterior cruciate ligament injury",NA,NA,FALSE
"Anterior thigh muscle fat infiltration percentage",NA,NA,FALSE
"Anteromedial temporal area (unadjusted for global measures)",NA,NA,FALSE
"Anthrax toxin receptor 2 levels",NA,NA,FALSE
"Anthropometric traits",NA,NA,FALSE
"Anthropometric traits (multi-trait analysis)",NA,NA,FALSE
"Anti-SARS-CoV-2 spike protein IgG seronegativity after second dose of COVID-19 vaccine",NA,NA,FALSE
"Anticoagulants causing adverse effects (PheCode 964.1)",NA,NA,FALSE
"Antihypertensive agents causing adverse effects (PheCode 972.6)",NA,NA,FALSE
"Antithyroid drug-induced agranulocytosis",NA,NA,FALSE
"Aorta APEX1 levels",NA,NA,FALSE
"Aorta HDGF levels",NA,NA,FALSE
"Aortic aneurysm (PheCode 442.1)",NA,NA,FALSE
"Aortic ectasia (PheCode 447.7)",NA,NA,FALSE
"Aortic stenosis",NA,NA,FALSE
"Aortic stenosis (MTAG)",NA,NA,FALSE
"Aortic valve area",NA,NA,FALSE
"Aortic valve area (MTAG)",NA,NA,FALSE
"Aortic valve mean gradient (MTAG)",NA,NA,FALSE
"Aortic valve peak velocity (MTAG)",NA,NA,FALSE
"Apolipoprotein A levels (UKB data field 30630)",NA,NA,FALSE
"Apolipoprotein A-I levels",NA,NA,FALSE
"Apolipoprotein A1 levels",NA,NA,FALSE
"Apolipoprotein B levels",NA,NA,FALSE
"Apolipoprotein B levels (UKB data field 23439)",NA,NA,FALSE
"Apolipoprotein B to apolipoprotein A1 ratio (UKB data field 23441)",NA,NA,FALSE
"Appendicular lean mass",NA,NA,FALSE
"Appetite-regulating hormone levels",NA,NA,FALSE
"Arabitol/xylitol levels",NA,NA,FALSE
"Arachidonic acid levels",NA,NA,FALSE
"Arginine levels",NA,NA,FALSE
"Arm fat percentage left (UKB data field 23123)",NA,NA,FALSE
"Arm fat percentage right (UKB data field 23119)",NA,NA,FALSE
"Armadillo repeat-containing protein 5 levels",NA,NA,FALSE
"Aromatic antiseizure medication-induced Stevens-Johnson syndrome or toxic epidermal necrolysis in HLA-B*15:02 non-carriers",NA,NA,FALSE
"Arrhythmia",NA,NA,FALSE
"Ascending aorta diameter",NA,NA,FALSE
"Ascending aorta distensibility",NA,NA,FALSE
"Ascending aorta distensibility (MTAG)",NA,NA,FALSE
"Ascending aorta maximum area",NA,NA,FALSE
"Ascending aorta maximum area (MTAG)",NA,NA,FALSE
"Ascending aorta minimum area",NA,NA,FALSE
"Ascending aorta strain",NA,NA,FALSE
"Ascending thoracic aortic diameter",NA,NA,FALSE
"Aspartate aminotransferase (AST, mean, inv-norm transformed)",NA,NA,FALSE
"Aspartate aminotransferase (AST, minimum, inv-norm transformed)",NA,NA,FALSE
"Aspartate aminotransferase levels",NA,NA,FALSE
"Aspartate aminotransferase levels (UKB data field 30650)",NA,NA,FALSE
"Aspartate aminotransferase platelet ratio index in high alcohol intake",NA,NA,FALSE
"Aspartate aminotransferase to alanine aminotransferase ratio",NA,NA,FALSE
"Aspartate transaminase levels in high alcohol intake",NA,NA,FALSE
"Asthma",NA,NA,FALSE
"Asthma (adult onset)",NA,NA,FALSE
"Asthma (childhood onset)",NA,NA,FALSE
"Asthma (time to childhood onset) x early life tobacco smoke interaction",NA,NA,FALSE
"Asthma (time to event)",NA,NA,FALSE
"Asthma in any disease",NA,NA,FALSE
"Asthma in gastrointestinal disease",NA,NA,FALSE
"Asthma or chronic rhinosinusitis",NA,NA,FALSE
"Asthma or diverticular disease (MTAG)",NA,NA,FALSE
"Asthma or irritable bowel syndrome (MTAG)",NA,NA,FALSE
"Astrocytoma (high-grade)",NA,NA,FALSE
"Atherosclerosis of aorta (PheCode 440.9)",NA,NA,FALSE
"Atopic asthma",NA,NA,FALSE
"Atopic dermatitis",NA,NA,FALSE
"Atopic dermatitis (moderate to severe)",NA,NA,FALSE
"Atopic march",NA,NA,FALSE
"Atopobiaceae abundance in stool",NA,NA,FALSE
"Atrial fibrillation",NA,NA,FALSE
"Atrial fibrillation (MTAG)",NA,NA,FALSE
"Atrial fibrillation (PheCode 427.21)",NA,NA,FALSE
"Atrial fibrillation (recurrent event)",NA,NA,FALSE
"Atrial fibrillation and flutter (PheCode 427.2)",NA,NA,FALSE
"Atrial fibrillation/atrial flutter",NA,NA,FALSE
"Atrial flutter (PheCode 427.22)",NA,NA,FALSE
"Autoimmune hypothyroidism",NA,NA,FALSE
"Autoimmune neurological syndromes with anti-GAD65 autoantibodies",NA,NA,FALSE
"Autoimmune thyroid disease",NA,NA,FALSE
"Autoimmune traits",NA,NA,FALSE
"Autoimmune traits (pleiotropy)",NA,NA,FALSE
"Average diameter for HDL particles",NA,NA,FALSE
"Average diameter for HDL particles (UKB data field 23433)",NA,NA,FALSE
"Average diameter for LDL particles",NA,NA,FALSE
"Average diameter for VLDL particles",NA,NA,FALSE
"Average diameter for VLDL particles (UKB data field 23431)",NA,NA,FALSE
"Axial length",NA,NA,FALSE
"B-cell differentiation antigen CD72 (analyte X7009.8) levels",NA,NA,FALSE
"B-cell differentiation antigen CD72 levels",NA,NA,FALSE
"B2M protein levels",NA,NA,FALSE
"B3GNT7 protein levels",NA,NA,FALSE
"B4GAT1 protein levels",NA,NA,FALSE
"BACH1/HEXIM1 protein level ratio",NA,NA,FALSE
"BACH1/TBC1D5 protein level ratio",NA,NA,FALSE
"BAFF-R on B cell",NA,NA,FALSE
"BAFF-R on CD20- B cell",NA,NA,FALSE
"BAFF-R on CD20- CD38- B cell",NA,NA,FALSE
"BAFF-R on CD24+ CD27+ B cell",NA,NA,FALSE
"BAFF-R on IgD+ B cell",NA,NA,FALSE
"BAFF-R on IgD+ CD24+ B cell",NA,NA,FALSE
"BAFF-R on IgD+ CD24- B cell",NA,NA,FALSE
"BAFF-R on IgD+ CD38+ B cell",NA,NA,FALSE
"BAFF-R on IgD+ CD38- B cell",NA,NA,FALSE
"BAFF-R on IgD+ CD38dim B cell",NA,NA,FALSE
"BAFF-R on IgD- CD24- B cell",NA,NA,FALSE
"BAFF-R on IgD- CD27- B cell",NA,NA,FALSE
"BAFF-R on IgD- CD38+ B cell",NA,NA,FALSE
"BAFF-R on IgD- CD38- B cell",NA,NA,FALSE
"BAFF-R on IgD- CD38dim B cell",NA,NA,FALSE
"BAFF-R on memory B cell",NA,NA,FALSE
"BAFF-R on naive-mature B cell",NA,NA,FALSE
"BAFF-R on switched memory B cell",NA,NA,FALSE
"BAFF-R on transitional B cell",NA,NA,FALSE
"BAFF-R on unswitched memory B cell",NA,NA,FALSE
"BANK1/CALCOCO1 protein level ratio",NA,NA,FALSE
"BANK1/HEXIM1 protein level ratio",NA,NA,FALSE
"BBQ/grilled meat liking",NA,NA,FALSE
"BCAM protein levels",NA,NA,FALSE
"BCAN protein levels",NA,NA,FALSE
"BCAN/CD200 protein level ratio",NA,NA,FALSE
"BCAN/DPP6 protein level ratio",NA,NA,FALSE
"BCAN/KLK6 protein level ratio",NA,NA,FALSE
"BCAN/MOG protein level ratio",NA,NA,FALSE
"BCAN/NPTXR protein level ratio",NA,NA,FALSE
"BCL2L11 protein levels",NA,NA,FALSE
"BCR/PLXNA4 protein level ratio",NA,NA,FALSE
"BCR/VASH1 protein level ratio",NA,NA,FALSE
"BGN protein levels",NA,NA,FALSE
"BLMH protein levels",NA,NA,FALSE
"BLVRB/CA3 protein level ratio",NA,NA,FALSE
"BLVRB/PKLR protein level ratio",NA,NA,FALSE
"BMI (adjusted for smoking behaviour)",NA,NA,FALSE
"BMI (standard GWA)",NA,NA,FALSE
"BMI and adiposity (confirmatory factor analysis Factor 7)",NA,NA,FALSE
"BMI at 3 months old",NA,NA,FALSE
"BMI at 6 months old",NA,NA,FALSE
"BMI at 8 months old",NA,NA,FALSE
"BMI x  environmental factors (excluding physical activity) interaction",NA,NA,FALSE
"BMI-adjusted waist-hip ratio",NA,NA,FALSE
"BPIFB1 protein levels",NA,NA,FALSE
"BSG protein levels",NA,NA,FALSE
"BTD protein levels",NA,NA,FALSE
"BTN1A1 protein levels",NA,NA,FALSE
"BTN2A1 protein levels",NA,NA,FALSE
"BTN2A1/BTN3A2 protein level ratio",NA,NA,FALSE
"BTN2A1/CSF1 protein level ratio",NA,NA,FALSE
"BTN2A1/EPHA1 protein level ratio",NA,NA,FALSE
"BTN2A1/IFNGR1 protein level ratio",NA,NA,FALSE
"BTN2A1/IL10RB protein level ratio",NA,NA,FALSE
"BTN2A1/IL18BP protein level ratio",NA,NA,FALSE
"BTN2A1/PIK3IP1 protein level ratio",NA,NA,FALSE
"BTN3A2 protein levels",NA,NA,FALSE
"Bacillus U abundance in stool",NA,NA,FALSE
"Back pain",NA,NA,FALSE
"Balding type 1",NA,NA,FALSE
"Barrett's esophagus",NA,NA,FALSE
"Barrett's esophagus  or Esophageal adenocarcinoma",NA,NA,FALSE
"Barrett's esophagus (PheCode 530.13)",NA,NA,FALSE
"Basal cell carcinoma",NA,NA,FALSE
"Basal cell carcinoma (MTAG)",NA,NA,FALSE
"Basal cell carcinoma (PheCode 172.21)",NA,NA,FALSE
"Basal metabolic rate",NA,NA,FALSE
"Basal metabolic rate (UKB data field 23105)",NA,NA,FALSE
"Basal metabolic rate variance",NA,NA,FALSE
"Basal nucleus volume",NA,NA,FALSE
"Basement membrane-specific heparan sulfate proteoglycan core protein levels",NA,NA,FALSE
"Basophil (absolute count, maximum, inv-norm transformed)",NA,NA,FALSE
"Basophil (absolute count, mean, inv-norm transformed)",NA,NA,FALSE
"Basophil (absolute count, minimum, inv-norm transformed)",NA,NA,FALSE
"Basophil (fraction, maximum, inv-norm transformed)",NA,NA,FALSE
"Basophil (fraction, mean, inv-norm transformed)",NA,NA,FALSE
"Basophil (fraction, minimum, inv-norm transformed)",NA,NA,FALSE
"Basophil count",NA,NA,FALSE
"Basophil percentage of granulocytes",NA,NA,FALSE
"Basophil percentage of white cells",NA,NA,FALSE
"Basophil side fluorescence",NA,NA,FALSE
"Beans liking",NA,NA,FALSE
"Beef/steak liking",NA,NA,FALSE
"Beetroot liking",NA,NA,FALSE
"Behcet's disease",NA,NA,FALSE
"Benign neoplasm of bone and articular cartilage (PheCode 213)",NA,NA,FALSE
"Benign neoplasm of brain and other parts of nervous system (PheCode 225)",NA,NA,FALSE
"Benign neoplasm of brain, cranial nerves, meninges (PheCode 225.1)",NA,NA,FALSE
"Benign neoplasm of colon (PheCode 208)",NA,NA,FALSE
"Benign neoplasm of eye (PheCode 224)",NA,NA,FALSE
"Benign neoplasm of eye, uveal (PheCode 224.1)",NA,NA,FALSE
"Benign neoplasm of skin (PheCode 216)",NA,NA,FALSE
"Benign nodular goiter",NA,NA,FALSE
"Benign prostatic hyperplasia and lower urinary tract symptoms",NA,NA,FALSE
"Benign prostatic hyperplasia and lower urinary tract symptoms (prostate cancer excluded)",NA,NA,FALSE
"Beta-2-microglobulin levels",NA,NA,FALSE
"Beta-aminoisobutyric acid levels",NA,NA,FALSE
"Beta-arrestin-1 levels",NA,NA,FALSE
"Beta-hexosaminidase subunit beta (analyte X15470.11) levels",NA,NA,FALSE
"Beta-hexosaminidase subunit beta levels",NA,NA,FALSE
"Betaine levels",NA,NA,FALSE
"Betaine levels in elite athletes",NA,NA,FALSE
"Betaine-to-pyroglutamine ratio",NA,NA,FALSE
"Bicarbonate (maximum, inv-norm transformed)",NA,NA,FALSE
"Bicarbonate (mean, inv-norm transformed)",NA,NA,FALSE
"Bicarbonate (minimum, inv-norm transformed)",NA,NA,FALSE
"Binding antibody response to interferon beta therapy in multiple sclerosis (antibody levels; IFNβ-1a subcutaneous and intramuscular)",NA,NA,FALSE
"Binding antibody response to interferon beta therapy in multiple sclerosis (antibody levels; all treatment preparations)",NA,NA,FALSE
"Bioavailable testosterone levels",NA,NA,FALSE
"Biological Grandparent (paternal): Kidney Disease",NA,NA,FALSE
"Biological Sibling:  Cancer, Skin",NA,NA,FALSE
"Biological Sibling: High cholesterol",NA,NA,FALSE
"Biological sex",NA,NA,FALSE
"Biomedical quantitative traits",NA,NA,FALSE
"Birth length (MTAG)",NA,NA,FALSE
"Birth size (multivariate analysis)",NA,NA,FALSE
"Birth weight",NA,NA,FALSE
"Birth weight (MTAG)",NA,NA,FALSE
"Bitter alcoholic beverage consumption",NA,NA,FALSE
"Bitter ale liking",NA,NA,FALSE
"Bitter beverage consumption",NA,NA,FALSE
"Blond vs. brown/black hair color",NA,NA,FALSE
"Blood Glucose level in bendroflumethiazide treated hypertension",NA,NA,FALSE
"Blood cell traits (multivariate analysis)",NA,NA,FALSE
"Blood cell traits latent factor 1 (white cell)",NA,NA,FALSE
"Blood cell traits latent factor 10 (platelet)",NA,NA,FALSE
"Blood cell traits latent factor 13 (red cell)",NA,NA,FALSE
"Blood cell traits latent factor 16 (white cell)",NA,NA,FALSE
"Blood cell traits latent factor 17 (white cell)",NA,NA,FALSE
"Blood cell traits latent factor 18 (platelet)",NA,NA,FALSE
"Blood cell traits latent factor 2 (red cell)",NA,NA,FALSE
"Blood cell traits latent factor 22 (white cell)",NA,NA,FALSE
"Blood cell traits latent factor 23 (white cell)",NA,NA,FALSE
"Blood cell traits latent factor 4 (red cell)",NA,NA,FALSE
"Blood cell traits latent factor 5 (platelet)",NA,NA,FALSE
"Blood cell traits latent factor 8 (white cell)",NA,NA,FALSE
"Blood cell traits latent factor 9 (white cell)",NA,NA,FALSE
"Blood donation",NA,NA,FALSE
"Blood glucose levels",NA,NA,FALSE
"Blood pressure",NA,NA,FALSE
"Blood pressure (pleiotropy model 1 DBP adjusted for estimated causal effects x SBP)",NA,NA,FALSE
"Blood pressure (pleiotropy model 2 SBP adjusted for estimated causal effects x DBP)",NA,NA,FALSE
"Blood protein levels",NA,NA,FALSE
"Blood protein levels in cardiovascular risk",NA,NA,FALSE
"Blood urea nitrogen (BUN, maximum, inv-norm transformed)",NA,NA,FALSE
"Blood urea nitrogen (BUN, mean, inv-norm transformed)",NA,NA,FALSE
"Blood urea nitrogen (BUN, minimum, inv-norm transformed)",NA,NA,FALSE
"Blood urea nitrogen levels",NA,NA,FALSE
"Blue vs. green eyes",NA,NA,FALSE
"Body composition (MOSTest)",NA,NA,FALSE
"Body fat distribution (leg fat ratio)",NA,NA,FALSE
"Body fat distribution (trunk fat ratio)",NA,NA,FALSE
"Body fat percentage",NA,NA,FALSE
"Body fat percentage (UKB data field 23099)",NA,NA,FALSE
"Body fat percentage (adjusted for testosterone and SHBG)",NA,NA,FALSE
"Body fat percentage or coronary artery disease (MTAG)",NA,NA,FALSE
"Body fat percentage variance",NA,NA,FALSE
"Body fat rate",NA,NA,FALSE
"Body mass (lean)",NA,NA,FALSE
"Body mass index",NA,NA,FALSE
"Body mass index (BMI, maximum, inv-normal transformed)",NA,NA,FALSE
"Body mass index (BMI, mean, inv-normal transformed)",NA,NA,FALSE
"Body mass index (BMI, minimum, inv-normal transformed)",NA,NA,FALSE
"Body mass index (MTAG)",NA,NA,FALSE
"Body mass index (UKB data field 21001)",NA,NA,FALSE
"Body mass index (joint analysis main effects and physical activity interaction)",NA,NA,FALSE
"Body mass index (joint analysis main effects and smoking interaction)",NA,NA,FALSE
"Body mass index (physical activity interaction)",NA,NA,FALSE
"Body mass index and HDL-C (pairwise)",NA,NA,FALSE
"Body mass index and systole blood pressure (pairwise)",NA,NA,FALSE
"Body mass index in physically active individuals",NA,NA,FALSE
"Body mass index or breast cancer (pleiotropy)",NA,NA,FALSE
"Body mass index or colorectal cancer (pleiotropy)",NA,NA,FALSE
"Body mass index or endometrial cancer (pleiotropy)",NA,NA,FALSE
"Body mass index or esophageal adenocarcinoma (pleiotropy)",NA,NA,FALSE
"Body mass index or knee osteoarthritis (pleiotropy)",NA,NA,FALSE
"Body mass index or osteoarthritis (pleiotropy)",NA,NA,FALSE
"Body mass index or spine osteoarthritis (pleiotropy)",NA,NA,FALSE
"Body mass index variance",NA,NA,FALSE
"Body shape phenotype PC1",NA,NA,FALSE
"Body shape phenotype PC2",NA,NA,FALSE
"Body shape phenotype PC3",NA,NA,FALSE
"Body shape phenotype PC4",NA,NA,FALSE
"Body size (confirmatory factor analysis Factor 21)",NA,NA,FALSE
"Body size at age 10",NA,NA,FALSE
"Body size or adipose distribution (multivariate analysis)",NA,NA,FALSE
"Body surface area",NA,NA,FALSE
"Bone density (confirmatory factor analysis Factor 19)",NA,NA,FALSE
"Bone density T-score",NA,NA,FALSE
"Bone density Z-score",NA,NA,FALSE
"Bone marrow fat fraction of thoracic vertebra 11",NA,NA,FALSE
"Bone marrow fat fraction of thoracic vertebra 8",NA,NA,FALSE
"Bone mineral density",NA,NA,FALSE
"Bone mineral density (femoral neck)",NA,NA,FALSE
"Bone mineral density (hip)",NA,NA,FALSE
"Bone mineral density (total hip)",NA,NA,FALSE
"Bone mineral density at right femoral neck (model 2)",NA,NA,FALSE
"Bone mineral density mean",NA,NA,FALSE
"Bone mineral density variability",NA,NA,FALSE
"Bone stiffness index",NA,NA,FALSE
"Brain morphology (MOSTest)",NA,NA,FALSE
"Brain morphology (min-P)",NA,NA,FALSE
"Brain region volumes",NA,NA,FALSE
"Brain shape (segment 122)",NA,NA,FALSE
"Brain shape (segment 144)",NA,NA,FALSE
"Brain shape (segment 204)",NA,NA,FALSE
"Brain shape (segment 31)",NA,NA,FALSE
"Brain shape (segment 42)",NA,NA,FALSE
"Brain shape (segment 5)",NA,NA,FALSE
"Brain shape (segment 60)",NA,NA,FALSE
"Brain shape (segment 80)",NA,NA,FALSE
"Brain vascular stenosis",NA,NA,FALSE
"Bread consumption (slices per week) (UKB data field 1438)",NA,NA,FALSE
"Bread intake (UKB data field 1438)",NA,NA,FALSE
"Bread type: White vs wholemeal/wholegrain and brown (UKB data field 1448)",NA,NA,FALSE
"Bread type: Wholemeal/wholegrain vs white and brown (UKB data field 1448)",NA,NA,FALSE
"Breakfast cereal skipping frequency",NA,NA,FALSE
"Breakfast skipping",NA,NA,FALSE
"Breast cancer",NA,NA,FALSE
"Breast cancer (estrogen-receptor negative)",NA,NA,FALSE
"Breast cancer anti-estrogen resistance protein 3 levels",NA,NA,FALSE
"Breast cancer or lung cancer (pleiotropy)",NA,NA,FALSE
"Breast cancer or ovarian cancer (pleiotropy)",NA,NA,FALSE
"Breast cancer or prostate cancer",NA,NA,FALSE
"Breast cancer, ovarian cancer or prostate cancer (pleiotropy)",NA,NA,FALSE
"Breast dense area",NA,NA,FALSE
"Breast disorder NOS (PheCode 613.9)",NA,NA,FALSE
"Breast milk fatty acid composition (maternal genotype effect)",NA,NA,FALSE
"Brevican core protein level in Chronic kidney disease with hypertension and no diabetes (3461_58)",NA,NA,FALSE
"Brevican core protein levels",NA,NA,FALSE
"Brevican core protein levels (BCAN.3461.58.1)",NA,NA,FALSE
"Broad bean liking",NA,NA,FALSE
"Brown vs. black hair color",NA,NA,FALSE
"Butyrobetaine levels",NA,NA,FALSE
"Butyrophilin subfamily 2 member A1 levels",NA,NA,FALSE
"Butyrophilin subfamily 2 member A2 levels",NA,NA,FALSE
"Butyrophilin subfamily 3 member A2 level in Chronic kidney disease with hypertension and no diabetes (21433_3)",NA,NA,FALSE
"Butyrophilin subfamily 3 member A2 levels",NA,NA,FALSE
"Butyrophilin subfamily 3 member A3 (analyte X17692.2) levels",NA,NA,FALSE
"Butyrophilin subfamily 3 member A3 (analyte X22950.6) levels",NA,NA,FALSE
"Butyrophilin subfamily 3 member A3 level in Chronic kidney disease with hypertension and no diabetes (17692_2)",NA,NA,FALSE
"Butyrophilin subfamily 3 member A3 level in Chronic kidney disease with hypertension and no diabetes (22950_6)",NA,NA,FALSE
"Butyrophilin subfamily 3 member A3 levels",NA,NA,FALSE
"C-C motif chemokine 19 levels (CCL19.4922.13.1)",NA,NA,FALSE
"C-C motif chemokine 20 levels",NA,NA,FALSE
"C-C motif chemokine 22 levels",NA,NA,FALSE
"C-reactive protein",NA,NA,FALSE
"C-reactive protein and white blood cell count",NA,NA,FALSE
"C-reactive protein levels",NA,NA,FALSE
"C-reactive protein levels (MTAG)",NA,NA,FALSE
"C-reactive protein levels (UKB data field 30710)",NA,NA,FALSE
"C-reactive protein levels or triglyceride levels (pleiotropy)",NA,NA,FALSE
"C1QA protein levels",NA,NA,FALSE
"C1QTNF1 protein levels",NA,NA,FALSE
"C1QTNF1/COL18A1 protein level ratio",NA,NA,FALSE
"C1QTNF1/COL4A1 protein level ratio",NA,NA,FALSE
"C1RL protein level (protein group normalized intensity)",NA,NA,FALSE
"C1RL protein levels",NA,NA,FALSE
"C1S protein levels",NA,NA,FALSE
"C2 protein levels",NA,NA,FALSE
"C2ORF69 protein levels",NA,NA,FALSE
"C4A protein levels",NA,NA,FALSE
"C4a anaphylatoxin levels",NA,NA,FALSE
"CA1/CA2 protein level ratio",NA,NA,FALSE
"CA1/CA3 protein level ratio",NA,NA,FALSE
"CA1/HMBS protein level ratio",NA,NA,FALSE
"CA1/TGM2 protein level ratio",NA,NA,FALSE
"CA13/PPIB protein level ratio",NA,NA,FALSE
"CA14 protein levels",NA,NA,FALSE
"CA3 protein levels",NA,NA,FALSE
"CA3/HMBS protein level ratio",NA,NA,FALSE
"CA4 protein levels",NA,NA,FALSE
"CA9 protein levels",NA,NA,FALSE
"CAG-269 sp001916065 abundance in stool",NA,NA,FALSE
"CAG-448 sp000433415 abundance in stool",NA,NA,FALSE
"CAG-81 sp000435795 abundance in stool",NA,NA,FALSE
"CALB1 protein levels",NA,NA,FALSE
"CALCA protein levels",NA,NA,FALSE
"CALCOCO1/ERBIN protein level ratio",NA,NA,FALSE
"CALCOCO1/IKBKG protein level ratio",NA,NA,FALSE
"CALCOCO1/INPPL1 protein level ratio",NA,NA,FALSE
"CALCOCO1/VPS53 protein level ratio",NA,NA,FALSE
"CALCOCO2 protein levels",NA,NA,FALSE
"CAMSIS occupational score",NA,NA,FALSE
"CAMSIS occupational score (MTAG)",NA,NA,FALSE
"CAPN1 protein levels",NA,NA,FALSE
"CAPNS1 protein levels",NA,NA,FALSE
"CAPS protein levels",NA,NA,FALSE
"CASP2/NUB1 protein level ratio",NA,NA,FALSE
"CBLIF protein levels",NA,NA,FALSE
"CC2D1A/TBCC protein level ratio",NA,NA,FALSE
"CCER2 protein levels",NA,NA,FALSE
"CCL11 levels",NA,NA,FALSE
"CCL11 protein levels",NA,NA,FALSE
"CCL13/CCL8 protein level ratio",NA,NA,FALSE
"CCL17 protein levels",NA,NA,FALSE
"CCL17/CCL5 protein level ratio",NA,NA,FALSE
"CCL17/CD69 protein level ratio",NA,NA,FALSE
"CCL18 protein levels",NA,NA,FALSE
"CCL2 protein levels",NA,NA,FALSE
"CCL20 protein levels",NA,NA,FALSE
"CCL24 protein levels",NA,NA,FALSE
"CCL25 protein levels",NA,NA,FALSE
"CCL28 protein levels",NA,NA,FALSE
"CCL4 protein levels",NA,NA,FALSE
"CCL5/CXCL3 protein level ratio",NA,NA,FALSE
"CCL5/SERPINE1 protein level ratio",NA,NA,FALSE
"CCL8 protein levels",NA,NA,FALSE
"CCN2/EDAR protein level ratio",NA,NA,FALSE
"CCN2/HBEGF protein level ratio",NA,NA,FALSE
"CCN2/MGLL protein level ratio",NA,NA,FALSE
"CCN4 protein levels",NA,NA,FALSE
"CCN5 protein levels",NA,NA,FALSE
"CD160 protein levels",NA,NA,FALSE
"CD160/IL15 protein level ratio",NA,NA,FALSE
"CD160/KIR2DL3 protein level ratio",NA,NA,FALSE
"CD164/SIAE protein level ratio",NA,NA,FALSE
"CD19 on naive-mature B cell",NA,NA,FALSE
"CD1C protein levels",NA,NA,FALSE
"CD20 on CD24+ CD27+ B cell",NA,NA,FALSE
"CD20 on IgD+ CD24+ B cell",NA,NA,FALSE
"CD20 on memory B cell",NA,NA,FALSE
"CD20 on unswitched memory B cell",NA,NA,FALSE
"CD207 protein levels",NA,NA,FALSE
"CD209 protein levels",NA,NA,FALSE
"CD22 protein levels",NA,NA,FALSE
"CD24 on IgD+ CD24+ B cell",NA,NA,FALSE
"CD24 on memory B cell",NA,NA,FALSE
"CD27 protein levels",NA,NA,FALSE
"CD276 protein levels",NA,NA,FALSE
"CD28- CD8+ T cell %CD8+ T cell",NA,NA,FALSE
"CD3 on naive CD8+ T cell",NA,NA,FALSE
"CD300LF protein levels",NA,NA,FALSE
"CD300LG protein levels",NA,NA,FALSE
"CD300LG/CLEC14A protein level ratio",NA,NA,FALSE
"CD33dim HLA DR+ CD11b- Absolute Count",NA,NA,FALSE
"CD34 on Hematopoietic Stem Cell",NA,NA,FALSE
"CD34 protein levels",NA,NA,FALSE
"CD38 on transitional B cell",NA,NA,FALSE
"CD4 on CD39+ activated CD4 regulatory T cell",NA,NA,FALSE
"CD4 on HLA DR+ CD4+ T cell",NA,NA,FALSE
"CD4 on activated CD4 regulatory T cell",NA,NA,FALSE
"CD4 protein levels",NA,NA,FALSE
"CD4+ T cell-associated HIV-1 DNA levels in long-term suppressive antiretroviral treated HIV-1 (adjusted for cell-associated HIV-1 RNA)",NA,NA,FALSE
"CD40/VSIR protein level ratio",NA,NA,FALSE
"CD40LG/SERPINE1 protein level ratio",NA,NA,FALSE
"CD46 protein levels",NA,NA,FALSE
"CD46/NECTIN2 protein level ratio",NA,NA,FALSE
"CD46/SIAE protein level ratio",NA,NA,FALSE
"CD46/TIMP1 protein level ratio",NA,NA,FALSE
"CD46/TNFRSF14 protein level ratio",NA,NA,FALSE
"CD48/CRTAM protein level ratio",NA,NA,FALSE
"CD48/FCRL6 protein level ratio",NA,NA,FALSE
"CD4:CD8 lymphocyte ratio",NA,NA,FALSE
"CD55 protein levels",NA,NA,FALSE
"CD63/EDAR protein level ratio",NA,NA,FALSE
"CD69/DNAJA2 protein level ratio",NA,NA,FALSE
"CD69/F2R protein level ratio",NA,NA,FALSE
"CD69/PLXNA4 protein level ratio",NA,NA,FALSE
"CD69/PLXNB3 protein level ratio",NA,NA,FALSE
"CD69/PPP1R2 protein level ratio",NA,NA,FALSE
"CD69/TIA1 protein level ratio",NA,NA,FALSE
"CD69/TXNDC5 protein level ratio",NA,NA,FALSE
"CD7 protein levels",NA,NA,FALSE
"CD72 protein levels",NA,NA,FALSE
"CD74 protein levels",NA,NA,FALSE
"CD79B/FCRL2 protein level ratio",NA,NA,FALSE
"CD79B/TNFRSF13B protein level ratio",NA,NA,FALSE
"CD79B/TNFRSF4 protein level ratio",NA,NA,FALSE
"CD8 on CD28+ CD45RA+ CD8+ T cell",NA,NA,FALSE
"CD8 on Central Memory CD8+ T cell",NA,NA,FALSE
"CD8 on naive CD8+ T cell",NA,NA,FALSE
"CD8-positive T-lymphocyte count",NA,NA,FALSE
"CD83/HAVCR2 protein level ratio",NA,NA,FALSE
"CD84 protein levels",NA,NA,FALSE
"CD84/DAG1 protein level ratio",NA,NA,FALSE
"CD84/F2R protein level ratio",NA,NA,FALSE
"CD84/GP1BA protein level ratio",NA,NA,FALSE
"CD8A protein levels",NA,NA,FALSE
"CD93/CLEC14A protein level ratio",NA,NA,FALSE
"CDH1 protein levels",NA,NA,FALSE
"CDH17 protein levels",NA,NA,FALSE
"CDH2 protein levels",NA,NA,FALSE
"CDH3 protein levels",NA,NA,FALSE
"CDHR5 protein levels",NA,NA,FALSE
"CDKN1A/CDKN2D protein level ratio",NA,NA,FALSE
"CDKN1A/PLA2G4A protein level ratio",NA,NA,FALSE
"CDKN1A/TBC1D23 protein level ratio",NA,NA,FALSE
"CDSN protein levels",NA,NA,FALSE
"CDSN/KLK8 protein level ratio",NA,NA,FALSE
"CDSN/LY6D protein level ratio",NA,NA,FALSE
"CDSN/NECTIN4 protein level ratio",NA,NA,FALSE
"CEACAM5 protein levels",NA,NA,FALSE
"CEACAM6 protein levels",NA,NA,FALSE
"CEACAM8 protein levels",NA,NA,FALSE
"CEACAM8/MMP9 protein level ratio",NA,NA,FALSE
"CELA2A protein levels",NA,NA,FALSE
"CFTR mutation F508del heterozygosity in cystic fibrosis",NA,NA,FALSE
"CGREF1 protein levels",NA,NA,FALSE
"CHL1 protein levels",NA,NA,FALSE
"CHMP1A/HPCAL1 protein level ratio",NA,NA,FALSE
"CHMP1A/PTPN6 protein level ratio",NA,NA,FALSE
"CHMP1A/VASH1 protein level ratio",NA,NA,FALSE
"CKB protein levels",NA,NA,FALSE
"CLEC11A protein levels",NA,NA,FALSE
"CLEC14A protein levels",NA,NA,FALSE
"CLEC14A/EPHB4 protein level ratio",NA,NA,FALSE
"CLEC14A/PIK3IP1 protein level ratio",NA,NA,FALSE
"CLEC14A/TNFRSF21 protein level ratio",NA,NA,FALSE
"CLEC1B/F11R protein level ratio",NA,NA,FALSE
"CLEC1B/HEXIM1 protein level ratio",NA,NA,FALSE
"CLEC1B/MGLL protein level ratio",NA,NA,FALSE
"CLEC1B/MPIG6B protein level ratio",NA,NA,FALSE
"CLEC1B/PLXNA4 protein level ratio",NA,NA,FALSE
"CLEC1B/PPP1R2 protein level ratio",NA,NA,FALSE
"CLEC1B/RWDD1 protein level ratio",NA,NA,FALSE
"CLEC1B/SNAP29 protein level ratio",NA,NA,FALSE
"CLEC1B/TXNDC5 protein level ratio",NA,NA,FALSE
"CLEC4D/OSM protein level ratio",NA,NA,FALSE
"CLEC5A protein levels",NA,NA,FALSE
"CLO75 induced IL17 level without BCG vaccination",NA,NA,FALSE
"CLPS protein levels",NA,NA,FALSE
"CNDP1 protein levels",NA,NA,FALSE
"CNPY4/INPP1 protein level ratio",NA,NA,FALSE
"CNPY4/KIFBP protein level ratio",NA,NA,FALSE
"CNPY4/SIRT2 protein level ratio",NA,NA,FALSE
"CNPY4/TBC1D23 protein level ratio",NA,NA,FALSE
"CNTN1 protein levels",NA,NA,FALSE
"CNTN1/EGFR protein level ratio",NA,NA,FALSE
"CNTN2 protein levels",NA,NA,FALSE
"CNTN4 protein levels",NA,NA,FALSE
"COCH protein levels",NA,NA,FALSE
"COL18A1 protein levels",NA,NA,FALSE
"COL2A1 protein levels",NA,NA,FALSE
"COL4A1 protein levels",NA,NA,FALSE
"COL5A1 protein levels",NA,NA,FALSE
"COMM domain-containing protein 7 levels",NA,NA,FALSE
"COMP protein levels",NA,NA,FALSE
"COMP/DPP4 protein level ratio",NA,NA,FALSE
"COMP/ITGAV protein level ratio",NA,NA,FALSE
"COMT protein levels",NA,NA,FALSE
"CORO1A protein levels",NA,NA,FALSE
"CORO1A/SNX9 protein level ratio",NA,NA,FALSE
"COVID-19 (critical illness vs population)",NA,NA,FALSE
"COVID-19 (hospitalized covid vs population)",NA,NA,FALSE
"COVID-19 (hospitalized vs population)",NA,NA,FALSE
"COVID-19 BNT162b1 vaccine 1st dose adverse event (peripheral coolness (cold of hands and feet))",NA,NA,FALSE
"COVID-19 hospitalization or rheumatoid arthritis (MTAG)",NA,NA,FALSE
"COVID-19 hospitalization or systemic lupus erythematosus (MTAG)",NA,NA,FALSE
"COVID-19 infection or rheumatoid arthritis (MTAG)",NA,NA,FALSE
"COVID-19 infection or systemic lupus erythematosus (MTAG)",NA,NA,FALSE
"COVID-19 related pneumonia",NA,NA,FALSE
"COVID-19 severity",NA,NA,FALSE
"COVID-19 vaccination",NA,NA,FALSE
"CPA1 protein levels",NA,NA,FALSE
"CPM protein levels",NA,NA,FALSE
"CPOX protein levels",NA,NA,FALSE
"CPQ protein levels",NA,NA,FALSE
"CPVL protein levels",NA,NA,FALSE
"CPXM1 protein levels",NA,NA,FALSE
"CPXM1/DKK1 protein level ratio",NA,NA,FALSE
"CPXM1/HBEGF protein level ratio",NA,NA,FALSE
"CPXM1/VEGFC protein level ratio",NA,NA,FALSE
"CR1 protein levels",NA,NA,FALSE
"CR2 protein levels",NA,NA,FALSE
"CRACR2A protein levels",NA,NA,FALSE
"CRADD/EDAR protein level ratio",NA,NA,FALSE
"CRADD/TBCC protein level ratio",NA,NA,FALSE
"CREG1 protein levels",NA,NA,FALSE
"CRELD1 protein levels",NA,NA,FALSE
"CRELD2/F2R protein level ratio",NA,NA,FALSE
"CRH protein levels",NA,NA,FALSE
"CRHBP protein levels",NA,NA,FALSE
"CRISP2 protein levels",NA,NA,FALSE
"CRKL/MGLL protein level ratio",NA,NA,FALSE
"CRTAM/ICAM3 protein level ratio",NA,NA,FALSE
"CRTAM/PDCD1 protein level ratio",NA,NA,FALSE
"CRYBB2 protein levels",NA,NA,FALSE
"CSF3 protein levels",NA,NA,FALSE
"CST5 protein levels",NA,NA,FALSE
"CST6 protein levels",NA,NA,FALSE
"CST7 protein levels",NA,NA,FALSE
"CTRB1 protein levels",NA,NA,FALSE
"CTRB1/PLA2G1B protein level ratio",NA,NA,FALSE
"CTSB protein levels",NA,NA,FALSE
"CTSC protein levels",NA,NA,FALSE
"CTSE protein levels",NA,NA,FALSE
"CTSH protein levels",NA,NA,FALSE
"CTSL protein levels",NA,NA,FALSE
"CTSO protein levels",NA,NA,FALSE
"CTSO/IGF2R protein level ratio",NA,NA,FALSE
"CTSS protein levels",NA,NA,FALSE
"CTSZ protein levels",NA,NA,FALSE
"CX3CL1 levels",NA,NA,FALSE
"CX3CL1/EPHB6 protein level ratio",NA,NA,FALSE
"CXCL10 levels",NA,NA,FALSE
"CXCL12 protein levels",NA,NA,FALSE
"CXCL3/MGLL protein level ratio",NA,NA,FALSE
"CXCL8 protein levels",NA,NA,FALSE
"Cachexia (PheCode 260.1)",NA,NA,FALSE
"Cadherin-12:Cytoplasmic domain levels",NA,NA,FALSE
"Cadherin-12:Extracellular domain levels",NA,NA,FALSE
"Cadherin-related family member 5 levels",NA,NA,FALSE
"Caffeine consumption from coffee",NA,NA,FALSE
"Caffeine consumption from coffee or tea",NA,NA,FALSE
"Caffeine consumption from tea",NA,NA,FALSE
"Cake icing liking",NA,NA,FALSE
"Calcific aortic valve stenosis",NA,NA,FALSE
"Calcium (maximum, inv-norm transformed)",NA,NA,FALSE
"Calcium (mean, inv-norm transformed)",NA,NA,FALSE
"Calcium (minimum, inv-norm transformed)",NA,NA,FALSE
"Calcium levels",NA,NA,FALSE
"Calcium levels (UKB data field 30680)",NA,NA,FALSE
"Calcium-binding and coiled-coil domain-containing protein 2 levels",NA,NA,FALSE
"Calpain I levels",NA,NA,FALSE
"Calpain small subunit 1 levels",NA,NA,FALSE
"Calponin-1 levels",NA,NA,FALSE
"Cancer",NA,NA,FALSE
"Cancer (pleiotropy)",NA,NA,FALSE
"Cancer (standard GWA)",NA,NA,FALSE
"Cancer code, self-reported: breast cancer (UKB data field 20001_1002)",NA,NA,FALSE
"Cancer of liver and intrahepatic bile duct (PheCode 155)",NA,NA,FALSE
"Cancer of major salivary glands (PheCode 145.3)",NA,NA,FALSE
"Cancer of prostate (PheCode 185)",NA,NA,FALSE
"Capecitabine sensitivity",NA,NA,FALSE
"Carbohydrate sulfotransferase 9 levels",NA,NA,FALSE
"Carbohydrate sulfotransferase 9 levels (CHST9.11646.4.3)",NA,NA,FALSE
"Carbonic anhydrase 5B, mitochondrial levels",NA,NA,FALSE
"Carbonic anhydrase 9 levels",NA,NA,FALSE
"Cardiac dysrhythmias (PheCode 427)",NA,NA,FALSE
"Cardio-cerebrovascular disease in dyslipidemia",NA,NA,FALSE
"Cardioembolic stroke (CCS or TOAST classification)",NA,NA,FALSE
"Cardioembolic stroke (CCSc classification)",NA,NA,FALSE
"Cardioembolic stroke (CCSp classification)",NA,NA,FALSE
"Cardioembolic stroke (MTAG)",NA,NA,FALSE
"Cardioembolic stroke (TOAST classification)",NA,NA,FALSE
"Cardiometabolic and hematological traits",NA,NA,FALSE
"Cardiorespiratory fitness",NA,NA,FALSE
"Cardiorespiratory fitness (vo2 max)",NA,NA,FALSE
"Cardiovascular disease",NA,NA,FALSE
"Carotid intima media thickness",NA,NA,FALSE
"Carotid intima media thickness (maximum)",NA,NA,FALSE
"Carotid intima media thickness (mean)",NA,NA,FALSE
"Carotid intima media thickness (mean-maximum)",NA,NA,FALSE
"Carotid intima media thickness (minimum)",NA,NA,FALSE
"Carotid intima-media thickness (MTAG)",NA,NA,FALSE
"Cartilage oligomeric matrix protein levels",NA,NA,FALSE
"Cataracts",NA,NA,FALSE
"Cataracts (operation)",NA,NA,FALSE
"Cathepsin D levels",NA,NA,FALSE
"Cathepsin H (analyte X8465.52) levels",NA,NA,FALSE
"Cathepsin H (analyte X8644.46) levels",NA,NA,FALSE
"Cathepsin H level in Chronic kidney disease with hypertension and no diabetes (8465_52)",NA,NA,FALSE
"Cathepsin H level in Chronic kidney disease with hypertension and no diabetes (8644_46)",NA,NA,FALSE
"Cathepsin H levels",NA,NA,FALSE
"Cathepsin H levels (CTSH.8465.52.3)",NA,NA,FALSE
"Caudate iron levels (R2* MRI)",NA,NA,FALSE
"Caudate iron levels (quantitative susceptibility mapping)",NA,NA,FALSE
"Caudate nucleus volume",NA,NA,FALSE
"Celiac disease",NA,NA,FALSE
"Celiac disease (PheCode 557.1)",NA,NA,FALSE
"Cellular retinoic acid-binding protein 2 levels",NA,NA,FALSE
"Cellulitis and abscess of oral soft tissues (PheCode 528.3)",NA,NA,FALSE
"Central corneal thickness",NA,NA,FALSE
"Central corneal thickness (MTAG)",NA,NA,FALSE
"Central serous chorioretinopathy",NA,NA,FALSE
"Ceramide (d16:1/22:0) levels",NA,NA,FALSE
"Ceramide (d18:0/12:0) levels",NA,NA,FALSE
"Ceramide (d40:1) levels",NA,NA,FALSE
"Ceramide (d42:1) levels",NA,NA,FALSE
"Cereal consumption (bowls per week) (UKB data field 1458)",NA,NA,FALSE
"Cereal type: Muesli (UKB data field 1468_4)",NA,NA,FALSE
"Cerebellar grey matter morphology (MOSTest)",NA,NA,FALSE
"Cerebrospinal AB1-42 levels in normal cognition",NA,NA,FALSE
"Cerebrospinal fluid deoxycarnitine levels",NA,NA,FALSE
"Cerebrospinal fluid glutarylcarnitine (C5-DC) levels",NA,NA,FALSE
"Cerebrospinal fluid sTREM-2 levels",NA,NA,FALSE
"Cerebrospinal fluid soluble TREM2 levels",NA,NA,FALSE
"Certain early complications of trauma or procedure (PheCode 958)",NA,NA,FALSE
"Cervical cancer",NA,NA,FALSE
"Cervical cancer (MTAG)",NA,NA,FALSE
"Cervical high-risk human papilloma virus infection (persistent)",NA,NA,FALSE
"Cervical intraepithelial neoplasia grade 3 and invasive cervical cancer",NA,NA,FALSE
"Cetobacterium A abundance in stool",NA,NA,FALSE
"Change in intraocular pressure in response to steroid treatment (triamcinolone acetonide)",NA,NA,FALSE
"Cheese consumption",NA,NA,FALSE
"Chemotherapy induced time to first peripheral neuropathy in cancer",NA,NA,FALSE
"Childhood body mass index",NA,NA,FALSE
"Childhood ear infection",NA,NA,FALSE
"Childhood steroid-sensitive nephrotic syndrome",NA,NA,FALSE
"Chin dimples",NA,NA,FALSE
"Cholesterol esters in IDL",NA,NA,FALSE
"Cholesterol esters in large HDL",NA,NA,FALSE
"Cholesterol esters in large LDL",NA,NA,FALSE
"Cholesterol esters in medium LDL",NA,NA,FALSE
"Cholesterol esters in medium VLDL",NA,NA,FALSE
"Cholesterol esters in small HDL",NA,NA,FALSE
"Cholesterol esters in small LDL",NA,NA,FALSE
"Cholesterol esters in small VLDL",NA,NA,FALSE
"Cholesterol esters in very large HDL",NA,NA,FALSE
"Cholesterol esters in very small VLDL",NA,NA,FALSE
"Cholesterol in IDL",NA,NA,FALSE
"Cholesterol in IDL (UKB data field 23526)",NA,NA,FALSE
"Cholesterol in Large HDL",NA,NA,FALSE
"Cholesterol in Large LDL",NA,NA,FALSE
"Cholesterol in Large VLDL",NA,NA,FALSE
"Cholesterol in Medium HDL",NA,NA,FALSE
"Cholesterol in Medium LDL",NA,NA,FALSE
"Cholesterol in Medium VLDL",NA,NA,FALSE
"Cholesterol in Small HDL",NA,NA,FALSE
"Cholesterol in Small LDL",NA,NA,FALSE
"Cholesterol in Small VLDL",NA,NA,FALSE
"Cholesterol in chylomicrons and extremely large VLDL",NA,NA,FALSE
"Cholesterol in chylomicrons and extremely large VLDL (UKB data field 23484)",NA,NA,FALSE
"Cholesterol in large LDL (UKB data field 23533)",NA,NA,FALSE
"Cholesterol in large VLDL (UKB data field 23498)",NA,NA,FALSE
"Cholesterol in medium LDL (UKB data field 23540)",NA,NA,FALSE
"Cholesterol in medium VLDL (UKB data field 23505)",NA,NA,FALSE
"Cholesterol in small HDL (UKB data field 23575)",NA,NA,FALSE
"Cholesterol in small LDL (UKB data field 23547)",NA,NA,FALSE
"Cholesterol in small VLDL (UKB data field 23512)",NA,NA,FALSE
"Cholesterol in very large HDL",NA,NA,FALSE
"Cholesterol in very large HDL (UKB data field 23554)",NA,NA,FALSE
"Cholesterol in very large VLDL",NA,NA,FALSE
"Cholesterol in very large VLDL (UKB data field 23491)",NA,NA,FALSE
"Cholesterol in very small VLDL",NA,NA,FALSE
"Cholesterol levels",NA,NA,FALSE
"Cholesterol levels (UKB data field 30690)",NA,NA,FALSE
"Cholesterol levels in IDL",NA,NA,FALSE
"Cholesterol levels in chylomicrons and extremely large VLDL",NA,NA,FALSE
"Cholesterol levels in large HDL",NA,NA,FALSE
"Cholesterol levels in large LDL",NA,NA,FALSE
"Cholesterol levels in large VLDL",NA,NA,FALSE
"Cholesterol levels in medium HDL",NA,NA,FALSE
"Cholesterol levels in medium LDL",NA,NA,FALSE
"Cholesterol levels in medium VLDL",NA,NA,FALSE
"Cholesterol levels in small HDL",NA,NA,FALSE
"Cholesterol levels in small LDL",NA,NA,FALSE
"Cholesterol levels in small VLDL",NA,NA,FALSE
"Cholesterol levels in very large HDL",NA,NA,FALSE
"Cholesterol levels in very large VLDL",NA,NA,FALSE
"Cholesterol levels in very small VLDL",NA,NA,FALSE
"Cholesterol percentage of total lipids in small low-density lipoprotein",NA,NA,FALSE
"Cholesterol to Total Lipids in HDL percentage",NA,NA,FALSE
"Cholesterol to Total Lipids in IDL percentage",NA,NA,FALSE
"Cholesterol to Total Lipids in LDL percentage",NA,NA,FALSE
"Cholesterol to Total Lipids in Large HDL percentage",NA,NA,FALSE
"Cholesterol to Total Lipids in Large LDL percentage",NA,NA,FALSE
"Cholesterol to Total Lipids in Large VLDL percentage",NA,NA,FALSE
"Cholesterol to Total Lipids in Medium HDL percentage",NA,NA,FALSE
"Cholesterol to Total Lipids in Medium LDL percentage",NA,NA,FALSE
"Cholesterol to Total Lipids in Medium VLDL percentage",NA,NA,FALSE
"Cholesterol to Total Lipids in Small HDL percentage",NA,NA,FALSE
"Cholesterol to Total Lipids in Small LDL percentage",NA,NA,FALSE
"Cholesterol to Total Lipids in Small VLDL percentage",NA,NA,FALSE
"Cholesterol to Total Lipids in VLDL percentage",NA,NA,FALSE
"Cholesterol to Total Lipids in Very Large HDL percentage",NA,NA,FALSE
"Cholesterol to Total Lipids in Very Large VLDL percentage",NA,NA,FALSE
"Cholesterol to Total Lipids in Very Small VLDL percentage",NA,NA,FALSE
"Cholesterol to total lipids in IDL percentage (UKB data field 23610)",NA,NA,FALSE
"Cholesterol to total lipids in medium VLDL percentage (UKB data field 23595)",NA,NA,FALSE
"Cholesterol to total lipids in very small VLDL percentage (UKB data field 23605)",NA,NA,FALSE
"Cholesterol to total lipids ratio in IDL",NA,NA,FALSE
"Cholesterol to total lipids ratio in chylomicrons and extremely large VLDL",NA,NA,FALSE
"Cholesterol to total lipids ratio in large HDL",NA,NA,FALSE
"Cholesterol to total lipids ratio in large LDL",NA,NA,FALSE
"Cholesterol to total lipids ratio in medium HDL",NA,NA,FALSE
"Cholesterol to total lipids ratio in medium LDL",NA,NA,FALSE
"Cholesterol to total lipids ratio in medium VLDL",NA,NA,FALSE
"Cholesterol to total lipids ratio in small LDL",NA,NA,FALSE
"Cholesterol to total lipids ratio in small VLDL",NA,NA,FALSE
"Cholesterol to total lipids ratio in very large HDL",NA,NA,FALSE
"Cholesterol to total lipids ratio in very large VLDL",NA,NA,FALSE
"Cholesterol to total lipids ratio in very small VLDL",NA,NA,FALSE
"Cholesterol, total",NA,NA,FALSE
"Cholesteryl Esters in HDL",NA,NA,FALSE
"Cholesteryl Esters in IDL",NA,NA,FALSE
"Cholesteryl Esters in LDL",NA,NA,FALSE
"Cholesteryl Esters in Large HDL",NA,NA,FALSE
"Cholesteryl Esters in Large LDL",NA,NA,FALSE
"Cholesteryl Esters in Large VLDL",NA,NA,FALSE
"Cholesteryl Esters in Medium HDL",NA,NA,FALSE
"Cholesteryl Esters in Medium LDL",NA,NA,FALSE
"Cholesteryl Esters in Medium VLDL",NA,NA,FALSE
"Cholesteryl Esters in Small HDL",NA,NA,FALSE
"Cholesteryl Esters in Small LDL",NA,NA,FALSE
"Cholesteryl Esters in Small VLDL",NA,NA,FALSE
"Cholesteryl Esters in VLDL",NA,NA,FALSE
"Cholesteryl Esters in chylomicrons and extremely large VLDL",NA,NA,FALSE
"Cholesteryl Esters in very large HDL",NA,NA,FALSE
"Cholesteryl Esters in very small VLDL",NA,NA,FALSE
"Cholesteryl Esters to Cholesterol in HDL percentage",NA,NA,FALSE
"Cholesteryl Esters to Cholesterol in LDL percentage",NA,NA,FALSE
"Cholesteryl Esters to Cholesterol in Large LDL percentage",NA,NA,FALSE
"Cholesteryl Esters to Cholesterol in Large VLDL percentage",NA,NA,FALSE
"Cholesteryl Esters to Cholesterol in Medium HDL percentage",NA,NA,FALSE
"Cholesteryl Esters to Cholesterol in Medium LDL percentage",NA,NA,FALSE
"Cholesteryl Esters to Cholesterol in Medium VLDL percentage",NA,NA,FALSE
"Cholesteryl Esters to Cholesterol in Small VLDL percentage",NA,NA,FALSE
"Cholesteryl Esters to Cholesterol in VLDL percentage",NA,NA,FALSE
"Cholesteryl Esters to Cholesterol in Very Small VLDL percentage",NA,NA,FALSE
"Cholesteryl Esters to Total Lipids in HDL percentage",NA,NA,FALSE
"Cholesteryl Esters to Total Lipids in IDL percentage",NA,NA,FALSE
"Cholesteryl Esters to Total Lipids in LDL percentage",NA,NA,FALSE
"Cholesteryl Esters to Total Lipids in Large HDL percentage",NA,NA,FALSE
"Cholesteryl Esters to Total Lipids in Large LDL percentage",NA,NA,FALSE
"Cholesteryl Esters to Total Lipids in Large VLDL percentage",NA,NA,FALSE
"Cholesteryl Esters to Total Lipids in Medium HDL percentage",NA,NA,FALSE
"Cholesteryl Esters to Total Lipids in Medium LDL percentage",NA,NA,FALSE
"Cholesteryl Esters to Total Lipids in Medium VLDL percentage",NA,NA,FALSE
"Cholesteryl Esters to Total Lipids in Small HDL percentage",NA,NA,FALSE
"Cholesteryl Esters to Total Lipids in Small LDL percentage",NA,NA,FALSE
"Cholesteryl Esters to Total Lipids in Small VLDL percentage",NA,NA,FALSE
"Cholesteryl Esters to Total Lipids in VLDL percentage",NA,NA,FALSE
"Cholesteryl Esters to Total Lipids in Very Large HDL percentage",NA,NA,FALSE
"Cholesteryl Esters to Total Lipids in Very Large VLDL percentage",NA,NA,FALSE
"Cholesteryl Esters to Total Lipids in Very Small VLDL percentage",NA,NA,FALSE
"Cholesteryl ester levels in HDL",NA,NA,FALSE
"Cholesteryl ester levels in IDL",NA,NA,FALSE
"Cholesteryl ester levels in LDL",NA,NA,FALSE
"Cholesteryl ester levels in VLDL",NA,NA,FALSE
"Cholesteryl ester levels in chylomicrons and extremely large VLDL",NA,NA,FALSE
"Cholesteryl ester levels in large HDL",NA,NA,FALSE
"Cholesteryl ester levels in large LDL",NA,NA,FALSE
"Cholesteryl ester levels in large VLDL",NA,NA,FALSE
"Cholesteryl ester levels in medium HDL",NA,NA,FALSE
"Cholesteryl ester levels in medium LDL",NA,NA,FALSE
"Cholesteryl ester levels in medium VLDL",NA,NA,FALSE
"Cholesteryl ester levels in small HDL",NA,NA,FALSE
"Cholesteryl ester levels in small LDL",NA,NA,FALSE
"Cholesteryl ester levels in small VLDL",NA,NA,FALSE
"Cholesteryl ester levels in very large HDL",NA,NA,FALSE
"Cholesteryl ester levels in very large VLDL",NA,NA,FALSE
"Cholesteryl ester levels in very small VLDL",NA,NA,FALSE
"Cholesteryl esters in IDL (UKB data field 23527)",NA,NA,FALSE
"Cholesteryl esters in LDL (UKB data field 23417)",NA,NA,FALSE
"Cholesteryl esters in VLDL (UKB data field 23416)",NA,NA,FALSE
"Cholesteryl esters in chylomicrons and extremely large VLDL (UKB data field 23485)",NA,NA,FALSE
"Cholesteryl esters in large LDL (UKB data field 23534)",NA,NA,FALSE
"Cholesteryl esters in large VLDL (UKB data field 23499)",NA,NA,FALSE
"Cholesteryl esters in medium LDL (UKB data field 23541)",NA,NA,FALSE
"Cholesteryl esters in medium VLDL (UKB data field 23506)",NA,NA,FALSE
"Cholesteryl esters in small HDL (UKB data field 23576)",NA,NA,FALSE
"Cholesteryl esters in small LDL (UKB data field 23548)",NA,NA,FALSE
"Cholesteryl esters in small VLDL (UKB data field 23513)",NA,NA,FALSE
"Cholesteryl esters in very large VLDL",NA,NA,FALSE
"Cholesteryl esters in very large VLDL (UKB data field 23492)",NA,NA,FALSE
"Cholesteryl esters to total lipids in large HDL percentage (UKB data field 23636)",NA,NA,FALSE
"Cholesteryl esters to total lipids in large LDL percentage (UKB data field 23616)",NA,NA,FALSE
"Cholesteryl esters to total lipids in medium LDL percentage (UKB data field 23621)",NA,NA,FALSE
"Cholesteryl esters to total lipids in medium VLDL percentage (UKB data field 23596)",NA,NA,FALSE
"Cholesteryl esters to total lipids in small LDL percentage (UKB data field 23626)",NA,NA,FALSE
"Cholesteryl esters to total lipids in very small VLDL percentage (UKB data field 23606)",NA,NA,FALSE
"Cholesteryl esters to total lipids ratio in IDL",NA,NA,FALSE
"Cholesteryl esters to total lipids ratio in chylomicrons and extremely large VLDL",NA,NA,FALSE
"Cholesteryl esters to total lipids ratio in large HDL",NA,NA,FALSE
"Cholesteryl esters to total lipids ratio in large LDL",NA,NA,FALSE
"Cholesteryl esters to total lipids ratio in medium HDL",NA,NA,FALSE
"Cholesteryl esters to total lipids ratio in medium LDL",NA,NA,FALSE
"Cholesteryl esters to total lipids ratio in medium VLDL",NA,NA,FALSE
"Cholesteryl esters to total lipids ratio in small HDL",NA,NA,FALSE
"Cholesteryl esters to total lipids ratio in small LDL",NA,NA,FALSE
"Cholesteryl esters to total lipids ratio in small VLDL",NA,NA,FALSE
"Cholesteryl esters to total lipids ratio in very large VLDL",NA,NA,FALSE
"Cholesteryl esters to total lipids ratio in very small VLDL",NA,NA,FALSE
"Chondroadherin levels",NA,NA,FALSE
"Chondromalacia",NA,NA,FALSE
"Chondromalacia (PheCode 733.9)",NA,NA,FALSE
"Chordin-like protein 1 levels",NA,NA,FALSE
"Chronic airway obstruction (PheCode 496)",NA,NA,FALSE
"Chronic bronchitis or irritable bowel syndrome (MTAG)",NA,NA,FALSE
"Chronic diseases of tonsils or adenoids (MTAG)",NA,NA,FALSE
"Chronic elevation of alanine aminotransferase (cALT) levels",NA,NA,FALSE
"Chronic heart failure",NA,NA,FALSE
"Chronic hepatitis B infection",NA,NA,FALSE
"Chronic inflammatory diseases (ankylosing spondylitis, Crohn's disease, psoriasis, primary sclerosing cholangitis, ulcerative colitis) (pleiotropy)",NA,NA,FALSE
"Chronic kidney disease",NA,NA,FALSE
"Chronic laryngitis (PheCode 473.1)",NA,NA,FALSE
"Chronic liver disease and cirrhosis (PheCode 571)",NA,NA,FALSE
"Chronic lymphocytic leukemia",NA,NA,FALSE
"Chronic mountain sickness",NA,NA,FALSE
"Chronic obstructive pulmonary disease",NA,NA,FALSE
"Chronic obstructive pulmonary disease in never smokers",NA,NA,FALSE
"Chronic obstructive pulmonary disease in non-current smokers",NA,NA,FALSE
"Chronic obstructive pulmonary disease liability (machine learning-based score)",NA,NA,FALSE
"Chronic obstructive pulmonary disease or colon polyp (MTAG)",NA,NA,FALSE
"Chronic obstructive pulmonary disease or diverticular disease (MTAG)",NA,NA,FALSE
"Chronic obstructive pulmonary disease or gastroesophageal reflux disease (MTAG)",NA,NA,FALSE
"Chronic obstructive pulmonary disease or irritable bowel syndrome (MTAG)",NA,NA,FALSE
"Chronic obstructive pulmonary disease or resting heart rate (pleiotropy)",NA,NA,FALSE
"Chronic obstructive pulmonary disease x current smoker interaction (2df)",NA,NA,FALSE
"Chronic obstructive pulmonary disease x current smoker interaction (main effect)",NA,NA,FALSE
"Chronic obstructive pulmonary disease x ever smoker interaction (2df)",NA,NA,FALSE
"Chronic obstructive pulmonary disease x ever smoker interaction (main effect)",NA,NA,FALSE
"Chronic obstructive pulmonary disease-related biomarkers",NA,NA,FALSE
"Chronotype and breast cancer",NA,NA,FALSE
"Chymotrypsinogen B2 levels",NA,NA,FALSE
"Cigarette consumption x hours spent using computers interaction",NA,NA,FALSE
"Cigarette consumption x hours spent watching television interaction",NA,NA,FALSE
"Cigarettes smoked per day",NA,NA,FALSE
"Cigarettes smoked per day (MTAG)",NA,NA,FALSE
"Circulating docosahexaenoic acid levels",NA,NA,FALSE
"Circulating plasma alpha-Klotho levels",NA,NA,FALSE
"Cirrhosis",NA,NA,FALSE
"Cirrhosis (alcohol related)",NA,NA,FALSE
"Citrate levels",NA,NA,FALSE
"Citrulline levels",NA,NA,FALSE
"Classic bladder exstrophy",NA,NA,FALSE
"Clathrin interactor 1 levels",NA,NA,FALSE
"Clear cell renal cell carcinoma",NA,NA,FALSE
"Cleft lip (with or without cleft palate) or cleft palate",NA,NA,FALSE
"Cleft lip with or without cleft palate",NA,NA,FALSE
"Clinical LDL cholesterol levels",NA,NA,FALSE
"Clinical LDL cholesterol levels (UKB data field 23404)",NA,NA,FALSE
"Clonal hematopoiesis (mutational barcode method)",NA,NA,FALSE
"Clopidogrel active metabolite levels",NA,NA,FALSE
"Coagulation Factor V levels",NA,NA,FALSE
"Cochlin levels",NA,NA,FALSE
"Coeliac disease",NA,NA,FALSE
"Coenzyme Q10 levels",NA,NA,FALSE
"Coffee consumption",NA,NA,FALSE
"Coffee consumption (cups per day)",NA,NA,FALSE
"Coffee intake (standard GWA)",NA,NA,FALSE
"Coffee type: Decaffeinated coffee (any type) (UKB data field 1508_1)",NA,NA,FALSE
"Cognitive ability (MTAG)",NA,NA,FALSE
"Cognitive aspects of educational attainment",NA,NA,FALSE
"Cognitive performance",NA,NA,FALSE
"Cognitive processing speed",NA,NA,FALSE
"Cold sores",NA,NA,FALSE
"Collagen type IV alpha-3-binding protein levels",NA,NA,FALSE
"Color vision defects (Tritan)",NA,NA,FALSE
"Colorectal cancer",NA,NA,FALSE
"Colorectal cancer (age of onset)",NA,NA,FALSE
"Colorectal cancer x smoking status interaction (3df)",NA,NA,FALSE
"Comfortable retirement (confirmatory factor analysis Factor 29)",NA,NA,FALSE
"Complement C1q subcomponent levels",NA,NA,FALSE
"Complement C1q tumor necrosis factor-related protein 1 levels",NA,NA,FALSE
"Complement C1q tumor necrosis factor-related protein 5 levels",NA,NA,FALSE
"Complement C1r subcomponent-like protein levels",NA,NA,FALSE
"Complement C3 and C4 levels",NA,NA,FALSE
"Complement C4 levels",NA,NA,FALSE
"Complement C4b levels",NA,NA,FALSE
"Complement factor D protein levels (SomaScan ID:8465-52)",NA,NA,FALSE
"Completion of the aide-memoire",NA,NA,FALSE
"Complex multiple long-term conditions",NA,NA,FALSE
"Complex ventricular septal defect",NA,NA,FALSE
"Complication due to other implant and internal device (PheCode 859)",NA,NA,FALSE
"Complication of internal orthopedic device (PheCode 858)",NA,NA,FALSE
"Concentration of HDL particles",NA,NA,FALSE
"Concentration of IDL particles",NA,NA,FALSE
"Concentration of IDL particles (UKB data field 23523)",NA,NA,FALSE
"Concentration of LDL particles",NA,NA,FALSE
"Concentration of LDL particles (UKB data field 23429)",NA,NA,FALSE
"Concentration of VLDL particles",NA,NA,FALSE
"Concentration of VLDL particles (UKB data field 23428)",NA,NA,FALSE
"Concentration of apixaban (at 12h)",NA,NA,FALSE
"Concentration of chylomicrons and extremely large VLDL particles",NA,NA,FALSE
"Concentration of chylomicrons and extremely large VLDL particles (UKB data field 23481)",NA,NA,FALSE
"Concentration of large HDL particles",NA,NA,FALSE
"Concentration of large LDL particles",NA,NA,FALSE
"Concentration of large VLDL particles",NA,NA,FALSE
"Concentration of large VLDL particles (UKB data field 23495)",NA,NA,FALSE
"Concentration of medium HDL particles",NA,NA,FALSE
"Concentration of medium LDL particles",NA,NA,FALSE
"Concentration of medium LDL particles (UKB data field 23537)",NA,NA,FALSE
"Concentration of medium VLDL particles",NA,NA,FALSE
"Concentration of medium VLDL particles (UKB data field 23502)",NA,NA,FALSE
"Concentration of small HDL particles",NA,NA,FALSE
"Concentration of small HDL particles (UKB data field 23572)",NA,NA,FALSE
"Concentration of small LDL particles",NA,NA,FALSE
"Concentration of small LDL particles (UKB data field 23544)",NA,NA,FALSE
"Concentration of small VLDL particles",NA,NA,FALSE
"Concentration of small VLDL particles (UKB data field 23509)",NA,NA,FALSE
"Concentration of very large HDL particles",NA,NA,FALSE
"Concentration of very large VLDL particles",NA,NA,FALSE
"Concentration of very small VLDL particles",NA,NA,FALSE
"Concentration of very small VLDL particles (UKB data field 23516)",NA,NA,FALSE
"Concussion",NA,NA,FALSE
"Conductive hearing loss (PheCode 389.2)",NA,NA,FALSE
"Congenital anomalies of face and neck (PheCode 749)",NA,NA,FALSE
"Congenital anomalies of genital organs (PheCode 751.1)",NA,NA,FALSE
"Congenital anomalies of peripheral vascular system (PheCode 747.2)",NA,NA,FALSE
"Congenital anomalies of the eye (PheCode 753)",NA,NA,FALSE
"Congenital anomalies of the integument (PheCode 757)",NA,NA,FALSE
"Congenital musculoskeletal deformities of spine (PheCode 754)",NA,NA,FALSE
"Contactin-1 levels",NA,NA,FALSE
"Contactin-2 level in Chronic kidney disease with hypertension and no diabetes (3296_92)",NA,NA,FALSE
"Contactin-2 levels",NA,NA,FALSE
"Contactin-2 levels (CNTN2.3296.92.2)",NA,NA,FALSE
"Contactin-4 levels",NA,NA,FALSE
"Contactin-6 level in Chronic kidney disease with hypertension and no diabetes (20561_15)",NA,NA,FALSE
"Contracture of palmar fascia [Dupuytren's disease] (PheCode 728.71)",NA,NA,FALSE
"Conversion from active surveillance to active treatment in prostate cancer",NA,NA,FALSE
"Cooked vegetables consumption",NA,NA,FALSE
"Core binding factor acute myeloid leukemia",NA,NA,FALSE
"Coriander liking",NA,NA,FALSE
"Corneal dystrophy (PheCode 364.5)",NA,NA,FALSE
"Corneal endothelial cell density",NA,NA,FALSE
"Corneal resistance factor",NA,NA,FALSE
"Corneal resistance factor (MTAG)",NA,NA,FALSE
"Coronary artery / coronary heart disease (including heart attack, angina)",NA,NA,FALSE
"Coronary artery disease",NA,NA,FALSE
"Coronary artery disease (MTAG)",NA,NA,FALSE
"Coronary artery disease (myocardial infarction, percutaneous transluminal coronary angioplasty, coronary artery bypass grafting, angina or chromic ischemic heart disease)",NA,NA,FALSE
"Coronary artery disease or factor VII levels (pleiotropy)",NA,NA,FALSE
"Coronary artery disease or factor VIII levels (pleiotropy)",NA,NA,FALSE
"Coronary artery disease or factor XI levels (pleiotropy)",NA,NA,FALSE
"Coronary artery disease or fibrinogen levels (pleiotropy)",NA,NA,FALSE
"Coronary artery disease or plasminogen activator inhibitor 1 levels (pleiotropy)",NA,NA,FALSE
"Coronary artery disease or tissue plasminogen activator levels (pleiotropy)",NA,NA,FALSE
"Coronary artery disease or von Willebrand factor levels (pleiotropy)",NA,NA,FALSE
"Coronary artery plaque burden",NA,NA,FALSE
"Coronary heart disease",NA,NA,FALSE
"Corpus callosum anterior subregion volume",NA,NA,FALSE
"Corpus callosum fractional anisotropy (splenium)",NA,NA,FALSE
"Corpus callosum total area",NA,NA,FALSE
"Corpus callosum volume",NA,NA,FALSE
"Cortical thickness",NA,NA,FALSE
"Corticotropin-releasing factor-binding protein levels",NA,NA,FALSE
"Corticotropin-releasing factor-binding protein levels (CRHBP.6039.24.3)",NA,NA,FALSE
"Cramp of limb (PheCode 771.2)",NA,NA,FALSE
"Cranial base width",NA,NA,FALSE
"Cranial vault shape (segment 1)",NA,NA,FALSE
"Creatine kinase levels",NA,NA,FALSE
"Creatinine levels",NA,NA,FALSE
"Creatinine levels (UKB data field 30700)",NA,NA,FALSE
"Creatinine levels in bottom 99% of individuals by creatinine levels",NA,NA,FALSE
"Crisps liking",NA,NA,FALSE
"Crohn's disease",NA,NA,FALSE
"Crohn's disease (Tractor method with European ancestry)",NA,NA,FALSE
"Crohn's disease or Leprosy (opposite effect)",NA,NA,FALSE
"Crohn's disease or systemic sclerosis",NA,NA,FALSE
"Crohn's disease vs rheumatoid arthritis (ordinary least squares (OLS))",NA,NA,FALSE
"Crohn's disease x sex interaction (2df)",NA,NA,FALSE
"Crohns disease",NA,NA,FALSE
"Cross sectional area of thoracic descending aorta",NA,NA,FALSE
"Cryptic phenotype that captures autosomal dominant polycystic kidney disease severity",NA,NA,FALSE
"Cucumber liking",NA,NA,FALSE
"Current medication use (UKB data field 20003)",NA,NA,FALSE
"Curry liking",NA,NA,FALSE
"Cushing's syndrome (PheCode 255.11)",NA,NA,FALSE
"Cutaneous lupus erythematosus",NA,NA,FALSE
"Cutaneous malignant melanoma",NA,NA,FALSE
"Cutaneous melanoma (MTAG)",NA,NA,FALSE
"Cutaneous melanoma or hair colour",NA,NA,FALSE
"Cutaneous squamous cell carcinoma",NA,NA,FALSE
"Cyclic AMP-responsive element-binding protein 3-like protein 4 levels (CREB3L4.11308.8.3)",NA,NA,FALSE
"Cystatin C levels",NA,NA,FALSE
"Cystatin C levels in bottom 99% of individuals by creatinine levels",NA,NA,FALSE
"Cysteine s-sulfate levels",NA,NA,FALSE
"Cysteine-rich with EGF-like domain protein 1 levels",NA,NA,FALSE
"Cytochrome c levels",NA,NA,FALSE
"Cytochrome c oxidase assembly factor 4 homolog, mitochondrial levels",NA,NA,FALSE
"Cytokine network levels (multivariate analysis)",NA,NA,FALSE
"Cytokine receptor-like factor 1 levels",NA,NA,FALSE
"Cytomegalovirus infection after allogeneic hematopoietic cell transplantation (recipients)",NA,NA,FALSE
"DAB2/FKBP5 protein level ratio",NA,NA,FALSE
"DAB2/GRAP2 protein level ratio",NA,NA,FALSE
"DAB2/NCK2 protein level ratio",NA,NA,FALSE
"DAB2/VASH1 protein level ratio",NA,NA,FALSE
"DAG1 protein levels",NA,NA,FALSE
"DAG1/F2R protein level ratio",NA,NA,FALSE
"DAG1/MGLL protein level ratio",NA,NA,FALSE
"DAG1/SCARF1 protein level ratio",NA,NA,FALSE
"DAPP1/MGLL protein level ratio",NA,NA,FALSE
"DAPP1/SAMD9L protein level ratio",NA,NA,FALSE
"DBI/EDAR protein level ratio",NA,NA,FALSE
"DBI/TMSB10 protein level ratio",NA,NA,FALSE
"DBNL/EDAR protein level ratio",NA,NA,FALSE
"DBNL/HEXIM1 protein level ratio",NA,NA,FALSE
"DCBLD2 protein levels",NA,NA,FALSE
"DCBLD2/PLA2G15 protein level ratio",NA,NA,FALSE
"DCXR/KYNU protein level ratio",NA,NA,FALSE
"DCXR/SORD protein level ratio",NA,NA,FALSE
"DDR1 protein levels",NA,NA,FALSE
"DDX58/SAMD9L protein level ratio",NA,NA,FALSE
"DECR1/PLXNA4 protein level ratio",NA,NA,FALSE
"DJB11 protein level (protein group normalized intensity)",NA,NA,FALSE
"DKK1/MGLL protein level ratio",NA,NA,FALSE
"DKK1/SERPINE1 protein level ratio",NA,NA,FALSE
"DLK1 protein levels",NA,NA,FALSE
"DLL1 protein levels",NA,NA,FALSE
"DLL1/EFEMP1 protein level ratio",NA,NA,FALSE
"DLL1/IL18BP protein level ratio",NA,NA,FALSE
"DNA methylation Hannum age acceleration",NA,NA,FALSE
"DNA methylation variation (age effect)",NA,NA,FALSE
"DNA methylation-estimated granulocyte proportions",NA,NA,FALSE
"DNA methylation-estimated plasminogen activator inhibitor-1 levels",NA,NA,FALSE
"DNA repair protein XRCC1 protein levels (SomaScan ID:4815-25)",NA,NA,FALSE
"DNA-(apurinic or apyrimidinic site) lyase levels",NA,NA,FALSE
"DNAJA2/PLXNA4 protein level ratio",NA,NA,FALSE
"DNAJB1 protein levels",NA,NA,FALSE
"DNER protein levels",NA,NA,FALSE
"DNMBP protein levels",NA,NA,FALSE
"DNMBP/TBCC protein level ratio",NA,NA,FALSE
"DNMBP/WWP2 protein level ratio",NA,NA,FALSE
"DNPH1/PKLR protein level ratio",NA,NA,FALSE
"DOK2/GRAP2 protein level ratio",NA,NA,FALSE
"DOK2/MESD protein level ratio",NA,NA,FALSE
"DOK2/PDLIM7 protein level ratio",NA,NA,FALSE
"DOK2/PPP1R12A protein level ratio",NA,NA,FALSE
"DPP10 protein levels",NA,NA,FALSE
"DPP4 protein levels",NA,NA,FALSE
"DPP4/ITGB1 protein level ratio",NA,NA,FALSE
"DPP6 protein levels",NA,NA,FALSE
"DPP7 protein levels",NA,NA,FALSE
"DRAXIN protein levels",NA,NA,FALSE
"DSC2 protein levels",NA,NA,FALSE
"DSCAM protein levels",NA,NA,FALSE
"DSG2 protein levels",NA,NA,FALSE
"DSG4 protein levels",NA,NA,FALSE
"DTI TBSS L3 Superior corona radiata R",NA,NA,FALSE
"DTX3 protein levels",NA,NA,FALSE
"DXA-Bone mineral density (arms)  (UKB data field 23225)",NA,NA,FALSE
"DXA-Bone mineral density (femur neck) (UKB data field 23299)",NA,NA,FALSE
"DXA-Bone mineral density (femur total) (UKB data field 23291)",NA,NA,FALSE
"DXA-Bone mineral density (head) (UKB data field 23226)",NA,NA,FALSE
"DXA-Bone mineral density (legs) (UKB data field 23231)",NA,NA,FALSE
"DXA-Bone mineral density (pelvis) (UKB data field 23232)",NA,NA,FALSE
"DXA-Bone mineral density (total body) (UKB data field 23236)",NA,NA,FALSE
"Decreased white blood cell count (PheCode 288.1)",NA,NA,FALSE
"Dedicator of cytokinesis protein 9 levels",NA,NA,FALSE
"Degeneration of macula and posterior pole of retina (PheCode 362.2)",NA,NA,FALSE
"Degenerative and vascular disorders of ear (PheCode 389.3)",NA,NA,FALSE
"Degenerative skin conditions and other dermatoses (PheCode 702)",NA,NA,FALSE
"Degree of unsaturation",NA,NA,FALSE
"Dehydrogenase/reductase SDR family member 9 levels",NA,NA,FALSE
"Delta of the red cell haemoglobins",NA,NA,FALSE
"Delta-5 desaturase activity response to n3-polyunsaturated fat supplement",NA,NA,FALSE
"Dental caries",NA,NA,FALSE
"Dental development",NA,NA,FALSE
"Dentures",NA,NA,FALSE
"Deoxycarnitine levels",NA,NA,FALSE
"Deoxycarnitine levels in elite athletes",NA,NA,FALSE
"Dermatitis due to solar radiation (PheCode 938)",NA,NA,FALSE
"Dermatochalasis (PheCode 374.6)",NA,NA,FALSE
"Descending aorta diameter",NA,NA,FALSE
"Descending aorta distensibility",NA,NA,FALSE
"Descending aorta distensibility (MTAG)",NA,NA,FALSE
"Descending aorta strain",NA,NA,FALSE
"Descending thoracic aortic diameter",NA,NA,FALSE
"Desmocollin-1 protein levels (SomaScan ID:20530-2)",NA,NA,FALSE
"Developmental dysplasia of the hip",NA,NA,FALSE
"Diabetes",NA,NA,FALSE
"Diabetes (confirmatory factor analysis Factor 28)",NA,NA,FALSE
"Diabetes (standard GWA)",NA,NA,FALSE
"Diabetes / ""Sugar""",NA,NA,FALSE
"Diabetes mellitus (PheCode 250)",NA,NA,FALSE
"Diabetes or abnormal glucose tolerance complicating pregnancy (PheCode 649.1)",NA,NA,FALSE
"Diabetic retinopathy",NA,NA,FALSE
"Diabetic retinopathy (PheCode 250.7)",NA,NA,FALSE
"Diacylglycerol (12:0/18:0)",NA,NA,FALSE
"Diacylglycerol (16:0/16:0)",NA,NA,FALSE
"Diacylglycerol (16:0/18:0)",NA,NA,FALSE
"Diacylglycerol (16:1/20:4)",NA,NA,FALSE
"Diacylglycerol (18:0/22:6)",NA,NA,FALSE
"Diacylglycerol (18:1/20:3)",NA,NA,FALSE
"Diacylglycerol (18:1/20:4)",NA,NA,FALSE
"Diacylglycerol (18:1/22:5)",NA,NA,FALSE
"Diacylglycerol (18:2/20:3)",NA,NA,FALSE
"Diacylglycerol (18:2/22:5)",NA,NA,FALSE
"Diacylglycerol levels",NA,NA,FALSE
"Diastolic blood pressure",NA,NA,FALSE
"Diastolic blood pressure (BMI adjusted)",NA,NA,FALSE
"Diastolic blood pressure (BMI unadjusted)",NA,NA,FALSE
"Diastolic blood pressure (MTAG)",NA,NA,FALSE
"Diastolic blood pressure (UKB data field 4079)",NA,NA,FALSE
"Diastolic blood pressure (cigarette smoking interaction)",NA,NA,FALSE
"Diastolic blood pressure response to thiazide and thiazide-like diuretics in hypertension",NA,NA,FALSE
"Diastolic blood pressure x alcohol consumption interaction (2df test)",NA,NA,FALSE
"Dietary macronutrient intake (multi-trait analysis)",NA,NA,FALSE
"Diffuse plaques (SNP x SNP interaction)",NA,NA,FALSE
"Digestive system disease (Barrett's esophagus and esophageal adenocarcinoma combined)",NA,NA,FALSE
"Dihexosylceramide (d16:1/16:0) levels",NA,NA,FALSE
"Dihomo-gamma-linolenic acid levels",NA,NA,FALSE
"Dihydrosylceramides (FA18:0)",NA,NA,FALSE
"Diisocyanate-induced asthma",NA,NA,FALSE
"Dilated cardiomyopathy (MTAG)",NA,NA,FALSE
"Dipeptidase 2 levels",NA,NA,FALSE
"Direct bilirubin levels",NA,NA,FALSE
"Direct low density lipoprotein cholesterol levels",NA,NA,FALSE
"Direct low density lipoprotein levels (UKB data field 30780)",NA,NA,FALSE
"Disc degeneration (lumbar)",NA,NA,FALSE
"Disease of tricuspid valve (PheCode 394.7)",NA,NA,FALSE
"Disease-free survival in tamoxifen-treated early-onset breast cancer (complete)",NA,NA,FALSE
"Diseases of esophagus (PheCode 530)",NA,NA,FALSE
"Diseases of sebaceous glands (PheCode 706)",NA,NA,FALSE
"Disks large homolog 3 levels",NA,NA,FALSE
"Disorder of skin and subcutaneous tissue NO (PheCode 689)",NA,NA,FALSE
"Disorders of external ear (PheCode 380)",NA,NA,FALSE
"Disorders of iris and ciliary body (PheCode 379.5)",NA,NA,FALSE
"Disorders of iron metabolism (PheCode 275.1)",NA,NA,FALSE
"Disorders of lipid metabolism (PheCode 272)",NA,NA,FALSE
"Disorders of mineral metabolism (PheCode 275)",NA,NA,FALSE
"Disorders of muscle, ligament, and fascia (PheCode 728)",NA,NA,FALSE
"Disorders of parathyroid gland (PheCode 252)",NA,NA,FALSE
"Disorders secondary to childbirth, surgery, trauma (PheCode 617)",NA,NA,FALSE
"Disturbances in tooth eruption (PheCode 520.2)",NA,NA,FALSE
"Diverticular disease",NA,NA,FALSE
"Diverticulitis",NA,NA,FALSE
"Diverticulitis (PheCode 562.2)",NA,NA,FALSE
"Diverticulosis",NA,NA,FALSE
"Diverticulosis (PheCode 562.1)",NA,NA,FALSE
"Diverticulosis and diverticulitis (PheCode 562)",NA,NA,FALSE
"DnaJ homolog subfamily B member 13 levels",NA,NA,FALSE
"DnaJ homolog subfamily B member 9 levels",NA,NA,FALSE
"Docetaxel-induced peripheral neuropathy in metastatic castrate-resistant prostate cancer",NA,NA,FALSE
"Docosahexaenoic acid (22:6) levels",NA,NA,FALSE
"Docosahexaenoic acid levels",NA,NA,FALSE
"Docosahexaenoic acid levels (UKB data field 23450)",NA,NA,FALSE
"Docosahexaenoic acid to total fatty acids percentage",NA,NA,FALSE
"Dorsolateral prefrontal area (unadjusted for global measures)",NA,NA,FALSE
"Dorsolateral prefrontal thickness",NA,NA,FALSE
"Dorsolateral prefrontal thickness (unadjusted for global measures)",NA,NA,FALSE
"Dorsomedial frontal area",NA,NA,FALSE
"Dorsomedial frontal area (unadjusted for global measures)",NA,NA,FALSE
"Drink temperature",NA,NA,FALSE
"Drinks per week",NA,NA,FALSE
"Drinks usually with meals in current drinkers (yes vs no) (UKB data field 1618)",NA,NA,FALSE
"Drug-induced Stevens-Johnson syndrome or toxic epidermal necrolysis (SJS/TEN)",NA,NA,FALSE
"Drug-induced liver injury (diclofenac)",NA,NA,FALSE
"Drug-induced liver injury (flucloxacillin)",NA,NA,FALSE
"Dupuytren's disease",NA,NA,FALSE
"Dyschromia and Vitiligo (PheCode 694)",NA,NA,FALSE
"Dyshidrosis (PheCode 705.1)",NA,NA,FALSE
"Dyslipidemia",NA,NA,FALSE
"Dystrotelin levels",NA,NA,FALSE
"EBAG9/EDAR protein level ratio",NA,NA,FALSE
"EBAG9/TBCC protein level ratio",NA,NA,FALSE
"ECG cardiac MRI latent space",NA,NA,FALSE
"ECG latent space",NA,NA,FALSE
"ECM1 protein levels",NA,NA,FALSE
"EDAR protein levels",NA,NA,FALSE
"EDAR/ENO2 protein level ratio",NA,NA,FALSE
"EDAR/F11R protein level ratio",NA,NA,FALSE
"EDAR/ITGB1BP2 protein level ratio",NA,NA,FALSE
"EDAR/PRDX5 protein level ratio",NA,NA,FALSE
"EDAR/SERPINB1 protein level ratio",NA,NA,FALSE
"EDAR/SNAP23 protein level ratio",NA,NA,FALSE
"EDAR/SPARC protein level ratio",NA,NA,FALSE
"EDAR/TXNDC5 protein level ratio",NA,NA,FALSE
"EFNA4 protein levels",NA,NA,FALSE
"EGF/MANF protein level ratio",NA,NA,FALSE
"EGF/MGLL protein level ratio",NA,NA,FALSE
"EGFL7 protein levels",NA,NA,FALSE
"EHBP1 protein levels",NA,NA,FALSE
"EIF4B/IPCEF1 protein level ratio",NA,NA,FALSE
"EIF4B/TBCC protein level ratio",NA,NA,FALSE
"ENDOU protein levels",NA,NA,FALSE
"ENG protein levels",NA,NA,FALSE
"ENG/NCAM2 protein level ratio",NA,NA,FALSE
"ENO2/MGLL protein level ratio",NA,NA,FALSE
"ENO2/PLXNA4 protein level ratio",NA,NA,FALSE
"ENO2/RWDD1 protein level ratio",NA,NA,FALSE
"ENPP5 protein levels",NA,NA,FALSE
"ENPP6 protein levels",NA,NA,FALSE
"EPCAM protein levels",NA,NA,FALSE
"EPHA1 protein levels",NA,NA,FALSE
"EPHA4 protein levels",NA,NA,FALSE
"EPHB4/ESAM protein level ratio",NA,NA,FALSE
"EPHB6 protein levels",NA,NA,FALSE
"EPS8L2 protein levels",NA,NA,FALSE
"ER4 sp002437735 abundance in stool",NA,NA,FALSE
"ERBIN/LAT2 protein level ratio",NA,NA,FALSE
"ERBIN/SCAMP3 protein level ratio",NA,NA,FALSE
"ERBIN/TBC1D23 protein level ratio",NA,NA,FALSE
"EREG/HBEGF protein level ratio",NA,NA,FALSE
"ESAM/JAM2 protein level ratio",NA,NA,FALSE
"ESAM/TNFRSF14 protein level ratio",NA,NA,FALSE
"Early age-related macular degeneration",NA,NA,FALSE
"Early cardiac repolarization",NA,NA,FALSE
"Early onset atrial fibrillation",NA,NA,FALSE
"Early-stage non-small cell lung squamous carcinoma",NA,NA,FALSE
"Ease of sunburn",NA,NA,FALSE
"Ebbinghaus illusion (overestimation)",NA,NA,FALSE
"Ectonucleoside triphosphate diphosphohydrolase 5 protein levels (SomaScan ID:4479-14)",NA,NA,FALSE
"Eczema",NA,NA,FALSE
"Edge-level brain connectivity (multivariate analysis)",NA,NA,FALSE
"Educational attainment",NA,NA,FALSE
"Educational attainment (MTAG)",NA,NA,FALSE
"Educational attainment (college completion)",NA,NA,FALSE
"Educational attainment (confirmatory factor analysis Factor 10)",NA,NA,FALSE
"Educational attainment (years of education)",NA,NA,FALSE
"Elafin levels",NA,NA,FALSE
"Electrocardiogram morphology (amplitude at temporal datapoints)",NA,NA,FALSE
"Electrocardiographic traits (multivariate)",NA,NA,FALSE
"Elevated prostate specific antigen [PSA] (PheCode 796)",NA,NA,FALSE
"Elevated white blood cell count (PheCode 288.2)",NA,NA,FALSE
"Encounter for long-term (current) use of anticoagulants (PheCode 286.2)",NA,NA,FALSE
"End stage renal disease (PheCode 585.32)",NA,NA,FALSE
"End-diastolic bi-ventricular shape (principal component 1)",NA,NA,FALSE
"End-diastolic bi-ventricular shape (principal component 4)",NA,NA,FALSE
"Endocarditis (PheCode 420.3)",NA,NA,FALSE
"Endometriosis",NA,NA,FALSE
"Endometriosis (MTAG)",NA,NA,FALSE
"Endophilin-A3 protein levels (SomaScan ID:7161-25)",NA,NA,FALSE
"Endoplasmic reticulum lectin 1 levels",NA,NA,FALSE
"Endoplasmic reticulum resident protein 29 levels",NA,NA,FALSE
"Endothelial cell-selective adhesion molecule (analyte X20536.11) levels",NA,NA,FALSE
"Endothelial cell-selective adhesion molecule levels",NA,NA,FALSE
"Endothelial cell-selective adhesion molecule levels (ESAM.7841.84.3)",NA,NA,FALSE
"Endoxifen concentration in tamoxifen-treated breast cancer",NA,NA,FALSE
"Endoxifen levels in tamoxifen-treated hormone-receptor-positive breast cancer",NA,NA,FALSE
"Endoxifen to N-desmethyl tamoxifen ratio  in tamoxifen-treated hormone-receptor-positive breast cancer",NA,NA,FALSE
"Energy expenditure",NA,NA,FALSE
"Eosinophil count",NA,NA,FALSE
"Eosinophil count variance",NA,NA,FALSE
"Eosinophil percentage of granulocytes",NA,NA,FALSE
"Eosinophil percentage of white cells",NA,NA,FALSE
"Eosinophil side fluorescence",NA,NA,FALSE
"Eosinophil side scatter",NA,NA,FALSE
"Eosinophilia (PheCode 288.3)",NA,NA,FALSE
"Eosinophill count (UKB data field 30150)",NA,NA,FALSE
"Eosinophill percentage (UKB data field 30210)",NA,NA,FALSE
"Eotaxin levels",NA,NA,FALSE
"Ephrin type-A receptor 4 levels",NA,NA,FALSE
"Ephrin type-B receptor 1 protein levels (SomaScan ID:8385-248)",NA,NA,FALSE
"Epicardial and pericardial adipose tissue",NA,NA,FALSE
"Epiretinal membrane",NA,NA,FALSE
"Epithelial discoidin domain-containing receptor 1 levels",NA,NA,FALSE
"Epithelial ovarian cancer",NA,NA,FALSE
"Epstein-Barr virus VCA p18 antibody levels",NA,NA,FALSE
"Epstein-Barr virus ZEBRA antibody levels",NA,NA,FALSE
"Erythematosquamous dermatosis (PheCode 690)",NA,NA,FALSE
"Erythrocyte band 7 integral membrane protein levels (STOM.8261.51.3)",NA,NA,FALSE
"Erythrocyte cadmium concentration in never smokers",NA,NA,FALSE
"Esophageal cancer",NA,NA,FALSE
"Esophagitis, GERD and related diseases (PheCode 530.1)",NA,NA,FALSE
"Essential hypertension (PheCode 401.1)",NA,NA,FALSE
"Essential hypertension (time to event)",NA,NA,FALSE
"Esterified cholesterol levels",NA,NA,FALSE
"Estimated glomerular filtration rate",NA,NA,FALSE
"Estimated glomerular filtration rate (creatinine)",NA,NA,FALSE
"Estimated glomerular filtration rate (creatinine, cystatin c)",NA,NA,FALSE
"Estimated glomerular filtration rate (cystatin c)",NA,NA,FALSE
"Estimated glomerular filtration rate based on creatinine and cystatin C in bottom 99% of individuals by creatinine levels",NA,NA,FALSE
"Estimated glomerular filtration rate in diabetes",NA,NA,FALSE
"Estimated glomerular filtration rate in non-diabetics",NA,NA,FALSE
"Estradiol levels",NA,NA,FALSE
"Estrogen level change in anastrozole-treated breast cancer",NA,NA,FALSE
"Eustachian tube disorders (PheCode 381.2)",NA,NA,FALSE
"Exophthalmos (PheCode 242.3)",NA,NA,FALSE
"Extraintestinal manifestations in inflammatory bowel disease (ankylosing spondylitis and sacroiliitis)",NA,NA,FALSE
"Eye color",NA,NA,FALSE
"Ezrin levels",NA,NA,FALSE
"F-acquired taste liking (derived food-liking factor)",NA,NA,FALSE
"F-bitter food liking (derived food-liking factor)",NA,NA,FALSE
"F-burn/spicy liking (derived food-liking factor)",NA,NA,FALSE
"F-capsicum liking (derived food-liking factor)",NA,NA,FALSE
"F-cheese liking (derived food-liking factor)",NA,NA,FALSE
"F-chocolate/coffee liking (derived food-liking factor)",NA,NA,FALSE
"F-coffee/alcohol liking (derived food-liking factor)",NA,NA,FALSE
"F-cooking flavour liking (derived food-liking factor)",NA,NA,FALSE
"F-cooking vegetables liking (derived food-liking factor)",NA,NA,FALSE
"F-deep fried food liking (derived food-liking factor)",NA,NA,FALSE
"F-dessert liking (derived food-liking factor)",NA,NA,FALSE
"F-fatty food liking (derived food-liking factor)",NA,NA,FALSE
"F-fatty/dairy food liking (derived food-liking factor)",NA,NA,FALSE
"F-fatty/salty food liking (derived food-liking factor)",NA,NA,FALSE
"F-fish liking (derived food-liking factor)",NA,NA,FALSE
"F-fruit liking (derived food-liking factor)",NA,NA,FALSE
"F-glutamate liking (derived food-liking factor)",NA,NA,FALSE
"F-healthy breakfast food liking (derived food-liking factor)",NA,NA,FALSE
"F-highly palatable foods liking (derived food-liking factor)",NA,NA,FALSE
"F-meat liking (derived food-liking factor)",NA,NA,FALSE
"F-salad vegetables liking (derived food-liking factor)",NA,NA,FALSE
"F-salty food liking (derived food-liking factor)",NA,NA,FALSE
"F-sauces liking (derived food-liking factor)",NA,NA,FALSE
"F-savour/caloric food liking (derived food-liking factor)",NA,NA,FALSE
"F-savoury food liking (derived food-liking factor)",NA,NA,FALSE
"F-seafood liking (derived food-liking factor)",NA,NA,FALSE
"F-sharp flavour liking (derived food-liking factor)",NA,NA,FALSE
"F-small fish liking (derived food-liking factor)",NA,NA,FALSE
"F-strong alcohol liking (derived food-liking factor)",NA,NA,FALSE
"F-strong flavour liking (derived food-liking factor)",NA,NA,FALSE
"F-sweetened coffee drink liking (derived food-liking factor)",NA,NA,FALSE
"F-vegetarian liking (derived food-liking factor)",NA,NA,FALSE
"F-wine liking (derived food-liking factor)",NA,NA,FALSE
"F11R/PLXNA4 protein level ratio",NA,NA,FALSE
"F2R protein levels",NA,NA,FALSE
"F2R/GP6 protein level ratio",NA,NA,FALSE
"F2R/ITGB1BP2 protein level ratio",NA,NA,FALSE
"F2R/MPIG6B protein level ratio",NA,NA,FALSE
"F2R/SEMA4D protein level ratio",NA,NA,FALSE
"F2R/SERPINE1 protein level ratio",NA,NA,FALSE
"F2R/SNX9 protein level ratio",NA,NA,FALSE
"F2R/SPINT2 protein level ratio",NA,NA,FALSE
"F2R/TMSB10 protein level ratio",NA,NA,FALSE
"F2R/TNFRSF14 protein level ratio",NA,NA,FALSE
"FABP6 protein levels",NA,NA,FALSE
"FABP9 protein levels",NA,NA,FALSE
"FADD/MGLL protein level ratio",NA,NA,FALSE
"FAM171B protein levels",NA,NA,FALSE
"FAM3B protein levels",NA,NA,FALSE
"FAP protein levels",NA,NA,FALSE
"FAP/LRRN1 protein level ratio",NA,NA,FALSE
"FASLG protein levels",NA,NA,FALSE
"FCAMR protein levels",NA,NA,FALSE
"FCAR protein levels",NA,NA,FALSE
"FCER2 protein levels",NA,NA,FALSE
"FCN2 protein levels",NA,NA,FALSE
"FCRL1 protein levels",NA,NA,FALSE
"FCRL1/TNFRSF13C protein level ratio",NA,NA,FALSE
"FCRL2 protein levels",NA,NA,FALSE
"FCRL2/LY9 protein level ratio",NA,NA,FALSE
"FCRL6 protein levels",NA,NA,FALSE
"FERMT3 protein levels",NA,NA,FALSE
"FEV1",NA,NA,FALSE
"FEV1 FVC ratio Z score (UKB data field 20258)",NA,NA,FALSE
"FEV1 or gastro-oesophageal reflux disease (pleiotropy)",NA,NA,FALSE
"FEV1 or inflammatory bowel disease (pleiotropy)",NA,NA,FALSE
"FEV1 or peptic ulcer disease (pleiotropy)",NA,NA,FALSE
"FEV1 x serum 25-hydroxyvitamin D interaction (2df test)",NA,NA,FALSE
"FEV1 x serum 25-hydroxyvitamin D interaction in ever smokers (2df test)",NA,NA,FALSE
"FEV1 x serum 25-hydroxyvitamin D interaction in never smokers (2df test)",NA,NA,FALSE
"FEV1/FVC or gastro-oesophageal reflux disease (pleiotropy)",NA,NA,FALSE
"FEV1/FVC or inflammatory bowel disease (pleiotropy)",NA,NA,FALSE
"FEV1/FVC or peptic ulcer disease (pleiotropy)",NA,NA,FALSE
"FEV1/FVC ratio",NA,NA,FALSE
"FGF5 protein levels",NA,NA,FALSE
"FGFR4 protein levels",NA,NA,FALSE
"FIS1/MGLL protein level ratio",NA,NA,FALSE
"FKBP14 protein levels",NA,NA,FALSE
"FKBP5/TBCC protein level ratio",NA,NA,FALSE
"FLI1/MED18 protein level ratio",NA,NA,FALSE
"FLT3LG protein levels",NA,NA,FALSE
"FLT4 protein levels",NA,NA,FALSE
"FN1 protein levels",NA,NA,FALSE
"FOLR2 protein levels",NA,NA,FALSE
"FSTL3 protein levels",NA,NA,FALSE
"FSTL3/LTBR protein level ratio",NA,NA,FALSE
"FTCD protein levels",NA,NA,FALSE
"FUOM protein levels",NA,NA,FALSE
"FVC",NA,NA,FALSE
"FVC or gastro-oesophageal reflux disease (pleiotropy)",NA,NA,FALSE
"FVC or inflammatory bowel disease (pleiotropy)",NA,NA,FALSE
"FVC or irritable bowel syndrome (pleiotropy)",NA,NA,FALSE
"FVC or peptic ulcer disease (pleiotropy)",NA,NA,FALSE
"FVC x serum 25-hydroxyvitamin D interaction (2df test)",NA,NA,FALSE
"FVC x serum 25-hydroxyvitamin D interaction in never smokers (2df test)",NA,NA,FALSE
"Facial appearance",NA,NA,FALSE
"Facial morphology (D497)",NA,NA,FALSE
"Facial morphology (D527)",NA,NA,FALSE
"Facial morphology (D92)",NA,NA,FALSE
"Facial morphology (nose roundness 1)",NA,NA,FALSE
"Facial morphology (segment 10)",NA,NA,FALSE
"Facial morphology (segment 11)",NA,NA,FALSE
"Facial morphology (segment 2)",NA,NA,FALSE
"Facial morphology (segment 22)",NA,NA,FALSE
"Facial morphology (segment 3)",NA,NA,FALSE
"Facial morphology (segment 5)",NA,NA,FALSE
"Facial wrinkles",NA,NA,FALSE
"Factor VIII levels or von Willebrand factor levels (pleiotropy)",NA,NA,FALSE
"Familial combined hyperlipidemia defined by Brunzell criteria",NA,NA,FALSE
"Familial combined hyperlipidemia defined by Consensus criteria",NA,NA,FALSE
"Familial combined hyperlipidemia defined by Dutch criteria",NA,NA,FALSE
"Familial combined hyperlipidemia defined by Goldstein criteria",NA,NA,FALSE
"Familial combined hyperlipidemia defined by Mexico criteria",NA,NA,FALSE
"Fasting blood glucose",NA,NA,FALSE
"Fasting blood glucose adjusted for BMI",NA,NA,FALSE
"Fasting cholesterol esters in large HDL",NA,NA,FALSE
"Fasting cholesterol esters in large VLDL",NA,NA,FALSE
"Fasting free cholesterol in large HDL",NA,NA,FALSE
"Fasting free cholesterol in large VLDL",NA,NA,FALSE
"Fasting free cholesterol in medium VLDL",NA,NA,FALSE
"Fasting glucose",NA,NA,FALSE
"Fasting insulin",NA,NA,FALSE
"Fasting large HDL particle concentration",NA,NA,FALSE
"Fasting large VLDL particle concentration",NA,NA,FALSE
"Fasting medium VLDL particle concentration",NA,NA,FALSE
"Fasting phospholipid levels in large HDL",NA,NA,FALSE
"Fasting phospholipid levels in large VLDL",NA,NA,FALSE
"Fasting phospholipid levels in medium VLDL",NA,NA,FALSE
"Fasting plasma glucose",NA,NA,FALSE
"Fasting total cholesterol in large HDL",NA,NA,FALSE
"Fasting total cholesterol in large VLDL",NA,NA,FALSE
"Fasting total lipids in large HDL",NA,NA,FALSE
"Fasting total lipids in large VLDL",NA,NA,FALSE
"Fasting total lipids in medium VLDL",NA,NA,FALSE
"Fasting triglyceride levels",NA,NA,FALSE
"Fasting triglycerides in VLDL",NA,NA,FALSE
"Fasting triglycerides levels in large VLDL",NA,NA,FALSE
"Fasting triglycerides levels in medium VLDL",NA,NA,FALSE
"Fasting triglycerides levels in small VLDL",NA,NA,FALSE
"Fasting triglycerides levels in very large HDL",NA,NA,FALSE
"Fat-free mass",NA,NA,FALSE
"Fatty acids (14:0) levels",NA,NA,FALSE
"Fatty acids (15:0) levels",NA,NA,FALSE
"Febrile seizures","Epilepsy","Disorder",TRUE
"Febrile seizures (MMR vaccine-related)",NA,NA,FALSE
"Female infertility (idiopathic, defined by excluding other causes)",NA,NA,FALSE
"Femoral neck bone geometry and menarche (age at onset)",NA,NA,FALSE
"Femoral neck bone mineral density",NA,NA,FALSE
"Femoral neck bone mineral density and trunk fat mass adjusted by trunk lean mass",NA,NA,FALSE
"Femur bone mineral density x serum urate levels interaction",NA,NA,FALSE
"Femur total bone mineral density x gut microbiota (genus Lactococcus) interaction",NA,NA,FALSE
"Fibrinogen",NA,NA,FALSE
"Fibrinogen levels",NA,NA,FALSE
"Fibrinogen levels or factor VII levels (pleiotropy)",NA,NA,FALSE
"Fibrinogen levels or factor VII levels or factor XI levels or tissue plasminogen activator levels (pleiotropy)",NA,NA,FALSE
"Fibrinogen levels or plasminogen activator inhibitor 1 levels (pleiotropy)",NA,NA,FALSE
"Fibrinogen levels or tissue plasminogen activator levels (pleiotropy)",NA,NA,FALSE
"Fibroblast growth factor 7 (analyte X14031.18) levels",NA,NA,FALSE
"Fibroblast growth factor 7 (analyte X4487.1) levels",NA,NA,FALSE
"Fibronectin protein levels (SomaScan ID:9409-11)",NA,NA,FALSE
"Fish- and plant-related diet",NA,NA,FALSE
"Flavobacteriales abundance in stool",NA,NA,FALSE
"Fluid intelligence",NA,NA,FALSE
"Fluid intelligence score (baseline)",NA,NA,FALSE
"Follicular lymphoma",NA,NA,FALSE
"Follistatin-related protein 3 levels",NA,NA,FALSE
"Forced expiratory volume (baseline)",NA,NA,FALSE
"Forced expiratory volume and interleukin-6 levels and high-sensitivity C-reactive protein levels (pleiotropy)",NA,NA,FALSE
"Forced expiratory volume in 1 second (FEV1)",NA,NA,FALSE
"Forced expiratory volume in 1 second (occupational environmental exposures interaction)",NA,NA,FALSE
"Forced expiratory volume in 1 second FEV1 Z score (UKB data field 20256)",NA,NA,FALSE
"Forced vital capacity (FVC)",NA,NA,FALSE
"Forced vital capacity FVC Z score (UKB data field 20257)",NA,NA,FALSE
"Forced vital capacity and interleukin-6 levels and high-sensitivity C-reactive protein levels (pleiotropy)",NA,NA,FALSE
"Fracture of patella (PheCode 800.4)",NA,NA,FALSE
"Frailty (Factor 1 - Limited Social Support)",NA,NA,FALSE
"Frailty (Factor 3 - Multimorbidity)",NA,NA,FALSE
"Frailty (Factor 4 - Metabolic Problems)",NA,NA,FALSE
"Frailty (Factor 6 - Disability)",NA,NA,FALSE
"Frailty (General Factor)",NA,NA,FALSE
"Frailty index",NA,NA,FALSE
"Freckles",NA,NA,FALSE
"Free Cholesterol in HDL",NA,NA,FALSE
"Free Cholesterol in LDL",NA,NA,FALSE
"Free Cholesterol in VLDL",NA,NA,FALSE
"Free Cholesterol to Cholesterol in HDL percentage",NA,NA,FALSE
"Free Cholesterol to Cholesterol in LDL percentage",NA,NA,FALSE
"Free Cholesterol to Cholesterol in Large LDL percentage",NA,NA,FALSE
"Free Cholesterol to Cholesterol in Large VLDL percentage",NA,NA,FALSE
"Free Cholesterol to Cholesterol in Medium HDL percentage",NA,NA,FALSE
"Free Cholesterol to Cholesterol in Medium LDL percentage",NA,NA,FALSE
"Free Cholesterol to Cholesterol in Medium VLDL percentage",NA,NA,FALSE
"Free Cholesterol to Cholesterol in Small VLDL percentage",NA,NA,FALSE
"Free Cholesterol to Cholesterol in VLDL percentage",NA,NA,FALSE
"Free Cholesterol to Cholesterol in Very Small VLDL percentage",NA,NA,FALSE
"Free Cholesterol to Cholesteryl Esters in HDL percentage",NA,NA,FALSE
"Free Cholesterol to Cholesteryl Esters in LDL percentage",NA,NA,FALSE
"Free Cholesterol to Cholesteryl Esters in Large HDL ratio",NA,NA,FALSE
"Free Cholesterol to Cholesteryl Esters in Large LDL ratio",NA,NA,FALSE
"Free Cholesterol to Cholesteryl Esters in Large VLDL ratio",NA,NA,FALSE
"Free Cholesterol to Cholesteryl Esters in Medium HDL ratio",NA,NA,FALSE
"Free Cholesterol to Cholesteryl Esters in Medium LDL ratio",NA,NA,FALSE
"Free Cholesterol to Cholesteryl Esters in Medium VLDL ratio",NA,NA,FALSE
"Free Cholesterol to Cholesteryl Esters in Small HDL ratio",NA,NA,FALSE
"Free Cholesterol to Cholesteryl Esters in Small LDL ratio",NA,NA,FALSE
"Free Cholesterol to Cholesteryl Esters in Small VLDL ratio",NA,NA,FALSE
"Free Cholesterol to Cholesteryl Esters in VLDL percentage",NA,NA,FALSE
"Free Cholesterol to Cholesteryl Esters in Very Large HDL ratio",NA,NA,FALSE
"Free Cholesterol to Cholesteryl Esters in Very Small VLDL ratio",NA,NA,FALSE
"Free Cholesterol to Total Lipids in HDL percentage",NA,NA,FALSE
"Free Cholesterol to Total Lipids in IDL percentage",NA,NA,FALSE
"Free Cholesterol to Total Lipids in Large HDL percentage",NA,NA,FALSE
"Free Cholesterol to Total Lipids in Large LDL percentage",NA,NA,FALSE
"Free Cholesterol to Total Lipids in Large VLDL percentage",NA,NA,FALSE
"Free Cholesterol to Total Lipids in Medium HDL percentage",NA,NA,FALSE
"Free Cholesterol to Total Lipids in Medium LDL percentage",NA,NA,FALSE
"Free Cholesterol to Total Lipids in Medium VLDL percentage",NA,NA,FALSE
"Free Cholesterol to Total Lipids in Small HDL percentage",NA,NA,FALSE
"Free Cholesterol to Total Lipids in Small LDL percentage",NA,NA,FALSE
"Free Cholesterol to Total Lipids in Small VLDL percentage",NA,NA,FALSE
"Free Cholesterol to Total Lipids in VLDL percentage",NA,NA,FALSE
"Free Cholesterol to Total Lipids in Very Large HDL percentage",NA,NA,FALSE
"Free Cholesterol to Total Lipids in Very Large VLDL percentage",NA,NA,FALSE
"Free Cholesterol to Total Lipids in Very Small VLDL percentage",NA,NA,FALSE
"Free androgen index",NA,NA,FALSE
"Free cholesterol in HDL (UKB data field 23422)",NA,NA,FALSE
"Free cholesterol in IDL",NA,NA,FALSE
"Free cholesterol in IDL (UKB data field 23528)",NA,NA,FALSE
"Free cholesterol in LDL (UKB data field 23421)",NA,NA,FALSE
"Free cholesterol in VLDL (UKB data field 23420)",NA,NA,FALSE
"Free cholesterol in chylomicrons and extremely large VLDL",NA,NA,FALSE
"Free cholesterol in chylomicrons and extremely large VLDL (UKB data field 23486)",NA,NA,FALSE
"Free cholesterol in large HDL",NA,NA,FALSE
"Free cholesterol in large LDL",NA,NA,FALSE
"Free cholesterol in large LDL (UKB data field 23535)",NA,NA,FALSE
"Free cholesterol in large VLDL",NA,NA,FALSE
"Free cholesterol in large VLDL (UKB data field 23500)",NA,NA,FALSE
"Free cholesterol in medium HDL",NA,NA,FALSE
"Free cholesterol in medium LDL",NA,NA,FALSE
"Free cholesterol in medium VLDL",NA,NA,FALSE
"Free cholesterol in medium VLDL (UKB data field 23507)",NA,NA,FALSE
"Free cholesterol in small HDL",NA,NA,FALSE
"Free cholesterol in small HDL (UKB data field 23577)",NA,NA,FALSE
"Free cholesterol in small LDL",NA,NA,FALSE
"Free cholesterol in small LDL (UKB data field 23549)",NA,NA,FALSE
"Free cholesterol in small VLDL",NA,NA,FALSE
"Free cholesterol in small VLDL (UKB data field 23514)",NA,NA,FALSE
"Free cholesterol in very large HDL",NA,NA,FALSE
"Free cholesterol in very large HDL (UKB data field 23556)",NA,NA,FALSE
"Free cholesterol in very large VLDL",NA,NA,FALSE
"Free cholesterol in very large VLDL (UKB data field 23493)",NA,NA,FALSE
"Free cholesterol in very small VLDL",NA,NA,FALSE
"Free cholesterol in very small VLDL (UKB data field 23521)",NA,NA,FALSE
"Free cholesterol levels",NA,NA,FALSE
"Free cholesterol levels in HDL",NA,NA,FALSE
"Free cholesterol levels in IDL",NA,NA,FALSE
"Free cholesterol levels in LDL",NA,NA,FALSE
"Free cholesterol levels in VLDL",NA,NA,FALSE
"Free cholesterol levels in chylomicrons and extremely large VLDL",NA,NA,FALSE
"Free cholesterol levels in large HDL",NA,NA,FALSE
"Free cholesterol levels in large LDL",NA,NA,FALSE
"Free cholesterol levels in large VLDL",NA,NA,FALSE
"Free cholesterol levels in medium LDL",NA,NA,FALSE
"Free cholesterol levels in medium VLDL",NA,NA,FALSE
"Free cholesterol levels in small HDL",NA,NA,FALSE
"Free cholesterol levels in small VLDL",NA,NA,FALSE
"Free cholesterol levels in very large HDL",NA,NA,FALSE
"Free cholesterol levels in very large VLDL",NA,NA,FALSE
"Free cholesterol levels in very small VLDL",NA,NA,FALSE
"Free cholesterol to total lipids in large HDL percentage (UKB data field 23637)",NA,NA,FALSE
"Free cholesterol to total lipids in large LDL percentage (UKB data field 23617)",NA,NA,FALSE
"Free cholesterol to total lipids in medium HDL percentage (UKB data field 23642)",NA,NA,FALSE
"Free cholesterol to total lipids in medium LDL percentage (UKB data field 23622)",NA,NA,FALSE
"Free cholesterol to total lipids in small VLDL percentage (UKB data field 23602)",NA,NA,FALSE
"Free cholesterol to total lipids ratio in IDL",NA,NA,FALSE
"Free cholesterol to total lipids ratio in large HDL",NA,NA,FALSE
"Free cholesterol to total lipids ratio in large LDL",NA,NA,FALSE
"Free cholesterol to total lipids ratio in large VLDL",NA,NA,FALSE
"Free cholesterol to total lipids ratio in medium HDL",NA,NA,FALSE
"Free cholesterol to total lipids ratio in medium LDL",NA,NA,FALSE
"Free cholesterol to total lipids ratio in medium VLDL",NA,NA,FALSE
"Free cholesterol to total lipids ratio in small HDL",NA,NA,FALSE
"Free cholesterol to total lipids ratio in small LDL",NA,NA,FALSE
"Free cholesterol to total lipids ratio in small VLDL",NA,NA,FALSE
"Free cholesterol to total lipids ratio in very large HDL",NA,NA,FALSE
"Free cholesterol to total lipids ratio in very large VLDL",NA,NA,FALSE
"Free cholesterol to total lipids ratio in very small VLDL",NA,NA,FALSE
"Free testosterone levels",NA,NA,FALSE
"Free thyroxine levels within normal range in pregnancy",NA,NA,FALSE
"Fresh fruit consumption",NA,NA,FALSE
"Frontal fibrosing alopecia",NA,NA,FALSE
"Fruit consumption",NA,NA,FALSE
"Fruit liking",NA,NA,FALSE
"GAL protein levels",NA,NA,FALSE
"GALNT10 protein levels",NA,NA,FALSE
"GALNT2 protein levels",NA,NA,FALSE
"GALNT3 protein levels",NA,NA,FALSE
"GAS6 protein levels",NA,NA,FALSE
"GASK1A protein levels",NA,NA,FALSE
"GAST protein levels",NA,NA,FALSE
"GDF15 protein levels",NA,NA,FALSE
"GDH/6PGL endoplasmic bifunctional protein level in Chronic kidney disease with hypertension and no diabetes (7161_25)",NA,NA,FALSE
"GDH/6PGL endoplasmic bifunctional protein levels",NA,NA,FALSE
"GDH/6PGL endoplasmic bifunctional protein levels (H6PD.7161.25.3)",NA,NA,FALSE
"GERD (PheCode 530.11)",NA,NA,FALSE
"GFAP protein levels",NA,NA,FALSE
"GGH protein levels",NA,NA,FALSE
"GGT1/MME protein level ratio",NA,NA,FALSE
"GHR protein levels",NA,NA,FALSE
"GHRL protein levels",NA,NA,FALSE
"GIP levels in response to oral glucose tolerance test (fasting)",NA,NA,FALSE
"GLB1 protein levels",NA,NA,FALSE
"GLIPR1 protein levels",NA,NA,FALSE
"GLOD4/S100A4 protein level ratio",NA,NA,FALSE
"GNAS protein levels",NA,NA,FALSE
"GNLY protein levels",NA,NA,FALSE
"GNLY/GZMA protein level ratio",NA,NA,FALSE
"GNLY/KIR2DL3 protein level ratio",NA,NA,FALSE
"GNPDA2 protein levels",NA,NA,FALSE
"GOLM2/ITGA5 protein level ratio",NA,NA,FALSE
"GOPC/PLXNA4 protein level ratio",NA,NA,FALSE
"GP1BA/HBEGF protein level ratio",NA,NA,FALSE
"GP1BA/SIAE protein level ratio",NA,NA,FALSE
"GPA33 protein levels",NA,NA,FALSE
"GPC1 protein levels",NA,NA,FALSE
"GPNMB protein levels",NA,NA,FALSE
"GRB2-related adapter protein 2 levels",NA,NA,FALSE
"GRIK2 protein levels",NA,NA,FALSE
"GSTA1 protein levels",NA,NA,FALSE
"GUCA2A protein levels",NA,NA,FALSE
"GUSB protein levels",NA,NA,FALSE
"GZMA protein levels",NA,NA,FALSE
"GZMA/KIR2DL3 protein level ratio",NA,NA,FALSE
"GZMA/TNFRSF4 protein level ratio",NA,NA,FALSE
"GZMA/TNFRSF8 protein level ratio",NA,NA,FALSE
"GZMB protein levels",NA,NA,FALSE
"GZMB/IL15 protein level ratio",NA,NA,FALSE
"GZMH protein levels",NA,NA,FALSE
"Galanin peptide levels",NA,NA,FALSE
"Galectin-9 levels",NA,NA,FALSE
"Gall stone disease or coronary artery disease",NA,NA,FALSE
"Gallstone disease",NA,NA,FALSE
"Gamma glutamyl transferase levels",NA,NA,FALSE
"Gamma glutamyl transpeptidase",NA,NA,FALSE
"Gamma glutamyltransferase levels (UKB data field 30730)",NA,NA,FALSE
"Ganglion cell inner plexiform layer (GCIPL) thickness",NA,NA,FALSE
"Gastric cancer",NA,NA,FALSE
"Gastroesophageal reflux disease",NA,NA,FALSE
"Gastroesophageal reflux disease (UKB data field 20002_1138)",NA,NA,FALSE
"Gastroesophageal reflux disease, peptic ulcer disease and/or corresponding medications and treatment",NA,NA,FALSE
"Gastrointestinal issues (confirmatory factor analysis Factor 31)",NA,NA,FALSE
"Gastrotropin levels",NA,NA,FALSE
"General cognitive ability",NA,NA,FALSE
"General pain factor",NA,NA,FALSE
"Genetic generalized epilepsy","Epilepsy","Disorder",TRUE
"Genu valgum or varum (acquired) (PheCode 736.4)",NA,NA,FALSE
"Gestational age (fetal effect)",NA,NA,FALSE
"Gestational age at delivery",NA,NA,FALSE
"Gestational duration",NA,NA,FALSE
"Gestational hypertension",NA,NA,FALSE
"Glaucoma",NA,NA,FALSE
"Glaucoma (PheCode 365)",NA,NA,FALSE
"Glaucoma (high intraocular pressure)",NA,NA,FALSE
"Glaucoma (low intraocular pressure)",NA,NA,FALSE
"Glaucoma (multi-trait analysis)",NA,NA,FALSE
"Glaucoma (primary open-angle)",NA,NA,FALSE
"Glioma",NA,NA,FALSE
"Glomerular filtration rate",NA,NA,FALSE
"Glomerular filtration rate (creatinine)",NA,NA,FALSE
"Glomerular filtration rate in non diabetics (creatinine)",NA,NA,FALSE
"Glomerulonephritis (PheCode 580.1)",NA,NA,FALSE
"Glucagon levels in lean individuals",NA,NA,FALSE
"Glucose (fasting status unknown, maximum, inv-norm transformed)",NA,NA,FALSE
"Glucose (fasting status unknown, mean, inv-norm transformed)",NA,NA,FALSE
"Glucose (fasting status unknown, minimum, inv-norm transformed)",NA,NA,FALSE
"Glucose levels",NA,NA,FALSE
"Glucose levels (UKB data field 23470)",NA,NA,FALSE
"Glucose levels (UKB data field 30740)",NA,NA,FALSE
"Glucose levels (adjusted for time of day)",NA,NA,FALSE
"Glucose-dependent insulinotropic peptide levels",NA,NA,FALSE
"Glucosidase 2 subunit beta levels",NA,NA,FALSE
"Glutamine degradant levels",NA,NA,FALSE
"Glutamine levels",NA,NA,FALSE
"Glutamine levels (Biocrates platform)",NA,NA,FALSE
"Glutaroyl carnitine levels",NA,NA,FALSE
"Glutaryl-CoA dehydrogenase, mitochondrial levels",NA,NA,FALSE
"Glutarylcarnitine (C5) levels",NA,NA,FALSE
"Glutarylcarnitine (c5-dc) levels",NA,NA,FALSE
"Glutathione peroxidase 1 levels",NA,NA,FALSE
"Gluteofemoral adipose tissue volumes",NA,NA,FALSE
"Gluteofemoral adipose tissue volumes (adjusted for BMI and height)",NA,NA,FALSE
"Glycated haemoglobin HbA1c levels (UKB data field 30750)",NA,NA,FALSE
"Glycated hemoglobin HbA1c levels",NA,NA,FALSE
"Glycated hemoglobin levels",NA,NA,FALSE
"Glycemic traits (multi-trait analysis)",NA,NA,FALSE
"Glycerol levels",NA,NA,FALSE
"Glycerophosphoethanolamine levels",NA,NA,FALSE
"Glycine levels",NA,NA,FALSE
"Glycine levels (UKB data field 23462)",NA,NA,FALSE
"Glycocholenate sulfate levels",NA,NA,FALSE
"Glycodeoxycholate sulfate levels",NA,NA,FALSE
"Glycoprotein acetylation",NA,NA,FALSE
"Glycoprotein acetyls levels",NA,NA,FALSE
"Glycoprotein acetyls levels (UKB data field 23480)",NA,NA,FALSE
"Glycosuria in pregnancy (offspring genotype effect)",NA,NA,FALSE
"Glycosyl ceramide (d18:1/20:0, d16:1/22:0) levels",NA,NA,FALSE
"Glycosyl-N-(2-hydroxynervonoyl)-sphingosine (d18:1/24:1(2OH)) levels",NA,NA,FALSE
"Glycosyl-N-behenoyl-sphingadienine (d18:2/22:0) levels",NA,NA,FALSE
"Glycosyl-N-stearoyl-sphingosine (d18:1/18:0) levels",NA,NA,FALSE
"Goiter",NA,NA,FALSE
"Gout",NA,NA,FALSE
"Gout (PheCode 274.1)",NA,NA,FALSE
"Gout (normal type)",NA,NA,FALSE
"Gout and other crystal arthrop (PheCode 274)",NA,NA,FALSE
"Grade of retinal pigmentation",NA,NA,FALSE
"Granulocyte Absolute Count",NA,NA,FALSE
"Granulocyte count",NA,NA,FALSE
"Granulocyte percentage of myeloid white cells",NA,NA,FALSE
"Granulocyte-macrophage colony-stimulating factor levels",NA,NA,FALSE
"Granzyme A levels",NA,NA,FALSE
"Granzyme K levels",NA,NA,FALSE
"Granzyme M levels",NA,NA,FALSE
"Granzyme M levels (GZMM.5704.74.3)",NA,NA,FALSE
"Grapefruit liking",NA,NA,FALSE
"Graves' disease",NA,NA,FALSE
"Gro-beta level in Chronic kidney disease with hypertension and no diabetes (3148_49)",NA,NA,FALSE
"Gro-gamma level in Chronic kidney disease with hypertension and no diabetes (22973_8)",NA,NA,FALSE
"Gro-gamma level in Chronic kidney disease with hypertension and no diabetes (2986_49)",NA,NA,FALSE
"Growth differentiation factor-15 levels",NA,NA,FALSE
"Guanidinoacetate levels",NA,NA,FALSE
"Guanosine levels",NA,NA,FALSE
"Gut microbial network clusters (BlueViolet (at 3 months) x Homesmokers interaction",NA,NA,FALSE
"Gut microbial network clusters (BlueViolet (at 3 months) x Household furry pet cat (3 Months) interaction",NA,NA,FALSE
"Gut microbial network clusters (BlueViolet (at 3 months) x Household furry pet dog (3 Months) interaction",NA,NA,FALSE
"Gut microbial network clusters (BlueViolet (at 3 months) x Maternal Birth Antibiotics Use interaction",NA,NA,FALSE
"Gut microbial network clusters (BlueViolet (at 3 months) x Vaginal Birth interaction",NA,NA,FALSE
"Gut microbial network clusters (Brown (at 3 months) x Homesmokers interaction",NA,NA,FALSE
"Gut microbial network clusters (Coral (at 1 year) x Household furry pet cat (1 Year) interaction",NA,NA,FALSE
"Gut microbial network clusters (Coral (at 1 year) x Household furry pet cat (3 Months) interaction",NA,NA,FALSE
"Gut microbial network clusters (Cyan (at 3 months) x Any Breastfeeding (3 Months) interaction",NA,NA,FALSE
"Gut microbial network clusters (Cyan (at 3 months) x Homesmokers interaction",NA,NA,FALSE
"Gut microbial network clusters (Cyan (at 3 months) x Household furry pet cat (3 Months) interaction",NA,NA,FALSE
"Gut microbial network clusters (Cyan (at 3 months) x Vaginal Birth interaction",NA,NA,FALSE
"Gut microbial network clusters (Magenta (at 1 year) x Any Breastfeeding (3 Months) interaction",NA,NA,FALSE
"Gut microbial network clusters (Magenta (at 1 year) x Any Breastfeeding (Duration) interaction",NA,NA,FALSE
"Gut microbial network clusters (Magenta (at 1 year) x Any Formula feeding  (1 Year) interaction",NA,NA,FALSE
"Gut microbial network clusters (Magenta (at 1 year) x Spring Birth (Mar-May) interaction",NA,NA,FALSE
"Gut microbial network clusters (Magenta (at 1 year) x Winter Birth (Dec-Feb) interaction",NA,NA,FALSE
"Gut microbial network clusters (Maroon (at 1 year) x Any Breastfeeding (Duration) interaction",NA,NA,FALSE
"Gut microbial network clusters (Pink (at 1 year) x Any Breastfeeding (3 Months) interaction",NA,NA,FALSE
"Gut microbial network clusters (Pink (at 1 year) x Any Breastfeeding (Duration) interaction",NA,NA,FALSE
"Gut microbial network clusters (Pink (at 1 year) x Exclusive Breastfeeding (Duration) interaction",NA,NA,FALSE
"Gut microbial network clusters (Pink (at 1 year) x Homesmokers interaction",NA,NA,FALSE
"Gut microbial network clusters (Pink (at 1 year) x Household furry pet cat or dog (1 Year) interaction",NA,NA,FALSE
"Gut microbial network clusters (Pink (at 1 year) x Household furry pet dog (1 Year) interaction",NA,NA,FALSE
"Gut microbial network clusters (Pink (at 1 year) x Household furry pet dog (3 Months) interaction",NA,NA,FALSE
"Gut microbial network clusters (Pink (at 1 year) x Vaginal Birth interaction",NA,NA,FALSE
"Gut microbial network clusters (Purple (at 1 year) x Exclusive Breastfeeding (6 Months) interaction",NA,NA,FALSE
"Gut microbial network clusters (Purple (at 1 year) x Household furry pet cat (1 Year) interaction",NA,NA,FALSE
"Gut microbial network clusters (Purple (at 1 year) x Household furry pet cat (3 Months) interaction",NA,NA,FALSE
"Gut microbial network clusters (Purple (at 1 year) x Household furry pet dog (3 Months) interaction",NA,NA,FALSE
"Gut microbial network clusters (Purple (at 1 year) x Vaginal Birth interaction",NA,NA,FALSE
"Gut microbial network clusters (Red (at 1 year) x Birth Weight interaction",NA,NA,FALSE
"Gut microbial network clusters (Salmon (at 1 year) x Any Breastfeeding (3 Months) interaction",NA,NA,FALSE
"Gut microbial network clusters (Salmon (at 1 year) x Any Breastfeeding (Duration) interaction",NA,NA,FALSE
"Gut microbial network clusters (Salmon (at 1 year) x Any Formula feeding (3 Months) interaction",NA,NA,FALSE
"Gut microbial network clusters (Salmon (at 1 year) x Exclusive Breastfeeding (3 Months) interaction",NA,NA,FALSE
"Gut microbial network clusters (Salmon (at 1 year) x Household furry pet dog (1 Year) interaction",NA,NA,FALSE
"Gut microbial network clusters (Salmon (at 1 year) x Household furry pet dog (3 Months) interaction",NA,NA,FALSE
"Gut microbial network clusters (Salmon (at 1 year) x Spring Birth (Mar-May) interaction",NA,NA,FALSE
"Gut microbial network clusters (Salmon (at 1 year) x Vaginal Birth interaction",NA,NA,FALSE
"Gut microbial network clusters (Salmon (at 1 year) x Winter Birth (Dec-Feb) interaction",NA,NA,FALSE
"Gut microbial network clusters (Salmon) (at 1 year)",NA,NA,FALSE
"Gut microbial network clusters (Sienna (at 1 year) x Fall Birth (Sept-Nov) interaction",NA,NA,FALSE
"Gut microbial network clusters (Sienna (at 1 year) x Household furry pet dog (3 Months) interaction",NA,NA,FALSE
"Gut microbial network clusters (SkyBlue (at 3 months) x Any Breastfeeding (3 Months) interaction",NA,NA,FALSE
"Gut microbial network clusters (SkyBlue (at 3 months) x Household furry pet cat (3 Months) interaction",NA,NA,FALSE
"Gut microbial network clusters (Tan (at 3 months) x Summer Birth (Jun-Aug) interaction",NA,NA,FALSE
"Gut microbial network clusters (Turquoise (at 3 months) x Any Breastfeeding (3 Months) interaction",NA,NA,FALSE
"Gut microbial network clusters (Turquoise (at 3 months) x Homesmokers interaction",NA,NA,FALSE
"Gut microbial network clusters (Turquoise (at 3 months) x Household furry pet cat (3 Months) interaction",NA,NA,FALSE
"Gut microbial network clusters (Turquoise (at 3 months) x Spring Birth (Mar-May) interaction",NA,NA,FALSE
"Gut microbial network clusters (Yellow (at 1 year) x Vaginal Birth interaction",NA,NA,FALSE
"Gut microbiome abundance (class Anaerostipes sp. (at 3 months) x Any Breastfeeding (3 Months) interaction",NA,NA,FALSE
"Gut microbiome abundance (class Anaerostipes sp. (at 3 months) x Fall Birth (Sept-Nov) interaction",NA,NA,FALSE
"Gut microbiome abundance (class Bacteroides sp. 23 (at 1 year) x Exclusive Breastfeeding (6 Months) interaction",NA,NA,FALSE
"Gut microbiome abundance (class Bacteroides sp. 23 (at 1 year) x Household furry pet cat (1 Year) interaction",NA,NA,FALSE
"Gut microbiome abundance (class Bacteroides sp. 32 (at 3 months) x Household furry pet cat (3 Months) interaction",NA,NA,FALSE
"Gut microbiome abundance (class Bacteroides sp. 52 (at 1 year) x Any Breastfeeding (3 Months) interaction",NA,NA,FALSE
"Gut microbiome abundance (class Bacteroides sp. 52 (at 1 year) x Any Breastfeeding (Duration) interaction",NA,NA,FALSE
"Gut microbiome abundance (class Bacteroides sp. 52 (at 1 year) x Summer Birth (Jun-Aug) interaction",NA,NA,FALSE
"Gut microbiome abundance (class Bacteroides sp. 6) (at 1 year)",NA,NA,FALSE
"Gut microbiome abundance (class Bacteroides sp. 61 (at 1 year) x Household furry pet cat (1 Year) interaction",NA,NA,FALSE
"Gut microbiome abundance (class Bacteroides sp. 8 (at 1 year) x Any household furry Pets (3 Months)  interaction",NA,NA,FALSE
"Gut microbiome abundance (class Bacteroides sp. 8 (at 1 year) x Fall Birth (Sept-Nov) interaction",NA,NA,FALSE
"Gut microbiome abundance (class Bacteroides sp. 8 (at 1 year) x Household furry pet cat (1 Year) interaction",NA,NA,FALSE
"Gut microbiome abundance (class Bacteroides sp. 8 (at 1 year) x Household furry pet cat (3 Months) interaction",NA,NA,FALSE
"Gut microbiome abundance (class Bacteroides sp. 8 (at 1 year) x Spring Birth (Mar-May) interaction",NA,NA,FALSE
"Gut microbiome abundance (class Bacteroides sp. 8 (at 1 year) x Summer Birth (Jun-Aug) interaction",NA,NA,FALSE
"Gut microbiome abundance (class Bacteroides thetaiotaomicron (at 1 year) x Fall Birth (Sept-Nov) interaction",NA,NA,FALSE
"Gut microbiome abundance (class Bacteroides thetaiotaomicron (at 3 months) x Homesmokers interaction",NA,NA,FALSE
"Gut microbiome abundance (class Bifidobacterium animalis (at 1 year) x Any Formula feeding (3 Months) interaction",NA,NA,FALSE
"Gut microbiome abundance (class Bifidobacterium animalis (at 1 year) x Exclusive Breastfeeding (3 Months) interaction",NA,NA,FALSE
"Gut microbiome abundance (class Bifidobacterium animalis (at 1 year) x Exclusive Breastfeeding (Duration) interaction",NA,NA,FALSE
"Gut microbiome abundance (class Bifidobacterium longum (at 1 year) x Any Breastfeeding (3 Months) interaction",NA,NA,FALSE
"Gut microbiome abundance (class Bifidobacterium longum (at 3 months) x Any Breastfeeding (3 Months) interaction",NA,NA,FALSE
"Gut microbiome abundance (class Bifidobacterium longum (at 3 months) x Homesmokers interaction",NA,NA,FALSE
"Gut microbiome abundance (class Blautia obeum (at 1 year) x Vaginal Birth interaction",NA,NA,FALSE
"Gut microbiome abundance (class Blautia obeum (at 3 months) x Winter Birth (Dec-Feb) interaction",NA,NA,FALSE
"Gut microbiome abundance (class Blautia sp. 9 (at 1 year) x Any Breastfeeding (3 Months) interaction",NA,NA,FALSE
"Gut microbiome abundance (class Blautia sp. 9 (at 1 year) x Birth Weight interaction",NA,NA,FALSE
"Gut microbiome abundance (class Clostridium sensu stricto sp. (at 1 year) x Exclusive Breastfeeding (6 Months) interaction",NA,NA,FALSE
"Gut microbiome abundance (class Clostridium sensu stricto sp. (at 3 months) x Household furry pet cat (3 Months) interaction",NA,NA,FALSE
"Gut microbiome abundance (class Clostridium sensu stricto sp. 17 (at 1 year) x Any Breastfeeding (3 Months) interaction",NA,NA,FALSE
"Gut microbiome abundance (class Clostridium sensu stricto sp. 17 (at 1 year) x Exclusive Breastfeeding (6 Months) interaction",NA,NA,FALSE
"Gut microbiome abundance (class Clostridium sensu stricto sp. 17 (at 1 year) x Household furry pet dog (3 Months) interaction",NA,NA,FALSE
"Gut microbiome abundance (class Clostridium sensu stricto sp. 17 (at 1 year) x Vaginal Birth interaction",NA,NA,FALSE
"Gut microbiome abundance (class Clostridium sensu stricto sp. 17 (at 1 year) x Winter Birth (Dec-Feb) interaction",NA,NA,FALSE
"Gut microbiome abundance (class Clostridium sensu stricto sp. 17 (at 3 months) x Household furry pet dog (3 Months) interaction",NA,NA,FALSE
"Gut microbiome abundance (class Clostridium sensu stricto sp. 33 (at 1 year) x Homesmokers interaction",NA,NA,FALSE
"Gut microbiome abundance (class Enterobacter cloacae (at 3 months) x Household furry pet cat (3 Months) interaction",NA,NA,FALSE
"Gut microbiome abundance (class Hungatella sp. 1 (at 1 year) x Household furry pet dog (3 Months) interaction",NA,NA,FALSE
"Gut microbiome abundance (class Klebsiella oxytoca (at 1 year) x Exclusive Breastfeeding (3 Months) interaction",NA,NA,FALSE
"Gut microbiome abundance (class Klebsiella oxytoca (at 1 year) x Maternal Birth Antibiotics Use interaction",NA,NA,FALSE
"Gut microbiome abundance (class Klebsiella oxytoca (at 1 year) x Winter Birth (Dec-Feb) interaction",NA,NA,FALSE
"Gut microbiome abundance (class Lachnospiraceae UCG-001 sp. 2 (at 1 year) x Any Formula feeding (3 Months) interaction",NA,NA,FALSE
"Gut microbiome abundance (class Lachnospiraceae UCG-001 sp. 2 (at 1 year) x Exclusive Breastfeeding (3 Months) interaction",NA,NA,FALSE
"Gut microbiome abundance (class Lachnospiraceae UCG-001 sp. 2 (at 1 year) x Homesmokers interaction",NA,NA,FALSE
"Gut microbiome abundance (class Monoglobus sp. (at 1 year) x Vaginal Birth interaction",NA,NA,FALSE
"Gut microbiome abundance (class Parasutterella sp. 1 (at 1 year) x Homesmokers interaction",NA,NA,FALSE
"Gut microbiome abundance (class Parasutterella sp. 1 (at 1 year) x Vaginal Birth interaction",NA,NA,FALSE
"Gut microbiome abundance (class Roseburia sp. 7 (at 1 year) x Any Breastfeeding (12 Months) interaction",NA,NA,FALSE
"Gut microbiome abundance (class Ruminococcus sp. 4 (at 1 year) x Homesmokers interaction",NA,NA,FALSE
"Gut microbiome abundance (class Terrisporobacter sp. 2 (at 1 year) x Household furry pet dog (3 Months) interaction",NA,NA,FALSE
"Gut microbiome abundance (class Tyzzerella sp. 3 (at 3 months) x Any Breastfeeding (3 Months) interaction",NA,NA,FALSE
"Gut microbiome abundance (class Tyzzerella sp. 3 (at 3 months) x Winter Birth (Dec-Feb) interaction",NA,NA,FALSE
"Gut microbiome abundance (class Veillonella atypica) (at 3 months)",NA,NA,FALSE
"Gut microbiome abundance (class Veillonella sp. 5 (at 1 year) x Vaginal Birth interaction",NA,NA,FALSE
"Gut microbiome abundance (class [Clostridium] innocuum  sp. (at 3 months) x Any Breastfeeding (3 Months) interaction",NA,NA,FALSE
"Gut microbiome abundance (class [Clostridium] innocuum  sp. (at 3 months) x Winter Birth (Dec-Feb) interaction",NA,NA,FALSE
"Gut microbiota (bacterial taxa)",NA,NA,FALSE
"Gut microbiota (bacterial taxa, hurdle binary method)",NA,NA,FALSE
"Gut microbiota abundance (genus Erysipelatoclostridium id.11381)",NA,NA,FALSE
"Gut microbiota abundance (genus Oxalobacter id.2978)",NA,NA,FALSE
"Gynecologic disease",NA,NA,FALSE
"Gynecologic disease (multivariate analysis)",NA,NA,FALSE
"Gynoid bone mass",NA,NA,FALSE
"H6PD protein levels",NA,NA,FALSE
"HAGH/PKLR protein level ratio",NA,NA,FALSE
"HBEGF/PLXNA4 protein level ratio",NA,NA,FALSE
"HBEGF/WWP2 protein level ratio",NA,NA,FALSE
"HBZ protein levels",NA,NA,FALSE
"HCG22 protein levels",NA,NA,FALSE
"HDGF protein levels",NA,NA,FALSE
"HDGFL2 protein levels",NA,NA,FALSE
"HDL cholesterol",NA,NA,FALSE
"HDL cholesterol levels",NA,NA,FALSE
"HDL cholesterol levels (UKB data field 30760)",NA,NA,FALSE
"HDL cholesterol levels x alcohol consumption (drinkers vs non-drinkers) interaction (2df)",NA,NA,FALSE
"HDL cholesterol levels x alcohol consumption (regular vs non-regular drinkers) interaction (2df)",NA,NA,FALSE
"HDL cholesterol x physical activity interaction (2df test)",NA,NA,FALSE
"HDL levels x fish oil supplementation interaction (2df)",NA,NA,FALSE
"HEPACAM2 protein levels",NA,NA,FALSE
"HEXIM1 protein levels",NA,NA,FALSE
"HEXIM1/IKBKG protein level ratio",NA,NA,FALSE
"HEXIM1/IPCEF1 protein level ratio",NA,NA,FALSE
"HEXIM1/TARBP2 protein level ratio",NA,NA,FALSE
"HEXIM1/TBL1X protein level ratio",NA,NA,FALSE
"HGF protein levels",NA,NA,FALSE
"HGF/PLAUR protein level ratio",NA,NA,FALSE
"HGFAC protein levels",NA,NA,FALSE
"HIV setpoint viral load",NA,NA,FALSE
"HIV-1 control",NA,NA,FALSE
"HIV-1 susceptibility",NA,NA,FALSE
"HLA A protein levels",NA,NA,FALSE
"HLA DRA protein levels",NA,NA,FALSE
"HLA E protein levels",NA,NA,FALSE
"HLA class I histocompatibility antigen, alpha chain G levels",NA,NA,FALSE
"HLA-A protein levels",NA,NA,FALSE
"HLA-C levels",NA,NA,FALSE
"HMBS/PKLR protein level ratio",NA,NA,FALSE
"HMBS/UBAC1 protein level ratio",NA,NA,FALSE
"HP protein levels",NA,NA,FALSE
"HPR protein levels",NA,NA,FALSE
"HRAS-like suppressor 3 protein levels (SomaScan ID:13710-6)",NA,NA,FALSE
"HRG protein levels",NA,NA,FALSE
"HSBP1 protein levels",NA,NA,FALSE
"HSD11B1 protein levels",NA,NA,FALSE
"HSPA1A/MGLL protein level ratio",NA,NA,FALSE
"HSPB1/PLIN3 protein level ratio",NA,NA,FALSE
"HSPB6 protein levels",NA,NA,FALSE
"HTLV-1 associated myelopathy",NA,NA,FALSE
"HTRA2/SIAE protein level ratio",NA,NA,FALSE
"HYAL1 protein levels",NA,NA,FALSE
"HYOU1 protein levels",NA,NA,FALSE
"Habitual snoring (meta 10 areas)",NA,NA,FALSE
"Haematocrit percentage (UKB data field 30030)",NA,NA,FALSE
"Haemoglobin concentration (UKB data field 30020)",NA,NA,FALSE
"Haemorrhoidal disease",NA,NA,FALSE
"Hair color",NA,NA,FALSE
"Hand grip strength",NA,NA,FALSE
"Hand grip strength (Mahalanobis distance)",NA,NA,FALSE
"Hand grip strength (baseline)",NA,NA,FALSE
"Hand grip strength right (UKB data field 47)",NA,NA,FALSE
"Handedness (non-right-handed vs right-handed)",NA,NA,FALSE
"Haptoglobin levels",NA,NA,FALSE
"Hay fever and/or eczema",NA,NA,FALSE
"Head width to body height ratio",NA,NA,FALSE
"Head width to leg length ratio",NA,NA,FALSE
"Headache or type 2 diabetes",NA,NA,FALSE
"Hearing (confirmatory factor analysis Factor 32)",NA,NA,FALSE
"Hearing aid use",NA,NA,FALSE
"Hearing difficulty",NA,NA,FALSE
"Hearing loss",NA,NA,FALSE
"Hearing loss (PheCode 389)",NA,NA,FALSE
"Hearing problems",NA,NA,FALSE
"Heart failure",NA,NA,FALSE
"Heart failure (MTAG)",NA,NA,FALSE
"Heart failure (multivariate analysis)",NA,NA,FALSE
"Heart failure with reduced ejection fraction",NA,NA,FALSE
"Heart rate",NA,NA,FALSE
"Heart rate response to recovery post exercise (20 sec)",NA,NA,FALSE
"Heat shock 27 kDa protein levels",NA,NA,FALSE
"Heat shock 70 kDa protein 1A protein levels (SomaScan ID:3403-1)",NA,NA,FALSE
"Heel bone mineral density",NA,NA,FALSE
"Heel bone mineral density x serum urate levels interaction",NA,NA,FALSE
"Height",NA,NA,FALSE
"Height (baseline)",NA,NA,FALSE
"Height (maximum, inv-normal transformed)",NA,NA,FALSE
"Height (standard GWA)",NA,NA,FALSE
"Height (weighted GWA)",NA,NA,FALSE
"Help-seeking from a GP",NA,NA,FALSE
"Hemangioma and lymphangioma, any site (PheCode 228)",NA,NA,FALSE
"Hemangioma of skin and subcutaneous tissue (PheCode 228.1)",NA,NA,FALSE
"Hematemesis (PheCode 578.1)",NA,NA,FALSE
"Hematocrit",NA,NA,FALSE
"Hematological traits (multi-trait analysis)",NA,NA,FALSE
"Hematology traits",NA,NA,FALSE
"Hemoglobin",NA,NA,FALSE
"Hemoglobin A1c (HbA1c, maximum, inv-norm transformed)",NA,NA,FALSE
"Hemoglobin A1c (HbA1c, mean, inv-norm transformed)",NA,NA,FALSE
"Hemoglobin A1c (HbA1c, minimum, inv-norm transformed)",NA,NA,FALSE
"Hemoglobin A1c levels",NA,NA,FALSE
"Hemoglobin concentration",NA,NA,FALSE
"Hemoglobin levels",NA,NA,FALSE
"Hemoglobin subunit theta-1 levels",NA,NA,FALSE
"Hemorrhage or hematoma complicating a procedure (PheCode 850)",NA,NA,FALSE
"Hepatic cancer",NA,NA,FALSE
"Hepatitis",NA,NA,FALSE
"Hepatitis B",NA,NA,FALSE
"Hepatitis B (viral clearance)",NA,NA,FALSE
"Hepatocellular carcinoma",NA,NA,FALSE
"Hepatocellular carcinoma in alcohol related cirrhosis",NA,NA,FALSE
"Hepatocyte growth factor activator (analyte X3617.80) levels",NA,NA,FALSE
"Hepatocyte growth factor activator (analyte X8385.248) levels",NA,NA,FALSE
"Hepatocyte growth factor activator level in Chronic kidney disease with hypertension and no diabetes (3617_80)",NA,NA,FALSE
"Hepatocyte growth factor activator level in Chronic kidney disease with hypertension and no diabetes (8385_248)",NA,NA,FALSE
"Hepatocyte growth factor activator levels",NA,NA,FALSE
"Hepatocyte growth factor levels",NA,NA,FALSE
"Hepatocyte growth factor-like protein level in Chronic kidney disease with hypertension and no diabetes (4407_10)",NA,NA,FALSE
"Hepatocyte growth factor-like protein levels",NA,NA,FALSE
"Hepatoma-derived growth factor (analyte X16758.96) levels",NA,NA,FALSE
"Hepatoma-derived growth factor (analyte X8953.47) levels",NA,NA,FALSE
"Hepatoma-derived growth factor levels",NA,NA,FALSE
"Hepcidin concentration",NA,NA,FALSE
"Hernia",NA,NA,FALSE
"Hernia (any subtypes)",NA,NA,FALSE
"Herring liking",NA,NA,FALSE
"Hiatus hernia",NA,NA,FALSE
"Hidradenitis suppurativa","Other psychiatric","Disorder",TRUE
"High blood pressure / hypertension",NA,NA,FALSE
"High cholesterol",NA,NA,FALSE
"High density lipoprotein cholesterol levels",NA,NA,FALSE
"High fluorescence immature platelet fraction",NA,NA,FALSE
"High light scatter reticulocyte count",NA,NA,FALSE
"High light scatter reticulocyte count (UKB data field 30300)",NA,NA,FALSE
"High light scatter reticulocyte percentage (UKB data field 30290)",NA,NA,FALSE
"High light scatter reticulocyte percentage of red cells",NA,NA,FALSE
"High mobility group protein 20A protein levels (SomaScan ID:8644-46)",NA,NA,FALSE
"High myopia",NA,NA,FALSE
"High-density lipoprotein levels",NA,NA,FALSE
"High-density lipoprotein levels (MTAG)",NA,NA,FALSE
"High-grade serous ovarian cancer",NA,NA,FALSE
"Highest math class taken",NA,NA,FALSE
"Hip circumference",NA,NA,FALSE
"Hip circumference (UKB data field 49)",NA,NA,FALSE
"Hip circumference adjusted for BMI",NA,NA,FALSE
"Hip circumference variance",NA,NA,FALSE
"Hip index",NA,NA,FALSE
"Hip shape mode 1",NA,NA,FALSE
"Hip shape mode 10",NA,NA,FALSE
"Hip shape mode 2",NA,NA,FALSE
"Hip shape mode 3",NA,NA,FALSE
"Hip shape mode 8",NA,NA,FALSE
"Hip width to body height ratio",NA,NA,FALSE
"HippSubfield lh volume CA4-body",NA,NA,FALSE
"HippSubfield lh volume GC-ML-DG-body",NA,NA,FALSE
"HippSubfield lh volume Whole-hippocampal-body",NA,NA,FALSE
"HippSubfield lh volume Whole-hippocampus",NA,NA,FALSE
"HippSubfield rh volume CA4-body",NA,NA,FALSE
"HippSubfield rh volume GC-ML-DG-body",NA,NA,FALSE
"HippSubfield rh volume Hippocampal-tail",NA,NA,FALSE
"HippSubfield rh volume Whole-hippocampal-body",NA,NA,FALSE
"HippSubfield rh volume Whole-hippocampal-head",NA,NA,FALSE
"HippSubfield rh volume subiculum-body",NA,NA,FALSE
"Hippocampal left GC-ML-DG volume (body)",NA,NA,FALSE
"Hippocampal left GC-ML-DG volume (head)",NA,NA,FALSE
"Hippocampal right GC-ML-DG volume (body)",NA,NA,FALSE
"Hippocampal right GC-ML-DG volume (head)",NA,NA,FALSE
"Hippocampal subfield left CA1 volume (head)",NA,NA,FALSE
"Hippocampal subfield left CA4 volume (head)",NA,NA,FALSE
"Hippocampal subfield right CA1 volume (body)",NA,NA,FALSE
"Hippocampal subfield right CA1 volume (head)",NA,NA,FALSE
"Hippocampal subfield right CA3 volume (body)",NA,NA,FALSE
"Hippocampal subfield right CA4 volume (body)",NA,NA,FALSE
"Hippocampal subfield right CA4 volume (head)",NA,NA,FALSE
"Hippocampal tail volume (corrected for total hippocampal volume)",NA,NA,FALSE
"Hippocampal volume",NA,NA,FALSE
"Histidine levels",NA,NA,FALSE
"Histidine levels (UKB data field 23463)",NA,NA,FALSE
"Histone-lysine N-methyltransferase EHMT2 levels",NA,NA,FALSE
"Hodgkin's lymphoma",NA,NA,FALSE
"Homeobox protein DLX-4 levels",NA,NA,FALSE
"Hot flashes or menopausal hormone therapy",NA,NA,FALSE
"Household income",NA,NA,FALSE
"Household income (MTAG)",NA,NA,FALSE
"Human milk oligosaccharide concentration (lacto-N-fucopentaose III) in non-secretors",NA,NA,FALSE
"Humerus length to body height ratio",NA,NA,FALSE
"Hunner-type interstitial cystitis or rheumatoid arthritis (MTAG)",NA,NA,FALSE
"Hydrolysed wheat protein allergy",NA,NA,FALSE
"Hyper-haemoglobinised percentage of red cells",NA,NA,FALSE
"Hypercalcemia (PheCode 275.6)",NA,NA,FALSE
"Hyperlipidemia (PheCode 272.1)",NA,NA,FALSE
"Hypermetropia (PheCode 367.8)",NA,NA,FALSE
"Hyperopia",NA,NA,FALSE
"Hyperparathyroidism (PheCode 252.1)",NA,NA,FALSE
"Hyperplasia of prostate (PheCode 600)",NA,NA,FALSE
"Hypertension",NA,NA,FALSE
"Hypertension (PheCode 401)",NA,NA,FALSE
"Hypertension (confirmatory factor analysis Factor 12)",NA,NA,FALSE
"Hypertension complicating pregnancy",NA,NA,FALSE
"Hyperthyroidism",NA,NA,FALSE
"Hypertrophic cardiomyopathy",NA,NA,FALSE
"Hypertrophic cardiomyopathy (MTAG)",NA,NA,FALSE
"Hypertrophic obstructive cardiomyopathy (PheCode 425.11)",NA,NA,FALSE
"Hyperuricemia",NA,NA,FALSE
"Hyperuricemia in high phosphorous intake",NA,NA,FALSE
"Hyperuricemia in high vitamin E intake",NA,NA,FALSE
"Hyperuricemia in low fat intake",NA,NA,FALSE
"Hyperuricemia in low fiber intake",NA,NA,FALSE
"Hyperuricemia in low potassium intake",NA,NA,FALSE
"Hyperuricemia in low protein intake",NA,NA,FALSE
"Hyperuricemia in low vitamin A intake",NA,NA,FALSE
"Hyperuricemia in low vitamin B2 intake",NA,NA,FALSE
"Hypogonadism",NA,NA,FALSE
"Hypospadias",NA,NA,FALSE
"Hypothyroidism",NA,NA,FALSE
"Hypothyroidism (PheCode 244)",NA,NA,FALSE
"Hypothyroidism NOS (PheCode 244.4)",NA,NA,FALSE
"Hypothyroidism or rheumatoid arthritis (pleiotropy)",NA,NA,FALSE
"Hypotony of eye (PheCode 360.3)",NA,NA,FALSE
"ICAM2 protein levels",NA,NA,FALSE
"ICD10 B35.1: Tinea unguium",NA,NA,FALSE
"ICD10 C18, C19, C20: colorectal cancer",NA,NA,FALSE
"ICD10 C56: Malignant neoplasm of ovary",NA,NA,FALSE
"ICD10 D25: Leiomyoma of uterus",NA,NA,FALSE
"ICD10 J35: Chronic diseases of tonsils and adenoids",NA,NA,FALSE
"ICD10 J36: Peritonsillar abscess",NA,NA,FALSE
"ICD10 K22.1: Ulcer of esophagus",NA,NA,FALSE
"ICD10 K44: Diaphragmatic hernia",NA,NA,FALSE
"ICD10 K50, K51: inflammatory bowel disease",NA,NA,FALSE
"ICD10 L43: Lichen planus",NA,NA,FALSE
"ICD10 L50: Urticaria",NA,NA,FALSE
"ICD10 M54: Dorsalgia",NA,NA,FALSE
"ICD10 N83.0, N83.1, N83.2: Ovarian cyst, including follicular cyst, corpus luteum cyst, and other/unspecified ovarian cyst",NA,NA,FALSE
"ICD10 O12: Gestational oedema and proteinuria without hypertension",NA,NA,FALSE
"ICD10 O13: Gestational hypertension",NA,NA,FALSE
"IDP SWI T2star left caudate",NA,NA,FALSE
"IDP SWI T2star left pallidum",NA,NA,FALSE
"IDP SWI T2star right caudate",NA,NA,FALSE
"IDP SWI T2star right pallidum",NA,NA,FALSE
"IDP T1 FAST ROIs L hippocampus",NA,NA,FALSE
"IDP T1 FAST ROIs R hippocampus",NA,NA,FALSE
"IDP T1 FAST ROIs R subcallosal cortex",NA,NA,FALSE
"IDP dMRI ProbtrackX ICVF cst l",NA,NA,FALSE
"IDP dMRI ProbtrackX ICVF fma",NA,NA,FALSE
"IDP dMRI ProbtrackX ICVF fmi",NA,NA,FALSE
"IDP dMRI ProbtrackX ICVF slf l",NA,NA,FALSE
"IDP dMRI TBSS FA Sagittal stratum L",NA,NA,FALSE
"IDP dMRI TBSS ICVF Genu of corpus callosum",NA,NA,FALSE
"IDP dMRI TBSS ICVF Retrolenticular part of internal capsule R",NA,NA,FALSE
"IDP dMRI TBSS ICVF Sagittal stratum L",NA,NA,FALSE
"IDP dMRI TBSS ICVF Splenium of corpus callosum",NA,NA,FALSE
"IDP dMRI TBSS ICVF Superior longitudinal fasciculus L",NA,NA,FALSE
"IDP dMRI TBSS MO Posterior limb of internal capsule L",NA,NA,FALSE
"IDUA protein levels",NA,NA,FALSE
"IFNG protein levels",NA,NA,FALSE
"IFNGR1 protein levels",NA,NA,FALSE
"IFNGR2 protein levels",NA,NA,FALSE
"IGF 1 (UKB data field 30770)",NA,NA,FALSE
"IGF-like family receptor 1 levels",NA,NA,FALSE
"IGF-like family receptor 1 levels (IGFLR1.7244.16.3)",NA,NA,FALSE
"IGF1R protein levels",NA,NA,FALSE
"IGFBP2 protein levels",NA,NA,FALSE
"IGFBP3 protein levels",NA,NA,FALSE
"IGFBPL1 protein levels",NA,NA,FALSE
"IGHV3-13 protein levels",NA,NA,FALSE
"IGSF8 protein levels",NA,NA,FALSE
"IKBKG/NFATC1 protein level ratio",NA,NA,FALSE
"IKBKG/PLXNA4 protein level ratio",NA,NA,FALSE
"IKBKG/SAMD9L protein level ratio",NA,NA,FALSE
"IL-6 response to bacterial stimulus (LTA)",NA,NA,FALSE
"IL10 protein levels",NA,NA,FALSE
"IL12A or IL12B protein levels",NA,NA,FALSE
"IL12A_IL12B/LAG3 protein level ratio",NA,NA,FALSE
"IL12B protein levels",NA,NA,FALSE
"IL15 protein levels",NA,NA,FALSE
"IL15RA protein levels",NA,NA,FALSE
"IL17C protein levels",NA,NA,FALSE
"IL18BP/THBD protein level ratio",NA,NA,FALSE
"IL1R2 protein levels",NA,NA,FALSE
"IL1RAP protein levels",NA,NA,FALSE
"IL27 protein levels",NA,NA,FALSE
"IL2RA protein levels",NA,NA,FALSE
"IL34 protein levels",NA,NA,FALSE
"IL4R protein levels",NA,NA,FALSE
"IL5RA protein levels",NA,NA,FALSE
"IL6 expression at baseline in whole blood upon LPS stimulation in Lyme borreliosis",NA,NA,FALSE
"IL6ST/NRCAM protein level ratio",NA,NA,FALSE
"IL7R protein levels",NA,NA,FALSE
"IMPA1/TBCC protein level ratio",NA,NA,FALSE
"INPP1/TBCC protein level ratio",NA,NA,FALSE
"IPCEF1/SERPINE1 protein level ratio",NA,NA,FALSE
"IPCEF1/TBCC protein level ratio",NA,NA,FALSE
"IPCEF1/TXLNA protein level ratio",NA,NA,FALSE
"IRAG2 protein levels",NA,NA,FALSE
"ISEI occupational score",NA,NA,FALSE
"ISEI occupational score (MTAG)",NA,NA,FALSE
"ITGB1BP2/LAT2 protein level ratio",NA,NA,FALSE
"ITGB1BP2/MITD1 protein level ratio",NA,NA,FALSE
"ITGB1BP2/PTPN6 protein level ratio",NA,NA,FALSE
"ITGB1BP2/STAT5B protein level ratio",NA,NA,FALSE
"ITGB1BP2/USP8 protein level ratio",NA,NA,FALSE
"ITGB5/SIAE protein level ratio",NA,NA,FALSE
"ITGB7 protein levels",NA,NA,FALSE
"ITIH4 protein levels",NA,NA,FALSE
"Iatrogenic hypotension (PheCode 458.2)",NA,NA,FALSE
"Idiopathic fibrosing alveolitis (PheCode 504.1)",NA,NA,FALSE
"Idiopathic knee osteoarthritis",NA,NA,FALSE
"Idiopathic membranous nephropathy",NA,NA,FALSE
"IgA levels",NA,NA,FALSE
"IgA nephropathy",NA,NA,FALSE
"IgD on IgD+ CD38+ B cell",NA,NA,FALSE
"IgD on transitional B cell",NA,NA,FALSE
"IgD+ B cell %Lymphocyte",NA,NA,FALSE
"IgE levels",NA,NA,FALSE
"IgG antibody levels in response to SARS-CoV-2 vaccination",NA,NA,FALSE
"IgG galactosylation phenotypes (multivariate analysis)",NA,NA,FALSE
"IgG4-related disease",NA,NA,FALSE
"Imidazole lactate levels",NA,NA,FALSE
"Imidazole propionate levels",NA,NA,FALSE
"Imidazole propionate levels in elite athletes",NA,NA,FALSE
"Immature fraction of reticulocytes",NA,NA,FALSE
"Immature platelet count",NA,NA,FALSE
"Immature platelet fraction",NA,NA,FALSE
"Immature reticulocyte forward scatter",NA,NA,FALSE
"Immature reticulocyte fraction (UKB data field 30280)",NA,NA,FALSE
"Immune reponse to smallpox (secreted IFN-alpha)",NA,NA,FALSE
"Immune reponse to smallpox (secreted IL-2)",NA,NA,FALSE
"Immune response to measles vaccine (measles-specific neutralising antibody titre)",NA,NA,FALSE
"Immune response to smallpox vaccine (IL-6)",NA,NA,FALSE
"Immunity deficiency (PheCode 279.1)",NA,NA,FALSE
"Immunoglobulin lambda-like polypeptide 1 levels",NA,NA,FALSE
"Immunoglobulin superfamily member 11:Extracellular domain levels",NA,NA,FALSE
"Immunoglobulin superfamily member 8 levels",NA,NA,FALSE
"Impedance of arm left (UKB data field 23110)",NA,NA,FALSE
"Impedance of arm right (UKB data field 23109)",NA,NA,FALSE
"Impedance of whole body (UKB data field 23106)",NA,NA,FALSE
"Importin subunit alpha-3 levels",NA,NA,FALSE
"Incident atrial fibrillation",NA,NA,FALSE
"Incisional hernia (PheCode 550.6)",NA,NA,FALSE
"Income (MTAG)",NA,NA,FALSE
"Indolin-2-one levels",NA,NA,FALSE
"Infant length",NA,NA,FALSE
"Infestation (lice, mites) (PheCode 132)",NA,NA,FALSE
"Inflammation of the eye (PheCode 371)",NA,NA,FALSE
"Inflammatory bowel disease",NA,NA,FALSE
"Inflammatory bowel disease (MTAG)",NA,NA,FALSE
"Inflammatory bowel disease (Tractor method with African ancestry)",NA,NA,FALSE
"Inflammatory bowel disease (Tractor method with European ancestry)",NA,NA,FALSE
"Inflammatory bowel disease and other gasteroenteritis and colitis (PheCode 555)",NA,NA,FALSE
"Inflammatory bowel disease x sex interaction (2df)",NA,NA,FALSE
"Inflammatory conditions of jaw (PheCode 526.5)",NA,NA,FALSE
"Inflammatory markers and poor diet (confirmatory factor analysis Factor 30)",NA,NA,FALSE
"Inflammatory or infectious upper respiratory disease",NA,NA,FALSE
"Inflammatory skin disease",NA,NA,FALSE
"Influenza A (H1N1) infection",NA,NA,FALSE
"Inguinal hernia",NA,NA,FALSE
"Inguinal hernia (PheCode 550.1)",NA,NA,FALSE
"Inosine-5'-monophosphate dehydrogenase 2 levels",NA,NA,FALSE
"Inosine-5-monophosphate dehydrogenase 2 levels",NA,NA,FALSE
"Insulin levels",NA,NA,FALSE
"Insulin-like growth factor 1 levels",NA,NA,FALSE
"Insulin-related traits (multivariate analysis)",NA,NA,FALSE
"Intelligence (MTAG)",NA,NA,FALSE
"Inter-alpha-trypsin inhibitor heavy chain H1 levels",NA,NA,FALSE
"Interferon regulatory factor 9 levels",NA,NA,FALSE
"Interferon-induced GTP-binding protein Mx1 levels",NA,NA,FALSE
"Interleukin-12 receptor subunit beta-2 levels",NA,NA,FALSE
"Interleukin-12 receptor subunit beta-2 levels (IL12RB2.3815.14.1)",NA,NA,FALSE
"Interleukin-12 subunit beta levels",NA,NA,FALSE
"Interleukin-17B (analyte X14022.17) levels",NA,NA,FALSE
"Interleukin-17B (analyte X3499.77) levels",NA,NA,FALSE
"Interleukin-17B protein levels (SomaScan ID:7179-69)",NA,NA,FALSE
"Interleukin-18 receptor accessory protein (analyte X10457.3) levels",NA,NA,FALSE
"Interleukin-23 receptor levels",NA,NA,FALSE
"Interleukin-23 receptor levels (IL23R.5088.175.3)",NA,NA,FALSE
"Interleukin-34 levels",NA,NA,FALSE
"Interleukin-36 alpha levels",NA,NA,FALSE
"Interleukin-6 levels in overweight individuals",NA,NA,FALSE
"Intestinal Behcet's disease",NA,NA,FALSE
"Intracerebral hemorrhage",NA,NA,FALSE
"Intracranial aneurysm",NA,NA,FALSE
"Intracranial hemorrhage (injury) (PheCode 818)",NA,NA,FALSE
"Intralaminar thalamic nuclei volume",NA,NA,FALSE
"Intraocular pressure",NA,NA,FALSE
"Intraocular pressure (confirmatory factor analysis Factor 26)",NA,NA,FALSE
"Intrinsic capacity",NA,NA,FALSE
"Intrinsic epigenetic age acceleration",NA,NA,FALSE
"Invasive breast cancer",NA,NA,FALSE
"Invasive melanoma",NA,NA,FALSE
"Iritis",NA,NA,FALSE
"Iron deficiency anaemia",NA,NA,FALSE
"Iron deficiency anemias (PheCode 280)",NA,NA,FALSE
"Iron deficiency anemias, unspecified or notdue to blood loss (PheCode 280.1)",NA,NA,FALSE
"Iron status biomarkers (ferritin levels)",NA,NA,FALSE
"Iron status biomarkers (total iron binding capacity)",NA,NA,FALSE
"Iron status biomarkers (transferrin saturation)",NA,NA,FALSE
"Irritable bowel syndrome",NA,NA,FALSE
"Irritable bowel syndrome (MTAG)",NA,NA,FALSE
"Irritable bowel syndrome or COVID-19 susceptibility / hospitalization (MTAG)",NA,NA,FALSE
"Ischemic stroke",NA,NA,FALSE
"Ischemic stroke (cardioembolic)",NA,NA,FALSE
"Ischemic stroke or fibrinogen levels (pleiotropy)",NA,NA,FALSE
"Isoleucine levels",NA,NA,FALSE
"Itch intensity from mosquito bite",NA,NA,FALSE
"Itch intensity from mosquito bite adjusted by bite size",NA,NA,FALSE
"JAM2/THBD protein level ratio",NA,NA,FALSE
"JT interval",NA,NA,FALSE
"Jaundice (not of newborn) (PheCode 573.5)",NA,NA,FALSE
"Junctional adhesion molecule-like (analyte X8232.90) levels",NA,NA,FALSE
"Junctional adhesion molecule-like levels (AMICA1.8232.90.3)",NA,NA,FALSE
"Juvenile dermatomyositis",NA,NA,FALSE
"KEL protein levels",NA,NA,FALSE
"KIR2DL2 protein levels",NA,NA,FALSE
"KIR2DL3 protein levels",NA,NA,FALSE
"KIR3DL1 protein levels",NA,NA,FALSE
"KIRREL2 protein levels",NA,NA,FALSE
"KIT protein levels",NA,NA,FALSE
"KLB protein levels",NA,NA,FALSE
"KLK1 protein levels",NA,NA,FALSE
"KLK12 protein levels",NA,NA,FALSE
"KLK13 protein levels",NA,NA,FALSE
"KLK15 protein levels",NA,NA,FALSE
"KLRF1 protein levels",NA,NA,FALSE
"KYNU protein levels",NA,NA,FALSE
"KYNU/SCLY protein level ratio",NA,NA,FALSE
"Kawasaki disease",NA,NA,FALSE
"Keloid",NA,NA,FALSE
"Keratinocyte cancer (MTAG)",NA,NA,FALSE
"Keratoconus",NA,NA,FALSE
"Kidney cancer",NA,NA,FALSE
"Kidney medulla volume",NA,NA,FALSE
"Kidney sinus volume",NA,NA,FALSE
"Kidney stone disease",NA,NA,FALSE
"Kidney volume",NA,NA,FALSE
"Killer cell immunoglobulin-like receptor 2DL3 levels",NA,NA,FALSE
"Killer cell immunoglobulin-like receptor 2DS2 levels (KIR2DS2.10428.1.3)",NA,NA,FALSE
"Killer cell lectin-like receptor subfamily F member 1 levels (KLRF1.5098.79.3)",NA,NA,FALSE
"Kiwi liking",NA,NA,FALSE
"Klotho levels",NA,NA,FALSE
"Knee osteoarthritis",NA,NA,FALSE
"Kynureninase levels",NA,NA,FALSE
"Kynureninase levels (KYNU.4559.64.2)",NA,NA,FALSE
"LACRT protein levels",NA,NA,FALSE
"LAG3 protein levels",NA,NA,FALSE
"LAG3/VCAM1 protein level ratio",NA,NA,FALSE
"LAMB1 protein levels",NA,NA,FALSE
"LAMP1 protein levels",NA,NA,FALSE
"LAMP3 protein levels",NA,NA,FALSE
"LAT/LYN protein level ratio",NA,NA,FALSE
"LAT/PLXNA4 protein level ratio",NA,NA,FALSE
"LAT2/MANF protein level ratio",NA,NA,FALSE
"LAT2/SERPINB1 protein level ratio",NA,NA,FALSE
"LAT2/SPRY2 protein level ratio",NA,NA,FALSE
"LAT2/YES1 protein level ratio",NA,NA,FALSE
"LBP protein levels",NA,NA,FALSE
"LCAT protein levels",NA,NA,FALSE
"LCN15 protein levels",NA,NA,FALSE
"LCN2/PGLYRP1 protein level ratio",NA,NA,FALSE
"LDL (standard GWA)",NA,NA,FALSE
"LDL (weighted GWA)",NA,NA,FALSE
"LDL cholesterol",NA,NA,FALSE
"LDL cholesterol levels",NA,NA,FALSE
"LDL cholesterol levels (UKB data field 23405)",NA,NA,FALSE
"LDL cholesterol levels in current drinkers",NA,NA,FALSE
"LDL cholesterol levels x alcohol consumption (drinkers vs non-drinkers) interaction (2df)",NA,NA,FALSE
"LDL cholesterol levels x alcohol consumption (regular vs non-regular drinkers) interaction (2df)",NA,NA,FALSE
"LDL cholesterol levels x short total sleep time interaction (2df test)",NA,NA,FALSE
"LDL cholesterol levels x smoking (current vs non smokers) interaction (2df test)",NA,NA,FALSE
"LDL cholesterol levels x smoking (ever vs never smokers) interaction (2df test)",NA,NA,FALSE
"LDL cholesterol to HDL cholesterol ratio",NA,NA,FALSE
"LDL cholesterol x physical activity interaction (2df test)",NA,NA,FALSE
"LEG1 protein levels",NA,NA,FALSE
"LGALS8/TXNDC5 protein level ratio",NA,NA,FALSE
"LHPP/PKLR protein level ratio",NA,NA,FALSE
"LILRB1 protein levels",NA,NA,FALSE
"LILRB2 protein levels",NA,NA,FALSE
"LILRB4 protein levels",NA,NA,FALSE
"LIPF protein levels",NA,NA,FALSE
"LRG1 plasma levels",NA,NA,FALSE
"LRG1 protein levels",NA,NA,FALSE
"LRIG1 protein levels",NA,NA,FALSE
"LRP1 protein levels",NA,NA,FALSE
"LRPAP1 protein levels",NA,NA,FALSE
"LRRC25 protein levels",NA,NA,FALSE
"LRRN1 protein levels",NA,NA,FALSE
"LTA protein levels",NA,NA,FALSE
"LTBP3 protein levels",NA,NA,FALSE
"LY75 protein levels",NA,NA,FALSE
"LYN/SIRT2 protein level ratio",NA,NA,FALSE
"LYPD3 protein levels",NA,NA,FALSE
"LYVE1 protein levels",NA,NA,FALSE
"Lactate levels",NA,NA,FALSE
"Lactosylceramides (FA22:0)",NA,NA,FALSE
"Lactotransferrin (analyte X2780.35) levels",NA,NA,FALSE
"Lager liking",NA,NA,FALSE
"Lamb consumption",NA,NA,FALSE
"Lamb liking",NA,NA,FALSE
"Lamb or mutton consumption (UKB data field 1379)",NA,NA,FALSE
"Large artery stroke (MTAG)",NA,NA,FALSE
"Lassa fever severity",NA,NA,FALSE
"Late effect (PheCode 1012)",NA,NA,FALSE
"Lateral ventricle temporal horn volume",NA,NA,FALSE
"Lean body mass",NA,NA,FALSE
"Lectin-like oxidized LDL receptor 1 levels",NA,NA,FALSE
"Left atrial stroke volume",NA,NA,FALSE
"Left atrial stroke volume BSA indexed",NA,NA,FALSE
"Left eye overall retinal pigment epithelium thickness",NA,NA,FALSE
"Left hippocampal volume",NA,NA,FALSE
"Left hippocampal volume (body)",NA,NA,FALSE
"Left hippocampal volume (fissure)",NA,NA,FALSE
"Left hippocampal volume (head)",NA,NA,FALSE
"Left molecular layer hippocampal volume (body)",NA,NA,FALSE
"Left molecular layer hippocampal volume (head)",NA,NA,FALSE
"Left subiculum volume (head)",NA,NA,FALSE
"Left ventricle short axis",NA,NA,FALSE
"Left ventricular concentricity (left ventricular mass / left ventricular end diastolic volume)",NA,NA,FALSE
"Left ventricular end diastolic mass end diastolic volume ratio",NA,NA,FALSE
"Left-hemisphere control network to left-hemisphere default mode network white-matter structural connectivity",NA,NA,FALSE
"Left-hemisphere control network to right-hemisphere control network white-matter structural connectivity",NA,NA,FALSE
"Left-hemisphere control network to right-hemisphere default mode network white-matter structural connectivity",NA,NA,FALSE
"Left-hemisphere default mode network to left-hemisphere default mode network white-matter structural connectivity",NA,NA,FALSE
"Left-hemisphere default mode network to right-hemisphere visual network white-matter structural connectivity",NA,NA,FALSE
"Left-hemisphere salience/ventral attention network to right-hemisphere salience/ventral attention network white-matter structural connectivity",NA,NA,FALSE
"Left-hemisphere somatomotor network to left-hemisphere default mode network white-matter structural connectivity",NA,NA,FALSE
"Left-hemisphere somatomotor network to right-hemisphere salience/ventral attention network white-matter structural connectivity",NA,NA,FALSE
"Left-hemisphere visual network to left-hemisphere salience/ventral attention network white-matter structural connectivity",NA,NA,FALSE
"Left-hemisphere visual network to pallidum white-matter structural connectivity",NA,NA,FALSE
"Left–right brain asymmetry",NA,NA,FALSE
"Leg fat percentage left (UKB data field 23115)",NA,NA,FALSE
"Leg fat percentage right (UKB data field 23111)",NA,NA,FALSE
"Leisure screen time",NA,NA,FALSE
"Leisure sedentary behaviour (computer use)",NA,NA,FALSE
"Leprosy",NA,NA,FALSE
"Leucine levels",NA,NA,FALSE
"Leucine-rich alpha-2-glycoprotein 1 levels in type 2 diabetes",NA,NA,FALSE
"Leucine-rich repeat and fibronectin type-III domain-containing protein 2 levels",NA,NA,FALSE
"Leucine-rich repeat and immunoglobulin-like domain-containing nogo receptor-interacting protein 1 levels",NA,NA,FALSE
"Leucine-rich repeat neuronal protein 1 levels (LRRN1.11293.14.3)",NA,NA,FALSE
"Leucine-rich repeat transmembrane neuronal protein 1 levels",NA,NA,FALSE
"Leukocyte elastase inhibitor levels",NA,NA,FALSE
"Leukocyte immunoglobulin-like receptor subfamily B member 1 levels (LILRB1.5090.49.2)",NA,NA,FALSE
"Leukocyte telomere length",NA,NA,FALSE
"Leukocyte telomere length or COVID-19 hospitalization (MTAG)",NA,NA,FALSE
"Lichen sclerosus",NA,NA,FALSE
"Lifespan",NA,NA,FALSE
"Lifetime major depressive disorder (SoftImpute)","Depression","Disorder",TRUE
"Lifetime smoking",NA,NA,FALSE
"Lifetime smoking (without educational attainment)",NA,NA,FALSE
"Light-intensity physical activity duration",NA,NA,FALSE
"Limbic system-associated membrane protein levels",NA,NA,FALSE
"Limbic system-associated membrane protein levels (LSAMP.2999.6.2)",NA,NA,FALSE
"Linoleic acid (18:2) levels",NA,NA,FALSE
"Linoleic acid levels",NA,NA,FALSE
"Linoleic acid levels (UKB data field 23449)",NA,NA,FALSE
"Linoleic acid percentage of total fatty acids",NA,NA,FALSE
"Linoleic acid to total fatty acids percentage",NA,NA,FALSE
"Linoleoyl-arachidonoyl-glycerol (18:2/20:4) [1] levels",NA,NA,FALSE
"Lipoma of skin and subcutaneous tissue (PheCode 214.1)",NA,NA,FALSE
"Lipoprotein (a) levels",NA,NA,FALSE
"Liver APEX1 levels",NA,NA,FALSE
"Liver HDGF levels",NA,NA,FALSE
"Liver abscess and sequelae of chronic liver disease (PheCode 571.8)",NA,NA,FALSE
"Liver enzyme levels (alanine transaminase)",NA,NA,FALSE
"Liver enzyme levels (alkaline phosphatase)",NA,NA,FALSE
"Liver enzyme levels (gamma-glutamyl transferase)",NA,NA,FALSE
"Liver fat",NA,NA,FALSE
"Liver iron content",NA,NA,FALSE
"Liver liking",NA,NA,FALSE
"Liver proton density fat fraction",NA,NA,FALSE
"Liver volume",NA,NA,FALSE
"Localized adiposity (PheCode 278.3)",NA,NA,FALSE
"Longevity (90 years and older)",NA,NA,FALSE
"Lordosis (MTAG)",NA,NA,FALSE
"Loss of teeth or edentulism (PheCode 525.1)",NA,NA,FALSE
"Low density lipoprotein cholesterol levels",NA,NA,FALSE
"Low fluorescent percentage of reticulocytes",NA,NA,FALSE
"Low myopia vs hyperopia",NA,NA,FALSE
"Low tan response",NA,NA,FALSE
"Low-density lipoprotein levels",NA,NA,FALSE
"Low-density lipoprotein levels (MTAG)",NA,NA,FALSE
"Lumbar disc herniation",NA,NA,FALSE
"Lung adenocarcinoma",NA,NA,FALSE
"Lung adenocarcinoma (conditioned on cigarettes per day)",NA,NA,FALSE
"Lung cancer",NA,NA,FALSE
"Lung cancer (conditioned on cigarettes per day)",NA,NA,FALSE
"Lung cancer in ever smokers",NA,NA,FALSE
"Lung cancer in never smokers",NA,NA,FALSE
"Lung cancer or family history of lung cancer",NA,NA,FALSE
"Lung function",NA,NA,FALSE
"Lung function (FEV1)",NA,NA,FALSE
"Lung function (FEV1/FVC)",NA,NA,FALSE
"Lung function (FVC)",NA,NA,FALSE
"Lung function (forced vital capacity)",NA,NA,FALSE
"Lupus (localized and systemic) (PheCode 695.4)",NA,NA,FALSE
"Lutropin-choriogonadotropic hormone receptor level in Chronic kidney disease with hypertension and no diabetes (14634_13)",NA,NA,FALSE
"Lutropin-choriogonadotropic hormone receptor levels",NA,NA,FALSE
"Lymphatic vessel endothelial hyaluronic acid receptor 1 levels",NA,NA,FALSE
"Lymphocyte antigen 86 levels",NA,NA,FALSE
"Lymphocyte count",NA,NA,FALSE
"Lymphocyte count (UKB data field 30120)",NA,NA,FALSE
"Lymphocyte percentage (UKB data field 30180)",NA,NA,FALSE
"Lymphocyte percentage of white cells",NA,NA,FALSE
"Lymphocyte side fluorescence",NA,NA,FALSE
"Lymphocyte side fluorescence distribution width",NA,NA,FALSE
"Lymphocyte side scatter distribution width",NA,NA,FALSE
"Lymphocyte-to-monocyte ratio",NA,NA,FALSE
"Lymphocytic thyroiditis",NA,NA,FALSE
"Lymphoid neoplasms (P-cell phenocluster)",NA,NA,FALSE
"Lysoalkenylphosphatidylethanolamine (P-20:0) levels",NA,NA,FALSE
"Lysophosphatidylcholine (15-MHDA) [sn2] levels",NA,NA,FALSE
"MAN1A2 protein levels",NA,NA,FALSE
"MAN2B2 protein levels",NA,NA,FALSE
"MANF/MESD protein level ratio",NA,NA,FALSE
"MANF/PTPN6 protein level ratio",NA,NA,FALSE
"MANSC1 protein levels",NA,NA,FALSE
"MAP2K6/SAMD9L protein level ratio",NA,NA,FALSE
"MAP4K5/TBCC protein level ratio",NA,NA,FALSE
"MARCO protein levels",NA,NA,FALSE
"MASP1 protein levels",NA,NA,FALSE
"MATN3 protein levels",NA,NA,FALSE
"MAVS/SH2B3 protein level ratio",NA,NA,FALSE
"MAVS/TBL1X protein level ratio",NA,NA,FALSE
"MCEMP1 protein levels",NA,NA,FALSE
"MDK protein levels",NA,NA,FALSE
"MED18/SMAD1 protein level ratio",NA,NA,FALSE
"MERTK protein levels",NA,NA,FALSE
"MET protein levels",NA,NA,FALSE
"METAP1D/PLXNA4 protein level ratio",NA,NA,FALSE
"MGLL protein levels",NA,NA,FALSE
"MGLL/MITD1 protein level ratio",NA,NA,FALSE
"MGLL/MPIG6B protein level ratio",NA,NA,FALSE
"MGLL/PDLIM7 protein level ratio",NA,NA,FALSE
"MGLL/PLA2G4A protein level ratio",NA,NA,FALSE
"MGLL/PTPN6 protein level ratio",NA,NA,FALSE
"MGLL/SHMT1 protein level ratio",NA,NA,FALSE
"MGLL/SKAP2 protein level ratio",NA,NA,FALSE
"MGLL/STK4 protein level ratio",NA,NA,FALSE
"MGLL/VTA1 protein level ratio",NA,NA,FALSE
"MHC class I polypeptide-related sequence A levels",NA,NA,FALSE
"MHC class I polypeptide-related sequence B levels",NA,NA,FALSE
"MIC-A levels",NA,NA,FALSE
"MICB or MICA protein levels",NA,NA,FALSE
"MIF/S100A4 protein level ratio",NA,NA,FALSE
"MILR1 protein levels",NA,NA,FALSE
"MITD1/TBCB protein level ratio",NA,NA,FALSE
"MITD1/TBCC protein level ratio",NA,NA,FALSE
"MLN protein levels",NA,NA,FALSE
"MLN/TNFRSF12A protein level ratio",NA,NA,FALSE
"MME protein levels",NA,NA,FALSE
"MME/NT5E protein level ratio",NA,NA,FALSE
"MMP-12 levels",NA,NA,FALSE
"MMP3 protein levels",NA,NA,FALSE
"MOG protein levels",NA,NA,FALSE
"MOG/RTBDN protein level ratio",NA,NA,FALSE
"MPIG6B/PLXNA4 protein level ratio",NA,NA,FALSE
"MRC1 protein levels",NA,NA,FALSE
"MSP plasma levels",NA,NA,FALSE
"MST1 protein levels",NA,NA,FALSE
"MTSS1-like protein level in Chronic kidney disease with hypertension and no diabetes (25252_29)",NA,NA,FALSE
"MTSS2 protein levels",NA,NA,FALSE
"MYDGF protein levels",NA,NA,FALSE
"MYOC protein levels",NA,NA,FALSE
"MZB1 protein levels",NA,NA,FALSE
"Mackerel liking",NA,NA,FALSE
"Macrocytic percentage of red cells",NA,NA,FALSE
"Macrophage inflammatory protein 1b levels",NA,NA,FALSE
"Macular degeneration (senile) of retina NOS (PheCode 362.29)",NA,NA,FALSE
"Macular degeneration, dry (PheCode 362.21)",NA,NA,FALSE
"Macular degeneration, wet (PheCode 362.22)",NA,NA,FALSE
"Macular puckering of retina (PheCode 362.26)",NA,NA,FALSE
"Macular thickness",NA,NA,FALSE
"Male puberty timing (age at voice breaking MTAG)",NA,NA,FALSE
"Male-pattern baldness",NA,NA,FALSE
"Malignant lymphoma (Non-Hodgkin lymphoma, multiple myeloma, or Hodgkin lymphoma)",NA,NA,FALSE
"Malignant melanoma",NA,NA,FALSE
"Malignant neoplasm of liver, primary (PheCode 155.1)",NA,NA,FALSE
"Mammary artery HDGF levels",NA,NA,FALSE
"Mammographic density (dense area)",NA,NA,FALSE
"Mammographic density (non-dense area)",NA,NA,FALSE
"Mannitol/sorbitol levels",NA,NA,FALSE
"Marzipan liking",NA,NA,FALSE
"Mastodynia (PheCode 613.5)",NA,NA,FALSE
"Matrilin-4 levels",NA,NA,FALSE
"Maximum habitual alcohol consumption (MTAG)",NA,NA,FALSE
"Mean arterial pressure",NA,NA,FALSE
"Mean arterial pressure (BMI adjusted)",NA,NA,FALSE
"Mean arterial pressure (BMI unadjusted)",NA,NA,FALSE
"Mean arterial pressure x alcohol consumption interaction (2df test)",NA,NA,FALSE
"Mean bone marrow fat fraction of thoracic vertebrae 8-12",NA,NA,FALSE
"Mean corpuscular haemoglobin (UKB data field 30050)",NA,NA,FALSE
"Mean corpuscular haemoglobin concentration (UKB data field 30060)",NA,NA,FALSE
"Mean corpuscular hemoglobin",NA,NA,FALSE
"Mean corpuscular hemoglobin concentration",NA,NA,FALSE
"Mean corpuscular hemoglobin variance",NA,NA,FALSE
"Mean corpuscular volume",NA,NA,FALSE
"Mean corpuscular volume (UKB data field 30040)",NA,NA,FALSE
"Mean corpuscular volume variance",NA,NA,FALSE
"Mean diameter of HDL particles",NA,NA,FALSE
"Mean diameter of VLDL particles",NA,NA,FALSE
"Mean platelet thrombocyte volume (UKB data field 30100)",NA,NA,FALSE
"Mean platelet volume",NA,NA,FALSE
"Mean platelet volume at delivery",NA,NA,FALSE
"Mean platelet volume during first trimester of pregnancy",NA,NA,FALSE
"Mean platelet volume during second trimester of pregnancy",NA,NA,FALSE
"Mean platelet volume during the postpartum period",NA,NA,FALSE
"Mean platelet volume during third trimester of pregnancy",NA,NA,FALSE
"Mean platelet volume variance",NA,NA,FALSE
"Mean reticulocyte volume",NA,NA,FALSE
"Mean reticulocyte volume (UKB data field 30260)",NA,NA,FALSE
"Mean sphered cell volume",NA,NA,FALSE
"Mean sphered cell volume (UKB data field 30270)",NA,NA,FALSE
"Mean spheric corpuscular volume",NA,NA,FALSE
"Mean volume of bilateral amygdala",NA,NA,FALSE
"Medial prefrontal thickness (unadjusted for global measures)",NA,NA,FALSE
"Medication use (HMG CoA reductase inhibitors)",NA,NA,FALSE
"Medication use (adrenergics, inhalants)",NA,NA,FALSE
"Medication use (agents acting on the renin-angiotensin system)",NA,NA,FALSE
"Medication use (antiglaucoma preparations and miotics)",NA,NA,FALSE
"Medication use (antimigraine preparations)",NA,NA,FALSE
"Medication use (antithrombotic agents)",NA,NA,FALSE
"Medication use (beta blocking agents)",NA,NA,FALSE
"Medication use (calcium channel blockers)",NA,NA,FALSE
"Medication use (diuretics)",NA,NA,FALSE
"Medication use (drugs for peptic ulcer and gastro-oesophageal reflux disease)",NA,NA,FALSE
"Medication use (drugs used in diabetes)",NA,NA,FALSE
"Medication use (glucocorticoids)",NA,NA,FALSE
"Medication use (salicylic acid and derivatives)",NA,NA,FALSE
"Medication use (thyroid preparations)",NA,NA,FALSE
"Medication use for T2D (number of purchases)",NA,NA,FALSE
"Medication use for hyperlipidemia (number of purchases)",NA,NA,FALSE
"Medication use for hypertension (number of purchases)",NA,NA,FALSE
"Medium fluorescent percentage of reticulocytes",NA,NA,FALSE
"Melanoma",NA,NA,FALSE
"Melanomas of skin (PheCode 172.11)",NA,NA,FALSE
"Melanomas of skin, dx or hx (PheCode 172.1)",NA,NA,FALSE
"Membrane frizzled-related protein levels",NA,NA,FALSE
"Menarche (age at onset)",NA,NA,FALSE
"Menopause (age at onset)",NA,NA,FALSE
"Mental health study participation (completed survey)",NA,NA,FALSE
"Merkel cell polyomavirus VP1 antibody levels",NA,NA,FALSE
"Metabolic biomarkers (multivariate analysis)",NA,NA,FALSE
"Metabolic dysfunction-associated fatty liver disease",NA,NA,FALSE
"Metabolic dysfunction-associated steatotic liver disease (MTAG)",NA,NA,FALSE
"Metabolic syndrome",NA,NA,FALSE
"Metabolite levels",NA,NA,FALSE
"Metabolite levels (1-methylimidazoleacetate; 1-methyl-4-imidazoleacetate; methylimidazoleacetic acid)",NA,NA,FALSE
"Metabolite levels (3-aminoisobutyrate; __Aminoisobutyrate)",NA,NA,FALSE
"Metabolite levels (N-formylmethionine; formylmethionine)",NA,NA,FALSE
"Metabolite levels (Pyroglutamine)",NA,NA,FALSE
"Metabolite levels (betaine)",NA,NA,FALSE
"Metabolite levels (deoxycarnitine; butyrobetaine)",NA,NA,FALSE
"Metabolite levels (glutarylcarnitine (C5); glutarylcarnitine (C5-DC); C5-DC carnitine; C5_DC_carnitine)",NA,NA,FALSE
"Metabolite levels (imidazole lactate; imidazolelactate)",NA,NA,FALSE
"Metabolite levels (linoleoyl-arachidonoyl-glycerol (18:2/20:4) [1])",NA,NA,FALSE
"Metabolite levels (ornithine)",NA,NA,FALSE
"Metabolite peak levels (QI11516)",NA,NA,FALSE
"Metabolite peak levels (QI1451)",NA,NA,FALSE
"Metabolite peak levels (QI7338)",NA,NA,FALSE
"Metabolite peak levels (QI8421)",NA,NA,FALSE
"Metabolite peak levels (QI8422)",NA,NA,FALSE
"Metabolite peak levels (QI8853)",NA,NA,FALSE
"Metabolonic lactone sulfate levels",NA,NA,FALSE
"Metastasis in stage I-III microsatellite instability low/stable colorectal cancer (time to event)",NA,NA,FALSE
"Methazolamide-induced Stevens-Johnson syndrome / toxic epidermal necrolysis",NA,NA,FALSE
"Microalbuminuria in type 1 diabetes",NA,NA,FALSE
"Microcytic percentage of red cells",NA,NA,FALSE
"Microscopic hematuria (PheCode 593.2)",NA,NA,FALSE
"Mid-trimester cervical length (latent growth curve intercept)",NA,NA,FALSE
"Migraine or fasting insulin levels",NA,NA,FALSE
"Migraine or fasting pro-insulin levels",NA,NA,FALSE
"Migraine or glucose levels",NA,NA,FALSE
"Migraine or type 2 diabetes",NA,NA,FALSE
"Mild influenza (H1N1) infection",NA,NA,FALSE
"Milk type used: Soy milk vs never have milk (UKB data field 1418)",NA,NA,FALSE
"Mitochondrial DNA copy number",NA,NA,FALSE
"Mitochondrial DNA copy number (adjusted)",NA,NA,FALSE
"Mitochondrial DNA copy number (raw)",NA,NA,FALSE
"Mitochondrial DNA heteroplasmy (chrM:16179:CA:C case-only heteroplasmy)",NA,NA,FALSE
"Mitochondrial DNA heteroplasmy (chrM:16179:CAA:C case-only heteroplasmy)",NA,NA,FALSE
"Mitochondrial DNA heteroplasmy (chrM:16182:A:AC case-only heteroplasmy)",NA,NA,FALSE
"Mitochondrial DNA heteroplasmy (chrM:16182:A:ACC case-only heteroplasmy)",NA,NA,FALSE
"Mitochondrial DNA heteroplasmy (chrM:16182:A:C case-only heteroplasmy)",NA,NA,FALSE
"Mitochondrial DNA heteroplasmy (chrM:16183:A:AC case-only heteroplasmy)",NA,NA,FALSE
"Mitochondrial DNA heteroplasmy (chrM:16183:A:ACC case-only heteroplasmy)",NA,NA,FALSE
"Mitochondrial DNA heteroplasmy (chrM:16183:A:ACCCC case-only heteroplasmy)",NA,NA,FALSE
"Mitochondrial DNA heteroplasmy (chrM:16183:AC:A case-only heteroplasmy)",NA,NA,FALSE
"Mitochondrial DNA heteroplasmy (chrM:302:A:AC case-only heteroplasmy)",NA,NA,FALSE
"Mitochondrial DNA heteroplasmy (chrM:302:A:ACC case-only heteroplasmy)",NA,NA,FALSE
"Mitochondrial DNA heteroplasmy (chrM:567:A:ACCCC case-only heteroplasmy)",NA,NA,FALSE
"Mitochondrial DNA heteroplasmy (chrM:567:A:ACCCCCC case-only heteroplasmy)",NA,NA,FALSE
"Mitochondrial DNA heteroplasmy (chrM:567:A:ACCCCCCC case-only heteroplasmy)",NA,NA,FALSE
"Mitochondrial DNA heteroplasmy (chrM:955:A:AC case-only heteroplasmy)",NA,NA,FALSE
"Mitochondrial DNA levels",NA,NA,FALSE
"Mitochondrial glutamate carrier 2 levels",NA,NA,FALSE
"Moderate to vigorous physical activity levels",NA,NA,FALSE
"Moderate-to-vigorous intensity physical activity during leisure time",NA,NA,FALSE
"Moderate-to-vigorous intensity physical activity during leisure time (MTAG)",NA,NA,FALSE
"Moesin levels",NA,NA,FALSE
"Monoacylglycerol (FA12:0)",NA,NA,FALSE
"Monoacylglycerol (FA14:0)",NA,NA,FALSE
"Monoacylglycerol (FA15:0)",NA,NA,FALSE
"Monoacylglycerol (FA16:0)",NA,NA,FALSE
"Monoacylglycerol (FA18:0)",NA,NA,FALSE
"Monocyte chemoattractant protein-1 levels",NA,NA,FALSE
"Monocyte count",NA,NA,FALSE
"Monocyte count (UKB data field 30130)",NA,NA,FALSE
"Monocyte percentage (UKB data field 30190)",NA,NA,FALSE
"Monocyte percentage of white cells",NA,NA,FALSE
"Monocyte side fluorescence",NA,NA,FALSE
"Monounsaturated fatty acid levels",NA,NA,FALSE
"Monounsaturated fatty acids",NA,NA,FALSE
"Monounsaturated fatty acids (16:1, 18:1) levels",NA,NA,FALSE
"Monounsaturated fatty acids levels (UKB data field 23447)",NA,NA,FALSE
"Monounsaturated fatty acids to total fatty acids percentage",NA,NA,FALSE
"Monounsaturated fatty acids to total fatty acids percentage (UKB data field 23454)",NA,NA,FALSE
"Morbid obesity (PheCode 278.11)",NA,NA,FALSE
"Mosaic loss of chromosome X",NA,NA,FALSE
"Mosaic loss of chromosome Y (Y chromosome dosage)",NA,NA,FALSE
"Mosquito bite size",NA,NA,FALSE
"Motion sickness",NA,NA,FALSE
"Motor premotor area (unadjusted for global measures)",NA,NA,FALSE
"Mouth ulcers",NA,NA,FALSE
"Moyamoya disease",NA,NA,FALSE
"Multi-trait sex score",NA,NA,FALSE
"Multi-trait sum score",NA,NA,FALSE
"Multiple cancers (lung cancer, gastric cancer, and squamous cell carcinoma)",NA,NA,FALSE
"Multiple long-term conditions",NA,NA,FALSE
"Multiple myeloma",NA,NA,FALSE
"Multiple myeloma (PheCode 204.4)",NA,NA,FALSE
"Multiple myeloma or monoclonal gammopathy of undetermined significance",NA,NA,FALSE
"Multiple sclerosis",NA,NA,FALSE
"Myasthenia gravis",NA,NA,FALSE
"Mycoplasmoidaceae abundance in stool",NA,NA,FALSE
"Mycoses (PheCode 117)",NA,NA,FALSE
"Myeloblastin levels",NA,NA,FALSE
"Myeloid white cell count",NA,NA,FALSE
"Myeloproliferative neoplasms (MTAG)",NA,NA,FALSE
"Myocardial infarction",NA,NA,FALSE
"Myopathy (PheCode 359.2)",NA,NA,FALSE
"Myopia",NA,NA,FALSE
"Myopia (PheCode 367.1)",NA,NA,FALSE
"Myopia (age of diagnosis)",NA,NA,FALSE
"Myopia (pathological)",NA,NA,FALSE
"Myositis",NA,NA,FALSE
"N(G),N(G)-dimethylarginine dimethylaminohydrolase 1 levels",NA,NA,FALSE
"N-acetyl-isoputreanine levels",NA,NA,FALSE
"N-desmethyl tamoxifen levels in tamoxifen-treated hormone-receptor-positive breast cancer",NA,NA,FALSE
"N-formylanthranilic acid levels",NA,NA,FALSE
"N-formylmethionine levels",NA,NA,FALSE
"N-myc-interactor protein levels (SomaScan ID:14696-45)",NA,NA,FALSE
"N-sulphoglucosamine sulphohydrolase level in Chronic kidney disease with hypertension and no diabetes (21766_50)",NA,NA,FALSE
"N2-methylguanosine levels",NA,NA,FALSE
"N6-acetyllysine levels",NA,NA,FALSE
"NAAA protein levels",NA,NA,FALSE
"NAD(P)H dehydrogenase [quinone] 1 levels",NA,NA,FALSE
"NAD(P)H-hydrate epimerase level in Chronic kidney disease with hypertension and no diabetes (16621_77)",NA,NA,FALSE
"NAD(P)H-hydrate epimerase levels",NA,NA,FALSE
"NAD-dependent protein deacylase sirtuin-5, mitochondrial levels",NA,NA,FALSE
"NADH-cytochrome b5 reductase 1 levels",NA,NA,FALSE
"NAGA protein levels",NA,NA,FALSE
"NAGLU protein levels",NA,NA,FALSE
"NCAM2 protein levels",NA,NA,FALSE
"NCAN protein levels",NA,NA,FALSE
"NECTIN2 protein levels",NA,NA,FALSE
"NECTIN4 protein levels",NA,NA,FALSE
"NEDD4-binding protein 2-like 2 levels",NA,NA,FALSE
"NELL1 protein levels",NA,NA,FALSE
"NELL2 protein levels",NA,NA,FALSE
"NFASC protein levels",NA,NA,FALSE
"NFASC/PLXNB2 protein level ratio",NA,NA,FALSE
"NME3 protein levels",NA,NA,FALSE
"NPC2 protein levels",NA,NA,FALSE
"NPHS1 protein levels",NA,NA,FALSE
"NPTX1 protein levels",NA,NA,FALSE
"NRCAM protein levels",NA,NA,FALSE
"NRCAM/NTRK2 protein level ratio",NA,NA,FALSE
"NRP1 protein levels",NA,NA,FALSE
"NSFL1C/PPME1 protein level ratio",NA,NA,FALSE
"NT-3 growth factor receptor levels",NA,NA,FALSE
"NTF3 protein levels",NA,NA,FALSE
"NTRK2 protein levels",NA,NA,FALSE
"NTRK3 protein levels",NA,NA,FALSE
"NTRK3/SCARF2 protein level ratio",NA,NA,FALSE
"NUB1/SAMD9L protein level ratio",NA,NA,FALSE
"NXPH3 protein levels",NA,NA,FALSE
"Nasopharyngeal carcinoma (SNP x SNP interaction)",NA,NA,FALSE
"Natural cytotoxicity triggering receptor 3 levels",NA,NA,FALSE
"Neonatal cytokine/chemokine levels (fetal genetic effect)",NA,NA,FALSE
"Neoplasm of uncertain behavior of skin (PheCode 173)",NA,NA,FALSE
"Neoplasm of unspecified nature of digestive system (PheCode 158)",NA,NA,FALSE
"Nephrotic syndrome without mention of glomerulonephritis (PheCode 580.2)",NA,NA,FALSE
"Nerve plexus lesions (PheCode 353.1)",NA,NA,FALSE
"Neural cell adhesion molecule 2 level in Chronic kidney disease with hypertension and no diabetes (6507_16)",NA,NA,FALSE
"Neural cell adhesion molecule 2 levels",NA,NA,FALSE
"Neural cell adhesion molecule 2 levels (NCAM2.6507.16.3)",NA,NA,FALSE
"Neural cell adhesion molecule L1-like protein levels",NA,NA,FALSE
"Neuritic plaques (SNP x SNP interaction)",NA,NA,FALSE
"Neuroblastoma (pediatric)",NA,NA,FALSE
"Neurofascin levels",NA,NA,FALSE
"Neurofascin levels (NFASC.7179.69.3)",NA,NA,FALSE
"Neurofibrillary tangles (SNP x SNP interaction)",NA,NA,FALSE
"Neuroligin-1 levels",NA,NA,FALSE
"Neuromedin-B levels",NA,NA,FALSE
"Neurotrophin-3 levels",NA,NA,FALSE
"Neutral antibody levels in response to SARS-CoV-2 vaccination",NA,NA,FALSE
"Neutropenia (PheCode 288.11)",NA,NA,FALSE
"Neutrophil count",NA,NA,FALSE
"Neutrophil forward scatter",NA,NA,FALSE
"Neutrophil percentage of granulocytes",NA,NA,FALSE
"Neutrophil percentage of white cells",NA,NA,FALSE
"Neutrophil perturbation response (side fluorescence median of neutrophil 2 at baseline measured by WDF dye)",NA,NA,FALSE
"Neutrophil side fluorescence",NA,NA,FALSE
"Neutrophil side scatter",NA,NA,FALSE
"Neutrophil-to-lymphocyte ratio",NA,NA,FALSE
"Neutrophill count (UKB data field 30140)",NA,NA,FALSE
"Neutrophill percentage (UKB data field 30200)",NA,NA,FALSE
"Neutrophils and lymphocytes in blood (confirmatory factor analysis Factor 35)",NA,NA,FALSE
"Never eat sugar vs no sugar restrictions (UKB data field 6144)",NA,NA,FALSE
"Never eat wheat vs no wheat restrictions (UKB data field 6144)",NA,NA,FALSE
"Nevirapine-induced rash",NA,NA,FALSE
"Nevus count or cutaneous melanoma",NA,NA,FALSE
"Node-level brain connectivity (multivariate analysis)",NA,NA,FALSE
"Noggin levels",NA,NA,FALSE
"Non-HDL cholesterol levels",NA,NA,FALSE
"Non-albumin protein levels",NA,NA,FALSE
"Non-alcoholic fatty liver disease or type 2 diabetes",NA,NA,FALSE
"Non-cardia gastric cancer",NA,NA,FALSE
"Non-glioblastoma glioma",NA,NA,FALSE
"Non-ischemic heart failure",NA,NA,FALSE
"Non-melanoma skin cancer",NA,NA,FALSE
"Non-oily fish consumption",NA,NA,FALSE
"Non-response to survey questionnaires: ""I don't know"" item",NA,NA,FALSE
"Non-response to survey questionnaires: ""prefer not to answer"" item",NA,NA,FALSE
"Non-small cell lung cancer",NA,NA,FALSE
"Nonalcoholic fatty liver disease",NA,NA,FALSE
"Nonalcoholic fatty liver disease (imputed)",NA,NA,FALSE
"Nonatopic asthma",NA,NA,FALSE
"Nonsyndromic cleft lip",NA,NA,FALSE
"Nonsyndromic cleft lip with cleft palate",NA,NA,FALSE
"Nonsyndromic cleft lip with or without cleft palate",NA,NA,FALSE
"Nonsyndromic cleft palate",NA,NA,FALSE
"Nonsyndromic orofacial clefts",NA,NA,FALSE
"Nontoxic multinodular goiter (PheCode 241.2)",NA,NA,FALSE
"Nontoxic nodular goiter (PheCode 241)",NA,NA,FALSE
"Nontoxic uninodular goiter (PheCode 241.1)",NA,NA,FALSE
"Normal facial asymmetry (angle of surface orientation score)",NA,NA,FALSE
"Nuclear receptor-binding protein levels",NA,NA,FALSE
"Nucleoside diphosphate kinase A protein levels (SomaScan ID:3617-80)",NA,NA,FALSE
"Number of decayed, missing and filled tooth surfaces or use of dentures",NA,NA,FALSE
"Number of non-cancer illnesses (standard GWA)",NA,NA,FALSE
"Number of non-cancer illnesses (weighted GWA)",NA,NA,FALSE
"Number of puzzles correctly solved (baseline)",NA,NA,FALSE
"Number of sexual partners",NA,NA,FALSE
"OBP2B protein levels",NA,NA,FALSE
"OMD protein levels",NA,NA,FALSE
"OMG protein levels",NA,NA,FALSE
"OPTC protein levels",NA,NA,FALSE
"Obesity",NA,NA,FALSE
"Obesity (PheCode 278.1)",NA,NA,FALSE
"Obstructive sleep apnea",NA,NA,FALSE
"Obstructive sleep apnea trait (minimum oxyhemoglobin saturation across sleep episode)",NA,NA,FALSE
"Occipital area",NA,NA,FALSE
"Occupation and workplace environment (confirmatory factor analysis Factor 5)",NA,NA,FALSE
"Occupational attainment",NA,NA,FALSE
"Occupational income",NA,NA,FALSE
"Ocular disease",NA,NA,FALSE
"Odor identification (orange)",NA,NA,FALSE
"Offspring birth weight",NA,NA,FALSE
"Oily fish consumption",NA,NA,FALSE
"Oligodendrocyte-myelin glycoprotein levels",NA,NA,FALSE
"Oligodendroglioma",NA,NA,FALSE
"Omega-3 fatty acid levels",NA,NA,FALSE
"Omega-3 fatty acids levels",NA,NA,FALSE
"Omega-3 fatty acids to Omega-6 fatty acids ratio",NA,NA,FALSE
"Omega-3 fatty acids to total fatty acids percentage",NA,NA,FALSE
"Omega-6 fatty acid levels",NA,NA,FALSE
"Omega-6 fatty acid percentage of total fatty acids",NA,NA,FALSE
"Omega-6 fatty acids levels",NA,NA,FALSE
"Omega-6 fatty acids levels (UKB data field 23445)",NA,NA,FALSE
"Omega-6 fatty acids to omega-3 fatty acids ratio",NA,NA,FALSE
"Omega-6 fatty acids to omega-3 fatty acids ratio (UKB data field 23459)",NA,NA,FALSE
"Omega-6 fatty acids to total fatty acids percentage",NA,NA,FALSE
"Open-angle glaucoma (PheCode 365.1)",NA,NA,FALSE
"Opiates and related narcotics causing adverse effects in therapeutic use (PheCode 965.1)",NA,NA,FALSE
"Optic cup area",NA,NA,FALSE
"Optic disc area",NA,NA,FALSE
"Optic disc size",NA,NA,FALSE
"Oranges liking",NA,NA,FALSE
"Orbital telorism",NA,NA,FALSE
"Orbitofrontal area (unadjusted for global measures)",NA,NA,FALSE
"Ornithine levels",NA,NA,FALSE
"Orofacial clefts",NA,NA,FALSE
"Oropharynx cancer",NA,NA,FALSE
"Osteoarthritis",NA,NA,FALSE
"Osteoarthritis (hip)",NA,NA,FALSE
"Osteoarthritis (with total hip replacement)",NA,NA,FALSE
"Osteoarthritis (with total knee replacement)",NA,NA,FALSE
"Osteoarthritis of the hip or knee",NA,NA,FALSE
"Osteochondropathies (PheCode 732)",NA,NA,FALSE
"Osteoporosis",NA,NA,FALSE
"Osteosarcoma",NA,NA,FALSE
"Other aneurysm (PheCode 442)",NA,NA,FALSE
"Other cardiomyopathy (PheCode 425.8)",NA,NA,FALSE
"Other disorders of biliary tract (PheCode 575.8)",NA,NA,FALSE
"Other disorders of cervical region (PheCode 723)",NA,NA,FALSE
"Other disorders of thyroid (PheCode 246)",NA,NA,FALSE
"Other dyschromia (PheCode 694.2)",NA,NA,FALSE
"Other endocrine disorders (PheCode 259)",NA,NA,FALSE
"Other hemoglobinopathies (PheCode 282.8)",NA,NA,FALSE
"Other hypertrophic cardiomyopathy (PheCode 425.12)",NA,NA,FALSE
"Other immunological findings (PheCode 279.7)",NA,NA,FALSE
"Other inflammatory spondylopathies (PheCode 715)",NA,NA,FALSE
"Other non-epithelial cancer of skin (PheCode 172.2)",NA,NA,FALSE
"Other nutritional deficiency (PheCode 263)",NA,NA,FALSE
"Other retinal disorders (PheCode 362)",NA,NA,FALSE
"Other specified diseases of sebaceous glands (PheCode 706.8)",NA,NA,FALSE
"Other specified disorders of plasma protein metabolism (PheCode 270.38)",NA,NA,FALSE
"Other specified osteoporosis (PheCode 743.13)",NA,NA,FALSE
"Otitis media (PheCode 381.1)",NA,NA,FALSE
"Otitis media and Eustachian tube disorders (PheCode 381)",NA,NA,FALSE
"Otoraplin levels",NA,NA,FALSE
"Otosclerosis",NA,NA,FALSE
"Overall survival in resected stage III colon cancer x oxaliplatin treatment interaction",NA,NA,FALSE
"Overt hyperthyroidism in pregnancy",NA,NA,FALSE
"Overweight, obesity and other hyperalimentation (PheCode 278)",NA,NA,FALSE
"Oxalate (ethanedioate) levels",NA,NA,FALSE
"Oxysterols receptor LXR-beta levels",NA,NA,FALSE
"P wave duration",NA,NA,FALSE
"P wave terminal force",NA,NA,FALSE
"P-selectin glycoprotein ligand 1 levels",NA,NA,FALSE
"PALM protein levels",NA,NA,FALSE
"PAPPA protein levels",NA,NA,FALSE
"PARK7/S100A4 protein level ratio",NA,NA,FALSE
"PC1 of Congitive Measures",NA,NA,FALSE
"PC4 and SFRS1-interacting protein levels",NA,NA,FALSE
"PCDHB15 protein levels",NA,NA,FALSE
"PCSK9 levels",NA,NA,FALSE
"PCSK9 levels in statin-naive individuals",NA,NA,FALSE
"PCSK9 protein levels",NA,NA,FALSE
"PCYOX1 protein levels",NA,NA,FALSE
"PDCD1/TNFRSF9 protein level ratio",NA,NA,FALSE
"PDCD5/PPCDC protein level ratio",NA,NA,FALSE
"PDGF-BB protein levels",NA,NA,FALSE
"PDGFA/SERPINE1 protein level ratio",NA,NA,FALSE
"PDGFRA protein levels",NA,NA,FALSE
"PDIA5 protein levels",NA,NA,FALSE
"PGA4 protein levels",NA,NA,FALSE
"PGLYRP2 protein levels",NA,NA,FALSE
"PHOSPHO1 protein levels",NA,NA,FALSE
"PKD2 protein levels",NA,NA,FALSE
"PKLR/PSMD9 protein level ratio",NA,NA,FALSE
"PLA2G10 protein levels",NA,NA,FALSE
"PLA2G15 protein levels",NA,NA,FALSE
"PLAT protein levels",NA,NA,FALSE
"PLAU protein levels",NA,NA,FALSE
"PLXNA4 protein levels",NA,NA,FALSE
"PLXNA4/SKAP2 protein level ratio",NA,NA,FALSE
"PLXNA4/SNAP29 protein level ratio",NA,NA,FALSE
"PLXNA4/SPRY2 protein level ratio",NA,NA,FALSE
"PLXNA4/SRPK2 protein level ratio",NA,NA,FALSE
"PLXNA4/SUSD1 protein level ratio",NA,NA,FALSE
"PLXNA4/VASH1 protein level ratio",NA,NA,FALSE
"PLXNB2 protein levels",NA,NA,FALSE
"PM20D1 protein levels",NA,NA,FALSE
"PNP protein levels",NA,NA,FALSE
"PODXL2 protein levels",NA,NA,FALSE
"PODXL2/SEZ6L protein level ratio",NA,NA,FALSE
"POMC protein levels",NA,NA,FALSE
"PPD induced TNFa level after BCG vaccination",NA,NA,FALSE
"PPP1R2/STK4 protein level ratio",NA,NA,FALSE
"PR domain zinc finger protein 1 levels (PRDM1.14197.2.3)",NA,NA,FALSE
"PR interval",NA,NA,FALSE
"PRDX5 protein levels",NA,NA,FALSE
"PRG2 protein levels",NA,NA,FALSE
"PRKAR2A protein levels",NA,NA,FALSE
"PRKC apoptosis WT1 regulator protein levels",NA,NA,FALSE
"PROC protein levels",NA,NA,FALSE
"PROCR protein levels",NA,NA,FALSE
"PRR4 protein levels",NA,NA,FALSE
"PRSS27 protein levels",NA,NA,FALSE
"PRTN3 protein levels",NA,NA,FALSE
"PSAP protein levels",NA,NA,FALSE
"PSAPL1 protein levels",NA,NA,FALSE
"PSPN protein levels",NA,NA,FALSE
"PT international normalized ratio (INR, maximum, inv-norm transformed)",NA,NA,FALSE
"PT international normalized ratio (INR, mean, inv-norm transformed)",NA,NA,FALSE
"PT international normalized ratio (INR, minimum, inv-norm transformed)",NA,NA,FALSE
"PTN protein levels",NA,NA,FALSE
"PTPRF protein levels",NA,NA,FALSE
"PTPRN2/RTBDN protein level ratio",NA,NA,FALSE
"PTPRS protein levels",NA,NA,FALSE
"PTPRZ1 protein levels",NA,NA,FALSE
"Paediatric migraine",NA,NA,FALSE
"Pain (pleiotropy)",NA,NA,FALSE
"Pain intensity (NRS pain scale 0-11)",NA,NA,FALSE
"Pain intensity (NRS pain scale 1-11)",NA,NA,FALSE
"Pain intensity (without opioid use disorder)",NA,NA,FALSE
"Pallidum iron levels (R2* MRI)",NA,NA,FALSE
"Pallidum iron levels (quantitative susceptibility mapping)",NA,NA,FALSE
"Palmitoleoyl-linoleoyl-glycerol (16:1/18:2) [1] levels",NA,NA,FALSE
"Pancreatic cancer (PheCode 157)",NA,NA,FALSE
"Papillary renal cell carcinoma",NA,NA,FALSE
"Pappalysin-1 levels",NA,NA,FALSE
"Parabacteroides johnsonii abundance in stool",NA,NA,FALSE
"Paralytic ileus (PheCode 560.1)",NA,NA,FALSE
"Paraneoplastic antigen Ma2 levels",NA,NA,FALSE
"Parathyroid hormone protein levels (SomaScan ID:8351-17)",NA,NA,FALSE
"Parental longevity (father's age at death or father's attained age)",NA,NA,FALSE
"Parental longevity (father's attained age)",NA,NA,FALSE
"Parental longevity (mother's age at death or mother's attained age)",NA,NA,FALSE
"Parental longevity (mother's attained age)",NA,NA,FALSE
"Parsopercularis area (unadjusted for global measures)",NA,NA,FALSE
"Participation in an health questionnaire (not invited vs invited)",NA,NA,FALSE
"Patatin-like phospholipase domain-containing protein 2 levels",NA,NA,FALSE
"Peak expiratory flow",NA,NA,FALSE
"Peak expiratory flow (UKB data field 3064)",NA,NA,FALSE
"Pediatric autoimmune diseases",NA,NA,FALSE
"Pediatric dental caries (decayed, missing and filled teeth >5)",NA,NA,FALSE
"Pediatric steroid sensitive nephrotic syndrome",NA,NA,FALSE
"Pelvic organ prolapse",NA,NA,FALSE
"Pelvic width",NA,NA,FALSE
"Pemphigus foliaceus",NA,NA,FALSE
"Peptidyl-prolyl cis-trans isomerase FKBP7 levels",NA,NA,FALSE
"Peptococcia abundance in stool",NA,NA,FALSE
"Percent liver fat",NA,NA,FALSE
"Percent mammographic density",NA,NA,FALSE
"Percentage of invited food questionnaires completed",NA,NA,FALSE
"Periodontitis / loose teeth (MTAG)",NA,NA,FALSE
"Peripheral artery disease",NA,NA,FALSE
"Peritoneal adhesions (postoperative) (postinfection) (PheCode 568.1)",NA,NA,FALSE
"Peritoneal or intestinal adhesions (PheCode 560.3)",NA,NA,FALSE
"Peritonitis and retroperitoneal infections (PheCode 567)",NA,NA,FALSE
"Peritonsillar abscess (MTAG)",NA,NA,FALSE
"Persistent hepatitis B virus infection",NA,NA,FALSE
"Peyronie's disease (PheCode 604.3)",NA,NA,FALSE
"Pharyngeal disease",NA,NA,FALSE
"Phenylalanine levels",NA,NA,FALSE
"Phenylalanine levels (UKB data field 23468)",NA,NA,FALSE
"Phosphate levels",NA,NA,FALSE
"Phosphate levels (UKB data field 30810)",NA,NA,FALSE
"Phosphatidylcholine (15:0_18:2) levels",NA,NA,FALSE
"Phosphatidylcholine (15:0_22:6) levels",NA,NA,FALSE
"Phosphatidylcholine (16:0/22:5n3, 18:1/20:4) levels",NA,NA,FALSE
"Phosphatidylcholine (16:0_18:2) levels",NA,NA,FALSE
"Phosphatidylcholine (17:0_20:4) levels",NA,NA,FALSE
"Phosphatidylcholine (18:1_20:4) levels",NA,NA,FALSE
"Phosphatidylcholine (18:2_18:2) levels",NA,NA,FALSE
"Phosphatidylcholine (40:7) (a) levels",NA,NA,FALSE
"Phosphatidylcholine (O-16:0_16:1) levels",NA,NA,FALSE
"Phosphatidylcholine acyl-alkyl C38:0 levels",NA,NA,FALSE
"Phosphatidylcholine and other choline levels",NA,NA,FALSE
"Phosphatidylcholine diacyl C36:6 levels",NA,NA,FALSE
"Phosphatidylcholine levels",NA,NA,FALSE
"Phosphatidylcholines (18:1/20:4)",NA,NA,FALSE
"Phosphatidylcholines (18:2/20:4)",NA,NA,FALSE
"Phosphatidylethanolamine (18:1_0:0) levels",NA,NA,FALSE
"Phosphatidylethanolamine (36:2) levels",NA,NA,FALSE
"Phosphatidylethanolamine (O-18:2_18:1) levels",NA,NA,FALSE
"Phosphatidylglycerol (36:2) levels",NA,NA,FALSE
"Phosphatidylinositol (18:0_18:1) levels",NA,NA,FALSE
"Phosphatidylinositol (18:1_20:4) levels",NA,NA,FALSE
"Phosphatidylserine (36:2) levels",NA,NA,FALSE
"Phosphoglucomutase-1 protein levels (SomaScan ID:3296-92)",NA,NA,FALSE
"Phosphoglycerides levels",NA,NA,FALSE
"Phospholipid levels (plasma)",NA,NA,FALSE
"Phospholipid levels in HDL",NA,NA,FALSE
"Phospholipid levels in IDL",NA,NA,FALSE
"Phospholipid levels in LDL",NA,NA,FALSE
"Phospholipid levels in VLDL",NA,NA,FALSE
"Phospholipid levels in chylomicrons and extremely large VLDL",NA,NA,FALSE
"Phospholipid levels in large HDL",NA,NA,FALSE
"Phospholipid levels in large LDL",NA,NA,FALSE
"Phospholipid levels in large VLDL",NA,NA,FALSE
"Phospholipid levels in medium HDL",NA,NA,FALSE
"Phospholipid levels in medium LDL",NA,NA,FALSE
"Phospholipid levels in medium VLDL",NA,NA,FALSE
"Phospholipid levels in small HDL",NA,NA,FALSE
"Phospholipid levels in small LDL",NA,NA,FALSE
"Phospholipid levels in small VLDL",NA,NA,FALSE
"Phospholipid levels in very large HDL",NA,NA,FALSE
"Phospholipid levels in very large VLDL",NA,NA,FALSE
"Phospholipid levels in very small VLDL",NA,NA,FALSE
"Phospholipids in HDL",NA,NA,FALSE
"Phospholipids in IDL",NA,NA,FALSE
"Phospholipids in IDL (UKB data field 23525)",NA,NA,FALSE
"Phospholipids in LDL",NA,NA,FALSE
"Phospholipids in LDL (UKB data field 23413)",NA,NA,FALSE
"Phospholipids in VLDL",NA,NA,FALSE
"Phospholipids in VLDL (UKB data field 23412)",NA,NA,FALSE
"Phospholipids in chylomicrons and extremely large VLDL",NA,NA,FALSE
"Phospholipids in chylomicrons and extremely large VLDL (UKB data field 23483)",NA,NA,FALSE
"Phospholipids in large HDL",NA,NA,FALSE
"Phospholipids in large LDL",NA,NA,FALSE
"Phospholipids in large LDL (UKB data field 23532)",NA,NA,FALSE
"Phospholipids in large VLDL",NA,NA,FALSE
"Phospholipids in large VLDL (UKB data field 23497)",NA,NA,FALSE
"Phospholipids in medium HDL",NA,NA,FALSE
"Phospholipids in medium LDL",NA,NA,FALSE
"Phospholipids in medium LDL (UKB data field 23539)",NA,NA,FALSE
"Phospholipids in medium VLDL",NA,NA,FALSE
"Phospholipids in medium VLDL (UKB data field 23504)",NA,NA,FALSE
"Phospholipids in small HDL",NA,NA,FALSE
"Phospholipids in small HDL (UKB data field 23574)",NA,NA,FALSE
"Phospholipids in small LDL",NA,NA,FALSE
"Phospholipids in small LDL (UKB data field 23546)",NA,NA,FALSE
"Phospholipids in small VLDL",NA,NA,FALSE
"Phospholipids in small VLDL (UKB data field 23511)",NA,NA,FALSE
"Phospholipids in very large HDL",NA,NA,FALSE
"Phospholipids in very large VLDL",NA,NA,FALSE
"Phospholipids in very large VLDL (UKB data field 23490)",NA,NA,FALSE
"Phospholipids in very small VLDL",NA,NA,FALSE
"Phospholipids in very small VLDL (UKB data field 23518)",NA,NA,FALSE
"Phospholipids to Total Lipids in Chylomicrons and Extremely Large VLDL percentage",NA,NA,FALSE
"Phospholipids to Total Lipids in HDL percentage",NA,NA,FALSE
"Phospholipids to Total Lipids in IDL percentage",NA,NA,FALSE
"Phospholipids to Total Lipids in LDL percentage",NA,NA,FALSE
"Phospholipids to Total Lipids in Large HDL percentage",NA,NA,FALSE
"Phospholipids to Total Lipids in Large LDL percentage",NA,NA,FALSE
"Phospholipids to Total Lipids in Large VLDL percentage",NA,NA,FALSE
"Phospholipids to Total Lipids in Medium HDL percentage",NA,NA,FALSE
"Phospholipids to Total Lipids in Medium VLDL percentage",NA,NA,FALSE
"Phospholipids to Total Lipids in Small HDL percentage",NA,NA,FALSE
"Phospholipids to Total Lipids in Small LDL percentage",NA,NA,FALSE
"Phospholipids to Total Lipids in Small VLDL percentage",NA,NA,FALSE
"Phospholipids to Total Lipids in Very Large HDL percentage",NA,NA,FALSE
"Phospholipids to Total Lipids in Very Large VLDL percentage",NA,NA,FALSE
"Phospholipids to Total Lipids in Very Small VLDL percentage",NA,NA,FALSE
"Phospholipids to total lipids in small LDL percentage (UKB data field 23624)",NA,NA,FALSE
"Phospholipids to total lipids in small VLDL percentage (UKB data field 23599)",NA,NA,FALSE
"Phospholipids to total lipids in very large HDL percentage (UKB data field 23629)",NA,NA,FALSE
"Phospholipids to total lipids in very large VLDL percentage (UKB data field 23584)",NA,NA,FALSE
"Phospholipids to total lipids ratio in IDL",NA,NA,FALSE
"Phospholipids to total lipids ratio in chylomicrons and extremely large VLDL",NA,NA,FALSE
"Phospholipids to total lipids ratio in large HDL",NA,NA,FALSE
"Phospholipids to total lipids ratio in large LDL",NA,NA,FALSE
"Phospholipids to total lipids ratio in large VLDL",NA,NA,FALSE
"Phospholipids to total lipids ratio in medium HDL",NA,NA,FALSE
"Phospholipids to total lipids ratio in medium LDL",NA,NA,FALSE
"Phospholipids to total lipids ratio in medium VLDL",NA,NA,FALSE
"Phospholipids to total lipids ratio in small HDL",NA,NA,FALSE
"Phospholipids to total lipids ratio in small LDL",NA,NA,FALSE
"Phospholipids to total lipids ratio in small VLDL",NA,NA,FALSE
"Phospholipids to total lipids ratio in very large HDL",NA,NA,FALSE
"Phospholipids to total lipids ratio in very large VLDL",NA,NA,FALSE
"Phosphorus levels",NA,NA,FALSE
"Photic sneeze reflex",NA,NA,FALSE
"Photoreceptor cell layer thickness phenotypes (MTAG)",NA,NA,FALSE
"Physical activity (Relative amplitude)",NA,NA,FALSE
"Physical activity (Total log acceleration 6pm-8pm)",NA,NA,FALSE
"Physical activity (confirmatory factor analysis Factor 23)",NA,NA,FALSE
"Physical activity (overall physical activity time)",NA,NA,FALSE
"Physical function (baseline)",NA,NA,FALSE
"Pigment dispersion syndrome or pigmentary glaucoma",NA,NA,FALSE
"Pipecolate levels",NA,NA,FALSE
"Placental weight (fetal genotype, adjusted for sex)",NA,NA,FALSE
"Plakophilin-2 levels",NA,NA,FALSE
"Plasma 1-methyl-4-imidazoleacetate levels in chronic kidney disease",NA,NA,FALSE
"Plasma 3-aminoisobutyrate levels in chronic kidney disease",NA,NA,FALSE
"Plasma N-formylmethionine levels in chronic kidney disease",NA,NA,FALSE
"Plasma X-15503 levels in chronic kidney disease",NA,NA,FALSE
"Plasma X-23636 levels in chronic kidney disease",NA,NA,FALSE
"Plasma X-25419 levels in chronic kidney disease",NA,NA,FALSE
"Plasma betaine levels in chronic kidney disease",NA,NA,FALSE
"Plasma deoxycarnitine levels in chronic kidney disease",NA,NA,FALSE
"Plasma factor V levels (parent of origin effect) x rs75463553 interaction",NA,NA,FALSE
"Plasma factor VII activating protease levels",NA,NA,FALSE
"Plasma free amino acid levels",NA,NA,FALSE
"Plasma glutarylcarnitine (C5-DC) levels in chronic kidney disease",NA,NA,FALSE
"Plasma imidazole lactate levels in chronic kidney disease",NA,NA,FALSE
"Plasma metoprolol levels in chronic kidney disease",NA,NA,FALSE
"Plasma parathyroid hormone levels",NA,NA,FALSE
"Plasma protease C1 inhibitor (analyte X13710.6) levels",NA,NA,FALSE
"Plasma protease C1 inhibitor (analyte X4479.14) levels",NA,NA,FALSE
"Plasma protease C1 inhibitor levels",NA,NA,FALSE
"Plasma protease C1 inhibitor levels (SERPING1.4479.14.2)",NA,NA,FALSE
"Plasma pyroglutamine* levels in chronic kidney disease",NA,NA,FALSE
"Plasminogen activator inhibitor type 1 levels (PAI-1)",NA,NA,FALSE
"Plasminogen activator inhibitor type 1 levels (PAI-1) in overweight individuals",NA,NA,FALSE
"Plasminogen activator inhibitor type 1 levels (PAI-1) in type 2 diabetes",NA,NA,FALSE
"Platelet count",NA,NA,FALSE
"Platelet count (UKB data field 30080)",NA,NA,FALSE
"Platelet count at delivery",NA,NA,FALSE
"Platelet count during  first trimester of pregnancy",NA,NA,FALSE
"Platelet count during  second trimester of pregnancy",NA,NA,FALSE
"Platelet count during  third trimester of pregnancy",NA,NA,FALSE
"Platelet crit (UKB data field 30090)",NA,NA,FALSE
"Platelet distribution width",NA,NA,FALSE
"Platelet distribution width (UKB data field 30110)",NA,NA,FALSE
"Platelet forward scatter",NA,NA,FALSE
"Platelet large cell ratio",NA,NA,FALSE
"Platelet side fluorescence",NA,NA,FALSE
"Platelet side scatter distribution width",NA,NA,FALSE
"Platelet-activating factor levels",NA,NA,FALSE
"Platelet-derived growth factor BB levels",NA,NA,FALSE
"Platelet-to-lymphocyte ratio",NA,NA,FALSE
"Plateletcrit",NA,NA,FALSE
"Pleiotrophin levels",NA,NA,FALSE
"Pleiotrophin levels (PTN.3045.72.2)",NA,NA,FALSE
"Plexin-A4 levels",NA,NA,FALSE
"Plum liking",NA,NA,FALSE
"Pneumonia",NA,NA,FALSE
"Poisoning by agents primarily affecting blood constituents (PheCode 964)",NA,NA,FALSE
"Poisoning by analgesics, antipyretics, and antirheumatics (PheCode 965)",NA,NA,FALSE
"Poisoning by hormones and synthetic substitutes (PheCode 962)",NA,NA,FALSE
"Poly(A) polymerase gamma levels",NA,NA,FALSE
"Polychlorinated biphenyl levels",NA,NA,FALSE
"Polycystic ovary syndrome (reproductive subtype)",NA,NA,FALSE
"Polymyositis",NA,NA,FALSE
"Polyunsaturated fatty acid levels",NA,NA,FALSE
"Polyunsaturated fatty acids",NA,NA,FALSE
"Polyunsaturated fatty acids levels (UKB data field 23446)",NA,NA,FALSE
"Polyunsaturated fatty acids to monounsaturated fatty acids ratio",NA,NA,FALSE
"Polyunsaturated fatty acids to saturated fatty acids ratio",NA,NA,FALSE
"Polyunsaturated fatty acids to total fatty acids percentage",NA,NA,FALSE
"Pork consumption",NA,NA,FALSE
"Porridge liking",NA,NA,FALSE
"Portal hypertension (PheCode 571.81)",NA,NA,FALSE
"Poseidoniaceae abundance in stool",NA,NA,FALSE
"Post bronchodilator FEV1/FVC ratio",NA,NA,FALSE
"Posterior thigh muscle fat infiltration percentage",NA,NA,FALSE
"Posterolateral temporal area",NA,NA,FALSE
"Posterolateral temporal area (unadjusted for global measures)",NA,NA,FALSE
"Postmenopausal breast cancer",NA,NA,FALSE
"Postprandial cholesterol esters in medium VLDL",NA,NA,FALSE
"Postprandial free cholesterol in small VLDL",NA,NA,FALSE
"Postprandial monounsaturated fatty acids (16:1, 18:1)",NA,NA,FALSE
"Postprandial phospholipid levels in medium VLDL",NA,NA,FALSE
"Postprandial phospholipid levels in small VLDL",NA,NA,FALSE
"Postprandial serum total triglycerides",NA,NA,FALSE
"Postprandial small VLDL particle concentration",NA,NA,FALSE
"Postprandial total cholesterol in medium VLDL",NA,NA,FALSE
"Postprandial total lipids in small VLDL",NA,NA,FALSE
"Postprandial triglycerides in HDL",NA,NA,FALSE
"Postprandial triglycerides levels in medium HDL",NA,NA,FALSE
"Postprandial triglycerides levels in very small VLDL",NA,NA,FALSE
"Pre-treatment viral load in HIV-1 infection",NA,NA,FALSE
"Precordial pain (PheCode 418.1)",NA,NA,FALSE
"Precuneus area (unadjusted for global measures)",NA,NA,FALSE
"Predicted visceral adipose tissue",NA,NA,FALSE
"Preeclampsia or eclampsia",NA,NA,FALSE
"Preeclampsia or other maternal hypertension (maternal genotype effect)",NA,NA,FALSE
"Prenylcysteine oxidase 1 levels",NA,NA,FALSE
"Presence of antiphospholipid antibodies",NA,NA,FALSE
"Prevalent atrial fibrillation",NA,NA,FALSE
"Primary aldosteronism",NA,NA,FALSE
"Primary angle-closure glaucoma (MTAG)",NA,NA,FALSE
"Primary biliary cholangitis",NA,NA,FALSE
"Primary biliary cirrhosis",NA,NA,FALSE
"Primary open angle glaucoma (MTAG)",NA,NA,FALSE
"Primary open angle glaucoma (PheCode 365.11)",NA,NA,FALSE
"Primary open angle glaucoma (multi-trait analysis)",NA,NA,FALSE
"Primary sclerosing cholangitis",NA,NA,FALSE
"Primary sclerosing cholangitis (MTAG)",NA,NA,FALSE
"Primary tooth development (number of teeth)",NA,NA,FALSE
"Primary tooth development (time to first tooth eruption)",NA,NA,FALSE
"Principal component-derived dietary pattern 1",NA,NA,FALSE
"Principal component-derived dietary pattern 13",NA,NA,FALSE
"Principal component-derived dietary pattern 19",NA,NA,FALSE
"Principal component-derived dietary pattern 2",NA,NA,FALSE
"Principal component-derived dietary pattern 20",NA,NA,FALSE
"Principal component-derived dietary pattern 28",NA,NA,FALSE
"Principal component-derived dietary pattern 3",NA,NA,FALSE
"Principal component-derived dietary pattern 7",NA,NA,FALSE
"Pro-cathepsin H levels",NA,NA,FALSE
"Procalcitonin levels",NA,NA,FALSE
"Procalcitonin levels (adjusted for BMI)",NA,NA,FALSE
"Processed meat consumption",NA,NA,FALSE
"Procollagen galactosyltransferase 1 levels (COLGALT1.5638.23.3)",NA,NA,FALSE
"Progesterone levels",NA,NA,FALSE
"Promotilin levels",NA,NA,FALSE
"Promotilin levels (MLN.5631.83.3)",NA,NA,FALSE
"Prostate cancer",NA,NA,FALSE
"Prostate cancer (advanced)",NA,NA,FALSE
"Prostate cancer (late onset)",NA,NA,FALSE
"Prostate-associated microseminoprotein levels",NA,NA,FALSE
"Prostate-specific antigen levels",NA,NA,FALSE
"Proteasome subunit alpha type-7 levels",NA,NA,FALSE
"Protein G6b:Isoform A, Extracellular domain levels",NA,NA,FALSE
"Protein MAK16 homolog protein levels (SomaScan ID:6039-24)",NA,NA,FALSE
"Protein Mdm4 levels",NA,NA,FALSE
"Protein disulfide-isomerase A3 (analyte X7832.181) levels",NA,NA,FALSE
"Protein disulfide-isomerase A4 levels",NA,NA,FALSE
"Protein flightless-1 homolog levels",NA,NA,FALSE
"Protein quantitative trait loci",NA,NA,FALSE
"Protein quantitative trait loci (liver)",NA,NA,FALSE
"Proteinase-activated receptor 1 levels",NA,NA,FALSE
"Proteus abundance in stool",NA,NA,FALSE
"Psoriasis",NA,NA,FALSE
"Psoriasis (PheCode 696.4)",NA,NA,FALSE
"Psoriasis and related disorder (PheCode 696)",NA,NA,FALSE
"Psoriasis or type 2 diabetes (trans-disease meta-analysis)",NA,NA,FALSE
"Psoriasis or type 2 diabetes (trans-disease meta-analysis)(opposite effect)",NA,NA,FALSE
"Psoriasis vulgaris",NA,NA,FALSE
"Psoriasis vulgaris (PheCode 696.41)",NA,NA,FALSE
"Psoriatic arthritis",NA,NA,FALSE
"Pulmonary embolism",NA,NA,FALSE
"Pulmonary function",NA,NA,FALSE
"Pulmonary function (FVC) x omega-3 PUFA (docosahexaenoic acid) interaction (2df)",NA,NA,FALSE
"Pulmonary function (smoking interaction)",NA,NA,FALSE
"Pulse pressure",NA,NA,FALSE
"Pulse pressure (BMI unadjusted)",NA,NA,FALSE
"Pulse pressure x alcohol consumption interaction (2df test)",NA,NA,FALSE
"Pulse pressure x low social support interaction (2df test)",NA,NA,FALSE
"Pulse pressure x short total sleep time interaction (2df)",NA,NA,FALSE
"Pulse rate",NA,NA,FALSE
"Pulse rate (UKB data field 102)",NA,NA,FALSE
"Purine nucleoside phosphorylase levels",NA,NA,FALSE
"Putamen iron levels (quantitative susceptibility mapping)",NA,NA,FALSE
"Pyogenic arthritis (PheCode 711.1)",NA,NA,FALSE
"Pyroglutamine levels",NA,NA,FALSE
"Pyruvate levels",NA,NA,FALSE
"Pyruvate levels in blood donors",NA,NA,FALSE
"QRS complex (Sokolow-Lyon)",NA,NA,FALSE
"QRS duration",NA,NA,FALSE
"QT dynamics during exercise",NA,NA,FALSE
"QT interval",NA,NA,FALSE
"QTc interval",NA,NA,FALSE
"R amplitude of combined wave in lead I",NA,NA,FALSE
"R amplitude of combined wave in lead V5",NA,NA,FALSE
"R amplitude of combined wave in lead V6",NA,NA,FALSE
"R amplitude of combined wave in lead aVR",NA,NA,FALSE
"R and S amplitude difference in lead I",NA,NA,FALSE
"R and S amplitude difference in lead V4",NA,NA,FALSE
"R and S amplitude difference in lead V5",NA,NA,FALSE
"R and S amplitude difference in lead V6",NA,NA,FALSE
"R and S amplitude difference in lead aVR",NA,NA,FALSE
"R begin-to-T end interval in lead aVR",NA,NA,FALSE
"R peak area in lead I",NA,NA,FALSE
"R peak area in lead V4",NA,NA,FALSE
"R peak area in lead V5",NA,NA,FALSE
"R peak area in lead V6",NA,NA,FALSE
"R peak area in lead aVR",NA,NA,FALSE
"R start and S end in voltage difference in lead I",NA,NA,FALSE
"R-spondin-3 levels",NA,NA,FALSE
"RAB39B protein levels",NA,NA,FALSE
"RAB6A protein levels",NA,NA,FALSE
"RABEPK protein levels",NA,NA,FALSE
"RBC levels of 15-HETE",NA,NA,FALSE
"RBC levels of D-Glucose 6-phosphate",NA,NA,FALSE
"RBC levels of Pyridoxamine",NA,NA,FALSE
"RBC levels of Pyruvate",NA,NA,FALSE
"RBC levels of Pyruvate (uM)",NA,NA,FALSE
"RBC levels of UDP-N-acetyl-D-glucosamine",NA,NA,FALSE
"RBC levels of Urate (uM)",NA,NA,FALSE
"RBC levels of [Similar to: L-Glutathione oxidized; deltaMass: 308.8758 Da]",NA,NA,FALSE
"RBC levels of [Similar to: gamma-Glutamylcysteine; deltaMass: -146.3080 Da]",NA,NA,FALSE
"RBP2 protein levels",NA,NA,FALSE
"RBPMS2 protein levels",NA,NA,FALSE
"REG4 protein levels",NA,NA,FALSE
"RELT protein levels",NA,NA,FALSE
"RELT-like protein 1 levels",NA,NA,FALSE
"REST UKBBICA NET100 1349",NA,NA,FALSE
"RETN protein levels",NA,NA,FALSE
"RGMA protein levels",NA,NA,FALSE
"RHOC/TBCC protein level ratio",NA,NA,FALSE
"RNASE10 protein levels",NA,NA,FALSE
"RNASEH2A protein levels",NA,NA,FALSE
"RNF20 protein levels",NA,NA,FALSE
"RNH1 protein levels",NA,NA,FALSE
"ROBO2/SCARF2 protein level ratio",NA,NA,FALSE
"ROR1 protein levels",NA,NA,FALSE
"RPE protein levels",NA,NA,FALSE
"RR interval (heart rate)",NA,NA,FALSE
"RTBDN protein levels",NA,NA,FALSE
"RTN4R protein levels",NA,NA,FALSE
"Rab-like protein 3 protein levels (SomaScan ID:4559-64)",NA,NA,FALSE
"Rab9 effector protein with kelch motifs levels",NA,NA,FALSE
"Rac GTPase-activating protein 1 levels",NA,NA,FALSE
"Ragulator complex protein LAMTOR3 levels",NA,NA,FALSE
"Random glucose levels",NA,NA,FALSE
"Ras-related protein R-Ras levels",NA,NA,FALSE
"Ratio of 22:6 docosahexaenoic acid to total fatty acids",NA,NA,FALSE
"Ratio of apolipoprotein B to apolipoprotein A1 levels",NA,NA,FALSE
"Ratio of linoleic acid to total fatty acids",NA,NA,FALSE
"Ratio of monounsaturated fatty acids to total fatty acids",NA,NA,FALSE
"Ratio of omega-6 fatty acids to total fatty acids",NA,NA,FALSE
"Ratio of polyunsaturated fatty acids to monounsaturated fatty acids",NA,NA,FALSE
"Ratio of polyunsaturated fatty acids to total fatty acids",NA,NA,FALSE
"Ratio of saturated fatty acids to total fatty acids",NA,NA,FALSE
"Ratio of triglycerides to phosphoglycerides",NA,NA,FALSE
"Raw carrot liking",NA,NA,FALSE
"Raw vegetable consumption",NA,NA,FALSE
"Raynaud's syndrome",NA,NA,FALSE
"Raynaud's syndrome (PheCode 443.1)",NA,NA,FALSE
"Raynauds phenomenon disease",NA,NA,FALSE
"Reaction time",NA,NA,FALSE
"Reaction time (baseline)",NA,NA,FALSE
"Reaction time (standard GWA)",NA,NA,FALSE
"Reactive lymphocyte count",NA,NA,FALSE
"Reactive lymphocyte percentage of white cells",NA,NA,FALSE
"Reactive percentage of lymphocytes",NA,NA,FALSE
"Rectum and left colon colorectal cancer (bone metastasis vs no metastasis)",NA,NA,FALSE
"Rectum and left colon colorectal cancer (bone metastasis vs non-bone metastasis)",NA,NA,FALSE
"Red blood cell count",NA,NA,FALSE
"Red blood cell distribution width",NA,NA,FALSE
"Red blood cell erythrocyte count (UKB data field 30010)",NA,NA,FALSE
"Red blood cell erythrocyte distribution width (UKB data field 30070)",NA,NA,FALSE
"Red blood cell forward scatter",NA,NA,FALSE
"Red blood cell forward scatter distribution width",NA,NA,FALSE
"Red blood cell haemoglobin equivalent",NA,NA,FALSE
"Red blood cell side fluorescence",NA,NA,FALSE
"Red blood cell traits",NA,NA,FALSE
"Red blood cell traits (multivariate analysis)",NA,NA,FALSE
"Red cell distribution width",NA,NA,FALSE
"Red cell distribution width - standard deviation",NA,NA,FALSE
"Red meat related metabolomic signature",NA,NA,FALSE
"Red vs non-red hair color",NA,NA,FALSE
"Refractive error",NA,NA,FALSE
"Refractive error (autorefraction measured)",NA,NA,FALSE
"Regional cortical thickness (frontalpole)",NA,NA,FALSE
"Regional cortical thickness (rostralmiddlefrontal)",NA,NA,FALSE
"Regional enteritis (PheCode 555.1)",NA,NA,FALSE
"Regular attendance at a gym or sports club",NA,NA,FALSE
"Regulator of G-protein signaling 7 protein levels (SomaScan ID:11117-2)",NA,NA,FALSE
"Relapse-free survival in tamoxifen-treated early-onset breast cancer (complete)",NA,NA,FALSE
"Relative abundance of the human milk microbiota (HMM) Enterobacter sp.3",NA,NA,FALSE
"Relative abundance of the human milk microbiota (HMM) Prevotella sp.38",NA,NA,FALSE
"Relative abundance of the human milk microbiota (HMM) Stenotrophomonas maltophilia 1",NA,NA,FALSE
"Relative carbohydrate intake",NA,NA,FALSE
"Remnant cholesterol (non-HDL, non-LDL -cholesterol)",NA,NA,FALSE
"Remnant cholesterol (non-HDL, non-LDL -cholesterol) levels (UKB data field 23402)",NA,NA,FALSE
"Renal cell carcinoma",NA,NA,FALSE
"Renin levels",NA,NA,FALSE
"Resistance to COVID-19 infection (Exposed negative vs positive)",NA,NA,FALSE
"Resistant hypertension",NA,NA,FALSE
"Resistin levels",NA,NA,FALSE
"Respiratory disease (confirmatory factor analysis Factor 11)",NA,NA,FALSE
"Respiratory diseases",NA,NA,FALSE
"Respiratory insufficiency (PheCode 509.2)",NA,NA,FALSE
"Response to BNT162b2 vaccine (anti-SARS-CoV-2 Spike antibody levels after second dose)",NA,NA,FALSE
"Response to TNF inhibitor in rheumatoid arthritis (change in swollen 28-joint count)",NA,NA,FALSE
"Response to androgen-deprivation therapy in prostate cancer (radiographic progression-free survival at 1 year)",NA,NA,FALSE
"Response to anti-vascular endothelial growth factor drug in diabetic macular edema  (best corrected visual acuity)",NA,NA,FALSE
"Response to fenofibrate (LDL cholesterol levels)",NA,NA,FALSE
"Response to high-intensity interval training in physically inactive (maximal oxygen uptake)",NA,NA,FALSE
"Response to radiotherapy in cancer (late toxicity)",NA,NA,FALSE
"Response to tocilizumab in rheumatoid arthritis",NA,NA,FALSE
"Response to ustekinumab in psoriasis (improvement)",NA,NA,FALSE
"Resting heart rate",NA,NA,FALSE
"Reticulocyte count",NA,NA,FALSE
"Reticulocyte count (UKB data field 30250)",NA,NA,FALSE
"Reticulocyte forward scatter",NA,NA,FALSE
"Reticulocyte fraction of red cells",NA,NA,FALSE
"Reticulocyte haemoglobin equivalent",NA,NA,FALSE
"Reticulocyte percentage (UKB data field 30240)",NA,NA,FALSE
"Reticulocyte production index",NA,NA,FALSE
"Reticulocyte side fluorescence",NA,NA,FALSE
"Reticulon-4 receptor levels",NA,NA,FALSE
"Reticulon-4 receptor levels (RTN4R.5105.2.3)",NA,NA,FALSE
"Retinal arteriolar tortuosity",NA,NA,FALSE
"Retinal detachment or retinal break",NA,NA,FALSE
"Retinal nerve fibre layer (RNFL) thickness",NA,NA,FALSE
"Retinal nerve fibre layer thickness or ganglion cell inner plexiform layer thickness (MTAG)",NA,NA,FALSE
"Retinal thickness (functional principal component 2)",NA,NA,FALSE
"Retinal thickness (functional principal component 3)",NA,NA,FALSE
"Retinal thickness (functional principal component 6)",NA,NA,FALSE
"Retinal thickness (pixel 115_200)",NA,NA,FALSE
"Retinal thickness (pixel 13_42)",NA,NA,FALSE
"Retinal thickness (pixel 3_193)",NA,NA,FALSE
"Retinal thickness (pixel 64_154)",NA,NA,FALSE
"Retinal thickness (pixel 67_65)",NA,NA,FALSE
"Retinal thickness (pixel 70_100)",NA,NA,FALSE
"Retinal venular tortuosity",NA,NA,FALSE
"Retinal venular width",NA,NA,FALSE
"Revision surgery due to aseptic loosening after total joint arthroplasty",NA,NA,FALSE
"Rheumatoid arthritis",NA,NA,FALSE
"Rheumatoid arthritis (ACPA-positive)",NA,NA,FALSE
"Rheumatoid arthritis (rheumatoid factor and/or anti-cyclic citrullinated peptide seropositive)",NA,NA,FALSE
"Rheumatoid arthritis or inflammatory bowel disease",NA,NA,FALSE
"Rheumatoid arthritis or multiple sclerosis",NA,NA,FALSE
"Rheumatoid arthritis or type 1 diabetes",NA,NA,FALSE
"Ribitol levels",NA,NA,FALSE
"Ribonucleoside-diphosphate reductase large subunit levels",NA,NA,FALSE
"Ribulose-phosphate 3-epimerase levels",NA,NA,FALSE
"Rickets or osteomalacia (PheCode 261.41)",NA,NA,FALSE
"Right hippocampal volume",NA,NA,FALSE
"Right hippocampal volume (body)",NA,NA,FALSE
"Right hippocampal volume (fissure)",NA,NA,FALSE
"Right hippocampal volume (head)",NA,NA,FALSE
"Right molecular layer hippocampal volume (body)",NA,NA,FALSE
"Right molecular layer hippocampal volume (head)",NA,NA,FALSE
"Right presubiculum volume (head)",NA,NA,FALSE
"Right subiculum volume (head)",NA,NA,FALSE
"Right ventricular ejection fraction",NA,NA,FALSE
"Right-hemisphere control network to putamen white-matter structural connectivity",NA,NA,FALSE
"Right-hemisphere default mode network to hippocampus white-matter structural connectivity",NA,NA,FALSE
"Right-hemisphere visual network to accumbens white-matter structural connectivity",NA,NA,FALSE
"Right-hemisphere visual network to right-hemisphere salience/ventral attention network white-matter structural connectivity",NA,NA,FALSE
"Rosacea symptom severity",NA,NA,FALSE
"Rotator cuff injury",NA,NA,FALSE
"Rupture of synovium (PheCode 727.5)",NA,NA,FALSE
"S begin-to-S end interval in lead V3",NA,NA,FALSE
"S begin-to-S end interval in lead V4",NA,NA,FALSE
"S begin-to-S end interval in lead V5",NA,NA,FALSE
"S begin-to-T end interval in lead I",NA,NA,FALSE
"S begin-to-T end interval in lead aVR",NA,NA,FALSE
"S-adenosylhomocysteine (SAH) levels",NA,NA,FALSE
"S100A4 protein levels",NA,NA,FALSE
"SAA4 protein levels",NA,NA,FALSE
"SAMD9L protein levels",NA,NA,FALSE
"SAMD9L/SRPK2 protein level ratio",NA,NA,FALSE
"SAMD9L/TBC1D5 protein level ratio",NA,NA,FALSE
"SAPHO syndrome",NA,NA,FALSE
"SBSN protein levels",NA,NA,FALSE
"SCARF2 protein levels",NA,NA,FALSE
"SCARF2/TNFRSF21 protein level ratio",NA,NA,FALSE
"SCG2 protein levels",NA,NA,FALSE
"SCGB1A1 protein levels",NA,NA,FALSE
"SCGB3A1 protein levels",NA,NA,FALSE
"SCGB3A2 protein levels",NA,NA,FALSE
"SCLY/SORD protein level ratio",NA,NA,FALSE
"SCN4B protein levels",NA,NA,FALSE
"SCPEP1 protein levels",NA,NA,FALSE
"SDC1 protein levels",NA,NA,FALSE
"SEMA3F protein levels",NA,NA,FALSE
"SEMA3G protein levels",NA,NA,FALSE
"SEMA6C protein levels",NA,NA,FALSE
"SEMA7A protein levels",NA,NA,FALSE
"SERPINA11 protein levels",NA,NA,FALSE
"SERPINA4 protein levels",NA,NA,FALSE
"SERPIND1 protein levels",NA,NA,FALSE
"SERPINE1 protein levels",NA,NA,FALSE
"SERPINE2 protein levels",NA,NA,FALSE
"SERPING1 protein levels",NA,NA,FALSE
"SFTPD protein levels",NA,NA,FALSE
"SGSH protein levels",NA,NA,FALSE
"SHBG protein levels",NA,NA,FALSE
"SHISA5 protein levels",NA,NA,FALSE
"SIAE protein levels",NA,NA,FALSE
"SIGLEC6 protein levels",NA,NA,FALSE
"SIGLEC9 protein levels",NA,NA,FALSE
"SIOPS occupational score",NA,NA,FALSE
"SIOPS occupational score (MTAG)",NA,NA,FALSE
"SIRPB1 protein levels",NA,NA,FALSE
"SLAMF7 protein levels",NA,NA,FALSE
"SLAMF8 protein levels",NA,NA,FALSE
"SLC39A14 protein levels",NA,NA,FALSE
"SLIT2 protein levels",NA,NA,FALSE
"SLITRK1 protein levels",NA,NA,FALSE
"SMAD1/TBC1D23 protein level ratio",NA,NA,FALSE
"SMAD1/ZBTB16 protein level ratio",NA,NA,FALSE
"SMOC2 protein levels",NA,NA,FALSE
"SMPD1 protein levels",NA,NA,FALSE
"SMPDL3A protein levels",NA,NA,FALSE
"SMTN protein levels",NA,NA,FALSE
"SNAP25 protein levels",NA,NA,FALSE
"SNX15 protein levels",NA,NA,FALSE
"SNX9/STK4 protein level ratio",NA,NA,FALSE
"SORD protein levels",NA,NA,FALSE
"SPARC protein levels",NA,NA,FALSE
"SPINK5 protein levels",NA,NA,FALSE
"SPINK8 protein levels",NA,NA,FALSE
"SPON1 protein levels",NA,NA,FALSE
"SSC5D protein levels",NA,NA,FALSE
"ST13 protein levels",NA,NA,FALSE
"STC1 protein levels",NA,NA,FALSE
"STK4/VTA1 protein level ratio",NA,NA,FALSE
"STX4 protein levels",NA,NA,FALSE
"SUGP1 protein levels",NA,NA,FALSE
"SUOX protein levels",NA,NA,FALSE
"SUSD5 protein levels",NA,NA,FALSE
"Salicylate levels",NA,NA,FALSE
"Salty food liking",NA,NA,FALSE
"Sarcoidosis",NA,NA,FALSE
"Sarcoidosis (Lofgren's syndrome vs non-Lofgren's syndrome)",NA,NA,FALSE
"Sardines liking",NA,NA,FALSE
"Saturated fatty acid levels",NA,NA,FALSE
"Saturated fatty acid percentage of total fatty acids",NA,NA,FALSE
"Saturated fatty acids",NA,NA,FALSE
"Saturated fatty acids levels",NA,NA,FALSE
"Saturated fatty acids levels (UKB data field 23448)",NA,NA,FALSE
"Saturated fatty acids to total fatty acids percentage",NA,NA,FALSE
"Scavenger receptor class F member 2 levels",NA,NA,FALSE
"Scavenger receptor class F member 2 levels (SCARF2.8956.96.3)",NA,NA,FALSE
"Scavenger receptor class F member 2:Extracellular domain levels",NA,NA,FALSE
"Schizophrenia vs autism spectrum disorder (ordinary least squares (OLS))",NA,NA,FALSE
"School performance E-factor 1 (overall performance)",NA,NA,FALSE
"Science, technology, engineering or mathematics occupational choice",NA,NA,FALSE
"Seborrheic dermatitis (PheCode 690.1)",NA,NA,FALSE
"Seborrheic keratosis (PheCode 702.2)",NA,NA,FALSE
"Secondary hypothyroidism (PheCode 244.1)",NA,NA,FALSE
"Secretory phospholipase A2 receptor levels",NA,NA,FALSE
"Sedentary behavior at work",NA,NA,FALSE
"Sedentary behaviour duration",NA,NA,FALSE
"Segment polarity protein dishevelled homolog DVL-2 levels",NA,NA,FALSE
"Self-reported math ability",NA,NA,FALSE
"Semaphorin-6B levels",NA,NA,FALSE
"Sensorineural hearing loss (PheCode 389.1)",NA,NA,FALSE
"Sepsis (hospital admission)",NA,NA,FALSE
"Sequestosome-1 (analyte X7695.106) levels",NA,NA,FALSE
"Serine protease 27 levels",NA,NA,FALSE
"Serine protease 57 levels",NA,NA,FALSE
"Serine/threonine-protein kinase DCLK1 levels",NA,NA,FALSE
"Seropositivity (peptide co-occurrence module 1: CMV, (others))",NA,NA,FALSE
"Seropositivity (peptide co-occurrence module 22: bacteria, phage, allergen)",NA,NA,FALSE
"Seropositivity for apibacter peptide (agilent_51197)",NA,NA,FALSE
"Seropositivity for blautia producta peptide (agilent_74695)",NA,NA,FALSE
"Seropositivity for clostridiales peptide (agilent_68956)",NA,NA,FALSE
"Seropositivity for enterobacter phage arya peptide (twist_93547)",NA,NA,FALSE
"Seropositivity for enterobacteria phage sf6 peptide (twist_94021)",NA,NA,FALSE
"Seropositivity for enterovirus b peptide (twist_41527)",NA,NA,FALSE
"Seropositivity for gallus gallus ovomucoid precursor gallus peptide (twist_30726)",NA,NA,FALSE
"Seropositivity for hordeum vulgare (barley) peptide (twist_7301)",NA,NA,FALSE
"Seropositivity for human betaherpesvirus 5 (cytomegalovirus) peptide (twist_35647)",NA,NA,FALSE
"Seropositivity for human gammaherpesvirus 4 (Epstein-Barr virus) peptide (agilent_11813)",NA,NA,FALSE
"Seropositivity for human gammaherpesvirus 4 (Epstein-Barr virus) peptide (agilent_3328)",NA,NA,FALSE
"Seropositivity for human gammaherpesvirus 4 (Epstein-Barr virus) peptide (agilent_7302)",NA,NA,FALSE
"Seropositivity for human gammaherpesvirus 4 (Epstein-Barr virus) peptide (twist_34377)",NA,NA,FALSE
"Seropositivity for human gammaherpesvirus 4 (Epstein-Barr virus) peptide (twist_34869)",NA,NA,FALSE
"Seropositivity for influenza a virus peptide (twist_47499)",NA,NA,FALSE
"Seropositivity for lactobacillus phage LFEINF peptide (twist_64023)",NA,NA,FALSE
"Seropositivity for lactobacillus phage LFEINF peptide (twist_88894)",NA,NA,FALSE
"Seropositivity for meleagris gallopavo (turkey) peptide (twist_3824)",NA,NA,FALSE
"Seropositivity for salmonella peptide (agilent_225335)",NA,NA,FALSE
"Seropositivity for salmonella phage felixo1 peptide (twist_85996)",NA,NA,FALSE
"Seropositivity for staphylococcaceae peptide (agilent_4825)",NA,NA,FALSE
"Seropositivity for staphylococcus aureus peptide (agilent_222381)",NA,NA,FALSE
"Seropositivity for staphylococcus aureus peptide (agilent_226247)",NA,NA,FALSE
"Seropositivity for staphylococcus aureus peptide (agilent_236333)",NA,NA,FALSE
"Seropositivity for staphylococcus aureus peptide (twist_35030)",NA,NA,FALSE
"Seropositivity for staphylococcus aureus subsp. aureus MRSA252 peptide (agilent_134645)",NA,NA,FALSE
"Seropositivity for staphylococcus aureus subsp. aureus MRSA252 peptide (agilent_180726)",NA,NA,FALSE
"Seropositivity for staphylococcus aureus subsp. aureus MRSA252 peptide (agilent_84757)",NA,NA,FALSE
"Seropositivity for staphylococcus aureus subsp. aureus MW2 peptide (agilent_235512)",NA,NA,FALSE
"Seropositivity for streptococcus agalactiae peptide (agilent_234887)",NA,NA,FALSE
"Seropositivity for streptococcus agalactiae peptide (agilent_241118)",NA,NA,FALSE
"Seropositivity for streptococcus pneumoniae peptide (agilent_220184)",NA,NA,FALSE
"Seropositivity for streptococcus pneumoniae peptide (agilent_223208)",NA,NA,FALSE
"Seropositivity for streptococcus pneumoniae peptide (agilent_223825)",NA,NA,FALSE
"Seropositivity for streptococcus pneumoniae peptide (agilent_224401)",NA,NA,FALSE
"Seropositivity for streptococcus pneumoniae peptide (agilent_227833)",NA,NA,FALSE
"Seropositivity for streptococcus pneumoniae peptide (agilent_229757)",NA,NA,FALSE
"Seropositivity for streptococcus pneumoniae peptide (agilent_231226)",NA,NA,FALSE
"Seropositivity for streptococcus pneumoniae peptide (agilent_236127)",NA,NA,FALSE
"Seropositivity for streptococcus pneumoniae peptide (agilent_241214)",NA,NA,FALSE
"Seropositivity for streptococcus pyogenes peptide (agilent_220658)",NA,NA,FALSE
"Seropositivity for streptococcus pyogenes peptide (agilent_235068)",NA,NA,FALSE
"Seropositivity for streptococcus pyogenes peptide (agilent_241884)",NA,NA,FALSE
"Serum 25-Hydroxyvitamin D levels",NA,NA,FALSE
"Serum 25-Hydroxyvitamin D levels (conditioned on BMI)",NA,NA,FALSE
"Serum albumin levels",NA,NA,FALSE
"Serum alkaline phosphatase levels",NA,NA,FALSE
"Serum creatinine levels",NA,NA,FALSE
"Serum erythropoietin levels",NA,NA,FALSE
"Serum immune biomarker levels",NA,NA,FALSE
"Serum levels of protein ACP5",NA,NA,FALSE
"Serum levels of protein AGRP",NA,NA,FALSE
"Serum levels of protein BCAN",NA,NA,FALSE
"Serum levels of protein C1R",NA,NA,FALSE
"Serum levels of protein C4A;C4B",NA,NA,FALSE
"Serum levels of protein CALCOCO2",NA,NA,FALSE
"Serum levels of protein CCL5",NA,NA,FALSE
"Serum levels of protein CDH12",NA,NA,FALSE
"Serum levels of protein CDH7",NA,NA,FALSE
"Serum levels of protein CHST9",NA,NA,FALSE
"Serum levels of protein CNTN1",NA,NA,FALSE
"Serum levels of protein CNTN2",NA,NA,FALSE
"Serum levels of protein COMP",NA,NA,FALSE
"Serum levels of protein CPXM1",NA,NA,FALSE
"Serum levels of protein CRHBP",NA,NA,FALSE
"Serum levels of protein CRLF1",NA,NA,FALSE
"Serum levels of protein CTAG1A",NA,NA,FALSE
"Serum levels of protein CTSA",NA,NA,FALSE
"Serum levels of protein CTSH",NA,NA,FALSE
"Serum levels of protein DNAJB11",NA,NA,FALSE
"Serum levels of protein DNAJC10",NA,NA,FALSE
"Serum levels of protein DVL2",NA,NA,FALSE
"Serum levels of protein ESAM",NA,NA,FALSE
"Serum levels of protein FASLG",NA,NA,FALSE
"Serum levels of protein FGF7",NA,NA,FALSE
"Serum levels of protein GNLY",NA,NA,FALSE
"Serum levels of protein GPNMB",NA,NA,FALSE
"Serum levels of protein GRAMD1C",NA,NA,FALSE
"Serum levels of protein H6PD",NA,NA,FALSE
"Serum levels of protein HDGF",NA,NA,FALSE
"Serum levels of protein HGFAC",NA,NA,FALSE
"Serum levels of protein IGFBPL1",NA,NA,FALSE
"Serum levels of protein IGFLR1",NA,NA,FALSE
"Serum levels of protein IL12RB2",NA,NA,FALSE
"Serum levels of protein IL23R",NA,NA,FALSE
"Serum levels of protein IL32",NA,NA,FALSE
"Serum levels of protein KIR2DS2",NA,NA,FALSE
"Serum levels of protein KYNU",NA,NA,FALSE
"Serum levels of protein LANCL1",NA,NA,FALSE
"Serum levels of protein LHCGR",NA,NA,FALSE
"Serum levels of protein LRPAP1",NA,NA,FALSE
"Serum levels of protein LRRC4C",NA,NA,FALSE
"Serum levels of protein LSAMP",NA,NA,FALSE
"Serum levels of protein MANF",NA,NA,FALSE
"Serum levels of protein MASP1",NA,NA,FALSE
"Serum levels of protein MCL1",NA,NA,FALSE
"Serum levels of protein MLN",NA,NA,FALSE
"Serum levels of protein MST1",NA,NA,FALSE
"Serum levels of protein NCAM2",NA,NA,FALSE
"Serum levels of protein NFASC",NA,NA,FALSE
"Serum levels of protein NOG",NA,NA,FALSE
"Serum levels of protein PCYOX1",NA,NA,FALSE
"Serum levels of protein PNP",NA,NA,FALSE
"Serum levels of protein PRDM1",NA,NA,FALSE
"Serum levels of protein PRSS57",NA,NA,FALSE
"Serum levels of protein PTN",NA,NA,FALSE
"Serum levels of protein RRM1",NA,NA,FALSE
"Serum levels of protein RTN4R",NA,NA,FALSE
"Serum levels of protein SERPINE1",NA,NA,FALSE
"Serum levels of protein SIAE",NA,NA,FALSE
"Serum levels of protein SPATA20",NA,NA,FALSE
"Serum levels of protein ST6GALNAC6",NA,NA,FALSE
"Serum levels of protein SYT11",NA,NA,FALSE
"Serum levels of protein TAC3",NA,NA,FALSE
"Serum levels of protein TPPP2",NA,NA,FALSE
"Serum levels of protein TPSB2",NA,NA,FALSE
"Serum levels of protein TPSB2;TPSAB1",NA,NA,FALSE
"Serum levels of protein TREM2",NA,NA,FALSE
"Serum levels of protein TXNDC12",NA,NA,FALSE
"Serum levels of protein YWHAB",NA,NA,FALSE
"Serum lipopolysaccharide activity",NA,NA,FALSE
"Serum metabolite concentrations in chronic kidney disease",NA,NA,FALSE
"Serum metabolite levels",NA,NA,FALSE
"Serum metabolite levels (CMS)",NA,NA,FALSE
"Serum phosphate levels",NA,NA,FALSE
"Serum total cholesterol levels",NA,NA,FALSE
"Serum total protein levels",NA,NA,FALSE
"Serum total triglyceride levels",NA,NA,FALSE
"Serum urate level in bendroflumethiazide treated hypertension",NA,NA,FALSE
"Serum urate levels",NA,NA,FALSE
"Serum urate levels in chronic kidney disease",NA,NA,FALSE
"Serum uric acid levels",NA,NA,FALSE
"Severe COVID-19 infection",NA,NA,FALSE
"Severe COVID-19 or rheumatoid arthritis (MTAG)",NA,NA,FALSE
"Severe COVID-19 or systemic lupus erythematosus",NA,NA,FALSE
"Severe COVID-19 or systemic lupus erythematosus (MTAG)",NA,NA,FALSE
"Severe coronary stenosis",NA,NA,FALSE
"Severe coronary stenosis (family history of CAD interaction)",NA,NA,FALSE
"Severe influenza A (H1N1) infection",NA,NA,FALSE
"Sex hormone-binding globulin levels",NA,NA,FALSE
"Sex hormone-binding globulin levels adjusted for BMI",NA,NA,FALSE
"Sex hormone-binding globulin levels adjusted for BMI and heel estimated bone mineral density",NA,NA,FALSE
"Sex hormone-binding globulin levels and heel estimated bone mineral density",NA,NA,FALSE
"Sex hormone-binding globulin levels in postmenopausal women",NA,NA,FALSE
"Sex hormone-binding globulin levels in premenopausal women",NA,NA,FALSE
"Shellfish liking",NA,NA,FALSE
"Shingles",NA,NA,FALSE
"Shoulder impingement or rotator cuff tear",NA,NA,FALSE
"Sia-alpha-2,3-Gal-beta-1,4-GlcNAc-R:alpha 2,8-sialyltransferase protein levels (SomaScan ID:21433-3)",NA,NA,FALSE
"Sialate O-acetylesterase levels",NA,NA,FALSE
"Sialolithiasis (PheCode 528.7)",NA,NA,FALSE
"Sib-shared facial trait 103; Facial segment 2; 3D morphology of the nose",NA,NA,FALSE
"Sib-shared facial trait 132; Facial segment 3; 3D morphology of the upper and lower face, excluding the nose",NA,NA,FALSE
"Sib-shared facial trait 229; Facial segment 5; 3D morphology of the nose",NA,NA,FALSE
"Sib-shared facial trait 368; Facial segment 10; 3D morphology of the nose sides",NA,NA,FALSE
"Sib-shared facial trait 426; Facial segment 13; 3D morphology of the chin and jaw",NA,NA,FALSE
"Sib-shared facial trait 519; Facial segment 17; 3D morphology of the upper lip",NA,NA,FALSE
"Sib-shared facial trait 833; Facial segment 45; 3D morphology of the nose alae",NA,NA,FALSE
"Sick sinus syndrome",NA,NA,FALSE
"Signal peptide, CUB and EGF-like domain-containing protein 1 levels",NA,NA,FALSE
"Simple and unspecified goiter (PheCode 240)",NA,NA,FALSE
"Sjögren's syndrome",NA,NA,FALSE
"Skeletal muscle HDGF levels",NA,NA,FALSE
"Skeletal muscle MST1 levels",NA,NA,FALSE
"Skin cancer",NA,NA,FALSE
"Skin color",NA,NA,FALSE
"Skin color (Fitzpatrick scale)",NA,NA,FALSE
"Skin condition (ex. Eczema, Psoriasis)",NA,NA,FALSE
"Skin phototype score",NA,NA,FALSE
"Skin pigmentation",NA,NA,FALSE
"Skin pigmentation (conditioned on rs1426654 and rs35397)",NA,NA,FALSE
"Skin pigmentation traits",NA,NA,FALSE
"Skin reflectance",NA,NA,FALSE
"Skin, hair and eye pigmentation (multivariate analysis)",NA,NA,FALSE
"Skull bone mineral density",NA,NA,FALSE
"Sleep related leg cramps (PheCode 327.72)",NA,NA,FALSE
"Small cell lung carcinoma",NA,NA,FALSE
"Small intestine neuroendocrine tumor",NA,NA,FALSE
"Small vessel stroke",NA,NA,FALSE
"Smoked fish liking",NA,NA,FALSE
"Smoking and associated risk behaviours (confirmatory factor analysis Factor 6)",NA,NA,FALSE
"Smoking behaviour (cigarettes smoked per day)",NA,NA,FALSE
"Smoking cessation (MTAG)",NA,NA,FALSE
"Smoking initiation",NA,NA,FALSE
"Smoking initiation (MTAG)",NA,NA,FALSE
"Smoking initiation (ever regular vs never regular)",NA,NA,FALSE
"Smoking initiation (ever regular vs never regular) (MTAG)",NA,NA,FALSE
"Smoking status",NA,NA,FALSE
"Smoking status (ever vs never smokers)",NA,NA,FALSE
"Smoking status (standard GWA)",NA,NA,FALSE
"Snoring",NA,NA,FALSE
"Sodium (mean, inv-norm transformed)",NA,NA,FALSE
"Sodium levels",NA,NA,FALSE
"Soluble receptor for advanced glycation end-product levels",NA,NA,FALSE
"Soluble transferrin receptor concentration",NA,NA,FALSE
"Somatostatin-28 levels",NA,NA,FALSE
"Sorbitol dehydrogenase levels",NA,NA,FALSE
"Sorting nexin-1 levels",NA,NA,FALSE
"Sorting nexin-4 levels",NA,NA,FALSE
"Spatial QRS-T angle",NA,NA,FALSE
"Spermatogenesis-associated protein 20 levels",NA,NA,FALSE
"Spermatogenesis-associated protein 20 levels (SPATA20.11117.2.3)",NA,NA,FALSE
"Spherical equivalent",NA,NA,FALSE
"Spherical equivalent (joint analysis main effects and education interaction)",NA,NA,FALSE
"Spherical equivalent or myopia (age of diagnosis)",NA,NA,FALSE
"Sphingolipid levels",NA,NA,FALSE
"Sphingomyelin (d18:1/18:1, d18:2/18:0) levels",NA,NA,FALSE
"Sphingomyelin (d32:2) levels",NA,NA,FALSE
"Sphingomyelin (d43:1) levels",NA,NA,FALSE
"Sphingomyelins levels",NA,NA,FALSE
"Spicy food liking",NA,NA,FALSE
"Spinal canal stenosis",NA,NA,FALSE
"Spinal cord injury without evidence of spinal bone injury (PheCode 952)",NA,NA,FALSE
"Spine osteoarthritis",NA,NA,FALSE
"Spleen volume",NA,NA,FALSE
"Splenomegaly (PheCode 579.2)",NA,NA,FALSE
"Spondylolisthesis, congenital (PheCode 754.2)",NA,NA,FALSE
"Spread type: Butter and margarine spreads vs oil-based spreads (UKB data field 1428)",NA,NA,FALSE
"Squamous cell carcinoma",NA,NA,FALSE
"Squamous cell carcinoma (MTAG)",NA,NA,FALSE
"Squamous cell carcinoma (PheCode 172.22)",NA,NA,FALSE
"Squamous cell lung carcinoma",NA,NA,FALSE
"Stable angina pectoris",NA,NA,FALSE
"Standing height (UKB data field 50)",NA,NA,FALSE
"Stanniocalcin-1 levels",NA,NA,FALSE
"Stearoylcarnitine (C18) levels in elite athletes",NA,NA,FALSE
"Stem Cell Growth Factor-beta levels",NA,NA,FALSE
"Stem cell factor levels",NA,NA,FALSE
"Steroid induced osteonecrosis of the femoral head and systemic lupus erythematosus",NA,NA,FALSE
"Sterol ester (27:1/18:0) levels",NA,NA,FALSE
"Sterol ester (27:1/18:3) levels",NA,NA,FALSE
"Sterol ester (27:1/20:4) levels",NA,NA,FALSE
"Stomatin-like protein 1 protein levels (SomaScan ID:17682-1)",NA,NA,FALSE
"Stomatitis and mucositis (PheCode 528.1)",NA,NA,FALSE
"Stool frequency",NA,NA,FALSE
"Strenuous sports or other exercises",NA,NA,FALSE
"Stroke",NA,NA,FALSE
"Stroke (ischemic)",NA,NA,FALSE
"Stromal cell-derived factor 1 levels",NA,NA,FALSE
"Stromal cell-derived factor 2 levels",NA,NA,FALSE
"Stromal cell-derived factor 2-like protein 1 levels",NA,NA,FALSE
"Stromal membrane-associated protein 1 levels (SMAP1.11649.3.3)",NA,NA,FALSE
"Subcortical volume (min-P)",NA,NA,FALSE
"Subiculum volume",NA,NA,FALSE
"Substantia nigra iron levels (R2* MRI)",NA,NA,FALSE
"Substantia nigra iron levels (quantitative susceptibility mapping)",NA,NA,FALSE
"Succinivibrio abundance in stool",NA,NA,FALSE
"Succinivibrionaceae abundance in stool",NA,NA,FALSE
"Sudden cardiac arrest",NA,NA,FALSE
"Sulfasalazine-induced agranulocytosis",NA,NA,FALSE
"Sum basophil neutrophil counts",NA,NA,FALSE
"Sum eosinophil basophil counts",NA,NA,FALSE
"Sum neutrophil eosinophil counts",NA,NA,FALSE
"Sunburns",NA,NA,FALSE
"Superficial keratitis (PheCode 370.2)",NA,NA,FALSE
"Superior parietal area",NA,NA,FALSE
"Superior temporal area",NA,NA,FALSE
"Superior temporal area (unadjusted for global measures)",NA,NA,FALSE
"Surgical hip osteoarthritis",NA,NA,FALSE
"Surgical knee osteoarthritis",NA,NA,FALSE
"Survival in sepsis",NA,NA,FALSE
"Symbol digit substitution test performance (baseline)",NA,NA,FALSE
"Symptomatic extra- and intra-cranial atherosclerotic stenosis",NA,NA,FALSE
"Synaptotagmin-11 levels",NA,NA,FALSE
"Syntaxin-12 levels",NA,NA,FALSE
"Syntaxin-1A levels",NA,NA,FALSE
"Syntaxin-4 levels",NA,NA,FALSE
"Syntenin-1 levels",NA,NA,FALSE
"Systemic inflammatory response syndrome (SIRS) (PheCode 994.1)",NA,NA,FALSE
"Systemic lupus erythematosus",NA,NA,FALSE
"Systemic lupus erythematosus (MTAG)",NA,NA,FALSE
"Systemic lupus erythematosus (PheCode 695.42)",NA,NA,FALSE
"Systemic mastocytosis",NA,NA,FALSE
"Systemic sclerosis",NA,NA,FALSE
"Systemic seropositive rheumatic diseases (Systemic sclerosis or systemic lupus erythematosus or rheumatoid arthritis or idiopathic inflammatory myopathies)",NA,NA,FALSE
"Systolic blood pressure",NA,NA,FALSE
"Systolic blood pressure (BMI adjusted)",NA,NA,FALSE
"Systolic blood pressure (BMI unadjusted)",NA,NA,FALSE
"Systolic blood pressure (MTAG)",NA,NA,FALSE
"Systolic blood pressure (UKB data field 4080)",NA,NA,FALSE
"Systolic blood pressure (baseline)",NA,NA,FALSE
"Systolic blood pressure (cigarette smoking interaction)",NA,NA,FALSE
"Systolic blood pressure (standard GWA)",NA,NA,FALSE
"Systolic blood pressure (weighted GWA)",NA,NA,FALSE
"Systolic blood pressure variability",NA,NA,FALSE
"Systolic blood pressure x alcohol consumption (light vs heavy) interaction (2df test)",NA,NA,FALSE
"Systolic blood pressure x alcohol consumption interaction (2df test)",NA,NA,FALSE
"Systolic blood pressure x smoking status (current vs non-current) interaction (1df test)",NA,NA,FALSE
"Systolic blood pressure x smoking status (current vs non-current) interaction (2df test)",NA,NA,FALSE
"T cell lymphocyte profile difference",NA,NA,FALSE
"T cell lymphocyte profile difference (7 days post influenza vaccination)",NA,NA,FALSE
"T-cell surface glycoprotein CD8 alpha chain (analyte X5992.50) levels",NA,NA,FALSE
"T-cell surface glycoprotein CD8 alpha chain level in Chronic kidney disease with hypertension and no diabetes (15462_28)",NA,NA,FALSE
"T-cell surface glycoprotein CD8 alpha chain level in Chronic kidney disease with hypertension and no diabetes (5992_50)",NA,NA,FALSE
"T1 FreeSurfer DK rh fusiform thickness",NA,NA,FALSE
"T1 brain MRIs Unsupervised Deep learning derived Imaging Phenotypes (dimension 125)",NA,NA,FALSE
"T1 brain MRIs Unsupervised Deep learning derived Imaging Phenotypes (dimension 44)",NA,NA,FALSE
"T2 brain MRIs Unsupervised Deep learning derived Imaging Phenotypes (dimension 59)",NA,NA,FALSE
"T2 brain MRIs Unsupervised Deep learning derived Imaging Phenotypes (dimension 78)",NA,NA,FALSE
"TBC1D17 protein levels",NA,NA,FALSE
"TBC1D23/VPS53 protein level ratio",NA,NA,FALSE
"TBC1D5 protein levels",NA,NA,FALSE
"TBCB/TBCC protein level ratio",NA,NA,FALSE
"TBCC protein levels",NA,NA,FALSE
"TBCC/TXLNA protein level ratio",NA,NA,FALSE
"TBCC/WWP2 protein level ratio",NA,NA,FALSE
"TCL1A protein levels",NA,NA,FALSE
"TCTN3 protein levels",NA,NA,FALSE
"TDGF1 protein levels",NA,NA,FALSE
"TDRKH protein levels",NA,NA,FALSE
"TEK protein levels",NA,NA,FALSE
"TFF3 protein levels",NA,NA,FALSE
"TG protein levels",NA,NA,FALSE
"TGFBR2/THBD protein level ratio",NA,NA,FALSE
"TGOLN2 protein levels",NA,NA,FALSE
"THBD protein levels",NA,NA,FALSE
"TIMD4 protein levels",NA,NA,FALSE
"TIMM10 protein levels",NA,NA,FALSE
"TIMP3 protein levels",NA,NA,FALSE
"TLR1 protein levels",NA,NA,FALSE
"TMAO to betaine ratio",NA,NA,FALSE
"TMAO to deoxycarnitine ratio",NA,NA,FALSE
"TMEM25 protein levels",NA,NA,FALSE
"TMPRSS15 protein levels",NA,NA,FALSE
"TMPRSS5 protein levels",NA,NA,FALSE
"TMSB10/TRIAP1 protein level ratio",NA,NA,FALSE
"TNC protein levels",NA,NA,FALSE
"TNF-alpha gene expression levels in non-alcoholic fatty liver disease x mastiha supplementation interaction",NA,NA,FALSE
"TNF-related activation-induced cytokine levels",NA,NA,FALSE
"TNFRSF10C protein levels",NA,NA,FALSE
"TNFRSF13B protein levels",NA,NA,FALSE
"TNFRSF13B/TNFRSF9 protein level ratio",NA,NA,FALSE
"TNFRSF13B/TNFSF13B protein level ratio",NA,NA,FALSE
"TNFRSF13C protein levels",NA,NA,FALSE
"TNFRSF13C/TNFSF13B protein level ratio",NA,NA,FALSE
"TNFRSF1A protein levels",NA,NA,FALSE
"TNFRSF1B protein levels",NA,NA,FALSE
"TNFRSF4 protein levels",NA,NA,FALSE
"TNFRSF8 protein levels",NA,NA,FALSE
"TNFRSF9 protein levels",NA,NA,FALSE
"TNFSF11 protein levels",NA,NA,FALSE
"TNFSF12 protein levels",NA,NA,FALSE
"TNFSF13B protein levels",NA,NA,FALSE
"TNXB protein levels",NA,NA,FALSE
"TP53BP1 protein levels",NA,NA,FALSE
"TPE interval (resting)",NA,NA,FALSE
"TPK1 protein levels",NA,NA,FALSE
"TPP1 protein levels",NA,NA,FALSE
"TPPP3 protein levels",NA,NA,FALSE
"TPSAB1 protein levels",NA,NA,FALSE
"TPSD1 protein levels",NA,NA,FALSE
"TRAF family member-associated NF-kappa-B activator levels",NA,NA,FALSE
"TREH protein levels",NA,NA,FALSE
"TREM2 protein levels",NA,NA,FALSE
"TREML2 protein levels",NA,NA,FALSE
"TRIM40 protein levels",NA,NA,FALSE
"TSHB protein levels",NA,NA,FALSE
"TSPOAP1 protein levels",NA,NA,FALSE
"TTR protein levels",NA,NA,FALSE
"Tafenoquine efficacy in P. vivax malaria (recurrence by 6 months)",NA,NA,FALSE
"Takayasu arteritis",NA,NA,FALSE
"Takes medication for Diabetes/sugar?",NA,NA,FALSE
"Takes medication for Glaucoma?",NA,NA,FALSE
"Takes medication for Skin condition (ex. Eczema, Psoriasis)?",NA,NA,FALSE
"Takes medication for acid reflux/GERD?",NA,NA,FALSE
"Takes medication for celiac disease/sprue?",NA,NA,FALSE
"Takes medication for coronary artery/ coronary heart disease?",NA,NA,FALSE
"Takes medication for gout?",NA,NA,FALSE
"Takes medication for high blood pressure?",NA,NA,FALSE
"Takes medication for high cholesterol?",NA,NA,FALSE
"Takes medication for prostate cancer?",NA,NA,FALSE
"Takes medication for skin cancer?",NA,NA,FALSE
"Tanner 2 to Tanner 4 pubertal stage transition (joint longitudinal BMI and survival model)",NA,NA,FALSE
"Tanning",NA,NA,FALSE
"Tartrate-resistant acid phosphatase type 5 levels",NA,NA,FALSE
"Tartrate-resistant acid phosphatase type 5 levels (ACP5.3232.28.2)",NA,NA,FALSE
"Tea intake (UKB data field 1488)",NA,NA,FALSE
"Telomere length",NA,NA,FALSE
"Telomere length (principal component 1)",NA,NA,FALSE
"Temporal pole thickness",NA,NA,FALSE
"Teratocarcinoma-derived growth factor 1 levels",NA,NA,FALSE
"Testosterone levels",NA,NA,FALSE
"Testosterone levels (UKB data field 30850)",NA,NA,FALSE
"Tetradecenoylcarnitine levels",NA,NA,FALSE
"Thalamus iron levels (R2* MRI)",NA,NA,FALSE
"Thalamus iron levels (quantitative susceptibility mapping)",NA,NA,FALSE
"Thigh slabs internal fat to muscle ratio",NA,NA,FALSE
"Thigh subcutaneous adipose tissue volume",NA,NA,FALSE
"Thioredoxin domain-containing protein 12 (analyte X4815.25) levels",NA,NA,FALSE
"Thioredoxin domain-containing protein 12 level in Chronic kidney disease with hypertension and no diabetes (4815_25)",NA,NA,FALSE
"Thioredoxin domain-containing protein 12 levels",NA,NA,FALSE
"Thioredoxin domain-containing protein 12 levels (TXNDC12.4815.25.3)",NA,NA,FALSE
"Thioredoxin domain-containing protein 9 protein levels (SomaScan ID:24256-7)",NA,NA,FALSE
"Thrombomodulin levels",NA,NA,FALSE
"Thymidine phosphorylase levels",NA,NA,FALSE
"Thyroid cancer",NA,NA,FALSE
"Thyroid hormone levels",NA,NA,FALSE
"Thyroid peroxidase antibody levels in pregnancy",NA,NA,FALSE
"Thyroid peroxidase antibody positivity in pregnancy",NA,NA,FALSE
"Thyroid stimulating hormone levels",NA,NA,FALSE
"Thyroid volume",NA,NA,FALSE
"Thyroid-stimulating hormone levels",NA,NA,FALSE
"Thyroiditis, acute and subacute (PheCode 245.1)",NA,NA,FALSE
"Thyrotoxic exophthalmos (PheCode 242.31)",NA,NA,FALSE
"Thyrotoxic hypokalemic periodic paralysis and Graves disease",NA,NA,FALSE
"Thyrotoxic periodic paralysis",NA,NA,FALSE
"Thyrotoxicosis with or without goiter (PheCode 242)",NA,NA,FALSE
"Thyroxine levels",NA,NA,FALSE
"Tinnitus",NA,NA,FALSE
"Toll-like receptor 5 levels",NA,NA,FALSE
"Tonsillectomy",NA,NA,FALSE
"Tooth agenesis",NA,NA,FALSE
"Torsin-4A levels",NA,NA,FALSE
"Torsion dystonia (PheCode 333.4)",NA,NA,FALSE
"Torso length to body height ratio",NA,NA,FALSE
"Total Alkylphosphatidylcholine levels",NA,NA,FALSE
"Total Cholesterol in IDL",NA,NA,FALSE
"Total Cholesterol in large VLDL",NA,NA,FALSE
"Total Cholesterol in small LDL",NA,NA,FALSE
"Total Cholesterol to Total Lipids percentage",NA,NA,FALSE
"Total Esterified Cholesterol to Total Cholesterol percentage",NA,NA,FALSE
"Total Esterified Cholesterol to Total Lipids percentage",NA,NA,FALSE
"Total Free Cholesterol to Total Cholesterol percentage",NA,NA,FALSE
"Total Free Cholesterol to Total Esterified Cholesterol ratio",NA,NA,FALSE
"Total Lipids in HDL",NA,NA,FALSE
"Total Lipids in LDL",NA,NA,FALSE
"Total Lipids in Medium LDL",NA,NA,FALSE
"Total Lipids in VLDL",NA,NA,FALSE
"Total PHF-tau (SNP x SNP interaction)",NA,NA,FALSE
"Total Phospholipids to Total Lipids percentage",NA,NA,FALSE
"Total Triglycerides to Total Lipids percentage",NA,NA,FALSE
"Total Trihexosylcermide levels",NA,NA,FALSE
"Total antibody levels in response to SARS-CoV-2 vaccination",NA,NA,FALSE
"Total bilirubin levels",NA,NA,FALSE
"Total bilirubin levels (UKB data field 30840)",NA,NA,FALSE
"Total body bone mineral density",NA,NA,FALSE
"Total body bone mineral density (MTAG)",NA,NA,FALSE
"Total body bone mineral density (age 45-60)",NA,NA,FALSE
"Total bone mineral density x gut microbiota (genus Dialister) interaction",NA,NA,FALSE
"Total brain volume change rate",NA,NA,FALSE
"Total cerebellar volume (excluding Crus I vermis)",NA,NA,FALSE
"Total cholesterol in HDL2",NA,NA,FALSE
"Total cholesterol in large HDL",NA,NA,FALSE
"Total cholesterol in large LDL",NA,NA,FALSE
"Total cholesterol in medium LDL",NA,NA,FALSE
"Total cholesterol in medium VLDL",NA,NA,FALSE
"Total cholesterol in small VLDL",NA,NA,FALSE
"Total cholesterol in very small VLDL",NA,NA,FALSE
"Total cholesterol levels",NA,NA,FALSE
"Total cholesterol levels (1KG-JEWEL7K)",NA,NA,FALSE
"Total cholesterol levels (MTAG)",NA,NA,FALSE
"Total cholesterol levels (UKB data field 23400)",NA,NA,FALSE
"Total cholesterol levels in HDL",NA,NA,FALSE
"Total cholesterol levels in LDL",NA,NA,FALSE
"Total cholesterol levels in VLDL",NA,NA,FALSE
"Total cholesterol levels in chylomicrons and extremely large VLDL",NA,NA,FALSE
"Total cholesterol levels in small HDL",NA,NA,FALSE
"Total cholesterol minus HDL-C levels",NA,NA,FALSE
"Total cholesterol minus HDL-C levels (UKB data field 23401)",NA,NA,FALSE
"Total cholesterol to total lipids ratio in large LDL",NA,NA,FALSE
"Total cholesterol to total lipids ratio in medium LDL",NA,NA,FALSE
"Total cholesterol to total lipids ratio in small HDL",NA,NA,FALSE
"Total cholesterol to total lipids ratio in small LDL",NA,NA,FALSE
"Total cholines levels",NA,NA,FALSE
"Total concentration of branched-chain amino acids (leucine + isoleucine + valine)",NA,NA,FALSE
"Total concentration of lipoprotein particles",NA,NA,FALSE
"Total esterified cholesterol levels",NA,NA,FALSE
"Total esterified cholesterol levels (UKB data field 23415)",NA,NA,FALSE
"Total fatty acid levels",NA,NA,FALSE
"Total fatty acids",NA,NA,FALSE
"Total fatty acids levels (UKB data field 23442)",NA,NA,FALSE
"Total free cholesterol levels",NA,NA,FALSE
"Total free cholesterol levels (UKB data field 23419)",NA,NA,FALSE
"Total hippocampal volume",NA,NA,FALSE
"Total lipid levels in HDL",NA,NA,FALSE
"Total lipid levels in IDL",NA,NA,FALSE
"Total lipid levels in LDL",NA,NA,FALSE
"Total lipid levels in VLDL",NA,NA,FALSE
"Total lipid levels in chylomicrons and extremely large VLDL",NA,NA,FALSE
"Total lipid levels in large HDL",NA,NA,FALSE
"Total lipid levels in large LDL",NA,NA,FALSE
"Total lipid levels in large VLDL",NA,NA,FALSE
"Total lipid levels in lipoprotein particles",NA,NA,FALSE
"Total lipid levels in medium HDL",NA,NA,FALSE
"Total lipid levels in medium LDL",NA,NA,FALSE
"Total lipid levels in medium VLDL",NA,NA,FALSE
"Total lipid levels in small HDL",NA,NA,FALSE
"Total lipid levels in small LDL",NA,NA,FALSE
"Total lipid levels in small VLDL",NA,NA,FALSE
"Total lipid levels in very large HDL",NA,NA,FALSE
"Total lipid levels in very large VLDL",NA,NA,FALSE
"Total lipid levels in very small VLDL",NA,NA,FALSE
"Total lipids in HDL (UKB data field 23426)",NA,NA,FALSE
"Total lipids in IDL",NA,NA,FALSE
"Total lipids in IDL (UKB data field 23524)",NA,NA,FALSE
"Total lipids in VLDL (UKB data field 23424)",NA,NA,FALSE
"Total lipids in chylomicrons and extremely large VLDL",NA,NA,FALSE
"Total lipids in chylomicrons and extremely large VLDL (UKB data field 23482)",NA,NA,FALSE
"Total lipids in large HDL",NA,NA,FALSE
"Total lipids in large LDL",NA,NA,FALSE
"Total lipids in large LDL (UKB data field 23531)",NA,NA,FALSE
"Total lipids in large VLDL",NA,NA,FALSE
"Total lipids in large VLDL (UKB data field 23496)",NA,NA,FALSE
"Total lipids in lipoprotein particles",NA,NA,FALSE
"Total lipids in lipoprotein particles (UKB data field 23423)",NA,NA,FALSE
"Total lipids in medium HDL",NA,NA,FALSE
"Total lipids in medium LDL (UKB data field 23538)",NA,NA,FALSE
"Total lipids in medium VLDL",NA,NA,FALSE
"Total lipids in medium VLDL (UKB data field 23503)",NA,NA,FALSE
"Total lipids in small HDL",NA,NA,FALSE
"Total lipids in small LDL",NA,NA,FALSE
"Total lipids in small LDL (UKB data field 23545)",NA,NA,FALSE
"Total lipids in small VLDL",NA,NA,FALSE
"Total lipids in small VLDL (UKB data field 23510)",NA,NA,FALSE
"Total lipids in very large HDL",NA,NA,FALSE
"Total lipids in very large HDL (UKB data field 23552)",NA,NA,FALSE
"Total lipids in very large VLDL",NA,NA,FALSE
"Total lipids in very large VLDL (UKB data field 23489)",NA,NA,FALSE
"Total lipids in very small VLDL",NA,NA,FALSE
"Total lipids in very small VLDL (UKB data field 23517)",NA,NA,FALSE
"Total omega-3 fatty acid levels",NA,NA,FALSE
"Total omega-6 fatty acid levels",NA,NA,FALSE
"Total phosphoglycerides levels",NA,NA,FALSE
"Total phospholipid levels in lipoprotein particles",NA,NA,FALSE
"Total phospholipids in lipoprotein particles",NA,NA,FALSE
"Total phospholipids in lipoprotein particles (UKB data field 23411)",NA,NA,FALSE
"Total protein levels",NA,NA,FALSE
"Total protein levels (UKB data field 30860)",NA,NA,FALSE
"Total testosterone levels",NA,NA,FALSE
"Total triglycerides levels",NA,NA,FALSE
"Total triglycerides levels (UKB data field 23407)",NA,NA,FALSE
"Toxic multinodular goiter (PheCode 242.2)",NA,NA,FALSE
"Trans-4-hydroxyproline levels",NA,NA,FALSE
"Trans-laminar cribrosa pressure difference",NA,NA,FALSE
"Transmembrane glycoprotein NMB level in Chronic kidney disease with hypertension and no diabetes (8606_39)",NA,NA,FALSE
"Transmembrane glycoprotein NMB levels",NA,NA,FALSE
"Transmembrane glycoprotein NMB levels (GPNMB.8606.39.3)",NA,NA,FALSE
"Transmembrane glycoprotein NMB:Cytoplasmic domain levels",NA,NA,FALSE
"Transmembrane glycoprotein NMB:Extracellular domain (analyte X5080.131) levels",NA,NA,FALSE
"Transmembrane glycoprotein NMB:Extracellular domain (analyte X8240.207) levels",NA,NA,FALSE
"Transmembrane glycoprotein NMB:Extracellular domain (analyte X8289.8) levels",NA,NA,FALSE
"Transmembrane protease serine 11D levels",NA,NA,FALSE
"Traumatic cataract (PheCode 366.3)",NA,NA,FALSE
"Treatment or medication use - ginkgo forte tablet (UKB data field 20003_1140911734)",NA,NA,FALSE
"Triacylglycerol (49:2) levels",NA,NA,FALSE
"Triacylglycerol (50:3) levels",NA,NA,FALSE
"Triacylglycerol (50:4) levels",NA,NA,FALSE
"Triacylglycerol (51:3) levels",NA,NA,FALSE
"Triacylglycerol (52:4) levels",NA,NA,FALSE
"Triacylglycerol (52:5) levels",NA,NA,FALSE
"Triacylglycerol (52:6) levels",NA,NA,FALSE
"Triacylglycerol (54:1) [NL-18:1] levels",NA,NA,FALSE
"Triacylglycerol (54:2) [NL-18:0] levels",NA,NA,FALSE
"Triacylglycerol (54:4) [NL-18:0] levels",NA,NA,FALSE
"Triacylglycerol (54:5) [NL-18:1] levels",NA,NA,FALSE
"Triacylglycerol (54:7) levels",NA,NA,FALSE
"Triacylglycerol (56:6) levels",NA,NA,FALSE
"Triacylglycerol (56:7) levels",NA,NA,FALSE
"Triacylglycerol (56:8) levels",NA,NA,FALSE
"Triacylglycerol (58:8) levels",NA,NA,FALSE
"Triacylglycerol 36:0(FA12:0)",NA,NA,FALSE
"Triacylglycerol 38:0(FA12:0)",NA,NA,FALSE
"Triacylglycerol 40:0(FA12:0)",NA,NA,FALSE
"Triacylglycerol 40:0(FA16:0)",NA,NA,FALSE
"Triacylglycerol 42:1(FA12:0)",NA,NA,FALSE
"Triacylglycerol 42:2(FA12:0)",NA,NA,FALSE
"Triacylglycerol 42:2(FA18:2)",NA,NA,FALSE
"Triacylglycerol 50:4(FA16:1)",NA,NA,FALSE
"Triacylglycerol 50:5(FA16:1)",NA,NA,FALSE
"Triacylglycerol 50:5(FA18:1)",NA,NA,FALSE
"Triacylglycerol 51:4(FA16:1)",NA,NA,FALSE
"Triacylglycerol 52:4(FA20:3)",NA,NA,FALSE
"Triacylglycerol 52:5(FA20:3)",NA,NA,FALSE
"Triacylglycerol 52:6(FA16:1)",NA,NA,FALSE
"Triacylglycerol 52:6(FA18:1)",NA,NA,FALSE
"Triacylglycerol 52:6(FA20:4)",NA,NA,FALSE
"Triacylglycerol 52:6(FA20:5)",NA,NA,FALSE
"Triacylglycerol 52:7(FA20:5)",NA,NA,FALSE
"Triacylglycerol 53:5(FA20:4)",NA,NA,FALSE
"Triacylglycerol 53:6(FA20:4)",NA,NA,FALSE
"Triacylglycerol 54:5(FA16:1)",NA,NA,FALSE
"Triacylglycerol 54:5(FA22:4)",NA,NA,FALSE
"Triacylglycerol 54:6(FA16:1)",NA,NA,FALSE
"Triacylglycerol 54:6(FA20:3)",NA,NA,FALSE
"Triacylglycerol 54:6(FA20:5)",NA,NA,FALSE
"Triacylglycerol 54:6(FA22:5)",NA,NA,FALSE
"Triacylglycerol 54:7(FA16:1)",NA,NA,FALSE
"Triacylglycerol 54:7(FA20:4)",NA,NA,FALSE
"Triacylglycerol 54:7(FA20:5)",NA,NA,FALSE
"Triacylglycerol 54:7(FA22:5)",NA,NA,FALSE
"Triacylglycerol 54:7(FA22:6)",NA,NA,FALSE
"Triacylglycerol 54:8(FA20:4)",NA,NA,FALSE
"Triacylglycerol 54:8(FA20:5)",NA,NA,FALSE
"Triacylglycerol 54:8(FA22:6)",NA,NA,FALSE
"Triacylglycerol 55:1(FA18:1)",NA,NA,FALSE
"Triacylglycerol 55:5(FA20:4)",NA,NA,FALSE
"Triacylglycerol 55:6(FA20:4)",NA,NA,FALSE
"Triacylglycerol 56:4(FA20:4)",NA,NA,FALSE
"Triacylglycerol 56:5(FA18:0)",NA,NA,FALSE
"Triacylglycerol 56:5(FA20:4)",NA,NA,FALSE
"Triacylglycerol 56:6 levels",NA,NA,FALSE
"Triacylglycerol 56:6(FA16:0)",NA,NA,FALSE
"Triacylglycerol 56:6(FA18:1)",NA,NA,FALSE
"Triacylglycerol 56:6(FA20:4)",NA,NA,FALSE
"Triacylglycerol 56:6(FA22:5)",NA,NA,FALSE
"Triacylglycerol 56:7(FA16:1)",NA,NA,FALSE
"Triacylglycerol 56:7(FA18:3)",NA,NA,FALSE
"Triacylglycerol 56:7(FA22:4)",NA,NA,FALSE
"Triacylglycerol 56:7(FA22:5)",NA,NA,FALSE
"Triacylglycerol 56:8(FA16:1)",NA,NA,FALSE
"Triacylglycerol 56:8(FA18:1)",NA,NA,FALSE
"Triacylglycerol 56:8(FA18:3)",NA,NA,FALSE
"Triacylglycerol 56:8(FA22:5)",NA,NA,FALSE
"Triacylglycerol 56:9(FA18:3)",NA,NA,FALSE
"Triacylglycerol 56:9(FA20:4)",NA,NA,FALSE
"Triacylglycerol 58:10(FA20:4)",NA,NA,FALSE
"Triacylglycerol 58:10(FA20:5)",NA,NA,FALSE
"Triacylglycerol 58:10(FA22:5)",NA,NA,FALSE
"Triacylglycerol 58:6(FA20:4)",NA,NA,FALSE
"Triacylglycerol 58:7(FA20:4)",NA,NA,FALSE
"Triacylglycerol 58:8(FA20:3)",NA,NA,FALSE
"Triacylglycerol 58:8(FA20:4)",NA,NA,FALSE
"Triacylglycerol 58:8(FA22:5)",NA,NA,FALSE
"Triacylglycerol 58:9(FA20:4)",NA,NA,FALSE
"Triacylglycerol 58:9(FA22:5)",NA,NA,FALSE
"Triamcinolone acetonide-induced ocular hypertension",NA,NA,FALSE
"Trichloroethylene-induced hypersensitivity syndrome",NA,NA,FALSE
"Trigeminal nerve disorders [CN5] (PheCode 352.1)",NA,NA,FALSE
"Trigger finger",NA,NA,FALSE
"Triggering receptor expressed on myeloid cells 2 (analyte X5635.66) levels",NA,NA,FALSE
"Triglyceride change in response to fenofibrate in statin-treated type 2 diabetes",NA,NA,FALSE
"Triglyceride levels",NA,NA,FALSE
"Triglyceride levels (MTAG)",NA,NA,FALSE
"Triglyceride levels (UKB data field 30870)",NA,NA,FALSE
"Triglyceride levels in HDL",NA,NA,FALSE
"Triglyceride levels in IDL",NA,NA,FALSE
"Triglyceride levels in LDL",NA,NA,FALSE
"Triglyceride levels in VLDL",NA,NA,FALSE
"Triglyceride levels in chylomicrons and extremely large VLDL",NA,NA,FALSE
"Triglyceride levels in large LDL",NA,NA,FALSE
"Triglyceride levels in large VLDL",NA,NA,FALSE
"Triglyceride levels in medium HDL",NA,NA,FALSE
"Triglyceride levels in medium LDL",NA,NA,FALSE
"Triglyceride levels in medium VLDL",NA,NA,FALSE
"Triglyceride levels in non-type 2 diabetes",NA,NA,FALSE
"Triglyceride levels in small HDL",NA,NA,FALSE
"Triglyceride levels in small LDL",NA,NA,FALSE
"Triglyceride levels in small VLDL",NA,NA,FALSE
"Triglyceride levels in very large VLDL",NA,NA,FALSE
"Triglyceride levels in very small VLDL",NA,NA,FALSE
"Triglyceride levels x alcohol consumption (drinkers vs non-drinkers) interaction (2df)",NA,NA,FALSE
"Triglyceride levels x alcohol consumption (regular vs non-regular drinkers) interaction (2df)",NA,NA,FALSE
"Triglyceride levels x long total sleep time interaction (2df test)",NA,NA,FALSE
"Triglyceride levels x short total sleep time interaction (1df test)",NA,NA,FALSE
"Triglyceride percentage of total lipids in intermediate-density lipoprotein",NA,NA,FALSE
"Triglyceride to HDL cholesterol ratio",NA,NA,FALSE
"Triglyceride to phosphoglyceride ratio",NA,NA,FALSE
"Triglycerides",NA,NA,FALSE
"Triglycerides in HDL",NA,NA,FALSE
"Triglycerides in IDL",NA,NA,FALSE
"Triglycerides in IDL (UKB data field 23529)",NA,NA,FALSE
"Triglycerides in LDL",NA,NA,FALSE
"Triglycerides in LDL (UKB data field 23409)",NA,NA,FALSE
"Triglycerides in LDL meal response (OrNLSr)",NA,NA,FALSE
"Triglycerides in VLDL",NA,NA,FALSE
"Triglycerides in VLDL (UKB data field 23408)",NA,NA,FALSE
"Triglycerides in chylomicrons and extremely large VLDL",NA,NA,FALSE
"Triglycerides in large HDL",NA,NA,FALSE
"Triglycerides in large LDL",NA,NA,FALSE
"Triglycerides in large VLDL",NA,NA,FALSE
"Triglycerides in large VLDL (UKB data field 23501)",NA,NA,FALSE
"Triglycerides in medium HDL",NA,NA,FALSE
"Triglycerides in medium LDL",NA,NA,FALSE
"Triglycerides in medium LDL (UKB data field 23543)",NA,NA,FALSE
"Triglycerides in medium VLDL",NA,NA,FALSE
"Triglycerides in medium VLDL (UKB data field 23508)",NA,NA,FALSE
"Triglycerides in small HDL",NA,NA,FALSE
"Triglycerides in small HDL (UKB data field 23578)",NA,NA,FALSE
"Triglycerides in small LDL",NA,NA,FALSE
"Triglycerides in small LDL (UKB data field 23550)",NA,NA,FALSE
"Triglycerides in small VLDL",NA,NA,FALSE
"Triglycerides in small VLDL (UKB data field 23515)",NA,NA,FALSE
"Triglycerides in very large HDL",NA,NA,FALSE
"Triglycerides in very large VLDL",NA,NA,FALSE
"Triglycerides in very large VLDL (UKB data field 23494)",NA,NA,FALSE
"Triglycerides in very small VLDL",NA,NA,FALSE
"Triglycerides in very small VLDL (UKB data field 23522)",NA,NA,FALSE
"Triglycerides levels in IDL meal response (OrNLSr)",NA,NA,FALSE
"Triglycerides levels in medium LDL meal response (OrNLSr)",NA,NA,FALSE
"Triglycerides to Total Lipids in HDL percentage",NA,NA,FALSE
"Triglycerides to Total Lipids in IDL percentage",NA,NA,FALSE
"Triglycerides to Total Lipids in Large HDL percentage",NA,NA,FALSE
"Triglycerides to Total Lipids in Large LDL percentage",NA,NA,FALSE
"Triglycerides to Total Lipids in Large VLDL percentage",NA,NA,FALSE
"Triglycerides to Total Lipids in Medium HDL percentage",NA,NA,FALSE
"Triglycerides to Total Lipids in Medium LDL percentage",NA,NA,FALSE
"Triglycerides to Total Lipids in Medium VLDL percentage",NA,NA,FALSE
"Triglycerides to Total Lipids in Small HDL percentage",NA,NA,FALSE
"Triglycerides to Total Lipids in Small LDL percentage",NA,NA,FALSE
"Triglycerides to Total Lipids in Small VLDL percentage",NA,NA,FALSE
"Triglycerides to Total Lipids in VLDL percentage",NA,NA,FALSE
"Triglycerides to Total Lipids in Very Large HDL percentage",NA,NA,FALSE
"Triglycerides to Total Lipids in Very Large VLDL percentage",NA,NA,FALSE
"Triglycerides to Total Lipids in Very Small VLDL percentage",NA,NA,FALSE
"Triglycerides to phosphoglycerides ratio (UKB data field 23435)",NA,NA,FALSE
"Triglycerides to total lipids in IDL percentage (UKB data field 23613)",NA,NA,FALSE
"Triglycerides to total lipids in large HDL percentage (UKB data field 23638)",NA,NA,FALSE
"Triglycerides to total lipids in medium VLDL percentage (UKB data field 23598)",NA,NA,FALSE
"Triglycerides to total lipids in small HDL percentage (UKB data field 23648)",NA,NA,FALSE
"Triglycerides to total lipids in small LDL percentage (UKB data field 23628)",NA,NA,FALSE
"Triglycerides to total lipids in small VLDL percentage (UKB data field 23603)",NA,NA,FALSE
"Triglycerides to total lipids in very large HDL percentage (UKB data field 23633)",NA,NA,FALSE
"Triglycerides to total lipids in very small VLDL percentage (UKB data field 23608)",NA,NA,FALSE
"Triglycerides to total lipids ratio in IDL",NA,NA,FALSE
"Triglycerides to total lipids ratio in chylomicrons and extremely large VLDL",NA,NA,FALSE
"Triglycerides to total lipids ratio in large HDL",NA,NA,FALSE
"Triglycerides to total lipids ratio in large LDL",NA,NA,FALSE
"Triglycerides to total lipids ratio in large VLDL",NA,NA,FALSE
"Triglycerides to total lipids ratio in medium HDL",NA,NA,FALSE
"Triglycerides to total lipids ratio in medium LDL",NA,NA,FALSE
"Triglycerides to total lipids ratio in medium VLDL",NA,NA,FALSE
"Triglycerides to total lipids ratio in small HDL",NA,NA,FALSE
"Triglycerides to total lipids ratio in small LDL",NA,NA,FALSE
"Triglycerides to total lipids ratio in small VLDL",NA,NA,FALSE
"Triglycerides to total lipids ratio in very large HDL",NA,NA,FALSE
"Triglycerides to total lipids ratio in very large VLDL",NA,NA,FALSE
"Triglycerides to total lipids ratio in very small VLDL",NA,NA,FALSE
"Triglycerides x physical activity interaction (2df test)",NA,NA,FALSE
"Trihexosylcermide (d18:1/20:0) levels",NA,NA,FALSE
"Trihexosylcermide (d18:1/22:0) levels",NA,NA,FALSE
"Trihexosylcermide (d18:1/24:0) levels",NA,NA,FALSE
"Triiodothyronine/thyroxine ratio",NA,NA,FALSE
"Trunk bone mineral content",NA,NA,FALSE
"Trunk fat mass (UKB data field 23128)",NA,NA,FALSE
"Trunk fat ratio or breast cancer (pleiotropy)",NA,NA,FALSE
"Trypsin-3 levels",NA,NA,FALSE
"Tryptase beta-1 levels",NA,NA,FALSE
"Tryptase beta-2 (analyte X14696.45) levels",NA,NA,FALSE
"Tryptase beta-2 (analyte X3403.1) levels",NA,NA,FALSE
"Tryptase beta-2 level in Chronic kidney disease with hypertension and no diabetes (14696_45)",NA,NA,FALSE
"Tryptase beta-2 level in Chronic kidney disease with hypertension and no diabetes (3403_1)",NA,NA,FALSE
"Tryptase beta-2 levels",NA,NA,FALSE
"Tryptase beta-2 levels (TPSB2.3403.1.2)",NA,NA,FALSE
"Tuberculosis",NA,NA,FALSE
"Tuberculosis (PheCode 10)",NA,NA,FALSE
"Tuberculosis (SNP x SNP interaction)",NA,NA,FALSE
"Tuberculosis x mycobacterium tuberculosis lineage interaction",NA,NA,FALSE
"Tubulin polymerization-promoting protein family member 2 levels",NA,NA,FALSE
"Tubulin polymerization-promoting protein family member 2 levels (TPPP2.12800.5.3)",NA,NA,FALSE
"Tubulin polymerization-promoting protein family member 3 levels",NA,NA,FALSE
"Tumor necrosis factor ligand superfamily member 6, soluble form levels",NA,NA,FALSE
"Tumor necrosis factor ligand superfamily member 6, soluble form levels (FASLG.3052.8.2)",NA,NA,FALSE
"Tumor necrosis factor receptor superfamily member 10D levels",NA,NA,FALSE
"Tumor necrosis factor receptor superfamily member 13C levels",NA,NA,FALSE
"Tumor necrosis factor receptor superfamily member EDAR levels",NA,NA,FALSE
"Twisted gastrulation protein homolog 1 levels",NA,NA,FALSE
"Type 1 diabetes",NA,NA,FALSE
"Type 1 diabetes (age at diagnosis)",NA,NA,FALSE
"Type 1 diabetes and autoimmune thyroid diseases",NA,NA,FALSE
"Type 1 diabetes with ketoacidosis (PheCode 250.11)",NA,NA,FALSE
"Type 2 diabetes",NA,NA,FALSE
"Type 2 diabetes (PheCode 250.2)",NA,NA,FALSE
"Type 2 diabetes (adjusted for BMI)",NA,NA,FALSE
"Type 2 diabetes mellitus adjusted for BMI or coronary artery disease (pleiotropy)",NA,NA,FALSE
"Type 2 diabetes mellitus or coronary artery disease (pleiotropy)",NA,NA,FALSE
"Type 2 diabetes or prostate cancer (pleiotropy)",NA,NA,FALSE
"Type 2 diabetes with ketoacidosis (PheCode 250.21)",NA,NA,FALSE
"Type 2 diabetes with ophthalmic manifestations (PheCode 250.23)",NA,NA,FALSE
"Type 2 diabetes with renal manifestations (PheCode 250.22)",NA,NA,FALSE
"Tyrosine levels",NA,NA,FALSE
"Tyrosine meal response (LMM)",NA,NA,FALSE
"Tyrosine-protein kinase Fyn levels",NA,NA,FALSE
"Tyrosine-protein phosphatase non-receptor type 11 levels",NA,NA,FALSE
"UBA11471 abundance in stool",NA,NA,FALSE
"UBA11471 sp000434215 abundance in stool",NA,NA,FALSE
"UBA1446 sp002329245 abundance in stool",NA,NA,FALSE
"UBA2922 sp900313925 abundance in stool",NA,NA,FALSE
"UBE2L6 protein levels",NA,NA,FALSE
"UNC496MF abundance in stool",NA,NA,FALSE
"UROD protein levels",NA,NA,FALSE
"USP8/WASF1 protein level ratio",NA,NA,FALSE
"Ubiquitin-conjugating enzyme E2 G2 levels",NA,NA,FALSE
"Ubiquitin-like modifier-activating enzyme 7 level in Chronic kidney disease with hypertension and no diabetes (21933_7)",NA,NA,FALSE
"Ulcer of esophagus (PheCode 530.12)",NA,NA,FALSE
"Ulcerative colitis",NA,NA,FALSE
"Ulcerative colitis (Tractor method with European ancestry)",NA,NA,FALSE
"Ulcerative colitis vs rheumatoid arthritis (ordinary least squares (OLS))",NA,NA,FALSE
"Underweight",NA,NA,FALSE
"Univariate microbial feature (asv: asv021) at the antecubital fossa (moist skin)",NA,NA,FALSE
"Univariate microbial feature (genus: micrococcus) at the dorsal forearm (dry skin)",NA,NA,FALSE
"Unspecified diffuse connective tissue disease (PheCode 709.7)",NA,NA,FALSE
"Unspecified disorder of lipoid metabolism (PheCode 272.9)",NA,NA,FALSE
"Upper eyelid sagging severity",NA,NA,FALSE
"Urate levels",NA,NA,FALSE
"Urate levels (UKB data field 30880)",NA,NA,FALSE
"Urea levels",NA,NA,FALSE
"Urea levels (UKB data field 30670)",NA,NA,FALSE
"Urethral stricture (not specified as infectious) (PheCode 597.1)",NA,NA,FALSE
"Uric acid levels",NA,NA,FALSE
"Urinary 3-aminoisobutyrate to urinary creatinine ratio",NA,NA,FALSE
"Urinary albumin excretion",NA,NA,FALSE
"Urinary albumin-to-creatinine ratio",NA,NA,FALSE
"Urinary albumin-to-creatinine ratio in diabetes",NA,NA,FALSE
"Urinary creatinine levels",NA,NA,FALSE
"Urinary metabolite levels in chronic kidney disease",NA,NA,FALSE
"Urinary metabolite modules (eigenmetabolites) in chronic kidney disease",NA,NA,FALSE
"Urinary metabolites",NA,NA,FALSE
"Urinary potassium excretion",NA,NA,FALSE
"Urinary sodium excretion",NA,NA,FALSE
"Urinary tract infection",NA,NA,FALSE
"Urine 2'-deoxyguanosine levels in chronic kidney disease",NA,NA,FALSE
"Urine 3-aminoisobutyrate levels in chronic kidney disease",NA,NA,FALSE
"Urine N2-methylguanosine levels in chronic kidney disease",NA,NA,FALSE
"Urine X-15503 levels in chronic kidney disease",NA,NA,FALSE
"Urine adenosine levels in chronic kidney disease",NA,NA,FALSE
"Urine beta-alanine levels in chronic kidney disease",NA,NA,FALSE
"Urine glutarylcarnitine (C5-DC) levels in chronic kidney disease",NA,NA,FALSE
"Urine uric Acid levels",NA,NA,FALSE
"Urokinase-type plasminogen activator levels",NA,NA,FALSE
"Urticaria",NA,NA,FALSE
"Use of dietary supplements (confirmatory factor analysis Factor 13)",NA,NA,FALSE
"Uterine fibroids",NA,NA,FALSE
"Uterine leiomyomata",NA,NA,FALSE
"Uterine prolapse",NA,NA,FALSE
"Uveal melanoma",NA,NA,FALSE
"V-set and immunoglobulin domain-containing protein 2 levels",NA,NA,FALSE
"V9D3004 abundance in stool",NA,NA,FALSE
"VASH1 protein levels",NA,NA,FALSE
"VCAN protein levels",NA,NA,FALSE
"VEGFA protein levels",NA,NA,FALSE
"VEGFB protein levels",NA,NA,FALSE
"VLDL cholesterol levels",NA,NA,FALSE
"VLDL cholesterol levels (UKB data field 23403)",NA,NA,FALSE
"VSIG2 protein levels",NA,NA,FALSE
"VSNL1 protein levels",NA,NA,FALSE
"Vaginal microbiome MetaCyc pathway (LEU-DEG2-PWY|L-leucine degradation I)",NA,NA,FALSE
"Vaginal microbiome MetaCyc pathway (PWY-5741|ethylmalonyl-CoA pathway)",NA,NA,FALSE
"Vaginal microbiome MetaCyc pathway (PWY-6562|norspermidine biosynthesis)",NA,NA,FALSE
"Valine levels",NA,NA,FALSE
"Varicella zoster virus glycoproteins E and I antibody levels",NA,NA,FALSE
"Varicose veins",NA,NA,FALSE
"Vascular endothelial growth factor B levels",NA,NA,FALSE
"Vascular endothelial growth factor levels",NA,NA,FALSE
"Vasculitis (pleiotropy)",NA,NA,FALSE
"Venous thromboembolism",NA,NA,FALSE
"Venous thromboembolism (SNP x SNP interaction)",NA,NA,FALSE
"Venous thromboembolism adjusted for sickle cell variant rs77121243-T",NA,NA,FALSE
"Venous thromboembolism or fibrinogen levels (pleiotropy)",NA,NA,FALSE
"Ventral frontal thickness",NA,NA,FALSE
"Ventral frontal thickness (unadjusted for global measures)",NA,NA,FALSE
"Ventromedial occipital thickness (unadjusted for global measures)",NA,NA,FALSE
"Verbal-numerical reasoning",NA,NA,FALSE
"Vertex-wise cortical thickness",NA,NA,FALSE
"Vertical cup-disc ratio",NA,NA,FALSE
"Vertical cup-disc ratio (adjusted for vertical disc diameter)",NA,NA,FALSE
"Vertical cup-disc ratio (multi-trait analysis)",NA,NA,FALSE
"Vigorous physical activity",NA,NA,FALSE
"Viral Enteritis (PheCode 8.6)",NA,NA,FALSE
"Viral hepatitis B (PheCode 70.2)",NA,NA,FALSE
"Viral variant GAG242N carrier status in HIV infection",NA,NA,FALSE
"Visceral adipose tissue adjusted for BMI",NA,NA,FALSE
"Visceral adipose tissue volumes (adjusted for BMI and height)",NA,NA,FALSE
"Visceral adipose tissue volumes to abdominal adipose tissue volumes ratio",NA,NA,FALSE
"Visceral adipose tissue volumes to gluteofemoral adipose tissue volumes ratio",NA,NA,FALSE
"Visceral adipose tissue/subcutaneous adipose tissue ratio",NA,NA,FALSE
"Visceral adipose tissue/subcutaneous adipose tissue ratio adjusted for BMI",NA,NA,FALSE
"Visfatin levels",NA,NA,FALSE
"Vitamin D levels",NA,NA,FALSE
"Vitamin D levels or COVID-19 (MTAG)",NA,NA,FALSE
"Vitiligo",NA,NA,FALSE
"Voltage-gated potassium channel subunit beta-2 levels",NA,NA,FALSE
"Volume of left lateral nucleus",NA,NA,FALSE
"Volume of left whole amygdala",NA,NA,FALSE
"Volume of right lateral nucleus",NA,NA,FALSE
"Volume of right whole amygdala",NA,NA,FALSE
"WFDC12 protein levels",NA,NA,FALSE
"WFIKKN2 protein levels",NA,NA,FALSE
"WIF1 protein levels",NA,NA,FALSE
"Waist circumference",NA,NA,FALSE
"Waist circumference (UKB data field 48)",NA,NA,FALSE
"Waist circumference adjusted for BMI (adjusted for smoking behaviour)",NA,NA,FALSE
"Waist circumference adjusted for BMI (joint analysis main effects and physical activity interaction)",NA,NA,FALSE
"Waist circumference adjusted for BMI (joint analysis main effects and smoking interaction)",NA,NA,FALSE
"Waist circumference adjusted for BMI in active individuals",NA,NA,FALSE
"Waist circumference adjusted for BMI in non-smokers",NA,NA,FALSE
"Waist circumference adjusted for body mass index",NA,NA,FALSE
"Waist circumference variance",NA,NA,FALSE
"Waist-hip index",NA,NA,FALSE
"Waist-hip ratio",NA,NA,FALSE
"Waist-hip ratio and HDL-C (pairwise)",NA,NA,FALSE
"Waist-to-hip ratio adjusted for BMI",NA,NA,FALSE
"Waist-to-hip ratio adjusted for BMI (additive genetic model)",NA,NA,FALSE
"Waist-to-hip ratio adjusted for BMI (adjusted for smoking behaviour)",NA,NA,FALSE
"Waist-to-hip ratio adjusted for BMI (age >50)",NA,NA,FALSE
"Waist-to-hip ratio adjusted for BMI (joint analysis for main effect and physical activity interaction)",NA,NA,FALSE
"Waist-to-hip ratio adjusted for BMI in active individuals",NA,NA,FALSE
"Waist-to-hip ratio adjusted for BMI x sex x age interaction (4df test)",NA,NA,FALSE
"Waist-to-hip ratio adjusted for body mass index",NA,NA,FALSE
"Waist-to-hip ratio adjusted for body mass index or breast cancer (pleiotropy)",NA,NA,FALSE
"Waist-to-hip ratio adjusted for body mass index or colorectal cancer (pleiotropy)",NA,NA,FALSE
"Waist-to-hip ratio adjusted for body mass index or endometrial cancer (pleiotropy)",NA,NA,FALSE
"Waist-to-hip ratio or colorectal cancer (pleiotropy)",NA,NA,FALSE
"Waist-to-hip ratio or esophageal adenocarcinoma (pleiotropy)",NA,NA,FALSE
"Walking pace",NA,NA,FALSE
"Water consumption (glasses per day) (UKB data field 1528)",NA,NA,FALSE
"Weight",NA,NA,FALSE
"Weight (UKB data field 21002)",NA,NA,FALSE
"Weight (maximum, inv-normal transformed)",NA,NA,FALSE
"Weight (mean, inv-normal transformed)",NA,NA,FALSE
"Weight (minimum, inv-normal transformed)",NA,NA,FALSE
"What is your height? (cm, inv-normal transformed)",NA,NA,FALSE
"What is your weight? (pounds, inv-normal transformed)",NA,NA,FALSE
"Whiskey liking",NA,NA,FALSE
"White blood cell count",NA,NA,FALSE
"White blood cell count (basophil)",NA,NA,FALSE
"White blood cell count (monocyte)",NA,NA,FALSE
"White blood cell count (neutrophil)",NA,NA,FALSE
"White matter microstructure (mean diusivities)",NA,NA,FALSE
"White matter microstructure (radial diusivities)",NA,NA,FALSE
"White wine liking",NA,NA,FALSE
"Whole body fat free mass (UKB data field 23101)",NA,NA,FALSE
"Whole body fat mass (UKB data field 23100)",NA,NA,FALSE
"Whole body water mass (UKB data field 23102)",NA,NA,FALSE
"Whole brain restricted directional diffusion (multivariate analysis)",NA,NA,FALSE
"Whole brain restricted isotropic diffusion (multivariate analysis)",NA,NA,FALSE
"Wilms tumor",NA,NA,FALSE
"X-11315 levels",NA,NA,FALSE
"X-11334 levels",NA,NA,FALSE
"X-11470 levels",NA,NA,FALSE
"X-11787 levels",NA,NA,FALSE
"X-12063 levels",NA,NA,FALSE
"X-12127 levels",NA,NA,FALSE
"X-13431 levels",NA,NA,FALSE
"X-13431--nonanoylcarnitine levels",NA,NA,FALSE
"X-15503 levels",NA,NA,FALSE
"X-21467 levels",NA,NA,FALSE
"X-24328 levels",NA,NA,FALSE
"X-25419 levels",NA,NA,FALSE
"X-25420 levels",NA,NA,FALSE
"XCL1 protein levels",NA,NA,FALSE
"XPNPEP2 protein levels",NA,NA,FALSE
"Xanthurenate levels",NA,NA,FALSE
"YWHAB protein levels",NA,NA,FALSE
"Youthful appearance (self-reported)",NA,NA,FALSE
"Zinc finger protein 275 levels",NA,NA,FALSE
"acne vulgaris",NA,NA,FALSE
"alpha-2-macroglobulin receptor-associated protein level in Chronic kidney disease with hypertension and no diabetes (3640_14)",NA,NA,FALSE
"alpha-2-macroglobulin receptor-associated protein levels",NA,NA,FALSE
"alpha-2-macroglobulin receptor-associated protein levels (LRPAP1.3640.14.3)",NA,NA,FALSE
"alpha-Fetoprotein levels",NA,NA,FALSE
"anti-Xa activity of apixaban",NA,NA,FALSE
"aparc-a2009s lh area G-oc-temp-med-Lingual",NA,NA,FALSE
"aseg lh intensity Caudate",NA,NA,FALSE
"aseg lh volume Hippocampus",NA,NA,FALSE
"aseg lh volume choroid-plexus",NA,NA,FALSE
"aseg rh intensity Caudate",NA,NA,FALSE
"aseg rh intensity Putamen",NA,NA,FALSE
"aseg rh volume Hippocampus",NA,NA,FALSE
"aseg rh volume choroid-plexus",NA,NA,FALSE
"cGMP-inhibited 3,5-cyclic phosphodiesterase A levels",NA,NA,FALSE
"chloride  (maximum, inv-norm transformed)",NA,NA,FALSE
"chloride  (mean, inv-norm transformed)",NA,NA,FALSE
"chloride  (minimum, inv-norm transformed)",NA,NA,FALSE
"creatinine (maximum, inv-norm transformed)",NA,NA,FALSE
"creatinine (mean, inv-norm transformed)",NA,NA,FALSE
"creatinine (minimum, inv-norm transformed)",NA,NA,FALSE
"diastolic blood pressure (DBP, maximum, inv-normal transformed)",NA,NA,FALSE
"diastolic blood pressure (DBP, mean, inv-normal transformed)",NA,NA,FALSE
"eosinophil (absolute count, maximum, inv-norm transformed)",NA,NA,FALSE
"eosinophil (absolute count, mean, inv-norm transformed)",NA,NA,FALSE
"eosinophil (absolute count, minimum, inv-norm transformed)",NA,NA,FALSE
"eosinophil (fraction, maximum, inv-norm transformed)",NA,NA,FALSE
"eosinophil (fraction, mean, inv-norm transformed)",NA,NA,FALSE
"eosinophil (fraction, minimum, inv-norm transformed)",NA,NA,FALSE
"estimated glomerular filtration rate (eGFR, maximum, inv-norm transformed)",NA,NA,FALSE
"estimated glomerular filtration rate (eGFR, mean, inv-norm transformed)",NA,NA,FALSE
"estimated glomerular filtration rate (eGFR, minimum, inv-norm transformed)",NA,NA,FALSE
"ferritin (maximum, inv-norm transformed)",NA,NA,FALSE
"ferritin (mean, inv-norm transformed)",NA,NA,FALSE
"ferritin (minimum, inv-norm transformed)",NA,NA,FALSE
"ghrelin levels in lean individuals",NA,NA,FALSE
"heart rate (HR, maximum, inv-normal transformed)",NA,NA,FALSE
"heart rate (HR, mean, inv-normal transformed)",NA,NA,FALSE
"heart rate (HR, minimum, inv-normal transformed)",NA,NA,FALSE
"height (mean, inv-normal transformed)",NA,NA,FALSE
"height (minimum, inv-normal transformed)",NA,NA,FALSE
"hematocrit (maximum, inv-norm transformed)",NA,NA,FALSE
"hematocrit (mean, inv-norm transformed)",NA,NA,FALSE
"hematocrit (minimum, inv-norm transformed)",NA,NA,FALSE
"hemoglobin (maximum, inv-norm transformed)",NA,NA,FALSE
"hemoglobin (mean, inv-norm transformed)",NA,NA,FALSE
"hemoglobin (minimum, inv-norm transformed)",NA,NA,FALSE
"high density lipoprotein cholesterol (HDLC, maximum, inv-norm transformed)",NA,NA,FALSE
"high density lipoprotein cholesterol (HDLC, mean, inv-norm transformed)",NA,NA,FALSE
"high density lipoprotein cholesterol (HDLC, minimm, inv-norm transformed)",NA,NA,FALSE
"interferon-related traits",NA,NA,FALSE
"low density lipoprotein cholesterol (LDLC, maximum, inv-norm transformed)",NA,NA,FALSE
"low density lipoprotein cholesterol (LDLC, mean, inv-norm transformed)",NA,NA,FALSE
"low density lipoprotein cholesterol (LDLC, minimum, inv-norm transformed)",NA,NA,FALSE
"lymphocyte (absolute count, maximum, inv-norm transformed)",NA,NA,FALSE
"lymphocyte (absolute count, mean, inv-norm transformed)",NA,NA,FALSE
"lymphocyte (absolute count, minimum, inv-norm transformed)",NA,NA,FALSE
"lymphocyte (fraction, maximum, inv-norm transformed)",NA,NA,FALSE
"lymphocyte (fraction, mean, inv-norm transformed)",NA,NA,FALSE
"lymphocyte (fraction, minimum, inv-norm transformed)",NA,NA,FALSE
"magnesium (Mg, mean, inv-norm transformed)",NA,NA,FALSE
"magnesium (Mg, minimum, inv-norm transformed)",NA,NA,FALSE
"mean corpuscular hemoglobin (MCH, maximum, inv-norm transformed)",NA,NA,FALSE
"mean corpuscular hemoglobin (MCH, mean, inv-norm transformed)",NA,NA,FALSE
"mean corpuscular hemoglobin (MCH, minimum, inv-norm transformed)",NA,NA,FALSE
"mean corpuscular hemoglobin concentration (MCHC, maximum, inv-norm transformed)",NA,NA,FALSE
"mean corpuscular hemoglobin concentration (MCHC, mean, inv-norm transformed)",NA,NA,FALSE
"mean corpuscular hemoglobin concentration (MCHC, minimum, inv-norm transformed)",NA,NA,FALSE
"mean corpuscular volume (MCV, maximum, inv-norm transformed)",NA,NA,FALSE
"mean corpuscular volume (MCV, mean, inv-norm transformed)",NA,NA,FALSE
"mean corpuscular volume (MCV, minimum, inv-norm transformed)",NA,NA,FALSE
"mean platelet volume (MPV, maximum, inv-norm transformed)",NA,NA,FALSE
"mean platelet volume (MPV, mean, inv-norm transformed)",NA,NA,FALSE
"mean platelet volume (MPV, minimum, inv-norm transformed)",NA,NA,FALSE
"melanoma-derived growth regulatory protein levels",NA,NA,FALSE
"monocyte (absolute count, maximum, inv-norm transformed)",NA,NA,FALSE
"monocyte (absolute count, mean, inv-norm transformed)",NA,NA,FALSE
"monocyte (absolute count, minimum, inv-norm transformed)",NA,NA,FALSE
"monocyte (fraction, maximum, inv-norm transformed)",NA,NA,FALSE
"monocyte (fraction, mean, inv-norm transformed)",NA,NA,FALSE
"monocyte (fraction, minimum, inv-norm transformed)",NA,NA,FALSE
"neutrophil (absolute count, maximum, inv-norm transformed)",NA,NA,FALSE
"neutrophil (absolute count, mean, inv-norm transformed)",NA,NA,FALSE
"neutrophil (absolute count, minimum, inv-norm transformed)",NA,NA,FALSE
"neutrophil (fraction, maximum, inv-norm transformed)",NA,NA,FALSE
"neutrophil (fraction, mean, inv-norm transformed)",NA,NA,FALSE
"neutrophil (fraction, minimum, inv-norm transformed)",NA,NA,FALSE
"platelet count (maximum, inv-norm transformed)",NA,NA,FALSE
"platelet count (mean, inv-norm transformed)",NA,NA,FALSE
"platelet count (minimum, inv-norm transformed)",NA,NA,FALSE
"potassium (mean, inv-norm transformed)",NA,NA,FALSE
"potassium (minimum, inv-norm transformed)",NA,NA,FALSE
"prostate-specific antigen (PSA, maximum, inv-norm transformed)",NA,NA,FALSE
"prostate-specific antigen (PSA, mean, inv-norm transformed)",NA,NA,FALSE
"prostate-specific antigen (PSA, minimum, inv-norm transformed)",NA,NA,FALSE
"prothrombin time (PT, maximum, inv-norm transformed)",NA,NA,FALSE
"prothrombin time (PT, mean, inv-norm transformed)",NA,NA,FALSE
"red blood cell count (RBC, maximum, inv-norm transformed)",NA,NA,FALSE
"red blood cell count (RBC, mean, inv-norm transformed)",NA,NA,FALSE
"red blood cell count (RBC, minimum, inv-norm transformed)",NA,NA,FALSE
"red cell diameter width (RDW, maximum, inv-norm transformed)",NA,NA,FALSE
"red cell diameter width (RDW, mean, inv-norm transformed)",NA,NA,FALSE
"red cell diameter width (RDW, minimum, inv-norm transformed)",NA,NA,FALSE
"rfMRI connectivity ICA-features 3",NA,NA,FALSE
"sodium (maximum, inv-norm transformed)",NA,NA,FALSE
"sodium (minimum, inv-norm transformed)",NA,NA,FALSE
"systolic blood pressure (SBP, maximum, inv-normal transformed)",NA,NA,FALSE
"systolic blood pressure (SBP, mean, inv-normal transformed)",NA,NA,FALSE
"systolic blood pressure (SBP, minimum, inv-normal transformed)",NA,NA,FALSE
"total cholesterol (maximum, inv-norm transformed)",NA,NA,FALSE
"total cholesterol (mean, inv-norm transformed)",NA,NA,FALSE
"total cholesterol (minimum, inv-norm transformed)",NA,NA,FALSE
"trans-Hydroxyproline levels",NA,NA,FALSE
"triglyceride (maximum, inv-norm transformed)",NA,NA,FALSE
"triglyceride (mean, inv-norm transformed)",NA,NA,FALSE
"triglyceride (minimum, inv-norm transformed)",NA,NA,FALSE
"vWF levels",NA,NA,FALSE
"wg rh intensity-contrast lingual",NA,NA,FALSE
"white blood cell count (WBC, maximum, inv-norm transformed)",NA,NA,FALSE
"white blood cell count (WBC, mean, inv-norm transformed)",NA,NA,FALSE
"white blood cell count (WBC, minimum, inv-norm transformed)",NA,NA,FALSE
