sample,run_id,fastq_1,fastq_2
SRR30354202,DA-Geneseek1,low/SRR30354202_1.fastq.gz,low/SRR30354202_2.fastq.gz
SRR30354670,DA-Geneseek3,low/SRR30354670_1.fastq.gz,low/SRR30354670_2.fastq.gz
SRR30355240,DA-Geneseek6,low/SRR30355240_1.fastq.gz,low/SRR30355240_2.fastq.gz
SRR30354581,DA-Geneseek7,low/SRR30354581_1.fastq.gz,low/SRR30354581_2.fastq.gz
SRR30354895,DA-Geneseek8,low/SRR30354895_1.fastq.gz,low/SRR30354895_2.fastq.gz
SRR30354924,31001602030181,low/SRR30354924_1.fastq.gz,low/SRR30354924_2.fastq.gz
SRR30354323,31001602030313,low/SRR30354323_1.fastq.gz,low/SRR30354323_2.fastq.gz
SRR30354382,31001602030410,low/SRR30354382_1.fastq.gz,low/SRR30354382_2.fastq.gz
SRR30353942,31001602030441,low/SRR30353942_1.fastq.gz,low/SRR30353942_2.fastq.gz
SRR30354981,31001602030563,low/SRR30354981_1.fastq.gz,low/SRR30354981_2.fastq.gz
SRR30355195,31001602030671,low/SRR30355195_1.fastq.gz,low/SRR30355195_2.fastq.gz
SRR30354788,31001602030677,low/SRR30354788_1.fastq.gz,low/SRR30354788_2.fastq.gz
SRR30354320,31001602030734,low/SRR30354320_1.fastq.gz,low/SRR30354320_2.fastq.gz
SRR30354403,31001602030791,low/SRR30354403_1.fastq.gz,low/SRR30354403_2.fastq.gz
SRR30354247,31001602030815,low/SRR30354247_1.fastq.gz,low/SRR30354247_2.fastq.gz
SRR30354589,31001602030856,low/SRR30354589_1.fastq.gz,low/SRR30354589_2.fastq.gz
SRR30354864,31001602030859,low/SRR30354864_1.fastq.gz,low/SRR30354864_2.fastq.gz
SRR30355263,31001602030861,low/SRR30355263_1.fastq.gz,low/SRR30355263_2.fastq.gz
SRR30354192,31001602031105,low/SRR30354192_1.fastq.gz,low/SRR30354192_2.fastq.gz
SRR30354095,31001602031139,low/SRR30354095_1.fastq.gz,low/SRR30354095_2.fastq.gz
SRR30354543,31001602031315,low/SRR30354543_1.fastq.gz,low/SRR30354543_2.fastq.gz
SRR30354775,31001602031322,low/SRR30354775_1.fastq.gz,low/SRR30354775_2.fastq.gz
SRR30355303,31001602031363,low/SRR30355303_1.fastq.gz,low/SRR30355303_2.fastq.gz
SRR30354049,31001602031433,low/SRR30354049_1.fastq.gz,low/SRR30354049_2.fastq.gz
SRR30354030,31001602031594,low/SRR30354030_1.fastq.gz,low/SRR30354030_2.fastq.gz
SRR30354896,31001602031699,low/SRR30354896_1.fastq.gz,low/SRR30354896_2.fastq.gz
SRR30354079,31001602031701,low/SRR30354079_1.fastq.gz,low/SRR30354079_2.fastq.gz
SRR30353857,31001602031858,low/SRR30353857_1.fastq.gz,low/SRR30353857_2.fastq.gz
SRR30354101,31001602031865,low/SRR30354101_1.fastq.gz,low/SRR30354101_2.fastq.gz
SRR30354786,31001602031883,low/SRR30354786_1.fastq.gz,low/SRR30354786_2.fastq.gz
SRR30354874,31001602031951,low/SRR30354874_1.fastq.gz,low/SRR30354874_2.fastq.gz
SRR30354332,31001602032019,low/SRR30354332_1.fastq.gz,low/SRR30354332_2.fastq.gz
SRR30354500,31001602032024,low/SRR30354500_1.fastq.gz,low/SRR30354500_2.fastq.gz
SRR30354421,31001602110009,low/SRR30354421_1.fastq.gz,low/SRR30354421_2.fastq.gz
SRR30354263,31001602110013,low/SRR30354263_1.fastq.gz,low/SRR30354263_2.fastq.gz
SRR30355041,31001602110056,low/SRR30355041_1.fastq.gz,low/SRR30355041_2.fastq.gz
SRR30354628,31001602110111,low/SRR30354628_1.fastq.gz,low/SRR30354628_2.fastq.gz
SRR30354352,31001602110151,low/SRR30354352_1.fastq.gz,low/SRR30354352_2.fastq.gz
SRR30355005,31001602110223,low/SRR30355005_1.fastq.gz,low/SRR30355005_2.fastq.gz
SRR30355257,31001602110271,low/SRR30355257_1.fastq.gz,low/SRR30355257_2.fastq.gz
SRR30353850,31001602110307,low/SRR30353850_1.fastq.gz,low/SRR30353850_2.fastq.gz
SRR30355232,31001602110322,low/SRR30355232_1.fastq.gz,low/SRR30355232_2.fastq.gz
SRR30354093,31001602110413,low/SRR30354093_1.fastq.gz,low/SRR30354093_2.fastq.gz
SRR30354417,31001602110561,low/SRR30354417_1.fastq.gz,low/SRR30354417_2.fastq.gz
SRR30353972,31001602110572,low/SRR30353972_1.fastq.gz,low/SRR30353972_2.fastq.gz
SRR30354455,31001602110642,low/SRR30354455_1.fastq.gz,low/SRR30354455_2.fastq.gz
SRR30354434,31001602110653,low/SRR30354434_1.fastq.gz,low/SRR30354434_2.fastq.gz
SRR30354281,31001602110682,low/SRR30354281_1.fastq.gz,low/SRR30354281_2.fastq.gz
SRR30354224,31001602110727,low/SRR30354224_1.fastq.gz,low/SRR30354224_2.fastq.gz
SRR30354907,31001602110750,low/SRR30354907_1.fastq.gz,low/SRR30354907_2.fastq.gz
SRR30354888,31001602110773,low/SRR30354888_1.fastq.gz,low/SRR30354888_2.fastq.gz
SRR30355216,31001602110782,low/SRR30355216_1.fastq.gz,low/SRR30355216_2.fastq.gz
SRR30353891,31001602110868,low/SRR30353891_1.fastq.gz,low/SRR30353891_2.fastq.gz
SRR30354586,31001602110889,low/SRR30354586_1.fastq.gz,low/SRR30354586_2.fastq.gz
SRR30354748,31001602110900,low/SRR30354748_1.fastq.gz,low/SRR30354748_2.fastq.gz
SRR30355315,31001602110922,low/SRR30355315_1.fastq.gz,low/SRR30355315_2.fastq.gz
SRR30354082,31001602111013,low/SRR30354082_1.fastq.gz,low/SRR30354082_2.fastq.gz
SRR30354108,31001602111087,low/SRR30354108_1.fastq.gz,low/SRR30354108_2.fastq.gz
SRR30354443,31001602111092,low/SRR30354443_1.fastq.gz,low/SRR30354443_2.fastq.gz
SRR30355163,31001602111126,low/SRR30355163_1.fastq.gz,low/SRR30355163_2.fastq.gz
SRR30354232,31001602111153,low/SRR30354232_1.fastq.gz,low/SRR30354232_2.fastq.gz
SRR30354747,31001602111163,low/SRR30354747_1.fastq.gz,low/SRR30354747_2.fastq.gz
SRR30354251,31001602111222,low/SRR30354251_1.fastq.gz,low/SRR30354251_2.fastq.gz
SRR30353906,31001602111303,low/SRR30353906_1.fastq.gz,low/SRR30353906_2.fastq.gz
SRR30354717,31001602111346,low/SRR30354717_1.fastq.gz,low/SRR30354717_2.fastq.gz
SRR30354929,31001602111400,low/SRR30354929_1.fastq.gz,low/SRR30354929_2.fastq.gz
SRR30354134,31001602111440,low/SRR30354134_1.fastq.gz,low/SRR30354134_2.fastq.gz
SRR30355025,31001602111459,low/SRR30355025_1.fastq.gz,low/SRR30355025_2.fastq.gz
SRR30354927,31001602111484,low/SRR30354927_1.fastq.gz,low/SRR30354927_2.fastq.gz
SRR30353953,31001602111512,low/SRR30353953_1.fastq.gz,low/SRR30353953_2.fastq.gz
SRR30354568,31001602111534,low/SRR30354568_1.fastq.gz,low/SRR30354568_2.fastq.gz
SRR30353871,31001602111569,low/SRR30353871_1.fastq.gz,low/SRR30353871_2.fastq.gz
SRR30354445,31001602111614,low/SRR30354445_1.fastq.gz,low/SRR30354445_2.fastq.gz
SRR30354909,31001602111618,low/SRR30354909_1.fastq.gz,low/SRR30354909_2.fastq.gz
SRR30354663,31001602111639,low/SRR30354663_1.fastq.gz,low/SRR30354663_2.fastq.gz
SRR30354357,31001602111646,low/SRR30354357_1.fastq.gz,low/SRR30354357_2.fastq.gz
SRR30354756,31001602111670,low/SRR30354756_1.fastq.gz,low/SRR30354756_2.fastq.gz
SRR30354718,31001602111688,low/SRR30354718_1.fastq.gz,low/SRR30354718_2.fastq.gz
SRR30355311,31001602111703,low/SRR30355311_1.fastq.gz,low/SRR30355311_2.fastq.gz
SRR30354032,31001602111729,low/SRR30354032_1.fastq.gz,low/SRR30354032_2.fastq.gz
SRR30354379,31001602111882,low/SRR30354379_1.fastq.gz,low/SRR30354379_2.fastq.gz
SRR30353880,31001602111884,low/SRR30353880_1.fastq.gz,low/SRR30353880_2.fastq.gz
SRR30355295,31001602111889,low/SRR30355295_1.fastq.gz,low/SRR30355295_2.fastq.gz
SRR30355294,31001602111905,low/SRR30355294_1.fastq.gz,low/SRR30355294_2.fastq.gz
SRR30353903,31001602111919,low/SRR30353903_1.fastq.gz,low/SRR30353903_2.fastq.gz
SRR30353959,31001602111941,low/SRR30353959_1.fastq.gz,low/SRR30353959_2.fastq.gz
SRR30354365,31001602111963,low/SRR30354365_1.fastq.gz,low/SRR30354365_2.fastq.gz
SRR30354317,31001602111968,low/SRR30354317_1.fastq.gz,low/SRR30354317_2.fastq.gz
SRR30354987,31001602111984,low/SRR30354987_1.fastq.gz,low/SRR30354987_2.fastq.gz
SRR30354492,31001609031073,low/SRR30354492_1.fastq.gz,low/SRR30354492_2.fastq.gz
SRR30354396,31001609031291,low/SRR30354396_1.fastq.gz,low/SRR30354396_2.fastq.gz
SRR30354248,31001609031302,low/SRR30354248_1.fastq.gz,low/SRR30354248_2.fastq.gz
SRR30354304,31001609031321,low/SRR30354304_1.fastq.gz,low/SRR30354304_2.fastq.gz
SRR30353875,31001609031337,low/SRR30353875_1.fastq.gz,low/SRR30353875_2.fastq.gz
SRR30355035,31001609031343,low/SRR30355035_1.fastq.gz,low/SRR30355035_2.fastq.gz
SRR30354198,31001609031356,low/SRR30354198_1.fastq.gz,low/SRR30354198_2.fastq.gz
SRR30354633,31001609031357,low/SRR30354633_1.fastq.gz,low/SRR30354633_2.fastq.gz
SRR30354652,31001609031391,low/SRR30354652_1.fastq.gz,low/SRR30354652_2.fastq.gz
SRR30354401,31001609031418,low/SRR30354401_1.fastq.gz,low/SRR30354401_2.fastq.gz
SRR30355088,31001609031444,low/SRR30355088_1.fastq.gz,low/SRR30355088_2.fastq.gz
SRR30354722,31001609031472,low/SRR30354722_1.fastq.gz,low/SRR30354722_2.fastq.gz
SRR30354991,31001609031505,low/SRR30354991_1.fastq.gz,low/SRR30354991_2.fastq.gz
SRR30354831,31001609031563,low/SRR30354831_1.fastq.gz,low/SRR30354831_2.fastq.gz
SRR30354999,31001609031603,low/SRR30354999_1.fastq.gz,low/SRR30354999_2.fastq.gz
SRR30354307,31001609031604,low/SRR30354307_1.fastq.gz,low/SRR30354307_2.fastq.gz
SRR30354096,31001609031613,low/SRR30354096_1.fastq.gz,low/SRR30354096_2.fastq.gz
SRR30353872,31001609031624,low/SRR30353872_1.fastq.gz,low/SRR30353872_2.fastq.gz
SRR30354512,31001609031626,low/SRR30354512_1.fastq.gz,low/SRR30354512_2.fastq.gz
SRR30353918,31001609031644,low/SRR30353918_1.fastq.gz,low/SRR30353918_2.fastq.gz
SRR30354569,31001609031671,low/SRR30354569_1.fastq.gz,low/SRR30354569_2.fastq.gz
SRR30354604,31001609031780,low/SRR30354604_1.fastq.gz,low/SRR30354604_2.fastq.gz
SRR30354118,31001609031806,low/SRR30354118_1.fastq.gz,low/SRR30354118_2.fastq.gz
SRR30355293,31001609031847,low/SRR30355293_1.fastq.gz,low/SRR30355293_2.fastq.gz
SRR30353975,31001609031997,low/SRR30353975_1.fastq.gz,low/SRR30353975_2.fastq.gz
SRR30354795,31001609032009,low/SRR30354795_1.fastq.gz,low/SRR30354795_2.fastq.gz
SRR30354622,31001609032199,low/SRR30354622_1.fastq.gz,low/SRR30354622_2.fastq.gz
SRR30355004,31001609032201,low/SRR30355004_1.fastq.gz,low/SRR30355004_2.fastq.gz
SRR30354992,31001609032228,low/SRR30354992_1.fastq.gz,low/SRR30354992_2.fastq.gz
SRR30354988,31001609032319,low/SRR30354988_1.fastq.gz,low/SRR30354988_2.fastq.gz
SRR30355229,31001609032450,low/SRR30355229_1.fastq.gz,low/SRR30355229_2.fastq.gz
SRR30353974,31001609032769,low/SRR30353974_1.fastq.gz,low/SRR30353974_2.fastq.gz
SRR30354269,31001609032901,low/SRR30354269_1.fastq.gz,low/SRR30354269_2.fastq.gz
SRR30354934,31001609032930,low/SRR30354934_1.fastq.gz,low/SRR30354934_2.fastq.gz
SRR30355152,31001609032956,low/SRR30355152_1.fastq.gz,low/SRR30355152_2.fastq.gz
SRR30354962,31001609032976,low/SRR30354962_1.fastq.gz,low/SRR30354962_2.fastq.gz
SRR30354175,31001609033037,low/SRR30354175_1.fastq.gz,low/SRR30354175_2.fastq.gz
SRR30354840,31001609033074,low/SRR30354840_1.fastq.gz,low/SRR30354840_2.fastq.gz
SRR30354195,31001609033079,low/SRR30354195_1.fastq.gz,low/SRR30354195_2.fastq.gz
SRR30355266,31001609033090,low/SRR30355266_1.fastq.gz,low/SRR30355266_2.fastq.gz
SRR30354131,31001609033215,low/SRR30354131_1.fastq.gz,low/SRR30354131_2.fastq.gz
SRR30354695,31001609033218,low/SRR30354695_1.fastq.gz,low/SRR30354695_2.fastq.gz
SRR30354533,31001609033220,low/SRR30354533_1.fastq.gz,low/SRR30354533_2.fastq.gz
SRR30354189,31001609033229,low/SRR30354189_1.fastq.gz,low/SRR30354189_2.fastq.gz
SRR30354578,31001705280002,low/SRR30354578_1.fastq.gz,low/SRR30354578_2.fastq.gz
SRR30354334,31001705280112,low/SRR30354334_1.fastq.gz,low/SRR30354334_2.fastq.gz
SRR30353869,31001705280144,low/SRR30353869_1.fastq.gz,low/SRR30353869_2.fastq.gz
SRR30354666,31001705280148,low/SRR30354666_1.fastq.gz,low/SRR30354666_2.fastq.gz
SRR30354024,31001705280194,low/SRR30354024_1.fastq.gz,low/SRR30354024_2.fastq.gz
SRR30354103,31001705280229,low/SRR30354103_1.fastq.gz,low/SRR30354103_2.fastq.gz
SRR30355024,31001705280232,low/SRR30355024_1.fastq.gz,low/SRR30355024_2.fastq.gz
SRR30354938,31001705280376,low/SRR30354938_1.fastq.gz,low/SRR30354938_2.fastq.gz
SRR30354371,31001705280387,low/SRR30354371_1.fastq.gz,low/SRR30354371_2.fastq.gz
SRR30354660,31001705280399,low/SRR30354660_1.fastq.gz,low/SRR30354660_2.fastq.gz
SRR30354111,31001705280459,low/SRR30354111_1.fastq.gz,low/SRR30354111_2.fastq.gz
SRR30354183,31001705280478,low/SRR30354183_1.fastq.gz,low/SRR30354183_2.fastq.gz
SRR30353997,31001705280524,low/SRR30353997_1.fastq.gz,low/SRR30353997_2.fastq.gz
SRR30354246,31001705280543,low/SRR30354246_1.fastq.gz,low/SRR30354246_2.fastq.gz
SRR30353873,31001705280638,low/SRR30353873_1.fastq.gz,low/SRR30353873_2.fastq.gz
SRR30354243,31001705280670,low/SRR30354243_1.fastq.gz,low/SRR30354243_2.fastq.gz
SRR30354369,31001705280819,low/SRR30354369_1.fastq.gz,low/SRR30354369_2.fastq.gz
SRR30354684,31001705280831,low/SRR30354684_1.fastq.gz,low/SRR30354684_2.fastq.gz
SRR30354069,31001705280863,low/SRR30354069_1.fastq.gz,low/SRR30354069_2.fastq.gz
SRR30353965,31001705280876,low/SRR30353965_1.fastq.gz,low/SRR30353965_2.fastq.gz
SRR30354630,31001705280908,low/SRR30354630_1.fastq.gz,low/SRR30354630_2.fastq.gz
SRR30354380,31001705280933,low/SRR30354380_1.fastq.gz,low/SRR30354380_2.fastq.gz
SRR30354477,31001705280946,low/SRR30354477_1.fastq.gz,low/SRR30354477_2.fastq.gz
SRR30355317,31001705280969,low/SRR30355317_1.fastq.gz,low/SRR30355317_2.fastq.gz
SRR30355233,31001705280974,low/SRR30355233_1.fastq.gz,low/SRR30355233_2.fastq.gz
SRR30355133,31001705280991,low/SRR30355133_1.fastq.gz,low/SRR30355133_2.fastq.gz
SRR30354178,31001705281013,low/SRR30354178_1.fastq.gz,low/SRR30354178_2.fastq.gz
SRR30354576,31001705281025,low/SRR30354576_1.fastq.gz,low/SRR30354576_2.fastq.gz
SRR30355197,31001705281087,low/SRR30355197_1.fastq.gz,low/SRR30355197_2.fastq.gz
SRR30354954,31001705281088,low/SRR30354954_1.fastq.gz,low/SRR30354954_2.fastq.gz
SRR30354705,31001705281094,low/SRR30354705_1.fastq.gz,low/SRR30354705_2.fastq.gz
SRR30354854,31001705281107,low/SRR30354854_1.fastq.gz,low/SRR30354854_2.fastq.gz
SRR30355099,31001705281108,low/SRR30355099_1.fastq.gz,low/SRR30355099_2.fastq.gz
SRR30354635,31001705281128,low/SRR30354635_1.fastq.gz,low/SRR30354635_2.fastq.gz
SRR30354632,31001705281174,low/SRR30354632_1.fastq.gz,low/SRR30354632_2.fastq.gz
SRR30354394,31001705281193,low/SRR30354394_1.fastq.gz,low/SRR30354394_2.fastq.gz
SRR30355090,31001705281258,low/SRR30355090_1.fastq.gz,low/SRR30355090_2.fastq.gz
SRR30355256,31001705281319,low/SRR30355256_1.fastq.gz,low/SRR30355256_2.fastq.gz
SRR30353912,31001705281331,low/SRR30353912_1.fastq.gz,low/SRR30353912_2.fastq.gz
SRR30354387,31001705281339,low/SRR30354387_1.fastq.gz,low/SRR30354387_2.fastq.gz
SRR30354501,31001705281381,low/SRR30354501_1.fastq.gz,low/SRR30354501_2.fastq.gz
SRR30354755,31001705281413,low/SRR30354755_1.fastq.gz,low/SRR30354755_2.fastq.gz
SRR30354812,31001705281437,low/SRR30354812_1.fastq.gz,low/SRR30354812_2.fastq.gz
SRR30354406,31001705281502,low/SRR30354406_1.fastq.gz,low/SRR30354406_2.fastq.gz
SRR30354366,31001705281514,low/SRR30354366_1.fastq.gz,low/SRR30354366_2.fastq.gz
SRR30353908,31001705281532,low/SRR30353908_1.fastq.gz,low/SRR30353908_2.fastq.gz
SRR30355251,31001705281800,low/SRR30355251_1.fastq.gz,low/SRR30355251_2.fastq.gz
SRR30354803,31001705281969,low/SRR30354803_1.fastq.gz,low/SRR30354803_2.fastq.gz
SRR30353933,31001705282193,low/SRR30353933_1.fastq.gz,low/SRR30353933_2.fastq.gz
SRR30355105,31001705282204,low/SRR30355105_1.fastq.gz,low/SRR30355105_2.fastq.gz
SRR30355096,31001705282221,low/SRR30355096_1.fastq.gz,low/SRR30355096_2.fastq.gz
SRR30354665,31001705282226,low/SRR30354665_1.fastq.gz,low/SRR30354665_2.fastq.gz
SRR30354619,31001705282231,low/SRR30354619_1.fastq.gz,low/SRR30354619_2.fastq.gz
SRR30354433,31001705282241,low/SRR30354433_1.fastq.gz,low/SRR30354433_2.fastq.gz
SRR30354738,31001705282245,low/SRR30354738_1.fastq.gz,low/SRR30354738_2.fastq.gz
SRR30355296,31001705282263,low/SRR30355296_1.fastq.gz,low/SRR30355296_2.fastq.gz
SRR30353854,31001705282364,low/SRR30353854_1.fastq.gz,low/SRR30353854_2.fastq.gz
SRR30354311,31001705282416,low/SRR30354311_1.fastq.gz,low/SRR30354311_2.fastq.gz
SRR30355085,31001705282417,low/SRR30355085_1.fastq.gz,low/SRR30355085_2.fastq.gz
SRR30354637,31001705282428,low/SRR30354637_1.fastq.gz,low/SRR30354637_2.fastq.gz
SRR30355223,31001705282452,low/SRR30355223_1.fastq.gz,low/SRR30355223_2.fastq.gz
SRR30354935,31001705282466,low/SRR30354935_1.fastq.gz,low/SRR30354935_2.fastq.gz
SRR30354822,31001705282486,low/SRR30354822_1.fastq.gz,low/SRR30354822_2.fastq.gz
SRR30355285,31001705282495,low/SRR30355285_1.fastq.gz,low/SRR30355285_2.fastq.gz
SRR30354028,31001705282520,low/SRR30354028_1.fastq.gz,low/SRR30354028_2.fastq.gz
SRR30353988,31001705282521,low/SRR30353988_1.fastq.gz,low/SRR30353988_2.fastq.gz
SRR30354915,31001705282544,low/SRR30354915_1.fastq.gz,low/SRR30354915_2.fastq.gz
SRR30354393,31001705282558,low/SRR30354393_1.fastq.gz,low/SRR30354393_2.fastq.gz
SRR30355218,31001705282567,low/SRR30355218_1.fastq.gz,low/SRR30355218_2.fastq.gz
SRR30354948,31001705282611,low/SRR30354948_1.fastq.gz,low/SRR30354948_2.fastq.gz
SRR30354439,31001705282640,low/SRR30354439_1.fastq.gz,low/SRR30354439_2.fastq.gz
SRR30354828,31001705282655,low/SRR30354828_1.fastq.gz,low/SRR30354828_2.fastq.gz
SRR30353845,31001705282660,low/SRR30353845_1.fastq.gz,low/SRR30353845_2.fastq.gz
SRR30355067,31001705282667,low/SRR30355067_1.fastq.gz,low/SRR30355067_2.fastq.gz
SRR30354654,31001705282675,low/SRR30354654_1.fastq.gz,low/SRR30354654_2.fastq.gz
SRR30355027,31001705282936,low/SRR30355027_1.fastq.gz,low/SRR30355027_2.fastq.gz
SRR30354196,31001705282943,low/SRR30354196_1.fastq.gz,low/SRR30354196_2.fastq.gz
SRR30355114,31001705282958,low/SRR30355114_1.fastq.gz,low/SRR30355114_2.fastq.gz
SRR30354081,31001705283101,low/SRR30354081_1.fastq.gz,low/SRR30354081_2.fastq.gz
SRR30355230,31001705283124,low/SRR30355230_1.fastq.gz,low/SRR30355230_2.fastq.gz
SRR30354465,31001705283177,low/SRR30354465_1.fastq.gz,low/SRR30354465_2.fastq.gz
SRR30354408,31001705283229,low/SRR30354408_1.fastq.gz,low/SRR30354408_2.fastq.gz
SRR30354776,31001705283258,low/SRR30354776_1.fastq.gz,low/SRR30354776_2.fastq.gz
SRR30354265,31001705283307,low/SRR30354265_1.fastq.gz,low/SRR30354265_2.fastq.gz
SRR30355048,31001705283311,low/SRR30355048_1.fastq.gz,low/SRR30355048_2.fastq.gz
SRR30354653,31001705283334,low/SRR30354653_1.fastq.gz,low/SRR30354653_2.fastq.gz
SRR30354467,31001705283340,low/SRR30354467_1.fastq.gz,low/SRR30354467_2.fastq.gz
SRR30354373,31001705283341,low/SRR30354373_1.fastq.gz,low/SRR30354373_2.fastq.gz
SRR30355142,31001705283396,low/SRR30355142_1.fastq.gz,low/SRR30355142_2.fastq.gz
SRR30354600,31001705283405,low/SRR30354600_1.fastq.gz,low/SRR30354600_2.fastq.gz
SRR30354736,31001705283409,low/SRR30354736_1.fastq.gz,low/SRR30354736_2.fastq.gz
SRR30354753,31001705283430,low/SRR30354753_1.fastq.gz,low/SRR30354753_2.fastq.gz
SRR30354904,31001705283455,low/SRR30354904_1.fastq.gz,low/SRR30354904_2.fastq.gz
SRR30354280,31001806030022,low/SRR30354280_1.fastq.gz,low/SRR30354280_2.fastq.gz
SRR30354009,31001806030025,low/SRR30354009_1.fastq.gz,low/SRR30354009_2.fastq.gz
SRR30354319,31001806030081,low/SRR30354319_1.fastq.gz,low/SRR30354319_2.fastq.gz
SRR30355171,31001806030087,low/SRR30355171_1.fastq.gz,low/SRR30355171_2.fastq.gz
SRR30353930,31001806030101,low/SRR30353930_1.fastq.gz,low/SRR30353930_2.fastq.gz
SRR30355182,31001806030132,low/SRR30355182_1.fastq.gz,low/SRR30355182_2.fastq.gz
SRR30355029,31001806030139,low/SRR30355029_1.fastq.gz,low/SRR30355029_2.fastq.gz
SRR30355082,31001806030140,low/SRR30355082_1.fastq.gz,low/SRR30355082_2.fastq.gz
SRR30354636,31001806030152,low/SRR30354636_1.fastq.gz,low/SRR30354636_2.fastq.gz
SRR30355065,31001806030158,low/SRR30355065_1.fastq.gz,low/SRR30355065_2.fastq.gz
SRR30354428,31001806030159,low/SRR30354428_1.fastq.gz,low/SRR30354428_2.fastq.gz
SRR30354068,31001806030165,low/SRR30354068_1.fastq.gz,low/SRR30354068_2.fastq.gz
SRR30354326,31001806030169,low/SRR30354326_1.fastq.gz,low/SRR30354326_2.fastq.gz
SRR30354651,31001806030181,low/SRR30354651_1.fastq.gz,low/SRR30354651_2.fastq.gz
SRR30354035,31001806030198,low/SRR30354035_1.fastq.gz,low/SRR30354035_2.fastq.gz
SRR30354984,31001806030200,low/SRR30354984_1.fastq.gz,low/SRR30354984_2.fastq.gz
SRR30354424,31001806030211,low/SRR30354424_1.fastq.gz,low/SRR30354424_2.fastq.gz
SRR30354454,31001806030218,low/SRR30354454_1.fastq.gz,low/SRR30354454_2.fastq.gz
SRR30353922,31001806030223,low/SRR30353922_1.fastq.gz,low/SRR30353922_2.fastq.gz
SRR30353978,31001806030231,low/SRR30353978_1.fastq.gz,low/SRR30353978_2.fastq.gz
SRR30354510,31001806030237,low/SRR30354510_1.fastq.gz,low/SRR30354510_2.fastq.gz
SRR30354940,31001806030241,low/SRR30354940_1.fastq.gz,low/SRR30354940_2.fastq.gz
SRR30355119,31001806030259,low/SRR30355119_1.fastq.gz,low/SRR30355119_2.fastq.gz
SRR30354391,31001806030282,low/SRR30354391_1.fastq.gz,low/SRR30354391_2.fastq.gz
SRR30354241,31001806030283,low/SRR30354241_1.fastq.gz,low/SRR30354241_2.fastq.gz
SRR30354392,31001806030295,low/SRR30354392_1.fastq.gz,low/SRR30354392_2.fastq.gz
SRR30355284,31001806030301,low/SRR30355284_1.fastq.gz,low/SRR30355284_2.fastq.gz
SRR30354758,31001806030325,low/SRR30354758_1.fastq.gz,low/SRR30354758_2.fastq.gz
SRR30355162,31001806030354,low/SRR30355162_1.fastq.gz,low/SRR30355162_2.fastq.gz
SRR30354713,31001806030359,low/SRR30354713_1.fastq.gz,low/SRR30354713_2.fastq.gz
SRR30354664,31001806030409,low/SRR30354664_1.fastq.gz,low/SRR30354664_2.fastq.gz
SRR30355020,31001806030506,low/SRR30355020_1.fastq.gz,low/SRR30355020_2.fastq.gz
SRR30355222,31001806030576,low/SRR30355222_1.fastq.gz,low/SRR30355222_2.fastq.gz
SRR30353937,31001806030582,low/SRR30353937_1.fastq.gz,low/SRR30353937_2.fastq.gz
SRR30355290,31001806030598,low/SRR30355290_1.fastq.gz,low/SRR30355290_2.fastq.gz
SRR30354475,31001806030607,low/SRR30354475_1.fastq.gz,low/SRR30354475_2.fastq.gz
SRR30355188,31001806030615,low/SRR30355188_1.fastq.gz,low/SRR30355188_2.fastq.gz
SRR30355150,31001806030620,low/SRR30355150_1.fastq.gz,low/SRR30355150_2.fastq.gz
SRR30355070,31001806030621,low/SRR30355070_1.fastq.gz,low/SRR30355070_2.fastq.gz
SRR30354542,31001806030624,low/SRR30354542_1.fastq.gz,low/SRR30354542_2.fastq.gz
SRR30354441,31001806030643,low/SRR30354441_1.fastq.gz,low/SRR30354441_2.fastq.gz
SRR30354316,31001806030678,low/SRR30354316_1.fastq.gz,low/SRR30354316_2.fastq.gz
SRR30354083,31001806030681,low/SRR30354083_1.fastq.gz,low/SRR30354083_2.fastq.gz
SRR30354017,31001806030682,low/SRR30354017_1.fastq.gz,low/SRR30354017_2.fastq.gz
SRR30354123,31001806030689,low/SRR30354123_1.fastq.gz,low/SRR30354123_2.fastq.gz
SRR30355320,31001806030691,low/SRR30355320_1.fastq.gz,low/SRR30355320_2.fastq.gz
SRR30355047,31001806030696,low/SRR30355047_1.fastq.gz,low/SRR30355047_2.fastq.gz
SRR30354893,31001806030818,low/SRR30354893_1.fastq.gz,low/SRR30354893_2.fastq.gz
SRR30354996,31001806030824,low/SRR30354996_1.fastq.gz,low/SRR30354996_2.fastq.gz
SRR30354889,31001806030830,low/SRR30354889_1.fastq.gz,low/SRR30354889_2.fastq.gz
SRR30355205,31001806030836,low/SRR30355205_1.fastq.gz,low/SRR30355205_2.fastq.gz
SRR30354584,31001806030841,low/SRR30354584_1.fastq.gz,low/SRR30354584_2.fastq.gz
SRR30354341,31001806030858,low/SRR30354341_1.fastq.gz,low/SRR30354341_2.fastq.gz
SRR30354710,31001806030911,low/SRR30354710_1.fastq.gz,low/SRR30354710_2.fastq.gz
SRR30354573,31001806030914,low/SRR30354573_1.fastq.gz,low/SRR30354573_2.fastq.gz
SRR30354088,31001806030943,low/SRR30354088_1.fastq.gz,low/SRR30354088_2.fastq.gz
SRR30354603,31001806030944,low/SRR30354603_1.fastq.gz,low/SRR30354603_2.fastq.gz
SRR30354422,31001806031029,low/SRR30354422_1.fastq.gz,low/SRR30354422_2.fastq.gz
SRR30354156,31001806031044,low/SRR30354156_1.fastq.gz,low/SRR30354156_2.fastq.gz
SRR30354287,31001806031082,low/SRR30354287_1.fastq.gz,low/SRR30354287_2.fastq.gz
SRR30354982,31001806031093,low/SRR30354982_1.fastq.gz,low/SRR30354982_2.fastq.gz
SRR30354456,31001806031094,low/SRR30354456_1.fastq.gz,low/SRR30354456_2.fastq.gz
SRR30354003,31001806031111,low/SRR30354003_1.fastq.gz,low/SRR30354003_2.fastq.gz
SRR30354860,31001806031120,low/SRR30354860_1.fastq.gz,low/SRR30354860_2.fastq.gz
SRR30354816,31001806031125,low/SRR30354816_1.fastq.gz,low/SRR30354816_2.fastq.gz
SRR30354437,31001806031128,low/SRR30354437_1.fastq.gz,low/SRR30354437_2.fastq.gz
SRR30354781,31001806031136,low/SRR30354781_1.fastq.gz,low/SRR30354781_2.fastq.gz
SRR30354686,31001806031139,low/SRR30354686_1.fastq.gz,low/SRR30354686_2.fastq.gz
SRR30355012,31001806031141,low/SRR30355012_1.fastq.gz,low/SRR30355012_2.fastq.gz
SRR30355164,31001806031152,low/SRR30355164_1.fastq.gz,low/SRR30355164_2.fastq.gz
SRR30354170,31001806031181,low/SRR30354170_1.fastq.gz,low/SRR30354170_2.fastq.gz
SRR30354120,31001806031271,low/SRR30354120_1.fastq.gz,low/SRR30354120_2.fastq.gz
SRR30354233,31001806031277,low/SRR30354233_1.fastq.gz,low/SRR30354233_2.fastq.gz
SRR30355118,31001806031285,low/SRR30355118_1.fastq.gz,low/SRR30355118_2.fastq.gz
SRR30355316,31001806031294,low/SRR30355316_1.fastq.gz,low/SRR30355316_2.fastq.gz
SRR30354270,31001806031297,low/SRR30354270_1.fastq.gz,low/SRR30354270_2.fastq.gz
SRR30354930,31001806031306,low/SRR30354930_1.fastq.gz,low/SRR30354930_2.fastq.gz
SRR30354672,31001806031311,low/SRR30354672_1.fastq.gz,low/SRR30354672_2.fastq.gz
SRR30354571,31001806031316,low/SRR30354571_1.fastq.gz,low/SRR30354571_2.fastq.gz
SRR30354891,31001806031320,low/SRR30354891_1.fastq.gz,low/SRR30354891_2.fastq.gz
SRR30353983,31001806031323,low/SRR30353983_1.fastq.gz,low/SRR30353983_2.fastq.gz
SRR30354917,31001806031328,low/SRR30354917_1.fastq.gz,low/SRR30354917_2.fastq.gz
SRR30353961,31001806031339,low/SRR30353961_1.fastq.gz,low/SRR30353961_2.fastq.gz
SRR30354212,31001806031365,low/SRR30354212_1.fastq.gz,low/SRR30354212_2.fastq.gz
SRR30354513,31001806031375,low/SRR30354513_1.fastq.gz,low/SRR30354513_2.fastq.gz
SRR30354762,31001806031377,low/SRR30354762_1.fastq.gz,low/SRR30354762_2.fastq.gz
SRR30354906,31001806031380,low/SRR30354906_1.fastq.gz,low/SRR30354906_2.fastq.gz
SRR30354623,31001806031381,low/SRR30354623_1.fastq.gz,low/SRR30354623_2.fastq.gz
SRR30355279,31001806031392,low/SRR30355279_1.fastq.gz,low/SRR30355279_2.fastq.gz
SRR30354901,31001806031397,low/SRR30354901_1.fastq.gz,low/SRR30354901_2.fastq.gz
SRR30354001,31001806031400,low/SRR30354001_1.fastq.gz,low/SRR30354001_2.fastq.gz
SRR30353966,31001806031407,low/SRR30353966_1.fastq.gz,low/SRR30353966_2.fastq.gz
SRR30354539,31001806031418,low/SRR30354539_1.fastq.gz,low/SRR30354539_2.fastq.gz
SRR30353928,31001806031430,low/SRR30353928_1.fastq.gz,low/SRR30353928_2.fastq.gz
SRR30354097,31001806031440,low/SRR30354097_1.fastq.gz,low/SRR30354097_2.fastq.gz
SRR30354890,31001806031446,low/SRR30354890_1.fastq.gz,low/SRR30354890_2.fastq.gz
SRR30354818,31001806031501,low/SRR30354818_1.fastq.gz,low/SRR30354818_2.fastq.gz
SRR30355179,31001806031551,low/SRR30355179_1.fastq.gz,low/SRR30355179_2.fastq.gz
SRR30354102,31001806031572,low/SRR30354102_1.fastq.gz,low/SRR30354102_2.fastq.gz
SRR30354943,31001806031600,low/SRR30354943_1.fastq.gz,low/SRR30354943_2.fastq.gz
SRR30354016,31001806031609,low/SRR30354016_1.fastq.gz,low/SRR30354016_2.fastq.gz
SRR30354058,31001806031616,low/SRR30354058_1.fastq.gz,low/SRR30354058_2.fastq.gz
SRR30354211,31001806031624,low/SRR30354211_1.fastq.gz,low/SRR30354211_2.fastq.gz
SRR30354760,31001806031630,low/SRR30354760_1.fastq.gz,low/SRR30354760_2.fastq.gz
SRR30355097,31001806031636,low/SRR30355097_1.fastq.gz,low/SRR30355097_2.fastq.gz
SRR30354298,31001806031637,low/SRR30354298_1.fastq.gz,low/SRR30354298_2.fastq.gz
SRR30354882,31001806031642,low/SRR30354882_1.fastq.gz,low/SRR30354882_2.fastq.gz
SRR30353986,31001806031744,low/SRR30353986_1.fastq.gz,low/SRR30353986_2.fastq.gz
SRR30354345,31001806031782,low/SRR30354345_1.fastq.gz,low/SRR30354345_2.fastq.gz
SRR30354432,31001806031784,low/SRR30354432_1.fastq.gz,low/SRR30354432_2.fastq.gz
SRR30354941,31001806031788,low/SRR30354941_1.fastq.gz,low/SRR30354941_2.fastq.gz
SRR30354728,31001806031938,low/SRR30354728_1.fastq.gz,low/SRR30354728_2.fastq.gz
SRR30355301,31001806032021,low/SRR30355301_1.fastq.gz,low/SRR30355301_2.fastq.gz
SRR30354010,31001806032039,low/SRR30354010_1.fastq.gz,low/SRR30354010_2.fastq.gz
SRR30354052,31001806032043,low/SRR30354052_1.fastq.gz,low/SRR30354052_2.fastq.gz
SRR30353892,31001806032050,low/SRR30353892_1.fastq.gz,low/SRR30353892_2.fastq.gz
SRR30354376,31001806032054,low/SRR30354376_1.fastq.gz,low/SRR30354376_2.fastq.gz
SRR30353969,31001806032068,low/SRR30353969_1.fastq.gz,low/SRR30353969_2.fastq.gz
SRR30355056,31001806032083,low/SRR30355056_1.fastq.gz,low/SRR30355056_2.fastq.gz
SRR30354541,31001806032085,low/SRR30354541_1.fastq.gz,low/SRR30354541_2.fastq.gz
SRR30354784,31001806032086,low/SRR30354784_1.fastq.gz,low/SRR30354784_2.fastq.gz
SRR30354650,31001806032091,low/SRR30354650_1.fastq.gz,low/SRR30354650_2.fastq.gz
SRR30354064,31001806032105,low/SRR30354064_1.fastq.gz,low/SRR30354064_2.fastq.gz
SRR30354585,31001806032116,low/SRR30354585_1.fastq.gz,low/SRR30354585_2.fastq.gz
SRR30355306,31001806032119,low/SRR30355306_1.fastq.gz,low/SRR30355306_2.fastq.gz
SRR30353957,31001806032126,low/SRR30353957_1.fastq.gz,low/SRR30353957_2.fastq.gz
SRR30353901,31001806032134,low/SRR30353901_1.fastq.gz,low/SRR30353901_2.fastq.gz
SRR30354933,31001806032135,low/SRR30354933_1.fastq.gz,low/SRR30354933_2.fastq.gz
SRR30354997,31001806032144,low/SRR30354997_1.fastq.gz,low/SRR30354997_2.fastq.gz
SRR30354363,31001806032279,low/SRR30354363_1.fastq.gz,low/SRR30354363_2.fastq.gz
SRR30354791,31001806032289,low/SRR30354791_1.fastq.gz,low/SRR30354791_2.fastq.gz
SRR30354951,31001806032293,low/SRR30354951_1.fastq.gz,low/SRR30354951_2.fastq.gz
SRR30354676,31001806032312,low/SRR30354676_1.fastq.gz,low/SRR30354676_2.fastq.gz
SRR30353977,31001806032313,low/SRR30353977_1.fastq.gz,low/SRR30353977_2.fastq.gz
SRR30355259,31001806032315,low/SRR30355259_1.fastq.gz,low/SRR30355259_2.fastq.gz
SRR30354162,31001806032556,low/SRR30354162_1.fastq.gz,low/SRR30354162_2.fastq.gz
SRR30354407,31001806032581,low/SRR30354407_1.fastq.gz,low/SRR30354407_2.fastq.gz
SRR30354061,31001806032585,low/SRR30354061_1.fastq.gz,low/SRR30354061_2.fastq.gz
SRR30354827,31001806032592,low/SRR30354827_1.fastq.gz,low/SRR30354827_2.fastq.gz
SRR30354966,31001806032601,low/SRR30354966_1.fastq.gz,low/SRR30354966_2.fastq.gz
SRR30355054,31001806032622,low/SRR30355054_1.fastq.gz,low/SRR30355054_2.fastq.gz
SRR30354450,31001806032625,low/SRR30354450_1.fastq.gz,low/SRR30354450_2.fastq.gz
SRR30354484,31001806032631,low/SRR30354484_1.fastq.gz,low/SRR30354484_2.fastq.gz
SRR30355172,31001806032643,low/SRR30355172_1.fastq.gz,low/SRR30355172_2.fastq.gz
SRR30354218,31001806032646,low/SRR30354218_1.fastq.gz,low/SRR30354218_2.fastq.gz
SRR30354209,31001806032715,low/SRR30354209_1.fastq.gz,low/SRR30354209_2.fastq.gz
SRR30354839,31001806032754,low/SRR30354839_1.fastq.gz,low/SRR30354839_2.fastq.gz
SRR30355031,31001806032765,low/SRR30355031_1.fastq.gz,low/SRR30355031_2.fastq.gz
SRR30354142,31001806032772,low/SRR30354142_1.fastq.gz,low/SRR30354142_2.fastq.gz
SRR30354594,31001806032786,low/SRR30354594_1.fastq.gz,low/SRR30354594_2.fastq.gz
SRR30354182,31001806032805,low/SRR30354182_1.fastq.gz,low/SRR30354182_2.fastq.gz
SRR30355155,31001806032872,low/SRR30355155_1.fastq.gz,low/SRR30355155_2.fastq.gz
SRR30354348,31001806032877,low/SRR30354348_1.fastq.gz,low/SRR30354348_2.fastq.gz
SRR30354740,31001806032881,low/SRR30354740_1.fastq.gz,low/SRR30354740_2.fastq.gz
SRR30355207,31001806032886,low/SRR30355207_1.fastq.gz,low/SRR30355207_2.fastq.gz
SRR30354692,31001806032898,low/SRR30354692_1.fastq.gz,low/SRR30354692_2.fastq.gz
SRR30355160,31001806032903,low/SRR30355160_1.fastq.gz,low/SRR30355160_2.fastq.gz
SRR30355039,31001806032919,low/SRR30355039_1.fastq.gz,low/SRR30355039_2.fastq.gz
SRR30354937,31001806032921,low/SRR30354937_1.fastq.gz,low/SRR30354937_2.fastq.gz
SRR30354566,31001806032929,low/SRR30354566_1.fastq.gz,low/SRR30354566_2.fastq.gz
SRR30355009,31001806032930,low/SRR30355009_1.fastq.gz,low/SRR30355009_2.fastq.gz
SRR30353846,31001806032940,low/SRR30353846_1.fastq.gz,low/SRR30353846_2.fastq.gz
SRR30354556,31001806032959,low/SRR30354556_1.fastq.gz,low/SRR30354556_2.fastq.gz
SRR30354303,31001806032987,low/SRR30354303_1.fastq.gz,low/SRR30354303_2.fastq.gz
SRR30354094,31001806032992,low/SRR30354094_1.fastq.gz,low/SRR30354094_2.fastq.gz
SRR30354771,31001806033001,low/SRR30354771_1.fastq.gz,low/SRR30354771_2.fastq.gz
SRR30354949,31001806033018,low/SRR30354949_1.fastq.gz,low/SRR30354949_2.fastq.gz
SRR30355022,31001806033220,low/SRR30355022_1.fastq.gz,low/SRR30355022_2.fastq.gz
SRR30354638,31001806033392,low/SRR30354638_1.fastq.gz,low/SRR30354638_2.fastq.gz
SRR30355220,31001806033710,low/SRR30355220_1.fastq.gz,low/SRR30355220_2.fastq.gz
SRR30354483,31001806033749,low/SRR30354483_1.fastq.gz,low/SRR30354483_2.fastq.gz
SRR30354349,31001806033751,low/SRR30354349_1.fastq.gz,low/SRR30354349_2.fastq.gz
SRR30355224,31001806033769,low/SRR30355224_1.fastq.gz,low/SRR30355224_2.fastq.gz
SRR30354768,31001806033789,low/SRR30354768_1.fastq.gz,low/SRR30354768_2.fastq.gz
SRR30354485,31001806033830,low/SRR30354485_1.fastq.gz,low/SRR30354485_2.fastq.gz
SRR30355265,31001806033852,low/SRR30355265_1.fastq.gz,low/SRR30355265_2.fastq.gz
SRR30354138,31001806033866,low/SRR30354138_1.fastq.gz,low/SRR30354138_2.fastq.gz
SRR30354910,31001806033867,low/SRR30354910_1.fastq.gz,low/SRR30354910_2.fastq.gz
SRR30354346,31001806033874,low/SRR30354346_1.fastq.gz,low/SRR30354346_2.fastq.gz
SRR30355245,31001806033875,low/SRR30355245_1.fastq.gz,low/SRR30355245_2.fastq.gz
SRR30355141,31001806033881,low/SRR30355141_1.fastq.gz,low/SRR30355141_2.fastq.gz
SRR30355187,31001806033897,low/SRR30355187_1.fastq.gz,low/SRR30355187_2.fastq.gz
SRR30354090,31001806033902,low/SRR30354090_1.fastq.gz,low/SRR30354090_2.fastq.gz
SRR30355092,31001806033909,low/SRR30355092_1.fastq.gz,low/SRR30355092_2.fastq.gz
SRR30354295,31001806033923,low/SRR30354295_1.fastq.gz,low/SRR30354295_2.fastq.gz
SRR30354180,31001806033932,low/SRR30354180_1.fastq.gz,low/SRR30354180_2.fastq.gz
SRR30354364,31001806033933,low/SRR30354364_1.fastq.gz,low/SRR30354364_2.fastq.gz
SRR30354222,31001806033935,low/SRR30354222_1.fastq.gz,low/SRR30354222_2.fastq.gz
SRR30353909,31001806033967,low/SRR30353909_1.fastq.gz,low/SRR30353909_2.fastq.gz
SRR30354843,31001806034008,low/SRR30354843_1.fastq.gz,low/SRR30354843_2.fastq.gz
SRR30354777,31001806034013,low/SRR30354777_1.fastq.gz,low/SRR30354777_2.fastq.gz
SRR30354626,31001806034329,low/SRR30354626_1.fastq.gz,low/SRR30354626_2.fastq.gz
SRR30354076,31001806034353,low/SRR30354076_1.fastq.gz,low/SRR30354076_2.fastq.gz
SRR30354141,31001806034498,low/SRR30354141_1.fastq.gz,low/SRR30354141_2.fastq.gz
SRR30354825,31001806034504,low/SRR30354825_1.fastq.gz,low/SRR30354825_2.fastq.gz
SRR30354006,31001806034505,low/SRR30354006_1.fastq.gz,low/SRR30354006_2.fastq.gz
SRR30354359,31001806034509,low/SRR30354359_1.fastq.gz,low/SRR30354359_2.fastq.gz
SRR30355033,31001806034519,low/SRR30355033_1.fastq.gz,low/SRR30355033_2.fastq.gz
SRR30354077,31001806034521,low/SRR30354077_1.fastq.gz,low/SRR30354077_2.fastq.gz
SRR30355057,31001806034525,low/SRR30355057_1.fastq.gz,low/SRR30355057_2.fastq.gz
SRR30353956,31001806034526,low/SRR30353956_1.fastq.gz,low/SRR30353956_2.fastq.gz
SRR30354210,31001806034531,low/SRR30354210_1.fastq.gz,low/SRR30354210_2.fastq.gz
SRR30354744,31001806034532,low/SRR30354744_1.fastq.gz,low/SRR30354744_2.fastq.gz
SRR30353995,31001806034536,low/SRR30353995_1.fastq.gz,low/SRR30353995_2.fastq.gz
SRR30354979,31001806034537,low/SRR30354979_1.fastq.gz,low/SRR30354979_2.fastq.gz
SRR30355036,31001806034538,low/SRR30355036_1.fastq.gz,low/SRR30355036_2.fastq.gz
SRR30354892,31001806034539,low/SRR30354892_1.fastq.gz,low/SRR30354892_2.fastq.gz
SRR30355032,31001806034540,low/SRR30355032_1.fastq.gz,low/SRR30355032_2.fastq.gz
SRR30353938,31001806034542,low/SRR30353938_1.fastq.gz,low/SRR30353938_2.fastq.gz
SRR30354801,31001806034543,low/SRR30354801_1.fastq.gz,low/SRR30354801_2.fastq.gz
SRR30354580,31001806034545,low/SRR30354580_1.fastq.gz,low/SRR30354580_2.fastq.gz
SRR30354098,31001806034548,low/SRR30354098_1.fastq.gz,low/SRR30354098_2.fastq.gz
SRR30355213,31001806034550,low/SRR30355213_1.fastq.gz,low/SRR30355213_2.fastq.gz
SRR30354555,31001806034552,low/SRR30354555_1.fastq.gz,low/SRR30354555_2.fastq.gz
SRR30354853,31001806034553,low/SRR30354853_1.fastq.gz,low/SRR30354853_2.fastq.gz
SRR30354169,31001806034554,low/SRR30354169_1.fastq.gz,low/SRR30354169_2.fastq.gz
SRR30354550,31001806034564,low/SRR30354550_1.fastq.gz,low/SRR30354550_2.fastq.gz
SRR30353885,31001806034565,low/SRR30353885_1.fastq.gz,low/SRR30353885_2.fastq.gz
SRR30355129,31001806034567,low/SRR30355129_1.fastq.gz,low/SRR30355129_2.fastq.gz
SRR30355221,31001806034569,low/SRR30355221_1.fastq.gz,low/SRR30355221_2.fastq.gz
SRR30354390,31001806034570,low/SRR30354390_1.fastq.gz,low/SRR30354390_2.fastq.gz
SRR30355248,31001806034572,low/SRR30355248_1.fastq.gz,low/SRR30355248_2.fastq.gz
SRR30354989,31001806034576,low/SRR30354989_1.fastq.gz,low/SRR30354989_2.fastq.gz
SRR30354526,31001806034579,low/SRR30354526_1.fastq.gz,low/SRR30354526_2.fastq.gz
SRR30353998,31001806034580,low/SRR30353998_1.fastq.gz,low/SRR30353998_2.fastq.gz
SRR30355189,31001806034581,low/SRR30355189_1.fastq.gz,low/SRR30355189_2.fastq.gz
SRR30355176,31001806034584,low/SRR30355176_1.fastq.gz,low/SRR30355176_2.fastq.gz
SRR30355258,31001806034587,low/SRR30355258_1.fastq.gz,low/SRR30355258_2.fastq.gz
SRR30355173,31001806034588,low/SRR30355173_1.fastq.gz,low/SRR30355173_2.fastq.gz
SRR30354567,31001806034589,low/SRR30354567_1.fastq.gz,low/SRR30354567_2.fastq.gz
SRR30354293,31001806034590,low/SRR30354293_1.fastq.gz,low/SRR30354293_2.fastq.gz
SRR30355102,31001806034591,low/SRR30355102_1.fastq.gz,low/SRR30355102_2.fastq.gz
SRR30354297,31001806034592,low/SRR30354297_1.fastq.gz,low/SRR30354297_2.fastq.gz
SRR30353952,31001806034597,low/SRR30353952_1.fastq.gz,low/SRR30353952_2.fastq.gz
SRR30355145,31001806034602,low/SRR30355145_1.fastq.gz,low/SRR30355145_2.fastq.gz
SRR30355243,31001806034605,low/SRR30355243_1.fastq.gz,low/SRR30355243_2.fastq.gz
SRR30353948,31001806034610,low/SRR30353948_1.fastq.gz,low/SRR30353948_2.fastq.gz
SRR30354855,31001806034613,low/SRR30354855_1.fastq.gz,low/SRR30354855_2.fastq.gz
SRR30355081,31001806034614,low/SRR30355081_1.fastq.gz,low/SRR30355081_2.fastq.gz
SRR30355312,31001806034630,low/SRR30355312_1.fastq.gz,low/SRR30355312_2.fastq.gz
SRR30354659,31001806034650,low/SRR30354659_1.fastq.gz,low/SRR30354659_2.fastq.gz
SRR30355309,31001806034658,low/SRR30355309_1.fastq.gz,low/SRR30355309_2.fastq.gz
SRR30355271,31001806034668,low/SRR30355271_1.fastq.gz,low/SRR30355271_2.fastq.gz
SRR30354351,31001806034671,low/SRR30354351_1.fastq.gz,low/SRR30354351_2.fastq.gz
SRR30354721,31001806034683,low/SRR30354721_1.fastq.gz,low/SRR30354721_2.fastq.gz
SRR30355110,31001806034693,low/SRR30355110_1.fastq.gz,low/SRR30355110_2.fastq.gz
SRR30354723,31001806034696,low/SRR30354723_1.fastq.gz,low/SRR30354723_2.fastq.gz
SRR30354149,31001806034699,low/SRR30354149_1.fastq.gz,low/SRR30354149_2.fastq.gz
SRR30354732,31001806034700,low/SRR30354732_1.fastq.gz,low/SRR30354732_2.fastq.gz
SRR30354284,31001806034704,low/SRR30354284_1.fastq.gz,low/SRR30354284_2.fastq.gz
SRR30354136,31001806034705,low/SRR30354136_1.fastq.gz,low/SRR30354136_2.fastq.gz
SRR30354673,31001806034713,low/SRR30354673_1.fastq.gz,low/SRR30354673_2.fastq.gz
SRR30354609,31001806034716,low/SRR30354609_1.fastq.gz,low/SRR30354609_2.fastq.gz
SRR30354339,31001806034718,low/SRR30354339_1.fastq.gz,low/SRR30354339_2.fastq.gz
SRR30354468,31001806034735,low/SRR30354468_1.fastq.gz,low/SRR30354468_2.fastq.gz
SRR30354235,31001806034736,low/SRR30354235_1.fastq.gz,low/SRR30354235_2.fastq.gz
SRR30354830,31001806034737,low/SRR30354830_1.fastq.gz,low/SRR30354830_2.fastq.gz
SRR30354245,31001806034745,low/SRR30354245_1.fastq.gz,low/SRR30354245_2.fastq.gz
SRR30353993,31001806034746,low/SRR30353993_1.fastq.gz,low/SRR30353993_2.fastq.gz
SRR30355249,31001806034749,low/SRR30355249_1.fastq.gz,low/SRR30355249_2.fastq.gz
SRR30354741,31001806034756,low/SRR30354741_1.fastq.gz,low/SRR30354741_2.fastq.gz
SRR30354054,31001806034761,low/SRR30354054_1.fastq.gz,low/SRR30354054_2.fastq.gz
SRR30355283,31001806034767,low/SRR30355283_1.fastq.gz,low/SRR30355283_2.fastq.gz
SRR30354903,31001806034769,low/SRR30354903_1.fastq.gz,low/SRR30354903_2.fastq.gz
SRR30354975,31001806034770,low/SRR30354975_1.fastq.gz,low/SRR30354975_2.fastq.gz
SRR30354726,31001806034772,low/SRR30354726_1.fastq.gz,low/SRR30354726_2.fastq.gz
SRR30355143,31001806034776,low/SRR30355143_1.fastq.gz,low/SRR30355143_2.fastq.gz
SRR30355037,31001806034779,low/SRR30355037_1.fastq.gz,low/SRR30355037_2.fastq.gz
SRR30353905,31001806034783,low/SRR30353905_1.fastq.gz,low/SRR30353905_2.fastq.gz
SRR30354291,31001806034784,low/SRR30354291_1.fastq.gz,low/SRR30354291_2.fastq.gz
SRR30354080,31001806034787,low/SRR30354080_1.fastq.gz,low/SRR30354080_2.fastq.gz
SRR30354279,31001806034789,low/SRR30354279_1.fastq.gz,low/SRR30354279_2.fastq.gz
SRR30355286,31001806034793,low/SRR30355286_1.fastq.gz,low/SRR30355286_2.fastq.gz
SRR30354902,31001806034794,low/SRR30354902_1.fastq.gz,low/SRR30354902_2.fastq.gz
SRR30353910,31001806034795,low/SRR30353910_1.fastq.gz,low/SRR30353910_2.fastq.gz
SRR30354634,31001806034797,low/SRR30354634_1.fastq.gz,low/SRR30354634_2.fastq.gz
SRR30354065,31001806034798,low/SRR30354065_1.fastq.gz,low/SRR30354065_2.fastq.gz
SRR30355201,31001806034799,low/SRR30355201_1.fastq.gz,low/SRR30355201_2.fastq.gz
SRR30354482,31001806034802,low/SRR30354482_1.fastq.gz,low/SRR30354482_2.fastq.gz
SRR30354679,31001806034803,low/SRR30354679_1.fastq.gz,low/SRR30354679_2.fastq.gz
SRR30355094,31001806034808,low/SRR30355094_1.fastq.gz,low/SRR30355094_2.fastq.gz
SRR30353962,31001806034811,low/SRR30353962_1.fastq.gz,low/SRR30353962_2.fastq.gz
SRR30355203,31001806034818,low/SRR30355203_1.fastq.gz,low/SRR30355203_2.fastq.gz
SRR30354983,31001806034825,low/SRR30354983_1.fastq.gz,low/SRR30354983_2.fastq.gz
SRR30355052,31001806034826,low/SRR30355052_1.fastq.gz,low/SRR30355052_2.fastq.gz
SRR30354750,31001806034827,low/SRR30354750_1.fastq.gz,low/SRR30354750_2.fastq.gz
SRR30353926,31001806034829,low/SRR30353926_1.fastq.gz,low/SRR30353926_2.fastq.gz
SRR30354254,31001806034840,low/SRR30354254_1.fastq.gz,low/SRR30354254_2.fastq.gz
SRR30353878,31001806034841,low/SRR30353878_1.fastq.gz,low/SRR30353878_2.fastq.gz
SRR30353867,31001806034843,low/SRR30353867_1.fastq.gz,low/SRR30353867_2.fastq.gz
SRR30353904,31001806034849,low/SRR30353904_1.fastq.gz,low/SRR30353904_2.fastq.gz
SRR30354590,31001806034851,low/SRR30354590_1.fastq.gz,low/SRR30354590_2.fastq.gz
SRR30354253,31001806034852,low/SRR30354253_1.fastq.gz,low/SRR30354253_2.fastq.gz
SRR30354899,31001806034853,low/SRR30354899_1.fastq.gz,low/SRR30354899_2.fastq.gz
SRR30354724,31001806034854,low/SRR30354724_1.fastq.gz,low/SRR30354724_2.fastq.gz
SRR30353951,31001806034870,low/SRR30353951_1.fastq.gz,low/SRR30353951_2.fastq.gz
SRR30354583,31001806034871,low/SRR30354583_1.fastq.gz,low/SRR30354583_2.fastq.gz
SRR30354333,31001806034880,low/SRR30354333_1.fastq.gz,low/SRR30354333_2.fastq.gz
SRR30354018,31001806034887,low/SRR30354018_1.fastq.gz,low/SRR30354018_2.fastq.gz
SRR30354157,31001806034891,low/SRR30354157_1.fastq.gz,low/SRR30354157_2.fastq.gz
SRR30354804,31001806034892,low/SRR30354804_1.fastq.gz,low/SRR30354804_2.fastq.gz
SRR30355023,31001806034895,low/SRR30355023_1.fastq.gz,low/SRR30355023_2.fastq.gz
SRR30355228,31001806034897,low/SRR30355228_1.fastq.gz,low/SRR30355228_2.fastq.gz
SRR30354066,31001806034905,low/SRR30354066_1.fastq.gz,low/SRR30354066_2.fastq.gz
SRR30354574,31001806034908,low/SRR30354574_1.fastq.gz,low/SRR30354574_2.fastq.gz
SRR30354385,31001806034912,low/SRR30354385_1.fastq.gz,low/SRR30354385_2.fastq.gz
SRR30355113,31001806034916,low/SRR30355113_1.fastq.gz,low/SRR30355113_2.fastq.gz
SRR30354436,31001806034920,low/SRR30354436_1.fastq.gz,low/SRR30354436_2.fastq.gz
SRR30354509,31001806034939,low/SRR30354509_1.fastq.gz,low/SRR30354509_2.fastq.gz
SRR30354745,31001806034943,low/SRR30354745_1.fastq.gz,low/SRR30354745_2.fastq.gz
SRR30354519,31001806034950,low/SRR30354519_1.fastq.gz,low/SRR30354519_2.fastq.gz
SRR30354520,31001806034965,low/SRR30354520_1.fastq.gz,low/SRR30354520_2.fastq.gz
SRR30354965,31001806034967,low/SRR30354965_1.fastq.gz,low/SRR30354965_2.fastq.gz
SRR30354675,31001806034986,low/SRR30354675_1.fastq.gz,low/SRR30354675_2.fastq.gz
SRR30354231,31001806035005,low/SRR30354231_1.fastq.gz,low/SRR30354231_2.fastq.gz
SRR30355132,31001806035012,low/SRR30355132_1.fastq.gz,low/SRR30355132_2.fastq.gz
SRR30355011,31001806035049,low/SRR30355011_1.fastq.gz,low/SRR30355011_2.fastq.gz
SRR30354060,31001806035066,low/SRR30354060_1.fastq.gz,low/SRR30354060_2.fastq.gz
SRR30355157,31001806035105,low/SRR30355157_1.fastq.gz,low/SRR30355157_2.fastq.gz
SRR30354165,31001806035112,low/SRR30354165_1.fastq.gz,low/SRR30354165_2.fastq.gz
SRR30354998,31001806035115,low/SRR30354998_1.fastq.gz,low/SRR30354998_2.fastq.gz
SRR30354383,31001806035125,low/SRR30354383_1.fastq.gz,low/SRR30354383_2.fastq.gz
SRR30354545,31001806035135,low/SRR30354545_1.fastq.gz,low/SRR30354545_2.fastq.gz
SRR30354223,31001806035137,low/SRR30354223_1.fastq.gz,low/SRR30354223_2.fastq.gz
SRR30355014,31001806035138,low/SRR30355014_1.fastq.gz,low/SRR30355014_2.fastq.gz
SRR30353919,31001806035140,low/SRR30353919_1.fastq.gz,low/SRR30353919_2.fastq.gz
SRR30354358,31019073900747,low/SRR30354358_1.fastq.gz,low/SRR30354358_2.fastq.gz
SRR30355135,31019073900841,low/SRR30355135_1.fastq.gz,low/SRR30355135_2.fastq.gz
SRR30353935,31019073900845,low/SRR30353935_1.fastq.gz,low/SRR30353935_2.fastq.gz
SRR30354463,31019073900948,low/SRR30354463_1.fastq.gz,low/SRR30354463_2.fastq.gz
SRR30354261,31019073900987,low/SRR30354261_1.fastq.gz,low/SRR30354261_2.fastq.gz
SRR30353861,31019073901001,low/SRR30353861_1.fastq.gz,low/SRR30353861_2.fastq.gz
SRR30355079,31019073901009,low/SRR30355079_1.fastq.gz,low/SRR30355079_2.fastq.gz
SRR30354667,31019073901014,low/SRR30354667_1.fastq.gz,low/SRR30354667_2.fastq.gz
SRR30354266,31019073901030,low/SRR30354266_1.fastq.gz,low/SRR30354266_2.fastq.gz
SRR30354773,31019073901032,low/SRR30354773_1.fastq.gz,low/SRR30354773_2.fastq.gz
SRR30354044,31019073901035,low/SRR30354044_1.fastq.gz,low/SRR30354044_2.fastq.gz
SRR30355156,31019073901044,low/SRR30355156_1.fastq.gz,low/SRR30355156_2.fastq.gz
SRR30355319,31019073901047,low/SRR30355319_1.fastq.gz,low/SRR30355319_2.fastq.gz
SRR30355267,31019073901055,low/SRR30355267_1.fastq.gz,low/SRR30355267_2.fastq.gz
SRR30354699,31019073901057,low/SRR30354699_1.fastq.gz,low/SRR30354699_2.fastq.gz
SRR30353967,31019073901094,low/SRR30353967_1.fastq.gz,low/SRR30353967_2.fastq.gz
SRR30353917,31019073901096,low/SRR30353917_1.fastq.gz,low/SRR30353917_2.fastq.gz
SRR30354072,31019073901099,low/SRR30354072_1.fastq.gz,low/SRR30354072_2.fastq.gz
SRR30355199,31019073901111,low/SRR30355199_1.fastq.gz,low/SRR30355199_2.fastq.gz
SRR30355287,31019073901124,low/SRR30355287_1.fastq.gz,low/SRR30355287_2.fastq.gz
SRR30353923,31019073901143,low/SRR30353923_1.fastq.gz,low/SRR30353923_2.fastq.gz
SRR30354449,31019073901169,low/SRR30354449_1.fastq.gz,low/SRR30354449_2.fastq.gz
SRR30353884,31019073901177,low/SRR30353884_1.fastq.gz,low/SRR30353884_2.fastq.gz
SRR30354398,31019073901178,low/SRR30354398_1.fastq.gz,low/SRR30354398_2.fastq.gz
SRR30354972,31019073901185,low/SRR30354972_1.fastq.gz,low/SRR30354972_2.fastq.gz
SRR30355212,31019073901192,low/SRR30355212_1.fastq.gz,low/SRR30355212_2.fastq.gz
SRR30353994,31019073901239,low/SRR30353994_1.fastq.gz,low/SRR30353994_2.fastq.gz
SRR30353889,31019073901280,low/SRR30353889_1.fastq.gz,low/SRR30353889_2.fastq.gz
SRR30354337,31019073901323,low/SRR30354337_1.fastq.gz,low/SRR30354337_2.fastq.gz
SRR30354237,31019073901331,low/SRR30354237_1.fastq.gz,low/SRR30354237_2.fastq.gz
SRR30354561,31019073901333,low/SRR30354561_1.fastq.gz,low/SRR30354561_2.fastq.gz
SRR30354416,31019073901340,low/SRR30354416_1.fastq.gz,low/SRR30354416_2.fastq.gz
SRR30355270,31019073901341,low/SRR30355270_1.fastq.gz,low/SRR30355270_2.fastq.gz
SRR30353862,31019073901350,low/SRR30353862_1.fastq.gz,low/SRR30353862_2.fastq.gz
SRR30354207,31019073901381,low/SRR30354207_1.fastq.gz,low/SRR30354207_2.fastq.gz
SRR30355305,31019073901392,low/SRR30355305_1.fastq.gz,low/SRR30355305_2.fastq.gz
SRR30354932,31019073901398,low/SRR30354932_1.fastq.gz,low/SRR30354932_2.fastq.gz
SRR30354116,31019073901420,low/SRR30354116_1.fastq.gz,low/SRR30354116_2.fastq.gz
SRR30355238,31019073901449,low/SRR30355238_1.fastq.gz,low/SRR30355238_2.fastq.gz
SRR30354559,31019073901450,low/SRR30354559_1.fastq.gz,low/SRR30354559_2.fastq.gz
SRR30354944,31019073901492,low/SRR30354944_1.fastq.gz,low/SRR30354944_2.fastq.gz
SRR30354700,31019073901496,low/SRR30354700_1.fastq.gz,low/SRR30354700_2.fastq.gz
SRR30354128,31019073901497,low/SRR30354128_1.fastq.gz,low/SRR30354128_2.fastq.gz
SRR30355273,31019073901499,low/SRR30355273_1.fastq.gz,low/SRR30355273_2.fastq.gz
SRR30354953,31019073901504,low/SRR30354953_1.fastq.gz,low/SRR30354953_2.fastq.gz
SRR30353894,31019073901508,low/SRR30353894_1.fastq.gz,low/SRR30353894_2.fastq.gz
SRR30354472,31019073901510,low/SRR30354472_1.fastq.gz,low/SRR30354472_2.fastq.gz
SRR30354703,31019073901512,low/SRR30354703_1.fastq.gz,low/SRR30354703_2.fastq.gz
SRR30353950,31019073901517,low/SRR30353950_1.fastq.gz,low/SRR30353950_2.fastq.gz
SRR30354536,31019073901530,low/SRR30354536_1.fastq.gz,low/SRR30354536_2.fastq.gz
SRR30355210,31019073901540,low/SRR30355210_1.fastq.gz,low/SRR30355210_2.fastq.gz
SRR30354410,31019073901543,low/SRR30354410_1.fastq.gz,low/SRR30354410_2.fastq.gz
SRR30354005,31019073901544,low/SRR30354005_1.fastq.gz,low/SRR30354005_2.fastq.gz
SRR30354704,31019073901546,low/SRR30354704_1.fastq.gz,low/SRR30354704_2.fastq.gz
SRR30354918,31019073901548,low/SRR30354918_1.fastq.gz,low/SRR30354918_2.fastq.gz
SRR30354607,31019073901549,low/SRR30354607_1.fastq.gz,low/SRR30354607_2.fastq.gz
SRR30354955,31019073901552,low/SRR30354955_1.fastq.gz,low/SRR30354955_2.fastq.gz
SRR30355313,31019073901554,low/SRR30355313_1.fastq.gz,low/SRR30355313_2.fastq.gz
SRR30355112,31019073901557,low/SRR30355112_1.fastq.gz,low/SRR30355112_2.fastq.gz
SRR30354720,31019073901560,low/SRR30354720_1.fastq.gz,low/SRR30354720_2.fastq.gz
SRR30355115,31019073901562,low/SRR30355115_1.fastq.gz,low/SRR30355115_2.fastq.gz
SRR30353921,31019073901564,low/SRR30353921_1.fastq.gz,low/SRR30353921_2.fastq.gz
SRR30353960,31019073901565,low/SRR30353960_1.fastq.gz,low/SRR30353960_2.fastq.gz
SRR30355130,31019073901566,low/SRR30355130_1.fastq.gz,low/SRR30355130_2.fastq.gz
SRR30354894,31019073901567,low/SRR30354894_1.fastq.gz,low/SRR30354894_2.fastq.gz
SRR30355138,31019073901571,low/SRR30355138_1.fastq.gz,low/SRR30355138_2.fastq.gz
SRR30353913,31019073901574,low/SRR30353913_1.fastq.gz,low/SRR30353913_2.fastq.gz
SRR30354229,31019073901575,low/SRR30354229_1.fastq.gz,low/SRR30354229_2.fastq.gz
SRR30353911,31019073901579,low/SRR30353911_1.fastq.gz,low/SRR30353911_2.fastq.gz
SRR30354400,31019073901582,low/SRR30354400_1.fastq.gz,low/SRR30354400_2.fastq.gz
SRR30354778,31019073901584,low/SRR30354778_1.fastq.gz,low/SRR30354778_2.fastq.gz
SRR30354152,31019073901585,low/SRR30354152_1.fastq.gz,low/SRR30354152_2.fastq.gz
SRR30354430,31019073901589,low/SRR30354430_1.fastq.gz,low/SRR30354430_2.fastq.gz
SRR30354106,31019073901591,low/SRR30354106_1.fastq.gz,low/SRR30354106_2.fastq.gz
SRR30354668,31019073901592,low/SRR30354668_1.fastq.gz,low/SRR30354668_2.fastq.gz
SRR30354957,31019073901594,low/SRR30354957_1.fastq.gz,low/SRR30354957_2.fastq.gz
SRR30354627,31019073901595,low/SRR30354627_1.fastq.gz,low/SRR30354627_2.fastq.gz
SRR30354621,31019073901599,low/SRR30354621_1.fastq.gz,low/SRR30354621_2.fastq.gz
SRR30354800,31019073901609,low/SRR30354800_1.fastq.gz,low/SRR30354800_2.fastq.gz
SRR30354282,31019073901614,low/SRR30354282_1.fastq.gz,low/SRR30354282_2.fastq.gz
SRR30354249,31019073901615,low/SRR30354249_1.fastq.gz,low/SRR30354249_2.fastq.gz
SRR30354395,31019073901622,low/SRR30354395_1.fastq.gz,low/SRR30354395_2.fastq.gz
SRR30354048,31019073901627,low/SRR30354048_1.fastq.gz,low/SRR30354048_2.fastq.gz
SRR30355078,31019073904712,low/SRR30355078_1.fastq.gz,low/SRR30355078_2.fastq.gz
SRR30354881,31019073904745,low/SRR30354881_1.fastq.gz,low/SRR30354881_2.fastq.gz
SRR30354051,31019073904752,low/SRR30354051_1.fastq.gz,low/SRR30354051_2.fastq.gz
SRR30354614,31019073904754,low/SRR30354614_1.fastq.gz,low/SRR30354614_2.fastq.gz
SRR30354236,31019073904763,low/SRR30354236_1.fastq.gz,low/SRR30354236_2.fastq.gz
SRR30354240,31019073904766,low/SRR30354240_1.fastq.gz,low/SRR30354240_2.fastq.gz
SRR30354970,31019073904787,low/SRR30354970_1.fastq.gz,low/SRR30354970_2.fastq.gz
SRR30354642,31019073904826,low/SRR30354642_1.fastq.gz,low/SRR30354642_2.fastq.gz
SRR30354964,31019073904839,low/SRR30354964_1.fastq.gz,low/SRR30354964_2.fastq.gz
SRR30354309,31019073904851,low/SRR30354309_1.fastq.gz,low/SRR30354309_2.fastq.gz
SRR30354329,31019073904855,low/SRR30354329_1.fastq.gz,low/SRR30354329_2.fastq.gz
SRR30354294,31019073904857,low/SRR30354294_1.fastq.gz,low/SRR30354294_2.fastq.gz
SRR30354124,31019073904871,low/SRR30354124_1.fastq.gz,low/SRR30354124_2.fastq.gz
SRR30354553,31019073904884,low/SRR30354553_1.fastq.gz,low/SRR30354553_2.fastq.gz
SRR30354130,31019073904947,low/SRR30354130_1.fastq.gz,low/SRR30354130_2.fastq.gz
SRR30354798,31019073904970,low/SRR30354798_1.fastq.gz,low/SRR30354798_2.fastq.gz
SRR30355247,31019073904976,low/SRR30355247_1.fastq.gz,low/SRR30355247_2.fastq.gz
SRR30354091,31019073904983,low/SRR30354091_1.fastq.gz,low/SRR30354091_2.fastq.gz
SRR30354402,31019073904986,low/SRR30354402_1.fastq.gz,low/SRR30354402_2.fastq.gz
SRR30354823,31019073905016,low/SRR30354823_1.fastq.gz,low/SRR30354823_2.fastq.gz
SRR30354474,31019073905018,low/SRR30354474_1.fastq.gz,low/SRR30354474_2.fastq.gz
SRR30354328,31019073905021,low/SRR30354328_1.fastq.gz,low/SRR30354328_2.fastq.gz
SRR30354648,31019073905024,low/SRR30354648_1.fastq.gz,low/SRR30354648_2.fastq.gz
SRR30355190,31019073905029,low/SRR30355190_1.fastq.gz,low/SRR30355190_2.fastq.gz
SRR30353984,31019073905037,low/SRR30353984_1.fastq.gz,low/SRR30353984_2.fastq.gz
SRR30354160,31019073905049,low/SRR30354160_1.fastq.gz,low/SRR30354160_2.fastq.gz
SRR30354595,31019073905055,low/SRR30354595_1.fastq.gz,low/SRR30354595_2.fastq.gz
SRR30353990,31019073905068,low/SRR30353990_1.fastq.gz,low/SRR30353990_2.fastq.gz
SRR30353907,31019073905070,low/SRR30353907_1.fastq.gz,low/SRR30353907_2.fastq.gz
SRR30353955,31019073905087,low/SRR30353955_1.fastq.gz,low/SRR30353955_2.fastq.gz
SRR30354446,31019073905096,low/SRR30354446_1.fastq.gz,low/SRR30354446_2.fastq.gz
SRR30353865,31019073905098,low/SRR30353865_1.fastq.gz,low/SRR30353865_2.fastq.gz
SRR30354100,31019073905101,low/SRR30354100_1.fastq.gz,low/SRR30354100_2.fastq.gz
SRR30354961,31019073905105,low/SRR30354961_1.fastq.gz,low/SRR30354961_2.fastq.gz
SRR30354886,31019073905136,low/SRR30354886_1.fastq.gz,low/SRR30354886_2.fastq.gz
SRR30354868,31019073905148,low/SRR30354868_1.fastq.gz,low/SRR30354868_2.fastq.gz
SRR30353949,31019073905160,low/SRR30353949_1.fastq.gz,low/SRR30353949_2.fastq.gz
SRR30355209,31019073905179,low/SRR30355209_1.fastq.gz,low/SRR30355209_2.fastq.gz
SRR30354177,31019073905180,low/SRR30354177_1.fastq.gz,low/SRR30354177_2.fastq.gz
SRR30354023,31019073905184,low/SRR30354023_1.fastq.gz,low/SRR30354023_2.fastq.gz
SRR30354012,31019073905186,low/SRR30354012_1.fastq.gz,low/SRR30354012_2.fastq.gz
SRR30353970,31019073905188,low/SRR30353970_1.fastq.gz,low/SRR30353970_2.fastq.gz
SRR30354045,31019073905191,low/SRR30354045_1.fastq.gz,low/SRR30354045_2.fastq.gz
SRR30354129,31019073905208,low/SRR30354129_1.fastq.gz,low/SRR30354129_2.fastq.gz
SRR30354582,31019073905214,low/SRR30354582_1.fastq.gz,low/SRR30354582_2.fastq.gz
SRR30354735,31019073905217,low/SRR30354735_1.fastq.gz,low/SRR30354735_2.fastq.gz
SRR30354743,31019073905226,low/SRR30354743_1.fastq.gz,low/SRR30354743_2.fastq.gz
SRR30355277,31019073905232,low/SRR30355277_1.fastq.gz,low/SRR30355277_2.fastq.gz
SRR30355136,31019073905238,low/SRR30355136_1.fastq.gz,low/SRR30355136_2.fastq.gz
SRR30354939,31019073905241,low/SRR30354939_1.fastq.gz,low/SRR30354939_2.fastq.gz
SRR30354612,31019073905245,low/SRR30354612_1.fastq.gz,low/SRR30354612_2.fastq.gz
SRR30354928,31019073905248,low/SRR30354928_1.fastq.gz,low/SRR30354928_2.fastq.gz
SRR30355101,31019073905261,low/SRR30355101_1.fastq.gz,low/SRR30355101_2.fastq.gz
SRR30355045,31019073905279,low/SRR30355045_1.fastq.gz,low/SRR30355045_2.fastq.gz
SRR30354669,31019073905295,low/SRR30354669_1.fastq.gz,low/SRR30354669_2.fastq.gz
SRR30354956,31019073905305,low/SRR30354956_1.fastq.gz,low/SRR30354956_2.fastq.gz
SRR30355226,31019073905309,low/SRR30355226_1.fastq.gz,low/SRR30355226_2.fastq.gz
SRR30353924,31019073905322,low/SRR30353924_1.fastq.gz,low/SRR30353924_2.fastq.gz
SRR30354719,31019073905333,low/SRR30354719_1.fastq.gz,low/SRR30354719_2.fastq.gz
SRR30354856,31019073905351,low/SRR30354856_1.fastq.gz,low/SRR30354856_2.fastq.gz
SRR30355059,31019073905353,low/SRR30355059_1.fastq.gz,low/SRR30355059_2.fastq.gz
SRR30354730,31019073905373,low/SRR30354730_1.fastq.gz,low/SRR30354730_2.fastq.gz
SRR30354230,31019073905377,low/SRR30354230_1.fastq.gz,low/SRR30354230_2.fastq.gz
SRR30354429,31019073905383,low/SRR30354429_1.fastq.gz,low/SRR30354429_2.fastq.gz
SRR30353982,31019073905384,low/SRR30353982_1.fastq.gz,low/SRR30353982_2.fastq.gz
SRR30353868,31019073905395,low/SRR30353868_1.fastq.gz,low/SRR30353868_2.fastq.gz
SRR30354549,31019073905398,low/SRR30354549_1.fastq.gz,low/SRR30354549_2.fastq.gz
SRR30354137,31019073905403,low/SRR30354137_1.fastq.gz,low/SRR30354137_2.fastq.gz
SRR30354420,31019073905413,low/SRR30354420_1.fastq.gz,low/SRR30354420_2.fastq.gz
SRR30354534,31019073905436,low/SRR30354534_1.fastq.gz,low/SRR30354534_2.fastq.gz
SRR30353887,31019073907628,low/SRR30353887_1.fastq.gz,low/SRR30353887_2.fastq.gz
SRR30354806,31019073907667,low/SRR30354806_1.fastq.gz,low/SRR30354806_2.fastq.gz
SRR30354026,31019073907694,low/SRR30354026_1.fastq.gz,low/SRR30354026_2.fastq.gz
SRR30354234,31019073907705,low/SRR30354234_1.fastq.gz,low/SRR30354234_2.fastq.gz
SRR30355314,31019073907713,low/SRR30355314_1.fastq.gz,low/SRR30355314_2.fastq.gz
SRR30354268,31019073907726,low/SRR30354268_1.fastq.gz,low/SRR30354268_2.fastq.gz
SRR30355109,31019073907733,low/SRR30355109_1.fastq.gz,low/SRR30355109_2.fastq.gz
SRR30354605,31019073907741,low/SRR30354605_1.fastq.gz,low/SRR30354605_2.fastq.gz
SRR30354739,31019073907749,low/SRR30354739_1.fastq.gz,low/SRR30354739_2.fastq.gz
SRR30354205,31019073907766,low/SRR30354205_1.fastq.gz,low/SRR30354205_2.fastq.gz
SRR30354200,31019073907787,low/SRR30354200_1.fastq.gz,low/SRR30354200_2.fastq.gz
SRR30355013,31019073907788,low/SRR30355013_1.fastq.gz,low/SRR30355013_2.fastq.gz
SRR30355038,31019073907789,low/SRR30355038_1.fastq.gz,low/SRR30355038_2.fastq.gz
SRR30354884,31019073907790,low/SRR30354884_1.fastq.gz,low/SRR30354884_2.fastq.gz
SRR30354460,31019073907792,low/SRR30354460_1.fastq.gz,low/SRR30354460_2.fastq.gz
SRR30355073,31019073907821,low/SRR30355073_1.fastq.gz,low/SRR30355073_2.fastq.gz
SRR30355147,31019073907847,low/SRR30355147_1.fastq.gz,low/SRR30355147_2.fastq.gz
SRR30355108,31019073907869,low/SRR30355108_1.fastq.gz,low/SRR30355108_2.fastq.gz
SRR30354863,31019073907871,low/SRR30354863_1.fastq.gz,low/SRR30354863_2.fastq.gz
SRR30354252,31019073907880,low/SRR30354252_1.fastq.gz,low/SRR30354252_2.fastq.gz
SRR30354683,31019073907889,low/SRR30354683_1.fastq.gz,low/SRR30354683_2.fastq.gz
SRR30354476,31019073907898,low/SRR30354476_1.fastq.gz,low/SRR30354476_2.fastq.gz
SRR30355185,31019073907900,low/SRR30355185_1.fastq.gz,low/SRR30355185_2.fastq.gz
SRR30354796,31019073907902,low/SRR30354796_1.fastq.gz,low/SRR30354796_2.fastq.gz
SRR30354657,31019073907907,low/SRR30354657_1.fastq.gz,low/SRR30354657_2.fastq.gz
SRR30354214,31019073907922,low/SRR30354214_1.fastq.gz,low/SRR30354214_2.fastq.gz
SRR30354560,31019073907941,low/SRR30354560_1.fastq.gz,low/SRR30354560_2.fastq.gz
SRR30354702,31019073907947,low/SRR30354702_1.fastq.gz,low/SRR30354702_2.fastq.gz
SRR30354399,31019073907978,low/SRR30354399_1.fastq.gz,low/SRR30354399_2.fastq.gz
SRR30355103,31019073907987,low/SRR30355103_1.fastq.gz,low/SRR30355103_2.fastq.gz
SRR30354217,31019073907991,low/SRR30354217_1.fastq.gz,low/SRR30354217_2.fastq.gz
SRR30354496,31019073907994,low/SRR30354496_1.fastq.gz,low/SRR30354496_2.fastq.gz
SRR30353947,31019073908007,low/SRR30353947_1.fastq.gz,low/SRR30353947_2.fastq.gz
SRR30355017,31019073908009,low/SRR30355017_1.fastq.gz,low/SRR30355017_2.fastq.gz
SRR30355289,31019073908018,low/SRR30355289_1.fastq.gz,low/SRR30355289_2.fastq.gz
SRR30354986,31019073908030,low/SRR30354986_1.fastq.gz,low/SRR30354986_2.fastq.gz
SRR30354783,31019073908039,low/SRR30354783_1.fastq.gz,low/SRR30354783_2.fastq.gz
SRR30354608,31019073908042,low/SRR30354608_1.fastq.gz,low/SRR30354608_2.fastq.gz
SRR30354267,31019073908043,low/SRR30354267_1.fastq.gz,low/SRR30354267_2.fastq.gz
SRR30354625,31019073908049,low/SRR30354625_1.fastq.gz,low/SRR30354625_2.fastq.gz
SRR30354308,31019073908056,low/SRR30354308_1.fastq.gz,low/SRR30354308_2.fastq.gz
SRR30354228,31019073908067,low/SRR30354228_1.fastq.gz,low/SRR30354228_2.fastq.gz
SRR30354019,31019073908071,low/SRR30354019_1.fastq.gz,low/SRR30354019_2.fastq.gz
SRR30354587,31019073908074,low/SRR30354587_1.fastq.gz,low/SRR30354587_2.fastq.gz
SRR30354112,31019073908075,low/SRR30354112_1.fastq.gz,low/SRR30354112_2.fastq.gz
SRR30353985,31019073908076,low/SRR30353985_1.fastq.gz,low/SRR30353985_2.fastq.gz
SRR30354188,31019073908091,low/SRR30354188_1.fastq.gz,low/SRR30354188_2.fastq.gz
SRR30354220,31019073908105,low/SRR30354220_1.fastq.gz,low/SRR30354220_2.fastq.gz
SRR30353879,31019073908107,low/SRR30353879_1.fastq.gz,low/SRR30353879_2.fastq.gz
SRR30354176,31019073908110,low/SRR30354176_1.fastq.gz,low/SRR30354176_2.fastq.gz
SRR30354306,31019073908115,low/SRR30354306_1.fastq.gz,low/SRR30354306_2.fastq.gz
SRR30355178,31019073908144,low/SRR30355178_1.fastq.gz,low/SRR30355178_2.fastq.gz
SRR30354043,31019073908152,low/SRR30354043_1.fastq.gz,low/SRR30354043_2.fastq.gz
SRR30353899,31019073908165,low/SRR30353899_1.fastq.gz,low/SRR30353899_2.fastq.gz
SRR30354153,31019073908181,low/SRR30354153_1.fastq.gz,low/SRR30354153_2.fastq.gz
SRR30354059,31019073908183,low/SRR30354059_1.fastq.gz,low/SRR30354059_2.fastq.gz
SRR30354110,31019073908186,low/SRR30354110_1.fastq.gz,low/SRR30354110_2.fastq.gz
SRR30354631,31019073908192,low/SRR30354631_1.fastq.gz,low/SRR30354631_2.fastq.gz
SRR30355299,31019073908199,low/SRR30355299_1.fastq.gz,low/SRR30355299_2.fastq.gz
SRR30354842,31019073908200,low/SRR30354842_1.fastq.gz,low/SRR30354842_2.fastq.gz
SRR30354809,31019073908202,low/SRR30354809_1.fastq.gz,low/SRR30354809_2.fastq.gz
SRR30354980,31019073908203,low/SRR30354980_1.fastq.gz,low/SRR30354980_2.fastq.gz
SRR30354172,31019073908204,low/SRR30354172_1.fastq.gz,low/SRR30354172_2.fastq.gz
SRR30354255,31019073908233,low/SRR30354255_1.fastq.gz,low/SRR30354255_2.fastq.gz
SRR30355278,31019073908260,low/SRR30355278_1.fastq.gz,low/SRR30355278_2.fastq.gz
SRR30354148,31019073908270,low/SRR30354148_1.fastq.gz,low/SRR30354148_2.fastq.gz
SRR30354378,31019073908277,low/SRR30354378_1.fastq.gz,low/SRR30354378_2.fastq.gz
SRR30354444,31019073908284,low/SRR30354444_1.fastq.gz,low/SRR30354444_2.fastq.gz
SRR30354469,31019073908285,low/SRR30354469_1.fastq.gz,low/SRR30354469_2.fastq.gz
SRR30354558,31019073908288,low/SRR30354558_1.fastq.gz,low/SRR30354558_2.fastq.gz
SRR30353987,31019073908289,low/SRR30353987_1.fastq.gz,low/SRR30353987_2.fastq.gz
SRR30354538,31019073908298,low/SRR30354538_1.fastq.gz,low/SRR30354538_2.fastq.gz
SRR30353876,31019073908337,low/SRR30353876_1.fastq.gz,low/SRR30353876_2.fastq.gz
SRR30354057,31019073908354,low/SRR30354057_1.fastq.gz,low/SRR30354057_2.fastq.gz
SRR30354493,31019073908412,low/SRR30354493_1.fastq.gz,low/SRR30354493_2.fastq.gz
SRR30354615,31019073908416,low/SRR30354615_1.fastq.gz,low/SRR30354615_2.fastq.gz
SRR30353925,31019073908421,low/SRR30353925_1.fastq.gz,low/SRR30353925_2.fastq.gz
SRR30354503,31019073908428,low/SRR30354503_1.fastq.gz,low/SRR30354503_2.fastq.gz
SRR30354179,31019073908441,low/SRR30354179_1.fastq.gz,low/SRR30354179_2.fastq.gz
SRR30355134,31019073908456,low/SRR30355134_1.fastq.gz,low/SRR30355134_2.fastq.gz
SRR30355060,31019073908470,low/SRR30355060_1.fastq.gz,low/SRR30355060_2.fastq.gz
SRR30353936,31019073908478,low/SRR30353936_1.fastq.gz,low/SRR30353936_2.fastq.gz
SRR30355237,31019073908486,low/SRR30355237_1.fastq.gz,low/SRR30355237_2.fastq.gz
SRR30355302,31019073908488,low/SRR30355302_1.fastq.gz,low/SRR30355302_2.fastq.gz
SRR30354442,31019073908493,low/SRR30354442_1.fastq.gz,low/SRR30354442_2.fastq.gz
SRR30353939,31019073908497,low/SRR30353939_1.fastq.gz,low/SRR30353939_2.fastq.gz
SRR30354004,31019073908498,low/SRR30354004_1.fastq.gz,low/SRR30354004_2.fastq.gz
SRR30354879,31019073908503,low/SRR30354879_1.fastq.gz,low/SRR30354879_2.fastq.gz
SRR30354873,31019073908507,low/SRR30354873_1.fastq.gz,low/SRR30354873_2.fastq.gz
SRR30354914,31019073908508,low/SRR30354914_1.fastq.gz,low/SRR30354914_2.fastq.gz
SRR30354731,31019073908511,low/SRR30354731_1.fastq.gz,low/SRR30354731_2.fastq.gz
SRR30354384,31019073908524,low/SRR30354384_1.fastq.gz,low/SRR30354384_2.fastq.gz
SRR30354931,31019073908525,low/SRR30354931_1.fastq.gz,low/SRR30354931_2.fastq.gz
SRR30354277,31019073908535,low/SRR30354277_1.fastq.gz,low/SRR30354277_2.fastq.gz
SRR30354199,31019073908561,low/SRR30354199_1.fastq.gz,low/SRR30354199_2.fastq.gz
SRR30354841,31019073908567,low/SRR30354841_1.fastq.gz,low/SRR30354841_2.fastq.gz
SRR30353886,31019073908582,low/SRR30353886_1.fastq.gz,low/SRR30353886_2.fastq.gz
SRR30353946,31019073908587,low/SRR30353946_1.fastq.gz,low/SRR30353946_2.fastq.gz
SRR30354919,31019073908595,low/SRR30354919_1.fastq.gz,low/SRR30354919_2.fastq.gz
SRR30354225,31019073908599,low/SRR30354225_1.fastq.gz,low/SRR30354225_2.fastq.gz
SRR30355139,31019073908601,low/SRR30355139_1.fastq.gz,low/SRR30355139_2.fastq.gz
SRR30354002,31019073908610,low/SRR30354002_1.fastq.gz,low/SRR30354002_2.fastq.gz
SRR30354588,31019073908635,low/SRR30354588_1.fastq.gz,low/SRR30354588_2.fastq.gz
SRR30354993,31019073908655,low/SRR30354993_1.fastq.gz,low/SRR30354993_2.fastq.gz
SRR30354646,31019073908660,low/SRR30354646_1.fastq.gz,low/SRR30354646_2.fastq.gz
SRR30355018,31019073908679,low/SRR30355018_1.fastq.gz,low/SRR30355018_2.fastq.gz
SRR30355281,31019073908682,low/SRR30355281_1.fastq.gz,low/SRR30355281_2.fastq.gz
SRR30355116,31019073908683,low/SRR30355116_1.fastq.gz,low/SRR30355116_2.fastq.gz
SRR30355310,31019073908704,low/SRR30355310_1.fastq.gz,low/SRR30355310_2.fastq.gz
SRR30354859,31019073908715,low/SRR30354859_1.fastq.gz,low/SRR30354859_2.fastq.gz
SRR30354733,31019073908716,low/SRR30354733_1.fastq.gz,low/SRR30354733_2.fastq.gz
SRR30354388,31019073908718,low/SRR30354388_1.fastq.gz,low/SRR30354388_2.fastq.gz
SRR30354086,31019073908719,low/SRR30354086_1.fastq.gz,low/SRR30354086_2.fastq.gz
SRR30354355,31019073908722,low/SRR30354355_1.fastq.gz,low/SRR30354355_2.fastq.gz
SRR30354523,31019073908726,low/SRR30354523_1.fastq.gz,low/SRR30354523_2.fastq.gz
SRR30354336,31019073908732,low/SRR30354336_1.fastq.gz,low/SRR30354336_2.fastq.gz
SRR30354089,31019073908739,low/SRR30354089_1.fastq.gz,low/SRR30354089_2.fastq.gz
SRR30354171,31019073908741,low/SRR30354171_1.fastq.gz,low/SRR30354171_2.fastq.gz
SRR30354658,31019073908745,low/SRR30354658_1.fastq.gz,low/SRR30354658_2.fastq.gz
SRR30354814,31019073908748,low/SRR30354814_1.fastq.gz,low/SRR30354814_2.fastq.gz
SRR30354610,31019073908759,low/SRR30354610_1.fastq.gz,low/SRR30354610_2.fastq.gz
SRR30355235,31019073908765,low/SRR30355235_1.fastq.gz,low/SRR30355235_2.fastq.gz
SRR30354197,31019073908772,low/SRR30354197_1.fastq.gz,low/SRR30354197_2.fastq.gz
SRR30355080,31019073908794,low/SRR30355080_1.fastq.gz,low/SRR30355080_2.fastq.gz
SRR30354256,31019073908855,low/SRR30354256_1.fastq.gz,low/SRR30354256_2.fastq.gz
SRR30355169,31019073908856,low/SRR30355169_1.fastq.gz,low/SRR30355169_2.fastq.gz
SRR30354920,31019073908909,low/SRR30354920_1.fastq.gz,low/SRR30354920_2.fastq.gz
SRR30354139,31019073908912,low/SRR30354139_1.fastq.gz,low/SRR30354139_2.fastq.gz
SRR30354947,31019073908920,low/SRR30354947_1.fastq.gz,low/SRR30354947_2.fastq.gz
SRR30354867,31019073908941,low/SRR30354867_1.fastq.gz,low/SRR30354867_2.fastq.gz
SRR30354360,31019073908951,low/SRR30354360_1.fastq.gz,low/SRR30354360_2.fastq.gz
SRR30355126,31019073908957,low/SRR30355126_1.fastq.gz,low/SRR30355126_2.fastq.gz
SRR30354898,31019073908981,low/SRR30354898_1.fastq.gz,low/SRR30354898_2.fastq.gz
SRR30354878,31019073908988,low/SRR30354878_1.fastq.gz,low/SRR30354878_2.fastq.gz
SRR30355072,31019073908992,low/SRR30355072_1.fastq.gz,low/SRR30355072_2.fastq.gz
SRR30354655,31019073909002,low/SRR30354655_1.fastq.gz,low/SRR30354655_2.fastq.gz
SRR30354661,31019073909019,low/SRR30354661_1.fastq.gz,low/SRR30354661_2.fastq.gz
SRR30354305,31019073909032,low/SRR30354305_1.fastq.gz,low/SRR30354305_2.fastq.gz
SRR30354877,31019073909033,low/SRR30354877_1.fastq.gz,low/SRR30354877_2.fastq.gz
SRR30354591,31019073909050,low/SRR30354591_1.fastq.gz,low/SRR30354591_2.fastq.gz
SRR30354575,31019073909057,low/SRR30354575_1.fastq.gz,low/SRR30354575_2.fastq.gz
SRR30354761,31019073909058,low/SRR30354761_1.fastq.gz,low/SRR30354761_2.fastq.gz
SRR30354690,31019073909064,low/SRR30354690_1.fastq.gz,low/SRR30354690_2.fastq.gz
SRR30354498,31019073909067,low/SRR30354498_1.fastq.gz,low/SRR30354498_2.fastq.gz
SRR30354440,31019073909073,low/SRR30354440_1.fastq.gz,low/SRR30354440_2.fastq.gz
SRR30355308,31019073909078,low/SRR30355308_1.fastq.gz,low/SRR30355308_2.fastq.gz
SRR30354262,31019073909093,low/SRR30354262_1.fastq.gz,low/SRR30354262_2.fastq.gz
SRR30355069,31019073909095,low/SRR30355069_1.fastq.gz,low/SRR30355069_2.fastq.gz
SRR30353971,31019073909097,low/SRR30353971_1.fastq.gz,low/SRR30353971_2.fastq.gz
SRR30354950,31019073909100,low/SRR30354950_1.fastq.gz,low/SRR30354950_2.fastq.gz
SRR30354151,31019073909116,low/SRR30354151_1.fastq.gz,low/SRR30354151_2.fastq.gz
SRR30355007,31019073909118,low/SRR30355007_1.fastq.gz,low/SRR30355007_2.fastq.gz
SRR30355159,31019073909128,low/SRR30355159_1.fastq.gz,low/SRR30355159_2.fastq.gz
SRR30354525,31019073909132,low/SRR30354525_1.fastq.gz,low/SRR30354525_2.fastq.gz
SRR30355127,31019073909141,low/SRR30355127_1.fastq.gz,low/SRR30355127_2.fastq.gz
SRR30354793,31019073913205,low/SRR30354793_1.fastq.gz,low/SRR30354793_2.fastq.gz
SRR30354226,31019073913210,low/SRR30354226_1.fastq.gz,low/SRR30354226_2.fastq.gz
SRR30355318,31019073913233,low/SRR30355318_1.fastq.gz,low/SRR30355318_2.fastq.gz
SRR30354038,31019073913238,low/SRR30354038_1.fastq.gz,low/SRR30354038_2.fastq.gz
SRR30353954,31019073913253,low/SRR30353954_1.fastq.gz,low/SRR30353954_2.fastq.gz
SRR30355030,31019073913263,low/SRR30355030_1.fastq.gz,low/SRR30355030_2.fastq.gz
SRR30354104,31019073913270,low/SRR30354104_1.fastq.gz,low/SRR30354104_2.fastq.gz
SRR30353882,31019073913285,low/SRR30353882_1.fastq.gz,low/SRR30353882_2.fastq.gz
SRR30354404,31019073913290,low/SRR30354404_1.fastq.gz,low/SRR30354404_2.fastq.gz
SRR30354344,31019073913296,low/SRR30354344_1.fastq.gz,low/SRR30354344_2.fastq.gz
SRR30354925,31019073913301,low/SRR30354925_1.fastq.gz,low/SRR30354925_2.fastq.gz
SRR30353900,31019073913308,low/SRR30353900_1.fastq.gz,low/SRR30353900_2.fastq.gz
SRR30354283,31019073913309,low/SRR30354283_1.fastq.gz,low/SRR30354283_2.fastq.gz
SRR30354324,31019073913311,low/SRR30354324_1.fastq.gz,low/SRR30354324_2.fastq.gz
SRR30354936,31019073913313,low/SRR30354936_1.fastq.gz,low/SRR30354936_2.fastq.gz
SRR30355192,31019073913350,low/SRR30355192_1.fastq.gz,low/SRR30355192_2.fastq.gz
SRR30354799,31019073913352,low/SRR30354799_1.fastq.gz,low/SRR30354799_2.fastq.gz
SRR30354547,31019073913394,low/SRR30354547_1.fastq.gz,low/SRR30354547_2.fastq.gz
SRR30355107,31019073913603,low/SRR30355107_1.fastq.gz,low/SRR30355107_2.fastq.gz
SRR30354693,31019073913627,low/SRR30354693_1.fastq.gz,low/SRR30354693_2.fastq.gz
SRR30354785,31019073913635,low/SRR30354785_1.fastq.gz,low/SRR30354785_2.fastq.gz
SRR30355026,31019073913657,low/SRR30355026_1.fastq.gz,low/SRR30355026_2.fastq.gz
SRR30354813,31019073913673,low/SRR30354813_1.fastq.gz,low/SRR30354813_2.fastq.gz
SRR30354427,31019073913677,low/SRR30354427_1.fastq.gz,low/SRR30354427_2.fastq.gz
SRR30354473,31019073913679,low/SRR30354473_1.fastq.gz,low/SRR30354473_2.fastq.gz
SRR30354007,31019073913680,low/SRR30354007_1.fastq.gz,low/SRR30354007_2.fastq.gz
SRR30354419,31019073913681,low/SRR30354419_1.fastq.gz,low/SRR30354419_2.fastq.gz
SRR30354033,31019073913683,low/SRR30354033_1.fastq.gz,low/SRR30354033_2.fastq.gz
SRR30354140,31019073913701,low/SRR30354140_1.fastq.gz,low/SRR30354140_2.fastq.gz
SRR30354020,31019073913702,low/SRR30354020_1.fastq.gz,low/SRR30354020_2.fastq.gz
SRR30354133,31019073913719,low/SRR30354133_1.fastq.gz,low/SRR30354133_2.fastq.gz
SRR30354181,31019073913730,low/SRR30354181_1.fastq.gz,low/SRR30354181_2.fastq.gz
SRR30354327,31019073913802,low/SRR30354327_1.fastq.gz,low/SRR30354327_2.fastq.gz
SRR30354725,31019073913845,low/SRR30354725_1.fastq.gz,low/SRR30354725_2.fastq.gz
31020061501666,31020061501666,low/31020061501666_1.fastq.gz,low/31020061501666_2.fastq.gz
31020061508756,31020061508756,low/31020061508756_1.fastq.gz,low/31020061508756_2.fastq.gz
31020061511622,31020061511622,low/31020061511622_1.fastq.gz,low/31020061511622_2.fastq.gz
31020061511753,31020061511753,low/31020061511753_1.fastq.gz,low/31020061511753_2.fastq.gz
31020061514786,31020061514786,low/31020061514786_1.fastq.gz,low/31020061514786_2.fastq.gz
31020061515167,31020061515167,low/31020061515167_1.fastq.gz,low/31020061515167_2.fastq.gz
31020061515410,31020061515410,low/31020061515410_1.fastq.gz,low/31020061515410_2.fastq.gz
31020061516934,31020061516934,low/31020061516934_1.fastq.gz,low/31020061516934_2.fastq.gz
31020061518221,31020061518221,low/31020061518221_1.fastq.gz,low/31020061518221_2.fastq.gz
31020061518661,31020061518661,low/31020061518661_1.fastq.gz,low/31020061518661_2.fastq.gz
31020061518720,31020061518720,low/31020061518720_1.fastq.gz,low/31020061518720_2.fastq.gz
31020061518759,31020061518759,low/31020061518759_1.fastq.gz,low/31020061518759_2.fastq.gz
SRR30354976,31211111000008,low/SRR30354976_1.fastq.gz,low/SRR30354976_2.fastq.gz
SRR30355055,31211111000010,low/SRR30355055_1.fastq.gz,low/SRR30355055_2.fastq.gz
SRR30354447,31211111000011,low/SRR30354447_1.fastq.gz,low/SRR30354447_2.fastq.gz
SRR30354021,31211111000031,low/SRR30354021_1.fastq.gz,low/SRR30354021_2.fastq.gz
SRR30355087,31211111000032,low/SRR30355087_1.fastq.gz,low/SRR30355087_2.fastq.gz
SRR30354826,31211111000035,low/SRR30354826_1.fastq.gz,low/SRR30354826_2.fastq.gz
SRR30355269,31211111000038,low/SRR30355269_1.fastq.gz,low/SRR30355269_2.fastq.gz
SRR30355167,31211111000042,low/SRR30355167_1.fastq.gz,low/SRR30355167_2.fastq.gz
SRR30355261,31211111000051,low/SRR30355261_1.fastq.gz,low/SRR30355261_2.fastq.gz
SRR30354834,31211111000079,low/SRR30354834_1.fastq.gz,low/SRR30354834_2.fastq.gz
SRR30353996,31211111000095,low/SRR30353996_1.fastq.gz,low/SRR30353996_2.fastq.gz
SRR30355016,31211111000116,low/SRR30355016_1.fastq.gz,low/SRR30355016_2.fastq.gz
SRR30354354,31211111000117,low/SRR30354354_1.fastq.gz,low/SRR30354354_2.fastq.gz
SRR30354084,31211111000118,low/SRR30354084_1.fastq.gz,low/SRR30354084_2.fastq.gz
SRR30354734,31211111000120,low/SRR30354734_1.fastq.gz,low/SRR30354734_2.fastq.gz
SRR30355034,31211111000121,low/SRR30355034_1.fastq.gz,low/SRR30355034_2.fastq.gz
SRR30355246,31211111000122,low/SRR30355246_1.fastq.gz,low/SRR30355246_2.fastq.gz
SRR30355049,31211111000124,low/SRR30355049_1.fastq.gz,low/SRR30355049_2.fastq.gz
SRR30354313,31211111000127,low/SRR30354313_1.fastq.gz,low/SRR30354313_2.fastq.gz
SRR30355075,31211111000128,low/SRR30355075_1.fastq.gz,low/SRR30355075_2.fastq.gz
SRR30353989,31211111000178,low/SRR30353989_1.fastq.gz,low/SRR30353989_2.fastq.gz
SRR30355274,31211111002396,low/SRR30355274_1.fastq.gz,low/SRR30355274_2.fastq.gz
SRR30354507,31211111002559,low/SRR30354507_1.fastq.gz,low/SRR30354507_2.fastq.gz
SRR30355254,31211111002560,low/SRR30355254_1.fastq.gz,low/SRR30355254_2.fastq.gz
SRR30354037,31211111002563,low/SRR30354037_1.fastq.gz,low/SRR30354037_2.fastq.gz
SRR30354508,31211111002580,low/SRR30354508_1.fastq.gz,low/SRR30354508_2.fastq.gz
SRR30354342,31211111002584,low/SRR30354342_1.fastq.gz,low/SRR30354342_2.fastq.gz
SRR30354338,31211111002586,low/SRR30354338_1.fastq.gz,low/SRR30354338_2.fastq.gz
SRR30354592,31211111002663,low/SRR30354592_1.fastq.gz,low/SRR30354592_2.fastq.gz
SRR30354766,31211111002664,low/SRR30354766_1.fastq.gz,low/SRR30354766_2.fastq.gz
SRR30355234,31211111002678,low/SRR30355234_1.fastq.gz,low/SRR30355234_2.fastq.gz
SRR30354458,31211111002679,low/SRR30354458_1.fastq.gz,low/SRR30354458_2.fastq.gz
SRR30355298,31211111002680,low/SRR30355298_1.fastq.gz,low/SRR30355298_2.fastq.gz
SRR30354971,31211111002681,low/SRR30354971_1.fastq.gz,low/SRR30354971_2.fastq.gz
SRR30354119,31211111002682,low/SRR30354119_1.fastq.gz,low/SRR30354119_2.fastq.gz
SRR30354321,31211111002686,low/SRR30354321_1.fastq.gz,low/SRR30354321_2.fastq.gz
SRR30354515,31211111002687,low/SRR30354515_1.fastq.gz,low/SRR30354515_2.fastq.gz
SRR30354491,31211111002690,low/SRR30354491_1.fastq.gz,low/SRR30354491_2.fastq.gz
SRR30354296,31211111002691,low/SRR30354296_1.fastq.gz,low/SRR30354296_2.fastq.gz
SRR30354729,31211111002692,low/SRR30354729_1.fastq.gz,low/SRR30354729_2.fastq.gz
SRR30355064,31211111002694,low/SRR30355064_1.fastq.gz,low/SRR30355064_2.fastq.gz
SRR30354774,31211111002695,low/SRR30354774_1.fastq.gz,low/SRR30354774_2.fastq.gz
SRR30354858,31211111002696,low/SRR30354858_1.fastq.gz,low/SRR30354858_2.fastq.gz
SRR30354911,31211111002697,low/SRR30354911_1.fastq.gz,low/SRR30354911_2.fastq.gz
SRR30354397,31211111002698,low/SRR30354397_1.fastq.gz,low/SRR30354397_2.fastq.gz
SRR30355050,31211111002699,low/SRR30355050_1.fastq.gz,low/SRR30355050_2.fastq.gz
SRR30354073,31211111002702,low/SRR30354073_1.fastq.gz,low/SRR30354073_2.fastq.gz
SRR30354377,31211111002703,low/SRR30354377_1.fastq.gz,low/SRR30354377_2.fastq.gz
SRR30354071,31211111002708,low/SRR30354071_1.fastq.gz,low/SRR30354071_2.fastq.gz
SRR30354792,31211111002710,low/SRR30354792_1.fastq.gz,low/SRR30354792_2.fastq.gz
SRR30353958,31211111002711,low/SRR30353958_1.fastq.gz,low/SRR30353958_2.fastq.gz
SRR30355242,31211111002713,low/SRR30355242_1.fastq.gz,low/SRR30355242_2.fastq.gz
SRR30354502,31211111002714,low/SRR30354502_1.fastq.gz,low/SRR30354502_2.fastq.gz
SRR30355089,31211111002716,low/SRR30355089_1.fastq.gz,low/SRR30355089_2.fastq.gz
SRR30355001,31211111002724,low/SRR30355001_1.fastq.gz,low/SRR30355001_2.fastq.gz
SRR30354808,31211111002727,low/SRR30354808_1.fastq.gz,low/SRR30354808_2.fastq.gz
SRR30354276,31211111004611,low/SRR30354276_1.fastq.gz,low/SRR30354276_2.fastq.gz
SRR30354053,31211111004613,low/SRR30354053_1.fastq.gz,low/SRR30354053_2.fastq.gz
SRR30354995,31211111004614,low/SRR30354995_1.fastq.gz,low/SRR30354995_2.fastq.gz
SRR30355168,31211111004617,low/SRR30355168_1.fastq.gz,low/SRR30355168_2.fastq.gz
SRR30355111,31211111004618,low/SRR30355111_1.fastq.gz,low/SRR30355111_2.fastq.gz
SRR30354617,31211111004619,low/SRR30354617_1.fastq.gz,low/SRR30354617_2.fastq.gz
SRR30354451,31211111004624,low/SRR30354451_1.fastq.gz,low/SRR30354451_2.fastq.gz
SRR30355051,31211111004635,low/SRR30355051_1.fastq.gz,low/SRR30355051_2.fastq.gz
SRR30354641,31211111004642,low/SRR30354641_1.fastq.gz,low/SRR30354641_2.fastq.gz
SRR30354689,31211111004643,low/SRR30354689_1.fastq.gz,low/SRR30354689_2.fastq.gz
SRR30354787,31211111004650,low/SRR30354787_1.fastq.gz,low/SRR30354787_2.fastq.gz
SRR30354315,31211111004656,low/SRR30354315_1.fastq.gz,low/SRR30354315_2.fastq.gz
SRR30354335,31211111004685,low/SRR30354335_1.fastq.gz,low/SRR30354335_2.fastq.gz
SRR30355204,31211111004694,low/SRR30355204_1.fastq.gz,low/SRR30355204_2.fastq.gz
SRR30355211,31211111004701,low/SRR30355211_1.fastq.gz,low/SRR30355211_2.fastq.gz
SRR30354041,31211112304291,low/SRR30354041_1.fastq.gz,low/SRR30354041_2.fastq.gz
SRR30354415,31211112304300,low/SRR30354415_1.fastq.gz,low/SRR30354415_2.fastq.gz
SRR30354838,31211112304302,low/SRR30354838_1.fastq.gz,low/SRR30354838_2.fastq.gz
SRR30353881,31211112304303,low/SRR30353881_1.fastq.gz,low/SRR30353881_2.fastq.gz
SRR30354837,31211112304304,low/SRR30354837_1.fastq.gz,low/SRR30354837_2.fastq.gz
SRR30353944,31211112304306,low/SRR30353944_1.fastq.gz,low/SRR30353944_2.fastq.gz
SRR30354522,31211112304307,low/SRR30354522_1.fastq.gz,low/SRR30354522_2.fastq.gz
SRR30353916,31211112304308,low/SRR30353916_1.fastq.gz,low/SRR30353916_2.fastq.gz
SRR30354985,31211112304311,low/SRR30354985_1.fastq.gz,low/SRR30354985_2.fastq.gz
SRR30355149,31211112304312,low/SRR30355149_1.fastq.gz,low/SRR30355149_2.fastq.gz
SRR30354524,31211112304314,low/SRR30354524_1.fastq.gz,low/SRR30354524_2.fastq.gz
SRR30354815,31211112304316,low/SRR30354815_1.fastq.gz,low/SRR30354815_2.fastq.gz
SRR30354802,31211112304319,low/SRR30354802_1.fastq.gz,low/SRR30354802_2.fastq.gz
SRR30354085,31211112304320,low/SRR30354085_1.fastq.gz,low/SRR30354085_2.fastq.gz
SRR30355046,31211112304324,low/SRR30355046_1.fastq.gz,low/SRR30355046_2.fastq.gz
SRR30355170,31211112304325,low/SRR30355170_1.fastq.gz,low/SRR30355170_2.fastq.gz
SRR30354602,31211112304330,low/SRR30354602_1.fastq.gz,low/SRR30354602_2.fastq.gz
SRR30354697,31211112304332,low/SRR30354697_1.fastq.gz,low/SRR30354697_2.fastq.gz
SRR30354457,31211112304342,low/SRR30354457_1.fastq.gz,low/SRR30354457_2.fastq.gz
SRR30355231,31211112304351,low/SRR30355231_1.fastq.gz,low/SRR30355231_2.fastq.gz
SRR30353941,31211112304357,low/SRR30353941_1.fastq.gz,low/SRR30353941_2.fastq.gz
SRR30354105,31211112304360,low/SRR30354105_1.fastq.gz,low/SRR30354105_2.fastq.gz
SRR30354973,31211112304363,low/SRR30354973_1.fastq.gz,low/SRR30354973_2.fastq.gz
SRR30355010,31211112304367,low/SRR30355010_1.fastq.gz,low/SRR30355010_2.fastq.gz
SRR30353920,31211112304369,low/SRR30353920_1.fastq.gz,low/SRR30353920_2.fastq.gz
SRR30355236,31211112304370,low/SRR30355236_1.fastq.gz,low/SRR30355236_2.fastq.gz
SRR30354029,31211112304377,low/SRR30354029_1.fastq.gz,low/SRR30354029_2.fastq.gz
SRR30354671,31211112304381,low/SRR30354671_1.fastq.gz,low/SRR30354671_2.fastq.gz
SRR30354184,31211112304385,low/SRR30354184_1.fastq.gz,low/SRR30354184_2.fastq.gz
SRR30355215,31211112304386,low/SRR30355215_1.fastq.gz,low/SRR30355215_2.fastq.gz
SRR30354219,31211112304387,low/SRR30354219_1.fastq.gz,low/SRR30354219_2.fastq.gz
SRR30354194,31211112304391,low/SRR30354194_1.fastq.gz,low/SRR30354194_2.fastq.gz
SRR30353979,31211112304393,low/SRR30353979_1.fastq.gz,low/SRR30353979_2.fastq.gz
SRR30355304,31211112304397,low/SRR30355304_1.fastq.gz,low/SRR30355304_2.fastq.gz
SRR30354325,31211112304402,low/SRR30354325_1.fastq.gz,low/SRR30354325_2.fastq.gz
SRR30354425,31211112304407,low/SRR30354425_1.fastq.gz,low/SRR30354425_2.fastq.gz
SRR30355106,31211112304420,low/SRR30355106_1.fastq.gz,low/SRR30355106_2.fastq.gz
SRR30353893,31211112304428,low/SRR30353893_1.fastq.gz,low/SRR30353893_2.fastq.gz
SRR30355086,31211112304429,low/SRR30355086_1.fastq.gz,low/SRR30355086_2.fastq.gz
SRR30354737,31211112304431,low/SRR30354737_1.fastq.gz,low/SRR30354737_2.fastq.gz
SRR30355165,31211112304432,low/SRR30355165_1.fastq.gz,low/SRR30355165_2.fastq.gz
SRR30353929,31211112304433,low/SRR30353929_1.fastq.gz,low/SRR30353929_2.fastq.gz
SRR30355121,31211112304434,low/SRR30355121_1.fastq.gz,low/SRR30355121_2.fastq.gz
SRR30354213,31211112304435,low/SRR30354213_1.fastq.gz,low/SRR30354213_2.fastq.gz
SRR30354154,31211112304438,low/SRR30354154_1.fastq.gz,low/SRR30354154_2.fastq.gz
SRR30354191,31211112304440,low/SRR30354191_1.fastq.gz,low/SRR30354191_2.fastq.gz
SRR30354852,31211112304441,low/SRR30354852_1.fastq.gz,low/SRR30354852_2.fastq.gz
SRR30354880,31211112304442,low/SRR30354880_1.fastq.gz,low/SRR30354880_2.fastq.gz
SRR30355241,31211112304443,low/SRR30355241_1.fastq.gz,low/SRR30355241_2.fastq.gz
SRR30354551,31211112304446,low/SRR30354551_1.fastq.gz,low/SRR30354551_2.fastq.gz
SRR30355191,31211112304447,low/SRR30355191_1.fastq.gz,low/SRR30355191_2.fastq.gz
SRR30354353,31211112304448,low/SRR30354353_1.fastq.gz,low/SRR30354353_2.fastq.gz
SRR30354470,31211112304477,low/SRR30354470_1.fastq.gz,low/SRR30354470_2.fastq.gz
SRR30354716,31211112304478,low/SRR30354716_1.fastq.gz,low/SRR30354716_2.fastq.gz
SRR30354861,31211112304481,low/SRR30354861_1.fastq.gz,low/SRR30354861_2.fastq.gz
SRR30355151,31211112304483,low/SRR30355151_1.fastq.gz,low/SRR30355151_2.fastq.gz
SRR30354680,31211112304487,low/SRR30354680_1.fastq.gz,low/SRR30354680_2.fastq.gz
SRR30355255,31211112304506,low/SRR30355255_1.fastq.gz,low/SRR30355255_2.fastq.gz
SRR30354528,31211112304509,low/SRR30354528_1.fastq.gz,low/SRR30354528_2.fastq.gz
SRR30354486,31211112304510,low/SRR30354486_1.fastq.gz,low/SRR30354486_2.fastq.gz
SRR30355291,31211112304516,low/SRR30355291_1.fastq.gz,low/SRR30355291_2.fastq.gz
SRR30353968,31211112304534,low/SRR30353968_1.fastq.gz,low/SRR30353968_2.fastq.gz
SRR30354620,31211112304535,low/SRR30354620_1.fastq.gz,low/SRR30354620_2.fastq.gz
SRR30354042,31211112307826,low/SRR30354042_1.fastq.gz,low/SRR30354042_2.fastq.gz
SRR30354557,31211112308024,low/SRR30354557_1.fastq.gz,low/SRR30354557_2.fastq.gz
SRR30354435,31211112308065,low/SRR30354435_1.fastq.gz,low/SRR30354435_2.fastq.gz
SRR30354290,31211112308072,low/SRR30354290_1.fastq.gz,low/SRR30354290_2.fastq.gz
SRR30355200,31211112308076,low/SRR30355200_1.fastq.gz,low/SRR30355200_2.fastq.gz
SRR30354945,31211112308079,low/SRR30354945_1.fastq.gz,low/SRR30354945_2.fastq.gz
SRR30354577,31211112308082,low/SRR30354577_1.fastq.gz,low/SRR30354577_2.fastq.gz
SRR30354546,31211112308106,low/SRR30354546_1.fastq.gz,low/SRR30354546_2.fastq.gz
SRR30354958,31211112308186,low/SRR30354958_1.fastq.gz,low/SRR30354958_2.fastq.gz
SRR30354055,31211112308187,low/SRR30354055_1.fastq.gz,low/SRR30354055_2.fastq.gz
SRR30354343,31211112308188,low/SRR30354343_1.fastq.gz,low/SRR30354343_2.fastq.gz
SRR30354300,31211112308193,low/SRR30354300_1.fastq.gz,low/SRR30354300_2.fastq.gz
SRR30355177,31211112308194,low/SRR30355177_1.fastq.gz,low/SRR30355177_2.fastq.gz
SRR30354763,31211112308210,low/SRR30354763_1.fastq.gz,low/SRR30354763_2.fastq.gz
SRR30354274,31211112308211,low/SRR30354274_1.fastq.gz,low/SRR30354274_2.fastq.gz
SRR30355181,31211112308212,low/SRR30355181_1.fastq.gz,low/SRR30355181_2.fastq.gz
SRR30354674,31211112308213,low/SRR30354674_1.fastq.gz,low/SRR30354674_2.fastq.gz
SRR30353945,31211112308215,low/SRR30353945_1.fastq.gz,low/SRR30353945_2.fastq.gz
SRR30355058,31211112308217,low/SRR30355058_1.fastq.gz,low/SRR30355058_2.fastq.gz
SRR30353863,31211112308219,low/SRR30353863_1.fastq.gz,low/SRR30353863_2.fastq.gz
SRR30355000,31211112308220,low/SRR30355000_1.fastq.gz,low/SRR30355000_2.fastq.gz
SRR30354601,31211112308221,low/SRR30354601_1.fastq.gz,low/SRR30354601_2.fastq.gz
SRR30354504,31211112308227,low/SRR30354504_1.fastq.gz,low/SRR30354504_2.fastq.gz
SRR30353896,31211112308228,low/SRR30353896_1.fastq.gz,low/SRR30353896_2.fastq.gz
SRR30354215,31211112308238,low/SRR30354215_1.fastq.gz,low/SRR30354215_2.fastq.gz
SRR30353934,31211112308243,low/SRR30353934_1.fastq.gz,low/SRR30353934_2.fastq.gz
SRR30354959,31211112308255,low/SRR30354959_1.fastq.gz,low/SRR30354959_2.fastq.gz
SRR30354681,31211112308343,low/SRR30354681_1.fastq.gz,low/SRR30354681_2.fastq.gz
SRR30354832,31211112308344,low/SRR30354832_1.fastq.gz,low/SRR30354832_2.fastq.gz
SRR30355214,31211112308345,low/SRR30355214_1.fastq.gz,low/SRR30355214_2.fastq.gz
SRR30354572,31211112308346,low/SRR30354572_1.fastq.gz,low/SRR30354572_2.fastq.gz
SRR30354418,31001602030210-a,low/SRR30354418_1.fastq.gz,low/SRR30354418_2.fastq.gz
SRR30354540,31001602030296-a,low/SRR30354540_1.fastq.gz,low/SRR30354540_2.fastq.gz
SRR30354639,31001602030349-a,low/SRR30354639_1.fastq.gz,low/SRR30354639_2.fastq.gz
SRR30354887,31001602030446-a,low/SRR30354887_1.fastq.gz,low/SRR30354887_2.fastq.gz
SRR30354122,31001602030545-a,low/SRR30354122_1.fastq.gz,low/SRR30354122_2.fastq.gz
SRR30354562,31001602030610-a,low/SRR30354562_1.fastq.gz,low/SRR30354562_2.fastq.gz
SRR30354453,31001602030669-a,low/SRR30354453_1.fastq.gz,low/SRR30354453_2.fastq.gz
SRR30353981,31001602030839-a,low/SRR30353981_1.fastq.gz,low/SRR30353981_2.fastq.gz
SRR30354779,31001602030895-a,low/SRR30354779_1.fastq.gz,low/SRR30354779_2.fastq.gz
SRR30354070,31001602030941-a,low/SRR30354070_1.fastq.gz,low/SRR30354070_2.fastq.gz
SRR30355066,31001602031015-a,low/SRR30355066_1.fastq.gz,low/SRR30355066_2.fastq.gz
SRR30354810,31001602031146-a,low/SRR30354810_1.fastq.gz,low/SRR30354810_2.fastq.gz
SRR30354193,31001602031169-a,low/SRR30354193_1.fastq.gz,low/SRR30354193_2.fastq.gz
SRR30354187,31001602031302-a,low/SRR30354187_1.fastq.gz,low/SRR30354187_2.fastq.gz
SRR30354797,31001602031347-a,low/SRR30354797_1.fastq.gz,low/SRR30354797_2.fastq.gz
SRR30355300,31001602031378-a,low/SRR30355300_1.fastq.gz,low/SRR30355300_2.fastq.gz
SRR30354517,31001602031383-a,low/SRR30354517_1.fastq.gz,low/SRR30354517_2.fastq.gz
SRR30354466,31001602031480-a,low/SRR30354466_1.fastq.gz,low/SRR30354466_2.fastq.gz
SRR30354285,31001602031494-a,low/SRR30354285_1.fastq.gz,low/SRR30354285_2.fastq.gz
SRR30354742,31001602031563-a,low/SRR30354742_1.fastq.gz,low/SRR30354742_2.fastq.gz
SRR30354969,31001602031576-a,low/SRR30354969_1.fastq.gz,low/SRR30354969_2.fastq.gz
SRR30354715,31001602031605-a,low/SRR30354715_1.fastq.gz,low/SRR30354715_2.fastq.gz
SRR30354242,31001602031648-a,low/SRR30354242_1.fastq.gz,low/SRR30354242_2.fastq.gz
SRR30354208,31001602110060-a,low/SRR30354208_1.fastq.gz,low/SRR30354208_2.fastq.gz
SRR30354050,31001602110144-a,low/SRR30354050_1.fastq.gz,low/SRR30354050_2.fastq.gz
SRR30354015,31001602110310-a,low/SRR30354015_1.fastq.gz,low/SRR30354015_2.fastq.gz
SRR30354201,31001602110368-a,low/SRR30354201_1.fastq.gz,low/SRR30354201_2.fastq.gz
SRR30354862,31001602110387-a,low/SRR30354862_1.fastq.gz,low/SRR30354862_2.fastq.gz
SRR30355071,31001602110417-a,low/SRR30355071_1.fastq.gz,low/SRR30355071_2.fastq.gz
SRR30354150,31001602110459-a,low/SRR30354150_1.fastq.gz,low/SRR30354150_2.fastq.gz
SRR30353980,31001602110517-a,low/SRR30353980_1.fastq.gz,low/SRR30353980_2.fastq.gz
SRR30354963,31001602110521-a,low/SRR30354963_1.fastq.gz,low/SRR30354963_2.fastq.gz
SRR30354087,31001602110526-a,low/SRR30354087_1.fastq.gz,low/SRR30354087_2.fastq.gz
SRR30354905,31001602110532-a,low/SRR30354905_1.fastq.gz,low/SRR30354905_2.fastq.gz
SRR30353847,31001602110560-a,low/SRR30353847_1.fastq.gz,low/SRR30353847_2.fastq.gz
SRR30355061,31001602111577-a,low/SRR30355061_1.fastq.gz,low/SRR30355061_2.fastq.gz
SRR30355131,31001602111638-a,low/SRR30355131_1.fastq.gz,low/SRR30355131_2.fastq.gz
SRR30354820,31001602111684-a,low/SRR30354820_1.fastq.gz,low/SRR30354820_2.fastq.gz
SRR30355006,31001602111712-a,low/SRR30355006_1.fastq.gz,low/SRR30355006_2.fastq.gz
SRR30355124,31001602111876-a,low/SRR30355124_1.fastq.gz,low/SRR30355124_2.fastq.gz
SRR30354824,31001602111918-a,low/SRR30354824_1.fastq.gz,low/SRR30354824_2.fastq.gz
SRR30353915,31001602111940-a,low/SRR30353915_1.fastq.gz,low/SRR30353915_2.fastq.gz
SRR30354923,31001602112033-a,low/SRR30354923_1.fastq.gz,low/SRR30354923_2.fastq.gz
SRR30354644,31001609030960-a,low/SRR30354644_1.fastq.gz,low/SRR30354644_2.fastq.gz
SRR30354598,31001609031206-a,low/SRR30354598_1.fastq.gz,low/SRR30354598_2.fastq.gz
SRR30354185,31001609031293-a,low/SRR30354185_1.fastq.gz,low/SRR30354185_2.fastq.gz
SRR30353992,31001609031350-a,low/SRR30353992_1.fastq.gz,low/SRR30353992_2.fastq.gz
SRR30354289,31001609031409-a,low/SRR30354289_1.fastq.gz,low/SRR30354289_2.fastq.gz
SRR30354711,31001609031422-a,low/SRR30354711_1.fastq.gz,low/SRR30354711_2.fastq.gz
SRR30355208,31001609031548-a,low/SRR30355208_1.fastq.gz,low/SRR30355208_2.fastq.gz
SRR30355154,31001609031561-a,low/SRR30355154_1.fastq.gz,low/SRR30355154_2.fastq.gz
SRR30354490,31001609031599-a,low/SRR30354490_1.fastq.gz,low/SRR30354490_2.fastq.gz
SRR30355239,31001609031618-a,low/SRR30355239_1.fastq.gz,low/SRR30355239_2.fastq.gz
SRR30354034,31001609031688-a,low/SRR30354034_1.fastq.gz,low/SRR30354034_2.fastq.gz
SRR30354913,31001609031745-a,low/SRR30354913_1.fastq.gz,low/SRR30354913_2.fastq.gz
SRR30354521,31001609031792-a,low/SRR30354521_1.fastq.gz,low/SRR30354521_2.fastq.gz
SRR30354013,31001609031830-a,low/SRR30354013_1.fastq.gz,low/SRR30354013_2.fastq.gz
SRR30354471,31001609031901-a,low/SRR30354471_1.fastq.gz,low/SRR30354471_2.fastq.gz
SRR30354288,31001609032049-a,low/SRR30354288_1.fastq.gz,low/SRR30354288_2.fastq.gz
SRR30355008,31001609032420-a,low/SRR30355008_1.fastq.gz,low/SRR30355008_2.fastq.gz
SRR30354691,31001609032467-a,low/SRR30354691_1.fastq.gz,low/SRR30354691_2.fastq.gz
SRR30354946,31001609032758-a,low/SRR30354946_1.fastq.gz,low/SRR30354946_2.fastq.gz
SRR30354117,31001609032777-a,low/SRR30354117_1.fastq.gz,low/SRR30354117_2.fastq.gz
SRR30354870,31001609032843-a,low/SRR30354870_1.fastq.gz,low/SRR30354870_2.fastq.gz
SRR30355244,31001609033006-a,low/SRR30355244_1.fastq.gz,low/SRR30355244_2.fastq.gz
SRR30354312,31001609033024-a,low/SRR30354312_1.fastq.gz,low/SRR30354312_2.fastq.gz
SRR30355272,31001609033040-a,low/SRR30355272_1.fastq.gz,low/SRR30355272_2.fastq.gz
SRR30354687,31001609033237-a,low/SRR30354687_1.fastq.gz,low/SRR30354687_2.fastq.gz
SRR30354014,31001705280320-a,low/SRR30354014_1.fastq.gz,low/SRR30354014_2.fastq.gz
SRR30354643,31001705280331-a,low/SRR30354643_1.fastq.gz,low/SRR30354643_2.fastq.gz
SRR30354372,31001705280441-a,low/SRR30354372_1.fastq.gz,low/SRR30354372_2.fastq.gz
SRR30353973,31001705280529-a,low/SRR30353973_1.fastq.gz,low/SRR30353973_2.fastq.gz
SRR30353927,31001705280781-a,low/SRR30353927_1.fastq.gz,low/SRR30353927_2.fastq.gz
SRR30354238,31001705280874-a,low/SRR30354238_1.fastq.gz,low/SRR30354238_2.fastq.gz
SRR30355183,31001705280898-a,low/SRR30355183_1.fastq.gz,low/SRR30355183_2.fastq.gz
SRR30354772,31001705280901-a,low/SRR30354772_1.fastq.gz,low/SRR30354772_2.fastq.gz
SRR30354322,31001705280942-a,low/SRR30354322_1.fastq.gz,low/SRR30354322_2.fastq.gz
SRR30354897,31001705281085-a,low/SRR30354897_1.fastq.gz,low/SRR30354897_2.fastq.gz
SRR30354769,31001705281098-a,low/SRR30354769_1.fastq.gz,low/SRR30354769_2.fastq.gz
SRR30354706,31001705281218-a,low/SRR30354706_1.fastq.gz,low/SRR30354706_2.fastq.gz
SRR30354271,31001705281366-a,low/SRR30354271_1.fastq.gz,low/SRR30354271_2.fastq.gz
SRR30354056,31001705281449-a,low/SRR30354056_1.fastq.gz,low/SRR30354056_2.fastq.gz
SRR30354505,31001705281530-a,low/SRR30354505_1.fastq.gz,low/SRR30354505_2.fastq.gz
SRR30354340,31001705281538-a,low/SRR30354340_1.fastq.gz,low/SRR30354340_2.fastq.gz
SRR30354618,31001705281563-a,low/SRR30354618_1.fastq.gz,low/SRR30354618_2.fastq.gz
SRR30354530,31001705281799-a,low/SRR30354530_1.fastq.gz,low/SRR30354530_2.fastq.gz
SRR30353848,31001705282144-a,low/SRR30353848_1.fastq.gz,low/SRR30353848_2.fastq.gz
SRR30354488,31001705282223-a,low/SRR30354488_1.fastq.gz,low/SRR30354488_2.fastq.gz
SRR30355063,31001705282268-a,low/SRR30355063_1.fastq.gz,low/SRR30355063_2.fastq.gz
SRR30354489,31001705282291-a,low/SRR30354489_1.fastq.gz,low/SRR30354489_2.fastq.gz
SRR30354147,31001705282409-a,low/SRR30354147_1.fastq.gz,low/SRR30354147_2.fastq.gz
SRR30354239,31001705282413-a,low/SRR30354239_1.fastq.gz,low/SRR30354239_2.fastq.gz
SRR30355120,31001705282553-a,low/SRR30355120_1.fastq.gz,low/SRR30355120_2.fastq.gz
SRR30354487,31001705282604-a,low/SRR30354487_1.fastq.gz,low/SRR30354487_2.fastq.gz
SRR30354008,31001705282605-a,low/SRR30354008_1.fastq.gz,low/SRR30354008_2.fastq.gz
SRR30355125,31001705282699-a,low/SRR30355125_1.fastq.gz,low/SRR30355125_2.fastq.gz
SRR30354216,31001705282706-a,low/SRR30354216_1.fastq.gz,low/SRR30354216_2.fastq.gz
SRR30355184,31001705282803-a,low/SRR30355184_1.fastq.gz,low/SRR30355184_2.fastq.gz
SRR30354330,31001705282907-a,low/SRR30354330_1.fastq.gz,low/SRR30354330_2.fastq.gz
SRR30355015,31001705282934-a,low/SRR30355015_1.fastq.gz,low/SRR30355015_2.fastq.gz
SRR30354579,31001705282951-a,low/SRR30354579_1.fastq.gz,low/SRR30354579_2.fastq.gz
SRR30353852,31001705283017-a,low/SRR30353852_1.fastq.gz,low/SRR30353852_2.fastq.gz
SRR30354752,31001705283022-a,low/SRR30354752_1.fastq.gz,low/SRR30354752_2.fastq.gz
SRR30354494,31001705283068-a,low/SRR30354494_1.fastq.gz,low/SRR30354494_2.fastq.gz
SRR30354227,31001705283093-a,low/SRR30354227_1.fastq.gz,low/SRR30354227_2.fastq.gz
SRR30355250,31001705283247-a,low/SRR30355250_1.fastq.gz,low/SRR30355250_2.fastq.gz
SRR30353898,31001705283251-a,low/SRR30353898_1.fastq.gz,low/SRR30353898_2.fastq.gz
SRR30355202,31001705283256-a,low/SRR30355202_1.fastq.gz,low/SRR30355202_2.fastq.gz
SRR30354821,31001705283279-a,low/SRR30354821_1.fastq.gz,low/SRR30354821_2.fastq.gz
SRR30355104,31001705283329-a,low/SRR30355104_1.fastq.gz,low/SRR30355104_2.fastq.gz
SRR30354166,31001705283401-a,low/SRR30354166_1.fastq.gz,low/SRR30354166_2.fastq.gz
SRR30353853,31001705283406-a,low/SRR30353853_1.fastq.gz,low/SRR30353853_2.fastq.gz
SRR30354481,31001602110683-a,low/SRR30354481_1.fastq.gz,low/SRR30354481_2.fastq.gz
SRR30354497,31001602110715-a,low/SRR30354497_1.fastq.gz,low/SRR30354497_2.fastq.gz
SRR30354075,31001602110719-a,low/SRR30354075_1.fastq.gz,low/SRR30354075_2.fastq.gz
SRR30354301,31001602110731-a,low/SRR30354301_1.fastq.gz,low/SRR30354301_2.fastq.gz
SRR30355198,31001602110833-a,low/SRR30355198_1.fastq.gz,low/SRR30355198_2.fastq.gz
SRR30355253,31001602110852-a,low/SRR30355253_1.fastq.gz,low/SRR30355253_2.fastq.gz
SRR30354790,31001602110933-a,low/SRR30354790_1.fastq.gz,low/SRR30354790_2.fastq.gz
SRR30354459,31001602111007-a,low/SRR30354459_1.fastq.gz,low/SRR30354459_2.fastq.gz
SRR30354155,31001602111129-a,low/SRR30354155_1.fastq.gz,low/SRR30354155_2.fastq.gz
SRR30354362,31001602111133-a,low/SRR30354362_1.fastq.gz,low/SRR30354362_2.fastq.gz
SRR30354701,31001602111142-a,low/SRR30354701_1.fastq.gz,low/SRR30354701_2.fastq.gz
SRR30354125,31001602111144-a,low/SRR30354125_1.fastq.gz,low/SRR30354125_2.fastq.gz
SRR30354565,31001602111212-a,low/SRR30354565_1.fastq.gz,low/SRR30354565_2.fastq.gz
SRR30354514,31001602111262-a,low/SRR30354514_1.fastq.gz,low/SRR30354514_2.fastq.gz
SRR30353931,31001602111363-a,low/SRR30353931_1.fastq.gz,low/SRR30353931_2.fastq.gz
SRR30353964,31001602111432-a,low/SRR30353964_1.fastq.gz,low/SRR30353964_2.fastq.gz
SRR30353874,31001602111461-a,low/SRR30353874_1.fastq.gz,low/SRR30353874_2.fastq.gz
SRR13232987,SRR13232987,low/SRR13232987_1.fastq.gz,low/SRR13232987_2.fastq.gz
SRR13232988,SRR13232988,low/SRR13232988_1.fastq.gz,low/SRR13232988_2.fastq.gz
SRR13232989,SRR13232989,low/SRR13232989_1.fastq.gz,low/SRR13232989_2.fastq.gz
SRR13232990,SRR13232990,low/SRR13232990_1.fastq.gz,low/SRR13232990_2.fastq.gz
SRR13232991,SRR13232991,low/SRR13232991_1.fastq.gz,low/SRR13232991_2.fastq.gz
SRR13232992,SRR13232992,low/SRR13232992_1.fastq.gz,low/SRR13232992_2.fastq.gz
SRR13232993,SRR13232993,low/SRR13232993_1.fastq.gz,low/SRR13232993_2.fastq.gz
SRR13232994,SRR13232994,low/SRR13232994_1.fastq.gz,low/SRR13232994_2.fastq.gz
SRR13232995,SRR13232995,low/SRR13232995_1.fastq.gz,low/SRR13232995_2.fastq.gz
SRR13232996,SRR13232996,low/SRR13232996_1.fastq.gz,low/SRR13232996_2.fastq.gz
SRR13232997,SRR13232997,low/SRR13232997_1.fastq.gz,low/SRR13232997_2.fastq.gz
SRR13232998,SRR13232998,low/SRR13232998_1.fastq.gz,low/SRR13232998_2.fastq.gz
SRR13232999,SRR13232999,low/SRR13232999_1.fastq.gz,low/SRR13232999_2.fastq.gz
SRR13233000,SRR13233000,low/SRR13233000_1.fastq.gz,low/SRR13233000_2.fastq.gz
SRR13233001,SRR13233001,low/SRR13233001_1.fastq.gz,low/SRR13233001_2.fastq.gz
SRR13233002,SRR13233002,low/SRR13233002_1.fastq.gz,low/SRR13233002_2.fastq.gz
SRR13233003,SRR13233003,low/SRR13233003_1.fastq.gz,low/SRR13233003_2.fastq.gz
SRR13233004,SRR13233004,low/SRR13233004_1.fastq.gz,low/SRR13233004_2.fastq.gz
SRR13233005,SRR13233005,low/SRR13233005_1.fastq.gz,low/SRR13233005_2.fastq.gz
SRR13233006,SRR13233006,low/SRR13233006_1.fastq.gz,low/SRR13233006_2.fastq.gz
SRR13233007,SRR13233007,low/SRR13233007_1.fastq.gz,low/SRR13233007_2.fastq.gz
SRR13233008,SRR13233008,low/SRR13233008_1.fastq.gz,low/SRR13233008_2.fastq.gz
SRR13233009,SRR13233009,low/SRR13233009_1.fastq.gz,low/SRR13233009_2.fastq.gz
SRR13233010,SRR13233010,low/SRR13233010_1.fastq.gz,low/SRR13233010_2.fastq.gz
SRR13233011,SRR13233011,low/SRR13233011_1.fastq.gz,low/SRR13233011_2.fastq.gz
SRR13233012,SRR13233012,low/SRR13233012_1.fastq.gz,low/SRR13233012_2.fastq.gz
SRR13233013,SRR13233013,low/SRR13233013_1.fastq.gz,low/SRR13233013_2.fastq.gz
SRR13233014,SRR13233014,low/SRR13233014_1.fastq.gz,low/SRR13233014_2.fastq.gz
SRR13233015,SRR13233015,low/SRR13233015_1.fastq.gz,low/SRR13233015_2.fastq.gz
SRR13233016,SRR13233016,low/SRR13233016_1.fastq.gz,low/SRR13233016_2.fastq.gz
SRR13233017,SRR13233017,low/SRR13233017_1.fastq.gz,low/SRR13233017_2.fastq.gz
SRR13233018,SRR13233018,low/SRR13233018_1.fastq.gz,low/SRR13233018_2.fastq.gz
SRR13233019,SRR13233019,low/SRR13233019_1.fastq.gz,low/SRR13233019_2.fastq.gz
SRR13233020,SRR13233020,low/SRR13233020_1.fastq.gz,low/SRR13233020_2.fastq.gz
SRR13233021,SRR13233021,low/SRR13233021_1.fastq.gz,low/SRR13233021_2.fastq.gz
SRR13233022,SRR13233022,low/SRR13233022_1.fastq.gz,low/SRR13233022_2.fastq.gz
SRR13233023,SRR13233023,low/SRR13233023_1.fastq.gz,low/SRR13233023_2.fastq.gz
SRR13233024,SRR13233024,low/SRR13233024_1.fastq.gz,low/SRR13233024_2.fastq.gz
SRR13233025,SRR13233025,low/SRR13233025_1.fastq.gz,low/SRR13233025_2.fastq.gz
SRR13233026,SRR13233026,low/SRR13233026_1.fastq.gz,low/SRR13233026_2.fastq.gz
SRR13233027,SRR13233027,low/SRR13233027_1.fastq.gz,low/SRR13233027_2.fastq.gz
SRR13233028,SRR13233028,low/SRR13233028_1.fastq.gz,low/SRR13233028_2.fastq.gz
SRR13233029,SRR13233029,low/SRR13233029_1.fastq.gz,low/SRR13233029_2.fastq.gz
SRR13233030,SRR13233030,low/SRR13233030_1.fastq.gz,low/SRR13233030_2.fastq.gz
SRR13233031,SRR13233031,low/SRR13233031_1.fastq.gz,low/SRR13233031_2.fastq.gz
SRR13233032,SRR13233032,low/SRR13233032_1.fastq.gz,low/SRR13233032_2.fastq.gz
SRR13233033,SRR13233033,low/SRR13233033_1.fastq.gz,low/SRR13233033_2.fastq.gz
SRR13233034,SRR13233034,low/SRR13233034_1.fastq.gz,low/SRR13233034_2.fastq.gz
SRR13233035,SRR13233035,low/SRR13233035_1.fastq.gz,low/SRR13233035_2.fastq.gz
SRR13233036,SRR13233036,low/SRR13233036_1.fastq.gz,low/SRR13233036_2.fastq.gz
SRR13233037,SRR13233037,low/SRR13233037_1.fastq.gz,low/SRR13233037_2.fastq.gz
SRR13233038,SRR13233038,low/SRR13233038_1.fastq.gz,low/SRR13233038_2.fastq.gz
SRR13233039,SRR13233039,low/SRR13233039_1.fastq.gz,low/SRR13233039_2.fastq.gz
SRR13233040,SRR13233040,low/SRR13233040_1.fastq.gz,low/SRR13233040_2.fastq.gz
SRR13233041,SRR13233041,low/SRR13233041_1.fastq.gz,low/SRR13233041_2.fastq.gz
SRR13233042,SRR13233042,low/SRR13233042_1.fastq.gz,low/SRR13233042_2.fastq.gz
SRR13233043,SRR13233043,low/SRR13233043_1.fastq.gz,low/SRR13233043_2.fastq.gz
SRR13233044,SRR13233044,low/SRR13233044_1.fastq.gz,low/SRR13233044_2.fastq.gz
SRR13233045,SRR13233045,low/SRR13233045_1.fastq.gz,low/SRR13233045_2.fastq.gz
SRR13233046,SRR13233046,low/SRR13233046_1.fastq.gz,low/SRR13233046_2.fastq.gz
SRR13233047,SRR13233047,low/SRR13233047_1.fastq.gz,low/SRR13233047_2.fastq.gz
SRR13233048,SRR13233048,low/SRR13233048_1.fastq.gz,low/SRR13233048_2.fastq.gz
SRR13233049,SRR13233049,low/SRR13233049_1.fastq.gz,low/SRR13233049_2.fastq.gz
SRR13233050,SRR13233050,low/SRR13233050_1.fastq.gz,low/SRR13233050_2.fastq.gz
SRR13233051,SRR13233051,low/SRR13233051_1.fastq.gz,low/SRR13233051_2.fastq.gz
SRR13233052,SRR13233052,low/SRR13233052_1.fastq.gz,low/SRR13233052_2.fastq.gz
SRR13233053,SRR13233053,low/SRR13233053_1.fastq.gz,low/SRR13233053_2.fastq.gz
SRR13233054,SRR13233054,low/SRR13233054_1.fastq.gz,low/SRR13233054_2.fastq.gz
SRR13233055,SRR13233055,low/SRR13233055_1.fastq.gz,low/SRR13233055_2.fastq.gz
SRR13233056,SRR13233056,low/SRR13233056_1.fastq.gz,low/SRR13233056_2.fastq.gz
SRR13233057,SRR13233057,low/SRR13233057_1.fastq.gz,low/SRR13233057_2.fastq.gz
SRR13233058,SRR13233058,low/SRR13233058_1.fastq.gz,low/SRR13233058_2.fastq.gz
SRR13233059,SRR13233059,low/SRR13233059_1.fastq.gz,low/SRR13233059_2.fastq.gz
SRR13233060,SRR13233060,low/SRR13233060_1.fastq.gz,low/SRR13233060_2.fastq.gz
SRR13233061,SRR13233061,low/SRR13233061_1.fastq.gz,low/SRR13233061_2.fastq.gz
SRR13233062,SRR13233062,low/SRR13233062_1.fastq.gz,low/SRR13233062_2.fastq.gz
SRR13233063,SRR13233063,low/SRR13233063_1.fastq.gz,low/SRR13233063_2.fastq.gz
SRR13233064,SRR13233064,low/SRR13233064_1.fastq.gz,low/SRR13233064_2.fastq.gz
SRR13233065,SRR13233065,low/SRR13233065_1.fastq.gz,low/SRR13233065_2.fastq.gz
SRR13233066,SRR13233066,low/SRR13233066_1.fastq.gz,low/SRR13233066_2.fastq.gz
SRR13233067,SRR13233067,low/SRR13233067_1.fastq.gz,low/SRR13233067_2.fastq.gz
SRR13233068,SRR13233068,low/SRR13233068_1.fastq.gz,low/SRR13233068_2.fastq.gz
SRR13233069,SRR13233069,low/SRR13233069_1.fastq.gz,low/SRR13233069_2.fastq.gz
SRR13233070,SRR13233070,low/SRR13233070_1.fastq.gz,low/SRR13233070_2.fastq.gz
SRR13233071,SRR13233071,low/SRR13233071_1.fastq.gz,low/SRR13233071_2.fastq.gz
SRR13233072,SRR13233072,low/SRR13233072_1.fastq.gz,low/SRR13233072_2.fastq.gz
SRR13233073,SRR13233073,low/SRR13233073_1.fastq.gz,low/SRR13233073_2.fastq.gz
SRR13233074,SRR13233074,low/SRR13233074_1.fastq.gz,low/SRR13233074_2.fastq.gz
SRR13233075,SRR13233075,low/SRR13233075_1.fastq.gz,low/SRR13233075_2.fastq.gz
SRR13233076,SRR13233076,low/SRR13233076_1.fastq.gz,low/SRR13233076_2.fastq.gz
SRR13233077,SRR13233077,low/SRR13233077_1.fastq.gz,low/SRR13233077_2.fastq.gz
SRR13233078,SRR13233078,low/SRR13233078_1.fastq.gz,low/SRR13233078_2.fastq.gz
SRR13233079,SRR13233079,low/SRR13233079_1.fastq.gz,low/SRR13233079_2.fastq.gz
SRR13233080,SRR13233080,low/SRR13233080_1.fastq.gz,low/SRR13233080_2.fastq.gz
SRR13233081,SRR13233081,low/SRR13233081_1.fastq.gz,low/SRR13233081_2.fastq.gz
SRR13233082,SRR13233082,low/SRR13233082_1.fastq.gz,low/SRR13233082_2.fastq.gz
SRR13233083,SRR13233083,low/SRR13233083_1.fastq.gz,low/SRR13233083_2.fastq.gz
SRR13233084,SRR13233084,low/SRR13233084_1.fastq.gz,low/SRR13233084_2.fastq.gz
SRR13233085,SRR13233085,low/SRR13233085_1.fastq.gz,low/SRR13233085_2.fastq.gz
SRR13233086,SRR13233086,low/SRR13233086_1.fastq.gz,low/SRR13233086_2.fastq.gz
SRR13233087,SRR13233087,low/SRR13233087_1.fastq.gz,low/SRR13233087_2.fastq.gz
SRR13233088,SRR13233088,low/SRR13233088_1.fastq.gz,low/SRR13233088_2.fastq.gz
SRR13233089,SRR13233089,low/SRR13233089_1.fastq.gz,low/SRR13233089_2.fastq.gz
SRR13233090,SRR13233090,low/SRR13233090_1.fastq.gz,low/SRR13233090_2.fastq.gz
SRR13233091,SRR13233091,low/SRR13233091_1.fastq.gz,low/SRR13233091_2.fastq.gz
SRR13233092,SRR13233092,low/SRR13233092_1.fastq.gz,low/SRR13233092_2.fastq.gz
SRR13233093,SRR13233093,low/SRR13233093_1.fastq.gz,low/SRR13233093_2.fastq.gz
SRR13233094,SRR13233094,low/SRR13233094_1.fastq.gz,low/SRR13233094_2.fastq.gz
SRR13233095,SRR13233095,low/SRR13233095_1.fastq.gz,low/SRR13233095_2.fastq.gz
SRR13233096,SRR13233096,low/SRR13233096_1.fastq.gz,low/SRR13233096_2.fastq.gz
SRR13233097,SRR13233097,low/SRR13233097_1.fastq.gz,low/SRR13233097_2.fastq.gz
SRR13233098,SRR13233098,low/SRR13233098_1.fastq.gz,low/SRR13233098_2.fastq.gz
SRR13233099,SRR13233099,low/SRR13233099_1.fastq.gz,low/SRR13233099_2.fastq.gz
SRR13233100,SRR13233100,low/SRR13233100_1.fastq.gz,low/SRR13233100_2.fastq.gz
SRR13233101,SRR13233101,low/SRR13233101_1.fastq.gz,low/SRR13233101_2.fastq.gz
SRR13233102,SRR13233102,low/SRR13233102_1.fastq.gz,low/SRR13233102_2.fastq.gz
SRR13233103,SRR13233103,low/SRR13233103_1.fastq.gz,low/SRR13233103_2.fastq.gz
SRR13233104,SRR13233104,low/SRR13233104_1.fastq.gz,low/SRR13233104_2.fastq.gz
SRR13233105,SRR13233105,low/SRR13233105_1.fastq.gz,low/SRR13233105_2.fastq.gz
SRR13233106,SRR13233106,low/SRR13233106_1.fastq.gz,low/SRR13233106_2.fastq.gz
SRR13233107,SRR13233107,low/SRR13233107_1.fastq.gz,low/SRR13233107_2.fastq.gz
SRR13233108,SRR13233108,low/SRR13233108_1.fastq.gz,low/SRR13233108_2.fastq.gz
SRR13233109,SRR13233109,low/SRR13233109_1.fastq.gz,low/SRR13233109_2.fastq.gz
SRR13233110,SRR13233110,low/SRR13233110_1.fastq.gz,low/SRR13233110_2.fastq.gz
SRR13233111,SRR13233111,low/SRR13233111_1.fastq.gz,low/SRR13233111_2.fastq.gz
SRR13233112,SRR13233112,low/SRR13233112_1.fastq.gz,low/SRR13233112_2.fastq.gz
SRR13233113,SRR13233113,low/SRR13233113_1.fastq.gz,low/SRR13233113_2.fastq.gz
SRR13233114,SRR13233114,low/SRR13233114_1.fastq.gz,low/SRR13233114_2.fastq.gz
SRR13233115,SRR13233115,low/SRR13233115_1.fastq.gz,low/SRR13233115_2.fastq.gz
SRR13233116,SRR13233116,low/SRR13233116_1.fastq.gz,low/SRR13233116_2.fastq.gz
SRR13233117,SRR13233117,low/SRR13233117_1.fastq.gz,low/SRR13233117_2.fastq.gz
SRR13233118,SRR13233118,low/SRR13233118_1.fastq.gz,low/SRR13233118_2.fastq.gz
SRR13233119,SRR13233119,low/SRR13233119_1.fastq.gz,low/SRR13233119_2.fastq.gz
SRR13233120,SRR13233120,low/SRR13233120_1.fastq.gz,low/SRR13233120_2.fastq.gz
SRR13233121,SRR13233121,low/SRR13233121_1.fastq.gz,low/SRR13233121_2.fastq.gz
SRR13233122,SRR13233122,low/SRR13233122_1.fastq.gz,low/SRR13233122_2.fastq.gz
SRR13233123,SRR13233123,low/SRR13233123_1.fastq.gz,low/SRR13233123_2.fastq.gz
SRR13233124,SRR13233124,low/SRR13233124_1.fastq.gz,low/SRR13233124_2.fastq.gz
SRR13233125,SRR13233125,low/SRR13233125_1.fastq.gz,low/SRR13233125_2.fastq.gz
SRR13233126,SRR13233126,low/SRR13233126_1.fastq.gz,low/SRR13233126_2.fastq.gz
SRR13233127,SRR13233127,low/SRR13233127_1.fastq.gz,low/SRR13233127_2.fastq.gz
SRR13233128,SRR13233128,low/SRR13233128_1.fastq.gz,low/SRR13233128_2.fastq.gz
SRR13233129,SRR13233129,low/SRR13233129_1.fastq.gz,low/SRR13233129_2.fastq.gz
SRR13233130,SRR13233130,low/SRR13233130_1.fastq.gz,low/SRR13233130_2.fastq.gz
SRR13233131,SRR13233131,low/SRR13233131_1.fastq.gz,low/SRR13233131_2.fastq.gz
SRR13233132,SRR13233132,low/SRR13233132_1.fastq.gz,low/SRR13233132_2.fastq.gz
SRR13233133,SRR13233133,low/SRR13233133_1.fastq.gz,low/SRR13233133_2.fastq.gz
SRR13233134,SRR13233134,low/SRR13233134_1.fastq.gz,low/SRR13233134_2.fastq.gz
SRR13233135,SRR13233135,low/SRR13233135_1.fastq.gz,low/SRR13233135_2.fastq.gz
SRR13233136,SRR13233136,low/SRR13233136_1.fastq.gz,low/SRR13233136_2.fastq.gz
SRR13233137,SRR13233137,low/SRR13233137_1.fastq.gz,low/SRR13233137_2.fastq.gz
SRR13233138,SRR13233138,low/SRR13233138_1.fastq.gz,low/SRR13233138_2.fastq.gz
SRR13233139,SRR13233139,low/SRR13233139_1.fastq.gz,low/SRR13233139_2.fastq.gz
SRR13233140,SRR13233140,low/SRR13233140_1.fastq.gz,low/SRR13233140_2.fastq.gz
SRR13233141,SRR13233141,low/SRR13233141_1.fastq.gz,low/SRR13233141_2.fastq.gz
SRR13233142,SRR13233142,low/SRR13233142_1.fastq.gz,low/SRR13233142_2.fastq.gz
SRR13233143,SRR13233143,low/SRR13233143_1.fastq.gz,low/SRR13233143_2.fastq.gz
SRR13233144,SRR13233144,low/SRR13233144_1.fastq.gz,low/SRR13233144_2.fastq.gz
SRR13233145,SRR13233145,low/SRR13233145_1.fastq.gz,low/SRR13233145_2.fastq.gz
SRR13233146,SRR13233146,low/SRR13233146_1.fastq.gz,low/SRR13233146_2.fastq.gz
SRR13233147,SRR13233147,low/SRR13233147_1.fastq.gz,low/SRR13233147_2.fastq.gz
SRR13233148,SRR13233148,low/SRR13233148_1.fastq.gz,low/SRR13233148_2.fastq.gz
SRR13233149,SRR13233149,low/SRR13233149_1.fastq.gz,low/SRR13233149_2.fastq.gz
SRR13233150,SRR13233150,low/SRR13233150_1.fastq.gz,low/SRR13233150_2.fastq.gz
SRR13233151,SRR13233151,low/SRR13233151_1.fastq.gz,low/SRR13233151_2.fastq.gz
SRR13233152,SRR13233152,low/SRR13233152_1.fastq.gz,low/SRR13233152_2.fastq.gz
SRR13233153,SRR13233153,low/SRR13233153_1.fastq.gz,low/SRR13233153_2.fastq.gz
SRR13233154,SRR13233154,low/SRR13233154_1.fastq.gz,low/SRR13233154_2.fastq.gz
SRR13233155,SRR13233155,low/SRR13233155_1.fastq.gz,low/SRR13233155_2.fastq.gz
SRR13233156,SRR13233156,low/SRR13233156_1.fastq.gz,low/SRR13233156_2.fastq.gz
SRR13233157,SRR13233157,low/SRR13233157_1.fastq.gz,low/SRR13233157_2.fastq.gz
SRR13233158,SRR13233158,low/SRR13233158_1.fastq.gz,low/SRR13233158_2.fastq.gz
SRR13233159,SRR13233159,low/SRR13233159_1.fastq.gz,low/SRR13233159_2.fastq.gz
SRR13233160,SRR13233160,low/SRR13233160_1.fastq.gz,low/SRR13233160_2.fastq.gz
SRR13233161,SRR13233161,low/SRR13233161_1.fastq.gz,low/SRR13233161_2.fastq.gz
SRR13233162,SRR13233162,low/SRR13233162_1.fastq.gz,low/SRR13233162_2.fastq.gz
SRR13233163,SRR13233163,low/SRR13233163_1.fastq.gz,low/SRR13233163_2.fastq.gz
SRR13233164,SRR13233164,low/SRR13233164_1.fastq.gz,low/SRR13233164_2.fastq.gz
SRR13233165,SRR13233165,low/SRR13233165_1.fastq.gz,low/SRR13233165_2.fastq.gz
SRR13233166,SRR13233166,low/SRR13233166_1.fastq.gz,low/SRR13233166_2.fastq.gz
SRR13233167,SRR13233167,low/SRR13233167_1.fastq.gz,low/SRR13233167_2.fastq.gz
SRR13233168,SRR13233168,low/SRR13233168_1.fastq.gz,low/SRR13233168_2.fastq.gz
SRR13233169,SRR13233169,low/SRR13233169_1.fastq.gz,low/SRR13233169_2.fastq.gz
SRR13233170,SRR13233170,low/SRR13233170_1.fastq.gz,low/SRR13233170_2.fastq.gz
SRR13233171,SRR13233171,low/SRR13233171_1.fastq.gz,low/SRR13233171_2.fastq.gz
SRR13233172,SRR13233172,low/SRR13233172_1.fastq.gz,low/SRR13233172_2.fastq.gz
SRR13233173,SRR13233173,low/SRR13233173_1.fastq.gz,low/SRR13233173_2.fastq.gz
SRR13233174,SRR13233174,low/SRR13233174_1.fastq.gz,low/SRR13233174_2.fastq.gz
SRR13233175,SRR13233175,low/SRR13233175_1.fastq.gz,low/SRR13233175_2.fastq.gz
SRR13233176,SRR13233176,low/SRR13233176_1.fastq.gz,low/SRR13233176_2.fastq.gz
SRR13233177,SRR13233177,low/SRR13233177_1.fastq.gz,low/SRR13233177_2.fastq.gz
SRR13233178,SRR13233178,low/SRR13233178_1.fastq.gz,low/SRR13233178_2.fastq.gz
SRR13233179,SRR13233179,low/SRR13233179_1.fastq.gz,low/SRR13233179_2.fastq.gz
SRR13233180,SRR13233180,low/SRR13233180_1.fastq.gz,low/SRR13233180_2.fastq.gz
SRR13233181,SRR13233181,low/SRR13233181_1.fastq.gz,low/SRR13233181_2.fastq.gz
SRR13233182,SRR13233182,low/SRR13233182_1.fastq.gz,low/SRR13233182_2.fastq.gz
SRR13233183,SRR13233183,low/SRR13233183_1.fastq.gz,low/SRR13233183_2.fastq.gz
SRR13233184,SRR13233184,low/SRR13233184_1.fastq.gz,low/SRR13233184_2.fastq.gz
SRR13233185,SRR13233185,low/SRR13233185_1.fastq.gz,low/SRR13233185_2.fastq.gz
SRR13233186,SRR13233186,low/SRR13233186_1.fastq.gz,low/SRR13233186_2.fastq.gz
SRR13233187,SRR13233187,low/SRR13233187_1.fastq.gz,low/SRR13233187_2.fastq.gz
SRR13233188,SRR13233188,low/SRR13233188_1.fastq.gz,low/SRR13233188_2.fastq.gz
SRR13233189,SRR13233189,low/SRR13233189_1.fastq.gz,low/SRR13233189_2.fastq.gz
SRR13233190,SRR13233190,low/SRR13233190_1.fastq.gz,low/SRR13233190_2.fastq.gz
SRR13233191,SRR13233191,low/SRR13233191_1.fastq.gz,low/SRR13233191_2.fastq.gz
SRR13233192,SRR13233192,low/SRR13233192_1.fastq.gz,low/SRR13233192_2.fastq.gz
SRR13233193,SRR13233193,low/SRR13233193_1.fastq.gz,low/SRR13233193_2.fastq.gz
SRR13233194,SRR13233194,low/SRR13233194_1.fastq.gz,low/SRR13233194_2.fastq.gz
SRR13233195,SRR13233195,low/SRR13233195_1.fastq.gz,low/SRR13233195_2.fastq.gz
SRR13233196,SRR13233196,low/SRR13233196_1.fastq.gz,low/SRR13233196_2.fastq.gz
SRR13233197,SRR13233197,low/SRR13233197_1.fastq.gz,low/SRR13233197_2.fastq.gz
SRR13233198,SRR13233198,low/SRR13233198_1.fastq.gz,low/SRR13233198_2.fastq.gz
SRR13233199,SRR13233199,low/SRR13233199_1.fastq.gz,low/SRR13233199_2.fastq.gz
SRR13233200,SRR13233200,low/SRR13233200_1.fastq.gz,low/SRR13233200_2.fastq.gz
SRR13233201,SRR13233201,low/SRR13233201_1.fastq.gz,low/SRR13233201_2.fastq.gz
SRR13233202,SRR13233202,low/SRR13233202_1.fastq.gz,low/SRR13233202_2.fastq.gz
SRR13233203,SRR13233203,low/SRR13233203_1.fastq.gz,low/SRR13233203_2.fastq.gz
SRR13233204,SRR13233204,low/SRR13233204_1.fastq.gz,low/SRR13233204_2.fastq.gz
SRR13233205,SRR13233205,low/SRR13233205_1.fastq.gz,low/SRR13233205_2.fastq.gz
SRR13233206,SRR13233206,low/SRR13233206_1.fastq.gz,low/SRR13233206_2.fastq.gz
SRR13233207,SRR13233207,low/SRR13233207_1.fastq.gz,low/SRR13233207_2.fastq.gz
SRR13233208,SRR13233208,low/SRR13233208_1.fastq.gz,low/SRR13233208_2.fastq.gz
SRR13233209,SRR13233209,low/SRR13233209_1.fastq.gz,low/SRR13233209_2.fastq.gz
SRR13233210,SRR13233210,low/SRR13233210_1.fastq.gz,low/SRR13233210_2.fastq.gz
SRR13233211,SRR13233211,low/SRR13233211_1.fastq.gz,low/SRR13233211_2.fastq.gz
SRR13233212,SRR13233212,low/SRR13233212_1.fastq.gz,low/SRR13233212_2.fastq.gz
SRR13233213,SRR13233213,low/SRR13233213_1.fastq.gz,low/SRR13233213_2.fastq.gz
SRR13233214,SRR13233214,low/SRR13233214_1.fastq.gz,low/SRR13233214_2.fastq.gz
SRR13233215,SRR13233215,low/SRR13233215_1.fastq.gz,low/SRR13233215_2.fastq.gz
SRR13233216,SRR13233216,low/SRR13233216_1.fastq.gz,low/SRR13233216_2.fastq.gz
SRR13233217,SRR13233217,low/SRR13233217_1.fastq.gz,low/SRR13233217_2.fastq.gz
SRR13233218,SRR13233218,low/SRR13233218_1.fastq.gz,low/SRR13233218_2.fastq.gz
SRR13233219,SRR13233219,low/SRR13233219_1.fastq.gz,low/SRR13233219_2.fastq.gz
SRR13233220,SRR13233220,low/SRR13233220_1.fastq.gz,low/SRR13233220_2.fastq.gz
SRR13233221,SRR13233221,low/SRR13233221_1.fastq.gz,low/SRR13233221_2.fastq.gz
SRR13233222,SRR13233222,low/SRR13233222_1.fastq.gz,low/SRR13233222_2.fastq.gz
SRR13233223,SRR13233223,low/SRR13233223_1.fastq.gz,low/SRR13233223_2.fastq.gz
SRR13233224,SRR13233224,low/SRR13233224_1.fastq.gz,low/SRR13233224_2.fastq.gz
SRR13233225,SRR13233225,low/SRR13233225_1.fastq.gz,low/SRR13233225_2.fastq.gz
SRR13233226,SRR13233226,low/SRR13233226_1.fastq.gz,low/SRR13233226_2.fastq.gz
SRR13233227,SRR13233227,low/SRR13233227_1.fastq.gz,low/SRR13233227_2.fastq.gz
SRR13233228,SRR13233228,low/SRR13233228_1.fastq.gz,low/SRR13233228_2.fastq.gz
SRR13233229,SRR13233229,low/SRR13233229_1.fastq.gz,low/SRR13233229_2.fastq.gz
SRR13233230,SRR13233230,low/SRR13233230_1.fastq.gz,low/SRR13233230_2.fastq.gz
SRR13233231,SRR13233231,low/SRR13233231_1.fastq.gz,low/SRR13233231_2.fastq.gz
SRR13233232,SRR13233232,low/SRR13233232_1.fastq.gz,low/SRR13233232_2.fastq.gz
SRR13233233,SRR13233233,low/SRR13233233_1.fastq.gz,low/SRR13233233_2.fastq.gz
SRR13233234,SRR13233234,low/SRR13233234_1.fastq.gz,low/SRR13233234_2.fastq.gz
SRR13233235,SRR13233235,low/SRR13233235_1.fastq.gz,low/SRR13233235_2.fastq.gz
SRR13233236,SRR13233236,low/SRR13233236_1.fastq.gz,low/SRR13233236_2.fastq.gz
SRR13233237,SRR13233237,low/SRR13233237_1.fastq.gz,low/SRR13233237_2.fastq.gz
SRR13233238,SRR13233238,low/SRR13233238_1.fastq.gz,low/SRR13233238_2.fastq.gz
SRR13233239,SRR13233239,low/SRR13233239_1.fastq.gz,low/SRR13233239_2.fastq.gz
SRR13233240,SRR13233240,low/SRR13233240_1.fastq.gz,low/SRR13233240_2.fastq.gz
SRR13233241,SRR13233241,low/SRR13233241_1.fastq.gz,low/SRR13233241_2.fastq.gz
SRR13233242,SRR13233242,low/SRR13233242_1.fastq.gz,low/SRR13233242_2.fastq.gz
SRR13233243,SRR13233243,low/SRR13233243_1.fastq.gz,low/SRR13233243_2.fastq.gz
SRR13233244,SRR13233244,low/SRR13233244_1.fastq.gz,low/SRR13233244_2.fastq.gz
SRR13233245,SRR13233245,low/SRR13233245_1.fastq.gz,low/SRR13233245_2.fastq.gz
SRR13233246,SRR13233246,low/SRR13233246_1.fastq.gz,low/SRR13233246_2.fastq.gz
SRR13233247,SRR13233247,low/SRR13233247_1.fastq.gz,low/SRR13233247_2.fastq.gz
SRR13233248,SRR13233248,low/SRR13233248_1.fastq.gz,low/SRR13233248_2.fastq.gz
SRR13233249,SRR13233249,low/SRR13233249_1.fastq.gz,low/SRR13233249_2.fastq.gz
SRR13233250,SRR13233250,low/SRR13233250_1.fastq.gz,low/SRR13233250_2.fastq.gz
SRR13233251,SRR13233251,low/SRR13233251_1.fastq.gz,low/SRR13233251_2.fastq.gz
SRR13233252,SRR13233252,low/SRR13233252_1.fastq.gz,low/SRR13233252_2.fastq.gz
SRR13233253,SRR13233253,low/SRR13233253_1.fastq.gz,low/SRR13233253_2.fastq.gz
SRR13233254,SRR13233254,low/SRR13233254_1.fastq.gz,low/SRR13233254_2.fastq.gz
SRR13233255,SRR13233255,low/SRR13233255_1.fastq.gz,low/SRR13233255_2.fastq.gz
SRR13233256,SRR13233256,low/SRR13233256_1.fastq.gz,low/SRR13233256_2.fastq.gz
SRR13233257,SRR13233257,low/SRR13233257_1.fastq.gz,low/SRR13233257_2.fastq.gz
SRR13233258,SRR13233258,low/SRR13233258_1.fastq.gz,low/SRR13233258_2.fastq.gz
SRR13233259,SRR13233259,low/SRR13233259_1.fastq.gz,low/SRR13233259_2.fastq.gz
SRR13233260,SRR13233260,low/SRR13233260_1.fastq.gz,low/SRR13233260_2.fastq.gz
SRR13233261,SRR13233261,low/SRR13233261_1.fastq.gz,low/SRR13233261_2.fastq.gz
SRR13233262,SRR13233262,low/SRR13233262_1.fastq.gz,low/SRR13233262_2.fastq.gz
SRR13233263,SRR13233263,low/SRR13233263_1.fastq.gz,low/SRR13233263_2.fastq.gz
SRR13233264,SRR13233264,low/SRR13233264_1.fastq.gz,low/SRR13233264_2.fastq.gz
SRR13233265,SRR13233265,low/SRR13233265_1.fastq.gz,low/SRR13233265_2.fastq.gz
SRR13233266,SRR13233266,low/SRR13233266_1.fastq.gz,low/SRR13233266_2.fastq.gz
SRR13233267,SRR13233267,low/SRR13233267_1.fastq.gz,low/SRR13233267_2.fastq.gz
SRR13233268,SRR13233268,low/SRR13233268_1.fastq.gz,low/SRR13233268_2.fastq.gz
SRR13233269,SRR13233269,low/SRR13233269_1.fastq.gz,low/SRR13233269_2.fastq.gz
SRR13233270,SRR13233270,low/SRR13233270_1.fastq.gz,low/SRR13233270_2.fastq.gz
SRR13233271,SRR13233271,low/SRR13233271_1.fastq.gz,low/SRR13233271_2.fastq.gz
SRR13233272,SRR13233272,low/SRR13233272_1.fastq.gz,low/SRR13233272_2.fastq.gz
SRR13233273,SRR13233273,low/SRR13233273_1.fastq.gz,low/SRR13233273_2.fastq.gz
SRR13233274,SRR13233274,low/SRR13233274_1.fastq.gz,low/SRR13233274_2.fastq.gz
SRR13233275,SRR13233275,low/SRR13233275_1.fastq.gz,low/SRR13233275_2.fastq.gz
SRR13233276,SRR13233276,low/SRR13233276_1.fastq.gz,low/SRR13233276_2.fastq.gz
SRR13233277,SRR13233277,low/SRR13233277_1.fastq.gz,low/SRR13233277_2.fastq.gz
SRR13233278,SRR13233278,low/SRR13233278_1.fastq.gz,low/SRR13233278_2.fastq.gz
SRR13233279,SRR13233279,low/SRR13233279_1.fastq.gz,low/SRR13233279_2.fastq.gz
SRR13233280,SRR13233280,low/SRR13233280_1.fastq.gz,low/SRR13233280_2.fastq.gz
SRR13233281,SRR13233281,low/SRR13233281_1.fastq.gz,low/SRR13233281_2.fastq.gz
SRR13233282,SRR13233282,low/SRR13233282_1.fastq.gz,low/SRR13233282_2.fastq.gz
SRR13233283,SRR13233283,low/SRR13233283_1.fastq.gz,low/SRR13233283_2.fastq.gz
SRR13233284,SRR13233284,low/SRR13233284_1.fastq.gz,low/SRR13233284_2.fastq.gz
SRR13233285,SRR13233285,low/SRR13233285_1.fastq.gz,low/SRR13233285_2.fastq.gz
SRR13233286,SRR13233286,low/SRR13233286_1.fastq.gz,low/SRR13233286_2.fastq.gz
SRR13233287,SRR13233287,low/SRR13233287_1.fastq.gz,low/SRR13233287_2.fastq.gz
SRR13233288,SRR13233288,low/SRR13233288_1.fastq.gz,low/SRR13233288_2.fastq.gz
SRR13233289,SRR13233289,low/SRR13233289_1.fastq.gz,low/SRR13233289_2.fastq.gz
SRR13233290,SRR13233290,low/SRR13233290_1.fastq.gz,low/SRR13233290_2.fastq.gz
SRR13233291,SRR13233291,low/SRR13233291_1.fastq.gz,low/SRR13233291_2.fastq.gz
SRR13233292,SRR13233292,low/SRR13233292_1.fastq.gz,low/SRR13233292_2.fastq.gz
SRR13233293,SRR13233293,low/SRR13233293_1.fastq.gz,low/SRR13233293_2.fastq.gz
SRR13233294,SRR13233294,low/SRR13233294_1.fastq.gz,low/SRR13233294_2.fastq.gz
SRR13233295,SRR13233295,low/SRR13233295_1.fastq.gz,low/SRR13233295_2.fastq.gz
SRR13233296,SRR13233296,low/SRR13233296_1.fastq.gz,low/SRR13233296_2.fastq.gz
SRR13233297,SRR13233297,low/SRR13233297_1.fastq.gz,low/SRR13233297_2.fastq.gz
SRR13233298,SRR13233298,low/SRR13233298_1.fastq.gz,low/SRR13233298_2.fastq.gz
SRR13233299,SRR13233299,low/SRR13233299_1.fastq.gz,low/SRR13233299_2.fastq.gz
SRR13233300,SRR13233300,low/SRR13233300_1.fastq.gz,low/SRR13233300_2.fastq.gz
SRR13233301,SRR13233301,low/SRR13233301_1.fastq.gz,low/SRR13233301_2.fastq.gz
SRR13233302,SRR13233302,low/SRR13233302_1.fastq.gz,low/SRR13233302_2.fastq.gz
SRR13233303,SRR13233303,low/SRR13233303_1.fastq.gz,low/SRR13233303_2.fastq.gz
SRR13233304,SRR13233304,low/SRR13233304_1.fastq.gz,low/SRR13233304_2.fastq.gz
SRR13233305,SRR13233305,low/SRR13233305_1.fastq.gz,low/SRR13233305_2.fastq.gz
SRR13233306,SRR13233306,low/SRR13233306_1.fastq.gz,low/SRR13233306_2.fastq.gz
SRR13233307,SRR13233307,low/SRR13233307_1.fastq.gz,low/SRR13233307_2.fastq.gz
SRR13233308,SRR13233308,low/SRR13233308_1.fastq.gz,low/SRR13233308_2.fastq.gz
SRR13233309,SRR13233309,low/SRR13233309_1.fastq.gz,low/SRR13233309_2.fastq.gz
SRR13233310,SRR13233310,low/SRR13233310_1.fastq.gz,low/SRR13233310_2.fastq.gz
SRR13233311,SRR13233311,low/SRR13233311_1.fastq.gz,low/SRR13233311_2.fastq.gz
SRR13233312,SRR13233312,low/SRR13233312_1.fastq.gz,low/SRR13233312_2.fastq.gz
SRR13233313,SRR13233313,low/SRR13233313_1.fastq.gz,low/SRR13233313_2.fastq.gz
SRR13233314,SRR13233314,low/SRR13233314_1.fastq.gz,low/SRR13233314_2.fastq.gz
SRR13233315,SRR13233315,low/SRR13233315_1.fastq.gz,low/SRR13233315_2.fastq.gz
SRR13233316,SRR13233316,low/SRR13233316_1.fastq.gz,low/SRR13233316_2.fastq.gz
SRR13233317,SRR13233317,low/SRR13233317_1.fastq.gz,low/SRR13233317_2.fastq.gz
SRR13233318,SRR13233318,low/SRR13233318_1.fastq.gz,low/SRR13233318_2.fastq.gz
SRR13233319,SRR13233319,low/SRR13233319_1.fastq.gz,low/SRR13233319_2.fastq.gz
SRR13233320,SRR13233320,low/SRR13233320_1.fastq.gz,low/SRR13233320_2.fastq.gz
SRR13233321,SRR13233321,low/SRR13233321_1.fastq.gz,low/SRR13233321_2.fastq.gz
SRR13233322,SRR13233322,low/SRR13233322_1.fastq.gz,low/SRR13233322_2.fastq.gz
SRR13233323,SRR13233323,low/SRR13233323_1.fastq.gz,low/SRR13233323_2.fastq.gz
SRR13233324,SRR13233324,low/SRR13233324_1.fastq.gz,low/SRR13233324_2.fastq.gz
SRR13233325,SRR13233325,low/SRR13233325_1.fastq.gz,low/SRR13233325_2.fastq.gz
SRR13233326,SRR13233326,low/SRR13233326_1.fastq.gz,low/SRR13233326_2.fastq.gz
SRR13233327,SRR13233327,low/SRR13233327_1.fastq.gz,low/SRR13233327_2.fastq.gz
SRR13233328,SRR13233328,low/SRR13233328_1.fastq.gz,low/SRR13233328_2.fastq.gz
SRR13233329,SRR13233329,low/SRR13233329_1.fastq.gz,low/SRR13233329_2.fastq.gz
SRR13233330,SRR13233330,low/SRR13233330_1.fastq.gz,low/SRR13233330_2.fastq.gz
SRR13233331,SRR13233331,low/SRR13233331_1.fastq.gz,low/SRR13233331_2.fastq.gz
SRR13233332,SRR13233332,low/SRR13233332_1.fastq.gz,low/SRR13233332_2.fastq.gz
SRR13233333,SRR13233333,low/SRR13233333_1.fastq.gz,low/SRR13233333_2.fastq.gz
SRR13233334,SRR13233334,low/SRR13233334_1.fastq.gz,low/SRR13233334_2.fastq.gz
SRR13233335,SRR13233335,low/SRR13233335_1.fastq.gz,low/SRR13233335_2.fastq.gz
SRR13233336,SRR13233336,low/SRR13233336_1.fastq.gz,low/SRR13233336_2.fastq.gz
SRR13233337,SRR13233337,low/SRR13233337_1.fastq.gz,low/SRR13233337_2.fastq.gz
SRR13233338,SRR13233338,low/SRR13233338_1.fastq.gz,low/SRR13233338_2.fastq.gz
SRR13233339,SRR13233339,low/SRR13233339_1.fastq.gz,low/SRR13233339_2.fastq.gz
SRR13233340,SRR13233340,low/SRR13233340_1.fastq.gz,low/SRR13233340_2.fastq.gz
SRR13233341,SRR13233341,low/SRR13233341_1.fastq.gz,low/SRR13233341_2.fastq.gz
SRR13233342,SRR13233342,low/SRR13233342_1.fastq.gz,low/SRR13233342_2.fastq.gz
SRR13233343,SRR13233343,low/SRR13233343_1.fastq.gz,low/SRR13233343_2.fastq.gz
SRR13233344,SRR13233344,low/SRR13233344_1.fastq.gz,low/SRR13233344_2.fastq.gz
SRR13233345,SRR13233345,low/SRR13233345_1.fastq.gz,low/SRR13233345_2.fastq.gz
SRR13233346,SRR13233346,low/SRR13233346_1.fastq.gz,low/SRR13233346_2.fastq.gz
SRR13233347,SRR13233347,low/SRR13233347_1.fastq.gz,low/SRR13233347_2.fastq.gz
SRR13233348,SRR13233348,low/SRR13233348_1.fastq.gz,low/SRR13233348_2.fastq.gz
SRR13233349,SRR13233349,low/SRR13233349_1.fastq.gz,low/SRR13233349_2.fastq.gz
SRR13233350,SRR13233350,low/SRR13233350_1.fastq.gz,low/SRR13233350_2.fastq.gz
SRR13233351,SRR13233351,low/SRR13233351_1.fastq.gz,low/SRR13233351_2.fastq.gz
SRR13233352,SRR13233352,low/SRR13233352_1.fastq.gz,low/SRR13233352_2.fastq.gz
SRR13233353,SRR13233353,low/SRR13233353_1.fastq.gz,low/SRR13233353_2.fastq.gz
SRR13233354,SRR13233354,low/SRR13233354_1.fastq.gz,low/SRR13233354_2.fastq.gz
SRR13233355,SRR13233355,low/SRR13233355_1.fastq.gz,low/SRR13233355_2.fastq.gz
SRR13233356,SRR13233356,low/SRR13233356_1.fastq.gz,low/SRR13233356_2.fastq.gz
SRR13233357,SRR13233357,low/SRR13233357_1.fastq.gz,low/SRR13233357_2.fastq.gz
SRR13233358,SRR13233358,low/SRR13233358_1.fastq.gz,low/SRR13233358_2.fastq.gz
SRR13233359,SRR13233359,low/SRR13233359_1.fastq.gz,low/SRR13233359_2.fastq.gz
SRR13233360,SRR13233360,low/SRR13233360_1.fastq.gz,low/SRR13233360_2.fastq.gz
SRR13233361,SRR13233361,low/SRR13233361_1.fastq.gz,low/SRR13233361_2.fastq.gz
SRR13233362,SRR13233362,low/SRR13233362_1.fastq.gz,low/SRR13233362_2.fastq.gz
SRR13233363,SRR13233363,low/SRR13233363_1.fastq.gz,low/SRR13233363_2.fastq.gz
SRR13233364,SRR13233364,low/SRR13233364_1.fastq.gz,low/SRR13233364_2.fastq.gz
SRR13233365,SRR13233365,low/SRR13233365_1.fastq.gz,low/SRR13233365_2.fastq.gz
SRR13233366,SRR13233366,low/SRR13233366_1.fastq.gz,low/SRR13233366_2.fastq.gz
SRR13233367,SRR13233367,low/SRR13233367_1.fastq.gz,low/SRR13233367_2.fastq.gz
SRR13233368,SRR13233368,low/SRR13233368_1.fastq.gz,low/SRR13233368_2.fastq.gz
SRR13233369,SRR13233369,low/SRR13233369_1.fastq.gz,low/SRR13233369_2.fastq.gz
SRR13233370,SRR13233370,low/SRR13233370_1.fastq.gz,low/SRR13233370_2.fastq.gz
SRR13233371,SRR13233371,low/SRR13233371_1.fastq.gz,low/SRR13233371_2.fastq.gz
SRR13233372,SRR13233372,low/SRR13233372_1.fastq.gz,low/SRR13233372_2.fastq.gz
SRR13233373,SRR13233373,low/SRR13233373_1.fastq.gz,low/SRR13233373_2.fastq.gz
SRR13233374,SRR13233374,low/SRR13233374_1.fastq.gz,low/SRR13233374_2.fastq.gz
SRR13233375,SRR13233375,low/SRR13233375_1.fastq.gz,low/SRR13233375_2.fastq.gz
SRR13233376,SRR13233376,low/SRR13233376_1.fastq.gz,low/SRR13233376_2.fastq.gz
SRR13233377,SRR13233377,low/SRR13233377_1.fastq.gz,low/SRR13233377_2.fastq.gz
SRR13233378,SRR13233378,low/SRR13233378_1.fastq.gz,low/SRR13233378_2.fastq.gz
SRR13233379,SRR13233379,low/SRR13233379_1.fastq.gz,low/SRR13233379_2.fastq.gz
SRR13233380,SRR13233380,low/SRR13233380_1.fastq.gz,low/SRR13233380_2.fastq.gz
SRR13233381,SRR13233381,low/SRR13233381_1.fastq.gz,low/SRR13233381_2.fastq.gz
SRR13233382,SRR13233382,low/SRR13233382_1.fastq.gz,low/SRR13233382_2.fastq.gz
SRR13233383,SRR13233383,low/SRR13233383_1.fastq.gz,low/SRR13233383_2.fastq.gz
SRR13233384,SRR13233384,low/SRR13233384_1.fastq.gz,low/SRR13233384_2.fastq.gz
SRR13233385,SRR13233385,low/SRR13233385_1.fastq.gz,low/SRR13233385_2.fastq.gz
SRR13233386,SRR13233386,low/SRR13233386_1.fastq.gz,low/SRR13233386_2.fastq.gz
SRR13233387,SRR13233387,low/SRR13233387_1.fastq.gz,low/SRR13233387_2.fastq.gz
SRR13233388,SRR13233388,low/SRR13233388_1.fastq.gz,low/SRR13233388_2.fastq.gz
SRR13233389,SRR13233389,low/SRR13233389_1.fastq.gz,low/SRR13233389_2.fastq.gz
SRR13233390,SRR13233390,low/SRR13233390_1.fastq.gz,low/SRR13233390_2.fastq.gz
SRR13233391,SRR13233391,low/SRR13233391_1.fastq.gz,low/SRR13233391_2.fastq.gz
SRR13233392,SRR13233392,low/SRR13233392_1.fastq.gz,low/SRR13233392_2.fastq.gz
SRR13233393,SRR13233393,low/SRR13233393_1.fastq.gz,low/SRR13233393_2.fastq.gz
SRR13233394,SRR13233394,low/SRR13233394_1.fastq.gz,low/SRR13233394_2.fastq.gz
SRR13233395,SRR13233395,low/SRR13233395_1.fastq.gz,low/SRR13233395_2.fastq.gz
SRR13233396,SRR13233396,low/SRR13233396_1.fastq.gz,low/SRR13233396_2.fastq.gz
SRR13233397,SRR13233397,low/SRR13233397_1.fastq.gz,low/SRR13233397_2.fastq.gz
SRR13233398,SRR13233398,low/SRR13233398_1.fastq.gz,low/SRR13233398_2.fastq.gz
SRR13233399,SRR13233399,low/SRR13233399_1.fastq.gz,low/SRR13233399_2.fastq.gz
SRR13233400,SRR13233400,low/SRR13233400_1.fastq.gz,low/SRR13233400_2.fastq.gz
SRR13233401,SRR13233401,low/SRR13233401_1.fastq.gz,low/SRR13233401_2.fastq.gz
SRR13233402,SRR13233402,low/SRR13233402_1.fastq.gz,low/SRR13233402_2.fastq.gz
SRR13233403,SRR13233403,low/SRR13233403_1.fastq.gz,low/SRR13233403_2.fastq.gz
SRR13233404,SRR13233404,low/SRR13233404_1.fastq.gz,low/SRR13233404_2.fastq.gz
SRR13233405,SRR13233405,low/SRR13233405_1.fastq.gz,low/SRR13233405_2.fastq.gz
SRR13233406,SRR13233406,low/SRR13233406_1.fastq.gz,low/SRR13233406_2.fastq.gz
SRR13233407,SRR13233407,low/SRR13233407_1.fastq.gz,low/SRR13233407_2.fastq.gz
SRR13233408,SRR13233408,low/SRR13233408_1.fastq.gz,low/SRR13233408_2.fastq.gz
SRR13233409,SRR13233409,low/SRR13233409_1.fastq.gz,low/SRR13233409_2.fastq.gz
SRR13233410,SRR13233410,low/SRR13233410_1.fastq.gz,low/SRR13233410_2.fastq.gz
SRR13233411,SRR13233411,low/SRR13233411_1.fastq.gz,low/SRR13233411_2.fastq.gz
SRR13233412,SRR13233412,low/SRR13233412_1.fastq.gz,low/SRR13233412_2.fastq.gz
SRR13233413,SRR13233413,low/SRR13233413_1.fastq.gz,low/SRR13233413_2.fastq.gz
SRR13233414,SRR13233414,low/SRR13233414_1.fastq.gz,low/SRR13233414_2.fastq.gz
SRR13233415,SRR13233415,low/SRR13233415_1.fastq.gz,low/SRR13233415_2.fastq.gz
SRR13233416,SRR13233416,low/SRR13233416_1.fastq.gz,low/SRR13233416_2.fastq.gz
SRR13233417,SRR13233417,low/SRR13233417_1.fastq.gz,low/SRR13233417_2.fastq.gz
SRR13233418,SRR13233418,low/SRR13233418_1.fastq.gz,low/SRR13233418_2.fastq.gz
SRR13233419,SRR13233419,low/SRR13233419_1.fastq.gz,low/SRR13233419_2.fastq.gz
SRR13233420,SRR13233420,low/SRR13233420_1.fastq.gz,low/SRR13233420_2.fastq.gz
SRR13233421,SRR13233421,low/SRR13233421_1.fastq.gz,low/SRR13233421_2.fastq.gz
SRR13233422,SRR13233422,low/SRR13233422_1.fastq.gz,low/SRR13233422_2.fastq.gz
SRR13233423,SRR13233423,low/SRR13233423_1.fastq.gz,low/SRR13233423_2.fastq.gz
SRR13233424,SRR13233424,low/SRR13233424_1.fastq.gz,low/SRR13233424_2.fastq.gz
SRR13233425,SRR13233425,low/SRR13233425_1.fastq.gz,low/SRR13233425_2.fastq.gz
SRR13233426,SRR13233426,low/SRR13233426_1.fastq.gz,low/SRR13233426_2.fastq.gz
SRR13233427,SRR13233427,low/SRR13233427_1.fastq.gz,low/SRR13233427_2.fastq.gz
SRR13233428,SRR13233428,low/SRR13233428_1.fastq.gz,low/SRR13233428_2.fastq.gz
SRR13233429,SRR13233429,low/SRR13233429_1.fastq.gz,low/SRR13233429_2.fastq.gz
SRR13233430,SRR13233430,low/SRR13233430_1.fastq.gz,low/SRR13233430_2.fastq.gz
SRR13233431,SRR13233431,low/SRR13233431_1.fastq.gz,low/SRR13233431_2.fastq.gz
SRR13233432,SRR13233432,low/SRR13233432_1.fastq.gz,low/SRR13233432_2.fastq.gz
SRR13233433,SRR13233433,low/SRR13233433_1.fastq.gz,low/SRR13233433_2.fastq.gz
SRR13233434,SRR13233434,low/SRR13233434_1.fastq.gz,low/SRR13233434_2.fastq.gz
SRR13233435,SRR13233435,low/SRR13233435_1.fastq.gz,low/SRR13233435_2.fastq.gz
SRR13233436,SRR13233436,low/SRR13233436_1.fastq.gz,low/SRR13233436_2.fastq.gz
SRR13233437,SRR13233437,low/SRR13233437_1.fastq.gz,low/SRR13233437_2.fastq.gz
SRR13233438,SRR13233438,low/SRR13233438_1.fastq.gz,low/SRR13233438_2.fastq.gz
SRR13233439,SRR13233439,low/SRR13233439_1.fastq.gz,low/SRR13233439_2.fastq.gz
SRR13233440,SRR13233440,low/SRR13233440_1.fastq.gz,low/SRR13233440_2.fastq.gz
SRR13233441,SRR13233441,low/SRR13233441_1.fastq.gz,low/SRR13233441_2.fastq.gz
SRR13233442,SRR13233442,low/SRR13233442_1.fastq.gz,low/SRR13233442_2.fastq.gz
SRR13233443,SRR13233443,low/SRR13233443_1.fastq.gz,low/SRR13233443_2.fastq.gz
SRR13233444,SRR13233444,low/SRR13233444_1.fastq.gz,low/SRR13233444_2.fastq.gz
SRR13233445,SRR13233445,low/SRR13233445_1.fastq.gz,low/SRR13233445_2.fastq.gz
SRR13233446,SRR13233446,low/SRR13233446_1.fastq.gz,low/SRR13233446_2.fastq.gz
SRR13233447,SRR13233447,low/SRR13233447_1.fastq.gz,low/SRR13233447_2.fastq.gz
SRR13233448,SRR13233448,low/SRR13233448_1.fastq.gz,low/SRR13233448_2.fastq.gz
SRR13233449,SRR13233449,low/SRR13233449_1.fastq.gz,low/SRR13233449_2.fastq.gz
SRR13233450,SRR13233450,low/SRR13233450_1.fastq.gz,low/SRR13233450_2.fastq.gz
SRR13233451,SRR13233451,low/SRR13233451_1.fastq.gz,low/SRR13233451_2.fastq.gz
SRR13233452,SRR13233452,low/SRR13233452_1.fastq.gz,low/SRR13233452_2.fastq.gz
SRR13233453,SRR13233453,low/SRR13233453_1.fastq.gz,low/SRR13233453_2.fastq.gz
SRR13233454,SRR13233454,low/SRR13233454_1.fastq.gz,low/SRR13233454_2.fastq.gz
SRR13233455,SRR13233455,low/SRR13233455_1.fastq.gz,low/SRR13233455_2.fastq.gz
SRR13233456,SRR13233456,low/SRR13233456_1.fastq.gz,low/SRR13233456_2.fastq.gz
SRR13233457,SRR13233457,low/SRR13233457_1.fastq.gz,low/SRR13233457_2.fastq.gz
SRR13233458,SRR13233458,low/SRR13233458_1.fastq.gz,low/SRR13233458_2.fastq.gz
SRR13233459,SRR13233459,low/SRR13233459_1.fastq.gz,low/SRR13233459_2.fastq.gz
SRR13233460,SRR13233460,low/SRR13233460_1.fastq.gz,low/SRR13233460_2.fastq.gz
SRR13233461,SRR13233461,low/SRR13233461_1.fastq.gz,low/SRR13233461_2.fastq.gz
SRR13233462,SRR13233462,low/SRR13233462_1.fastq.gz,low/SRR13233462_2.fastq.gz
SRR13233463,SRR13233463,low/SRR13233463_1.fastq.gz,low/SRR13233463_2.fastq.gz
SRR13233464,SRR13233464,low/SRR13233464_1.fastq.gz,low/SRR13233464_2.fastq.gz
SRR13233465,SRR13233465,low/SRR13233465_1.fastq.gz,low/SRR13233465_2.fastq.gz
SRR13233466,SRR13233466,low/SRR13233466_1.fastq.gz,low/SRR13233466_2.fastq.gz
SRR13233467,SRR13233467,low/SRR13233467_1.fastq.gz,low/SRR13233467_2.fastq.gz
SRR13233468,SRR13233468,low/SRR13233468_1.fastq.gz,low/SRR13233468_2.fastq.gz
SRR13233469,SRR13233469,low/SRR13233469_1.fastq.gz,low/SRR13233469_2.fastq.gz
SRR13233470,SRR13233470,low/SRR13233470_1.fastq.gz,low/SRR13233470_2.fastq.gz
SRR13233471,SRR13233471,low/SRR13233471_1.fastq.gz,low/SRR13233471_2.fastq.gz
SRR13233472,SRR13233472,low/SRR13233472_1.fastq.gz,low/SRR13233472_2.fastq.gz
SRR13233473,SRR13233473,low/SRR13233473_1.fastq.gz,low/SRR13233473_2.fastq.gz
SRR13233474,SRR13233474,low/SRR13233474_1.fastq.gz,low/SRR13233474_2.fastq.gz
SRR13233475,SRR13233475,low/SRR13233475_1.fastq.gz,low/SRR13233475_2.fastq.gz
SRR13233476,SRR13233476,low/SRR13233476_1.fastq.gz,low/SRR13233476_2.fastq.gz
SRR13233477,SRR13233477,low/SRR13233477_1.fastq.gz,low/SRR13233477_2.fastq.gz
SRR13233478,SRR13233478,low/SRR13233478_1.fastq.gz,low/SRR13233478_2.fastq.gz
SRR13233479,SRR13233479,low/SRR13233479_1.fastq.gz,low/SRR13233479_2.fastq.gz
SRR13233480,SRR13233480,low/SRR13233480_1.fastq.gz,low/SRR13233480_2.fastq.gz
SRR13233481,SRR13233481,low/SRR13233481_1.fastq.gz,low/SRR13233481_2.fastq.gz
SRR13233482,SRR13233482,low/SRR13233482_1.fastq.gz,low/SRR13233482_2.fastq.gz
SRR13233483,SRR13233483,low/SRR13233483_1.fastq.gz,low/SRR13233483_2.fastq.gz
SRR13233484,SRR13233484,low/SRR13233484_1.fastq.gz,low/SRR13233484_2.fastq.gz
SRR13233485,SRR13233485,low/SRR13233485_1.fastq.gz,low/SRR13233485_2.fastq.gz
SRR13233486,SRR13233486,low/SRR13233486_1.fastq.gz,low/SRR13233486_2.fastq.gz
SRR13233487,SRR13233487,low/SRR13233487_1.fastq.gz,low/SRR13233487_2.fastq.gz
SRR13233488,SRR13233488,low/SRR13233488_1.fastq.gz,low/SRR13233488_2.fastq.gz
SRR13233489,SRR13233489,low/SRR13233489_1.fastq.gz,low/SRR13233489_2.fastq.gz
SRR13233490,SRR13233490,low/SRR13233490_1.fastq.gz,low/SRR13233490_2.fastq.gz
SRR13233491,SRR13233491,low/SRR13233491_1.fastq.gz,low/SRR13233491_2.fastq.gz
SRR13233492,SRR13233492,low/SRR13233492_1.fastq.gz,low/SRR13233492_2.fastq.gz
SRR13233493,SRR13233493,low/SRR13233493_1.fastq.gz,low/SRR13233493_2.fastq.gz
SRR13233494,SRR13233494,low/SRR13233494_1.fastq.gz,low/SRR13233494_2.fastq.gz
SRR13233495,SRR13233495,low/SRR13233495_1.fastq.gz,low/SRR13233495_2.fastq.gz
SRR13233496,SRR13233496,low/SRR13233496_1.fastq.gz,low/SRR13233496_2.fastq.gz
SRR13233497,SRR13233497,low/SRR13233497_1.fastq.gz,low/SRR13233497_2.fastq.gz
SRR13233498,SRR13233498,low/SRR13233498_1.fastq.gz,low/SRR13233498_2.fastq.gz
SRR13233499,SRR13233499,low/SRR13233499_1.fastq.gz,low/SRR13233499_2.fastq.gz
SRR13233500,SRR13233500,low/SRR13233500_1.fastq.gz,low/SRR13233500_2.fastq.gz
SRR13233501,SRR13233501,low/SRR13233501_1.fastq.gz,low/SRR13233501_2.fastq.gz
SRR13233502,SRR13233502,low/SRR13233502_1.fastq.gz,low/SRR13233502_2.fastq.gz
SRR13233503,SRR13233503,low/SRR13233503_1.fastq.gz,low/SRR13233503_2.fastq.gz
SRR13233504,SRR13233504,low/SRR13233504_1.fastq.gz,low/SRR13233504_2.fastq.gz
SRR13233505,SRR13233505,low/SRR13233505_1.fastq.gz,low/SRR13233505_2.fastq.gz
SRR13233506,SRR13233506,low/SRR13233506_1.fastq.gz,low/SRR13233506_2.fastq.gz
SRR13233507,SRR13233507,low/SRR13233507_1.fastq.gz,low/SRR13233507_2.fastq.gz
SRR13233508,SRR13233508,low/SRR13233508_1.fastq.gz,low/SRR13233508_2.fastq.gz
SRR13233509,SRR13233509,low/SRR13233509_1.fastq.gz,low/SRR13233509_2.fastq.gz
SRR13233510,SRR13233510,low/SRR13233510_1.fastq.gz,low/SRR13233510_2.fastq.gz
SRR13233511,SRR13233511,low/SRR13233511_1.fastq.gz,low/SRR13233511_2.fastq.gz
SRR13233512,SRR13233512,low/SRR13233512_1.fastq.gz,low/SRR13233512_2.fastq.gz
SRR13233513,SRR13233513,low/SRR13233513_1.fastq.gz,low/SRR13233513_2.fastq.gz
SRR13233514,SRR13233514,low/SRR13233514_1.fastq.gz,low/SRR13233514_2.fastq.gz
SRR13233515,SRR13233515,low/SRR13233515_1.fastq.gz,low/SRR13233515_2.fastq.gz
SRR13233516,SRR13233516,low/SRR13233516_1.fastq.gz,low/SRR13233516_2.fastq.gz
SRR13233517,SRR13233517,low/SRR13233517_1.fastq.gz,low/SRR13233517_2.fastq.gz
SRR13233518,SRR13233518,low/SRR13233518_1.fastq.gz,low/SRR13233518_2.fastq.gz
SRR13233519,SRR13233519,low/SRR13233519_1.fastq.gz,low/SRR13233519_2.fastq.gz
SRR13233520,SRR13233520,low/SRR13233520_1.fastq.gz,low/SRR13233520_2.fastq.gz
SRR13233521,SRR13233521,low/SRR13233521_1.fastq.gz,low/SRR13233521_2.fastq.gz
SRR13233522,SRR13233522,low/SRR13233522_1.fastq.gz,low/SRR13233522_2.fastq.gz
SRR13233523,SRR13233523,low/SRR13233523_1.fastq.gz,low/SRR13233523_2.fastq.gz
SRR13233524,SRR13233524,low/SRR13233524_1.fastq.gz,low/SRR13233524_2.fastq.gz
SRR13233525,SRR13233525,low/SRR13233525_1.fastq.gz,low/SRR13233525_2.fastq.gz
SRR13233526,SRR13233526,low/SRR13233526_1.fastq.gz,low/SRR13233526_2.fastq.gz
SRR13233527,SRR13233527,low/SRR13233527_1.fastq.gz,low/SRR13233527_2.fastq.gz
SRR13233528,SRR13233528,low/SRR13233528_1.fastq.gz,low/SRR13233528_2.fastq.gz
SRR13233529,SRR13233529,low/SRR13233529_1.fastq.gz,low/SRR13233529_2.fastq.gz
SRR13233530,SRR13233530,low/SRR13233530_1.fastq.gz,low/SRR13233530_2.fastq.gz
SRR13233531,SRR13233531,low/SRR13233531_1.fastq.gz,low/SRR13233531_2.fastq.gz
SRR13233532,SRR13233532,low/SRR13233532_1.fastq.gz,low/SRR13233532_2.fastq.gz
SRR13233533,SRR13233533,low/SRR13233533_1.fastq.gz,low/SRR13233533_2.fastq.gz
SRR13233534,SRR13233534,low/SRR13233534_1.fastq.gz,low/SRR13233534_2.fastq.gz
SRR13233535,SRR13233535,low/SRR13233535_1.fastq.gz,low/SRR13233535_2.fastq.gz
SRR13233536,SRR13233536,low/SRR13233536_1.fastq.gz,low/SRR13233536_2.fastq.gz
SRR13233537,SRR13233537,low/SRR13233537_1.fastq.gz,low/SRR13233537_2.fastq.gz
SRR13233538,SRR13233538,low/SRR13233538_1.fastq.gz,low/SRR13233538_2.fastq.gz
SRR13233539,SRR13233539,low/SRR13233539_1.fastq.gz,low/SRR13233539_2.fastq.gz
SRR13233540,SRR13233540,low/SRR13233540_1.fastq.gz,low/SRR13233540_2.fastq.gz
SRR13233541,SRR13233541,low/SRR13233541_1.fastq.gz,low/SRR13233541_2.fastq.gz
SRR13233542,SRR13233542,low/SRR13233542_1.fastq.gz,low/SRR13233542_2.fastq.gz
SRR13233543,SRR13233543,low/SRR13233543_1.fastq.gz,low/SRR13233543_2.fastq.gz
SRR13233544,SRR13233544,low/SRR13233544_1.fastq.gz,low/SRR13233544_2.fastq.gz
SRR13233545,SRR13233545,low/SRR13233545_1.fastq.gz,low/SRR13233545_2.fastq.gz
SRR13233546,SRR13233546,low/SRR13233546_1.fastq.gz,low/SRR13233546_2.fastq.gz
SRR13233547,SRR13233547,low/SRR13233547_1.fastq.gz,low/SRR13233547_2.fastq.gz
SRR13233548,SRR13233548,low/SRR13233548_1.fastq.gz,low/SRR13233548_2.fastq.gz
SRR13233549,SRR13233549,low/SRR13233549_1.fastq.gz,low/SRR13233549_2.fastq.gz
SRR13233550,SRR13233550,low/SRR13233550_1.fastq.gz,low/SRR13233550_2.fastq.gz
SRR13233551,SRR13233551,low/SRR13233551_1.fastq.gz,low/SRR13233551_2.fastq.gz
SRR13233552,SRR13233552,low/SRR13233552_1.fastq.gz,low/SRR13233552_2.fastq.gz
SRR13233553,SRR13233553,low/SRR13233553_1.fastq.gz,low/SRR13233553_2.fastq.gz
SRR13233554,SRR13233554,low/SRR13233554_1.fastq.gz,low/SRR13233554_2.fastq.gz
SRR13233555,SRR13233555,low/SRR13233555_1.fastq.gz,low/SRR13233555_2.fastq.gz
SRR13233556,SRR13233556,low/SRR13233556_1.fastq.gz,low/SRR13233556_2.fastq.gz
SRR13233557,SRR13233557,low/SRR13233557_1.fastq.gz,low/SRR13233557_2.fastq.gz
SRR13233558,SRR13233558,low/SRR13233558_1.fastq.gz,low/SRR13233558_2.fastq.gz
SRR13233559,SRR13233559,low/SRR13233559_1.fastq.gz,low/SRR13233559_2.fastq.gz
SRR13233560,SRR13233560,low/SRR13233560_1.fastq.gz,low/SRR13233560_2.fastq.gz
SRR13233561,SRR13233561,low/SRR13233561_1.fastq.gz,low/SRR13233561_2.fastq.gz
SRR13233562,SRR13233562,low/SRR13233562_1.fastq.gz,low/SRR13233562_2.fastq.gz
SRR13233563,SRR13233563,low/SRR13233563_1.fastq.gz,low/SRR13233563_2.fastq.gz
SRR13233564,SRR13233564,low/SRR13233564_1.fastq.gz,low/SRR13233564_2.fastq.gz
SRR13233565,SRR13233565,low/SRR13233565_1.fastq.gz,low/SRR13233565_2.fastq.gz
SRR13233566,SRR13233566,low/SRR13233566_1.fastq.gz,low/SRR13233566_2.fastq.gz
SRR13233567,SRR13233567,low/SRR13233567_1.fastq.gz,low/SRR13233567_2.fastq.gz
SRR13233568,SRR13233568,low/SRR13233568_1.fastq.gz,low/SRR13233568_2.fastq.gz
SRR13233569,SRR13233569,low/SRR13233569_1.fastq.gz,low/SRR13233569_2.fastq.gz
SRR13233570,SRR13233570,low/SRR13233570_1.fastq.gz,low/SRR13233570_2.fastq.gz
SRR13233571,SRR13233571,low/SRR13233571_1.fastq.gz,low/SRR13233571_2.fastq.gz
SRR13233572,SRR13233572,low/SRR13233572_1.fastq.gz,low/SRR13233572_2.fastq.gz
SRR13233573,SRR13233573,low/SRR13233573_1.fastq.gz,low/SRR13233573_2.fastq.gz
SRR13233574,SRR13233574,low/SRR13233574_1.fastq.gz,low/SRR13233574_2.fastq.gz
SRR13233575,SRR13233575,low/SRR13233575_1.fastq.gz,low/SRR13233575_2.fastq.gz
SRR13233576,SRR13233576,low/SRR13233576_1.fastq.gz,low/SRR13233576_2.fastq.gz
SRR13233577,SRR13233577,low/SRR13233577_1.fastq.gz,low/SRR13233577_2.fastq.gz
SRR13233578,SRR13233578,low/SRR13233578_1.fastq.gz,low/SRR13233578_2.fastq.gz
SRR13233579,SRR13233579,low/SRR13233579_1.fastq.gz,low/SRR13233579_2.fastq.gz
SRR13233580,SRR13233580,low/SRR13233580_1.fastq.gz,low/SRR13233580_2.fastq.gz
SRR13233581,SRR13233581,low/SRR13233581_1.fastq.gz,low/SRR13233581_2.fastq.gz
SRR13233582,SRR13233582,low/SRR13233582_1.fastq.gz,low/SRR13233582_2.fastq.gz
SRR13233583,SRR13233583,low/SRR13233583_1.fastq.gz,low/SRR13233583_2.fastq.gz
SRR13233584,SRR13233584,low/SRR13233584_1.fastq.gz,low/SRR13233584_2.fastq.gz
SRR13233585,SRR13233585,low/SRR13233585_1.fastq.gz,low/SRR13233585_2.fastq.gz
SRR13233586,SRR13233586,low/SRR13233586_1.fastq.gz,low/SRR13233586_2.fastq.gz
SRR13233587,SRR13233587,low/SRR13233587_1.fastq.gz,low/SRR13233587_2.fastq.gz
SRR13233588,SRR13233588,low/SRR13233588_1.fastq.gz,low/SRR13233588_2.fastq.gz
SRR13233589,SRR13233589,low/SRR13233589_1.fastq.gz,low/SRR13233589_2.fastq.gz
SRR13233590,SRR13233590,low/SRR13233590_1.fastq.gz,low/SRR13233590_2.fastq.gz
SRR13233591,SRR13233591,low/SRR13233591_1.fastq.gz,low/SRR13233591_2.fastq.gz
SRR13233592,SRR13233592,low/SRR13233592_1.fastq.gz,low/SRR13233592_2.fastq.gz
SRR13233593,SRR13233593,low/SRR13233593_1.fastq.gz,low/SRR13233593_2.fastq.gz
SRR13233594,SRR13233594,low/SRR13233594_1.fastq.gz,low/SRR13233594_2.fastq.gz
SRR13233595,SRR13233595,low/SRR13233595_1.fastq.gz,low/SRR13233595_2.fastq.gz
SRR13233596,SRR13233596,low/SRR13233596_1.fastq.gz,low/SRR13233596_2.fastq.gz
SRR13233597,SRR13233597,low/SRR13233597_1.fastq.gz,low/SRR13233597_2.fastq.gz
SRR13233598,SRR13233598,low/SRR13233598_1.fastq.gz,low/SRR13233598_2.fastq.gz
SRR13233599,SRR13233599,low/SRR13233599_1.fastq.gz,low/SRR13233599_2.fastq.gz
SRR13233600,SRR13233600,low/SRR13233600_1.fastq.gz,low/SRR13233600_2.fastq.gz
SRR13233601,SRR13233601,low/SRR13233601_1.fastq.gz,low/SRR13233601_2.fastq.gz
SRR13233602,SRR13233602,low/SRR13233602_1.fastq.gz,low/SRR13233602_2.fastq.gz
SRR13233603,SRR13233603,low/SRR13233603_1.fastq.gz,low/SRR13233603_2.fastq.gz
SRR13233604,SRR13233604,low/SRR13233604_1.fastq.gz,low/SRR13233604_2.fastq.gz
SRR13233605,SRR13233605,low/SRR13233605_1.fastq.gz,low/SRR13233605_2.fastq.gz
SRR13233606,SRR13233606,low/SRR13233606_1.fastq.gz,low/SRR13233606_2.fastq.gz
SRR13233607,SRR13233607,low/SRR13233607_1.fastq.gz,low/SRR13233607_2.fastq.gz
SRR13233608,SRR13233608,low/SRR13233608_1.fastq.gz,low/SRR13233608_2.fastq.gz
SRR13233609,SRR13233609,low/SRR13233609_1.fastq.gz,low/SRR13233609_2.fastq.gz
SRR13233610,SRR13233610,low/SRR13233610_1.fastq.gz,low/SRR13233610_2.fastq.gz
SRR13233611,SRR13233611,low/SRR13233611_1.fastq.gz,low/SRR13233611_2.fastq.gz
SRR13233612,SRR13233612,low/SRR13233612_1.fastq.gz,low/SRR13233612_2.fastq.gz
SRR13233613,SRR13233613,low/SRR13233613_1.fastq.gz,low/SRR13233613_2.fastq.gz
SRR13233614,SRR13233614,low/SRR13233614_1.fastq.gz,low/SRR13233614_2.fastq.gz
SRR13233615,SRR13233615,low/SRR13233615_1.fastq.gz,low/SRR13233615_2.fastq.gz
SRR13233616,SRR13233616,low/SRR13233616_1.fastq.gz,low/SRR13233616_2.fastq.gz
SRR13233617,SRR13233617,low/SRR13233617_1.fastq.gz,low/SRR13233617_2.fastq.gz
SRR13233618,SRR13233618,low/SRR13233618_1.fastq.gz,low/SRR13233618_2.fastq.gz
SRR13233619,SRR13233619,low/SRR13233619_1.fastq.gz,low/SRR13233619_2.fastq.gz
SRR13233620,SRR13233620,low/SRR13233620_1.fastq.gz,low/SRR13233620_2.fastq.gz
SRR13233621,SRR13233621,low/SRR13233621_1.fastq.gz,low/SRR13233621_2.fastq.gz
SRR13233622,SRR13233622,low/SRR13233622_1.fastq.gz,low/SRR13233622_2.fastq.gz
SRR13233623,SRR13233623,low/SRR13233623_1.fastq.gz,low/SRR13233623_2.fastq.gz
SRR13233624,SRR13233624,low/SRR13233624_1.fastq.gz,low/SRR13233624_2.fastq.gz
SRR13233625,SRR13233625,low/SRR13233625_1.fastq.gz,low/SRR13233625_2.fastq.gz
SRR13233626,SRR13233626,low/SRR13233626_1.fastq.gz,low/SRR13233626_2.fastq.gz
SRR13233627,SRR13233627,low/SRR13233627_1.fastq.gz,low/SRR13233627_2.fastq.gz
SRR13233628,SRR13233628,low/SRR13233628_1.fastq.gz,low/SRR13233628_2.fastq.gz
SRR13233629,SRR13233629,low/SRR13233629_1.fastq.gz,low/SRR13233629_2.fastq.gz
SRR13233630,SRR13233630,low/SRR13233630_1.fastq.gz,low/SRR13233630_2.fastq.gz
SRR13233631,SRR13233631,low/SRR13233631_1.fastq.gz,low/SRR13233631_2.fastq.gz
SRR13233632,SRR13233632,low/SRR13233632_1.fastq.gz,low/SRR13233632_2.fastq.gz
SRR13233633,SRR13233633,low/SRR13233633_1.fastq.gz,low/SRR13233633_2.fastq.gz
SRR13233634,SRR13233634,low/SRR13233634_1.fastq.gz,low/SRR13233634_2.fastq.gz
SRR13233635,SRR13233635,low/SRR13233635_1.fastq.gz,low/SRR13233635_2.fastq.gz
SRR13233636,SRR13233636,low/SRR13233636_1.fastq.gz,low/SRR13233636_2.fastq.gz
SRR13233637,SRR13233637,low/SRR13233637_1.fastq.gz,low/SRR13233637_2.fastq.gz
SRR13233638,SRR13233638,low/SRR13233638_1.fastq.gz,low/SRR13233638_2.fastq.gz
SRR13233639,SRR13233639,low/SRR13233639_1.fastq.gz,low/SRR13233639_2.fastq.gz
SRR13233640,SRR13233640,low/SRR13233640_1.fastq.gz,low/SRR13233640_2.fastq.gz
SRR13233641,SRR13233641,low/SRR13233641_1.fastq.gz,low/SRR13233641_2.fastq.gz
SRR13233642,SRR13233642,low/SRR13233642_1.fastq.gz,low/SRR13233642_2.fastq.gz
SRR13233643,SRR13233643,low/SRR13233643_1.fastq.gz,low/SRR13233643_2.fastq.gz
SRR13233644,SRR13233644,low/SRR13233644_1.fastq.gz,low/SRR13233644_2.fastq.gz
SRR13233645,SRR13233645,low/SRR13233645_1.fastq.gz,low/SRR13233645_2.fastq.gz
SRR13233646,SRR13233646,low/SRR13233646_1.fastq.gz,low/SRR13233646_2.fastq.gz
SRR13233647,SRR13233647,low/SRR13233647_1.fastq.gz,low/SRR13233647_2.fastq.gz
SRR13233648,SRR13233648,low/SRR13233648_1.fastq.gz,low/SRR13233648_2.fastq.gz
SRR13233649,SRR13233649,low/SRR13233649_1.fastq.gz,low/SRR13233649_2.fastq.gz
SRR13233650,SRR13233650,low/SRR13233650_1.fastq.gz,low/SRR13233650_2.fastq.gz
SRR13233651,SRR13233651,low/SRR13233651_1.fastq.gz,low/SRR13233651_2.fastq.gz
SRR13233652,SRR13233652,low/SRR13233652_1.fastq.gz,low/SRR13233652_2.fastq.gz
SRR13233653,SRR13233653,low/SRR13233653_1.fastq.gz,low/SRR13233653_2.fastq.gz
SRR13233654,SRR13233654,low/SRR13233654_1.fastq.gz,low/SRR13233654_2.fastq.gz
SRR13233655,SRR13233655,low/SRR13233655_1.fastq.gz,low/SRR13233655_2.fastq.gz
SRR13233656,SRR13233656,low/SRR13233656_1.fastq.gz,low/SRR13233656_2.fastq.gz
SRR13233657,SRR13233657,low/SRR13233657_1.fastq.gz,low/SRR13233657_2.fastq.gz
SRR13233658,SRR13233658,low/SRR13233658_1.fastq.gz,low/SRR13233658_2.fastq.gz
SRR13233659,SRR13233659,low/SRR13233659_1.fastq.gz,low/SRR13233659_2.fastq.gz
SRR13233660,SRR13233660,low/SRR13233660_1.fastq.gz,low/SRR13233660_2.fastq.gz
SRR13233661,SRR13233661,low/SRR13233661_1.fastq.gz,low/SRR13233661_2.fastq.gz
SRR13233662,SRR13233662,low/SRR13233662_1.fastq.gz,low/SRR13233662_2.fastq.gz
SRR13233663,SRR13233663,low/SRR13233663_1.fastq.gz,low/SRR13233663_2.fastq.gz
SRR13233664,SRR13233664,low/SRR13233664_1.fastq.gz,low/SRR13233664_2.fastq.gz
SRR13233665,SRR13233665,low/SRR13233665_1.fastq.gz,low/SRR13233665_2.fastq.gz
SRR13233666,SRR13233666,low/SRR13233666_1.fastq.gz,low/SRR13233666_2.fastq.gz
SRR13233667,SRR13233667,low/SRR13233667_1.fastq.gz,low/SRR13233667_2.fastq.gz
SRR13233668,SRR13233668,low/SRR13233668_1.fastq.gz,low/SRR13233668_2.fastq.gz
SRR13233669,SRR13233669,low/SRR13233669_1.fastq.gz,low/SRR13233669_2.fastq.gz
SRR13233670,SRR13233670,low/SRR13233670_1.fastq.gz,low/SRR13233670_2.fastq.gz
SRR13233671,SRR13233671,low/SRR13233671_1.fastq.gz,low/SRR13233671_2.fastq.gz
SRR13233672,SRR13233672,low/SRR13233672_1.fastq.gz,low/SRR13233672_2.fastq.gz
SRR13233673,SRR13233673,low/SRR13233673_1.fastq.gz,low/SRR13233673_2.fastq.gz
SRR13233674,SRR13233674,low/SRR13233674_1.fastq.gz,low/SRR13233674_2.fastq.gz
SRR13233675,SRR13233675,low/SRR13233675_1.fastq.gz,low/SRR13233675_2.fastq.gz
SRR13233676,SRR13233676,low/SRR13233676_1.fastq.gz,low/SRR13233676_2.fastq.gz
SRR13233677,SRR13233677,low/SRR13233677_1.fastq.gz,low/SRR13233677_2.fastq.gz
SRR13233678,SRR13233678,low/SRR13233678_1.fastq.gz,low/SRR13233678_2.fastq.gz
SRR13233679,SRR13233679,low/SRR13233679_1.fastq.gz,low/SRR13233679_2.fastq.gz
SRR13233680,SRR13233680,low/SRR13233680_1.fastq.gz,low/SRR13233680_2.fastq.gz
SRR13233681,SRR13233681,low/SRR13233681_1.fastq.gz,low/SRR13233681_2.fastq.gz
SRR13233682,SRR13233682,low/SRR13233682_1.fastq.gz,low/SRR13233682_2.fastq.gz
SRR13233683,SRR13233683,low/SRR13233683_1.fastq.gz,low/SRR13233683_2.fastq.gz
SRR13233684,SRR13233684,low/SRR13233684_1.fastq.gz,low/SRR13233684_2.fastq.gz
SRR13233685,SRR13233685,low/SRR13233685_1.fastq.gz,low/SRR13233685_2.fastq.gz
SRR13233686,SRR13233686,low/SRR13233686_1.fastq.gz,low/SRR13233686_2.fastq.gz
SRR13233687,SRR13233687,low/SRR13233687_1.fastq.gz,low/SRR13233687_2.fastq.gz
SRR13233688,SRR13233688,low/SRR13233688_1.fastq.gz,low/SRR13233688_2.fastq.gz
SRR13233689,SRR13233689,low/SRR13233689_1.fastq.gz,low/SRR13233689_2.fastq.gz
SRR13233690,SRR13233690,low/SRR13233690_1.fastq.gz,low/SRR13233690_2.fastq.gz
SRR13233691,SRR13233691,low/SRR13233691_1.fastq.gz,low/SRR13233691_2.fastq.gz
SRR13233692,SRR13233692,low/SRR13233692_1.fastq.gz,low/SRR13233692_2.fastq.gz
SRR13233693,SRR13233693,low/SRR13233693_1.fastq.gz,low/SRR13233693_2.fastq.gz
SRR13233694,SRR13233694,low/SRR13233694_1.fastq.gz,low/SRR13233694_2.fastq.gz
SRR13233695,SRR13233695,low/SRR13233695_1.fastq.gz,low/SRR13233695_2.fastq.gz
SRR13233696,SRR13233696,low/SRR13233696_1.fastq.gz,low/SRR13233696_2.fastq.gz
SRR13233697,SRR13233697,low/SRR13233697_1.fastq.gz,low/SRR13233697_2.fastq.gz
SRR13233698,SRR13233698,low/SRR13233698_1.fastq.gz,low/SRR13233698_2.fastq.gz
SRR13233699,SRR13233699,low/SRR13233699_1.fastq.gz,low/SRR13233699_2.fastq.gz
SRR13233700,SRR13233700,low/SRR13233700_1.fastq.gz,low/SRR13233700_2.fastq.gz
SRR13233701,SRR13233701,low/SRR13233701_1.fastq.gz,low/SRR13233701_2.fastq.gz
SRR13233702,SRR13233702,low/SRR13233702_1.fastq.gz,low/SRR13233702_2.fastq.gz
SRR13233703,SRR13233703,low/SRR13233703_1.fastq.gz,low/SRR13233703_2.fastq.gz
SRR13233704,SRR13233704,low/SRR13233704_1.fastq.gz,low/SRR13233704_2.fastq.gz
SRR13233705,SRR13233705,low/SRR13233705_1.fastq.gz,low/SRR13233705_2.fastq.gz
SRR13233706,SRR13233706,low/SRR13233706_1.fastq.gz,low/SRR13233706_2.fastq.gz
SRR13233707,SRR13233707,low/SRR13233707_1.fastq.gz,low/SRR13233707_2.fastq.gz
SRR13233708,SRR13233708,low/SRR13233708_1.fastq.gz,low/SRR13233708_2.fastq.gz
SRR13233709,SRR13233709,low/SRR13233709_1.fastq.gz,low/SRR13233709_2.fastq.gz
SRR13233710,SRR13233710,low/SRR13233710_1.fastq.gz,low/SRR13233710_2.fastq.gz
SRR13233711,SRR13233711,low/SRR13233711_1.fastq.gz,low/SRR13233711_2.fastq.gz
SRR13233712,SRR13233712,low/SRR13233712_1.fastq.gz,low/SRR13233712_2.fastq.gz
SRR13233713,SRR13233713,low/SRR13233713_1.fastq.gz,low/SRR13233713_2.fastq.gz
SRR13233714,SRR13233714,low/SRR13233714_1.fastq.gz,low/SRR13233714_2.fastq.gz
SRR13233715,SRR13233715,low/SRR13233715_1.fastq.gz,low/SRR13233715_2.fastq.gz
SRR13233716,SRR13233716,low/SRR13233716_1.fastq.gz,low/SRR13233716_2.fastq.gz
SRR13233717,SRR13233717,low/SRR13233717_1.fastq.gz,low/SRR13233717_2.fastq.gz
SRR13233718,SRR13233718,low/SRR13233718_1.fastq.gz,low/SRR13233718_2.fastq.gz
SRR13233719,SRR13233719,low/SRR13233719_1.fastq.gz,low/SRR13233719_2.fastq.gz
SRR13233720,SRR13233720,low/SRR13233720_1.fastq.gz,low/SRR13233720_2.fastq.gz
SRR13233721,SRR13233721,low/SRR13233721_1.fastq.gz,low/SRR13233721_2.fastq.gz
SRR13233722,SRR13233722,low/SRR13233722_1.fastq.gz,low/SRR13233722_2.fastq.gz
SRR13233723,SRR13233723,low/SRR13233723_1.fastq.gz,low/SRR13233723_2.fastq.gz
SRR13233724,SRR13233724,low/SRR13233724_1.fastq.gz,low/SRR13233724_2.fastq.gz
SRR13233725,SRR13233725,low/SRR13233725_1.fastq.gz,low/SRR13233725_2.fastq.gz
SRR13233726,SRR13233726,low/SRR13233726_1.fastq.gz,low/SRR13233726_2.fastq.gz
SRR13233727,SRR13233727,low/SRR13233727_1.fastq.gz,low/SRR13233727_2.fastq.gz
SRR13233728,SRR13233728,low/SRR13233728_1.fastq.gz,low/SRR13233728_2.fastq.gz
SRR13233729,SRR13233729,low/SRR13233729_1.fastq.gz,low/SRR13233729_2.fastq.gz
SRR13233730,SRR13233730,low/SRR13233730_1.fastq.gz,low/SRR13233730_2.fastq.gz
SRR13233731,SRR13233731,low/SRR13233731_1.fastq.gz,low/SRR13233731_2.fastq.gz
SRR13233732,SRR13233732,low/SRR13233732_1.fastq.gz,low/SRR13233732_2.fastq.gz
SRR13233733,SRR13233733,low/SRR13233733_1.fastq.gz,low/SRR13233733_2.fastq.gz
SRR13233734,SRR13233734,low/SRR13233734_1.fastq.gz,low/SRR13233734_2.fastq.gz
SRR13233735,SRR13233735,low/SRR13233735_1.fastq.gz,low/SRR13233735_2.fastq.gz
SRR13233736,SRR13233736,low/SRR13233736_1.fastq.gz,low/SRR13233736_2.fastq.gz
SRR13233737,SRR13233737,low/SRR13233737_1.fastq.gz,low/SRR13233737_2.fastq.gz
SRR13233738,SRR13233738,low/SRR13233738_1.fastq.gz,low/SRR13233738_2.fastq.gz
SRR13233739,SRR13233739,low/SRR13233739_1.fastq.gz,low/SRR13233739_2.fastq.gz
SRR13233740,SRR13233740,low/SRR13233740_1.fastq.gz,low/SRR13233740_2.fastq.gz
SRR13233741,SRR13233741,low/SRR13233741_1.fastq.gz,low/SRR13233741_2.fastq.gz
SRR13233742,SRR13233742,low/SRR13233742_1.fastq.gz,low/SRR13233742_2.fastq.gz
SRR13233743,SRR13233743,low/SRR13233743_1.fastq.gz,low/SRR13233743_2.fastq.gz
SRR13233744,SRR13233744,low/SRR13233744_1.fastq.gz,low/SRR13233744_2.fastq.gz
SRR13233745,SRR13233745,low/SRR13233745_1.fastq.gz,low/SRR13233745_2.fastq.gz
SRR13233746,SRR13233746,low/SRR13233746_1.fastq.gz,low/SRR13233746_2.fastq.gz
SRR13233747,SRR13233747,low/SRR13233747_1.fastq.gz,low/SRR13233747_2.fastq.gz
SRR13233748,SRR13233748,low/SRR13233748_1.fastq.gz,low/SRR13233748_2.fastq.gz
SRR13233749,SRR13233749,low/SRR13233749_1.fastq.gz,low/SRR13233749_2.fastq.gz
SRR13233750,SRR13233750,low/SRR13233750_1.fastq.gz,low/SRR13233750_2.fastq.gz
SRR13233751,SRR13233751,low/SRR13233751_1.fastq.gz,low/SRR13233751_2.fastq.gz
SRR13233752,SRR13233752,low/SRR13233752_1.fastq.gz,low/SRR13233752_2.fastq.gz
SRR13233753,SRR13233753,low/SRR13233753_1.fastq.gz,low/SRR13233753_2.fastq.gz
SRR13233754,SRR13233754,low/SRR13233754_1.fastq.gz,low/SRR13233754_2.fastq.gz
SRR13233755,SRR13233755,low/SRR13233755_1.fastq.gz,low/SRR13233755_2.fastq.gz
SRR13233756,SRR13233756,low/SRR13233756_1.fastq.gz,low/SRR13233756_2.fastq.gz
SRR13233757,SRR13233757,low/SRR13233757_1.fastq.gz,low/SRR13233757_2.fastq.gz
SRR13233758,SRR13233758,low/SRR13233758_1.fastq.gz,low/SRR13233758_2.fastq.gz
SRR13233759,SRR13233759,low/SRR13233759_1.fastq.gz,low/SRR13233759_2.fastq.gz
SRR13233760,SRR13233760,low/SRR13233760_1.fastq.gz,low/SRR13233760_2.fastq.gz
SRR13233761,SRR13233761,low/SRR13233761_1.fastq.gz,low/SRR13233761_2.fastq.gz
SRR13233762,SRR13233762,low/SRR13233762_1.fastq.gz,low/SRR13233762_2.fastq.gz
SRR13233763,SRR13233763,low/SRR13233763_1.fastq.gz,low/SRR13233763_2.fastq.gz
SRR13233764,SRR13233764,low/SRR13233764_1.fastq.gz,low/SRR13233764_2.fastq.gz
SRR13233765,SRR13233765,low/SRR13233765_1.fastq.gz,low/SRR13233765_2.fastq.gz
SRR13233766,SRR13233766,low/SRR13233766_1.fastq.gz,low/SRR13233766_2.fastq.gz
SRR13233767,SRR13233767,low/SRR13233767_1.fastq.gz,low/SRR13233767_2.fastq.gz
SRR13233768,SRR13233768,low/SRR13233768_1.fastq.gz,low/SRR13233768_2.fastq.gz
SRR13233769,SRR13233769,low/SRR13233769_1.fastq.gz,low/SRR13233769_2.fastq.gz
SRR13233770,SRR13233770,low/SRR13233770_1.fastq.gz,low/SRR13233770_2.fastq.gz
SRR13233771,SRR13233771,low/SRR13233771_1.fastq.gz,low/SRR13233771_2.fastq.gz
SRR13233772,SRR13233772,low/SRR13233772_1.fastq.gz,low/SRR13233772_2.fastq.gz
SRR13233773,SRR13233773,low/SRR13233773_1.fastq.gz,low/SRR13233773_2.fastq.gz
SRR13233774,SRR13233774,low/SRR13233774_1.fastq.gz,low/SRR13233774_2.fastq.gz
SRR13233775,SRR13233775,low/SRR13233775_1.fastq.gz,low/SRR13233775_2.fastq.gz
SRR13233776,SRR13233776,low/SRR13233776_1.fastq.gz,low/SRR13233776_2.fastq.gz
SRR13233777,SRR13233777,low/SRR13233777_1.fastq.gz,low/SRR13233777_2.fastq.gz
SRR13233778,SRR13233778,low/SRR13233778_1.fastq.gz,low/SRR13233778_2.fastq.gz
SRR13233779,SRR13233779,low/SRR13233779_1.fastq.gz,low/SRR13233779_2.fastq.gz
SRR13233780,SRR13233780,low/SRR13233780_1.fastq.gz,low/SRR13233780_2.fastq.gz
SRR13233781,SRR13233781,low/SRR13233781_1.fastq.gz,low/SRR13233781_2.fastq.gz
SRR13233782,SRR13233782,low/SRR13233782_1.fastq.gz,low/SRR13233782_2.fastq.gz
SRR13233783,SRR13233783,low/SRR13233783_1.fastq.gz,low/SRR13233783_2.fastq.gz
SRR13233784,SRR13233784,low/SRR13233784_1.fastq.gz,low/SRR13233784_2.fastq.gz
SRR13233785,SRR13233785,low/SRR13233785_1.fastq.gz,low/SRR13233785_2.fastq.gz
SRR13233786,SRR13233786,low/SRR13233786_1.fastq.gz,low/SRR13233786_2.fastq.gz
SRR13233787,SRR13233787,low/SRR13233787_1.fastq.gz,low/SRR13233787_2.fastq.gz
SRR13233788,SRR13233788,low/SRR13233788_1.fastq.gz,low/SRR13233788_2.fastq.gz
SRR13233789,SRR13233789,low/SRR13233789_1.fastq.gz,low/SRR13233789_2.fastq.gz
SRR13233790,SRR13233790,low/SRR13233790_1.fastq.gz,low/SRR13233790_2.fastq.gz
SRR13233791,SRR13233791,low/SRR13233791_1.fastq.gz,low/SRR13233791_2.fastq.gz
SRR13233792,SRR13233792,low/SRR13233792_1.fastq.gz,low/SRR13233792_2.fastq.gz
SRR13233793,SRR13233793,low/SRR13233793_1.fastq.gz,low/SRR13233793_2.fastq.gz
SRR13233794,SRR13233794,low/SRR13233794_1.fastq.gz,low/SRR13233794_2.fastq.gz
SRR13233795,SRR13233795,low/SRR13233795_1.fastq.gz,low/SRR13233795_2.fastq.gz
SRR13233796,SRR13233796,low/SRR13233796_1.fastq.gz,low/SRR13233796_2.fastq.gz
SRR13233797,SRR13233797,low/SRR13233797_1.fastq.gz,low/SRR13233797_2.fastq.gz
SRR13233798,SRR13233798,low/SRR13233798_1.fastq.gz,low/SRR13233798_2.fastq.gz
SRR13233799,SRR13233799,low/SRR13233799_1.fastq.gz,low/SRR13233799_2.fastq.gz
SRR13233800,SRR13233800,low/SRR13233800_1.fastq.gz,low/SRR13233800_2.fastq.gz
SRR13233801,SRR13233801,low/SRR13233801_1.fastq.gz,low/SRR13233801_2.fastq.gz
SRR13233802,SRR13233802,low/SRR13233802_1.fastq.gz,low/SRR13233802_2.fastq.gz
SRR13233803,SRR13233803,low/SRR13233803_1.fastq.gz,low/SRR13233803_2.fastq.gz
SRR13233804,SRR13233804,low/SRR13233804_1.fastq.gz,low/SRR13233804_2.fastq.gz
SRR13233805,SRR13233805,low/SRR13233805_1.fastq.gz,low/SRR13233805_2.fastq.gz
SRR13233806,SRR13233806,low/SRR13233806_1.fastq.gz,low/SRR13233806_2.fastq.gz
SRR13233807,SRR13233807,low/SRR13233807_1.fastq.gz,low/SRR13233807_2.fastq.gz
SRR13233808,SRR13233808,low/SRR13233808_1.fastq.gz,low/SRR13233808_2.fastq.gz
SRR13233809,SRR13233809,low/SRR13233809_1.fastq.gz,low/SRR13233809_2.fastq.gz
SRR13233810,SRR13233810,low/SRR13233810_1.fastq.gz,low/SRR13233810_2.fastq.gz
SRR13233811,SRR13233811,low/SRR13233811_1.fastq.gz,low/SRR13233811_2.fastq.gz
SRR13233812,SRR13233812,low/SRR13233812_1.fastq.gz,low/SRR13233812_2.fastq.gz
SRR13233813,SRR13233813,low/SRR13233813_1.fastq.gz,low/SRR13233813_2.fastq.gz
SRR13233814,SRR13233814,low/SRR13233814_1.fastq.gz,low/SRR13233814_2.fastq.gz
SRR13233815,SRR13233815,low/SRR13233815_1.fastq.gz,low/SRR13233815_2.fastq.gz
SRR13233816,SRR13233816,low/SRR13233816_1.fastq.gz,low/SRR13233816_2.fastq.gz
SRR13233817,SRR13233817,low/SRR13233817_1.fastq.gz,low/SRR13233817_2.fastq.gz
SRR13233818,SRR13233818,low/SRR13233818_1.fastq.gz,low/SRR13233818_2.fastq.gz
SRR13233819,SRR13233819,low/SRR13233819_1.fastq.gz,low/SRR13233819_2.fastq.gz
SRR13233820,SRR13233820,low/SRR13233820_1.fastq.gz,low/SRR13233820_2.fastq.gz
SRR13233821,SRR13233821,low/SRR13233821_1.fastq.gz,low/SRR13233821_2.fastq.gz
SRR13233822,SRR13233822,low/SRR13233822_1.fastq.gz,low/SRR13233822_2.fastq.gz
SRR13233823,SRR13233823,low/SRR13233823_1.fastq.gz,low/SRR13233823_2.fastq.gz
SRR13233824,SRR13233824,low/SRR13233824_1.fastq.gz,low/SRR13233824_2.fastq.gz
SRR13233825,SRR13233825,low/SRR13233825_1.fastq.gz,low/SRR13233825_2.fastq.gz
SRR13233826,SRR13233826,low/SRR13233826_1.fastq.gz,low/SRR13233826_2.fastq.gz
SRR13233827,SRR13233827,low/SRR13233827_1.fastq.gz,low/SRR13233827_2.fastq.gz
SRR13233828,SRR13233828,low/SRR13233828_1.fastq.gz,low/SRR13233828_2.fastq.gz
SRR13233829,SRR13233829,low/SRR13233829_1.fastq.gz,low/SRR13233829_2.fastq.gz
SRR13233830,SRR13233830,low/SRR13233830_1.fastq.gz,low/SRR13233830_2.fastq.gz
SRR13233831,SRR13233831,low/SRR13233831_1.fastq.gz,low/SRR13233831_2.fastq.gz
SRR13233832,SRR13233832,low/SRR13233832_1.fastq.gz,low/SRR13233832_2.fastq.gz
SRR13233833,SRR13233833,low/SRR13233833_1.fastq.gz,low/SRR13233833_2.fastq.gz
SRR13233834,SRR13233834,low/SRR13233834_1.fastq.gz,low/SRR13233834_2.fastq.gz
SRR13233835,SRR13233835,low/SRR13233835_1.fastq.gz,low/SRR13233835_2.fastq.gz
SRR13233836,SRR13233836,low/SRR13233836_1.fastq.gz,low/SRR13233836_2.fastq.gz
SRR13233837,SRR13233837,low/SRR13233837_1.fastq.gz,low/SRR13233837_2.fastq.gz
SRR13233838,SRR13233838,low/SRR13233838_1.fastq.gz,low/SRR13233838_2.fastq.gz
SRR13233839,SRR13233839,low/SRR13233839_1.fastq.gz,low/SRR13233839_2.fastq.gz
SRR13233840,SRR13233840,low/SRR13233840_1.fastq.gz,low/SRR13233840_2.fastq.gz
SRR13233841,SRR13233841,low/SRR13233841_1.fastq.gz,low/SRR13233841_2.fastq.gz
SRR13233842,SRR13233842,low/SRR13233842_1.fastq.gz,low/SRR13233842_2.fastq.gz
SRR13233843,SRR13233843,low/SRR13233843_1.fastq.gz,low/SRR13233843_2.fastq.gz
SRR13233844,SRR13233844,low/SRR13233844_1.fastq.gz,low/SRR13233844_2.fastq.gz
SRR13233845,SRR13233845,low/SRR13233845_1.fastq.gz,low/SRR13233845_2.fastq.gz
SRR13233846,SRR13233846,low/SRR13233846_1.fastq.gz,low/SRR13233846_2.fastq.gz
SRR13233847,SRR13233847,low/SRR13233847_1.fastq.gz,low/SRR13233847_2.fastq.gz
SRR13233848,SRR13233848,low/SRR13233848_1.fastq.gz,low/SRR13233848_2.fastq.gz
SRR13233849,SRR13233849,low/SRR13233849_1.fastq.gz,low/SRR13233849_2.fastq.gz
SRR13233850,SRR13233850,low/SRR13233850_1.fastq.gz,low/SRR13233850_2.fastq.gz
SRR13233851,SRR13233851,low/SRR13233851_1.fastq.gz,low/SRR13233851_2.fastq.gz
SRR13233852,SRR13233852,low/SRR13233852_1.fastq.gz,low/SRR13233852_2.fastq.gz
SRR13233853,SRR13233853,low/SRR13233853_1.fastq.gz,low/SRR13233853_2.fastq.gz
SRR13233854,SRR13233854,low/SRR13233854_1.fastq.gz,low/SRR13233854_2.fastq.gz
SRR13233855,SRR13233855,low/SRR13233855_1.fastq.gz,low/SRR13233855_2.fastq.gz
SRR13233856,SRR13233856,low/SRR13233856_1.fastq.gz,low/SRR13233856_2.fastq.gz
SRR13233857,SRR13233857,low/SRR13233857_1.fastq.gz,low/SRR13233857_2.fastq.gz
SRR13233858,SRR13233858,low/SRR13233858_1.fastq.gz,low/SRR13233858_2.fastq.gz
SRR13233859,SRR13233859,low/SRR13233859_1.fastq.gz,low/SRR13233859_2.fastq.gz
SRR13233860,SRR13233860,low/SRR13233860_1.fastq.gz,low/SRR13233860_2.fastq.gz
SRR13233861,SRR13233861,low/SRR13233861_1.fastq.gz,low/SRR13233861_2.fastq.gz
SRR13233862,SRR13233862,low/SRR13233862_1.fastq.gz,low/SRR13233862_2.fastq.gz
SRR13233863,SRR13233863,low/SRR13233863_1.fastq.gz,low/SRR13233863_2.fastq.gz
SRR13233864,SRR13233864,low/SRR13233864_1.fastq.gz,low/SRR13233864_2.fastq.gz
SRR13233865,SRR13233865,low/SRR13233865_1.fastq.gz,low/SRR13233865_2.fastq.gz
SRR13233866,SRR13233866,low/SRR13233866_1.fastq.gz,low/SRR13233866_2.fastq.gz
SRR13233867,SRR13233867,low/SRR13233867_1.fastq.gz,low/SRR13233867_2.fastq.gz
SRR13233868,SRR13233868,low/SRR13233868_1.fastq.gz,low/SRR13233868_2.fastq.gz
SRR13233869,SRR13233869,low/SRR13233869_1.fastq.gz,low/SRR13233869_2.fastq.gz
SRR13233870,SRR13233870,low/SRR13233870_1.fastq.gz,low/SRR13233870_2.fastq.gz
SRR13233871,SRR13233871,low/SRR13233871_1.fastq.gz,low/SRR13233871_2.fastq.gz
SRR13233872,SRR13233872,low/SRR13233872_1.fastq.gz,low/SRR13233872_2.fastq.gz
SRR13233873,SRR13233873,low/SRR13233873_1.fastq.gz,low/SRR13233873_2.fastq.gz
SRR13233874,SRR13233874,low/SRR13233874_1.fastq.gz,low/SRR13233874_2.fastq.gz
SRR13233875,SRR13233875,low/SRR13233875_1.fastq.gz,low/SRR13233875_2.fastq.gz
SRR13233876,SRR13233876,low/SRR13233876_1.fastq.gz,low/SRR13233876_2.fastq.gz
SRR13233877,SRR13233877,low/SRR13233877_1.fastq.gz,low/SRR13233877_2.fastq.gz
SRR13233878,SRR13233878,low/SRR13233878_1.fastq.gz,low/SRR13233878_2.fastq.gz
SRR13233879,SRR13233879,low/SRR13233879_1.fastq.gz,low/SRR13233879_2.fastq.gz
SRR13233880,SRR13233880,low/SRR13233880_1.fastq.gz,low/SRR13233880_2.fastq.gz
SRR13233881,SRR13233881,low/SRR13233881_1.fastq.gz,low/SRR13233881_2.fastq.gz
SRR13233882,SRR13233882,low/SRR13233882_1.fastq.gz,low/SRR13233882_2.fastq.gz
SRR13233883,SRR13233883,low/SRR13233883_1.fastq.gz,low/SRR13233883_2.fastq.gz
SRR13233884,SRR13233884,low/SRR13233884_1.fastq.gz,low/SRR13233884_2.fastq.gz
SRR13233885,SRR13233885,low/SRR13233885_1.fastq.gz,low/SRR13233885_2.fastq.gz
SRR13233886,SRR13233886,low/SRR13233886_1.fastq.gz,low/SRR13233886_2.fastq.gz
SRR13233887,SRR13233887,low/SRR13233887_1.fastq.gz,low/SRR13233887_2.fastq.gz
SRR13233888,SRR13233888,low/SRR13233888_1.fastq.gz,low/SRR13233888_2.fastq.gz
SRR13233889,SRR13233889,low/SRR13233889_1.fastq.gz,low/SRR13233889_2.fastq.gz
SRR13233890,SRR13233890,low/SRR13233890_1.fastq.gz,low/SRR13233890_2.fastq.gz
SRR13233891,SRR13233891,low/SRR13233891_1.fastq.gz,low/SRR13233891_2.fastq.gz
SRR13233892,SRR13233892,low/SRR13233892_1.fastq.gz,low/SRR13233892_2.fastq.gz
SRR13233893,SRR13233893,low/SRR13233893_1.fastq.gz,low/SRR13233893_2.fastq.gz
SRR13233894,SRR13233894,low/SRR13233894_1.fastq.gz,low/SRR13233894_2.fastq.gz
SRR13233895,SRR13233895,low/SRR13233895_1.fastq.gz,low/SRR13233895_2.fastq.gz
SRR13233896,SRR13233896,low/SRR13233896_1.fastq.gz,low/SRR13233896_2.fastq.gz
SRR13233897,SRR13233897,low/SRR13233897_1.fastq.gz,low/SRR13233897_2.fastq.gz
SRR13233898,SRR13233898,low/SRR13233898_1.fastq.gz,low/SRR13233898_2.fastq.gz
SRR13233899,SRR13233899,low/SRR13233899_1.fastq.gz,low/SRR13233899_2.fastq.gz
SRR13233900,SRR13233900,low/SRR13233900_1.fastq.gz,low/SRR13233900_2.fastq.gz
SRR13233901,SRR13233901,low/SRR13233901_1.fastq.gz,low/SRR13233901_2.fastq.gz
SRR13233902,SRR13233902,low/SRR13233902_1.fastq.gz,low/SRR13233902_2.fastq.gz
SRR13233903,SRR13233903,low/SRR13233903_1.fastq.gz,low/SRR13233903_2.fastq.gz
SRR13233904,SRR13233904,low/SRR13233904_1.fastq.gz,low/SRR13233904_2.fastq.gz
SRR13233905,SRR13233905,low/SRR13233905_1.fastq.gz,low/SRR13233905_2.fastq.gz
SRR13233906,SRR13233906,low/SRR13233906_1.fastq.gz,low/SRR13233906_2.fastq.gz
SRR13233907,SRR13233907,low/SRR13233907_1.fastq.gz,low/SRR13233907_2.fastq.gz
SRR13233908,SRR13233908,low/SRR13233908_1.fastq.gz,low/SRR13233908_2.fastq.gz
SRR13233909,SRR13233909,low/SRR13233909_1.fastq.gz,low/SRR13233909_2.fastq.gz
SRR13233910,SRR13233910,low/SRR13233910_1.fastq.gz,low/SRR13233910_2.fastq.gz
SRR13233911,SRR13233911,low/SRR13233911_1.fastq.gz,low/SRR13233911_2.fastq.gz
SRR13233912,SRR13233912,low/SRR13233912_1.fastq.gz,low/SRR13233912_2.fastq.gz
SRR13233913,SRR13233913,low/SRR13233913_1.fastq.gz,low/SRR13233913_2.fastq.gz
SRR13233914,SRR13233914,low/SRR13233914_1.fastq.gz,low/SRR13233914_2.fastq.gz
SRR13233915,SRR13233915,low/SRR13233915_1.fastq.gz,low/SRR13233915_2.fastq.gz
SRR13233916,SRR13233916,low/SRR13233916_1.fastq.gz,low/SRR13233916_2.fastq.gz
SRR13233917,SRR13233917,low/SRR13233917_1.fastq.gz,low/SRR13233917_2.fastq.gz
SRR13233918,SRR13233918,low/SRR13233918_1.fastq.gz,low/SRR13233918_2.fastq.gz
SRR13233919,SRR13233919,low/SRR13233919_1.fastq.gz,low/SRR13233919_2.fastq.gz
SRR13233920,SRR13233920,low/SRR13233920_1.fastq.gz,low/SRR13233920_2.fastq.gz
SRR13233921,SRR13233921,low/SRR13233921_1.fastq.gz,low/SRR13233921_2.fastq.gz
SRR13233922,SRR13233922,low/SRR13233922_1.fastq.gz,low/SRR13233922_2.fastq.gz
SRR13233923,SRR13233923,low/SRR13233923_1.fastq.gz,low/SRR13233923_2.fastq.gz
SRR13233924,SRR13233924,low/SRR13233924_1.fastq.gz,low/SRR13233924_2.fastq.gz
SRR13233925,SRR13233925,low/SRR13233925_1.fastq.gz,low/SRR13233925_2.fastq.gz
SRR13233926,SRR13233926,low/SRR13233926_1.fastq.gz,low/SRR13233926_2.fastq.gz
SRR13233927,SRR13233927,low/SRR13233927_1.fastq.gz,low/SRR13233927_2.fastq.gz
SRR13233928,SRR13233928,low/SRR13233928_1.fastq.gz,low/SRR13233928_2.fastq.gz
SRR13233929,SRR13233929,low/SRR13233929_1.fastq.gz,low/SRR13233929_2.fastq.gz
SRR13233930,SRR13233930,low/SRR13233930_1.fastq.gz,low/SRR13233930_2.fastq.gz
SRR13233931,SRR13233931,low/SRR13233931_1.fastq.gz,low/SRR13233931_2.fastq.gz
SRR13233932,SRR13233932,low/SRR13233932_1.fastq.gz,low/SRR13233932_2.fastq.gz
SRR13233933,SRR13233933,low/SRR13233933_1.fastq.gz,low/SRR13233933_2.fastq.gz
SRR13233934,SRR13233934,low/SRR13233934_1.fastq.gz,low/SRR13233934_2.fastq.gz
SRR13233935,SRR13233935,low/SRR13233935_1.fastq.gz,low/SRR13233935_2.fastq.gz
SRR13233936,SRR13233936,low/SRR13233936_1.fastq.gz,low/SRR13233936_2.fastq.gz
SRR13233937,SRR13233937,low/SRR13233937_1.fastq.gz,low/SRR13233937_2.fastq.gz
SRR13233938,SRR13233938,low/SRR13233938_1.fastq.gz,low/SRR13233938_2.fastq.gz
SRR13233939,SRR13233939,low/SRR13233939_1.fastq.gz,low/SRR13233939_2.fastq.gz
SRR13233940,SRR13233940,low/SRR13233940_1.fastq.gz,low/SRR13233940_2.fastq.gz
SRR13233941,SRR13233941,low/SRR13233941_1.fastq.gz,low/SRR13233941_2.fastq.gz
SRR13233942,SRR13233942,low/SRR13233942_1.fastq.gz,low/SRR13233942_2.fastq.gz
SRR13233943,SRR13233943,low/SRR13233943_1.fastq.gz,low/SRR13233943_2.fastq.gz
SRR13233944,SRR13233944,low/SRR13233944_1.fastq.gz,low/SRR13233944_2.fastq.gz
SRR13233945,SRR13233945,low/SRR13233945_1.fastq.gz,low/SRR13233945_2.fastq.gz
SRR13233946,SRR13233946,low/SRR13233946_1.fastq.gz,low/SRR13233946_2.fastq.gz
SRR13233947,SRR13233947,low/SRR13233947_1.fastq.gz,low/SRR13233947_2.fastq.gz
SRR13233948,SRR13233948,low/SRR13233948_1.fastq.gz,low/SRR13233948_2.fastq.gz
SRR13233949,SRR13233949,low/SRR13233949_1.fastq.gz,low/SRR13233949_2.fastq.gz
SRR13233950,SRR13233950,low/SRR13233950_1.fastq.gz,low/SRR13233950_2.fastq.gz
SRR13233951,SRR13233951,low/SRR13233951_1.fastq.gz,low/SRR13233951_2.fastq.gz
SRR13233952,SRR13233952,low/SRR13233952_1.fastq.gz,low/SRR13233952_2.fastq.gz
SRR13233953,SRR13233953,low/SRR13233953_1.fastq.gz,low/SRR13233953_2.fastq.gz
SRR13233954,SRR13233954,low/SRR13233954_1.fastq.gz,low/SRR13233954_2.fastq.gz
SRR13233955,SRR13233955,low/SRR13233955_1.fastq.gz,low/SRR13233955_2.fastq.gz
SRR13233956,SRR13233956,low/SRR13233956_1.fastq.gz,low/SRR13233956_2.fastq.gz
SRR13233957,SRR13233957,low/SRR13233957_1.fastq.gz,low/SRR13233957_2.fastq.gz
SRR13233958,SRR13233958,low/SRR13233958_1.fastq.gz,low/SRR13233958_2.fastq.gz
SRR13233959,SRR13233959,low/SRR13233959_1.fastq.gz,low/SRR13233959_2.fastq.gz
SRR13233960,SRR13233960,low/SRR13233960_1.fastq.gz,low/SRR13233960_2.fastq.gz
SRR13233961,SRR13233961,low/SRR13233961_1.fastq.gz,low/SRR13233961_2.fastq.gz
SRR13233962,SRR13233962,low/SRR13233962_1.fastq.gz,low/SRR13233962_2.fastq.gz
SRR13233963,SRR13233963,low/SRR13233963_1.fastq.gz,low/SRR13233963_2.fastq.gz
SRR13233964,SRR13233964,low/SRR13233964_1.fastq.gz,low/SRR13233964_2.fastq.gz
SRR13233965,SRR13233965,low/SRR13233965_1.fastq.gz,low/SRR13233965_2.fastq.gz
SRR13233966,SRR13233966,low/SRR13233966_1.fastq.gz,low/SRR13233966_2.fastq.gz
SRR13233967,SRR13233967,low/SRR13233967_1.fastq.gz,low/SRR13233967_2.fastq.gz
SRR13233968,SRR13233968,low/SRR13233968_1.fastq.gz,low/SRR13233968_2.fastq.gz
SRR13233969,SRR13233969,low/SRR13233969_1.fastq.gz,low/SRR13233969_2.fastq.gz
SRR13233970,SRR13233970,low/SRR13233970_1.fastq.gz,low/SRR13233970_2.fastq.gz
SRR13233971,SRR13233971,low/SRR13233971_1.fastq.gz,low/SRR13233971_2.fastq.gz
SRR13233972,SRR13233972,low/SRR13233972_1.fastq.gz,low/SRR13233972_2.fastq.gz
SRR13233973,SRR13233973,low/SRR13233973_1.fastq.gz,low/SRR13233973_2.fastq.gz
SRR13233974,SRR13233974,low/SRR13233974_1.fastq.gz,low/SRR13233974_2.fastq.gz
SRR13233975,SRR13233975,low/SRR13233975_1.fastq.gz,low/SRR13233975_2.fastq.gz
SRR13233976,SRR13233976,low/SRR13233976_1.fastq.gz,low/SRR13233976_2.fastq.gz
SRR13233977,SRR13233977,low/SRR13233977_1.fastq.gz,low/SRR13233977_2.fastq.gz
SRR13233978,SRR13233978,low/SRR13233978_1.fastq.gz,low/SRR13233978_2.fastq.gz
SRR13233979,SRR13233979,low/SRR13233979_1.fastq.gz,low/SRR13233979_2.fastq.gz
SRR13233980,SRR13233980,low/SRR13233980_1.fastq.gz,low/SRR13233980_2.fastq.gz
SRR13233981,SRR13233981,low/SRR13233981_1.fastq.gz,low/SRR13233981_2.fastq.gz
SRR13233982,SRR13233982,low/SRR13233982_1.fastq.gz,low/SRR13233982_2.fastq.gz
SRR13233983,SRR13233983,low/SRR13233983_1.fastq.gz,low/SRR13233983_2.fastq.gz
SRR13233984,SRR13233984,low/SRR13233984_1.fastq.gz,low/SRR13233984_2.fastq.gz
SRR13233985,SRR13233985,low/SRR13233985_1.fastq.gz,low/SRR13233985_2.fastq.gz
SRR13233986,SRR13233986,low/SRR13233986_1.fastq.gz,low/SRR13233986_2.fastq.gz
SRR13234683,SRR13234683,low/SRR13234683_1.fastq.gz,low/SRR13234683_2.fastq.gz
SRR13234684,SRR13234684,low/SRR13234684_1.fastq.gz,low/SRR13234684_2.fastq.gz
SRR13234685,SRR13234685,low/SRR13234685_1.fastq.gz,low/SRR13234685_2.fastq.gz
SRR13234686,SRR13234686,low/SRR13234686_1.fastq.gz,low/SRR13234686_2.fastq.gz
SRR13234687,SRR13234687,low/SRR13234687_1.fastq.gz,low/SRR13234687_2.fastq.gz
SRR13234688,SRR13234688,low/SRR13234688_1.fastq.gz,low/SRR13234688_2.fastq.gz
SRR13234689,SRR13234689,low/SRR13234689_1.fastq.gz,low/SRR13234689_2.fastq.gz
SRR13234690,SRR13234690,low/SRR13234690_1.fastq.gz,low/SRR13234690_2.fastq.gz
SRR13234691,SRR13234691,low/SRR13234691_1.fastq.gz,low/SRR13234691_2.fastq.gz
SRR13234692,SRR13234692,low/SRR13234692_1.fastq.gz,low/SRR13234692_2.fastq.gz
SRR13234693,SRR13234693,low/SRR13234693_1.fastq.gz,low/SRR13234693_2.fastq.gz
SRR13234694,SRR13234694,low/SRR13234694_1.fastq.gz,low/SRR13234694_2.fastq.gz
SRR13234695,SRR13234695,low/SRR13234695_1.fastq.gz,low/SRR13234695_2.fastq.gz
SRR13234696,SRR13234696,low/SRR13234696_1.fastq.gz,low/SRR13234696_2.fastq.gz
SRR13234697,SRR13234697,low/SRR13234697_1.fastq.gz,low/SRR13234697_2.fastq.gz
SRR13234698,SRR13234698,low/SRR13234698_1.fastq.gz,low/SRR13234698_2.fastq.gz
SRR13234699,SRR13234699,low/SRR13234699_1.fastq.gz,low/SRR13234699_2.fastq.gz
SRR13234700,SRR13234700,low/SRR13234700_1.fastq.gz,low/SRR13234700_2.fastq.gz
SRR13234701,SRR13234701,low/SRR13234701_1.fastq.gz,low/SRR13234701_2.fastq.gz
SRR13234702,SRR13234702,low/SRR13234702_1.fastq.gz,low/SRR13234702_2.fastq.gz
SRR13234703,SRR13234703,low/SRR13234703_1.fastq.gz,low/SRR13234703_2.fastq.gz
SRR13234704,SRR13234704,low/SRR13234704_1.fastq.gz,low/SRR13234704_2.fastq.gz
SRR13234705,SRR13234705,low/SRR13234705_1.fastq.gz,low/SRR13234705_2.fastq.gz
SRR13234706,SRR13234706,low/SRR13234706_1.fastq.gz,low/SRR13234706_2.fastq.gz
SRR13234707,SRR13234707,low/SRR13234707_1.fastq.gz,low/SRR13234707_2.fastq.gz
SRR13234708,SRR13234708,low/SRR13234708_1.fastq.gz,low/SRR13234708_2.fastq.gz
SRR13234709,SRR13234709,low/SRR13234709_1.fastq.gz,low/SRR13234709_2.fastq.gz
SRR13234710,SRR13234710,low/SRR13234710_1.fastq.gz,low/SRR13234710_2.fastq.gz
SRR13234711,SRR13234711,low/SRR13234711_1.fastq.gz,low/SRR13234711_2.fastq.gz
SRR13234712,SRR13234712,low/SRR13234712_1.fastq.gz,low/SRR13234712_2.fastq.gz
SRR13234713,SRR13234713,low/SRR13234713_1.fastq.gz,low/SRR13234713_2.fastq.gz
SRR13234714,SRR13234714,low/SRR13234714_1.fastq.gz,low/SRR13234714_2.fastq.gz
SRR13234715,SRR13234715,low/SRR13234715_1.fastq.gz,low/SRR13234715_2.fastq.gz
SRR13234716,SRR13234716,low/SRR13234716_1.fastq.gz,low/SRR13234716_2.fastq.gz
SRR13234717,SRR13234717,low/SRR13234717_1.fastq.gz,low/SRR13234717_2.fastq.gz
SRR13234718,SRR13234718,low/SRR13234718_1.fastq.gz,low/SRR13234718_2.fastq.gz
SRR13234719,SRR13234719,low/SRR13234719_1.fastq.gz,low/SRR13234719_2.fastq.gz
SRR13234720,SRR13234720,low/SRR13234720_1.fastq.gz,low/SRR13234720_2.fastq.gz
SRR13234721,SRR13234721,low/SRR13234721_1.fastq.gz,low/SRR13234721_2.fastq.gz
SRR13234722,SRR13234722,low/SRR13234722_1.fastq.gz,low/SRR13234722_2.fastq.gz
SRR13234723,SRR13234723,low/SRR13234723_1.fastq.gz,low/SRR13234723_2.fastq.gz
SRR13234724,SRR13234724,low/SRR13234724_1.fastq.gz,low/SRR13234724_2.fastq.gz
SRR13234725,SRR13234725,low/SRR13234725_1.fastq.gz,low/SRR13234725_2.fastq.gz
SRR13234726,SRR13234726,low/SRR13234726_1.fastq.gz,low/SRR13234726_2.fastq.gz
SRR13234727,SRR13234727,low/SRR13234727_1.fastq.gz,low/SRR13234727_2.fastq.gz
SRR13234728,SRR13234728,low/SRR13234728_1.fastq.gz,low/SRR13234728_2.fastq.gz
SRR13234729,SRR13234729,low/SRR13234729_1.fastq.gz,low/SRR13234729_2.fastq.gz
SRR13234730,SRR13234730,low/SRR13234730_1.fastq.gz,low/SRR13234730_2.fastq.gz
SRR13234731,SRR13234731,low/SRR13234731_1.fastq.gz,low/SRR13234731_2.fastq.gz
SRR13234732,SRR13234732,low/SRR13234732_1.fastq.gz,low/SRR13234732_2.fastq.gz
SRR13234733,SRR13234733,low/SRR13234733_1.fastq.gz,low/SRR13234733_2.fastq.gz
SRR13234734,SRR13234734,low/SRR13234734_1.fastq.gz,low/SRR13234734_2.fastq.gz
SRR13234735,SRR13234735,low/SRR13234735_1.fastq.gz,low/SRR13234735_2.fastq.gz
SRR13234736,SRR13234736,low/SRR13234736_1.fastq.gz,low/SRR13234736_2.fastq.gz
SRR13234737,SRR13234737,low/SRR13234737_1.fastq.gz,low/SRR13234737_2.fastq.gz
SRR13234738,SRR13234738,low/SRR13234738_1.fastq.gz,low/SRR13234738_2.fastq.gz
SRR13234739,SRR13234739,low/SRR13234739_1.fastq.gz,low/SRR13234739_2.fastq.gz
SRR13234740,SRR13234740,low/SRR13234740_1.fastq.gz,low/SRR13234740_2.fastq.gz
SRR13234741,SRR13234741,low/SRR13234741_1.fastq.gz,low/SRR13234741_2.fastq.gz
SRR13234742,SRR13234742,low/SRR13234742_1.fastq.gz,low/SRR13234742_2.fastq.gz
SRR13234743,SRR13234743,low/SRR13234743_1.fastq.gz,low/SRR13234743_2.fastq.gz
SRR13234744,SRR13234744,low/SRR13234744_1.fastq.gz,low/SRR13234744_2.fastq.gz
SRR13234745,SRR13234745,low/SRR13234745_1.fastq.gz,low/SRR13234745_2.fastq.gz
SRR13234746,SRR13234746,low/SRR13234746_1.fastq.gz,low/SRR13234746_2.fastq.gz
SRR13234747,SRR13234747,low/SRR13234747_1.fastq.gz,low/SRR13234747_2.fastq.gz
SRR13234748,SRR13234748,low/SRR13234748_1.fastq.gz,low/SRR13234748_2.fastq.gz
SRR13234749,SRR13234749,low/SRR13234749_1.fastq.gz,low/SRR13234749_2.fastq.gz
SRR13234750,SRR13234750,low/SRR13234750_1.fastq.gz,low/SRR13234750_2.fastq.gz
SRR13234751,SRR13234751,low/SRR13234751_1.fastq.gz,low/SRR13234751_2.fastq.gz
SRR13234752,SRR13234752,low/SRR13234752_1.fastq.gz,low/SRR13234752_2.fastq.gz
SRR13234753,SRR13234753,low/SRR13234753_1.fastq.gz,low/SRR13234753_2.fastq.gz
SRR13234754,SRR13234754,low/SRR13234754_1.fastq.gz,low/SRR13234754_2.fastq.gz
SRR13234755,SRR13234755,low/SRR13234755_1.fastq.gz,low/SRR13234755_2.fastq.gz
SRR13234756,SRR13234756,low/SRR13234756_1.fastq.gz,low/SRR13234756_2.fastq.gz
SRR13234757,SRR13234757,low/SRR13234757_1.fastq.gz,low/SRR13234757_2.fastq.gz
SRR13234758,SRR13234758,low/SRR13234758_1.fastq.gz,low/SRR13234758_2.fastq.gz
SRR13234759,SRR13234759,low/SRR13234759_1.fastq.gz,low/SRR13234759_2.fastq.gz
SRR13234760,SRR13234760,low/SRR13234760_1.fastq.gz,low/SRR13234760_2.fastq.gz
SRR13234761,SRR13234761,low/SRR13234761_1.fastq.gz,low/SRR13234761_2.fastq.gz
SRR13234762,SRR13234762,low/SRR13234762_1.fastq.gz,low/SRR13234762_2.fastq.gz
SRR13234763,SRR13234763,low/SRR13234763_1.fastq.gz,low/SRR13234763_2.fastq.gz
SRR13234764,SRR13234764,low/SRR13234764_1.fastq.gz,low/SRR13234764_2.fastq.gz
SRR13234765,SRR13234765,low/SRR13234765_1.fastq.gz,low/SRR13234765_2.fastq.gz
SRR13234766,SRR13234766,low/SRR13234766_1.fastq.gz,low/SRR13234766_2.fastq.gz
SRR13234767,SRR13234767,low/SRR13234767_1.fastq.gz,low/SRR13234767_2.fastq.gz
SRR13234768,SRR13234768,low/SRR13234768_1.fastq.gz,low/SRR13234768_2.fastq.gz
SRR13234769,SRR13234769,low/SRR13234769_1.fastq.gz,low/SRR13234769_2.fastq.gz
SRR13234770,SRR13234770,low/SRR13234770_1.fastq.gz,low/SRR13234770_2.fastq.gz
SRR13234771,SRR13234771,low/SRR13234771_1.fastq.gz,low/SRR13234771_2.fastq.gz
SRR13234772,SRR13234772,low/SRR13234772_1.fastq.gz,low/SRR13234772_2.fastq.gz
SRR13234773,SRR13234773,low/SRR13234773_1.fastq.gz,low/SRR13234773_2.fastq.gz
SRR13234774,SRR13234774,low/SRR13234774_1.fastq.gz,low/SRR13234774_2.fastq.gz
SRR13234775,SRR13234775,low/SRR13234775_1.fastq.gz,low/SRR13234775_2.fastq.gz
SRR13234776,SRR13234776,low/SRR13234776_1.fastq.gz,low/SRR13234776_2.fastq.gz
SRR13234777,SRR13234777,low/SRR13234777_1.fastq.gz,low/SRR13234777_2.fastq.gz
SRR13234778,SRR13234778,low/SRR13234778_1.fastq.gz,low/SRR13234778_2.fastq.gz
SRR13234779,SRR13234779,low/SRR13234779_1.fastq.gz,low/SRR13234779_2.fastq.gz
SRR13234780,SRR13234780,low/SRR13234780_1.fastq.gz,low/SRR13234780_2.fastq.gz
SRR13234781,SRR13234781,low/SRR13234781_1.fastq.gz,low/SRR13234781_2.fastq.gz
SRR13234782,SRR13234782,low/SRR13234782_1.fastq.gz,low/SRR13234782_2.fastq.gz
SRR13234783,SRR13234783,low/SRR13234783_1.fastq.gz,low/SRR13234783_2.fastq.gz
SRR13234784,SRR13234784,low/SRR13234784_1.fastq.gz,low/SRR13234784_2.fastq.gz
SRR13234785,SRR13234785,low/SRR13234785_1.fastq.gz,low/SRR13234785_2.fastq.gz
SRR13234786,SRR13234786,low/SRR13234786_1.fastq.gz,low/SRR13234786_2.fastq.gz
SRR13234787,SRR13234787,low/SRR13234787_1.fastq.gz,low/SRR13234787_2.fastq.gz
SRR13234788,SRR13234788,low/SRR13234788_1.fastq.gz,low/SRR13234788_2.fastq.gz
SRR13234789,SRR13234789,low/SRR13234789_1.fastq.gz,low/SRR13234789_2.fastq.gz
SRR13234790,SRR13234790,low/SRR13234790_1.fastq.gz,low/SRR13234790_2.fastq.gz
SRR13234791,SRR13234791,low/SRR13234791_1.fastq.gz,low/SRR13234791_2.fastq.gz
SRR13234792,SRR13234792,low/SRR13234792_1.fastq.gz,low/SRR13234792_2.fastq.gz
SRR13234793,SRR13234793,low/SRR13234793_1.fastq.gz,low/SRR13234793_2.fastq.gz
SRR13234794,SRR13234794,low/SRR13234794_1.fastq.gz,low/SRR13234794_2.fastq.gz
SRR13234795,SRR13234795,low/SRR13234795_1.fastq.gz,low/SRR13234795_2.fastq.gz
SRR13234796,SRR13234796,low/SRR13234796_1.fastq.gz,low/SRR13234796_2.fastq.gz
SRR13234797,SRR13234797,low/SRR13234797_1.fastq.gz,low/SRR13234797_2.fastq.gz
SRR13234798,SRR13234798,low/SRR13234798_1.fastq.gz,low/SRR13234798_2.fastq.gz
SRR13234799,SRR13234799,low/SRR13234799_1.fastq.gz,low/SRR13234799_2.fastq.gz
SRR13234800,SRR13234800,low/SRR13234800_1.fastq.gz,low/SRR13234800_2.fastq.gz
SRR13234801,SRR13234801,low/SRR13234801_1.fastq.gz,low/SRR13234801_2.fastq.gz
SRR13234802,SRR13234802,low/SRR13234802_1.fastq.gz,low/SRR13234802_2.fastq.gz
SRR13234803,SRR13234803,low/SRR13234803_1.fastq.gz,low/SRR13234803_2.fastq.gz
SRR13234804,SRR13234804,low/SRR13234804_1.fastq.gz,low/SRR13234804_2.fastq.gz
SRR13234805,SRR13234805,low/SRR13234805_1.fastq.gz,low/SRR13234805_2.fastq.gz
SRR13234806,SRR13234806,low/SRR13234806_1.fastq.gz,low/SRR13234806_2.fastq.gz
SRR13234807,SRR13234807,low/SRR13234807_1.fastq.gz,low/SRR13234807_2.fastq.gz
SRR13234808,SRR13234808,low/SRR13234808_1.fastq.gz,low/SRR13234808_2.fastq.gz
SRR13234809,SRR13234809,low/SRR13234809_1.fastq.gz,low/SRR13234809_2.fastq.gz
SRR13234810,SRR13234810,low/SRR13234810_1.fastq.gz,low/SRR13234810_2.fastq.gz
SRR13234811,SRR13234811,low/SRR13234811_1.fastq.gz,low/SRR13234811_2.fastq.gz
SRR13234812,SRR13234812,low/SRR13234812_1.fastq.gz,low/SRR13234812_2.fastq.gz
SRR13234813,SRR13234813,low/SRR13234813_1.fastq.gz,low/SRR13234813_2.fastq.gz
SRR13234814,SRR13234814,low/SRR13234814_1.fastq.gz,low/SRR13234814_2.fastq.gz
SRR13234815,SRR13234815,low/SRR13234815_1.fastq.gz,low/SRR13234815_2.fastq.gz
SRR13234816,SRR13234816,low/SRR13234816_1.fastq.gz,low/SRR13234816_2.fastq.gz
SRR13234817,SRR13234817,low/SRR13234817_1.fastq.gz,low/SRR13234817_2.fastq.gz
SRR13234818,SRR13234818,low/SRR13234818_1.fastq.gz,low/SRR13234818_2.fastq.gz
SRR13234819,SRR13234819,low/SRR13234819_1.fastq.gz,low/SRR13234819_2.fastq.gz
SRR13234820,SRR13234820,low/SRR13234820_1.fastq.gz,low/SRR13234820_2.fastq.gz
SRR13234821,SRR13234821,low/SRR13234821_1.fastq.gz,low/SRR13234821_2.fastq.gz
SRR13234822,SRR13234822,low/SRR13234822_1.fastq.gz,low/SRR13234822_2.fastq.gz
SRR13234823,SRR13234823,low/SRR13234823_1.fastq.gz,low/SRR13234823_2.fastq.gz
SRR13234824,SRR13234824,low/SRR13234824_1.fastq.gz,low/SRR13234824_2.fastq.gz
SRR13234825,SRR13234825,low/SRR13234825_1.fastq.gz,low/SRR13234825_2.fastq.gz
SRR13234826,SRR13234826,low/SRR13234826_1.fastq.gz,low/SRR13234826_2.fastq.gz
SRR13234827,SRR13234827,low/SRR13234827_1.fastq.gz,low/SRR13234827_2.fastq.gz
SRR13234828,SRR13234828,low/SRR13234828_1.fastq.gz,low/SRR13234828_2.fastq.gz
SRR13234829,SRR13234829,low/SRR13234829_1.fastq.gz,low/SRR13234829_2.fastq.gz
SRR13234830,SRR13234830,low/SRR13234830_1.fastq.gz,low/SRR13234830_2.fastq.gz
SRR13234831,SRR13234831,low/SRR13234831_1.fastq.gz,low/SRR13234831_2.fastq.gz
SRR13234832,SRR13234832,low/SRR13234832_1.fastq.gz,low/SRR13234832_2.fastq.gz
SRR13234833,SRR13234833,low/SRR13234833_1.fastq.gz,low/SRR13234833_2.fastq.gz
SRR13234834,SRR13234834,low/SRR13234834_1.fastq.gz,low/SRR13234834_2.fastq.gz
SRR13234835,SRR13234835,low/SRR13234835_1.fastq.gz,low/SRR13234835_2.fastq.gz
SRR13234836,SRR13234836,low/SRR13234836_1.fastq.gz,low/SRR13234836_2.fastq.gz
SRR13234837,SRR13234837,low/SRR13234837_1.fastq.gz,low/SRR13234837_2.fastq.gz
SRR13234838,SRR13234838,low/SRR13234838_1.fastq.gz,low/SRR13234838_2.fastq.gz
SRR13234839,SRR13234839,low/SRR13234839_1.fastq.gz,low/SRR13234839_2.fastq.gz
SRR13234840,SRR13234840,low/SRR13234840_1.fastq.gz,low/SRR13234840_2.fastq.gz
SRR13234841,SRR13234841,low/SRR13234841_1.fastq.gz,low/SRR13234841_2.fastq.gz
SRR13234842,SRR13234842,low/SRR13234842_1.fastq.gz,low/SRR13234842_2.fastq.gz
SRR13234843,SRR13234843,low/SRR13234843_1.fastq.gz,low/SRR13234843_2.fastq.gz
SRR13234844,SRR13234844,low/SRR13234844_1.fastq.gz,low/SRR13234844_2.fastq.gz
SRR13234845,SRR13234845,low/SRR13234845_1.fastq.gz,low/SRR13234845_2.fastq.gz
SRR13234846,SRR13234846,low/SRR13234846_1.fastq.gz,low/SRR13234846_2.fastq.gz
SRR13234847,SRR13234847,low/SRR13234847_1.fastq.gz,low/SRR13234847_2.fastq.gz
SRR13234848,SRR13234848,low/SRR13234848_1.fastq.gz,low/SRR13234848_2.fastq.gz
SRR13234849,SRR13234849,low/SRR13234849_1.fastq.gz,low/SRR13234849_2.fastq.gz
SRR13234850,SRR13234850,low/SRR13234850_1.fastq.gz,low/SRR13234850_2.fastq.gz
SRR13234851,SRR13234851,low/SRR13234851_1.fastq.gz,low/SRR13234851_2.fastq.gz
SRR13234852,SRR13234852,low/SRR13234852_1.fastq.gz,low/SRR13234852_2.fastq.gz
SRR13234853,SRR13234853,low/SRR13234853_1.fastq.gz,low/SRR13234853_2.fastq.gz
SRR13234854,SRR13234854,low/SRR13234854_1.fastq.gz,low/SRR13234854_2.fastq.gz
SRR13234855,SRR13234855,low/SRR13234855_1.fastq.gz,low/SRR13234855_2.fastq.gz
SRR13234856,SRR13234856,low/SRR13234856_1.fastq.gz,low/SRR13234856_2.fastq.gz
SRR13234857,SRR13234857,low/SRR13234857_1.fastq.gz,low/SRR13234857_2.fastq.gz
SRR13234858,SRR13234858,low/SRR13234858_1.fastq.gz,low/SRR13234858_2.fastq.gz
SRR13234859,SRR13234859,low/SRR13234859_1.fastq.gz,low/SRR13234859_2.fastq.gz
SRR13234860,SRR13234860,low/SRR13234860_1.fastq.gz,low/SRR13234860_2.fastq.gz
SRR13234861,SRR13234861,low/SRR13234861_1.fastq.gz,low/SRR13234861_2.fastq.gz
SRR13234862,SRR13234862,low/SRR13234862_1.fastq.gz,low/SRR13234862_2.fastq.gz
SRR13234863,SRR13234863,low/SRR13234863_1.fastq.gz,low/SRR13234863_2.fastq.gz
SRR13234864,SRR13234864,low/SRR13234864_1.fastq.gz,low/SRR13234864_2.fastq.gz
SRR13234865,SRR13234865,low/SRR13234865_1.fastq.gz,low/SRR13234865_2.fastq.gz
SRR13234866,SRR13234866,low/SRR13234866_1.fastq.gz,low/SRR13234866_2.fastq.gz
SRR13234867,SRR13234867,low/SRR13234867_1.fastq.gz,low/SRR13234867_2.fastq.gz
SRR13234868,SRR13234868,low/SRR13234868_1.fastq.gz,low/SRR13234868_2.fastq.gz
SRR13234869,SRR13234869,low/SRR13234869_1.fastq.gz,low/SRR13234869_2.fastq.gz
SRR13234870,SRR13234870,low/SRR13234870_1.fastq.gz,low/SRR13234870_2.fastq.gz
SRR13234871,SRR13234871,low/SRR13234871_1.fastq.gz,low/SRR13234871_2.fastq.gz
SRR13234872,SRR13234872,low/SRR13234872_1.fastq.gz,low/SRR13234872_2.fastq.gz
SRR13234873,SRR13234873,low/SRR13234873_1.fastq.gz,low/SRR13234873_2.fastq.gz
SRR13234874,SRR13234874,low/SRR13234874_1.fastq.gz,low/SRR13234874_2.fastq.gz
SRR13234875,SRR13234875,low/SRR13234875_1.fastq.gz,low/SRR13234875_2.fastq.gz
SRR13234876,SRR13234876,low/SRR13234876_1.fastq.gz,low/SRR13234876_2.fastq.gz
SRR13234877,SRR13234877,low/SRR13234877_1.fastq.gz,low/SRR13234877_2.fastq.gz
SRR13234878,SRR13234878,low/SRR13234878_1.fastq.gz,low/SRR13234878_2.fastq.gz
SRR13234879,SRR13234879,low/SRR13234879_1.fastq.gz,low/SRR13234879_2.fastq.gz
SRR13234880,SRR13234880,low/SRR13234880_1.fastq.gz,low/SRR13234880_2.fastq.gz
SRR13234881,SRR13234881,low/SRR13234881_1.fastq.gz,low/SRR13234881_2.fastq.gz
SRR13234882,SRR13234882,low/SRR13234882_1.fastq.gz,low/SRR13234882_2.fastq.gz
SRR13234883,SRR13234883,low/SRR13234883_1.fastq.gz,low/SRR13234883_2.fastq.gz
SRR13234884,SRR13234884,low/SRR13234884_1.fastq.gz,low/SRR13234884_2.fastq.gz
SRR13234885,SRR13234885,low/SRR13234885_1.fastq.gz,low/SRR13234885_2.fastq.gz
SRR13234886,SRR13234886,low/SRR13234886_1.fastq.gz,low/SRR13234886_2.fastq.gz
SRR13234887,SRR13234887,low/SRR13234887_1.fastq.gz,low/SRR13234887_2.fastq.gz
SRR13234888,SRR13234888,low/SRR13234888_1.fastq.gz,low/SRR13234888_2.fastq.gz
SRR13234889,SRR13234889,low/SRR13234889_1.fastq.gz,low/SRR13234889_2.fastq.gz
SRR13234890,SRR13234890,low/SRR13234890_1.fastq.gz,low/SRR13234890_2.fastq.gz
SRR13234891,SRR13234891,low/SRR13234891_1.fastq.gz,low/SRR13234891_2.fastq.gz
SRR13234892,SRR13234892,low/SRR13234892_1.fastq.gz,low/SRR13234892_2.fastq.gz
SRR13234893,SRR13234893,low/SRR13234893_1.fastq.gz,low/SRR13234893_2.fastq.gz
SRR13234894,SRR13234894,low/SRR13234894_1.fastq.gz,low/SRR13234894_2.fastq.gz
SRR13234895,SRR13234895,low/SRR13234895_1.fastq.gz,low/SRR13234895_2.fastq.gz
SRR13234896,SRR13234896,low/SRR13234896_1.fastq.gz,low/SRR13234896_2.fastq.gz
SRR13234897,SRR13234897,low/SRR13234897_1.fastq.gz,low/SRR13234897_2.fastq.gz
SRR13234898,SRR13234898,low/SRR13234898_1.fastq.gz,low/SRR13234898_2.fastq.gz
SRR13234899,SRR13234899,low/SRR13234899_1.fastq.gz,low/SRR13234899_2.fastq.gz
SRR13234900,SRR13234900,low/SRR13234900_1.fastq.gz,low/SRR13234900_2.fastq.gz
SRR13234901,SRR13234901,low/SRR13234901_1.fastq.gz,low/SRR13234901_2.fastq.gz
SRR13234902,SRR13234902,low/SRR13234902_1.fastq.gz,low/SRR13234902_2.fastq.gz
SRR13234903,SRR13234903,low/SRR13234903_1.fastq.gz,low/SRR13234903_2.fastq.gz
SRR13234904,SRR13234904,low/SRR13234904_1.fastq.gz,low/SRR13234904_2.fastq.gz
SRR13234905,SRR13234905,low/SRR13234905_1.fastq.gz,low/SRR13234905_2.fastq.gz
SRR13234906,SRR13234906,low/SRR13234906_1.fastq.gz,low/SRR13234906_2.fastq.gz
SRR13234907,SRR13234907,low/SRR13234907_1.fastq.gz,low/SRR13234907_2.fastq.gz
SRR13234908,SRR13234908,low/SRR13234908_1.fastq.gz,low/SRR13234908_2.fastq.gz
SRR13234909,SRR13234909,low/SRR13234909_1.fastq.gz,low/SRR13234909_2.fastq.gz
SRR13234910,SRR13234910,low/SRR13234910_1.fastq.gz,low/SRR13234910_2.fastq.gz
SRR13234911,SRR13234911,low/SRR13234911_1.fastq.gz,low/SRR13234911_2.fastq.gz
SRR13234912,SRR13234912,low/SRR13234912_1.fastq.gz,low/SRR13234912_2.fastq.gz
SRR13234913,SRR13234913,low/SRR13234913_1.fastq.gz,low/SRR13234913_2.fastq.gz
SRR13234914,SRR13234914,low/SRR13234914_1.fastq.gz,low/SRR13234914_2.fastq.gz
SRR13234915,SRR13234915,low/SRR13234915_1.fastq.gz,low/SRR13234915_2.fastq.gz
SRR13234916,SRR13234916,low/SRR13234916_1.fastq.gz,low/SRR13234916_2.fastq.gz
SRR13234917,SRR13234917,low/SRR13234917_1.fastq.gz,low/SRR13234917_2.fastq.gz
SRR13234918,SRR13234918,low/SRR13234918_1.fastq.gz,low/SRR13234918_2.fastq.gz
SRR13234919,SRR13234919,low/SRR13234919_1.fastq.gz,low/SRR13234919_2.fastq.gz
SRR13234920,SRR13234920,low/SRR13234920_1.fastq.gz,low/SRR13234920_2.fastq.gz
SRR13234921,SRR13234921,low/SRR13234921_1.fastq.gz,low/SRR13234921_2.fastq.gz
SRR13234922,SRR13234922,low/SRR13234922_1.fastq.gz,low/SRR13234922_2.fastq.gz
SRR13234923,SRR13234923,low/SRR13234923_1.fastq.gz,low/SRR13234923_2.fastq.gz
SRR13234924,SRR13234924,low/SRR13234924_1.fastq.gz,low/SRR13234924_2.fastq.gz
SRR13234925,SRR13234925,low/SRR13234925_1.fastq.gz,low/SRR13234925_2.fastq.gz
SRR13234926,SRR13234926,low/SRR13234926_1.fastq.gz,low/SRR13234926_2.fastq.gz
SRR13234927,SRR13234927,low/SRR13234927_1.fastq.gz,low/SRR13234927_2.fastq.gz
SRR13234928,SRR13234928,low/SRR13234928_1.fastq.gz,low/SRR13234928_2.fastq.gz
SRR13234929,SRR13234929,low/SRR13234929_1.fastq.gz,low/SRR13234929_2.fastq.gz
SRR13234930,SRR13234930,low/SRR13234930_1.fastq.gz,low/SRR13234930_2.fastq.gz
SRR13234931,SRR13234931,low/SRR13234931_1.fastq.gz,low/SRR13234931_2.fastq.gz
SRR13234932,SRR13234932,low/SRR13234932_1.fastq.gz,low/SRR13234932_2.fastq.gz
SRR13234933,SRR13234933,low/SRR13234933_1.fastq.gz,low/SRR13234933_2.fastq.gz
SRR13234934,SRR13234934,low/SRR13234934_1.fastq.gz,low/SRR13234934_2.fastq.gz
SRR13234935,SRR13234935,low/SRR13234935_1.fastq.gz,low/SRR13234935_2.fastq.gz
SRR13234936,SRR13234936,low/SRR13234936_1.fastq.gz,low/SRR13234936_2.fastq.gz
SRR13234937,SRR13234937,low/SRR13234937_1.fastq.gz,low/SRR13234937_2.fastq.gz
SRR13234938,SRR13234938,low/SRR13234938_1.fastq.gz,low/SRR13234938_2.fastq.gz
SRR13234939,SRR13234939,low/SRR13234939_1.fastq.gz,low/SRR13234939_2.fastq.gz
SRR13234940,SRR13234940,low/SRR13234940_1.fastq.gz,low/SRR13234940_2.fastq.gz
SRR13234941,SRR13234941,low/SRR13234941_1.fastq.gz,low/SRR13234941_2.fastq.gz
SRR13234942,SRR13234942,low/SRR13234942_1.fastq.gz,low/SRR13234942_2.fastq.gz
SRR13234943,SRR13234943,low/SRR13234943_1.fastq.gz,low/SRR13234943_2.fastq.gz
SRR13234944,SRR13234944,low/SRR13234944_1.fastq.gz,low/SRR13234944_2.fastq.gz
SRR13234945,SRR13234945,low/SRR13234945_1.fastq.gz,low/SRR13234945_2.fastq.gz
SRR13234946,SRR13234946,low/SRR13234946_1.fastq.gz,low/SRR13234946_2.fastq.gz
SRR13234947,SRR13234947,low/SRR13234947_1.fastq.gz,low/SRR13234947_2.fastq.gz
SRR13234948,SRR13234948,low/SRR13234948_1.fastq.gz,low/SRR13234948_2.fastq.gz
SRR13234949,SRR13234949,low/SRR13234949_1.fastq.gz,low/SRR13234949_2.fastq.gz
SRR13234950,SRR13234950,low/SRR13234950_1.fastq.gz,low/SRR13234950_2.fastq.gz
SRR13234951,SRR13234951,low/SRR13234951_1.fastq.gz,low/SRR13234951_2.fastq.gz
SRR13234952,SRR13234952,low/SRR13234952_1.fastq.gz,low/SRR13234952_2.fastq.gz
SRR13234953,SRR13234953,low/SRR13234953_1.fastq.gz,low/SRR13234953_2.fastq.gz
SRR13234954,SRR13234954,low/SRR13234954_1.fastq.gz,low/SRR13234954_2.fastq.gz
SRR13234955,SRR13234955,low/SRR13234955_1.fastq.gz,low/SRR13234955_2.fastq.gz
SRR13234956,SRR13234956,low/SRR13234956_1.fastq.gz,low/SRR13234956_2.fastq.gz
SRR13234957,SRR13234957,low/SRR13234957_1.fastq.gz,low/SRR13234957_2.fastq.gz
SRR13234958,SRR13234958,low/SRR13234958_1.fastq.gz,low/SRR13234958_2.fastq.gz
SRR13234959,SRR13234959,low/SRR13234959_1.fastq.gz,low/SRR13234959_2.fastq.gz
SRR13234960,SRR13234960,low/SRR13234960_1.fastq.gz,low/SRR13234960_2.fastq.gz
SRR13234961,SRR13234961,low/SRR13234961_1.fastq.gz,low/SRR13234961_2.fastq.gz
SRR13234962,SRR13234962,low/SRR13234962_1.fastq.gz,low/SRR13234962_2.fastq.gz
SRR13234963,SRR13234963,low/SRR13234963_1.fastq.gz,low/SRR13234963_2.fastq.gz
SRR13234964,SRR13234964,low/SRR13234964_1.fastq.gz,low/SRR13234964_2.fastq.gz
SRR13234965,SRR13234965,low/SRR13234965_1.fastq.gz,low/SRR13234965_2.fastq.gz
SRR13234966,SRR13234966,low/SRR13234966_1.fastq.gz,low/SRR13234966_2.fastq.gz
SRR13234967,SRR13234967,low/SRR13234967_1.fastq.gz,low/SRR13234967_2.fastq.gz
SRR13234968,SRR13234968,low/SRR13234968_1.fastq.gz,low/SRR13234968_2.fastq.gz
SRR13234969,SRR13234969,low/SRR13234969_1.fastq.gz,low/SRR13234969_2.fastq.gz
SRR13234970,SRR13234970,low/SRR13234970_1.fastq.gz,low/SRR13234970_2.fastq.gz
SRR13234971,SRR13234971,low/SRR13234971_1.fastq.gz,low/SRR13234971_2.fastq.gz
SRR13234972,SRR13234972,low/SRR13234972_1.fastq.gz,low/SRR13234972_2.fastq.gz
SRR13234973,SRR13234973,low/SRR13234973_1.fastq.gz,low/SRR13234973_2.fastq.gz
SRR13234974,SRR13234974,low/SRR13234974_1.fastq.gz,low/SRR13234974_2.fastq.gz
SRR13234975,SRR13234975,low/SRR13234975_1.fastq.gz,low/SRR13234975_2.fastq.gz
SRR13234976,SRR13234976,low/SRR13234976_1.fastq.gz,low/SRR13234976_2.fastq.gz
SRR13234977,SRR13234977,low/SRR13234977_1.fastq.gz,low/SRR13234977_2.fastq.gz
SRR13234978,SRR13234978,low/SRR13234978_1.fastq.gz,low/SRR13234978_2.fastq.gz
SRR13234979,SRR13234979,low/SRR13234979_1.fastq.gz,low/SRR13234979_2.fastq.gz
SRR13234980,SRR13234980,low/SRR13234980_1.fastq.gz,low/SRR13234980_2.fastq.gz
SRR13234981,SRR13234981,low/SRR13234981_1.fastq.gz,low/SRR13234981_2.fastq.gz
SRR13234982,SRR13234982,low/SRR13234982_1.fastq.gz,low/SRR13234982_2.fastq.gz
SRR13234983,SRR13234983,low/SRR13234983_1.fastq.gz,low/SRR13234983_2.fastq.gz
SRR13234984,SRR13234984,low/SRR13234984_1.fastq.gz,low/SRR13234984_2.fastq.gz
SRR13234985,SRR13234985,low/SRR13234985_1.fastq.gz,low/SRR13234985_2.fastq.gz
SRR13234986,SRR13234986,low/SRR13234986_1.fastq.gz,low/SRR13234986_2.fastq.gz
SRR13234987,SRR13234987,low/SRR13234987_1.fastq.gz,low/SRR13234987_2.fastq.gz
SRR13234988,SRR13234988,low/SRR13234988_1.fastq.gz,low/SRR13234988_2.fastq.gz
SRR13234989,SRR13234989,low/SRR13234989_1.fastq.gz,low/SRR13234989_2.fastq.gz
SRR13234990,SRR13234990,low/SRR13234990_1.fastq.gz,low/SRR13234990_2.fastq.gz
SRR13234991,SRR13234991,low/SRR13234991_1.fastq.gz,low/SRR13234991_2.fastq.gz
SRR13234992,SRR13234992,low/SRR13234992_1.fastq.gz,low/SRR13234992_2.fastq.gz
SRR13234993,SRR13234993,low/SRR13234993_1.fastq.gz,low/SRR13234993_2.fastq.gz
SRR13234994,SRR13234994,low/SRR13234994_1.fastq.gz,low/SRR13234994_2.fastq.gz
SRR13234995,SRR13234995,low/SRR13234995_1.fastq.gz,low/SRR13234995_2.fastq.gz
SRR13234996,SRR13234996,low/SRR13234996_1.fastq.gz,low/SRR13234996_2.fastq.gz
SRR13234997,SRR13234997,low/SRR13234997_1.fastq.gz,low/SRR13234997_2.fastq.gz
SRR13234998,SRR13234998,low/SRR13234998_1.fastq.gz,low/SRR13234998_2.fastq.gz
SRR13234999,SRR13234999,low/SRR13234999_1.fastq.gz,low/SRR13234999_2.fastq.gz
SRR13235000,SRR13235000,low/SRR13235000_1.fastq.gz,low/SRR13235000_2.fastq.gz
SRR13235001,SRR13235001,low/SRR13235001_1.fastq.gz,low/SRR13235001_2.fastq.gz
SRR13235002,SRR13235002,low/SRR13235002_1.fastq.gz,low/SRR13235002_2.fastq.gz
SRR13235003,SRR13235003,low/SRR13235003_1.fastq.gz,low/SRR13235003_2.fastq.gz
SRR13235004,SRR13235004,low/SRR13235004_1.fastq.gz,low/SRR13235004_2.fastq.gz
SRR13235005,SRR13235005,low/SRR13235005_1.fastq.gz,low/SRR13235005_2.fastq.gz
SRR13235006,SRR13235006,low/SRR13235006_1.fastq.gz,low/SRR13235006_2.fastq.gz
SRR13235007,SRR13235007,low/SRR13235007_1.fastq.gz,low/SRR13235007_2.fastq.gz
SRR13235008,SRR13235008,low/SRR13235008_1.fastq.gz,low/SRR13235008_2.fastq.gz
SRR13235009,SRR13235009,low/SRR13235009_1.fastq.gz,low/SRR13235009_2.fastq.gz
SRR13235010,SRR13235010,low/SRR13235010_1.fastq.gz,low/SRR13235010_2.fastq.gz
SRR13235011,SRR13235011,low/SRR13235011_1.fastq.gz,low/SRR13235011_2.fastq.gz
SRR13235012,SRR13235012,low/SRR13235012_1.fastq.gz,low/SRR13235012_2.fastq.gz
SRR13235013,SRR13235013,low/SRR13235013_1.fastq.gz,low/SRR13235013_2.fastq.gz
SRR13235014,SRR13235014,low/SRR13235014_1.fastq.gz,low/SRR13235014_2.fastq.gz
SRR13235015,SRR13235015,low/SRR13235015_1.fastq.gz,low/SRR13235015_2.fastq.gz
SRR13235016,SRR13235016,low/SRR13235016_1.fastq.gz,low/SRR13235016_2.fastq.gz
SRR13235017,SRR13235017,low/SRR13235017_1.fastq.gz,low/SRR13235017_2.fastq.gz
SRR13235018,SRR13235018,low/SRR13235018_1.fastq.gz,low/SRR13235018_2.fastq.gz
SRR13235019,SRR13235019,low/SRR13235019_1.fastq.gz,low/SRR13235019_2.fastq.gz
SRR13235020,SRR13235020,low/SRR13235020_1.fastq.gz,low/SRR13235020_2.fastq.gz
SRR13235021,SRR13235021,low/SRR13235021_1.fastq.gz,low/SRR13235021_2.fastq.gz
SRR13235022,SRR13235022,low/SRR13235022_1.fastq.gz,low/SRR13235022_2.fastq.gz
SRR13235023,SRR13235023,low/SRR13235023_1.fastq.gz,low/SRR13235023_2.fastq.gz
SRR13235024,SRR13235024,low/SRR13235024_1.fastq.gz,low/SRR13235024_2.fastq.gz
SRR13235025,SRR13235025,low/SRR13235025_1.fastq.gz,low/SRR13235025_2.fastq.gz
SRR13235026,SRR13235026,low/SRR13235026_1.fastq.gz,low/SRR13235026_2.fastq.gz
SRR13235027,SRR13235027,low/SRR13235027_1.fastq.gz,low/SRR13235027_2.fastq.gz
SRR13235028,SRR13235028,low/SRR13235028_1.fastq.gz,low/SRR13235028_2.fastq.gz
SRR13235029,SRR13235029,low/SRR13235029_1.fastq.gz,low/SRR13235029_2.fastq.gz
SRR13235030,SRR13235030,low/SRR13235030_1.fastq.gz,low/SRR13235030_2.fastq.gz
SRR13235031,SRR13235031,low/SRR13235031_1.fastq.gz,low/SRR13235031_2.fastq.gz
SRR13235032,SRR13235032,low/SRR13235032_1.fastq.gz,low/SRR13235032_2.fastq.gz
SRR13235033,SRR13235033,low/SRR13235033_1.fastq.gz,low/SRR13235033_2.fastq.gz
SRR13235034,SRR13235034,low/SRR13235034_1.fastq.gz,low/SRR13235034_2.fastq.gz
SRR13235035,SRR13235035,low/SRR13235035_1.fastq.gz,low/SRR13235035_2.fastq.gz
SRR13235036,SRR13235036,low/SRR13235036_1.fastq.gz,low/SRR13235036_2.fastq.gz
SRR13235037,SRR13235037,low/SRR13235037_1.fastq.gz,low/SRR13235037_2.fastq.gz
SRR13235038,SRR13235038,low/SRR13235038_1.fastq.gz,low/SRR13235038_2.fastq.gz
SRR13235039,SRR13235039,low/SRR13235039_1.fastq.gz,low/SRR13235039_2.fastq.gz
SRR13235040,SRR13235040,low/SRR13235040_1.fastq.gz,low/SRR13235040_2.fastq.gz
SRR13235041,SRR13235041,low/SRR13235041_1.fastq.gz,low/SRR13235041_2.fastq.gz
SRR13235042,SRR13235042,low/SRR13235042_1.fastq.gz,low/SRR13235042_2.fastq.gz
SRR13235043,SRR13235043,low/SRR13235043_1.fastq.gz,low/SRR13235043_2.fastq.gz
SRR13235044,SRR13235044,low/SRR13235044_1.fastq.gz,low/SRR13235044_2.fastq.gz
SRR13235045,SRR13235045,low/SRR13235045_1.fastq.gz,low/SRR13235045_2.fastq.gz
SRR13235046,SRR13235046,low/SRR13235046_1.fastq.gz,low/SRR13235046_2.fastq.gz
SRR13235047,SRR13235047,low/SRR13235047_1.fastq.gz,low/SRR13235047_2.fastq.gz
SRR13235048,SRR13235048,low/SRR13235048_1.fastq.gz,low/SRR13235048_2.fastq.gz
SRR13235049,SRR13235049,low/SRR13235049_1.fastq.gz,low/SRR13235049_2.fastq.gz
SRR13235050,SRR13235050,low/SRR13235050_1.fastq.gz,low/SRR13235050_2.fastq.gz
SRR13235051,SRR13235051,low/SRR13235051_1.fastq.gz,low/SRR13235051_2.fastq.gz
SRR13235052,SRR13235052,low/SRR13235052_1.fastq.gz,low/SRR13235052_2.fastq.gz
SRR13235053,SRR13235053,low/SRR13235053_1.fastq.gz,low/SRR13235053_2.fastq.gz
SRR13235054,SRR13235054,low/SRR13235054_1.fastq.gz,low/SRR13235054_2.fastq.gz
SRR13235055,SRR13235055,low/SRR13235055_1.fastq.gz,low/SRR13235055_2.fastq.gz
SRR13235056,SRR13235056,low/SRR13235056_1.fastq.gz,low/SRR13235056_2.fastq.gz
SRR13235057,SRR13235057,low/SRR13235057_1.fastq.gz,low/SRR13235057_2.fastq.gz
SRR13235058,SRR13235058,low/SRR13235058_1.fastq.gz,low/SRR13235058_2.fastq.gz
SRR13235059,SRR13235059,low/SRR13235059_1.fastq.gz,low/SRR13235059_2.fastq.gz
SRR13235060,SRR13235060,low/SRR13235060_1.fastq.gz,low/SRR13235060_2.fastq.gz
SRR13235061,SRR13235061,low/SRR13235061_1.fastq.gz,low/SRR13235061_2.fastq.gz
SRR13235062,SRR13235062,low/SRR13235062_1.fastq.gz,low/SRR13235062_2.fastq.gz
SRR13235063,SRR13235063,low/SRR13235063_1.fastq.gz,low/SRR13235063_2.fastq.gz
SRR13235064,SRR13235064,low/SRR13235064_1.fastq.gz,low/SRR13235064_2.fastq.gz
SRR13235065,SRR13235065,low/SRR13235065_1.fastq.gz,low/SRR13235065_2.fastq.gz
SRR13235066,SRR13235066,low/SRR13235066_1.fastq.gz,low/SRR13235066_2.fastq.gz
SRR13235067,SRR13235067,low/SRR13235067_1.fastq.gz,low/SRR13235067_2.fastq.gz
SRR13235068,SRR13235068,low/SRR13235068_1.fastq.gz,low/SRR13235068_2.fastq.gz
SRR13235069,SRR13235069,low/SRR13235069_1.fastq.gz,low/SRR13235069_2.fastq.gz
SRR13235070,SRR13235070,low/SRR13235070_1.fastq.gz,low/SRR13235070_2.fastq.gz
SRR13235071,SRR13235071,low/SRR13235071_1.fastq.gz,low/SRR13235071_2.fastq.gz
SRR13235072,SRR13235072,low/SRR13235072_1.fastq.gz,low/SRR13235072_2.fastq.gz
SRR13235073,SRR13235073,low/SRR13235073_1.fastq.gz,low/SRR13235073_2.fastq.gz
SRR13235074,SRR13235074,low/SRR13235074_1.fastq.gz,low/SRR13235074_2.fastq.gz
SRR13235075,SRR13235075,low/SRR13235075_1.fastq.gz,low/SRR13235075_2.fastq.gz
SRR13235076,SRR13235076,low/SRR13235076_1.fastq.gz,low/SRR13235076_2.fastq.gz
SRR13235077,SRR13235077,low/SRR13235077_1.fastq.gz,low/SRR13235077_2.fastq.gz
SRR13235078,SRR13235078,low/SRR13235078_1.fastq.gz,low/SRR13235078_2.fastq.gz
SRR13235079,SRR13235079,low/SRR13235079_1.fastq.gz,low/SRR13235079_2.fastq.gz
SRR13235080,SRR13235080,low/SRR13235080_1.fastq.gz,low/SRR13235080_2.fastq.gz
SRR13235081,SRR13235081,low/SRR13235081_1.fastq.gz,low/SRR13235081_2.fastq.gz
SRR13235082,SRR13235082,low/SRR13235082_1.fastq.gz,low/SRR13235082_2.fastq.gz
SRR13235083,SRR13235083,low/SRR13235083_1.fastq.gz,low/SRR13235083_2.fastq.gz
SRR13235084,SRR13235084,low/SRR13235084_1.fastq.gz,low/SRR13235084_2.fastq.gz
SRR13235085,SRR13235085,low/SRR13235085_1.fastq.gz,low/SRR13235085_2.fastq.gz
SRR13235086,SRR13235086,low/SRR13235086_1.fastq.gz,low/SRR13235086_2.fastq.gz
SRR13235087,SRR13235087,low/SRR13235087_1.fastq.gz,low/SRR13235087_2.fastq.gz
SRR13235088,SRR13235088,low/SRR13235088_1.fastq.gz,low/SRR13235088_2.fastq.gz
SRR13235089,SRR13235089,low/SRR13235089_1.fastq.gz,low/SRR13235089_2.fastq.gz
SRR13235090,SRR13235090,low/SRR13235090_1.fastq.gz,low/SRR13235090_2.fastq.gz
SRR13235091,SRR13235091,low/SRR13235091_1.fastq.gz,low/SRR13235091_2.fastq.gz
SRR13235092,SRR13235092,low/SRR13235092_1.fastq.gz,low/SRR13235092_2.fastq.gz
SRR13235093,SRR13235093,low/SRR13235093_1.fastq.gz,low/SRR13235093_2.fastq.gz
SRR13235094,SRR13235094,low/SRR13235094_1.fastq.gz,low/SRR13235094_2.fastq.gz
SRR13235095,SRR13235095,low/SRR13235095_1.fastq.gz,low/SRR13235095_2.fastq.gz
SRR13235096,SRR13235096,low/SRR13235096_1.fastq.gz,low/SRR13235096_2.fastq.gz
SRR13235097,SRR13235097,low/SRR13235097_1.fastq.gz,low/SRR13235097_2.fastq.gz
SRR13235098,SRR13235098,low/SRR13235098_1.fastq.gz,low/SRR13235098_2.fastq.gz
SRR13235099,SRR13235099,low/SRR13235099_1.fastq.gz,low/SRR13235099_2.fastq.gz
SRR13235100,SRR13235100,low/SRR13235100_1.fastq.gz,low/SRR13235100_2.fastq.gz
SRR13235101,SRR13235101,low/SRR13235101_1.fastq.gz,low/SRR13235101_2.fastq.gz
SRR13235102,SRR13235102,low/SRR13235102_1.fastq.gz,low/SRR13235102_2.fastq.gz
SRR13235103,SRR13235103,low/SRR13235103_1.fastq.gz,low/SRR13235103_2.fastq.gz
SRR13235104,SRR13235104,low/SRR13235104_1.fastq.gz,low/SRR13235104_2.fastq.gz
SRR13235105,SRR13235105,low/SRR13235105_1.fastq.gz,low/SRR13235105_2.fastq.gz
SRR13235106,SRR13235106,low/SRR13235106_1.fastq.gz,low/SRR13235106_2.fastq.gz
SRR13235107,SRR13235107,low/SRR13235107_1.fastq.gz,low/SRR13235107_2.fastq.gz
SRR13235108,SRR13235108,low/SRR13235108_1.fastq.gz,low/SRR13235108_2.fastq.gz
SRR13235109,SRR13235109,low/SRR13235109_1.fastq.gz,low/SRR13235109_2.fastq.gz
SRR13235110,SRR13235110,low/SRR13235110_1.fastq.gz,low/SRR13235110_2.fastq.gz
SRR13235111,SRR13235111,low/SRR13235111_1.fastq.gz,low/SRR13235111_2.fastq.gz
SRR13235112,SRR13235112,low/SRR13235112_1.fastq.gz,low/SRR13235112_2.fastq.gz
SRR13235113,SRR13235113,low/SRR13235113_1.fastq.gz,low/SRR13235113_2.fastq.gz
SRR13235114,SRR13235114,low/SRR13235114_1.fastq.gz,low/SRR13235114_2.fastq.gz
SRR13235115,SRR13235115,low/SRR13235115_1.fastq.gz,low/SRR13235115_2.fastq.gz
SRR13235116,SRR13235116,low/SRR13235116_1.fastq.gz,low/SRR13235116_2.fastq.gz
SRR13235117,SRR13235117,low/SRR13235117_1.fastq.gz,low/SRR13235117_2.fastq.gz
SRR13235118,SRR13235118,low/SRR13235118_1.fastq.gz,low/SRR13235118_2.fastq.gz
SRR13235119,SRR13235119,low/SRR13235119_1.fastq.gz,low/SRR13235119_2.fastq.gz
SRR13235120,SRR13235120,low/SRR13235120_1.fastq.gz,low/SRR13235120_2.fastq.gz
SRR13235121,SRR13235121,low/SRR13235121_1.fastq.gz,low/SRR13235121_2.fastq.gz
SRR13235122,SRR13235122,low/SRR13235122_1.fastq.gz,low/SRR13235122_2.fastq.gz
SRR13235123,SRR13235123,low/SRR13235123_1.fastq.gz,low/SRR13235123_2.fastq.gz
SRR13235124,SRR13235124,low/SRR13235124_1.fastq.gz,low/SRR13235124_2.fastq.gz
SRR13235125,SRR13235125,low/SRR13235125_1.fastq.gz,low/SRR13235125_2.fastq.gz
SRR13235126,SRR13235126,low/SRR13235126_1.fastq.gz,low/SRR13235126_2.fastq.gz
SRR13235127,SRR13235127,low/SRR13235127_1.fastq.gz,low/SRR13235127_2.fastq.gz
SRR13235128,SRR13235128,low/SRR13235128_1.fastq.gz,low/SRR13235128_2.fastq.gz
SRR13235129,SRR13235129,low/SRR13235129_1.fastq.gz,low/SRR13235129_2.fastq.gz
SRR13235130,SRR13235130,low/SRR13235130_1.fastq.gz,low/SRR13235130_2.fastq.gz
SRR13235131,SRR13235131,low/SRR13235131_1.fastq.gz,low/SRR13235131_2.fastq.gz
SRR13235132,SRR13235132,low/SRR13235132_1.fastq.gz,low/SRR13235132_2.fastq.gz
SRR13235133,SRR13235133,low/SRR13235133_1.fastq.gz,low/SRR13235133_2.fastq.gz
SRR13235134,SRR13235134,low/SRR13235134_1.fastq.gz,low/SRR13235134_2.fastq.gz
SRR13235135,SRR13235135,low/SRR13235135_1.fastq.gz,low/SRR13235135_2.fastq.gz
SRR13235136,SRR13235136,low/SRR13235136_1.fastq.gz,low/SRR13235136_2.fastq.gz
SRR13235137,SRR13235137,low/SRR13235137_1.fastq.gz,low/SRR13235137_2.fastq.gz
SRR13235138,SRR13235138,low/SRR13235138_1.fastq.gz,low/SRR13235138_2.fastq.gz
SRR13235139,SRR13235139,low/SRR13235139_1.fastq.gz,low/SRR13235139_2.fastq.gz
SRR13235140,SRR13235140,low/SRR13235140_1.fastq.gz,low/SRR13235140_2.fastq.gz
SRR13235141,SRR13235141,low/SRR13235141_1.fastq.gz,low/SRR13235141_2.fastq.gz
SRR13235142,SRR13235142,low/SRR13235142_1.fastq.gz,low/SRR13235142_2.fastq.gz
SRR13235143,SRR13235143,low/SRR13235143_1.fastq.gz,low/SRR13235143_2.fastq.gz
SRR13235144,SRR13235144,low/SRR13235144_1.fastq.gz,low/SRR13235144_2.fastq.gz
SRR13235145,SRR13235145,low/SRR13235145_1.fastq.gz,low/SRR13235145_2.fastq.gz
SRR13235146,SRR13235146,low/SRR13235146_1.fastq.gz,low/SRR13235146_2.fastq.gz
SRR13235147,SRR13235147,low/SRR13235147_1.fastq.gz,low/SRR13235147_2.fastq.gz
SRR13235148,SRR13235148,low/SRR13235148_1.fastq.gz,low/SRR13235148_2.fastq.gz
SRR13235149,SRR13235149,low/SRR13235149_1.fastq.gz,low/SRR13235149_2.fastq.gz
SRR13235150,SRR13235150,low/SRR13235150_1.fastq.gz,low/SRR13235150_2.fastq.gz
SRR13235151,SRR13235151,low/SRR13235151_1.fastq.gz,low/SRR13235151_2.fastq.gz
SRR13235152,SRR13235152,low/SRR13235152_1.fastq.gz,low/SRR13235152_2.fastq.gz
SRR13235153,SRR13235153,low/SRR13235153_1.fastq.gz,low/SRR13235153_2.fastq.gz
SRR13235154,SRR13235154,low/SRR13235154_1.fastq.gz,low/SRR13235154_2.fastq.gz
SRR13235155,SRR13235155,low/SRR13235155_1.fastq.gz,low/SRR13235155_2.fastq.gz
SRR13235156,SRR13235156,low/SRR13235156_1.fastq.gz,low/SRR13235156_2.fastq.gz
SRR13235157,SRR13235157,low/SRR13235157_1.fastq.gz,low/SRR13235157_2.fastq.gz
SRR13235158,SRR13235158,low/SRR13235158_1.fastq.gz,low/SRR13235158_2.fastq.gz
SRR13235159,SRR13235159,low/SRR13235159_1.fastq.gz,low/SRR13235159_2.fastq.gz
SRR13235160,SRR13235160,low/SRR13235160_1.fastq.gz,low/SRR13235160_2.fastq.gz
SRR13235161,SRR13235161,low/SRR13235161_1.fastq.gz,low/SRR13235161_2.fastq.gz
SRR13235162,SRR13235162,low/SRR13235162_1.fastq.gz,low/SRR13235162_2.fastq.gz
SRR13235163,SRR13235163,low/SRR13235163_1.fastq.gz,low/SRR13235163_2.fastq.gz
SRR13235164,SRR13235164,low/SRR13235164_1.fastq.gz,low/SRR13235164_2.fastq.gz
SRR13235165,SRR13235165,low/SRR13235165_1.fastq.gz,low/SRR13235165_2.fastq.gz
SRR13235166,SRR13235166,low/SRR13235166_1.fastq.gz,low/SRR13235166_2.fastq.gz
SRR13235167,SRR13235167,low/SRR13235167_1.fastq.gz,low/SRR13235167_2.fastq.gz
SRR13235168,SRR13235168,low/SRR13235168_1.fastq.gz,low/SRR13235168_2.fastq.gz
SRR13235169,SRR13235169,low/SRR13235169_1.fastq.gz,low/SRR13235169_2.fastq.gz
SRR13235170,SRR13235170,low/SRR13235170_1.fastq.gz,low/SRR13235170_2.fastq.gz
SRR13235171,SRR13235171,low/SRR13235171_1.fastq.gz,low/SRR13235171_2.fastq.gz
SRR13235172,SRR13235172,low/SRR13235172_1.fastq.gz,low/SRR13235172_2.fastq.gz
SRR13235173,SRR13235173,low/SRR13235173_1.fastq.gz,low/SRR13235173_2.fastq.gz
SRR13235174,SRR13235174,low/SRR13235174_1.fastq.gz,low/SRR13235174_2.fastq.gz
SRR13235175,SRR13235175,low/SRR13235175_1.fastq.gz,low/SRR13235175_2.fastq.gz
SRR13235176,SRR13235176,low/SRR13235176_1.fastq.gz,low/SRR13235176_2.fastq.gz
SRR13235177,SRR13235177,low/SRR13235177_1.fastq.gz,low/SRR13235177_2.fastq.gz
SRR13235178,SRR13235178,low/SRR13235178_1.fastq.gz,low/SRR13235178_2.fastq.gz
SRR13235179,SRR13235179,low/SRR13235179_1.fastq.gz,low/SRR13235179_2.fastq.gz
SRR13235180,SRR13235180,low/SRR13235180_1.fastq.gz,low/SRR13235180_2.fastq.gz
SRR13235181,SRR13235181,low/SRR13235181_1.fastq.gz,low/SRR13235181_2.fastq.gz
SRR13235182,SRR13235182,low/SRR13235182_1.fastq.gz,low/SRR13235182_2.fastq.gz
SRR13235183,SRR13235183,low/SRR13235183_1.fastq.gz,low/SRR13235183_2.fastq.gz
SRR13235184,SRR13235184,low/SRR13235184_1.fastq.gz,low/SRR13235184_2.fastq.gz
SRR13235185,SRR13235185,low/SRR13235185_1.fastq.gz,low/SRR13235185_2.fastq.gz
SRR13235186,SRR13235186,low/SRR13235186_1.fastq.gz,low/SRR13235186_2.fastq.gz
SRR13235187,SRR13235187,low/SRR13235187_1.fastq.gz,low/SRR13235187_2.fastq.gz
SRR13235188,SRR13235188,low/SRR13235188_1.fastq.gz,low/SRR13235188_2.fastq.gz
SRR13235189,SRR13235189,low/SRR13235189_1.fastq.gz,low/SRR13235189_2.fastq.gz
SRR13235190,SRR13235190,low/SRR13235190_1.fastq.gz,low/SRR13235190_2.fastq.gz
SRR13235191,SRR13235191,low/SRR13235191_1.fastq.gz,low/SRR13235191_2.fastq.gz
SRR13235192,SRR13235192,low/SRR13235192_1.fastq.gz,low/SRR13235192_2.fastq.gz
SRR13235193,SRR13235193,low/SRR13235193_1.fastq.gz,low/SRR13235193_2.fastq.gz
SRR13235194,SRR13235194,low/SRR13235194_1.fastq.gz,low/SRR13235194_2.fastq.gz
SRR13235195,SRR13235195,low/SRR13235195_1.fastq.gz,low/SRR13235195_2.fastq.gz
SRR13235196,SRR13235196,low/SRR13235196_1.fastq.gz,low/SRR13235196_2.fastq.gz
SRR13235197,SRR13235197,low/SRR13235197_1.fastq.gz,low/SRR13235197_2.fastq.gz
SRR13235198,SRR13235198,low/SRR13235198_1.fastq.gz,low/SRR13235198_2.fastq.gz
SRR13235199,SRR13235199,low/SRR13235199_1.fastq.gz,low/SRR13235199_2.fastq.gz
SRR13235200,SRR13235200,low/SRR13235200_1.fastq.gz,low/SRR13235200_2.fastq.gz
SRR13235201,SRR13235201,low/SRR13235201_1.fastq.gz,low/SRR13235201_2.fastq.gz
SRR13235202,SRR13235202,low/SRR13235202_1.fastq.gz,low/SRR13235202_2.fastq.gz
SRR13235203,SRR13235203,low/SRR13235203_1.fastq.gz,low/SRR13235203_2.fastq.gz
SRR13235204,SRR13235204,low/SRR13235204_1.fastq.gz,low/SRR13235204_2.fastq.gz
SRR13235205,SRR13235205,low/SRR13235205_1.fastq.gz,low/SRR13235205_2.fastq.gz
SRR13235206,SRR13235206,low/SRR13235206_1.fastq.gz,low/SRR13235206_2.fastq.gz
SRR13235207,SRR13235207,low/SRR13235207_1.fastq.gz,low/SRR13235207_2.fastq.gz
SRR13235208,SRR13235208,low/SRR13235208_1.fastq.gz,low/SRR13235208_2.fastq.gz
SRR13235209,SRR13235209,low/SRR13235209_1.fastq.gz,low/SRR13235209_2.fastq.gz
SRR13235210,SRR13235210,low/SRR13235210_1.fastq.gz,low/SRR13235210_2.fastq.gz
SRR13235211,SRR13235211,low/SRR13235211_1.fastq.gz,low/SRR13235211_2.fastq.gz
SRR13235212,SRR13235212,low/SRR13235212_1.fastq.gz,low/SRR13235212_2.fastq.gz
SRR13235213,SRR13235213,low/SRR13235213_1.fastq.gz,low/SRR13235213_2.fastq.gz
SRR13235214,SRR13235214,low/SRR13235214_1.fastq.gz,low/SRR13235214_2.fastq.gz
SRR13235215,SRR13235215,low/SRR13235215_1.fastq.gz,low/SRR13235215_2.fastq.gz
SRR13235216,SRR13235216,low/SRR13235216_1.fastq.gz,low/SRR13235216_2.fastq.gz
SRR13235217,SRR13235217,low/SRR13235217_1.fastq.gz,low/SRR13235217_2.fastq.gz
SRR13235218,SRR13235218,low/SRR13235218_1.fastq.gz,low/SRR13235218_2.fastq.gz
SRR13235219,SRR13235219,low/SRR13235219_1.fastq.gz,low/SRR13235219_2.fastq.gz
SRR13235220,SRR13235220,low/SRR13235220_1.fastq.gz,low/SRR13235220_2.fastq.gz
SRR13235221,SRR13235221,low/SRR13235221_1.fastq.gz,low/SRR13235221_2.fastq.gz
SRR13235222,SRR13235222,low/SRR13235222_1.fastq.gz,low/SRR13235222_2.fastq.gz
SRR13235223,SRR13235223,low/SRR13235223_1.fastq.gz,low/SRR13235223_2.fastq.gz
SRR13235224,SRR13235224,low/SRR13235224_1.fastq.gz,low/SRR13235224_2.fastq.gz
SRR13235225,SRR13235225,low/SRR13235225_1.fastq.gz,low/SRR13235225_2.fastq.gz
SRR13235226,SRR13235226,low/SRR13235226_1.fastq.gz,low/SRR13235226_2.fastq.gz
SRR13235227,SRR13235227,low/SRR13235227_1.fastq.gz,low/SRR13235227_2.fastq.gz
SRR13235228,SRR13235228,low/SRR13235228_1.fastq.gz,low/SRR13235228_2.fastq.gz
SRR13235229,SRR13235229,low/SRR13235229_1.fastq.gz,low/SRR13235229_2.fastq.gz
SRR13235230,SRR13235230,low/SRR13235230_1.fastq.gz,low/SRR13235230_2.fastq.gz
SRR13235231,SRR13235231,low/SRR13235231_1.fastq.gz,low/SRR13235231_2.fastq.gz
SRR13235232,SRR13235232,low/SRR13235232_1.fastq.gz,low/SRR13235232_2.fastq.gz
SRR13235233,SRR13235233,low/SRR13235233_1.fastq.gz,low/SRR13235233_2.fastq.gz
SRR13235234,SRR13235234,low/SRR13235234_1.fastq.gz,low/SRR13235234_2.fastq.gz
SRR13235235,SRR13235235,low/SRR13235235_1.fastq.gz,low/SRR13235235_2.fastq.gz
SRR13235236,SRR13235236,low/SRR13235236_1.fastq.gz,low/SRR13235236_2.fastq.gz
SRR13235237,SRR13235237,low/SRR13235237_1.fastq.gz,low/SRR13235237_2.fastq.gz
SRR13235238,SRR13235238,low/SRR13235238_1.fastq.gz,low/SRR13235238_2.fastq.gz
SRR13235239,SRR13235239,low/SRR13235239_1.fastq.gz,low/SRR13235239_2.fastq.gz
SRR13235240,SRR13235240,low/SRR13235240_1.fastq.gz,low/SRR13235240_2.fastq.gz
SRR13235241,SRR13235241,low/SRR13235241_1.fastq.gz,low/SRR13235241_2.fastq.gz
SRR13235242,SRR13235242,low/SRR13235242_1.fastq.gz,low/SRR13235242_2.fastq.gz
SRR13235243,SRR13235243,low/SRR13235243_1.fastq.gz,low/SRR13235243_2.fastq.gz
SRR13235244,SRR13235244,low/SRR13235244_1.fastq.gz,low/SRR13235244_2.fastq.gz
SRR13235245,SRR13235245,low/SRR13235245_1.fastq.gz,low/SRR13235245_2.fastq.gz
SRR13235246,SRR13235246,low/SRR13235246_1.fastq.gz,low/SRR13235246_2.fastq.gz
SRR13235247,SRR13235247,low/SRR13235247_1.fastq.gz,low/SRR13235247_2.fastq.gz
SRR13235248,SRR13235248,low/SRR13235248_1.fastq.gz,low/SRR13235248_2.fastq.gz
SRR13235249,SRR13235249,low/SRR13235249_1.fastq.gz,low/SRR13235249_2.fastq.gz
SRR13235250,SRR13235250,low/SRR13235250_1.fastq.gz,low/SRR13235250_2.fastq.gz
SRR13235251,SRR13235251,low/SRR13235251_1.fastq.gz,low/SRR13235251_2.fastq.gz
SRR13235252,SRR13235252,low/SRR13235252_1.fastq.gz,low/SRR13235252_2.fastq.gz
SRR13235253,SRR13235253,low/SRR13235253_1.fastq.gz,low/SRR13235253_2.fastq.gz
SRR13235254,SRR13235254,low/SRR13235254_1.fastq.gz,low/SRR13235254_2.fastq.gz
SRR13235255,SRR13235255,low/SRR13235255_1.fastq.gz,low/SRR13235255_2.fastq.gz
SRR13235256,SRR13235256,low/SRR13235256_1.fastq.gz,low/SRR13235256_2.fastq.gz
SRR13235257,SRR13235257,low/SRR13235257_1.fastq.gz,low/SRR13235257_2.fastq.gz
SRR13235258,SRR13235258,low/SRR13235258_1.fastq.gz,low/SRR13235258_2.fastq.gz
SRR13235259,SRR13235259,low/SRR13235259_1.fastq.gz,low/SRR13235259_2.fastq.gz
SRR13235260,SRR13235260,low/SRR13235260_1.fastq.gz,low/SRR13235260_2.fastq.gz
SRR13235261,SRR13235261,low/SRR13235261_1.fastq.gz,low/SRR13235261_2.fastq.gz
SRR13235262,SRR13235262,low/SRR13235262_1.fastq.gz,low/SRR13235262_2.fastq.gz
SRR13235263,SRR13235263,low/SRR13235263_1.fastq.gz,low/SRR13235263_2.fastq.gz
SRR13235264,SRR13235264,low/SRR13235264_1.fastq.gz,low/SRR13235264_2.fastq.gz
SRR13235265,SRR13235265,low/SRR13235265_1.fastq.gz,low/SRR13235265_2.fastq.gz
SRR13235266,SRR13235266,low/SRR13235266_1.fastq.gz,low/SRR13235266_2.fastq.gz
SRR13235267,SRR13235267,low/SRR13235267_1.fastq.gz,low/SRR13235267_2.fastq.gz
SRR13235268,SRR13235268,low/SRR13235268_1.fastq.gz,low/SRR13235268_2.fastq.gz
SRR13235269,SRR13235269,low/SRR13235269_1.fastq.gz,low/SRR13235269_2.fastq.gz
SRR13235270,SRR13235270,low/SRR13235270_1.fastq.gz,low/SRR13235270_2.fastq.gz
SRR13235271,SRR13235271,low/SRR13235271_1.fastq.gz,low/SRR13235271_2.fastq.gz
SRR13235272,SRR13235272,low/SRR13235272_1.fastq.gz,low/SRR13235272_2.fastq.gz
SRR13235273,SRR13235273,low/SRR13235273_1.fastq.gz,low/SRR13235273_2.fastq.gz
SRR13235274,SRR13235274,low/SRR13235274_1.fastq.gz,low/SRR13235274_2.fastq.gz
SRR13235275,SRR13235275,low/SRR13235275_1.fastq.gz,low/SRR13235275_2.fastq.gz
SRR13235276,SRR13235276,low/SRR13235276_1.fastq.gz,low/SRR13235276_2.fastq.gz
SRR13235277,SRR13235277,low/SRR13235277_1.fastq.gz,low/SRR13235277_2.fastq.gz
SRR13235278,SRR13235278,low/SRR13235278_1.fastq.gz,low/SRR13235278_2.fastq.gz
SRR13235279,SRR13235279,low/SRR13235279_1.fastq.gz,low/SRR13235279_2.fastq.gz
SRR13235280,SRR13235280,low/SRR13235280_1.fastq.gz,low/SRR13235280_2.fastq.gz
SRR13235281,SRR13235281,low/SRR13235281_1.fastq.gz,low/SRR13235281_2.fastq.gz
SRR13235282,SRR13235282,low/SRR13235282_1.fastq.gz,low/SRR13235282_2.fastq.gz
SRR13235283,SRR13235283,low/SRR13235283_1.fastq.gz,low/SRR13235283_2.fastq.gz
SRR13235284,SRR13235284,low/SRR13235284_1.fastq.gz,low/SRR13235284_2.fastq.gz
SRR13235285,SRR13235285,low/SRR13235285_1.fastq.gz,low/SRR13235285_2.fastq.gz
SRR13235286,SRR13235286,low/SRR13235286_1.fastq.gz,low/SRR13235286_2.fastq.gz
SRR13235287,SRR13235287,low/SRR13235287_1.fastq.gz,low/SRR13235287_2.fastq.gz
SRR13235288,SRR13235288,low/SRR13235288_1.fastq.gz,low/SRR13235288_2.fastq.gz
SRR13235289,SRR13235289,low/SRR13235289_1.fastq.gz,low/SRR13235289_2.fastq.gz
SRR13235290,SRR13235290,low/SRR13235290_1.fastq.gz,low/SRR13235290_2.fastq.gz
SRR13235291,SRR13235291,low/SRR13235291_1.fastq.gz,low/SRR13235291_2.fastq.gz
SRR13235292,SRR13235292,low/SRR13235292_1.fastq.gz,low/SRR13235292_2.fastq.gz
SRR13235293,SRR13235293,low/SRR13235293_1.fastq.gz,low/SRR13235293_2.fastq.gz
SRR13235294,SRR13235294,low/SRR13235294_1.fastq.gz,low/SRR13235294_2.fastq.gz
SRR13235295,SRR13235295,low/SRR13235295_1.fastq.gz,low/SRR13235295_2.fastq.gz
SRR13235296,SRR13235296,low/SRR13235296_1.fastq.gz,low/SRR13235296_2.fastq.gz
SRR13235297,SRR13235297,low/SRR13235297_1.fastq.gz,low/SRR13235297_2.fastq.gz
SRR13235298,SRR13235298,low/SRR13235298_1.fastq.gz,low/SRR13235298_2.fastq.gz
SRR13235299,SRR13235299,low/SRR13235299_1.fastq.gz,low/SRR13235299_2.fastq.gz
SRR13235300,SRR13235300,low/SRR13235300_1.fastq.gz,low/SRR13235300_2.fastq.gz
SRR13235301,SRR13235301,low/SRR13235301_1.fastq.gz,low/SRR13235301_2.fastq.gz
SRR13235302,SRR13235302,low/SRR13235302_1.fastq.gz,low/SRR13235302_2.fastq.gz
SRR13235303,SRR13235303,low/SRR13235303_1.fastq.gz,low/SRR13235303_2.fastq.gz
SRR13235304,SRR13235304,low/SRR13235304_1.fastq.gz,low/SRR13235304_2.fastq.gz
SRR13235305,SRR13235305,low/SRR13235305_1.fastq.gz,low/SRR13235305_2.fastq.gz
SRR13235306,SRR13235306,low/SRR13235306_1.fastq.gz,low/SRR13235306_2.fastq.gz
SRR13235307,SRR13235307,low/SRR13235307_1.fastq.gz,low/SRR13235307_2.fastq.gz
SRR13235308,SRR13235308,low/SRR13235308_1.fastq.gz,low/SRR13235308_2.fastq.gz
SRR13235309,SRR13235309,low/SRR13235309_1.fastq.gz,low/SRR13235309_2.fastq.gz
SRR13235310,SRR13235310,low/SRR13235310_1.fastq.gz,low/SRR13235310_2.fastq.gz
SRR13235311,SRR13235311,low/SRR13235311_1.fastq.gz,low/SRR13235311_2.fastq.gz
SRR13235312,SRR13235312,low/SRR13235312_1.fastq.gz,low/SRR13235312_2.fastq.gz
SRR13235313,SRR13235313,low/SRR13235313_1.fastq.gz,low/SRR13235313_2.fastq.gz
SRR13235314,SRR13235314,low/SRR13235314_1.fastq.gz,low/SRR13235314_2.fastq.gz
SRR13235315,SRR13235315,low/SRR13235315_1.fastq.gz,low/SRR13235315_2.fastq.gz
SRR13235316,SRR13235316,low/SRR13235316_1.fastq.gz,low/SRR13235316_2.fastq.gz
SRR13235317,SRR13235317,low/SRR13235317_1.fastq.gz,low/SRR13235317_2.fastq.gz
SRR13235318,SRR13235318,low/SRR13235318_1.fastq.gz,low/SRR13235318_2.fastq.gz
SRR13235319,SRR13235319,low/SRR13235319_1.fastq.gz,low/SRR13235319_2.fastq.gz
SRR13235320,SRR13235320,low/SRR13235320_1.fastq.gz,low/SRR13235320_2.fastq.gz
SRR13235321,SRR13235321,low/SRR13235321_1.fastq.gz,low/SRR13235321_2.fastq.gz
SRR13235322,SRR13235322,low/SRR13235322_1.fastq.gz,low/SRR13235322_2.fastq.gz
SRR13235323,SRR13235323,low/SRR13235323_1.fastq.gz,low/SRR13235323_2.fastq.gz
SRR13235324,SRR13235324,low/SRR13235324_1.fastq.gz,low/SRR13235324_2.fastq.gz
SRR13235325,SRR13235325,low/SRR13235325_1.fastq.gz,low/SRR13235325_2.fastq.gz
SRR13235326,SRR13235326,low/SRR13235326_1.fastq.gz,low/SRR13235326_2.fastq.gz
SRR13235327,SRR13235327,low/SRR13235327_1.fastq.gz,low/SRR13235327_2.fastq.gz
SRR13235328,SRR13235328,low/SRR13235328_1.fastq.gz,low/SRR13235328_2.fastq.gz
SRR13235329,SRR13235329,low/SRR13235329_1.fastq.gz,low/SRR13235329_2.fastq.gz
SRR13235330,SRR13235330,low/SRR13235330_1.fastq.gz,low/SRR13235330_2.fastq.gz
SRR13235331,SRR13235331,low/SRR13235331_1.fastq.gz,low/SRR13235331_2.fastq.gz
SRR13235332,SRR13235332,low/SRR13235332_1.fastq.gz,low/SRR13235332_2.fastq.gz
SRR13235333,SRR13235333,low/SRR13235333_1.fastq.gz,low/SRR13235333_2.fastq.gz
SRR13235334,SRR13235334,low/SRR13235334_1.fastq.gz,low/SRR13235334_2.fastq.gz
SRR13235335,SRR13235335,low/SRR13235335_1.fastq.gz,low/SRR13235335_2.fastq.gz
SRR13235336,SRR13235336,low/SRR13235336_1.fastq.gz,low/SRR13235336_2.fastq.gz
SRR13235337,SRR13235337,low/SRR13235337_1.fastq.gz,low/SRR13235337_2.fastq.gz
SRR13235338,SRR13235338,low/SRR13235338_1.fastq.gz,low/SRR13235338_2.fastq.gz
SRR13235339,SRR13235339,low/SRR13235339_1.fastq.gz,low/SRR13235339_2.fastq.gz
SRR13235340,SRR13235340,low/SRR13235340_1.fastq.gz,low/SRR13235340_2.fastq.gz
SRR13235341,SRR13235341,low/SRR13235341_1.fastq.gz,low/SRR13235341_2.fastq.gz
SRR13235342,SRR13235342,low/SRR13235342_1.fastq.gz,low/SRR13235342_2.fastq.gz
SRR13235343,SRR13235343,low/SRR13235343_1.fastq.gz,low/SRR13235343_2.fastq.gz
SRR13235344,SRR13235344,low/SRR13235344_1.fastq.gz,low/SRR13235344_2.fastq.gz
SRR13235345,SRR13235345,low/SRR13235345_1.fastq.gz,low/SRR13235345_2.fastq.gz
SRR13235346,SRR13235346,low/SRR13235346_1.fastq.gz,low/SRR13235346_2.fastq.gz
SRR13235347,SRR13235347,low/SRR13235347_1.fastq.gz,low/SRR13235347_2.fastq.gz
SRR13235348,SRR13235348,low/SRR13235348_1.fastq.gz,low/SRR13235348_2.fastq.gz
SRR13235349,SRR13235349,low/SRR13235349_1.fastq.gz,low/SRR13235349_2.fastq.gz
SRR13235350,SRR13235350,low/SRR13235350_1.fastq.gz,low/SRR13235350_2.fastq.gz
SRR13235351,SRR13235351,low/SRR13235351_1.fastq.gz,low/SRR13235351_2.fastq.gz
SRR13235352,SRR13235352,low/SRR13235352_1.fastq.gz,low/SRR13235352_2.fastq.gz
SRR13235353,SRR13235353,low/SRR13235353_1.fastq.gz,low/SRR13235353_2.fastq.gz
SRR13235354,SRR13235354,low/SRR13235354_1.fastq.gz,low/SRR13235354_2.fastq.gz
SRR13235355,SRR13235355,low/SRR13235355_1.fastq.gz,low/SRR13235355_2.fastq.gz
SRR13235356,SRR13235356,low/SRR13235356_1.fastq.gz,low/SRR13235356_2.fastq.gz
SRR13235357,SRR13235357,low/SRR13235357_1.fastq.gz,low/SRR13235357_2.fastq.gz
SRR13235358,SRR13235358,low/SRR13235358_1.fastq.gz,low/SRR13235358_2.fastq.gz
SRR13235359,SRR13235359,low/SRR13235359_1.fastq.gz,low/SRR13235359_2.fastq.gz
SRR13235360,SRR13235360,low/SRR13235360_1.fastq.gz,low/SRR13235360_2.fastq.gz
SRR13235361,SRR13235361,low/SRR13235361_1.fastq.gz,low/SRR13235361_2.fastq.gz
SRR13235362,SRR13235362,low/SRR13235362_1.fastq.gz,low/SRR13235362_2.fastq.gz
SRR13235363,SRR13235363,low/SRR13235363_1.fastq.gz,low/SRR13235363_2.fastq.gz
SRR13235364,SRR13235364,low/SRR13235364_1.fastq.gz,low/SRR13235364_2.fastq.gz
SRR13235365,SRR13235365,low/SRR13235365_1.fastq.gz,low/SRR13235365_2.fastq.gz
SRR13235366,SRR13235366,low/SRR13235366_1.fastq.gz,low/SRR13235366_2.fastq.gz
SRR13235367,SRR13235367,low/SRR13235367_1.fastq.gz,low/SRR13235367_2.fastq.gz
SRR13235368,SRR13235368,low/SRR13235368_1.fastq.gz,low/SRR13235368_2.fastq.gz
SRR13235369,SRR13235369,low/SRR13235369_1.fastq.gz,low/SRR13235369_2.fastq.gz
SRR13235370,SRR13235370,low/SRR13235370_1.fastq.gz,low/SRR13235370_2.fastq.gz
SRR13235371,SRR13235371,low/SRR13235371_1.fastq.gz,low/SRR13235371_2.fastq.gz
SRR13235372,SRR13235372,low/SRR13235372_1.fastq.gz,low/SRR13235372_2.fastq.gz
SRR13235373,SRR13235373,low/SRR13235373_1.fastq.gz,low/SRR13235373_2.fastq.gz
SRR13235374,SRR13235374,low/SRR13235374_1.fastq.gz,low/SRR13235374_2.fastq.gz
SRR13235375,SRR13235375,low/SRR13235375_1.fastq.gz,low/SRR13235375_2.fastq.gz
SRR13235376,SRR13235376,low/SRR13235376_1.fastq.gz,low/SRR13235376_2.fastq.gz
SRR13235377,SRR13235377,low/SRR13235377_1.fastq.gz,low/SRR13235377_2.fastq.gz
SRR13235378,SRR13235378,low/SRR13235378_1.fastq.gz,low/SRR13235378_2.fastq.gz
SRR13235379,SRR13235379,low/SRR13235379_1.fastq.gz,low/SRR13235379_2.fastq.gz
SRR13235380,SRR13235380,low/SRR13235380_1.fastq.gz,low/SRR13235380_2.fastq.gz
SRR13235381,SRR13235381,low/SRR13235381_1.fastq.gz,low/SRR13235381_2.fastq.gz
SRR13235382,SRR13235382,low/SRR13235382_1.fastq.gz,low/SRR13235382_2.fastq.gz
SRR13235383,SRR13235383,low/SRR13235383_1.fastq.gz,low/SRR13235383_2.fastq.gz
SRR13235384,SRR13235384,low/SRR13235384_1.fastq.gz,low/SRR13235384_2.fastq.gz
SRR13235385,SRR13235385,low/SRR13235385_1.fastq.gz,low/SRR13235385_2.fastq.gz
SRR13235386,SRR13235386,low/SRR13235386_1.fastq.gz,low/SRR13235386_2.fastq.gz
SRR13235387,SRR13235387,low/SRR13235387_1.fastq.gz,low/SRR13235387_2.fastq.gz
SRR13235388,SRR13235388,low/SRR13235388_1.fastq.gz,low/SRR13235388_2.fastq.gz
SRR13235389,SRR13235389,low/SRR13235389_1.fastq.gz,low/SRR13235389_2.fastq.gz
SRR13235390,SRR13235390,low/SRR13235390_1.fastq.gz,low/SRR13235390_2.fastq.gz
SRR13235391,SRR13235391,low/SRR13235391_1.fastq.gz,low/SRR13235391_2.fastq.gz
SRR13235392,SRR13235392,low/SRR13235392_1.fastq.gz,low/SRR13235392_2.fastq.gz
SRR13235393,SRR13235393,low/SRR13235393_1.fastq.gz,low/SRR13235393_2.fastq.gz
SRR13235394,SRR13235394,low/SRR13235394_1.fastq.gz,low/SRR13235394_2.fastq.gz
SRR13235395,SRR13235395,low/SRR13235395_1.fastq.gz,low/SRR13235395_2.fastq.gz
SRR13235396,SRR13235396,low/SRR13235396_1.fastq.gz,low/SRR13235396_2.fastq.gz
SRR13235397,SRR13235397,low/SRR13235397_1.fastq.gz,low/SRR13235397_2.fastq.gz
SRR13235398,SRR13235398,low/SRR13235398_1.fastq.gz,low/SRR13235398_2.fastq.gz
SRR13235399,SRR13235399,low/SRR13235399_1.fastq.gz,low/SRR13235399_2.fastq.gz
SRR13235400,SRR13235400,low/SRR13235400_1.fastq.gz,low/SRR13235400_2.fastq.gz
SRR13235401,SRR13235401,low/SRR13235401_1.fastq.gz,low/SRR13235401_2.fastq.gz
SRR13235402,SRR13235402,low/SRR13235402_1.fastq.gz,low/SRR13235402_2.fastq.gz
SRR13235403,SRR13235403,low/SRR13235403_1.fastq.gz,low/SRR13235403_2.fastq.gz
SRR13235404,SRR13235404,low/SRR13235404_1.fastq.gz,low/SRR13235404_2.fastq.gz
SRR13235405,SRR13235405,low/SRR13235405_1.fastq.gz,low/SRR13235405_2.fastq.gz
SRR13235406,SRR13235406,low/SRR13235406_1.fastq.gz,low/SRR13235406_2.fastq.gz
SRR13235407,SRR13235407,low/SRR13235407_1.fastq.gz,low/SRR13235407_2.fastq.gz
SRR13235408,SRR13235408,low/SRR13235408_1.fastq.gz,low/SRR13235408_2.fastq.gz
SRR13235409,SRR13235409,low/SRR13235409_1.fastq.gz,low/SRR13235409_2.fastq.gz
SRR13235410,SRR13235410,low/SRR13235410_1.fastq.gz,low/SRR13235410_2.fastq.gz
SRR13235411,SRR13235411,low/SRR13235411_1.fastq.gz,low/SRR13235411_2.fastq.gz
SRR13235412,SRR13235412,low/SRR13235412_1.fastq.gz,low/SRR13235412_2.fastq.gz
SRR13235413,SRR13235413,low/SRR13235413_1.fastq.gz,low/SRR13235413_2.fastq.gz
SRR13235414,SRR13235414,low/SRR13235414_1.fastq.gz,low/SRR13235414_2.fastq.gz
SRR13235415,SRR13235415,low/SRR13235415_1.fastq.gz,low/SRR13235415_2.fastq.gz
SRR13235416,SRR13235416,low/SRR13235416_1.fastq.gz,low/SRR13235416_2.fastq.gz
SRR13235417,SRR13235417,low/SRR13235417_1.fastq.gz,low/SRR13235417_2.fastq.gz
SRR13235418,SRR13235418,low/SRR13235418_1.fastq.gz,low/SRR13235418_2.fastq.gz
SRR13235419,SRR13235419,low/SRR13235419_1.fastq.gz,low/SRR13235419_2.fastq.gz
SRR13235420,SRR13235420,low/SRR13235420_1.fastq.gz,low/SRR13235420_2.fastq.gz
SRR13235421,SRR13235421,low/SRR13235421_1.fastq.gz,low/SRR13235421_2.fastq.gz
SRR13235422,SRR13235422,low/SRR13235422_1.fastq.gz,low/SRR13235422_2.fastq.gz
SRR13235423,SRR13235423,low/SRR13235423_1.fastq.gz,low/SRR13235423_2.fastq.gz
SRR13235424,SRR13235424,low/SRR13235424_1.fastq.gz,low/SRR13235424_2.fastq.gz
SRR13235425,SRR13235425,low/SRR13235425_1.fastq.gz,low/SRR13235425_2.fastq.gz
SRR13235426,SRR13235426,low/SRR13235426_1.fastq.gz,low/SRR13235426_2.fastq.gz
SRR13235427,SRR13235427,low/SRR13235427_1.fastq.gz,low/SRR13235427_2.fastq.gz
SRR13235428,SRR13235428,low/SRR13235428_1.fastq.gz,low/SRR13235428_2.fastq.gz
SRR13235429,SRR13235429,low/SRR13235429_1.fastq.gz,low/SRR13235429_2.fastq.gz
SRR13235430,SRR13235430,low/SRR13235430_1.fastq.gz,low/SRR13235430_2.fastq.gz
SRR13235431,SRR13235431,low/SRR13235431_1.fastq.gz,low/SRR13235431_2.fastq.gz
SRR13235432,SRR13235432,low/SRR13235432_1.fastq.gz,low/SRR13235432_2.fastq.gz
SRR13235433,SRR13235433,low/SRR13235433_1.fastq.gz,low/SRR13235433_2.fastq.gz
SRR13235434,SRR13235434,low/SRR13235434_1.fastq.gz,low/SRR13235434_2.fastq.gz
SRR13235435,SRR13235435,low/SRR13235435_1.fastq.gz,low/SRR13235435_2.fastq.gz
SRR13235436,SRR13235436,low/SRR13235436_1.fastq.gz,low/SRR13235436_2.fastq.gz
SRR13235437,SRR13235437,low/SRR13235437_1.fastq.gz,low/SRR13235437_2.fastq.gz
SRR13235438,SRR13235438,low/SRR13235438_1.fastq.gz,low/SRR13235438_2.fastq.gz
SRR13235439,SRR13235439,low/SRR13235439_1.fastq.gz,low/SRR13235439_2.fastq.gz
SRR13235440,SRR13235440,low/SRR13235440_1.fastq.gz,low/SRR13235440_2.fastq.gz
SRR13235441,SRR13235441,low/SRR13235441_1.fastq.gz,low/SRR13235441_2.fastq.gz
SRR13235442,SRR13235442,low/SRR13235442_1.fastq.gz,low/SRR13235442_2.fastq.gz
SRR13235443,SRR13235443,low/SRR13235443_1.fastq.gz,low/SRR13235443_2.fastq.gz
SRR13235444,SRR13235444,low/SRR13235444_1.fastq.gz,low/SRR13235444_2.fastq.gz
SRR13235445,SRR13235445,low/SRR13235445_1.fastq.gz,low/SRR13235445_2.fastq.gz
SRR13235446,SRR13235446,low/SRR13235446_1.fastq.gz,low/SRR13235446_2.fastq.gz
SRR13235447,SRR13235447,low/SRR13235447_1.fastq.gz,low/SRR13235447_2.fastq.gz
SRR13235448,SRR13235448,low/SRR13235448_1.fastq.gz,low/SRR13235448_2.fastq.gz
SRR13235449,SRR13235449,low/SRR13235449_1.fastq.gz,low/SRR13235449_2.fastq.gz
SRR13235450,SRR13235450,low/SRR13235450_1.fastq.gz,low/SRR13235450_2.fastq.gz
SRR13235451,SRR13235451,low/SRR13235451_1.fastq.gz,low/SRR13235451_2.fastq.gz
SRR13235452,SRR13235452,low/SRR13235452_1.fastq.gz,low/SRR13235452_2.fastq.gz
SRR13235453,SRR13235453,low/SRR13235453_1.fastq.gz,low/SRR13235453_2.fastq.gz
SRR13235454,SRR13235454,low/SRR13235454_1.fastq.gz,low/SRR13235454_2.fastq.gz
SRR13235455,SRR13235455,low/SRR13235455_1.fastq.gz,low/SRR13235455_2.fastq.gz
SRR13235456,SRR13235456,low/SRR13235456_1.fastq.gz,low/SRR13235456_2.fastq.gz
SRR13235457,SRR13235457,low/SRR13235457_1.fastq.gz,low/SRR13235457_2.fastq.gz
SRR13235458,SRR13235458,low/SRR13235458_1.fastq.gz,low/SRR13235458_2.fastq.gz
SRR13235459,SRR13235459,low/SRR13235459_1.fastq.gz,low/SRR13235459_2.fastq.gz
SRR13235460,SRR13235460,low/SRR13235460_1.fastq.gz,low/SRR13235460_2.fastq.gz
SRR13235461,SRR13235461,low/SRR13235461_1.fastq.gz,low/SRR13235461_2.fastq.gz
SRR13235462,SRR13235462,low/SRR13235462_1.fastq.gz,low/SRR13235462_2.fastq.gz
SRR13235463,SRR13235463,low/SRR13235463_1.fastq.gz,low/SRR13235463_2.fastq.gz
SRR13235464,SRR13235464,low/SRR13235464_1.fastq.gz,low/SRR13235464_2.fastq.gz
SRR13235465,SRR13235465,low/SRR13235465_1.fastq.gz,low/SRR13235465_2.fastq.gz
SRR13235466,SRR13235466,low/SRR13235466_1.fastq.gz,low/SRR13235466_2.fastq.gz
SRR13235467,SRR13235467,low/SRR13235467_1.fastq.gz,low/SRR13235467_2.fastq.gz
SRR13235468,SRR13235468,low/SRR13235468_1.fastq.gz,low/SRR13235468_2.fastq.gz
SRR13235469,SRR13235469,low/SRR13235469_1.fastq.gz,low/SRR13235469_2.fastq.gz
SRR13235470,SRR13235470,low/SRR13235470_1.fastq.gz,low/SRR13235470_2.fastq.gz
SRR13235471,SRR13235471,low/SRR13235471_1.fastq.gz,low/SRR13235471_2.fastq.gz
SRR13235472,SRR13235472,low/SRR13235472_1.fastq.gz,low/SRR13235472_2.fastq.gz
SRR13235473,SRR13235473,low/SRR13235473_1.fastq.gz,low/SRR13235473_2.fastq.gz
SRR13235474,SRR13235474,low/SRR13235474_1.fastq.gz,low/SRR13235474_2.fastq.gz
SRR13235475,SRR13235475,low/SRR13235475_1.fastq.gz,low/SRR13235475_2.fastq.gz
SRR13235476,SRR13235476,low/SRR13235476_1.fastq.gz,low/SRR13235476_2.fastq.gz
SRR13235477,SRR13235477,low/SRR13235477_1.fastq.gz,low/SRR13235477_2.fastq.gz
SRR13235478,SRR13235478,low/SRR13235478_1.fastq.gz,low/SRR13235478_2.fastq.gz
SRR13235479,SRR13235479,low/SRR13235479_1.fastq.gz,low/SRR13235479_2.fastq.gz
SRR13235480,SRR13235480,low/SRR13235480_1.fastq.gz,low/SRR13235480_2.fastq.gz
SRR13235481,SRR13235481,low/SRR13235481_1.fastq.gz,low/SRR13235481_2.fastq.gz
SRR13235482,SRR13235482,low/SRR13235482_1.fastq.gz,low/SRR13235482_2.fastq.gz
SRR13235483,SRR13235483,low/SRR13235483_1.fastq.gz,low/SRR13235483_2.fastq.gz
SRR13235484,SRR13235484,low/SRR13235484_1.fastq.gz,low/SRR13235484_2.fastq.gz
SRR13235485,SRR13235485,low/SRR13235485_1.fastq.gz,low/SRR13235485_2.fastq.gz
SRR13235486,SRR13235486,low/SRR13235486_1.fastq.gz,low/SRR13235486_2.fastq.gz
SRR13235487,SRR13235487,low/SRR13235487_1.fastq.gz,low/SRR13235487_2.fastq.gz
SRR13235488,SRR13235488,low/SRR13235488_1.fastq.gz,low/SRR13235488_2.fastq.gz
SRR13235489,SRR13235489,low/SRR13235489_1.fastq.gz,low/SRR13235489_2.fastq.gz
SRR13235490,SRR13235490,low/SRR13235490_1.fastq.gz,low/SRR13235490_2.fastq.gz
SRR13235491,SRR13235491,low/SRR13235491_1.fastq.gz,low/SRR13235491_2.fastq.gz
SRR13235492,SRR13235492,low/SRR13235492_1.fastq.gz,low/SRR13235492_2.fastq.gz
SRR13235493,SRR13235493,low/SRR13235493_1.fastq.gz,low/SRR13235493_2.fastq.gz
SRR13235494,SRR13235494,low/SRR13235494_1.fastq.gz,low/SRR13235494_2.fastq.gz
SRR13235495,SRR13235495,low/SRR13235495_1.fastq.gz,low/SRR13235495_2.fastq.gz
SRR13235496,SRR13235496,low/SRR13235496_1.fastq.gz,low/SRR13235496_2.fastq.gz
SRR13235497,SRR13235497,low/SRR13235497_1.fastq.gz,low/SRR13235497_2.fastq.gz
SRR13235498,SRR13235498,low/SRR13235498_1.fastq.gz,low/SRR13235498_2.fastq.gz
SRR13235499,SRR13235499,low/SRR13235499_1.fastq.gz,low/SRR13235499_2.fastq.gz
SRR13235500,SRR13235500,low/SRR13235500_1.fastq.gz,low/SRR13235500_2.fastq.gz
SRR13235501,SRR13235501,low/SRR13235501_1.fastq.gz,low/SRR13235501_2.fastq.gz
SRR13235502,SRR13235502,low/SRR13235502_1.fastq.gz,low/SRR13235502_2.fastq.gz
SRR13235503,SRR13235503,low/SRR13235503_1.fastq.gz,low/SRR13235503_2.fastq.gz
SRR13235504,SRR13235504,low/SRR13235504_1.fastq.gz,low/SRR13235504_2.fastq.gz
SRR13235505,SRR13235505,low/SRR13235505_1.fastq.gz,low/SRR13235505_2.fastq.gz
SRR13235506,SRR13235506,low/SRR13235506_1.fastq.gz,low/SRR13235506_2.fastq.gz
SRR13235507,SRR13235507,low/SRR13235507_1.fastq.gz,low/SRR13235507_2.fastq.gz
SRR13235508,SRR13235508,low/SRR13235508_1.fastq.gz,low/SRR13235508_2.fastq.gz
SRR13235509,SRR13235509,low/SRR13235509_1.fastq.gz,low/SRR13235509_2.fastq.gz
SRR13235510,SRR13235510,low/SRR13235510_1.fastq.gz,low/SRR13235510_2.fastq.gz
SRR13235511,SRR13235511,low/SRR13235511_1.fastq.gz,low/SRR13235511_2.fastq.gz
SRR13235512,SRR13235512,low/SRR13235512_1.fastq.gz,low/SRR13235512_2.fastq.gz
SRR13235513,SRR13235513,low/SRR13235513_1.fastq.gz,low/SRR13235513_2.fastq.gz
SRR13235514,SRR13235514,low/SRR13235514_1.fastq.gz,low/SRR13235514_2.fastq.gz
SRR13235515,SRR13235515,low/SRR13235515_1.fastq.gz,low/SRR13235515_2.fastq.gz
SRR13235516,SRR13235516,low/SRR13235516_1.fastq.gz,low/SRR13235516_2.fastq.gz
SRR13235517,SRR13235517,low/SRR13235517_1.fastq.gz,low/SRR13235517_2.fastq.gz
SRR13235518,SRR13235518,low/SRR13235518_1.fastq.gz,low/SRR13235518_2.fastq.gz
SRR13235519,SRR13235519,low/SRR13235519_1.fastq.gz,low/SRR13235519_2.fastq.gz
SRR13235520,SRR13235520,low/SRR13235520_1.fastq.gz,low/SRR13235520_2.fastq.gz
SRR13235521,SRR13235521,low/SRR13235521_1.fastq.gz,low/SRR13235521_2.fastq.gz
SRR13235522,SRR13235522,low/SRR13235522_1.fastq.gz,low/SRR13235522_2.fastq.gz
SRR13235523,SRR13235523,low/SRR13235523_1.fastq.gz,low/SRR13235523_2.fastq.gz
SRR13235524,SRR13235524,low/SRR13235524_1.fastq.gz,low/SRR13235524_2.fastq.gz
SRR13235525,SRR13235525,low/SRR13235525_1.fastq.gz,low/SRR13235525_2.fastq.gz
SRR13235526,SRR13235526,low/SRR13235526_1.fastq.gz,low/SRR13235526_2.fastq.gz
