reported_trait	short	category	include
Accumbens iron levels (R2* MRI)	Neuroimaging	Other	True
Addiction	Substance use disorder	Disorder	True
Addiction risk factors	Substance use	Other	True
ADHD vs Tourette's syndrome and other tic disorders (ordinary least squares (OLS))			False
Adjustment reaction (PheCode 304)	Stress-related disorder	Disorder	True
Adventurousness	Openness	Temperament	True
Age at first sexual intercourse			False
Age of smoking initiation	Substance use	Other	True
Age of smoking initiation (MTAG)	Substance use	Other	True
Alcohol consumption (drinks per month) (UKB data field 1578, 4424)	Substance use	Other	True
Alcohol consumption in current drinkers	Substance use	Other	True
Alcohol consumption x traumatic event in childhood (felt hated by family member) interaction			False
Alcohol dependence (age at onset)	Substance use disorder	Disorder	True
Alcohol dependence symptom count	Substance use disorder	Disorder	True
Alcohol liking	Substance use	Other	True
Alcohol use and misuse (confirmatory factor analysis Factor 22)	Substance use disorder	Disorder	True
Alcohol use disorder	Substance use disorder	Disorder	True
Alcohol use disorder (consumption score)	Substance use disorder	Disorder	True
Alcohol use disorder (MTAG)	Substance use disorder	Disorder	True
Alcohol withdrawal factor score	Substance use disorder	Disorder	True
Alcohol-related disorders (PheCode 317)	Substance use disorder	Disorder	True
Alcoholism (PheCode 317.1)	Substance use disorder	Disorder	True
Alzheimer disease (MTAG)	Alzheimer's disease	Disorder	True
Alzheimer disease and age of onset	Alzheimer's disease	Disorder	True
Alzheimer's disease	Alzheimer's disease	Disorder	True
Alzheimer's disease (age of onset)	Alzheimer's disease	Disorder	True
Alzheimer's disease (APOE e4 interaction)	Alzheimer's disease	Disorder	True
Alzheimer's disease (late onset)	Alzheimer's disease	Disorder	True
Alzheimer's disease (PheCode 290.11)	Alzheimer's disease	Disorder	True
Alzheimer's disease or educational attainment (pleiotropy)			False
Alzheimer's disease or family history of Alzheimer's disease	Alzheimer's disease	Disorder	True
Alzheimer's disease or gastroesophageal reflux disease and/or peptic ulcer disease			False
Alzheimer’s disease polygenic risk score (upper quantile vs lower quantile)	Alzheimer's disease	Disorder	True
Anorexia nervosa	Anorexia nervosa	Disorder	True
Anorexia nervosa, attention-deficit/hyperactivity disorder, autism spectrum disorder, bipolar disorder, major depression, obsessive-compulsive disorder, schizophrenia, or Tourette syndrome (pleiotropy)	Multiple disorders	Disorder	True
Anxiety	Neuroticism	Temperament	True
Anxiety disorder	Anxiety	Disorder	True
Anxiety disorder (PheCode 300.1)	Anxiety	Disorder	True
Anxiety disorders	Anxiety	Disorder	True
Anxiety disorders (PheCode 300)	Anxiety	Disorder	True
Anxiety score	Neuroticism	Temperament	True
Anxiety severity x hours spent watching television interaction			False
Anxiety severity x playing computer games interaction			False
Anxiety x maternal smoking during pregnancy interaction			False
Anxiety/tension (special factor of neuroticism)	Neuroticism	Temperament	True
Anxious temperament	Neuroticism	Temperament	True
Asthma and major depressive disorder			False
Attention deficit hyperactivity disorder	Attention deficit hyperactivity disorder	Disorder	True
Attention deficit hyperactivity disorder (ADuLT model adjusted for sex)	Attention deficit hyperactivity disorder	Disorder	True
Attention deficit hyperactivity disorder (MTAG)	Attention deficit hyperactivity disorder	Disorder	True
Attention deficit hyperactivity disorder or autism spectrum disorder or intelligence (pleiotropy)	Multiple disorders	Disorder	True
Attention deficit hyperactivity disorder or cannabis use			False
Attention deficit hyperactivity disorder or intracranial volume (pleiotropy)			False
Attention deficit hyperactivity disorder or putamen volume (pleiotropy)			False
Attention deficit hyperactivity disorder or risk-taking behavior (pleiotropy)	Multiple disorders	Disorder	True
Autism spectrum disorder (MTAG)	Autism spectrum disorder	Disorder	True
Autism spectrum disorder or schizophrenia	Multiple disorders	Disorder	True
Autism spectrum disorder, attention deficit-hyperactivity disorder, bipolar disorder, major depressive disorder, and schizophrenia (combined)	Multiple disorders	Disorder	True
Automobile speeding propensity	Risk-taking	Temperament	True
Basal ganglia structure	Neuroimaging	Other	True
Baseline memory in normal cognition	Cognitive function	Other	True
Biological Father: Bipolar Disorder	Bipolar disorder	Disorder	True
Bipolar disorder	Bipolar disorder	Disorder	True
Bipolar disorder (age of onset <21) or attention deficit hyperactivity disorder	Multiple disorders	Disorder	True
Bipolar disorder (early vs late onset)	Bipolar disorder	Disorder	True
Bipolar disorder (MTAG)	Bipolar disorder	Disorder	True
Bipolar disorder lithium response (categorical) or schizophrenia	Treatment-response	Disorder	True
Bipolar disorder lithium response (continuous) or schizophrenia	Treatment-response	Disorder	True
Bipolar disorder or Crohn's disease (MTAG)			False
Bipolar disorder or glomerular filtration rate estimated from creatine (MTAG)			False
Bipolar disorder or glomerular filtration rate estimated from cystatin (MTAG)			False
Bipolar disorder or inflammatory bowel disease (MTAG)			False
Bipolar disorder or major depressive disorder	Multiple disorders	Disorder	True
Bipolar disorder or ulcerative colitis (MTAG)			False
Bipolar disorder vs ADHD (ordinary least squares (OLS))			False
Bipolar disorder vs anorexia nervosa (ordinary least squares (OLS))			False
Bipolar disorder vs major depressive disorder (ordinary least squares (OLS))			False
Bipolar disorder vs Tourette's syndrome and other tic disorders (ordinary least squares (OLS))			False
Bipolar I disorder	Bipolar disorder	Disorder	True
Brain age gap	Neuroimaging	Other	True
Brain rsFMRI measurement (functional connectivity) (Net_Edge_ICA3)	Neuroimaging	Other	True
Brain shape (segment 1)	Neuroimaging	Other	True
Brain shape (segment 117)	Neuroimaging	Other	True
Brain shape (segment 15)	Neuroimaging	Other	True
Brain shape (segment 62)	Neuroimaging	Other	True
Broad depression or major depressive disorder (self-reported)	Depression	Disorder	True
Broad depression or schizophrenia	Multiple disorders	Disorder	True
Cannabis smoking or cigarette smoking or schizophrenia			False
Cannabis use	Substance use	Other	True
Cannabis use cessation (current vs former) in HIV			False
Cannabis use disorder	Substance use disorder	Disorder	True
Cannabis use disorder (MTAG)	Substance use disorder	Disorder	True
Cerebrospinal fluid biomarker levels	Molecular brain biomarkers	Other	True
Cerebrospinal fluid guanosine levels	Molecular brain biomarkers	Other	True
Cerebrospinal fluid inosine levels	Molecular brain biomarkers	Other	True
Cerebrospinal fluid t-tau:AB1-42 ratio	Molecular brain biomarkers	Other	True
Cerebrospinal fluid unidentified metabolite levels (HILIC Metabolomics ID: 6.32_137.05)	Molecular brain biomarkers	Other	True
Cerebrospinal fluid unidentified metabolite levels (HILIC Metabolomics ID: 6.32_269.09)	Molecular brain biomarkers	Other	True
Cerebrospinal fluid unidentified metabolite levels (HILIC Metabolomics ID: 6.32_313.12)	Molecular brain biomarkers	Other	True
Cerebrospinal fluid unidentified metabolite levels (HILIC Metabolomics ID: 6.32_327.14)	Molecular brain biomarkers	Other	True
Chronic fatigue syndrome (PheCode 798.1)	Chronic fatigue syndrome	Disorder	True
Chronic lymphocytic leukemia or multiple sclerosis			False
Chronic pain (confirmatory factor analysis Factor 18)			False
Chronotype	Sleep	Other	True
Cognition and processing speed (confirmatory factor analysis Factor 34)	Cognitive function	Other	True
Cognitive ability	Cognitive function	Other	True
Cognitive ability, years of educational attainment or schizophrenia (pleiotropy)			False
Cognitive decline (residual change score)	Cognitive function	Other	True
Cognitive decline rate in late mild cognitive impairment	Cognitive function	Other	True
Cognitive domain scores for language or memory (pleiotropy)			False
Cognitive empathy	Cognitive function	Other	True
Cognitive function	Cognitive function	Other	True
Cognitive function (baseline)	Cognitive function	Other	True
Cognitive function (delayed memory) x major depressive disorder interaction (2df)			False
Cognitive function (executive function) x major depressive disorder interaction (2df)			False
Cognitive function (generalized correlation coefficient)	Cognitive function	Other	True
Cognitive function (processing speed) x major depressive disorder interaction (2df)			False
Cognitive function and pulse pressure			False
Cognitive performance (MTAG)	Cognitive function	Other	True
Cognitive processing accuracy	Cognitive function	Other	True
Cognitive traits (MTAG)	Cognitive function	Other	True
Common executive function	Cognitive function	Other	True
Corpus callosum central posterior subregion volume	Neuroimaging	Other	True
Corpus callosum fractional anisotropy (body)	Neuroimaging	Other	True
Corpus callosum fractional anisotropy (genu)	Neuroimaging	Other	True
Corpus callosum fractional anisotropy (MOSTest)	Neuroimaging	Other	True
Corpus callosum mid anterior subregion volume	Neuroimaging	Other	True
Corpus callosum mid-anterior volume	Neuroimaging	Other	True
Corpus callosum volume (MOSTest)	Neuroimaging	Other	True
Cortical surface area	Neuroimaging	Other	True
Cortical surface area (MOSTest)	Neuroimaging	Other	True
Cortical thickness (MOSTest)	Neuroimaging	Other	True
Creative achievement	Openness	Temperament	True
Daytime nap	Sleep	Other	True
Daytime sleep phenotypes	Sleep	Other	True
Decaffeinated coffee consumption and/or lifetime cannabis use			False
Decaffeinated coffee consumption and/or neuroticism			False
Decaffeinated coffee consumption or major depression disorder			False
Depressed affect	Depression	Disorder	True
Depression	Depression	Disorder	True
Depression (broad)	Depression	Disorder	True
Depression (PheCode 296.2)	Depression	Disorder	True
Depression severity  x hours spent watching television interaction			False
Depression severity  x playing computer games interaction			False
Depression/anxiety (standard GWA)	Depression	Disorder	True
Depressive symptom (anhedonia) (binary trait)	Depression	Disorder	True
Depressive symptom (anhedonia) (ordinal trait)	Depression	Disorder	True
Depressive symptoms	Depression	Disorder	True
Depressive symptoms (binary sum-score)	Depression	Disorder	True
Depressive symptoms (MTAG)	Depression	Disorder	True
Depressive symptoms (sum-score)	Depression	Disorder	True
Disrupted circadian rhythm (low relative amplitude of rest-activity cycles)	Sleep	Other	True
Disruptive behavior (multivariate analysis)	Risk-taking	Temperament	True
DTI TBSS L2 Sagittal stratum R	Neuroimaging	Other	True
DTI TBSS MD Anterior corona radiata R	Neuroimaging	Other	True
Duration to complete alphanumeric path task (baseline)	Cognitive function	Other	True
Dyslexia	Cognitive function	Other	True
Early onset major depressive disorder	Depression	Disorder	True
Early response to risperidone in schizophrenia	Treatment-response	Disorder	True
Ease of getting up in the morning	Sleep	Other	True
Ebbinghaus illusion (underestimation)			False
Education attainment or alcohol use disorders			False
Education attainment or anorexia nervosa			False
Education attainment or attention deficit hyperactivity disorder			False
Education attainment or cannabis use disorder			False
Endometriosis or depression (pleiotropy)			False
Epilepsy	Epilepsy	Disorder	True
Episodic memory (pairs-matching)	Cognitive function	Other	True
Essential tremor			False
Executive function (trail making test B)	Cognitive function	Other	True
Executive inhibition (color interference time)	Cognitive function	Other	True
Experiencing mood swings	Neuroticism	Temperament	True
Externalizing behaviour (multivariate analysis)	Risk-taking	Temperament	True
Extremely high intelligence	Cognitive function	Other	True
F-strong vegetable liking (derived food-liking factor)			False
Family history of Alzheimer's disease	Alzheimer's disease	Disorder	True
Feeling fed-up	Neuroticism	Temperament	True
Feeling guilty	Neuroticism	Temperament	True
Feeling hurt	Neuroticism	Temperament	True
Feeling lonely	Extraversion	Temperament	True
Feeling miserable	Neuroticism	Temperament	True
Feeling nervous	Neuroticism	Temperament	True
Feeling tense	Neuroticism	Temperament	True
Feeling worry	Neuroticism	Temperament	True
FEV1 or irritable bowel syndrome (pleiotropy)			False
FEV1/FVC or irritable bowel syndrome (pleiotropy)			False
Frailty (Factor 5 - Poorer Cognition)			False
GAD score x Polysocial risk score (PsRS) interaction			False
Gastroesophageal reflux disease or attention-deficit/hyperactivity disorder (pleiotropy)			False
General factor of neuroticism	Neuroticism	Temperament	True
General risk tolerance (MTAG)	Risk-taking	Temperament	True
Generalized anxiety disorder (phenotype risk score)	Anxiety	Disorder	True
Generalized epilepsy	Epilepsy	Disorder	True
Genetically independent pain phenotypes (GIP1)			False
Headache	Headache or migraine	Disorder	True
Headache or fasting glucose levels			False
Headache or glucose levels			False
Headache or HbA1c levels			False
Headache or migraine	Headache or migraine	Disorder	True
Help-seeking from a psychiatrist			False
Highest math class taken (MTAG)	Cognitive function	Other	True
Hippocampal subfield left CA1 volume (body)	Neuroimaging	Other	True
Hippocampal subfield left CA3 volume (body)	Neuroimaging	Other	True
Hippocampal subfield left CA4 volume (body)	Neuroimaging	Other	True
Hippocampal tail volume	Neuroimaging	Other	True
HippSubfield lh volume Hippocampal-tail	Neuroimaging	Other	True
IDP dMRI TBSS FA Posterior limb of internal capsule L	Neuroimaging	Other	True
IDP dMRI TBSS FA Posterior limb of internal capsule R	Neuroimaging	Other	True
IDP dMRI TBSS L2 Posterior limb of internal capsule L	Neuroimaging	Other	True
IDP dMRI TBSS L2 Posterior limb of internal capsule R	Neuroimaging	Other	True
Illnesses of mother: Alzheimer's disease/dementia (UKB data field 20110_10)	Alzheimer's disease	Disorder	True
Inflammatory bowel disease or anorexia nervosa (pleiotropy)			False
Information processing speed	Cognitive function	Other	True
Initial pursuit acceleration in psychotic disorders			False
Insomnia	Sleep	Other	True
Insomnia (standard GWA)	Sleep	Other	True
Insomnia symptoms (never/rarely vs. sometimes/usually)	Sleep	Other	True
Insomnia symptoms (never/rarely vs. usually)	Sleep	Other	True
Intelligence	Cognitive function	Other	True
Internet addiction disorder	Substance use disorder	Disorder	True
Irritable bowel syndrome or bipolar disorder (pleiotropy)			False
Irritable bowel syndrome or major depressive disorder (pleiotropy)			False
Irritable bowel syndrome or schizophrenia (pleiotropy)			False
Irritable mood	Neuroticism	Temperament	True
Isthmus-cingulate cortex volume	Neuroimaging	Other	True
Juvenile myoclonic epilepsy	Epilepsy	Disorder	True
Late onset major depressive disorder	Depression	Disorder	True
Late postpartum perinatal depression	Depression	Disorder	True
Late-onset Alzheimer's disease	Alzheimer's disease	Disorder	True
LDL x anxiety interaction (2df test)			False
LDL x depression interaction (2df test)			False
Left hippocampal volume (tail)	Neuroimaging	Other	True
Left subiculum volume (body)	Neuroimaging	Other	True
Left-handedness			False
Left-hemisphere control network to putamen white-matter structural connectivity	Neuroimaging	Other	True
Left-hemisphere default mode network to right-hemisphere control network white-matter structural connectivity	Neuroimaging	Other	True
Left-hemisphere dorsal attention network to right-hemisphere control network white-matter structural connectivity	Neuroimaging	Other	True
Left-hemisphere dorsal attention network to right-hemisphere default mode network white-matter structural connectivity	Neuroimaging	Other	True
Left-hemisphere dorsal attention network to right-hemisphere dorsal attention network white-matter structural connectivity	Neuroimaging	Other	True
Left-hemisphere limbic network to thalamus white-matter structural connectivity	Neuroimaging	Other	True
Left-hemisphere somatomotor network to left-hemisphere control network white-matter structural connectivity	Neuroimaging	Other	True
Left-hemisphere somatomotor network to right-hemisphere dorsal attention network white-matter structural connectivity	Neuroimaging	Other	True
Left-hemisphere somatomotor network to right-hemisphere somatomotor network white-matter structural connectivity	Neuroimaging	Other	True
Leisure sedentary behaviour (television watching)			False
Life satisfaction	Well-being	Temperament	True
Lifetime anxiety disorder	Anxiety	Disorder	True
Lifetime major depressive disorder (AutoComplete Impute and observed)	Depression	Disorder	True
Lifetime major depressive disorder (AutoComplete Impute)	Depression	Disorder	True
Lifetime major depressive disorder (MTAG)	Depression	Disorder	True
Lifetime major depressive disorder (SoftImpute and observed)	Depression	Disorder	True
Lifetime smoking index	Substance use	Other	True
Logical memory (delayed recall) in mild cognitive impairment	Cognitive function	Other	True
Loneliness	Extraversion	Temperament	True
Loneliness (MTAG)	Extraversion	Temperament	True
Longitudinal brain connectivity change (global efficiency)	Neuroimaging	Other	True
Longitudinal brain connectivity change (Louvain modularity)	Neuroimaging	Other	True
Major depressive disorder	Depression	Disorder	True
Major depressive disorder (broad)	Depression	Disorder	True
Major depressive disorder (MTAG)	Depression	Disorder	True
Major depressive disorder (PheCode 296.22)	Depression	Disorder	True
Major depressive disorder or COVID-19 infection (pleiotropy)			False
Major depressive disorder or glomerular filtration rate estimated from creatine (MTAG)			False
Major depressive disorder or glomerular filtration rate estimated from cystatin (MTAG)			False
Major depressive disorder or hospitalized COVID-19 (pleiotropy)			False
Major depressive disorder or stress-related disorder	Multiple disorders	Disorder	True
Major depressive disorder vs ADHD (ordinary least squares (OLS))			False
Major depressive disorder vs anorexia nervosa (ordinary least squares (OLS))			False
Major depressive episode treated with electroconvulsive therapy	Depression	Disorder	True
Mean arterial pressure x depressive symptoms interaction (2df test)			False
Medication use (opioids)			False
Memory decline	Cognitive function	Other	True
Mental health study participation (provided email address)			False
Migraine	Headache or migraine	Disorder	True
Migraine with aura (age at onset)	Headache or migraine	Disorder	True
Migraine without aura	Headache or migraine	Disorder	True
Mood disorders (PheCode 296)	Depression	Disorder	True
Mood instability	Neuroticism	Temperament	True
Morning person	Sleep	Other	True
Morningness	Sleep	Other	True
Motor premotor area	Neuroimaging	Other	True
Multisite chronic pain			False
Narcolepsy	Narcolepsy	Disorder	True
Neurociticism	Neuroticism	Temperament	True
Neurological blood protein biomarker levels	Molecular brain biomarkers	Other	True
Neuropsychiatric disorders	Multiple disorders	Disorder	True
Neuroticism	Neuroticism	Temperament	True
Neuroticism (MTAG)	Neuroticism	Temperament	True
Neuroticism conditioned on average household income before tax (multi-trait conditioning and joint analysis)			False
Neuroticism conditioned on cognitive performance (multi-trait conditioning and joint analysis)			False
Neuroticism conditioned on educational attainment (multi-trait conditioning and joint analysis)			False
Neuroticism conditioned on highest math class (multi-trait conditioning and joint analysis)			False
Neuroticism conditioned on self-rated math ability (multi-trait conditioning and joint analysis)			False
Neuroticism conditioned on Townsend deprivation index (multi-trait conditioning and joint analysis)			False
Neuroticism general factor	Neuroticism	Temperament	True
Nicotine dependence and major depression (severity of comorbidity)			False
Non-REM sleep duration	Sleep	Other	True
Noncognitive aspects of educational attainment			False
Number of sexual partners in opposite-sex sexual behavior			False
Obesity class II and Anorexia nervosa or Major depressive disorder or Obsesive-compulsive disorder			False
Obesity class II and Anorexia nervosa or Major depressive disorder or Obsesive-compulsive disorder or Schizophrenia			False
Obesity class II and Anorexia nervosa or Major depressive disorder or Schizophrenia			False
Obesity class II and Anorexia nervosa or Schizophrenia			False
Obesity class II and Attention deficit hyperactivity disorder or Anorexia nervosa or Major depressive disorder or Obsesive-compulsive disorder or Schizophrenia			False
Obesity class II and Attention deficit hyperactivity disorder or Anorexia nervosa or Major depressive disorder or Schizophrenia			False
Obesity class II and Attention deficit hyperactivity disorder or Anorexia nervosa or Obsesive-compulsive disorder or Schizophrenia			False
Obesity class II and Attention deficit hyperactivity disorder or Major depressive disorder			False
Obesity class II and Attention deficit hyperactivity disorder or Major depressive disorder or Schizophrenia			False
Obesity class II and Attention deficit hyperactivity disorder or Schizophrenia			False
Obesity class II and Major depressive disorder			False
Obesity class II and Obsesive-compulsive disorder or Schizophrenia			False
Obesity class II and Schizophrenia			False
Occupational creativity			False
Opioid use disorder (broad)	Substance use disorder	Disorder	True
Opioid use disorder (MTAG)	Substance use disorder	Disorder	True
Orbitofrontal area	Neuroimaging	Other	True
OXT protein levels	Molecular brain biomarkers	Other	True
Parent of origin effect on language impairment (paternal)			False
Parkinson's disease	Parkinson's disease	Disorder	True
Parkinson's disease or first degree relation to individual with Parkinson's disease	Parkinson's disease	Disorder	True
Perisylvian thickness (unadjusted for global measures)	Neuroimaging	Other	True
Personality traits or cognitive traits (multivariate analysis)			False
PHQ score x Polysocial risk score (PsRS) interaction			False
Physical activity			False
Plasma cortisol levels in alcohol use disorder			False
Plasma cortisone levels in alcohol use disorder			False
Positive affect	Extraversion	Temperament	True
Post-traumatic stress disorder	Stress-related disorder	Disorder	True
Post-traumatic stress disorder (mental health questionnaire or predicted)	Stress-related disorder	Disorder	True
Post-traumatic stress disorder (MTAG)	Stress-related disorder	Disorder	True
Post-traumatic stress disorder (phenotype risk score)	Stress-related disorder	Disorder	True
Post-traumatic stress disorder symptom severity (avoidance)	Stress-related disorder	Disorder	True
Post-traumatic stress disorder symptom severity (hyperarousal)	Stress-related disorder	Disorder	True
Post-traumatic stress disorder symptom severity (re-experiencing)	Stress-related disorder	Disorder	True
Post-traumatic stress disorder symptom severity (total)	Stress-related disorder	Disorder	True
Precuneus area	Neuroimaging	Other	True
Problematic alcohol use	Substance use disorder	Disorder	True
Problematic alcohol use (MTAG)	Substance use disorder	Disorder	True
Problematic tobacco use	Substance use disorder	Disorder	True
Psycho-cardiometabolic multimorbidity (multivariate analysis)			False
Psychosis in Alzheimer's disease	Alzheimer's disease	Disorder	True
Putamen iron levels (R2* MRI)	Neuroimaging	Other	True
Putamen volume	Neuroimaging	Other	True
Rapidly progressive Alzheimer's disease (clinical vs typical) (case-control set 1)	Alzheimer's disease	Disorder	True
Rapidly progressive Alzheimer's disease (clinical vs typical) (case-control set 2)	Alzheimer's disease	Disorder	True
Rapidly progressive Alzheimer's disease (clinical vs typical) (case-control set 3)	Alzheimer's disease	Disorder	True
Rapidly progressive Alzheimer's disease (clinical) (case-control set 3)	Alzheimer's disease	Disorder	True
Rate of cognitive decline in Alzheimer's disease	Alzheimer's disease	Disorder	True
Red wine consumption (glasses per month) (UKB data field 1578, 4419)	Substance use	Other	True
Regional cortical thickness (bankssts)	Neuroimaging	Other	True
Regional cortical thickness (parahippocampal)	Neuroimaging	Other	True
Regional cortical thickness (parstriangularis)	Neuroimaging	Other	True
Regional cortical thickness (superiorfrontal)	Neuroimaging	Other	True
Regular attendance at a pub or social club	Extraversion	Temperament	True
Regular attendance at a religious group			False
REM sleep duration	Sleep	Other	True
Remission after SSRI treatment in MDD or neuroticism	Treatment-response	Disorder	True
Response to antipsychotic treatment	Treatment-response	Disorder	True
Response to antipsychotic treatment in schizophrenia	Treatment-response	Disorder	True
Response to paliperidone in schizophrenia (positive Marder score)	Treatment-response	Disorder	True
Response to serotonin reuptake inhibitors in major depressive disorder (plasma drug and metabolite levels)	Treatment-response	Disorder	True
Resting-state network 12 amplitude (Motor)	Neuroimaging	Other	True
Resting-state network 13 amplitude (blood oxygenation level dependent) (Language)	Neuroimaging	Other	True
Resting-state network 15 amplitude (Cerebellum)	Neuroimaging	Other	True
Resting-state network 16 amplitude (blood oxygenation level dependent) (Executive control)	Neuroimaging	Other	True
Resting-state network 21 amplitude (blood oxygenation level dependent) (Language)	Neuroimaging	Other	True
Resting-state network 5 amplitude (blood oxygenation level dependent) (Fronto-parietal)	Neuroimaging	Other	True
Resting-state network 6 amplitude (blood oxygenation level dependent) (Fronto-parietal)	Neuroimaging	Other	True
Resting-state network 9 amplitude (blood oxygenation level dependent) (Language)	Neuroimaging	Other	True
Restless legs syndrome	Restless legs syndrome	Disorder	True
Restless legs syndrome (PheCode 327.71)	Restless legs syndrome	Disorder	True
Right hippocampal volume (tail)	Neuroimaging	Other	True
Right subiculum volume (body)	Neuroimaging	Other	True
Right-hemisphere control network to right-hemisphere default mode network white-matter structural connectivity	Neuroimaging	Other	True
Right-hemisphere dorsal attention network to right-hemisphere control network white-matter structural connectivity	Neuroimaging	Other	True
Right-hemisphere limbic network to thalamus white-matter structural connectivity	Neuroimaging	Other	True
Risk taking (standard GWA)	Risk-taking	Temperament	True
Risk-taking behavior (multivariate analysis)	Risk-taking	Temperament	True
Risk-taking tendency (4-domain principal component model)	Risk-taking	Temperament	True
Risky sexual behaviors (alcohol dependence interaction)			False
Risky sexual behaviors in alcohol dependence			False
Salami liking			False
Schizophrenia	Schizophrenia	Disorder	True
Schizophrenia (MTAG)	Schizophrenia	Disorder	True
Schizophrenia or bipolar disorder	Multiple disorders	Disorder	True
Schizophrenia or breast cancer (pleiotropy)			False
Schizophrenia or ER positive breast cancer (pleiotropy)			False
Schizophrenia vs ADHD (ordinary least squares (OLS))			False
Schizophrenia vs anorexia nervosa (ordinary least squares (OLS))			False
Schizophrenia vs Tourette's syndrome and other tic disorders (ordinary least squares (OLS))			False
Schizophrenia, schizoaffective disorder or bipolar disorder	Multiple disorders	Disorder	True
Scientific occupational creativity			False
Self-harm x Caesarean-section interaction			False
Self-rated health			False
Self-reported math ability (MTAG)	Cognitive function	Other	True
Self-reported risk-taking behaviour	Risk-taking	Temperament	True
Sensitivity to environmental stress and adversity	Neuroticism	Temperament	True
Severe depressive disorders in coronary artery disease			False
Sexual abuse			False
Short sleep duration (<5 hours)	Sleep	Other	True
Sleep (1/3-day periodicity)	Sleep	Other	True
Sleep duration	Sleep	Other	True
Sleep duration (long sleep)	Sleep	Other	True
Sleep duration (short sleep)	Sleep	Other	True
Sleep medication purchases	Sleep	Other	True
Sleep related movement disorders (PheCode 327.7)	Sleep	Other	True
Sleep-related phenotypes	Sleep	Other	True
Smoking behaviour (age at first cigarette)			False
Smoking cessation	Substance use	Other	True
Smoking status (current vs never)	Substance use	Other	True
Sociability score	Extraversion	Temperament	True
Spirits liking	Substance use	Other	True
Stuttering	Tics and stuttering	Disorder	True
Subcortical brain region volumes	Neuroimaging	Other	True
Subcortical volume (MOSTest)	Neuroimaging	Other	True
Subjective well-being	Well-being	Temperament	True
Subjective well-being (MTAG)	Well-being	Temperament	True
Substance addiction and disorders (PheCode 316)	Substance use disorder	Disorder	True
Substance use disorder	Substance use disorder	Disorder	True
Substance use disorder (pleiotropy)	Substance use disorder	Disorder	True
Substance use disorders (time to event)	Substance use disorder	Disorder	True
Suffering from nerves	Neuroticism	Temperament	True
Suicide	Suicide	Disorder	True
Suicide attempt	Suicide	Disorder	True
Systemising	Openness	Temperament	True
Systolic blood pressure x depressive symptoms (quantitative) interaction (1df test)			False
Systolic blood pressure x depressive symptoms (quantitative) interaction (2df test)			False
T2 brain MRIs Unsupervised Deep learning derived Imaging Phenotypes (dimension 75)	Neuroimaging	Other	True
ThalamNuclei lh volume MDl	Neuroimaging	Other	True
ThalamNuclei rh volume MDl	Neuroimaging	Other	True
Tics and stuttering (PheCode 313.2)	Tics and stuttering	Disorder	True
Tobacco use disorder	Substance use disorder	Disorder	True
Tobacco use disorder (PheCode 318)	Substance use disorder	Disorder	True
Total amyloid (SNP x SNP interaction)			False
Total protein levels x insomnia interaction			False
Triglyceride levels x SSRI defined daily dose interaction in schizophrenia or bipolar disorder			False
Triglycerides x anxiety interaction (2df test)			False
Triglycerides x low social support interaction (2df test)			False
Type 1 narcolepsy	Narcolepsy	Disorder	True
Type 2 diabetes and Anorexia nervosa or schyzophrenia or obsessive compulsive disorder			False
Type 2 diabetes and Attention deficit hiperactivty disorder			False
Type 2 diabetes and Attention deficit hiperactivty disorder or Anorexia nervosa or Major depressive disorder or schyzophrenia			False
Type 2 diabetes and Attention deficit hiperactivty disorder or Major depressive disorder			False
Type 2 diabetes and Attention deficit hiperactivty disorder or obsessive compulsive disorder			False
Type 2 diabetes and Attention deficit hiperactivty disorder or schyzophrenia			False
Type 2 diabetes and Attention deficit hiperactivty disorder or schyzophrenia or obsessive compulsive disorder			False
Type 2 diabetes and schyzophrenia or obsessive compulsive disorder			False
Type 2 diabetes or schizophrenia (pleiotropy)			False
Type 2 diabetes with neurological manifestations (PheCode 250.24)			False
Typical-onset anorexia nervosa	Anorexia nervosa	Disorder	True
Verbal short term memory	Cognitive function	Other	True
Vertex-wise cortical surface area	Neuroimaging	Other	True
Vertex-wise sulcal depth	Neuroimaging	Other	True
Volume of right cortico-amygdaloid transition area	Neuroimaging	Other	True
Well-being spectrum (multivariate analysis)	Well-being	Temperament	True
Wellbeing index	Well-being	Temperament	True
wg lh intensity-contrast cuneus	Neuroimaging	Other	True
wg lh intensity-contrast lingual	Neuroimaging	Other	True
wg rh intensity-contrast cuneus	Neuroimaging	Other	True
White matter hyperintensities	Neuroimaging	Other	True
White matter hyperintensity volume	Neuroimaging	Other	True
White matter hyperintensity volume (adjusted for hypertension)	Neuroimaging	Other	True
White matter hyperintensity volume x hypertension interaction (2df)			False
White matter microstructure (axial diusivities)	Neuroimaging	Other	True
White matter microstructure (fractional anisotropy)	Neuroimaging	Other	True
White matter microstructure (mode of anisotropy)	Neuroimaging	Other	True
Whole brain free water diffusion (multivariate analysis)	Neuroimaging	Other	True
Worry	Neuroticism	Temperament	True
Worry too long after an embarrassing experience	Neuroticism	Temperament	True
(Z)-4-hydroxytamoxifen levels in tamoxifen-treated hormone-receptor-positive breast cancer			False
(Z)-4-hydroxytamoxifen to tamoxifen ratio in tamoxifen-treated hormone-receptor-positive breast cancer			False
1,5-anhydroglucitol (1,5-ag) levels			False
1-(1-enyl-stearoyl)-2-arachidonoyl-GPC (p-18:0/20:4) levels			False
1-linolenoyl-GPC (18:3) levels			False
1-methyl-4-imidazoleacetate levels			False
1-methylimidazoleacetate levels			False
1-myristoyl-2-linoleoyl-GPC (14:0/18:2) levels			False
1-palmitoleoyl-GPC (16:1) levels			False
1-palmitoylglycerophosphoinositol levels			False
1-ribosyl-imidazoleacetate (X-11334) levels			False
1-ribosyl-imidazoleacetate levels			False
12-lead ECG morphology phenotype			False
14-3-3 protein beta/alpha levels			False
17-hydroxyprogesterone (17-OHP) levels			False
2-hydroxyhippurate (salicylurate) levels			False
2-hydroxypalmitate levels			False
25-Hydroxyvitamin D levels			False
25-hydroxyvitamin D levels (skin colour stratified)			False
3-Hydroxybutyrate levels			False
3-aminoisobutyrate levels			False
3-hydroxy-1-methylpropylmercapturic acid levels in smokers			False
3-hydroxybutyrate + 3-aminoisobutyrate levels			False
3-hydroxyoleate levels			False
3-hydroxypropylmercapturic acid levels in smokers			False
4-androsten-3alpha,17alpha-diol monosulfate (2) levels			False
4-cholesten-3-one levels			False
5-hydroxylysine levels			False
5-oxoproline levels			False
60S ribosomal protein L26-like 1 protein levels (SomaScan ID:14634-13)			False
A body shape index			False
A0A087X0D5 protein level (protein group normalized intensity)			False
AARSD1/PPME1 protein level ratio			False
ABI3BP protein levels			False
ACAN protein levels			False
ACE2 levels			False
ACE2 protein levels			False
ACP5 protein levels			False
ACVRL1 protein levels			False
ACVRL1/EFNA4 protein level ratio			False
ACY1 protein levels			False
ADA protein levels			False
ADAM22 protein levels			False
ADAM22/EPHB6 protein level ratio			False
ADAM23 protein levels			False
ADAM23/BSG protein level ratio			False
ADAM8 protein levels			False
ADAM9 protein levels			False
ADAMTS13 protein levels			False
ADGRB3 protein levels			False
ADGRD1 protein levels			False
ADGRE2/IFNGR1 protein level ratio			False
ADGRG1 protein levels			False
ADIPOQ protein levels			False
ADP-ribosylation factor-like protein 2-binding protein levels			False
AFP levels			False
AFP protein levels			False
AGRN protein levels			False
AGRP levels			False
AHSP protein levels			False
AHSP/BLVRB protein level ratio			False
AHSP/CA2 protein level ratio			False
AIDS progression			False
AIFM1/PLXNA4 protein level ratio			False
AK1/DNPH1 protein level ratio			False
ALCAM protein levels			False
ALCAM/CDH5 protein level ratio			False
ALCAM/CNTN1 protein level ratio			False
ALCAM/ICAM3 protein level ratio			False
ALDH1A1/SORD protein level ratio			False
AMN protein levels			False
ANG protein levels			False
ANGPT1/SERPINE1 protein level ratio			False
ANPEP/DPP4 protein level ratio			False
ANXA3/EDAR protein level ratio			False
ANXA4/CA13 protein level ratio			False
ANXA4/FADD protein level ratio			False
ANXA4/HSPB1 protein level ratio			False
ANXA4/LACTB2 protein level ratio			False
AOC3 protein levels			False
APEX1 protein levels			False
APEX1/ELOA protein level ratio			False
APEX1/GPKOW protein level ratio			False
APEX1/HCLS1 protein level ratio			False
APEX1/LSP1 protein level ratio			False
APEX1/METAP2 protein level ratio			False
APEX1/NMNAT1 protein level ratio			False
APEX1/PSIP1 protein level ratio			False
APEX1/SRP14 protein level ratio			False
APOB protein levels			False
APOL1 protein levels			False
APOM protein levels			False
APP/HBEGF protein level ratio			False
APP/PDGFA protein level ratio			False
APP/PDGFB protein level ratio			False
APP/SPARC protein level ratio			False
ARG1 protein levels			False
ARG1/HMBS protein level ratio			False
ARG1/PKLR protein level ratio			False
ARL2BP protein levels			False
ARSA protein levels			False
ARSB/SIAE protein level ratio			False
ATG4A protein levels			False
ATG4A/NSFL1C protein level ratio			False
ATG4A/PPME1 protein level ratio			False
ATP5IF1/CD69 protein level ratio			False
ATRN protein levels			False
AXIN1/CALCOCO1 protein level ratio			False
AXIN1/HEXIM1 protein level ratio			False
AXIN1/MAVS protein level ratio			False
AXIN1/PLXNA4 protein level ratio			False
AXL protein levels			False
AXL/IL18BP protein level ratio			False
Abdominal adipose tissue volumes to gluteofemoral adipose tissue volumes ratio			False
Abdominal aortic aneurysm			False
Abdominal aortic aneurysm (PheCode 442.11)			False
Abdominal fat cell number			False
Abdominal infection			False
Abdominal obesity (waist circumference 85cm in females or 90 cm in males)			False
Abdominal size (multivariate analysis)			False
Abnormal mammogram (PheCode 611.1)			False
Abnormal results of other function studies (bladder, pancreas, placenta, spleen, etc) (PheCode 794)			False
Accelerometer measured moderate to vigorous physical activity			False
Accelerometer-based physical activity measurement (average acceleration)			False
Acceptance of an invitation to participate in a mental health questionnaire			False
Acid reflux/GERD			False
Acidaminococcus sp900315205 abundance in stool			False
Acidobacteriales abundance in stool			False
Acne (PheCode 706.1)			False
Acquired hypothyroidism (PheCode 244.2)			False
Actin-binding LIM protein 3 levels			False
Actin-related protein 2/3 complex subunit 3 levels			False
Actinic keratosis			False
Actinic keratosis (PheCode 702.1)			False
Activated & resting CD4 regulatory T cell %CD4 regulatory T cell			False
Acute anterior uveitis (with or without ankylosing spondylitis)			False
Acute anterior uveitis in ankylosing spondylitis			False
Acute bronchospasm (PheCode 498)			False
Acute gastritis (PheCode 535.1)			False
Acute lymphoblastic leukemia in childhood (B cell precursor)			False
Acute pancreatitis			False
Acute pericarditis (PheCode 420.21)			False
Added salt consumption			False
Adhesion G protein-coupled receptor B3 levels			False
Adhesion G-protein coupled receptor D1 level in Chronic kidney disease with hypertension and no diabetes (21546_20)			False
Adhesion G-protein coupled receptor D1 levels			False
Adhesion G-protein coupled receptor G1 levels			False
Adiponectin levels			False
Adiposity (multivariate analysis)			False
Adipsin levels in type 2 diabetes			False
Adolescent idiopathic scoliosis			False
Adult body size			False
Adverse response to androgen-deprivation therapy in prostate cancer (de novo diabetes mellitus)			False
Aerodigestive squamous cell cancer (pleiotropy)			False
Age at first birth			False
Age at first birth or uterine leiomyomata (pleiotropy)			False
Age at last live birth			False
Age at menarche			False
Age at menopause			False
Age at natural menopause			False
Age at onset of walking			False
Age of onset of adult onset asthma			False
Age of onset of childhood onset asthma			False
Age of onset of diverticular disease			False
Age started wearing glasses (UKB data field 2217)			False
Age when finished full-time education (standard GWA)			False
Age when finished full-time education (weighted GWA)			False
Age-related diseases and mortality			False
Age-related diseases, mortality and associated endophenotypes			False
Age-related eyesight deterioration (confirmatory factor analysis Factor 27)			False
Age-related hearing impairment			False
Age-related hearing impairment (MTAG)			False
Age-related hearing impairment (SNP x SNP interaction)			False
Age-related macular degeneration			False
Age-related macular degeneration or COVID-19 critical illness (MTAG)			False
Age-related macular degeneration or COVID-19 hospitalization (MTAG)			False
Age-related macular degeneration or COVID-19 infection (MTAG)			False
Aging			False
Aging (eyeAgeAcceleration)			False
Aging traits (healthspan, parental lifespan or longevity) (multivariate analysis)			False
Agouti-related protein levels			False
Airway wall thickness			False
Alanine aminotransferase levels			False
Alanine levels			False
Alanine transaminase (ALT, maximum, inv-norm transformed)			False
Alanine transaminase (ALT, mean, inv-norm transformed)			False
Alanine transaminase (ALT, minimum, inv-norm transformed)			False
Alanine transaminase levels			False
Alanine transaminase levels in high alcohol intake			False
Albumin (maximum, inv-norm transformed)			False
Albumin (mean, inv-norm transformed)			False
Albumin (minimum, inv-norm transformed)			False
Albumin levels			False
Albumin-globulin ratio			False
Alcohol consumption			False
Alcohol consumption (drinks per week)			False
Alcohol consumption (drinks per week) (MTAG)			False
Alcohol consumption x experiences in childhood (felt loved by family member) interaction			False
Alcohol consumption x hours spent using computers interaction			False
Alcohol consumption x hours spent watching television interaction			False
Alcohol dehydrogenase 1B levels (ADH1B.9834.62.3)			False
Alcohol frequency weekly (standard GWA)	Substance use	Other	True
Alcohol usually taken with meals (UKB data field 1618)			False
Alkaline phosphatase (UKB data field 30610)			False
Alkaline phosphatase levels			False
Alkenylphosphatidylcholine (P-16:0/20:5) levels			False
Alkenylphosphatidylcholine (P-17:0/20:4) (a) levels			False
Alkenylphosphatidylethanolamine (P-17:0/22:6) (b) levels			False
Alkenylphosphatidylethanolamine (P-20:0/18:1) levels			False
Alkenylphosphatidylethanolamine (P-20:0/20:4) levels			False
Alkenylphosphatidylethanolamine (P-20:1/20:4) levels			False
Alkylphosphatidylcholine (O-16:0/16:0) levels			False
Alkylphosphatidylcholine (O-16:0/22:6) levels			False
Alkylphosphatidylcholine (O-18:0/22:6) levels			False
Allergic disease (asthma, hay fever and/or eczema) (age of onset)			False
Allergic disease (asthma, hay fever and/or eczema) (multivariate analysis)			False
Allergic disease (asthma, hay fever or eczema)			False
Alopecia areata			False
Alzheimer's disease or related dementias	Alzheimer's disease	Disorder	True
Alzheimer's disease, proxy Alzheimer's disease or related dementias			False
Ambidextrousness			False
Amyloid beta A4 precursor protein-binding family B member 2 levels			False
Amyotrophic lateral sclerosis (sporadic)			False
An7 abundance in stool			False
Android bone mass			False
Angina			False
Angiodysplasia of intestine (without mention of hemorrhage) (PheCode 556.11)			False
Angiopoietin-1 receptor, soluble levels			False
Ankylosing spondylitis			False
Ankyrin-2 protein levels (SomaScan ID:21546-20)			False
Annual healthcare cost			False
Anorectal malformation			False
Anterior or posterior cruciate ligament injury			False
Anterior thigh muscle fat infiltration percentage			False
Anteromedial temporal area (unadjusted for global measures)			False
Anthrax toxin receptor 2 levels			False
Anthropometric traits			False
Anthropometric traits (multi-trait analysis)			False
Anti-SARS-CoV-2 spike protein IgG seronegativity after second dose of COVID-19 vaccine			False
Anticoagulants causing adverse effects (PheCode 964.1)			False
Antihypertensive agents causing adverse effects (PheCode 972.6)			False
Antithyroid drug-induced agranulocytosis			False
Aorta APEX1 levels			False
Aorta HDGF levels			False
Aortic aneurysm (PheCode 442.1)			False
Aortic ectasia (PheCode 447.7)			False
Aortic stenosis			False
Aortic stenosis (MTAG)			False
Aortic valve area			False
Aortic valve area (MTAG)			False
Aortic valve mean gradient (MTAG)			False
Aortic valve peak velocity (MTAG)			False
Apolipoprotein A levels (UKB data field 30630)			False
Apolipoprotein A-I levels			False
Apolipoprotein A1 levels			False
Apolipoprotein B levels			False
Apolipoprotein B levels (UKB data field 23439)			False
Apolipoprotein B to apolipoprotein A1 ratio (UKB data field 23441)			False
Appendicular lean mass			False
Appetite-regulating hormone levels			False
Arabitol/xylitol levels			False
Arachidonic acid levels			False
Arginine levels			False
Arm fat percentage left (UKB data field 23123)			False
Arm fat percentage right (UKB data field 23119)			False
Armadillo repeat-containing protein 5 levels			False
Aromatic antiseizure medication-induced Stevens-Johnson syndrome or toxic epidermal necrolysis in HLA-B*15:02 non-carriers			False
Arrhythmia			False
Ascending aorta diameter			False
Ascending aorta distensibility			False
Ascending aorta distensibility (MTAG)			False
Ascending aorta maximum area			False
Ascending aorta maximum area (MTAG)			False
Ascending aorta minimum area			False
Ascending aorta strain			False
Ascending thoracic aortic diameter			False
Aspartate aminotransferase (AST, mean, inv-norm transformed)			False
Aspartate aminotransferase (AST, minimum, inv-norm transformed)			False
Aspartate aminotransferase levels			False
Aspartate aminotransferase levels (UKB data field 30650)			False
Aspartate aminotransferase platelet ratio index in high alcohol intake			False
Aspartate aminotransferase to alanine aminotransferase ratio			False
Aspartate transaminase levels in high alcohol intake			False
Asthma			False
Asthma (adult onset)			False
Asthma (childhood onset)			False
Asthma (time to childhood onset) x early life tobacco smoke interaction			False
Asthma (time to event)			False
Asthma in any disease			False
Asthma in gastrointestinal disease			False
Asthma or chronic rhinosinusitis			False
Asthma or diverticular disease (MTAG)			False
Asthma or irritable bowel syndrome (MTAG)			False
Astrocytoma (high-grade)			False
Atherosclerosis of aorta (PheCode 440.9)			False
Atopic asthma			False
Atopic dermatitis			False
Atopic dermatitis (moderate to severe)			False
Atopic march			False
Atopobiaceae abundance in stool			False
Atrial fibrillation			False
Atrial fibrillation (MTAG)			False
Atrial fibrillation (PheCode 427.21)			False
Atrial fibrillation (recurrent event)			False
Atrial fibrillation and flutter (PheCode 427.2)			False
Atrial fibrillation/atrial flutter			False
Atrial flutter (PheCode 427.22)			False
Autoimmune hypothyroidism			False
Autoimmune neurological syndromes with anti-GAD65 autoantibodies			False
Autoimmune thyroid disease			False
Autoimmune traits			False
Autoimmune traits (pleiotropy)			False
Average diameter for HDL particles			False
Average diameter for HDL particles (UKB data field 23433)			False
Average diameter for LDL particles			False
Average diameter for VLDL particles			False
Average diameter for VLDL particles (UKB data field 23431)			False
Axial length			False
B-cell differentiation antigen CD72 (analyte X7009.8) levels			False
B-cell differentiation antigen CD72 levels			False
B2M protein levels			False
B3GNT7 protein levels			False
B4GAT1 protein levels			False
BACH1/HEXIM1 protein level ratio			False
BACH1/TBC1D5 protein level ratio			False
BAFF-R on B cell			False
BAFF-R on CD20- B cell			False
BAFF-R on CD20- CD38- B cell			False
BAFF-R on CD24+ CD27+ B cell			False
BAFF-R on IgD+ B cell			False
BAFF-R on IgD+ CD24+ B cell			False
BAFF-R on IgD+ CD24- B cell			False
BAFF-R on IgD+ CD38+ B cell			False
BAFF-R on IgD+ CD38- B cell			False
BAFF-R on IgD+ CD38dim B cell			False
BAFF-R on IgD- CD24- B cell			False
BAFF-R on IgD- CD27- B cell			False
BAFF-R on IgD- CD38+ B cell			False
BAFF-R on IgD- CD38- B cell			False
BAFF-R on IgD- CD38dim B cell			False
BAFF-R on memory B cell			False
BAFF-R on naive-mature B cell			False
BAFF-R on switched memory B cell			False
BAFF-R on transitional B cell			False
BAFF-R on unswitched memory B cell			False
BANK1/CALCOCO1 protein level ratio			False
BANK1/HEXIM1 protein level ratio			False
BBQ/grilled meat liking			False
BCAM protein levels			False
BCAN protein levels			False
BCAN/CD200 protein level ratio			False
BCAN/DPP6 protein level ratio			False
BCAN/KLK6 protein level ratio			False
BCAN/MOG protein level ratio			False
BCAN/NPTXR protein level ratio			False
BCL2L11 protein levels			False
BCR/PLXNA4 protein level ratio			False
BCR/VASH1 protein level ratio			False
BGN protein levels			False
BLMH protein levels			False
BLVRB/CA3 protein level ratio			False
BLVRB/PKLR protein level ratio			False
BMI (adjusted for smoking behaviour)			False
BMI (standard GWA)			False
BMI and adiposity (confirmatory factor analysis Factor 7)			False
BMI at 3 months old			False
BMI at 6 months old			False
BMI at 8 months old			False
BMI x  environmental factors (excluding physical activity) interaction			False
BMI-adjusted waist-hip ratio			False
BPIFB1 protein levels			False
BSG protein levels			False
BTD protein levels			False
BTN1A1 protein levels			False
BTN2A1 protein levels			False
BTN2A1/BTN3A2 protein level ratio			False
BTN2A1/CSF1 protein level ratio			False
BTN2A1/EPHA1 protein level ratio			False
BTN2A1/IFNGR1 protein level ratio			False
BTN2A1/IL10RB protein level ratio			False
BTN2A1/IL18BP protein level ratio			False
BTN2A1/PIK3IP1 protein level ratio			False
BTN3A2 protein levels			False
Bacillus U abundance in stool			False
Back pain			False
Balding type 1			False
Barrett's esophagus			False
Barrett's esophagus  or Esophageal adenocarcinoma			False
Barrett's esophagus (PheCode 530.13)			False
Basal cell carcinoma			False
Basal cell carcinoma (MTAG)			False
Basal cell carcinoma (PheCode 172.21)			False
Basal metabolic rate			False
Basal metabolic rate (UKB data field 23105)			False
Basal metabolic rate variance			False
Basal nucleus volume			False
Basement membrane-specific heparan sulfate proteoglycan core protein levels			False
Basophil (absolute count, maximum, inv-norm transformed)			False
Basophil (absolute count, mean, inv-norm transformed)			False
Basophil (absolute count, minimum, inv-norm transformed)			False
Basophil (fraction, maximum, inv-norm transformed)			False
Basophil (fraction, mean, inv-norm transformed)			False
Basophil (fraction, minimum, inv-norm transformed)			False
Basophil count			False
Basophil percentage of granulocytes			False
Basophil percentage of white cells			False
Basophil side fluorescence			False
Beans liking			False
Beef/steak liking			False
Beetroot liking			False
Behcet's disease			False
Benign neoplasm of bone and articular cartilage (PheCode 213)			False
Benign neoplasm of brain and other parts of nervous system (PheCode 225)			False
Benign neoplasm of brain, cranial nerves, meninges (PheCode 225.1)			False
Benign neoplasm of colon (PheCode 208)			False
Benign neoplasm of eye (PheCode 224)			False
Benign neoplasm of eye, uveal (PheCode 224.1)			False
Benign neoplasm of skin (PheCode 216)			False
Benign nodular goiter			False
Benign prostatic hyperplasia and lower urinary tract symptoms			False
Benign prostatic hyperplasia and lower urinary tract symptoms (prostate cancer excluded)			False
Beta-2-microglobulin levels			False
Beta-aminoisobutyric acid levels			False
Beta-arrestin-1 levels			False
Beta-hexosaminidase subunit beta (analyte X15470.11) levels			False
Beta-hexosaminidase subunit beta levels			False
Betaine levels			False
Betaine levels in elite athletes			False
Betaine-to-pyroglutamine ratio			False
Bicarbonate (maximum, inv-norm transformed)			False
Bicarbonate (mean, inv-norm transformed)			False
Bicarbonate (minimum, inv-norm transformed)			False
Binding antibody response to interferon beta therapy in multiple sclerosis (antibody levels; IFNβ-1a subcutaneous and intramuscular)			False
Binding antibody response to interferon beta therapy in multiple sclerosis (antibody levels; all treatment preparations)			False
Bioavailable testosterone levels			False
Biological Grandparent (paternal): Kidney Disease			False
Biological Sibling:  Cancer, Skin			False
Biological Sibling: High cholesterol			False
Biological sex			False
Biomedical quantitative traits			False
Birth length (MTAG)			False
Birth size (multivariate analysis)			False
Birth weight			False
Birth weight (MTAG)			False
Bitter alcoholic beverage consumption			False
Bitter ale liking			False
Bitter beverage consumption			False
Blond vs. brown/black hair color			False
Blood Glucose level in bendroflumethiazide treated hypertension			False
Blood cell traits (multivariate analysis)			False
Blood cell traits latent factor 1 (white cell)			False
Blood cell traits latent factor 10 (platelet)			False
Blood cell traits latent factor 13 (red cell)			False
Blood cell traits latent factor 16 (white cell)			False
Blood cell traits latent factor 17 (white cell)			False
Blood cell traits latent factor 18 (platelet)			False
Blood cell traits latent factor 2 (red cell)			False
Blood cell traits latent factor 22 (white cell)			False
Blood cell traits latent factor 23 (white cell)			False
Blood cell traits latent factor 4 (red cell)			False
Blood cell traits latent factor 5 (platelet)			False
Blood cell traits latent factor 8 (white cell)			False
Blood cell traits latent factor 9 (white cell)			False
Blood donation			False
Blood glucose levels			False
Blood pressure			False
Blood pressure (pleiotropy model 1 DBP adjusted for estimated causal effects x SBP)			False
Blood pressure (pleiotropy model 2 SBP adjusted for estimated causal effects x DBP)			False
Blood protein levels			False
Blood protein levels in cardiovascular risk			False
Blood urea nitrogen (BUN, maximum, inv-norm transformed)			False
Blood urea nitrogen (BUN, mean, inv-norm transformed)			False
Blood urea nitrogen (BUN, minimum, inv-norm transformed)			False
Blood urea nitrogen levels			False
Blue vs. green eyes			False
Body composition (MOSTest)			False
Body fat distribution (leg fat ratio)			False
Body fat distribution (trunk fat ratio)			False
Body fat percentage			False
Body fat percentage (UKB data field 23099)			False
Body fat percentage (adjusted for testosterone and SHBG)			False
Body fat percentage or coronary artery disease (MTAG)			False
Body fat percentage variance			False
Body fat rate			False
Body mass (lean)			False
Body mass index			False
Body mass index (BMI, maximum, inv-normal transformed)			False
Body mass index (BMI, mean, inv-normal transformed)			False
Body mass index (BMI, minimum, inv-normal transformed)			False
Body mass index (MTAG)			False
Body mass index (UKB data field 21001)			False
Body mass index (joint analysis main effects and physical activity interaction)			False
Body mass index (joint analysis main effects and smoking interaction)			False
Body mass index (physical activity interaction)			False
Body mass index and HDL-C (pairwise)			False
Body mass index and systole blood pressure (pairwise)			False
Body mass index in physically active individuals			False
Body mass index or breast cancer (pleiotropy)			False
Body mass index or colorectal cancer (pleiotropy)			False
Body mass index or endometrial cancer (pleiotropy)			False
Body mass index or esophageal adenocarcinoma (pleiotropy)			False
Body mass index or knee osteoarthritis (pleiotropy)			False
Body mass index or osteoarthritis (pleiotropy)			False
Body mass index or spine osteoarthritis (pleiotropy)			False
Body mass index variance			False
Body shape phenotype PC1			False
Body shape phenotype PC2			False
Body shape phenotype PC3			False
Body shape phenotype PC4			False
Body size (confirmatory factor analysis Factor 21)			False
Body size at age 10			False
Body size or adipose distribution (multivariate analysis)			False
Body surface area			False
Bone density (confirmatory factor analysis Factor 19)			False
Bone density T-score			False
Bone density Z-score			False
Bone marrow fat fraction of thoracic vertebra 11			False
Bone marrow fat fraction of thoracic vertebra 8			False
Bone mineral density			False
Bone mineral density (femoral neck)			False
Bone mineral density (hip)			False
Bone mineral density (total hip)			False
Bone mineral density at right femoral neck (model 2)			False
Bone mineral density mean			False
Bone mineral density variability			False
Bone stiffness index			False
Brain morphology (MOSTest)			False
Brain morphology (min-P)			False
Brain region volumes			False
Brain shape (segment 122)			False
Brain shape (segment 144)			False
Brain shape (segment 204)			False
Brain shape (segment 31)			False
Brain shape (segment 42)			False
Brain shape (segment 5)			False
Brain shape (segment 60)			False
Brain shape (segment 80)			False
Brain vascular stenosis			False
Bread consumption (slices per week) (UKB data field 1438)			False
Bread intake (UKB data field 1438)			False
Bread type: White vs wholemeal/wholegrain and brown (UKB data field 1448)			False
Bread type: Wholemeal/wholegrain vs white and brown (UKB data field 1448)			False
Breakfast cereal skipping frequency			False
Breakfast skipping			False
Breast cancer			False
Breast cancer (estrogen-receptor negative)			False
Breast cancer anti-estrogen resistance protein 3 levels			False
Breast cancer or lung cancer (pleiotropy)			False
Breast cancer or ovarian cancer (pleiotropy)			False
Breast cancer or prostate cancer			False
Breast cancer, ovarian cancer or prostate cancer (pleiotropy)			False
Breast dense area			False
Breast disorder NOS (PheCode 613.9)			False
Breast milk fatty acid composition (maternal genotype effect)			False
Brevican core protein level in Chronic kidney disease with hypertension and no diabetes (3461_58)			False
Brevican core protein levels			False
Brevican core protein levels (BCAN.3461.58.1)			False
Broad bean liking			False
Brown vs. black hair color			False
Butyrobetaine levels			False
Butyrophilin subfamily 2 member A1 levels			False
Butyrophilin subfamily 2 member A2 levels			False
Butyrophilin subfamily 3 member A2 level in Chronic kidney disease with hypertension and no diabetes (21433_3)			False
Butyrophilin subfamily 3 member A2 levels			False
Butyrophilin subfamily 3 member A3 (analyte X17692.2) levels			False
Butyrophilin subfamily 3 member A3 (analyte X22950.6) levels			False
Butyrophilin subfamily 3 member A3 level in Chronic kidney disease with hypertension and no diabetes (17692_2)			False
Butyrophilin subfamily 3 member A3 level in Chronic kidney disease with hypertension and no diabetes (22950_6)			False
Butyrophilin subfamily 3 member A3 levels			False
C-C motif chemokine 19 levels (CCL19.4922.13.1)			False
C-C motif chemokine 20 levels			False
C-C motif chemokine 22 levels			False
C-reactive protein			False
C-reactive protein and white blood cell count			False
C-reactive protein levels			False
C-reactive protein levels (MTAG)			False
C-reactive protein levels (UKB data field 30710)			False
C-reactive protein levels or triglyceride levels (pleiotropy)			False
C1QA protein levels			False
C1QTNF1 protein levels			False
C1QTNF1/COL18A1 protein level ratio			False
C1QTNF1/COL4A1 protein level ratio			False
C1RL protein level (protein group normalized intensity)			False
C1RL protein levels			False
C1S protein levels			False
C2 protein levels			False
C2ORF69 protein levels			False
C4A protein levels			False
C4a anaphylatoxin levels			False
CA1/CA2 protein level ratio			False
CA1/CA3 protein level ratio			False
CA1/HMBS protein level ratio			False
CA1/TGM2 protein level ratio			False
CA13/PPIB protein level ratio			False
CA14 protein levels			False
CA3 protein levels			False
CA3/HMBS protein level ratio			False
CA4 protein levels			False
CA9 protein levels			False
CAG-269 sp001916065 abundance in stool			False
CAG-448 sp000433415 abundance in stool			False
CAG-81 sp000435795 abundance in stool			False
CALB1 protein levels			False
CALCA protein levels			False
CALCOCO1/ERBIN protein level ratio			False
CALCOCO1/IKBKG protein level ratio			False
CALCOCO1/INPPL1 protein level ratio			False
CALCOCO1/VPS53 protein level ratio			False
CALCOCO2 protein levels			False
CAMSIS occupational score			False
CAMSIS occupational score (MTAG)			False
CAPN1 protein levels			False
CAPNS1 protein levels			False
CAPS protein levels			False
CASP2/NUB1 protein level ratio			False
CBLIF protein levels			False
CC2D1A/TBCC protein level ratio			False
CCER2 protein levels			False
CCL11 levels			False
CCL11 protein levels			False
CCL13/CCL8 protein level ratio			False
CCL17 protein levels			False
CCL17/CCL5 protein level ratio			False
CCL17/CD69 protein level ratio			False
CCL18 protein levels			False
CCL2 protein levels			False
CCL20 protein levels			False
CCL24 protein levels			False
CCL25 protein levels			False
CCL28 protein levels			False
CCL4 protein levels			False
CCL5/CXCL3 protein level ratio			False
CCL5/SERPINE1 protein level ratio			False
CCL8 protein levels			False
CCN2/EDAR protein level ratio			False
CCN2/HBEGF protein level ratio			False
CCN2/MGLL protein level ratio			False
CCN4 protein levels			False
CCN5 protein levels			False
CD160 protein levels			False
CD160/IL15 protein level ratio			False
CD160/KIR2DL3 protein level ratio			False
CD164/SIAE protein level ratio			False
CD19 on naive-mature B cell			False
CD1C protein levels			False
CD20 on CD24+ CD27+ B cell			False
CD20 on IgD+ CD24+ B cell			False
CD20 on memory B cell			False
CD20 on unswitched memory B cell			False
CD207 protein levels			False
CD209 protein levels			False
CD22 protein levels			False
CD24 on IgD+ CD24+ B cell			False
CD24 on memory B cell			False
CD27 protein levels			False
CD276 protein levels			False
CD28- CD8+ T cell %CD8+ T cell			False
CD3 on naive CD8+ T cell			False
CD300LF protein levels			False
CD300LG protein levels			False
CD300LG/CLEC14A protein level ratio			False
CD33dim HLA DR+ CD11b- Absolute Count			False
CD34 on Hematopoietic Stem Cell			False
CD34 protein levels			False
CD38 on transitional B cell			False
CD4 on CD39+ activated CD4 regulatory T cell			False
CD4 on HLA DR+ CD4+ T cell			False
CD4 on activated CD4 regulatory T cell			False
CD4 protein levels			False
CD4+ T cell-associated HIV-1 DNA levels in long-term suppressive antiretroviral treated HIV-1 (adjusted for cell-associated HIV-1 RNA)			False
CD40/VSIR protein level ratio			False
CD40LG/SERPINE1 protein level ratio			False
CD46 protein levels			False
CD46/NECTIN2 protein level ratio			False
CD46/SIAE protein level ratio			False
CD46/TIMP1 protein level ratio			False
CD46/TNFRSF14 protein level ratio			False
CD48/CRTAM protein level ratio			False
CD48/FCRL6 protein level ratio			False
CD4:CD8 lymphocyte ratio			False
CD55 protein levels			False
CD63/EDAR protein level ratio			False
CD69/DNAJA2 protein level ratio			False
CD69/F2R protein level ratio			False
CD69/PLXNA4 protein level ratio			False
CD69/PLXNB3 protein level ratio			False
CD69/PPP1R2 protein level ratio			False
CD69/TIA1 protein level ratio			False
CD69/TXNDC5 protein level ratio			False
CD7 protein levels			False
CD72 protein levels			False
CD74 protein levels			False
CD79B/FCRL2 protein level ratio			False
CD79B/TNFRSF13B protein level ratio			False
CD79B/TNFRSF4 protein level ratio			False
CD8 on CD28+ CD45RA+ CD8+ T cell			False
CD8 on Central Memory CD8+ T cell			False
CD8 on naive CD8+ T cell			False
CD8-positive T-lymphocyte count			False
CD83/HAVCR2 protein level ratio			False
CD84 protein levels			False
CD84/DAG1 protein level ratio			False
CD84/F2R protein level ratio			False
CD84/GP1BA protein level ratio			False
CD8A protein levels			False
CD93/CLEC14A protein level ratio			False
CDH1 protein levels			False
CDH17 protein levels			False
CDH2 protein levels			False
CDH3 protein levels			False
CDHR5 protein levels			False
CDKN1A/CDKN2D protein level ratio			False
CDKN1A/PLA2G4A protein level ratio			False
CDKN1A/TBC1D23 protein level ratio			False
CDSN protein levels			False
CDSN/KLK8 protein level ratio			False
CDSN/LY6D protein level ratio			False
CDSN/NECTIN4 protein level ratio			False
CEACAM5 protein levels			False
CEACAM6 protein levels			False
CEACAM8 protein levels			False
CEACAM8/MMP9 protein level ratio			False
CELA2A protein levels			False
CFTR mutation F508del heterozygosity in cystic fibrosis			False
CGREF1 protein levels			False
CHL1 protein levels			False
CHMP1A/HPCAL1 protein level ratio			False
CHMP1A/PTPN6 protein level ratio			False
CHMP1A/VASH1 protein level ratio			False
CKB protein levels			False
CLEC11A protein levels			False
CLEC14A protein levels			False
CLEC14A/EPHB4 protein level ratio			False
CLEC14A/PIK3IP1 protein level ratio			False
CLEC14A/TNFRSF21 protein level ratio			False
CLEC1B/F11R protein level ratio			False
CLEC1B/HEXIM1 protein level ratio			False
CLEC1B/MGLL protein level ratio			False
CLEC1B/MPIG6B protein level ratio			False
CLEC1B/PLXNA4 protein level ratio			False
CLEC1B/PPP1R2 protein level ratio			False
CLEC1B/RWDD1 protein level ratio			False
CLEC1B/SNAP29 protein level ratio			False
CLEC1B/TXNDC5 protein level ratio			False
CLEC4D/OSM protein level ratio			False
CLEC5A protein levels			False
CLO75 induced IL17 level without BCG vaccination			False
CLPS protein levels			False
CNDP1 protein levels			False
CNPY4/INPP1 protein level ratio			False
CNPY4/KIFBP protein level ratio			False
CNPY4/SIRT2 protein level ratio			False
CNPY4/TBC1D23 protein level ratio			False
CNTN1 protein levels			False
CNTN1/EGFR protein level ratio			False
CNTN2 protein levels			False
CNTN4 protein levels			False
COCH protein levels			False
COL18A1 protein levels			False
COL2A1 protein levels			False
COL4A1 protein levels			False
COL5A1 protein levels			False
COMM domain-containing protein 7 levels			False
COMP protein levels			False
COMP/DPP4 protein level ratio			False
COMP/ITGAV protein level ratio			False
COMT protein levels			False
CORO1A protein levels			False
CORO1A/SNX9 protein level ratio			False
COVID-19 (critical illness vs population)			False
COVID-19 (hospitalized covid vs population)			False
COVID-19 (hospitalized vs population)			False
COVID-19 BNT162b1 vaccine 1st dose adverse event (peripheral coolness (cold of hands and feet))			False
COVID-19 hospitalization or rheumatoid arthritis (MTAG)			False
COVID-19 hospitalization or systemic lupus erythematosus (MTAG)			False
COVID-19 infection or rheumatoid arthritis (MTAG)			False
COVID-19 infection or systemic lupus erythematosus (MTAG)			False
COVID-19 related pneumonia			False
COVID-19 severity			False
COVID-19 vaccination			False
CPA1 protein levels			False
CPM protein levels			False
CPOX protein levels			False
CPQ protein levels			False
CPVL protein levels			False
CPXM1 protein levels			False
CPXM1/DKK1 protein level ratio			False
CPXM1/HBEGF protein level ratio			False
CPXM1/VEGFC protein level ratio			False
CR1 protein levels			False
CR2 protein levels			False
CRACR2A protein levels			False
CRADD/EDAR protein level ratio			False
CRADD/TBCC protein level ratio			False
CREG1 protein levels			False
CRELD1 protein levels			False
CRELD2/F2R protein level ratio			False
CRH protein levels			False
CRHBP protein levels			False
CRISP2 protein levels			False
CRKL/MGLL protein level ratio			False
CRTAM/ICAM3 protein level ratio			False
CRTAM/PDCD1 protein level ratio			False
CRYBB2 protein levels			False
CSF3 protein levels			False
CST5 protein levels			False
CST6 protein levels			False
CST7 protein levels			False
CTRB1 protein levels			False
CTRB1/PLA2G1B protein level ratio			False
CTSB protein levels			False
CTSC protein levels			False
CTSE protein levels			False
CTSH protein levels			False
CTSL protein levels			False
CTSO protein levels			False
CTSO/IGF2R protein level ratio			False
CTSS protein levels			False
CTSZ protein levels			False
CX3CL1 levels			False
CX3CL1/EPHB6 protein level ratio			False
CXCL10 levels			False
CXCL12 protein levels			False
CXCL3/MGLL protein level ratio			False
CXCL8 protein levels			False
Cachexia (PheCode 260.1)			False
Cadherin-12:Cytoplasmic domain levels			False
Cadherin-12:Extracellular domain levels			False
Cadherin-related family member 5 levels			False
Caffeine consumption from coffee			False
Caffeine consumption from coffee or tea			False
Caffeine consumption from tea			False
Cake icing liking			False
Calcific aortic valve stenosis			False
Calcium (maximum, inv-norm transformed)			False
Calcium (mean, inv-norm transformed)			False
Calcium (minimum, inv-norm transformed)			False
Calcium levels			False
Calcium levels (UKB data field 30680)			False
Calcium-binding and coiled-coil domain-containing protein 2 levels			False
Calpain I levels			False
Calpain small subunit 1 levels			False
Calponin-1 levels			False
Cancer			False
Cancer (pleiotropy)			False
Cancer (standard GWA)			False
Cancer code, self-reported: breast cancer (UKB data field 20001_1002)			False
Cancer of liver and intrahepatic bile duct (PheCode 155)			False
Cancer of major salivary glands (PheCode 145.3)			False
Cancer of prostate (PheCode 185)			False
Capecitabine sensitivity			False
Carbohydrate sulfotransferase 9 levels			False
Carbohydrate sulfotransferase 9 levels (CHST9.11646.4.3)			False
Carbonic anhydrase 5B, mitochondrial levels			False
Carbonic anhydrase 9 levels			False
Cardiac dysrhythmias (PheCode 427)			False
Cardio-cerebrovascular disease in dyslipidemia			False
Cardioembolic stroke (CCS or TOAST classification)			False
Cardioembolic stroke (CCSc classification)			False
Cardioembolic stroke (CCSp classification)			False
Cardioembolic stroke (MTAG)			False
Cardioembolic stroke (TOAST classification)			False
Cardiometabolic and hematological traits			False
Cardiorespiratory fitness			False
Cardiorespiratory fitness (vo2 max)			False
Cardiovascular disease			False
Carotid intima media thickness			False
Carotid intima media thickness (maximum)			False
Carotid intima media thickness (mean)			False
Carotid intima media thickness (mean-maximum)			False
Carotid intima media thickness (minimum)			False
Carotid intima-media thickness (MTAG)			False
Cartilage oligomeric matrix protein levels			False
Cataracts			False
Cataracts (operation)			False
Cathepsin D levels			False
Cathepsin H (analyte X8465.52) levels			False
Cathepsin H (analyte X8644.46) levels			False
Cathepsin H level in Chronic kidney disease with hypertension and no diabetes (8465_52)			False
Cathepsin H level in Chronic kidney disease with hypertension and no diabetes (8644_46)			False
Cathepsin H levels			False
Cathepsin H levels (CTSH.8465.52.3)			False
Caudate iron levels (R2* MRI)			False
Caudate iron levels (quantitative susceptibility mapping)			False
Caudate nucleus volume			False
Celiac disease			False
Celiac disease (PheCode 557.1)			False
Cellular retinoic acid-binding protein 2 levels			False
Cellulitis and abscess of oral soft tissues (PheCode 528.3)			False
Central corneal thickness			False
Central corneal thickness (MTAG)			False
Central serous chorioretinopathy			False
Ceramide (d16:1/22:0) levels			False
Ceramide (d18:0/12:0) levels			False
Ceramide (d40:1) levels			False
Ceramide (d42:1) levels			False
Cereal consumption (bowls per week) (UKB data field 1458)			False
Cereal type: Muesli (UKB data field 1468_4)			False
Cerebellar grey matter morphology (MOSTest)			False
Cerebrospinal AB1-42 levels in normal cognition			False
Cerebrospinal fluid deoxycarnitine levels			False
Cerebrospinal fluid glutarylcarnitine (C5-DC) levels			False
Cerebrospinal fluid sTREM-2 levels			False
Cerebrospinal fluid soluble TREM2 levels			False
Certain early complications of trauma or procedure (PheCode 958)			False
Cervical cancer			False
Cervical cancer (MTAG)			False
Cervical high-risk human papilloma virus infection (persistent)			False
Cervical intraepithelial neoplasia grade 3 and invasive cervical cancer			False
Cetobacterium A abundance in stool			False
Change in intraocular pressure in response to steroid treatment (triamcinolone acetonide)			False
Cheese consumption			False
Chemotherapy induced time to first peripheral neuropathy in cancer			False
Childhood body mass index			False
Childhood ear infection			False
Childhood steroid-sensitive nephrotic syndrome			False
Chin dimples			False
Cholesterol esters in IDL			False
Cholesterol esters in large HDL			False
Cholesterol esters in large LDL			False
Cholesterol esters in medium LDL			False
Cholesterol esters in medium VLDL			False
Cholesterol esters in small HDL			False
Cholesterol esters in small LDL			False
Cholesterol esters in small VLDL			False
Cholesterol esters in very large HDL			False
Cholesterol esters in very small VLDL			False
Cholesterol in IDL			False
Cholesterol in IDL (UKB data field 23526)			False
Cholesterol in Large HDL			False
Cholesterol in Large LDL			False
Cholesterol in Large VLDL			False
Cholesterol in Medium HDL			False
Cholesterol in Medium LDL			False
Cholesterol in Medium VLDL			False
Cholesterol in Small HDL			False
Cholesterol in Small LDL			False
Cholesterol in Small VLDL			False
Cholesterol in chylomicrons and extremely large VLDL			False
Cholesterol in chylomicrons and extremely large VLDL (UKB data field 23484)			False
Cholesterol in large LDL (UKB data field 23533)			False
Cholesterol in large VLDL (UKB data field 23498)			False
Cholesterol in medium LDL (UKB data field 23540)			False
Cholesterol in medium VLDL (UKB data field 23505)			False
Cholesterol in small HDL (UKB data field 23575)			False
Cholesterol in small LDL (UKB data field 23547)			False
Cholesterol in small VLDL (UKB data field 23512)			False
Cholesterol in very large HDL			False
Cholesterol in very large HDL (UKB data field 23554)			False
Cholesterol in very large VLDL			False
Cholesterol in very large VLDL (UKB data field 23491)			False
Cholesterol in very small VLDL			False
Cholesterol levels			False
Cholesterol levels (UKB data field 30690)			False
Cholesterol levels in IDL			False
Cholesterol levels in chylomicrons and extremely large VLDL			False
Cholesterol levels in large HDL			False
Cholesterol levels in large LDL			False
Cholesterol levels in large VLDL			False
Cholesterol levels in medium HDL			False
Cholesterol levels in medium LDL			False
Cholesterol levels in medium VLDL			False
Cholesterol levels in small HDL			False
Cholesterol levels in small LDL			False
Cholesterol levels in small VLDL			False
Cholesterol levels in very large HDL			False
Cholesterol levels in very large VLDL			False
Cholesterol levels in very small VLDL			False
Cholesterol percentage of total lipids in small low-density lipoprotein			False
Cholesterol to Total Lipids in HDL percentage			False
Cholesterol to Total Lipids in IDL percentage			False
Cholesterol to Total Lipids in LDL percentage			False
Cholesterol to Total Lipids in Large HDL percentage			False
Cholesterol to Total Lipids in Large LDL percentage			False
Cholesterol to Total Lipids in Large VLDL percentage			False
Cholesterol to Total Lipids in Medium HDL percentage			False
Cholesterol to Total Lipids in Medium LDL percentage			False
Cholesterol to Total Lipids in Medium VLDL percentage			False
Cholesterol to Total Lipids in Small HDL percentage			False
Cholesterol to Total Lipids in Small LDL percentage			False
Cholesterol to Total Lipids in Small VLDL percentage			False
Cholesterol to Total Lipids in VLDL percentage			False
Cholesterol to Total Lipids in Very Large HDL percentage			False
Cholesterol to Total Lipids in Very Large VLDL percentage			False
Cholesterol to Total Lipids in Very Small VLDL percentage			False
Cholesterol to total lipids in IDL percentage (UKB data field 23610)			False
Cholesterol to total lipids in medium VLDL percentage (UKB data field 23595)			False
Cholesterol to total lipids in very small VLDL percentage (UKB data field 23605)			False
Cholesterol to total lipids ratio in IDL			False
Cholesterol to total lipids ratio in chylomicrons and extremely large VLDL			False
Cholesterol to total lipids ratio in large HDL			False
Cholesterol to total lipids ratio in large LDL			False
Cholesterol to total lipids ratio in medium HDL			False
Cholesterol to total lipids ratio in medium LDL			False
Cholesterol to total lipids ratio in medium VLDL			False
Cholesterol to total lipids ratio in small LDL			False
Cholesterol to total lipids ratio in small VLDL			False
Cholesterol to total lipids ratio in very large HDL			False
Cholesterol to total lipids ratio in very large VLDL			False
Cholesterol to total lipids ratio in very small VLDL			False
Cholesterol, total			False
Cholesteryl Esters in HDL			False
Cholesteryl Esters in IDL			False
Cholesteryl Esters in LDL			False
Cholesteryl Esters in Large HDL			False
Cholesteryl Esters in Large LDL			False
Cholesteryl Esters in Large VLDL			False
Cholesteryl Esters in Medium HDL			False
Cholesteryl Esters in Medium LDL			False
Cholesteryl Esters in Medium VLDL			False
Cholesteryl Esters in Small HDL			False
Cholesteryl Esters in Small LDL			False
Cholesteryl Esters in Small VLDL			False
Cholesteryl Esters in VLDL			False
Cholesteryl Esters in chylomicrons and extremely large VLDL			False
Cholesteryl Esters in very large HDL			False
Cholesteryl Esters in very small VLDL			False
Cholesteryl Esters to Cholesterol in HDL percentage			False
Cholesteryl Esters to Cholesterol in LDL percentage			False
Cholesteryl Esters to Cholesterol in Large LDL percentage			False
Cholesteryl Esters to Cholesterol in Large VLDL percentage			False
Cholesteryl Esters to Cholesterol in Medium HDL percentage			False
Cholesteryl Esters to Cholesterol in Medium LDL percentage			False
Cholesteryl Esters to Cholesterol in Medium VLDL percentage			False
Cholesteryl Esters to Cholesterol in Small VLDL percentage			False
Cholesteryl Esters to Cholesterol in VLDL percentage			False
Cholesteryl Esters to Cholesterol in Very Small VLDL percentage			False
Cholesteryl Esters to Total Lipids in HDL percentage			False
Cholesteryl Esters to Total Lipids in IDL percentage			False
Cholesteryl Esters to Total Lipids in LDL percentage			False
Cholesteryl Esters to Total Lipids in Large HDL percentage			False
Cholesteryl Esters to Total Lipids in Large LDL percentage			False
Cholesteryl Esters to Total Lipids in Large VLDL percentage			False
Cholesteryl Esters to Total Lipids in Medium HDL percentage			False
Cholesteryl Esters to Total Lipids in Medium LDL percentage			False
Cholesteryl Esters to Total Lipids in Medium VLDL percentage			False
Cholesteryl Esters to Total Lipids in Small HDL percentage			False
Cholesteryl Esters to Total Lipids in Small LDL percentage			False
Cholesteryl Esters to Total Lipids in Small VLDL percentage			False
Cholesteryl Esters to Total Lipids in VLDL percentage			False
Cholesteryl Esters to Total Lipids in Very Large HDL percentage			False
Cholesteryl Esters to Total Lipids in Very Large VLDL percentage			False
Cholesteryl Esters to Total Lipids in Very Small VLDL percentage			False
Cholesteryl ester levels in HDL			False
Cholesteryl ester levels in IDL			False
Cholesteryl ester levels in LDL			False
Cholesteryl ester levels in VLDL			False
Cholesteryl ester levels in chylomicrons and extremely large VLDL			False
Cholesteryl ester levels in large HDL			False
Cholesteryl ester levels in large LDL			False
Cholesteryl ester levels in large VLDL			False
Cholesteryl ester levels in medium HDL			False
Cholesteryl ester levels in medium LDL			False
Cholesteryl ester levels in medium VLDL			False
Cholesteryl ester levels in small HDL			False
Cholesteryl ester levels in small LDL			False
Cholesteryl ester levels in small VLDL			False
Cholesteryl ester levels in very large HDL			False
Cholesteryl ester levels in very large VLDL			False
Cholesteryl ester levels in very small VLDL			False
Cholesteryl esters in IDL (UKB data field 23527)			False
Cholesteryl esters in LDL (UKB data field 23417)			False
Cholesteryl esters in VLDL (UKB data field 23416)			False
Cholesteryl esters in chylomicrons and extremely large VLDL (UKB data field 23485)			False
Cholesteryl esters in large LDL (UKB data field 23534)			False
Cholesteryl esters in large VLDL (UKB data field 23499)			False
Cholesteryl esters in medium LDL (UKB data field 23541)			False
Cholesteryl esters in medium VLDL (UKB data field 23506)			False
Cholesteryl esters in small HDL (UKB data field 23576)			False
Cholesteryl esters in small LDL (UKB data field 23548)			False
Cholesteryl esters in small VLDL (UKB data field 23513)			False
Cholesteryl esters in very large VLDL			False
Cholesteryl esters in very large VLDL (UKB data field 23492)			False
Cholesteryl esters to total lipids in large HDL percentage (UKB data field 23636)			False
Cholesteryl esters to total lipids in large LDL percentage (UKB data field 23616)			False
Cholesteryl esters to total lipids in medium LDL percentage (UKB data field 23621)			False
Cholesteryl esters to total lipids in medium VLDL percentage (UKB data field 23596)			False
Cholesteryl esters to total lipids in small LDL percentage (UKB data field 23626)			False
Cholesteryl esters to total lipids in very small VLDL percentage (UKB data field 23606)			False
Cholesteryl esters to total lipids ratio in IDL			False
Cholesteryl esters to total lipids ratio in chylomicrons and extremely large VLDL			False
Cholesteryl esters to total lipids ratio in large HDL			False
Cholesteryl esters to total lipids ratio in large LDL			False
Cholesteryl esters to total lipids ratio in medium HDL			False
Cholesteryl esters to total lipids ratio in medium LDL			False
Cholesteryl esters to total lipids ratio in medium VLDL			False
Cholesteryl esters to total lipids ratio in small HDL			False
Cholesteryl esters to total lipids ratio in small LDL			False
Cholesteryl esters to total lipids ratio in small VLDL			False
Cholesteryl esters to total lipids ratio in very large VLDL			False
Cholesteryl esters to total lipids ratio in very small VLDL			False
Chondroadherin levels			False
Chondromalacia			False
Chondromalacia (PheCode 733.9)			False
Chordin-like protein 1 levels			False
Chronic airway obstruction (PheCode 496)			False
Chronic bronchitis or irritable bowel syndrome (MTAG)			False
Chronic diseases of tonsils or adenoids (MTAG)			False
Chronic elevation of alanine aminotransferase (cALT) levels			False
Chronic heart failure			False
Chronic hepatitis B infection			False
Chronic inflammatory diseases (ankylosing spondylitis, Crohn's disease, psoriasis, primary sclerosing cholangitis, ulcerative colitis) (pleiotropy)			False
Chronic kidney disease			False
Chronic laryngitis (PheCode 473.1)			False
Chronic liver disease and cirrhosis (PheCode 571)			False
Chronic lymphocytic leukemia			False
Chronic mountain sickness			False
Chronic obstructive pulmonary disease			False
Chronic obstructive pulmonary disease in never smokers			False
Chronic obstructive pulmonary disease in non-current smokers			False
Chronic obstructive pulmonary disease liability (machine learning-based score)			False
Chronic obstructive pulmonary disease or colon polyp (MTAG)			False
Chronic obstructive pulmonary disease or diverticular disease (MTAG)			False
Chronic obstructive pulmonary disease or gastroesophageal reflux disease (MTAG)			False
Chronic obstructive pulmonary disease or irritable bowel syndrome (MTAG)			False
Chronic obstructive pulmonary disease or resting heart rate (pleiotropy)			False
Chronic obstructive pulmonary disease x current smoker interaction (2df)			False
Chronic obstructive pulmonary disease x current smoker interaction (main effect)			False
Chronic obstructive pulmonary disease x ever smoker interaction (2df)			False
Chronic obstructive pulmonary disease x ever smoker interaction (main effect)			False
Chronic obstructive pulmonary disease-related biomarkers			False
Chronotype and breast cancer			False
Chymotrypsinogen B2 levels			False
Cigarette consumption x hours spent using computers interaction			False
Cigarette consumption x hours spent watching television interaction			False
Cigarettes smoked per day			False
Cigarettes smoked per day (MTAG)			False
Circulating docosahexaenoic acid levels			False
Circulating plasma alpha-Klotho levels			False
Cirrhosis			False
Cirrhosis (alcohol related)			False
Citrate levels			False
Citrulline levels			False
Classic bladder exstrophy			False
Clathrin interactor 1 levels			False
Clear cell renal cell carcinoma			False
Cleft lip (with or without cleft palate) or cleft palate			False
Cleft lip with or without cleft palate			False
Clinical LDL cholesterol levels			False
Clinical LDL cholesterol levels (UKB data field 23404)			False
Clonal hematopoiesis (mutational barcode method)			False
Clopidogrel active metabolite levels			False
Coagulation Factor V levels			False
Cochlin levels			False
Coeliac disease			False
Coenzyme Q10 levels			False
Coffee consumption			False
Coffee consumption (cups per day)			False
Coffee intake (standard GWA)			False
Coffee type: Decaffeinated coffee (any type) (UKB data field 1508_1)			False
Cognitive ability (MTAG)			False
Cognitive aspects of educational attainment			False
Cognitive performance			False
Cognitive processing speed			False
Cold sores			False
Collagen type IV alpha-3-binding protein levels			False
Color vision defects (Tritan)			False
Colorectal cancer			False
Colorectal cancer (age of onset)			False
Colorectal cancer x smoking status interaction (3df)			False
Comfortable retirement (confirmatory factor analysis Factor 29)			False
Complement C1q subcomponent levels			False
Complement C1q tumor necrosis factor-related protein 1 levels			False
Complement C1q tumor necrosis factor-related protein 5 levels			False
Complement C1r subcomponent-like protein levels			False
Complement C3 and C4 levels			False
Complement C4 levels			False
Complement C4b levels			False
Complement factor D protein levels (SomaScan ID:8465-52)			False
Completion of the aide-memoire			False
Complex multiple long-term conditions			False
Complex ventricular septal defect			False
Complication due to other implant and internal device (PheCode 859)			False
Complication of internal orthopedic device (PheCode 858)			False
Concentration of HDL particles			False
Concentration of IDL particles			False
Concentration of IDL particles (UKB data field 23523)			False
Concentration of LDL particles			False
Concentration of LDL particles (UKB data field 23429)			False
Concentration of VLDL particles			False
Concentration of VLDL particles (UKB data field 23428)			False
Concentration of apixaban (at 12h)			False
Concentration of chylomicrons and extremely large VLDL particles			False
Concentration of chylomicrons and extremely large VLDL particles (UKB data field 23481)			False
Concentration of large HDL particles			False
Concentration of large LDL particles			False
Concentration of large VLDL particles			False
Concentration of large VLDL particles (UKB data field 23495)			False
Concentration of medium HDL particles			False
Concentration of medium LDL particles			False
Concentration of medium LDL particles (UKB data field 23537)			False
Concentration of medium VLDL particles			False
Concentration of medium VLDL particles (UKB data field 23502)			False
Concentration of small HDL particles			False
Concentration of small HDL particles (UKB data field 23572)			False
Concentration of small LDL particles			False
Concentration of small LDL particles (UKB data field 23544)			False
Concentration of small VLDL particles			False
Concentration of small VLDL particles (UKB data field 23509)			False
Concentration of very large HDL particles			False
Concentration of very large VLDL particles			False
Concentration of very small VLDL particles			False
Concentration of very small VLDL particles (UKB data field 23516)			False
Concussion			False
Conductive hearing loss (PheCode 389.2)			False
Congenital anomalies of face and neck (PheCode 749)			False
Congenital anomalies of genital organs (PheCode 751.1)			False
Congenital anomalies of peripheral vascular system (PheCode 747.2)			False
Congenital anomalies of the eye (PheCode 753)			False
Congenital anomalies of the integument (PheCode 757)			False
Congenital musculoskeletal deformities of spine (PheCode 754)			False
Contactin-1 levels			False
Contactin-2 level in Chronic kidney disease with hypertension and no diabetes (3296_92)			False
Contactin-2 levels			False
Contactin-2 levels (CNTN2.3296.92.2)			False
Contactin-4 levels			False
Contactin-6 level in Chronic kidney disease with hypertension and no diabetes (20561_15)			False
Contracture of palmar fascia [Dupuytren's disease] (PheCode 728.71)			False
Conversion from active surveillance to active treatment in prostate cancer			False
Cooked vegetables consumption			False
Core binding factor acute myeloid leukemia			False
Coriander liking			False
Corneal dystrophy (PheCode 364.5)			False
Corneal endothelial cell density			False
Corneal resistance factor			False
Corneal resistance factor (MTAG)			False
Coronary artery / coronary heart disease (including heart attack, angina)			False
Coronary artery disease			False
Coronary artery disease (MTAG)			False
Coronary artery disease (myocardial infarction, percutaneous transluminal coronary angioplasty, coronary artery bypass grafting, angina or chromic ischemic heart disease)			False
Coronary artery disease or factor VII levels (pleiotropy)			False
Coronary artery disease or factor VIII levels (pleiotropy)			False
Coronary artery disease or factor XI levels (pleiotropy)			False
Coronary artery disease or fibrinogen levels (pleiotropy)			False
Coronary artery disease or plasminogen activator inhibitor 1 levels (pleiotropy)			False
Coronary artery disease or tissue plasminogen activator levels (pleiotropy)			False
Coronary artery disease or von Willebrand factor levels (pleiotropy)			False
Coronary artery plaque burden			False
Coronary heart disease			False
Corpus callosum anterior subregion volume			False
Corpus callosum fractional anisotropy (splenium)			False
Corpus callosum total area			False
Corpus callosum volume			False
Cortical thickness			False
Corticotropin-releasing factor-binding protein levels			False
Corticotropin-releasing factor-binding protein levels (CRHBP.6039.24.3)			False
Cramp of limb (PheCode 771.2)			False
Cranial base width			False
Cranial vault shape (segment 1)			False
Creatine kinase levels			False
Creatinine levels			False
Creatinine levels (UKB data field 30700)			False
Creatinine levels in bottom 99% of individuals by creatinine levels			False
Crisps liking			False
Crohn's disease			False
Crohn's disease (Tractor method with European ancestry)			False
Crohn's disease or Leprosy (opposite effect)			False
Crohn's disease or systemic sclerosis			False
Crohn's disease vs rheumatoid arthritis (ordinary least squares (OLS))			False
Crohn's disease x sex interaction (2df)			False
Crohns disease			False
Cross sectional area of thoracic descending aorta			False
Cryptic phenotype that captures autosomal dominant polycystic kidney disease severity			False
Cucumber liking			False
Current medication use (UKB data field 20003)			False
Curry liking			False
Cushing's syndrome (PheCode 255.11)			False
Cutaneous lupus erythematosus			False
Cutaneous malignant melanoma			False
Cutaneous melanoma (MTAG)			False
Cutaneous melanoma or hair colour			False
Cutaneous squamous cell carcinoma			False
Cyclic AMP-responsive element-binding protein 3-like protein 4 levels (CREB3L4.11308.8.3)			False
Cystatin C levels			False
Cystatin C levels in bottom 99% of individuals by creatinine levels			False
Cysteine s-sulfate levels			False
Cysteine-rich with EGF-like domain protein 1 levels			False
Cytochrome c levels			False
Cytochrome c oxidase assembly factor 4 homolog, mitochondrial levels			False
Cytokine network levels (multivariate analysis)			False
Cytokine receptor-like factor 1 levels			False
Cytomegalovirus infection after allogeneic hematopoietic cell transplantation (recipients)			False
DAB2/FKBP5 protein level ratio			False
DAB2/GRAP2 protein level ratio			False
DAB2/NCK2 protein level ratio			False
DAB2/VASH1 protein level ratio			False
DAG1 protein levels			False
DAG1/F2R protein level ratio			False
DAG1/MGLL protein level ratio			False
DAG1/SCARF1 protein level ratio			False
DAPP1/MGLL protein level ratio			False
DAPP1/SAMD9L protein level ratio			False
DBI/EDAR protein level ratio			False
DBI/TMSB10 protein level ratio			False
DBNL/EDAR protein level ratio			False
DBNL/HEXIM1 protein level ratio			False
DCBLD2 protein levels			False
DCBLD2/PLA2G15 protein level ratio			False
DCXR/KYNU protein level ratio			False
DCXR/SORD protein level ratio			False
DDR1 protein levels			False
DDX58/SAMD9L protein level ratio			False
DECR1/PLXNA4 protein level ratio			False
DJB11 protein level (protein group normalized intensity)			False
DKK1/MGLL protein level ratio			False
DKK1/SERPINE1 protein level ratio			False
DLK1 protein levels			False
DLL1 protein levels			False
DLL1/EFEMP1 protein level ratio			False
DLL1/IL18BP protein level ratio			False
DNA methylation Hannum age acceleration			False
DNA methylation variation (age effect)			False
DNA methylation-estimated granulocyte proportions			False
DNA methylation-estimated plasminogen activator inhibitor-1 levels			False
DNA repair protein XRCC1 protein levels (SomaScan ID:4815-25)			False
DNA-(apurinic or apyrimidinic site) lyase levels			False
DNAJA2/PLXNA4 protein level ratio			False
DNAJB1 protein levels			False
DNER protein levels			False
DNMBP protein levels			False
DNMBP/TBCC protein level ratio			False
DNMBP/WWP2 protein level ratio			False
DNPH1/PKLR protein level ratio			False
DOK2/GRAP2 protein level ratio			False
DOK2/MESD protein level ratio			False
DOK2/PDLIM7 protein level ratio			False
DOK2/PPP1R12A protein level ratio			False
DPP10 protein levels			False
DPP4 protein levels			False
DPP4/ITGB1 protein level ratio			False
DPP6 protein levels			False
DPP7 protein levels			False
DRAXIN protein levels			False
DSC2 protein levels			False
DSCAM protein levels			False
DSG2 protein levels			False
DSG4 protein levels			False
DTI TBSS L3 Superior corona radiata R			False
DTX3 protein levels			False
DXA-Bone mineral density (arms)  (UKB data field 23225)			False
DXA-Bone mineral density (femur neck) (UKB data field 23299)			False
DXA-Bone mineral density (femur total) (UKB data field 23291)			False
DXA-Bone mineral density (head) (UKB data field 23226)			False
DXA-Bone mineral density (legs) (UKB data field 23231)			False
DXA-Bone mineral density (pelvis) (UKB data field 23232)			False
DXA-Bone mineral density (total body) (UKB data field 23236)			False
Decreased white blood cell count (PheCode 288.1)			False
Dedicator of cytokinesis protein 9 levels			False
Degeneration of macula and posterior pole of retina (PheCode 362.2)			False
Degenerative and vascular disorders of ear (PheCode 389.3)			False
Degenerative skin conditions and other dermatoses (PheCode 702)			False
Degree of unsaturation			False
Dehydrogenase/reductase SDR family member 9 levels			False
Delta of the red cell haemoglobins			False
Delta-5 desaturase activity response to n3-polyunsaturated fat supplement			False
Dental caries			False
Dental development			False
Dentures			False
Deoxycarnitine levels			False
Deoxycarnitine levels in elite athletes			False
Dermatitis due to solar radiation (PheCode 938)			False
Dermatochalasis (PheCode 374.6)			False
Descending aorta diameter			False
Descending aorta distensibility			False
Descending aorta distensibility (MTAG)			False
Descending aorta strain			False
Descending thoracic aortic diameter			False
Desmocollin-1 protein levels (SomaScan ID:20530-2)			False
Developmental dysplasia of the hip			False
Diabetes			False
Diabetes (confirmatory factor analysis Factor 28)			False
Diabetes (standard GWA)			False
"Diabetes / ""Sugar"""			False
Diabetes mellitus (PheCode 250)			False
Diabetes or abnormal glucose tolerance complicating pregnancy (PheCode 649.1)			False
Diabetic retinopathy			False
Diabetic retinopathy (PheCode 250.7)			False
Diacylglycerol (12:0/18:0)			False
Diacylglycerol (16:0/16:0)			False
Diacylglycerol (16:0/18:0)			False
Diacylglycerol (16:1/20:4)			False
Diacylglycerol (18:0/22:6)			False
Diacylglycerol (18:1/20:3)			False
Diacylglycerol (18:1/20:4)			False
Diacylglycerol (18:1/22:5)			False
Diacylglycerol (18:2/20:3)			False
Diacylglycerol (18:2/22:5)			False
Diacylglycerol levels			False
Diastolic blood pressure			False
Diastolic blood pressure (BMI adjusted)			False
Diastolic blood pressure (BMI unadjusted)			False
Diastolic blood pressure (MTAG)			False
Diastolic blood pressure (UKB data field 4079)			False
Diastolic blood pressure (cigarette smoking interaction)			False
Diastolic blood pressure response to thiazide and thiazide-like diuretics in hypertension			False
Diastolic blood pressure x alcohol consumption interaction (2df test)			False
Dietary macronutrient intake (multi-trait analysis)			False
Diffuse plaques (SNP x SNP interaction)			False
Digestive system disease (Barrett's esophagus and esophageal adenocarcinoma combined)			False
Dihexosylceramide (d16:1/16:0) levels			False
Dihomo-gamma-linolenic acid levels			False
Dihydrosylceramides (FA18:0)			False
Diisocyanate-induced asthma			False
Dilated cardiomyopathy (MTAG)			False
Dipeptidase 2 levels			False
Direct bilirubin levels			False
Direct low density lipoprotein cholesterol levels			False
Direct low density lipoprotein levels (UKB data field 30780)			False
Disc degeneration (lumbar)			False
Disease of tricuspid valve (PheCode 394.7)			False
Disease-free survival in tamoxifen-treated early-onset breast cancer (complete)			False
Diseases of esophagus (PheCode 530)			False
Diseases of sebaceous glands (PheCode 706)			False
Disks large homolog 3 levels			False
Disorder of skin and subcutaneous tissue NO (PheCode 689)			False
Disorders of external ear (PheCode 380)			False
Disorders of iris and ciliary body (PheCode 379.5)			False
Disorders of iron metabolism (PheCode 275.1)			False
Disorders of lipid metabolism (PheCode 272)			False
Disorders of mineral metabolism (PheCode 275)			False
Disorders of muscle, ligament, and fascia (PheCode 728)			False
Disorders of parathyroid gland (PheCode 252)			False
Disorders secondary to childbirth, surgery, trauma (PheCode 617)			False
Disturbances in tooth eruption (PheCode 520.2)			False
Diverticular disease			False
Diverticulitis			False
Diverticulitis (PheCode 562.2)			False
Diverticulosis			False
Diverticulosis (PheCode 562.1)			False
Diverticulosis and diverticulitis (PheCode 562)			False
DnaJ homolog subfamily B member 13 levels			False
DnaJ homolog subfamily B member 9 levels			False
Docetaxel-induced peripheral neuropathy in metastatic castrate-resistant prostate cancer			False
Docosahexaenoic acid (22:6) levels			False
Docosahexaenoic acid levels			False
Docosahexaenoic acid levels (UKB data field 23450)			False
Docosahexaenoic acid to total fatty acids percentage			False
Dorsolateral prefrontal area (unadjusted for global measures)			False
Dorsolateral prefrontal thickness			False
Dorsolateral prefrontal thickness (unadjusted for global measures)			False
Dorsomedial frontal area			False
Dorsomedial frontal area (unadjusted for global measures)			False
Drink temperature			False
Drinks per week			False
Drinks usually with meals in current drinkers (yes vs no) (UKB data field 1618)			False
Drug-induced Stevens-Johnson syndrome or toxic epidermal necrolysis (SJS/TEN)			False
Drug-induced liver injury (diclofenac)			False
Drug-induced liver injury (flucloxacillin)			False
Dupuytren's disease			False
Dyschromia and Vitiligo (PheCode 694)			False
Dyshidrosis (PheCode 705.1)			False
Dyslipidemia			False
Dystrotelin levels			False
EBAG9/EDAR protein level ratio			False
EBAG9/TBCC protein level ratio			False
ECG cardiac MRI latent space			False
ECG latent space			False
ECM1 protein levels			False
EDAR protein levels			False
EDAR/ENO2 protein level ratio			False
EDAR/F11R protein level ratio			False
EDAR/ITGB1BP2 protein level ratio			False
EDAR/PRDX5 protein level ratio			False
EDAR/SERPINB1 protein level ratio			False
EDAR/SNAP23 protein level ratio			False
EDAR/SPARC protein level ratio			False
EDAR/TXNDC5 protein level ratio			False
EFNA4 protein levels			False
EGF/MANF protein level ratio			False
EGF/MGLL protein level ratio			False
EGFL7 protein levels			False
EHBP1 protein levels			False
EIF4B/IPCEF1 protein level ratio			False
EIF4B/TBCC protein level ratio			False
ENDOU protein levels			False
ENG protein levels			False
ENG/NCAM2 protein level ratio			False
ENO2/MGLL protein level ratio			False
ENO2/PLXNA4 protein level ratio			False
ENO2/RWDD1 protein level ratio			False
ENPP5 protein levels			False
ENPP6 protein levels			False
EPCAM protein levels			False
EPHA1 protein levels			False
EPHA4 protein levels			False
EPHB4/ESAM protein level ratio			False
EPHB6 protein levels			False
EPS8L2 protein levels			False
ER4 sp002437735 abundance in stool			False
ERBIN/LAT2 protein level ratio			False
ERBIN/SCAMP3 protein level ratio			False
ERBIN/TBC1D23 protein level ratio			False
EREG/HBEGF protein level ratio			False
ESAM/JAM2 protein level ratio			False
ESAM/TNFRSF14 protein level ratio			False
Early age-related macular degeneration			False
Early cardiac repolarization			False
Early onset atrial fibrillation			False
Early-stage non-small cell lung squamous carcinoma			False
Ease of sunburn			False
Ebbinghaus illusion (overestimation)			False
Ectonucleoside triphosphate diphosphohydrolase 5 protein levels (SomaScan ID:4479-14)			False
Eczema			False
Edge-level brain connectivity (multivariate analysis)			False
Educational attainment			False
Educational attainment (MTAG)			False
Educational attainment (college completion)			False
Educational attainment (confirmatory factor analysis Factor 10)			False
Educational attainment (years of education)			False
Elafin levels			False
Electrocardiogram morphology (amplitude at temporal datapoints)			False
Electrocardiographic traits (multivariate)			False
Elevated prostate specific antigen [PSA] (PheCode 796)			False
Elevated white blood cell count (PheCode 288.2)			False
Encounter for long-term (current) use of anticoagulants (PheCode 286.2)			False
End stage renal disease (PheCode 585.32)			False
End-diastolic bi-ventricular shape (principal component 1)			False
End-diastolic bi-ventricular shape (principal component 4)			False
Endocarditis (PheCode 420.3)			False
Endometriosis			False
Endometriosis (MTAG)			False
Endophilin-A3 protein levels (SomaScan ID:7161-25)			False
Endoplasmic reticulum lectin 1 levels			False
Endoplasmic reticulum resident protein 29 levels			False
Endothelial cell-selective adhesion molecule (analyte X20536.11) levels			False
Endothelial cell-selective adhesion molecule levels			False
Endothelial cell-selective adhesion molecule levels (ESAM.7841.84.3)			False
Endoxifen concentration in tamoxifen-treated breast cancer			False
Endoxifen levels in tamoxifen-treated hormone-receptor-positive breast cancer			False
Endoxifen to N-desmethyl tamoxifen ratio  in tamoxifen-treated hormone-receptor-positive breast cancer			False
Energy expenditure			False
Eosinophil count			False
Eosinophil count variance			False
Eosinophil percentage of granulocytes			False
Eosinophil percentage of white cells			False
Eosinophil side fluorescence			False
Eosinophil side scatter			False
Eosinophilia (PheCode 288.3)			False
Eosinophill count (UKB data field 30150)			False
Eosinophill percentage (UKB data field 30210)			False
Eotaxin levels			False
Ephrin type-A receptor 4 levels			False
Ephrin type-B receptor 1 protein levels (SomaScan ID:8385-248)			False
Epicardial and pericardial adipose tissue			False
Epiretinal membrane			False
Epithelial discoidin domain-containing receptor 1 levels			False
Epithelial ovarian cancer			False
Epstein-Barr virus VCA p18 antibody levels			False
Epstein-Barr virus ZEBRA antibody levels			False
Erythematosquamous dermatosis (PheCode 690)			False
Erythrocyte band 7 integral membrane protein levels (STOM.8261.51.3)			False
Erythrocyte cadmium concentration in never smokers			False
Esophageal cancer			False
Esophagitis, GERD and related diseases (PheCode 530.1)			False
Essential hypertension (PheCode 401.1)			False
Essential hypertension (time to event)			False
Esterified cholesterol levels			False
Estimated glomerular filtration rate			False
Estimated glomerular filtration rate (creatinine)			False
Estimated glomerular filtration rate (creatinine, cystatin c)			False
Estimated glomerular filtration rate (cystatin c)			False
Estimated glomerular filtration rate based on creatinine and cystatin C in bottom 99% of individuals by creatinine levels			False
Estimated glomerular filtration rate in diabetes			False
Estimated glomerular filtration rate in non-diabetics			False
Estradiol levels			False
Estrogen level change in anastrozole-treated breast cancer			False
Eustachian tube disorders (PheCode 381.2)			False
Exophthalmos (PheCode 242.3)			False
Extraintestinal manifestations in inflammatory bowel disease (ankylosing spondylitis and sacroiliitis)			False
Eye color			False
Ezrin levels			False
F-acquired taste liking (derived food-liking factor)			False
F-bitter food liking (derived food-liking factor)			False
F-burn/spicy liking (derived food-liking factor)			False
F-capsicum liking (derived food-liking factor)			False
F-cheese liking (derived food-liking factor)			False
F-chocolate/coffee liking (derived food-liking factor)			False
F-coffee/alcohol liking (derived food-liking factor)			False
F-cooking flavour liking (derived food-liking factor)			False
F-cooking vegetables liking (derived food-liking factor)			False
F-deep fried food liking (derived food-liking factor)			False
F-dessert liking (derived food-liking factor)			False
F-fatty food liking (derived food-liking factor)			False
F-fatty/dairy food liking (derived food-liking factor)			False
F-fatty/salty food liking (derived food-liking factor)			False
F-fish liking (derived food-liking factor)			False
F-fruit liking (derived food-liking factor)			False
F-glutamate liking (derived food-liking factor)			False
F-healthy breakfast food liking (derived food-liking factor)			False
F-highly palatable foods liking (derived food-liking factor)			False
F-meat liking (derived food-liking factor)			False
F-salad vegetables liking (derived food-liking factor)			False
F-salty food liking (derived food-liking factor)			False
F-sauces liking (derived food-liking factor)			False
F-savour/caloric food liking (derived food-liking factor)			False
F-savoury food liking (derived food-liking factor)			False
F-seafood liking (derived food-liking factor)			False
F-sharp flavour liking (derived food-liking factor)			False
F-small fish liking (derived food-liking factor)			False
F-strong alcohol liking (derived food-liking factor)			False
F-strong flavour liking (derived food-liking factor)			False
F-sweetened coffee drink liking (derived food-liking factor)			False
F-vegetarian liking (derived food-liking factor)			False
F-wine liking (derived food-liking factor)			False
F11R/PLXNA4 protein level ratio			False
F2R protein levels			False
F2R/GP6 protein level ratio			False
F2R/ITGB1BP2 protein level ratio			False
F2R/MPIG6B protein level ratio			False
F2R/SEMA4D protein level ratio			False
F2R/SERPINE1 protein level ratio			False
F2R/SNX9 protein level ratio			False
F2R/SPINT2 protein level ratio			False
F2R/TMSB10 protein level ratio			False
F2R/TNFRSF14 protein level ratio			False
FABP6 protein levels			False
FABP9 protein levels			False
FADD/MGLL protein level ratio			False
FAM171B protein levels			False
FAM3B protein levels			False
FAP protein levels			False
FAP/LRRN1 protein level ratio			False
FASLG protein levels			False
FCAMR protein levels			False
FCAR protein levels			False
FCER2 protein levels			False
FCN2 protein levels			False
FCRL1 protein levels			False
FCRL1/TNFRSF13C protein level ratio			False
FCRL2 protein levels			False
FCRL2/LY9 protein level ratio			False
FCRL6 protein levels			False
FERMT3 protein levels			False
FEV1			False
FEV1 FVC ratio Z score (UKB data field 20258)			False
FEV1 or gastro-oesophageal reflux disease (pleiotropy)			False
FEV1 or inflammatory bowel disease (pleiotropy)			False
FEV1 or peptic ulcer disease (pleiotropy)			False
FEV1 x serum 25-hydroxyvitamin D interaction (2df test)			False
FEV1 x serum 25-hydroxyvitamin D interaction in ever smokers (2df test)			False
FEV1 x serum 25-hydroxyvitamin D interaction in never smokers (2df test)			False
FEV1/FVC or gastro-oesophageal reflux disease (pleiotropy)			False
FEV1/FVC or inflammatory bowel disease (pleiotropy)			False
FEV1/FVC or peptic ulcer disease (pleiotropy)			False
FEV1/FVC ratio			False
FGF5 protein levels			False
FGFR4 protein levels			False
FIS1/MGLL protein level ratio			False
FKBP14 protein levels			False
FKBP5/TBCC protein level ratio			False
FLI1/MED18 protein level ratio			False
FLT3LG protein levels			False
FLT4 protein levels			False
FN1 protein levels			False
FOLR2 protein levels			False
FSTL3 protein levels			False
FSTL3/LTBR protein level ratio			False
FTCD protein levels			False
FUOM protein levels			False
FVC			False
FVC or gastro-oesophageal reflux disease (pleiotropy)			False
FVC or inflammatory bowel disease (pleiotropy)			False
FVC or irritable bowel syndrome (pleiotropy)			False
FVC or peptic ulcer disease (pleiotropy)			False
FVC x serum 25-hydroxyvitamin D interaction (2df test)			False
FVC x serum 25-hydroxyvitamin D interaction in never smokers (2df test)			False
Facial appearance			False
Facial morphology (D497)			False
Facial morphology (D527)			False
Facial morphology (D92)			False
Facial morphology (nose roundness 1)			False
Facial morphology (segment 10)			False
Facial morphology (segment 11)			False
Facial morphology (segment 2)			False
Facial morphology (segment 22)			False
Facial morphology (segment 3)			False
Facial morphology (segment 5)			False
Facial wrinkles			False
Factor VIII levels or von Willebrand factor levels (pleiotropy)			False
Familial combined hyperlipidemia defined by Brunzell criteria			False
Familial combined hyperlipidemia defined by Consensus criteria			False
Familial combined hyperlipidemia defined by Dutch criteria			False
Familial combined hyperlipidemia defined by Goldstein criteria			False
Familial combined hyperlipidemia defined by Mexico criteria			False
Fasting blood glucose			False
Fasting blood glucose adjusted for BMI			False
Fasting cholesterol esters in large HDL			False
Fasting cholesterol esters in large VLDL			False
Fasting free cholesterol in large HDL			False
Fasting free cholesterol in large VLDL			False
Fasting free cholesterol in medium VLDL			False
Fasting glucose			False
Fasting insulin			False
Fasting large HDL particle concentration			False
Fasting large VLDL particle concentration			False
Fasting medium VLDL particle concentration			False
Fasting phospholipid levels in large HDL			False
Fasting phospholipid levels in large VLDL			False
Fasting phospholipid levels in medium VLDL			False
Fasting plasma glucose			False
Fasting total cholesterol in large HDL			False
Fasting total cholesterol in large VLDL			False
Fasting total lipids in large HDL			False
Fasting total lipids in large VLDL			False
Fasting total lipids in medium VLDL			False
Fasting triglyceride levels			False
Fasting triglycerides in VLDL			False
Fasting triglycerides levels in large VLDL			False
Fasting triglycerides levels in medium VLDL			False
Fasting triglycerides levels in small VLDL			False
Fasting triglycerides levels in very large HDL			False
Fat-free mass			False
Fatty acids (14:0) levels			False
Fatty acids (15:0) levels			False
Febrile seizures	Epilepsy	Disorder	True
Febrile seizures (MMR vaccine-related)			False
Female infertility (idiopathic, defined by excluding other causes)			False
Femoral neck bone geometry and menarche (age at onset)			False
Femoral neck bone mineral density			False
Femoral neck bone mineral density and trunk fat mass adjusted by trunk lean mass			False
Femur bone mineral density x serum urate levels interaction			False
Femur total bone mineral density x gut microbiota (genus Lactococcus) interaction			False
Fibrinogen			False
Fibrinogen levels			False
Fibrinogen levels or factor VII levels (pleiotropy)			False
Fibrinogen levels or factor VII levels or factor XI levels or tissue plasminogen activator levels (pleiotropy)			False
Fibrinogen levels or plasminogen activator inhibitor 1 levels (pleiotropy)			False
Fibrinogen levels or tissue plasminogen activator levels (pleiotropy)			False
Fibroblast growth factor 7 (analyte X14031.18) levels			False
Fibroblast growth factor 7 (analyte X4487.1) levels			False
Fibronectin protein levels (SomaScan ID:9409-11)			False
Fish- and plant-related diet			False
Flavobacteriales abundance in stool			False
Fluid intelligence			False
Fluid intelligence score (baseline)			False
Follicular lymphoma			False
Follistatin-related protein 3 levels			False
Forced expiratory volume (baseline)			False
Forced expiratory volume and interleukin-6 levels and high-sensitivity C-reactive protein levels (pleiotropy)			False
Forced expiratory volume in 1 second (FEV1)			False
Forced expiratory volume in 1 second (occupational environmental exposures interaction)			False
Forced expiratory volume in 1 second FEV1 Z score (UKB data field 20256)			False
Forced vital capacity (FVC)			False
Forced vital capacity FVC Z score (UKB data field 20257)			False
Forced vital capacity and interleukin-6 levels and high-sensitivity C-reactive protein levels (pleiotropy)			False
Fracture of patella (PheCode 800.4)			False
Frailty (Factor 1 - Limited Social Support)			False
Frailty (Factor 3 - Multimorbidity)			False
Frailty (Factor 4 - Metabolic Problems)			False
Frailty (Factor 6 - Disability)			False
Frailty (General Factor)			False
Frailty index			False
Freckles			False
Free Cholesterol in HDL			False
Free Cholesterol in LDL			False
Free Cholesterol in VLDL			False
Free Cholesterol to Cholesterol in HDL percentage			False
Free Cholesterol to Cholesterol in LDL percentage			False
Free Cholesterol to Cholesterol in Large LDL percentage			False
Free Cholesterol to Cholesterol in Large VLDL percentage			False
Free Cholesterol to Cholesterol in Medium HDL percentage			False
Free Cholesterol to Cholesterol in Medium LDL percentage			False
Free Cholesterol to Cholesterol in Medium VLDL percentage			False
Free Cholesterol to Cholesterol in Small VLDL percentage			False
Free Cholesterol to Cholesterol in VLDL percentage			False
Free Cholesterol to Cholesterol in Very Small VLDL percentage			False
Free Cholesterol to Cholesteryl Esters in HDL percentage			False
Free Cholesterol to Cholesteryl Esters in LDL percentage			False
Free Cholesterol to Cholesteryl Esters in Large HDL ratio			False
Free Cholesterol to Cholesteryl Esters in Large LDL ratio			False
Free Cholesterol to Cholesteryl Esters in Large VLDL ratio			False
Free Cholesterol to Cholesteryl Esters in Medium HDL ratio			False
Free Cholesterol to Cholesteryl Esters in Medium LDL ratio			False
Free Cholesterol to Cholesteryl Esters in Medium VLDL ratio			False
Free Cholesterol to Cholesteryl Esters in Small HDL ratio			False
Free Cholesterol to Cholesteryl Esters in Small LDL ratio			False
Free Cholesterol to Cholesteryl Esters in Small VLDL ratio			False
Free Cholesterol to Cholesteryl Esters in VLDL percentage			False
Free Cholesterol to Cholesteryl Esters in Very Large HDL ratio			False
Free Cholesterol to Cholesteryl Esters in Very Small VLDL ratio			False
Free Cholesterol to Total Lipids in HDL percentage			False
Free Cholesterol to Total Lipids in IDL percentage			False
Free Cholesterol to Total Lipids in Large HDL percentage			False
Free Cholesterol to Total Lipids in Large LDL percentage			False
Free Cholesterol to Total Lipids in Large VLDL percentage			False
Free Cholesterol to Total Lipids in Medium HDL percentage			False
Free Cholesterol to Total Lipids in Medium LDL percentage			False
Free Cholesterol to Total Lipids in Medium VLDL percentage			False
Free Cholesterol to Total Lipids in Small HDL percentage			False
Free Cholesterol to Total Lipids in Small LDL percentage			False
Free Cholesterol to Total Lipids in Small VLDL percentage			False
Free Cholesterol to Total Lipids in VLDL percentage			False
Free Cholesterol to Total Lipids in Very Large HDL percentage			False
Free Cholesterol to Total Lipids in Very Large VLDL percentage			False
Free Cholesterol to Total Lipids in Very Small VLDL percentage			False
Free androgen index			False
Free cholesterol in HDL (UKB data field 23422)			False
Free cholesterol in IDL			False
Free cholesterol in IDL (UKB data field 23528)			False
Free cholesterol in LDL (UKB data field 23421)			False
Free cholesterol in VLDL (UKB data field 23420)			False
Free cholesterol in chylomicrons and extremely large VLDL			False
Free cholesterol in chylomicrons and extremely large VLDL (UKB data field 23486)			False
Free cholesterol in large HDL			False
Free cholesterol in large LDL			False
Free cholesterol in large LDL (UKB data field 23535)			False
Free cholesterol in large VLDL			False
Free cholesterol in large VLDL (UKB data field 23500)			False
Free cholesterol in medium HDL			False
Free cholesterol in medium LDL			False
Free cholesterol in medium VLDL			False
Free cholesterol in medium VLDL (UKB data field 23507)			False
Free cholesterol in small HDL			False
Free cholesterol in small HDL (UKB data field 23577)			False
Free cholesterol in small LDL			False
Free cholesterol in small LDL (UKB data field 23549)			False
Free cholesterol in small VLDL			False
Free cholesterol in small VLDL (UKB data field 23514)			False
Free cholesterol in very large HDL			False
Free cholesterol in very large HDL (UKB data field 23556)			False
Free cholesterol in very large VLDL			False
Free cholesterol in very large VLDL (UKB data field 23493)			False
Free cholesterol in very small VLDL			False
Free cholesterol in very small VLDL (UKB data field 23521)			False
Free cholesterol levels			False
Free cholesterol levels in HDL			False
Free cholesterol levels in IDL			False
Free cholesterol levels in LDL			False
Free cholesterol levels in VLDL			False
Free cholesterol levels in chylomicrons and extremely large VLDL			False
Free cholesterol levels in large HDL			False
Free cholesterol levels in large LDL			False
Free cholesterol levels in large VLDL			False
Free cholesterol levels in medium LDL			False
Free cholesterol levels in medium VLDL			False
Free cholesterol levels in small HDL			False
Free cholesterol levels in small VLDL			False
Free cholesterol levels in very large HDL			False
Free cholesterol levels in very large VLDL			False
Free cholesterol levels in very small VLDL			False
Free cholesterol to total lipids in large HDL percentage (UKB data field 23637)			False
Free cholesterol to total lipids in large LDL percentage (UKB data field 23617)			False
Free cholesterol to total lipids in medium HDL percentage (UKB data field 23642)			False
Free cholesterol to total lipids in medium LDL percentage (UKB data field 23622)			False
Free cholesterol to total lipids in small VLDL percentage (UKB data field 23602)			False
Free cholesterol to total lipids ratio in IDL			False
Free cholesterol to total lipids ratio in large HDL			False
Free cholesterol to total lipids ratio in large LDL			False
Free cholesterol to total lipids ratio in large VLDL			False
Free cholesterol to total lipids ratio in medium HDL			False
Free cholesterol to total lipids ratio in medium LDL			False
Free cholesterol to total lipids ratio in medium VLDL			False
Free cholesterol to total lipids ratio in small HDL			False
Free cholesterol to total lipids ratio in small LDL			False
Free cholesterol to total lipids ratio in small VLDL			False
Free cholesterol to total lipids ratio in very large HDL			False
Free cholesterol to total lipids ratio in very large VLDL			False
Free cholesterol to total lipids ratio in very small VLDL			False
Free testosterone levels			False
Free thyroxine levels within normal range in pregnancy			False
Fresh fruit consumption			False
Frontal fibrosing alopecia			False
Fruit consumption			False
Fruit liking			False
GAL protein levels			False
GALNT10 protein levels			False
GALNT2 protein levels			False
GALNT3 protein levels			False
GAS6 protein levels			False
GASK1A protein levels			False
GAST protein levels			False
GDF15 protein levels			False
GDH/6PGL endoplasmic bifunctional protein level in Chronic kidney disease with hypertension and no diabetes (7161_25)			False
GDH/6PGL endoplasmic bifunctional protein levels			False
GDH/6PGL endoplasmic bifunctional protein levels (H6PD.7161.25.3)			False
GERD (PheCode 530.11)			False
GFAP protein levels			False
GGH protein levels			False
GGT1/MME protein level ratio			False
GHR protein levels			False
GHRL protein levels			False
GIP levels in response to oral glucose tolerance test (fasting)			False
GLB1 protein levels			False
GLIPR1 protein levels			False
GLOD4/S100A4 protein level ratio			False
GNAS protein levels			False
GNLY protein levels			False
GNLY/GZMA protein level ratio			False
GNLY/KIR2DL3 protein level ratio			False
GNPDA2 protein levels			False
GOLM2/ITGA5 protein level ratio			False
GOPC/PLXNA4 protein level ratio			False
GP1BA/HBEGF protein level ratio			False
GP1BA/SIAE protein level ratio			False
GPA33 protein levels			False
GPC1 protein levels			False
GPNMB protein levels			False
GRB2-related adapter protein 2 levels			False
GRIK2 protein levels			False
GSTA1 protein levels			False
GUCA2A protein levels			False
GUSB protein levels			False
GZMA protein levels			False
GZMA/KIR2DL3 protein level ratio			False
GZMA/TNFRSF4 protein level ratio			False
GZMA/TNFRSF8 protein level ratio			False
GZMB protein levels			False
GZMB/IL15 protein level ratio			False
GZMH protein levels			False
Galanin peptide levels			False
Galectin-9 levels			False
Gall stone disease or coronary artery disease			False
Gallstone disease			False
Gamma glutamyl transferase levels			False
Gamma glutamyl transpeptidase			False
Gamma glutamyltransferase levels (UKB data field 30730)			False
Ganglion cell inner plexiform layer (GCIPL) thickness			False
Gastric cancer			False
Gastroesophageal reflux disease			False
Gastroesophageal reflux disease (UKB data field 20002_1138)			False
Gastroesophageal reflux disease, peptic ulcer disease and/or corresponding medications and treatment			False
Gastrointestinal issues (confirmatory factor analysis Factor 31)			False
Gastrotropin levels			False
General cognitive ability			False
General pain factor			False
Genetic generalized epilepsy	Epilepsy	Disorder	True
Genu valgum or varum (acquired) (PheCode 736.4)			False
Gestational age (fetal effect)			False
Gestational age at delivery			False
Gestational duration			False
Gestational hypertension			False
Glaucoma			False
Glaucoma (PheCode 365)			False
Glaucoma (high intraocular pressure)			False
Glaucoma (low intraocular pressure)			False
Glaucoma (multi-trait analysis)			False
Glaucoma (primary open-angle)			False
Glioma			False
Glomerular filtration rate			False
Glomerular filtration rate (creatinine)			False
Glomerular filtration rate in non diabetics (creatinine)			False
Glomerulonephritis (PheCode 580.1)			False
Glucagon levels in lean individuals			False
Glucose (fasting status unknown, maximum, inv-norm transformed)			False
Glucose (fasting status unknown, mean, inv-norm transformed)			False
Glucose (fasting status unknown, minimum, inv-norm transformed)			False
Glucose levels			False
Glucose levels (UKB data field 23470)			False
Glucose levels (UKB data field 30740)			False
Glucose levels (adjusted for time of day)			False
Glucose-dependent insulinotropic peptide levels			False
Glucosidase 2 subunit beta levels			False
Glutamine degradant levels			False
Glutamine levels			False
Glutamine levels (Biocrates platform)			False
Glutaroyl carnitine levels			False
Glutaryl-CoA dehydrogenase, mitochondrial levels			False
Glutarylcarnitine (C5) levels			False
Glutarylcarnitine (c5-dc) levels			False
Glutathione peroxidase 1 levels			False
Gluteofemoral adipose tissue volumes			False
Gluteofemoral adipose tissue volumes (adjusted for BMI and height)			False
Glycated haemoglobin HbA1c levels (UKB data field 30750)			False
Glycated hemoglobin HbA1c levels			False
Glycated hemoglobin levels			False
Glycemic traits (multi-trait analysis)			False
Glycerol levels			False
Glycerophosphoethanolamine levels			False
Glycine levels			False
Glycine levels (UKB data field 23462)			False
Glycocholenate sulfate levels			False
Glycodeoxycholate sulfate levels			False
Glycoprotein acetylation			False
Glycoprotein acetyls levels			False
Glycoprotein acetyls levels (UKB data field 23480)			False
Glycosuria in pregnancy (offspring genotype effect)			False
Glycosyl ceramide (d18:1/20:0, d16:1/22:0) levels			False
Glycosyl-N-(2-hydroxynervonoyl)-sphingosine (d18:1/24:1(2OH)) levels			False
Glycosyl-N-behenoyl-sphingadienine (d18:2/22:0) levels			False
Glycosyl-N-stearoyl-sphingosine (d18:1/18:0) levels			False
Goiter			False
Gout			False
Gout (PheCode 274.1)			False
Gout (normal type)			False
Gout and other crystal arthrop (PheCode 274)			False
Grade of retinal pigmentation			False
Granulocyte Absolute Count			False
Granulocyte count			False
Granulocyte percentage of myeloid white cells			False
Granulocyte-macrophage colony-stimulating factor levels			False
Granzyme A levels			False
Granzyme K levels			False
Granzyme M levels			False
Granzyme M levels (GZMM.5704.74.3)			False
Grapefruit liking			False
Graves' disease			False
Gro-beta level in Chronic kidney disease with hypertension and no diabetes (3148_49)			False
Gro-gamma level in Chronic kidney disease with hypertension and no diabetes (22973_8)			False
Gro-gamma level in Chronic kidney disease with hypertension and no diabetes (2986_49)			False
Growth differentiation factor-15 levels			False
Guanidinoacetate levels			False
Guanosine levels			False
Gut microbial network clusters (BlueViolet (at 3 months) x Homesmokers interaction			False
Gut microbial network clusters (BlueViolet (at 3 months) x Household furry pet cat (3 Months) interaction			False
Gut microbial network clusters (BlueViolet (at 3 months) x Household furry pet dog (3 Months) interaction			False
Gut microbial network clusters (BlueViolet (at 3 months) x Maternal Birth Antibiotics Use interaction			False
Gut microbial network clusters (BlueViolet (at 3 months) x Vaginal Birth interaction			False
Gut microbial network clusters (Brown (at 3 months) x Homesmokers interaction			False
Gut microbial network clusters (Coral (at 1 year) x Household furry pet cat (1 Year) interaction			False
Gut microbial network clusters (Coral (at 1 year) x Household furry pet cat (3 Months) interaction			False
Gut microbial network clusters (Cyan (at 3 months) x Any Breastfeeding (3 Months) interaction			False
Gut microbial network clusters (Cyan (at 3 months) x Homesmokers interaction			False
Gut microbial network clusters (Cyan (at 3 months) x Household furry pet cat (3 Months) interaction			False
Gut microbial network clusters (Cyan (at 3 months) x Vaginal Birth interaction			False
Gut microbial network clusters (Magenta (at 1 year) x Any Breastfeeding (3 Months) interaction			False
Gut microbial network clusters (Magenta (at 1 year) x Any Breastfeeding (Duration) interaction			False
Gut microbial network clusters (Magenta (at 1 year) x Any Formula feeding  (1 Year) interaction			False
Gut microbial network clusters (Magenta (at 1 year) x Spring Birth (Mar-May) interaction			False
Gut microbial network clusters (Magenta (at 1 year) x Winter Birth (Dec-Feb) interaction			False
Gut microbial network clusters (Maroon (at 1 year) x Any Breastfeeding (Duration) interaction			False
Gut microbial network clusters (Pink (at 1 year) x Any Breastfeeding (3 Months) interaction			False
Gut microbial network clusters (Pink (at 1 year) x Any Breastfeeding (Duration) interaction			False
Gut microbial network clusters (Pink (at 1 year) x Exclusive Breastfeeding (Duration) interaction			False
Gut microbial network clusters (Pink (at 1 year) x Homesmokers interaction			False
Gut microbial network clusters (Pink (at 1 year) x Household furry pet cat or dog (1 Year) interaction			False
Gut microbial network clusters (Pink (at 1 year) x Household furry pet dog (1 Year) interaction			False
Gut microbial network clusters (Pink (at 1 year) x Household furry pet dog (3 Months) interaction			False
Gut microbial network clusters (Pink (at 1 year) x Vaginal Birth interaction			False
Gut microbial network clusters (Purple (at 1 year) x Exclusive Breastfeeding (6 Months) interaction			False
Gut microbial network clusters (Purple (at 1 year) x Household furry pet cat (1 Year) interaction			False
Gut microbial network clusters (Purple (at 1 year) x Household furry pet cat (3 Months) interaction			False
Gut microbial network clusters (Purple (at 1 year) x Household furry pet dog (3 Months) interaction			False
Gut microbial network clusters (Purple (at 1 year) x Vaginal Birth interaction			False
Gut microbial network clusters (Red (at 1 year) x Birth Weight interaction			False
Gut microbial network clusters (Salmon (at 1 year) x Any Breastfeeding (3 Months) interaction			False
Gut microbial network clusters (Salmon (at 1 year) x Any Breastfeeding (Duration) interaction			False
Gut microbial network clusters (Salmon (at 1 year) x Any Formula feeding (3 Months) interaction			False
Gut microbial network clusters (Salmon (at 1 year) x Exclusive Breastfeeding (3 Months) interaction			False
Gut microbial network clusters (Salmon (at 1 year) x Household furry pet dog (1 Year) interaction			False
Gut microbial network clusters (Salmon (at 1 year) x Household furry pet dog (3 Months) interaction			False
Gut microbial network clusters (Salmon (at 1 year) x Spring Birth (Mar-May) interaction			False
Gut microbial network clusters (Salmon (at 1 year) x Vaginal Birth interaction			False
Gut microbial network clusters (Salmon (at 1 year) x Winter Birth (Dec-Feb) interaction			False
Gut microbial network clusters (Salmon) (at 1 year)			False
Gut microbial network clusters (Sienna (at 1 year) x Fall Birth (Sept-Nov) interaction			False
Gut microbial network clusters (Sienna (at 1 year) x Household furry pet dog (3 Months) interaction			False
Gut microbial network clusters (SkyBlue (at 3 months) x Any Breastfeeding (3 Months) interaction			False
Gut microbial network clusters (SkyBlue (at 3 months) x Household furry pet cat (3 Months) interaction			False
Gut microbial network clusters (Tan (at 3 months) x Summer Birth (Jun-Aug) interaction			False
Gut microbial network clusters (Turquoise (at 3 months) x Any Breastfeeding (3 Months) interaction			False
Gut microbial network clusters (Turquoise (at 3 months) x Homesmokers interaction			False
Gut microbial network clusters (Turquoise (at 3 months) x Household furry pet cat (3 Months) interaction			False
Gut microbial network clusters (Turquoise (at 3 months) x Spring Birth (Mar-May) interaction			False
Gut microbial network clusters (Yellow (at 1 year) x Vaginal Birth interaction			False
Gut microbiome abundance (class Anaerostipes sp. (at 3 months) x Any Breastfeeding (3 Months) interaction			False
Gut microbiome abundance (class Anaerostipes sp. (at 3 months) x Fall Birth (Sept-Nov) interaction			False
Gut microbiome abundance (class Bacteroides sp. 23 (at 1 year) x Exclusive Breastfeeding (6 Months) interaction			False
Gut microbiome abundance (class Bacteroides sp. 23 (at 1 year) x Household furry pet cat (1 Year) interaction			False
Gut microbiome abundance (class Bacteroides sp. 32 (at 3 months) x Household furry pet cat (3 Months) interaction			False
Gut microbiome abundance (class Bacteroides sp. 52 (at 1 year) x Any Breastfeeding (3 Months) interaction			False
Gut microbiome abundance (class Bacteroides sp. 52 (at 1 year) x Any Breastfeeding (Duration) interaction			False
Gut microbiome abundance (class Bacteroides sp. 52 (at 1 year) x Summer Birth (Jun-Aug) interaction			False
Gut microbiome abundance (class Bacteroides sp. 6) (at 1 year)			False
Gut microbiome abundance (class Bacteroides sp. 61 (at 1 year) x Household furry pet cat (1 Year) interaction			False
Gut microbiome abundance (class Bacteroides sp. 8 (at 1 year) x Any household furry Pets (3 Months)  interaction			False
Gut microbiome abundance (class Bacteroides sp. 8 (at 1 year) x Fall Birth (Sept-Nov) interaction			False
Gut microbiome abundance (class Bacteroides sp. 8 (at 1 year) x Household furry pet cat (1 Year) interaction			False
Gut microbiome abundance (class Bacteroides sp. 8 (at 1 year) x Household furry pet cat (3 Months) interaction			False
Gut microbiome abundance (class Bacteroides sp. 8 (at 1 year) x Spring Birth (Mar-May) interaction			False
Gut microbiome abundance (class Bacteroides sp. 8 (at 1 year) x Summer Birth (Jun-Aug) interaction			False
Gut microbiome abundance (class Bacteroides thetaiotaomicron (at 1 year) x Fall Birth (Sept-Nov) interaction			False
Gut microbiome abundance (class Bacteroides thetaiotaomicron (at 3 months) x Homesmokers interaction			False
Gut microbiome abundance (class Bifidobacterium animalis (at 1 year) x Any Formula feeding (3 Months) interaction			False
Gut microbiome abundance (class Bifidobacterium animalis (at 1 year) x Exclusive Breastfeeding (3 Months) interaction			False
Gut microbiome abundance (class Bifidobacterium animalis (at 1 year) x Exclusive Breastfeeding (Duration) interaction			False
Gut microbiome abundance (class Bifidobacterium longum (at 1 year) x Any Breastfeeding (3 Months) interaction			False
Gut microbiome abundance (class Bifidobacterium longum (at 3 months) x Any Breastfeeding (3 Months) interaction			False
Gut microbiome abundance (class Bifidobacterium longum (at 3 months) x Homesmokers interaction			False
Gut microbiome abundance (class Blautia obeum (at 1 year) x Vaginal Birth interaction			False
Gut microbiome abundance (class Blautia obeum (at 3 months) x Winter Birth (Dec-Feb) interaction			False
Gut microbiome abundance (class Blautia sp. 9 (at 1 year) x Any Breastfeeding (3 Months) interaction			False
Gut microbiome abundance (class Blautia sp. 9 (at 1 year) x Birth Weight interaction			False
Gut microbiome abundance (class Clostridium sensu stricto sp. (at 1 year) x Exclusive Breastfeeding (6 Months) interaction			False
Gut microbiome abundance (class Clostridium sensu stricto sp. (at 3 months) x Household furry pet cat (3 Months) interaction			False
Gut microbiome abundance (class Clostridium sensu stricto sp. 17 (at 1 year) x Any Breastfeeding (3 Months) interaction			False
Gut microbiome abundance (class Clostridium sensu stricto sp. 17 (at 1 year) x Exclusive Breastfeeding (6 Months) interaction			False
Gut microbiome abundance (class Clostridium sensu stricto sp. 17 (at 1 year) x Household furry pet dog (3 Months) interaction			False
Gut microbiome abundance (class Clostridium sensu stricto sp. 17 (at 1 year) x Vaginal Birth interaction			False
Gut microbiome abundance (class Clostridium sensu stricto sp. 17 (at 1 year) x Winter Birth (Dec-Feb) interaction			False
Gut microbiome abundance (class Clostridium sensu stricto sp. 17 (at 3 months) x Household furry pet dog (3 Months) interaction			False
Gut microbiome abundance (class Clostridium sensu stricto sp. 33 (at 1 year) x Homesmokers interaction			False
Gut microbiome abundance (class Enterobacter cloacae (at 3 months) x Household furry pet cat (3 Months) interaction			False
Gut microbiome abundance (class Hungatella sp. 1 (at 1 year) x Household furry pet dog (3 Months) interaction			False
Gut microbiome abundance (class Klebsiella oxytoca (at 1 year) x Exclusive Breastfeeding (3 Months) interaction			False
Gut microbiome abundance (class Klebsiella oxytoca (at 1 year) x Maternal Birth Antibiotics Use interaction			False
Gut microbiome abundance (class Klebsiella oxytoca (at 1 year) x Winter Birth (Dec-Feb) interaction			False
Gut microbiome abundance (class Lachnospiraceae UCG-001 sp. 2 (at 1 year) x Any Formula feeding (3 Months) interaction			False
Gut microbiome abundance (class Lachnospiraceae UCG-001 sp. 2 (at 1 year) x Exclusive Breastfeeding (3 Months) interaction			False
Gut microbiome abundance (class Lachnospiraceae UCG-001 sp. 2 (at 1 year) x Homesmokers interaction			False
Gut microbiome abundance (class Monoglobus sp. (at 1 year) x Vaginal Birth interaction			False
Gut microbiome abundance (class Parasutterella sp. 1 (at 1 year) x Homesmokers interaction			False
Gut microbiome abundance (class Parasutterella sp. 1 (at 1 year) x Vaginal Birth interaction			False
Gut microbiome abundance (class Roseburia sp. 7 (at 1 year) x Any Breastfeeding (12 Months) interaction			False
Gut microbiome abundance (class Ruminococcus sp. 4 (at 1 year) x Homesmokers interaction			False
Gut microbiome abundance (class Terrisporobacter sp. 2 (at 1 year) x Household furry pet dog (3 Months) interaction			False
Gut microbiome abundance (class Tyzzerella sp. 3 (at 3 months) x Any Breastfeeding (3 Months) interaction			False
Gut microbiome abundance (class Tyzzerella sp. 3 (at 3 months) x Winter Birth (Dec-Feb) interaction			False
Gut microbiome abundance (class Veillonella atypica) (at 3 months)			False
Gut microbiome abundance (class Veillonella sp. 5 (at 1 year) x Vaginal Birth interaction			False
Gut microbiome abundance (class [Clostridium] innocuum  sp. (at 3 months) x Any Breastfeeding (3 Months) interaction			False
Gut microbiome abundance (class [Clostridium] innocuum  sp. (at 3 months) x Winter Birth (Dec-Feb) interaction			False
Gut microbiota (bacterial taxa)			False
Gut microbiota (bacterial taxa, hurdle binary method)			False
Gut microbiota abundance (genus Erysipelatoclostridium id.11381)			False
Gut microbiota abundance (genus Oxalobacter id.2978)			False
Gynecologic disease			False
Gynecologic disease (multivariate analysis)			False
Gynoid bone mass			False
H6PD protein levels			False
HAGH/PKLR protein level ratio			False
HBEGF/PLXNA4 protein level ratio			False
HBEGF/WWP2 protein level ratio			False
HBZ protein levels			False
HCG22 protein levels			False
HDGF protein levels			False
HDGFL2 protein levels			False
HDL cholesterol			False
HDL cholesterol levels			False
HDL cholesterol levels (UKB data field 30760)			False
HDL cholesterol levels x alcohol consumption (drinkers vs non-drinkers) interaction (2df)			False
HDL cholesterol levels x alcohol consumption (regular vs non-regular drinkers) interaction (2df)			False
HDL cholesterol x physical activity interaction (2df test)			False
HDL levels x fish oil supplementation interaction (2df)			False
HEPACAM2 protein levels			False
HEXIM1 protein levels			False
HEXIM1/IKBKG protein level ratio			False
HEXIM1/IPCEF1 protein level ratio			False
HEXIM1/TARBP2 protein level ratio			False
HEXIM1/TBL1X protein level ratio			False
HGF protein levels			False
HGF/PLAUR protein level ratio			False
HGFAC protein levels			False
HIV setpoint viral load			False
HIV-1 control			False
HIV-1 susceptibility			False
HLA A protein levels			False
HLA DRA protein levels			False
HLA E protein levels			False
HLA class I histocompatibility antigen, alpha chain G levels			False
HLA-A protein levels			False
HLA-C levels			False
HMBS/PKLR protein level ratio			False
HMBS/UBAC1 protein level ratio			False
HP protein levels			False
HPR protein levels			False
HRAS-like suppressor 3 protein levels (SomaScan ID:13710-6)			False
HRG protein levels			False
HSBP1 protein levels			False
HSD11B1 protein levels			False
HSPA1A/MGLL protein level ratio			False
HSPB1/PLIN3 protein level ratio			False
HSPB6 protein levels			False
HTLV-1 associated myelopathy			False
HTRA2/SIAE protein level ratio			False
HYAL1 protein levels			False
HYOU1 protein levels			False
Habitual snoring (meta 10 areas)			False
Haematocrit percentage (UKB data field 30030)			False
Haemoglobin concentration (UKB data field 30020)			False
Haemorrhoidal disease			False
Hair color			False
Hand grip strength			False
Hand grip strength (Mahalanobis distance)			False
Hand grip strength (baseline)			False
Hand grip strength right (UKB data field 47)			False
Handedness (non-right-handed vs right-handed)			False
Haptoglobin levels			False
Hay fever and/or eczema			False
Head width to body height ratio			False
Head width to leg length ratio			False
Headache or type 2 diabetes			False
Hearing (confirmatory factor analysis Factor 32)			False
Hearing aid use			False
Hearing difficulty			False
Hearing loss			False
Hearing loss (PheCode 389)			False
Hearing problems			False
Heart failure			False
Heart failure (MTAG)			False
Heart failure (multivariate analysis)			False
Heart failure with reduced ejection fraction			False
Heart rate			False
Heart rate response to recovery post exercise (20 sec)			False
Heat shock 27 kDa protein levels			False
Heat shock 70 kDa protein 1A protein levels (SomaScan ID:3403-1)			False
Heel bone mineral density			False
Heel bone mineral density x serum urate levels interaction			False
Height			False
Height (baseline)			False
Height (maximum, inv-normal transformed)			False
Height (standard GWA)			False
Height (weighted GWA)			False
Help-seeking from a GP			False
Hemangioma and lymphangioma, any site (PheCode 228)			False
Hemangioma of skin and subcutaneous tissue (PheCode 228.1)			False
Hematemesis (PheCode 578.1)			False
Hematocrit			False
Hematological traits (multi-trait analysis)			False
Hematology traits			False
Hemoglobin			False
Hemoglobin A1c (HbA1c, maximum, inv-norm transformed)			False
Hemoglobin A1c (HbA1c, mean, inv-norm transformed)			False
Hemoglobin A1c (HbA1c, minimum, inv-norm transformed)			False
Hemoglobin A1c levels			False
Hemoglobin concentration			False
Hemoglobin levels			False
Hemoglobin subunit theta-1 levels			False
Hemorrhage or hematoma complicating a procedure (PheCode 850)			False
Hepatic cancer			False
Hepatitis			False
Hepatitis B			False
Hepatitis B (viral clearance)			False
Hepatocellular carcinoma			False
Hepatocellular carcinoma in alcohol related cirrhosis			False
Hepatocyte growth factor activator (analyte X3617.80) levels			False
Hepatocyte growth factor activator (analyte X8385.248) levels			False
Hepatocyte growth factor activator level in Chronic kidney disease with hypertension and no diabetes (3617_80)			False
Hepatocyte growth factor activator level in Chronic kidney disease with hypertension and no diabetes (8385_248)			False
Hepatocyte growth factor activator levels			False
Hepatocyte growth factor levels			False
Hepatocyte growth factor-like protein level in Chronic kidney disease with hypertension and no diabetes (4407_10)			False
Hepatocyte growth factor-like protein levels			False
Hepatoma-derived growth factor (analyte X16758.96) levels			False
Hepatoma-derived growth factor (analyte X8953.47) levels			False
Hepatoma-derived growth factor levels			False
Hepcidin concentration			False
Hernia			False
Hernia (any subtypes)			False
Herring liking			False
Hiatus hernia			False
Hidradenitis suppurativa	Other psychiatric	Disorder	True
High blood pressure / hypertension			False
High cholesterol			False
High density lipoprotein cholesterol levels			False
High fluorescence immature platelet fraction			False
High light scatter reticulocyte count			False
High light scatter reticulocyte count (UKB data field 30300)			False
High light scatter reticulocyte percentage (UKB data field 30290)			False
High light scatter reticulocyte percentage of red cells			False
High mobility group protein 20A protein levels (SomaScan ID:8644-46)			False
High myopia			False
High-density lipoprotein levels			False
High-density lipoprotein levels (MTAG)			False
High-grade serous ovarian cancer			False
Highest math class taken			False
Hip circumference			False
Hip circumference (UKB data field 49)			False
Hip circumference adjusted for BMI			False
Hip circumference variance			False
Hip index			False
Hip shape mode 1			False
Hip shape mode 10			False
Hip shape mode 2			False
Hip shape mode 3			False
Hip shape mode 8			False
Hip width to body height ratio			False
HippSubfield lh volume CA4-body			False
HippSubfield lh volume GC-ML-DG-body			False
HippSubfield lh volume Whole-hippocampal-body			False
HippSubfield lh volume Whole-hippocampus			False
HippSubfield rh volume CA4-body			False
HippSubfield rh volume GC-ML-DG-body			False
HippSubfield rh volume Hippocampal-tail			False
HippSubfield rh volume Whole-hippocampal-body			False
HippSubfield rh volume Whole-hippocampal-head			False
HippSubfield rh volume subiculum-body			False
Hippocampal left GC-ML-DG volume (body)			False
Hippocampal left GC-ML-DG volume (head)			False
Hippocampal right GC-ML-DG volume (body)			False
Hippocampal right GC-ML-DG volume (head)			False
Hippocampal subfield left CA1 volume (head)			False
Hippocampal subfield left CA4 volume (head)			False
Hippocampal subfield right CA1 volume (body)			False
Hippocampal subfield right CA1 volume (head)			False
Hippocampal subfield right CA3 volume (body)			False
Hippocampal subfield right CA4 volume (body)			False
Hippocampal subfield right CA4 volume (head)			False
Hippocampal tail volume (corrected for total hippocampal volume)			False
Hippocampal volume			False
Histidine levels			False
Histidine levels (UKB data field 23463)			False
Histone-lysine N-methyltransferase EHMT2 levels			False
Hodgkin's lymphoma			False
Homeobox protein DLX-4 levels			False
Hot flashes or menopausal hormone therapy			False
Household income			False
Household income (MTAG)			False
Human milk oligosaccharide concentration (lacto-N-fucopentaose III) in non-secretors			False
Humerus length to body height ratio			False
Hunner-type interstitial cystitis or rheumatoid arthritis (MTAG)			False
Hydrolysed wheat protein allergy			False
Hyper-haemoglobinised percentage of red cells			False
Hypercalcemia (PheCode 275.6)			False
Hyperlipidemia (PheCode 272.1)			False
Hypermetropia (PheCode 367.8)			False
Hyperopia			False
Hyperparathyroidism (PheCode 252.1)			False
Hyperplasia of prostate (PheCode 600)			False
Hypertension			False
Hypertension (PheCode 401)			False
Hypertension (confirmatory factor analysis Factor 12)			False
Hypertension complicating pregnancy			False
Hyperthyroidism			False
Hypertrophic cardiomyopathy			False
Hypertrophic cardiomyopathy (MTAG)			False
Hypertrophic obstructive cardiomyopathy (PheCode 425.11)			False
Hyperuricemia			False
Hyperuricemia in high phosphorous intake			False
Hyperuricemia in high vitamin E intake			False
Hyperuricemia in low fat intake			False
Hyperuricemia in low fiber intake			False
Hyperuricemia in low potassium intake			False
Hyperuricemia in low protein intake			False
Hyperuricemia in low vitamin A intake			False
Hyperuricemia in low vitamin B2 intake			False
Hypogonadism			False
Hypospadias			False
Hypothyroidism			False
Hypothyroidism (PheCode 244)			False
Hypothyroidism NOS (PheCode 244.4)			False
Hypothyroidism or rheumatoid arthritis (pleiotropy)			False
Hypotony of eye (PheCode 360.3)			False
ICAM2 protein levels			False
ICD10 B35.1: Tinea unguium			False
ICD10 C18, C19, C20: colorectal cancer			False
ICD10 C56: Malignant neoplasm of ovary			False
ICD10 D25: Leiomyoma of uterus			False
ICD10 J35: Chronic diseases of tonsils and adenoids			False
ICD10 J36: Peritonsillar abscess			False
ICD10 K22.1: Ulcer of esophagus			False
ICD10 K44: Diaphragmatic hernia			False
ICD10 K50, K51: inflammatory bowel disease			False
ICD10 L43: Lichen planus			False
ICD10 L50: Urticaria			False
ICD10 M54: Dorsalgia			False
ICD10 N83.0, N83.1, N83.2: Ovarian cyst, including follicular cyst, corpus luteum cyst, and other/unspecified ovarian cyst			False
ICD10 O12: Gestational oedema and proteinuria without hypertension			False
ICD10 O13: Gestational hypertension			False
IDP SWI T2star left caudate			False
IDP SWI T2star left pallidum			False
IDP SWI T2star right caudate			False
IDP SWI T2star right pallidum			False
IDP T1 FAST ROIs L hippocampus			False
IDP T1 FAST ROIs R hippocampus			False
IDP T1 FAST ROIs R subcallosal cortex			False
IDP dMRI ProbtrackX ICVF cst l			False
IDP dMRI ProbtrackX ICVF fma			False
IDP dMRI ProbtrackX ICVF fmi			False
IDP dMRI ProbtrackX ICVF slf l			False
IDP dMRI TBSS FA Sagittal stratum L			False
IDP dMRI TBSS ICVF Genu of corpus callosum			False
IDP dMRI TBSS ICVF Retrolenticular part of internal capsule R			False
IDP dMRI TBSS ICVF Sagittal stratum L			False
IDP dMRI TBSS ICVF Splenium of corpus callosum			False
IDP dMRI TBSS ICVF Superior longitudinal fasciculus L			False
IDP dMRI TBSS MO Posterior limb of internal capsule L			False
IDUA protein levels			False
IFNG protein levels			False
IFNGR1 protein levels			False
IFNGR2 protein levels			False
IGF 1 (UKB data field 30770)			False
IGF-like family receptor 1 levels			False
IGF-like family receptor 1 levels (IGFLR1.7244.16.3)			False
IGF1R protein levels			False
IGFBP2 protein levels			False
IGFBP3 protein levels			False
IGFBPL1 protein levels			False
IGHV3-13 protein levels			False
IGSF8 protein levels			False
IKBKG/NFATC1 protein level ratio			False
IKBKG/PLXNA4 protein level ratio			False
IKBKG/SAMD9L protein level ratio			False
IL-6 response to bacterial stimulus (LTA)			False
IL10 protein levels			False
IL12A or IL12B protein levels			False
IL12A_IL12B/LAG3 protein level ratio			False
IL12B protein levels			False
IL15 protein levels			False
IL15RA protein levels			False
IL17C protein levels			False
IL18BP/THBD protein level ratio			False
IL1R2 protein levels			False
IL1RAP protein levels			False
IL27 protein levels			False
IL2RA protein levels			False
IL34 protein levels			False
IL4R protein levels			False
IL5RA protein levels			False
IL6 expression at baseline in whole blood upon LPS stimulation in Lyme borreliosis			False
IL6ST/NRCAM protein level ratio			False
IL7R protein levels			False
IMPA1/TBCC protein level ratio			False
INPP1/TBCC protein level ratio			False
IPCEF1/SERPINE1 protein level ratio			False
IPCEF1/TBCC protein level ratio			False
IPCEF1/TXLNA protein level ratio			False
IRAG2 protein levels			False
ISEI occupational score			False
ISEI occupational score (MTAG)			False
ITGB1BP2/LAT2 protein level ratio			False
ITGB1BP2/MITD1 protein level ratio			False
ITGB1BP2/PTPN6 protein level ratio			False
ITGB1BP2/STAT5B protein level ratio			False
ITGB1BP2/USP8 protein level ratio			False
ITGB5/SIAE protein level ratio			False
ITGB7 protein levels			False
ITIH4 protein levels			False
Iatrogenic hypotension (PheCode 458.2)			False
Idiopathic fibrosing alveolitis (PheCode 504.1)			False
Idiopathic knee osteoarthritis			False
Idiopathic membranous nephropathy			False
IgA levels			False
IgA nephropathy			False
IgD on IgD+ CD38+ B cell			False
IgD on transitional B cell			False
IgD+ B cell %Lymphocyte			False
IgE levels			False
IgG antibody levels in response to SARS-CoV-2 vaccination			False
IgG galactosylation phenotypes (multivariate analysis)			False
IgG4-related disease			False
Imidazole lactate levels			False
Imidazole propionate levels			False
Imidazole propionate levels in elite athletes			False
Immature fraction of reticulocytes			False
Immature platelet count			False
Immature platelet fraction			False
Immature reticulocyte forward scatter			False
Immature reticulocyte fraction (UKB data field 30280)			False
Immune reponse to smallpox (secreted IFN-alpha)			False
Immune reponse to smallpox (secreted IL-2)			False
Immune response to measles vaccine (measles-specific neutralising antibody titre)			False
Immune response to smallpox vaccine (IL-6)			False
Immunity deficiency (PheCode 279.1)			False
Immunoglobulin lambda-like polypeptide 1 levels			False
Immunoglobulin superfamily member 11:Extracellular domain levels			False
Immunoglobulin superfamily member 8 levels			False
Impedance of arm left (UKB data field 23110)			False
Impedance of arm right (UKB data field 23109)			False
Impedance of whole body (UKB data field 23106)			False
Importin subunit alpha-3 levels			False
Incident atrial fibrillation			False
Incisional hernia (PheCode 550.6)			False
Income (MTAG)			False
Indolin-2-one levels			False
Infant length			False
Infestation (lice, mites) (PheCode 132)			False
Inflammation of the eye (PheCode 371)			False
Inflammatory bowel disease			False
Inflammatory bowel disease (MTAG)			False
Inflammatory bowel disease (Tractor method with African ancestry)			False
Inflammatory bowel disease (Tractor method with European ancestry)			False
Inflammatory bowel disease and other gasteroenteritis and colitis (PheCode 555)			False
Inflammatory bowel disease x sex interaction (2df)			False
Inflammatory conditions of jaw (PheCode 526.5)			False
Inflammatory markers and poor diet (confirmatory factor analysis Factor 30)			False
Inflammatory or infectious upper respiratory disease			False
Inflammatory skin disease			False
Influenza A (H1N1) infection			False
Inguinal hernia			False
Inguinal hernia (PheCode 550.1)			False
Inosine-5'-monophosphate dehydrogenase 2 levels			False
Inosine-5-monophosphate dehydrogenase 2 levels			False
Insulin levels			False
Insulin-like growth factor 1 levels			False
Insulin-related traits (multivariate analysis)			False
Intelligence (MTAG)			False
Inter-alpha-trypsin inhibitor heavy chain H1 levels			False
Interferon regulatory factor 9 levels			False
Interferon-induced GTP-binding protein Mx1 levels			False
Interleukin-12 receptor subunit beta-2 levels			False
Interleukin-12 receptor subunit beta-2 levels (IL12RB2.3815.14.1)			False
Interleukin-12 subunit beta levels			False
Interleukin-17B (analyte X14022.17) levels			False
Interleukin-17B (analyte X3499.77) levels			False
Interleukin-17B protein levels (SomaScan ID:7179-69)			False
Interleukin-18 receptor accessory protein (analyte X10457.3) levels			False
Interleukin-23 receptor levels			False
Interleukin-23 receptor levels (IL23R.5088.175.3)			False
Interleukin-34 levels			False
Interleukin-36 alpha levels			False
Interleukin-6 levels in overweight individuals			False
Intestinal Behcet's disease			False
Intracerebral hemorrhage			False
Intracranial aneurysm			False
Intracranial hemorrhage (injury) (PheCode 818)			False
Intralaminar thalamic nuclei volume			False
Intraocular pressure			False
Intraocular pressure (confirmatory factor analysis Factor 26)			False
Intrinsic capacity			False
Intrinsic epigenetic age acceleration			False
Invasive breast cancer			False
Invasive melanoma			False
Iritis			False
Iron deficiency anaemia			False
Iron deficiency anemias (PheCode 280)			False
Iron deficiency anemias, unspecified or notdue to blood loss (PheCode 280.1)			False
Iron status biomarkers (ferritin levels)			False
Iron status biomarkers (total iron binding capacity)			False
Iron status biomarkers (transferrin saturation)			False
Irritable bowel syndrome			False
Irritable bowel syndrome (MTAG)			False
Irritable bowel syndrome or COVID-19 susceptibility / hospitalization (MTAG)			False
Ischemic stroke			False
Ischemic stroke (cardioembolic)			False
Ischemic stroke or fibrinogen levels (pleiotropy)			False
Isoleucine levels			False
Itch intensity from mosquito bite			False
Itch intensity from mosquito bite adjusted by bite size			False
JAM2/THBD protein level ratio			False
JT interval			False
Jaundice (not of newborn) (PheCode 573.5)			False
Junctional adhesion molecule-like (analyte X8232.90) levels			False
Junctional adhesion molecule-like levels (AMICA1.8232.90.3)			False
Juvenile dermatomyositis			False
KEL protein levels			False
KIR2DL2 protein levels			False
KIR2DL3 protein levels			False
KIR3DL1 protein levels			False
KIRREL2 protein levels			False
KIT protein levels			False
KLB protein levels			False
KLK1 protein levels			False
KLK12 protein levels			False
KLK13 protein levels			False
KLK15 protein levels			False
KLRF1 protein levels			False
KYNU protein levels			False
KYNU/SCLY protein level ratio			False
Kawasaki disease			False
Keloid			False
Keratinocyte cancer (MTAG)			False
Keratoconus			False
Kidney cancer			False
Kidney medulla volume			False
Kidney sinus volume			False
Kidney stone disease			False
Kidney volume			False
Killer cell immunoglobulin-like receptor 2DL3 levels			False
Killer cell immunoglobulin-like receptor 2DS2 levels (KIR2DS2.10428.1.3)			False
Killer cell lectin-like receptor subfamily F member 1 levels (KLRF1.5098.79.3)			False
Kiwi liking			False
Klotho levels			False
Knee osteoarthritis			False
Kynureninase levels			False
Kynureninase levels (KYNU.4559.64.2)			False
LACRT protein levels			False
LAG3 protein levels			False
LAG3/VCAM1 protein level ratio			False
LAMB1 protein levels			False
LAMP1 protein levels			False
LAMP3 protein levels			False
LAT/LYN protein level ratio			False
LAT/PLXNA4 protein level ratio			False
LAT2/MANF protein level ratio			False
LAT2/SERPINB1 protein level ratio			False
LAT2/SPRY2 protein level ratio			False
LAT2/YES1 protein level ratio			False
LBP protein levels			False
LCAT protein levels			False
LCN15 protein levels			False
LCN2/PGLYRP1 protein level ratio			False
LDL (standard GWA)			False
LDL (weighted GWA)			False
LDL cholesterol			False
LDL cholesterol levels			False
LDL cholesterol levels (UKB data field 23405)			False
LDL cholesterol levels in current drinkers			False
LDL cholesterol levels x alcohol consumption (drinkers vs non-drinkers) interaction (2df)			False
LDL cholesterol levels x alcohol consumption (regular vs non-regular drinkers) interaction (2df)			False
LDL cholesterol levels x short total sleep time interaction (2df test)			False
LDL cholesterol levels x smoking (current vs non smokers) interaction (2df test)			False
LDL cholesterol levels x smoking (ever vs never smokers) interaction (2df test)			False
LDL cholesterol to HDL cholesterol ratio			False
LDL cholesterol x physical activity interaction (2df test)			False
LEG1 protein levels			False
LGALS8/TXNDC5 protein level ratio			False
LHPP/PKLR protein level ratio			False
LILRB1 protein levels			False
LILRB2 protein levels			False
LILRB4 protein levels			False
LIPF protein levels			False
LRG1 plasma levels			False
LRG1 protein levels			False
LRIG1 protein levels			False
LRP1 protein levels			False
LRPAP1 protein levels			False
LRRC25 protein levels			False
LRRN1 protein levels			False
LTA protein levels			False
LTBP3 protein levels			False
LY75 protein levels			False
LYN/SIRT2 protein level ratio			False
LYPD3 protein levels			False
LYVE1 protein levels			False
Lactate levels			False
Lactosylceramides (FA22:0)			False
Lactotransferrin (analyte X2780.35) levels			False
Lager liking			False
Lamb consumption			False
Lamb liking			False
Lamb or mutton consumption (UKB data field 1379)			False
Large artery stroke (MTAG)			False
Lassa fever severity			False
Late effect (PheCode 1012)			False
Lateral ventricle temporal horn volume			False
Lean body mass			False
Lectin-like oxidized LDL receptor 1 levels			False
Left atrial stroke volume			False
Left atrial stroke volume BSA indexed			False
Left eye overall retinal pigment epithelium thickness			False
Left hippocampal volume			False
Left hippocampal volume (body)			False
Left hippocampal volume (fissure)			False
Left hippocampal volume (head)			False
Left molecular layer hippocampal volume (body)			False
Left molecular layer hippocampal volume (head)			False
Left subiculum volume (head)			False
Left ventricle short axis			False
Left ventricular concentricity (left ventricular mass / left ventricular end diastolic volume)			False
Left ventricular end diastolic mass end diastolic volume ratio			False
Left-hemisphere control network to left-hemisphere default mode network white-matter structural connectivity			False
Left-hemisphere control network to right-hemisphere control network white-matter structural connectivity			False
Left-hemisphere control network to right-hemisphere default mode network white-matter structural connectivity			False
Left-hemisphere default mode network to left-hemisphere default mode network white-matter structural connectivity			False
Left-hemisphere default mode network to right-hemisphere visual network white-matter structural connectivity			False
Left-hemisphere salience/ventral attention network to right-hemisphere salience/ventral attention network white-matter structural connectivity			False
Left-hemisphere somatomotor network to left-hemisphere default mode network white-matter structural connectivity			False
Left-hemisphere somatomotor network to right-hemisphere salience/ventral attention network white-matter structural connectivity			False
Left-hemisphere visual network to left-hemisphere salience/ventral attention network white-matter structural connectivity			False
Left-hemisphere visual network to pallidum white-matter structural connectivity			False
Left–right brain asymmetry			False
Leg fat percentage left (UKB data field 23115)			False
Leg fat percentage right (UKB data field 23111)			False
Leisure screen time			False
Leisure sedentary behaviour (computer use)			False
Leprosy			False
Leucine levels			False
Leucine-rich alpha-2-glycoprotein 1 levels in type 2 diabetes			False
Leucine-rich repeat and fibronectin type-III domain-containing protein 2 levels			False
Leucine-rich repeat and immunoglobulin-like domain-containing nogo receptor-interacting protein 1 levels			False
Leucine-rich repeat neuronal protein 1 levels (LRRN1.11293.14.3)			False
Leucine-rich repeat transmembrane neuronal protein 1 levels			False
Leukocyte elastase inhibitor levels			False
Leukocyte immunoglobulin-like receptor subfamily B member 1 levels (LILRB1.5090.49.2)			False
Leukocyte telomere length			False
Leukocyte telomere length or COVID-19 hospitalization (MTAG)			False
Lichen sclerosus			False
Lifespan			False
Lifetime major depressive disorder (SoftImpute)	Depression	Disorder	True
Lifetime smoking			False
Lifetime smoking (without educational attainment)			False
Light-intensity physical activity duration			False
Limbic system-associated membrane protein levels			False
Limbic system-associated membrane protein levels (LSAMP.2999.6.2)			False
Linoleic acid (18:2) levels			False
Linoleic acid levels			False
Linoleic acid levels (UKB data field 23449)			False
Linoleic acid percentage of total fatty acids			False
Linoleic acid to total fatty acids percentage			False
Linoleoyl-arachidonoyl-glycerol (18:2/20:4) [1] levels			False
Lipoma of skin and subcutaneous tissue (PheCode 214.1)			False
Lipoprotein (a) levels			False
Liver APEX1 levels			False
Liver HDGF levels			False
Liver abscess and sequelae of chronic liver disease (PheCode 571.8)			False
Liver enzyme levels (alanine transaminase)			False
Liver enzyme levels (alkaline phosphatase)			False
Liver enzyme levels (gamma-glutamyl transferase)			False
Liver fat			False
Liver iron content			False
Liver liking			False
Liver proton density fat fraction			False
Liver volume			False
Localized adiposity (PheCode 278.3)			False
Longevity (90 years and older)			False
Lordosis (MTAG)			False
Loss of teeth or edentulism (PheCode 525.1)			False
Low density lipoprotein cholesterol levels			False
Low fluorescent percentage of reticulocytes			False
Low myopia vs hyperopia			False
Low tan response			False
Low-density lipoprotein levels			False
Low-density lipoprotein levels (MTAG)			False
Lumbar disc herniation			False
Lung adenocarcinoma			False
Lung adenocarcinoma (conditioned on cigarettes per day)			False
Lung cancer			False
Lung cancer (conditioned on cigarettes per day)			False
Lung cancer in ever smokers			False
Lung cancer in never smokers			False
Lung cancer or family history of lung cancer			False
Lung function			False
Lung function (FEV1)			False
Lung function (FEV1/FVC)			False
Lung function (FVC)			False
Lung function (forced vital capacity)			False
Lupus (localized and systemic) (PheCode 695.4)			False
Lutropin-choriogonadotropic hormone receptor level in Chronic kidney disease with hypertension and no diabetes (14634_13)			False
Lutropin-choriogonadotropic hormone receptor levels			False
Lymphatic vessel endothelial hyaluronic acid receptor 1 levels			False
Lymphocyte antigen 86 levels			False
Lymphocyte count			False
Lymphocyte count (UKB data field 30120)			False
Lymphocyte percentage (UKB data field 30180)			False
Lymphocyte percentage of white cells			False
Lymphocyte side fluorescence			False
Lymphocyte side fluorescence distribution width			False
Lymphocyte side scatter distribution width			False
Lymphocyte-to-monocyte ratio			False
Lymphocytic thyroiditis			False
Lymphoid neoplasms (P-cell phenocluster)			False
Lysoalkenylphosphatidylethanolamine (P-20:0) levels			False
Lysophosphatidylcholine (15-MHDA) [sn2] levels			False
MAN1A2 protein levels			False
MAN2B2 protein levels			False
MANF/MESD protein level ratio			False
MANF/PTPN6 protein level ratio			False
MANSC1 protein levels			False
MAP2K6/SAMD9L protein level ratio			False
MAP4K5/TBCC protein level ratio			False
MARCO protein levels			False
MASP1 protein levels			False
MATN3 protein levels			False
MAVS/SH2B3 protein level ratio			False
MAVS/TBL1X protein level ratio			False
MCEMP1 protein levels			False
MDK protein levels			False
MED18/SMAD1 protein level ratio			False
MERTK protein levels			False
MET protein levels			False
METAP1D/PLXNA4 protein level ratio			False
MGLL protein levels			False
MGLL/MITD1 protein level ratio			False
MGLL/MPIG6B protein level ratio			False
MGLL/PDLIM7 protein level ratio			False
MGLL/PLA2G4A protein level ratio			False
MGLL/PTPN6 protein level ratio			False
MGLL/SHMT1 protein level ratio			False
MGLL/SKAP2 protein level ratio			False
MGLL/STK4 protein level ratio			False
MGLL/VTA1 protein level ratio			False
MHC class I polypeptide-related sequence A levels			False
MHC class I polypeptide-related sequence B levels			False
MIC-A levels			False
MICB or MICA protein levels			False
MIF/S100A4 protein level ratio			False
MILR1 protein levels			False
MITD1/TBCB protein level ratio			False
MITD1/TBCC protein level ratio			False
MLN protein levels			False
MLN/TNFRSF12A protein level ratio			False
MME protein levels			False
MME/NT5E protein level ratio			False
MMP-12 levels			False
MMP3 protein levels			False
MOG protein levels			False
MOG/RTBDN protein level ratio			False
MPIG6B/PLXNA4 protein level ratio			False
MRC1 protein levels			False
MSP plasma levels			False
MST1 protein levels			False
MTSS1-like protein level in Chronic kidney disease with hypertension and no diabetes (25252_29)			False
MTSS2 protein levels			False
MYDGF protein levels			False
MYOC protein levels			False
MZB1 protein levels			False
Mackerel liking			False
Macrocytic percentage of red cells			False
Macrophage inflammatory protein 1b levels			False
Macular degeneration (senile) of retina NOS (PheCode 362.29)			False
Macular degeneration, dry (PheCode 362.21)			False
Macular degeneration, wet (PheCode 362.22)			False
Macular puckering of retina (PheCode 362.26)			False
Macular thickness			False
Male puberty timing (age at voice breaking MTAG)			False
Male-pattern baldness			False
Malignant lymphoma (Non-Hodgkin lymphoma, multiple myeloma, or Hodgkin lymphoma)			False
Malignant melanoma			False
Malignant neoplasm of liver, primary (PheCode 155.1)			False
Mammary artery HDGF levels			False
Mammographic density (dense area)			False
Mammographic density (non-dense area)			False
Mannitol/sorbitol levels			False
Marzipan liking			False
Mastodynia (PheCode 613.5)			False
Matrilin-4 levels			False
Maximum habitual alcohol consumption (MTAG)			False
Mean arterial pressure			False
Mean arterial pressure (BMI adjusted)			False
Mean arterial pressure (BMI unadjusted)			False
Mean arterial pressure x alcohol consumption interaction (2df test)			False
Mean bone marrow fat fraction of thoracic vertebrae 8-12			False
Mean corpuscular haemoglobin (UKB data field 30050)			False
Mean corpuscular haemoglobin concentration (UKB data field 30060)			False
Mean corpuscular hemoglobin			False
Mean corpuscular hemoglobin concentration			False
Mean corpuscular hemoglobin variance			False
Mean corpuscular volume			False
Mean corpuscular volume (UKB data field 30040)			False
Mean corpuscular volume variance			False
Mean diameter of HDL particles			False
Mean diameter of VLDL particles			False
Mean platelet thrombocyte volume (UKB data field 30100)			False
Mean platelet volume			False
Mean platelet volume at delivery			False
Mean platelet volume during first trimester of pregnancy			False
Mean platelet volume during second trimester of pregnancy			False
Mean platelet volume during the postpartum period			False
Mean platelet volume during third trimester of pregnancy			False
Mean platelet volume variance			False
Mean reticulocyte volume			False
Mean reticulocyte volume (UKB data field 30260)			False
Mean sphered cell volume			False
Mean sphered cell volume (UKB data field 30270)			False
Mean spheric corpuscular volume			False
Mean volume of bilateral amygdala			False
Medial prefrontal thickness (unadjusted for global measures)			False
Medication use (HMG CoA reductase inhibitors)			False
Medication use (adrenergics, inhalants)			False
Medication use (agents acting on the renin-angiotensin system)			False
Medication use (antiglaucoma preparations and miotics)			False
Medication use (antimigraine preparations)			False
Medication use (antithrombotic agents)			False
Medication use (beta blocking agents)			False
Medication use (calcium channel blockers)			False
Medication use (diuretics)			False
Medication use (drugs for peptic ulcer and gastro-oesophageal reflux disease)			False
Medication use (drugs used in diabetes)			False
Medication use (glucocorticoids)			False
Medication use (salicylic acid and derivatives)			False
Medication use (thyroid preparations)			False
Medication use for T2D (number of purchases)			False
Medication use for hyperlipidemia (number of purchases)			False
Medication use for hypertension (number of purchases)			False
Medium fluorescent percentage of reticulocytes			False
Melanoma			False
Melanomas of skin (PheCode 172.11)			False
Melanomas of skin, dx or hx (PheCode 172.1)			False
Membrane frizzled-related protein levels			False
Menarche (age at onset)			False
Menopause (age at onset)			False
Mental health study participation (completed survey)			False
Merkel cell polyomavirus VP1 antibody levels			False
Metabolic biomarkers (multivariate analysis)			False
Metabolic dysfunction-associated fatty liver disease			False
Metabolic dysfunction-associated steatotic liver disease (MTAG)			False
Metabolic syndrome			False
Metabolite levels			False
Metabolite levels (1-methylimidazoleacetate; 1-methyl-4-imidazoleacetate; methylimidazoleacetic acid)			False
Metabolite levels (3-aminoisobutyrate; __Aminoisobutyrate)			False
Metabolite levels (N-formylmethionine; formylmethionine)			False
Metabolite levels (Pyroglutamine)			False
Metabolite levels (betaine)			False
Metabolite levels (deoxycarnitine; butyrobetaine)			False
Metabolite levels (glutarylcarnitine (C5); glutarylcarnitine (C5-DC); C5-DC carnitine; C5_DC_carnitine)			False
Metabolite levels (imidazole lactate; imidazolelactate)			False
Metabolite levels (linoleoyl-arachidonoyl-glycerol (18:2/20:4) [1])			False
Metabolite levels (ornithine)			False
Metabolite peak levels (QI11516)			False
Metabolite peak levels (QI1451)			False
Metabolite peak levels (QI7338)			False
Metabolite peak levels (QI8421)			False
Metabolite peak levels (QI8422)			False
Metabolite peak levels (QI8853)			False
Metabolonic lactone sulfate levels			False
Metastasis in stage I-III microsatellite instability low/stable colorectal cancer (time to event)			False
Methazolamide-induced Stevens-Johnson syndrome / toxic epidermal necrolysis			False
Microalbuminuria in type 1 diabetes			False
Microcytic percentage of red cells			False
Microscopic hematuria (PheCode 593.2)			False
Mid-trimester cervical length (latent growth curve intercept)			False
Migraine or fasting insulin levels			False
Migraine or fasting pro-insulin levels			False
Migraine or glucose levels			False
Migraine or type 2 diabetes			False
Mild influenza (H1N1) infection			False
Milk type used: Soy milk vs never have milk (UKB data field 1418)			False
Mitochondrial DNA copy number			False
Mitochondrial DNA copy number (adjusted)			False
Mitochondrial DNA copy number (raw)			False
Mitochondrial DNA heteroplasmy (chrM:16179:CA:C case-only heteroplasmy)			False
Mitochondrial DNA heteroplasmy (chrM:16179:CAA:C case-only heteroplasmy)			False
Mitochondrial DNA heteroplasmy (chrM:16182:A:AC case-only heteroplasmy)			False
Mitochondrial DNA heteroplasmy (chrM:16182:A:ACC case-only heteroplasmy)			False
Mitochondrial DNA heteroplasmy (chrM:16182:A:C case-only heteroplasmy)			False
Mitochondrial DNA heteroplasmy (chrM:16183:A:AC case-only heteroplasmy)			False
Mitochondrial DNA heteroplasmy (chrM:16183:A:ACC case-only heteroplasmy)			False
Mitochondrial DNA heteroplasmy (chrM:16183:A:ACCCC case-only heteroplasmy)			False
Mitochondrial DNA heteroplasmy (chrM:16183:AC:A case-only heteroplasmy)			False
Mitochondrial DNA heteroplasmy (chrM:302:A:AC case-only heteroplasmy)			False
Mitochondrial DNA heteroplasmy (chrM:302:A:ACC case-only heteroplasmy)			False
Mitochondrial DNA heteroplasmy (chrM:567:A:ACCCC case-only heteroplasmy)			False
Mitochondrial DNA heteroplasmy (chrM:567:A:ACCCCCC case-only heteroplasmy)			False
Mitochondrial DNA heteroplasmy (chrM:567:A:ACCCCCCC case-only heteroplasmy)			False
Mitochondrial DNA heteroplasmy (chrM:955:A:AC case-only heteroplasmy)			False
Mitochondrial DNA levels			False
Mitochondrial glutamate carrier 2 levels			False
Moderate to vigorous physical activity levels			False
Moderate-to-vigorous intensity physical activity during leisure time			False
Moderate-to-vigorous intensity physical activity during leisure time (MTAG)			False
Moesin levels			False
Monoacylglycerol (FA12:0)			False
Monoacylglycerol (FA14:0)			False
Monoacylglycerol (FA15:0)			False
Monoacylglycerol (FA16:0)			False
Monoacylglycerol (FA18:0)			False
Monocyte chemoattractant protein-1 levels			False
Monocyte count			False
Monocyte count (UKB data field 30130)			False
Monocyte percentage (UKB data field 30190)			False
Monocyte percentage of white cells			False
Monocyte side fluorescence			False
Monounsaturated fatty acid levels			False
Monounsaturated fatty acids			False
Monounsaturated fatty acids (16:1, 18:1) levels			False
Monounsaturated fatty acids levels (UKB data field 23447)			False
Monounsaturated fatty acids to total fatty acids percentage			False
Monounsaturated fatty acids to total fatty acids percentage (UKB data field 23454)			False
Morbid obesity (PheCode 278.11)			False
Mosaic loss of chromosome X			False
Mosaic loss of chromosome Y (Y chromosome dosage)			False
Mosquito bite size			False
Motion sickness			False
Motor premotor area (unadjusted for global measures)			False
Mouth ulcers			False
Moyamoya disease			False
Multi-trait sex score			False
Multi-trait sum score			False
Multiple cancers (lung cancer, gastric cancer, and squamous cell carcinoma)			False
Multiple long-term conditions			False
Multiple myeloma			False
Multiple myeloma (PheCode 204.4)			False
Multiple myeloma or monoclonal gammopathy of undetermined significance			False
Multiple sclerosis			False
Myasthenia gravis			False
Mycoplasmoidaceae abundance in stool			False
Mycoses (PheCode 117)			False
Myeloblastin levels			False
Myeloid white cell count			False
Myeloproliferative neoplasms (MTAG)			False
Myocardial infarction			False
Myopathy (PheCode 359.2)			False
Myopia			False
Myopia (PheCode 367.1)			False
Myopia (age of diagnosis)			False
Myopia (pathological)			False
Myositis			False
N(G),N(G)-dimethylarginine dimethylaminohydrolase 1 levels			False
N-acetyl-isoputreanine levels			False
N-desmethyl tamoxifen levels in tamoxifen-treated hormone-receptor-positive breast cancer			False
N-formylanthranilic acid levels			False
N-formylmethionine levels			False
N-myc-interactor protein levels (SomaScan ID:14696-45)			False
N-sulphoglucosamine sulphohydrolase level in Chronic kidney disease with hypertension and no diabetes (21766_50)			False
N2-methylguanosine levels			False
N6-acetyllysine levels			False
NAAA protein levels			False
NAD(P)H dehydrogenase [quinone] 1 levels			False
NAD(P)H-hydrate epimerase level in Chronic kidney disease with hypertension and no diabetes (16621_77)			False
NAD(P)H-hydrate epimerase levels			False
NAD-dependent protein deacylase sirtuin-5, mitochondrial levels			False
NADH-cytochrome b5 reductase 1 levels			False
NAGA protein levels			False
NAGLU protein levels			False
NCAM2 protein levels			False
NCAN protein levels			False
NECTIN2 protein levels			False
NECTIN4 protein levels			False
NEDD4-binding protein 2-like 2 levels			False
NELL1 protein levels			False
NELL2 protein levels			False
NFASC protein levels			False
NFASC/PLXNB2 protein level ratio			False
NME3 protein levels			False
NPC2 protein levels			False
NPHS1 protein levels			False
NPTX1 protein levels			False
NRCAM protein levels			False
NRCAM/NTRK2 protein level ratio			False
NRP1 protein levels			False
NSFL1C/PPME1 protein level ratio			False
NT-3 growth factor receptor levels			False
NTF3 protein levels			False
NTRK2 protein levels			False
NTRK3 protein levels			False
NTRK3/SCARF2 protein level ratio			False
NUB1/SAMD9L protein level ratio			False
NXPH3 protein levels			False
Nasopharyngeal carcinoma (SNP x SNP interaction)			False
Natural cytotoxicity triggering receptor 3 levels			False
Neonatal cytokine/chemokine levels (fetal genetic effect)			False
Neoplasm of uncertain behavior of skin (PheCode 173)			False
Neoplasm of unspecified nature of digestive system (PheCode 158)			False
Nephrotic syndrome without mention of glomerulonephritis (PheCode 580.2)			False
Nerve plexus lesions (PheCode 353.1)			False
Neural cell adhesion molecule 2 level in Chronic kidney disease with hypertension and no diabetes (6507_16)			False
Neural cell adhesion molecule 2 levels			False
Neural cell adhesion molecule 2 levels (NCAM2.6507.16.3)			False
Neural cell adhesion molecule L1-like protein levels			False
Neuritic plaques (SNP x SNP interaction)			False
Neuroblastoma (pediatric)			False
Neurofascin levels			False
Neurofascin levels (NFASC.7179.69.3)			False
Neurofibrillary tangles (SNP x SNP interaction)			False
Neuroligin-1 levels			False
Neuromedin-B levels			False
Neurotrophin-3 levels			False
Neutral antibody levels in response to SARS-CoV-2 vaccination			False
Neutropenia (PheCode 288.11)			False
Neutrophil count			False
Neutrophil forward scatter			False
Neutrophil percentage of granulocytes			False
Neutrophil percentage of white cells			False
Neutrophil perturbation response (side fluorescence median of neutrophil 2 at baseline measured by WDF dye)			False
Neutrophil side fluorescence			False
Neutrophil side scatter			False
Neutrophil-to-lymphocyte ratio			False
Neutrophill count (UKB data field 30140)			False
Neutrophill percentage (UKB data field 30200)			False
Neutrophils and lymphocytes in blood (confirmatory factor analysis Factor 35)			False
Never eat sugar vs no sugar restrictions (UKB data field 6144)			False
Never eat wheat vs no wheat restrictions (UKB data field 6144)			False
Nevirapine-induced rash			False
Nevus count or cutaneous melanoma			False
Node-level brain connectivity (multivariate analysis)			False
Noggin levels			False
Non-HDL cholesterol levels			False
Non-albumin protein levels			False
Non-alcoholic fatty liver disease or type 2 diabetes			False
Non-cardia gastric cancer			False
Non-glioblastoma glioma			False
Non-ischemic heart failure			False
Non-melanoma skin cancer			False
Non-oily fish consumption			False
"Non-response to survey questionnaires: ""I don't know"" item"			False
"Non-response to survey questionnaires: ""prefer not to answer"" item"			False
Non-small cell lung cancer			False
Nonalcoholic fatty liver disease			False
Nonalcoholic fatty liver disease (imputed)			False
Nonatopic asthma			False
Nonsyndromic cleft lip			False
Nonsyndromic cleft lip with cleft palate			False
Nonsyndromic cleft lip with or without cleft palate			False
Nonsyndromic cleft palate			False
Nonsyndromic orofacial clefts			False
Nontoxic multinodular goiter (PheCode 241.2)			False
Nontoxic nodular goiter (PheCode 241)			False
Nontoxic uninodular goiter (PheCode 241.1)			False
Normal facial asymmetry (angle of surface orientation score)			False
Nuclear receptor-binding protein levels			False
Nucleoside diphosphate kinase A protein levels (SomaScan ID:3617-80)			False
Number of decayed, missing and filled tooth surfaces or use of dentures			False
Number of non-cancer illnesses (standard GWA)			False
Number of non-cancer illnesses (weighted GWA)			False
Number of puzzles correctly solved (baseline)			False
Number of sexual partners			False
OBP2B protein levels			False
OMD protein levels			False
OMG protein levels			False
OPTC protein levels			False
Obesity			False
Obesity (PheCode 278.1)			False
Obstructive sleep apnea			False
Obstructive sleep apnea trait (minimum oxyhemoglobin saturation across sleep episode)			False
Occipital area			False
Occupation and workplace environment (confirmatory factor analysis Factor 5)			False
Occupational attainment			False
Occupational income			False
Ocular disease			False
Odor identification (orange)			False
Offspring birth weight			False
Oily fish consumption			False
Oligodendrocyte-myelin glycoprotein levels			False
Oligodendroglioma			False
Omega-3 fatty acid levels			False
Omega-3 fatty acids levels			False
Omega-3 fatty acids to Omega-6 fatty acids ratio			False
Omega-3 fatty acids to total fatty acids percentage			False
Omega-6 fatty acid levels			False
Omega-6 fatty acid percentage of total fatty acids			False
Omega-6 fatty acids levels			False
Omega-6 fatty acids levels (UKB data field 23445)			False
Omega-6 fatty acids to omega-3 fatty acids ratio			False
Omega-6 fatty acids to omega-3 fatty acids ratio (UKB data field 23459)			False
Omega-6 fatty acids to total fatty acids percentage			False
Open-angle glaucoma (PheCode 365.1)			False
Opiates and related narcotics causing adverse effects in therapeutic use (PheCode 965.1)			False
Optic cup area			False
Optic disc area			False
Optic disc size			False
Oranges liking			False
Orbital telorism			False
Orbitofrontal area (unadjusted for global measures)			False
Ornithine levels			False
Orofacial clefts			False
Oropharynx cancer			False
Osteoarthritis			False
Osteoarthritis (hip)			False
Osteoarthritis (with total hip replacement)			False
Osteoarthritis (with total knee replacement)			False
Osteoarthritis of the hip or knee			False
Osteochondropathies (PheCode 732)			False
Osteoporosis			False
Osteosarcoma			False
Other aneurysm (PheCode 442)			False
Other cardiomyopathy (PheCode 425.8)			False
Other disorders of biliary tract (PheCode 575.8)			False
Other disorders of cervical region (PheCode 723)			False
Other disorders of thyroid (PheCode 246)			False
Other dyschromia (PheCode 694.2)			False
Other endocrine disorders (PheCode 259)			False
Other hemoglobinopathies (PheCode 282.8)			False
Other hypertrophic cardiomyopathy (PheCode 425.12)			False
Other immunological findings (PheCode 279.7)			False
Other inflammatory spondylopathies (PheCode 715)			False
Other non-epithelial cancer of skin (PheCode 172.2)			False
Other nutritional deficiency (PheCode 263)			False
Other retinal disorders (PheCode 362)			False
Other specified diseases of sebaceous glands (PheCode 706.8)			False
Other specified disorders of plasma protein metabolism (PheCode 270.38)			False
Other specified osteoporosis (PheCode 743.13)			False
Otitis media (PheCode 381.1)			False
Otitis media and Eustachian tube disorders (PheCode 381)			False
Otoraplin levels			False
Otosclerosis			False
Overall survival in resected stage III colon cancer x oxaliplatin treatment interaction			False
Overt hyperthyroidism in pregnancy			False
Overweight, obesity and other hyperalimentation (PheCode 278)			False
Oxalate (ethanedioate) levels			False
Oxysterols receptor LXR-beta levels			False
P wave duration			False
P wave terminal force			False
P-selectin glycoprotein ligand 1 levels			False
PALM protein levels			False
PAPPA protein levels			False
PARK7/S100A4 protein level ratio			False
PC1 of Congitive Measures			False
PC4 and SFRS1-interacting protein levels			False
PCDHB15 protein levels			False
PCSK9 levels			False
PCSK9 levels in statin-naive individuals			False
PCSK9 protein levels			False
PCYOX1 protein levels			False
PDCD1/TNFRSF9 protein level ratio			False
PDCD5/PPCDC protein level ratio			False
PDGF-BB protein levels			False
PDGFA/SERPINE1 protein level ratio			False
PDGFRA protein levels			False
PDIA5 protein levels			False
PGA4 protein levels			False
PGLYRP2 protein levels			False
PHOSPHO1 protein levels			False
PKD2 protein levels			False
PKLR/PSMD9 protein level ratio			False
PLA2G10 protein levels			False
PLA2G15 protein levels			False
PLAT protein levels			False
PLAU protein levels			False
PLXNA4 protein levels			False
PLXNA4/SKAP2 protein level ratio			False
PLXNA4/SNAP29 protein level ratio			False
PLXNA4/SPRY2 protein level ratio			False
PLXNA4/SRPK2 protein level ratio			False
PLXNA4/SUSD1 protein level ratio			False
PLXNA4/VASH1 protein level ratio			False
PLXNB2 protein levels			False
PM20D1 protein levels			False
PNP protein levels			False
PODXL2 protein levels			False
PODXL2/SEZ6L protein level ratio			False
POMC protein levels			False
PPD induced TNFa level after BCG vaccination			False
PPP1R2/STK4 protein level ratio			False
PR domain zinc finger protein 1 levels (PRDM1.14197.2.3)			False
PR interval			False
PRDX5 protein levels			False
PRG2 protein levels			False
PRKAR2A protein levels			False
PRKC apoptosis WT1 regulator protein levels			False
PROC protein levels			False
PROCR protein levels			False
PRR4 protein levels			False
PRSS27 protein levels			False
PRTN3 protein levels			False
PSAP protein levels			False
PSAPL1 protein levels			False
PSPN protein levels			False
PT international normalized ratio (INR, maximum, inv-norm transformed)			False
PT international normalized ratio (INR, mean, inv-norm transformed)			False
PT international normalized ratio (INR, minimum, inv-norm transformed)			False
PTN protein levels			False
PTPRF protein levels			False
PTPRN2/RTBDN protein level ratio			False
PTPRS protein levels			False
PTPRZ1 protein levels			False
Paediatric migraine			False
Pain (pleiotropy)			False
Pain intensity (NRS pain scale 0-11)			False
Pain intensity (NRS pain scale 1-11)			False
Pain intensity (without opioid use disorder)			False
Pallidum iron levels (R2* MRI)			False
Pallidum iron levels (quantitative susceptibility mapping)			False
Palmitoleoyl-linoleoyl-glycerol (16:1/18:2) [1] levels			False
Pancreatic cancer (PheCode 157)			False
Papillary renal cell carcinoma			False
Pappalysin-1 levels			False
Parabacteroides johnsonii abundance in stool			False
Paralytic ileus (PheCode 560.1)			False
Paraneoplastic antigen Ma2 levels			False
Parathyroid hormone protein levels (SomaScan ID:8351-17)			False
Parental longevity (father's age at death or father's attained age)			False
Parental longevity (father's attained age)			False
Parental longevity (mother's age at death or mother's attained age)			False
Parental longevity (mother's attained age)			False
Parsopercularis area (unadjusted for global measures)			False
Participation in an health questionnaire (not invited vs invited)			False
Patatin-like phospholipase domain-containing protein 2 levels			False
Peak expiratory flow			False
Peak expiratory flow (UKB data field 3064)			False
Pediatric autoimmune diseases			False
Pediatric dental caries (decayed, missing and filled teeth >5)			False
Pediatric steroid sensitive nephrotic syndrome			False
Pelvic organ prolapse			False
Pelvic width			False
Pemphigus foliaceus			False
Peptidyl-prolyl cis-trans isomerase FKBP7 levels			False
Peptococcia abundance in stool			False
Percent liver fat			False
Percent mammographic density			False
Percentage of invited food questionnaires completed			False
Periodontitis / loose teeth (MTAG)			False
Peripheral artery disease			False
Peritoneal adhesions (postoperative) (postinfection) (PheCode 568.1)			False
Peritoneal or intestinal adhesions (PheCode 560.3)			False
Peritonitis and retroperitoneal infections (PheCode 567)			False
Peritonsillar abscess (MTAG)			False
Persistent hepatitis B virus infection			False
Peyronie's disease (PheCode 604.3)			False
Pharyngeal disease			False
Phenylalanine levels			False
Phenylalanine levels (UKB data field 23468)			False
Phosphate levels			False
Phosphate levels (UKB data field 30810)			False
Phosphatidylcholine (15:0_18:2) levels			False
Phosphatidylcholine (15:0_22:6) levels			False
Phosphatidylcholine (16:0/22:5n3, 18:1/20:4) levels			False
Phosphatidylcholine (16:0_18:2) levels			False
Phosphatidylcholine (17:0_20:4) levels			False
Phosphatidylcholine (18:1_20:4) levels			False
Phosphatidylcholine (18:2_18:2) levels			False
Phosphatidylcholine (40:7) (a) levels			False
Phosphatidylcholine (O-16:0_16:1) levels			False
Phosphatidylcholine acyl-alkyl C38:0 levels			False
Phosphatidylcholine and other choline levels			False
Phosphatidylcholine diacyl C36:6 levels			False
Phosphatidylcholine levels			False
Phosphatidylcholines (18:1/20:4)			False
Phosphatidylcholines (18:2/20:4)			False
Phosphatidylethanolamine (18:1_0:0) levels			False
Phosphatidylethanolamine (36:2) levels			False
Phosphatidylethanolamine (O-18:2_18:1) levels			False
Phosphatidylglycerol (36:2) levels			False
Phosphatidylinositol (18:0_18:1) levels			False
Phosphatidylinositol (18:1_20:4) levels			False
Phosphatidylserine (36:2) levels			False
Phosphoglucomutase-1 protein levels (SomaScan ID:3296-92)			False
Phosphoglycerides levels			False
Phospholipid levels (plasma)			False
Phospholipid levels in HDL			False
Phospholipid levels in IDL			False
Phospholipid levels in LDL			False
Phospholipid levels in VLDL			False
Phospholipid levels in chylomicrons and extremely large VLDL			False
Phospholipid levels in large HDL			False
Phospholipid levels in large LDL			False
Phospholipid levels in large VLDL			False
Phospholipid levels in medium HDL			False
Phospholipid levels in medium LDL			False
Phospholipid levels in medium VLDL			False
Phospholipid levels in small HDL			False
Phospholipid levels in small LDL			False
Phospholipid levels in small VLDL			False
Phospholipid levels in very large HDL			False
Phospholipid levels in very large VLDL			False
Phospholipid levels in very small VLDL			False
Phospholipids in HDL			False
Phospholipids in IDL			False
Phospholipids in IDL (UKB data field 23525)			False
Phospholipids in LDL			False
Phospholipids in LDL (UKB data field 23413)			False
Phospholipids in VLDL			False
Phospholipids in VLDL (UKB data field 23412)			False
Phospholipids in chylomicrons and extremely large VLDL			False
Phospholipids in chylomicrons and extremely large VLDL (UKB data field 23483)			False
Phospholipids in large HDL			False
Phospholipids in large LDL			False
Phospholipids in large LDL (UKB data field 23532)			False
Phospholipids in large VLDL			False
Phospholipids in large VLDL (UKB data field 23497)			False
Phospholipids in medium HDL			False
Phospholipids in medium LDL			False
Phospholipids in medium LDL (UKB data field 23539)			False
Phospholipids in medium VLDL			False
Phospholipids in medium VLDL (UKB data field 23504)			False
Phospholipids in small HDL			False
Phospholipids in small HDL (UKB data field 23574)			False
Phospholipids in small LDL			False
Phospholipids in small LDL (UKB data field 23546)			False
Phospholipids in small VLDL			False
Phospholipids in small VLDL (UKB data field 23511)			False
Phospholipids in very large HDL			False
Phospholipids in very large VLDL			False
Phospholipids in very large VLDL (UKB data field 23490)			False
Phospholipids in very small VLDL			False
Phospholipids in very small VLDL (UKB data field 23518)			False
Phospholipids to Total Lipids in Chylomicrons and Extremely Large VLDL percentage			False
Phospholipids to Total Lipids in HDL percentage			False
Phospholipids to Total Lipids in IDL percentage			False
Phospholipids to Total Lipids in LDL percentage			False
Phospholipids to Total Lipids in Large HDL percentage			False
Phospholipids to Total Lipids in Large LDL percentage			False
Phospholipids to Total Lipids in Large VLDL percentage			False
Phospholipids to Total Lipids in Medium HDL percentage			False
Phospholipids to Total Lipids in Medium VLDL percentage			False
Phospholipids to Total Lipids in Small HDL percentage			False
Phospholipids to Total Lipids in Small LDL percentage			False
Phospholipids to Total Lipids in Small VLDL percentage			False
Phospholipids to Total Lipids in Very Large HDL percentage			False
Phospholipids to Total Lipids in Very Large VLDL percentage			False
Phospholipids to Total Lipids in Very Small VLDL percentage			False
Phospholipids to total lipids in small LDL percentage (UKB data field 23624)			False
Phospholipids to total lipids in small VLDL percentage (UKB data field 23599)			False
Phospholipids to total lipids in very large HDL percentage (UKB data field 23629)			False
Phospholipids to total lipids in very large VLDL percentage (UKB data field 23584)			False
Phospholipids to total lipids ratio in IDL			False
Phospholipids to total lipids ratio in chylomicrons and extremely large VLDL			False
Phospholipids to total lipids ratio in large HDL			False
Phospholipids to total lipids ratio in large LDL			False
Phospholipids to total lipids ratio in large VLDL			False
Phospholipids to total lipids ratio in medium HDL			False
Phospholipids to total lipids ratio in medium LDL			False
Phospholipids to total lipids ratio in medium VLDL			False
Phospholipids to total lipids ratio in small HDL			False
Phospholipids to total lipids ratio in small LDL			False
Phospholipids to total lipids ratio in small VLDL			False
Phospholipids to total lipids ratio in very large HDL			False
Phospholipids to total lipids ratio in very large VLDL			False
Phosphorus levels			False
Photic sneeze reflex			False
Photoreceptor cell layer thickness phenotypes (MTAG)			False
Physical activity (Relative amplitude)			False
Physical activity (Total log acceleration 6pm-8pm)			False
Physical activity (confirmatory factor analysis Factor 23)			False
Physical activity (overall physical activity time)			False
Physical function (baseline)			False
Pigment dispersion syndrome or pigmentary glaucoma			False
Pipecolate levels			False
Placental weight (fetal genotype, adjusted for sex)			False
Plakophilin-2 levels			False
Plasma 1-methyl-4-imidazoleacetate levels in chronic kidney disease			False
Plasma 3-aminoisobutyrate levels in chronic kidney disease			False
Plasma N-formylmethionine levels in chronic kidney disease			False
Plasma X-15503 levels in chronic kidney disease			False
Plasma X-23636 levels in chronic kidney disease			False
Plasma X-25419 levels in chronic kidney disease			False
Plasma betaine levels in chronic kidney disease			False
Plasma deoxycarnitine levels in chronic kidney disease			False
Plasma factor V levels (parent of origin effect) x rs75463553 interaction			False
Plasma factor VII activating protease levels			False
Plasma free amino acid levels			False
Plasma glutarylcarnitine (C5-DC) levels in chronic kidney disease			False
Plasma imidazole lactate levels in chronic kidney disease			False
Plasma metoprolol levels in chronic kidney disease			False
Plasma parathyroid hormone levels			False
Plasma protease C1 inhibitor (analyte X13710.6) levels			False
Plasma protease C1 inhibitor (analyte X4479.14) levels			False
Plasma protease C1 inhibitor levels			False
Plasma protease C1 inhibitor levels (SERPING1.4479.14.2)			False
Plasma pyroglutamine* levels in chronic kidney disease			False
Plasminogen activator inhibitor type 1 levels (PAI-1)			False
Plasminogen activator inhibitor type 1 levels (PAI-1) in overweight individuals			False
Plasminogen activator inhibitor type 1 levels (PAI-1) in type 2 diabetes			False
Platelet count			False
Platelet count (UKB data field 30080)			False
Platelet count at delivery			False
Platelet count during  first trimester of pregnancy			False
Platelet count during  second trimester of pregnancy			False
Platelet count during  third trimester of pregnancy			False
Platelet crit (UKB data field 30090)			False
Platelet distribution width			False
Platelet distribution width (UKB data field 30110)			False
Platelet forward scatter			False
Platelet large cell ratio			False
Platelet side fluorescence			False
Platelet side scatter distribution width			False
Platelet-activating factor levels			False
Platelet-derived growth factor BB levels			False
Platelet-to-lymphocyte ratio			False
Plateletcrit			False
Pleiotrophin levels			False
Pleiotrophin levels (PTN.3045.72.2)			False
Plexin-A4 levels			False
Plum liking			False
Pneumonia			False
Poisoning by agents primarily affecting blood constituents (PheCode 964)			False
Poisoning by analgesics, antipyretics, and antirheumatics (PheCode 965)			False
Poisoning by hormones and synthetic substitutes (PheCode 962)			False
Poly(A) polymerase gamma levels			False
Polychlorinated biphenyl levels			False
Polycystic ovary syndrome (reproductive subtype)			False
Polymyositis			False
Polyunsaturated fatty acid levels			False
Polyunsaturated fatty acids			False
Polyunsaturated fatty acids levels (UKB data field 23446)			False
Polyunsaturated fatty acids to monounsaturated fatty acids ratio			False
Polyunsaturated fatty acids to saturated fatty acids ratio			False
Polyunsaturated fatty acids to total fatty acids percentage			False
Pork consumption			False
Porridge liking			False
Portal hypertension (PheCode 571.81)			False
Poseidoniaceae abundance in stool			False
Post bronchodilator FEV1/FVC ratio			False
Posterior thigh muscle fat infiltration percentage			False
Posterolateral temporal area			False
Posterolateral temporal area (unadjusted for global measures)			False
Postmenopausal breast cancer			False
Postprandial cholesterol esters in medium VLDL			False
Postprandial free cholesterol in small VLDL			False
Postprandial monounsaturated fatty acids (16:1, 18:1)			False
Postprandial phospholipid levels in medium VLDL			False
Postprandial phospholipid levels in small VLDL			False
Postprandial serum total triglycerides			False
Postprandial small VLDL particle concentration			False
Postprandial total cholesterol in medium VLDL			False
Postprandial total lipids in small VLDL			False
Postprandial triglycerides in HDL			False
Postprandial triglycerides levels in medium HDL			False
Postprandial triglycerides levels in very small VLDL			False
Pre-treatment viral load in HIV-1 infection			False
Precordial pain (PheCode 418.1)			False
Precuneus area (unadjusted for global measures)			False
Predicted visceral adipose tissue			False
Preeclampsia or eclampsia			False
Preeclampsia or other maternal hypertension (maternal genotype effect)			False
Prenylcysteine oxidase 1 levels			False
Presence of antiphospholipid antibodies			False
Prevalent atrial fibrillation			False
Primary aldosteronism			False
Primary angle-closure glaucoma (MTAG)			False
Primary biliary cholangitis			False
Primary biliary cirrhosis			False
Primary open angle glaucoma (MTAG)			False
Primary open angle glaucoma (PheCode 365.11)			False
Primary open angle glaucoma (multi-trait analysis)			False
Primary sclerosing cholangitis			False
Primary sclerosing cholangitis (MTAG)			False
Primary tooth development (number of teeth)			False
Primary tooth development (time to first tooth eruption)			False
Principal component-derived dietary pattern 1			False
Principal component-derived dietary pattern 13			False
Principal component-derived dietary pattern 19			False
Principal component-derived dietary pattern 2			False
Principal component-derived dietary pattern 20			False
Principal component-derived dietary pattern 28			False
Principal component-derived dietary pattern 3			False
Principal component-derived dietary pattern 7			False
Pro-cathepsin H levels			False
Procalcitonin levels			False
Procalcitonin levels (adjusted for BMI)			False
Processed meat consumption			False
Procollagen galactosyltransferase 1 levels (COLGALT1.5638.23.3)			False
Progesterone levels			False
Promotilin levels			False
Promotilin levels (MLN.5631.83.3)			False
Prostate cancer			False
Prostate cancer (advanced)			False
Prostate cancer (late onset)			False
Prostate-associated microseminoprotein levels			False
Prostate-specific antigen levels			False
Proteasome subunit alpha type-7 levels			False
Protein G6b:Isoform A, Extracellular domain levels			False
Protein MAK16 homolog protein levels (SomaScan ID:6039-24)			False
Protein Mdm4 levels			False
Protein disulfide-isomerase A3 (analyte X7832.181) levels			False
Protein disulfide-isomerase A4 levels			False
Protein flightless-1 homolog levels			False
Protein quantitative trait loci			False
Protein quantitative trait loci (liver)			False
Proteinase-activated receptor 1 levels			False
Proteus abundance in stool			False
Psoriasis			False
Psoriasis (PheCode 696.4)			False
Psoriasis and related disorder (PheCode 696)			False
Psoriasis or type 2 diabetes (trans-disease meta-analysis)			False
Psoriasis or type 2 diabetes (trans-disease meta-analysis)(opposite effect)			False
Psoriasis vulgaris			False
Psoriasis vulgaris (PheCode 696.41)			False
Psoriatic arthritis			False
Pulmonary embolism			False
Pulmonary function			False
Pulmonary function (FVC) x omega-3 PUFA (docosahexaenoic acid) interaction (2df)			False
Pulmonary function (smoking interaction)			False
Pulse pressure			False
Pulse pressure (BMI unadjusted)			False
Pulse pressure x alcohol consumption interaction (2df test)			False
Pulse pressure x low social support interaction (2df test)			False
Pulse pressure x short total sleep time interaction (2df)			False
Pulse rate			False
Pulse rate (UKB data field 102)			False
Purine nucleoside phosphorylase levels			False
Putamen iron levels (quantitative susceptibility mapping)			False
Pyogenic arthritis (PheCode 711.1)			False
Pyroglutamine levels			False
Pyruvate levels			False
Pyruvate levels in blood donors			False
QRS complex (Sokolow-Lyon)			False
QRS duration			False
QT dynamics during exercise			False
QT interval			False
QTc interval			False
R amplitude of combined wave in lead I			False
R amplitude of combined wave in lead V5			False
R amplitude of combined wave in lead V6			False
R amplitude of combined wave in lead aVR			False
R and S amplitude difference in lead I			False
R and S amplitude difference in lead V4			False
R and S amplitude difference in lead V5			False
R and S amplitude difference in lead V6			False
R and S amplitude difference in lead aVR			False
R begin-to-T end interval in lead aVR			False
R peak area in lead I			False
R peak area in lead V4			False
R peak area in lead V5			False
R peak area in lead V6			False
R peak area in lead aVR			False
R start and S end in voltage difference in lead I			False
R-spondin-3 levels			False
RAB39B protein levels			False
RAB6A protein levels			False
RABEPK protein levels			False
RBC levels of 15-HETE			False
RBC levels of D-Glucose 6-phosphate			False
RBC levels of Pyridoxamine			False
RBC levels of Pyruvate			False
RBC levels of Pyruvate (uM)			False
RBC levels of UDP-N-acetyl-D-glucosamine			False
RBC levels of Urate (uM)			False
RBC levels of [Similar to: L-Glutathione oxidized; deltaMass: 308.8758 Da]			False
RBC levels of [Similar to: gamma-Glutamylcysteine; deltaMass: -146.3080 Da]			False
RBP2 protein levels			False
RBPMS2 protein levels			False
REG4 protein levels			False
RELT protein levels			False
RELT-like protein 1 levels			False
REST UKBBICA NET100 1349			False
RETN protein levels			False
RGMA protein levels			False
RHOC/TBCC protein level ratio			False
RNASE10 protein levels			False
RNASEH2A protein levels			False
RNF20 protein levels			False
RNH1 protein levels			False
ROBO2/SCARF2 protein level ratio			False
ROR1 protein levels			False
RPE protein levels			False
RR interval (heart rate)			False
RTBDN protein levels			False
RTN4R protein levels			False
Rab-like protein 3 protein levels (SomaScan ID:4559-64)			False
Rab9 effector protein with kelch motifs levels			False
Rac GTPase-activating protein 1 levels			False
Ragulator complex protein LAMTOR3 levels			False
Random glucose levels			False
Ras-related protein R-Ras levels			False
Ratio of 22:6 docosahexaenoic acid to total fatty acids			False
Ratio of apolipoprotein B to apolipoprotein A1 levels			False
Ratio of linoleic acid to total fatty acids			False
Ratio of monounsaturated fatty acids to total fatty acids			False
Ratio of omega-6 fatty acids to total fatty acids			False
Ratio of polyunsaturated fatty acids to monounsaturated fatty acids			False
Ratio of polyunsaturated fatty acids to total fatty acids			False
Ratio of saturated fatty acids to total fatty acids			False
Ratio of triglycerides to phosphoglycerides			False
Raw carrot liking			False
Raw vegetable consumption			False
Raynaud's syndrome			False
Raynaud's syndrome (PheCode 443.1)			False
Raynauds phenomenon disease			False
Reaction time			False
Reaction time (baseline)			False
Reaction time (standard GWA)			False
Reactive lymphocyte count			False
Reactive lymphocyte percentage of white cells			False
Reactive percentage of lymphocytes			False
Rectum and left colon colorectal cancer (bone metastasis vs no metastasis)			False
Rectum and left colon colorectal cancer (bone metastasis vs non-bone metastasis)			False
Red blood cell count			False
Red blood cell distribution width			False
Red blood cell erythrocyte count (UKB data field 30010)			False
Red blood cell erythrocyte distribution width (UKB data field 30070)			False
Red blood cell forward scatter			False
Red blood cell forward scatter distribution width			False
Red blood cell haemoglobin equivalent			False
Red blood cell side fluorescence			False
Red blood cell traits			False
Red blood cell traits (multivariate analysis)			False
Red cell distribution width			False
Red cell distribution width - standard deviation			False
Red meat related metabolomic signature			False
Red vs non-red hair color			False
Refractive error			False
Refractive error (autorefraction measured)			False
Regional cortical thickness (frontalpole)			False
Regional cortical thickness (rostralmiddlefrontal)			False
Regional enteritis (PheCode 555.1)			False
Regular attendance at a gym or sports club			False
Regulator of G-protein signaling 7 protein levels (SomaScan ID:11117-2)			False
Relapse-free survival in tamoxifen-treated early-onset breast cancer (complete)			False
Relative abundance of the human milk microbiota (HMM) Enterobacter sp.3			False
Relative abundance of the human milk microbiota (HMM) Prevotella sp.38			False
Relative abundance of the human milk microbiota (HMM) Stenotrophomonas maltophilia 1			False
Relative carbohydrate intake			False
Remnant cholesterol (non-HDL, non-LDL -cholesterol)			False
Remnant cholesterol (non-HDL, non-LDL -cholesterol) levels (UKB data field 23402)			False
Renal cell carcinoma			False
Renin levels			False
Resistance to COVID-19 infection (Exposed negative vs positive)			False
Resistant hypertension			False
Resistin levels			False
Respiratory disease (confirmatory factor analysis Factor 11)			False
Respiratory diseases			False
Respiratory insufficiency (PheCode 509.2)			False
Response to BNT162b2 vaccine (anti-SARS-CoV-2 Spike antibody levels after second dose)			False
Response to TNF inhibitor in rheumatoid arthritis (change in swollen 28-joint count)			False
Response to androgen-deprivation therapy in prostate cancer (radiographic progression-free survival at 1 year)			False
Response to anti-vascular endothelial growth factor drug in diabetic macular edema  (best corrected visual acuity)			False
Response to fenofibrate (LDL cholesterol levels)			False
Response to high-intensity interval training in physically inactive (maximal oxygen uptake)			False
Response to radiotherapy in cancer (late toxicity)			False
Response to tocilizumab in rheumatoid arthritis			False
Response to ustekinumab in psoriasis (improvement)			False
Resting heart rate			False
Reticulocyte count			False
Reticulocyte count (UKB data field 30250)			False
Reticulocyte forward scatter			False
Reticulocyte fraction of red cells			False
Reticulocyte haemoglobin equivalent			False
Reticulocyte percentage (UKB data field 30240)			False
Reticulocyte production index			False
Reticulocyte side fluorescence			False
Reticulon-4 receptor levels			False
Reticulon-4 receptor levels (RTN4R.5105.2.3)			False
Retinal arteriolar tortuosity			False
Retinal detachment or retinal break			False
Retinal nerve fibre layer (RNFL) thickness			False
Retinal nerve fibre layer thickness or ganglion cell inner plexiform layer thickness (MTAG)			False
Retinal thickness (functional principal component 2)			False
Retinal thickness (functional principal component 3)			False
Retinal thickness (functional principal component 6)			False
Retinal thickness (pixel 115_200)			False
Retinal thickness (pixel 13_42)			False
Retinal thickness (pixel 3_193)			False
Retinal thickness (pixel 64_154)			False
Retinal thickness (pixel 67_65)			False
Retinal thickness (pixel 70_100)			False
Retinal venular tortuosity			False
Retinal venular width			False
Revision surgery due to aseptic loosening after total joint arthroplasty			False
Rheumatoid arthritis			False
Rheumatoid arthritis (ACPA-positive)			False
Rheumatoid arthritis (rheumatoid factor and/or anti-cyclic citrullinated peptide seropositive)			False
Rheumatoid arthritis or inflammatory bowel disease			False
Rheumatoid arthritis or multiple sclerosis			False
Rheumatoid arthritis or type 1 diabetes			False
Ribitol levels			False
Ribonucleoside-diphosphate reductase large subunit levels			False
Ribulose-phosphate 3-epimerase levels			False
Rickets or osteomalacia (PheCode 261.41)			False
Right hippocampal volume			False
Right hippocampal volume (body)			False
Right hippocampal volume (fissure)			False
Right hippocampal volume (head)			False
Right molecular layer hippocampal volume (body)			False
Right molecular layer hippocampal volume (head)			False
Right presubiculum volume (head)			False
Right subiculum volume (head)			False
Right ventricular ejection fraction			False
Right-hemisphere control network to putamen white-matter structural connectivity			False
Right-hemisphere default mode network to hippocampus white-matter structural connectivity			False
Right-hemisphere visual network to accumbens white-matter structural connectivity			False
Right-hemisphere visual network to right-hemisphere salience/ventral attention network white-matter structural connectivity			False
Rosacea symptom severity			False
Rotator cuff injury			False
Rupture of synovium (PheCode 727.5)			False
S begin-to-S end interval in lead V3			False
S begin-to-S end interval in lead V4			False
S begin-to-S end interval in lead V5			False
S begin-to-T end interval in lead I			False
S begin-to-T end interval in lead aVR			False
S-adenosylhomocysteine (SAH) levels			False
S100A4 protein levels			False
SAA4 protein levels			False
SAMD9L protein levels			False
SAMD9L/SRPK2 protein level ratio			False
SAMD9L/TBC1D5 protein level ratio			False
SAPHO syndrome			False
SBSN protein levels			False
SCARF2 protein levels			False
SCARF2/TNFRSF21 protein level ratio			False
SCG2 protein levels			False
SCGB1A1 protein levels			False
SCGB3A1 protein levels			False
SCGB3A2 protein levels			False
SCLY/SORD protein level ratio			False
SCN4B protein levels			False
SCPEP1 protein levels			False
SDC1 protein levels			False
SEMA3F protein levels			False
SEMA3G protein levels			False
SEMA6C protein levels			False
SEMA7A protein levels			False
SERPINA11 protein levels			False
SERPINA4 protein levels			False
SERPIND1 protein levels			False
SERPINE1 protein levels			False
SERPINE2 protein levels			False
SERPING1 protein levels			False
SFTPD protein levels			False
SGSH protein levels			False
SHBG protein levels			False
SHISA5 protein levels			False
SIAE protein levels			False
SIGLEC6 protein levels			False
SIGLEC9 protein levels			False
SIOPS occupational score			False
SIOPS occupational score (MTAG)			False
SIRPB1 protein levels			False
SLAMF7 protein levels			False
SLAMF8 protein levels			False
SLC39A14 protein levels			False
SLIT2 protein levels			False
SLITRK1 protein levels			False
SMAD1/TBC1D23 protein level ratio			False
SMAD1/ZBTB16 protein level ratio			False
SMOC2 protein levels			False
SMPD1 protein levels			False
SMPDL3A protein levels			False
SMTN protein levels			False
SNAP25 protein levels			False
SNX15 protein levels			False
SNX9/STK4 protein level ratio			False
SORD protein levels			False
SPARC protein levels			False
SPINK5 protein levels			False
SPINK8 protein levels			False
SPON1 protein levels			False
SSC5D protein levels			False
ST13 protein levels			False
STC1 protein levels			False
STK4/VTA1 protein level ratio			False
STX4 protein levels			False
SUGP1 protein levels			False
SUOX protein levels			False
SUSD5 protein levels			False
Salicylate levels			False
Salty food liking			False
Sarcoidosis			False
Sarcoidosis (Lofgren's syndrome vs non-Lofgren's syndrome)			False
Sardines liking			False
Saturated fatty acid levels			False
Saturated fatty acid percentage of total fatty acids			False
Saturated fatty acids			False
Saturated fatty acids levels			False
Saturated fatty acids levels (UKB data field 23448)			False
Saturated fatty acids to total fatty acids percentage			False
Scavenger receptor class F member 2 levels			False
Scavenger receptor class F member 2 levels (SCARF2.8956.96.3)			False
Scavenger receptor class F member 2:Extracellular domain levels			False
Schizophrenia vs autism spectrum disorder (ordinary least squares (OLS))			False
School performance E-factor 1 (overall performance)			False
Science, technology, engineering or mathematics occupational choice			False
Seborrheic dermatitis (PheCode 690.1)			False
Seborrheic keratosis (PheCode 702.2)			False
Secondary hypothyroidism (PheCode 244.1)			False
Secretory phospholipase A2 receptor levels			False
Sedentary behavior at work			False
Sedentary behaviour duration			False
Segment polarity protein dishevelled homolog DVL-2 levels			False
Self-reported math ability			False
Semaphorin-6B levels			False
Sensorineural hearing loss (PheCode 389.1)			False
Sepsis (hospital admission)			False
Sequestosome-1 (analyte X7695.106) levels			False
Serine protease 27 levels			False
Serine protease 57 levels			False
Serine/threonine-protein kinase DCLK1 levels			False
Seropositivity (peptide co-occurrence module 1: CMV, (others))			False
Seropositivity (peptide co-occurrence module 22: bacteria, phage, allergen)			False
Seropositivity for apibacter peptide (agilent_51197)			False
Seropositivity for blautia producta peptide (agilent_74695)			False
Seropositivity for clostridiales peptide (agilent_68956)			False
Seropositivity for enterobacter phage arya peptide (twist_93547)			False
Seropositivity for enterobacteria phage sf6 peptide (twist_94021)			False
Seropositivity for enterovirus b peptide (twist_41527)			False
Seropositivity for gallus gallus ovomucoid precursor gallus peptide (twist_30726)			False
Seropositivity for hordeum vulgare (barley) peptide (twist_7301)			False
Seropositivity for human betaherpesvirus 5 (cytomegalovirus) peptide (twist_35647)			False
Seropositivity for human gammaherpesvirus 4 (Epstein-Barr virus) peptide (agilent_11813)			False
Seropositivity for human gammaherpesvirus 4 (Epstein-Barr virus) peptide (agilent_3328)			False
Seropositivity for human gammaherpesvirus 4 (Epstein-Barr virus) peptide (agilent_7302)			False
Seropositivity for human gammaherpesvirus 4 (Epstein-Barr virus) peptide (twist_34377)			False
Seropositivity for human gammaherpesvirus 4 (Epstein-Barr virus) peptide (twist_34869)			False
Seropositivity for influenza a virus peptide (twist_47499)			False
Seropositivity for lactobacillus phage LFEINF peptide (twist_64023)			False
Seropositivity for lactobacillus phage LFEINF peptide (twist_88894)			False
Seropositivity for meleagris gallopavo (turkey) peptide (twist_3824)			False
Seropositivity for salmonella peptide (agilent_225335)			False
Seropositivity for salmonella phage felixo1 peptide (twist_85996)			False
Seropositivity for staphylococcaceae peptide (agilent_4825)			False
Seropositivity for staphylococcus aureus peptide (agilent_222381)			False
Seropositivity for staphylococcus aureus peptide (agilent_226247)			False
Seropositivity for staphylococcus aureus peptide (agilent_236333)			False
Seropositivity for staphylococcus aureus peptide (twist_35030)			False
Seropositivity for staphylococcus aureus subsp. aureus MRSA252 peptide (agilent_134645)			False
Seropositivity for staphylococcus aureus subsp. aureus MRSA252 peptide (agilent_180726)			False
Seropositivity for staphylococcus aureus subsp. aureus MRSA252 peptide (agilent_84757)			False
Seropositivity for staphylococcus aureus subsp. aureus MW2 peptide (agilent_235512)			False
Seropositivity for streptococcus agalactiae peptide (agilent_234887)			False
Seropositivity for streptococcus agalactiae peptide (agilent_241118)			False
Seropositivity for streptococcus pneumoniae peptide (agilent_220184)			False
Seropositivity for streptococcus pneumoniae peptide (agilent_223208)			False
Seropositivity for streptococcus pneumoniae peptide (agilent_223825)			False
Seropositivity for streptococcus pneumoniae peptide (agilent_224401)			False
Seropositivity for streptococcus pneumoniae peptide (agilent_227833)			False
Seropositivity for streptococcus pneumoniae peptide (agilent_229757)			False
Seropositivity for streptococcus pneumoniae peptide (agilent_231226)			False
Seropositivity for streptococcus pneumoniae peptide (agilent_236127)			False
Seropositivity for streptococcus pneumoniae peptide (agilent_241214)			False
Seropositivity for streptococcus pyogenes peptide (agilent_220658)			False
Seropositivity for streptococcus pyogenes peptide (agilent_235068)			False
Seropositivity for streptococcus pyogenes peptide (agilent_241884)			False
Serum 25-Hydroxyvitamin D levels			False
Serum 25-Hydroxyvitamin D levels (conditioned on BMI)			False
Serum albumin levels			False
Serum alkaline phosphatase levels			False
Serum creatinine levels			False
Serum erythropoietin levels			False
Serum immune biomarker levels			False
Serum levels of protein ACP5			False
Serum levels of protein AGRP			False
Serum levels of protein BCAN			False
Serum levels of protein C1R			False
Serum levels of protein C4A;C4B			False
Serum levels of protein CALCOCO2			False
Serum levels of protein CCL5			False
Serum levels of protein CDH12			False
Serum levels of protein CDH7			False
Serum levels of protein CHST9			False
Serum levels of protein CNTN1			False
Serum levels of protein CNTN2			False
Serum levels of protein COMP			False
Serum levels of protein CPXM1			False
Serum levels of protein CRHBP			False
Serum levels of protein CRLF1			False
Serum levels of protein CTAG1A			False
Serum levels of protein CTSA			False
Serum levels of protein CTSH			False
Serum levels of protein DNAJB11			False
Serum levels of protein DNAJC10			False
Serum levels of protein DVL2			False
Serum levels of protein ESAM			False
Serum levels of protein FASLG			False
Serum levels of protein FGF7			False
Serum levels of protein GNLY			False
Serum levels of protein GPNMB			False
Serum levels of protein GRAMD1C			False
Serum levels of protein H6PD			False
Serum levels of protein HDGF			False
Serum levels of protein HGFAC			False
Serum levels of protein IGFBPL1			False
Serum levels of protein IGFLR1			False
Serum levels of protein IL12RB2			False
Serum levels of protein IL23R			False
Serum levels of protein IL32			False
Serum levels of protein KIR2DS2			False
Serum levels of protein KYNU			False
Serum levels of protein LANCL1			False
Serum levels of protein LHCGR			False
Serum levels of protein LRPAP1			False
Serum levels of protein LRRC4C			False
Serum levels of protein LSAMP			False
Serum levels of protein MANF			False
Serum levels of protein MASP1			False
Serum levels of protein MCL1			False
Serum levels of protein MLN			False
Serum levels of protein MST1			False
Serum levels of protein NCAM2			False
Serum levels of protein NFASC			False
Serum levels of protein NOG			False
Serum levels of protein PCYOX1			False
Serum levels of protein PNP			False
Serum levels of protein PRDM1			False
Serum levels of protein PRSS57			False
Serum levels of protein PTN			False
Serum levels of protein RRM1			False
Serum levels of protein RTN4R			False
Serum levels of protein SERPINE1			False
Serum levels of protein SIAE			False
Serum levels of protein SPATA20			False
Serum levels of protein ST6GALNAC6			False
Serum levels of protein SYT11			False
Serum levels of protein TAC3			False
Serum levels of protein TPPP2			False
Serum levels of protein TPSB2			False
Serum levels of protein TPSB2;TPSAB1			False
Serum levels of protein TREM2			False
Serum levels of protein TXNDC12			False
Serum levels of protein YWHAB			False
Serum lipopolysaccharide activity			False
Serum metabolite concentrations in chronic kidney disease			False
Serum metabolite levels			False
Serum metabolite levels (CMS)			False
Serum phosphate levels			False
Serum total cholesterol levels			False
Serum total protein levels			False
Serum total triglyceride levels			False
Serum urate level in bendroflumethiazide treated hypertension			False
Serum urate levels			False
Serum urate levels in chronic kidney disease			False
Serum uric acid levels			False
Severe COVID-19 infection			False
Severe COVID-19 or rheumatoid arthritis (MTAG)			False
Severe COVID-19 or systemic lupus erythematosus			False
Severe COVID-19 or systemic lupus erythematosus (MTAG)			False
Severe coronary stenosis			False
Severe coronary stenosis (family history of CAD interaction)			False
Severe influenza A (H1N1) infection			False
Sex hormone-binding globulin levels			False
Sex hormone-binding globulin levels adjusted for BMI			False
Sex hormone-binding globulin levels adjusted for BMI and heel estimated bone mineral density			False
Sex hormone-binding globulin levels and heel estimated bone mineral density			False
Sex hormone-binding globulin levels in postmenopausal women			False
Sex hormone-binding globulin levels in premenopausal women			False
Shellfish liking			False
Shingles			False
Shoulder impingement or rotator cuff tear			False
Sia-alpha-2,3-Gal-beta-1,4-GlcNAc-R:alpha 2,8-sialyltransferase protein levels (SomaScan ID:21433-3)			False
Sialate O-acetylesterase levels			False
Sialolithiasis (PheCode 528.7)			False
Sib-shared facial trait 103; Facial segment 2; 3D morphology of the nose			False
Sib-shared facial trait 132; Facial segment 3; 3D morphology of the upper and lower face, excluding the nose			False
Sib-shared facial trait 229; Facial segment 5; 3D morphology of the nose			False
Sib-shared facial trait 368; Facial segment 10; 3D morphology of the nose sides			False
Sib-shared facial trait 426; Facial segment 13; 3D morphology of the chin and jaw			False
Sib-shared facial trait 519; Facial segment 17; 3D morphology of the upper lip			False
Sib-shared facial trait 833; Facial segment 45; 3D morphology of the nose alae			False
Sick sinus syndrome			False
Signal peptide, CUB and EGF-like domain-containing protein 1 levels			False
Simple and unspecified goiter (PheCode 240)			False
Sjögren's syndrome			False
Skeletal muscle HDGF levels			False
Skeletal muscle MST1 levels			False
Skin cancer			False
Skin color			False
Skin color (Fitzpatrick scale)			False
Skin condition (ex. Eczema, Psoriasis)			False
Skin phototype score			False
Skin pigmentation			False
Skin pigmentation (conditioned on rs1426654 and rs35397)			False
Skin pigmentation traits			False
Skin reflectance			False
Skin, hair and eye pigmentation (multivariate analysis)			False
Skull bone mineral density			False
Sleep related leg cramps (PheCode 327.72)			False
Small cell lung carcinoma			False
Small intestine neuroendocrine tumor			False
Small vessel stroke			False
Smoked fish liking			False
Smoking and associated risk behaviours (confirmatory factor analysis Factor 6)			False
Smoking behaviour (cigarettes smoked per day)			False
Smoking cessation (MTAG)			False
Smoking initiation			False
Smoking initiation (MTAG)			False
Smoking initiation (ever regular vs never regular)			False
Smoking initiation (ever regular vs never regular) (MTAG)			False
Smoking status			False
Smoking status (ever vs never smokers)			False
Smoking status (standard GWA)			False
Snoring			False
Sodium (mean, inv-norm transformed)			False
Sodium levels			False
Soluble receptor for advanced glycation end-product levels			False
Soluble transferrin receptor concentration			False
Somatostatin-28 levels			False
Sorbitol dehydrogenase levels			False
Sorting nexin-1 levels			False
Sorting nexin-4 levels			False
Spatial QRS-T angle			False
Spermatogenesis-associated protein 20 levels			False
Spermatogenesis-associated protein 20 levels (SPATA20.11117.2.3)			False
Spherical equivalent			False
Spherical equivalent (joint analysis main effects and education interaction)			False
Spherical equivalent or myopia (age of diagnosis)			False
Sphingolipid levels			False
Sphingomyelin (d18:1/18:1, d18:2/18:0) levels			False
Sphingomyelin (d32:2) levels			False
Sphingomyelin (d43:1) levels			False
Sphingomyelins levels			False
Spicy food liking			False
Spinal canal stenosis			False
Spinal cord injury without evidence of spinal bone injury (PheCode 952)			False
Spine osteoarthritis			False
Spleen volume			False
Splenomegaly (PheCode 579.2)			False
Spondylolisthesis, congenital (PheCode 754.2)			False
Spread type: Butter and margarine spreads vs oil-based spreads (UKB data field 1428)			False
Squamous cell carcinoma			False
Squamous cell carcinoma (MTAG)			False
Squamous cell carcinoma (PheCode 172.22)			False
Squamous cell lung carcinoma			False
Stable angina pectoris			False
Standing height (UKB data field 50)			False
Stanniocalcin-1 levels			False
Stearoylcarnitine (C18) levels in elite athletes			False
Stem Cell Growth Factor-beta levels			False
Stem cell factor levels			False
Steroid induced osteonecrosis of the femoral head and systemic lupus erythematosus			False
Sterol ester (27:1/18:0) levels			False
Sterol ester (27:1/18:3) levels			False
Sterol ester (27:1/20:4) levels			False
Stomatin-like protein 1 protein levels (SomaScan ID:17682-1)			False
Stomatitis and mucositis (PheCode 528.1)			False
Stool frequency			False
Strenuous sports or other exercises			False
Stroke			False
Stroke (ischemic)			False
Stromal cell-derived factor 1 levels			False
Stromal cell-derived factor 2 levels			False
Stromal cell-derived factor 2-like protein 1 levels			False
Stromal membrane-associated protein 1 levels (SMAP1.11649.3.3)			False
Subcortical volume (min-P)			False
Subiculum volume			False
Substantia nigra iron levels (R2* MRI)			False
Substantia nigra iron levels (quantitative susceptibility mapping)			False
Succinivibrio abundance in stool			False
Succinivibrionaceae abundance in stool			False
Sudden cardiac arrest			False
Sulfasalazine-induced agranulocytosis			False
Sum basophil neutrophil counts			False
Sum eosinophil basophil counts			False
Sum neutrophil eosinophil counts			False
Sunburns			False
Superficial keratitis (PheCode 370.2)			False
Superior parietal area			False
Superior temporal area			False
Superior temporal area (unadjusted for global measures)			False
Surgical hip osteoarthritis			False
Surgical knee osteoarthritis			False
Survival in sepsis			False
Symbol digit substitution test performance (baseline)			False
Symptomatic extra- and intra-cranial atherosclerotic stenosis			False
Synaptotagmin-11 levels			False
Syntaxin-12 levels			False
Syntaxin-1A levels			False
Syntaxin-4 levels			False
Syntenin-1 levels			False
Systemic inflammatory response syndrome (SIRS) (PheCode 994.1)			False
Systemic lupus erythematosus			False
Systemic lupus erythematosus (MTAG)			False
Systemic lupus erythematosus (PheCode 695.42)			False
Systemic mastocytosis			False
Systemic sclerosis			False
Systemic seropositive rheumatic diseases (Systemic sclerosis or systemic lupus erythematosus or rheumatoid arthritis or idiopathic inflammatory myopathies)			False
Systolic blood pressure			False
Systolic blood pressure (BMI adjusted)			False
Systolic blood pressure (BMI unadjusted)			False
Systolic blood pressure (MTAG)			False
Systolic blood pressure (UKB data field 4080)			False
Systolic blood pressure (baseline)			False
Systolic blood pressure (cigarette smoking interaction)			False
Systolic blood pressure (standard GWA)			False
Systolic blood pressure (weighted GWA)			False
Systolic blood pressure variability			False
Systolic blood pressure x alcohol consumption (light vs heavy) interaction (2df test)			False
Systolic blood pressure x alcohol consumption interaction (2df test)			False
Systolic blood pressure x smoking status (current vs non-current) interaction (1df test)			False
Systolic blood pressure x smoking status (current vs non-current) interaction (2df test)			False
T cell lymphocyte profile difference			False
T cell lymphocyte profile difference (7 days post influenza vaccination)			False
T-cell surface glycoprotein CD8 alpha chain (analyte X5992.50) levels			False
T-cell surface glycoprotein CD8 alpha chain level in Chronic kidney disease with hypertension and no diabetes (15462_28)			False
T-cell surface glycoprotein CD8 alpha chain level in Chronic kidney disease with hypertension and no diabetes (5992_50)			False
T1 FreeSurfer DK rh fusiform thickness			False
T1 brain MRIs Unsupervised Deep learning derived Imaging Phenotypes (dimension 125)			False
T1 brain MRIs Unsupervised Deep learning derived Imaging Phenotypes (dimension 44)			False
T2 brain MRIs Unsupervised Deep learning derived Imaging Phenotypes (dimension 59)			False
T2 brain MRIs Unsupervised Deep learning derived Imaging Phenotypes (dimension 78)			False
TBC1D17 protein levels			False
TBC1D23/VPS53 protein level ratio			False
TBC1D5 protein levels			False
TBCB/TBCC protein level ratio			False
TBCC protein levels			False
TBCC/TXLNA protein level ratio			False
TBCC/WWP2 protein level ratio			False
TCL1A protein levels			False
TCTN3 protein levels			False
TDGF1 protein levels			False
TDRKH protein levels			False
TEK protein levels			False
TFF3 protein levels			False
TG protein levels			False
TGFBR2/THBD protein level ratio			False
TGOLN2 protein levels			False
THBD protein levels			False
TIMD4 protein levels			False
TIMM10 protein levels			False
TIMP3 protein levels			False
TLR1 protein levels			False
TMAO to betaine ratio			False
TMAO to deoxycarnitine ratio			False
TMEM25 protein levels			False
TMPRSS15 protein levels			False
TMPRSS5 protein levels			False
TMSB10/TRIAP1 protein level ratio			False
TNC protein levels			False
TNF-alpha gene expression levels in non-alcoholic fatty liver disease x mastiha supplementation interaction			False
TNF-related activation-induced cytokine levels			False
TNFRSF10C protein levels			False
TNFRSF13B protein levels			False
TNFRSF13B/TNFRSF9 protein level ratio			False
TNFRSF13B/TNFSF13B protein level ratio			False
TNFRSF13C protein levels			False
TNFRSF13C/TNFSF13B protein level ratio			False
TNFRSF1A protein levels			False
TNFRSF1B protein levels			False
TNFRSF4 protein levels			False
TNFRSF8 protein levels			False
TNFRSF9 protein levels			False
TNFSF11 protein levels			False
TNFSF12 protein levels			False
TNFSF13B protein levels			False
TNXB protein levels			False
TP53BP1 protein levels			False
TPE interval (resting)			False
TPK1 protein levels			False
TPP1 protein levels			False
TPPP3 protein levels			False
TPSAB1 protein levels			False
TPSD1 protein levels			False
TRAF family member-associated NF-kappa-B activator levels			False
TREH protein levels			False
TREM2 protein levels			False
TREML2 protein levels			False
TRIM40 protein levels			False
TSHB protein levels			False
TSPOAP1 protein levels			False
TTR protein levels			False
Tafenoquine efficacy in P. vivax malaria (recurrence by 6 months)			False
Takayasu arteritis			False
Takes medication for Diabetes/sugar?			False
Takes medication for Glaucoma?			False
Takes medication for Skin condition (ex. Eczema, Psoriasis)?			False
Takes medication for acid reflux/GERD?			False
Takes medication for celiac disease/sprue?			False
Takes medication for coronary artery/ coronary heart disease?			False
Takes medication for gout?			False
Takes medication for high blood pressure?			False
Takes medication for high cholesterol?			False
Takes medication for prostate cancer?			False
Takes medication for skin cancer?			False
Tanner 2 to Tanner 4 pubertal stage transition (joint longitudinal BMI and survival model)			False
Tanning			False
Tartrate-resistant acid phosphatase type 5 levels			False
Tartrate-resistant acid phosphatase type 5 levels (ACP5.3232.28.2)			False
Tea intake (UKB data field 1488)			False
Telomere length			False
Telomere length (principal component 1)			False
Temporal pole thickness			False
Teratocarcinoma-derived growth factor 1 levels			False
Testosterone levels			False
Testosterone levels (UKB data field 30850)			False
Tetradecenoylcarnitine levels			False
Thalamus iron levels (R2* MRI)			False
Thalamus iron levels (quantitative susceptibility mapping)			False
Thigh slabs internal fat to muscle ratio			False
Thigh subcutaneous adipose tissue volume			False
Thioredoxin domain-containing protein 12 (analyte X4815.25) levels			False
Thioredoxin domain-containing protein 12 level in Chronic kidney disease with hypertension and no diabetes (4815_25)			False
Thioredoxin domain-containing protein 12 levels			False
Thioredoxin domain-containing protein 12 levels (TXNDC12.4815.25.3)			False
Thioredoxin domain-containing protein 9 protein levels (SomaScan ID:24256-7)			False
Thrombomodulin levels			False
Thymidine phosphorylase levels			False
Thyroid cancer			False
Thyroid hormone levels			False
Thyroid peroxidase antibody levels in pregnancy			False
Thyroid peroxidase antibody positivity in pregnancy			False
Thyroid stimulating hormone levels			False
Thyroid volume			False
Thyroid-stimulating hormone levels			False
Thyroiditis, acute and subacute (PheCode 245.1)			False
Thyrotoxic exophthalmos (PheCode 242.31)			False
Thyrotoxic hypokalemic periodic paralysis and Graves disease			False
Thyrotoxic periodic paralysis			False
Thyrotoxicosis with or without goiter (PheCode 242)			False
Thyroxine levels			False
Tinnitus			False
Toll-like receptor 5 levels			False
Tonsillectomy			False
Tooth agenesis			False
Torsin-4A levels			False
Torsion dystonia (PheCode 333.4)			False
Torso length to body height ratio			False
Total Alkylphosphatidylcholine levels			False
Total Cholesterol in IDL			False
Total Cholesterol in large VLDL			False
Total Cholesterol in small LDL			False
Total Cholesterol to Total Lipids percentage			False
Total Esterified Cholesterol to Total Cholesterol percentage			False
Total Esterified Cholesterol to Total Lipids percentage			False
Total Free Cholesterol to Total Cholesterol percentage			False
Total Free Cholesterol to Total Esterified Cholesterol ratio			False
Total Lipids in HDL			False
Total Lipids in LDL			False
Total Lipids in Medium LDL			False
Total Lipids in VLDL			False
Total PHF-tau (SNP x SNP interaction)			False
Total Phospholipids to Total Lipids percentage			False
Total Triglycerides to Total Lipids percentage			False
Total Trihexosylcermide levels			False
Total antibody levels in response to SARS-CoV-2 vaccination			False
Total bilirubin levels			False
Total bilirubin levels (UKB data field 30840)			False
Total body bone mineral density			False
Total body bone mineral density (MTAG)			False
Total body bone mineral density (age 45-60)			False
Total bone mineral density x gut microbiota (genus Dialister) interaction			False
Total brain volume change rate			False
Total cerebellar volume (excluding Crus I vermis)			False
Total cholesterol in HDL2			False
Total cholesterol in large HDL			False
Total cholesterol in large LDL			False
Total cholesterol in medium LDL			False
Total cholesterol in medium VLDL			False
Total cholesterol in small VLDL			False
Total cholesterol in very small VLDL			False
Total cholesterol levels			False
Total cholesterol levels (1KG-JEWEL7K)			False
Total cholesterol levels (MTAG)			False
Total cholesterol levels (UKB data field 23400)			False
Total cholesterol levels in HDL			False
Total cholesterol levels in LDL			False
Total cholesterol levels in VLDL			False
Total cholesterol levels in chylomicrons and extremely large VLDL			False
Total cholesterol levels in small HDL			False
Total cholesterol minus HDL-C levels			False
Total cholesterol minus HDL-C levels (UKB data field 23401)			False
Total cholesterol to total lipids ratio in large LDL			False
Total cholesterol to total lipids ratio in medium LDL			False
Total cholesterol to total lipids ratio in small HDL			False
Total cholesterol to total lipids ratio in small LDL			False
Total cholines levels			False
Total concentration of branched-chain amino acids (leucine + isoleucine + valine)			False
Total concentration of lipoprotein particles			False
Total esterified cholesterol levels			False
Total esterified cholesterol levels (UKB data field 23415)			False
Total fatty acid levels			False
Total fatty acids			False
Total fatty acids levels (UKB data field 23442)			False
Total free cholesterol levels			False
Total free cholesterol levels (UKB data field 23419)			False
Total hippocampal volume			False
Total lipid levels in HDL			False
Total lipid levels in IDL			False
Total lipid levels in LDL			False
Total lipid levels in VLDL			False
Total lipid levels in chylomicrons and extremely large VLDL			False
Total lipid levels in large HDL			False
Total lipid levels in large LDL			False
Total lipid levels in large VLDL			False
Total lipid levels in lipoprotein particles			False
Total lipid levels in medium HDL			False
Total lipid levels in medium LDL			False
Total lipid levels in medium VLDL			False
Total lipid levels in small HDL			False
Total lipid levels in small LDL			False
Total lipid levels in small VLDL			False
Total lipid levels in very large HDL			False
Total lipid levels in very large VLDL			False
Total lipid levels in very small VLDL			False
Total lipids in HDL (UKB data field 23426)			False
Total lipids in IDL			False
Total lipids in IDL (UKB data field 23524)			False
Total lipids in VLDL (UKB data field 23424)			False
Total lipids in chylomicrons and extremely large VLDL			False
Total lipids in chylomicrons and extremely large VLDL (UKB data field 23482)			False
Total lipids in large HDL			False
Total lipids in large LDL			False
Total lipids in large LDL (UKB data field 23531)			False
Total lipids in large VLDL			False
Total lipids in large VLDL (UKB data field 23496)			False
Total lipids in lipoprotein particles			False
Total lipids in lipoprotein particles (UKB data field 23423)			False
Total lipids in medium HDL			False
Total lipids in medium LDL (UKB data field 23538)			False
Total lipids in medium VLDL			False
Total lipids in medium VLDL (UKB data field 23503)			False
Total lipids in small HDL			False
Total lipids in small LDL			False
Total lipids in small LDL (UKB data field 23545)			False
Total lipids in small VLDL			False
Total lipids in small VLDL (UKB data field 23510)			False
Total lipids in very large HDL			False
Total lipids in very large HDL (UKB data field 23552)			False
Total lipids in very large VLDL			False
Total lipids in very large VLDL (UKB data field 23489)			False
Total lipids in very small VLDL			False
Total lipids in very small VLDL (UKB data field 23517)			False
Total omega-3 fatty acid levels			False
Total omega-6 fatty acid levels			False
Total phosphoglycerides levels			False
Total phospholipid levels in lipoprotein particles			False
Total phospholipids in lipoprotein particles			False
Total phospholipids in lipoprotein particles (UKB data field 23411)			False
Total protein levels			False
Total protein levels (UKB data field 30860)			False
Total testosterone levels			False
Total triglycerides levels			False
Total triglycerides levels (UKB data field 23407)			False
Toxic multinodular goiter (PheCode 242.2)			False
Trans-4-hydroxyproline levels			False
Trans-laminar cribrosa pressure difference			False
Transmembrane glycoprotein NMB level in Chronic kidney disease with hypertension and no diabetes (8606_39)			False
Transmembrane glycoprotein NMB levels			False
Transmembrane glycoprotein NMB levels (GPNMB.8606.39.3)			False
Transmembrane glycoprotein NMB:Cytoplasmic domain levels			False
Transmembrane glycoprotein NMB:Extracellular domain (analyte X5080.131) levels			False
Transmembrane glycoprotein NMB:Extracellular domain (analyte X8240.207) levels			False
Transmembrane glycoprotein NMB:Extracellular domain (analyte X8289.8) levels			False
Transmembrane protease serine 11D levels			False
Traumatic cataract (PheCode 366.3)			False
Treatment or medication use - ginkgo forte tablet (UKB data field 20003_1140911734)			False
Triacylglycerol (49:2) levels			False
Triacylglycerol (50:3) levels			False
Triacylglycerol (50:4) levels			False
Triacylglycerol (51:3) levels			False
Triacylglycerol (52:4) levels			False
Triacylglycerol (52:5) levels			False
Triacylglycerol (52:6) levels			False
Triacylglycerol (54:1) [NL-18:1] levels			False
Triacylglycerol (54:2) [NL-18:0] levels			False
Triacylglycerol (54:4) [NL-18:0] levels			False
Triacylglycerol (54:5) [NL-18:1] levels			False
Triacylglycerol (54:7) levels			False
Triacylglycerol (56:6) levels			False
Triacylglycerol (56:7) levels			False
Triacylglycerol (56:8) levels			False
Triacylglycerol (58:8) levels			False
Triacylglycerol 36:0(FA12:0)			False
Triacylglycerol 38:0(FA12:0)			False
Triacylglycerol 40:0(FA12:0)			False
Triacylglycerol 40:0(FA16:0)			False
Triacylglycerol 42:1(FA12:0)			False
Triacylglycerol 42:2(FA12:0)			False
Triacylglycerol 42:2(FA18:2)			False
Triacylglycerol 50:4(FA16:1)			False
Triacylglycerol 50:5(FA16:1)			False
Triacylglycerol 50:5(FA18:1)			False
Triacylglycerol 51:4(FA16:1)			False
Triacylglycerol 52:4(FA20:3)			False
Triacylglycerol 52:5(FA20:3)			False
Triacylglycerol 52:6(FA16:1)			False
Triacylglycerol 52:6(FA18:1)			False
Triacylglycerol 52:6(FA20:4)			False
Triacylglycerol 52:6(FA20:5)			False
Triacylglycerol 52:7(FA20:5)			False
Triacylglycerol 53:5(FA20:4)			False
Triacylglycerol 53:6(FA20:4)			False
Triacylglycerol 54:5(FA16:1)			False
Triacylglycerol 54:5(FA22:4)			False
Triacylglycerol 54:6(FA16:1)			False
Triacylglycerol 54:6(FA20:3)			False
Triacylglycerol 54:6(FA20:5)			False
Triacylglycerol 54:6(FA22:5)			False
Triacylglycerol 54:7(FA16:1)			False
Triacylglycerol 54:7(FA20:4)			False
Triacylglycerol 54:7(FA20:5)			False
Triacylglycerol 54:7(FA22:5)			False
Triacylglycerol 54:7(FA22:6)			False
Triacylglycerol 54:8(FA20:4)			False
Triacylglycerol 54:8(FA20:5)			False
Triacylglycerol 54:8(FA22:6)			False
Triacylglycerol 55:1(FA18:1)			False
Triacylglycerol 55:5(FA20:4)			False
Triacylglycerol 55:6(FA20:4)			False
Triacylglycerol 56:4(FA20:4)			False
Triacylglycerol 56:5(FA18:0)			False
Triacylglycerol 56:5(FA20:4)			False
Triacylglycerol 56:6 levels			False
Triacylglycerol 56:6(FA16:0)			False
Triacylglycerol 56:6(FA18:1)			False
Triacylglycerol 56:6(FA20:4)			False
Triacylglycerol 56:6(FA22:5)			False
Triacylglycerol 56:7(FA16:1)			False
Triacylglycerol 56:7(FA18:3)			False
Triacylglycerol 56:7(FA22:4)			False
Triacylglycerol 56:7(FA22:5)			False
Triacylglycerol 56:8(FA16:1)			False
Triacylglycerol 56:8(FA18:1)			False
Triacylglycerol 56:8(FA18:3)			False
Triacylglycerol 56:8(FA22:5)			False
Triacylglycerol 56:9(FA18:3)			False
Triacylglycerol 56:9(FA20:4)			False
Triacylglycerol 58:10(FA20:4)			False
Triacylglycerol 58:10(FA20:5)			False
Triacylglycerol 58:10(FA22:5)			False
Triacylglycerol 58:6(FA20:4)			False
Triacylglycerol 58:7(FA20:4)			False
Triacylglycerol 58:8(FA20:3)			False
Triacylglycerol 58:8(FA20:4)			False
Triacylglycerol 58:8(FA22:5)			False
Triacylglycerol 58:9(FA20:4)			False
Triacylglycerol 58:9(FA22:5)			False
Triamcinolone acetonide-induced ocular hypertension			False
Trichloroethylene-induced hypersensitivity syndrome			False
Trigeminal nerve disorders [CN5] (PheCode 352.1)			False
Trigger finger			False
Triggering receptor expressed on myeloid cells 2 (analyte X5635.66) levels			False
Triglyceride change in response to fenofibrate in statin-treated type 2 diabetes			False
Triglyceride levels			False
Triglyceride levels (MTAG)			False
Triglyceride levels (UKB data field 30870)			False
Triglyceride levels in HDL			False
Triglyceride levels in IDL			False
Triglyceride levels in LDL			False
Triglyceride levels in VLDL			False
Triglyceride levels in chylomicrons and extremely large VLDL			False
Triglyceride levels in large LDL			False
Triglyceride levels in large VLDL			False
Triglyceride levels in medium HDL			False
Triglyceride levels in medium LDL			False
Triglyceride levels in medium VLDL			False
Triglyceride levels in non-type 2 diabetes			False
Triglyceride levels in small HDL			False
Triglyceride levels in small LDL			False
Triglyceride levels in small VLDL			False
Triglyceride levels in very large VLDL			False
Triglyceride levels in very small VLDL			False
Triglyceride levels x alcohol consumption (drinkers vs non-drinkers) interaction (2df)			False
Triglyceride levels x alcohol consumption (regular vs non-regular drinkers) interaction (2df)			False
Triglyceride levels x long total sleep time interaction (2df test)			False
Triglyceride levels x short total sleep time interaction (1df test)			False
Triglyceride percentage of total lipids in intermediate-density lipoprotein			False
Triglyceride to HDL cholesterol ratio			False
Triglyceride to phosphoglyceride ratio			False
Triglycerides			False
Triglycerides in HDL			False
Triglycerides in IDL			False
Triglycerides in IDL (UKB data field 23529)			False
Triglycerides in LDL			False
Triglycerides in LDL (UKB data field 23409)			False
Triglycerides in LDL meal response (OrNLSr)			False
Triglycerides in VLDL			False
Triglycerides in VLDL (UKB data field 23408)			False
Triglycerides in chylomicrons and extremely large VLDL			False
Triglycerides in large HDL			False
Triglycerides in large LDL			False
Triglycerides in large VLDL			False
Triglycerides in large VLDL (UKB data field 23501)			False
Triglycerides in medium HDL			False
Triglycerides in medium LDL			False
Triglycerides in medium LDL (UKB data field 23543)			False
Triglycerides in medium VLDL			False
Triglycerides in medium VLDL (UKB data field 23508)			False
Triglycerides in small HDL			False
Triglycerides in small HDL (UKB data field 23578)			False
Triglycerides in small LDL			False
Triglycerides in small LDL (UKB data field 23550)			False
Triglycerides in small VLDL			False
Triglycerides in small VLDL (UKB data field 23515)			False
Triglycerides in very large HDL			False
Triglycerides in very large VLDL			False
Triglycerides in very large VLDL (UKB data field 23494)			False
Triglycerides in very small VLDL			False
Triglycerides in very small VLDL (UKB data field 23522)			False
Triglycerides levels in IDL meal response (OrNLSr)			False
Triglycerides levels in medium LDL meal response (OrNLSr)			False
Triglycerides to Total Lipids in HDL percentage			False
Triglycerides to Total Lipids in IDL percentage			False
Triglycerides to Total Lipids in Large HDL percentage			False
Triglycerides to Total Lipids in Large LDL percentage			False
Triglycerides to Total Lipids in Large VLDL percentage			False
Triglycerides to Total Lipids in Medium HDL percentage			False
Triglycerides to Total Lipids in Medium LDL percentage			False
Triglycerides to Total Lipids in Medium VLDL percentage			False
Triglycerides to Total Lipids in Small HDL percentage			False
Triglycerides to Total Lipids in Small LDL percentage			False
Triglycerides to Total Lipids in Small VLDL percentage			False
Triglycerides to Total Lipids in VLDL percentage			False
Triglycerides to Total Lipids in Very Large HDL percentage			False
Triglycerides to Total Lipids in Very Large VLDL percentage			False
Triglycerides to Total Lipids in Very Small VLDL percentage			False
Triglycerides to phosphoglycerides ratio (UKB data field 23435)			False
Triglycerides to total lipids in IDL percentage (UKB data field 23613)			False
Triglycerides to total lipids in large HDL percentage (UKB data field 23638)			False
Triglycerides to total lipids in medium VLDL percentage (UKB data field 23598)			False
Triglycerides to total lipids in small HDL percentage (UKB data field 23648)			False
Triglycerides to total lipids in small LDL percentage (UKB data field 23628)			False
Triglycerides to total lipids in small VLDL percentage (UKB data field 23603)			False
Triglycerides to total lipids in very large HDL percentage (UKB data field 23633)			False
Triglycerides to total lipids in very small VLDL percentage (UKB data field 23608)			False
Triglycerides to total lipids ratio in IDL			False
Triglycerides to total lipids ratio in chylomicrons and extremely large VLDL			False
Triglycerides to total lipids ratio in large HDL			False
Triglycerides to total lipids ratio in large LDL			False
Triglycerides to total lipids ratio in large VLDL			False
Triglycerides to total lipids ratio in medium HDL			False
Triglycerides to total lipids ratio in medium LDL			False
Triglycerides to total lipids ratio in medium VLDL			False
Triglycerides to total lipids ratio in small HDL			False
Triglycerides to total lipids ratio in small LDL			False
Triglycerides to total lipids ratio in small VLDL			False
Triglycerides to total lipids ratio in very large HDL			False
Triglycerides to total lipids ratio in very large VLDL			False
Triglycerides to total lipids ratio in very small VLDL			False
Triglycerides x physical activity interaction (2df test)			False
Trihexosylcermide (d18:1/20:0) levels			False
Trihexosylcermide (d18:1/22:0) levels			False
Trihexosylcermide (d18:1/24:0) levels			False
Triiodothyronine/thyroxine ratio			False
Trunk bone mineral content			False
Trunk fat mass (UKB data field 23128)			False
Trunk fat ratio or breast cancer (pleiotropy)			False
Trypsin-3 levels			False
Tryptase beta-1 levels			False
Tryptase beta-2 (analyte X14696.45) levels			False
Tryptase beta-2 (analyte X3403.1) levels			False
Tryptase beta-2 level in Chronic kidney disease with hypertension and no diabetes (14696_45)			False
Tryptase beta-2 level in Chronic kidney disease with hypertension and no diabetes (3403_1)			False
Tryptase beta-2 levels			False
Tryptase beta-2 levels (TPSB2.3403.1.2)			False
Tuberculosis			False
Tuberculosis (PheCode 10)			False
Tuberculosis (SNP x SNP interaction)			False
Tuberculosis x mycobacterium tuberculosis lineage interaction			False
Tubulin polymerization-promoting protein family member 2 levels			False
Tubulin polymerization-promoting protein family member 2 levels (TPPP2.12800.5.3)			False
Tubulin polymerization-promoting protein family member 3 levels			False
Tumor necrosis factor ligand superfamily member 6, soluble form levels			False
Tumor necrosis factor ligand superfamily member 6, soluble form levels (FASLG.3052.8.2)			False
Tumor necrosis factor receptor superfamily member 10D levels			False
Tumor necrosis factor receptor superfamily member 13C levels			False
Tumor necrosis factor receptor superfamily member EDAR levels			False
Twisted gastrulation protein homolog 1 levels			False
Type 1 diabetes			False
Type 1 diabetes (age at diagnosis)			False
Type 1 diabetes and autoimmune thyroid diseases			False
Type 1 diabetes with ketoacidosis (PheCode 250.11)			False
Type 2 diabetes			False
Type 2 diabetes (PheCode 250.2)			False
Type 2 diabetes (adjusted for BMI)			False
Type 2 diabetes mellitus adjusted for BMI or coronary artery disease (pleiotropy)			False
Type 2 diabetes mellitus or coronary artery disease (pleiotropy)			False
Type 2 diabetes or prostate cancer (pleiotropy)			False
Type 2 diabetes with ketoacidosis (PheCode 250.21)			False
Type 2 diabetes with ophthalmic manifestations (PheCode 250.23)			False
Type 2 diabetes with renal manifestations (PheCode 250.22)			False
Tyrosine levels			False
Tyrosine meal response (LMM)			False
Tyrosine-protein kinase Fyn levels			False
Tyrosine-protein phosphatase non-receptor type 11 levels			False
UBA11471 abundance in stool			False
UBA11471 sp000434215 abundance in stool			False
UBA1446 sp002329245 abundance in stool			False
UBA2922 sp900313925 abundance in stool			False
UBE2L6 protein levels			False
UNC496MF abundance in stool			False
UROD protein levels			False
USP8/WASF1 protein level ratio			False
Ubiquitin-conjugating enzyme E2 G2 levels			False
Ubiquitin-like modifier-activating enzyme 7 level in Chronic kidney disease with hypertension and no diabetes (21933_7)			False
Ulcer of esophagus (PheCode 530.12)			False
Ulcerative colitis			False
Ulcerative colitis (Tractor method with European ancestry)			False
Ulcerative colitis vs rheumatoid arthritis (ordinary least squares (OLS))			False
Underweight			False
Univariate microbial feature (asv: asv021) at the antecubital fossa (moist skin)			False
Univariate microbial feature (genus: micrococcus) at the dorsal forearm (dry skin)			False
Unspecified diffuse connective tissue disease (PheCode 709.7)			False
Unspecified disorder of lipoid metabolism (PheCode 272.9)			False
Upper eyelid sagging severity			False
Urate levels			False
Urate levels (UKB data field 30880)			False
Urea levels			False
Urea levels (UKB data field 30670)			False
Urethral stricture (not specified as infectious) (PheCode 597.1)			False
Uric acid levels			False
Urinary 3-aminoisobutyrate to urinary creatinine ratio			False
Urinary albumin excretion			False
Urinary albumin-to-creatinine ratio			False
Urinary albumin-to-creatinine ratio in diabetes			False
Urinary creatinine levels			False
Urinary metabolite levels in chronic kidney disease			False
Urinary metabolite modules (eigenmetabolites) in chronic kidney disease			False
Urinary metabolites			False
Urinary potassium excretion			False
Urinary sodium excretion			False
Urinary tract infection			False
Urine 2'-deoxyguanosine levels in chronic kidney disease			False
Urine 3-aminoisobutyrate levels in chronic kidney disease			False
Urine N2-methylguanosine levels in chronic kidney disease			False
Urine X-15503 levels in chronic kidney disease			False
Urine adenosine levels in chronic kidney disease			False
Urine beta-alanine levels in chronic kidney disease			False
Urine glutarylcarnitine (C5-DC) levels in chronic kidney disease			False
Urine uric Acid levels			False
Urokinase-type plasminogen activator levels			False
Urticaria			False
Use of dietary supplements (confirmatory factor analysis Factor 13)			False
Uterine fibroids			False
Uterine leiomyomata			False
Uterine prolapse			False
Uveal melanoma			False
V-set and immunoglobulin domain-containing protein 2 levels			False
V9D3004 abundance in stool			False
VASH1 protein levels			False
VCAN protein levels			False
VEGFA protein levels			False
VEGFB protein levels			False
VLDL cholesterol levels			False
VLDL cholesterol levels (UKB data field 23403)			False
VSIG2 protein levels			False
VSNL1 protein levels			False
Vaginal microbiome MetaCyc pathway (LEU-DEG2-PWY|L-leucine degradation I)			False
Vaginal microbiome MetaCyc pathway (PWY-5741|ethylmalonyl-CoA pathway)			False
Vaginal microbiome MetaCyc pathway (PWY-6562|norspermidine biosynthesis)			False
Valine levels			False
Varicella zoster virus glycoproteins E and I antibody levels			False
Varicose veins			False
Vascular endothelial growth factor B levels			False
Vascular endothelial growth factor levels			False
Vasculitis (pleiotropy)			False
Venous thromboembolism			False
Venous thromboembolism (SNP x SNP interaction)			False
Venous thromboembolism adjusted for sickle cell variant rs77121243-T			False
Venous thromboembolism or fibrinogen levels (pleiotropy)			False
Ventral frontal thickness			False
Ventral frontal thickness (unadjusted for global measures)			False
Ventromedial occipital thickness (unadjusted for global measures)			False
Verbal-numerical reasoning			False
Vertex-wise cortical thickness			False
Vertical cup-disc ratio			False
Vertical cup-disc ratio (adjusted for vertical disc diameter)			False
Vertical cup-disc ratio (multi-trait analysis)			False
Vigorous physical activity			False
Viral Enteritis (PheCode 8.6)			False
Viral hepatitis B (PheCode 70.2)			False
Viral variant GAG242N carrier status in HIV infection			False
Visceral adipose tissue adjusted for BMI			False
Visceral adipose tissue volumes (adjusted for BMI and height)			False
Visceral adipose tissue volumes to abdominal adipose tissue volumes ratio			False
Visceral adipose tissue volumes to gluteofemoral adipose tissue volumes ratio			False
Visceral adipose tissue/subcutaneous adipose tissue ratio			False
Visceral adipose tissue/subcutaneous adipose tissue ratio adjusted for BMI			False
Visfatin levels			False
Vitamin D levels			False
Vitamin D levels or COVID-19 (MTAG)			False
Vitiligo			False
Voltage-gated potassium channel subunit beta-2 levels			False
Volume of left lateral nucleus			False
Volume of left whole amygdala			False
Volume of right lateral nucleus			False
Volume of right whole amygdala			False
WFDC12 protein levels			False
WFIKKN2 protein levels			False
WIF1 protein levels			False
Waist circumference			False
Waist circumference (UKB data field 48)			False
Waist circumference adjusted for BMI (adjusted for smoking behaviour)			False
Waist circumference adjusted for BMI (joint analysis main effects and physical activity interaction)			False
Waist circumference adjusted for BMI (joint analysis main effects and smoking interaction)			False
Waist circumference adjusted for BMI in active individuals			False
Waist circumference adjusted for BMI in non-smokers			False
Waist circumference adjusted for body mass index			False
Waist circumference variance			False
Waist-hip index			False
Waist-hip ratio			False
Waist-hip ratio and HDL-C (pairwise)			False
Waist-to-hip ratio adjusted for BMI			False
Waist-to-hip ratio adjusted for BMI (additive genetic model)			False
Waist-to-hip ratio adjusted for BMI (adjusted for smoking behaviour)			False
Waist-to-hip ratio adjusted for BMI (age >50)			False
Waist-to-hip ratio adjusted for BMI (joint analysis for main effect and physical activity interaction)			False
Waist-to-hip ratio adjusted for BMI in active individuals			False
Waist-to-hip ratio adjusted for BMI x sex x age interaction (4df test)			False
Waist-to-hip ratio adjusted for body mass index			False
Waist-to-hip ratio adjusted for body mass index or breast cancer (pleiotropy)			False
Waist-to-hip ratio adjusted for body mass index or colorectal cancer (pleiotropy)			False
Waist-to-hip ratio adjusted for body mass index or endometrial cancer (pleiotropy)			False
Waist-to-hip ratio or colorectal cancer (pleiotropy)			False
Waist-to-hip ratio or esophageal adenocarcinoma (pleiotropy)			False
Walking pace			False
Water consumption (glasses per day) (UKB data field 1528)			False
Weight			False
Weight (UKB data field 21002)			False
Weight (maximum, inv-normal transformed)			False
Weight (mean, inv-normal transformed)			False
Weight (minimum, inv-normal transformed)			False
What is your height? (cm, inv-normal transformed)			False
What is your weight? (pounds, inv-normal transformed)			False
Whiskey liking			False
White blood cell count			False
White blood cell count (basophil)			False
White blood cell count (monocyte)			False
White blood cell count (neutrophil)			False
White matter microstructure (mean diusivities)			False
White matter microstructure (radial diusivities)			False
White wine liking			False
Whole body fat free mass (UKB data field 23101)			False
Whole body fat mass (UKB data field 23100)			False
Whole body water mass (UKB data field 23102)			False
Whole brain restricted directional diffusion (multivariate analysis)			False
Whole brain restricted isotropic diffusion (multivariate analysis)			False
Wilms tumor			False
X-11315 levels			False
X-11334 levels			False
X-11470 levels			False
X-11787 levels			False
X-12063 levels			False
X-12127 levels			False
X-13431 levels			False
X-13431--nonanoylcarnitine levels			False
X-15503 levels			False
X-21467 levels			False
X-24328 levels			False
X-25419 levels			False
X-25420 levels			False
XCL1 protein levels			False
XPNPEP2 protein levels			False
Xanthurenate levels			False
YWHAB protein levels			False
Youthful appearance (self-reported)			False
Zinc finger protein 275 levels			False
acne vulgaris			False
alpha-2-macroglobulin receptor-associated protein level in Chronic kidney disease with hypertension and no diabetes (3640_14)			False
alpha-2-macroglobulin receptor-associated protein levels			False
alpha-2-macroglobulin receptor-associated protein levels (LRPAP1.3640.14.3)			False
alpha-Fetoprotein levels			False
anti-Xa activity of apixaban			False
aparc-a2009s lh area G-oc-temp-med-Lingual			False
aseg lh intensity Caudate			False
aseg lh volume Hippocampus			False
aseg lh volume choroid-plexus			False
aseg rh intensity Caudate			False
aseg rh intensity Putamen			False
aseg rh volume Hippocampus			False
aseg rh volume choroid-plexus			False
cGMP-inhibited 3,5-cyclic phosphodiesterase A levels			False
chloride  (maximum, inv-norm transformed)			False
chloride  (mean, inv-norm transformed)			False
chloride  (minimum, inv-norm transformed)			False
creatinine (maximum, inv-norm transformed)			False
creatinine (mean, inv-norm transformed)			False
creatinine (minimum, inv-norm transformed)			False
diastolic blood pressure (DBP, maximum, inv-normal transformed)			False
diastolic blood pressure (DBP, mean, inv-normal transformed)			False
eosinophil (absolute count, maximum, inv-norm transformed)			False
eosinophil (absolute count, mean, inv-norm transformed)			False
eosinophil (absolute count, minimum, inv-norm transformed)			False
eosinophil (fraction, maximum, inv-norm transformed)			False
eosinophil (fraction, mean, inv-norm transformed)			False
eosinophil (fraction, minimum, inv-norm transformed)			False
estimated glomerular filtration rate (eGFR, maximum, inv-norm transformed)			False
estimated glomerular filtration rate (eGFR, mean, inv-norm transformed)			False
estimated glomerular filtration rate (eGFR, minimum, inv-norm transformed)			False
ferritin (maximum, inv-norm transformed)			False
ferritin (mean, inv-norm transformed)			False
ferritin (minimum, inv-norm transformed)			False
ghrelin levels in lean individuals			False
heart rate (HR, maximum, inv-normal transformed)			False
heart rate (HR, mean, inv-normal transformed)			False
heart rate (HR, minimum, inv-normal transformed)			False
height (mean, inv-normal transformed)			False
height (minimum, inv-normal transformed)			False
hematocrit (maximum, inv-norm transformed)			False
hematocrit (mean, inv-norm transformed)			False
hematocrit (minimum, inv-norm transformed)			False
hemoglobin (maximum, inv-norm transformed)			False
hemoglobin (mean, inv-norm transformed)			False
hemoglobin (minimum, inv-norm transformed)			False
high density lipoprotein cholesterol (HDLC, maximum, inv-norm transformed)			False
high density lipoprotein cholesterol (HDLC, mean, inv-norm transformed)			False
high density lipoprotein cholesterol (HDLC, minimm, inv-norm transformed)			False
interferon-related traits			False
low density lipoprotein cholesterol (LDLC, maximum, inv-norm transformed)			False
low density lipoprotein cholesterol (LDLC, mean, inv-norm transformed)			False
low density lipoprotein cholesterol (LDLC, minimum, inv-norm transformed)			False
lymphocyte (absolute count, maximum, inv-norm transformed)			False
lymphocyte (absolute count, mean, inv-norm transformed)			False
lymphocyte (absolute count, minimum, inv-norm transformed)			False
lymphocyte (fraction, maximum, inv-norm transformed)			False
lymphocyte (fraction, mean, inv-norm transformed)			False
lymphocyte (fraction, minimum, inv-norm transformed)			False
magnesium (Mg, mean, inv-norm transformed)			False
magnesium (Mg, minimum, inv-norm transformed)			False
mean corpuscular hemoglobin (MCH, maximum, inv-norm transformed)			False
mean corpuscular hemoglobin (MCH, mean, inv-norm transformed)			False
mean corpuscular hemoglobin (MCH, minimum, inv-norm transformed)			False
mean corpuscular hemoglobin concentration (MCHC, maximum, inv-norm transformed)			False
mean corpuscular hemoglobin concentration (MCHC, mean, inv-norm transformed)			False
mean corpuscular hemoglobin concentration (MCHC, minimum, inv-norm transformed)			False
mean corpuscular volume (MCV, maximum, inv-norm transformed)			False
mean corpuscular volume (MCV, mean, inv-norm transformed)			False
mean corpuscular volume (MCV, minimum, inv-norm transformed)			False
mean platelet volume (MPV, maximum, inv-norm transformed)			False
mean platelet volume (MPV, mean, inv-norm transformed)			False
mean platelet volume (MPV, minimum, inv-norm transformed)			False
melanoma-derived growth regulatory protein levels			False
monocyte (absolute count, maximum, inv-norm transformed)			False
monocyte (absolute count, mean, inv-norm transformed)			False
monocyte (absolute count, minimum, inv-norm transformed)			False
monocyte (fraction, maximum, inv-norm transformed)			False
monocyte (fraction, mean, inv-norm transformed)			False
monocyte (fraction, minimum, inv-norm transformed)			False
neutrophil (absolute count, maximum, inv-norm transformed)			False
neutrophil (absolute count, mean, inv-norm transformed)			False
neutrophil (absolute count, minimum, inv-norm transformed)			False
neutrophil (fraction, maximum, inv-norm transformed)			False
neutrophil (fraction, mean, inv-norm transformed)			False
neutrophil (fraction, minimum, inv-norm transformed)			False
platelet count (maximum, inv-norm transformed)			False
platelet count (mean, inv-norm transformed)			False
platelet count (minimum, inv-norm transformed)			False
potassium (mean, inv-norm transformed)			False
potassium (minimum, inv-norm transformed)			False
prostate-specific antigen (PSA, maximum, inv-norm transformed)			False
prostate-specific antigen (PSA, mean, inv-norm transformed)			False
prostate-specific antigen (PSA, minimum, inv-norm transformed)			False
prothrombin time (PT, maximum, inv-norm transformed)			False
prothrombin time (PT, mean, inv-norm transformed)			False
red blood cell count (RBC, maximum, inv-norm transformed)			False
red blood cell count (RBC, mean, inv-norm transformed)			False
red blood cell count (RBC, minimum, inv-norm transformed)			False
red cell diameter width (RDW, maximum, inv-norm transformed)			False
red cell diameter width (RDW, mean, inv-norm transformed)			False
red cell diameter width (RDW, minimum, inv-norm transformed)			False
rfMRI connectivity ICA-features 3			False
sodium (maximum, inv-norm transformed)			False
sodium (minimum, inv-norm transformed)			False
systolic blood pressure (SBP, maximum, inv-normal transformed)			False
systolic blood pressure (SBP, mean, inv-normal transformed)			False
systolic blood pressure (SBP, minimum, inv-normal transformed)			False
total cholesterol (maximum, inv-norm transformed)			False
total cholesterol (mean, inv-norm transformed)			False
total cholesterol (minimum, inv-norm transformed)			False
trans-Hydroxyproline levels			False
triglyceride (maximum, inv-norm transformed)			False
triglyceride (mean, inv-norm transformed)			False
triglyceride (minimum, inv-norm transformed)			False
vWF levels			False
wg rh intensity-contrast lingual			False
white blood cell count (WBC, maximum, inv-norm transformed)			False
white blood cell count (WBC, mean, inv-norm transformed)			False
white blood cell count (WBC, minimum, inv-norm transformed)			False
